time,open,high,low,close
1999-06-30,2293.5,2348.5,2268.5,2325.5
1999-07-01,2326,2357,2295,2347.5
1999-07-06,2383.5,2410,2376.5,2396
1999-07-07,2365,2367.5,2341,2352
1999-07-08,2368,2405,2350.5,2388
1999-07-09,2395,2405.5,2384,2398
1999-07-12,2423,2437,2389,2422
1999-07-13,2394,2399,2372.5,2382
1999-07-14,2397.5,2426.5,2382,2424
1999-07-15,2434,2453.5,2428.5,2448
1999-07-16,2448,2489,2446.5,2484
1999-07-19,2475.5,2489,2442,2449.5
1999-07-20,2402,2406,2358.5,2369.5
1999-07-21,2356.5,2387.5,2342,2353
1999-07-22,2316,2324.5,2299,2312
1999-07-23,2325,2333,2283.5,2303
1999-07-26,2281,2302,2265.5,2268
1999-07-27,2276,2328.5,2274,2325.5
1999-07-28,2319.5,2353,2292,2334.5
1999-07-29,2326,2329,2269,2284.5
1999-07-30,2304,2327,2282,2294
1999-08-02,2266.5,2325,2260.5,2310.5
1999-08-03,2282,2302.5,2224,2261.5
1999-08-04,2262,2273.5,2233,2247
1999-08-05,2207,2241.5,2164.5,2226
1999-08-06,2251,2273.5,2215,2224.5
1999-08-09,2236,2244,2206,2227
1999-08-10,2142,2167,2132,2159
1999-08-11,2197,2230,2184.5,2226.5
1999-08-12,2248.5,2272.5,2234,2238
1999-08-13,2217.5,2302.5,2214,2297.5
1999-08-16,2318,2348,2307,2313
1999-08-17,2330,2359,2289,2334.5
1999-08-18,2350,2363.5,2320,2323.5
1999-08-19,2322,2326.5,2278,2302
1999-08-20,2295.5,2313.5,2282.5,2308
1999-08-23,2337,2372,2335.5,2363
1999-08-24,2388,2444.5,2379.5,2405
1999-08-25,2415,2476.5,2406.5,2470.5
1999-08-26,2470,2477.5,2425,2428
1999-08-27,2425,2449,2399.5,2405
1999-08-30,2405,2421,2363,2374
1999-08-31,2379,2409,2332.5,2395.5
1999-09-01,2395,2432,2389,2414.5
1999-09-02,2413.5,2416.5,2362,2401.5
1999-09-03,2403.5,2513,2396,2513
1999-09-07,2531,2531,2497,2502.5
1999-09-08,2500,2508.5,2456,2469
1999-09-09,2465,2507,2454,2506
1999-09-10,2505,2564,2502,2537
1999-09-13,2540,2550,2487.5,2495.5
1999-09-14,2529,2561,2509.5,2545
1999-09-15,2544,2579.5,2491,2494
1999-09-16,2493,2513,2442.5,2494
1999-09-17,2497,2574,2492.5,2568.5
1999-09-20,2585,2588,2551,2570
1999-09-21,2578,2578,2503,2510
1999-09-22,2510,2548.5,2483,2538
1999-09-23,2537,2567,2415.5,2434
1999-09-24,2433,2439.5,2375,2426
1999-09-27,2427,2486.5,2427,2451.5
1999-09-28,2451,2470,2386,2463
1999-09-29,2464,2476.5,2415,2417
1999-09-30,2417,2462.5,2405,2439.5
1999-10-01,2436.5,2440,2379.5,2431.5
1999-10-04,2431.5,2499.5,2424.5,2498.5
1999-10-05,2496,2535.5,2458,2508
1999-10-06,2504.5,2559,2501,2555.5
1999-10-07,2555.5,2599,2533,2552
1999-10-08,2550,2580,2505,2578
1999-10-11,2578,2611.5,2568,2608
1999-10-12,2609,2617,2545.5,2556
1999-10-13,2532,2554.5,2465.5,2474
1999-10-14,2486,2508,2445,2492
1999-10-15,2495,2498.5,2405,2416
1999-10-18,2406.5,2437,2318.5,2381
1999-10-19,2380.5,2424,2359.5,2385
1999-10-20,2396,2492,2396,2472.5
1999-10-21,2470.5,2514,2413,2513
1999-10-22,2511,2547,2493,2496.5
1999-10-25,2497.5,2528,2470,2501
1999-10-26,2499.5,2545,2476,2476
1999-10-27,2475,2489,2438,2478
1999-10-28,2478,2564.5,2457,2562
1999-10-29,2560,2672,2551,2655.5
1999-11-01,2650,2682.5,2633,2639
1999-11-02,2633,2684.5,2626.5,2643
1999-11-03,2641,2705.5,2640,2695
1999-11-04,2693.5,2732,2692,2723
1999-11-05,2723,2784,2710,2784
1999-11-08,2750.5,2810,2740.5,2808
1999-11-09,2805,2847.5,2753,2785
1999-11-10,2786,2839,2770,2818.5
1999-11-11,2810.5,2869,2810.5,2866.5
1999-11-12,2864,2910,2802,2905
1999-11-15,2908.5,2918,2883.5,2898.5
1999-11-16,2892,2984,2889,2976
1999-11-17,2920,2985,2920,2931
1999-11-18,2929.5,3021,2923.5,3018
1999-11-19,3015,3049,2992.5,3043.5
1999-11-22,3052,3069.5,3019,3065.5
1999-11-23,3066,3078,2982.5,3013
1999-11-24,3011,3123,2990,3119
1999-11-26,3119.5,3165,3112.5,3121
1999-11-29,3124,3142.5,3067,3068
1999-11-30,3071,3079,2968,2972
1999-12-01,2971,3030,2961.5,3013.5
1999-12-02,3015.5,3115,3010.5,3111
1999-12-03,3110,3218.5,3094,3174
1999-12-06,3174.5,3229,3157,3203
1999-12-07,3200,3227,3160.5,3209.5
1999-12-08,3205,3228,3160,3165.5
1999-12-09,3162,3223.5,3105,3169
1999-12-10,3160,3220,3131,3207
1999-12-13,3213,3277,3176,3247
1999-12-14,3285,3324,3210.5,3224.5
1999-12-15,3226,3287,3169,3280.5
1999-12-16,3282,3383,3276,3382
1999-12-17,3383,3458.5,3379,3413.5
1999-12-20,3439,3439,3439,3439
1999-12-21,3439,3597.5,3431.5,3592
1999-12-22,3594,3626,3549.5,3618.5
1999-12-23,3613.5,3682,3599.5,3636
1999-12-27,3635.5,3678.5,3566,3641
1999-12-28,3635,3674,3596,3622
1999-12-29,3621.5,3748,3611.5,3744.5
1999-12-30,3744.5,3804.5,3720,3735
1999-12-31,3728.5,3772,3722.5,3754
2000-01-03,3750,3895,3681,3837.5
2000-01-04,3838.5,3842.5,3525,3559.5
2000-01-05,3557.5,3618,3395,3508
2000-01-06,3493,3553,3282.5,3315.5
2000-01-07,3284.5,3574.5,3257,3562
2000-01-10,3561,3804.5,3554.5,3766
2000-01-11,3765,3766,3542,3582
2000-01-12,3576,3615,3476,3508
2000-01-13,3508,3651,3502,3644
2000-01-14,3660,3785,3645,3752.5
2000-01-18,3743,3819.5,3669.5,3800
2000-01-19,3800.5,3850.5,3741,3844.5
2000-01-20,3847,3913,3811,3880
2000-01-21,3870,3914,3824,3893
2000-01-24,3891.5,3938,3675.5,3681
2000-01-25,3675,3797,3606.5,3788.5
2000-01-26,3775,3787.5,3637.5,3654.5
2000-01-27,3628.5,3734,3526,3636
2000-01-28,3640.5,3685,3409,3475
2000-01-31,3462,3620,3371,3612.5
2000-02-01,3606.5,3735,3564,3723.5
2000-02-02,3719.5,3816,3692,3734
2000-02-03,3734,3892.5,3713,3892.5
2000-02-04,3888,3960,3861,3906.5
2000-02-07,3906.5,3958.5,3875.5,3957
2000-02-08,3944.5,4098.5,3942,4095
2000-02-09,4100,4144,3976.5,3976.5
2000-02-10,3971,4116,3968,4112
2000-02-11,4109,4140,3950,3992.5
2000-02-14,3983.5,4028,3934,4003.5
2000-02-15,3999.5,4050,3861,4036.5
2000-02-16,4034.5,4087,3995,4020.5
2000-02-17,4026,4146,4011,4106.5
2000-02-18,4110,4141,3962.5,3968
2000-02-22,3954.5,4018,3865.5,3967.5
2000-02-23,3977,4218,3962,4187.5
2000-02-24,4189.5,4292.5,4106.5,4292.5
2000-02-25,4283.5,4316,4130,4194
2000-02-28,4182.5,4243,4029,4158
2000-02-29,4164.5,4301,4158.5,4301
2000-03-01,4298,4353,4273,4325.5
2000-03-02,4325,4338,4204,4225
2000-03-03,4230,4458,4210,4454.5
2000-03-06,4447,4541,4431,4497.5
2000-03-07,4483.5,4570.5,4361,4392.5
2000-03-08,4387.5,4465,4272,4457.5
2000-03-09,4457,4615,4376.5,4608
2000-03-10,4600,4668,4555,4605
2000-03-13,4590,4597,4420.5,4464
2000-03-14,4510.5,4604,4282,4300
2000-03-15,4298.5,4357,4145.5,4164
2000-03-16,4172,4432.5,4108,4414.5
2000-03-17,4415.5,4527,4373,4516.5
2000-03-20,4507.5,4529,4315.5,4352.5
2000-03-21,4348,4529.5,4215,4518
2000-03-22,4510,4709,4492,4620
2000-03-23,4625,4775,4576,4732.5
2000-03-24,4730,4884,4666,4804
2000-03-27,4787,4850,4751,4762
2000-03-28,4761,4837.5,4650,4662.5
2000-03-29,4660,4678,4456,4469
2000-03-30,4471,4558,4211.5,4327.5
2000-03-31,4328,4486,4245.5,4457.5
2000-04-03,4417,4417,4088.5,4135
2000-04-04,4128,4212,3738.34,4066
2000-04-05,4080,4213.5,3929,4060
2000-04-06,4055,4220,4019.5,4145
2000-04-07,4144.5,4343.5,4135,4337
2000-04-10,4031.66,4031.66,3704,3704
2000-04-11,4026,4100.5,3886,3952
2000-04-12,3954.5,4022.66,3653,3695
2000-04-13,3764,3884,3562,3581.5
2000-04-14,3545.16,3545.16,3148,3217.5
2000-04-17,3249.84,3590,3249.84,3577.5
2000-04-18,3584,3752,3489,3750
2000-04-19,3734.5,3781,3604.5,3622.5
2000-04-20,3630,3670,3485,3535
2000-04-24,3488.5,3488.5,3223,3417
2000-04-25,3416.5,3655,3399,3645
2000-04-26,3650,3734,3520,3527.5
2000-04-27,3527.5,3733.5,3417.5,3685
2000-04-28,3694.5,3826.5,3680,3810
2000-05-01,3807.5,3910,3806,3867
2000-05-02,3866,3887,3636,3643.5
2000-05-03,3638.5,3658,3452,3585
2000-05-04,3583.5,3652,3535,3589.5
2000-05-05,3585,3740,3527.5,3695
2000-05-08,3682,3693,3512.5,3551.5
2000-05-09,3547,3599,3420.5,3452.5
2000-05-10,3448,3485.5,3245.5,3252.5
2000-05-11,3250,3408,3194,3385.5
2000-05-12,3402.5,3540,3391,3417.5
2000-05-15,3410,3565,3327.5,3559.5
2000-05-16,3555,3683.5,3547,3670
2000-05-17,3669.5,3673.5,3538.5,3587.5
2000-05-18,3589,3605,3440,3460
2000-05-19,3457.5,3475,3266,3280
2000-05-22,3276,3330,3058,3297.5
2000-05-23,3284.5,3340.16,3008.5,3012.5
2000-05-24,3015,3213,2902.5,3167.5
2000-05-25,3166,3308,3081,3125.5
2000-05-26,3125.5,3184.5,3042,3130
2000-05-30,3123.5,3440,3123,3427
2000-05-31,3425.5,3474,3325,3325
2000-06-01,3324,3546.5,3324,3512.5
2000-06-02,3512,3775.5,3487,3751.5
2000-06-05,3752,3830,3691,3752.5
2000-06-06,3746.5,3817,3650,3662.5
2000-06-07,3663.5,3746.5,3605,3737.5
2000-06-08,3738,3804.5,3676,3730.5
2000-06-09,3727.5,3840,3721,3754.5
2000-06-12,3745,3800,3644,3658
2000-06-13,3719,3837.5,3644,3832.5
2000-06-14,3838.5,3898,3727,3756.5
2000-06-15,3759.5,3817.5,3759.5,3817.5
2000-06-16,3818,3880,3785,3827.5
2000-06-19,3823.5,3998.5,3781,3982.5
2000-06-20,3980.5,4057.5,3961,4007.5
2000-06-21,3989.5,4046.5,3926,4013.5
2000-06-22,4020,4030.5,3855.5,3862.5
2000-06-23,3865.5,3885.5,3718,3728
2000-06-26,3737.5,3838,3736.5,3827.5
2000-06-27,3829,3864,3753,3767.5
2000-06-28,3766.5,3876,3756,3815.5
2000-06-29,3816.5,3831,3678,3731
2000-06-30,3726,3817,3717.5,3817
2000-07-03,3801.5,3867,3786.5,3861.5
2000-07-05,3854,3907.5,3690,3709.5
2000-07-06,3711.5,3845,3652,3834
2000-07-07,3836,3938.5,3827,3877.5
2000-07-10,3869,3890,3808,3828
2000-07-11,3825.5,3885,3752,3781.5
2000-07-12,3806,3958,3806,3930.5
2000-07-13,3935,4042,3919,4008.5
2000-07-14,4005.5,4099,4003,4078
2000-07-17,4075.5,4134.5,4044,4110
2000-07-18,4110,4120,3986.5,4023.5
2000-07-19,4011,4039,3872.5,3913.5
2000-07-20,3915,4056,3905.5,4052
2000-07-21,4050,4052,3927,3934
2000-07-24,3934,4007,3814.5,3819.5
2000-07-25,3823.5,3911.5,3797,3888
2000-07-26,3890.5,3894,3773,3865
2000-07-27,3857,3877.5,3699,3707
2000-07-28,3705,3751.5,3473.5,3506
2000-07-31,3508,3644,3464.5,3617
2000-08-01,3616,3636.5,3542,3569.5
2000-08-02,3565.5,3648,3499,3507
2000-08-03,3500,3666,3370,3662.5
2000-08-04,3663.5,3744.5,3596,3632
2000-08-07,3632.5,3759,3623.5,3722.5
2000-08-08,3722,3769.5,3688,3717.5
2000-08-09,3735,3809,3688,3693.5
2000-08-10,3690,3734,3617,3630.5
2000-08-11,3627,3672,3542.5,3663.5
2000-08-14,3662.5,3755,3634.5,3748
2000-08-15,3743.5,3786.5,3709,3751
2000-08-16,3750,3814,3720.5,3763.5
2000-08-17,3762,3862,3727.5,3848
2000-08-18,3840.5,3890,3815,3835.5
2000-08-21,3837.5,3900,3797,3856.5
2000-08-22,3858.5,3920,3833.5,3845
2000-08-23,3845,3918.5,3772.5,3902
2000-08-24,3909,3969.5,3896,3965
2000-08-25,3968.5,4001,3927,3959
2000-08-28,3955.5,4006.5,3940,3959
2000-08-29,3958.5,3986.5,3933,3976.5
2000-08-30,3974.5,3999.5,3929,3975.5
2000-08-31,3973.5,4095,3965,4094
2000-09-01,4089.5,4186,4064,4118
2000-09-05,4107.5,4143,3992.5,3999
2000-09-06,4001,4018,3842,3858
2000-09-07,3859,3970,3842,3951.5
2000-09-08,3954,3954,3808,3808
2000-09-11,3808,3858.5,3692,3721.5
2000-09-12,3785,3863,3703,3724.5
2000-09-13,3729,3822.5,3669.5,3805
2000-09-14,3805.5,3900,3775,3802
2000-09-15,3796.5,3842,3690.5,3718.5
2000-09-18,3721,3785.5,3602,3653.5
2000-09-19,3658.5,3817,3656,3804
2000-09-20,3801.5,3874,3715.5,3853
2000-09-21,3852,3874,3744,3765
2000-09-22,3673,3780,3615,3776
2000-09-25,3776.5,3830,3660,3675
2000-09-26,3679.5,3754,3611.5,3611.5
2000-09-27,3624,3705,3580.5,3645
2000-09-28,3640.5,3780,3607,3758
2000-09-29,3730,3742.5,3608,3621
2000-10-02,3621,3668,3492,3528.5
2000-10-03,3529,3603,3385,3397
2000-10-04,3426.5,3477.5,3334,3477.5
2000-10-05,3460.5,3537,3431.5,3482.5
2000-10-06,3490,3509.5,3305,3357.5
2000-10-09,3359.5,3402,3222,3349.5
2000-10-10,3346.5,3381,3155,3160
2000-10-11,3191.5,3258,3070.5,3124.5
2000-10-12,3145,3224,3024,3046.5
2000-10-13,3060.5,3309,3021.5,3270.5
2000-10-16,3274,3334,3237.5,3316
2000-10-17,3308,3369,3160.5,3170
2000-10-18,3202.5,3296,3025,3155
2000-10-19,3180,3447,3180,3447
2000-10-20,3437,3555.5,3412,3499.5
2000-10-23,3498.5,3563.5,3406,3471
2000-10-24,3477,3535,3329,3342.5
2000-10-25,3348.5,3362,3108,3151.5
2000-10-26,3148.5,3240,2978.5,3227.5
2000-10-27,3189,3314,3133.5,3222.5
2000-10-30,3220,3234,3062,3107.5
2000-10-31,3108.5,3338,3100,3298
2000-11-01,3299.5,3344,3205,3267.5
2000-11-02,3263.5,3361.5,3229.5,3316.5
2000-11-03,3328,3387,3297,3353
2000-11-06,3353,3400,3311,3331
2000-11-07,3336.5,3342.5,3238.5,3314
2000-11-08,3313.5,3375.5,3051.5,3061
2000-11-09,3069.5,3107.5,2940,3058
2000-11-10,3065,3073,2892,2893
2000-11-13,2858,2993,2755,2829
2000-11-14,2826,3068,2825,3057.5
2000-11-15,3045,3116.5,3045,3116.5
2000-11-16,3116.5,3116.5,2932.5,2939
2000-11-17,2940,3029.5,2859.5,2939.5
2000-11-20,2929,2946,2790,2816
2000-11-21,2815.5,2879,2757,2807.5
2000-11-22,2806.5,2846,2677.5,2682.5
2000-11-24,2683,2845,2676,2829
2000-11-27,2848,2929,2769,2796.5
2000-11-28,2797,2829.5,2626.5,2637.5
2000-11-29,2642.5,2688,2525,2530
2000-11-30,2508.5,2589,2435,2530
2000-12-01,2530.5,2683.5,2502.5,2572.5
2000-12-04,2572.5,2628,2480,2557.5
2000-12-05,2563,2857,2530,2840
2000-12-06,2834,2897,2725,2737.5
2000-12-07,2741.5,2778.5,2630,2669
2000-12-08,2667,2924,2660,2740.5
2000-12-11,2855,2995,2848,2984.5
2000-12-12,3030.5,3033,2906.5,2926.5
2000-12-13,2929.5,3015,2785.5,2800
2000-12-14,2803.5,2839,2652,2670
2000-12-15,2639.5,2675,2550.5,2602.5
2000-12-18,2619.5,2692,2553,2608.5
2000-12-19,2609.5,2686,2393,2410
2000-12-20,2415,2445.5,2234.5,2269
2000-12-21,2275.5,2390,2211,2282.5
2000-12-22,2290,2474,2290,2469
2000-12-26,2481.5,2519.5,2374,2477.5
2000-12-27,2472,2511.5,2397.5,2506.5
2000-12-28,2510,2543.5,2452.5,2501.5
2000-12-29,2501.5,2529.5,2358.5,2374.5
2001-01-02,2375,2414,2130.5,2167.5
2001-01-03,2201.84,2590,2201.84,2529.5
2001-01-04,2532,2577,2464.5,2486
2001-01-05,2485,2551,2273.5,2293.5
2001-01-08,2290,2328,2171,2325
2001-01-09,2341.5,2397.5,2275,2326
2001-01-10,2328,2447,2261,2441
2001-01-11,2415,2577,2377,2512.5
2001-01-12,2499,2617,2491,2540
2001-01-16,2532,2557,2445,2515.5
2001-01-17,2532.5,2657,2517.5,2581.5
2001-01-18,2591,2701,2555,2694.5
2001-01-19,2720,2769,2657,2686.5
2001-01-22,2689.5,2712,2622,2683
2001-01-23,2675,2768,2641.5,2745
2001-01-24,2751,2797,2711.5,2714.5
2001-01-25,2708.5,2747,2605.5,2613.5
2001-01-26,2619.5,2663,2548.5,2645.5
2001-01-29,2630,2715.5,2593,2705.5
2001-01-30,2709,2736.5,2672,2697.5
2001-01-31,2694,2740,2600,2611
2001-02-01,2608.5,2647.5,2569,2627.5
2001-02-02,2630,2643,2478,2488.5
2001-02-05,2494,2497,2425.5,2481
2001-02-06,2486,2547.5,2468,2490
2001-02-07,2455,2462.5,2362,2443.5
2001-02-08,2444.5,2478.5,2361,2368
2001-02-09,2370,2375,2271,2277
2001-02-12,2276.5,2335,2242,2301.5
2001-02-13,2302,2388,2211.5,2226
2001-02-14,2235,2325.5,2181,2316
2001-02-15,2322,2437,2311,2356
2001-02-16,2339.5,2339.5,2194,2227.5
2001-02-20,2230,2275,2104,2130
2001-02-21,2123,2175,2050,2070.5
2001-02-22,2079.5,2099,1968,2051.5
2001-02-23,2044.5,2073.5,1941,2056.5
2001-02-26,2078,2113,2022,2100
2001-02-27,2102.5,2103.5,1967.5,1969
2001-02-28,1969,2019.5,1881,1913
2001-03-01,1905.5,1973,1839.5,1960
2001-03-02,1964.5,1996,1869,1876.5
2001-03-05,1883.5,1944,1877,1912
2001-03-06,1914.5,2036.5,1912,1985.5
2001-03-07,1985.5,2032,1967,1988.5
2001-03-08,1994.5,2026.5,1933,1946
2001-03-09,1964.5,1964.5,1804.5,1811
2001-03-12,1817.5,1825,1676,1691
2001-03-13,1717,1817,1698,1806.5
2001-03-14,1812.5,1832,1719,1776
2001-03-15,1779,1841.5,1706.5,1716.5
2001-03-16,1722,1747.5,1650,1673
2001-03-19,1680,1759,1653,1756.5
2001-03-20,1756,1774,1632,1637
2001-03-21,1637,1697,1607,1636
2001-03-22,1638.5,1727,1602,1720
2001-03-23,1717.5,1784,1684,1734
2001-03-26,1738.5,1777,1685.5,1698.5
2001-03-27,1698,1774,1681,1753.5
2001-03-28,1751,1751,1606.5,1610
2001-03-29,1614.5,1647,1559,1580
2001-03-30,1585,1621.5,1544.5,1588
2001-04-02,1601,1625,1511,1517
2001-04-03,1521.5,1527,1402,1405
2001-04-04,1407.5,1451,1361,1379.5
2001-04-05,1390,1537,1382,1514.5
2001-04-06,1522,1544,1437,1467
2001-04-09,1471.5,1512.5,1439,1499.5
2001-04-10,1502,1637,1497,1611
2001-04-11,1612,1717,1590.5,1658
2001-04-12,1667,1731.5,1616,1730
2001-04-16,1731,1737,1607,1628
2001-04-17,1618.5,1710,1586,1672.5
2001-04-18,1714.5,1950,1714.5,1839.5
2001-04-19,1880,1970,1840,1953.5
2001-04-20,1970,1997,1914,1953.5
2001-04-23,1956,1960,1812,1819
2001-04-24,1822,1876,1765.5,1791
2001-04-25,1785,1839.5,1754,1824
2001-04-26,1816.5,1861.5,1770.5,1774
2001-04-27,1776,1835,1773,1823
2001-04-30,1825.5,1918.5,1825,1866.5
2001-05-01,1862,1941,1831.5,1939
2001-05-02,1944,1992.5,1916,1974
2001-05-03,1974,1981.5,1862,1885.5
2001-05-04,1882,1944,1823.5,1940.5
2001-05-07,1941.5,1958.5,1898.5,1903
2001-05-08,1912,1949,1893,1942.5
2001-05-09,1947,1948.5,1866,1876
2001-05-10,1879,1938.5,1841.5,1842.5
2001-05-11,1845,1870,1816.5,1834.5
2001-05-14,1842.5,1850.5,1777,1808
2001-05-15,1809.5,1864.5,1795.5,1817.5
2001-05-16,1808.5,1914,1764,1897
2001-05-17,1899,1965,1897,1925.5
2001-05-18,1925,1947.5,1901,1934
2001-05-21,1933.5,2058.5,1920.5,2052
2001-05-22,2053,2080.5,2028.5,2048.5
2001-05-23,2052.5,2058,1955.5,1958
2001-05-24,1957.5,2010.5,1937,2003
2001-05-25,2008,2026,1956.5,1968.5
2001-05-29,1970,1984,1854.5,1856.5
2001-05-30,1857.5,1863,1771.5,1785.5
2001-05-31,1787.5,1843,1782,1798.5
2001-06-01,1799,1856.5,1777,1851.5
2001-06-04,1845,1875,1820,1842
2001-06-05,1839.5,1942.5,1839,1923
2001-06-06,1922,1947.5,1891,1908
2001-06-07,1907,1964,1889,1956
2001-06-08,1977,1999,1885,1902.5
2001-06-11,1900,1919,1826.5,1850.5
2001-06-12,1870,1894.5,1795,1862
2001-06-13,1865,1897,1805,1808
2001-06-14,1809,1811.5,1701,1711
2001-06-15,1719,1746.5,1674,1728.5
2001-06-18,1728.5,1750,1678.5,1702.5
2001-06-19,1702,1766,1672.5,1696
2001-06-20,1694,1742,1660,1734
2001-06-21,1736,1793,1713.5,1757.5
2001-06-22,1761.5,1791.5,1672.5,1753
2001-06-25,1749.5,1774.5,1727,1757
2001-06-26,1755,1777,1704,1765.5
2001-06-27,1760,1787,1741,1772
2001-06-28,1770.5,1878,1747.5,1799
2001-06-29,1810,1883.5,1805,1855
2001-07-02,1848,1882,1828,1842.5
2001-07-03,1836,1849.5,1812.5,1845.5
2001-07-05,1849.5,1849.5,1758,1758
2001-07-06,1759,1762.5,1678.5,1683.5
2001-07-09,1683,1728,1664,1700
2001-07-10,1703,1735,1633,1638
2001-07-11,1639.5,1661.5,1612.5,1660
2001-07-12,1666,1772.5,1662.5,1761.5
2001-07-13,1758,1797,1734.5,1765.5
2001-07-16,1767,1773.5,1694,1709.5
2001-07-17,1706.5,1755,1679.5,1748
2001-07-18,1732,1744,1662.5,1684
2001-07-19,1675,1752,1655,1725
2001-07-20,1699,1703,1670.5,1686.5
2001-07-23,1687.5,1718,1638.5,1642.5
2001-07-24,1641,1652.5,1588.5,1625.5
2001-07-25,1625.5,1644.5,1590.5,1636
2001-07-26,1640,1691,1612,1659.5
2001-07-27,1668.5,1706.5,1662,1693
2001-07-30,1697,1712,1671.5,1682
2001-07-31,1681.5,1727,1675,1693
2001-08-01,1691,1754.5,1681,1738.5
2001-08-02,1740.5,1775.5,1727.5,1774
2001-08-03,1773,1779.5,1699,1741.5
2001-08-06,1740,1744,1708,1714.5
2001-08-07,1711.5,1727,1690,1705.5
2001-08-08,1710,1719.5,1625,1633
2001-08-09,1634.5,1648,1611,1639.5
2001-08-10,1638.5,1652.5,1582.5,1624
2001-08-13,1626,1666,1613.5,1656
2001-08-14,1658.5,1680,1633,1634.5
2001-08-15,1638,1649,1574,1576
2001-08-16,1578,1595,1532,1593.5
2001-08-17,1593,1593,1519,1521
2001-08-20,1518,1545,1511.5,1542
2001-08-21,1544,1556,1475.5,1476
2001-08-22,1476,1523.5,1471,1518
2001-08-23,1520,1548,1501,1502
2001-08-24,1515,1585,1515,1580.5
2001-08-27,1585,1606,1562.5,1584
2001-08-28,1581.5,1587,1529.5,1534
2001-08-29,1534.5,1547.5,1493,1509.5
2001-08-30,1505.5,1510.5,1440.5,1455.5
2001-08-31,1456,1489,1437,1472.5
2001-09-04,1474,1523,1422,1426.5
2001-09-05,1426,1444,1371.5,1419
2001-09-06,1421.5,1431,1357,1362.5
2001-09-07,1371.5,1394,1338.5,1353.5
2001-09-10,1353,1380,1325.5,1370.5
2001-09-11,1369,1394.5,1317,1336
2001-09-17,1280.5,1311,1248.5,1252
2001-09-18,1265,1293.5,1229.5,1233
2001-09-19,1234.5,1268.5,1143,1208
2001-09-20,1211.5,1220,1162,1168.5
2001-09-21,1169.5,1179.5,1097,1137
2001-09-24,1144,1210.5,1142.5,1194
2001-09-25,1192,1229.5,1169,1201
2001-09-26,1200,1223,1147.5,1159
2001-09-27,1157,1165.5,1107.5,1148
2001-09-28,1149,1185,1148.5,1175
2001-10-01,1171,1178.5,1136.5,1159.5
2001-10-02,1155.5,1187,1141,1163.5
2001-10-03,1162.5,1276,1136,1250
2001-10-04,1249.5,1321,1246,1264.5
2001-10-05,1265,1287.5,1221,1280.5
2001-10-08,1264.5,1304.5,1247,1286
2001-10-09,1287.5,1299.5,1245.5,1254.5
2001-10-10,1256,1313.5,1240,1313
2001-10-11,1314,1406,1305,1397
2001-10-12,1412.5,1426,1337,1389.5
2001-10-15,1375,1393,1357.5,1389
2001-10-16,1386.5,1419,1373.5,1411.5
2001-10-17,1405,1464,1308,1308.5
2001-10-18,1311.5,1351,1305.5,1343.5
2001-10-19,1347,1360,1307.5,1353.5
2001-10-22,1353.5,1391.5,1338.5,1389.5
2001-10-23,1389.5,1426,1374.5,1395
2001-10-24,1390,1437.5,1383.5,1423.5
2001-10-25,1424,1484.5,1377.5,1480.5
2001-10-26,1475,1493,1450,1451.5
2001-10-29,1457,1457,1370,1371
2001-10-30,1373,1374,1323,1345
2001-10-31,1343,1408,1336.5,1369
2001-11-01,1364.5,1432.5,1360.5,1421.5
2001-11-02,1422,1444,1404.5,1432.5
2001-11-05,1430.5,1496,1430,1479
2001-11-06,1491,1537.5,1465,1537
2001-11-07,1536,1563,1510,1535.5
2001-11-08,1533.5,1586,1500,1519
2001-11-09,1517.5,1532,1493,1517.5
2001-11-12,1521,1543,1457.5,1529.5
2001-11-13,1531,1589.5,1525.5,1583
2001-11-14,1584,1623,1559,1595.5
2001-11-15,1589.5,1614,1563,1588
2001-11-16,1586.5,1598,1566,1585
2001-11-19,1587.5,1629,1585,1628
2001-11-20,1627.5,1634.5,1548,1554.5
2001-11-21,1554,1583,1527.5,1553
2001-11-23,1554,1592.5,1543.5,1578
2001-11-26,1579,1623.5,1575,1618
2001-11-27,1617,1648,1576.5,1616
2001-11-28,1614.5,1623,1555.5,1559
2001-11-29,1558.5,1608,1550,1605
2001-11-30,1604.5,1609.5,1582.5,1598
2001-12-03,1590,1605,1563,1567
2001-12-04,1566.5,1641,1562.5,1641
2001-12-05,1639,1733.5,1636.5,1721
2001-12-06,1719,1738,1703,1724
2001-12-07,1731,1735,1652.5,1677
2001-12-10,1681,1697.5,1642,1647.5
2001-12-11,1647.5,1697,1642.5,1655.5
2001-12-12,1661,1685,1631.5,1668
2001-12-13,1667,1672.5,1596,1598
2001-12-14,1602,1625,1569,1612.5
2001-12-17,1612,1657,1598,1638
2001-12-18,1649,1674,1644.5,1665
2001-12-19,1660,1667,1627,1633
2001-12-20,1633,1639,1558.5,1564
2001-12-21,1563.5,1601.5,1557.5,1593.5
2001-12-24,1595,1598,1575,1584.5
2001-12-26,1586,1625.5,1576,1601
2001-12-27,1601.5,1621.5,1597,1613.5
2001-12-28,1616,1645.5,1613.5,1624
2001-12-31,1625,1630.5,1568.5,1583.5
2002-01-02,1577.5,1618.5,1569.5,1617.5
2002-01-03,1618,1675,1613,1672.5
2002-01-04,1673,1704.5,1649.5,1679
2002-01-07,1676.5,1702,1651.5,1661.5
2002-01-08,1662,1684,1646,1672.5
2002-01-09,1669.5,1717,1648,1655
2002-01-10,1656.5,1673.5,1639,1666
2002-01-11,1666,1679,1630,1646.5
2002-01-14,1642,1648.5,1598.5,1609
2002-01-15,1610,1679.5,1594.5,1625
2002-01-16,1601,1604.5,1561,1563
2002-01-17,1569.5,1610,1569.5,1593
2002-01-18,1580,1590,1538,1554.5
2002-01-22,1555,1575,1503,1506.5
2002-01-23,1509,1558,1504,1546
2002-01-24,1547.5,1591.5,1541,1567
2002-01-25,1557,1576.5,1544,1562.5
2002-01-28,1560,1585.5,1546.5,1572.5
2002-01-29,1574.5,1587,1510,1530
2002-01-30,1528,1543.5,1484,1541.5
2002-01-31,1542.5,1561,1530.5,1553.5
2002-02-01,1549.5,1565.5,1517,1535
2002-02-04,1529,1535.5,1473.5,1487
2002-02-05,1485.5,1501,1456.5,1462
2002-02-06,1461.5,1488,1436.5,1451.5
2002-02-07,1461.5,1464,1414,1415
2002-02-08,1415,1454,1407.5,1454
2002-02-11,1458,1481,1447,1473
2002-02-12,1474,1488.5,1450,1461
2002-02-13,1462,1495,1458,1486
2002-02-14,1485,1512,1472,1485.5
2002-02-15,1480.5,1485,1434,1440
2002-02-18,1442,1447,1437,1437
2002-02-19,1442,1447,1381,1394.5
2002-02-20,1392,1415,1364.5,1413
2002-02-21,1414,1424.5,1346,1347
2002-02-22,1350,1375,1330.5,1358.5
2002-02-25,1360,1417.5,1354,1407
2002-02-26,1407.5,1425,1382.5,1403
2002-02-27,1403.5,1428,1369.5,1383.5
2002-02-28,1384.5,1407,1356.5,1360.5
2002-03-01,1360,1437.5,1358,1436.5
2002-03-04,1431,1497,1423,1493.5
2002-03-05,1493,1521,1480.5,1505
2002-03-06,1504,1525,1471,1512.5
2002-03-07,1513.5,1540.5,1487.5,1511.5
2002-03-08,1507.5,1568,1507.5,1556
2002-03-11,1540,1575,1530,1548
2002-03-12,1557,1560,1508,1534.5
2002-03-13,1534,1539.5,1489.5,1497.5
2002-03-14,1497.5,1510,1483.5,1490.5
2002-03-15,1488.5,1507.5,1477.5,1504
2002-03-18,1505,1532.5,1496.5,1511
2002-03-19,1510,1529.5,1503.5,1510.5
2002-03-20,1511.5,1516,1454.5,1455
2002-03-21,1456.5,1499.5,1449.5,1494
2002-03-22,1495,1499,1473,1482
2002-03-25,1481,1492,1433.5,1436
2002-03-26,1438,1470,1426,1447.5
2002-03-27,1449,1454,1430,1438
2002-03-28,1435.5,1468,1434.5,1459.5
2002-04-01,1454,1489.5,1430.5,1483.5
2002-04-02,1483.5,1484,1414.5,1414.5
2002-04-03,1415,1431,1383.5,1413.5
2002-04-04,1412.5,1418.5,1383,1403.5
2002-04-05,1404.5,1419.5,1378.5,1389
2002-04-08,1385,1405,1341.5,1403
2002-04-09,1407.5,1412,1351,1356
2002-04-10,1356,1381,1336.5,1365.5
2002-04-11,1367.5,1371.5,1326,1331.5
2002-04-12,1332,1363,1328.5,1353
2002-04-15,1355.5,1370,1340,1362
2002-04-16,1364,1420.5,1362.5,1418
2002-04-17,1433,1440,1397,1412
2002-04-18,1410.5,1424,1373.5,1387.5
2002-04-19,1373.5,1418,1369.5,1389
2002-04-22,1388,1391.5,1340,1353.5
2002-04-23,1353.5,1366.5,1319,1330
2002-04-24,1331,1349,1304,1308.5
2002-04-25,1310,1319,1291,1307
2002-04-26,1308.5,1321.5,1250.5,1252
2002-04-29,1257,1272,1231,1251
2002-04-30,1253,1297.5,1239,1280
2002-05-01,1279.5,1286,1234.5,1271.5
2002-05-02,1273,1289,1227,1229
2002-05-03,1231,1240,1186.5,1197.5
2002-05-06,1200.5,1208,1162.5,1165.5
2002-05-07,1166.5,1182,1144.5,1156
2002-05-08,1174,1284.5,1171.5,1281
2002-05-09,1279.5,1286,1241,1246
2002-05-10,1246.5,1259.5,1187.5,1189
2002-05-13,1194,1247.5,1187,1240
2002-05-14,1241,1315,1237.5,1312.5
2002-05-15,1314.5,1354,1283,1320.5
2002-05-16,1316.5,1331,1297,1323.5
2002-05-17,1325,1351,1307.5,1326
2002-05-20,1325.5,1329.5,1285.5,1298.5
2002-05-21,1299,1312.5,1251.5,1260.5
2002-05-22,1261,1271.5,1234,1264.5
2002-05-23,1263,1292,1240.5,1289.5
2002-05-24,1287,1299,1248,1257.5
2002-05-27,1255,1265,1255,1262.5
2002-05-28,1255,1270,1227,1252.5
2002-05-29,1253,1254.5,1216,1218.5
2002-05-30,1219.5,1236.5,1202.5,1230
2002-05-31,1231,1248.5,1205.5,1209.5
2002-06-03,1209.5,1219.5,1158.5,1165
2002-06-04,1164,1193.5,1148,1181
2002-06-05,1179.5,1198.5,1165,1194
2002-06-06,1195,1196.5,1151,1163.5
2002-06-07,1121,1158,1106,1137.5
2002-06-10,1139,1156.5,1132,1137
2002-06-11,1138.5,1163,1100.5,1104
2002-06-12,1102,1124.5,1079,1121
2002-06-13,1121,1134.5,1100.5,1116
2002-06-14,1108.5,1114,1054.5,1111.5
2002-06-17,1110,1156,1108.5,1149
2002-06-18,1153.5,1215,1138,1175
2002-06-19,1157.5,1162,1099.5,1103
2002-06-20,1102,1108.5,1061.5,1069
2002-06-21,1069.5,1083,1035.5,1041
2002-06-24,1044,1082,1018.5,1063.5
2002-06-25,1066,1078,1021.5,1027
2002-06-26,1028,1039.5,974,1029.5
2002-06-27,1032,1060,1011,1059.5
2002-06-28,1056.5,1079.5,1044.5,1054
2002-07-01,1054.5,1064.5,998.5,1002
2002-07-02,1002.5,1008,965,967
2002-07-03,969.5,999.5,953,998
2002-07-04,998.5,999.5,990,991.5
2002-07-05,998.5,1064,982,1064
2002-07-08,1061.5,1073.5,1012.5,1025
2002-07-09,1025,1032,992.5,994.5
2002-07-10,997,1015.5,962,962.5
2002-07-11,966.5,1004.5,948.5,998.5
2002-07-12,1000,1030,990.5,1000
2002-07-15,1000,1033.5,958,1030
2002-07-16,1031.5,1049.5,1004.5,1016
2002-07-17,1006,1066,1002,1033.5
2002-07-18,1037,1049,995,998
2002-07-19,994,998,959,967
2002-07-22,960.5,985.5,931,943.5
2002-07-23,944.5,958,898.5,902
2002-07-24,899.5,953,873,952
2002-07-25,952,953,879.5,897
2002-07-26,897,921,887,912.5
2002-07-29,915,972.5,910,961.5
2002-07-30,961.5,995,951.5,980.5
2002-07-31,975,988.5,941,961.5
2002-08-01,958.5,964.5,913,917
2002-08-02,916.5,919.5,879.5,896
2002-08-05,894.5,899.5,858,863.5
2002-08-06,862,927.5,857,906
2002-08-07,907.5,941,884.5,919
2002-08-08,919.5,951.5,900,949
2002-08-09,948.5,955.5,922,939
2002-08-12,937.5,946,922.5,943.5
2002-08-13,944,962,909,911
2002-08-14,910,972,904,967
2002-08-15,965.5,990.5,956,989
2002-08-16,987.5,1006.5,954,995
2002-08-19,994,1029.5,988,1020.5
2002-08-20,1020.5,1024.5,1002.5,1013.5
2002-08-21,1013.5,1040.5,1007,1038
2002-08-22,1038,1055,1023.5,1052
2002-08-23,1054,1054,1005.5,1013
2002-08-26,1011.5,1029.5,991.5,1016.5
2002-08-27,1017,1028,972.5,981
2002-08-28,978,982,941.5,946
2002-08-29,945,975,927,957.5
2002-08-30,950,966.5,941.5,943.5
2002-09-02,942,946,935.5,936
2002-09-03,942,946,899.5,905
2002-09-04,905,926.5,895.5,915
2002-09-05,915.5,918,883,893
2002-09-06,895,935,892,920.5
2002-09-09,918,940,894.5,928
2002-09-10,928.5,953,926.5,951.5
2002-09-11,950,980.5,942,942
2002-09-12,943.5,946.5,914.5,918.5
2002-09-13,921.5,929,905,925.5
2002-09-16,925,929,899,911.5
2002-09-17,914.5,948,895.5,897.5
2002-09-18,889.5,911.5,879.5,885
2002-09-19,885.5,893.5,870.5,872.5
2002-09-20,876,890,867,876
2002-09-23,877,877.5,840.5,849.5
2002-09-24,851,865.5,833.5,848.5
2002-09-25,849,890,837,882.5
2002-09-26,884.5,901,863,872
2002-09-27,871.5,896,861,861.5
2002-09-30,859,859,826,837
2002-10-01,835.5,888.5,826,886.5
2002-10-02,887,889.5,846.5,858
2002-10-03,853,863.5,834.5,836.5
2002-10-04,835,852,812,820
2002-10-07,820.5,830.5,800.5,814
2002-10-08,812.5,831,797.5,814.5
2002-10-09,814.5,828.5,800,809.5
2002-10-10,810,856,801,849
2002-10-11,850.5,903,846,894.5
2002-10-14,889.5,908,879,907.5
2002-10-15,908.5,954,904.5,950.5
2002-10-16,923,947.5,909,919.5
2002-10-17,919,960,919,944
2002-10-18,951,968.5,925,960.5
2002-10-21,956,986,939.5,980
2002-10-22,971,981.5,954.5,973
2002-10-23,971,993,955,992.5
2002-10-24,991.5,1002,964.5,967.5
2002-10-25,966,998,962.5,992.5
2002-10-28,993.5,1014.5,975,987
2002-10-29,987,989,942.5,963.5
2002-10-30,963,998.5,957,991
2002-10-31,990.5,1009,981.5,991.5
2002-11-01,991.5,1023.5,973.5,1020.5
2002-11-04,1035,1073,1034.5,1043
2002-11-05,1045,1054.5,1030,1051.5
2002-11-06,1053.5,1073,1033,1069
2002-11-07,1071,1074.5,1020,1029.5
2002-11-08,1035.5,1043.5,1005,1009
2002-11-11,1009,1015,973.5,980.5
2002-11-12,978.5,1023,975,1004.5
2002-11-13,1005.5,1024.5,986.5,1016.5
2002-11-14,1017.5,1066.5,1002,1051.5
2002-11-15,1051,1066.5,1036.5,1065.5
2002-11-18,1065.5,1079.5,1047,1050
2002-11-19,1048.5,1052,1019,1032.5
2002-11-20,1031.5,1077,1026.5,1076
2002-11-21,1078,1121.5,1077,1117.5
2002-11-22,1117.5,1124.5,1100.5,1116.5
2002-11-25,1116.5,1135.5,1109,1126
2002-11-26,1127,1127.5,1083.5,1088.5
2002-11-27,1092,1145,1088.5,1124.5
2002-11-28,1124,1132,1121,1125
2002-11-29,1124,1136,1084,1117
2002-12-02,1112.5,1157.5,1110,1127.5
2002-12-03,1126.5,1136.5,1080,1094.5
2002-12-04,1094,1094,1055,1071
2002-12-05,1072,1087.5,1051.5,1056
2002-12-06,1062,1075,1030,1067
2002-12-09,1066.5,1072.5,1014,1015
2002-12-10,1015,1044.5,1014.5,1031
2002-12-11,1030.5,1048.5,1019,1035.5
2002-12-12,1034.5,1052.5,1025.5,1040.5
2002-12-13,1041,1042.5,1006,1007.5
2002-12-16,1011,1044,1003,1040
2002-12-17,1044,1057,1036,1046
2002-12-18,1046.5,1047.5,1010.5,1024
2002-12-19,1024.5,1039.5,1002,1012.5
2002-12-20,1013,1027,1011,1023.5
2002-12-23,1025,1039,1014,1033.5
2002-12-24,1032.5,1038.5,1022,1022.5
2002-12-26,1023,1045.5,1015.5,1020
2002-12-27,1019.5,1025,997.5,1001.5
2002-12-30,999.5,1007,982.5,993
2002-12-31,994,996.5,979,987
2003-01-02,992,1030.5,985.5,1025
2003-01-03,1026.5,1037.5,1020,1036
2003-01-06,1034.5,1072,1031,1061
2003-01-07,1064.5,1085.5,1056,1075
2003-01-08,1073.5,1074.5,1042,1045
2003-01-09,1046.5,1088,1044.5,1077
2003-01-10,1077.5,1099,1056,1091.5
2003-01-13,1090.5,1108.5,1077.5,1086.5
2003-01-14,1086,1101,1082,1092
2003-01-15,1085,1103,1071,1077
2003-01-16,1072,1087,1059.5,1064.5
2003-01-17,1066,1077.5,1018,1020
2003-01-20,1020.5,1028,1015,1018.5
2003-01-21,1020.5,1029.5,1008,1009
2003-01-22,1010,1029,999.5,1004.5
2003-01-23,1013,1041,1011.5,1026.5
2003-01-24,1028,1032.5,992.5,1000
2003-01-27,1003,1007.5,980,988.5
2003-01-28,990,1008.5,982.5,998.5
2003-01-29,999.5,1025,980,1013.5
2003-01-30,1014,1027,986,987
2003-01-31,987,997.5,965,984.5
2003-02-03,984,998.5,979,986
2003-02-04,986.5,990,959.5,975
2003-02-05,969.5,1000.5,964.5,969.5
2003-02-06,970,980,960.5,975
2003-02-07,974,987.5,951.5,959.5
2003-02-10,958,976,951,969
2003-02-11,970,990.5,962.5,972
2003-02-12,971,979.5,957,958.5
2003-02-13,957.5,983.5,938.5,961.5
2003-02-14,961.5,985.5,950.5,985
2003-02-17,986.5,995,984,992
2003-02-18,986.5,1019.5,983,1018.5
2003-02-19,1017.5,1022,994.5,1009.5
2003-02-20,1008.5,1020.5,1000,1004.5
2003-02-21,1004.5,1021,986,1014.5
2003-02-24,1016.5,1021.5,993.5,994
2003-02-25,994,1003,968.5,998
2003-02-26,997.5,1003,973.5,974
2003-02-27,974,1002.5,971.5,996.5
2003-02-28,996,1014.5,991.5,1010.5
2003-03-03,1014.5,1024,988.5,992.5
2003-03-04,990.5,995.5,982,985.5
2003-03-05,985,996.5,978,988
2003-03-06,989,992.5,976.5,984.5
2003-03-07,978.5,993,964.5,986.5
2003-03-10,986.5,987,962,966.5
2003-03-11,967,975,957,958
2003-03-12,958.5,975,945,973.5
2003-03-13,973.5,1031.5,971.5,1030.5
2003-03-14,1031,1044.5,1020.5,1034.5
2003-03-17,1029,1077.5,1016.5,1071.5
2003-03-18,1074,1089,1066,1087.5
2003-03-19,1086,1097.5,1062,1076
2003-03-20,1076,1094,1056,1081.5
2003-03-21,1081.5,1103.5,1078.5,1094.5
2003-03-24,1085,1087.5,1047.5,1050
2003-03-25,1050,1079,1043.5,1065.5
2003-03-26,1066.5,1078.5,1063,1070
2003-03-27,1070.5,1074,1051.5,1061.5
2003-03-28,1063,1066.5,1046,1051.5
2003-03-31,1047,1048.5,1015,1021
2003-04-01,1019,1035,1015.5,1023
2003-04-02,1024,1070,1023.5,1062
2003-04-03,1064,1082,1061,1067
2003-04-04,1065.5,1078,1046.5,1050
2003-04-07,1060,1095,1050.5,1051
2003-04-08,1051,1068.5,1043.5,1050.5
2003-04-09,1051,1061,1024.5,1026
2003-04-10,1028,1038.5,1019.5,1038
2003-04-11,1038.5,1054,1022,1028.5
2003-04-14,1029,1053.5,1026,1048.5
2003-04-15,1048,1064,1041,1059.5
2003-04-16,1070,1084,1052.5,1056.5
2003-04-17,1057,1087.5,1054,1083
2003-04-21,1084,1092,1072.5,1084.5
2003-04-22,1083.5,1106.5,1073.5,1104
2003-04-23,1106.5,1118,1098.5,1113.5
2003-04-24,1113.5,1118,1098.5,1108
2003-04-25,1109.5,1112.5,1082,1085.5
2003-04-28,1085,1113.5,1081.5,1107
2003-04-29,1106.5,1129.5,1103.5,1116.5
2003-04-30,1116.5,1119,1105.5,1108
2003-05-01,1107,1113.5,1095,1113.5
2003-05-02,1112.5,1139.5,1111,1139
2003-05-05,1138,1155.5,1134.5,1138.5
2003-05-06,1138,1163.5,1134.5,1152.5
2003-05-07,1153.5,1159.5,1132.5,1139.5
2003-05-08,1138,1139,1117.5,1118
2003-05-09,1118,1146,1114.5,1143.5
2003-05-12,1144.5,1166,1134,1160
2003-05-13,1161.5,1168,1149.5,1154.5
2003-05-14,1153,1166,1141.5,1151
2003-05-15,1151.5,1166.5,1150,1163.5
2003-05-16,1162.5,1166,1147,1156.5
2003-05-19,1154,1154,1112.5,1114
2003-05-20,1115,1125.5,1104,1118.5
2003-05-21,1119.5,1122,1104.5,1115.5
2003-05-22,1114,1139.5,1110.5,1130
2003-05-23,1129.5,1137,1125,1130.5
2003-05-26,1129.5,1134.5,1129.5,1132.5
2003-05-27,1129.5,1175.5,1122.5,1172.5
2003-05-28,1172.5,1186,1165.5,1174.5
2003-05-29,1172.5,1200,1170.5,1179
2003-05-30,1179.5,1202.5,1177,1199
2003-06-02,1198.5,1215.5,1180,1190.5
2003-06-03,1185.5,1202,1180.5,1201.5
2003-06-04,1200.5,1230,1196,1224.5
2003-06-05,1223,1235,1206.5,1234
2003-06-06,1231,1266.5,1208.5,1213
2003-06-09,1209,1223,1188,1197.5
2003-06-10,1198,1216,1194,1214.5
2003-06-11,1212,1231.5,1199,1229
2003-06-12,1228,1240,1217.5,1233
2003-06-13,1233,1236,1201,1207
2003-06-16,1201.5,1243.5,1201.5,1243
2003-06-17,1244,1255,1232,1239.5
2003-06-18,1240.5,1259,1227.5,1246.5
2003-06-19,1247,1259,1224.5,1225.5
2003-06-20,1225.5,1238.5,1219,1222
2003-06-23,1221,1224,1191.5,1205
2003-06-24,1204.5,1213.5,1190,1194.5
2003-06-25,1195,1216,1188,1189.5
2003-06-26,1190,1220.5,1189,1217
2003-06-27,1218.5,1232,1199,1202.5
2003-06-30,1205,1222,1201.5,1204.5
2003-07-01,1206,1223.5,1179,1223
2003-07-02,1222,1249,1222,1248.5
2003-07-03,1247.5,1253,1228,1229
2003-07-07,1233,1286,1233,1285
2003-07-08,1284,1302,1273.5,1299
2003-07-09,1298,1309.5,1287,1297
2003-07-10,1289.5,1290,1262,1272.5
2003-07-11,1273,1288.5,1266,1281.5
2003-07-14,1284,1319.5,1283.5,1299.5
2003-07-15,1298.5,1314,1286.5,1298
2003-07-16,1306.5,1315,1278,1295
2003-07-17,1292.5,1293.5,1249.5,1255
2003-07-18,1262,1270,1245,1258.5
2003-07-21,1258.5,1263,1232,1241.5
2003-07-22,1239,1269,1237.5,1262.5
2003-07-23,1265.5,1276.5,1247.5,1273
2003-07-24,1270.5,1291,1252.5,1254
2003-07-25,1252,1281,1238.5,1280.5
2003-07-28,1282,1288,1273,1283.5
2003-07-29,1283,1289,1257,1273.5
2003-07-30,1273,1281,1262,1264.5
2003-07-31,1264,1301,1264,1279
2003-08-01,1278.5,1284.5,1260,1267.5
2003-08-04,1266,1279,1241,1265.5
2003-08-05,1265.5,1268,1216,1216
2003-08-06,1214.5,1238.5,1211.5,1214.5
2003-08-07,1215,1227,1208.5,1219.5
2003-08-08,1219,1229,1204,1210.5
2003-08-11,1209.5,1232,1208.5,1222.5
2003-08-12,1223,1244,1220,1242.5
2003-08-13,1241.5,1250.5,1233,1243
2003-08-14,1242.5,1255.5,1234.5,1245.5
2003-08-15,1240,1259.5,1220,1254.5
2003-08-18,1253,1287,1252.5,1287
2003-08-19,1287,1303.5,1281.5,1302.5
2003-08-20,1299.5,1309,1288.5,1299.5
2003-08-21,1299,1321,1298.5,1313.5
2003-08-22,1314,1343,1305,1305
2003-08-25,1305.5,1308.5,1296,1307
2003-08-26,1307.5,1311.5,1280,1308.5
2003-08-27,1308.5,1321,1302.5,1320
2003-08-28,1319.5,1333,1308.5,1331.5
2003-08-29,1330.5,1346,1326.5,1342
2003-09-01,1341,1349.5,1340,1349.5
2003-09-02,1341,1363.5,1333,1363
2003-09-03,1364,1376.5,1354,1361.5
2003-09-04,1361.5,1376.5,1356,1375
2003-09-05,1380,1381.5,1354,1366
2003-09-08,1364.5,1389,1363,1388
2003-09-09,1389,1393.5,1364.5,1371.5
2003-09-10,1368,1370,1332,1338
2003-09-11,1337.5,1358.5,1327,1352.5
2003-09-12,1352,1360,1329,1359.5
2003-09-15,1359.5,1364.5,1345.5,1347.5
2003-09-16,1350.5,1387,1350,1386
2003-09-17,1386,1390.5,1371.5,1380.5
2003-09-18,1379,1405,1370,1401
2003-09-19,1401,1404,1384.5,1394.5
2003-09-22,1392,1392,1359.5,1365.5
2003-09-23,1366.5,1391.5,1364.5,1389
2003-09-24,1389.5,1393.5,1336.5,1337.5
2003-09-25,1338,1359.5,1319,1319.5
2003-09-26,1320.5,1336,1309,1310.5
2003-09-29,1311,1336,1306.5,1336
2003-09-30,1335.5,1337,1303,1306
2003-10-01,1305.5,1338.5,1304.5,1333.5
2003-10-02,1333,1345.5,1326,1338.5
2003-10-03,1337.5,1388,1336,1376.5
2003-10-06,1375.5,1388.5,1370.5,1386.5
2003-10-07,1385.5,1395.5,1369,1395
2003-10-08,1395,1403.5,1377.5,1386
2003-10-09,1385,1420,1381,1397.5
2003-10-10,1397,1410,1394.5,1409.5
2003-10-13,1409,1424,1406,1418.5
2003-10-14,1418,1425,1407.5,1424
2003-10-15,1424,1444.5,1410.5,1416.5
2003-10-16,1413.5,1430,1406.5,1428
2003-10-17,1422,1428.5,1393,1393.5
2003-10-20,1394,1413,1389,1411.5
2003-10-21,1410,1427.5,1406,1419.5
2003-10-22,1420,1420.5,1386,1392
2003-10-23,1389.5,1390,1368,1374.5
2003-10-24,1374.5,1378,1347.5,1376
2003-10-27,1374,1386.5,1369.5,1377.5
2003-10-28,1377,1425.5,1376.5,1423.5
2003-10-29,1423,1425.5,1411.5,1421.5
2003-10-30,1421.5,1445,1414.5,1424
2003-10-31,1422.5,1431,1412,1418
2003-11-03,1412.5,1448,1412.5,1439
2003-11-04,1440,1444,1426,1430.5
2003-11-05,1429,1444,1414.5,1441.5
2003-11-06,1443.5,1448,1422,1447.5
2003-11-07,1446.5,1458.5,1432,1433.5
2003-11-10,1434,1439.5,1412,1416.5
2003-11-11,1416.5,1420,1402,1411.5
2003-11-12,1410.5,1447.5,1409,1442
2003-11-13,1442.5,1450.5,1430,1440
2003-11-14,1439,1449,1406,1409.5
2003-11-17,1409,1409,1378,1395
2003-11-18,1394.5,1406.5,1360.5,1362.5
2003-11-19,1362,1384,1359,1375.5
2003-11-20,1377.5,1395.5,1359.5,1362.5
2003-11-21,1362.5,1378.5,1356.5,1378.5
2003-11-24,1374.5,1418.5,1374.5,1415.5
2003-11-25,1415,1429.5,1412,1414.5
2003-11-26,1415,1428,1400,1421
2003-11-27,1421.5,1423.5,1418,1423
2003-11-28,1421.5,1428,1412,1425
2003-12-01,1424,1448,1421.5,1443.5
2003-12-02,1444.5,1449,1431,1435.5
2003-12-03,1434.5,1453,1417.5,1418
2003-12-04,1418,1435.5,1410.5,1433
2003-12-05,1423.5,1428,1405,1410
2003-12-08,1409.5,1420.5,1398.5,1417.5
2003-12-09,1417,1426,1382,1384.5
2003-12-10,1384.5,1395,1372.5,1390
2003-12-11,1390,1423.5,1386,1419.5
2003-12-12,1419.5,1424,1404,1418
2003-12-15,1446.5,1452.5,1393,1399.5
2003-12-16,1401.5,1411.5,1387,1404.5
2003-12-17,1404.5,1409.5,1393,1406.5
2003-12-18,1406,1436.5,1404.5,1432.5
2003-12-19,1432,1436.5,1418,1428.5
2003-12-22,1422.5,1436.5,1417,1433.5
2003-12-23,1433,1451.5,1431,1444.5
2003-12-24,1444.5,1451,1441.5,1446.5
2003-12-26,1449,1454.5,1444,1445
2003-12-29,1445,1472,1445,1470
2003-12-30,1469.5,1477,1463,1474.5
2003-12-31,1473.5,1479,1461,1468
2004-01-02,1473,1483,1460.5,1466.5
2004-01-05,1468,1497.5,1467,1495.5
2004-01-06,1494.5,1508,1489,1504.5
2004-01-07,1504.5,1517.5,1493,1517
2004-01-08,1516.5,1531,1515,1531
2004-01-09,1530.5,1545,1514.5,1521.5
2004-01-12,1521,1545.5,1518.5,1544.5
2004-01-13,1544.5,1548,1515,1528.5
2004-01-14,1528.5,1539.5,1524,1537.5
2004-01-15,1532,1548.5,1516,1537.5
2004-01-16,1536.5,1556,1535.5,1553
2004-01-19,1552.5,1558.5,1551.5,1553
2004-01-20,1552.5,1563,1542.5,1553
2004-01-21,1552,1557.5,1530.5,1547
2004-01-22,1550,1557.5,1532.5,1534.5
2004-01-23,1527,1549.5,1521,1533
2004-01-26,1530.5,1556,1523.5,1554.5
2004-01-27,1554,1557,1519.5,1520
2004-01-28,1519.5,1532.5,1489,1494
2004-01-29,1492.5,1502.5,1475.5,1499.5
2004-01-30,1501,1507,1488.5,1495
2004-02-02,1494,1509.5,1482,1489
2004-02-03,1488,1499,1483,1487
2004-02-04,1488,1489,1461.5,1463
2004-02-05,1463,1477,1462,1467.5
2004-02-06,1467,1501,1460,1494.5
2004-02-09,1496,1505,1491.5,1494
2004-02-10,1494,1506,1490.5,1497.5
2004-02-11,1497.5,1516.5,1492,1512.5
2004-02-12,1512.5,1517.5,1498.5,1500.5
2004-02-13,1501.5,1512.5,1479,1488
2004-02-16,1489,1492,1487,1491.5
2004-02-17,1489,1514,1487,1507.5
2004-02-18,1509,1517,1501.5,1511
2004-02-19,1512.5,1525.5,1482,1488.5
2004-02-20,1488,1495,1470.5,1483.5
2004-02-23,1483.5,1493.5,1454,1467
2004-02-24,1483.5,1483.5,1452,1463.5
2004-02-25,1464,1476,1458,1472
2004-02-26,1472,1482,1460.5,1475.5
2004-02-27,1475.5,1486.5,1459.5,1471.5
2004-03-01,1473,1491.5,1467,1490
2004-03-02,1490.5,1496,1473,1473
2004-03-03,1472.5,1475,1456.5,1464
2004-03-04,1465.5,1482,1463.5,1477.5
2004-03-05,1474,1494.5,1459,1474.5
2004-03-08,1475,1482,1437,1437.5
2004-03-09,1439.5,1447,1428.5,1435
2004-03-10,1436,1448.5,1413,1414.5
2004-03-11,1415,1429,1395.5,1403
2004-03-12,1403,1431,1397.5,1429
2004-03-15,1425,1431,1400.5,1405
2004-03-16,1408,1421,1395.5,1408
2004-03-17,1408.5,1435.5,1408.5,1431.5
2004-03-18,1431,1432.5,1409,1425
2004-03-19,1424.5,1432,1398.5,1400
2004-03-22,1399.5,1400,1371,1382.5
2004-03-23,1382.5,1396,1369.5,1371.5
2004-03-24,1372,1395.5,1365.5,1386.5
2004-03-25,1386,1429,1383,1424.5
2004-03-26,1425,1434,1418.5,1419.5
2004-03-29,1420.5,1449,1420,1443.5
2004-03-30,1443.5,1448,1430.5,1447
2004-03-31,1447,1454,1434,1441.5
2004-04-01,1443.5,1460,1438,1458.5
2004-04-02,1458.5,1496.5,1454.5,1495
2004-04-05,1493.5,1511,1487.5,1509
2004-04-06,1507.5,1509.5,1487,1488.5
2004-04-07,1488.5,1495,1477,1490
2004-04-08,1487,1507.5,1480,1489.5
2004-04-12,1489,1500,1485,1497.5
2004-04-13,1497.5,1508.5,1471,1476.5
2004-04-14,1473.5,1488,1462,1483.5
2004-04-15,1482.5,1488,1450.5,1456
2004-04-16,1452.5,1462.5,1442,1453.5
2004-04-19,1450.5,1473.5,1446,1471
2004-04-20,1470.5,1482,1435,1437.5
2004-04-21,1440,1454.5,1435.5,1448.5
2004-04-22,1456,1491,1444.5,1484
2004-04-23,1495.5,1501,1486,1498
2004-04-26,1497,1502,1476,1489.5
2004-04-27,1489,1498,1477.5,1484.5
2004-04-28,1484.5,1485,1450,1458
2004-04-29,1456.5,1462.5,1421.5,1436
2004-04-30,1434.5,1443,1399.5,1403
2004-05-03,1399.5,1430,1399.5,1414.5
2004-05-04,1413.5,1439.5,1410.5,1419
2004-05-05,1419.5,1437,1411.5,1432
2004-05-06,1432.5,1433.5,1403.5,1419
2004-05-07,1418.5,1434.5,1404.5,1406
2004-05-10,1405,1406.5,1384,1395.5
2004-05-11,1395.5,1424.5,1394,1416
2004-05-12,1419,1423,1378.5,1419
2004-05-13,1418.5,1426.5,1405.5,1409.5
2004-05-14,1409.5,1421.5,1393.5,1400
2004-05-17,1398.5,1401,1372.5,1386.5
2004-05-18,1385.5,1405,1385,1398
2004-05-19,1398.5,1429,1393,1396
2004-05-20,1394.5,1409,1390,1402
2004-05-21,1401,1415.5,1397.5,1408.5
2004-05-24,1407.5,1426.5,1407.5,1418
2004-05-25,1418,1451.5,1406,1446
2004-05-26,1446,1457,1438.5,1455.5
2004-05-27,1455,1468.5,1450.5,1467
2004-05-28,1465.5,1471.5,1457,1467
2004-05-31,1466.5,1470,1463,1468
2004-06-01,1466,1470.5,1453,1469
2004-06-02,1466.5,1476,1455,1465.5
2004-06-03,1465.5,1467.5,1441.5,1443
2004-06-04,1448.5,1473.5,1444.5,1456.5
2004-06-07,1454.5,1493,1454,1491
2004-06-08,1491,1496.5,1482.5,1492.5
2004-06-09,1492.5,1495,1468.5,1471.5
2004-06-10,1472,1485,1468,1482
2004-06-11,1485,1485,1474.5,1482
2004-06-14,1475,1480.5,1451.5,1461.5
2004-06-15,1465,1493.5,1464,1485
2004-06-16,1484.5,1491,1478.5,1482
2004-06-17,1480.5,1482.5,1462.5,1469.5
2004-06-18,1469.5,1486.5,1460.5,1468
2004-06-21,1469,1479,1454.5,1458
2004-06-22,1458.5,1481,1452.5,1479.5
2004-06-23,1479,1500,1472.5,1496.5
2004-06-24,1496.5,1506.5,1489.5,1493.5
2004-06-25,1494,1508.5,1491,1505.5
2004-06-28,1504.5,1521,1488.5,1493.5
2004-06-29,1493,1512,1488.5,1507.5
2004-06-30,1507.5,1528.5,1506,1521
2004-07-01,1521.5,1525.5,1483,1494
2004-07-02,1492,1497,1477,1488
2004-07-05,1489.5,1489.5,1483.5,1488.5
2004-07-06,1489.5,1493,1445,1453.5
2004-07-07,1453,1463,1448.5,1454
2004-07-08,1453.5,1456,1433.5,1438.5
2004-07-09,1438.5,1453,1436.5,1442
2004-07-12,1444.5,1446,1421,1434
2004-07-13,1435,1443.5,1428.5,1434
2004-07-14,1426,1436.5,1413.5,1419
2004-07-15,1421,1430,1413.5,1414
2004-07-16,1417,1428,1394.5,1397.5
2004-07-19,1398,1409.5,1389.5,1395
2004-07-20,1396,1434.5,1391,1427.5
2004-07-21,1428,1438,1385.5,1386.5
2004-07-22,1382.5,1414,1380,1405.5
2004-07-23,1398,1400.5,1371.5,1378
2004-07-26,1381,1388,1360,1373
2004-07-27,1373.5,1398,1372.5,1390.5
2004-07-28,1391,1395,1361.5,1385
2004-07-29,1384.5,1406.5,1380,1401.5
2004-07-30,1402.5,1414,1393,1402.5
2004-08-02,1400,1410.5,1387.5,1407
2004-08-03,1406.5,1408,1376.5,1378.5
2004-08-04,1378.5,1388.5,1369,1379
2004-08-05,1379,1386.5,1353,1354
2004-08-06,1353,1360.5,1315.5,1317.5
2004-08-09,1320,1327,1315.5,1320.5
2004-08-10,1321,1348.5,1320.5,1336.5
2004-08-11,1336.5,1337,1310.5,1326.5
2004-08-12,1325,1331.5,1303,1308.5
2004-08-13,1310.5,1317.5,1302,1311.5
2004-08-16,1311.5,1336.5,1303.5,1322
2004-08-17,1323,1345.5,1319,1338.5
2004-08-18,1338.5,1364.5,1328.5,1361.5
2004-08-19,1361.5,1364.5,1345,1355.5
2004-08-20,1355,1374,1348,1367.5
2004-08-23,1367.5,1379.5,1364.5,1371.5
2004-08-24,1371.5,1380,1361,1373.5
2004-08-25,1372.5,1392.5,1364.5,1390
2004-08-26,1389.5,1390.5,1380,1383
2004-08-27,1383,1395,1380,1390
2004-08-30,1389.5,1391,1365,1367
2004-08-31,1367.5,1373,1354,1370
2004-09-01,1369.5,1386,1360,1378
2004-09-02,1377.5,1403.5,1374,1398
2004-09-03,1387,1394,1369.5,1375
2004-09-06,1374.5,1381.5,1373,1381.5
2004-09-07,1374.5,1392,1372,1384
2004-09-08,1384,1395,1374,1380.5
2004-09-09,1379.5,1397.5,1372.5,1391
2004-09-10,1390,1416,1386.5,1413.5
2004-09-13,1414,1437,1410.5,1431.5
2004-09-14,1435.5,1442.5,1428,1438.5
2004-09-15,1440,1440,1417,1423
2004-09-16,1423,1435.5,1418,1425.5
2004-09-17,1425,1433.5,1419,1429
2004-09-20,1429.5,1443,1420.5,1431.5
2004-09-21,1433.5,1446.5,1428,1435.5
2004-09-22,1435,1436.5,1407,1411
2004-09-23,1410.5,1419,1407,1409.5
2004-09-24,1408,1420,1401.5,1404.5
2004-09-27,1404.5,1409.5,1386.5,1391.5
2004-09-28,1392,1399,1381,1393.5
2004-09-29,1393.5,1417,1389.5,1415.5
2004-09-30,1415,1422.5,1407.5,1417.5
2004-10-01,1417,1458,1412,1456.5
2004-10-04,1456,1477,1455.5,1464
2004-10-05,1464.5,1472,1458.5,1468
2004-10-06,1468,1479.5,1456.5,1479
2004-10-07,1479,1479.5,1458.5,1462.5
2004-10-08,1462.5,1469.5,1431.5,1435.5
2004-10-11,1435.5,1445.5,1435,1442.5
2004-10-12,1443,1443,1419,1439.5
2004-10-13,1443,1457.5,1428.5,1437
2004-10-14,1435,1441.5,1424.5,1430.5
2004-10-15,1428.5,1446,1422,1436
2004-10-18,1436.5,1461,1424,1457
2004-10-19,1457.5,1474,1443,1446
2004-10-20,1445,1460,1436.5,1452.5
2004-10-21,1451.5,1482.5,1448.5,1475.5
2004-10-22,1469,1481.5,1440.5,1443.5
2004-10-25,1443.5,1443.5,1429.5,1435
2004-10-26,1435,1444.5,1426.5,1443.5
2004-10-27,1444,1487,1437.5,1479.5
2004-10-28,1479.5,1495.5,1472,1489.5
2004-10-29,1490,1500.5,1477.5,1490
2004-11-01,1481,1498.5,1481,1491.5
2004-11-02,1492,1513,1488,1498
2004-11-03,1498,1529.5,1493.5,1508
2004-11-04,1505,1522.5,1494.5,1515
2004-11-05,1515,1538.5,1514,1530.5
2004-11-08,1530,1535,1523,1531
2004-11-09,1531,1537,1522.5,1526.5
2004-11-10,1526.5,1533,1516,1522.5
2004-11-11,1522,1545,1519.5,1541
2004-11-12,1541,1558,1537.5,1555.5
2004-11-15,1557,1565,1551.5,1563.5
2004-11-16,1562.5,1564,1543.5,1555.5
2004-11-17,1556,1583,1556,1574.5
2004-11-18,1575,1584.5,1565.5,1582.5
2004-11-19,1582,1582.5,1553,1558
2004-11-22,1555.5,1572.5,1547,1571.5
2004-11-23,1571,1575.5,1554,1570
2004-11-24,1570,1585.5,1569.5,1582.5
2004-11-25,1582,1593.5,1580,1592
2004-11-26,1582,1594,1577.5,1577.5
2004-11-29,1577.5,1596.5,1568.5,1577.5
2004-11-30,1578.5,1585.5,1572,1573
2004-12-01,1578.5,1609,1574.5,1602.5
2004-12-02,1603,1625.5,1599,1613
2004-12-03,1626,1633.5,1611,1611.5
2004-12-06,1611,1627,1606,1618.5
2004-12-07,1619,1629,1591,1593
2004-12-08,1592.5,1608.5,1588,1602.5
2004-12-09,1601.5,1617,1578,1606.5
2004-12-10,1608.5,1611.5,1599.5,1608.5
2004-12-13,1608.5,1623,1608,1622.5
2004-12-14,1631,1641.5,1625.5,1635
2004-12-15,1636,1645,1623,1633
2004-12-16,1631.5,1635.5,1609.5,1620.5
2004-12-17,1619.5,1624.5,1610,1610.5
2004-12-20,1610,1623.5,1595,1604
2004-12-21,1603.5,1620.5,1602,1616
2004-12-22,1615,1629,1611,1616
2004-12-23,1617,1628,1613.5,1618.5
2004-12-27,1620,1632,1607,1617
2004-12-28,1616.5,1632.5,1615,1630
2004-12-29,1629.5,1638.5,1627.5,1633.5
2004-12-30,1633.5,1638,1626,1628
2004-12-31,1628.5,1636.5,1620.5,1628.5
2005-01-03,1628,1644,1605,1615.5
2005-01-04,1614,1620,1571.5,1582.5
2005-01-05,1582.5,1588,1564.5,1565.5
2005-01-06,1566.5,1577.5,1561.5,1563
2005-01-07,1562.5,1584.5,1557.5,1567.5
2005-01-10,1570.5,1584.5,1564,1568
2005-01-11,1568.5,1572,1551,1559
2005-01-12,1565.5,1573,1547.5,1568
2005-01-13,1570,1576.5,1547.5,1550
2005-01-14,1549,1569.5,1548,1562.5
2005-01-18,1564.5,1580.5,1556,1576
2005-01-19,1576.5,1580.5,1541.5,1542.5
2005-01-20,1534.5,1540,1519,1522.5
2005-01-21,1524.5,1531,1506,1509.5
2005-01-24,1510,1514.5,1484.5,1491
2005-01-25,1491,1510,1491,1495
2005-01-26,1495.5,1518,1495,1506.5
2005-01-27,1508,1517.5,1500.5,1509
2005-01-28,1511,1518,1489.5,1509.5
2005-01-31,1513,1528,1512.5,1524
2005-02-01,1522.5,1532.5,1520.5,1529.5
2005-02-02,1529,1535.5,1518,1524.5
2005-02-03,1521.5,1525,1504.5,1511.5
2005-02-04,1511.5,1539,1506.5,1534
2005-02-07,1537.5,1542,1525.5,1530.5
2005-02-08,1532,1546.5,1527,1529.5
2005-02-09,1527.5,1537.5,1507,1509
2005-02-10,1508.5,1517.5,1499.5,1506.5
2005-02-11,1506,1539.5,1501,1534
2005-02-14,1536.5,1543,1532,1537.5
2005-02-15,1538,1565,1536.5,1548.5
2005-02-16,1548,1553,1537,1545.5
2005-02-17,1546.5,1550,1521,1524
2005-02-18,1523.5,1529.5,1514,1517
2005-02-22,1518.5,1526,1494.5,1502
2005-02-23,1501,1509,1490.5,1501.5
2005-02-24,1501.5,1521,1493.5,1518.5
2005-02-25,1519,1532,1514.5,1531
2005-02-28,1530.5,1536,1499.5,1513
2005-03-01,1513.5,1532,1511,1529
2005-03-02,1528.5,1543.5,1517,1525
2005-03-03,1525,1532.5,1502.5,1514
2005-03-04,1513.5,1533,1511.5,1525
2005-03-07,1528,1555,1524,1544.5
2005-03-08,1544,1551.5,1528.5,1532
2005-03-09,1533,1540,1520.5,1524
2005-03-10,1523.5,1528.5,1504.5,1524.5
2005-03-11,1531.5,1535,1502,1509
2005-03-14,1509,1516.5,1503,1515.5
2005-03-15,1525.5,1532,1510.5,1514
2005-03-16,1513.5,1520,1491,1495.5
2005-03-17,1495.5,1506.5,1491.5,1498
2005-03-18,1498.5,1503.5,1483,1491
2005-03-21,1492.5,1500,1479,1488.5
2005-03-22,1487,1499.5,1473,1474.5
2005-03-23,1473.5,1489,1463.5,1479
2005-03-24,1479,1495,1478,1480
2005-03-28,1482,1494,1479.5,1481
2005-03-29,1481,1492.5,1465.5,1477
2005-03-30,1477,1500.5,1475,1499
2005-03-31,1499,1504.5,1485.5,1491
2005-04-01,1491.5,1508,1473,1480
2005-04-04,1478,1490,1468.5,1485
2005-04-05,1486.5,1495,1484.5,1491.5
2005-04-06,1491.5,1505,1484.5,1493
2005-04-07,1493.5,1510,1486,1509
2005-04-08,1510,1511.5,1491.5,1493.5
2005-04-11,1492,1499,1483,1485
2005-04-12,1485.5,1497.5,1466,1493.5
2005-04-13,1494,1495,1465.5,1470
2005-04-14,1470,1474.5,1439,1441
2005-04-15,1440.5,1441,1412.5,1414.5
2005-04-18,1414.5,1424.5,1400.5,1414.5
2005-04-19,1415,1429.5,1414,1426
2005-04-20,1432,1439.5,1408.5,1414.5
2005-04-21,1411.5,1454.5,1409.5,1449
2005-04-22,1448.5,1451,1417,1431.5
2005-04-25,1430.5,1444,1430,1441.5
2005-04-26,1442,1452,1425,1429
2005-04-27,1427.5,1434.5,1413.5,1427
2005-04-28,1428,1430.5,1411.5,1412.5
2005-04-29,1416,1427.5,1397.5,1425.5
2005-05-02,1426,1439,1419,1427.5
2005-05-03,1428,1441,1424,1438
2005-05-04,1438,1458,1433.5,1452
2005-05-05,1452.5,1461.5,1444.5,1456.5
2005-05-06,1456,1468,1453,1458
2005-05-09,1459.5,1467,1449.5,1463.5
2005-05-10,1463.5,1465,1448,1454
2005-05-11,1453.5,1465,1435,1461
2005-05-12,1461,1472,1449,1457.5
2005-05-13,1460,1483,1459,1473.5
2005-05-16,1474.5,1485.5,1468.5,1481
2005-05-17,1481,1495.5,1472,1494
2005-05-18,1494,1518.5,1488,1512.5
2005-05-19,1513,1525,1511.5,1524
2005-05-20,1524,1532,1517.5,1530.5
2005-05-23,1530.5,1543.5,1527,1539
2005-05-24,1538.5,1544,1531.5,1540.5
2005-05-25,1540.5,1542,1526.5,1538.5
2005-05-26,1537.5,1554.5,1536.5,1549
2005-05-27,1549,1553.5,1543.5,1552
2005-05-31,1552,1558.5,1540,1545
2005-06-01,1544,1570.5,1542.5,1557.5
2005-06-02,1557,1572,1555,1571.5
2005-06-03,1571.5,1576.5,1543.5,1550.5
2005-06-06,1550,1552.5,1540.5,1545.5
2005-06-07,1546,1562,1532,1534
2005-06-08,1534,1542.5,1524.5,1530.5
2005-06-09,1529,1544.5,1521.5,1537.5
2005-06-10,1537,1541,1516.5,1524
2005-06-13,1523,1539.5,1520,1531
2005-06-14,1543,1557,1532.5,1538
2005-06-15,1538.5,1548.5,1521.5,1539.5
2005-06-16,1539,1552.5,1538,1547
2005-06-17,1547,1562.5,1543.5,1548
2005-06-20,1548.5,1557.5,1537,1545.5
2005-06-21,1545,1554.5,1541.5,1551
2005-06-22,1551,1558.5,1538,1548
2005-06-23,1548.5,1561,1525.5,1527.5
2005-06-24,1527,1530,1507.5,1511.5
2005-06-27,1511.5,1515,1499.5,1506
2005-06-28,1506,1523,1505.5,1517
2005-06-29,1517,1524,1510.5,1511.5
2005-06-30,1512,1520,1500,1503
2005-07-01,1502,1512.5,1498,1500
2005-07-05,1500,1519,1491.5,1513.5
2005-07-06,1513,1522,1504.5,1507
2005-07-07,1506.5,1514,1465,1512.5
2005-07-08,1512.5,1545,1509.5,1544.5
2005-07-11,1544.5,1558.5,1542.5,1557.5
2005-07-12,1557,1569.5,1551,1562
2005-07-13,1563,1568.5,1557.5,1567
2005-07-14,1568,1586,1563.5,1584
2005-07-15,1584,1591,1576,1587
2005-07-18,1586,1586.5,1578,1582
2005-07-19,1582,1601,1581.5,1600
2005-07-20,1595.5,1614,1586,1608.5
2005-07-21,1614.5,1623,1598.5,1606
2005-07-22,1604,1614.5,1598.5,1609.5
2005-07-25,1609.5,1616,1598.5,1604
2005-07-26,1605.5,1611.5,1597.5,1607
2005-07-27,1607.5,1620.5,1598.5,1617.5
2005-07-28,1617.5,1627.5,1615.5,1626.5
2005-07-29,1626,1630,1611,1611.5
2005-08-01,1616,1623,1609.5,1615
2005-08-02,1615,1635.5,1613.5,1629
2005-08-03,1629.5,1635,1624,1632.5
2005-08-04,1632.5,1633.5,1611.5,1616.5
2005-08-05,1616,1620.5,1605,1607.5
2005-08-08,1607,1614,1593.5,1598.5
2005-08-09,1598.5,1612.5,1596.5,1607.5
2005-08-10,1607.5,1615.5,1586.5,1596
2005-08-11,1595.5,1609.5,1591,1594.5
2005-08-12,1595.5,1600,1585.5,1592.5
2005-08-15,1592,1612.5,1587,1606
2005-08-16,1606.5,1608,1576.5,1583
2005-08-17,1582,1593.5,1577.5,1583.5
2005-08-18,1584.5,1590,1576.5,1579.5
2005-08-19,1579.5,1586.5,1576,1579.5
2005-08-22,1578.5,1593.5,1569,1580.5
2005-08-23,1581,1583,1569.5,1577.5
2005-08-24,1576.5,1593,1562.5,1565
2005-08-25,1564,1573,1562.5,1567
2005-08-26,1568,1570.5,1555,1563.5
2005-08-29,1559,1579,1544.5,1574.5
2005-08-30,1575,1576.5,1557,1570
2005-08-31,1569.5,1588.5,1563,1584
2005-09-01,1585.5,1590.5,1575,1579
2005-09-02,1578.5,1585.5,1573,1576.5
2005-09-06,1578.5,1600,1577,1598.5
2005-09-07,1598.5,1603,1592,1598.5
2005-09-08,1599.5,1606.5,1593,1599
2005-09-09,1598,1611.5,1596,1609
2005-09-12,1609.5,1618.5,1606.5,1613
2005-09-13,1626,1634.5,1618.5,1623
2005-09-14,1622.5,1628,1602,1604
2005-09-15,1604,1609.5,1597.5,1599.5
2005-09-16,1599,1614.5,1598,1611.5
2005-09-19,1612.5,1612.5,1591.5,1602
2005-09-20,1602,1618,1587,1592
2005-09-21,1590.5,1595,1573,1574.5
2005-09-22,1574,1583,1563.5,1577
2005-09-23,1577.5,1589.5,1570.5,1585
2005-09-26,1592,1597,1575.5,1587
2005-09-27,1586.5,1591,1574,1581.5
2005-09-28,1581.5,1592.5,1575.5,1580.5
2005-09-29,1580,1603,1571,1601
2005-09-30,1601,1616,1598.5,1614
2005-10-03,1615.5,1624.5,1613.5,1618.5
2005-10-04,1618,1629.5,1603,1604
2005-10-05,1603.5,1607.5,1581,1582.5
2005-10-06,1583,1587,1548.5,1564.5
2005-10-07,1564.5,1573,1558.5,1563
2005-10-10,1562,1571,1553,1554.5
2005-10-11,1555,1563.5,1543,1545.5
2005-10-12,1547,1553.5,1525.5,1526.5
2005-10-13,1527.5,1547.5,1523,1536
2005-10-14,1536.5,1553.5,1536.5,1550
2005-10-17,1550.5,1559,1542.5,1556
2005-10-18,1556,1561.5,1544,1547
2005-10-19,1547.5,1582,1533.5,1581
2005-10-20,1577,1584,1553,1566
2005-10-21,1566,1580,1562,1575.5
2005-10-24,1575,1599,1568,1598
2005-10-25,1597.5,1597.5,1580.5,1590
2005-10-26,1590.5,1601.5,1579.5,1586
2005-10-27,1585,1585,1549.5,1555
2005-10-28,1548.5,1565,1545.5,1560.5
2005-10-31,1560.5,1591.5,1560.5,1586.5
2005-11-01,1578,1590,1574,1585.5
2005-11-02,1584.5,1611,1577,1609.5
2005-11-03,1608.5,1633.5,1604.5,1629
2005-11-04,1628.5,1638.5,1623,1632.5
2005-11-07,1633.5,1641,1627,1633
2005-11-08,1632.5,1643,1628.5,1636.5
2005-11-09,1637,1642.5,1629.5,1638
2005-11-10,1637.5,1657.5,1625,1656.5
2005-11-11,1656.5,1666,1655.5,1659
2005-11-14,1659,1663.5,1653,1659
2005-11-15,1658.5,1665,1644,1652.5
2005-11-16,1652,1662,1647,1661.5
2005-11-17,1661,1687.5,1658.5,1684.5
2005-11-18,1684,1695,1679,1683
2005-11-21,1684,1692.5,1677.5,1691.5
2005-11-22,1691,1703,1682,1696.5
2005-11-23,1696,1709,1694.5,1700.5
2005-11-24,1701.5,1701.5,1696.5,1699
2005-11-25,1700,1705.5,1696.5,1704.5
2005-11-28,1704,1710,1686.5,1692.5
2005-11-29,1691.5,1701.5,1679.5,1681
2005-11-30,1680,1686,1673.5,1675
2005-12-01,1678,1708.5,1676,1704
2005-12-02,1705,1712,1701,1710
2005-12-05,1710,1714,1691,1699.5
2005-12-06,1699,1719,1698,1704.5
2005-12-07,1705,1707.5,1689.5,1700.5
2005-12-08,1700.5,1705,1675,1687
2005-12-09,1685,1695,1679.5,1694
2005-12-12,1695.5,1702.5,1691.5,1700
2005-12-13,1717.5,1731,1711.5,1724
2005-12-14,1724,1726.5,1709,1718.5
2005-12-15,1719,1724,1704.5,1717
2005-12-16,1716.5,1724.5,1706,1709.5
2005-12-19,1710.5,1715,1677.5,1679.5
2005-12-20,1679,1689,1673.5,1679.5
2005-12-21,1680,1699.5,1678,1684
2005-12-22,1684.5,1702,1683,1700.5
2005-12-23,1700.5,1706.5,1694,1700
2005-12-27,1700.5,1710,1680.5,1683.5
2005-12-28,1683,1689,1676,1681
2005-12-29,1681.5,1686,1665.5,1668
2005-12-30,1668,1670,1654,1659
2006-01-03,1658,1701,1646,1693
2006-01-04,1694,1713.5,1687,1713
2006-01-05,1713,1725.5,1708,1723
2006-01-06,1722.5,1750,1720.5,1748
2006-01-09,1747.5,1758.5,1742,1754.5
2006-01-10,1753.5,1760.5,1743,1760
2006-01-11,1759,1774,1755.5,1771
2006-01-12,1770,1773,1754.5,1764
2006-01-13,1763.5,1766,1749.5,1760
2006-01-16,1760,1764,1755,1763.5
2006-01-17,1760,1764,1740,1751.5
2006-01-18,1742.5,1742.5,1713.5,1727.5
2006-01-19,1724,1752.5,1721.5,1738.5
2006-01-20,1738.5,1739.5,1683.5,1685.5
2006-01-23,1684.5,1696,1680,1688
2006-01-24,1687.5,1706,1681.5,1693
2006-01-25,1693.5,1705,1679.5,1688.5
2006-01-26,1687,1704.5,1685,1698.5
2006-01-27,1700.5,1733,1699.5,1722.5
2006-01-30,1722,1730,1719.5,1723.5
2006-01-31,1723.5,1728,1693.5,1719.5
2006-02-01,1698.5,1725.5,1695.5,1723.5
2006-02-02,1723.5,1723.5,1688.5,1689
2006-02-03,1690.5,1699,1665.5,1667.5
2006-02-06,1668.5,1675,1657.5,1669.5
2006-02-07,1669.5,1671.5,1651.5,1662.5
2006-02-08,1662,1680,1660.5,1675.5
2006-02-09,1676,1689,1658,1659
2006-02-10,1659.5,1676,1642.5,1666.5
2006-02-13,1666.5,1667,1644,1653
2006-02-14,1653,1673.5,1648.5,1666
2006-02-15,1667,1682.5,1660.5,1679.5
2006-02-16,1679.5,1698,1677.5,1695.5
2006-02-17,1697.5,1697.5,1676.5,1677.5
2006-02-20,1678,1680.5,1675.5,1677.5
2006-02-21,1678,1688,1655,1661
2006-02-22,1661,1689.5,1657,1679.5
2006-02-23,1680,1693,1673.5,1675.5
2006-02-24,1675,1684.5,1670.5,1683.5
2006-02-27,1684,1705.5,1683.5,1695
2006-02-28,1696,1699.5,1668.5,1674.5
2006-03-01,1673,1701,1671.5,1698
2006-03-02,1698,1703.5,1686,1699.5
2006-03-03,1699,1710,1679.5,1685.5
2006-03-06,1686,1694.5,1667,1674.5
2006-03-07,1674,1674.5,1654,1665.5
2006-03-08,1664.5,1671.5,1647.5,1666.5
2006-03-09,1665,1674,1642,1643
2006-03-10,1643,1659,1634,1648.5
2006-03-13,1648.5,1665,1647.5,1655.5
2006-03-14,1673.5,1705.5,1667,1704.5
2006-03-15,1703.5,1716.5,1698.5,1714.5
2006-03-16,1714,1723,1698,1700
2006-03-17,1699,1710.5,1695,1704.5
2006-03-20,1704.5,1713.5,1702,1705.5
2006-03-21,1706.5,1727.5,1687.5,1690.5
2006-03-22,1690,1696.5,1671.5,1691
2006-03-23,1691.5,1694,1677.5,1690.5
2006-03-24,1690,1706,1685.5,1697.5
2006-03-27,1698,1705,1694,1699
2006-03-28,1699,1712,1683.5,1691
2006-03-29,1689.5,1728.5,1687,1720.5
2006-03-30,1720.5,1737.5,1715.5,1725
2006-03-31,1725,1732,1717,1720
2006-04-03,1724.25,1739.25,1720,1723.75
2006-04-04,1723.75,1736.75,1721,1731.5
2006-04-05,1731.5,1751,1730,1747.25
2006-04-06,1746.75,1761.25,1742,1754.75
2006-04-07,1753.25,1765.75,1735,1739.75
2006-04-10,1737.25,1743,1726.5,1735.5
2006-04-11,1735.5,1739.5,1709.5,1720.75
2006-04-12,1720.25,1724.25,1713.5,1718.75
2006-04-13,1719.5,1734.75,1713,1725.5
2006-04-17,1724,1729.75,1696.25,1710.5
2006-04-18,1710.25,1744.25,1706,1739.75
2006-04-19,1741,1751.5,1732.75,1744.5
2006-04-20,1742.5,1753.75,1736,1741.25
2006-04-21,1743.5,1749.75,1712,1719
2006-04-24,1718,1722.75,1707.75,1721.5
2006-04-25,1721,1724.5,1704.75,1714.5
2006-04-26,1714.25,1721.25,1706.25,1710.75
2006-04-27,1711.5,1739,1697.75,1727.5
2006-04-28,1726,1727.25,1709,1711
2006-05-01,1714.5,1719.75,1689.25,1693
2006-05-02,1693.5,1706.75,1693.25,1697.75
2006-05-03,1697.75,1702.5,1687.75,1693.5
2006-05-04,1693.5,1716.75,1692.5,1709.75
2006-05-05,1709.75,1725.5,1709.25,1720.25
2006-05-08,1720.5,1728,1719.25,1721.25
2006-05-09,1721.5,1724.25,1715.75,1721.75
2006-05-10,1721.25,1722.5,1698,1700.75
2006-05-11,1700.5,1706.25,1660,1664.75
2006-05-12,1664.5,1667,1641,1641.5
2006-05-15,1639,1647.75,1619,1635.75
2006-05-16,1636.25,1644,1624,1628.25
2006-05-17,1629,1635,1600.75,1604.75
2006-05-18,1606,1618.5,1592,1594.75
2006-05-19,1595,1610.75,1581.25,1605.25
2006-05-22,1606.5,1610.5,1576,1586.25
2006-05-23,1586.75,1607,1562.25,1565.25
2006-05-24,1566,1591.75,1557.25,1584.5
2006-05-25,1584.25,1607,1579.5,1605.25
2006-05-26,1603.75,1612.25,1598.5,1609.75
2006-05-29,1609,1611.25,1606,1606.25
2006-05-30,1606.25,1607.25,1569.75,1570
2006-05-31,1571.25,1591.5,1565.25,1583
2006-06-01,1583,1619.75,1575,1619
2006-06-02,1618.75,1636.75,1601,1614.5
2006-06-05,1612.75,1613.5,1579.25,1582.75
2006-06-06,1582.5,1589.75,1561.5,1577.5
2006-06-07,1578.5,1594.5,1558.75,1562.5
2006-06-08,1564.5,1569,1525.75,1556.5
2006-06-09,1556.5,1576.5,1547.75,1549.5
2006-06-12,1550,1560,1520.5,1523.5
2006-06-13,1542,1555.5,1529.75,1533
2006-06-14,1533.5,1550,1528.5,1545.75
2006-06-15,1546.75,1596.75,1546,1594.5
2006-06-16,1594.5,1613,1572.5,1575.5
2006-06-19,1576.25,1587,1560.75,1565
2006-06-20,1565.5,1583.75,1561.25,1570
2006-06-21,1570,1604.5,1566.5,1591.5
2006-06-22,1592.25,1598,1562.5,1573.5
2006-06-23,1572,1584.75,1560.5,1568.5
2006-06-26,1568.25,1579,1565.5,1571
2006-06-27,1571.5,1576.25,1541.75,1545.25
2006-06-28,1545,1558.25,1536.75,1558
2006-06-29,1558,1606,1556.5,1605
2006-06-30,1604.25,1611.25,1590.25,1591.5
2006-07-03,1593.5,1603.5,1592.5,1601.5
2006-07-04,1601,1602.5,1597.5,1601.75
2006-07-05,1601,1602.5,1564.25,1568.25
2006-07-06,1569,1580.25,1560.75,1565
2006-07-07,1566.25,1581,1542.5,1550.25
2006-07-10,1549.5,1557.75,1526.25,1537.75
2006-07-11,1537.75,1549,1522,1545
2006-07-12,1545.5,1547.5,1511.5,1516.75
2006-07-13,1516.5,1519.5,1487.25,1489.75
2006-07-14,1490.75,1493.5,1468.25,1475
2006-07-17,1476.25,1486.75,1464.75,1480.25
2006-07-18,1479.75,1489.25,1457.75,1486.75
2006-07-19,1488,1510.25,1476.5,1490.75
2006-07-20,1489.5,1507.75,1470.75,1477.25
2006-07-21,1482.5,1486,1459.75,1461.25
2006-07-24,1460.75,1496.25,1459.25,1494.5
2006-07-25,1494.75,1505,1484.25,1492.25
2006-07-26,1490.75,1509.5,1483,1495.75
2006-07-27,1495.75,1516.25,1484,1494.5
2006-07-28,1493.25,1522,1491.25,1521.25
2006-07-31,1520,1527,1509.75,1518.75
2006-08-01,1516,1517.25,1483.5,1493.75
2006-08-02,1493.75,1519.25,1492.75,1509.75
2006-08-03,1510.25,1527.5,1492.5,1521.25
2006-08-04,1522.25,1539.25,1497,1515.5
2006-08-07,1515,1515.25,1493.75,1502.5
2006-08-08,1502.25,1509,1481.75,1492.5
2006-08-09,1493,1525.25,1488.75,1495
2006-08-10,1494.75,1507.25,1483.5,1497.5
2006-08-11,1499.25,1501.5,1485.5,1496
2006-08-14,1497.75,1522.75,1497.75,1500.25
2006-08-15,1501,1542.25,1500.5,1540.5
2006-08-16,1541,1577,1538.75,1576.25
2006-08-17,1575.75,1591.5,1569,1577.75
2006-08-18,1578.5,1585.75,1562.5,1585
2006-08-21,1583.5,1583.75,1561.5,1568.5
2006-08-22,1568,1583.75,1560.75,1566.5
2006-08-23,1566.25,1577.25,1548,1558.25
2006-08-24,1558,1564.5,1546.75,1557.25
2006-08-25,1558,1576,1551.75,1560.75
2006-08-28,1561,1579.5,1556,1570.5
2006-08-29,1571.25,1580.25,1556,1576
2006-08-30,1575.5,1587.5,1572.75,1584.5
2006-08-31,1585,1590.5,1579,1583
2006-09-01,1584,1597.25,1582.75,1590.5
2006-09-04,1590,1596.5,1590,1595.25
2006-09-05,1590,1608.25,1582.25,1604.75
2006-09-06,1604.25,1604.5,1571.75,1575.75
2006-09-07,1575.25,1583.75,1561.5,1568.25
2006-09-08,1568.5,1580.25,1565.5,1571
2006-09-11,1571.25,1593.25,1559,1583.5
2006-09-12,1602,1638.5,1595.25,1633.75
2006-09-13,1633.75,1645.75,1631.5,1642.75
2006-09-14,1643.25,1649.25,1636.75,1644.75
2006-09-15,1645,1665.75,1644,1652.5
2006-09-18,1653,1663.25,1644.25,1652.5
2006-09-19,1652.5,1658,1627,1642.5
2006-09-20,1645.25,1667.75,1644.25,1663.75
2006-09-21,1663.5,1673,1648.5,1654.75
2006-09-22,1654.5,1657.25,1632.5,1641
2006-09-25,1640.5,1672,1631.5,1665.25
2006-09-26,1665.5,1677.5,1661,1673.5
2006-09-27,1673.75,1683.25,1664.25,1677.25
2006-09-28,1676.75,1680.5,1661.25,1673.5
2006-09-29,1674,1682,1669.25,1671.25
2006-10-02,1670.5,1674.75,1646.25,1647.5
2006-10-03,1647,1663,1638,1653.75
2006-10-04,1654.5,1696.25,1648,1692.5
2006-10-05,1692.5,1706.25,1690.75,1701.75
2006-10-06,1701.5,1706.25,1691.75,1700
2006-10-09,1698.75,1713.5,1693,1703.75
2006-10-10,1703.75,1713.5,1695.25,1703.75
2006-10-11,1704,1716.25,1685,1706.5
2006-10-12,1706,1734,1704,1732.75
2006-10-13,1733,1744,1728.25,1739.25
2006-10-16,1739,1748,1735.75,1741.25
2006-10-17,1740.75,1741,1712.5,1720.25
2006-10-18,1723.25,1734.25,1707.25,1715
2006-10-19,1715.75,1726.25,1704.5,1722.75
2006-10-20,1723,1726.25,1706.25,1718.75
2006-10-23,1719,1747.75,1713.25,1734.5
2006-10-24,1735.5,1739,1717,1726.25
2006-10-25,1726,1741.25,1721.5,1740.5
2006-10-26,1740.5,1757,1728.5,1753
2006-10-27,1753,1757,1722.25,1731.5
2006-10-30,1730.75,1745.75,1721.5,1736.75
2006-10-31,1736.5,1749.75,1731.25,1742.75
2006-11-01,1743.25,1750.5,1710,1719.25
2006-11-02,1718.5,1723.5,1707.25,1716.5
2006-11-03,1717.25,1725,1701.25,1713.75
2006-11-06,1713,1745.75,1712.75,1737.25
2006-11-07,1736.75,1762,1735.5,1751.75
2006-11-08,1751.25,1765.25,1735.5,1761.75
2006-11-09,1760.75,1770.75,1743.5,1750.5
2006-11-10,1750.25,1759.5,1743.25,1758.25
2006-11-13,1758.25,1778.25,1756,1773.5
2006-11-14,1772,1800,1766,1796.25
2006-11-15,1796,1812.5,1793,1801.25
2006-11-16,1799.5,1813,1796.75,1810.25
2006-11-17,1808.5,1808.75,1794,1806.75
2006-11-20,1807,1814.75,1795,1811.25
2006-11-21,1811.25,1815.75,1805,1815.5
2006-11-22,1817,1826,1805,1824.25
2006-11-23,1824.5,1825,1821,1823.5
2006-11-24,1824.5,1825,1813.5,1820.25
2006-11-27,1819,1822.25,1777.75,1779
2006-11-28,1780.5,1786.75,1766.5,1782.25
2006-11-29,1782.5,1800,1778.5,1795.75
2006-11-30,1795.5,1804.25,1783.5,1794.75
2006-12-01,1794.25,1798.5,1762.5,1782
2006-12-04,1781.25,1811.75,1778.25,1803.5
2006-12-05,1803.5,1814.25,1799.25,1808
2006-12-06,1807.5,1808.75,1793.5,1801.25
2006-12-07,1801,1810,1776.25,1776.5
2006-12-08,1777,1800.75,1768.5,1786
2006-12-11,1784.25,1805,1780,1795.25
2006-12-12,1816.75,1817.5,1793.25,1803
2006-12-13,1803.5,1816.5,1795.25,1807
2006-12-14,1807,1834.5,1804.75,1825.5
2006-12-15,1825.75,1848.75,1825.5,1829.5
2006-12-18,1828.5,1843.5,1804.25,1811
2006-12-19,1811.5,1814.5,1786.5,1803.25
2006-12-20,1803.5,1816,1796.25,1797.75
2006-12-21,1798.5,1804,1778.25,1785.25
2006-12-22,1786.5,1790.25,1763.25,1764
2006-12-26,1764.75,1775.25,1763.75,1773.5
2006-12-27,1773.25,1788,1772.75,1779.25
2006-12-28,1779.5,1783.5,1770,1774.5
2006-12-29,1774.75,1793.25,1772.75,1775
2007-01-03,1780.5,1811,1747,1779
2007-01-04,1779.75,1816.5,1770.5,1812.25
2007-01-05,1812.75,1816,1785.75,1797.25
2007-01-08,1798,1812.25,1792.25,1803.5
2007-01-09,1803.75,1818.75,1792,1810.5
2007-01-10,1810.75,1835.5,1798,1834.5
2007-01-11,1835,1856.5,1830.25,1849.75
2007-01-12,1850.5,1863,1845.5,1862.25
2007-01-16,1862.25,1867.75,1851.5,1855.75
2007-01-17,1855.25,1857.75,1838.5,1841.25
2007-01-18,1844.25,1846.75,1802,1806
2007-01-19,1805.5,1815.5,1800.75,1806.5
2007-01-22,1807,1814.25,1783.25,1792.25
2007-01-23,1792.5,1803.25,1783.25,1787
2007-01-24,1786.5,1815.75,1784.75,1815.25
2007-01-25,1819.5,1823.5,1784.75,1791.25
2007-01-26,1792.75,1795.75,1773,1779.25
2007-01-29,1781,1798.25,1775.25,1786.75
2007-01-30,1787.75,1794.5,1782,1789.25
2007-01-31,1789.5,1808.75,1773.5,1802.5
2007-02-01,1804.5,1817,1794.25,1803.25
2007-02-02,1804.25,1810.5,1797.25,1807.25
2007-02-05,1807,1814.5,1798.25,1805.5
2007-02-06,1805.5,1810.25,1784.75,1803.5
2007-02-07,1802.5,1825.75,1802.5,1823
2007-02-08,1822,1823.25,1808.75,1821.75
2007-02-09,1820.75,1828,1787.25,1792.5
2007-02-12,1792.75,1794.75,1781.25,1785.5
2007-02-13,1785.75,1798.25,1784.75,1796
2007-02-14,1795.75,1826.25,1793.5,1822.75
2007-02-15,1822.75,1832,1818.25,1831
2007-02-16,1830,1830.75,1819.75,1827.25
2007-02-19,1827,1832,1825.5,1829
2007-02-20,1827,1842.25,1813.75,1838.75
2007-02-21,1838,1845,1828.75,1844.5
2007-02-22,1844.75,1857.5,1837.5,1854.25
2007-02-23,1853.75,1856.75,1837.25,1845
2007-02-26,1845.75,1855.5,1824,1837.75
2007-02-27,1837.5,1838.25,1744.25,1750.5
2007-02-28,1750.25,1783,1743.25,1765.5
2007-03-01,1764.5,1776,1720,1757.75
2007-03-02,1757.25,1763,1724.25,1726.25
2007-03-05,1726,1742.25,1704.75,1713.75
2007-03-06,1714.75,1750,1711,1745
2007-03-07,1744.75,1749.25,1735.5,1737.5
2007-03-08,1737.75,1759.75,1733.25,1754.5
2007-03-09,1754.25,1767.25,1735.25,1747.75
2007-03-12,1749,1760.5,1739.5,1757.75
2007-03-13,1777.75,1779.75,1738.5,1744.25
2007-03-14,1744.25,1769.25,1731.5,1768.5
2007-03-15,1767.5,1776,1757.25,1764.75
2007-03-16,1765,1771,1753.25,1764
2007-03-19,1761,1785.5,1757.5,1781.25
2007-03-20,1781.5,1793.75,1777.75,1792.25
2007-03-21,1792.5,1827.5,1782.25,1825
2007-03-22,1824.25,1831,1812.5,1818.75
2007-03-23,1818,1824.5,1810.75,1811.5
2007-03-26,1810.75,1822.25,1793.25,1818.25
2007-03-27,1818.25,1819.5,1806.25,1810.25
2007-03-28,1809.5,1810.25,1787,1790.25
2007-03-29,1789.75,1802,1770.25,1788
2007-03-30,1787,1801.25,1775.25,1790.75
2007-04-02,1791.75,1797.25,1778.25,1790
2007-04-03,1790.5,1819,1789.75,1814.75
2007-04-04,1814,1821.25,1811,1819.25
2007-04-05,1818.25,1831.5,1814.5,1828.25
2007-04-06,1828,1839.5,1827.75,1828.25
2007-04-09,1839.75,1839.75,1820.5,1824
2007-04-10,1823.75,1833.25,1822,1829.5
2007-04-11,1830,1833.75,1807.25,1812.75
2007-04-12,1812,1830,1802.25,1827.75
2007-04-13,1827.25,1833.25,1815.5,1831.75
2007-04-16,1832,1850.5,1829.5,1848.25
2007-04-17,1847.5,1855,1842.75,1852.25
2007-04-18,1852.5,1853,1836.5,1848.25
2007-04-19,1849.25,1853.75,1831.25,1849
2007-04-20,1848.5,1870.25,1846.75,1862.5
2007-04-23,1862.5,1867.25,1856.75,1863
2007-04-24,1862.25,1876.75,1855.75,1870.25
2007-04-25,1870.25,1896.75,1869.25,1894
2007-04-26,1893.5,1909,1893.5,1906
2007-04-27,1904.5,1907.25,1894.5,1906.75
2007-04-30,1905.5,1907.75,1878.5,1879.25
2007-05-01,1876.5,1887.75,1868,1885.75
2007-05-02,1885.5,1905,1883.5,1898.75
2007-05-03,1899.25,1910,1897,1906.5
2007-05-04,1906,1922.5,1897.75,1908.5
2007-05-07,1907.25,1912.5,1903.25,1906.75
2007-05-08,1906.75,1911.75,1892,1905.5
2007-05-09,1905.75,1918.75,1897,1912.25
2007-05-10,1912.5,1912.5,1882,1886.5
2007-05-11,1886.5,1911.75,1882.25,1910.5
2007-05-14,1910.25,1925.75,1886.25,1896.25
2007-05-15,1896,1907.25,1877.75,1883.5
2007-05-16,1883.25,1901.5,1873.75,1901.25
2007-05-17,1900.75,1901,1889,1890.25
2007-05-18,1891.25,1906,1888.75,1905.75
2007-05-21,1905.25,1927.25,1903,1916.25
2007-05-22,1916,1928.75,1912.25,1920.25
2007-05-23,1920.5,1931.5,1907.75,1910.25
2007-05-24,1910.25,1917.5,1874,1882
2007-05-25,1881.5,1898,1880.5,1893
2007-05-29,1894,1911.75,1891.5,1906.5
2007-05-30,1906,1924.75,1887.5,1922.5
2007-05-31,1922.5,1935.75,1922.25,1932.25
2007-06-01,1933.5,1945,1928.75,1932.25
2007-06-04,1932.5,1939.75,1922,1936.75
2007-06-05,1936.5,1937.5,1918.75,1936
2007-06-06,1936,1938.5,1910.75,1914
2007-06-07,1914.75,1923.75,1881.75,1882.5
2007-06-08,1884,1909.5,1874,1909
2007-06-11,1909.25,1919.25,1902.25,1905.5
2007-06-12,1931,1938.25,1913.75,1918
2007-06-13,1918.25,1939.75,1912.5,1937.25
2007-06-14,1937,1955.75,1936,1951.25
2007-06-15,1951.25,1973,1949.75,1969.75
2007-06-18,1969,1974.75,1964.25,1967.5
2007-06-19,1968,1972,1957,1967
2007-06-20,1967,1975,1945.25,1947.75
2007-06-21,1948.75,1968,1938.25,1965.75
2007-06-22,1965.75,1966.5,1940.25,1948
2007-06-25,1947.75,1958.25,1927,1941
2007-06-26,1941.5,1948.5,1923.5,1925.5
2007-06-27,1926.5,1956.75,1918,1955.5
2007-06-28,1954.75,1967.75,1951.5,1955.25
2007-06-29,1957,1969.25,1941.5,1956
2007-07-02,1955,1975.25,1954.75,1972
2007-07-03,1973,1985,1971.75,1985
2007-07-05,1985.5,2003.75,1979,1998
2007-07-06,1996.5,2009.75,1992.5,2009
2007-07-09,2008,2014.5,2001.25,2008.5
2007-07-10,2009,2010.75,1989.25,1992
2007-07-11,1992,2010,1983,2009.5
2007-07-12,2009.75,2039.25,2006.25,2034.75
2007-07-13,2034.25,2051.25,2033.5,2046.75
2007-07-16,2047.5,2055.75,2041.5,2048.5
2007-07-17,2048,2064.25,2042.25,2060.75
2007-07-18,2056.5,2060.5,2036,2059.75
2007-07-19,2059.5,2077.75,2054.25,2065.5
2007-07-20,2063.5,2065.5,2040,2055.25
2007-07-23,2053.5,2063,2047,2053.5
2007-07-24,2053.25,2054.25,2011,2025.5
2007-07-25,2026.25,2036,2010.75,2026.5
2007-07-26,2026.5,2039.5,1969.25,2000.5
2007-07-27,1999.5,2012.5,1960.75,1963.5
2007-07-30,1964.5,1996.25,1957.25,1993.25
2007-07-31,1992.5,2011.5,1942.25,1945.75
2007-08-01,1951.5,1963.5,1923.75,1960.5
2007-08-02,1962.25,1982,1951.5,1980
2007-08-03,1979.25,1981.5,1928.5,1939.5
2007-08-06,1935.5,1964.75,1924,1962.5
2007-08-07,1962,1989,1942.5,1974
2007-08-08,1973.5,2006.75,1970.5,1999.25
2007-08-09,1997.5,2002.25,1942.5,1945.5
2007-08-10,1945.25,1955.75,1906.75,1929
2007-08-13,1933.25,1957.25,1932,1942.5
2007-08-14,1942,1951.75,1910.25,1914.75
2007-08-15,1914.25,1923.75,1872.75,1878.5
2007-08-16,1877.5,1878.75,1813.75,1856.5
2007-08-17,1860,1913,1829.25,1892.25
2007-08-20,1894.5,1907.5,1881.25,1897.75
2007-08-21,1898.25,1924,1888.75,1919.75
2007-08-22,1920.5,1946.25,1917.75,1945
2007-08-23,1944.75,1960,1927.5,1939.5
2007-08-24,1939.25,1970,1930,1969.5
2007-08-27,1969.5,1969.5,1948.25,1950.5
2007-08-28,1951.5,1952.75,1905.5,1907.75
2007-08-29,1909.75,1962,1906,1961
2007-08-30,1961.25,1987,1946.75,1974.75
2007-08-31,1973,2000.75,1973,1994.75
2007-09-04,1994.75,2038.5,1986.75,2024.75
2007-09-05,2024.75,2025.5,1991.25,2003.25
2007-09-06,2002.5,2011,1988.75,2003.75
2007-09-07,2003.5,2004.25,1952.75,1970.5
2007-09-10,1968.75,1986.75,1947,1968.25
2007-09-11,1968.5,1995,1966.5,1993.5
2007-09-12,1993.25,2009.25,1984,1996.25
2007-09-13,1997,2008.5,1991.25,2000.75
2007-09-14,2003,2006.5,1981.25,2001.25
2007-09-17,2000.25,2000.75,1976.75,1982.5
2007-09-18,2007,2061.25,2001.25,2059.25
2007-09-19,2057.75,2080.75,2055.75,2064
2007-09-20,2062.75,2067.25,2052.75,2057.75
2007-09-21,2058.25,2078,2054.25,2068.5
2007-09-24,2068.5,2095.75,2066.5,2079.75
2007-09-25,2079,2101,2071.25,2097.5
2007-09-26,2098,2117.75,2097.5,2109.5
2007-09-27,2109.5,2123,2109.5,2121.75
2007-09-28,2121.25,2124,2103.25,2114
2007-10-01,2116.25,2143.5,2109.5,2135.25
2007-10-02,2135.75,2140.5,2125.25,2135.5
2007-10-03,2134.75,2138.75,2115.25,2120.75
2007-10-04,2121.25,2128.75,2108.5,2123
2007-10-05,2123,2173,2121.5,2170.75
2007-10-08,2170.75,2183,2164,2180.25
2007-10-09,2180.5,2195,2176.25,2194.25
2007-10-10,2194,2199,2184.25,2196.5
2007-10-11,2196,2214,2145.75,2166.75
2007-10-12,2166,2200,2156.5,2199.25
2007-10-15,2199.5,2204,2162,2180.75
2007-10-16,2180,2186,2161.5,2176.25
2007-10-17,2179.25,2202.75,2160.25,2196.75
2007-10-18,2201.5,2210,2178.25,2206
2007-10-19,2206.5,2218.25,2146.5,2149.75
2007-10-22,2146.5,2177,2127.75,2171.75
2007-10-23,2176.25,2221,2176.25,2212
2007-10-24,2207,2209.25,2154,2203
2007-10-25,2203.5,2220,2159.25,2193.25
2007-10-26,2200,2220,2188,2207.25
2007-10-29,2207.5,2230.25,2204.25,2215.5
2007-10-30,2215.5,2232.75,2204.75,2217.75
2007-10-31,2217.75,2253,2210.5,2252.5
2007-11-01,2252.5,2256.25,2207.75,2215.5
2007-11-02,2214,2234.5,2192,2223.5
2007-11-05,2222.5,2224.75,2191.25,2212.75
2007-11-06,2212.25,2236,2199,2233.5
2007-11-07,2233,2233.25,2177.75,2181
2007-11-08,2175,2180,2081,2105.5
2007-11-09,2106.75,2115.25,2037.25,2041.75
2007-11-12,2041,2051.75,1986.5,1989.5
2007-11-13,1992.5,2074.75,1982.25,2066.75
2007-11-14,2067.25,2101.75,2037,2057.5
2007-11-15,2056.25,2063.5,2015.5,2033.25
2007-11-16,2035.25,2060.75,2014,2055.25
2007-11-19,2055.75,2064.5,2016.25,2028
2007-11-20,2030,2071.75,1994.5,2035.5
2007-11-21,2036.75,2046,1992,2005.5
2007-11-23,2006.5,2037.25,2004.5,2032.5
2007-11-26,2031.75,2053.75,1992.5,2000
2007-11-27,2001,2040,1995.25,2032.5
2007-11-28,2032.75,2107,2024,2095.5
2007-11-29,2094.25,2114,2085.75,2100.5
2007-11-30,2097.75,2129.25,2075.5,2094.5
2007-12-03,2092.75,2103.25,2069.75,2075
2007-12-04,2074.75,2082,2052,2062.25
2007-12-05,2061.75,2108.25,2061.75,2101.25
2007-12-06,2101.5,2132.25,2098,2126
2007-12-07,2125,2139.25,2118,2132
2007-12-10,2130.75,2144.75,2125.75,2138.5
2007-12-11,2138.5,2151.25,2084.25,2090
2007-12-12,2090.75,2133.25,2071,2107.75
2007-12-13,2108,2108,2074.25,2092.75
2007-12-14,2089,2099.75,2070.75,2072.5
2007-12-17,2064,2081.75,2022,2028.5
2007-12-18,2050.25,2070,2021,2050.25
2007-12-19,2049.75,2061.5,2038,2057.25
2007-12-20,2057.25,2099.5,2054.75,2098.5
2007-12-21,2098.5,2137.25,2098.5,2137.25
2007-12-24,2131,2155.5,2131,2148
2007-12-26,2148.75,2164.25,2138.25,2159.5
2007-12-27,2159.75,2165,2124.75,2131.5
2007-12-28,2131,2146.25,2112.5,2125
2007-12-31,2125,2127.5,2101,2104.75
2008-01-02,2111.25,2117,2056.5,2070
2008-01-03,2071.25,2082,2056.75,2076.25
2008-01-04,2075.5,2082.75,1976.75,1985
2008-01-07,1984.75,1995.5,1943.75,1975.25
2008-01-08,1974.25,1998.5,1921.75,1928.5
2008-01-09,1928,1964.75,1903,1956.5
2008-01-10,1956.5,1982,1937,1960.75
2008-01-11,1960,1963,1912.25,1925.5
2008-01-14,1927.5,1964.75,1906,1955
2008-01-15,1957.25,1959.5,1895.75,1912
2008-01-16,1880,1919.25,1859.25,1881
2008-01-17,1883,1905,1848.75,1856
2008-01-18,1858.25,1887,1839,1849.5
2008-01-22,1851.5,1858.25,1744.5,1801
2008-01-23,1809.5,1812,1698.25,1807.5
2008-01-24,1805.25,1838,1798.5,1837
2008-01-25,1847,1873.5,1791,1793.5
2008-01-28,1796.5,1814.75,1761.5,1810.25
2008-01-29,1809,1825,1797.5,1812
2008-01-30,1812.5,1850,1796.25,1811.5
2008-01-31,1807,1860.5,1783.5,1847.75
2008-02-01,1835.75,1879,1825.5,1863.5
2008-02-04,1864.75,1869.25,1824,1826.75
2008-02-05,1826,1830.75,1778.75,1785
2008-02-06,1788.5,1801.25,1736.5,1748.25
2008-02-07,1751.5,1785.25,1713,1767
2008-02-08,1768,1784.25,1750,1776.5
2008-02-11,1774.75,1802.5,1763.75,1797.25
2008-02-12,1796.75,1816.75,1772.75,1790
2008-02-13,1792.25,1829,1784,1820.25
2008-02-14,1822,1831.25,1788,1794.25
2008-02-15,1791.75,1800,1770,1786.5
2008-02-19,1782.75,1821,1762,1781.5
2008-02-20,1781.5,1795.75,1752.75,1789.25
2008-02-21,1788.75,1810.75,1764.75,1776
2008-02-22,1775.5,1783.75,1742,1781
2008-02-25,1776,1794.75,1764.5,1785.5
2008-02-26,1785.5,1811.5,1765.75,1796.75
2008-02-27,1795.75,1809.75,1777.25,1800.25
2008-02-28,1801,1812.25,1782.75,1784.25
2008-02-29,1785,1789.25,1742.75,1748.25
2008-03-03,1748,1750,1718.25,1736.75
2008-03-04,1737.5,1751,1708.75,1742.5
2008-03-05,1743.5,1770.75,1738.75,1759.5
2008-03-06,1757.5,1773,1711,1714.25
2008-03-07,1716.75,1734.25,1682.25,1708.75
2008-03-10,1708.25,1717.75,1674,1676.75
2008-03-11,1678.75,1753.5,1668.75,1750.5
2008-03-12,1751,1766.25,1731.5,1734.75
2008-03-13,1736,1761.5,1699.5,1748.5
2008-03-14,1749.75,1776.25,1696.75,1718
2008-03-17,1721,1755,1674,1695.25
2008-03-18,1696.25,1772.8,1694.5,1771
2008-03-19,1770.75,1782,1721.25,1724.5
2008-03-20,1725.5,1759.25,1709.75,1750
2008-03-24,1752.75,1826.5,1748.5,1819.25
2008-03-25,1819,1839.5,1806.5,1826
2008-03-26,1825.75,1829.75,1802.75,1810.25
2008-03-27,1807.75,1823.5,1782.75,1792
2008-03-28,1792.5,1809.5,1768,1780
2008-03-31,1780.5,1796.5,1767.5,1790.5
2008-04-01,1785.5,1862.25,1777.25,1857.75
2008-04-02,1857.5,1878.25,1843.25,1862.25
2008-04-03,1860,1873.75,1842.5,1867.25
2008-04-04,1867.75,1891.25,1852.75,1869.75
2008-04-07,1868,1893.75,1862.75,1865.75
2008-04-08,1866.75,1866.75,1843.5,1854.75
2008-04-09,1855.5,1866.25,1820.5,1837.25
2008-04-10,1836.25,1870.25,1823.75,1858.75
2008-04-11,1858,1869.75,1799,1806.25
2008-04-14,1807,1814,1791.5,1796.25
2008-04-15,1797.5,1809.75,1781.25,1796.75
2008-04-16,1817,1865.75,1814.5,1862.25
2008-04-17,1867,1871.25,1834.5,1867
2008-04-18,1873,1914.75,1870.5,1903
2008-04-21,1903,1920.5,1893,1914
2008-04-22,1913,1918,1872.75,1895
2008-04-23,1895.5,1919.25,1889,1905.5
2008-04-24,1906.5,1949.5,1887,1920.75
2008-04-25,1920,1933.75,1898.75,1921
2008-04-28,1922.25,1941.75,1918.75,1926.5
2008-04-29,1926.5,1947.75,1918.75,1939
2008-04-30,1939,1960.5,1916.75,1923.25
2008-05-01,1922.25,1985.75,1921.5,1983.25
2008-05-02,1984,2008,1970,1990.25
2008-05-05,1987,1997.75,1969,1980.5
2008-05-06,1981,2002.5,1962,1999
2008-05-07,2000.75,2005.5,1950,1960.5
2008-05-08,1961,1984,1958,1965
2008-05-09,1964,1973.5,1951.25,1963.25
2008-05-12,1963.25,2003.5,1961.5,1998.5
2008-05-13,1997.25,2009,1985.5,2006
2008-05-14,2006.25,2032.75,1995.75,1996.5
2008-05-15,1996.5,2037.25,1994.25,2035.75
2008-05-16,2035,2041.5,2012.75,2035.5
2008-05-19,2035.5,2054.25,2008.25,2025.75
2008-05-20,2024.75,2026,1990.25,2009.5
2008-05-21,2008.75,2019.25,1954,1964.5
2008-05-22,1966.75,1981.5,1957.5,1966.5
2008-05-23,1966,1969.5,1945.75,1958.25
2008-05-26,1960.25,1968,1954,1963.25
2008-05-27,1960.25,1998.5,1954,1993
2008-05-28,1993.75,2008.75,1983.25,2005
2008-05-29,2002.5,2033,1999.75,2023
2008-05-30,2025.75,2043.75,2023.5,2035.25
2008-06-02,2037,2038.5,1991,2011.25
2008-06-03,2011.75,2029.25,1978.75,1998.25
2008-06-04,1999,2038,1986,2020.75
2008-06-05,2019.5,2060.25,2017.25,2056.25
2008-06-06,2055.25,2062.75,1987,1988.75
2008-06-09,1987.5,2000.5,1949,1987.75
2008-06-10,1986,1989.5,1956.5,1973.25
2008-06-11,1972.25,1983.75,1923.75,1926.75
2008-06-12,1923.5,1956,1910.25,1930
2008-06-13,1934.5,1970.5,1919.5,1965
2008-06-16,1968.75,1992.5,1952.5,1980.5
2008-06-17,1988.75,2005.75,1979.5,1986.25
2008-06-18,1986,1989.75,1952.5,1961.5
2008-06-19,1961,2001.75,1943.25,1990.5
2008-06-20,1992.5,1994,1927.5,1941.5
2008-06-23,1943,1952,1917.5,1918
2008-06-24,1919,1934.75,1895,1911.5
2008-06-25,1912,1960.75,1912,1932.25
2008-06-26,1932,1933.25,1862.5,1866.5
2008-06-27,1871.75,1877.75,1836,1865.75
2008-06-30,1866.75,1873,1842.25,1846
2008-07-01,1849.75,1872,1815.75,1869
2008-07-02,1869.75,1887.25,1820.5,1825
2008-07-03,1826.75,1839,1806.25,1822
2008-07-04,1822,1828.5,1813.75,1822
2008-07-07,1815.75,1854.5,1804,1832.25
2008-07-08,1831.25,1876.75,1810.75,1868.5
2008-07-09,1869,1877.5,1823.75,1831.5
2008-07-10,1831.75,1852.75,1809.5,1844.25
2008-07-11,1845.5,1860.25,1788,1820.5
2008-07-14,1817.75,1850.5,1796.75,1802.5
2008-07-15,1802.75,1833.5,1765.25,1799
2008-07-16,1802.75,1850.25,1785.75,1844.75
2008-07-17,1841.25,1868.5,1833,1839.75
2008-07-18,1832.5,1848.5,1819.25,1828.75
2008-07-21,1827.75,1845,1813.25,1827.5
2008-07-22,1821.75,1827.25,1787.75,1824
2008-07-23,1825.25,1870.25,1822.25,1849
2008-07-24,1846.25,1863.5,1811.5,1819.5
2008-07-25,1818,1853.5,1815.25,1840.5
2008-07-28,1845.25,1854.5,1800,1813.75
2008-07-29,1811.75,1855.5,1806.5,1842
2008-07-30,1842.25,1866.75,1828.25,1856.25
2008-07-31,1857.25,1878.75,1832.5,1853.75
2008-08-01,1854.25,1863.25,1806.75,1833
2008-08-04,1833.25,1837.25,1801.75,1812
2008-08-05,1811.5,1874,1810,1869
2008-08-06,1869,1906.75,1856,1896.25
2008-08-07,1896.5,1907.75,1876.5,1886
2008-08-08,1886.25,1932,1879.25,1923.75
2008-08-11,1921,1966,1918.75,1943
2008-08-12,1941.5,1961,1931.25,1944.75
2008-08-13,1944.75,1959.25,1923.75,1941.5
2008-08-14,1943.5,1973,1933.5,1965.75
2008-08-15,1966,1977.25,1952.5,1965.5
2008-08-18,1964,1976,1923.75,1943.5
2008-08-19,1943.25,1946.5,1903,1919.25
2008-08-20,1918.75,1936,1902.25,1916
2008-08-21,1915.75,1917,1888.25,1907.25
2008-08-22,1906.75,1941.25,1901.25,1929.5
2008-08-25,1930,1930.75,1887,1895
2008-08-26,1894.75,1903.75,1876.5,1891.5
2008-08-27,1891.5,1916.5,1882,1901.75
2008-08-28,1901,1924,1891,1905.5
2008-08-29,1905,1908,1867.5,1875
2008-09-02,1875.25,1915.5,1844,1851.75
2008-09-03,1851.75,1859.5,1821.75,1834.25
2008-09-04,1836.25,1836.25,1774,1775.75
2008-09-05,1774.75,1780.5,1741.25,1770
2008-09-08,1794.5,1815.25,1735.25,1760.75
2008-09-09,1762.5,1780.25,1720.75,1728.75
2008-09-10,1731.75,1755.75,1726,1737.5
2008-09-11,1736.75,1776.5,1705.25,1775.25
2008-09-12,1773.25,1780,1743.75,1773.25
2008-09-15,1763.25,1763.25,1706,1715.5
2008-09-16,1721,1748.25,1690,1733
2008-09-17,1734.25,1747.75,1639.75,1647
2008-09-18,1659.5,1712.75,1612.25,1708.5
2008-09-19,1706.5,1801.5,1704,1739.5
2008-09-22,1735,1752,1663.25,1669.75
2008-09-23,1669.5,1701.75,1647.75,1650.5
2008-09-24,1656.75,1682,1649.5,1672
2008-09-25,1671,1714.25,1664.75,1680
2008-09-26,1674.5,1684.5,1630,1674.75
2008-09-29,1680.75,1688,1494,1512
2008-09-30,1515,1605.75,1505.75,1594.25
2008-10-01,1599.75,1600.25,1552.25,1578.75
2008-10-02,1577.25,1590.75,1495.75,1510.5
2008-10-03,1510,1561.75,1474.75,1477.5
2008-10-06,1478,1480,1343.75,1406.5
2008-10-07,1409,1440,1332.25,1336.5
2008-10-08,1342,1393.25,1280.75,1320
2008-10-09,1329,1373,1262.5,1272
2008-10-10,1281.75,1326.25,1198.25,1282.5
2008-10-13,1297.5,1459.5,1297.5,1458.5
2008-10-14,1451.75,1499,1353.25,1366
2008-10-15,1378.5,1391.25,1229,1229
2008-10-16,1234,1330.75,1191.25,1323
2008-10-17,1321,1371.75,1269,1311
2008-10-20,1314,1363.25,1291,1360
2008-10-21,1364.25,1364.25,1280.5,1292.5
2008-10-22,1290,1324,1208.25,1248
2008-10-23,1246,1265.5,1175.75,1253.5
2008-10-24,1249.75,1254.75,1149.75,1191.5
2008-10-27,1190.75,1228.5,1136.75,1162
2008-10-28,1162.75,1309,1151.25,1308
2008-10-29,1305.5,1346.75,1271.25,1294
2008-10-30,1293,1354.75,1293,1345
2008-10-31,1340,1361.25,1305.25,1337
2008-11-03,1340,1356.5,1322.5,1341.5
2008-11-04,1341.25,1384,1333.75,1380.5
2008-11-05,1379.75,1389,1296.25,1306.25
2008-11-06,1304.75,1305.75,1235,1240.5
2008-11-07,1241.25,1290,1241.25,1288.5
2008-11-10,1293,1321.25,1235.5,1256.5
2008-11-11,1255,1262,1208,1223
2008-11-12,1222,1244.75,1161,1163.5
2008-11-13,1165.25,1243.75,1108.5,1234.5
2008-11-14,1237.75,1239.75,1155,1155.5
2008-11-17,1157.25,1188.75,1139.25,1158.5
2008-11-18,1159,1175.5,1113,1174
2008-11-19,1168.5,1172,1082.75,1092.5
2008-11-20,1089.5,1115,1031.25,1039.5
2008-11-21,1043.5,1093,1017.75,1091
2008-11-24,1098.25,1164,1072.25,1147
2008-11-25,1145.75,1174.25,1117.75,1135.5
2008-11-26,1135,1195,1122,1194.5
2008-11-28,1191.75,1199.5,1171.25,1186
2008-12-01,1185.75,1188.25,1090.25,1094.5
2008-12-02,1091.25,1136,1089.5,1133
2008-12-03,1132.25,1166.5,1096,1156
2008-12-04,1157.75,1169,1109,1135
2008-12-05,1134,1181,1095,1178
2008-12-08,1177,1237.75,1170.75,1212
2008-12-09,1213.75,1252.5,1200.5,1217
2008-12-10,1217.75,1240.25,1203.25,1217
2008-12-11,1217.75,1229.5,1175.5,1188.5
2008-12-12,1185.25,1215,1134,1213.5
2008-12-15,1213.5,1222.75,1166.75,1193.5
2008-12-16,1193.5,1248.75,1189.25,1241
2008-12-17,1241.5,1244.75,1205.25,1228.5
2008-12-18,1227.5,1237.25,1193.5,1225.5
2008-12-19,1221.5,1237.75,1209,1211
2008-12-22,1211.5,1223.5,1169.5,1197
2008-12-23,1199.25,1206.5,1176.25,1184.5
2008-12-24,1185.75,1189.5,1178.75,1180
2008-12-26,1184.75,1191,1178.75,1188.5
2008-12-29,1188,1198,1156.25,1175.5
2008-12-30,1176.25,1208,1175.25,1206
2008-12-31,1206.25,1224.75,1196.75,1212.5
2009-01-02,1211,1268.25,1201,1253
2009-01-05,1251.75,1275,1244.25,1265
2009-01-06,1263.75,1287,1259.5,1271
2009-01-07,1270,1273.25,1227.5,1239.5
2009-01-08,1240.5,1252.75,1222.75,1249.5
2009-01-09,1250.25,1256.25,1216,1221.5
2009-01-12,1221,1226,1186.25,1206
2009-01-13,1206.25,1218.5,1185,1204
2009-01-14,1204,1210.75,1155.25,1165.5
2009-01-15,1165.25,1191,1138.5,1177.25
2009-01-16,1181,1201,1164.5,1197
2009-01-20,1199,1222.25,1132,1147.5
2009-01-21,1148.25,1185,1140,1181.5
2009-01-22,1181.75,1202.25,1146,1172.25
2009-01-23,1169.5,1191,1141.5,1164.25
2009-01-26,1165,1201.25,1146.75,1179.5
2009-01-27,1181,1200.25,1176.25,1185.75
2009-01-28,1187.75,1244.75,1185,1231.25
2009-01-29,1230,1231.25,1196,1206
2009-01-30,1207.5,1214.25,1173.75,1179.25
2009-02-02,1181,1202,1153.5,1188.75
2009-02-03,1189.75,1217.75,1177.5,1207.75
2009-02-04,1208.5,1242.75,1203.75,1214
2009-02-05,1214.75,1249.25,1185,1234.5
2009-02-06,1236.5,1279.5,1230.25,1275.75
2009-02-09,1273,1285.5,1258,1275.75
2009-02-10,1274.25,1286,1221.5,1232.5
2009-02-11,1227,1239.75,1206.5,1224.5
2009-02-12,1224.75,1247,1202.5,1245.25
2009-02-13,1245.25,1255,1226,1229.25
2009-02-17,1224.25,1227,1179,1182.5
2009-02-18,1185.25,1204,1171.5,1180
2009-02-19,1178.5,1201.5,1165.25,1170.5
2009-02-20,1170.5,1183.5,1150,1171.75
2009-02-23,1174.5,1196,1125.5,1135.75
2009-02-24,1136,1176.75,1133,1163.5
2009-02-25,1163,1184.25,1142,1154
2009-02-26,1155.5,1175,1126.75,1132.25
2009-02-27,1131,1138.75,1107.25,1117
2009-03-02,1114.25,1116,1074.25,1086
2009-03-03,1086,1102.25,1068,1072
2009-03-04,1073,1125,1062,1101
2009-03-05,1122.25,1122.25,1072,1083
2009-03-06,1084,1089.5,1043,1076.5
2009-03-09,1076.75,1087.75,1040.25,1047
2009-03-10,1045.25,1112.5,1041.75,1106
2009-03-11,1105,1135.75,1105,1125
2009-03-12,1125.5,1167.75,1111.75,1164.5
2009-03-13,1159,1176,1149.25,1169.5
2009-03-16,1169,1182,1144,1153.75
2009-03-17,1151.25,1191.5,1146.75,1190.25
2009-03-18,1190,1224.75,1179,1212.75
2009-03-19,1211.75,1222.75,1194.5,1203.5
2009-03-20,1204.75,1220,1177.25,1188
2009-03-23,1186.5,1258,1186.5,1252
2009-03-24,1253.5,1255,1231.5,1236.25
2009-03-25,1235.5,1261.5,1205.25,1233.5
2009-03-26,1231,1281.75,1231,1273
2009-03-27,1273.5,1277,1248,1256
2009-03-30,1250,1254.5,1203.5,1222.75
2009-03-31,1222.75,1257.75,1222,1237.5
2009-04-01,1228,1254.75,1210,1251
2009-04-02,1251,1310.75,1248.75,1301.5
2009-04-03,1303.75,1318,1293.25,1316.25
2009-04-06,1315.5,1327.5,1285.5,1312
2009-04-07,1312,1317.25,1266.75,1280.75
2009-04-08,1282,1305.75,1267,1298.5
2009-04-09,1298.75,1341.25,1297.25,1336
2009-04-13,1332,1343.5,1321.5,1332
2009-04-14,1334,1341,1310.5,1324
2009-04-15,1312.75,1320,1293.5,1317
2009-04-16,1316.75,1358.25,1307.25,1352
2009-04-17,1350.75,1360.75,1336.75,1352
2009-04-20,1349.5,1349.5,1301.5,1313.5
2009-04-21,1313,1330,1299.75,1328
2009-04-22,1327.75,1362,1314.75,1323.5
2009-04-23,1328.25,1347.25,1319,1342
2009-04-24,1343,1378.5,1335.5,1375
2009-04-27,1368,1383.5,1350.25,1373.25
2009-04-28,1371.5,1377.5,1351,1360.5
2009-04-29,1359.25,1397.25,1355,1377.75
2009-04-30,1377.25,1417.25,1376.25,1393.5
2009-05-01,1388.75,1402.75,1381,1398.5
2009-05-04,1397.5,1425.75,1397.5,1422.5
2009-05-05,1424,1428.25,1406.25,1427.25
2009-05-06,1426.25,1435.5,1399,1429.75
2009-05-07,1427.75,1437.75,1375.25,1394.5
2009-05-08,1394,1410.25,1375.75,1389.5
2009-05-11,1387,1409.75,1366,1396.75
2009-05-12,1397,1406.5,1360.75,1385
2009-05-13,1386,1389.5,1338.25,1344.25
2009-05-14,1344.5,1368.75,1336.5,1353.75
2009-05-15,1354.25,1373,1341.25,1354.25
2009-05-18,1352.25,1392.5,1342.5,1388.5
2009-05-19,1389,1410.5,1379,1394
2009-05-20,1393,1423,1386.5,1392.5
2009-05-21,1392,1393.5,1352,1367.5
2009-05-22,1368.25,1379.25,1352.25,1360.75
2009-05-26,1359.75,1414.5,1342.75,1410.75
2009-05-27,1410.25,1428.75,1397.75,1404
2009-05-28,1402.5,1424.25,1389.25,1418.25
2009-05-29,1417.75,1442.75,1411,1435.5
2009-06-01,1434,1482.25,1430,1470
2009-06-02,1470,1494.5,1464.5,1478.5
2009-06-03,1479,1484.5,1458.75,1477.5
2009-06-04,1475.75,1493.75,1473.75,1493
2009-06-05,1492.75,1513,1478.5,1495
2009-06-08,1491.75,1500.25,1466.75,1490.5
2009-06-09,1490.25,1509.5,1486.5,1500.75
2009-06-10,1500.25,1517.75,1473.25,1495.75
2009-06-11,1494.5,1512,1488.25,1492
2009-06-12,1489.25,1497.5,1469.75,1486.5
2009-06-15,1482.75,1483,1444.75,1458.5
2009-06-16,1456.75,1468.25,1441.25,1444.25
2009-06-17,1443.75,1469.5,1437.75,1453.5
2009-06-18,1453,1462.75,1443,1449.5
2009-06-19,1446.75,1476.75,1445.75,1464
2009-06-22,1463.75,1470.5,1421.25,1428
2009-06-23,1427.75,1434.25,1412,1424
2009-06-24,1424.25,1457,1420,1447.25
2009-06-25,1446.25,1476.75,1432.75,1473
2009-06-26,1473.5,1482,1463.75,1476.75
2009-06-29,1476,1492.5,1466.75,1481.5
2009-06-30,1481,1491.75,1465.75,1476.25
2009-07-01,1476.5,1496.25,1474.25,1478.75
2009-07-02,1478.5,1479.25,1441.25,1445.25
2009-07-06,1442.75,1444.25,1422.25,1441
2009-07-07,1441,1446.75,1401.25,1408
2009-07-08,1408.25,1415.5,1392.5,1407
2009-07-09,1407,1421.25,1406.5,1413.5
2009-07-10,1413.75,1426.5,1402.75,1416
2009-07-13,1418.5,1446.75,1399.5,1442.5
2009-07-14,1441.75,1453.25,1437.25,1446.75
2009-07-15,1462.5,1499.5,1462.25,1497.25
2009-07-16,1495.75,1520.25,1489,1512.75
2009-07-17,1512.25,1529,1504.75,1528
2009-07-20,1527.75,1544,1523.5,1540.5
2009-07-21,1539.75,1555,1528.25,1554
2009-07-22,1552.25,1571.25,1544.75,1556.5
2009-07-23,1557.75,1603.75,1555,1584
2009-07-24,1579.75,1600.25,1572,1597.25
2009-07-27,1597.25,1609,1578.5,1599.5
2009-07-28,1598.25,1608,1581.5,1601.5
2009-07-29,1601.25,1603.75,1583.75,1600.75
2009-07-30,1600.25,1632,1599,1606.75
2009-07-31,1605.5,1618.75,1598.5,1602
2009-08-03,1601.25,1628.25,1600.5,1626.75
2009-08-04,1625.5,1632.5,1612.75,1630.25
2009-08-05,1630,1631.5,1602.5,1614.5
2009-08-06,1615.25,1624.5,1593.5,1601.25
2009-08-07,1600.25,1627.75,1595.25,1619.75
2009-08-10,1619,1619.75,1597.75,1612.5
2009-08-11,1611.75,1617.75,1585.75,1596.5
2009-08-12,1596.25,1633.75,1587.25,1618.75
2009-08-13,1619,1638.5,1610,1631.75
2009-08-14,1630.5,1634,1595,1615
2009-08-17,1612.25,1612.5,1561.25,1566.25
2009-08-18,1566.5,1588.25,1563.75,1587
2009-08-19,1586,1600.5,1564.5,1598.75
2009-08-20,1598,1620.25,1591,1614
2009-08-21,1613.25,1639.75,1600,1635.5
2009-08-24,1635,1648.25,1628.75,1634
2009-08-25,1634,1655.5,1625.25,1636.5
2009-08-26,1636.5,1649.25,1627.5,1636.5
2009-08-27,1637.25,1643.5,1610.5,1639
2009-08-28,1639,1668.5,1630.5,1642.5
2009-08-31,1641.25,1645,1615.75,1625
2009-09-01,1625,1649,1590.25,1595.5
2009-09-02,1595.25,1603,1585.25,1593
2009-09-03,1592.75,1608.5,1584.5,1604
2009-09-04,1604.5,1640.5,1600.5,1635.75
2009-09-08,1635.5,1656.75,1633.75,1655.25
2009-09-09,1653.75,1677,1645,1666
2009-09-10,1666.5,1686.5,1661.75,1685
2009-09-11,1683.25,1691,1674,1685.5
2009-09-14,1685,1693.5,1670,1689.75
2009-09-15,1688.5,1702,1679.75,1695
2009-09-16,1694.5,1723.5,1693,1717.75
2009-09-17,1717.5,1730.5,1712.25,1720
2009-09-18,1720.25,1730.5,1712.75,1721.25
2009-09-21,1717.25,1733.75,1706.75,1727.75
2009-09-22,1727.5,1741.25,1725.5,1734.25
2009-09-23,1733.5,1753.25,1720.75,1725.5
2009-09-24,1724.25,1736.75,1696,1699.5
2009-09-25,1699,1709,1688.75,1697
2009-09-28,1697,1732.5,1688,1722.75
2009-09-29,1722.5,1730.75,1706.75,1715.5
2009-09-30,1715,1730,1688.75,1717.5
2009-10-01,1716,1726.75,1663.75,1670.5
2009-10-02,1669.75,1674.75,1649.75,1662.25
2009-10-05,1662.5,1681.25,1658,1674
2009-10-06,1674,1711.25,1674,1700.75
2009-10-07,1700.75,1710,1696,1708
2009-10-08,1707.5,1730.75,1707.5,1716.5
2009-10-09,1716,1727.75,1706.5,1725.5
2009-10-12,1725,1740.5,1716.5,1727.75
2009-10-13,1728,1735.75,1720.25,1726.75
2009-10-14,1740,1754.5,1737.75,1747.75
2009-10-15,1747.5,1754.25,1737,1748.5
2009-10-16,1749.5,1758,1724.75,1731.5
2009-10-19,1730,1756.5,1723.25,1750.25
2009-10-20,1749.5,1773.5,1743.5,1758.25
2009-10-21,1757.25,1779.25,1746,1753.25
2009-10-22,1749.5,1766.25,1737.5,1762.5
2009-10-23,1762.25,1778.25,1746.75,1752
2009-10-26,1751,1777.25,1737.5,1748
2009-10-27,1747.5,1751.75,1713,1719.75
2009-10-28,1719.5,1723,1677.25,1680
2009-10-29,1680.75,1713,1677.25,1707.5
2009-10-30,1707,1711.75,1660,1665.5
2009-11-02,1661,1687.75,1650.25,1669
2009-11-03,1670.75,1677.5,1651,1675.5
2009-11-04,1675,1700,1673.5,1686.75
2009-11-05,1686.75,1722,1671.5,1719.25
2009-11-06,1719,1737.5,1705,1729.75
2009-11-09,1728,1767.5,1727.5,1766.5
2009-11-10,1766,1776.5,1759,1772.5
2009-11-11,1772.25,1792.5,1770.75,1783.75
2009-11-12,1784,1793.5,1768.5,1773.75
2009-11-13,1772.75,1792.5,1770.25,1788.25
2009-11-16,1789.5,1813.75,1787.25,1803.5
2009-11-17,1802.75,1811.75,1795.25,1808.75
2009-11-18,1808.75,1813.25,1788.75,1800.5
2009-11-19,1800.5,1802,1759.75,1770.25
2009-11-20,1770.5,1774,1755,1763.5
2009-11-23,1763,1801.75,1762.25,1791.25
2009-11-24,1790.25,1793.75,1775.75,1786.5
2009-11-25,1786.25,1799.75,1785.5,1794.25
2009-11-27,1794.25,1797.25,1722.25,1759.25
2009-11-30,1763,1775,1750.25,1767.5
2009-12-01,1766.5,1799,1765,1792
2009-12-02,1791.25,1806.5,1786,1791.5
2009-12-03,1791.5,1806.75,1777.75,1780.25
2009-12-04,1779.5,1816.25,1772.75,1795
2009-12-07,1795,1799,1779,1784
2009-12-08,1785.25,1789.75,1760,1768.5
2009-12-09,1768.75,1792.75,1758.75,1792.5
2009-12-10,1791.5,1808.5,1786.25,1800
2009-12-11,1799.5,1812.75,1784.5,1794
2009-12-14,1794.25,1811,1788.25,1809.75
2009-12-15,1807.5,1812,1791.5,1795
2009-12-16,1795.25,1813.25,1794.75,1800
2009-12-17,1800.5,1802.75,1774,1785.5
2009-12-18,1785,1807.5,1784,1807
2009-12-21,1806,1833.75,1803,1825.5
2009-12-22,1825.5,1841,1825.25,1841
2009-12-23,1841,1853,1837,1852.25
2009-12-24,1851.75,1869.5,1850.75,1868
2009-12-28,1867.5,1881.5,1862.75,1874.5
2009-12-29,1873.75,1881.25,1869.25,1872.5
2009-12-30,1871,1880.25,1862.25,1876.75
2009-12-31,1876,1882,1858.75,1858.75
2010-01-04,1865.5,1889,1865.5,1886.75
2010-01-05,1886.5,1890.25,1876,1885.25
2010-01-06,1885.25,1891.75,1872.25,1878.5
2010-01-07,1877.75,1880.5,1865.75,1877.5
2010-01-08,1877.5,1892.5,1865,1890
2010-01-11,1892.25,1900,1874.25,1883.5
2010-01-12,1882,1883.75,1850,1865.5
2010-01-13,1866,1889.5,1853.25,1882.5
2010-01-14,1882.25,1890.25,1876,1888.25
2010-01-15,1893,1894,1854.75,1862.25
2010-01-19,1861.75,1895.75,1857.5,1889.75
2010-01-20,1889.25,1892.25,1845.5,1867
2010-01-21,1867.75,1883.5,1838.75,1841
2010-01-22,1841.25,1849.25,1789.5,1797.75
2010-01-25,1794.75,1811.75,1792.5,1798.5
2010-01-26,1809.75,1823.75,1783.75,1796.5
2010-01-27,1798.75,1821.5,1787.75,1809
2010-01-28,1807.5,1820,1759.25,1770.5
2010-01-29,1777.75,1789.25,1731.75,1739.25
2010-02-01,1740,1758.25,1737,1755.75
2010-02-02,1756.25,1778,1747.75,1769
2010-02-03,1769,1786.5,1763.5,1785.5
2010-02-04,1784.5,1792,1731.5,1734.75
2010-02-05,1734,1747.75,1710.75,1745
2010-02-08,1747.25,1753.75,1730.5,1734.5
2010-02-09,1734,1767.25,1732,1752
2010-02-10,1752.5,1762.75,1736,1744.75
2010-02-11,1744.5,1778.75,1736.75,1775.5
2010-02-12,1773.25,1783.5,1754,1783.25
2010-02-16,1781.5,1801.5,1775.25,1799.25
2010-02-17,1799.25,1812.5,1797.5,1811.75
2010-02-18,1812,1824.75,1804.75,1820.75
2010-02-19,1819.25,1830,1801,1819.25
2010-02-22,1818.75,1833,1810.25,1821
2010-02-23,1819.75,1829,1785.25,1801
2010-02-24,1799.5,1819.75,1796.5,1814
2010-02-25,1813,1816,1780.5,1813.5
2010-02-26,1813,1822.25,1803.5,1818.5
2010-03-01,1821.25,1848.5,1821.25,1842.75
2010-03-02,1842.75,1862.25,1842.5,1852.25
2010-03-03,1851,1861.25,1845.75,1852
2010-03-04,1851.25,1860.75,1844.25,1859.75
2010-03-05,1858.75,1889.5,1857,1885.5
2010-03-08,1884,1894.75,1883.25,1888.25
2010-03-09,1888,1912,1881,1901.25
2010-03-10,1901.5,1921.25,1900,1918.75
2010-03-11,1917.5,1926.75,1909.25,1925.25
2010-03-12,1926,1935.25,1916.5,1926.75
2010-03-15,1924.5,1927.75,1906.5,1919.5
2010-03-16,1917,1932.25,1916.5,1928.5
2010-03-17,1928.5,1943.75,1927.25,1934
2010-03-18,1933.5,1942.75,1928.75,1941.75
2010-03-19,1941.75,1948.25,1922.25,1932.25
2010-03-22,1924.25,1954.25,1919,1948.5
2010-03-23,1948,1962.25,1940.5,1962.25
2010-03-24,1961,1962,1946,1951.5
2010-03-25,1951,1974.25,1945.75,1949.5
2010-03-26,1949,1963,1939.25,1951.75
2010-03-29,1952,1966.25,1951.75,1960.25
2010-03-30,1959.5,1972,1952.25,1965.5
2010-03-31,1964.5,1967.5,1952.5,1955.75
2010-04-01,1955.75,1977.25,1940.75,1952
2010-04-02,1953.5,1962.5,1948.75,1952
2010-04-05,1964,1978.75,1955.25,1973.5
2010-04-06,1973,1985.75,1965.25,1978.75
2010-04-07,1979,1984.5,1964.25,1975
2010-04-08,1974,1982.5,1959.25,1980
2010-04-09,1979.5,1992.75,1975,1992
2010-04-12,1995,2001.75,1987.75,1992.5
2010-04-13,1991.25,2004,1984.25,2001.25
2010-04-14,2009.75,2026.75,2006.75,2026.5
2010-04-15,2026,2037.75,2017.75,2034.75
2010-04-16,2033,2035.25,1997.75,2009.75
2010-04-19,2004.5,2016.5,1985.75,2013
2010-04-20,2011.75,2025.25,2007,2024.25
2010-04-21,2024.25,2040.5,2018.5,2025.5
2010-04-22,2021,2045,2000.5,2036.25
2010-04-23,2033,2053.5,2029.25,2053
2010-04-26,2050,2058.75,2043,2047.25
2010-04-27,2045.75,2050.5,1998.5,2008.75
2010-04-28,2008.75,2022.75,1989.5,2006.75
2010-04-29,2005.5,2044,2004.75,2041
2010-04-30,2041,2047,1998,1998.5
2010-05-03,2002.25,2038,1999.25,2027
2010-05-04,2026,2028.5,1952.25,1969.5
2010-05-05,1969.25,1972,1934.5,1958.5
2010-05-06,1958,1963,1730.25,1886
2010-05-07,1884,1909.25,1805.75,1848.5
2010-05-10,1873.75,1942,1872.25,1939.5
2010-05-11,1939.75,1965,1915,1935.25
2010-05-12,1934.75,1976.25,1917,1972.75
2010-05-13,1970,1981.5,1938.5,1947.25
2010-05-14,1945,1950.5,1883,1909.75
2010-05-17,1907.75,1919.5,1870.5,1913.5
2010-05-18,1912.25,1932,1876.75,1888
2010-05-19,1886.25,1893.75,1849.5,1868.25
2010-05-20,1867.75,1875,1794,1800.5
2010-05-21,1800,1834,1765.5,1819.25
2010-05-24,1821.25,1840,1796,1812.5
2010-05-25,1809.75,1819.5,1754.25,1815.5
2010-05-26,1814.5,1849.75,1788.75,1791.5
2010-05-27,1788.25,1864.5,1781.75,1863.75
2010-05-28,1862.25,1874.25,1835.5,1852
2010-06-01,1852,1878,1824.25,1831
2010-06-02,1832,1879.25,1828.5,1879
2010-06-03,1877,1899.25,1871,1897.75
2010-06-04,1897.5,1904.5,1824.25,1834.25
2010-06-07,1831.75,1845.5,1793.75,1795.75
2010-06-08,1795,1817.75,1770,1791.5
2010-06-09,1791.75,1823.5,1773.75,1782.25
2010-06-10,1780.5,1831.75,1775.25,1822.5
2010-06-11,1821.25,1848.75,1807.75,1844
2010-06-14,1848,1877.75,1844,1847.75
2010-06-15,1845.5,1898.25,1844.75,1893.25
2010-06-16,1893.5,1912.75,1879,1906
2010-06-17,1905.5,1918.25,1892.75,1909.5
2010-06-18,1910,1924.75,1905,1909.5
2010-06-21,1923,1941,1883.75,1899.5
2010-06-22,1899,1916.75,1876.5,1878.25
2010-06-23,1878.75,1890,1857.75,1873.75
2010-06-24,1870,1875.25,1837.25,1849.5
2010-06-25,1846,1856.5,1827.25,1839.25
2010-06-28,1839,1851.5,1821.25,1836
2010-06-29,1835.5,1839.5,1748,1763.5
2010-06-30,1764,1777.5,1733,1738
2010-07-01,1736.25,1745.75,1698,1728
2010-07-02,1728.75,1745.75,1710.25,1721.25
2010-07-06,1722,1762.5,1705.75,1734.5
2010-07-07,1734.75,1789.5,1721.75,1789.5
2010-07-08,1788.5,1803.25,1774.5,1798
2010-07-09,1796.75,1815.25,1789.25,1811.5
2010-07-12,1810,1829.75,1801.25,1820.25
2010-07-13,1819,1849.5,1818,1842.5
2010-07-14,1860,1866.25,1838,1851.25
2010-07-15,1850.25,1864.5,1828.5,1849.25
2010-07-16,1849.5,1856,1800,1802
2010-07-19,1800.5,1821.25,1782.5,1805.5
2010-07-20,1805.25,1841.25,1781.75,1839.75
2010-07-21,1839.75,1860,1811,1815.5
2010-07-22,1815.5,1869.25,1812.5,1852.75
2010-07-23,1850.5,1876.25,1844.25,1873.75
2010-07-26,1874.25,1888.25,1866,1887.5
2010-07-27,1887.5,1900.75,1878.25,1886.5
2010-07-28,1885.75,1894.75,1864.75,1869.75
2010-07-29,1870.25,1886.5,1838.5,1857.25
2010-07-30,1857,1873.5,1831.5,1862.25
2010-08-02,1868.75,1901.75,1864.5,1894.25
2010-08-03,1893.75,1898.25,1879.75,1893
2010-08-04,1892.5,1910,1883.25,1905.25
2010-08-05,1906.25,1912.75,1891,1901
2010-08-06,1902.5,1907.75,1871.25,1902.5
2010-08-09,1903,1918,1898.5,1913.75
2010-08-10,1914,1914,1880.75,1896.5
2010-08-11,1897,1898,1837,1837.75
2010-08-12,1837.25,1838.25,1806.25,1827.25
2010-08-13,1830,1842.75,1815.25,1815.25
2010-08-16,1817.75,1833.25,1800,1820
2010-08-17,1819.25,1860.5,1817,1839.5
2010-08-18,1840,1862.25,1831,1836.75
2010-08-19,1838.75,1850.5,1810.25,1820
2010-08-20,1820,1829.75,1808.5,1825.5
2010-08-23,1824.75,1842.75,1804.75,1809.5
2010-08-24,1809.25,1810.25,1766,1773.75
2010-08-25,1773.75,1798.5,1756.75,1789.75
2010-08-26,1790,1802.75,1765,1767.5
2010-08-27,1766,1794.5,1744,1789.25
2010-08-30,1790.75,1805.5,1768.25,1768.75
2010-08-31,1768.5,1781.75,1754.5,1766.5
2010-09-01,1773.25,1825,1770.5,1820
2010-09-02,1820.5,1841.25,1813,1837.25
2010-09-03,1838.75,1871.25,1834.5,1867
2010-09-07,1867.5,1878,1853.75,1857.5
2010-09-08,1857.25,1888,1852.25,1877.5
2010-09-09,1878.25,1897.75,1874.75,1885.75
2010-09-10,1886.75,1896.75,1880,1892.25
2010-09-13,1896.5,1925.25,1896.5,1919.25
2010-09-14,1915.75,1936,1909.75,1922.5
2010-09-15,1923.75,1940.25,1914.25,1939.5
2010-09-16,1939.5,1953.25,1929.5,1949.75
2010-09-17,1952,1970,1942.5,1952.75
2010-09-20,1950.5,1990.75,1947.25,1981.75
2010-09-21,1982,2000.25,1977,1985.5
2010-09-22,1985.5,1994.75,1970.5,1979.5
2010-09-23,1979.5,2000.25,1962.5,1981.5
2010-09-24,1982.75,2022,1978.75,2018.25
2010-09-27,2018.75,2032,2007.25,2007.25
2010-09-28,2008,2024.5,1977.25,2008.5
2010-09-29,2009.75,2018.5,1998.5,2009
2010-09-30,2009.5,2028.25,1983.25,1995.5
2010-10-01,1995.75,2015.5,1985,1994.5
2010-10-04,1997.75,1997.75,1961,1977
2010-10-05,1977.25,2025,1975.5,2018.5
2010-10-06,2018.75,2024.5,1990.25,2004.25
2010-10-07,2004.25,2019.75,1993.75,2014
2010-10-08,2014,2029.25,1982,2020.75
2010-10-11,2023,2035,2018.75,2025.5
2010-10-12,2025.25,2043.5,2004.25,2037
2010-10-13,2042,2065.25,2035.75,2056
2010-10-14,2056.5,2067.5,2041.25,2062
2010-10-15,2065,2097.75,2060.25,2095
2010-10-18,2095,2104.75,2082.75,2094.5
2010-10-19,2092,2103,2051.5,2067.5
2010-10-20,2068,2098.5,2062.5,2083.75
2010-10-21,2085,2104.5,2066.75,2080
2010-10-22,2080.5,2104.5,2077,2104
2010-10-25,2104,2125.5,2102,2108.5
2010-10-26,2109.25,2122,2092.5,2116
2010-10-27,2117.25,2125,2102.25,2123.75
2010-10-28,2123.5,2136.75,2109.25,2125.75
2010-10-29,2126.75,2135.5,2116.75,2122
2010-11-01,2125,2146.5,2115,2129
2010-11-02,2128.25,2153.75,2126.25,2150.25
2010-11-03,2151.25,2165.5,2130,2164.25
2010-11-04,2164.5,2191,2162.25,2184.5
2010-11-05,2184,2191,2176.5,2184.75
2010-11-08,2180.5,2189.25,2173.5,2184
2010-11-09,2183,2198,2164.25,2176.25
2010-11-10,2175.25,2187.25,2160,2174.5
2010-11-11,2175.25,2175.5,2142.25,2172.5
2010-11-12,2171.75,2174.25,2119.25,2133.75
2010-11-15,2134,2151,2126.5,2128
2010-11-16,2126.75,2127.25,2083.5,2090.75
2010-11-17,2093,2109.25,2088,2097
2010-11-18,2097.5,2146.75,2095.75,2134.25
2010-11-19,2135.25,2138.75,2119.75,2133.5
2010-11-22,2139,2155.5,2120.75,2154.5
2010-11-23,2152.75,2154.25,2104.75,2119
2010-11-24,2117.25,2165.5,2113,2158
2010-11-26,2156.5,2163.25,2134.75,2146
2010-11-29,2150,2160.25,2117.75,2145.5
2010-11-30,2144.75,2147.5,2109.25,2117
2010-12-01,2115,2174,2110.75,2158.5
2010-12-02,2159,2188.75,2156.75,2187
2010-12-03,2188,2195,2167.75,2187.25
2010-12-06,2188,2193.75,2177,2190.5
2010-12-07,2191.25,2217,2185.5,2190
2010-12-08,2190.25,2202,2180,2200.5
2010-12-09,2199.5,2214.75,2193.75,2201.25
2010-12-10,2200.25,2218.25,2197.25,2216.5
2010-12-13,2217.75,2231.75,2206.75,2211.75
2010-12-14,2209,2219.75,2204.25,2214
2010-12-15,2214.75,2223.5,2196,2201.25
2010-12-16,2201.75,2224.75,2197.25,2219.25
2010-12-17,2222,2226.5,2212.25,2213.25
2010-12-20,2216,2230,2205.5,2220.25
2010-12-21,2220,2237,2219.25,2235.25
2010-12-22,2233.75,2238.25,2230.25,2236
2010-12-23,2236.75,2239,2223.75,2230.5
2010-12-27,2227.25,2234,2207.25,2230
2010-12-28,2229.25,2237,2221.25,2225.5
2010-12-29,2227.25,2235.75,2224.25,2228.5
2010-12-30,2228.5,2232.75,2221.5,2224.5
2010-12-31,2225.25,2229,2207.5,2216
2011-01-03,2220,2267.75,2219.25,2250.5
2011-01-04,2249.75,2262.5,2236.5,2245.5
2011-01-05,2246.75,2271.75,2229.5,2269.75
2011-01-06,2270.75,2279.25,2267.25,2276.25
2011-01-07,2277,2282.25,2252,2273
2011-01-10,2272.25,2287,2260.75,2282.5
2011-01-11,2282,2295.25,2278,2285.5
2011-01-12,2286,2306.75,2284,2304.5
2011-01-13,2304.75,2309.5,2296.75,2302.75
2011-01-14,2303.75,2323,2297.5,2320
2011-01-18,2321.25,2332.5,2285.25,2330.75
2011-01-19,2331.5,2346.5,2293,2294.5
2011-01-20,2297.75,2299.5,2267,2281.5
2011-01-21,2281.75,2300.25,2265.75,2269
2011-01-24,2268.75,2300.75,2264.5,2298
2011-01-25,2298,2303.25,2281.25,2301.25
2011-01-26,2300.25,2320,2298,2318.5
2011-01-27,2318,2334.5,2313.25,2323
2011-01-28,2322,2331,2258,2268
2011-01-31,2265.5,2286,2248.5,2280
2011-02-01,2284,2328.25,2281.25,2322.5
2011-02-02,2320.75,2327.75,2312,2319.75
2011-02-03,2319,2326.25,2295.75,2321.75
2011-02-04,2322.25,2339.5,2316.5,2337.5
2011-02-07,2337.75,2359.75,2334.5,2345
2011-02-08,2343.75,2364,2341.25,2362.75
2011-02-09,2362.5,2365.5,2350.5,2362.25
2011-02-10,2357,2365,2338.25,2361.75
2011-02-11,2360,2380.5,2347.75,2378.25
2011-02-14,2376.25,2387.5,2375.5,2381.75
2011-02-15,2381.75,2385.5,2370.75,2381.5
2011-02-16,2381.25,2403,2379.75,2392
2011-02-17,2392,2400.75,2383.5,2393.5
2011-02-18,2393.75,2400.5,2382,2395
2011-02-22,2393.5,2394,2315.5,2321.75
2011-02-23,2322,2334.75,2285,2303.5
2011-02-24,2302.75,2321,2280.25,2308.25
2011-02-25,2310,2350.25,2305.5,2345.75
2011-02-28,2345.25,2363,2334.75,2350.75
2011-03-01,2351,2371.75,2307.5,2311.5
2011-03-02,2311.25,2341,2301.75,2323.25
2011-03-03,2322,2376,2321.25,2371.75
2011-03-04,2371.25,2378.75,2344.25,2359.75
2011-03-07,2360.25,2374.25,2306.25,2324.5
2011-03-08,2324,2348,2310.5,2333.75
2011-03-09,2332.75,2340.5,2308.25,2310.5
2011-03-10,2312.25,2315.5,2275.25,2283
2011-03-11,2282.5,2306.25,2265,2305.25
2011-03-14,2296.5,2304.75,2273.5,2292
2011-03-15,2289.25,2293,2213.75,2245
2011-03-16,2245.75,2261.75,2186.5,2208.5
2011-03-17,2209,2245.75,2185.75,2226
2011-03-18,2225.5,2253.75,2215,2221.5
2011-03-21,2223,2271.5,2219,2254.5
2011-03-22,2256.25,2264.25,2249.25,2257.25
2011-03-23,2256,2274.75,2232,2265
2011-03-24,2265,2313.5,2262.25,2308.5
2011-03-25,2305.5,2335,2304,2317
2011-03-28,2316.25,2328.5,2294.75,2295.75
2011-03-29,2296.75,2324.75,2289.5,2322.5
2011-03-30,2322.25,2343.25,2320.25,2334.5
2011-03-31,2334.25,2341.5,2327.5,2336.25
2011-04-01,2339,2358,2333.25,2338.5
2011-04-04,2337.25,2349.75,2322,2340.5
2011-04-05,2341,2343,2318.25,2323.25
2011-04-06,2324,2350,2316.75,2325.5
2011-04-07,2325.5,2344.25,2311.75,2329.25
2011-04-08,2329,2342.75,2304.75,2318
2011-04-11,2322.75,2334,2302,2308
2011-04-12,2309.5,2310,2285,2293
2011-04-13,2292.25,2319.5,2291.5,2308.5
2011-04-14,2309,2312,2287.5,2300.75
2011-04-15,2301.75,2313.75,2289.25,2309.75
2011-04-18,2308,2310,2250.25,2290
2011-04-19,2289,2317.5,2277.75,2311
2011-04-20,2313.75,2363.75,2313,2355
2011-04-21,2356,2382.75,2356,2375.5
2011-04-25,2373,2382.25,2371.75,2377.5
2011-04-26,2377.25,2402,2372.75,2384.75
2011-04-27,2388,2412.75,2387.25,2409
2011-04-28,2409.25,2415.75,2396.25,2401.75
2011-04-29,2401,2412.5,2397.25,2400.75
2011-05-02,2408,2428,2393.5,2401.5
2011-05-03,2402.75,2403,2374,2389.75
2011-05-04,2389.75,2396,2364.75,2384
2011-05-05,2385,2399.75,2363.5,2379
2011-05-06,2378.5,2409.75,2372.75,2373.5
2011-05-09,2378,2398,2374,2386.5
2011-05-10,2386.25,2412,2382.75,2409.25
2011-05-11,2407.5,2415.25,2374,2393.5
2011-05-12,2393.75,2409.25,2369,2407
2011-05-13,2408,2414.25,2369,2370
2011-05-16,2366,2372.75,2329.25,2334.5
2011-05-17,2333.75,2346,2318.25,2337.25
2011-05-18,2341.25,2365,2333.5,2361.5
2011-05-19,2362,2373.25,2353.5,2369
2011-05-20,2368.5,2372.75,2342.25,2343.5
2011-05-23,2341.5,2342.75,2304.25,2315.5
2011-05-24,2315.5,2324.25,2298.75,2301.75
2011-05-25,2300.75,2320.75,2281,2309.5
2011-05-26,2309.75,2331,2302,2325.25
2011-05-27,2326.5,2338.5,2322.25,2332.5
2011-05-31,2331.25,2377.75,2330.75,2371.75
2011-06-01,2375.5,2380.75,2318,2319.5
2011-06-02,2320.5,2335.5,2313.75,2326
2011-06-03,2325.75,2328,2284.75,2287.5
2011-06-06,2288.5,2299.25,2271.25,2274
2011-06-07,2274,2288.25,2268,2273.75
2011-06-08,2273.5,2278,2246.75,2248
2011-06-09,2250.75,2267.5,2245.5,2252.5
2011-06-10,2252.5,2255.75,2218.5,2221.25
2011-06-13,2217,2234,2214.5,2223.25
2011-06-14,2223.5,2252.75,2216.75,2247
2011-06-15,2245.5,2246.75,2199.75,2205
2011-06-16,2206.5,2214,2176.5,2195.5
2011-06-17,2195.5,2218.75,2182.5,2190.25
2011-06-20,2189.5,2207,2174,2200
2011-06-21,2199.5,2249.75,2198,2244
2011-06-22,2243.25,2250.75,2228.75,2229.5
2011-06-23,2229,2253.5,2199.5,2237.5
2011-06-24,2237.5,2258.5,2206.75,2207.75
2011-06-27,2208.75,2260,2191.5,2249
2011-06-28,2250.5,2285,2241.5,2284
2011-06-29,2283,2300.5,2274.75,2294
2011-06-30,2293.25,2323.5,2287.5,2321
2011-07-01,2318.75,2360.75,2316.75,2355.25
2011-07-05,2355,2372,2351.5,2372
2011-07-06,2370,2380.75,2358.5,2375.25
2011-07-07,2376,2416,2375.75,2415.5
2011-07-08,2415.25,2421.75,2375.75,2408.5
2011-07-11,2404.25,2404.25,2351.25,2367
2011-07-12,2365.75,2366.5,2330.5,2344.5
2011-07-13,2344.5,2375,2337.75,2344.5
2011-07-14,2345.75,2368.25,2314.5,2334
2011-07-15,2338,2358.75,2331.5,2355.5
2011-07-18,2354.5,2355.25,2318.75,2340
2011-07-19,2341.75,2399.75,2339,2389
2011-07-20,2389.75,2413.5,2381,2381.75
2011-07-21,2381.75,2414.5,2365,2410
2011-07-22,2402.5,2429.75,2396.25,2428
2011-07-25,2417.75,2434.5,2380,2423.5
2011-07-26,2423,2435.5,2412.75,2423.5
2011-07-27,2424.5,2425.75,2357.75,2357.75
2011-07-28,2360,2398.75,2355.75,2370
2011-07-29,2370.75,2385.25,2338,2359.25
2011-08-01,2386,2395,2320.75,2346
2011-08-02,2347.25,2355.25,2285.75,2288.25
2011-08-03,2290,2314.5,2253,2302.5
2011-08-04,2303.75,2319.5,2195,2209.5
2011-08-05,2213.75,2239.25,2128.75,2187
2011-08-08,2145,2170.75,2031.5,2038
2011-08-09,2043,2161.25,1972.25,2155
2011-08-10,2154,2168.25,2065.75,2085
2011-08-11,2082.75,2184.5,2057.5,2158
2011-08-12,2158,2192.5,2114,2177.5
2011-08-15,2183.75,2211.5,2176.5,2206.5
2011-08-16,2204.5,2211.25,2163.5,2199
2011-08-17,2198,2214,2157.25,2175.25
2011-08-18,2175.75,2175.75,2053,2082
2011-08-19,2084.75,2102,2033.75,2041
2011-08-22,2041,2085.5,2022.25,2044
2011-08-23,2046.75,2129.25,2037,2124
2011-08-24,2124,2147.5,2096.25,2139
2011-08-25,2138.75,2152,2101,2111
2011-08-26,2111,2169,2080.75,2164
2011-08-29,2164,2225,2158,2220
2011-08-30,2219.5,2249.5,2201.25,2227
2011-08-31,2226,2268.5,2221.25,2240.75
2011-09-01,2243.5,2263.75,2215.5,2217.25
2011-09-02,2217,2221.75,2155.75,2164.75
2011-09-06,2159.5,2171.25,2108.25,2165.25
2011-09-07,2165.5,2224.5,2164.75,2222
2011-09-08,2223,2244,2205.25,2216.75
2011-09-09,2216,2227.75,2149.75,2169
2011-09-12,2159.75,2198.75,2122,2195
2011-09-13,2189.75,2220,2161.5,2215
2011-09-14,2215.5,2272.75,2186,2246.25
2011-09-15,2246.5,2286.5,2239.25,2284
2011-09-16,2281.25,2308.25,2269.25,2307.25
2011-09-19,2288,2314.5,2254.25,2301
2011-09-20,2298.75,2332.5,2283.75,2296.5
2011-09-21,2297,2318,2244.25,2245.5
2011-09-22,2245.75,2249.5,2144.5,2174.5
2011-09-23,2177.75,2210.25,2134,2202
2011-09-26,2190.5,2232.5,2162.25,2226
2011-09-27,2226.5,2285.25,2221.25,2254
2011-09-28,2252.25,2275.75,2212,2218.5
2011-09-29,2217.25,2259.75,2152.5,2189.5
2011-09-30,2193,2198.5,2122.25,2134.5
2011-10-03,2126.5,2148,2062.75,2065.25
2011-10-04,2067.25,2126.75,2035.75,2113.5
2011-10-05,2112.75,2182,2099.25,2167.5
2011-10-06,2167.25,2213.75,2148.5,2204.75
2011-10-07,2204.5,2227,2183.75,2201.75
2011-10-10,2206,2277.25,2203,2276.75
2011-10-11,2275.25,2296.25,2262.25,2288.5
2011-10-12,2287,2329,2274.5,2296.5
2011-10-13,2299.75,2336.25,2289,2326
2011-10-14,2326.25,2369,2320.25,2367.25
2011-10-17,2367.25,2388.5,2317,2321
2011-10-18,2321,2371.5,2304.75,2363.75
2011-10-19,2365.25,2368.25,2305.75,2318
2011-10-20,2316.25,2332.75,2268.5,2301
2011-10-21,2297,2345.5,2296,2334.25
2011-10-24,2326.75,2385.75,2320.25,2374.75
2011-10-25,2375,2386.75,2316,2321.75
2011-10-26,2323.25,2350.25,2286.75,2326.5
2011-10-27,2329.75,2408.75,2329,2393.75
2011-10-28,2393.75,2401.75,2378.5,2396.5
2011-10-31,2397.75,2398,2350.5,2356
2011-11-01,2353.25,2355.75,2282.75,2303.5
2011-11-02,2303,2329.75,2293.25,2314.5
2011-11-03,2317,2366.5,2279,2361
2011-11-04,2362,2364.5,2327,2351
2011-11-07,2351,2371.5,2319.5,2369.75
2011-11-08,2369,2399.5,2355.25,2394.5
2011-11-09,2394.75,2397.5,2302.5,2311
2011-11-10,2312.25,2344,2286.5,2303.5
2011-11-11,2308.5,2360.25,2301.5,2350.25
2011-11-14,2355,2366.5,2329.75,2343
2011-11-15,2343.25,2374.25,2310,2359.75
2011-11-16,2361.5,2371.5,2312.25,2313.75
2011-11-17,2314.25,2332.75,2256,2268.25
2011-11-18,2270,2290,2249,2249.75
2011-11-21,2244,2244,2187,2213.5
2011-11-22,2215.25,2226.75,2190.75,2214.25
2011-11-23,2214,2216.75,2161,2161
2011-11-25,2164.5,2184.5,2135.75,2147.5
2011-11-28,2183,2228,2178.25,2221
2011-11-29,2221,2245,2205.25,2212.5
2011-11-30,2212,2296.5,2196.25,2295
2011-12-01,2293.25,2315.5,2284,2309.25
2011-12-02,2309.25,2344.75,2300.75,2303.25
2011-12-05,2309,2343.75,2309,2325
2011-12-06,2320,2341.5,2312.75,2321.5
2011-12-07,2322,2343.75,2291.5,2321.5
2011-12-08,2322.75,2341,2277.75,2285.25
2011-12-09,2284.25,2327,2269,2322
2011-12-12,2321.5,2325.5,2273.25,2294
2011-12-13,2291.5,2314.75,2255,2267.5
2011-12-14,2266.75,2276.5,2216,2228.5
2011-12-15,2229.25,2252,2215,2223.25
2011-12-16,2223.25,2264.25,2221.75,2232.75
2011-12-19,2235,2251,2204.25,2212.5
2011-12-20,2214,2283.25,2212.25,2266.75
2011-12-21,2269.5,2291.25,2217.75,2239
2011-12-22,2241,2264.25,2234.5,2260.75
2011-12-23,2262,2283.25,2260.25,2278.5
2011-12-27,2280,2296.5,2275,2284.5
2011-12-28,2284.5,2292.25,2253.75,2259.5
2011-12-29,2262.25,2282,2258.25,2277.25
2011-12-30,2278.25,2284.5,2270.25,2274.5
2012-01-03,2312.5,2328.25,2308,2316
2012-01-04,2316.25,2329.5,2302.5,2328.75
2012-01-05,2329,2347.5,2309.25,2339.5
2012-01-06,2340.25,2358.75,2332.5,2352.25
2012-01-09,2353.25,2363.5,2338.5,2346.75
2012-01-10,2346.5,2378.25,2346.25,2363.5
2012-01-11,2363.25,2373.25,2352.5,2367
2012-01-12,2367,2383,2355.75,2378.5
2012-01-13,2378,2386.75,2348.5,2373.5
2012-01-17,2367.25,2401,2361.5,2389.75
2012-01-18,2390.25,2423,2387.75,2420.5
2012-01-19,2420.25,2442.5,2418.5,2425.25
2012-01-20,2428,2437,2422.75,2434.75
2012-01-23,2430,2452.25,2420.75,2435
2012-01-24,2435.5,2439.75,2419.5,2437.5
2012-01-25,2438,2469,2436.75,2460.5
2012-01-26,2460.25,2476,2440.75,2453.25
2012-01-27,2453,2464.5,2444.75,2456.25
2012-01-30,2460,2465.5,2429.25,2462
2012-01-31,2462.25,2478.5,2448.75,2464.25
2012-02-01,2455,2494.25,2453.5,2487.5
2012-02-02,2488.5,2500.75,2479.5,2491.5
2012-02-03,2492,2530,2489.75,2523
2012-02-06,2519.75,2526.25,2510.5,2525.75
2012-02-07,2524.75,2534.75,2511.75,2529.25
2012-02-08,2528.75,2547.5,2521,2544.75
2012-02-09,2545,2565,2535.25,2561
2012-02-10,2561.25,2561.25,2535.25,2548.5
2012-02-13,2556.75,2571.25,2551.75,2567.75
2012-02-14,2569.5,2577.5,2553.25,2576
2012-02-15,2576.5,2600.5,2552.5,2557.5
2012-02-16,2556.5,2594.25,2542.75,2593.5
2012-02-17,2593.75,2597.5,2572,2582
2012-02-21,2593.75,2601.75,2574.25,2591
2012-02-22,2590.25,2600.5,2575.25,2578.75
2012-02-23,2579,2602,2569.25,2600.75
2012-02-24,2600.25,2609.5,2598,2601.5
2012-02-27,2602.5,2616.75,2578.75,2608
2012-02-28,2609.5,2635,2607.5,2632
2012-02-29,2632.25,2645.25,2614.25,2623
2012-03-01,2623.75,2646.25,2616.5,2643.25
2012-03-02,2644.5,2650,2632.75,2643.5
2012-03-05,2639.75,2645,2605.5,2616
2012-03-06,2615.75,2617.5,2575,2589.5
2012-03-07,2589.75,2614.5,2588.25,2608.75
2012-03-08,2608,2644.25,2604.5,2637.75
2012-03-09,2637.5,2652.5,2631.5,2648.5
2012-03-12,2649.25,2652.5,2635.25,2651.5
2012-03-13,2646.25,2696.5,2645.25,2694
2012-03-14,2692.75,2713.75,2686,2702.75
2012-03-15,2702.25,2717.25,2697,2711.75
2012-03-16,2711.25,2720,2702.75,2709
2012-03-19,2708.5,2735,2700.25,2727.75
2012-03-20,2729.25,2738,2707.25,2735.5
2012-03-21,2736.25,2748.5,2730,2735.25
2012-03-22,2734.75,2740.75,2715.5,2731.25
2012-03-23,2732.5,2746.5,2710.75,2728.75
2012-03-26,2729.75,2778,2729,2777
2012-03-27,2775.75,2789.5,2772,2775.75
2012-03-28,2776.25,2790.25,2750.25,2768
2012-03-29,2765.25,2773.25,2737,2758.25
2012-03-30,2759,2773.25,2740.25,2750.75
2012-04-02,2758,2783.75,2743.5,2777
2012-04-03,2777,2791.5,2763,2779
2012-04-04,2780.5,2781,2724.75,2736.5
2012-04-05,2738.5,2760.75,2722.5,2753.75
2012-04-06,2755,2761.25,2719,2753.75
2012-04-09,2725.75,2748,2718.75,2728.5
2012-04-10,2728.75,2746,2684.25,2697
2012-04-11,2698.5,2723.75,2697.5,2704.25
2012-04-12,2706.25,2740.25,2704.75,2738.75
2012-04-13,2738.5,2742.75,2691,2693.5
2012-04-16,2694.75,2710,2656.5,2663.75
2012-04-17,2665,2728.25,2654.25,2712.75
2012-04-18,2713.5,2728.25,2694.5,2694.5
2012-04-19,2698.25,2735,2671.5,2683.5
2012-04-20,2685.75,2708,2669.75,2674.25
2012-04-23,2671,2675,2625,2650.25
2012-04-24,2651.25,2666,2624.75,2632.5
2012-04-25,2632.5,2706.75,2632,2704.5
2012-04-26,2704.5,2727,2695,2720.25
2012-04-27,2719.5,2746,2708.75,2736.75
2012-04-30,2741,2744.25,2715.5,2719.25
2012-05-01,2719.5,2753,2710.5,2718.5
2012-05-02,2718,2732,2702.5,2727.5
2012-05-03,2728,2738.25,2692,2692
2012-05-04,2695.25,2700.5,2625.25,2625.5
2012-05-07,2610.25,2648.25,2586.5,2636.5
2012-05-08,2636.75,2641.75,2583.25,2622.75
2012-05-09,2624.25,2632.25,2584.25,2619.25
2012-05-10,2619.25,2636.5,2601,2618.75
2012-05-11,2619.25,2640.25,2597.5,2610.75
2012-05-14,2602,2613,2583.5,2585
2012-05-15,2587,2616.25,2574.5,2578.25
2012-05-16,2579,2596,2556.25,2557.5
2012-05-17,2559.75,2571,2504.75,2504.75
2012-05-18,2507,2521.75,2468,2468.25
2012-05-21,2472.5,2546.5,2465,2543.5
2012-05-22,2544.75,2561.5,2522.25,2535.25
2012-05-23,2536.75,2552.25,2497.5,2540.5
2012-05-24,2540.75,2556.25,2510.25,2536.25
2012-05-25,2536.25,2551.5,2518.25,2524
2012-05-29,2533.25,2570,2531.5,2559.5
2012-05-30,2560,2561,2520.25,2530.75
2012-05-31,2531.75,2542.5,2506,2524
2012-06-01,2520,2522,2454,2455
2012-06-04,2460,2480.25,2433.75,2469
2012-06-05,2471.75,2492,2459.5,2488.75
2012-06-06,2490.25,2551.75,2487,2550
2012-06-07,2551,2570.5,2532,2536.25
2012-06-08,2536.75,2564.25,2517.75,2562.5
2012-06-11,2587,2604,2513.5,2515.25
2012-06-12,2512,2546.75,2505,2545
2012-06-13,2543.75,2552.75,2514,2522.5
2012-06-14,2523.5,2542.75,2509,2535
2012-06-15,2535.75,2567.75,2533.5,2564
2012-06-18,2580.25,2594.5,2549.25,2587.5
2012-06-19,2589.25,2626,2585,2612.5
2012-06-20,2612,2628.25,2597.5,2617.25
2012-06-21,2618.25,2620.5,2548.5,2551.75
2012-06-22,2552.25,2581.75,2548.5,2573.5
2012-06-25,2573.75,2577.25,2521,2526.5
2012-06-26,2528.25,2551.75,2525.25,2548.25
2012-06-27,2548.25,2571.5,2542.5,2557.75
2012-06-28,2559,2564.75,2503.5,2527.75
2012-06-29,2528.25,2616.25,2518.75,2609.75
2012-07-02,2612,2620.25,2599.5,2614.25
2012-07-03,2615,2642.5,2613.5,2641.5
2012-07-05,2641,2655.75,2621,2642.5
2012-07-06,2642.5,2644.75,2590.5,2609
2012-07-09,2602.5,2615.5,2591.5,2606
2012-07-10,2606,2625.5,2568.5,2578
2012-07-11,2577.5,2589.25,2543,2561.5
2012-07-12,2563.5,2569.75,2516.5,2537.75
2012-07-13,2537.5,2584.75,2537.5,2577
2012-07-16,2577.25,2584.5,2561.25,2571.5
2012-07-17,2571.75,2594,2548,2587
2012-07-18,2587.75,2628.5,2576.75,2620
2012-07-19,2623,2658,2623,2652.25
2012-07-20,2653.5,2657.5,2612.75,2613.25
2012-07-23,2609,2613,2543.25,2579.25
2012-07-24,2579.25,2590,2545,2548.5
2012-07-25,2555,2560.75,2516.75,2543.5
2012-07-26,2543,2593.5,2529.75,2572.5
2012-07-27,2572.75,2646,2572.5,2642
2012-07-30,2640,2657.75,2628.25,2635.75
2012-07-31,2637,2652.5,2631,2636.5
2012-08-01,2634.75,2656.25,2618.5,2625
2012-08-02,2625.25,2648.75,2600,2618.5
2012-08-03,2619.75,2681.25,2616,2671
2012-08-06,2675,2701.75,2671.75,2686.5
2012-08-07,2687.75,2723,2686.25,2710
2012-08-08,2707.75,2717,2700.75,2706.75
2012-08-09,2707.25,2723.25,2703.5,2717.75
2012-08-10,2718,2723,2702.25,2721
2012-08-13,2720,2729.75,2705.75,2728
2012-08-14,2728,2743,2720.75,2726.75
2012-08-15,2725.75,2740.75,2718.5,2738.5
2012-08-16,2740,2774,2738.25,2763.5
2012-08-17,2765.75,2780.5,2763.25,2776
2012-08-20,2774.75,2784.25,2767,2780
2012-08-21,2781,2802.5,2761.5,2774
2012-08-22,2775.5,2789.75,2759,2781.25
2012-08-23,2782,2792.5,2754,2761
2012-08-24,2762.25,2785.25,2750.5,2775
2012-08-27,2784,2795.75,2776.5,2782.75
2012-08-28,2783.25,2790.5,2771,2780.75
2012-08-29,2782,2790.5,2771.25,2781.25
2012-08-30,2781.25,2782.5,2750.25,2753.75
2012-08-31,2755,2785.25,2745.25,2771
2012-09-04,2773,2782.75,2742.75,2774.5
2012-09-05,2775.25,2780.75,2757,2767.5
2012-09-06,2767.5,2829.5,2766.5,2825.5
2012-09-07,2826.5,2836.25,2817,2823
2012-09-10,2822.25,2823.75,2784.5,2784.5
2012-09-11,2784.5,2799.75,2777.75,2779.25
2012-09-12,2781.25,2800.25,2775.25,2796.25
2012-09-13,2796,2842,2785.25,2827.5
2012-09-14,2827.5,2865.25,2826.75,2856.5
2012-09-17,2858,2858.5,2845.75,2852
2012-09-18,2846.75,2854.25,2838.25,2850
2012-09-19,2852.25,2866.25,2844.75,2853.5
2012-09-20,2854.75,2858,2837.25,2853.25
2012-09-21,2854.25,2871.75,2852.25,2852.5
2012-09-24,2852,2857.25,2826.25,2838.25
2012-09-25,2840.5,2853,2798.25,2803.25
2012-09-26,2804.25,2807.25,2762.25,2774.25
2012-09-27,2774.75,2821.25,2774.75,2814.5
2012-09-28,2814.5,2819.25,2788.75,2792
2012-10-01,2789,2822.5,2777.75,2788.25
2012-10-02,2787,2807.75,2772.5,2795.25
2012-10-03,2795.25,2817.25,2788,2808
2012-10-04,2809,2830,2807.75,2821.5
2012-10-05,2822,2840.75,2799.75,2804.25
2012-10-08,2806.25,2808,2774.5,2777.5
2012-10-09,2778.75,2786.75,2730,2734
2012-10-10,2735,2743.75,2717.25,2722.75
2012-10-11,2722.5,2745.5,2712,2713.25
2012-10-12,2713.75,2728.25,2707.25,2710
2012-10-15,2713,2736.25,2705,2731.25
2012-10-16,2732.5,2777.25,2729.75,2765.25
2012-10-17,2765.75,2778.75,2753.5,2770.5
2012-10-18,2771,2774,2727.5,2732.75
2012-10-19,2731,2737.5,2664,2664
2012-10-22,2664.5,2693,2657.5,2687.75
2012-10-23,2691,2695.25,2651.5,2660.5
2012-10-24,2660,2680.5,2646.25,2650.5
2012-10-25,2652.5,2673.5,2640.25,2648
2012-10-26,2651.5,2669.25,2604.5,2659
2012-10-29,2654.5,2659,2634.25,2659
2012-10-30,2637.25,2659,2626,2659
2012-10-31,2662.25,2676.75,2631.75,2640.5
2012-11-01,2634.25,2688.75,2627.25,2684.75
2012-11-02,2686,2694,2641,2641
2012-11-05,2640.5,2673.5,2634.75,2662.25
2012-11-06,2661.25,2691.75,2653.25,2675.75
2012-11-07,2676.75,2688,2599,2610
2012-11-08,2612.75,2623.25,2568.5,2572
2012-11-09,2573.5,2607.25,2556.25,2580.5
2012-11-12,2581.5,2597.25,2572,2581
2012-11-13,2581.75,2585.75,2553,2560.5
2012-11-14,2567.5,2585.75,2526.5,2529.5
2012-11-15,2531.25,2541,2512.75,2522
2012-11-16,2522.75,2539.25,2492,2533
2012-11-19,2535,2594.25,2534.5,2585.5
2012-11-20,2584.75,2596.75,2568,2593.5
2012-11-21,2592,2602,2577,2596
2012-11-23,2598.25,2638.75,2596.25,2634.25
2012-11-26,2633,2650.75,2623,2645.75
2012-11-27,2648.5,2658.75,2636.5,2641.25
2012-11-28,2640,2665.5,2611.5,2660.5
2012-11-29,2663.5,2688.5,2659.75,2680
2012-11-30,2672,2689.75,2667.25,2675.75
2012-12-03,2676,2698.5,2666.25,2670
2012-12-04,2667.75,2675.75,2650.25,2664.5
2012-12-05,2661,2679.25,2623,2637.5
2012-12-06,2636,2662,2622.5,2654
2012-12-07,2655,2673.25,2629.5,2636
2012-12-10,2637,2660.75,2625.75,2650.5
2012-12-11,2647.5,2696.5,2644.25,2685.75
2012-12-12,2686.25,2696,2668,2670.25
2012-12-13,2670.25,2689.25,2642.5,2651.75
2012-12-14,2650.25,2662.75,2620,2627.75
2012-12-17,2635.25,2669.75,2614,2666.5
2012-12-18,2664.5,2707,2662.25,2701.5
2012-12-19,2702,2713.75,2687.5,2693
2012-12-20,2688,2702.25,2678.25,2690
2012-12-21,2692.5,2695.25,2636.25,2660.5
2012-12-24,2660,2662.75,2646.5,2648.75
2012-12-26,2653.5,2658.75,2622,2628.5
2012-12-27,2631.75,2637.75,2593.5,2622.5
2012-12-28,2625,2630.5,2582.5,2586
2012-12-31,2590.25,2665,2580,2655.25
2013-01-02,2686.25,2742.75,2686.25,2738.75
2013-01-03,2739,2747,2719,2725.5
2013-01-04,2726.5,2736,2711.25,2713
2013-01-07,2716.25,2722.75,2702.5,2717.75
2013-01-08,2718.75,2724.75,2698.5,2714
2013-01-09,2715,2730.25,2711.25,2722
2013-01-10,2722.5,2743.5,2713.75,2737
2013-01-11,2742.5,2744.5,2732.25,2743.75
2013-01-14,2744,2750.25,2719.25,2728.75
2013-01-15,2731,2732.25,2705.25,2714.25
2013-01-16,2720.75,2737.5,2710.5,2726
2013-01-17,2726.25,2752,2716.5,2740.5
2013-01-18,2735.5,2741.75,2722.5,2733.75
2013-01-22,2734.25,2758,2720.75,2751
2013-01-23,2756.5,2768.75,2728.5,2759
2013-01-24,2716.25,2743,2707.75,2718.25
2013-01-25,2714.25,2739.5,2711.75,2728
2013-01-28,2729.5,2747.5,2726.25,2737.5
2013-01-29,2734.75,2747,2716.25,2742.75
2013-01-30,2745.5,2751.75,2726.25,2735.75
2013-01-31,2734,2746.25,2723.75,2725
2013-02-01,2733,2764,2730.5,2756.5
2013-02-04,2759.25,2759.25,2709,2711.5
2013-02-05,2710,2759.25,2709.25,2749.25
2013-02-06,2753.5,2757,2733,2737.25
2013-02-07,2739.5,2748.75,2712.75,2742
2013-02-08,2742,2778.5,2741,2772
2013-02-11,2771.25,2780.75,2763.5,2770.5
2013-02-12,2770.75,2774.5,2758.75,2760.75
2013-02-13,2765.25,2781.75,2762.75,2770.25
2013-02-14,2766.75,2775,2756,2767.25
2013-02-15,2769.25,2776.75,2754.25,2761.25
2013-02-19,2759.75,2786,2758.25,2780.75
2013-02-20,2784.5,2786.5,2725,2737.5
2013-02-21,2736,2741,2699.5,2714
2013-02-22,2716,2739,2714.25,2735.75
2013-02-25,2736.75,2764.5,2691.75,2702.25
2013-02-26,2702.25,2718.25,2689,2707.75
2013-02-27,2711,2757.75,2703.25,2740.5
2013-02-28,2741,2761.5,2732.5,2738
2013-03-01,2738,2751.5,2711.75,2748.75
2013-03-04,2745.5,2763.75,2732.75,2760
2013-03-05,2762.5,2803.75,2761,2798.25
2013-03-06,2800.75,2809.25,2788.25,2788.25
2013-03-07,2790.5,2804.5,2788.5,2799.25
2013-03-08,2798.5,2827.75,2792.5,2801.5
2013-03-11,2801.5,2812.25,2791.25,2809.75
2013-03-12,2808,2808,2782.75,2798
2013-03-13,2798.75,2803.5,2782.5,2793.5
2013-03-14,2795,2807.5,2792,2800
2013-03-15,2799.25,2805.25,2784.75,2790.5
2013-03-18,2774,2797.25,2748.25,2787
2013-03-19,2787.25,2800,2755.25,2779.5
2013-03-20,2776.75,2806.5,2771.75,2785.25
2013-03-21,2788.25,2788.25,2761.25,2769.75
2013-03-22,2769.25,2799.5,2763.25,2793.5
2013-03-25,2793.5,2811.5,2771,2784.25
2013-03-26,2788.25,2803.75,2784.5,2799.75
2013-03-27,2802.25,2806,2776.5,2801
2013-03-28,2801.25,2814.75,2791.5,2811
2013-04-01,2811,2815.75,2784.25,2788
2013-04-02,2789.75,2823,2786.25,2812.75
2013-04-03,2814.25,2819.25,2780.25,2787
2013-04-04,2788,2801.5,2772.5,2785
2013-04-05,2785,2785.5,2737.5,2763
2013-04-08,2763.25,2788.25,2757,2781
2013-04-09,2784.75,2809.75,2773,2797.5
2013-04-10,2799,2857.5,2794.75,2853.25
2013-04-11,2852,2858.5,2843.25,2853.25
2013-04-12,2853.75,2856.25,2828.25,2846.25
2013-04-15,2846.5,2851,2771.25,2783.5
2013-04-16,2786,2834.25,2785.25,2828
2013-04-17,2830.5,2830.5,2758.25,2774.5
2013-04-18,2770.5,2788,2724,2739.5
2013-04-19,2746.25,2779.5,2736.75,2768.25
2013-04-22,2772.5,2812.5,2770.75,2797.25
2013-04-23,2800.75,2843.5,2785,2823
2013-04-24,2829.5,2838.25,2816,2824
2013-04-25,2821.75,2854.5,2814,2844
2013-04-26,2841,2844.75,2822.25,2830.5
2013-04-29,2833.75,2871.75,2827.5,2858.75
2013-04-30,2859.75,2884.25,2853.25,2880
2013-05-01,2884,2887,2862.25,2863.5
2013-05-02,2868,2910.5,2867.25,2902
2013-05-03,2902,2947.75,2900.25,2935
2013-05-06,2936.75,2954,2936.5,2947.5
2013-05-07,2947.5,2956.75,2937.25,2946.5
2013-05-08,2946.75,2965,2941.75,2961.75
2013-05-09,2961,2978.25,2950,2958
2013-05-10,2961.25,2978.75,2958.75,2975.5
2013-05-13,2972.25,2987.5,2960.5,2981
2013-05-14,2981.25,3005,2971.25,2995.25
2013-05-15,2995.75,3007.5,2982.5,3001
2013-05-16,3004.25,3019,2996,2998.25
2013-05-17,3001,3028.25,2998,3022.75
2013-05-20,3021.25,3032,3010,3021
2013-05-21,3019.5,3036.75,3010,3021.5
2013-05-22,3021.75,3053.5,2983.75,3001
2013-05-23,3006.25,3008.5,2961.25,2992.25
2013-05-24,2995.75,3003,2963.5,2992.25
2013-05-28,2991.25,3036.75,2985,3003.5
2013-05-29,3004.75,3008.75,2978.25,2995.5
2013-05-30,2995,3025.5,2981.75,3010
2013-05-31,3011,3022.75,2976.25,2980.25
2013-06-03,2981,2995,2950,2985.5
2013-06-04,2986.5,3007,2961,2974.75
2013-06-05,2970.75,2977.75,2932,2938.5
2013-06-06,2939.25,2954,2910.5,2949.5
2013-06-07,2948.25,2992,2940,2980.5
2013-06-10,2981,3004,2976.25,2987
2013-06-11,2987.75,2989,2949.5,2963.5
2013-06-12,2965.5,2979.5,2919.5,2920.25
2013-06-13,2922.75,2969.5,2897.75,2962.25
2013-06-14,2966.25,2968.5,2938.75,2942
2013-06-17,2936.5,2989.75,2936.5,2970
2013-06-18,2969.25,2997.75,2965.75,2988.5
2013-06-19,2993.25,2999,2952.75,2956.25
2013-06-20,2954.75,2956.5,2875.75,2880
2013-06-21,2880.25,2899.25,2846,2865
2013-06-24,2866.5,2870.75,2817.75,2844
2013-06-25,2846.25,2873.75,2830.75,2858.25
2013-06-26,2857,2892.75,2845.75,2883
2013-06-27,2885.75,2918.25,2882.25,2899.5
2013-06-28,2899,2922,2884.25,2901.25
2013-07-01,2902.75,2946.75,2894.25,2917
2013-07-02,2919.25,2941.25,2907.25,2923.25
2013-07-03,2923.25,2949,2897,2936.5
2013-07-05,2937.75,2971.25,2927.75,2956.5
2013-07-08,2961.5,2978.25,2948.75,2958.75
2013-07-09,2961,2985,2959,2974.25
2013-07-10,2977.25,3014,2969,2996.25
2013-07-11,3011.5,3058,3011.5,3055
2013-07-12,3053,3070.5,3049.25,3062
2013-07-15,3062.75,3076.5,3062.75,3073
2013-07-16,3074,3080.25,3063.75,3070.75
2013-07-17,3073.25,3086.5,3065.5,3079.25
2013-07-18,3075.25,3087,3046,3047.5
2013-07-19,3049,3049,3030.5,3040.75
2013-07-22,3043.75,3055.25,3038.5,3047.5
2013-07-23,3049.25,3060,3023.5,3026
2013-07-24,3038,3057.25,3028.75,3048
2013-07-25,3052.5,3058.25,3027.5,3050
2013-07-26,3053,3073.5,3037.5,3070.5
2013-07-29,3070,3078.5,3056.75,3065.5
2013-07-30,3066,3094.75,3065.5,3085.5
2013-07-31,3082.5,3105,3079.25,3083
2013-08-01,3088.75,3123.5,3088.75,3112.75
2013-08-02,3118.25,3138,3112.25,3136
2013-08-05,3136.25,3140.25,3128,3136
2013-08-06,3136,3139.5,3106.25,3118
2013-08-07,3117.75,3119.5,3090.75,3116
2013-08-08,3117.25,3136.5,3108.5,3127
2013-08-09,3129.25,3134.75,3107,3113.25
2013-08-12,3113.5,3129.5,3094.25,3124
2013-08-13,3126,3148,3104.75,3137
2013-08-14,3138.75,3143.75,3114.25,3123.25
2013-08-15,3113,3114.75,3066.5,3071
2013-08-16,3071.75,3090,3068.25,3069.75
2013-08-19,3068.5,3100.5,3060.25,3070.5
2013-08-20,3071.25,3097,3063.5,3081
2013-08-21,3081.75,3098.75,3059.25,3062.5
2013-08-22,3060.75,3107,3055.5,3101.75
2013-08-23,3103.5,3127,3096.5,3121.25
2013-08-26,3120.25,3147.25,3117.25,3121
2013-08-27,3123.5,3124.75,3052.5,3059.5
2013-08-28,3061.5,3084.75,3056,3068.25
2013-08-29,3068.25,3109,3064,3089.5
2013-08-30,3093.5,3103.5,3062,3073.5
2013-09-03,3088.75,3113.25,3076,3086.5
2013-09-04,3087.75,3132,3083.25,3128.25
2013-09-05,3131.5,3137.75,3124,3128
2013-09-06,3128.5,3150.25,3096.5,3129.5
2013-09-09,3132.75,3175.25,3130.5,3165
2013-09-10,3171.5,3189.25,3167.25,3182.75
2013-09-11,3184.25,3188.75,3160,3178.5
2013-09-12,3184.25,3186.75,3170.25,3176
2013-09-13,3177.25,3182.5,3161.75,3177.75
2013-09-16,3196.25,3219.25,3163,3167.75
2013-09-17,3158.5,3189,3156.25,3184
2013-09-18,3186.5,3229.75,3183.25,3221.75
2013-09-19,3224.5,3237.75,3224.5,3232.25
2013-09-20,3234,3241.5,3216.5,3216.5
2013-09-23,3222.75,3237,3198,3209
2013-09-24,3211,3230.75,3202.75,3213.25
2013-09-25,3215.25,3220.5,3195.75,3200
2013-09-26,3202.5,3235.25,3202.25,3226
2013-09-27,3229.75,3233.5,3203,3223
2013-09-30,3211.5,3223.25,3178.25,3209
2013-10-01,3221.25,3251.25,3213,3245.5
2013-10-02,3251,3251,3221,3237.5
2013-10-03,3239.75,3248,3189.25,3202.25
2013-10-04,3201.25,3239.5,3199.5,3234.5
2013-10-07,3224,3232.75,3201.75,3205
2013-10-08,3206.5,3214.5,3144.25,3150.75
2013-10-09,3146.25,3164,3110.75,3132.5
2013-10-10,3132.75,3209.5,3132.75,3193.5
2013-10-11,3193.5,3230.5,3175.75,3225.5
2013-10-14,3205,3255,3195,3248.25
2013-10-15,3253.5,3263.5,3234,3240.75
2013-10-16,3240.5,3276.5,3234.75,3264
2013-10-17,3260.25,3310.5,3255.25,3301
2013-10-18,3307.5,3348,3306.75,3342
2013-10-21,3344.75,3362.25,3342.5,3354
2013-10-22,3353,3377.25,3338,3356.5
2013-10-23,3356,3357.25,3322.25,3340
2013-10-24,3342.25,3379.75,3335.5,3371
2013-10-25,3376.75,3392.75,3361.25,3373.75
2013-10-28,3374.25,3391,3360.75,3383.25
2013-10-29,3377.75,3392.25,3368.5,3384
2013-10-30,3390.25,3401.75,3364.25,3392.25
2013-10-31,3380,3394,3360.75,3369
2013-11-01,3377.25,3388.5,3357.5,3368
2013-11-04,3368,3387.25,3366.75,3377.5
2013-11-05,3378,3390.5,3355.75,3379.75
2013-11-06,3380,3398,3370.25,3376
2013-11-07,3374,3387,3314.25,3319.5
2013-11-08,3321.75,3363,3310,3360.5
2013-11-11,3361.5,3365.5,3345.5,3354.25
2013-11-12,3354.75,3366.75,3343.75,3364.5
2013-11-13,3363.5,3406.75,3338.25,3402
2013-11-14,3392.5,3415.75,3386.75,3410.5
2013-11-15,3412.25,3421.25,3405.25,3416.5
2013-11-18,3416.5,3425.75,3380.25,3384
2013-11-19,3387.75,3400.5,3370.75,3375.5
2013-11-20,3375.75,3398.5,3358.5,3366.5
2013-11-21,3367.75,3406,3360.25,3400.5
2013-11-22,3400.75,3422.5,3400,3420
2013-11-25,3422.5,3437.25,3420.25,3429
2013-11-26,3426.75,3456,3422.75,3447.25
2013-11-27,3447,3472.25,3445.75,3468.5
2013-11-29,3469,3496.5,3468.75,3487.5
2013-12-02,3493,3501.25,3476.75,3483
2013-12-03,3483.75,3488.75,3466.25,3475.75
2013-12-04,3476.25,3494,3453.25,3482.5
2013-12-05,3482.5,3492,3468.75,3478.75
2013-12-06,3478,3511,3477,3504
2013-12-09,3505,3524.75,3505,3518.5
2013-12-10,3519.25,3524.25,3507.75,3516
2013-12-11,3517.5,3522.25,3464.5,3470.5
2013-12-12,3471.25,3479.5,3455.5,3459.5
2013-12-13,3457,3478.25,3449.75,3457.5
2013-12-16,3457,3495.25,3434.5,3474.5
2013-12-17,3467,3479,3456.25,3460.75
2013-12-18,3459.75,3509.75,3415.25,3508.5
2013-12-19,3508.75,3512.75,3478,3492.75
2013-12-20,3493.5,3537.25,3493.25,3532.25
2013-12-23,3541,3567.5,3541,3564.75
2013-12-24,3565.25,3572.75,3561,3569.75
2013-12-26,3572.75,3583.75,3568.25,3581.75
2013-12-27,3582.75,3587.5,3567,3570.25
2013-12-30,3569.75,3573.5,3556,3565.75
2013-12-31,3566.5,3594.75,3565,3583.75
2014-01-02,3575.75,3579,3549,3559.25
2014-01-03,3560.25,3566.5,3527.25,3531.5
2014-01-06,3530.5,3540.25,3505.75,3517.75
2014-01-07,3516.25,3557.25,3516,3548.75
2014-01-08,3548.25,3569.5,3544,3564.75
2014-01-09,3562.75,3577,3535.5,3547.75
2014-01-10,3549.75,3572,3529.5,3561.5
2014-01-13,3563.25,3566.5,3492.5,3509.5
2014-01-14,3510.25,3576.5,3503.25,3573.75
2014-01-15,3573.75,3610.25,3570.75,3598.25
2014-01-16,3598.5,3608.25,3594,3595.25
2014-01-17,3597.25,3609,3574.25,3584.75
2014-01-21,3584.5,3612,3577.5,3609.5
2014-01-22,3607.25,3629.5,3605,3620.5
2014-01-23,3625.5,3635.25,3581.5,3613.75
2014-01-24,3613.25,3621.25,3527.75,3532.25
2014-01-27,3531.75,3545,3468,3503
2014-01-28,3469,3516.25,3465.75,3501
2014-01-29,3513.5,3529,3454.25,3473
2014-01-30,3480,3537.25,3471,3502
2014-01-31,3520,3532.75,3479.25,3514
2014-02-03,3514,3529.75,3425.25,3430
2014-02-04,3439.5,3473.75,3431.5,3452
2014-02-05,3452,3463.25,3412,3445.5
2014-02-06,3450.25,3499.25,3447.75,3487.25
2014-02-07,3490.75,3561.75,3479.5,3558
2014-02-10,3560.25,3581.75,3550.5,3577.5
2014-02-11,3579.25,3626,3578.5,3612.75
2014-02-12,3612,3633.5,3610.25,3624.5
2014-02-13,3623.25,3656,3596.75,3651
2014-02-14,3650.5,3668,3638,3661
2014-02-18,3660,3684.75,3654,3675
2014-02-19,3676,3679.5,3645.25,3654.5
2014-02-20,3654.5,3677,3638.25,3671.5
2014-02-21,3671.5,3686.75,3660.75,3664.5
2014-02-24,3665.75,3701.5,3655,3688
2014-02-25,3685.75,3697.25,3668.5,3688.5
2014-02-26,3691.25,3702.25,3662.5,3673.75
2014-02-27,3680.25,3706.75,3661.25,3701.5
2014-02-28,3703.75,3722.5,3665,3695.25
2014-03-03,3678,3679.75,3637,3668.75
2014-03-04,3671,3723.25,3669.75,3716.75
2014-03-05,3718.5,3732.5,3712.5,3728.25
2014-03-06,3731.5,3737.25,3709.25,3722
2014-03-07,3724,3740.5,3685.75,3704.25
2014-03-10,3701.5,3712,3684,3707.5
2014-03-11,3707.5,3726,3681,3688.5
2014-03-12,3689.25,3710,3661.5,3706.75
2014-03-13,3708,3722.25,3636.25,3651.25
2014-03-14,3655.75,3661,3625.75,3627.75
2014-03-17,3629.25,3679.5,3608.5,3658.25
2014-03-18,3653.75,3702.25,3640,3695
2014-03-19,3695.75,3705.25,3652.5,3674.25
2014-03-20,3673.75,3698,3657.25,3691.5
2014-03-21,3690.25,3712.75,3633.75,3639
2014-03-24,3640.25,3657,3575.5,3611
2014-03-25,3613.5,3652,3591,3623.75
2014-03-26,3622.5,3647.5,3570.75,3572.75
2014-03-27,3577.75,3585.25,3535.25,3554.25
2014-03-28,3560,3601.25,3551.5,3563
2014-03-31,3572.5,3611.25,3572.5,3586.25
2014-04-01,3583.25,3652.75,3578.5,3650.25
2014-04-02,3650.5,3668.5,3642.5,3658.25
2014-04-03,3658.25,3669,3609,3630.75
2014-04-04,3636,3657.75,3522.75,3537.5
2014-04-07,3539.5,3542.75,3474.5,3499.25
2014-04-08,3501.75,3536,3490.5,3528.5
2014-04-09,3528.75,3594.25,3526.25,3591
2014-04-10,3593.25,3599.5,3470.25,3480
2014-04-11,3485,3493.75,3431.5,3444
2014-04-14,3435.75,3485,3425.25,3470.25
2014-04-15,3471,3501,3404.75,3491.25
2014-04-16,3497.75,3524.5,3479.5,3501.5
2014-04-17,3505.5,3542.5,3492.5,3523.25
2014-04-21,3525,3554.25,3516.75,3551.25
2014-04-22,3553.75,3588.5,3545.75,3585
2014-04-23,3584.5,3599.5,3546,3554.5
2014-04-24,3595.75,3618.25,3544,3584.75
2014-04-25,3588,3589.75,3516.5,3530.5
2014-04-28,3536,3562.5,3480.5,3540.75
2014-04-29,3541.5,3571.25,3530,3563.75
2014-04-30,3557.25,3578,3539,3573.25
2014-05-01,3577,3605.5,3570.5,3586.75
2014-05-02,3589.5,3604.5,3569.5,3579.25
2014-05-05,3583.25,3598,3548,3590.75
2014-05-06,3595,3603.75,3546.75,3551
2014-05-07,3551,3566.5,3497.5,3540.5
2014-05-08,3539.25,3579.75,3518.5,3537.5
2014-05-09,3533.5,3552.25,3510.5,3548
2014-05-12,3549.25,3613.5,3548.25,3607.75
2014-05-13,3611.5,3624.25,3603.5,3608.75
2014-05-14,3610.5,3615,3583.25,3596.25
2014-05-15,3599.25,3606.75,3540.25,3563.25
2014-05-16,3563.5,3589.5,3543,3582.75
2014-05-19,3586.75,3617.5,3565.5,3613.25
2014-05-20,3611.25,3623.75,3584.5,3596.5
2014-05-21,3599,3635.75,3593.25,3633.5
2014-05-22,3631.5,3659.75,3631.25,3648
2014-05-23,3648.25,3677,3645.25,3675
2014-05-27,3679,3723,3677.5,3721.25
2014-05-28,3720.5,3730.25,3707.5,3716
2014-05-29,3716.25,3737.25,3713.25,3735.5
2014-05-30,3735.25,3740.5,3715.25,3735.5
2014-06-02,3735,3741.5,3707.25,3727.5
2014-06-03,3728,3735.75,3714,3730.75
2014-06-04,3732.75,3749.25,3714,3743.25
2014-06-05,3743.5,3782,3734,3776.25
2014-06-06,3777.5,3800.25,3775.75,3798
2014-06-09,3800,3803,3783,3793.75
2014-06-10,3792.5,3803,3784.75,3800.5
2014-06-11,3802,3804.75,3779.5,3798.25
2014-06-12,3797.5,3806.5,3751.5,3771.25
2014-06-13,3773,3785.75,3760,3775.75
2014-06-16,3774.75,3790.5,3757,3779.25
2014-06-17,3772.75,3786,3763,3772.25
2014-06-18,3773.25,3800.25,3755,3795.75
2014-06-19,3794.75,3803.25,3774.25,3789
2014-06-20,3786,3799.5,3784.75,3793.25
2014-06-23,3792.25,3807.25,3785.25,3794.5
2014-06-24,3792,3828,3781.25,3794.5
2014-06-25,3792.25,3823.5,3783,3814.75
2014-06-26,3812.75,3822,3789,3817.5
2014-06-27,3817,3837.75,3808,3831.5
2014-06-30,3831.5,3851.25,3827.75,3840.5
2014-07-01,3847,3894.5,3844.75,3884.75
2014-07-02,3885.5,3896.5,3883,3889.75
2014-07-03,3890.5,3918,3888.25,3915.75
2014-07-07,3912.75,3915.75,3896,3904.25
2014-07-08,3905,3906.75,3841.25,3863.25
2014-07-09,3863.5,3890.75,3856.5,3885.5
2014-07-10,3886.5,3889.5,3831.5,3873.75
2014-07-11,3874.25,3899,3871.75,3897.5
2014-07-14,3898,3930.75,3897.75,3919.25
2014-07-15,3922.5,3933.5,3880,3912.5
2014-07-16,3916.5,3941,3913,3922.5
2014-07-17,3919,3927.5,3859.25,3876
2014-07-18,3870.5,3935.75,3854,3930.25
2014-07-21,3929.5,3934.25,3909.75,3925.75
2014-07-22,3924.5,3959.5,3923.75,3950.5
2014-07-23,3944.75,3983.25,3944.25,3975.5
2014-07-24,3978,3991.25,3963.5,3971.75
2014-07-25,3962.75,3965.5,3937.5,3955.5
2014-07-28,3954,3970.25,3929,3960
2014-07-29,3958.5,3977.5,3948.5,3952.25
2014-07-30,3957.25,3983,3953.25,3968.5
2014-07-31,3968.75,3970.25,3881.75,3884.75
2014-08-01,3890.5,3901.25,3847.5,3873.25
2014-08-04,3873,3915.75,3867.25,3896.75
2014-08-05,3894.75,3900.25,3851.75,3871.75
2014-08-06,3874.5,3891.25,3842,3868.75
2014-08-07,3869.25,3892.5,3840.75,3856.75
2014-08-08,3855.5,3886.75,3826.5,3873.5
2014-08-11,3874,3917.75,3873.75,3905
2014-08-12,3907.5,3917.25,3883.25,3903.5
2014-08-13,3906,3949.5,3902.25,3945.75
2014-08-14,3946.5,3974.75,3939.5,3968
2014-08-15,3973,3994.5,3947.25,3985
2014-08-18,3991,4019.5,3991,4013.25
2014-08-19,4017,4040.5,4015.75,4034.25
2014-08-20,4036.5,4046.5,4028.75,4039.5
2014-08-21,4039.75,4049,4032.75,4047.5
2014-08-22,4047.75,4061,4036.5,4054.75
2014-08-25,4057.5,4078.5,4056.75,4063.5
2014-08-26,4064.25,4075.75,4061.75,4072.25
2014-08-27,4073.5,4077,4063.5,4072.75
2014-08-28,4071.5,4076.25,4054.5,4069.75
2014-08-29,4075.5,4086,4062,4082
2014-09-02,4078.75,4096,4076,4092
2014-09-03,4092.75,4113.75,4062.5,4071.75
2014-09-04,4071.75,4101,4056.25,4069.25
2014-09-05,4072.25,4091.5,4052,4086.5
2014-09-08,4086.5,4105,4075.5,4093
2014-09-09,4092.5,4110.5,4053.25,4066
2014-09-10,4065.5,4096.25,4054.75,4093
2014-09-11,4093,4097,4060,4091
2014-09-12,4096.5,4096.5,4056.75,4069.75
2014-09-15,4057.5,4076.25,4018.25,4033.5
2014-09-16,4026.5,4066.5,4004.25,4058.25
2014-09-17,4056,4084,4039.25,4065.25
2014-09-18,4071,4099.75,4061,4096.5
2014-09-19,4098.75,4118.75,4076,4093
2014-09-22,4091.75,4092,4035.75,4052.75
2014-09-23,4044.5,4061,4027.5,4037
2014-09-24,4031.75,4090,4031,4087.75
2014-09-25,4085.25,4088.5,3998.25,4007.5
2014-09-26,4005,4050.5,4001.75,4045.75
2014-09-29,4045.75,4051.25,3998,4035.5
2014-09-30,4033.75,4064.75,4024.25,4044.75
2014-10-01,4036.25,4046,3965.5,3982.5
2014-10-02,3981.5,3995,3927.75,3978
2014-10-03,3974.5,4034.75,3970.5,4016
2014-10-06,4017.75,4040.5,3996.25,4007
2014-10-07,4001.5,4010.25,3948,3956.25
2014-10-08,3953.5,4041.75,3930.75,4030.5
2014-10-09,4029,4047.75,3947,3970.25
2014-10-10,3948,3967,3851,3853
2014-10-13,3848.5,3885.75,3792.5,3798.5
2014-10-14,3798,3852.75,3793,3811.75
2014-10-15,3823.75,3831.5,3691.25,3752
2014-10-16,3751,3786.5,3684,3741.5
2014-10-17,3748,3840.5,3742,3804
2014-10-20,3811.75,3883,3793.25,3866
2014-10-21,3880.25,3976,3846,3971.5
2014-10-22,3970.5,3983,3939.5,3949.25
2014-10-23,3947,4024.75,3939.5,4005.25
2014-10-24,3995.75,4038.5,3970.5,4034.75
2014-10-27,4035.75,4049.75,4009.5,4038.25
2014-10-28,4041,4099.75,4037.75,4094
2014-10-29,4080.75,4096.25,4054.75,4072.25
2014-10-30,4072.25,4102.5,4043,4089.5
2014-10-31,4091.5,4163.5,4089.75,4150.5
2014-11-03,4150.25,4173.75,4142,4157.25
2014-11-04,4157.5,4164.25,4119.75,4143.5
2014-11-05,4144.75,4176.25,4133.75,4142.5
2014-11-06,4144.25,4167,4130.25,4162.75
2014-11-07,4164.5,4179.75,4136,4150.75
2014-11-10,4152.75,4178.5,4144,4170.25
2014-11-11,4170.5,4186.25,4162,4183.25
2014-11-12,4183.25,4198.75,4166.5,4196
2014-11-13,4193.5,4227,4191.5,4205
2014-11-14,4203.25,4225.75,4195.75,4222
2014-11-17,4223.25,4224.5,4191.5,4212.25
2014-11-18,4213.25,4248.75,4203,4238
2014-11-19,4238.25,4242.5,4204.25,4223.75
2014-11-20,4223.75,4248.25,4201.75,4245
2014-11-21,4245.5,4284.5,4237.5,4249.25
2014-11-24,4249.75,4286.75,4248,4282
2014-11-25,4282,4303.25,4276.75,4292.5
2014-11-26,4294,4323.75,4290.5,4317.75
2014-11-28,4323.5,4348,4312.5,4338.25
2014-12-01,4330.75,4335.5,4273.5,4286.5
2014-12-02,4287,4314.75,4285,4305.5
2014-12-03,4308,4320,4287.5,4310.5
2014-12-04,4312,4328.5,4293.25,4313.5
2014-12-05,4313,4326.75,4302.75,4313.25
2014-12-08,4314.25,4320.25,4259,4279
2014-12-09,4282.75,4298.5,4216.75,4290.75
2014-12-10,4290.75,4298.25,4219,4227
2014-12-11,4228.25,4298,4220.25,4236.5
2014-12-12,4233,4254.75,4188,4189.5
2014-12-15,4189.5,4237.75,4144.75,4163.75
2014-12-16,4162.25,4189.75,4080.75,4083.25
2014-12-17,4088.25,4173,4081.5,4159.5
2014-12-18,4159.5,4272.5,4150.25,4263
2014-12-19,4268.5,4304.5,4255.5,4282.75
2014-12-22,4282,4301.25,4276,4291.75
2014-12-23,4292.75,4312,4274.75,4278
2014-12-24,4278,4298.5,4276.5,4282.5
2014-12-26,4282,4322,4282,4310.25
2014-12-29,4315,4320.75,4298.25,4311
2014-12-30,4316.25,4318,4273.75,4282.75
2014-12-31,4283,4305,4228,4232.75
2015-01-02,4240.25,4272.75,4201,4214.25
2015-01-05,4216,4220.75,4145,4161.75
2015-01-06,4166.5,4172.5,4082,4102.25
2015-01-07,4105.5,4163.25,4102.75,4151.5
2015-01-08,4152.25,4242.75,4152.25,4232.25
2015-01-09,4232.25,4252.5,4181,4200.75
2015-01-12,4201.25,4227.5,4151,4166.5
2015-01-13,4169.5,4247.75,4126.75,4158.5
2015-01-14,4158,4169.25,4100.5,4145.5
2015-01-15,4147.5,4190,4066,4089
2015-01-16,4072.5,4138.5,4041.5,4134
2015-01-20,4138.75,4175.25,4109,4167
2015-01-21,4166,4205.25,4137,4182.75
2015-01-22,4183.75,4269,4164.5,4264.75
2015-01-23,4265.5,4286.25,4250.25,4267
2015-01-26,4249.5,4278.25,4231.5,4269.25
2015-01-27,4266.75,4271,4142.75,4177.5
2015-01-28,4206,4234.5,4119.5,4124.25
2015-01-29,4125,4199.75,4095.75,4185.75
2015-01-30,4203.5,4208,4136,4141.25
2015-02-02,4143.5,4188,4085.5,4185.5
2015-02-03,4180.75,4222.75,4165.75,4216.25
2015-02-04,4207.75,4243,4187.5,4204
2015-02-05,4191,4254.75,4181.5,4247.5
2015-02-06,4251,4268.25,4209.75,4227.5
2015-02-09,4226.5,4232,4201.5,4214.25
2015-02-10,4219,4284,4211,4276
2015-02-11,4278.25,4322,4271,4296.5
2015-02-12,4308.5,4346.5,4285.75,4344.75
2015-02-13,4342.75,4382,4340.75,4377
2015-02-17,4373.5,4388.5,4364.5,4381.75
2015-02-18,4384.5,4393.5,4373.75,4386
2015-02-19,4390.25,4417.25,4376,4413.25
2015-02-20,4416.25,4445,4396,4438
2015-02-23,4439.75,4449.25,4429.75,4444.5
2015-02-24,4445.25,4455.75,4427,4450.25
2015-02-25,4449.25,4461,4429.25,4436.75
2015-02-26,4438.5,4464.75,4431,4461.75
2015-02-27,4460.5,4462.75,4435,4442.5
2015-03-02,4447,4483.25,4446.25,4477
2015-03-03,4479,4479,4432.5,4456.5
2015-03-04,4458.25,4458.25,4419.25,4444.25
2015-03-05,4444.25,4464.75,4432.75,4449.5
2015-03-06,4451.5,4460.5,4389.25,4405
2015-03-09,4411.75,4424.75,4391.75,4413.5
2015-03-10,4415.25,4415.75,4328.5,4331.25
2015-03-11,4334.25,4347.5,4304.25,4307.5
2015-03-12,4312.5,4339.5,4298.75,4330.75
2015-03-13,4331.75,4347.5,4288.25,4308.75
2015-03-16,4313.5,4372.75,4299.5,4359.5
2015-03-17,4348,4377.75,4341.75,4370.5
2015-03-18,4370.5,4434.25,4335.75,4420.25
2015-03-19,4423.75,4435,4411.5,4422
2015-03-20,4418.75,4472.25,4415.75,4447.25
2015-03-23,4448.5,4461.25,4436,4436.75
2015-03-24,4436.5,4461,4424.25,4429
2015-03-25,4429.25,4438.5,4320,4323.5
2015-03-26,4327,4331,4270,4310.75
2015-03-27,4313,4333.5,4297.25,4325.75
2015-03-30,4327.5,4381.75,4315.75,4372.5
2015-03-31,4370,4375.75,4320.75,4329.5
2015-04-01,4321.75,4334.25,4259,4313
2015-04-02,4316.75,4321,4288.5,4307.25
2015-04-03,4306.75,4313.75,4262,4307.25
2015-04-06,4265,4354.75,4264.5,4342.25
2015-04-07,4339.75,4372.25,4330.25,4334
2015-04-08,4335.25,4379.25,4327.5,4374.75
2015-04-09,4378,4401.25,4352.75,4399.25
2015-04-10,4399,4416,4385.75,4414.75
2015-04-13,4415,4441.5,4399.5,4403.25
2015-04-14,4405.5,4414.5,4366.75,4397.75
2015-04-15,4400.25,4429,4388.75,4421.75
2015-04-16,4426.25,4429.5,4398,4415.25
2015-04-17,4416.25,4417.5,4324,4349
2015-04-20,4356.75,4417,4352.25,4407.5
2015-04-21,4402.75,4442.75,4402.75,4428.5
2015-04-22,4433,4459.5,4398.5,4445.25
2015-04-23,4438.5,4497.25,4418,4481.5
2015-04-24,4492.5,4536.25,4489.5,4529.25
2015-04-27,4533,4555.5,4509.25,4524.75
2015-04-28,4524.25,4531.25,4471.75,4516
2015-04-29,4512.25,4514,4456.25,4479.75
2015-04-30,4474,4478.25,4386.5,4408.25
2015-05-01,4414,4470.75,4409.75,4467.75
2015-05-04,4471.75,4503.5,4457,4476.5
2015-05-05,4474,4480.25,4399.5,4407.5
2015-05-06,4409,4423.5,4341.5,4373
2015-05-07,4371.5,4409.25,4332.5,4402.5
2015-05-08,4404,4462.75,4401,4448.75
2015-05-11,4452.5,4464.5,4426.75,4431.25
2015-05-12,4431.5,4438,4374.5,4420.75
2015-05-13,4423,4457.75,4417.5,4423.75
2015-05-14,4425.75,4493,4412.75,4490.25
2015-05-15,4489,4507.5,4477.75,4488.75
2015-05-18,4491.25,4517.75,4470.5,4507.25
2015-05-19,4509.75,4526.5,4496.5,4501.25
2015-05-20,4501.75,4534,4482.25,4505.5
2015-05-21,4500,4536.5,4486.5,4528.75
2015-05-22,4530.5,4542,4522,4528.75
2015-05-26,4527.5,4538.5,4455,4479.75
2015-05-27,4481.5,4551,4473,4542.25
2015-05-28,4540.5,4547.5,4521.75,4542.75
2015-05-29,4542,4545.25,4497.25,4511
2015-06-01,4514,4538.25,4486,4521.5
2015-06-02,4525.75,4531.75,4480.75,4503
2015-06-03,4503.25,4540.75,4501.25,4527.5
2015-06-04,4526.75,4527.25,4473.25,4496.5
2015-06-05,4494.75,4506.5,4449.25,4481.5
2015-06-08,4479.5,4483.25,4422,4432.25
2015-06-09,4435.75,4441.25,4390.25,4431.5
2015-06-10,4431.5,4498.25,4430.5,4488.75
2015-06-11,4486.25,4512.25,4479.25,4490.5
2015-06-12,4489.25,4491.25,4447.75,4454.75
2015-06-15,4443.5,4444.75,4394.25,4435.5
2015-06-16,4427.75,4456.5,4395.75,4451.75
2015-06-17,4452.25,4476,4431.25,4454.25
2015-06-18,4454.25,4535,4440,4530.75
2015-06-19,4530,4539.75,4496.25,4499.75
2015-06-22,4512.5,4552.25,4512.25,4532.75
2015-06-23,4538.75,4548.75,4522.75,4541.25
2015-06-24,4543.5,4555.25,4514.5,4515.75
2015-06-25,4520.25,4547.5,4500,4509.25
2015-06-26,4506.5,4517,4459.75,4480.5
2015-06-29,4429.75,4451.5,4368.25,4378
2015-06-30,4386.25,4412.25,4372,4390.25
2015-07-01,4392.75,4441.75,4392,4422
2015-07-02,4423.75,4441.5,4408.25,4428.75
2015-07-06,4427.75,4437.25,4344,4422.75
2015-07-07,4429.5,4448,4334.5,4422.25
2015-07-08,4422.5,4422.5,4336.5,4346.5
2015-07-09,4347.75,4408,4331.75,4339.5
2015-07-10,4345.75,4426.5,4345.75,4408.25
2015-07-13,4384,4491.75,4372.5,4488
2015-07-14,4487.25,4529.75,4484.5,4517.5
2015-07-15,4519.25,4539.5,4509.25,4536.5
2015-07-16,4534.5,4612.5,4531,4597.75
2015-07-17,4609.75,4654,4607.25,4650
2015-07-20,4649,4686,4646.5,4671.25
2015-07-21,4671.25,4683,4611.5,4666.5
2015-07-22,4618,4636.5,4588.75,4617
2015-07-23,4621.75,4634.75,4584.25,4620
2015-07-24,4633.5,4638.75,4544.5,4561.75
2015-07-27,4562.25,4568.25,4503.5,4522.5
2015-07-28,4521.25,4561.25,4497,4556
2015-07-29,4558,4579.5,4544,4565
2015-07-30,4562.75,4598.75,4530.75,4595.25
2015-07-31,4589.25,4608.75,4576.25,4585
2015-08-03,4583.25,4599.25,4540.5,4573
2015-08-04,4570.5,4581.25,4543.5,4551.75
2015-08-05,4551.5,4629,4551,4593.5
2015-08-06,4591.75,4608.75,4502.75,4524.75
2015-08-07,4527.25,4533.75,4480.5,4519
2015-08-10,4514,4580,4512.75,4566
2015-08-11,4582.5,4584.75,4485.5,4510.75
2015-08-12,4512.75,4535.5,4431.25,4533.5
2015-08-13,4529.75,4557,4508.75,4517.25
2015-08-14,4514.5,4534,4499,4531.75
2015-08-17,4532.5,4567.75,4503.25,4564.75
2015-08-18,4562.5,4573.5,4533.75,4544
2015-08-19,4543,4552.25,4483.25,4503.75
2015-08-20,4502.25,4513,4360,4366.25
2015-08-21,4367.75,4368.25,4189,4200.75
2015-08-24,4183.75,4196.25,3908.25,4003.25
2015-08-25,3998,4204.25,3997.75,4028.5
2015-08-26,4036.75,4229.5,3958.75,4214.5
2015-08-27,4222.75,4332.75,4205.25,4328
2015-08-28,4327,4340.75,4281.75,4333
2015-08-31,4324,4330.25,4258.5,4271.75
2015-09-01,4266,4268,4118.25,4158.25
2015-09-02,4150.75,4263.75,4136,4260
2015-09-03,4260.25,4304.25,4219.75,4229.5
2015-09-04,4231.75,4237.5,4155,4194
2015-09-08,4181.75,4305.5,4180,4298.5
2015-09-09,4300.5,4369.5,4240.25,4255
2015-09-10,4259,4327.25,4226.5,4295
2015-09-11,4294.75,4330,4259.5,4325.25
2015-09-14,4325.25,4357,4292.25,4310
2015-09-15,4297.75,4364,4280,4351
2015-09-16,4351.75,4382.25,4335,4381
2015-09-17,4377.25,4441.75,4357,4369.75
2015-09-18,4371,4382.5,4299.5,4326.75
2015-09-21,4324.75,4361.5,4286.5,4341.25
2015-09-22,4342,4345,4220.5,4267.25
2015-09-23,4264.25,4292.75,4221.5,4262.75
2015-09-24,4268.5,4278.75,4185.25,4246
2015-09-25,4232,4315.75,4185.5,4213.5
2015-09-28,4202.5,4239,4079.5,4094.75
2015-09-29,4106.25,4144.25,4040.75,4074.75
2015-09-30,4078.75,4169,4066,4163
2015-10-01,4154,4225.75,4116.25,4187.5
2015-10-02,4188.25,4263.75,4111.5,4261.25
2015-10-05,4257.75,4329.75,4250.5,4311.25
2015-10-06,4307.75,4322,4263.5,4290.25
2015-10-07,4275,4333.75,4268,4323.75
2015-10-08,4324,4348.25,4265,4344.75
2015-10-09,4338,4369.25,4324.5,4359.5
2015-10-12,4355,4381.5,4346.25,4375
2015-10-13,4377,4390.75,4338.5,4341.25
2015-10-14,4334.25,4365.25,4317.5,4326.5
2015-10-15,4335.25,4412,4332.5,4411.75
2015-10-16,4409.75,4439,4396,4434.75
2015-10-19,4434.5,4455.5,4411,4454.5
2015-10-20,4451.5,4456,4414,4424.75
2015-10-21,4422.75,4456.25,4394.75,4399.25
2015-10-22,4406.75,4565.5,4402,4552.75
2015-10-23,4562.25,4637.5,4562,4611.5
2015-10-26,4614,4630,4592.75,4616.25
2015-10-27,4619.75,4651.75,4601.25,4632.25
2015-10-28,4635.25,4678.25,4600.5,4673.75
2015-10-29,4664.25,4670.25,4642.75,4661.75
2015-10-30,4666,4690.25,4636,4643.25
2015-11-02,4644.5,4699.5,4625,4694
2015-11-03,4688.25,4727.5,4677,4712
2015-11-04,4711.75,4729.75,4691.25,4709.5
2015-11-05,4708.25,4727.5,4673.75,4695.25
2015-11-06,4700.75,4708.75,4658.75,4703
2015-11-09,4701.25,4712.75,4622,4652.75
2015-11-10,4650,4662.25,4612.5,4643
2015-11-11,4640.25,4674.75,4625.25,4631.75
2015-11-12,4631.25,4653.25,4581.25,4585.25
2015-11-13,4583.75,4590.5,4485.75,4502
2015-11-16,4478.25,4565.5,4455,4559.75
2015-11-17,4560.75,4597.75,4552,4569.5
2015-11-18,4570.25,4656.75,4556.25,4652.5
2015-11-19,4649.75,4677,4646.75,4660
2015-11-20,4656.75,4691.5,4652.25,4689.5
2015-11-23,4689.5,4706.75,4653.75,4675.75
2015-11-24,4673.75,4684.5,4620,4666
2015-11-25,4665,4684.5,4659.5,4677.25
2015-11-27,4679.75,4703.25,4664.75,4682.5
2015-11-30,4685.5,4700.5,4653.5,4668.75
2015-12-01,4678.75,4716.75,4676.5,4716.25
2015-12-02,4715,4739.5,4678.5,4694.5
2015-12-03,4698.75,4730.25,4579,4611
2015-12-04,4616,4723.25,4603,4713.25
2015-12-07,4721.25,4730,4670.5,4701
2015-12-08,4699.75,4709,4641.25,4687.25
2015-12-09,4690.5,4707.5,4593.25,4616
2015-12-10,4624,4674.5,4618.25,4644
2015-12-11,4646.25,4659,4527.5,4539.25
2015-12-14,4534.5,4579.5,4477.25,4566.5
2015-12-15,4565.75,4633,4560.5,4601
2015-12-16,4603.5,4669.75,4575,4657.75
2015-12-17,4650.25,4683.75,4564.75,4569.5
2015-12-18,4569.5,4588.25,4502.25,4504.5
2015-12-21,4513.75,4571.75,4511.75,4563
2015-12-22,4569,4594.5,4541.25,4591
2015-12-23,4590.5,4620.25,4583,4606.75
2015-12-24,4607.75,4630,4600.75,4611
2015-12-28,4611,4619.5,4571.5,4613.75
2015-12-29,4617.75,4697.75,4610.5,4690.5
2015-12-30,4687.25,4695,4643.5,4646
2015-12-31,4648,4655,4579.5,4587.75
2016-01-04,4592.5,4606.75,4429.75,4504.5
2016-01-05,4505.5,4523,4457.25,4483.75
2016-01-06,4482,4487.5,4386,4446.75
2016-01-07,4450.25,4458.5,4283,4289.25
2016-01-08,4298,4370,4255.75,4261.5
2016-01-11,4264.25,4304.5,4208.75,4273
2016-01-12,4272.25,4345.75,4236.5,4312.75
2016-01-13,4308.75,4365,4167.25,4175.75
2016-01-14,4181.5,4300.5,4124,4257.5
2016-01-15,4255,4268.75,4075.75,4140.75
2016-01-19,4126.75,4215.75,4091.25,4144.5
2016-01-20,4141,4171.5,3983.5,4133
2016-01-21,4130.75,4192.25,4085.75,4130.25
2016-01-22,4126.25,4253,4119,4247.5
2016-01-25,4247.5,4260,4179.25,4186.75
2016-01-26,4190,4243.75,4133,4226.75
2016-01-27,4195.25,4218.75,4102,4127
2016-01-28,4150.25,4199,4106.75,4153.75
2016-01-29,4135,4271.25,4129,4263
2016-02-01,4263.25,4309.25,4228.5,4291.5
2016-02-02,4286.5,4287,4170.75,4192
2016-02-03,4186,4215,4090.5,4171.5
2016-02-04,4169.75,4206.5,4113.5,4155.75
2016-02-05,4146.5,4173.5,4001,4022
2016-02-08,4027.25,4046,3883,3964.25
2016-02-09,3958.5,4004,3897.5,3944.25
2016-02-10,3954.5,4041,3922.25,3967.25
2016-02-11,3963,3985.5,3862.5,3961.25
2016-02-12,3963.25,4017.5,3953,4006.25
2016-02-16,4021.5,4104.75,4021.5,4092.75
2016-02-17,4089.75,4211.5,4068.25,4196.75
2016-02-18,4208.25,4227.5,4144,4155
2016-02-19,4156.25,4175,4120.25,4161
2016-02-22,4155.25,4234,4146.5,4214.75
2016-02-23,4207.25,4216.5,4154.5,4159.25
2016-02-24,4156.5,4218.5,4084.75,4208.5
2016-02-25,4214.5,4247.75,4170.25,4244.25
2016-02-26,4243,4293.25,4225,4230
2016-02-29,4225.25,4263.25,4184.5,4201.25
2016-03-01,4199.25,4338.75,4180.25,4337.75
2016-03-02,4334.5,4357.75,4299.25,4329.25
2016-03-03,4326.75,4344.5,4293.5,4320.25
2016-03-04,4323,4355,4298,4322.5
2016-03-07,4321,4330,4268.75,4300
2016-03-08,4301,4308.75,4251.5,4270.5
2016-03-09,4271,4299,4256.75,4294.5
2016-03-10,4295.25,4347.5,4229.75,4285
2016-03-11,4287.25,4361.25,4282.5,4352.75
2016-03-14,4352.75,4378.25,4340.5,4366
2016-03-15,4355.75,4364.75,4329.5,4356.25
2016-03-16,4359.25,4407.75,4340.5,4388.25
2016-03-17,4387.75,4412.75,4359.75,4393
2016-03-18,4395.5,4410.75,4375.75,4394.75
2016-03-21,4394.75,4421.25,4376.75,4416.25
2016-03-22,4416,4440.5,4383.75,4434.5
2016-03-23,4434.75,4441.25,4383.25,4395.5
2016-03-24,4395,4401,4365,4397.25
2016-03-28,4401.5,4425.75,4381.5,4389.5
2016-03-29,4389.75,4463.5,4374,4458.25
2016-03-30,4460.75,4510.25,4456.5,4482
2016-03-31,4480.25,4495.5,4462.25,4476.25
2016-04-01,4477.75,4529.5,4441.5,4528.5
2016-04-04,4526.75,4543.75,4495.25,4500.25
2016-04-05,4499.75,4501.5,4456.5,4469.5
2016-04-06,4476,4537.75,4467.25,4535
2016-04-07,4533.5,4539.5,4450.75,4470.25
2016-04-08,4467.5,4509.75,4451.5,4467.25
2016-04-11,4470,4509.75,4446,4451.5
2016-04-12,4447,4497.5,4426.5,4490
2016-04-13,4489,4553.75,4486.75,4547.75
2016-04-14,4546.5,4563.25,4530.5,4546.25
2016-04-15,4548.75,4554.5,4523,4538.5
2016-04-18,4518.75,4561.25,4501,4546.5
2016-04-19,4545.5,4584.5,4506.75,4526.75
2016-04-20,4528.25,4556,4509,4535.75
2016-04-21,4533.25,4551.75,4488,4497.75
2016-04-22,4488.25,4501.75,4431,4465.75
2016-04-25,4477,4479.75,4436,4472.25
2016-04-26,4472.25,4489.75,4407,4452.5
2016-04-27,4405,4433.75,4372.25,4423.75
2016-04-28,4432,4442.25,4346.25,4382
2016-04-29,4383.5,4391.25,4296.75,4331.5
2016-05-02,4337,4378.5,4318,4369
2016-05-03,4372,4374.5,4319.5,4334.5
2016-05-04,4335.5,4342,4292.25,4309.75
2016-05-05,4308.25,4342.5,4292.5,4300.25
2016-05-06,4299.25,4333.75,4271,4328.25
2016-05-09,4329.75,4356.5,4318,4335.75
2016-05-10,4334.75,4398.75,4323.75,4392
2016-05-11,4394.25,4403,4350.75,4351.5
2016-05-12,4352.5,4381.75,4305.75,4334.75
2016-05-13,4337.25,4360.5,4303.75,4324
2016-05-16,4316,4392,4305.5,4375.25
2016-05-17,4372.75,4393.75,4308,4319.5
2016-05-18,4321,4359,4301,4332.25
2016-05-19,4337.75,4340.75,4280.75,4317.25
2016-05-20,4317,4379,4314.5,4362.25
2016-05-23,4367.75,4381.5,4348.25,4352.5
2016-05-24,4351.5,4448.75,4341.75,4445.25
2016-05-25,4445.5,4489.5,4443,4474.75
2016-05-26,4473.5,4495.5,4463.5,4492.25
2016-05-27,4494,4513.5,4490.25,4510
2016-05-31,4518.25,4528.25,4497.5,4524.25
2016-06-01,4522,4537.5,4502.75,4521.5
2016-06-02,4520.5,4533,4486.25,4532.25
2016-06-03,4530.25,4538.75,4478.75,4509
2016-06-06,4511,4536.5,4504,4525.5
2016-06-07,4524.5,4545.5,4511.25,4514.25
2016-06-08,4512.5,4530.25,4504,4519
2016-06-09,4518.25,4522.5,4493.5,4512
2016-06-10,4513,4514.25,4446.25,4465.75
2016-06-13,4458.75,4461.75,4419.25,4426.25
2016-06-14,4412.25,4432.75,4384,4418
2016-06-15,4417.5,4435.75,4396.5,4405.5
2016-06-16,4403,4421,4352.5,4416.75
2016-06-17,4415.25,4432.5,4353.5,4359.5
2016-06-20,4383,4436.75,4383,4390
2016-06-21,4398.5,4415.75,4388.25,4400.25
2016-06-22,4397.25,4434,4391,4394.5
2016-06-23,4409.75,4479.25,4408,4462.5
2016-06-24,4482.75,4494,4234.5,4262.25
2016-06-27,4250,4267.75,4167.75,4178
2016-06-28,4176.25,4284.5,4176,4281
2016-06-29,4281.25,4380,4268.25,4362.75
2016-06-30,4375,4410.5,4338.5,4407
2016-07-01,4397,4446.25,4386.25,4433.25
2016-07-05,4438.75,4451.5,4377.5,4404
2016-07-06,4406,4440.5,4365.75,4439.5
2016-07-07,4434.75,4461.25,4427.5,4452.25
2016-07-08,4451.75,4523.25,4439.75,4517.25
2016-07-11,4519.5,4563.5,4515.75,4549.5
2016-07-12,4552.75,4582,4546.75,4569.75
2016-07-13,4571.75,4584.5,4558.5,4561.25
2016-07-14,4561,4608.25,4553.5,4590
2016-07-15,4585,4603.5,4550.25,4579.25
2016-07-18,4580,4621.75,4577,4608.25
2016-07-19,4609.5,4611.25,4588.25,4606.5
2016-07-20,4609,4659,4597.75,4650.5
2016-07-21,4654,4662.25,4626.75,4638.25
2016-07-22,4638.5,4664.5,4628.5,4657.25
2016-07-25,4659.25,4669.5,4643.5,4653.75
2016-07-26,4658.5,4688.25,4641,4663.75
2016-07-27,4691.25,4714,4676.75,4707.75
2016-07-28,4710.25,4732,4689.5,4719.75
2016-07-29,4731.75,4736.5,4709,4726.75
2016-08-01,4737.5,4760.25,4721,4744.5
2016-08-02,4749.25,4759.5,4681.75,4714.25
2016-08-03,4713.25,4729.25,4698,4728.25
2016-08-04,4726.5,4747,4715,4743.75
2016-08-05,4745,4797.75,4742.5,4783
2016-08-08,4784.75,4800.75,4766.25,4779.25
2016-08-09,4780.5,4807.75,4777.5,4791.75
2016-08-10,4793.5,4800.25,4767.25,4781.5
2016-08-11,4782.25,4811,4775.75,4800
2016-08-12,4800,4806.75,4787,4804.25
2016-08-15,4806.75,4835.25,4805,4822.75
2016-08-16,4822.75,4824.5,4796.5,4798.5
2016-08-17,4800.75,4809.75,4772,4804
2016-08-18,4808.25,4814,4792.75,4808.5
2016-08-19,4808,4816.75,4785,4807
2016-08-22,4809.25,4818,4789.5,4811.75
2016-08-23,4809.25,4836.75,4807.75,4817
2016-08-24,4818.5,4823.5,4770.75,4786.25
2016-08-25,4786.5,4794,4768.25,4782.25
2016-08-26,4783.5,4817.5,4757.25,4785.75
2016-08-29,4786,4805.75,4774,4793.25
2016-08-30,4795,4798.5,4759.75,4776
2016-08-31,4778.25,4779.25,4751.5,4773.75
2016-09-01,4774,4795.25,4749.5,4777.5
2016-09-02,4777.5,4817.75,4774.25,4795.25
2016-09-06,4801.25,4831.5,4782.25,4827.5
2016-09-07,4830.25,4839.5,4812.5,4828.75
2016-09-08,4827.75,4837,4789.5,4796
2016-09-09,4796,4798,4665,4671
2016-09-12,4671,4772,4629,4766.75
2016-09-13,4758.25,4761.25,4695.75,4724
2016-09-14,4728.5,4767.75,4720.25,4728.5
2016-09-15,4729,4823.5,4716.25,4813.75
2016-09-16,4809.5,4819.5,4788.75,4814.25
2016-09-19,4814.75,4841.75,4782.5,4794.25
2016-09-20,4796.75,4820.5,4790,4798.5
2016-09-21,4800,4854.5,4788.5,4850
2016-09-22,4849,4892.25,4842.75,4886.25
2016-09-23,4887.25,4889.75,4848.25,4856.5
2016-09-26,4852,4859.5,4807.5,4815
2016-09-27,4813.75,4864.5,4800.75,4860.75
2016-09-28,4857.5,4873.25,4844.75,4868.25
2016-09-29,4866.75,4876.5,4812.5,4844.25
2016-09-30,4839.25,4885.5,4811.75,4870.25
2016-10-03,4867.25,4879.5,4842.75,4865.75
2016-10-04,4866.75,4888,4836.25,4857.5
2016-10-05,4856.5,4888.5,4849.25,4873.5
2016-10-06,4874,4881,4845.5,4872
2016-10-07,4870.25,4883.75,4834.75,4859
2016-10-10,4868,4901.5,4862.25,4893.25
2016-10-11,4892,4897.25,4798,4827
2016-10-12,4822.25,4842,4800.25,4813.5
2016-10-13,4804.75,4813,4754.5,4796
2016-10-14,4796,4841,4786.25,4804.25
2016-10-17,4803.5,4810.5,4781,4803.25
2016-10-18,4802.25,4856.75,4799.75,4827
2016-10-19,4823.75,4840.25,4811,4830.25
2016-10-20,4828.25,4847.25,4798.75,4843.75
2016-10-21,4844.25,4849,4814.75,4843.25
2016-10-24,4847.25,4908.75,4842.75,4902.75
2016-10-25,4906.25,4919.5,4873.5,4886
2016-10-26,4874,4881.75,4839.5,4853.75
2016-10-27,4852,4880.25,4804.25,4807
2016-10-28,4818.25,4843.25,4786.5,4806
2016-10-31,4795.25,4830,4788.25,4796.75
2016-11-01,4802.75,4817,4718.75,4757.25
2016-11-02,4754.5,4768.5,4708.25,4716.75
2016-11-03,4700,4729.5,4668.25,4674.5
2016-11-04,4671.25,4695.5,4651.25,4657.75
2016-11-07,4709.75,4781.75,4709.75,4775.75
2016-11-08,4777.5,4822.5,4752.75,4802.25
2016-11-09,4807.25,4837.5,4558.5,4820.5
2016-11-10,4817.5,4879.75,4679.25,4743.75
2016-11-11,4741.75,4758,4681.75,4748
2016-11-14,4753,4784.5,4672.75,4694.5
2016-11-15,4692.75,4779.25,4688,4766
2016-11-16,4765,4794.75,4736.25,4783.25
2016-11-17,4781.5,4831.5,4778,4828.5
2016-11-18,4828.75,4840.5,4803,4808.5
2016-11-21,4813.5,4862,4803.25,4854
2016-11-22,4858,4884.75,4857,4874.75
2016-11-23,4877.25,4882.5,4830.25,4849.5
2016-11-25,4850.5,4870,4839.5,4868.5
2016-11-28,4864.25,4879.75,4842.75,4861
2016-11-29,4861,4897.75,4847.5,4875
2016-11-30,4872.5,4885.5,4812.5,4816
2016-12-01,4819,4827.5,4722.75,4736.5
2016-12-02,4735.5,4759,4707.25,4738.5
2016-12-05,4719,4795.75,4701.5,4780.5
2016-12-06,4780.75,4796.5,4767.75,4786.75
2016-12-07,4788.75,4854.75,4763.5,4841.75
2016-12-08,4844.5,4869.5,4836,4863
2016-12-09,4861.25,4897.5,4852.5,4893.75
2016-12-12,4899,4917,4852.5,4867.75
2016-12-13,4865.5,4961.5,4859.5,4937.5
2016-12-14,4937.5,4957.5,4910.5,4932.5
2016-12-15,4930.75,4961.75,4918.25,4934.75
2016-12-16,4940,4951.75,4904.25,4915.75
2016-12-19,4915.75,4966.25,4912.5,4938.75
2016-12-20,4939.5,4963.25,4938.5,4956
2016-12-21,4956,4960,4939.25,4949.5
2016-12-22,4948,4953,4917,4936.5
2016-12-23,4933.75,4943.75,4922.75,4942.25
2016-12-27,4942,4994.5,4940,4961.25
2016-12-28,4961.25,4979.25,4920.25,4923.75
2016-12-29,4923.75,4933.5,4901.25,4918.5
2016-12-30,4920.5,4940,4850,4864
2017-01-03,4876.75,4927.5,4876.75,4906.25
2017-01-04,4906.5,4942.5,4903,4933.5
2017-01-05,4934.75,4964.25,4920.5,4962
2017-01-06,4962.5,5017.5,4952.5,5004
2017-01-09,5004.5,5029.5,5002.5,5022
2017-01-10,5022,5047,5007.25,5031.25
2017-01-11,5032.75,5048.25,5007.5,5046.5
2017-01-12,5044.5,5044.75,4990.25,5034.75
2017-01-13,5035.25,5063.25,5035.25,5061.25
2017-01-17,5056.25,5059,5025,5040.25
2017-01-18,5040.5,5057.25,5034,5054.5
2017-01-19,5053.25,5074.75,5036.5,5053.5
2017-01-20,5055.5,5083,5044.75,5058.25
2017-01-23,5059,5069.75,5030.25,5063.5
2017-01-24,5063.75,5104,5060,5096.25
2017-01-25,5100,5150,5099.75,5146.5
2017-01-26,5148.25,5168.5,5141.75,5147.75
2017-01-27,5144.25,5167.5,5139.25,5162.5
2017-01-30,5146.25,5154.5,5094.5,5124.5
2017-01-31,5123.5,5135,5083.25,5112.75
2017-02-01,5132,5158.25,5123,5148.5
2017-02-02,5147.75,5157.5,5119.5,5131
2017-02-03,5129.5,5162.25,5119.75,5155
2017-02-06,5157.25,5163.5,5140.25,5157.75
2017-02-07,5157,5192,5154.25,5176.75
2017-02-08,5175,5197,5163.5,5191.25
2017-02-09,5189.75,5219.25,5186.25,5212.25
2017-02-10,5211.25,5232.5,5209.75,5226.75
2017-02-13,5229.25,5261.5,5226.75,5259.25
2017-02-14,5259.25,5278,5239.75,5276
2017-02-15,5274.5,5313.5,5265.25,5310
2017-02-16,5313,5317,5288.5,5300.5
2017-02-17,5300.25,5328.75,5286.75,5325.75
2017-02-21,5323.5,5353.75,5320.5,5343.75
2017-02-22,5345.5,5355.5,5336.25,5351
2017-02-23,5352.5,5361.25,5310.75,5332
2017-02-24,5329.25,5344.5,5299,5343.25
2017-02-27,5340,5352.5,5323.25,5347.5
2017-02-28,5345,5350,5317,5332.25
2017-03-01,5334.5,5400,5332,5386
2017-03-02,5382.75,5393.75,5356.25,5364.75
2017-03-03,5358.75,5373.5,5344.25,5372
2017-03-06,5369,5374.5,5339,5361
2017-03-07,5354.75,5374.25,5341.5,5349.75
2017-03-08,5350,5377.25,5333.75,5363
2017-03-09,5362.25,5372,5335.5,5366.75
2017-03-10,5370,5395.25,5363,5382
2017-03-13,5381,5396.5,5371.75,5395.5
2017-03-14,5399.25,5400.5,5363.5,5385.5
2017-03-15,5386.5,5431.5,5380,5419.25
2017-03-16,5417,5440,5402.25,5415
2017-03-17,5415.75,5425.25,5406.5,5408.5
2017-03-20,5407.25,5428,5396,5418.5
2017-03-21,5415.75,5441,5330,5338.25
2017-03-22,5334.25,5376.25,5315,5365.75
2017-03-23,5365.5,5378.5,5347.25,5354.5
2017-03-24,5357,5395,5347.5,5378.75
2017-03-27,5360,5385.75,5317.25,5379
2017-03-28,5382.5,5424.75,5363.5,5405
2017-03-29,5409,5437.5,5404.75,5436
2017-03-30,5436,5451,5426.5,5437.5
2017-03-31,5440.75,5452.75,5421,5438.5
2017-04-03,5436.75,5455,5403.25,5434.5
2017-04-04,5432.75,5448,5406.75,5444
2017-04-05,5447,5481.25,5409,5416.25
2017-04-06,5414,5437.25,5390,5422.75
2017-04-07,5426.75,5436,5382.75,5421.25
2017-04-10,5420.75,5443.75,5405.75,5422.25
2017-04-11,5426.75,5429.25,5358,5401.75
2017-04-12,5402.75,5412.75,5369,5372.75
2017-04-13,5369,5399.5,5347.5,5359
2017-04-17,5352.75,5399.5,5347.75,5395.25
2017-04-18,5397.5,5405.25,5375.5,5389.25
2017-04-19,5389.75,5430.75,5388.75,5397.75
2017-04-20,5398,5454.75,5394.5,5442.75
2017-04-21,5445,5454.75,5427.5,5442
2017-04-24,5471,5512.75,5471,5504
2017-04-25,5502,5557.25,5499,5548.25
2017-04-26,5546.75,5562.5,5535,5536.25
2017-04-27,5535.25,5599,5534.25,5591
2017-04-28,5584.5,5597.75,5571.75,5580.5
2017-05-01,5581,5637.25,5573.5,5630.75
2017-05-02,5629,5641.75,5622.5,5639.75
2017-05-03,5621,5631,5606,5613.25
2017-05-04,5609,5634,5603.75,5625.75
2017-05-05,5627,5649.5,5612.5,5648.25
2017-05-08,5658.25,5660.5,5634.5,5655.5
2017-05-09,5654.25,5687.75,5650.75,5676.25
2017-05-10,5678.5,5679.75,5658.25,5675.5
2017-05-11,5674.75,5676.25,5636.25,5670.75
2017-05-12,5670,5689.75,5656.5,5689
2017-05-15,5689.5,5706.5,5682.5,5701.25
2017-05-16,5705,5727.25,5696.25,5724.25
2017-05-17,5723.5,5724,5574.75,5578.75
2017-05-18,5575.5,5648.5,5550.5,5630.5
2017-05-19,5631.5,5676.5,5622,5653.25
2017-05-22,5652.75,5704.25,5648.75,5702
2017-05-23,5701.5,5718.5,5688.5,5711.5
2017-05-24,5709.5,5734.5,5705.25,5731.25
2017-05-25,5731.5,5795.5,5731.25,5782
2017-05-26,5781.25,5796.5,5772.75,5792.25
2017-05-30,5793,5803.5,5778.25,5792
2017-05-31,5792.5,5819.25,5763.75,5793.25
2017-06-01,5804.75,5824,5780.5,5822
2017-06-02,5823.75,5886.75,5822,5886
2017-06-05,5878.25,5891.25,5872.75,5880.75
2017-06-06,5880.25,5893.25,5848.5,5863.25
2017-06-07,5862.25,5884.75,5845.75,5879.75
2017-06-08,5877.75,5897.75,5853.5,5885
2017-06-09,5872.5,5898.75,5660.25,5740.5
2017-06-12,5740.5,5746.5,5634.5,5711
2017-06-13,5721,5768.5,5715,5759.25
2017-06-14,5762.25,5789,5687,5732.75
2017-06-15,5730,5732.5,5641.25,5709.25
2017-06-16,5709,5727.5,5661,5684
2017-06-19,5694.25,5782.5,5683.25,5766
2017-06-20,5766.75,5784,5729,5732.75
2017-06-21,5728.25,5796.5,5699,5796
2017-06-22,5793.25,5814.5,5770.75,5785.75
2017-06-23,5785.5,5815.5,5763,5812.25
2017-06-26,5803,5852,5768,5778.25
2017-06-27,5780.75,5784,5669,5676.5
2017-06-28,5673.75,5768.75,5632,5763.5
2017-06-29,5766.25,5776,5601,5653
2017-06-30,5648.25,5686.5,5623.5,5652.75
2017-07-03,5658,5690.75,5581.25,5589.25
2017-07-05,5591.25,5667.75,5560.25,5651.5
2017-07-06,5650.5,5652.75,5580,5596.75
2017-07-07,5598.5,5676.5,5591.5,5655.75
2017-07-10,5663,5711.5,5650,5694
2017-07-11,5692,5722.5,5667.5,5720
2017-07-12,5719.5,5790,5712.75,5785.75
2017-07-13,5786.75,5812,5777.25,5797.5
2017-07-14,5799.5,5847.75,5787.75,5843.25
2017-07-17,5843.5,5863.75,5831.25,5855
2017-07-18,5858.25,5898.5,5820.25,5882.75
2017-07-19,5895.5,5925,5889,5918.25
2017-07-20,5919.5,5938.5,5897,5925.25
2017-07-21,5930.75,5931.25,5890.5,5918.75
2017-07-24,5919.25,5954.75,5905,5934
2017-07-25,5925.25,5946.25,5915.75,5933.75
2017-07-26,5933.75,5958,5927,5948
2017-07-27,5961,5995.75,5844.75,5909.5
2017-07-28,5909,5918.25,5850,5910.25
2017-07-31,5910,5933.5,5870.25,5882.5
2017-08-01,5884.5,5931.25,5875.5,5889.25
2017-08-02,5933,5947.5,5856.25,5910.75
2017-08-03,5911.25,5924.5,5877.25,5890
2017-08-04,5889,5912,5874.25,5898
2017-08-07,5900,5937.75,5898,5934
2017-08-08,5935,5972.75,5907.5,5918
2017-08-09,5913.25,5924.5,5861.75,5922.5
2017-08-10,5922.5,5923,5767.25,5789.75
2017-08-11,5769,5845.75,5761,5838.25
2017-08-14,5837.25,5916.75,5837.25,5910
2017-08-15,5913.5,5945,5895.5,5912
2017-08-16,5915.25,5949.5,5902,5923.5
2017-08-17,5920,5923.75,5786.5,5800.25
2017-08-18,5792.25,5835,5772.5,5801.25
2017-08-21,5805,5816.75,5752.25,5794
2017-08-22,5795.25,5882.25,5794.25,5878.5
2017-08-23,5878.25,5884,5841.5,5848
2017-08-24,5845.75,5874.25,5803.25,5840.5
2017-08-25,5845.25,5874,5816.5,5825
2017-08-28,5819.75,5856,5801.25,5844.75
2017-08-29,5820,5875.5,5777.25,5869.75
2017-08-30,5869.75,5944,5862.5,5935
2017-08-31,5936.25,5998,5932.5,5990.75
2017-09-01,5994,6019.75,5973.25,5988.25
2017-09-05,5956.5,5984.75,5889.5,5939.25
2017-09-06,5943.5,5965.75,5909.25,5955
2017-09-07,5952,5981.5,5932.25,5970
2017-09-08,5969.25,5972,5907.5,5916.25
2017-09-11,5928.75,5991.75,5928.75,5982.5
2017-09-12,5990,6012.25,5975.25,6004.5
2017-09-13,6006.75,6012,5983.5,6009
2017-09-14,6006.75,6009.25,5968.75,5970.75
2017-09-15,5971.75,6015.75,5948,5995.25
2017-09-18,5999.25,6018.25,5967.25,5986.75
2017-09-19,5989.75,6004.75,5975,5997
2017-09-20,5997,6000.5,5930.5,5978.5
2017-09-21,5976,5980.25,5919.25,5945.25
2017-09-22,5944.25,5945.5,5911,5935.75
2017-09-25,5930.75,5954.25,5842,5876.5
2017-09-26,5878.75,5912.5,5862.75,5892.5
2017-09-27,5889.75,5963,5886.5,5941
2017-09-28,5936,5948.25,5911.25,5938.5
2017-09-29,5939.25,5985.5,5933,5982.5
2017-10-02,5984,6009.75,5958.5,5980.5
2017-10-03,5985.5,6004.75,5978.75,5998
2017-10-04,5999,6015.5,5979.5,6004
2017-10-05,6005,6068,6001,6065.75
2017-10-06,6062.25,6071.5,6037.5,6064.25
2017-10-09,6062.5,6084,6054.75,6064.5
2017-10-10,6062.25,6088.5,6039,6065.25
2017-10-11,6064.5,6086,6053.25,6082.5
2017-10-12,6083.5,6097,6066.5,6074.75
2017-10-13,6073,6104,6068.5,6099.75
2017-10-16,6101.5,6121.5,6098,6120.25
2017-10-17,6119.75,6125.5,6105,6123.75
2017-10-18,6122.25,6132.75,6108,6119.25
2017-10-19,6121.25,6121.75,6051.25,6097.75
2017-10-20,6097.75,6129.5,6090.5,6111
2017-10-23,6109.5,6128,6060.5,6064.75
2017-10-24,6064.75,6092.5,6057,6079.5
2017-10-25,6073.5,6087.5,6011,6064.5
2017-10-26,6065,6096.25,6035,6084.75
2017-10-27,6092,6225.75,6078.75,6215.25
2017-10-30,6209.5,6251.5,6202.25,6224.25
2017-10-31,6221.75,6258.75,6219.25,6249.75
2017-11-01,6249.75,6284.5,6223.5,6240.75
2017-11-02,6230,6263,6192.5,6235.75
2017-11-03,6252.5,6296.75,6236,6290.5
2017-11-06,6285.25,6317.5,6268,6313.5
2017-11-07,6311.5,6331.5,6296.25,6316
2017-11-08,6310.5,6345.5,6301.5,6341.5
2017-11-09,6342.25,6351.5,6244.75,6314.5
2017-11-10,6312.75,6321,6281,6309.25
2017-11-13,6312.5,6325,6281,6312
2017-11-14,6310.75,6318.25,6262.75,6293.5
2017-11-15,6293.5,6294.75,6230.75,6266.25
2017-11-16,6264.5,6358.5,6260.75,6341
2017-11-17,6342.75,6351.75,6308.5,6313.25
2017-11-20,6312,6329.25,6291.25,6316
2017-11-21,6315.75,6385.25,6311.25,6379.5
2017-11-22,6381.25,6395.25,6375.25,6389.5
2017-11-24,6388.25,6416,6375.75,6413.5
2017-11-27,6414.25,6424.5,6394.75,6413.25
2017-11-28,6413.25,6429.5,6388.75,6420.25
2017-11-29,6423.5,6428.5,6283,6305.5
2017-11-30,6306.5,6377.5,6289,6369
2017-12-01,6353.75,6369,6246,6346.25
2017-12-04,6371,6391.75,6250.75,6265.25
2017-12-05,6255.5,6339.75,6231.75,6271.75
2017-12-06,6269,6307,6232.5,6293
2017-12-07,6298,6335.5,6288.75,6323
2017-12-08,6322.25,6379,6320.5,6340
2017-12-11,6343,6409.75,6339.75,6397.5
2017-12-12,6422.5,6426.25,6390,6403
2017-12-13,6404.25,6437.75,6383,6417.25
2017-12-14,6417.25,6443.75,6402.5,6409
2017-12-15,6403.75,6502.75,6400.75,6498.5
2017-12-18,6498,6542,6497.5,6535.25
2017-12-19,6535,6545.75,6479.75,6500.75
2017-12-20,6504,6529,6463.25,6489
2017-12-21,6486.75,6520.75,6476,6492.25
2017-12-22,6489.75,6501.75,6467.5,6483.75
2017-12-26,6482.5,6492,6432.25,6460
2017-12-27,6461.25,6475.5,6442,6454
2017-12-28,6452.25,6477.5,6442.25,6446.25
2017-12-29,6444.5,6467.75,6383.25,6408.75
2018-01-02,6405,6523.25,6397.75,6514.75
2018-01-03,6513.25,6591.25,6511.25,6584.5
2018-01-04,6583.75,6617.5,6580,6603.5
2018-01-05,6608,6671,6599.75,6667.75
2018-01-08,6667.75,6690.75,6653.25,6688
2018-01-09,6687.25,6707.25,6667.25,6687
2018-01-10,6679.75,6686.75,6628.25,6677.25
2018-01-11,6676.5,6728.75,6664.25,6726.5
2018-01-12,6725.5,6777.75,6703.25,6775.25
2018-01-16,6781.5,6845.75,6729.25,6762.25
2018-01-17,6762.75,6834.25,6744.75,6823.75
2018-01-18,6818,6838,6796,6813
2018-01-19,6816.5,6857,6801.5,6845.75
2018-01-22,6830.75,6941.25,6824.25,6931
2018-01-23,6929.75,6981.25,6919.75,6965.75
2018-01-24,6956.5,7004.25,6888.25,6931.25
2018-01-25,6933.5,6987.25,6902,6931.5
2018-01-26,6938,7034.5,6934.25,7030.25
2018-01-29,7030,7047.25,6980,6992.5
2018-01-30,6991.5,7006.5,6902.75,6941.5
2018-01-31,6938.25,6991,6921.5,6962.5
2018-02-01,6973,6987.75,6884.75,6898.5
2018-02-02,6954,6963.5,6752.25,6755.75
2018-02-05,6752.25,6813.5,6387.75,6429.25
2018-02-06,6473,6677.5,6260.25,6653.75
2018-02-07,6638,6717.75,6532,6555.75
2018-02-08,6542,6618.5,6301,6317.25
2018-02-09,6328,6455.5,6164,6417.75
2018-02-12,6434.5,6567.5,6414.25,6531.75
2018-02-13,6529.75,6571,6470.75,6560.5
2018-02-14,6559.5,6692.75,6456.25,6687
2018-02-15,6681,6827.5,6669.75,6816
2018-02-16,6816.25,6859.75,6762,6786.75
2018-02-20,6783.25,6843.75,6723.25,6790.5
2018-02-21,6788.25,6885.5,6741.25,6760.5
2018-02-22,6756.5,6831.5,6694.75,6788.75
2018-02-23,6792.5,6913.75,6782.75,6909.75
2018-02-26,6918.25,7007.5,6890,7000
2018-02-27,7003.5,7009,6904,6915.75
2018-02-28,6913.75,6970.5,6857.75,6865
2018-03-01,6879.5,6898.75,6689,6760.75
2018-03-02,6763.75,6823.25,6646,6804.75
2018-03-05,6795.75,6904.5,6742.5,6877.5
2018-03-06,6880.5,6939.25,6871.75,6907.75
2018-03-07,6858,6937,6798.25,6924.5
2018-03-08,6922.75,6977.25,6913.5,6974.25
2018-03-09,6972,7103.75,6963,7098.25
2018-03-12,7099.25,7158.75,7090,7139.5
2018-03-13,7160.75,7214.5,7050.5,7083.25
2018-03-14,7062.75,7121.5,7036.5,7058
2018-03-15,7060.75,7100,7027.25,7070.5
2018-03-16,7072.75,7084.75,7033,7044
2018-03-19,7043,7043,6821.25,6914.25
2018-03-20,6911.75,6927.75,6863,6917.5
2018-03-21,6912.5,6951,6842.25,6884
2018-03-22,6883.25,6915,6686,6692
2018-03-23,6692.25,6721.25,6519,6554.25
2018-03-26,6549.75,6779,6525,6773.5
2018-03-27,6775.75,6849.25,6490,6561.25
2018-03-28,6550.25,6582.25,6421,6477.25
2018-03-29,6490.75,6653.75,6443.75,6594
2018-04-02,6557,6588.5,6326.5,6393.25
2018-04-03,6405.75,6496.75,6351.25,6469.25
2018-04-04,6466,6591.75,6306.75,6582.5
2018-04-05,6582,6654.5,6559,6600.25
2018-04-06,6608,6611.25,6408.5,6454.75
2018-04-09,6463,6618,6460,6497
2018-04-10,6490.5,6651.75,6471.75,6624.25
2018-04-11,6625.25,6663.25,6550.75,6592.75
2018-04-12,6596.25,6693.75,6589.75,6670.75
2018-04-13,6668.75,6713,6606.25,6640.75
2018-04-16,6674.25,6722,6639.25,6712
2018-04-17,6704.25,6844.75,6698.5,6828.75
2018-04-18,6819.5,6867,6796.75,6843.5
2018-04-19,6855.25,6866.25,6755.25,6780
2018-04-20,6777.75,6790.25,6646,6676.25
2018-04-23,6705.5,6728,6616.75,6667
2018-04-24,6660.75,6717.75,6467.25,6526.75
2018-04-25,6525.75,6576.25,6429.25,6555.75
2018-04-26,6583.25,6749,6559.25,6734.75
2018-04-27,6744.75,6772,6623,6669.75
2018-04-30,6668,6718,6595.5,6613
2018-05-01,6606,6740,6578.75,6692
2018-05-02,6715.5,6729.5,6625.25,6633.5
2018-05-03,6630.75,6671.5,6538,6664.5
2018-05-04,6666.5,6788.5,6610.5,6774.75
2018-05-07,6779,6851.25,6772.25,6826
2018-05-08,6817,6837.5,6771,6820.5
2018-05-09,6822,6901.25,6808.25,6896
2018-05-10,6896,6971.25,6888.75,6965
2018-05-11,6949.5,6979.5,6928.25,6960
2018-05-14,6958.25,7013.5,6955.5,6974
2018-05-15,6969,6976.75,6854.25,6890.5
2018-05-16,6895.5,6953.5,6875.5,6937.25
2018-05-17,6935.25,6962,6875,6905.75
2018-05-18,6908.5,6936.25,6862.25,6874
2018-05-21,6919,6957,6881.5,6915.75
2018-05-22,6914,6954.75,6890,6909.25
2018-05-23,6905.5,6961.5,6829.75,6957
2018-05-24,6956.75,6975,6885.25,6957.25
2018-05-25,6955,7003.75,6942.5,6960.25
2018-05-29,6989.5,6995,6890.5,6944.5
2018-05-30,6948,6994.75,6918.5,6987.25
2018-05-31,6978.5,7023.5,6958.25,6977
2018-06-01,6982.5,7090.5,6977.25,7083
2018-06-04,7079.75,7151.5,7071.75,7148.25
2018-06-05,7147.5,7187.5,7137.5,7179.25
2018-06-06,7181.75,7222.25,7142.25,7215
2018-06-07,7217.5,7234.25,7116.75,7161
2018-06-08,7160,7163,7077.75,7151.5
2018-06-11,7135,7189,7125,7170.25
2018-06-12,7192.5,7244.75,7181,7226.25
2018-06-13,7241.75,7290,7219.25,7231
2018-06-14,7232.25,7321,7205.25,7311.25
2018-06-15,7310.25,7318.75,7245,7281.5
2018-06-18,7276,7289.25,7208.75,7276
2018-06-19,7275,7279,7157.5,7252.25
2018-06-20,7253.75,7336.5,7226.75,7313.25
2018-06-21,7315.25,7358.5,7226.25,7237.75
2018-06-22,7228,7274,7198.25,7222.75
2018-06-25,7222.75,7222.75,6995.5,7073.5
2018-06-26,7064.25,7130,7040.5,7104
2018-06-27,7098.25,7151.5,6988,6998.25
2018-06-28,6998.75,7076.5,6956,7060.5
2018-06-29,7055.25,7123.75,7045,7066.75
2018-07-02,7068.25,7119.75,6987.5,7116.5
2018-07-03,7113.75,7165,7022.25,7023.75
2018-07-05,7023,7128,7015,7125.75
2018-07-06,7118.75,7237.75,7101.25,7233.5
2018-07-09,7232.5,7303.5,7232.25,7300.25
2018-07-10,7300.75,7335.5,7259.5,7301.5
2018-07-11,7263.5,7290,7204.5,7253.75
2018-07-12,7259.75,7387,7249.5,7382.75
2018-07-13,7382,7414.25,7367,7393
2018-07-16,7399.5,7413.75,7316,7325
2018-07-17,7320,7436,7292.5,7421.75
2018-07-18,7424.25,7437.75,7381.5,7404.5
2018-07-19,7400,7416,7354.75,7367.75
2018-07-20,7380.25,7413.75,7350.75,7360
2018-07-23,7368,7432.75,7311.5,7430.5
2018-07-24,7420.25,7489.75,7386.75,7416.25
2018-07-25,7410.5,7530,7397,7469.5
2018-07-26,7412.25,7450,7362,7430.75
2018-07-27,7429.5,7467,7263.5,7301.25
2018-07-30,7293,7309.25,7166.75,7200.5
2018-07-31,7210,7298,7189.25,7244.75
2018-08-01,7293,7303.75,7241,7277
2018-08-02,7284.25,7395.25,7214.25,7385.75
2018-08-03,7392,7415,7362.25,7402
2018-08-06,7404.25,7449.75,7387.5,7444
2018-08-07,7442.5,7486.75,7440.25,7477.25
2018-08-08,7478.25,7496,7442.5,7471.5
2018-08-09,7463.5,7505.5,7458.75,7475.5
2018-08-10,7472.25,7472.75,7390.75,7427
2018-08-13,7425.5,7479,7378.25,7417
2018-08-14,7420.5,7465,7397,7457.75
2018-08-15,7460.5,7464.75,7316.5,7374
2018-08-16,7380,7434.5,7363.25,7389
2018-08-17,7382.5,7407,7321.75,7387.75
2018-08-20,7390.5,7420.75,7351.5,7387
2018-08-21,7381.25,7452.25,7369,7397.5
2018-08-22,7374.25,7444.75,7352,7433.25
2018-08-23,7433.5,7475,7411.25,7424.5
2018-08-24,7427,7499.5,7422.75,7495.75
2018-08-27,7499,7569,7498.75,7568
2018-08-28,7568.25,7597.25,7564.25,7578
2018-08-29,7581,7674.5,7581,7668.75
2018-08-30,7672.75,7697,7626.25,7649
2018-08-31,7641.75,7682.25,7633.25,7661.25
2018-09-04,7670,7693.75,7586.75,7638.75
2018-09-05,7642.25,7643.25,7503.25,7531.75
2018-09-06,7530,7544.5,7407.75,7457.5
2018-09-07,7454.75,7494.75,7393,7438.5
2018-09-10,7433,7483.5,7414,7460.25
2018-09-11,7460.5,7524.75,7404.5,7512
2018-09-12,7515.25,7541,7425,7485.75
2018-09-13,7483.25,7583.25,7470,7564.5
2018-09-14,7563.5,7598.75,7515.25,7544.75
2018-09-17,7534,7547.25,7429.5,7436.25
2018-09-18,7463.5,7564.25,7422.25,7524.5
2018-09-19,7529.25,7546,7470.75,7526.5
2018-09-20,7529.75,7616.75,7514,7608.75
2018-09-21,7609,7637.5,7547.5,7550.5
2018-09-24,7539.75,7594,7473.75,7586
2018-09-25,7591,7603.25,7550.5,7595.25
2018-09-26,7598,7668,7577.5,7590.25
2018-09-27,7590.25,7686.25,7586,7657.25
2018-09-28,7663.5,7677,7617,7655.25
2018-10-01,7672,7728.75,7652,7675.5
2018-10-02,7675,7712.75,7630.25,7652.75
2018-10-03,7656.25,7703.75,7641.5,7664.75
2018-10-04,7651,7651,7456.5,7514.25
2018-10-05,7521,7540,7347,7436
2018-10-08,7443.25,7453.25,7286.5,7391.75
2018-10-09,7391,7455.75,7337,7399
2018-10-10,7394.75,7412,7000,7032
2018-10-11,7010.25,7138,6907.75,7031
2018-10-12,7040.75,7197.75,7034.25,7172.25
2018-10-15,7176.75,7179,7060.75,7076.5
2018-10-16,7068.25,7357.5,7063.5,7353.75
2018-10-17,7339.75,7368.5,7221.5,7313.25
2018-10-18,7307.75,7309.5,7094.5,7137.75
2018-10-19,7154,7244.25,7092.75,7106.5
2018-10-22,7085.75,7210.5,7057,7155.25
2018-10-23,7155,7164,6944,7140.25
2018-10-24,7136.25,7175,6785.75,6836.25
2018-10-25,6878.5,7075.75,6816.75,6926.5
2018-10-26,6882,6986.5,6734.25,6893.25
2018-10-29,6898,6991.5,6580.5,6736.25
2018-10-30,6719.25,6849.25,6661,6815.25
2018-10-31,6857,7039.25,6816.75,6975.5
2018-11-01,6960,7079.75,6936.75,7077.75
2018-11-02,6987.25,7143.25,6911.25,6980.25
2018-11-05,6972.75,6998.5,6865,6949.5
2018-11-06,6947.25,7034.75,6906.75,7016.5
2018-11-07,7011.5,7225,6971.5,7218.5
2018-11-08,7212.75,7231,7132,7166
2018-11-09,7145.75,7166.25,6989,7031.25
2018-11-12,7026.25,7103.75,6825.75,6835
2018-11-13,6847,6962,6801.25,6853
2018-11-14,6861.75,6929.5,6746,6768.25
2018-11-15,6780,6920.5,6712.25,6915.5
2018-11-16,6874.5,6915,6806.25,6895.25
2018-11-19,6875,6934.5,6632.25,6672
2018-11-20,6668.5,6670,6449.5,6532.5
2018-11-21,6527.75,6647.75,6509,6576.25
2018-11-23,6525,6601.5,6495,6531
2018-11-26,6537.5,6696.5,6530.5,6673.25
2018-11-27,6639.5,6723,6613.25,6712.5
2018-11-28,6722.25,6923.5,6709.25,6918.25
2018-11-29,6907,6943.75,6843,6913.25
2018-11-30,6902.25,6967.25,6871.5,6949.5
2018-12-03,7041,7139,7015.25,7058.25
2018-12-04,7055.25,7055.25,6783,6803.25
2018-12-05,6796,6861.75,6792.5,6803.25
2018-12-06,6834.5,6854.25,6630.25,6824.5
2018-12-07,6835.5,6856.5,6594.75,6623.5
2018-12-10,6596.25,6714.5,6535.25,6699.25
2018-12-11,6695,6808.75,6651.25,6717
2018-12-12,6686.5,6872,6683.5,6769
2018-12-13,6769,6838.5,6723,6752
2018-12-14,6752,6760.75,6583.25,6599.5
2018-12-17,6580,6635.25,6401.25,6466.25
2018-12-18,6496.5,6577.5,6457,6483.75
2018-12-19,6464.75,6610,6301.25,6352.25
2018-12-20,6350,6404.5,6180,6325.25
2018-12-21,6325,6338,6030,6059
2018-12-24,6049.75,6123,5888.75,5892
2018-12-26,5902,6310,5820.5,6285.5
2018-12-27,6283,6333,6053.25,6323.5
2018-12-28,6309,6402.5,6243.75,6293.25
2018-12-31,6312.25,6376.75,6283,6333.25
2019-01-02,6349.5,6409.25,6154,6371
2019-01-03,6242.75,6304.25,6148.5,6162
2019-01-04,6168.75,6462,6136.5,6434
2019-01-07,6451.25,6535.75,6402.5,6496.5
2019-01-08,6506,6586.25,6467.25,6557.25
2019-01-09,6546.75,6645,6546.75,6604.75
2019-01-10,6597.25,6641.75,6527.5,6625.25
2019-01-11,6622.5,6632.5,6572,6612.75
2019-01-14,6599,6602.5,6521.5,6545
2019-01-15,6543,6689,6542.25,6676.75
2019-01-16,6674.5,6737.25,6664,6666.25
2019-01-17,6670,6760,6612.25,6720
2019-01-18,6722.75,6828.25,6712,6792.75
2019-01-22,6794.5,6794.5,6611.5,6653
2019-01-23,6652,6724.25,6592.25,6665.25
2019-01-24,6663,6718.5,6653,6675
2019-01-25,6684.5,6810.5,6676.75,6791.25
2019-01-28,6784.25,6791,6648.25,6701.75
2019-01-29,6695.25,6721,6616.75,6638.75
2019-01-30,6690.25,6845.25,6657.75,6837.25
2019-01-31,6844.25,6943,6839.25,6914.75
2019-02-01,6911,6927.5,6860.5,6877.75
2019-02-04,6863.75,6983,6858.25,6937.5
2019-02-05,6937.5,7033.75,6928.25,7008
2019-02-06,7009.25,7038.75,6972.25,6995.75
2019-02-07,6988,6994.75,6856.25,6905.5
2019-02-08,6902,6926.25,6841,6916.75
2019-02-11,6921.75,6969.5,6896.25,6914.25
2019-02-12,6908.5,7028.5,6903,7018.5
2019-02-13,7017.25,7069.75,7012,7016.25
2019-02-14,7017.25,7057.5,6972,7019.75
2019-02-15,7017.5,7095.25,6975.25,7063.75
2019-02-19,7063.75,7094.75,7035.25,7068.25
2019-02-20,7068.75,7105,7032.25,7073.25
2019-02-21,7070.75,7113.75,7005,7034.5
2019-02-22,7031.25,7101.25,7019.25,7088.25
2019-02-25,7108.5,7168.5,7102,7125.75
2019-02-26,7122,7151,7073.25,7117.75
2019-02-27,7109.25,7131.75,7048,7121.75
2019-02-28,7121.25,7130.75,7072.5,7102.5
2019-03-01,7106.5,7164.5,7098.25,7156
2019-03-04,7177,7211.5,7074.5,7145.75
2019-03-05,7144.5,7182,7124.25,7165.5
2019-03-06,7156,7171.25,7107,7111.25
2019-03-07,7109,7123.25,7003.25,7027.5
2019-03-08,7025.5,7034,6939,7026.75
2019-03-11,7022.25,7176.75,6997.5,7164.75
2019-03-12,7200,7250.5,7188,7234.25
2019-03-13,7237.75,7324.25,7211,7296.5
2019-03-14,7302.75,7318.5,7265.75,7267.25
2019-03-15,7272.5,7361,7269.75,7343.25
2019-03-18,7338,7379.5,7321.75,7360.75
2019-03-19,7362.25,7421.25,7351.25,7376.5
2019-03-20,7378,7458,7349.5,7409.5
2019-03-21,7400.5,7541,7367.75,7534.5
2019-03-22,7526.75,7544.75,7353,7368.75
2019-03-25,7372.25,7390.5,7290,7355.25
2019-03-26,7363,7447.5,7340.5,7376.75
2019-03-27,7383.5,7404.75,7276,7334.5
2019-03-28,7323.5,7372.5,7289.5,7352
2019-03-29,7350.25,7414.5,7350.25,7400.5
2019-04-01,7430,7506.5,7428.5,7498.5
2019-04-02,7495.25,7532.5,7483.75,7519.25
2019-04-03,7517,7616.25,7513.25,7582.25
2019-04-04,7581.25,7598,7522,7561.5
2019-04-05,7565,7612.75,7556,7604.25
2019-04-08,7607.75,7629.25,7561.25,7623.5
2019-04-09,7625.75,7633.75,7578.75,7593.25
2019-04-10,7590.5,7646,7575.75,7641.25
2019-04-11,7644,7661,7601.5,7617.25
2019-04-12,7617,7665,7611,7652.25
2019-04-15,7654,7659,7598.75,7647.75
2019-04-16,7650.75,7695,7648.75,7679.5
2019-04-17,7676.5,7733.5,7668.5,7689.75
2019-04-18,7691.5,7723,7660.25,7712.5
2019-04-22,7715.25,7746.75,7669.75,7734.75
2019-04-23,7738,7843.75,7724.5,7838
2019-04-24,7833.5,7852.75,7802.25,7847.75
2019-04-25,7855.25,7879.5,7792,7798.5
2019-04-26,7799.25,7845.5,7755.5,7840.25
2019-04-29,7837.25,7867.75,7805.5,7813.75
2019-04-30,7805.25,7857,7740,7800
2019-05-01,7848.75,7867.25,7736,7756.5
2019-05-02,7737.75,7805,7682.25,7734.25
2019-05-03,7739,7872.5,7734.75,7865
2019-05-06,7810,7817.5,7667.5,7803.5
2019-05-07,7744.75,7804,7581.25,7674
2019-05-08,7663.75,7698,7600,7647.5
2019-05-09,7639.75,7644.5,7481,7595.25
2019-05-10,7591,7654.5,7435.75,7610.25
2019-05-13,7534.25,7551.5,7305,7314.75
2019-05-14,7315.25,7459.5,7290,7421
2019-05-15,7429.25,7538.5,7353.75,7529.25
2019-05-16,7524.25,7641,7473.5,7600.25
2019-05-17,7600.75,7620,7506.5,7511.5
2019-05-20,7514.75,7559.25,7361.5,7391.75
2019-05-21,7408.25,7485.25,7400.75,7464
2019-05-22,7462.75,7475,7391.25,7430
2019-05-23,7430.75,7434.75,7268,7311
2019-05-24,7316.75,7379.75,7300.5,7315.5
2019-05-28,7315.5,7371.75,7280.25,7295.25
2019-05-29,7291.5,7296,7183.25,7216
2019-05-30,7214.75,7271.25,7208.5,7255.25
2019-05-31,7251.75,7256,7129.25,7133.5
2019-06-03,7110,7132.5,6941.25,6993.75
2019-06-04,7008.75,7186.5,6981.75,7179.25
2019-06-05,7189,7245.25,7150.25,7228.5
2019-06-06,7213.75,7299.25,7181,7282.25
2019-06-07,7266.5,7453,7257.75,7419.5
2019-06-10,7469,7578.5,7431.25,7515.5
2019-06-11,7519.5,7600.75,7492.75,7518.25
2019-06-12,7517.75,7531,7461,7473.25
2019-06-13,7476,7536,7421,7522.75
2019-06-14,7503.25,7520.75,7451.5,7478.25
2019-06-17,7481,7550.75,7476,7534.25
2019-06-18,7570.5,7721.75,7541.75,7673.5
2019-06-19,7668,7713.5,7630,7702
2019-06-20,7696.25,7821,7692.75,7772.75
2019-06-21,7762.75,7803.5,7726,7751.5
2019-06-24,7744.5,7794.25,7731.75,7758.75
2019-06-25,7753,7779.5,7609.5,7628.75
2019-06-26,7633,7719,7616.25,7650
2019-06-27,7641,7716.5,7640.75,7690.5
2019-06-28,7685.25,7726,7664,7693.75
2019-07-01,7781.5,7849.75,7759,7790
2019-07-02,7792.5,7843.25,7763,7838.25
2019-07-03,7840.25,7892.75,7824.5,7887.5
2019-07-05,7887.75,7909.75,7797.25,7851.5
2019-07-08,7855,7863.5,7777.5,7801
2019-07-09,7802.25,7858.75,7743,7845.25
2019-07-10,7848,7949.5,7811.25,7928.75
2019-07-11,7924.25,7963.25,7894.25,7918.75
2019-07-12,7917.25,7967.5,7911.75,7960
2019-07-15,7958.25,7992,7941.25,7986.75
2019-07-16,7982.75,8001.5,7924,7942.75
2019-07-17,7939.75,7966.25,7868,7885.5
2019-07-18,7868,7954.75,7833,7933.5
2019-07-19,7950.5,7980.75,7815.25,7842.75
2019-07-22,7830,7936.5,7826.25,7924.75
2019-07-23,7926.5,7985.75,7908,7983.75
2019-07-24,7944,8051.75,7925.25,8038
2019-07-25,8004.5,8034.5,7917.25,7981.75
2019-07-26,7992,8040.75,7987.5,8019.75
2019-07-29,8017.5,8031.75,7951.75,8001.25
2019-07-30,8004.25,8020,7928.25,7963.25
2019-07-31,7992.5,8001.25,7782.25,7866.75
2019-08-01,7834,8014.5,7776.75,7808.25
2019-08-02,7797,7806,7650.25,7702.25
2019-08-05,7701.75,7705.5,7359.75,7385.25
2019-08-06,7349,7549,7224.5,7515.5
2019-08-07,7512.75,7577.5,7387.5,7553.25
2019-08-08,7553.5,7738.5,7526,7735.75
2019-08-09,7699.5,7724,7596.75,7660.25
2019-08-12,7654.5,7710,7534.75,7566.75
2019-08-13,7570.25,7789.5,7514,7748
2019-08-14,7746.5,7767.5,7477,7488.75
2019-08-15,7469,7572.75,7388.25,7496.25
2019-08-16,7509.25,7632.5,7502.5,7611.75
2019-08-19,7617.25,7750,7616,7727.5
2019-08-20,7717.25,7752,7655.5,7668
2019-08-21,7655,7765.75,7652.25,7750.25
2019-08-22,7756,7782.25,7654,7711.25
2019-08-23,7705.75,7762,7447.75,7504.5
2019-08-26,7435,7626,7353.25,7590.5
2019-08-27,7591.5,7648.5,7537,7562.75
2019-08-28,7564,7605.75,7504.25,7599.25
2019-08-29,7582.25,7730.25,7548.5,7712
2019-08-30,7704.25,7770.5,7646,7690.75
2019-09-03,7628.25,7695.5,7580.75,7617.5
2019-09-04,7614.25,7730,7608.5,7722.75
2019-09-05,7722,7886.75,7717.25,7855.5
2019-09-06,7853.5,7895,7838.25,7857.75
2019-09-09,7857,7887,7798.5,7830.75
2019-09-10,7834,7857.75,7744.25,7815
2019-09-11,7818.5,7905,7786.5,7889.75
2019-09-12,7893.25,7982.75,7886.75,7921.5
2019-09-13,7916.25,7958.5,7881.75,7886
2019-09-16,7856.75,7873.25,7776.25,7856.5
2019-09-17,7887,7921.5,7850.75,7914.5
2019-09-18,7916.25,7929.5,7813.5,7918
2019-09-19,7925,7973.75,7852.5,7918
2019-09-20,7921,7952.25,7810.75,7830.5
2019-09-23,7839.25,7897.5,7807.75,7850.5
2019-09-24,7869,7904.75,7701.75,7735.25
2019-09-25,7738.25,7844.25,7663,7820.25
2019-09-26,7822.5,7842.75,7734.75,7787.25
2019-09-27,7787,7822,7641,7701.25
2019-09-30,7735.5,7788.75,7705.75,7770.5
2019-10-01,7784,7841.5,7691,7695.5
2019-10-02,7711,7730.5,7525.5,7546.25
2019-10-03,7551.5,7661.5,7474.25,7658.5
2019-10-04,7656.75,7773.75,7624,7767.25
2019-10-07,7712.5,7799.75,7682.5,7740
2019-10-08,7736,7784.5,7613.5,7622
2019-10-09,7621,7732,7604.5,7699.75
2019-10-10,7702.25,7798.75,7583.25,7760.25
2019-10-11,7783.25,7918.5,7767,7859
2019-10-14,7850.25,7894.75,7807,7857.5
2019-10-15,7862.25,7971.75,7859.75,7959.75
2019-10-16,7960,7960.25,7907.5,7948.5
2019-10-17,7954.25,7994.75,7922,7952.75
2019-10-18,7953.75,7958.5,7835.75,7880.75
2019-10-21,7874.25,7951.75,7865.75,7948.25
2019-10-22,7949.25,7988.75,7837.25,7858.75
2019-10-23,7846.25,7918.25,7810.25,7901.5
2019-10-24,7922.75,7984,7913.25,7928.25
2019-10-25,7928.5,8041.5,7918.5,8035.75
2019-10-28,8048,8127.5,8048,8094.75
2019-10-29,8109.25,8118.75,8050.75,8055.25
2019-10-30,8057.25,8141,8020.5,8111.25
2019-10-31,8128.5,8139,8046,8090.25
2019-11-01,8094.25,8168,8084.5,8160.25
2019-11-04,8165,8233.75,8164,8215.75
2019-11-05,8221.5,8248,8193.25,8210.75
2019-11-06,8208,8228.25,8161,8207.25
2019-11-07,8213.75,8282.25,8190,8230.5
2019-11-08,8230,8264.25,8190,8257.25
2019-11-11,8257.25,8261.75,8206.5,8249.75
2019-11-12,8253.25,8300.25,8228.5,8275
2019-11-13,8273,8281.5,8220,8265.75
2019-11-14,8269,8285.5,8216.25,8265.5
2019-11-15,8267.5,8324,8261.25,8318.75
2019-11-18,8318.75,8367,8279.25,8333.5
2019-11-19,8335,8379,8312.5,8341.5
2019-11-20,8333,8348,8231,8291.75
2019-11-21,8261.5,8308,8240,8274.5
2019-11-22,8280.25,8313.5,8233.25,8280.5
2019-11-25,8303.25,8379.25,8296.5,8376.5
2019-11-26,8374.25,8422,8366.25,8400.75
2019-11-27,8402.75,8458.75,8397,8454.75
2019-11-29,8456.75,8458.25,8406.5,8417.5
2019-12-02,8424.5,8457.25,8276.5,8316
2019-12-03,8313.75,8337.5,8168.25,8251.25
2019-12-04,8258.75,8319.25,8220.5,8295.25
2019-12-05,8296.25,8340,8273.25,8309.25
2019-12-06,8311,8409.5,8307.75,8400.25
2019-12-09,8401.5,8427.25,8347,8356
2019-12-10,8354.5,8398,8297,8363.75
2019-12-11,8366.25,8411,8345,8405.5
2019-12-12,8407.5,8497,8381,8465.25
2019-12-13,8485,8523.75,8435.5,8494
2019-12-16,8507,8587.75,8503.25,8576
2019-12-17,8604.5,8626.5,8592.75,8605.25
2019-12-18,8597.75,8641.25,8595.25,8620.75
2019-12-19,8624.75,8682.5,8608.75,8673.5
2019-12-20,8679.5,8724.75,8665.25,8710.75
2019-12-23,8710.75,8743.25,8707.5,8726.5
2019-12-24,8728.25,8736,8707,8729.5
2019-12-26,8730.25,8805,8729,8804.25
2019-12-27,8801,8843.5,8769,8783.25
2019-12-30,8783.5,8809.75,8691.25,8733.75
2019-12-31,8731.75,8772.25,8692.25,8752.25
2020-01-02,8776.75,8901.5,8769.5,8891.75
2020-01-03,8895.5,8907.25,8735.25,8810
2020-01-06,8772.25,8873,8723,8847.5
2020-01-07,8853.25,8894.75,8825.75,8853
2020-01-08,8841.5,8972.25,8678,8944.5
2020-01-09,8948.75,9022.25,8932.5,9009
2020-01-10,9010,9055.5,8966.25,8978.25
2020-01-13,8979,9095.5,8979,9088.25
2020-01-14,9087.75,9114.75,9035,9062.5
2020-01-15,9062,9096,9023,9060
2020-01-16,9061.75,9140.25,9061.5,9133.5
2020-01-17,9137,9189.25,9130,9174.5
2020-01-21,9174,9199.75,9114.75,9169.75
2020-01-22,9179.5,9254,9174.25,9195.75
2020-01-23,9190,9253.5,9151.75,9248.25
2020-01-24,9252,9287.25,9109.5,9144.5
2020-01-27,9077,9077,8925.5,8954.5
2020-01-28,8952.5,9136.25,8952.5,9105.25
2020-01-29,9119.5,9158.75,9072.25,9098.5
2020-01-30,9111.25,9240,9003.5,9216.25
2020-01-31,9226.5,9248.75,8966,8997.75
2020-02-03,8982.75,9155.75,8975,9114.25
2020-02-04,9099,9369.25,9073,9355
2020-02-05,9357,9462.75,9317.75,9381.5
2020-02-06,9390,9464,9362.5,9455.5
2020-02-07,9467,9471,9385,9409.5
2020-02-10,9401.5,9531.5,9330.75,9527.5
2020-02-11,9525,9609.5,9501.25,9527.25
2020-02-12,9536.25,9628.25,9523.75,9625.75
2020-02-13,9621.5,9644.75,9511.25,9613
2020-02-14,9626.25,9659.25,9588,9632.25
2020-02-18,9635,9687.5,9534.25,9636
2020-02-19,9643.25,9748.75,9641.25,9733.5
2020-02-20,9744.75,9763,9517,9624.25
2020-02-21,9617.25,9623.75,9411.5,9458
2020-02-24,9355.25,9365,9041.25,9091
2020-02-25,9091,9224.25,8810,8854.25
2020-02-26,8868.25,9037.5,8709.5,8850.25
2020-02-27,8811.5,8878.5,8334.25,8382.75
2020-02-28,8347,8574.75,8126.25,8454
2020-03-02,8349.25,8883.25,8224.25,8791.25
2020-03-03,8830.5,9002.5,8511,8582.5
2020-03-04,8557.5,8950,8508.25,8896.5
2020-03-05,8889,8899.75,8610.75,8648.75
2020-03-06,8677,8726.5,8310.5,8503.25
2020-03-09,8369,8375,7820,7951.5
2020-03-10,7893.75,8378.75,7814.25,8331.5
2020-03-11,8317,8334.25,7892.75,8003.5
2020-03-12,7998.75,8108,7128.5,7215.25
2020-03-13,7100,7978,6942.5,7915.75
2020-03-16,7903,7905.25,6927,7057.5
2020-03-17,7036.25,7537,6931.25,7392.25
2020-03-18,7343.25,7380,6810,7205.5
2020-03-19,7234.25,7502.5,6874.25,7273.5
2020-03-20,7177,7629,6891,6969
2020-03-23,6798,7316.25,6628.75,6984.5
2020-03-24,7005.75,7572.25,7005.75,7554.75
2020-03-25,7544.75,7761,7371.5,7467.75
2020-03-26,7483.5,7893.5,7310.25,7844
2020-03-27,7882.75,7893.25,7551.25,7568.5
2020-03-30,7395.75,7884,7365,7854.75
2020-03-31,7856.75,7995,7747.5,7786.25
2020-04-01,7772.5,7773.5,7404.25,7438.75
2020-04-02,7473.5,7656.25,7376,7627.25
2020-04-03,7623,7660.25,7423.5,7522.75
2020-04-06,7535.75,8099,7535.5,8029.75
2020-04-07,8034.25,8303.25,7948,8012
2020-04-08,8015,8242,7953.25,8189.75
2020-04-09,8195.25,8326.25,8101.75,8227.5
2020-04-13,8296,8338.75,8073.25,8327.25
2020-04-14,8337,8710,8319,8692.5
2020-04-15,8706.25,8707.5,8486.5,8594
2020-04-16,8576,8842.5,8500.5,8734.25
2020-04-17,8909.75,8966.75,8689.5,8809
2020-04-20,8799.5,8846,8687,8692
2020-04-21,8695,8763,8342,8431.75
2020-04-22,8447,8700,8400,8638
2020-04-23,8636.25,8786.5,8580.5,8598.75
2020-04-24,8588.25,8780.25,8498.25,8769
2020-04-27,8766,8898,8730,8824.25
2020-04-28,8819,8945.75,8654.5,8719.75
2020-04-29,8759.25,9118.75,8733.75,9036.5
2020-04-30,9109.5,9144.75,8856.5,8988.5
2020-05-01,8847,8879,8672,8718
2020-05-04,8624,8828,8556.25,8795.5
2020-05-05,8806.25,9020,8798.5,8924.25
2020-05-06,8928.5,9056.5,8877.75,8952
2020-05-07,8947.5,9126,8930.25,9107.75
2020-05-08,9115,9238,9103.25,9218.25
2020-05-11,9194.75,9339,9118.5,9279
2020-05-12,9282,9345.5,9040.5,9078.25
2020-05-13,9045.75,9202.75,8878.25,8992.25
2020-05-14,9012.75,9104,8847,9079.5
2020-05-15,9085.5,9148.5,8925.5,9096.5
2020-05-18,9135,9361.5,9110.25,9325.5
2020-05-19,9316.25,9417.25,9283.75,9300.75
2020-05-20,9289.75,9498,9273,9485.5
2020-05-21,9494.75,9510.75,9352,9355.75
2020-05-22,9360.5,9422.5,9241.5,9406.25
2020-05-26,9396.25,9604,9373,9406.5
2020-05-27,9409,9508,9172.5,9432.5
2020-05-28,9436.5,9565.5,9320.5,9460.25
2020-05-29,9453.5,9590.5,9372,9560.25
2020-06-01,9513,9605.75,9450.25,9595
2020-06-02,9590,9670,9504.75,9647.75
2020-06-03,9657.5,9728.25,9635.5,9684.75
2020-06-04,9685.5,9742.5,9572.25,9626.25
2020-06-05,9643.5,9846.25,9601.75,9808.5
2020-06-08,9819,9901,9747,9884.75
2020-06-09,9887.25,10005.25,9811.5,9951
2020-06-10,9960,10155.5,9958.5,10087.25
2020-06-11,10086.25,10107,9584.5,9616.75
2020-06-12,9616,9849.25,9494.75,9645
2020-06-15,9536.75,9815.5,9381.75,9800.5
2020-06-16,9799.75,10001.75,9786.5,9961.5
2020-06-17,9951.5,10047.5,9915.25,9983
2020-06-18,9982.25,10029,9866.5,9983
2020-06-19,9985,10112.5,9916,9923.5
2020-06-22,9868,10134.5,9843.5,10124.75
2020-06-23,10121.5,10296.25,9972.25,10196
2020-06-24,10183,10242,9927.25,10010.75
2020-06-25,10005.25,10107,9885.5,10088.25
2020-06-26,10087,10120.5,9824.25,9865.5
2020-06-29,9785.5,9997,9728.75,9973.75
2020-06-30,9983,10171.5,9940.25,10147.25
2020-07-01,10141,10310,10076,10268.75
2020-07-02,10258.5,10422.25,10246.5,10355.75
2020-07-06,10352,10614.5,10308.75,10598.5
2020-07-07,10600,10694.5,10505.75,10532.25
2020-07-08,10526,10673,10505.25,10662.25
2020-07-09,10674.25,10774.25,10560,10727.5
2020-07-10,10727,10847.5,10625.5,10837.25
2020-07-13,10848.25,11058.5,10561.5,10600
2020-07-14,10602,10693,10358.75,10646.25
2020-07-15,10706,10766.5,10551.25,10683.25
2020-07-16,10693,10698.25,10475.5,10511.75
2020-07-17,10532.25,10669.75,10523.75,10622.5
2020-07-20,10621.25,10964.5,10546.25,10951
2020-07-21,10952.25,11058,10784.75,10851
2020-07-22,10850.75,10916.25,10761.25,10804.25
2020-07-23,10850,10938.5,10514.5,10548.25
2020-07-24,10565.5,10597,10301,10459
2020-07-27,10490,10684,10401,10675.25
2020-07-28,10682.5,10758.5,10514,10540
2020-07-29,10558,10699.75,10512.25,10674.25
2020-07-30,10700,10897.25,10502.75,10794
2020-07-31,10906.5,10939,10691,10890.5
2020-08-03,10933.25,11073,10876.25,11044.25
2020-08-04,11054,11094.75,10983,11086
2020-08-05,11080.5,11144,11055.75,11091.75
2020-08-06,11094,11271.75,11051.25,11261.25
2020-08-07,11260.5,11283.25,11035.25,11122.75
2020-08-10,11140.25,11156.5,10928.25,11072
2020-08-11,11072.25,11157.75,10845.5,10878.5
2020-08-12,10928.5,11185.75,10878.5,11126
2020-08-13,11115.5,11266,11094.25,11175.25
2020-08-14,11180.5,11237.75,11096,11133.75
2020-08-17,11145,11300.5,11142.25,11286.75
2020-08-18,11285.5,11415.25,11268,11409.25
2020-08-19,11414.25,11438,11299,11332
2020-08-20,11327,11496.5,11221.5,11477.25
2020-08-21,11480,11573.5,11407,11562
2020-08-24,11581,11722.5,11528.25,11636.25
2020-08-25,11636,11742.25,11574.75,11726.25
2020-08-26,11739.5,12001.5,11726.75,11991.25
2020-08-27,11984.5,12046,11834.75,11952.75
2020-08-28,11953.25,12018.25,11920.5,11991.75
2020-08-31,12002.75,12165,11988.25,12114
2020-09-01,12109.75,12328.75,12093,12312.5
2020-09-02,12325.5,12465.25,12172.25,12411.5
2020-09-03,12408.5,12438.75,11658.5,11800.5
2020-09-04,11745,11843,11142,11548.75
2020-09-08,11531,11585,11040.5,11060.5
2020-09-09,11006,11478.75,10935.25,11392.75
2020-09-10,11377.75,11566.75,11088,11178.25
2020-09-11,11187,11356.25,10937.5,11061.5
2020-09-14,11104,11362.75,11104,11280.5
2020-09-15,11264.5,11481.75,11233,11450.25
2020-09-16,11450.25,11539,11223.75,11255
2020-09-17,11257,11288.5,10904.25,11075.25
2020-09-18,11066.5,11163,10742,10927
2020-09-21,10920,11009.75,10656.5,10989
2020-09-22,10966.25,11191,10897.5,11149.5
2020-09-23,11160.5,11222,10786,10829
2020-09-24,10803.5,11011.75,10660.25,10891.75
2020-09-25,10914.25,11166.25,10813.75,11136.5
2020-09-28,11145,11404,11140.25,11394.75
2020-09-29,11388,11448.75,11289.5,11337.75
2020-09-30,11321,11526,11167,11407.25
2020-10-01,11375,11599.25,11375,11574.75
2020-10-02,11566.75,11604.75,11204.5,11233.25
2020-10-05,11308.5,11497.5,11267.5,11469.25
2020-10-06,11473,11524.5,11197.5,11273.75
2020-10-07,11220.5,11506.5,11208,11470
2020-10-08,11473.25,11578.75,11469.75,11539
2020-10-09,11562,11739,11552.5,11724.75
2020-10-12,11722.75,12197,11687.75,12098.25
2020-10-13,12100,12249,12019,12094
2020-10-14,12079.75,12178,11901.75,11974.25
2020-10-15,11950,11983.25,11736.5,11874
2020-10-16,11891,12022,11792,11798
2020-10-19,11816.75,11950.5,11591.25,11650.25
2020-10-20,11697.5,11792,11598.5,11660.75
2020-10-21,11675.25,11779.25,11585,11691.25
2020-10-22,11683.5,11724,11511,11649.75
2020-10-23,11669.25,11691.75,11551,11663.5
2020-10-26,11634,11695.5,11343.25,11492.25
2020-10-27,11499.5,11623,11478.25,11588
2020-10-28,11558.5,11566.75,11123.75,11132.75
2020-10-29,11180.5,11457.75,11145,11342.75
2020-10-30,11213.25,11281.25,10944.5,11046.25
2020-11-02,11034.5,11212,10942.25,11063.25
2020-11-03,11074.75,11347,11064.5,11265.75
2020-11-04,11264,11843.75,11230.25,11763
2020-11-05,11830,12119.5,11771.25,12076.5
2020-11-06,12088.5,12109,11868.25,12075
2020-11-09,12139.25,12408.75,11812.25,11820.5
2020-11-10,11863.5,11901.5,11503.25,11618.25
2020-11-11,11632.25,11917.75,11575.25,11886
2020-11-12,11898.5,11975.75,11775.75,11820
2020-11-13,11857,11952.75,11801.75,11933.5
2020-11-16,11957.25,12065,11851.75,12005
2020-11-17,12061.25,12096.25,11953.75,11975
2020-11-18,11972,12027.5,11861.5,11897
2020-11-19,11876,12000,11804.5,11987.25
2020-11-20,11960,12021,11873.5,11905.75
2020-11-23,11894,12001.75,11808.25,11905.25
2020-11-24,11909.75,12104.5,11872.75,12076
2020-11-25,12098.5,12177.75,12077.5,12152.25
2020-11-27,12168.25,12307.5,12127,12257.5
2020-11-30,12286.5,12337.25,12086,12277
2020-12-01,12336,12512.25,12312,12452.25
2020-12-02,12456.25,12473.5,12312.5,12454.25
2020-12-03,12472,12540.25,12444,12462.25
2020-12-04,12487,12535.75,12448.5,12526
2020-12-07,12525,12612.25,12474.75,12596
2020-12-08,12574,12652.5,12502,12637.5
2020-12-09,12657.25,12675,12306.75,12367
2020-12-10,12342.75,12449,12218.25,12402
2020-12-11,12391,12414.25,12234.25,12368
2020-12-14,12405.5,12545,12386.5,12456.5
2020-12-15,12472.5,12608.75,12423,12596
2020-12-16,12604,12704.75,12572,12670.75
2020-12-17,12681.25,12766.75,12672,12751
2020-12-18,12747.5,12789.75,12610,12712.5
2020-12-21,12760,12782.5,12461,12683.5
2020-12-22,12698.25,12760,12593.5,12710
2020-12-23,12704.75,12738.75,12623.5,12651.25
2020-12-24,12660.75,12724,12631.5,12704.5
2020-12-28,12676.25,12855.5,12655.25,12832.75
2020-12-29,12845.25,12918.25,12808.25,12841
2020-12-30,12860.75,12909.75,12820.5,12841.5
2020-12-31,12840,12896,12796.5,12885.5
2021-01-04,12889,12959.75,12522.5,12685.5
2021-01-05,12682.75,12809,12612,12793.5
2021-01-06,12800.25,12844.25,12491.25,12616.75
2021-01-07,12658.5,12959,12646.5,12928
2021-01-08,12927,13125,12919,13097.25
2021-01-11,13093.25,13105.25,12871.75,12897
2021-01-12,12910.75,12959,12767.25,12890.25
2021-01-13,12882.5,13003,12820.75,12972.25
2021-01-14,12975.5,13028.75,12881,12901
2021-01-15,12909,12931.25,12743.5,12802.25
2021-01-19,12774.25,13032.75,12727,12985.5
2021-01-20,13030,13327,13017,13294.25
2021-01-21,13288.5,13423.5,13283.25,13395.5
2021-01-22,13394,13402.25,13300.25,13361.5
2021-01-25,13370,13554.5,13189,13475.5
2021-01-26,13459.75,13599.75,13380.25,13485.5
2021-01-27,13551,13586.5,12884.75,13105.5
2021-01-28,13052.5,13394,12906.25,13186
2021-01-29,13156,13188,12829,12911.25
2021-02-01,12849,13271.5,12727.25,13236.5
2021-02-02,13232.5,13509.75,13230.5,13449
2021-02-03,13506,13584.5,13386.75,13394.25
2021-02-04,13429.5,13568.75,13345.25,13547.5
2021-02-05,13560,13638.5,13519.5,13598
2021-02-08,13623.75,13693,13596,13683
2021-02-09,13683.5,13735.25,13634,13680.25
2021-02-10,13698,13769.25,13516.75,13643.5
2021-02-11,13662,13743.75,13612.5,13729
2021-02-12,13711.25,13820.75,13646,13804.75
2021-02-16,13829.5,13900.5,13716,13767.75
2021-02-17,13758.25,13785,13543,13699.75
2021-02-18,13699.5,13723.25,13468,13633
2021-02-19,13638.25,13729,13534.75,13576
2021-02-22,13585,13629,13215,13224.25
2021-02-23,13227,13335.75,12757.25,13192
2021-02-24,13170.75,13334,12958,13302
2021-02-25,13304.75,13353.75,12764,12831.75
2021-02-26,12802.5,13089.5,12662.25,12911
2021-03-01,12957.5,13318,12946.25,13279.75
2021-03-02,13312.25,13328.25,13048.25,13055.25
2021-03-03,13061.25,13192,12663.25,12681.75
2021-03-04,12682,12797,12306.5,12455
2021-03-05,12435,12697.75,12207.25,12663.75
2021-03-08,12715,12761.25,12281.75,12297.25
2021-03-09,12345.75,12867.5,12326,12788.75
2021-03-10,12812,12993.25,12703,12749.25
2021-03-11,12795.25,13119.25,12724.25,13048.25
2021-03-12,13055,13095,12768.25,12933.5
2021-03-15,12950,13099,12872,13078.5
2021-03-16,13073,13287.25,13048.25,13141.25
2021-03-17,13159.5,13271,12934.25,13189
2021-03-18,13187,13267,12762,12779.75
2021-03-19,12793.5,12898.25,12681.75,12844.5
2021-03-22,12807,13157,12788.5,13071.75
2021-03-23,13069,13172,12979,13006.25
2021-03-24,13050.25,13145.25,12784,12794
2021-03-25,12803,12859.5,12609.75,12770.5
2021-03-26,12799.75,12988.5,12676.25,12966.75
2021-03-29,12975.75,13003,12807.5,12944.5
2021-03-30,12975,12984,12776.5,12878.25
2021-03-31,12894.75,13158,12858.25,13089.75
2021-04-01,13094.5,13332.5,13090.25,13316
2021-04-05,13339,13615,13304.25,13585.5
2021-04-06,13603.75,13655,13524.25,13570
2021-04-07,13580.5,13641,13512.5,13604.75
2021-04-08,13620.75,13789.75,13615.5,13747.75
2021-04-09,13786.5,13841.75,13648.25,13829.5
2021-04-12,13817.75,13832.25,13732,13808.75
2021-04-13,13825,13994,13772.75,13975.75
2021-04-14,13977.75,14029,13772.75,13798.75
2021-04-15,13827,14034.25,13789.25,14014
2021-04-16,14002,14059.5,13952.75,14029.5
2021-04-19,13989,14052.25,13821,13897.25
2021-04-20,13900,13933.75,13719.25,13794.25
2021-04-21,13740,13926.5,13700.5,13919.25
2021-04-22,13896.5,13944.75,13701.75,13750.25
2021-04-23,13757,13981,13737,13927
2021-04-26,13919.75,14039.25,13865.5,14011.5
2021-04-27,14024.75,14050,13912.5,13953
2021-04-28,13955.5,13993.5,13878,13892.25
2021-04-29,13973.5,14064,13818.5,13953.5
2021-04-30,13948.25,13956.75,13819.75,13850
2021-05-03,13880.25,13947.5,13772,13790
2021-05-04,13785,13792.5,13380.75,13536
2021-05-05,13525.75,13665.5,13462.75,13491
2021-05-06,13484,13611.5,13388.75,13597.75
2021-05-07,13614.5,13818,13588.25,13709.75
2021-05-10,13718,13752,13305.5,13356.75
2021-05-11,13316.5,13375.75,13065.25,13346
2021-05-12,13321.25,13351.75,12959.75,12998.5
2021-05-13,12968.75,13223.75,12915,13100.25
2021-05-14,13095,13426.25,13071,13387
2021-05-17,13380.25,13448.5,13182.75,13303.5
2021-05-18,13308.5,13432.25,13178.5,13212
2021-05-19,13182,13243,12954.25,13233.5
2021-05-20,13220.5,13522.75,13150.75,13486.5
2021-05-21,13492.5,13570,13395.75,13405
2021-05-24,13383.25,13686,13356.5,13635.25
2021-05-25,13656.5,13738.75,13606.75,13656.25
2021-05-26,13670.25,13728.5,13656,13700.25
2021-05-27,13702.5,13720.75,13620.25,13665.5
2021-05-28,13694.75,13763.5,13662.75,13686.5
2021-06-01,13699,13773,13592.25,13648.75
2021-06-02,13653.25,13712.75,13603.25,13673.75
2021-06-03,13679.5,13707.75,13462.25,13529.25
2021-06-04,13531.75,13783.75,13467.75,13766.75
2021-06-07,13773.25,13824,13691.5,13804.25
2021-06-08,13823,13917.25,13741.75,13811.5
2021-06-09,13813,13904.25,13803.5,13814.25
2021-06-10,13817,13976.5,13726,13959.75
2021-06-11,13975.5,13997.75,13932.25,13994.25
2021-06-14,13999,14133.5,13965.25,14124.75
2021-06-15,14111,14155.25,14000.75,14021.75
2021-06-16,14039,14095.75,13830.25,13972.75
2021-06-17,13941,14199,13841.75,14156.25
2021-06-18,14180,14204.75,14010,14035
2021-06-21,14022.75,14144,13958.5,14130
2021-06-22,14136.75,14279.25,14066.5,14258.25
2021-06-23,14274,14315.75,14231.75,14263
2021-06-24,14275.25,14422,14270,14354.25
2021-06-25,14365.75,14394.25,14313.25,14339
2021-06-28,14350,14519.75,14333.25,14512.5
2021-06-29,14504.5,14584.75,14468.75,14563
2021-06-30,14584.75,14598.5,14518.25,14549
2021-07-01,14558.5,14606.25,14471,14548.5
2021-07-02,14543.75,14729,14513.25,14713.75
2021-07-06,14704.25,14790,14625.25,14775.5
2021-07-07,14764.5,14883.75,14726.25,14802.25
2021-07-08,14812,14822,14540.5,14712.25
2021-07-09,14710.25,14832,14640.75,14810.5
2021-07-12,14824,14888.5,14785,14869.25
2021-07-13,14880,14994.75,14794.5,14865
2021-07-14,14869.75,14996,14841.25,14891.75
2021-07-15,14895,14962.75,14708.25,14787.5
2021-07-16,14778.5,14869.5,14656,14670.5
2021-07-19,14675,14682.5,14445,14540.75
2021-07-20,14593.75,14782.5,14516.75,14722.75
2021-07-21,14729.75,14839.5,14668.25,14827.75
2021-07-22,14836.75,14982.75,14826.75,14928.5
2021-07-23,14979.5,15117.25,14934.25,15098
2021-07-26,15098,15134,15038.75,15117.75
2021-07-27,15125.25,15131.5,14774.25,14947.75
2021-07-28,14875.75,15074.5,14866,15011.5
2021-07-29,14984.75,15084,14905,15037.75
2021-07-30,14905.25,14980,14811.25,14955.75
2021-08-02,14972.75,15056.25,14932.25,14952.75
2021-08-03,14962.25,15050,14849,15046.25
2021-08-04,15038,15108,14997,15073.5
2021-08-05,15081.75,15172.5,15069.25,15167.75
2021-08-06,15167.75,15169.75,15047.25,15095.5
2021-08-09,15090.25,15145.5,15003.25,15125.25
2021-08-10,15128.75,15157.25,14994.5,15044.5
2021-08-11,15045,15119,14963,15019.5
2021-08-12,15008.5,15090.5,14941.25,15078.5
2021-08-13,15079.75,15141.75,15055.25,15125.75
2021-08-16,15119.25,15139,14917.25,15134
2021-08-17,15131.5,15133.75,14897,14997.5
2021-08-18,14970.25,15037.25,14806.5,14849.25
2021-08-19,14840,14999,14710.5,14928
2021-08-20,14943.25,15100,14851,15086.75
2021-08-23,15090,15337.5,15086.5,15304.5
2021-08-24,15327,15384,15309.5,15355.5
2021-08-25,15362.25,15397,15333,15364.25
2021-08-26,15367.25,15368.25,15255.25,15274.75
2021-08-27,15286,15443.75,15265.5,15426.5
2021-08-30,15432.75,15617.75,15420,15597.5
2021-08-31,15605.5,15677.25,15517.75,15582.5
2021-09-01,15599.5,15699,15578.5,15609.25
2021-09-02,15610,15682,15551.75,15601
2021-09-03,15601,15677.5,15552.25,15651.5
2021-09-07,15656,15708.75,15606.75,15674.75
2021-09-08,15671,15691,15523.75,15620
2021-09-09,15610,15675.75,15545.75,15558.75
2021-09-10,15561,15668,15433.5,15441.5
2021-09-13,15452.5,15565,15350.25,15436.75
2021-09-14,15444,15524.25,15344.5,15379.75
2021-09-15,15390,15514.5,15307.75,15496.5
2021-09-16,15509.75,15532.5,15358.75,15509.5
2021-09-17,15497.75,15528.25,15276.25,15326
2021-09-20,15284,15338.25,14807.5,15009.5
2021-09-21,14992,15163.25,14963.25,15024
2021-09-22,14992.75,15227,14930.5,15163.5
2021-09-23,15178.25,15347,15175.25,15303.5
2021-09-24,15300.25,15334.25,15176.75,15318.75
2021-09-27,15319,15399.25,15084,15194.75
2021-09-28,15172.25,15192.25,14740.75,14764.75
2021-09-29,14769.25,14926,14711,14739.75
2021-09-30,14769.75,14883.5,14670.25,14682.5
2021-10-01,14702.25,14818,14537,14761.75
2021-10-04,14785,14835,14367.75,14462.25
2021-10-05,14493.75,14754.75,14410.5,14655.25
2021-10-06,14662,14770,14422.5,14759
2021-10-07,14768,15001.25,14767,14881.25
2021-10-08,14891.25,14996,14790.75,14808.25
2021-10-11,14810.25,14897.25,14677,14700.5
2021-10-12,14688.5,14783.25,14585.5,14653.25
2021-10-13,14594,14795.75,14591,14764.25
2021-10-14,14770.25,15071.5,14767.5,15037.25
2021-10-15,15063.75,15145,15020.75,15134.5
2021-10-18,15145,15297.25,15038.75,15290.5
2021-10-19,15289.75,15428.25,15269,15398.5
2021-10-20,15411,15446.5,15319,15377.5
2021-10-21,15357.5,15483.75,15301,15478.75
2021-10-22,15383,15463.5,15273.75,15341
2021-10-25,15324.25,15546,15295.75,15495.75
2021-10-26,15543,15701,15503,15545
2021-10-27,15532.25,15717.5,15507.25,15587.25
2021-10-28,15595,15777,15591.75,15764.75
2021-10-29,15679.75,15864.75,15595.5,15838.5
2021-11-01,15885.25,15914.75,15768.5,15894.25
2021-11-02,15891,15980.25,15849.5,15961.25
2021-11-03,15957.75,16145.75,15935.25,16129.75
2021-11-04,16129.5,16376,16129.5,16330.75
2021-11-05,16335,16448.5,16292,16351.75
2021-11-08,16293,16394,16256,16327.75
2021-11-09,16315.5,16391.75,16160,16212.75
2021-11-10,16201.25,16243,15896.5,15980.5
2021-11-11,15989,16114,15976,16022.75
2021-11-12,16043.75,16213.25,16001.75,16192.75
2021-11-15,16212.25,16276.5,16082.25,16187.75
2021-11-16,16198.5,16323.75,16142,16300.75
2021-11-17,16297.75,16396.5,16270,16311.5
2021-11-18,16322.5,16508,16303.5,16481.25
2021-11-19,16503.25,16628.5,16490.25,16575
2021-11-22,16600.25,16767.5,16364.5,16382
2021-11-23,16399,16418.75,16118.5,16312
2021-11-24,16300.25,16368.5,16102,16366
2021-11-26,16360,16436,15988,16051
2021-11-29,16046.5,16437.75,16038,16390.75
2021-11-30,16419,16456.25,16068.75,16150.5
2021-12-01,16238.75,16427.5,15825.25,15869.75
2021-12-02,15891.75,16066.25,15762.75,15988.5
2021-12-03,16020,16121.75,15538,15717.75
2021-12-06,15716.25,15897.25,15559.25,15842.75
2021-12-07,15848.75,16374.5,15824.5,16318
2021-12-08,16360.5,16436.75,16251.5,16392.25
2021-12-09,16380.5,16420,16120.25,16148.75
2021-12-10,16158.5,16335.75,16133.75,16329.75
2021-12-13,16321.75,16411.25,16064.25,16082
2021-12-14,16088,16132.75,15734,15922.25
2021-12-15,15929,16300,15740.25,16286.25
2021-12-16,16288,16457,15793,15866.75
2021-12-17,15878,15956.5,15651.75,15788
2021-12-20,15809.5,15851.75,15492,15621.25
2021-12-21,15674.25,15987.25,15605,15980
2021-12-22,15979,16183,15881.5,16169.75
2021-12-23,16180,16356,16145.25,16299
2021-12-27,16304.25,16580.75,16304.25,16560
2021-12-28,16565.75,16659.5,16452.25,16488
2021-12-29,16513.5,16564.25,16387.5,16490.5
2021-12-30,16484.5,16567.5,16411.25,16430.25
2021-12-31,16431,16464,16313.75,16320.75
2022-01-03,16356,16508,16292,16485.5
2022-01-04,16497.75,16564,16139.5,16275.75
2022-01-05,16265,16269,15752.75,15766.5
2022-01-06,15763.75,15895.75,15598.5,15759
2022-01-07,15801.75,15852.75,15510,15581
2022-01-10,15590,15669,15152.5,15608
2022-01-11,15622.25,15839.5,15475,15831
2022-01-12,15826,16009.25,15762.5,15887.25
2022-01-13,15901,15979.75,15458.25,15490.25
2022-01-14,15505,15621,15312.5,15595.75
2022-01-18,15616.75,15653.25,15170.75,15206
2022-01-19,15238.75,15372,15011.25,15033.5
2022-01-20,15042.25,15340.25,14646.75,14841
2022-01-21,14722,14858.5,14408.5,14426.5
2022-01-24,14410,14582,13706,14501
2022-01-25,14495,14499,13890,14140.75
2022-01-26,13945.5,14639.75,13945.5,14158.5
2022-01-27,14194,14409.25,13844.5,13986.75
2022-01-28,14167.75,14442,13831,14433
2022-01-31,14454,14914.75,14353.25,14905
2022-02-01,14868.75,15137,14729.25,14994.75
2022-02-02,15129,15260,14825,15114.5
2022-02-03,14852.5,14870,14456.25,14492.25
2022-02-04,14770,14825.75,14362.75,14685.5
2022-02-07,14682.5,14806.25,14511.5,14559.75
2022-02-08,14600,14776,14467.5,14734.5
2022-02-09,14746.25,15068,14741,15038.25
2022-02-10,15062.25,15062.25,14622,14701
2022-02-11,14698.25,14766.75,14181,14240.5
2022-02-14,14250,14394,14031,14253
2022-02-15,14257,14614.75,14223.25,14609.5
2022-02-16,14588,14668.5,14381,14600
2022-02-17,14592.25,14619.5,14131.5,14164.75
2022-02-18,14156.25,14299,13906.25,13996
2022-02-22,13952.75,14157.5,13580.25,13862.75
2022-02-23,13928.25,14068.75,13471.25,13507.5
2022-02-24,13484.25,13983.25,13025.75,13966.5
2022-02-25,13909.5,14196.25,13760.25,14180.5
2022-02-28,13900.25,14292.25,13683,14228
2022-03-01,14219.25,14327.75,13900,14005.5
2022-03-02,14026.25,14290,13911.5,14239.25
2022-03-03,14196.5,14391,13955,14030.5
2022-03-04,14069.25,14086.5,13733.75,13839.75
2022-03-07,13763.5,13879.75,13265,13320.75
2022-03-08,13283,13666,13103.25,13267
2022-03-09,13192.25,13821.75,13189.75,13734.75
2022-03-10,13778,13778,13396.25,13586
2022-03-11,13577.25,13860.75,13281.75,13292
2022-03-14,13362,13447.5,13015.5,13045.5
2022-03-15,13079.5,13486.5,12942.5,13449.5
2022-03-16,13445.25,14025.75,13417.25,13949.75
2022-03-17,13991,14132.5,13819,14107.75
2022-03-18,14056.75,14442.75,13966.5,14413.5
2022-03-21,14404,14466.75,14183.75,14370.5
2022-03-22,14390,14690.75,14293.5,14654
2022-03-23,14654,14682.25,14441,14447
2022-03-24,14462.75,14769.75,14433.5,14763.75
2022-03-25,14765,14840.5,14572.5,14755.75
2022-03-28,14756,14997,14658.75,14985.25
2022-03-29,14981,15268.75,14956.5,15237.75
2022-03-30,15222,15262.25,15012.25,15071.5
2022-03-31,15100.5,15180.75,14855.5,14868.75
2022-04-01,14918.75,14960,14725,14863.75
2022-04-04,14846,15174.5,14801,15164.25
2022-04-05,15155.5,15198,14780.25,14828
2022-04-06,14861,14861.25,14394.75,14505.25
2022-04-07,14496.25,14633.75,14317,14536
2022-04-08,14536.25,14642.25,14310.5,14327
2022-04-11,14345,14382,13984.75,14000
2022-04-12,14006.25,14284.25,13881.25,13945
2022-04-13,13952.75,14266.5,13921,14221.5
2022-04-14,14211.5,14296.25,13876.5,13893.75
2022-04-18,13892,14002.5,13729.5,13907.75
2022-04-19,13962.75,14242,13828,14217.25
2022-04-20,14104.75,14298,13956.5,14004.75
2022-04-21,14070,14283,13667.5,13728.25
2022-04-22,13720,13781,13297,13353.5
2022-04-25,13334.25,13549.75,13184,13535.75
2022-04-26,13523.5,13583.75,12801.5,13016
2022-04-27,12881,13255.25,12878.25,13009
2022-04-28,13191,13542,13033,13454.75
2022-04-29,13219.5,13433,12831.75,12852
2022-05-02,12892.25,13084.5,12709.75,13073
2022-05-03,13051.75,13183.75,12968.5,13087.5
2022-05-04,13121,13555.25,12883,13531.25
2022-05-05,13500.25,13548,12705.25,12858
2022-05-06,12883.25,12928.75,12519,12695.75
2022-05-09,12605,12637.25,12135.25,12193.75
2022-05-10,12206,12547,12102.25,12349
2022-05-11,12328.75,12553.25,11938.5,11969.75
2022-05-12,12004.5,12132.75,11689,11947.25
2022-05-13,11891.5,12432,11891.5,12382.75
2022-05-16,12409,12498.75,12190.25,12244.75
2022-05-17,12235.5,12578,12234,12560.25
2022-05-18,12572,12594,11862.75,11935.5
2022-05-19,11907,12076.75,11704,11878.25
2022-05-20,11898,12096.75,11491.25,11840.75
2022-05-23,11866,12075.5,11783.75,12035.25
2022-05-24,11915,11918,11576.25,11771
2022-05-25,11808,12036,11672,11942.25
2022-05-26,11887.5,12343,11848.25,12279.25
2022-05-27,12250,12720.25,12222,12677.75
2022-05-31,12705.25,12883,12480,12646.5
2022-06-01,12662.5,12823.5,12454.75,12551
2022-06-02,12549.75,12903.75,12442.5,12893.75
2022-06-03,12896,12945.25,12503,12551
2022-06-06,12549.75,12810,12527,12605
2022-06-07,12605.25,12740.25,12412.5,12711.5
2022-06-08,12680.5,12783,12579.25,12615.75
2022-06-09,12625,12726,12255.25,12275
2022-06-10,12301.5,12338.75,11823,11840
2022-06-13,11768,11772.5,11254.5,11296.5
2022-06-14,11367.5,11534.5,11236,11346.5
2022-06-15,11364.75,11794.25,11358.5,11629
2022-06-16,11646.25,11774.25,11068.5,11157.25
2022-06-17,11206.75,11396,11119,11296.75
2022-06-21,11332.5,11678.25,11273.75,11577.25
2022-06-22,11579.75,11745.75,11320.5,11565.75
2022-06-23,11542.75,11766.75,11460.5,11737.5
2022-06-24,11687.75,12148.5,11684.75,12140.5
2022-06-27,12137.5,12262,11994.25,12040.5
2022-06-28,12076.25,12174.25,11661.5,11674.25
2022-06-29,11680.5,11749,11564.5,11691
2022-06-30,11691.5,11696.75,11351,11529.5
2022-07-01,11507.5,11629.75,11381.75,11611.25
2022-07-05,11606,11815.75,11389.25,11808.5
2022-07-06,11820.25,11974.25,11727.75,11880.25
2022-07-07,11901.25,12168.5,11836.5,12138.5
2022-07-08,12115,12211,11952.5,12152
2022-07-11,12149.75,12149.75,11853,11884.25
2022-07-12,11900.5,12025.5,11712,11779
2022-07-13,11780,11970,11479.25,11762.25
2022-07-14,11729.5,11835,11511.25,11797.5
2022-07-15,11810.5,12021.5,11740.25,12007.5
2022-07-18,12043.5,12186.5,11857,11907
2022-07-19,11909.5,12328.5,11889.5,12274
2022-07-20,12330.5,12517.5,12235.75,12465.25
2022-07-21,12440,12655.25,12373.5,12640
2022-07-22,12559.25,12698.5,12343.75,12423.5
2022-07-25,12444.5,12498.5,12266.5,12354.5
2022-07-26,12311.25,12334,12072,12112.5
2022-07-27,12192,12690,12191.75,12619
2022-07-28,12580,12948,12449,12737.5
2022-07-29,12920.25,13012,12744.25,12971.5
2022-08-01,12981,13108.75,12851.75,12962.5
2022-08-02,12974.25,13097,12814.75,12924.5
2022-08-03,12921,13310.25,12867.25,13271.5
2022-08-04,13247,13356,13184.75,13327
2022-08-05,13327.25,13384.5,13085,13228.75
2022-08-08,13227.75,13419.25,13120.5,13183.25
2022-08-09,13206.25,13233.75,12963.25,13031.5
2022-08-10,13050,13408,12982,13392
2022-08-11,13380.5,13575,13285,13311.25
2022-08-12,13344.25,13583.25,13312,13577.75
2022-08-15,13571.5,13706,13495.25,13681.25
2022-08-16,13674.75,13740.75,13522.75,13658.25
2022-08-17,13658,13672,13406.25,13493.25
2022-08-18,13503,13575.5,13410.75,13523.25
2022-08-19,13534.25,13534.5,13228.75,13268.5
2022-08-22,13226.5,13226.5,12874.5,12909.75
2022-08-23,12933.75,13018.5,12823.5,12896.5
2022-08-24,12892,13011.25,12825.75,12929.75
2022-08-25,12944,13161.5,12925,13156
2022-08-26,13153.75,13220,12557.5,12620.5
2022-08-29,12485,12610.25,12401.5,12492.75
2022-08-30,12503.5,12658.25,12247.5,12358.75
2022-08-31,12366,12513,12276.25,12285.25
2022-09-01,12284.75,12299.5,12017.75,12292.25
2022-09-02,12297.75,12461.5,12040.25,12104.25
2022-09-06,12110.5,12244.5,11930,12019
2022-09-07,12019.75,12306.25,11921.5,12263.25
2022-09-08,12267.75,12379.5,12115.75,12321.75
2022-09-09,12345.25,12613.75,12329.5,12592.5
2022-09-12,12626,12773.75,12573.25,12740.75
2022-09-13,12854,12987,12082.25,12115.75
2022-09-14,12128,12253,12080.25,12222.25
2022-09-15,12234,12268.75,11937.5,12007.5
2022-09-16,11951.5,11961.25,11778.5,11933.5
2022-09-19,11920,12066.25,11792.25,12024
2022-09-20,12045.75,12092.5,11828.25,11922.25
2022-09-21,11946,12140.5,11647.5,11710
2022-09-22,11661.25,11796,11510,11565.5
2022-09-23,11583.75,11600.25,11229,11376.75
2022-09-26,11362.5,11537.75,11256.5,11316.25
2022-09-27,11315.5,11568.25,11233.5,11333.75
2022-09-28,11361,11613.5,11141.5,11555.75
2022-09-29,11544,11567.25,11091.5,11228.25
2022-09-30,11220,11357.25,11024.25,11035.5
2022-10-03,11030,11358.25,10890.75,11285.75
2022-10-04,11314.5,11675,11281.5,11640.75
2022-10-05,11630.25,11711,11366.5,11623.75
2022-10-06,11628,11729.75,11505.25,11541.75
2022-10-07,11494.5,11564.5,11043.25,11101.5
2022-10-10,11067.75,11136.5,10876.75,10984.5
2022-10-11,10987,11039.5,10767.25,10845
2022-10-12,10875,10976.75,10805.5,10840.5
2022-10-13,10859,11142.75,10484.75,11083.75
2022-10-14,11064.75,11253.5,10726.75,10744
2022-10-17,10720,11146.25,10713,11110.25
2022-10-18,11161.25,11431.75,11081.5,11198.75
2022-10-19,11320.25,11382.75,11049,11153.25
2022-10-20,11134,11328.75,11008,11090.75
2022-10-21,11061.25,11386.25,10935.5,11358.5
2022-10-24,11393.75,11530.25,11207.75,11478.75
2022-10-25,11453.75,11734,11430.25,11713.5
2022-10-26,11510,11703.5,11415,11446
2022-10-27,11417.75,11537.5,10921.5,11235.25
2022-10-28,11122.75,11626,11062,11587
2022-10-31,11592.5,11595,11367.25,11447.25
2022-11-01,11455,11619,11288.75,11332
2022-11-02,11320.25,11460,10909,10944.5
2022-11-03,10938,10996,10708,10728
2022-11-04,10712,10974.25,10636,10890.25
2022-11-07,10786.5,11038.5,10751,11014.25
2022-11-08,11016,11231.25,10928.75,11094.25
2022-11-09,11089.25,11164.25,10822.25,10830.75
2022-11-10,10841,11677,10808,11632.25
2022-11-11,11669.75,11876.75,11569.25,11848
2022-11-14,11791,11898.5,11702,11734.75
2022-11-15,11768.5,12118.75,11761.75,11904.25
2022-11-16,11882,11963,11706.5,11739.5
2022-11-17,11777.75,11827.5,11528.25,11710.5
2022-11-18,11747.75,11843,11607,11708
2022-11-21,11723,11756,11553,11588
2022-11-22,11588,11759.25,11526.5,11754.5
2022-11-23,11741.5,11892.75,11720,11862.75
2022-11-25,11878,11933,11766.25,11782.75
2022-11-28,11731.25,11788.5,11575.25,11616.25
2022-11-29,11625,11704.5,11465,11524.75
2022-11-30,11520,12078.5,11497.75,12042.25
2022-12-01,12079.25,12145,11943.25,12062.75
2022-12-02,12039.75,12067.75,11740.5,12010.25
2022-12-05,12000.5,12015.75,11745.5,11805.75
2022-12-06,11812,11846.25,11502,11566
2022-12-07,11566,11596.25,11422.5,11509.5
2022-12-08,11500,11685.75,11433,11645.5
2022-12-09,11641.5,11748,11517,11569.75
2022-12-12,11553,11716,11522.75,11711.75
2022-12-13,11816.75,12339,11797.25,11958.75
2022-12-14,11955,12069.5,11729,11869
2022-12-15,11884.25,11898,11404,11457
2022-12-16,11446.5,11491.5,11275.5,11344.75
2022-12-19,11328.75,11411,11131.75,11193.25
2022-12-20,11182.5,11247,11043.5,11175.75
2022-12-21,11206.5,11389.75,11181,11334.5
2022-12-22,11357,11384.75,10870.5,11054.25
2022-12-23,11061,11143,10916.25,11075.25
2022-12-27,11104,11183.75,10896,10915.5
2022-12-28,10915.75,10996.5,10758.75,10772.75
2022-12-29,10785.75,11071.5,10777.5,11032.75
2022-12-30,11033.5,11051.5,10855.5,11022.25
2023-01-03,11122.5,11182,10844.75,10945.5
2023-01-04,10941.25,11068.5,10863.5,10999.25
2023-01-05,10988.5,11046.75,10805,10820.25
2023-01-06,10838.75,11165.75,10751,11113.5
2023-01-09,11126.5,11385.5,11120.25,11185.5
2023-01-10,11184.75,11288.75,11094,11282
2023-01-11,11282.5,11479.5,11239.75,11476.5
2023-01-12,11474.5,11579.75,11291,11534.25
2023-01-13,11528.5,11619.5,11389,11608
2023-01-17,11613.5,11685,11510.25,11624.5
2023-01-18,11619.75,11759.5,11468,11475.75
2023-01-19,11470.5,11487,11308.5,11356.5
2023-01-20,11401,11686.75,11365.25,11677
2023-01-23,11676.75,11983,11650.5,11934
2023-01-24,11933,12010.5,11835.75,11909.5
2023-01-25,11970.5,11976.5,11604.5,11873.25
2023-01-26,11874.75,12113,11867.25,12106.75
2023-01-27,12049,12308.5,12016,12222.25
2023-01-30,12212.5,12252,11960,11968
2023-01-31,11984,12156,11871,12152
2023-02-01,12116,12524.5,12055.25,12414.25
2023-02-02,12520,12949.75,12501.75,12846.75
2023-02-03,12748.25,12878,12551.25,12624
2023-02-06,12572,12608.5,12455.75,12515.5
2023-02-07,12513,12818.5,12459.25,12776.75
2023-02-08,12747,12808.5,12512.75,12545.25
2023-02-09,12555,12728.5,12366.5,12425.5
2023-02-10,12448.75,12451.5,12243.25,12346.25
2023-02-13,12357.5,12567,12265.25,12540.5
2023-02-14,12547.25,12687,12390.5,12631
2023-02-15,12620.75,12756.5,12524.25,12730
2023-02-16,12740,12792.75,12455.25,12482.5
2023-02-17,12462.5,12466.25,12265.75,12390
2023-02-21,12380,12417.75,12090.25,12096.75
2023-02-22,12108,12190.5,12034,12097.5
2023-02-23,12176.25,12261,12028.5,12207.5
2023-02-24,12190,12214.5,11923,11997
2023-02-27,12003,12189.5,11990,12083.25
2023-02-28,12093.5,12172.75,12025.75,12072.25
2023-03-01,12041.25,12141.75,11924.75,11961.75
2023-03-02,11967,12096.25,11832.5,12062
2023-03-03,12049,12329,12012,12311.25
2023-03-06,12306.25,12486.25,12276.25,12323.5
2023-03-07,12320.25,12381.25,12142.25,12169
2023-03-08,12170,12254.5,12108.25,12228.25
2023-03-09,12231,12353.5,11977.5,12007.25
2023-03-10,12005,12109,11795,11840.25
2023-03-13,11894.75,12095.75,11674.25,11931.75
2023-03-14,12080,12356.5,12032.25,12337
2023-03-15,12329.75,12407.5,12096.75,12377.75
2023-03-16,12398.75,12735.75,12314,12715.5
2023-03-17,12708,12811.25,12569.5,12644.75
2023-03-20,12690,12750,12525.25,12688.5
2023-03-21,12699.75,12898.25,12676.5,12867.25
2023-03-22,12873.25,13082,12678,12707
2023-03-23,12695,13031,12694.25,12854
2023-03-24,12871.5,12924.75,12728,12890.25
2023-03-27,12916,12984.5,12765.5,12788.5
2023-03-28,12810.5,12833.5,12634.25,12732.5
2023-03-29,12745.5,12994,12742,12965
2023-03-30,12962.5,13111.75,12931.5,13082
2023-03-31,13084.25,13311.5,13057.5,13301.75
2023-04-03,13262,13278.75,13154,13270
2023-04-04,13259,13348.75,13168.25,13219
2023-04-05,13230,13247.25,13006,13079.75
2023-04-06,13072.75,13191,12953.25,13170.75
2023-04-07,13162.75,13192.25,13122,13170.75
2023-04-10,13179.75,13203.25,12967.5,13158
2023-04-11,13163.25,13208.75,13053.5,13074.75
2023-04-12,13073.75,13241.75,12937.75,12952.25
2023-04-13,12957,13228,12925.5,13209.75
2023-04-14,13183,13255,13058,13181.25
2023-04-17,13212.5,13218,13076.75,13186.5
2023-04-18,13184,13298.75,13138,13193
2023-04-19,13170.5,13226.75,13065,13183
2023-04-20,13162,13200,13021.75,13074.25
2023-04-21,13089,13122,12982.5,13090.5
2023-04-24,13070,13134,12967.25,13056.5
2023-04-25,13050.25,13059.5,12800,12809.5
2023-04-26,12940,13012.25,12863.75,12887.75
2023-04-27,12965,13333,12936,13231.25
2023-04-28,13215,13336,13169,13320.25
2023-05-01,13317,13370.25,13258.75,13306.75
2023-05-02,13290,13334.75,13110.25,13184.5
2023-05-03,13162,13314,13080,13100.75
2023-05-04,13064,13173,13001.75,13043.75
2023-05-05,13060,13359,13055.75,13317.75
2023-05-08,13316,13368,13254.5,13352.25
2023-05-09,13338.5,13347,13250.5,13264.75
2023-05-10,13258.75,13446.75,13202.75,13409.5
2023-05-11,13410,13470.25,13361.5,13446.5
2023-05-12,13446,13494.25,13310.5,13396.25
2023-05-15,13378.75,13480,13350,13468
2023-05-16,13461,13554.5,13426.25,13483.25
2023-05-17,13498.5,13669,13474.25,13643.5
2023-05-18,13640.5,13913,13628.25,13894
2023-05-19,13908.5,13960.25,13814.25,13858
2023-05-22,13805.5,13946.75,13794.25,13902.5
2023-05-23,13913.25,13979.25,13710,13728.75
2023-05-24,13729,13845.75,13566.5,13650.25
2023-05-25,13877,14031.25,13803,13976.5
2023-05-26,13977.75,14369,13924.5,14332.5
2023-05-30,14437.5,14570,14336.75,14396.75
2023-05-31,14397.25,14429,14251.25,14300.5
2023-06-01,14289.5,14528.25,14248.25,14472.25
2023-06-02,14494,14627.75,14468.25,14575.25
2023-06-05,14577,14694.75,14512.75,14588.75
2023-06-06,14582,14623.75,14504.5,14586.5
2023-06-07,14594.5,14675,14305.5,14331.5
2023-06-08,14316,14526.75,14256.75,14503
2023-06-09,14517,14687.5,14460.25,14556.25
2023-06-12,14560.25,14827,14554.25,14800.5
2023-06-13,15006.5,15151.25,14963,15099
2023-06-14,15110.25,15243.5,14976,15199.25
2023-06-15,15222,15441,15066,15374
2023-06-16,15368,15475.5,15258.5,15268
2023-06-20,15303.25,15322.5,15126.5,15256.5
2023-06-21,15247.5,15273.25,15002.25,15044
2023-06-22,15038.75,15238,14964,15214.75
2023-06-23,15236,15236,14985.25,15058.25
2023-06-26,15057.75,15152.5,14853.5,14856.5
2023-06-27,14875,15139.25,14862.25,15111.5
2023-06-28,15088.25,15219,15021.25,15130
2023-06-29,15161,15202.75,15028.5,15100.25
2023-06-30,15106,15376.75,15099,15337
2023-07-03,15331,15392,15308,15364.75
2023-07-05,15357,15432,15255.25,15360.75
2023-07-06,15353.75,15366,15111.5,15238
2023-07-07,15211.75,15359.75,15172.25,15181.75
2023-07-10,15198.5,15218.25,15063.25,15187
2023-07-11,15195.75,15278.75,15109.5,15260
2023-07-12,15258,15507.75,15254.5,15444.75
2023-07-13,15457.75,15741.25,15456.5,15711.5
2023-07-14,15699,15857.25,15663,15694.25
2023-07-17,15690,15882.75,15661.5,15840.75
2023-07-18,15832,16029.75,15733,15974.75
2023-07-19,15949.25,16062.75,15911.25,15959.25
2023-07-20,15922.75,15925.75,15547,15592.25
2023-07-21,15590.75,15719.25,15522.25,15540
2023-07-24,15556,15618.75,15483.75,15561.25
2023-07-25,15570,15736.25,15549.25,15673
2023-07-26,15730.25,15739.25,15515,15610.75
2023-07-27,15638.75,15904,15511.25,15571
2023-07-28,15580,15896,15546.25,15847.5
2023-07-31,15850,15917,15791.25,15857.5
2023-08-01,15869.25,15889.25,15728.25,15817.25
2023-08-02,15757,15789.75,15414,15473
2023-08-03,15455.75,15551.75,15339.5,15438.75
2023-08-04,15441,15610.25,15336.5,15354
2023-08-07,15370.5,15495.5,15334.25,15485.5
2023-08-08,15495,15497.75,15218,15354.25
2023-08-09,15351.75,15432.5,15146.5,15178.25
2023-08-10,15202.5,15442.25,15136,15201.25
2023-08-11,15219,15266.75,15037.25,15095.75
2023-08-14,15104,15282,15020.75,15270.25
2023-08-15,15279,15335,15074.75,15106.5
2023-08-16,15110.75,15166,14921.5,14942.25
2023-08-17,14940.25,15018.25,14738.25,14778
2023-08-18,14748,14802.75,14609.25,14744
2023-08-21,14762.5,15013.75,14720.5,14985.75
2023-08-22,14974.5,15118.25,14932,14958.5
2023-08-23,14959.75,15356.75,14957.25,15195.5
2023-08-24,15333,15418,14817,14862
2023-08-25,14833,15048.75,14751.75,14979.25
2023-08-28,14991,15126.5,14973.5,15092.5
2023-08-29,15098.75,15430.5,15049.75,15415.75
2023-08-30,15427.5,15522.75,15361.5,15501.25
2023-08-31,15513.75,15606.75,15460,15538.5
2023-09-01,15534,15661.25,15454,15516.25
2023-09-05,15517,15586.75,15418.25,15534.5
2023-09-06,15511.25,15533,15310.5,15399.5
2023-09-07,15385,15395.75,15157.5,15282.25
2023-09-08,15286.25,15390.75,15223,15297.5
2023-09-11,15308,15497.5,15298,15475.75
2023-09-12,15662.25,15680,15483.75,15500
2023-09-13,15500.75,15619.75,15406,15552.25
2023-09-14,15569,15714.5,15531,15673.5
2023-09-15,15677,15719.75,15356.75,15392.25
2023-09-18,15382.25,15461,15330.5,15414.5
2023-09-19,15424.25,15442.25,15248.5,15375.25
2023-09-20,15375.25,15436.25,15127,15152
2023-09-21,15133.25,15149,14841,14862.75
2023-09-22,14854.5,15027.5,14836.25,14869.5
2023-09-25,14880.25,14955.75,14782.25,14935.25
2023-09-26,14949,14949,14666.25,14715
2023-09-27,14725.25,14821.5,14586,14739
2023-09-28,14772.5,14947.5,14658,14859.75
2023-09-29,14876.5,15060.75,14811,14866.5
2023-10-02,14965,15046,14826,14984.75
2023-10-03,14989.5,15031,14651.5,14714.5
2023-10-04,14713.75,14956,14589,14923.75
2023-10-05,14903,14958.75,14716.25,14861.75
2023-10-06,14853.75,15160.25,14660,15112
2023-10-09,15040.25,15212.75,14949.5,15187
2023-10-10,15196.5,15383.5,15171.75,15270.75
2023-10-11,15282.25,15416.75,15253,15380
2023-10-12,15407.5,15468.75,15216.25,15315
2023-10-13,15324,15366.75,15062.25,15120.25
2023-10-16,15120,15336.75,15083,15289.5
2023-10-17,15305.75,15309.25,15050.25,15240.75
2023-10-18,15236.5,15238.25,14979.25,15025.25
2023-10-19,15045,15138.25,14839.5,14890
2023-10-20,14850,14887.5,14645,14664
2023-10-23,14680,14853.75,14514.25,14712
2023-10-24,14744,14948.75,14706,14846.5
2023-10-25,14828,14855,14444,14478.25
2023-10-26,14425,14459,14140.25,14194
2023-10-27,14248.25,14407.75,14209.75,14265.25
2023-10-30,14336,14476.5,14303,14416.5
2023-10-31,14410.5,14503.75,14311.25,14490.25
2023-11-01,14460,14762,14410.75,14744.5
2023-11-02,14761.25,15017.25,14760,14998
2023-11-03,14928,15228.5,14925.5,15178.75
2023-11-06,15187,15257.5,15138,15232.5
2023-11-07,15215,15412.25,15176,15374.25
2023-11-08,15373,15417.5,15286.75,15386.5
2023-11-09,15356.25,15453.75,15236.75,15256
2023-11-10,15254.75,15612.75,15207.25,15596.25
2023-11-13,15586.25,15601.25,15465.25,15547
2023-11-14,15558,15918.75,15552,15879.75
2023-11-15,15895,16049.5,15832.25,15889.25
2023-11-16,15846.75,15906.75,15796.75,15897.5
2023-11-17,15897.75,15940,15825,15895.75
2023-11-20,15895,16116.75,15837.25,16086.5
2023-11-21,16087.5,16122.5,15912,15990.25
2023-11-22,15967.25,16173.5,15942.75,16049.25
2023-11-24,16036.75,16086.5,15981.75,16021
2023-11-27,16008,16089.25,15938.75,16008.75
2023-11-28,16005.25,16071.5,15945.25,16048
2023-11-29,16055.5,16208.5,16013.5,16023.75
2023-11-30,16040.25,16098.5,15856,15985.5
2023-12-01,15955,16050,15864,16023.75
2023-12-04,16022,16026,15721.25,15869
2023-12-05,15863.25,15961,15761.25,15908.75
2023-12-06,15897,16037.75,15802,15815.25
2023-12-07,15814.5,16066,15791,16038.75
2023-12-08,16017.5,16118.75,15888.25,16098.25
2023-12-11,16093,16248,16045.5,16237
2023-12-12,16453,16600,16396.5,16575.5
2023-12-13,16596,16806.5,16576,16777.25
2023-12-14,16777.5,16885,16628,16753
2023-12-15,16739.25,16887.25,16732.25,16820.25
2023-12-18,16820.25,16974,16802.25,16939.75
2023-12-19,16917,17029.5,16910.75,17023
2023-12-20,17024,17073.5,16758.5,16766.25
2023-12-21,16790.25,16970.25,16790.25,16956.5
2023-12-22,16956,17041.5,16891.5,16980
2023-12-26,16964.5,17111.25,16964.5,17083.5
2023-12-27,17090.25,17133,17055.5,17113.25
2023-12-28,17127,17165.25,17077.75,17090.5
2023-12-29,17090.25,17131,16938.25,17023.5
2024-01-02,17019,17038.5,16622.5,16720
2024-01-03,16736.75,16737.25,16522,16538
2024-01-04,16545.25,16587.25,16436,16445
2024-01-05,16455,16577.25,16334.25,16460.25
2024-01-08,16470,16811.25,16378.25,16803.75
2024-01-09,16788,16868.5,16657.75,16830.25
2024-01-10,16829.5,16983,16801.5,16945.25
2024-01-11,16955,17057,16753,16966.25
2024-01-12,16957.75,17042.5,16866.5,16969.25
2024-01-16,16961.75,17033.75,16811.75,16966.5
2024-01-17,16978,16982,16689.25,16869.75
2024-01-18,16854.5,17125.75,16834.25,17110
2024-01-19,17116,17471.25,17107.25,17438.5
2024-01-22,17466,17585,17434,17458.5
2024-01-23,17461,17558.25,17409.5,17531.25
2024-01-24,17554,17793.5,17552.25,17621
2024-01-25,17614.75,17752,17542,17634.5
2024-01-26,17571.25,17632,17466,17527
2024-01-29,17502,17716.25,17457.5,17706
2024-01-30,17711.75,17735.75,17467,17588.5
2024-01-31,17415.5,17484,17221.5,17242.25
2024-02-01,17273.25,17646.75,17262.75,17436.75
2024-02-02,17588,17775.5,17465.5,17732.75
2024-02-05,17696,17745.5,17554.25,17700
2024-02-06,17698.5,17769,17560.75,17660
2024-02-07,17645.75,17875.5,17629.75,17841.75
2024-02-08,17856.25,17896.5,17792.25,17868.25
2024-02-09,17854.25,18071,17852.25,18039.25
2024-02-12,18040,18121.5,17911.25,17965
2024-02-13,17928.5,17963.25,17542,17676.75
2024-02-14,17703,17887,17669.25,17881
2024-02-15,17870,17968.25,17780.5,17912.75
2024-02-16,17952,18026,17715,17744
2024-02-20,17729.25,17807.5,17452.5,17607.25
2024-02-21,17573,17723,17372.75,17536.75
2024-02-22,17702.5,18087,17676,18047.5
2024-02-23,18023.25,18144.75,17946,17991
2024-02-26,17961.5,18059.5,17922,17977
2024-02-27,17951,18040.25,17908.75,18021
2024-02-28,18017.5,18019.75,17846.25,17915.25
2024-02-29,17870,18109.5,17826,18082.75
2024-03-01,18075,18372.75,18029.5,18338.25
2024-03-04,18336,18377.75,18234.25,18262
2024-03-05,18246,18252,17832.5,17930.25
2024-03-06,17981,18174.25,17942.5,18044.25
2024-03-07,18041,18360,17915.75,18316.25
2024-03-08,18279,18436.5,18012.5,18046.75
2024-03-11,18056,18068.25,17890.5,17971
2024-03-12,18253,18491,18174,18477.25
2024-03-13,18469.5,18506.75,18281.75,18328.5
2024-03-14,18342,18428.25,18161.25,18271.75
2024-03-15,18251,18322.75,18006.25,18058.75
2024-03-18,18073.5,18381,18062.25,18231.5
2024-03-19,18222,18289.25,18053.25,18270
2024-03-20,18274,18545,18227.5,18479.75
2024-03-21,18539.75,18709,18526.75,18561.75
2024-03-22,18580.5,18626,18492,18574.75
2024-03-25,18567,18601.25,18414.75,18513.5
2024-03-26,18531.25,18619,18439.25,18449
2024-03-27,18477.5,18571.75,18378.5,18503.75
2024-03-28,18505,18538.75,18447.5,18475
2024-04-01,18503,18612,18414.5,18497.25
2024-04-02,18497.25,18511,18201.5,18330
2024-04-03,18345,18451.75,18232.5,18373.25
2024-04-04,18388.5,18568,18055.25,18076.75
2024-04-05,18086.25,18408.25,18051.5,18300.75
2024-04-08,18348.25,18376,18237.5,18295
2024-04-09,18314.75,18407.25,18160.75,18359.75
2024-04-10,18381,18474.25,18053.5,18196.75
2024-04-11,18184,18518.75,18088,18485
2024-04-12,18486.25,18507.75,18120.25,18179.25
2024-04-15,18151,18350.75,17841.5,17876.25
2024-04-16,17879,17988,17792,17881.25
2024-04-17,17897,17968.5,17615.25,17658.5
2024-04-18,17669.75,17770.75,17506.25,17547.25
2024-04-19,17530.75,17553.25,17113.25,17180.75
2024-04-22,17228.25,17448,17148.5,17350
2024-04-23,17352.25,17666,17286.25,17606.75
2024-04-24,17682,17795.5,17481.75,17664.5
2024-04-25,17450,17827.5,17308.25,17567.5
2024-04-26,17808.25,17901.5,17668.25,17845.75
2024-04-29,17864.75,17949,17791.25,17904.25
2024-04-30,17918.5,17920.25,17473.5,17571.25
2024-05-01,17462.5,17793.25,17399.25,17438.25
2024-05-02,17487,17755.25,17386.25,17649.75
2024-05-03,17744.25,18050.25,17719.5,18000.75
2024-05-06,18047.5,18201.25,17983.75,18195.5
2024-05-07,18189.5,18266.25,18151,18199.5
2024-05-08,18194,18242.25,18072.5,18186.5
2024-05-09,18160.75,18240.25,18103.75,18214.5
2024-05-10,18226,18348,18188.5,18255
2024-05-13,18238,18336.25,18228.75,18295.5
2024-05-14,18282,18433,18165.5,18415
2024-05-15,18409.75,18707,18393,18691.75
2024-05-16,18693.25,18760.75,18633.25,18650
2024-05-17,18642,18686.75,18545,18635.25
2024-05-20,18633.5,18794.5,18633,18763
2024-05-21,18746,18808.75,18678,18799.25
2024-05-22,18798.25,18891,18684.25,18786.75
2024-05-23,18860.5,19023.25,18621.5,18696.25
2024-05-24,18684,18926,18680,18876
2024-05-28,18874.75,18980.5,18819.5,18940.5
2024-05-29,18949.5,18949.75,18740,18802.75
2024-05-30,18753,18787,18546.25,18606.5
2024-05-31,18590.75,18668.25,18241.25,18591
2024-06-03,18590.25,18755.5,18435.75,18646.25
2024-06-04,18662.5,18753.25,18511.25,18701
2024-06-05,18711,19090.5,18696.25,19074.25
2024-06-06,19089.5,19124.5,19017.25,19060.25
2024-06-07,19064,19155,18940,19037.75
2024-06-10,19025,19129.75,18974.25,19109.75
2024-06-11,19107.25,19257.5,18994.5,19242.25
2024-06-12,19248,19612.25,19233.5,19496.5
2024-06-13,19602,19691,19500,19602.5
2024-06-14,19602.75,19699.5,19501.5,19685.5
2024-06-17,19954.75,20271.25,19904,20192.75
2024-06-18,20193,20270.5,20127,20196.25
2024-06-20,20204.5,20371,19958.25,20031.5
2024-06-21,20043.25,20086,19914.25,19982.75
2024-06-24,20014.75,20030.25,19728,19750.75
2024-06-25,19756,19981.25,19726,19972.25
2024-06-26,19973,20070.5,19901,20012.5
2024-06-27,19946,20116.75,19874.25,20039.5
2024-06-28,20063.25,20273.25,19906.25,19927.25
2024-07-01,19970,20074,19811.75,20052
2024-07-02,20045.75,20259.25,19910,20255.25
2024-07-03,20241,20435.25,20205,20411.5
2024-07-05,20419.25,20639.5,20361,20620.75
2024-07-08,20591.5,20688,20579.25,20659.75
2024-07-09,20681,20771.75,20615.75,20678.5
2024-07-10,20686,20916.75,20684.5,20899.75
2024-07-11,20895.5,20983.75,20377.25,20441.75
2024-07-12,20432.75,20741,20335,20524
2024-07-15,20580,20797,20506.25,20583.75
2024-07-16,20628,20684.5,20464.5,20598
2024-07-17,20591,20597.75,19965.75,19997.5
2024-07-18,20024.25,20162.5,19758.75,19899.25
2024-07-19,19955,19979.75,19654,19713
2024-07-22,19749,20044.75,19718.75,20001
2024-07-23,19982,20084.75,19868.25,19925
2024-07-24,19883,19883,19168.75,19203.25
2024-07-25,19260,19390.5,18883.25,18992.25
2024-07-26,19003,19297.75,18995,19174.5
2024-07-29,19171.75,19377.25,19113.25,19209.25
2024-07-30,19217,19319.75,18725,18936.25
2024-07-31,18865.75,19648,18861.75,19505.25
2024-08-01,19593.25,19717,18854,19023.25
2024-08-02,18956.5,18979.75,18385.75,18556.25
2024-08-05,18390,18390,17351,18013.25
2024-08-06,18165.75,18483.25,17966,18179
2024-08-07,18033,18558.5,17836.25,17966.5
2024-08-08,17873,18593.5,17741.75,18525.25
2024-08-09,18550.25,18674.5,18383,18616
2024-08-12,18590,18765.25,18515,18639.5
2024-08-13,18648.25,19122.5,18628.5,19104.25
2024-08-14,19099.25,19203.5,18925.5,19115
2024-08-15,19142.5,19603.25,19100.5,19581.25
2024-08-16,19570.25,19683,19447.5,19605.75
2024-08-19,19629,19871.75,19525.25,19857.75
2024-08-20,19857.75,19931,19743,19809.5
2024-08-21,19803,19981.75,19771.5,19909.5
2024-08-22,19921.25,20025.25,19542,19578.25
2024-08-23,19621.5,19904.25,19591.75,19790.75
2024-08-26,19787.75,19846.25,19505.5,19591.25
2024-08-27,19558.75,19694.25,19441.5,19653.75
2024-08-28,19635.5,19691,19227.25,19415.75
2024-08-29,19217,19693.5,19140.25,19393.25
2024-08-30,19445.75,19632.75,19370.5,19623
2024-09-03,19599,19683,18911,19006.5
2024-09-04,18993.75,19114.75,18825.75,18962.5
2024-09-05,18965.75,19150.5,18827.25,18963.5
2024-09-06,18921,18972.25,18339.75,18458.25
2024-09-09,18400,18734.5,18386,18692.25
2024-09-10,18727,18878.5,18582.25,18864
2024-09-11,18837.75,19293.5,18547,19271
2024-09-12,19241.5,19483.5,19185,19447.25
2024-09-13,19419.5,19577.25,19398.25,19530.25
2024-09-16,19498,19546.5,19299.25,19433
2024-09-17,19655,19850.25,19574.5,19675.75
2024-09-18,19686.75,19900,19558,19580.5
2024-09-19,19648.75,20203,19636.75,20088
2024-09-20,20066,20084,19860,20028.25
2024-09-23,20040,20164,19955.25,20080
2024-09-24,20063.25,20214.75,19953,20167.75
2024-09-25,20183.75,20271,20064.25,20192
2024-09-26,20242,20538,20188,20346.25
2024-09-27,20345,20395.75,20173,20221.5
2024-09-30,20198.5,20287,20056,20261.25
2024-10-01,20234.25,20331.75,19818,19975
2024-10-02,19975.25,20090.25,19833.5,20009.75
2024-10-03,20055.5,20113.75,19852,19990.25
2024-10-04,19965.5,20263.75,19941.5,20227.25
2024-10-07,20220,20267.25,19948,19992.75
2024-10-08,20025.75,20329.5,19902.5,20298.5
2024-10-09,20294.25,20482.75,20196,20463.5
2024-10-10,20445.25,20508.25,20301.5,20429.75
2024-10-11,20435,20494.25,20314.75,20450
2024-10-14,20432.5,20680,20383.25,20619.25
2024-10-15,20638.75,20659.25,20254,20342
2024-10-16,20334.5,20398.5,20206.25,20349.5
2024-10-17,20328,20594.75,20276.75,20368
2024-10-18,20384,20529.75,20320.75,20483.5
2024-10-21,20496.25,20554.5,20343.75,20519.5
2024-10-22,20536.5,20602.25,20360.25,20542
2024-10-23,20521,20542.5,20079,20220.5
2024-10-24,20294.25,20428.5,20261.75,20380.25
2024-10-25,20388.5,20707.25,20364,20498.75
2024-10-28,20525.5,20676.5,20486,20497
2024-10-29,20513,20760.25,20432.25,20696.5
2024-10-30,20734,20788.5,20472.5,20534.75
2024-10-31,20482,20495.75,20008.5,20021.75
2024-11-01,20071,20288,20017,20153.25
2024-11-04,20138,20248.5,20013,20086
2024-11-05,20130.75,20385.5,20041.75,20341.75
2024-11-06,20360.5,20935.25,20323.5,20894
2024-11-07,20923.5,21253,20861.5,21224.75
2024-11-08,21224.25,21265,21121.75,21231.25
2024-11-11,21249.75,21340.75,21098.25,21217.75
2024-11-12,21221,21251.75,21054.75,21189.5
2024-11-13,21178,21268.5,21056.5,21159.5
2024-11-14,21167,21190.25,20950.5,21011.75
2024-11-15,20977.5,20981.5,20405.25,20493.75
2024-11-18,20504,20724.25,20476,20633.5
2024-11-19,20633.25,20792.5,20382.5,20767.75
2024-11-20,20762.25,20843.25,20477,20749
2024-11-21,20738,20905.75,20514.25,20829.5
2024-11-22,20794,20880,20693.25,20849.75
2024-11-25,20935,21081,20780.25,20880.25
2024-11-26,20906.25,21024.75,20755,20993.5
2024-11-27,20990.75,21019,20675,20813
2024-11-29,20813,21017.5,20805.5,20993.5
2024-12-02,20995.25,21259.75,20940,21218
2024-12-03,21220,21329,21134.25,21281.5
2024-12-04,21323,21548.5,21305.75,21536.5
2024-12-05,21513.25,21567.25,21437.5,21473.25
2024-12-06,21450,21669.25,21424.75,21656.75
2024-12-09,21649,21706.25,21436,21483.75
2024-12-10,21479.25,21606.75,21352.75,21405.25
2024-12-11,21436,21820,21405.75,21793.5
2024-12-12,21756.75,21772.5,21604.25,21651.25
2024-12-13,21720.75,21908,21666.5,21795.75
2024-12-16,21780.25,22152.5,21762,22110.25
2024-12-17,22412.25,22425.75,22244.25,22314.5
2024-12-18,22309.25,22387.75,21311,21501.75
2024-12-19,21499.75,21697.75,21345.75,21379
2024-12-20,21429.25,21812.25,21006.5,21566.5
2024-12-23,21566,21776.75,21476.75,21753.25
2024-12-24,21743.25,22049.75,21709,22028.5
2024-12-26,22049.5,22111.25,21870.25,22008
2024-12-27,21990.75,22008,21498.75,21698.5
2024-12-30,21711,21742.75,21253,21416.25
2024-12-31,21390.25,21524.75,21182,21226.5
2025-01-02,21269,21490.5,20983.75,21167.5
2025-01-03,21186.75,21559.25,21144,21516.5
2025-01-06,21532.25,21896.75,21478.25,21744.5
2025-01-07,21781.25,21806,21279.5,21359.75
2025-01-08,21380.75,21448.25,21166.25,21360.75
2025-01-09,21334.75,21347.25,21218,21301.5
2025-01-10,21302.75,21372.5,20874.75,21016
2025-01-13,21027.5,21037,20694,20947.25
2025-01-14,21020,21143.75,20773.5,20919.5
2025-01-15,20977,21452.75,20909,21400.25
2025-01-16,21389,21567.25,21172.25,21249.75
2025-01-17,21227.5,21682.5,21209.25,21594.75
2025-01-21,21600,21783.5,21377.75,21709.5
2025-01-22,21809.25,22093.5,21768.25,22000.5
2025-01-23,21981.75,22050.5,21855.5,22038.25
2025-01-24,22018.5,22078.25,21844,21911.25
2025-01-27,21771,21771,20763.75,21258.5
2025-01-28,21343.25,21626,21159.5,21581.75
2025-01-29,21559,21697,21367,21523.25
2025-01-30,21547.75,21748.75,21419.5,21624.75
2025-01-31,21680,21966,21533.75,21589.25
2025-02-03,21200,21579.75,20943,21405
2025-02-04,21592,21694,21242.5,21670.25
2025-02-05,21562,21795,21429.75,21763
2025-02-06,21764.5,21882.25,21705.75,21871.75
2025-02-07,21817.75,21968,21552.75,21590.75
2025-02-10,21463.25,21894,21418,21846.5
2025-02-11,21832,21871.5,21669.5,21786.75
2025-02-12,21794.25,21862.5,21510.75,21804.75
2025-02-13,21861.25,22124,21753,22113.25
2025-02-14,22071,22225,22042.5,22196.25
2025-02-18,22235.75,22319.75,22102.75,22232.25
2025-02-19,22224.5,22299.75,22118,22250.5
2025-02-20,22213,22235.5,21951,22141.75
2025-02-21,22136,22245.5,21652.75,21679.25
2025-02-24,21700.75,21813,21407.5,21420.25
2025-02-25,21442.5,21453.75,20990,21149
2025-02-26,21230.5,21409.25,21055,21187
2025-02-27,21249,21386.5,20583.25,20605.75
2025-02-28,20649.5,20944.25,20460.5,20919.5
2025-03-03,21005.25,21121,20316.75,20468.25
2025-03-04,20527,20732.5,20075.25,20399
2025-03-05,20555,20725,20215,20665
2025-03-06,20605.25,20647.5,20003,20089.25
2025-03-07,20214.5,20286.25,19765.5,20229.75
2025-03-10,20147,20156.5,19272.25,19452.75
2025-03-11,19440,19686.75,19139.25,19399
2025-03-12,19412.75,19788.75,19387,19618.5
2025-03-13,19572,19694,19170,19249
2025-03-14,19312.75,19742.5,19296.75,19712
2025-03-17,19668.25,19959.25,19550.5,19831.75
2025-03-18,20041,20066.5,19604.25,19701.75
2025-03-19,19704.75,20143,19660,19951
2025-03-20,19949.75,20105,19735.25,19879.25
2025-03-21,19898.5,19977.5,19602.25,19961
2025-03-24,20050.5,20409.5,20050.5,20374.25
2025-03-25,20353,20524.75,20293,20488.5
2025-03-26,20511.5,20536.75,20045,20116.5
2025-03-27,20046,20199.5,19937.25,19990.25
2025-03-28,19995.25,20011.75,19357.5,19457
2025-03-31,19319.75,19489.75,18976.75,19439.5
2025-04-01,19411.25,19644,19261.25,19604.5
2025-04-02,19600.5,20044.25,19076.75,19758
2025-04-03,19020,19177,18614,18675.5
2025-04-04,18660,18713,17387.5,17539
2025-04-07,17100,18361.5,16460,17563.25
2025-04-08,17665,18357.25,16973.5,17243.75
2025-04-09,17220.25,19386.75,16735,19288.75
2025-04-10,19266.75,19383.5,17919,18484.5
2025-04-11,18464.75,18873.5,18067,18807.5
2025-04-14,19225,19256,18737.5,18934.75
2025-04-15,18902.5,19144.75,18809,18960.25
2025-04-16,18790,18861.25,18116.25,18385.25
2025-04-17,18391.25,18652.75,18261.5,18380.75
2025-04-21,18306.25,18383.5,17700,17922.25
2025-04-22,17914,18514,17863.75,18385
2025-04-23,18646,19165.5,18623.75,18804
2025-04-24,18826.5,19418,18594.75,19322
2025-04-25,19405,19589,19216.25,19535.25
2025-04-28,19524.5,19623,19257.25,19528
2025-04-29,19478.25,19688.5,19378,19642
2025-04-30,19599.75,19880,19103.75,19658.5
2025-05-01,19834,20125.75,19757.25,19870.75
2025-05-02,19782.5,20276.75,19749.5,20195.25
2025-05-05,20181.5,20201.75,19966,20055.5
2025-05-06,20014.25,20036.75,19739,19876.5
2025-05-07,19809,20133.75,19678.75,19961
2025-05-08,19934.5,20337.25,19910.75,20148
2025-05-09,20157,20288.75,20058,20136.75
2025-05-12,20398.5,20996,20376.75,20948.75
2025-05-13,20954.75,21346.5,20818,21278
2025-05-14,21250,21419.5,21238.25,21392.5
2025-05-15,21379.75,21529.75,21192,21400.25
2025-05-16,21396,21512,21320.25,21506
2025-05-19,21310.75,21544.5,21112.5,21527
2025-05-20,21513,21562.25,21298,21447.25
2025-05-21,21414.75,21558.5,21072.75,21156.75
2025-05-22,21145,21337.5,21040,21178.25
2025-05-23,21223.75,21236,20727,20975
2025-05-27,20978,21488.5,20954.25,21460.5
2025-05-28,21480,21567.5,21321.25,21379.75
2025-05-29,21513,21858.75,21301,21408.5
2025-05-30,21371.25,21433.5,21071.5,21376.75
2025-06-02,21303.75,21576.25,21163,21534.5
2025-06-03,21555,21759.75,21399.25,21706
2025-06-04,21688.25,21803,21641,21766.5
2025-06-05,21744.75,21935,21503.5,21582.25
2025-06-06,21471,21873.5,21471,21789.5
2025-06-09,21799.25,21890.75,21716,21821.5
2025-06-10,21824,21992.25,21732,21962.5
2025-06-11,21945.75,22106,21790.75,21887.5
2025-06-12,21871,21977.25,21713.25,21932.5
2025-06-13,21909,21915.75,21471,21644.25
2025-06-16,21772.5,22222,21726,22168.25
2025-06-17,22176,22177.25,21909.5,21956
2025-06-18,21927.5,22097.75,21862.25,21945.25
2025-06-20,21956.75,22130.5,21650.25,21844.75
2025-06-23,21648.25,22093,21566.75,22073.5
2025-06-24,22079,22448.25,22065.75,22412.75
2025-06-25,22412,22548.25,22384.5,22461
2025-06-26,22461.25,22694,22437.75,22669.25
2025-06-27,22676.25,22825.5,22600,22751.5
2025-06-30,22751.5,22934.75,22751.5,22893.25
2025-07-01,22867.5,22914.75,22594.5,22692.75
2025-07-02,22694.5,22858.75,22582,22843
2025-07-03,22845,23102.5,22827,23062.5
2025-07-07,22970,23028.5,22779.75,22884.75
2025-07-08,22837.75,22972.75,22808.5,22896.75
2025-07-09,22906.5,23112,22843.5,23052.75
2025-07-10,23041,23090,22901.25,23013.25
2025-07-11,23011.75,23048.75,22831.5,22959
2025-07-14,22860.75,23066.5,22803,23035.5
2025-07-15,23034.25,23222.75,22996,23056.75
2025-07-16,23018.75,23100,22835.5,23076.5
2025-07-17,23065.5,23279.75,23017,23251
2025-07-18,23261.25,23320.75,23169.5,23224.25
2025-07-21,23232.5,23424.75,23203.75,23342
2025-07-22,23339.5,23367,23108,23226.25
2025-07-23,23191.25,23418,23146.75,23310.75
2025-07-24,23402.25,23424.5,23298.25,23377.5
2025-07-25,23391.5,23476,23330.75,23421.25
2025-07-28,23520,23585.25,23436.75,23491.25
2025-07-29,23504.25,23652.5,23421.25,23452
2025-07-30,23452,23689,23356.5,23480.5
2025-07-31,23705,23845,23290.5,23365
2025-08-01,23308.5,23347.5,22775,22883.75
2025-08-04,22850,23352.5,22821.75,23296.5
2025-08-05,23354,23404.25,23084.5,23132
2025-08-06,23091.75,23445.25,23045.5,23422.75
2025-08-07,23418.5,23671,23329,23496.25
2025-08-08,23518.25,23767.75,23503,23713.75
2025-08-11,23764,23804.5,23587.5,23637.5
2025-08-12,23635,23953.5,23596,23938
2025-08-13,23945,24068.5,23886,23946.5
2025-08-14,23927.75,24007.75,23793.25,23930.5
2025-08-15,23888.75,23963,23734.5,23804
2025-08-18,23795,23881.75,23719,23797.75
2025-08-19,23800.75,23838,23426,23469.5
2025-08-20,23461,23485.5,23035,23324
2025-08-21,23323,23369.25,23119,23219.75
2025-08-22,23225.25,23650,23076.75,23569.75
2025-08-25,23602,23616.25,23443.25,23498.25
2025-08-26,23505.75,23611,23371.5,23591.5
2025-08-27,23604,23689,23434.75,23628.75
2025-08-28,23542.25,23803.75,23487.5,23769
2025-08-29,23760.5,23762,23397.5,23461.75
2025-09-02,23479,23552.5,23025.25,23275
2025-09-03,23382,23525.25,23298.25,23448.75
2025-09-04,23456.75,23708.75,23410,23668
2025-09-05,23700,23902,23505,23684
2025-09-08,23673.5,23888,23650.25,23799.75
2025-09-09,23799,23921.25,23726,23874
2025-09-10,23898.5,24044.25,23785,23877.75
2025-09-11,23853.75,24046,23838,24017.75
2025-09-12,24028.25,24159,23969,24113.25
2025-09-15,24115.25,24315.5,24076,24309.25
2025-09-16,24533.75,24647.25,24499.25,24522.25
2025-09-17,24526.75,24553,24242,24465.25
2025-09-18,24498.5,24816,24495.25,24705.5
2025-09-19,24717.75,24888,24655,24866.25
2025-09-22,24850,25027.25,24748.75,25003
2025-09-23,24995,25026,24780.5,24827.25
2025-09-24,24839.5,24913.5,24627,24739.25
2025-09-25,24746,24793.5,24422.5,24629.25
2025-09-26,24642.5,24747.5,24520,24726.75
2025-09-29,24726.5,24975.5,24721.75,24837.75
2025-09-30,24817.75,24913.75,24722.25,24901.75
2025-10-01,24843,25036.75,24633.25,25017.5
2025-10-02,25009.25,25180,24993.75,25110
2025-10-03,25101.5,25196.5,24923.25,24992
2025-10-06,25000,25252.75,24995,25184.75
2025-10-07,25184.5,25275,24984.75,25039.25
2025-10-08,25059.75,25364.75,25026.25,25331
2025-10-09,25351.5,25394,25160.75,25289.25
2025-10-10,25287.75,25388,24158.5,24397
2025-10-13,24542,24965,24542,24922.25
2025-10-14,24913.75,25044.25,24421,24762.5
2025-10-15,24754,25115,24663.25,24924.5
2025-10-16,24937,25179.5,24643.5,24831.25
2025-10-17,24793.75,25055.75,24410,24986.5
2025-10-20,25065.75,25354.5,24955.75,25305.25
2025-10-21,25326.75,25368,25203.25,25294.75
2025-10-22,25283.75,25338.25,24804.75,25039.25
2025-10-23,25012.25,25296,24937,25254
2025-10-24,25283.25,25570.75,25276,25509.25
2025-10-27,25723.5,26013.5,25700,25963.75
2025-10-28,26002.5,26231.5,25943,26163.5
2025-10-29,26179.75,26379.75,26049.25,26262.5
2025-10-30,26154.5,26399,25853,25882.75
2025-10-31,26150.5,26274,25888.75,26004
2025-11-03,26028.25,26266,26012.75,26103.25
2025-11-04,26104.5,26104.5,25522.75,25575.25
2025-11-05,25545,25880,25282,25746.25
2025-11-06,25738.5,25822.25,25197.75,25244.25
2025-11-07,25314.75,25354.75,24709.25,25166.25
2025-11-10,25320.75,25760.5,25269,25714.5
2025-11-11,25722.25,25768.75,25478.5,25640.75
2025-11-12,25668,25830,25488.75,25623.75
2025-11-13,25624,25721.5,25002.5,25094.75
2025-11-14,25095.25,25293.25,24626,25094
2025-11-17,25142.25,25361.25,24731.75,24879
2025-11-18,24905.5,24959.5,24376.25,24595.75
2025-11-19,24551,24988,24445,24721.75
2025-11-20,24966.75,25310,24073.25,24131.5
2025-11-21,24110,24596.25,23904.5,24305.5
2025-11-24,24455.75,24993.5,24361.75,24948.25
2025-11-25,24966.25,25135.25,24602,25085.5
2025-11-26,25071.25,25376,25061.25,25302.25
2025-11-28,25313,25499.75,25285.75,25482
2025-12-01,25482.5,25546,25193.25,25391.25
2025-12-02,25411.5,25670,25324.75,25606
2025-12-03,25611,25685.25,25421.5,25657.5
2025-12-04,25650.25,25732.5,25488.75,25622.75
2025-12-05,25629.75,25868,25579.75,25732
2025-12-08,25750,25860.75,25564.75,25664
2025-12-09,25713,25735.75,25560,25699.75
2025-12-10,25680,25870.75,25528.75,25798
2025-12-11,25769.5,25861.5,25383,25713.5
2025-12-12,25701,25733.25,25118,25213.5
2025-12-15,25223.5,25410,25033.25,25093.25
2025-12-16,25345.75,25444,25073.25,25380.25
2025-12-17,25332,25508.5,24887.75,24898.75
2025-12-18,24983.5,25412.5,24901.25,25261.75
2025-12-19,25240,25600.25,25209.75,25574.75
2025-12-22,25635.25,25794.75,25628,25692.25
2025-12-23,25701,25822.5,25608.25,25812.25
2025-12-24,25815.75,25892,25777.5,25880.5
2025-12-26,25868,25935.25,25834.25,25863.25
2025-12-29,25863.25,25893.75,25648,25739.75
2025-12-30,25740,25793.75,25668.25,25675.25
2025-12-31,25683.25,25716.75,25429,25456.75
2026-01-02,25478.5,25803.75,25265.25,25385.25
2026-01-05,25431.75,25708,25406.5,25577.75
2026-01-06,25583,25837.75,25527.5,25822
2026-01-07,25831.25,25996.25,25727,25838.75
2026-01-08,25838.75,25849.75,25569,25687.5
2026-01-09,25725,25985.5,25615.5,25938.25
2026-01-12,25949,26020.5,25632.75,25956.75
2026-01-13,25953.5,26045.5,25803.25,25906
2026-01-14,25900.75,25925.75,25420.75,25631
2026-01-15,25593,25952.75,25562.5,25705.75
2026-01-16,25720.5,25891,25591.5,25689
2026-01-20,25471,25472,25095.25,25129.25
2026-01-21,25149.5,25653.5,25025,25471
2026-01-22,25529.5,25739.75,25483.75,25658.25
2026-01-23,25605,25845.75,25540.25,25738.25
2026-01-26,25585.5,25936.5,25365.25,25848.5
2026-01-27,25861.25,26118,25838.5,26073
2026-01-28,26111.25,26349,25993.25,26156.25
2026-01-29,26282.5,26296,25536,25999.25
2026-01-30,25998.5,26020,25568.75,25670
2026-02-02,25530,25949.5,25180.25,25850
2026-02-03,25876.5,26027.75,25219,25452
2026-02-04,25387.5,25514.25,24783.5,24999.25
2026-02-05,25061.75,25169,24407.25,24651
2026-02-06,24416,25222,24239.75,25163.25
2026-02-09,25153.75,25428.75,24955.5,25354
2026-02-10,25363,25447.25,25198.25,25218.25
2026-02-11,25259,25465.25,25058.25,25288.5
2026-02-12,25289,25419.75,24721.5,24768
2026-02-13,24842.25,24995.5,24578.75,24803.25
2026-02-17,24789.75,24922.25,24449.25,24767.75
2026-02-18,24773.75,25128.25,24700.75,24956
2026-02-19,24943.5,25054,24749,24858.75
2026-02-20,24837.75,25139.5,24678.5,25067.5
2026-02-23,25033.75,25059.75,24668,24762.75
2026-02-24,24788,25078.75,24694.5,25028.75
2026-02-25,25016.25,25494.75,24992,25382
2026-02-26,25388.25,25418.25,24861.75,25081
2026-02-27,25024.25,25098.75,24782,25004.75
2026-03-02,24682.5,25101,24477,25025.25
2026-03-03,25002.75,25011,24352,24755.75
2026-03-04,24710.75,25217.75,24499,25128.25
2026-03-05,25156.5,25250,24772.5,25049.5
2026-03-06,25019.75,25141.5,24601,24670.25
2026-03-09,24435.25,25058,24000,24991
2026-03-10,24981.5,25217.5,24830,24982.5
2026-03-11,25010.25,25180,24873.5,24983.5
2026-03-12,24934.5,24949.25,24517.75,24560
2026-03-13,24567,24805.25,24333.75,24394.25
2026-03-16,24285,24816.25,24278,24675.75
2026-03-17,24870,25117,24728.25,25015.5
2026-03-18,25019.75,25210.5,24565.5,24651.25
2026-03-19,24622,24725.25,24326.75,24580
2026-03-20,24632.75,24660.5,23971.25,24101.5
2026-03-23,23902,24763,23772.5,24408.25
2026-03-24,24417.25,24550,24134,24213.75
2026-03-25,24420,24539.75,24286.5,24367.75
2026-03-26,24373.5,24421.25,23763.25,23794.25
2026-03-27,23824,23976,23232.5,23328.5
2026-03-30,23189.5,23574,23024.5,23139.75
2026-03-31,23119.5,23975.25,22961.5,23915
2026-04-01,23889,24348.25,23880,24194.75
2026-04-02,24180,24266.75,23666,24218
2026-04-03,24219.5,24255,24106,24129.75
2026-04-06,24093.5,24452.25,23981.5,24358.5
2026-04-07,24348.75,24451.5,23941.5,24371
2026-04-08,24514,25257,24355,25074.25
2026-04-09,25037.75,25269.75,24953,25251.5
2026-04-10,25237,25393,25193,25281.25
2026-04-13,24980,25599.25,24904.5,25543.5
2026-04-14,25575.25,26003.25,25560,25996.75
2026-04-15,25985.75,26377.5,25933.75,26365.5
2026-04-16,26350,26564,26275.5,26487.25
2026-04-17,26460,26884.75,26440,26825.5
2026-04-20,26599.75,26827.75,26535,26748.75
2026-04-21,26776.75,26901.75,26551.75,26634.75
2026-04-22,26729.5,27136,26727.75,27083
2026-04-23,27075,27155.75,26681.75,26934
2026-04-24,26992,27462.5,26992,27435
2026-04-27,27403.25,27542.5,27298.5,27440.5
2026-04-28,27423,27512,27009.5,27168.75
2026-04-29,27197.25,27414,27094,27325.25
2026-04-30,27207,27622.75,27163.25,27596
2026-05-01,27631.75,27917,27536.25,27835.75
2026-05-04,27890,27965.75,27613,27776
2026-05-05,27760,28247,27731.75,28136
2026-05-06,28250,28800,28243,28716.75
2026-05-07,28662.75,28944.75,28552,28682.25
2026-05-08,28582,29386.75,28541,29332.5
2026-05-11,29294,29480,29225.75,29424
2026-05-12,29399,29455.75,28742,29170
2026-05-13,29143.75,29565.5,29055.5,29479.25
2026-05-14,29537,29782,29448.25,29687.75
2026-05-15,29690,29734,29089.75,29231.75
2026-05-18,29135,29419.75,28814.75,29096
2026-05-19,29100,29188.5,28663,28924.25
2026-05-20,28929.75,29397.5,28797.25,29390.5
2026-05-21,29253,29554,29113,29447.25
2026-05-22,29444,29749,29436,29558.75
2026-05-26,29676.25,30118.75,29676.25,30073.5
2026-05-27,30050,30379,29877.5,30047.25
2026-05-28,30120,30344.5,29763,30307
2026-05-29,30328,30536,30216.5,30405.25
2026-06-01,30415.5,30693,30291.5,30566.25
2026-06-02,30544.75,30763.25,30317.75,30712.75
2026-06-03,30741.75,30807.75,30478.25,30633.25
2026-06-04,30453,30603.25,30151,30488.25
2026-06-05,30414,30422,28781.25,29026.5
2026-06-08,28844.5,29743,28822.25,29454.75
2026-06-09,29435,29848.25,28227.75,29117
2026-06-10,29094.75,29250,28409,28554
2026-06-11,28455,29544.25,28265.75,29464.75
2026-06-12,29456.75,29760,29230,29662
2026-06-15,30191,30915,30191,30864.25
2026-06-16,30838,30975.5,30272.25,30313.75
2026-06-17,30306.5,30584.5,29923,29998.75
2026-06-18,30142.5,30783.25,30096,30719.75
2026-06-22,30577,30968,30337.5,30653.5
2026-06-23,30662.75,30701.25,29577.25,29666
2026-06-24,29770,30157.75,29264.75,29514.25
2026-06-25,30089.75,30263.75,29295.75,29724.75
2026-06-26,29742,29892.75,29160.5,29368.25
2026-06-29,29282.5,30069.5,29273.75,30052.75
2026-06-30,30007.25,30599.75,29934.75,30523.5
2026-07-01,30505.75,30553.75,30008.5,30094.25
2026-07-02,30089.75,30320,29328.5,29556
2026-07-06,29566,29955.25,29522,29901.75