time,open,high,low,close
1988-04-05,1734.4,1737.8,1725.4,1737.6
1988-04-06,1748.7,1759.1,1744.9,1745
1988-04-07,1764.2,1767.4,1758.4,1761
1988-04-08,1758.1,1781.2,1758.1,1779.7
1988-04-11,1797.2,1810.5,1797,1810.5
1988-04-12,1813.2,1820.1,1801.4,1805.3
1988-04-13,1816.1,1816.6,1806.4,1810.4
1988-04-14,1821.1,1826.8,1779.9,1787.2
1988-04-15,1763.1,1782.6,1763.1,1778.6
1988-04-18,1794.6,1802.4,1786.9,1787.8
1988-04-19,1792,1798.9,1784.8,1798.9
1988-04-20,1798,1800.1,1783.2,1786.8
1988-04-21,1780,1792.1,1778.3,1791.9
1988-04-22,1789.5,1789.5,1769.1,1771.6
1988-04-25,1777.9,1777.9,1769.1,1777.6
1988-04-26,1787.8,1801.3,1787.8,1800.8
1988-04-27,1808.1,1813.9,1806,1808.7
1988-04-28,1795.9,1809.4,1795.8,1804.4
1988-04-29,1808.6,1810.7,1796,1802.2
1988-05-03,1801.3,1809.7,1801,1807.1
1988-05-04,1809.2,1809.2,1794.7,1794.7
1988-05-05,1788.7,1797.2,1788.7,1789.5
1988-05-06,1793.7,1801.7,1793.7,1801.1
1988-05-09,1801,1805.2,1793.3,1794.9
1988-05-10,1782.8,1792.6,1782.4,1792.6
1988-05-11,1786.8,1786.8,1749.3,1756.8
1988-05-12,1759.9,1773.4,1759.8,1772.3
1988-05-13,1779.6,1782.8,1774.7,1781.8
1988-05-16,1788.9,1789,1776.6,1776.6
1988-05-17,1782.3,1800.5,1782.3,1789.2
1988-05-18,1780.6,1781,1772.2,1777.6
1988-05-19,1762.4,1764.4,1753.3,1760.7
1988-05-20,1771.1,1774.9,1769.9,1770.2
1988-05-23,1766,1771.2,1761.1,1761.1
1988-05-24,1764.9,1783.6,1764.9,1782.9
1988-05-25,1785.4,1799.6,1785.4,1787.9
1988-05-26,1783.8,1788.1,1782.5,1785.3
1988-05-27,1785.8,1786,1779.2,1785.3
1988-05-31,1785.5,1785.6,1777.8,1783.7
1988-06-01,1799.6,1806.9,1798.9,1805.7
1988-06-02,1813.5,1813.6,1802.6,1810.4
1988-06-03,1818,1822,1814.1,1819.2
1988-06-06,1829.1,1838.9,1829.1,1838.9
1988-06-07,1839.7,1839.9,1818.4,1820
1988-06-08,1815.3,1828.1,1813.3,1828.1
1988-06-09,1837.5,1841.5,1833.5,1841.5
1988-06-10,1838.8,1849.8,1838.8,1849.8
1988-06-13,1848.9,1848.9,1833.3,1838.8
1988-06-14,1834.9,1866.5,1830.6,1866.2
1988-06-15,1873.3,1884.5,1869.3,1869.3
1988-06-16,1871.5,1879.3,1856.5,1861.9
1988-06-17,1853.4,1854.2,1838.8,1850.1
1988-06-20,1843.2,1850.3,1843.2,1844
1988-06-21,1841.3,1860.2,1841.3,1860.1
1988-06-22,1865.3,1879.8,1863,1879.3
1988-06-23,1890.2,1892.2,1878.4,1878.9
1988-06-24,1872,1875.4,1863.9,1871.3
1988-06-27,1864.7,1864.7,1834.9,1841.5
1988-06-28,1832.2,1856.9,1828.1,1856.9
1988-06-29,1860.7,1863.6,1855.2,1855.2
1988-06-30,1856.9,1864,1856.9,1857.6
1988-07-01,1858.8,1862.4,1857,1858.3
1988-07-04,1849.9,1852.6,1842.3,1848
1988-07-05,1850.8,1855.5,1850.8,1854.8
1988-07-06,1866.1,1870.2,1863.2,1870
1988-07-07,1867.3,1867.3,1854.3,1855.5
1988-07-08,1863.1,1878.1,1862.9,1877.3
1988-07-11,1883.2,1883.5,1873.2,1876.9
1988-07-12,1874.2,1874.5,1858.5,1858.5
1988-07-13,1858.5,1871.5,1858.5,1871.2
1988-07-14,1873,1875.6,1863.3,1863.3
1988-07-15,1862.1,1862.2,1849.6,1861.4
1988-07-18,1852.1,1852.1,1841.5,1849.3
1988-07-19,1842.5,1850,1842,1844.8
1988-07-20,1851.5,1867.2,1850.6,1867.2
1988-07-21,1872.6,1873.2,1862.9,1864.4
1988-07-22,1855.1,1857,1844.8,1844.8
1988-07-25,1833.4,1838.9,1826.7,1838.5
1988-07-26,1845.6,1849.8,1836.8,1837.6
1988-07-27,1838.1,1841.9,1828.5,1840.8
1988-07-28,1841.6,1848.1,1839.2,1841.3
1988-07-29,1843.6,1853.7,1840.7,1853.6
1988-08-01,1861.1,1866.9,1860.5,1862.2
1988-08-02,1856.4,1858.1,1851.8,1855.4
1988-08-03,1855.5,1866.4,1855.3,1865.1
1988-08-04,1863.8,1870.5,1863.6,1869.7
1988-08-05,1874.1,1881.5,1874.1,1875.9
1988-08-08,1884.5,1885.2,1875,1876
1988-08-09,1871.7,1873.4,1859.9,1862.6
1988-08-10,1854.9,1859.1,1839.5,1839.9
1988-08-11,1842.2,1846.2,1828.3,1835.2
1988-08-12,1841.1,1846.1,1839.6,1843.4
1988-08-15,1836.7,1837.1,1816.6,1816.8
1988-08-16,1811.8,1825.4,1811.8,1825.4
1988-08-17,1827.1,1832.5,1821.8,1830.9
1988-08-18,1829.9,1838,1826.7,1833.9
1988-08-19,1838.2,1846,1838.2,1844.3
1988-08-22,1836.5,1836.7,1830.4,1832.3
1988-08-23,1820.8,1821.3,1813.2,1817.9
1988-08-24,1818.2,1820.1,1804.2,1819.3
1988-08-25,1820.6,1820.6,1767.8,1780.2
1988-08-26,1783.1,1783.4,1759.7,1770.7
1988-08-30,1766.1,1766.1,1745.2,1754.8
1988-08-31,1756.1,1761.7,1753.9,1753.9
1988-09-01,1743.8,1743.9,1729,1730.5
1988-09-02,1733.5,1746.9,1733.4,1746.9
1988-09-05,1757.8,1767.3,1757.7,1764.5
1988-09-06,1767,1777.1,1732.9,1768
1988-09-07,1767,1767,1750.3,1756.2
1988-09-08,1751,1751.8,1728.6,1739.8
1988-09-09,1718.5,1742.7,1717.7,1738.4
1988-09-12,1746.5,1747.7,1742.2,1744.6
1988-09-13,1759.4,1761.8,1753.3,1757.3
1988-09-14,1754.4,1770,1754.4,1765.1
1988-09-15,1767.5,1775.8,1767.5,1769.3
1988-09-16,1759.2,1769.7,1755.1,1766.7
1988-09-19,1763.1,1769.7,1759.5,1759.9
1988-09-20,1761.6,1772.8,1760.2,1772.1
1988-09-21,1792.8,1797.9,1787.7,1796.8
1988-09-22,1792.9,1793.7,1784.8,1788.7
1988-09-23,1784.3,1792.5,1782.7,1792.4
1988-09-26,1792.6,1795.3,1789.4,1792.7
1988-09-27,1788,1813.2,1779.2,1808
1988-09-28,1803.4,1817.8,1802.5,1812.5
1988-09-29,1815.7,1829,1815.7,1829
1988-09-30,1829.3,1830.6,1824.9,1826.5
1988-10-03,1811.4,1817.4,1802.6,1802.6
1988-10-04,1796,1808.2,1787,1807.3
1988-10-05,1807.3,1827.9,1807.3,1826.3
1988-10-06,1829.1,1838.9,1829.1,1838.9
1988-10-07,1833.5,1845.7,1832.8,1844.7
1988-10-10,1846,1852.2,1844,1844.1
1988-10-11,1838.6,1842.1,1835.5,1838.3
1988-10-12,1831.2,1831.2,1811.8,1814.4
1988-10-13,1817.3,1831.1,1817.2,1830.7
1988-10-14,1827.1,1841.2,1827.1,1840.6
1988-10-17,1857.6,1866.6,1856.9,1860.2
1988-10-18,1862.1,1863.8,1857,1857
1988-10-19,1859.7,1867.8,1859.4,1862.4
1988-10-20,1857,1864.3,1853.1,1864.3
1988-10-21,1870.6,1870.8,1858.8,1859.3
1988-10-24,1848.4,1856.5,1848.3,1848.4
1988-10-25,1847.5,1849.6,1840,1847.7
1988-10-26,1851.2,1858.3,1849.8,1850.8
1988-10-27,1850,1864.7,1845.1,1852.1
1988-10-28,1852.1,1859.6,1852.1,1858.4
1988-10-31,1859.1,1860.8,1846.6,1852.4
1988-11-01,1853.5,1860,1853.1,1857.8
1988-11-02,1851.5,1851.5,1836.1,1843.1
1988-11-03,1838.7,1838.7,1829.7,1837.6
1988-11-04,1840.2,1842.2,1829.2,1834.3
1988-11-07,1827.2,1827.3,1818.3,1819.7
1988-11-08,1827.2,1841.3,1827.2,1840.6
1988-11-09,1830.8,1832,1820.1,1825.7
1988-11-10,1826,1827.8,1822.3,1826.2
1988-11-11,1826.2,1828.3,1802.4,1802.7
1988-11-14,1776.5,1800.9,1776.5,1794.3
1988-11-15,1804.6,1805.1,1798.5,1802.3
1988-11-16,1806,1824.4,1806,1807.3
1988-11-17,1802.3,1824.1,1802.2,1823.6
1988-11-18,1827.6,1828.1,1819.3,1823.4
1988-11-21,1824.1,1824.3,1811.1,1811.1
1988-11-22,1813.4,1821.2,1813.3,1821.2
1988-11-23,1831.6,1838.5,1830.3,1837.1
1988-11-24,1832.6,1837.7,1827.8,1833
1988-11-25,1836.3,1836.4,1782.5,1794.7
1988-11-28,1791.1,1792.1,1775,1781.5
1988-11-29,1791.4,1793.5,1785,1786.8
1988-11-30,1795,1801.3,1792.4,1792.4
1988-12-01,1785.3,1787.2,1771.7,1778.7
1988-12-02,1760.2,1765,1758.5,1765
1988-12-05,1767.9,1767.9,1747.3,1761.6
1988-12-06,1766,1771.1,1759.7,1767.5
1988-12-07,1777.8,1777.9,1765.5,1771.7
1988-12-08,1768.6,1768.6,1752,1757.9
1988-12-09,1759.3,1761.5,1737.9,1750.5
1988-12-12,1740.9,1748.2,1738.1,1747.8
1988-12-13,1746,1763.4,1746,1752.6
1988-12-14,1754.1,1756.4,1741.7,1756.4
1988-12-15,1749.5,1764.4,1749.5,1763.1
1988-12-16,1771.3,1775,1769.9,1773.7
1988-12-19,1776.2,1779,1770.5,1770.5
1988-12-20,1773.4,1781.6,1771.7,1777.4
1988-12-21,1774.6,1776.9,1771.8,1772.6
1988-12-22,1772.2,1774.3,1768.7,1768.7
1988-12-23,1768.2,1774,1767.9,1773.9
1988-12-28,1774.3,1787.7,1774.3,1787.7
1988-12-29,1793,1804.9,1793,1803.4
1988-12-30,1797.8,1798.2,1788.3,1793.1
1989-01-03,1782.8,1790.7,1782.4,1782.8
1989-01-04,1785.7,1793.2,1785.3,1793.1
1989-01-05,1801.9,1803.2,1797.6,1799.5
1989-01-06,1798.1,1814.4,1797.6,1811.3
1989-01-09,1826.5,1836,1826.5,1831.5
1989-01-10,1828.6,1837.6,1828.6,1835.9
1989-01-11,1833,1835.2,1830.4,1834.1
1989-01-12,1837.5,1850.9,1837.5,1850.9
1989-01-13,1862.1,1863.2,1857.3,1862.1
1989-01-16,1866.6,1877.1,1866.6,1871.8
1989-01-17,1868.9,1871.8,1866.6,1871.8
1989-01-18,1871.7,1892.1,1871.7,1892.1
1989-01-19,1911.5,1920.2,1904.5,1910.8
1989-01-20,1908.7,1917.9,1903.9,1917.5
1989-01-23,1917.6,1938.6,1917.5,1924.7
1989-01-24,1922.7,1941,1921.9,1941
1989-01-25,1966.7,1967.1,1937,1938.9
1989-01-26,1938.8,1961,1938.8,1959.8
1989-01-27,1965.6,2017.4,1965.6,2005.9
1989-01-30,2015.3,2072.7,2015.3,2042.9
1989-01-31,2047.4,2069.3999,2044.2,2052.1001
1989-02-01,2051.3,2053.2,2031.1,2039.8
1989-02-02,2032.6,2047.4,2032.6,2043.5
1989-02-03,2047.2,2078,2047.2,2069.8999
1989-02-06,2072.5,2075.5,2043.5,2044.3
1989-02-07,2043.7,2072.8,2040.5,2072.8
1989-02-08,2097.6001,2106.1001,2088.8999,2096.2
1989-02-09,2082.7,2097,2076.5,2079.1001
1989-02-10,2060.3999,2060.7,2041.4,2056.1001
1989-02-13,2034.2,2037.3,2020.9,2032.7
1989-02-14,2026.6,2053.8999,2026.6,2049.1001
1989-02-15,2043.3,2055.5,2040.4,2047.5
1989-02-16,2048.3999,2048.3999,2029.2,2033.7
1989-02-17,2033.7,2042.9,2019.3,2042.9
1989-02-20,2046.1,2068.8,2045.4,2065.8
1989-02-21,2066.3999,2076.3,2058.8999,2061
1989-02-22,2053,2056.6001,2033.7,2033.7
1989-02-23,2020.4,2030.4,2015.3,2016.6
1989-02-24,2019.7,2031.5,2019.2,2019.6
1989-02-27,1988.4,1997,1983.3,1996.7
1989-02-28,1997.3,2002.4,1997.3,2002.4
1989-03-01,2017.2,2028,2014.3,2021.3
1989-03-02,2017.6,2039.8,2017.6,2039.7
1989-03-03,2052,2065.6001,2052,2059.2
1989-03-06,2066.3,2077,2065.6001,2072.8
1989-03-07,2082.5,2099.8,2082.2,2083.5
1989-03-08,2085.5,2092.1001,2081.3999,2083.3
1989-03-09,2076.3999,2077.7,2069.2,2073.7
1989-03-10,2090.2,2090.2,2079.3,2085.2
1989-03-13,2081.2,2103,2081.2,2103
1989-03-14,2107.8999,2132.3,2107.8999,2125.3999
1989-03-15,2124.5,2124.6001,2109,2121.2
1989-03-16,2132.3,2132.5,2110.3,2112.6001
1989-03-17,2099.3,2105.3,2063.6001,2073.1001
1989-03-20,2074.8999,2075,2051.2,2053.6001
1989-03-21,2060.8999,2074.6001,2060.2,2072.2
1989-03-22,2073,2073.1001,2048.2,2048.6001
1989-03-23,2034.5,2057.3,2032,2057
1989-03-28,2069.6001,2075.5,2069.2,2070.5
1989-03-29,2065.8999,2073.8,2056.6001,2071.7
1989-03-30,2068.2,2070.6001,2047.8,2049.3999
1989-03-31,2055.3999,2075.1001,2055.3999,2075
1989-04-03,2064.1001,2081.3,2064.1001,2079.6001
1989-04-04,2089.2,2089.3,2082.3999,2082.8
1989-04-05,2076.7,2079.3,2074,2078.2
1989-04-06,2078.5,2078.5,2051.8,2052.5
1989-04-07,2031.2,2045.9,2027.7,2045.7
1989-04-10,2021.3,2025,2021,2025
1989-04-11,2017.1,2031.3,2001.5,2031.3
1989-04-12,2041.3,2046.1,2032.5,2033
1989-04-13,2023.6,2031.4,2018.1,2028.7
1989-04-14,2027.9,2053.6001,2027.9,2053.6001
1989-04-17,2062.5,2065.3,2051.3999,2054.7
1989-04-18,2055.3999,2078,2055.3999,2074.3999
1989-04-19,2091,2096.8,2081.3999,2083.2
1989-04-20,2085.5,2093.1001,2053.5,2064.3999
1989-04-21,2066,2070.7,2048.5,2061
1989-04-24,2065.8999,2071.5,2061.8,2062
1989-04-25,2065.6001,2076.3,2062.6001,2071.2
1989-04-26,2072.6001,2101.8999,2072.2,2093.3999
1989-04-27,2094.3999,2119.8,2094.3999,2115.7
1989-04-28,2134.8999,2134.8999,2116.2,2118
1989-05-02,2114.8,2114.8,2103.1001,2103.1001
1989-05-03,2094.6001,2105.7,2092.3,2105.7
1989-05-04,2116.3999,2126.3,2116.3,2119
1989-05-05,2121.1001,2132.8,2117.3,2132.8
1989-05-08,2132.3999,2132.5,2119.6001,2119.6001
1989-05-09,2124.3,2134.3999,2124.3,2125.1001
1989-05-10,2121.3,2123.1001,2112.1001,2114.3999
1989-05-11,2118.3,2118.3,2107.1001,2110.6001
1989-05-12,2114.3,2136.8999,2114,2135.7
1989-05-15,2145.5,2153.6001,2145.2,2149.8999
1989-05-16,2147.5,2147.7,2136,2136.7
1989-05-17,2142.2,2166.3,2142.2,2155.8
1989-05-18,2162.3,2179.5,2158.6001,2177.3
1989-05-19,2181,2204.7,2180.5,2204.7
1989-05-22,2209.7,2209.7,2163.6001,2169
1989-05-23,2154.6001,2154.6001,2151.6001,2151.6001
1989-05-24,2120.8,2133,2120.8,2132.7
1989-05-25,2133.8,2142,2126.7,2136.6001
1989-05-26,2142.8999,2145.7,2137.6001,2140.3
1989-05-30,2139.7,2139.7,2127.3,2130
1989-05-31,2114,2114.8,2107.7,2114.3999
1989-06-01,2119.8999,2123.1001,2094.8,2103.3999
1989-06-02,2099.1001,2102.7,2080.5,2102.6001
1989-06-05,2086.1001,2089.1001,2076.5,2088.5
1989-06-06,2081.8,2107.3999,2077.6001,2107.3999
1989-06-07,2115.8999,2118.1001,2103.8999,2117.8999
1989-06-08,2130.8999,2154.5,2130.3,2143.3999
1989-06-09,2153.7,2154.3,2133.2,2142.1001
1989-06-12,2149.2,2149.8999,2131.3999,2138.3
1989-06-13,2139.3,2139.3,2116.2,2123
1989-06-14,2111.7,2133.6001,2111.5,2133.6001
1989-06-15,2142.8,2142.8999,2129.6001,2129.6001
1989-06-16,2124.1001,2143.8999,2124.1001,2143.8999
1989-06-19,2141.8,2158.2,2140,2154.7
1989-06-20,2168,2173.7,2164.6001,2164.8
1989-06-21,2169.3999,2178.8999,2168.8,2171.7
1989-06-22,2183.8999,2184,2170.6001,2179.8
1989-06-23,2174.8999,2175,2158.6001,2167.5
1989-06-26,2167.8999,2183.2,2167.6001,2179.6001
1989-06-27,2178.5,2207.5,2173.8,2206.3999
1989-06-28,2224,2225.6001,2206.2,2209.3999
1989-06-29,2197.8,2201.5,2179.7,2182
1989-06-30,2165.2,2170.3,2148.2,2151
1989-07-03,2154.8999,2167,2151.7,2165.6001
1989-07-04,2154.8999,2174.5,2151.7,2174.3999
1989-07-05,2171.5,2175.8999,2162.8999,2162.8999
1989-07-06,2164.2,2171.5,2160.3,2161.2
1989-07-07,2163.8999,2189.1001,2163.3999,2189.1001
1989-07-10,2192.5,2197.5,2189.3999,2195.2
1989-07-11,2194.8999,2260.8,2187.7,2250.8999
1989-07-12,2263.3,2272.7,2251.6001,2256.7
1989-07-13,2243.5,2259,2242.8999,2258
1989-07-14,2275.1001,2289.5,2270,2273.7
1989-07-17,2293,2293.2,2274.6001,2274.8999
1989-07-18,2273.8999,2284.5,2268.3999,2273.1001
1989-07-19,2268.8999,2298.2,2268.8999,2292.5
1989-07-20,2290.3,2292.5,2279.6001,2292.3
1989-07-21,2280.3,2283.2,2275.5,2283
1989-07-24,2279.1001,2279.1001,2258.3,2259.1001
1989-07-25,2257,2269.7,2250,2269.3999
1989-07-26,2262.3,2265.5,2258.3,2264.5
1989-07-27,2276.5,2287.3999,2274.2,2283.7
1989-07-28,2286.3,2306,2286.2,2306
1989-07-31,2303.3999,2319.8999,2297,2297
1989-08-01,2292.3999,2297.5,2284.5,2292.3
1989-08-02,2286.8999,2307.8,2286.8999,2307.8
1989-08-03,2306.3,2310.3,2298,2306.3
1989-08-04,2315.8999,2329.1001,2308.1001,2327.5
1989-08-07,2328.6001,2341.5,2328.1001,2341.5
1989-08-08,2355.1001,2357.8999,2347.7,2348.1001
1989-08-09,2346.6001,2363.6001,2345.8,2360.3999
1989-08-10,2355.3999,2364.7,2346.3999,2347.3
1989-08-11,2352.2,2354.8999,2339.3,2354.2
1989-08-14,2314.3999,2327.5,2314.3999,2325.8999
1989-08-15,2332.3999,2332.3999,2323.8999,2326.2
1989-08-16,2329.6001,2345.8,2329.6001,2345.8
1989-08-17,2361.3999,2374.8,2356.8,2360
1989-08-18,2368.3999,2375.1001,2363.3,2375.1001
1989-08-21,2382.3,2383.8,2368.1001,2374.7
1989-08-22,2361.5,2385.2,2361.5,2370.8
1989-08-23,2371.1001,2388.3999,2363.8999,2382.3999
1989-08-24,2400.3999,2404.5,2387.5,2393.1001
1989-08-25,2403.2,2404.5,2391.8999,2397.3999
1989-08-29,2397.3999,2397.3999,2378.5,2380.8
1989-08-30,2380.8,2383.7,2373.3,2381.3
1989-08-31,2381.3,2394.3,2381.3,2387.8999
1989-09-01,2392.1001,2407.5,2392.1001,2407.5
1989-09-04,2433.3,2435.7,2423,2424
1989-09-05,2420,2426,2410.3999,2426
1989-09-06,2427,2427.3999,2390.8,2390.8
1989-09-07,2397.8,2416.1001,2397.7,2415.8999
1989-09-08,2415.8999,2435.7,2415.8999,2423.8999
1989-09-11,2425.3,2425.3,2400.3999,2400.6001
1989-09-12,2387.8,2398.8999,2386.6001,2397.6001
1989-09-13,2393.8999,2404.5,2387.2,2401.5
1989-09-14,2397,2399.8,2380.3999,2382
1989-09-15,2388.1001,2388.1001,2352.7,2366.5
1989-09-18,2358.3,2373.8,2358.3,2373.8
1989-09-19,2379.3999,2379.3999,2351.3999,2361.5
1989-09-20,2371.5,2379.8,2368.1001,2369.8
1989-09-21,2375.1001,2380.8999,2365.3999,2380.8999
1989-09-22,2379.3,2382.1001,2369.7,2370.2
1989-09-25,2359.1001,2365.6001,2358.3999,2359.6001
1989-09-26,2361.8999,2368.3999,2332.3999,2336.1001
1989-09-27,2329.8,2335.2,2321.7,2331.2
1989-09-28,2318,2323.1001,2291.7,2291.7
1989-09-29,2279.5,2299.3999,2278.3,2299.3999
1989-10-02,2287.6001,2289.3,2271.8999,2280.6001
1989-10-03,2299.8999,2318.6001,2298.2,2305
1989-10-04,2327.1001,2331.1001,2312.1001,2318.3
1989-10-05,2311.7,2314.1001,2270.1001,2281.5
1989-10-06,2259.7,2278,2249.8999,2277.5
1989-10-09,2262.8,2265.2,2244.5,2245.5
1989-10-10,2250.2,2264.2,2218.6001,2218.7
1989-10-11,2223.7,2236.3999,2213.3,2219.8
1989-10-12,2232.2,2238.7,2224,2225.8999
1989-10-13,2232.6001,2247.8,2232.1001,2241.3999
1989-10-16,2176.8,2176.8,2129.7,2133
1989-10-17,2175.8999,2182.3,2120.8,2135.5
1989-10-18,2149.5,2170.1001,2134.2,2170.1001
1989-10-19,2161.3,2195.3999,2161.3,2186.5
1989-10-20,2189,2189,2176.8999,2182
1989-10-23,2179.5,2195.8999,2179.5,2193.6001
1989-10-24,2187.8999,2197,2147,2177.7
1989-10-25,2153.5,2162.7,2148.7,2149.7
1989-10-26,2157.3999,2160.8,2129.3999,2150.6001
1989-10-27,2089.6001,2099.3,2080.8,2095.8999
1989-10-30,2102.3,2117.1001,2101.2,2111.6001
1989-10-31,2124.6001,2142.6001,2120.5,2126.6001
1989-11-01,2145.7,2163.2,2141.7,2160.1001
1989-11-02,2157.5,2160.3,2146.3,2158.5
1989-11-03,2152.8999,2175.1001,2152.8999,2173.1001
1989-11-06,2182.8,2193.7,2169.3,2189.1001
1989-11-07,2162.6001,2178.2,2161.7,2166.8
1989-11-08,2196.3999,2203.8999,2193.8999,2203.8
1989-11-09,2205.7,2213.3,2193.3,2201.7
1989-11-10,2198.3,2222.8999,2198.3,2216.7
1989-11-13,2216.1001,2233.8,2211.5,2213.2
1989-11-14,2206.8999,2223.3,2206.6001,2217.6001
1989-11-15,2206.8999,2208.5,2200.1001,2203.3999
1989-11-16,2213.8,2224,2200.8999,2209.8
1989-11-17,2212.5,2223.5,2212.5,2221.3999
1989-11-20,2220.3,2220.3,2183.1001,2183.1001
1989-11-21,2172.5,2185.1001,2171,2177.3
1989-11-22,2196.6001,2197.3999,2186.8,2192.3
1989-11-23,2195.2,2220.6001,2194.6001,2220.5
1989-11-24,2224.1001,2224.6001,2215,2222.3999
1989-11-27,2179.8999,2226.2,2179.8999,2224.3
1989-11-28,2229.7,2246.8,2229.7,2242
1989-11-29,2245,2262.6001,2245,2255.7
1989-11-30,2252.8999,2276.8,2251.6001,2261.5
1989-12-01,2297.3,2313.8,2296.2,2311.1001
1989-12-04,2329,2329,2297.5,2303.3999
1989-12-05,2301.2,2327.5,2301.2,2313.1001
1989-12-06,2324.8999,2355.6001,2316.3999,2338.8999
1989-12-07,2354.1001,2366.1001,2341.1001,2348.7
1989-12-08,2342.7,2364.1001,2337.6001,2355.1001
1989-12-11,2352.1001,2359.3,2348.3999,2351.3999
1989-12-12,2355,2369.7,2355,2363.5
1989-12-13,2379.2,2386.7,2370.3,2386.2
1989-12-14,2382.6001,2389.2,2367,2367
1989-12-15,2357.6001,2358.5,2341.5,2344.7
1989-12-18,2343.1001,2362.8999,2343.1001,2358.5
1989-12-19,2352,2357.2,2338.7,2342.1001
1989-12-20,2348.5,2367.1001,2348.5,2360.7
1989-12-21,2361.1001,2361.1001,2351.1001,2353
1989-12-22,2354.1001,2362,2354.1001,2362
1989-12-27,2368.7,2396.2,2368.7,2395.8
1989-12-28,2404.8999,2411.8,2396.2,2398.8
1989-12-29,2399.1001,2422.8,2399.1001,2422.7
1990-01-02,2442.3999,2443.3,2425.5,2433.1001
1990-01-03,2451.3,2466.2,2445.8,2463.7
1990-01-04,2469.6001,2479.3999,2451.6001,2451.6001
1990-01-05,2447.8999,2448.7,2439.7,2444.5
1990-01-08,2444.5,2445.6001,2423.8,2431.3
1990-01-09,2429.1001,2437.8,2420.5,2436.3
1990-01-10,2424.5,2425.2,2411.8999,2418.3
1990-01-11,2420.5,2421,2396.5,2417.8999
1990-01-12,2402.8999,2402.8999,2370.8999,2380.3
1990-01-15,2354.3999,2366.3999,2352.8,2366.2
1990-01-16,2369.3999,2369.7,2329.5,2349.1001
1990-01-17,2355.6001,2373.8999,2355.5,2373.8999
1990-01-18,2358,2358,2326.2,2336.8999
1990-01-19,2346.2,2349.3,2319.7,2335
1990-01-22,2346.3,2346.3999,2297.1001,2297.1001
1990-01-23,2297.1001,2305.8999,2272.6001,2291.1001
1990-01-24,2267.6001,2278.8,2250.5,2278.6001
1990-01-25,2292,2308.1001,2288.7,2289.8999
1990-01-26,2297.6001,2325.5,2297.5,2314.5
1990-01-29,2317.7,2333.3,2317.7,2328.8
1990-01-30,2325.5,2334,2321.3,2322
1990-01-31,2314.8999,2337.3999,2314.8999,2337.3
1990-02-01,2346.5,2355.3999,2343.6001,2345.8
1990-02-02,2346.1001,2356.2,2342.3,2355.1001
1990-02-05,2350,2353.7,2344.8,2348.3999
1990-02-06,2345.3999,2345.3999,2320,2321.1001
1990-02-07,2314.7,2320.6001,2299.1001,2307.3999
1990-02-08,2321.2,2331.2,2321,2331
1990-02-09,2323.6001,2323.8999,2308.5,2313.6001
1990-02-12,2313,2313.3,2282.3999,2286.8999
1990-02-13,2292.8999,2299.3999,2285.8,2293.2
1990-02-14,2303.7,2310.6001,2297.6001,2298.3
1990-02-15,2293.3,2314.3999,2289.3,2313.8
1990-02-16,2322.1001,2334.3999,2319.6001,2325.8999
1990-02-19,2317.8999,2318.1001,2294.8999,2297.1001
1990-02-20,2288.2,2290.8,2276.3999,2277
1990-02-21,2251.8,2261.7,2246,2259.7
1990-02-22,2261.7,2269.2,2251.5,2269.2
1990-02-23,2248.2,2248.3999,2228.3,2236.7
1990-02-26,2208.5,2249.3999,2208.3999,2249.3
1990-02-27,2254.5,2257.5,2249.2,2254.8
1990-02-28,2255.5,2265.6001,2253.7,2255.3999
1990-03-01,2246.2,2246.2,2236,2238.3999
1990-03-02,2240.6001,2255.8999,2240.6001,2254.8
1990-03-05,2238,2238.8,2230.2,2230.5
1990-03-06,2236.3999,2238.2,2211.8,2216
1990-03-07,2222.5,2234.8999,2219.1001,2230.3
1990-03-08,2240.8999,2254.7,2240.8,2250
1990-03-09,2263.3,2263.3,2230.8999,2234.3
1990-03-12,2217.3,2229.1001,2217.3,2222.8
1990-03-13,2224.1001,2224.8,2213.3999,2224.5
1990-03-14,2224.3999,2238.3,2223.2,2226.1001
1990-03-15,2228,2242.3,2227.8999,2234.8999
1990-03-16,2239.6001,2264.2,2238.8,2263.8999
1990-03-19,2260.8,2261.1001,2235.8999,2238
1990-03-20,2244.8,2259.7,2244.8,2259.7
1990-03-21,2239.3999,2250.3,2230.1001,2250.3
1990-03-22,2241,2267.8,2240.7,2258.8999
1990-03-23,2264.1001,2283.8999,2264.1001,2283.8999
1990-03-26,2286.3999,2306.8999,2286.3,2298.2
1990-03-27,2294.1001,2295.6001,2265.8,2266.2
1990-03-28,2271.6001,2280.3999,2270.8,2275
1990-03-29,2273.1001,2276.3,2259.8999,2263
1990-03-30,2253.5,2271,2245.5,2247.8999
1990-04-02,2224.3,2224.5,2211.6001,2221.6001
1990-04-03,2232.3999,2241.7,2218,2240.7
1990-04-04,2246.8,2247.5,2229.2,2231.6001
1990-04-05,2227.2,2239.5,2222,2239.5
1990-04-06,2243,2243.2,2221,2221.1001
1990-04-09,2222.1001,2227.8999,2218.8,2227.7
1990-04-10,2221,2221,2207.3,2217.5
1990-04-11,2217.8999,2219.8999,2211.8999,2215.5
1990-04-12,2215.3,2222.2,2209.5,2222.1001
1990-04-17,2225.3999,2225.7,2213.8,2214.5
1990-04-18,2216.1001,2223.8999,2205.7,2205.8999
1990-04-19,2192.8,2194.8999,2180.5,2184.7
1990-04-20,2185.7,2191.1001,2184.8,2187.1001
1990-04-23,2184.6001,2185.1001,2159.1001,2159.2
1990-04-24,2156.7,2168.7,2150.3999,2159.8999
1990-04-25,2157.3999,2167.6001,2142.8999,2143.1001
1990-04-26,2143.5,2145.8,2132.5,2133.6001
1990-04-27,2137.3,2140.2,2105,2106.6001
1990-04-30,2109.8,2109.8,2085.8,2103.3999
1990-05-01,2111.8,2126,2111.3999,2117.8999
1990-05-02,2121.7,2145.1001,2121.7,2137.6001
1990-05-03,2141.6001,2145.2,2130.2,2134.8999
1990-05-04,2146.3999,2168,2146.3999,2164.1001
1990-05-08,2181.7,2192.3,2180.5,2182
1990-05-09,2179.3999,2179.7,2160.6001,2162.7
1990-05-10,2162.8999,2169.2,2157,2157
1990-05-11,2155.7,2182.3,2155.7,2175.8999
1990-05-14,2203.8999,2214.5,2202,2214.5
1990-05-15,2213.8999,2216.1001,2204.1001,2212.2
1990-05-16,2213.2,2237.1001,2213.2,2221.1001
1990-05-17,2227.7,2284.3999,2227.7,2284.3999
1990-05-18,2290.2,2321.3999,2268.5,2269.1001
1990-05-21,2263.6001,2282.1001,2261.3,2282.1001
1990-05-22,2303.5,2332.7,2293.3,2311.3
1990-05-23,2303.8999,2335.1001,2287.3,2287.3999
1990-05-24,2287.8999,2295.3999,2269.3,2277.1001
1990-05-25,2275.8999,2276.3,2258.3999,2265.6001
1990-05-29,2259.1001,2295.6001,2258.7,2295.6001
1990-05-30,2327.8,2347.2,2327.3999,2346.2
1990-05-31,2347.1001,2357.2,2333.7,2345.1001
1990-06-01,2345.3,2371.3999,2332.7,2371.3999
1990-06-04,2383.8999,2387.8,2376.3999,2379
1990-06-05,2393,2398.8999,2362.5,2380.1001
1990-06-06,2365.8,2367.3999,2354.5,2358.5
1990-06-07,2352,2390.3,2349.8999,2378.3999
1990-06-08,2373.8,2383,2364,2366.6001
1990-06-11,2366.6001,2366.6001,2338.5,2348.8
1990-06-12,2367.3,2379.2,2367.3,2370.7
1990-06-13,2390.8999,2410.3,2390.1001,2405.3999
1990-06-14,2404.8999,2430.5,2401.8999,2403
1990-06-15,2407.5,2414.3999,2387.3999,2392.3
1990-06-18,2389.8999,2394.5,2367.3999,2370.5
1990-06-19,2348.8999,2372.8999,2348.8999,2369.7
1990-06-20,2375,2384.5,2369.6001,2371.2
1990-06-21,2368.2,2377.1001,2360.8999,2370.3
1990-06-22,2374.1001,2381.1001,2368.2,2378.5
1990-06-25,2361.2,2398.5,2361.2,2398.5
1990-06-26,2402.5,2420.1001,2399.5,2399.8
1990-06-27,2399.8,2399.8,2369.1001,2373.5
1990-06-28,2373.5,2376.6001,2355.7,2355.7
1990-06-29,2354,2384.8,2348.8999,2374.6001
1990-07-02,2373.6001,2384.1001,2368.2,2382.7
1990-07-03,2374,2381,2366.1001,2371.7
1990-07-04,2366.8,2366.8,2352.7,2355.5
1990-07-05,2352.2,2352.2,2327.8,2331.3999
1990-07-06,2325.1001,2340,2323.2,2340
1990-07-09,2337,2345.5,2337,2337.5
1990-07-10,2333.2,2333.2,2323.1001,2327.5
1990-07-11,2324.6001,2360.5,2324.6001,2360.5
1990-07-12,2378.1001,2386.3,2370.2,2370.5
1990-07-13,2377.2,2382.3,2365,2382.2
1990-07-16,2388.3999,2410,2388.3999,2406.5
1990-07-17,2407.6001,2430.6001,2407.6001,2415
1990-07-18,2409,2424.8,2401.7,2402
1990-07-19,2399.3,2407,2387.3,2387.3
1990-07-20,2391,2400.3999,2386.8,2400.1001
1990-07-23,2384.5,2406.3,2352.5,2359.7
1990-07-24,2366.8,2378.1001,2351.8,2360.8999
1990-07-25,2369.5,2382.5,2363.1001,2364.7
1990-07-26,2363.6001,2369.7,2337.8999,2344.1001
1990-07-27,2336.6001,2339.8999,2327.8999,2330.1001
1990-07-30,2322.3,2322.3999,2311.5,2312.3
1990-07-31,2332.8,2339.2,2325.2,2326.2
1990-08-01,2329.3,2346.7,2329.3,2339
1990-08-02,2347.8999,2347.8999,2304.5,2304.5
1990-08-03,2301.5,2311.1001,2274,2284.6001
1990-08-06,2252.3999,2253.1001,2202.5,2220.2
1990-08-07,2225.6001,2260.8999,2224.2,2235.8
1990-08-08,2234.2,2253.2,2217.8999,2237.5
1990-08-09,2239.7,2254.1001,2239.7,2244.8999
1990-08-10,2278.6001,2283.7,2190,2201.6001
1990-08-13,2220.5,2220.5,2206.6001,2219.5
1990-08-14,2224,2242.1001,2224,2234
1990-08-15,2238.6001,2244.6001,2231.2,2239.3
1990-08-16,2239.3,2239.3,2220.8,2222.1001
1990-08-17,2199.3999,2201.3,2171,2176.8999
1990-08-20,2172.3,2176.5,2149.2,2156.6001
1990-08-21,2161.8,2161.8999,2098.5,2107
1990-08-22,2117.7,2127,2104.5,2104.8
1990-08-23,2077.3999,2080.3,2051.2,2075
1990-08-24,2079.2,2103.5,2078,2086.3999
1990-08-27,2086.3999,2086.3999,2086.3999,2086.3999
1990-08-28,2086.3999,2133.2,2086.3999,2126.1001
1990-08-29,2123.7,2128.1001,2110.1001,2125.7
1990-08-30,2139.6001,2164.1001,2139.6001,2153.6001
1990-08-31,2143.7,2162.8,2143.7,2162.8
1990-09-03,2166.2,2176.7,2163.5,2166.8
1990-09-04,2160.3999,2160.3999,2139.5,2148
1990-09-05,2155.1001,2165.3999,2152,2152.2
1990-09-06,2158.7,2158.7,2120.8999,2120.8999
1990-09-07,2115.1001,2123,2105.5,2122.8999
1990-09-10,2133.2,2153.7,2133.2,2147
1990-09-11,2137.5,2151.6001,2137.5,2144.3
1990-09-12,2147.3999,2167.8,2142.2,2142.3
1990-09-13,2145.8,2145.8,2126.1001,2127.1001
1990-09-14,2108.8,2122.1001,2093.3999,2093.8
1990-09-17,2080.3,2095.8999,2072.5,2094.3
1990-09-18,2100.5,2100.5,2061.1001,2064
1990-09-19,2075.7,2075.8999,2061.6001,2065.8
1990-09-20,2069.2,2069.2,2015.3,2016.9
1990-09-21,2023.5,2025.5,1975.9,2025.5
1990-09-24,2011.3,2018.4,1986.5,1990.3
1990-09-25,1991.9,2005.3,1986.5,1999.2
1990-09-26,2004.9,2015.8,1998.5,2000
1990-09-27,1998.6,2030.7,1998.6,2009.1
1990-09-28,1999.8,1999.9,1974.1,1990.2
1990-10-01,2006.3,2033.4,2006.3,2030.8
1990-10-02,2075.3,2075.3,2052.8,2058.5
1990-10-03,2050.3999,2087.2,2050.2,2087
1990-10-04,2085.2,2090.6001,2069.1001,2070.3999
1990-10-05,2053.6001,2144.2,2033.5,2143.8999
1990-10-08,2278.6001,2283.7,2199,2201.6001
1990-10-09,2171.7,2179,2133,2134.1001
1990-10-10,2110.6001,2136.8999,2104,2121.8
1990-10-11,2113.8999,2123,2100.3999,2102.2
1990-10-12,2091,2106.8999,2089.3,2100.3999
1990-10-15,2112.1001,2120.1001,2081.1001,2083.6001
1990-10-16,2112.1001,2120.1001,2081.1001,2083.6001
1990-10-17,2072.8,2076.6001,2061,2068
1990-10-18,2069.8,2088.8999,2065.8,2082.6001
1990-10-19,2079.7,2100.1001,2071.2,2089
1990-10-22,2093.1001,2103.3999,2083.8999,2102
1990-10-23,2121.6001,2134.3,2120.7,2127
1990-10-24,2114.6001,2123.3999,2108.3,2110.5
1990-10-25,2109.7,2109.7,2085.5,2088.7
1990-10-26,2079.8,2079.8,2057,2063.1001
1990-10-29,2056.5,2063.3999,2052.6001,2062.1001
1990-10-30,2054.3,2054.3,2033.9,2033.9
1990-10-31,2039.6,2061.8999,2036.1,2050.3
1990-11-01,2039.9,2049.3,2025.7,2028
1990-11-02,2011.2,2032.7,2011.2,2030.7
1990-11-05,2038,2050.2,2038,2050.1001
1990-11-06,2055,2071,2052.2,2069.8
1990-11-07,2064.6001,2070.5,2056,2059.2
1990-11-08,2051,2053.8999,2031.5,2036.2
1990-11-09,2035.2,2050.8,2033.5,2040.6
1990-11-12,2045.5,2051.8999,2043.1,2051.8999
1990-11-13,2071.1001,2071.2,2053.8999,2056
1990-11-14,2047.1,2047.1,2038.5,2046
1990-11-15,2049.7,2062.8,2046.7,2060
1990-11-16,2055.7,2072.7,2054.3999,2068
1990-11-19,2068.3,2105.7,2068.3,2095.8999
1990-11-20,2095.1001,2123.5,2095.1001,2115.2
1990-11-21,2102.7,2141.6001,2102.7,2126.3
1990-11-22,2131.3,2160.7,2123,2127.8999
1990-11-23,2126.1001,2172.8999,2125.8999,2170.5
1990-11-26,2184.8999,2191.7,2148.8999,2151.8999
1990-11-27,2156.8,2166.1001,2149.5,2159.5
1990-11-28,2159.3999,2159.3999,2137.7,2144.3
1990-11-29,2135.8999,2145.8999,2129.8,2135.6001
1990-11-30,2130.1001,2149.8,2130.1001,2149.3999
1990-12-03,2159.7,2169.6001,2157.8,2162.7
1990-12-04,2156.6001,2162.8999,2142,2146.3
1990-12-05,2147,2152.8,2138,2152.6001
1990-12-06,2164.2,2190.2,2162.5,2177.5
1990-12-07,2171.3,2188.3,2171.2,2183.3999
1990-12-10,2180,2192.8999,2178.5,2182.5
1990-12-11,2185.3999,2185.8,2163.2,2165.8
1990-12-12,2160.2,2169.1001,2153.8,2156.8999
1990-12-13,2161.3999,2172.2,2148.1001,2172.2
1990-12-14,2173.5,2184.6001,2166.6001,2168.3999
1990-12-17,2163.8999,2173.6001,2156.8999,2157.8999
1990-12-18,2159.6001,2165.7,2153.2,2161.8
1990-12-19,2171.8999,2179.1001,2165.3999,2178.7
1990-12-20,2172.3,2172.5,2149.1001,2158.8
1990-12-21,2163.3999,2164.6001,2152.6001,2164.3999
1990-12-24,2159.5,2159.5,2152.6001,2156.3
1990-12-27,2159.3999,2167.8,2155.7,2167.8
1990-12-28,2163.8,2170.3999,2160,2160.3999
1990-12-31,2152.5,2152.5,2140.6001,2143.5
1991-01-02,2143,2143,2122.8999,2128.3
1991-01-03,2121.1001,2124.3999,2106.3,2117.8
1991-01-04,2109.2,2131,2109.2,2126.1001
1991-01-07,2126.3,2130,2109.8999,2113.3
1991-01-08,2099.8,2103.5,2095.5,2099.8999
1991-01-09,2099.8,2130.8999,2099.8,2128.8999
1991-01-10,2109.3,2114.3,2103.6001,2108.7
1991-01-11,2119.6001,2124.5,2105.8,2106.1001
1991-01-14,2101.3999,2102.3999,2071.8,2080.8
1991-01-15,2081.7,2081.7,2069.7,2070.8999
1991-01-16,2056.6001,2060.8,2052.3,2054.8
1991-01-17,2083.3999,2120.3,2082.1001,2104.6001
1991-01-18,2099.8999,2103.7,2087,2102.7
1991-01-21,2099.2,2103.8999,2080.5,2084
1991-01-22,2079.7,2083.6001,2071.8,2081.6001
1991-01-23,2078,2093.1001,2078,2080.5
1991-01-24,2091.3,2100.8999,2086.1001,2099.3
1991-01-25,2103.8,2107.7,2098.3,2103
1991-01-28,2100.6001,2117.8,2100.6001,2117.8
1991-01-29,2110.6001,2116,2105.2,2113.8
1991-01-30,2119.3,2152.7,2119.3,2152.6001
1991-01-31,2168.3,2182.1001,2158.5,2170.3
1991-02-01,2168.5,2168.6001,2155.6001,2165.7
1991-02-04,2170.8,2182.3,2169.2,2172.3999
1991-02-05,2198.3999,2202.7,2191.2,2202
1991-02-06,2200.5,2204.8999,2184.8999,2194.8
1991-02-07,2210.2,2244.7,2210.1001,2243.7
1991-02-08,2232.8,2248.2,2232.3999,2245.2
1991-02-11,2252.5,2280.8999,2252.5,2279
1991-02-12,2308.8999,2308.8999,2260.2,2265.1001
1991-02-13,2255.5,2284,2254.5,2267.8
1991-02-14,2278.8,2306,2276.2,2294.3999
1991-02-15,2282.6001,2315.8,2282.6001,2296.8999
1991-02-18,2307,2326.3999,2301.6001,2318.3
1991-02-19,2323.7,2332.1001,2306.5,2318.3
1991-02-20,2305.3999,2312,2296.3,2296.8
1991-02-21,2291.6001,2322.1001,2291.6001,2312.3999
1991-02-22,2312.3,2323.5,2307.3999,2314.3
1991-02-25,2318.3999,2354.5,2317.8999,2335.5
1991-02-26,2329,2333.8999,2319.7,2322.2
1991-02-27,2318.5,2348.2,2306.8,2348
1991-02-28,2367.1001,2388.3999,2365.8999,2380.8999
1991-03-01,2374.8999,2388.5,2368.3999,2386.8999
1991-03-04,2396.3,2396.7,2378.7,2382.8999
1991-03-05,2379.1001,2420.1001,2372.1001,2420.1001
1991-03-06,2458.2,2480.6001,2448.5,2459.8999
1991-03-07,2448.7,2457.8,2437.2,2437.7
1991-03-08,2433.3999,2473.8,2433.3999,2455
1991-03-11,2448,2479.8,2448,2459.1001
1991-03-12,2447.5,2463.3999,2445.1001,2454.8
1991-03-13,2457.6001,2465.3,2445.3,2448.2
1991-03-14,2467.1001,2500.6001,2466.8999,2500.6001
1991-03-15,2500.5,2527.1001,2490.3,2494.2
1991-03-18,2486.2,2491.1001,2477.7,2490.6001
1991-03-19,2490.3,2494.8,2446.7,2459
1991-03-20,2444,2460.1001,2429.8999,2441.2
1991-03-21,2455.5,2478.2,2455.5,2474.8
1991-03-22,2467.1001,2476.1001,2440.1001,2440.5
1991-03-25,2432,2432.3,2417.7,2431.8999
1991-03-26,2425,2437.6001,2413.7,2437.6001
1991-03-27,2457,2471.5,2445.6001,2464.6001
1991-03-28,2460.3,2474.3,2449.3999,2456.5
1991-04-02,2440,2488.6001,2438.6001,2488.3
1991-04-03,2524.1001,2526.8999,2515.2,2519.1001
1991-04-04,2515.1001,2544.7,2515.1001,2524.5
1991-04-05,2532.8,2552.1001,2529.8,2545.3
1991-04-08,2541,2548.1001,2520,2529.8999
1991-04-09,2536.8999,2539,2525.8999,2527.2
1991-04-10,2506,2518.8999,2506,2518.8
1991-04-11,2518.3,2532.1001,2518.1001,2531.6001
1991-04-12,2536.2,2541.7,2521.2,2526.1001
1991-04-15,2526.1001,2551.5,2526.1001,2542.8
1991-04-16,2546.3,2555.3,2518.6001,2519.5
1991-04-17,2535.8999,2545,2524.5,2545
1991-04-18,2551.5,2553.5,2535,2538.3999
1991-04-19,2536.3,2536.8999,2517.3999,2520.1001
1991-04-22,2507.3999,2509.3,2490.8,2490.8
1991-04-23,2489.3,2509.3,2489.3,2503.8
1991-04-24,2504,2509.3999,2483.5,2488.6001
1991-04-25,2492.8,2494.8999,2480.1001,2482.1001
1991-04-26,2480.6001,2487.5,2470.8999,2471.3
1991-04-29,2468.8999,2499.8999,2468.8999,2498.2
1991-04-30,2487.3999,2492.3,2475.6001,2486.2
1991-05-01,2487.3999,2508.5,2480,2508.3999
1991-05-02,2522.3,2539.3,2517,2530.7
1991-05-03,2523.8999,2530.3999,2520.8,2522.7
1991-05-07,2521.8999,2540.5,2521.5,2540.5
1991-05-08,2536.5,2540.3999,2521.8,2523.3999
1991-05-09,2530.3999,2541.8999,2530.2,2541.8
1991-05-10,2552.8,2554.8999,2522.3999,2524.3
1991-05-13,2500.1001,2501.6001,2486.3999,2486.6001
1991-05-14,2490.7,2492.1001,2462.2,2463.7
1991-05-15,2456.3,2466.2,2449.7,2459.3999
1991-05-16,2464.1001,2481.1001,2454.6001,2471.8999
1991-05-17,2473.5,2473.5,2444.6001,2453.8999
1991-05-20,2453,2467.1001,2453,2466.6001
1991-05-21,2471.5,2482.7,2471.5,2482.7
1991-05-22,2488.1001,2492.8999,2464.6001,2465.8999
1991-05-23,2469.3999,2484.6001,2469.3999,2482.8
1991-05-24,2482,2482,2460.1001,2471.1001
1991-05-28,2477,2482.5,2475.6001,2479.7
1991-05-29,2489.8,2493.5,2483,2492.8999
1991-05-30,2495,2495.2,2484.1001,2491.2
1991-05-31,2495.3999,2507.7,2494.8999,2499.5
1991-06-03,2497.8,2523,2497.7,2515.8
1991-06-04,2514.8,2521,2502.8999,2506
1991-06-05,2510.3999,2524.3999,2507.8999,2521.5
1991-06-06,2518.2,2527.7,2518.2,2525.3
1991-06-07,2521.8999,2524.8999,2505.3999,2506.3
1991-06-10,2510.8,2516,2504.7,2511.8999
1991-06-11,2517.8,2543,2517.8,2542.6001
1991-06-12,2538.2,2538.2,2520,2520.2
1991-06-13,2515.2,2522.8999,2510.3999,2514.6001
1991-06-14,2520.8,2523.8999,2516,2522.3
1991-06-17,2521.8,2524.1001,2518.7,2524
1991-06-18,2516.8999,2520.5,2509.1001,2516
1991-06-19,2503.7,2504.2,2484.7,2484.7
1991-06-20,2487,2490.5,2471.6001,2479.8999
1991-06-21,2485.6001,2491.8999,2485.5,2487.5
1991-06-24,2485.5,2485.5,2457.8,2458.3
1991-06-25,2449.7,2469,2449.7,2461.2
1991-06-26,2458.8999,2458.8999,2431.7,2437.3
1991-06-27,2442.7,2454.3999,2441.1001,2452.5
1991-06-28,2451.6001,2451.6001,2414.7,2414.8
1991-07-01,2417,2444.7,2417,2443.6001
1991-07-02,2455.2,2460.3999,2444.3999,2460.2
1991-07-03,2456,2458.3,2448,2453.3
1991-07-04,2452.5,2470.8,2452.5,2470.3999
1991-07-05,2482.1001,2485.1001,2482.1001,2484.7
1991-07-08,2480.2,2480.2,2462.5,2466.8
1991-07-09,2481,2490.8,2480.8999,2487.8999
1991-07-10,2485.8999,2511.6001,2485.8999,2508.3999
1991-07-11,2506.7,2526.1001,2506.7,2510.5
1991-07-12,2510.7,2512.5,2497,2497.3999
1991-07-15,2500,2532.8999,2500,2532.8999
1991-07-16,2544.1001,2561.2,2544.1001,2556.8
1991-07-17,2550.3,2561.6001,2545.2,2561
1991-07-18,2557.1001,2558.1001,2546.6001,2547.3
1991-07-19,2556.8999,2557.5,2541.3,2541.5
1991-07-22,2538.8999,2564.6001,2536.2,2558.5
1991-07-23,2561.3,2594.7,2561.3,2587.8999
1991-07-24,2581.8,2588.3999,2578.6001,2580.5
1991-07-25,2575.6001,2579.6001,2566.8,2579.6001
1991-07-26,2584,2598.1001,2584,2589.3
1991-07-29,2588.8,2612.3999,2588.8,2595
1991-07-30,2595.3,2604,2590.3,2595.6001
1991-07-31,2597.7,2603.6001,2588.3,2588.8
1991-08-01,2586.2,2593.3999,2583.8,2591.7
1991-08-02,2590.7,2609.1001,2589.5,2601.7
1991-08-05,2601.8,2606,2585.3999,2585.3999
1991-08-06,2585.3999,2585.3999,2572.8,2573.3
1991-08-07,2573.3,2598,2573.3,2597.3999
1991-08-08,2597.3999,2600.6001,2588.3999,2600.6001
1991-08-09,2600.6001,2600.6001,2569.7,2570.6001
1991-08-12,2570.5,2570.5,2556.7,2569.3999
1991-08-13,2569.6001,2584.8999,2569.6001,2584.8999
1991-08-14,2584.8999,2611.6001,2584.8999,2608.8
1991-08-15,2608.8,2621.5,2606.6001,2617.2
1991-08-16,2617.2,2630,2611.7,2621
1991-08-19,2615.3,2615.3,2495.7,2540.5
1991-08-20,2571.6001,2572.1001,2554.5,2554.5
1991-08-21,2554.5,2608.7,2554.5,2601.8999
1991-08-22,2601.8999,2640.5,2601.8999,2623
1991-08-23,2623,2641.7,2618.1001,2640.7
1991-08-27,2648.2,2648.2,2619.8,2619.8
1991-08-28,2619.8,2630.6001,2616.3,2624.2
1991-08-29,2635.8,2642.8,2631,2638.1001
1991-08-30,2638.2,2645.7,2632.7,2645.7
1991-09-02,2645.7,2680.3999,2645.2,2679.6001
1991-09-03,2679.6001,2683.7,2667.1001,2669
1991-09-04,2669,2679.8999,2657.7,2664.6001
1991-09-05,2664.6001,2667.8,2659.3,2663.3
1991-09-06,2663.3,2677.7,2663.3,2667.3999
1991-09-09,2667.3999,2670.1001,2648.6001,2653.2
1991-09-10,2653.2,2653.2,2630.1001,2630.8
1991-09-11,2630.8,2637.8999,2621.6001,2626.6001
1991-09-12,2626.6001,2648.2,2626.6001,2641.8999
1991-09-13,2641.8999,2658,2624.8999,2625.8
1991-09-16,2617,2617,2603.7,2606
1991-09-17,2611.2,2612.7,2587.1001,2594.3999
1991-09-18,2593.3,2604.3999,2583.6001,2583.6001
1991-09-19,2588.1001,2591.3999,2564.5,2588.7
1991-09-20,2598.2,2602.5,2580.3999,2600.3
1991-09-23,2596.8999,2596.8999,2579.1001,2579.5
1991-09-24,2573.7,2586.2,2572.6001,2576.6001
1991-09-25,2584.3999,2598,2581.5,2597.8
1991-09-26,2597,2608.8999,2595.6001,2595.6001
1991-09-27,2592.8999,2605.8999,2588.8,2599
1991-09-30,2596,2621.7,2592.6001,2621.7
1991-10-01,2643.3999,2645.6001,2637.6001,2645.6001
1991-10-02,2645.6001,2649.8999,2638.8,2644.2
1991-10-03,2642.8999,2642.8999,2622.1001,2625.6001
1991-10-04,2619.3,2624.8999,2614.8,2624.6001
1991-10-07,2614.6001,2614.6001,2594.2,2596.2
1991-10-08,2590.2,2606.1001,2590.2,2599.5
1991-10-09,2606.7,2607.3,2574.7,2584.1001
1991-10-10,2584.1001,2584.1001,2567.2,2570.8
1991-10-11,2570.8,2578,2555,2555
1991-10-14,2548,2574.5,2538.1001,2574.5
1991-10-15,2587,2588,2572.8,2576.7
1991-10-16,2579.7,2583.3,2571.3,2579
1991-10-17,2597.3,2598.3999,2583.3999,2588.7
1991-10-18,2585.5,2601.1001,2584.7,2601.1001
1991-10-21,2596.8,2601.8,2575.6001,2575.7
1991-10-22,2568.8999,2571.8999,2559.5,2559.5
1991-10-23,2561.1001,2566.5,2557.3999,2561.1001
1991-10-24,2560.5,2569.7,2524.1001,2528.3
1991-10-25,2528.7,2532.1001,2511.8999,2514.7
1991-10-28,2520.3999,2558.3999,2514.8,2558.1001
1991-10-29,2577.1001,2577.8999,2548.7,2553.3
1991-10-30,2553.3,2580,2553.3,2577
1991-10-31,2583.2,2590.1001,2565,2566
1991-11-01,2559,2559,2544,2549.5
1991-11-04,2548.8999,2552.6001,2527,2527.8
1991-11-05,2536.7,2546.5,2530.5,2540.8999
1991-11-06,2533.5,2539.8,2523.8999,2534.2
1991-11-07,2533.3,2548,2531.1001,2538
1991-11-08,2537.5,2564.8,2537.3,2559
1991-11-11,2559,2572.3999,2553.7,2554.8999
1991-11-12,2554.8999,2580.3,2554.8999,2575.5
1991-11-13,2575.5,2575.5,2545.6001,2546.5
1991-11-14,2546.5,2569.2,2546.5,2561.6001
1991-11-15,2560.7,2560.7,2544.8,2546.6001
1991-11-18,2483.6001,2506.8,2483.6001,2502.8999
1991-11-19,2516.6001,2517.3,2450.3999,2463.1001
1991-11-20,2463.1001,2485.6001,2463.1001,2472.6001
1991-11-21,2471.1001,2471.1001,2453.3999,2463.5
1991-11-22,2463.5,2472.3999,2445.2,2446.3
1991-11-25,2432.3999,2456.2,2431.2,2456.2
1991-11-26,2456.2,2483.6001,2456.2,2471.5
1991-11-27,2471.5,2472.3,2444.8999,2447.5
1991-11-28,2447.5,2454.8999,2424.5,2428.6001
1991-11-29,2428.6001,2439.2,2405.6001,2420.2
1991-12-02,2420.2,2420.2,2387.7,2405.2
1991-12-03,2414.8999,2436.8999,2396.8999,2420.2
1991-12-04,2423.8,2441.6001,2423.8,2423.8
1991-12-05,2423.8,2423.8,2386.8999,2407
1991-12-06,2407,2413.6001,2375.3,2388.7
1991-12-09,2380.8,2409.6001,2377,2409.6001
1991-12-10,2408.8,2414.3,2390.5,2392
1991-12-11,2392.3999,2402.6001,2378.2,2380.2
1991-12-12,2383.5,2424,2378.1001,2423.3
1991-12-13,2443.1001,2459.3,2443.1001,2451.6001
1991-12-16,2451.6001,2451.6001,2440,2440.8
1991-12-17,2436.3999,2436.3999,2426.3,2432.8999
1991-12-18,2432.8999,2432.8999,2409.3999,2413.6001
1991-12-19,2413.6001,2413.6001,2373.8,2391.6001
1991-12-20,2391.6001,2391.6001,2356.1001,2358.1001
1991-12-23,2353,2353,2327,2345.3999
1991-12-24,2373.5,2385.3999,2369.3,2384.3999
1991-12-27,2384.3999,2427,2384.3999,2418.7
1991-12-30,2404,2426.6001,2404,2420
1992-01-02,2483.1001,2530.8,2482.5,2492.8
1992-01-03,2499.3999,2515.7,2493.1001,2504.1001
1992-01-06,2523.7,2540.1001,2492.2,2493.2
1992-01-07,2477.1001,2483.5,2465.3,2482.8999
1992-01-08,2475.8999,2475.8999,2441.3,2467.1001
1992-01-09,2467,2500,2467,2497.8999
1992-01-10,2503.6001,2518.3,2476.3999,2477.8999
1992-01-13,2465.1001,2491.6001,2456.8999,2490.1001
1992-01-14,2491.5,2516.3,2490.3,2516.3
1992-01-15,2551.2,2556.8999,2536.3999,2537.1001
1992-01-16,2525.8,2549.3999,2523.3,2541.6001
1992-01-17,2541.6001,2560.8,2536.5,2536.7
1992-01-20,2528.8,2544.8999,2520.3,2544.8999
1992-01-21,2549,2561.6001,2540,2543.3999
1992-01-22,2526.8999,2539.2,2517,2522
1992-01-23,2531.3999,2537.2,2522.6001,2525.3
1992-01-24,2502.6001,2515.7,2493.2,2510.3999
1992-01-27,2528.3,2547.6001,2528.3,2539.8999
1992-01-28,2540.7,2553.3,2540.3999,2552
1992-01-29,2552.8999,2552.8999,2535.1001,2546.5
1992-01-30,2533.8999,2556,2533.8999,2550.8
1992-01-31,2568.3999,2580.2,2565.6001,2571.2
1992-02-03,2563.8,2568.3999,2552.5,2560.2
1992-02-04,2562.6001,2562.6001,2548.6001,2556.8
1992-02-05,2569.1001,2569.1001,2544,2547.1001
1992-02-06,2535.5,2549.6001,2529.7,2534.3
1992-02-07,2530.3,2533.5,2517,2517.2
1992-02-10,2507.3,2540.3,2506,2538.3999
1992-02-11,2548.5,2549.8999,2536.7,2536.7
1992-02-12,2533,2537.2,2523.7,2523.7
1992-02-13,2527,2532.2,2513.8,2522.6001
1992-02-14,2510.7,2518.1001,2500.6001,2513.8999
1992-02-17,2513.2,2541,2512.6001,2541
1992-02-18,2547.1001,2557.1001,2546.8,2555.8999
1992-02-19,2544.7,2554.1001,2530.6001,2536.7
1992-02-20,2545,2555.1001,2531.2,2543.3999
1992-02-21,2555.3,2555.3,2541.8999,2542.3
1992-02-24,2533,2563.1001,2533,2559.7
1992-02-25,2563.7,2572.8,2544.1001,2546.8
1992-02-26,2548.3,2571.1001,2548.2,2565
1992-02-27,2565,2572,2555.1001,2562
1992-02-28,2564,2565.1001,2551.6001,2562.1001
1992-03-02,2551.8999,2554.3,2542.1001,2554.3
1992-03-03,2556.1001,2569.7,2550.3,2565.3999
1992-03-04,2570.1001,2570.1001,2558.3999,2558.3999
1992-03-05,2556.5,2556.5,2534.8999,2538.3
1992-03-06,2531,2542.7,2528.6001,2533.1001
1992-03-09,2522.6001,2552.3,2522.6001,2550.7
1992-03-10,2553.2,2574.8,2553.2,2574.8
1992-03-11,2557.6001,2560.6001,2522.3999,2522.3999
1992-03-12,2517.1001,2517.1001,2491.1001,2493.3
1992-03-13,2499.3999,2499.3999,2474.2,2476
1992-03-16,2484.3999,2484.8999,2457.7,2470.7
1992-03-17,2477.2,2494.3999,2477.2,2491.2
1992-03-18,2478.2,2485,2464.1001,2464.7
1992-03-19,2468.2,2478.1001,2454.8999,2467.6001
1992-03-20,2471.5,2475.7,2446.8999,2456.6001
1992-03-23,2448,2453.1001,2427.8999,2441
1992-03-24,2455.8999,2462.3,2445.3,2458.7
1992-03-25,2453.7,2466.7,2448,2464.8999
1992-03-26,2465.8999,2479,2463.3999,2472.2
1992-03-27,2466.8999,2466.8999,2441.8,2447.8999
1992-03-30,2436.8999,2453.5,2436.8,2452.8999
1992-03-31,2458.7,2465.6001,2439.8,2440.1001
1992-04-01,2383.8,2413.3999,2383.8,2408.6001
1992-04-02,2422.8999,2424.1001,2394.1001,2405.3999
1992-04-03,2398.1001,2398.1001,2379.5,2382.7
1992-04-06,2376.6001,2404.3999,2376.6001,2400.8999
1992-04-07,2412.8999,2417.7,2402.2,2404.2
1992-04-08,2374.2,2403.5,2374.1001,2393.2
1992-04-09,2401.1001,2436.5,2401.1001,2436.3999
1992-04-10,2568.6001,2587,2549.6001,2572.6001
1992-04-13,2570.8,2606.5,2570.8,2591
1992-04-14,2585.2,2603.5,2585.2,2600.5
1992-04-15,2621.7,2640.2,2620.2,2640.2
1992-04-16,2667,2673.3999,2635.3,2638.6001
1992-04-21,2617.7,2627.7,2615.6001,2625.8
1992-04-22,2631.3999,2641.2,2607.8,2607.8
1992-04-23,2610.3999,2630.1001,2605.7,2609.8
1992-04-24,2610.8,2643,2598.8999,2643
1992-04-27,2640.8999,2659.8,2640.8999,2658.2
1992-04-28,2660,2660,2635.6001,2651
1992-04-29,2653.7,2673.5,2650.3999,2664.8999
1992-04-30,2668.1001,2668.5,2641,2654.1001
1992-05-01,2659.8999,2672.7,2650.5,2659.8
1992-05-05,2679.7,2683,2658.3999,2662.2
1992-05-06,2657,2698.7,2652.7,2698.7
1992-05-07,2703.3999,2714.1001,2697.8,2701.8999
1992-05-08,2696.2,2734.8,2695.3,2725.7
1992-05-11,2731.3999,2744.5,2730.2,2737.8
1992-05-12,2743,2743,2718.8999,2722.3999
1992-05-13,2717.5,2728.1001,2717.5,2720.5
1992-05-14,2721.5,2734.8999,2692.5,2694.7
1992-05-15,2674.5,2684.6001,2673.8999,2682.6001
1992-05-18,2679.6001,2704.5,2678.6001,2703.6001
1992-05-19,2686.2,2707.5,2686.2,2700.6001
1992-05-20,2713.2,2725,2707.3999,2711.8999
1992-05-21,2708.7,2710.1001,2697.8,2702
1992-05-22,2704.2,2714.3,2697.5,2714.3
1992-05-26,2721.7,2727.1001,2704.6001,2704.6001
1992-05-27,2697,2698.6001,2688.3999,2698.6001
1992-05-28,2697.8,2707,2689.3999,2694.2
1992-05-29,2703.8999,2707.7,2695.3,2707.6001
1992-06-01,2696.8999,2703.6001,2692.7,2697.6001
1992-06-02,2709.7,2717.3999,2705.5,2705.8999
1992-06-03,2695,2708.3999,2675.3,2680.8999
1992-06-04,2683.8999,2683.8999,2665.2,2681.8999
1992-06-05,2679.3999,2682,2664.7,2668.5
1992-06-08,2668.5,2668.5,2645.6001,2645.8
1992-06-09,2649.8999,2653.1001,2635.3,2635.3999
1992-06-10,2626.8,2647,2626.8,2636.1001
1992-06-11,2626.8999,2631.3,2610.5,2614.1001
1992-06-12,2621.5,2621.7,2601.3999,2603.7
1992-06-15,2603.7,2603.7,2577.8,2593.6001
1992-06-16,2599.8999,2616.3,2599.8999,2616.3
1992-06-17,2603.3999,2606,2595,2598.3999
1992-06-18,2570.7,2578.3999,2558.6001,2562.7
1992-06-19,2574.2,2590.8999,2573.8,2584.8
1992-06-22,2573.3999,2573.3999,2550.1001,2550.3
1992-06-23,2561.6001,2564,2539.6001,2560.6001
1992-06-24,2558.6001,2559.1001,2527.6001,2532.6001
1992-06-25,2545.7,2558.2,2545.6001,2557.3
1992-06-26,2526.7,2547.1001,2525.1001,2534.1001
1992-06-29,2532.2,2548.2,2515.6001,2515.8
1992-06-30,2515.8,2521.2,2502.2,2521.2
1992-07-01,2525.8999,2529.3999,2488.1001,2493.8999
1992-07-02,2504,2505.8999,2471.2,2476.1001
1992-07-03,2467.7,2500.1001,2467.5,2497.1001
1992-07-06,2495,2495.3,2463,2469
1992-07-07,2478.3,2494.3,2467.6001,2493.7
1992-07-08,2476.3999,2481.6001,2454.6001,2472.6001
1992-07-09,2479.3,2499.2,2465.7,2497.8999
1992-07-10,2504.3,2507,2489.3999,2490.8
1992-07-13,2482.8999,2492.5,2473.7,2478.3
1992-07-14,2472.5,2484,2461.6001,2484
1992-07-15,2499.1001,2501.1001,2484.3999,2486.3999
1992-07-16,2483.8999,2507.1001,2478.3999,2483.3999
1992-07-17,2483.5,2483.5,2430.8999,2431.8999
1992-07-20,2409.2,2417.6001,2367.1001,2403.7
1992-07-21,2425.8999,2426.6001,2404.2,2415.6001
1992-07-22,2407.8,2407.8,2376.8,2387.8999
1992-07-23,2389,2399.6001,2374.1001,2399.5
1992-07-24,2398.8999,2399,2361.7,2377.2
1992-07-27,2375.2,2376.3,2347.3999,2348
1992-07-28,2351.8,2373.3999,2351.8,2373.3999
1992-07-29,2397.1001,2424.3,2386.5,2423.2
1992-07-30,2437.6001,2439.7,2410.3,2411.6001
1992-07-31,2411.7,2411.8,2396.8,2399.6001
1992-08-03,2391.6001,2420.6001,2389,2420.2
1992-08-04,2427.7,2434.8,2407.5,2407.5
1992-08-05,2401.1001,2401.5,2392.7,2392.8
1992-08-06,2388.7,2391.6001,2360.7,2377.6001
1992-08-07,2368.3,2368.3,2344.8999,2350.1001
1992-08-10,2331.8,2334,2318,2325.7
1992-08-11,2330.8999,2330.8999,2294.7,2309.6001
1992-08-12,2315.6001,2326.7,2299.3,2303.1001
1992-08-13,2303,2323.7,2293.2,2318
1992-08-14,2314.6001,2358.2,2311.8,2356.8
1992-08-17,2362.8,2376.1001,2356.8,2376.1001
1992-08-18,2371.8999,2371.8999,2351.8999,2354.7
1992-08-19,2352.6001,2367.1001,2344.8999,2363.5
1992-08-20,2357.3,2376.5,2357.1001,2359.3999
1992-08-21,2362.5,2376.3,2362.5,2365.7
1992-08-24,2320.3999,2334.2,2306,2311.1001
1992-08-25,2303.2,2304.2,2260.6001,2281
1992-08-26,2289.1001,2292.8,2273.8999,2285
1992-08-27,2303.2,2317.5,2300.5,2311.6001
1992-08-28,2313.5,2314.6001,2298.3999,2312.6001
1992-09-01,2312.8,2313.3,2296.5,2298.3999
1992-09-02,2291.3,2314.1001,2282.3999,2313
1992-09-03,2334.2,2384.3,2332.3,2381.8999
1992-09-04,2379.2,2396.3999,2352.1001,2362.2
1992-09-07,2359.2,2385.7,2358.3,2372.2
1992-09-08,2377.5,2389.1001,2336.8,2337.7
1992-09-09,2322.8999,2335.3999,2321.6001,2327.5
1992-09-10,2333.5,2343.5,2331.2,2340.6001
1992-09-11,2357.3999,2373.3999,2346.5,2370.8999
1992-09-14,2470.3999,2470.3999,2407,2422.1001
1992-09-15,2416.2,2416.2,2367.1001,2370
1992-09-16,2341.8,2378.3,2291.3,2378.3
1992-09-17,2485.1001,2487.7,2404.1001,2483.8999
1992-09-18,2483.3999,2577.7,2483.2,2567
1992-09-21,2551.3999,2611.2,2551.3999,2560.1001
1992-09-22,2545.7,2598.3999,2545.2,2586
1992-09-23,2579.6001,2603.8999,2567.8,2580.5
1992-09-24,2583.3,2621.2,2583.3,2621.2
1992-09-25,2656,2657.3,2601,2601
1992-09-28,2574.7,2582.8999,2559.8999,2560
1992-09-29,2558.2,2568.6001,2531.5,2565.5
1992-09-30,2557.3,2562.2,2543.3999,2553
1992-10-01,2558,2587.3,2552.7,2572.3
1992-10-02,2569.6001,2585,2544.8999,2549.7
1992-10-05,2525.1001,2525.1001,2446.3,2446.3
1992-10-06,2485,2488.3999,2467.6001,2488.3999
1992-10-07,2511.1001,2526.8999,2500.3999,2517.1001
1992-10-08,2522.5,2547.3,2521.8999,2538.8
1992-10-09,2549.6001,2566.8,2541,2541.2
1992-10-12,2535.7,2558.8999,2530.5,2557.2
1992-10-13,2566.7,2587.7,2549.5,2584.7
1992-10-14,2584.1001,2586.8,2562.8999,2574.7
1992-10-15,2552.6001,2558,2536.6001,2546.6001
1992-10-16,2544.3999,2588,2536.1001,2563.8999
1992-10-19,2555.8999,2563.2,2542.8,2562.2
1992-10-20,2573.7,2617.5,2573.7,2617
1992-10-21,2636.3999,2660.8,2636.3999,2645.7
1992-10-22,2642.8,2681.8999,2642.3,2658.1001
1992-10-23,2643.1001,2677,2639.8999,2669.7
1992-10-26,2670,2675,2656.5,2661.6001
1992-10-27,2672.5,2678,2640.8999,2669.8
1992-10-28,2666.3999,2666.3999,2643.5,2650.3999
1992-10-29,2650,2660.5,2628.2,2642.3
1992-10-30,2649.3,2660.6001,2648,2658.3
1992-11-02,2657.6001,2687.8,2649.1001,2687.8
1992-11-03,2712.7,2713.3999,2697.7,2705.6001
1992-11-04,2704.5,2710.2,2691.6001,2691.7
1992-11-05,2682.7,2713.3,2681.3999,2711.1001
1992-11-06,2714.8,2715.1001,2701,2702.7
1992-11-09,2702.8999,2705.8,2694.2,2695.3999
1992-11-10,2696.3,2718.1001,2689.6001,2714.6001
1992-11-11,2719.1001,2720.7,2695.5,2696.8
1992-11-12,2705.6001,2733.8,2705.6001,2726.3999
1992-11-13,2717.8999,2718.3,2696.3,2697.5
1992-11-16,2688.3,2694.8999,2678.3,2679.6001
1992-11-17,2669,2686.7,2667.5,2679.2
1992-11-18,2679.6001,2706.3999,2670.7,2704
1992-11-19,2710.5,2712.6001,2701.8999,2706.2
1992-11-20,2704.8999,2732.8999,2701.8999,2732.3999
1992-11-23,2730.1001,2745.2,2719.7,2722.8999
1992-11-24,2720.3999,2729,2704.6001,2727.1001
1992-11-25,2727.5,2728,2708.6001,2709.6001
1992-11-26,2710.3999,2741.8,2710.3999,2741.8
1992-11-27,2747.2,2761.8999,2738,2760.1001
1992-11-30,2760.2,2784.1001,2759.3999,2778.8
1992-12-01,2772.3,2794.7,2768.2,2792
1992-12-02,2774.7,2784.3,2762.1001,2764.1001
1992-12-03,2758.2,2777.7,2758,2771
1992-12-04,2775.7,2775.7,2753.7,2759.3999
1992-12-07,2759.2,2776,2751.8,2754.5
1992-12-08,2750.5,2769.8999,2745.7,2769.8
1992-12-09,2773.8,2775.1001,2749.3999,2750.7
1992-12-10,2740.5,2749.2,2725.8999,2726.5
1992-12-11,2716.6001,2720.5,2704.2,2716.2
1992-12-14,2709.3,2726.1001,2709.3,2721.8
1992-12-15,2717.8,2723.3,2710.3999,2717.8999
1992-12-16,2715.2,2732.8999,2713.1001,2732.8
1992-12-17,2725.3,2748,2725.3,2740.3
1992-12-18,2743,2789.7,2743,2789.7
1992-12-21,2794.1001,2807.7,2788.2,2807.7
1992-12-22,2806.8,2845.6001,2805.3999,2842
1992-12-23,2841.1001,2841.3,2818.8999,2827.3999
1992-12-24,2831.5,2840.6001,2824.6001,2827.5
1992-12-29,2828.3,2848.8999,2825.5,2847.8
1992-12-30,2836.5,2844.3,2829.3,2832.5
1992-12-31,2839.2,2846.7,2839,2846.5
1993-01-04,2841.8,2867.8999,2830.3,2861.5
1993-01-05,2859.6001,2869.3,2830.1001,2833.6001
1993-01-06,2828.8999,2839.2,2823.6001,2826
1993-01-07,2823.5,2825.5,2805.5,2816.5
1993-01-08,2802,2813.1001,2797.8999,2799.2
1993-01-11,2801.3,2801.3999,2761.5,2773.3999
1993-01-12,2774.2,2778.3999,2757.3999,2757.8999
1993-01-13,2759.3,2768.3,2740.7,2745.3
1993-01-14,2750.8999,2771.3,2750.8999,2759.2
1993-01-15,2756.6001,2768.3999,2749.3999,2765.1001
1993-01-18,2766.5,2775.6001,2757.3999,2763.1001
1993-01-19,2756.1001,2759.3,2735.8999,2737.6001
1993-01-20,2730.6001,2748.7,2727.6001,2748.7
1993-01-21,2751.6001,2773.7,2745.5,2773.3
1993-01-22,2776,2794.6001,2773.3999,2781.2
1993-01-25,2780.1001,2783.1001,2763.8999,2771.8999
1993-01-26,2776.5,2836.2,2772.8999,2835.7
1993-01-27,2842.8999,2853.8999,2829.6001,2832.5
1993-01-28,2821.1001,2836,2815.7,2816.8999
1993-01-29,2821.6001,2821.6001,2798.2,2807.2
1993-02-01,2807.2,2854.5,2807.2,2851.6001
1993-02-02,2849.7,2859.7,2829.7,2834.3999
1993-02-03,2833.3,2873.8,2832.5,2873.8
1993-02-04,2897.1001,2900.1001,2865.3999,2865.8999
1993-02-05,2867.2,2883.5,2853.6001,2862.8999
1993-02-08,2864.6001,2881.1001,2863.7,2870
1993-02-09,2871.5,2871.7,2823,2831.3
1993-02-10,2824.8999,2832.3999,2810.2,2816.3999
1993-02-11,2829.7,2840.7,2820,2834.3
1993-02-12,2836,2854.8,2814.1001,2843
1993-02-15,2839.1001,2854.7,2837,2845.8999
1993-02-16,2847,2852,2808,2812.2
1993-02-17,2794.1001,2820.8,2794.1001,2814
1993-02-18,2823,2852.1001,2823,2837.7
1993-02-19,2831,2845.6001,2831,2840
1993-02-22,2832.8,2842.3,2832.2,2838.3
1993-02-23,2841.8,2852.5,2813.3999,2818
1993-02-24,2818.3999,2821.7,2810.1001,2817
1993-02-25,2828.2,2829.3,2809.3999,2828.7
1993-02-26,2836.8,2873.3,2834.6001,2868
1993-03-01,2861.3999,2884.8999,2858.3,2882.6001
1993-03-02,2880.6001,2883,2871.7,2882.3
1993-03-03,2904.7,2922,2897.6001,2918.6001
1993-03-04,2909.3999,2922.5,2902.5,2904.8
1993-03-05,2911.5,2925,2907.7,2922.1001
1993-03-08,2923.5,2958.3,2923.5,2957.3
1993-03-09,2981.3,2981.3,2946.1001,2949.8999
1993-03-10,2950.7,2961.8,2944.3999,2956.7
1993-03-11,2958.3999,2958.3999,2942.7,2953.3999
1993-03-12,2934.1001,2937.7,2904.8,2915.8999
1993-03-15,2909.1001,2928.2,2908.7,2922.3999
1993-03-16,2924.6001,2930.3999,2908.3,2919.3
1993-03-17,2903.3999,2903.3999,2883.1001,2889.8999
1993-03-18,2889.8999,2896.7,2879.6001,2879.7
1993-03-19,2877.2,2903.6001,2868.2,2900.1001
1993-03-22,2898.6001,2898.6001,2858.7,2863.8999
1993-03-23,2868.7,2873.3999,2851,2861.1001
1993-03-24,2857.8,2860.8,2843.7,2860.6001
1993-03-25,2860.5,2861.7,2833.3999,2852.8
1993-03-26,2864.8999,2873.7,2852.7,2852.8999
1993-03-29,2833.7,2848.3999,2833,2846.5
1993-03-30,2859.5,2864.3,2850,2861
1993-03-31,2867.8,2886.3,2867.8,2878.7
1993-04-01,2871.2,2887.8999,2871.2,2878.3999
1993-04-02,2870,2897.5,2864.5,2869.8999
1993-04-05,2846.6001,2855.1001,2835.1001,2838.8
1993-04-06,2848.2,2850.1001,2828.6001,2832.2
1993-04-07,2831.1001,2837,2800.6001,2822.1001
1993-04-08,2827.2,2827.2,2816.1001,2821.8
1993-04-13,2845.5,2846.8,2824.3999,2846.8
1993-04-14,2853.1001,2855.8999,2838.3,2842.1001
1993-04-15,2847.1001,2854.1001,2839,2839.7
1993-04-16,2837.6001,2839.5,2817.1001,2824.3999
1993-04-19,2822.8,2844.2,2822.8,2830
1993-04-20,2830,2856.2,2830,2856.1001
1993-04-21,2863.3,2875.2,2862.8999,2869.6001
1993-04-22,2872.8999,2881.2,2868.5,2881.1001
1993-04-23,2872,2872,2843.3999,2843.8
1993-04-26,2844.3,2844.3,2822,2822.3
1993-04-27,2814,2832.7,2811.8,2832.7
1993-04-28,2843.6001,2844.2,2787.1001,2797.3
1993-04-29,2794.7,2794.7,2773.7,2786.8
1993-04-30,2793.7,2813.6001,2793.6001,2813.1001
1993-05-04,2819.8999,2822.8999,2812,2812.6001
1993-05-05,2809.2,2809.7,2786.3999,2796.5
1993-05-06,2801.1001,2806,2783.8999,2786.3
1993-05-07,2780.7,2793.7,2772.2,2793.7
1993-05-10,2794.8,2829.8,2793.5,2829.8
1993-05-11,2827.5,2836.1001,2823.6001,2836.1001
1993-05-12,2844.3999,2861.8,2844.3999,2860.8
1993-05-13,2864,2867.3999,2849.3,2849.3
1993-05-14,2842.1001,2848.8999,2838.1001,2847
1993-05-17,2847,2858.7,2840.5,2858.1001
1993-05-18,2863.8999,2869.2,2845.8999,2847.3
1993-05-19,2845.8999,2848,2817.7,2819.7
1993-05-20,2831.6001,2832.8,2814.6001,2816.8
1993-05-21,2822.7,2823.5,2801.1001,2812.2
1993-05-24,2811.8,2825.6001,2804.3,2825.6001
1993-05-25,2828.3,2837.7,2828.2,2837.7
1993-05-26,2838.8,2846.8999,2832.5,2846.8999
1993-05-27,2850.3,2860.5,2844.1001,2855.3
1993-05-28,2854.2,2855.5,2838.8999,2840.7
1993-06-01,2836.5,2849.2,2822.6001,2849.2
1993-06-02,2857.8999,2868.7,2857.8999,2863
1993-06-03,2857.3,2857.8,2844.8999,2852.8
1993-06-04,2852.1001,2854.6001,2829.8,2829.8999
1993-06-07,2829.8999,2849.8,2829.8999,2844.8
1993-06-08,2845,2854.8999,2842.3999,2844.3999
1993-06-09,2837.3999,2868.2,2837.3999,2866.8999
1993-06-10,2870.8999,2870.8999,2854.2,2860
1993-06-11,2851.5,2864.8,2849.2,2861.8
1993-06-14,2863.3,2891.6001,2863,2885.5
1993-06-15,2884.3,2886,2869.7,2870
1993-06-16,2867.8,2888.3,2867.8,2883
1993-06-17,2886.1001,2889.2,2874.6001,2875.7
1993-06-18,2878.2,2887.6001,2877.8,2879.3999
1993-06-21,2873.6001,2903.3999,2868.3,2903.3999
1993-06-22,2912.8999,2917.2,2905.3,2907.6001
1993-06-23,2906.3,2917,2899.2,2900.7
1993-06-24,2888.3999,2897.7,2887.8999,2894.7
1993-06-25,2893.6001,2894.3,2883.2,2887.5
1993-06-28,2892,2903.8,2891.8,2897
1993-06-29,2904.1001,2905,2883.1001,2886
1993-06-30,2884.1001,2900,2884,2900
1993-07-01,2901.3,2906.7,2888.7,2888.8
1993-07-02,2880.1001,2880.2,2857,2857.7
1993-07-05,2852.3,2852.3,2835.8,2838.5
1993-07-06,2843,2851.3999,2842.8,2848.1001
1993-07-07,2841.7,2848.3,2829.2,2848.3
1993-07-08,2851.3,2859.3999,2842.2,2845.8999
1993-07-09,2853.3999,2858.2,2843.1001,2843.2
1993-07-12,2842.7,2851.3999,2827.1001,2830.8999
1993-07-13,2832.8999,2837.3999,2827.5,2837.1001
1993-07-14,2833,2835,2826.7,2832.3
1993-07-15,2834.7,2837.8999,2830.1001,2831.7
1993-07-16,2831,2833,2822.3999,2833
1993-07-19,2826.3,2846.7,2826.3,2842.8999
1993-07-20,2846.2,2849,2818.6001,2823.8999
1993-07-21,2827.2,2827.2,2801.8,2814.1001
1993-07-22,2818.3,2820.8999,2811.8999,2820.1001
1993-07-23,2801.3999,2832,2801.2,2827.7
1993-07-26,2831.3,2846,2831.2,2844.2
1993-07-27,2851.6001,2880.1001,2851.6001,2879.3999
1993-07-28,2881.8,2895.7,2880.8,2884.2
1993-07-29,2883.8999,2917.6001,2883.8999,2917.6001
1993-07-30,2918,2939.5,2912.1001,2926.5
1993-08-02,2920.3,2954.5,2919.5,2941.7
1993-08-03,2941.8,2947.3,2936.7,2945
1993-08-04,2946,2946.3,2930.8,2941.3
1993-08-05,2932.8,2943.3999,2925.7,2943.3999
1993-08-06,2948.6001,2974.3999,2948.6001,2969.8
1993-08-09,2972.6001,2986.8,2972.6001,2986.3999
1993-08-10,2990.1001,2991.6001,2971.6001,2971.6001
1993-08-11,2970.1001,3010.1001,2964.5,3006.1001
1993-08-12,3006.1001,3022.3999,3004.3,3009.1001
1993-08-13,3001.7,3010.2,2992.5,3010.1001
1993-08-16,3002.1001,3016.6001,3002,3008.3
1993-08-17,3013.3999,3025,3001.8,3025
1993-08-18,3034.1001,3076.2,3034.1001,3073.6001
1993-08-19,3076.8,3089.2,3054.8,3065.5
1993-08-20,3065.8,3077.7,3056.5,3057.6001
1993-08-23,3050.1001,3056.3999,3035.6001,3042
1993-08-24,3047.1001,3058.3999,3046.8999,3049.3
1993-08-25,3058.3999,3081.8,3058.3999,3079.2
1993-08-26,3084.1001,3085,3058.6001,3079.2
1993-08-27,3085.3999,3103.7,3085.3999,3100.6001
1993-08-31,3106.3999,3115.1001,3096.6001,3100
1993-09-01,3099.7,3099.7,3070.3,3085.1001
1993-09-02,3084.2,3094,3072.2,3072.6001
1993-09-03,3064.3,3075.8,3057.2,3057.3
1993-09-06,3052.8,3059.7,3049.7,3059
1993-09-07,3060.6001,3063.3999,3036,3038.6001
1993-09-08,3021.6001,3037.6001,3021.6001,3035.3999
1993-09-09,3030.1001,3045.1001,3024.6001,3031.2
1993-09-10,3033.2,3041.1001,3031.3999,3037
1993-09-13,3039.8999,3041.6001,3017.7,3024.8
1993-09-14,3021.5,3035.3,3014.3,3028
1993-09-15,3031.6001,3032.6001,2986,2989.3999
1993-09-16,2993.7,3004,2985.1001,3003.8999
1993-09-17,3002.8999,3020.3999,2991.3999,3005.5
1993-09-20,3001.3999,3005.6001,2987.5,3004.5
1993-09-21,2995.8,3004.7,2990,3001.6001
1993-09-22,2991.8,3007.5,2975,3007.5
1993-09-23,3016.2,3018.3999,2998.5,3001.3
1993-09-24,3005,3006.8999,3002.2,3005.2
1993-09-27,3013.3999,3029.8999,3001.1001,3026.3
1993-09-28,3026.1001,3045.3999,3023.2,3036.8999
1993-09-29,3032.3999,3038.7,3022.6001,3030.1001
1993-09-30,3037.1001,3043.5,3034.7,3037.5
1993-10-01,3039.1001,3040.3,3026.8,3039.3
1993-10-04,3032.5,3069,3032.5,3067.7
1993-10-05,3069.5,3096.3999,3069.5,3085.2
1993-10-06,3090.2,3116.3,3090.2,3100.8
1993-10-07,3101.3,3110.6001,3088.7,3092.3999
1993-10-08,3089.8,3108.6001,3084.1001,3108.6001
1993-10-11,3107.1001,3117.1001,3098,3102.2
1993-10-12,3103.8,3115.2,3093,3094.7
1993-10-13,3091.6001,3095.8,3071.2,3080.8999
1993-10-14,3084.3999,3086.3,3067.5,3086.3
1993-10-15,3105.1001,3126.7,3100.8999,3120.8
1993-10-18,3126,3142.8,3126,3137.6001
1993-10-19,3141.3,3141.3,3123.8,3129.6001
1993-10-20,3125.8,3156.8999,3123.8999,3156.3
1993-10-21,3161.8,3188.3,3149.3,3188.3
1993-10-22,3194.1001,3199.2,3185.7,3199
1993-10-25,3195.6001,3195.6001,3176.2,3184.8
1993-10-26,3191.2,3193.6001,3164.8,3165.3
1993-10-27,3162.3999,3171.1001,3152.2,3154.3
1993-10-28,3152.6001,3166.8999,3146.5,3163
1993-10-29,3165.5,3172.3,3162,3171
1993-11-01,3170.3999,3170.7,3147.8999,3164.3999
1993-11-02,3174.6001,3176.2,3160.8,3164.1001
1993-11-03,3159.3999,3164.6001,3155.5,3162.3
1993-11-04,3142.6001,3157.6001,3133.8999,3149
1993-11-05,3127.8999,3127.8999,3083.3,3085.6001
1993-11-08,3091.8999,3096.5,3065.1001,3077.6001
1993-11-09,3081.3999,3096,3072.2,3096
1993-11-10,3087.8,3115,3080.7,3098.5
1993-11-11,3109,3111.5,3099.7,3099.7
1993-11-12,3087.8999,3099.3,3074.8999,3099.1001
1993-11-15,3095,3109.3999,3092.1001,3093.3
1993-11-16,3084,3108.1001,3082.8999,3097.5
1993-11-17,3105.7,3126.1001,3099,3120
1993-11-18,3130.7,3138.3,3119.5,3125.5
1993-11-19,3120.8,3120.8999,3104.2,3108
1993-11-22,3100.2,3100.7,3069.2,3070.6001
1993-11-23,3059.8999,3090.1001,3050.6001,3069.3
1993-11-24,3068.6001,3076.3,3061.3999,3067.2
1993-11-25,3063.3,3093.1001,3063,3093.1001
1993-11-26,3098.5,3123.3999,3094.7,3111.3999
1993-11-29,3105.6001,3144.1001,3105.6001,3135.8
1993-11-30,3138.5,3168.7,3138.5,3166.8999
1993-12-01,3197.5,3250.1001,3190.3,3233.2
1993-12-02,3235,3258.3,3223.8999,3223.8999
1993-12-03,3214.8999,3240.8,3212.2,3234.2
1993-12-06,3229.5,3243.6001,3224.3,3237.3
1993-12-07,3236.2,3241.6001,3218.3999,3237.3
1993-12-08,3233.8999,3279.5,3233.8999,3277.3999
1993-12-09,3283.7,3300.1001,3263.6001,3271.6001
1993-12-10,3266,3282.3999,3254.8999,3261.3
1993-12-13,3258.8,3269.1001,3248.6001,3254.6001
1993-12-14,3261.6001,3277.6001,3243.3,3248.3999
1993-12-15,3247.3999,3282.5,3247.3999,3278.8
1993-12-16,3293,3313.6001,3292.7,3311.2
1993-12-17,3329.8,3350.8,3329.7,3337.1001
1993-12-20,3340,3369,3339,3364.8999
1993-12-21,3365.8999,3378.6001,3339.8999,3342.3999
1993-12-22,3335.7,3359.1001,3333.1001,3355.7
1993-12-23,3373.5,3400.3,3373.5,3396.5
1993-12-24,3397.1001,3412.3999,3396.5,3412.3
1993-12-29,3427.7,3474.2,3427.7,3462
1993-12-30,3477.2,3480.8,3428.6001,3428.8
1993-12-31,3428.1001,3445.3,3416.6001,3418.3999
1994-01-04,3427.2,3427.8999,3380.3999,3408.5
1994-01-05,3417.6001,3419.3999,3379.1001,3379.2
1994-01-06,3355.6001,3407.7,3355.3,3403
1994-01-07,3401.3999,3446.8,3398.7,3446
1994-01-10,3464.8999,3468.1001,3430,3440.6001
1994-01-11,3443.3,3443.3,3413.5,3413.8
1994-01-12,3395.2,3402.3999,3372,3372
1994-01-13,3380.1001,3383.3,3356.8999,3360
1994-01-14,3370.7,3405.6001,3369.3999,3400.6001
1994-01-17,3405.3,3421.1001,3397.3999,3407.8
1994-01-18,3416.3999,3439.6001,3410,3437
1994-01-19,3451.1001,3484.5,3451.1001,3475.1001
1994-01-20,3463,3476,3458.8999,3470
1994-01-21,3477.7,3496.1001,3463.3,3484.2
1994-01-24,3486.8999,3487.3999,3462.3,3481.3999
1994-01-25,3484.7,3486.3,3444,3444
1994-01-26,3436.3999,3450.3,3432.8,3436.1001
1994-01-27,3442.3999,3444.3999,3425.3999,3427.3
1994-01-28,3412.3,3448.3999,3403.3,3447.3999
1994-01-31,3456.6001,3491.8,3456.6001,3491.8
1994-02-01,3510.8999,3514.3,3471,3481.5
1994-02-02,3471.2,3520.3999,3467.8,3520.3
1994-02-03,3537.3,3539.2,3490.8,3491.5
1994-02-04,3499.5,3499.8999,3471.6001,3475.3999
1994-02-07,3405.2,3419.1001,3382,3419.1001
1994-02-08,3446.8999,3471.7,3424.2,3440.2
1994-02-09,3423.3999,3435.1001,3403.7,3429.1001
1994-02-10,3444.5,3446.1001,3400.3,3407
1994-02-11,3382.3,3388.3,3349.3,3378.8999
1994-02-14,3372.7,3379.8,3350.2,3363.5
1994-02-15,3366.3999,3393.2,3366.3999,3393.2
1994-02-16,3400.3,3423.2,3394,3417.7
1994-02-17,3423.8999,3437.6001,3404.5,3425.3
1994-02-18,3406,3414.3,3382.2,3382.6001
1994-02-21,3353.3,3371.8999,3347.8999,3350.3
1994-02-22,3353.3,3357.3999,3320.3,3333.7
1994-02-23,3339.8999,3355,3335.8999,3341.8999
1994-02-24,3324.3,3324.3,3265.8,3267.5
1994-02-25,3251.3,3283.3,3243.3999,3281.2
1994-02-28,3286,3328.1001,3286,3328.1001
1994-03-01,3323,3328.8,3270.6001,3270.6001
1994-03-02,3256.1001,3256.1001,3195.7,3248.1001
1994-03-03,3278.3999,3278.6001,3230.8999,3246.5
1994-03-04,3255.1001,3278.3999,3249.3,3278
1994-03-07,3286.8999,3310.7,3286.8999,3305.8999
1994-03-08,3313.6001,3316.1001,3264.3,3264.3999
1994-03-09,3264.6001,3270.5,3246.7,3246.7
1994-03-10,3254.1001,3264,3233.8999,3233.8999
1994-03-11,3212.8,3227.3999,3190.1001,3191.8999
1994-03-14,3202.6001,3236.1001,3202.6001,3233.3999
1994-03-15,3231,3269.5,3230.6001,3267.3999
1994-03-16,3262.5,3265.7,3242.3,3242.8999
1994-03-17,3248.3,3262.8999,3248.3,3255.7
1994-03-18,3246.3,3246.5,3197.7,3218.1001
1994-03-21,3213.1001,3213.8999,3197,3198
1994-03-22,3207.1001,3220.1001,3186.8999,3201.5
1994-03-23,3213.7,3224.6001,3153.5,3155.3
1994-03-24,3145.2,3155.3,3111.8,3121.7
1994-03-25,3117.7,3133.5,3088.5,3129
1994-03-28,3111.6001,3150.2,3110.7,3129.5
1994-03-29,3135.7,3144.8999,3121.3,3123.3999
1994-03-30,3087.1001,3117.7,3076.8999,3092.3999
1994-03-31,3071.3,3093.3999,3061.8999,3086.3999
1994-04-05,3059.8999,3116.2,3047,3116.2
1994-04-06,3142.7,3145.3999,3129.6001,3131.5
1994-04-07,3133.3,3143.5,3117,3129
1994-04-08,3138.1001,3138.1001,3118.8,3120.8
1994-04-11,3112.8,3149.5,3112.8,3149.3999
1994-04-12,3170.1001,3180.7,3159,3159.1001
1994-04-13,3159.7,3165.2,3144.8,3145.8
1994-04-14,3133.8999,3141.5,3113.2,3131.7
1994-04-15,3139,3168.6001,3134.3,3168.3
1994-04-18,3186.3999,3191.3999,3137.7,3138.2
1994-04-19,3131.2,3145.5,3113.7,3128
1994-04-20,3129.3999,3138.5,3096.8999,3098.3
1994-04-21,3090.6001,3102.3999,3090.1001,3101.2
1994-04-22,3129.6001,3136.5,3115.8999,3133.7
1994-04-25,3134,3134.3999,3106.1001,3106.1001
1994-04-26,3125.2,3137.7,3118.8999,3125.3
1994-04-27,3125.5,3150,3125.2,3150
1994-04-28,3154.3999,3167.3,3129.2,3129.8999
1994-04-29,3117.8,3130,3105.6001,3125.3
1994-05-03,3131.8999,3133,3095.8,3100
1994-05-04,3094.6001,3094.6001,3067.6001,3070.5
1994-05-05,3068.5,3106.3,3056.2,3106
1994-05-06,3110.5,3121.6001,3092.3,3106
1994-05-09,3096.3999,3099.7,3080.7,3097.8
1994-05-10,3097.3999,3138.7,3097.3999,3136.3
1994-05-11,3147.8,3147.8,3122.1001,3130.5
1994-05-12,3107.6001,3138.8,3105.5,3137.8
1994-05-13,3141.5,3141.8999,3116.2,3119.2
1994-05-16,3112.8999,3133.6001,3112.5,3115.6001
1994-05-17,3107.1001,3125.2,3107,3123.5
1994-05-18,3154.8999,3157.5,3115.8,3116.5
1994-05-19,3121.1001,3131.1001,3118.2,3122.8
1994-05-20,3139.5,3139.7,3125,3127.3
1994-05-23,3129,3129.8999,3106.3999,3108.3999
1994-05-24,3104.1001,3105.7,3086.1001,3089.1001
1994-05-25,3090.8999,3091.8999,3011.3,3020.7
1994-05-26,3031.6001,3031.6001,3004.7,3019.7
1994-05-27,3029.1001,3033.7,2959.5,2966.3999
1994-05-31,2976.8,2976.8,2925,2970.5
1994-06-01,2984.3999,2985.8999,2931.5,2931.8999
1994-06-02,2942.1001,2980.8,2942.1001,2980.8
1994-06-03,2985.6001,3004.3999,2968.3999,2997.8
1994-06-06,2993.8,3016.1001,2993.8,3009.3999
1994-06-07,3006.3,3014.8,2993.8999,3004.8
1994-06-08,3004.6001,3043.2,3003.6001,3038.2
1994-06-09,3039.5,3044.3,3025.6001,3028.8999
1994-06-10,3021.7,3055.8999,3021.3,3055.8999
1994-06-13,3059.2,3059.2,3010.3,3016.3
1994-06-14,3012.6001,3039.8,3004.3999,3039.6001
1994-06-15,3045.2,3050.3999,3035.3999,3045.8
1994-06-16,3031.2,3035,3025.3999,3030.1001
1994-06-17,3038.2,3049.7,3017,3022.8999
1994-06-20,2990.6001,2990.6001,2937.6001,2971.1001
1994-06-21,2972,2977.2,2936.7,2940.2
1994-06-22,2933.6001,2960.3999,2933.6001,2960.3999
1994-06-23,2977.8999,2979.3999,2936.5,2942.3999
1994-06-24,2920.2,2920.2,2874.7,2876.6001
1994-06-27,2876.6001,2902.2,2844.7,2899.8999
1994-06-28,2926.7,2926.8999,2906.3999,2909
1994-06-29,2898.7,2948.1001,2898.7,2946.3
1994-06-30,2956.3,2961.8999,2910.6001,2919.2
1994-07-01,2911.6001,2939.1001,2906.2,2936.3999
1994-07-04,2938.3999,2974.8999,2938.3,2970.3999
1994-07-05,2972.7,2978.2,2945.3,2965
1994-07-06,2957,2966.8,2942.8999,2946.7
1994-07-07,2948.3,2968,2940.2,2964.3999
1994-07-08,2968.1001,2972.8,2952.3999,2962.3999
1994-07-11,2958,2992.6001,2957.8,2983.8
1994-07-12,2983.8999,2996.6001,2957.3999,2963.8999
1994-07-13,2974.2,3006.8999,2974.2,3005.3
1994-07-14,3013.3,3050.3999,3010.2,3050.3999
1994-07-15,3071.3999,3078.3999,3057,3074.8
1994-07-18,3073.3,3085.3999,3060.5,3082
1994-07-19,3085.8,3096.2,3072.6001,3091.3
1994-07-20,3099.8,3099.8,3077.2,3077.2
1994-07-21,3062.6001,3097.5,3061.1001,3095.1001
1994-07-22,3115.1001,3123.2,3105.3,3114.7
1994-07-25,3110.2,3116.2,3099,3106.1001
1994-07-26,3111.7,3132.8,3111.3999,3117.2
1994-07-27,3117,3119.1001,3082.6001,3082.6001
1994-07-28,3085.3,3097.3999,3075.1001,3095.8999
1994-07-29,3105.3,3107.2,3069.7,3082.6001
1994-08-01,3077.8,3097.5,3075.8,3097.3999
1994-08-02,3117.3,3158.3,3113.6001,3157.5
1994-08-03,3159.3,3166.2,3148.7,3160.3999
1994-08-04,3157.2,3166.3,3150.1001,3150.5
1994-08-05,3141.2,3172.8,3140.3,3167.5
1994-08-08,3161.3,3171.8999,3161.3,3171.8999
1994-08-09,3183.5,3184.6001,3154.7,3168.6001
1994-08-10,3167.8,3168.2,3152.2,3167
1994-08-11,3177.3999,3177.3999,3132.8,3138.2
1994-08-12,3115.5,3142.5,3110.7,3142.3
1994-08-15,3148.5,3156.5,3141.6001,3142.2
1994-08-16,3139.2,3151.6001,3138.7,3147.3
1994-08-17,3170.8,3195,3165.7,3190.3
1994-08-18,3187.5,3201.5,3180.2,3182.6001
1994-08-19,3171.3,3191.8,3170,3191.3999
1994-08-22,3198,3201,3164.7,3171.3
1994-08-23,3166.3,3175.1001,3161.1001,3175.1001
1994-08-24,3182.7,3205.3,3181.1001,3205.2
1994-08-25,3238.2,3244.7,3228.6001,3234.2
1994-08-26,3221.3999,3265.3,3218.3,3265.1001
1994-08-30,3279.8,3280,3249.5,3249.6001
1994-08-31,3250.3999,3264.8999,3247.6001,3251.3
1994-09-01,3229.6001,3229.6001,3215.3999,3216.5
1994-09-02,3216.6001,3242.2,3216.6001,3222.7
1994-09-05,3214.3999,3241.5,3206.3999,3241.5
1994-09-06,3252,3253.3999,3203.3999,3205.3999
1994-09-07,3212.1001,3219.1001,3203.8999,3203.8999
1994-09-08,3196.8999,3196.8999,3166.2,3180
1994-09-09,3183.8,3193.6001,3134,3139.3
1994-09-12,3138.5,3141.2,3114,3128.8
1994-09-13,3121.6001,3121.6001,3086.1001,3121.3999
1994-09-14,3128.8,3128.8,3075.3,3079.8
1994-09-15,3090.2,3115.2,3085.2,3112.7
1994-09-16,3132.8,3133.3,3064.6001,3065.1001
1994-09-19,3059.5,3085.3,3048.3,3079.1001
1994-09-20,3078.8,3078.8,3031.7,3037.3
1994-09-21,3032.7,3047.6001,3014.8,3014.8
1994-09-22,3024,3027.5,3008.6001,3021.2
1994-09-23,3017,3050,2999.2,3028.2
1994-09-26,3021.2,3021.2,2987.8,2999.8
1994-09-27,3001.8,3011.3,3000,3008.5
1994-09-28,3012.5,3040.8999,3010.7,3038.7
1994-09-29,3039.8999,3040,2991.6001,2992.5
1994-09-30,2988.3999,3026.3,2986,3026.3
1994-10-03,3024.2,3025.2,2982.3999,2983.5
1994-10-04,2989.7,3003.3999,2989.6001,3001.8
1994-10-05,2973.8,2980.8,2950.2,2956.3
1994-10-06,2970.2,2987,2969.5,2984.3999
1994-10-07,2972.3999,2998.8,2966.8,2998.7
1994-10-10,3009.6001,3033.6001,3009.6001,3032.3
1994-10-11,3038.8999,3074,3026.7,3073
1994-10-12,3082.6001,3100.7,3078.8,3100.5
1994-10-13,3094.7,3151.2,3094.7,3141.8999
1994-10-14,3128.3999,3134.8,3104.2,3106.7
1994-10-17,3101,3132.7,3099.8,3120.2
1994-10-18,3118.3,3118.3,3081,3085.3
1994-10-19,3078.6001,3092.8999,3057.3,3060.8
1994-10-20,3070.3999,3083.2,3060.7,3063.2
1994-10-21,3049.5,3049.5,3016.3999,3032.8
1994-10-24,3039.7,3052.8999,3029.1001,3029.1001
1994-10-25,3000,3005.3999,2985.6001,3000.8999
1994-10-26,3011.2,3029.7,2999.7,2999.8999
1994-10-27,2994.8999,3029.6001,2993.8,3029.6001
1994-10-28,3041.3,3083.8999,3024.7,3083.8
1994-10-31,3097.5,3111.5,3079.1001,3097.3999
1994-11-01,3081.5,3096.3999,3078.2,3096.3
1994-11-02,3089.7,3100.3,3069.5,3081.3
1994-11-03,3082.7,3106.6001,3071.3,3104.3999
1994-11-04,3105.3999,3108.2,3093.1001,3097.6001
1994-11-07,3076.8999,3081.1001,3065.3,3065.8
1994-11-08,3069.8,3069.8,3048.3999,3063.8
1994-11-09,3076,3112,3076,3099.6001
1994-11-10,3093,3105.8999,3081.8,3103.5
1994-11-11,3094,3094,3072,3075.8999
1994-11-14,3077.3,3095.3,3069.5,3095.3
1994-11-15,3105.3,3137.3999,3104.8999,3135.3999
1994-11-16,3133.8999,3168.1001,3125.8999,3146.5
1994-11-17,3145.6001,3151.1001,3125.6001,3127.5
1994-11-18,3122,3134.1001,3121.2,3131
1994-11-21,3126.8,3128.3999,3116.7,3121
1994-11-22,3091.7,3099.3999,3078.6001,3078.7
1994-11-23,3033.3,3042,3010.1001,3027.5
1994-11-24,3037.7,3044.7,3034.7,3036.6001
1994-11-25,3029.1001,3033.5,3014.3,3033.5
1994-11-28,3039.8999,3049.8999,3039.8999,3047.1001
1994-11-29,3053.6001,3070.1001,3053.5,3061.1001
1994-11-30,3058.7,3081.3999,3058.1001,3081.3999
1994-12-01,3079.6001,3079.6001,3037.2,3039.6001
1994-12-02,3022,3030,3011.6001,3017.3
1994-12-05,3028.2,3037.3999,3014.6001,3033.5
1994-12-06,3022.8999,3022.8999,2992.3999,3016.1001
1994-12-07,3003.1001,3034.7,3003.1001,3012.5
1994-12-08,3007.7,3022.1001,3002.3999,3013.8
1994-12-09,2997.5,3001,2976.7,2977.3
1994-12-12,2978.1001,2987.8,2941.8999,2943.3999
1994-12-13,2962.8999,2962.8999,2938.8,2946.3999
1994-12-14,2949.8,2982.5,2949,2980.6001
1994-12-15,2993.8,2998.1001,2973.2,2973.3999
1994-12-16,2968.6001,3013.6001,2953.2,3013.6001
1994-12-19,3026.8,3048,3026.5,3034.3999
1994-12-20,3030.5,3061.3,3030.5,3058.1001
1994-12-21,3050.1001,3070.3999,3049.6001,3070.3999
1994-12-22,3077.8,3095.6001,3072.8,3091.7
1994-12-23,3087.2,3087.8,3083.1001,3083.3999
1994-12-28,3088.8999,3109.7,3088.8999,3095.8
1994-12-29,3081.3,3082.3999,3064.6001,3065.6001
1994-12-30,3064.3999,3073.1001,3062.8999,3065.5
1995-01-03,3062.6001,3066.5,3050.6001,3065.7
1995-01-04,3063.8999,3072.1001,3051.5,3051.6001
1995-01-05,3049.5,3049.5,3028.2,3032.3
1995-01-06,3027.3999,3067.8999,3019.8999,3064.8999
1995-01-09,3065.2,3069.6001,3054,3055.8
1995-01-10,3049.2,3060.5,3038.3999,3060.3999
1995-01-11,3050,3075,3042.3999,3049.3999
1995-01-12,3051,3060,3032.3999,3033.2
1995-01-13,3024.2,3048.5,3016.1001,3048.3
1995-01-16,3068.5,3076.7,3060.8999,3076.7
1995-01-17,3081.2,3084.3999,3054,3054.3999
1995-01-18,3052.1001,3061,3044.2,3054.8999
1995-01-19,3051.6001,3051.6001,3027.2,3028.6001
1995-01-20,3002.3,3013.8,2989,2995
1995-01-23,2968.8,2992,2949.3999,2954.2
1995-01-24,2970.8999,2973.3999,2964.6001,2969
1995-01-25,2970.8999,2986.5,2964.3999,2982.2
1995-01-26,2989.8,3010.2,2989.2,3007.3
1995-01-27,3007.3,3022.7,3006.3999,3022.2
1995-01-30,3021.3999,3021.3999,2995.1001,2995.8999
1995-01-31,2984,2992.7,2983.3999,2991.6001
1995-02-01,3001.6001,3024,3001.6001,3017.3
1995-02-02,3018.2,3039.3,3013.5,3034.7
1995-02-03,3045.3999,3059.7,3033.8,3059.7
1995-02-06,3075.3,3075.3,3061.6001,3062
1995-02-07,3064.5,3086.3999,3064.5,3072.7
1995-02-08,3066.3999,3072.5,3060.7,3072.5
1995-02-09,3072.5,3102.7,3066.8999,3099
1995-02-10,3099.1001,3114.6001,3099,3109.8999
1995-02-13,3105.3,3108.3,3080,3081.1001
1995-02-14,3079,3087.3,3071.2,3071.3
1995-02-15,3071.5,3074.8999,3060.5,3074.8999
1995-02-16,3083.1001,3083.8999,3046.8999,3051.1001
1995-02-17,3053.3999,3054.8999,3041,3044.2
1995-02-20,3030.8,3030.8,3013,3018.5
1995-02-21,3023.8,3026.8999,3012.6001,3023.3999
1995-02-22,3015.8,3027.3999,3006.8,3019.5
1995-02-23,3021.5,3049.3,3021.3999,3049.3
1995-02-24,3049.3999,3049.3999,3033.2,3037.7
1995-02-27,2997.8999,3029,2997.8999,3025.3
1995-02-28,3021.8999,3031,3005,3009.3
1995-03-01,3019.8,3041.8999,3019.8,3041.2
1995-03-02,3038.6001,3047.3999,3038.1001,3038.2
1995-03-03,3032.3,3037,3020,3025.1001
1995-03-06,3018.7,3020.3,2993.1001,3001.8999
1995-03-07,3005.6001,3005.7,2976.5,2977
1995-03-08,2957.5,2994.8999,2957.5,2992.1001
1995-03-09,3013.1001,3013.1001,2985.1001,2986.8999
1995-03-10,2991.3999,3021.2,2991.3999,3021.1001
1995-03-13,3029.3,3031.8999,3009,3011.8
1995-03-14,3008.7,3050.6001,3008.6001,3050.6001
1995-03-15,3060.3,3069,3046.8,3047
1995-03-16,3046.5,3094.1001,3046.5,3094.1001
1995-03-17,3099.5,3105.3999,3086.3,3089.3
1995-03-20,3080.2,3124.2,3080.2,3124.2
1995-03-21,3126.8999,3148.8,3123.3999,3135
1995-03-22,3127.8,3145.8999,3124.1001,3139.7
1995-03-23,3149.3999,3169.2,3133,3136.3999
1995-03-24,3141.1001,3153.3999,3129.6001,3153.3999
1995-03-27,3159.3,3170.2,3147.3999,3149.8
1995-03-28,3156.1001,3156.3,3128.2,3128.3
1995-03-29,3125.5,3142.3,3111.3,3142.3
1995-03-30,3140.8,3185.6001,3131.7,3176.2
1995-03-31,3173.1001,3173.3,3133.1001,3137.8999
1995-04-03,3133.5,3148.8999,3129.5,3143.1001
1995-04-04,3153.8,3188.7,3153.8,3188.1001
1995-04-05,3201.3999,3206.6001,3184.3,3190.2
1995-04-06,3182.3999,3212.2,3177.7,3200.8999
1995-04-07,3199.3,3221.8,3199.3,3210.8999
1995-04-10,3211,3213,3189.7,3204.2
1995-04-11,3210,3216.2,3190.8,3190.8999
1995-04-12,3188.8999,3211.2,3187.2,3209.8
1995-04-13,3214.3999,3215.8999,3204.6001,3208.8
1995-04-18,3201.5,3201.5,3194.5,3194.5
1995-04-19,3188.8,3188.8999,3167.7,3170.1001
1995-04-20,3175.1001,3177.5,3162.2,3174.7
1995-04-21,3186.1001,3205.6001,3185.6001,3199.8999
1995-04-24,3199.8999,3209.3,3176.3,3209.3
1995-04-25,3224.8,3234.1001,3211.8999,3214.8999
1995-04-26,3204.8,3231.3,3204.3999,3226.2
1995-04-27,3241.7,3241.7,3216.2,3217.6001
1995-04-28,3220.3,3232.3,3209.3,3216.7
1995-05-01,3212.6001,3228.3,3211.2,3220.3999
1995-05-02,3221.1001,3251.6001,3221,3248.2
1995-05-03,3259.6001,3267.3,3254.1001,3262.6001
1995-05-04,3284.3,3288.2,3260.6001,3264.3
1995-05-05,3254,3265.5,3250,3251.7
1995-05-09,3259.1001,3267.1001,3248.8999,3261.2
1995-05-10,3267.3,3294.5,3267.3,3290.1001
1995-05-11,3293.2,3320.6001,3290.2,3317.8999
1995-05-12,3325,3326.2,3304.2,3310.3
1995-05-15,3310.6001,3324.8,3307,3310.7
1995-05-16,3308,3309.2,3295.3,3300.8
1995-05-17,3301.5,3318.2,3297.2,3297.3999
1995-05-18,3290.8999,3315.3999,3284,3285.8
1995-05-19,3258.3999,3273.7,3253.8999,3261
1995-05-22,3265.3999,3284.5,3264.7,3284.5
1995-05-23,3296.6001,3296.6001,3276.7,3291.8
1995-05-24,3305.7,3334.3,3305.7,3327.3
1995-05-25,3330.3,3360.8,3328.2,3328.2
1995-05-26,3325.5,3332.1001,3305.1001,3311.1001
1995-05-30,3307,3320,3307,3309.8999
1995-05-31,3317.5,3319.3999,3301.3999,3319.3999
1995-06-01,3351.8,3353.2,3340.2,3340.6001
1995-06-02,3339.3,3349.3,3328.6001,3345
1995-06-05,3338.3999,3376.6001,3338.3999,3376.6001
1995-06-06,3384.5,3384.6001,3368.8,3380
1995-06-07,3372.2,3380.6001,3361.2,3370.8
1995-06-08,3361.3,3395,3361.3,3380.8
1995-06-09,3368.5,3370.5,3335.6001,3337.7
1995-06-12,3327.8,3347.3,3327.8,3344.6001
1995-06-13,3352,3352.2,3339.3,3348
1995-06-14,3361.8,3362,3337.5,3339.8
1995-06-15,3343.8,3372,3336,3370.3999
1995-06-16,3373.6001,3383.3,3348.2,3366.1001
1995-06-19,3364,3384.6001,3358.8,3381.3
1995-06-20,3393.2,3397.7,3375.3,3377.2
1995-06-21,3369.7,3392.2,3369.6001,3378.3
1995-06-22,3372.3999,3404.2,3372.2,3403.8
1995-06-23,3403.1001,3403.3,3372.1001,3379.3999
1995-06-26,3365.3999,3365.3999,3307.8,3309.2
1995-06-27,3297.6001,3313.5,3293.3,3313.2
1995-06-28,3305.8999,3306.1001,3265.5,3282.7
1995-06-29,3294.5,3308.7,3284.3999,3294
1995-06-30,3292.3,3314.6001,3288,3314.6001
1995-07-03,3310,3324.8,3300.3999,3323.7
1995-07-04,3334.1001,3349.6001,3334.1001,3349.2
1995-07-05,3373,3400.2,3353.6001,3394.8999
1995-07-06,3393.8999,3418.7,3385,3388.3
1995-07-07,3420.2,3462.8999,3420.2,3462.8999
1995-07-10,3472.5,3487.8,3454.1001,3455
1995-07-11,3447.3,3480.5,3446.3999,3464
1995-07-12,3452.8,3458.6001,3447.1001,3450.6001
1995-07-13,3465,3472.3,3447.1001,3447.2
1995-07-14,3444.8999,3445.1001,3419.6001,3429.2
1995-07-17,3430.5,3448.7,3430.5,3442.6001
1995-07-18,3437,3448.5,3420.7,3420.7
1995-07-19,3408.7,3414.3,3393.2,3405.3
1995-07-20,3382.1001,3407.7,3382.1001,3400.3999
1995-07-21,3413.5,3426.2,3408.8999,3413.1001
1995-07-24,3413.6001,3432.2,3413.6001,3431.6001
1995-07-25,3443.3,3443.5,3428.1001,3432.8999
1995-07-26,3445.6001,3457.5,3443.1001,3454.3
1995-07-27,3453.1001,3458.3,3446.6001,3458.3
1995-07-28,3461.2,3480.5,3460.5,3468.8999
1995-07-31,3475.8,3475.8,3456.1001,3463.3
1995-08-01,3458.3999,3465.6001,3448.8,3449.8999
1995-08-02,3456.5,3505,3456.5,3499.8999
1995-08-03,3493.8,3494.1001,3467.6001,3475.6001
1995-08-04,3481.6001,3492,3479.7,3482.3999
1995-08-07,3474,3483.5,3468.2,3483.5
1995-08-08,3485.2,3485.6001,3467.8,3468.8
1995-08-09,3464.8999,3480.5,3463.1001,3468.3
1995-08-10,3462.1001,3474.7,3461.8,3474.7
1995-08-11,3471,3478.8,3467.5,3467.5
1995-08-14,3457.5,3457.8999,3433.3999,3441.3999
1995-08-15,3453.3,3456.8999,3442.8,3444.3999
1995-08-16,3451.1001,3466.8999,3451.1001,3465.1001
1995-08-17,3468.7,3471.8,3465.8,3470.6001
1995-08-18,3475.3,3509.8,3475.3,3509.8
1995-08-21,3510,3535.7,3510,3535.7
1995-08-22,3530.1001,3540.7,3523,3530.2
1995-08-23,3536.3,3540.6001,3514.8,3515.8999
1995-08-24,3503.1001,3523.5,3502.8999,3520
1995-08-25,3525,3526.5,3515.3999,3524.8999
1995-08-29,3522.6001,3522.8999,3499.8999,3502.6001
1995-08-30,3502.3999,3509.2,3498.6001,3504
1995-08-31,3498.8,3498.8,3470,3477.8
1995-09-01,3484.6001,3510,3479.3,3509.3999
1995-09-04,3511.8,3523.6001,3505.2,3522.7
1995-09-05,3522.6001,3537.8,3518.5,3532.3999
1995-09-06,3541.3999,3561.5,3540.6001,3557.7
1995-09-07,3556.1001,3557.8999,3543.5,3545.6001
1995-09-08,3548.3999,3563.7,3548.3,3554.5
1995-09-11,3555.3,3565.3,3546.7,3549.3
1995-09-12,3539.2,3542.5,3533.6001,3535.8999
1995-09-13,3550.8999,3570.8,3544.5,3570.8
1995-09-14,3574.3999,3575.1001,3562.5,3565.3999
1995-09-15,3575.8,3587,3564.5,3564.6001
1995-09-18,3551.1001,3552.2,3532.8,3533.3
1995-09-19,3535.5,3553.3,3535.3999,3541.3999
1995-09-20,3547.1001,3561.6001,3546.8999,3561.5
1995-09-21,3564.6001,3569.8999,3555.6001,3557.8999
1995-09-22,3543.8,3543.8,3503.6001,3514.8
1995-09-25,3514,3520.3999,3506.1001,3507
1995-09-26,3515.7,3523.3,3513,3523.3
1995-09-27,3519.8999,3520.2,3476.8999,3485
1995-09-28,3497.2,3497.2,3474.6001,3479
1995-09-29,3490,3510.2,3489.3,3508.2
1995-10-02,3510.6001,3520.3,3502.7,3520.2
1995-10-03,3514.8999,3531.6001,3514.8999,3524.2
1995-10-04,3526.3999,3544.6001,3525.8999,3544.1001
1995-10-05,3547,3555.3,3540.7,3544.3999
1995-10-06,3544.3,3546.8999,3515.3999,3526.5
1995-10-09,3536.6001,3536.6001,3504.6001,3510.3
1995-10-10,3503.1001,3509.6001,3442.5,3460.1001
1995-10-11,3475.3999,3480.8999,3457.3,3474.3
1995-10-12,3484.6001,3525.5,3476.8,3523.8
1995-10-13,3534.3999,3584.7,3534.3999,3568
1995-10-16,3562.5,3567,3551.8,3557.3
1995-10-17,3562.7,3580,3560,3562.2
1995-10-18,3568.7,3598,3560.2,3593
1995-10-19,3588.3,3596.2,3571.3999,3578.6001
1995-10-20,3585.7,3594.3,3541.8999,3551.3999
1995-10-23,3539.5,3539.5,3510.8999,3531.5
1995-10-24,3527,3540.3999,3526.8,3535.3
1995-10-25,3544.7,3551.3999,3533.3999,3537.8
1995-10-26,3529,3532.5,3513.3999,3519.6001
1995-10-27,3490.8999,3501.2,3484.7,3497.8999
1995-10-30,3511.6001,3519.7,3509.5,3510
1995-10-31,3516.5,3532.3999,3516.5,3529.1001
1995-11-01,3517.5,3518.8999,3502.5,3518.7
1995-11-02,3519.3999,3535.8,3513.1001,3523
1995-11-03,3537.8999,3539.6001,3499.1001,3500.3999
1995-11-06,3500.8999,3514.8,3493,3514.8
1995-11-07,3517.8999,3528.5,3506.8999,3522.3999
1995-11-08,3519.3999,3537.1001,3518.1001,3537.1001
1995-11-09,3550.5,3553.1001,3531.6001,3541.6001
1995-11-10,3532.6001,3532.6001,3512.8999,3523.3999
1995-11-13,3518.2,3536.8,3518.2,3536.8
1995-11-14,3542.3999,3549.2,3534.8,3547.8999
1995-11-15,3545,3571.6001,3541.1001,3571.3999
1995-11-16,3593,3610.8,3592.8999,3610.8
1995-11-17,3618.8,3626.7,3601.3999,3609.2
1995-11-20,3620.6001,3639.5,3620.6001,3628.8
1995-11-21,3612.3999,3615.7,3602.1001,3604.1001
1995-11-22,3628.8,3632.8,3614.3999,3632.3999
1995-11-23,3633.8999,3634.3,3600.1001,3602.5
1995-11-24,3608.8999,3627.8999,3608.8999,3624
1995-11-27,3629.1001,3650.2,3625.8999,3649
1995-11-28,3651.7,3655.1001,3636.1001,3648.8
1995-11-29,3660.2,3671,3651.3,3655.5
1995-11-30,3667.5,3667.6001,3652.8,3664.3
1995-12-01,3654,3680.3999,3654,3680.3999
1995-12-04,3675.2,3675.2,3659.2,3669.7
1995-12-05,3683,3683.6001,3651.3999,3664.2
1995-12-06,3669.7,3672.8,3647,3662.8
1995-12-07,3663.8,3663.8,3639.5,3639.5
1995-12-08,3633.1001,3645.8999,3618.2,3630
1995-12-11,3633.3,3654.2,3633.1001,3652.1001
1995-12-12,3663.8999,3668.3,3653.8999,3654.8999
1995-12-13,3657.8,3673.2,3655,3662.3999
1995-12-14,3673.5,3686.5,3670.3999,3671.6001
1995-12-15,3660.2,3688,3642,3642.6001
1995-12-18,3642.3,3642.6001,3591.7,3596.1001
1995-12-19,3570.3,3584.8999,3558.5,3576.8999
1995-12-20,3606.8999,3614.6001,3598.8,3613.7
1995-12-21,3602.7,3633.7,3597.3,3633.3
1995-12-22,3638.5,3658.3999,3638.2,3658.3
1995-12-27,3657.3999,3677.7,3657.3999,3676.3999
1995-12-28,3671.2,3687.8999,3671.2,3676.7
1995-12-29,3675.6001,3690.6001,3671.1001,3689.3
1996-01-02,3696,3696.5,3666.8999,3687.8999
1996-01-03,3709.2,3719.8,3708.2,3715.6001
1996-01-04,3718.1001,3723,3709,3714.1001
1996-01-05,3689.2,3713.3,3689.2,3704.5
1996-01-08,3708.8,3722.8,3708.6001,3720.6001
1996-01-09,3720.3999,3728.6001,3698.3999,3700.3
1996-01-10,3675.2,3690.1001,3661.5,3671.5
1996-01-11,3648.7,3660.6001,3645.3,3654.8999
1996-01-12,3666.7,3669.8999,3657,3657.3
1996-01-15,3658.5,3668.8,3658.5,3662.7
1996-01-16,3665.1001,3710.6001,3665.1001,3710.6001
1996-01-17,3719.8999,3722.6001,3695.7,3704.2
1996-01-18,3711.8999,3749.7,3707.8,3748.7
1996-01-19,3767.1001,3767.3999,3740.3,3748.3999
1996-01-22,3763.5,3763.8999,3752.8,3754.2
1996-01-23,3751.8,3751.8,3734.7,3735
1996-01-24,3731.7,3758.2,3730.5,3758.2
1996-01-25,3761.8,3761.8,3734,3734.2
1996-01-26,3726.1001,3738.3999,3714.5,3734.7
1996-01-29,3737.8,3741.7,3727.5,3734.6001
1996-01-30,3736.6001,3743.1001,3713.8999,3735.3
1996-01-31,3756.6001,3759.3,3739.2,3759.3
1996-02-01,3753.3,3754.7,3744.5,3752.8
1996-02-02,3757.1001,3782.6001,3748.3999,3781.3
1996-02-05,3759.3,3764.7,3743.1001,3746.6001
1996-02-06,3751.3,3753.6001,3741.6001,3747.5
1996-02-07,3757.1001,3758,3726,3726.1001
1996-02-08,3731.1001,3735.3999,3705.5,3708.3999
1996-02-09,3718.8999,3720.5,3692.3999,3716.3
1996-02-12,3708,3729,3708,3726.6001
1996-02-13,3742.7,3750.3999,3734.1001,3747.6001
1996-02-14,3753.6001,3753.6001,3744.7,3745
1996-02-15,3744.6001,3779.8,3744.2,3779.8
1996-02-16,3774.3,3791.6001,3763.8,3770.8999
1996-02-19,3755.8999,3755.8999,3740.7,3744.3
1996-02-20,3753,3753.5,3702.7,3714.6001
1996-02-21,3688.7,3725.6001,3688.7,3725.6001
1996-02-22,3731.1001,3741.3999,3723.5,3740
1996-02-23,3753.8999,3755.1001,3738.6001,3740.3
1996-02-26,3732,3732.6001,3699.8,3704.2
1996-02-27,3702.7,3723.2,3697.8,3715.8999
1996-02-28,3719.3999,3738.2,3719.3999,3738.2
1996-02-29,3734.8,3737.7,3708.6001,3727.6001
1996-03-01,3735,3763.7,3734.8,3752.7
1996-03-04,3758.7,3769.8999,3757.7,3768.6001
1996-03-05,3786.3999,3792.5,3775,3777.1001
1996-03-06,3778.6001,3780.7,3757.1001,3758.8999
1996-03-07,3761.3999,3768.8999,3755.2,3758.2
1996-03-08,3761,3770.3999,3686.2,3710.3
1996-03-11,3649,3674.5,3629.1001,3674.5
1996-03-12,3707.8,3707.8,3637.8999,3639.5
1996-03-13,3646.6001,3661.2,3636.6001,3640.3
1996-03-14,3653.7,3681.8,3647.8,3681.8
1996-03-15,3679.1001,3683.3999,3639.1001,3644.8
1996-03-18,3647.7,3670.2,3647.3999,3669.6001
1996-03-19,3697.3,3706.3999,3685.1001,3693
1996-03-20,3685.8999,3694.2,3674,3685.3999
1996-03-21,3689.8,3702.3,3689.8,3698.3
1996-03-22,3699.2,3707.7,3682.1001,3707
1996-03-25,3705.1001,3705.3,3681.3999,3681.8999
1996-03-26,3680.1001,3680.2,3651.1001,3660.8999
1996-03-27,3668.8999,3676.6001,3665.8999,3672.3999
1996-03-28,3658.1001,3672.6001,3650,3672.6001
1996-03-29,3692.2,3699.7,3679.3,3699.7
1996-04-01,3692.1001,3720,3692.1001,3718.3999
1996-04-02,3730.3,3733,3716.3,3728.5
1996-04-03,3734.2,3736.3,3719.8,3725.1001
1996-04-04,3734.6001,3759.8999,3734.6001,3755.6001
1996-04-09,3726.5,3758.6001,3726.2,3758.6001
1996-04-10,3761.8,3775.1001,3757.6001,3767.3999
1996-04-11,3748.8999,3761.5,3742.1001,3744.2
1996-04-12,3757.6001,3767.1001,3750.1001,3766.8
1996-04-15,3775,3790.6001,3774.8999,3790.5
1996-04-16,3799,3825.3,3798.8,3825.3
1996-04-17,3839.7,3839.7,3804.3999,3805.6001
1996-04-18,3791.3999,3828.3,3791.3999,3820.7
1996-04-19,3824.8,3857.1001,3824.8,3857.1001
1996-04-22,3854.2,3858.8999,3847.3,3852.7
1996-04-23,3839.8,3844.8,3827.6001,3833
1996-04-24,3840.7,3843.8,3817.6001,3817.6001
1996-04-25,3804.2,3820.8,3802.8999,3819.3
1996-04-26,3826.1001,3837.2,3826,3832.8
1996-04-29,3834.5,3834.5,3802.8,3809.2
1996-04-30,3816.8999,3820.1001,3810,3817.8999
1996-05-01,3816.8999,3817.2,3803.3999,3806
1996-05-02,3810.8,3829.3999,3773.3999,3776.3999
1996-05-03,3753.1001,3758.2,3734.6001,3751.6001
1996-05-07,3744.3,3755.3999,3721.2,3723
1996-05-08,3718.6001,3733.7,3707.3,3707.3
1996-05-09,3723.5,3732.6001,3721.2,3728.3
1996-05-10,3727.2,3757.2,3727.1001,3754.3999
1996-05-13,3751.8,3760.8999,3738,3739.2
1996-05-14,3750.8999,3761.8999,3746.6001,3759.7
1996-05-15,3770.7,3776.3999,3765.7,3776.2
1996-05-16,3767.8,3767.8999,3740.2,3753.6001
1996-05-17,3760.2,3791.3999,3751,3789.6001
1996-05-20,3795.2,3799.3,3775.8,3778.2
1996-05-21,3795.6001,3795.7,3782,3789.3999
1996-05-22,3783.6001,3783.6001,3763.1001,3764.2
1996-05-23,3776.8999,3780.1001,3741,3747
1996-05-24,3746.8,3752.2,3733,3752.1001
1996-05-28,3755,3770.6001,3755,3760.2
1996-05-29,3752.3,3775.8,3751.7,3775.7
1996-05-30,3767,3770.7,3741,3746.7
1996-05-31,3753.8999,3766.5,3745,3747.8
1996-06-03,3737,3747.8,3730.1001,3739.2
1996-06-04,3743.8999,3755.2,3735.2,3755.2
1996-06-05,3759.2,3760,3745.3999,3753.3999
1996-06-06,3757,3774.7,3756.5,3760.3
1996-06-07,3755.3,3755.5,3694.8,3706.8
1996-06-10,3726.8,3737.3,3719.5,3728.8
1996-06-11,3729.8999,3755.7,3720.3,3755.7
1996-06-12,3752.8999,3769.2,3746,3769.2
1996-06-13,3763.2,3766.2,3753.7,3761.7
1996-06-14,3760.7,3770.7,3744.7,3753.6001
1996-06-17,3755.8999,3767.7,3752.1001,3761.5
1996-06-18,3763.5,3764.2,3752.8,3756.3999
1996-06-19,3748.7,3756.7,3747.7,3753.2
1996-06-20,3756.1001,3756.5,3726.8999,3727.5
1996-06-21,3726.5,3738.3,3722.3,3722.3
1996-06-24,3729.7,3729.7,3710.8,3710.8
1996-06-25,3710.2,3710.3,3679.1001,3679.5
1996-06-26,3687.8,3696.3,3685.2,3695.5
1996-06-27,3687.1001,3691.5,3671.6001,3678.6001
1996-06-28,3692.8,3712.6001,3691.3,3711
1996-07-01,3711,3725.6001,3708.2,3725.6001
1996-07-02,3744.1001,3744.3,3725.6001,3725.7
1996-07-03,3729.3,3729.3999,3713.7,3714.1001
1996-07-04,3719.8,3760.7,3717.5,3760.6001
1996-07-05,3769.3999,3790,3729.6001,3743.2
1996-07-08,3723.6001,3752.1001,3723.3,3741.5
1996-07-09,3744.3,3757.6001,3744.2,3752.3
1996-07-10,3757.5,3773.2,3757.5,3765.8
1996-07-11,3768.8999,3777.2,3748.8999,3749
1996-07-12,3737.6001,3745.8,3715.3,3728.3
1996-07-15,3721.1001,3724.6001,3695.5,3698.3
1996-07-16,3648.2,3653,3612.6001,3632.3
1996-07-17,3648.3,3668.8,3645.3999,3658.2
1996-07-18,3662.6001,3693.3999,3662.6001,3693.3999
1996-07-19,3711.5,3726.8999,3706.7,3710.5
1996-07-22,3715.5,3715.5,3672.2,3681.3
1996-07-23,3681.8,3708.5,3681.8,3708.3999
1996-07-24,3677.6001,3679.1001,3643.7,3668.8
1996-07-25,3672.6001,3686.8999,3670.3,3684.7
1996-07-26,3685.1001,3690.5,3668.8999,3673.3
1996-07-29,3675.5,3684.3999,3675,3678.8
1996-07-30,3666,3677.8,3661.2,3668.5
1996-07-31,3680.8,3704.3,3677,3703.2
1996-08-01,3709.3,3735.1001,3697.7,3734.3999
1996-08-02,3750.3,3770.7,3734.1001,3770.6001
1996-08-05,3777.8,3790.6001,3773.8,3788.3
1996-08-06,3783.1001,3791.3999,3775.3999,3788.3999
1996-08-07,3794.7,3815.8,3794.7,3811.1001
1996-08-08,3815,3816.5,3802.6001,3811.3999
1996-08-09,3812.6001,3812.7,3793.8999,3810.7
1996-08-12,3796.3999,3811.5,3792.3999,3803.3
1996-08-13,3811.8999,3826.3999,3811.8,3823.3999
1996-08-14,3814.3999,3831.7,3813.1001,3830.3
1996-08-15,3837.3,3843.3,3831.8,3837.3999
1996-08-16,3842.8999,3873.1001,3842.8,3872.8999
1996-08-19,3877.1001,3877.8999,3861.2,3863.7
1996-08-20,3867.2,3884.8,3866.7,3883.2
1996-08-21,3894.2,3894.3999,3870.6001,3872.1001
1996-08-22,3871,3891.8999,3867,3891.1001
1996-08-23,3907.6001,3911.6001,3896.3999,3907.5
1996-08-27,3889.7,3908.8,3885.8999,3905.7
1996-08-28,3908.6001,3922.1001,3908.6001,3918.7
1996-08-29,3915.8999,3921.1001,3883.8,3885
1996-08-30,3866.7,3881.7,3865.8999,3867.6001
1996-09-02,3873.7,3885.3,3873.7,3884.3999
1996-09-03,3877.1001,3877.1001,3835.8,3855.8999
1996-09-04,3874.3,3884.1001,3872.1001,3872.7
1996-09-05,3873.1001,3887.6001,3870.2,3887.2
1996-09-06,3872.2,3893,3856.8,3893
1996-09-09,3903.6001,3916.3999,3901,3910.8
1996-09-10,3929.3999,3933.6001,3914.1001,3916.1001
1996-09-11,3914.1001,3914.1001,3899.5,3905.6001
1996-09-12,3915.1001,3932.8,3913,3932.6001
1996-09-13,3936.8999,3970.5,3929,3967.8999
1996-09-16,3976.7,3980.8,3972.2,3977.2
1996-09-17,3985.8,3986.7,3965.5,3972.3
1996-09-18,3965.3999,3971.3,3952,3955.7
1996-09-19,3950.8999,3987.7,3950.7,3974.3
1996-09-20,3976.3999,3994.1001,3963.3,3964.1001
1996-09-23,3952,3952.3,3914.8999,3919.7
1996-09-24,3926.2,3933.3999,3904.3,3910.5
1996-09-25,3917.7,3938.8,3917.7,3935.7
1996-09-26,3936.3999,3941.8,3926.2,3933.2
1996-09-27,3936.5,3954.6001,3936.5,3946.3999
1996-09-30,3947.6001,3954,3934.3999,3953.7
1996-10-01,3954.7,3992.2,3954.7,3992.2
1996-10-02,4004.2,4016.3999,4001.5,4015.1001
1996-10-03,4015.3999,4024.3,3994.6001,4000
1996-10-04,3994.6001,4025.1001,3982.2,4024.8
1996-10-07,4042.8999,4046.8,4030.3,4031.5
1996-10-08,4023.3,4037.8999,3995.3,4035.6001
1996-10-09,4025.5,4037.8999,4007.2,4009.3
1996-10-10,3999.3999,4009.8999,3981.2,3994.7
1996-10-11,3995,4028.1001,3994.8999,4028.1001
1996-10-14,4020.6001,4040,4017,4038.7
1996-10-15,4050.1001,4063.2,4043.3999,4050.8
1996-10-16,4050.8,4050.8,4021.7,4024.3999
1996-10-17,4024.3999,4044.3,4024.3999,4042.1001
1996-10-18,4042.1001,4061.3999,4042.1001,4053.1001
1996-10-21,4053.1001,4073.2,4053.1001,4073.1001
1996-10-22,4073.1001,4073.1001,4055.8999,4057.2
1996-10-23,4057.2,4060.2,4019.7,4028.3999
1996-10-24,4028.3999,4035.7,3999.3999,3999.3999
1996-10-25,3999.3999,4023.3,3981.8,4022.3999
1996-10-28,4022.3999,4037.6001,4019.5,4027.2
1996-10-29,4025.3,4025.3,3988.8999,3993.5
1996-10-30,3993.5,4010.8,3957.7,3963.8999
1996-10-31,3963.8999,3979.1001,3951.8999,3979.1001
1996-11-01,3979.1001,3988,3941.8999,3948.5
1996-11-04,3948.5,3959.3999,3924.7,3928.1001
1996-11-05,3928.1001,3930.3999,3911,3921.1001
1996-11-06,3921.1001,3946.5,3911.7,3935.7
1996-11-07,3935.7,3954.8999,3898.2,3900.3999
1996-11-08,3900.3999,3923.3999,3900.3999,3910.8
1996-11-11,3910.8,3914.7,3896.5,3914.3999
1996-11-12,3914.3999,3934.6001,3914.2,3934.3
1996-11-13,3933,3939.5,3922.8999,3926.8999
1996-11-14,3935.8,3940.3,3904.3999,3926.1001
1996-11-15,3937.5,3958.3999,3929.6001,3958.2
1996-11-18,3960.6001,3966.3999,3952.2,3962.1001
1996-11-19,3966.3999,3978.3999,3954.1001,3978.1001
1996-11-20,3989.8999,3990.2,3961.3,3962.8
1996-11-21,3962.1001,3966,3947.3,3953.8
1996-11-22,3958.8999,4018.7,3958.8,4018.7
1996-11-25,4030.2,4055.3,4029.5,4054.6001
1996-11-26,4089.8,4094.3999,4068.2,4068.2
1996-11-27,4064.3999,4085,4040,4049.3
1996-11-28,4039.5,4050,4038,4050
1996-11-29,4053.1001,4067.8,4051.2,4058
1996-12-02,4055.5,4056.6001,4033.2,4038.3
1996-12-03,4044.6001,4066.7,4043.3999,4061.1001
1996-12-04,4053.8,4055.8999,4038.2,4045.3999
1996-12-05,4044.7,4076,4043.5,4051.1001
1996-12-06,3995.6001,3995.6001,3882.7,3962.8999
1996-12-09,3984.6001,4011.6001,3984.6001,4011.6001
1996-12-10,4031,4043.2,4025,4035.5
1996-12-11,4009.6001,4009.6001,3963.8,3982.5
1996-12-12,3988.3,4009.8999,3983,3990.6001
1996-12-13,3969.2,3972.2,3933.8999,3972.2
1996-12-16,3980.8999,3993.8,3976.6001,3993.8
1996-12-17,3978.5,3990.3999,3970.8,3979.6001
1996-12-18,3987.8,4018.3,3987.7,4018.1001
1996-12-19,4020.3,4051.3,4018.2,4051.3
1996-12-20,4095.6001,4100,4069,4077.5
1996-12-23,4075.3999,4087.1001,4066.7,4087
1996-12-24,4084.6001,4093.1001,4084.6001,4092.5
1996-12-27,4096.6001,4102.8999,4088.6001,4091
1996-12-30,4093.8999,4115.5,4093.8999,4115.5
1996-12-31,4111.2998,4123.2002,4109.1001,4118.5
1997-01-02,4077.6001,4095.3,4057.1001,4057.3
1997-01-03,4072.3999,4089.3999,4068.2,4089.3999
1997-01-06,4103.8999,4108,4096.2002,4106.5
1997-01-07,4101.7998,4105.8999,4076.8,4078.8
1997-01-08,4089.8,4098.3999,4082.6001,4087.5
1997-01-09,4060.6001,4086.7,4050.5,4086.7
1997-01-10,4097.2998,4097.6001,4036.8999,4056.6001
1997-01-13,4087.8,4107.2998,4078.6001,4107.2998
1997-01-14,4107.8999,4168.2002,4107.7998,4168.2002
1997-01-15,4191.7002,4191.7002,4147.6001,4158.5
1997-01-16,4158.7998,4198.8999,4153.2002,4197.6001
1997-01-17,4195.5,4218.3999,4193.3999,4207.5
1997-01-20,4216.7998,4217.5,4184.7002,4193.7998
1997-01-21,4186.6001,4195.3999,4167.6001,4195.3999
1997-01-22,4214.5,4227.5,4203.6001,4218.7998
1997-01-23,4243.7998,4273.3999,4235.1001,4271.3999
1997-01-24,4230,4251.2998,4215.7002,4218.7002
1997-01-27,4207,4223.8999,4206,4212
1997-01-28,4206.3999,4238.2998,4191.2998,4237.3999
1997-01-29,4228.5,4230.2002,4197.2002,4207.2998
1997-01-30,4222.6001,4229.7002,4219.7002,4228.3999
1997-01-31,4252.6001,4275,4242.8999,4275
1997-02-03,4272.2998,4272.5,4252.7998,4257.7998
1997-02-04,4255.6001,4276.2998,4255.6001,4260.8999
1997-02-05,4263.7002,4286.8999,4262.8999,4281.3999
1997-02-06,4260.7998,4275.2002,4260.7998,4265.7998
1997-02-07,4269.1001,4310.1001,4268.6001,4307.7002
1997-02-10,4304.3999,4330,4302.6001,4307.6001
1997-02-11,4293.3999,4310.7002,4288.8999,4304.3999
1997-02-12,4316.3999,4324.2998,4293.6001,4303.7998
1997-02-13,4315.2002,4329.8999,4315.2002,4326.8999
1997-02-14,4328.7998,4353.3999,4327.8999,4341
1997-02-17,4336.2998,4338.3999,4319.1001,4337.8999
1997-02-18,4331.2002,4350.8999,4331.2002,4332.2998
1997-02-19,4346.1001,4357.3999,4339.8999,4357.3999
1997-02-20,4349.7998,4362.3999,4341.7998,4355.7998
1997-02-21,4335.2998,4349,4312.3999,4336.3999
1997-02-24,4327.5,4333.1001,4315.7998,4331.2002
1997-02-25,4346.2998,4357.8999,4344.5,4344.7002
1997-02-26,4351.3999,4355.1001,4317.2002,4329.2002
1997-02-27,4326.3999,4339,4326.2002,4339
1997-02-28,4340.3999,4340.3999,4299.8999,4307.7002
1997-03-03,4293.3999,4307,4287.2998,4307
1997-03-04,4322.1001,4359.1001,4321.7998,4357.7002
1997-03-05,4345.6001,4367.2998,4338.7998,4360.2002
1997-03-06,4385.7998,4402.6001,4382,4398.8999
1997-03-07,4402.7998,4420.7002,4391.3999,4420.2002
1997-03-10,4421.6001,4440.7998,4421.6001,4437.5
1997-03-11,4465.2002,4466.2998,4443,4443.7998
1997-03-12,4432.3999,4442.2998,4419.2002,4422.5
1997-03-13,4409.3999,4412.2998,4394,4397.7002
1997-03-14,4351.2002,4424.2998,4351.2002,4424.2998
1997-03-17,4373.3999,4408.1001,4372,4373.3999
1997-03-18,4378.2998,4378.2998,4340.1001,4356.7998
1997-03-19,4348.7002,4371.3999,4331.3999,4332.2002
1997-03-20,4323.1001,4323.1001,4251.5,4258.1001
1997-03-21,4260.6001,4273.8999,4242.3999,4254.7998
1997-03-24,4260.3999,4265.6001,4214.2998,4214.7998
1997-03-25,4247.3999,4272.1001,4240.6001,4270.7002
1997-03-26,4261.3999,4320.2002,4261.3999,4301.5
1997-03-27,4303.8999,4331.3999,4303.8999,4312.8999
1997-04-01,4205.1001,4248.1001,4200.5,4248.1001
1997-04-02,4263.2002,4266.2002,4219.2002,4236.6001
1997-04-03,4213.2998,4233.2002,4207.5,4214.6001
1997-04-04,4222.6001,4247.6001,4222,4236.6001
1997-04-07,4255.2998,4273.1001,4254.7998,4271.7998
1997-04-08,4279.8999,4279.8999,4259.6001,4269.2998
1997-04-09,4288.2998,4301.5,4287.7998,4292.2998
1997-04-10,4287.8999,4313.2002,4278.7002,4313.2002
1997-04-11,4318.2998,4335.1001,4269.6001,4270.6001
1997-04-14,4270.7002,4270.7002,4232.8999,4251.7002
1997-04-15,4275.6001,4289.1001,4260.1001,4286.7998
1997-04-16,4301.7998,4307.3999,4280.2002,4294.6001
1997-04-17,4312.2998,4312.2998,4291.5,4298.8999
1997-04-18,4293.6001,4310.5,4293,4310.5
1997-04-21,4310.5,4328.7002,4299.2002,4328.7002
1997-04-22,4319.3999,4346.7002,4319.2002,4346.1001
1997-04-23,4391.5,4396.1001,4375.8999,4387.7002
1997-04-24,4380.7998,4400.3999,4378.2002,4388.5
1997-04-25,4381.2998,4385.7002,4363.2998,4369.7002
1997-04-28,4369.7002,4389.7002,4361.2002,4389.7002
1997-04-29,4402.2998,4433.7002,4395.3999,4433.2002
1997-04-30,4465.7002,4466.5,4414.2998,4436
1997-05-01,4435.8999,4454.3999,4435.8999,4445
1997-05-02,4430,4485,4423.6001,4455.6001
1997-05-06,4455.6001,4525.6001,4455.6001,4519.2998
1997-05-07,4524,4562,4522.5,4537.5
1997-05-08,4521.7998,4580.3999,4517.6001,4580.3999
1997-05-09,4597.2002,4646,4595.2002,4630.8999
1997-05-12,4641.7998,4669.6001,4622.8999,4669.6001
1997-05-13,4685.5,4720.2998,4676.7998,4691
1997-05-14,4683.6001,4715.2002,4660.3999,4686.8999
1997-05-15,4664.7002,4681.2002,4654.3999,4681.2002
1997-05-16,4688.8999,4723.7002,4686.7002,4693.8999
1997-05-19,4693.8999,4693.8999,4644.6001,4645.2002
1997-05-20,4646,4646.2002,4600.3999,4607.5
1997-05-21,4616.1001,4653.7998,4616.1001,4642
1997-05-22,4635.7002,4661.7002,4626.8999,4651.7998
1997-05-23,4653.7002,4672.7002,4652.1001,4661.7998
1997-05-27,4661.2002,4692.3999,4661.2002,4681.6001
1997-05-28,4696.2998,4705.2002,4670.7998,4677.5
1997-05-29,4657.7998,4688.2998,4656.2998,4672.2998
1997-05-30,4676.3999,4684.2002,4595.8999,4621.2998
1997-06-02,4621.2998,4645.7002,4549.5,4562.7998
1997-06-03,4562.7998,4565.6001,4524.2002,4557.7998
1997-06-04,4563.7998,4585.8999,4553.2998,4557.1001
1997-06-05,4551.2998,4576.2998,4534.8999,4576.2002
1997-06-06,4588,4645,4577.5,4645
1997-06-09,4653.2998,4686.7002,4653.2998,4686.7002
1997-06-10,4683.6001,4739.6001,4678.2998,4739.6001
1997-06-11,4739.6001,4759.2998,4720.8999,4724.7998
1997-06-12,4724.7998,4759.2002,4711.2998,4757.3999
1997-06-13,4757.3999,4796,4757.3999,4783.1001
1997-06-16,4783.1001,4783.1001,4735.5,4745.1001
1997-06-17,4745.1001,4758.1001,4669.1001,4682.2002
1997-06-18,4682.2002,4688.1001,4627.2998,4657
1997-06-19,4657,4668.8999,4629.1001,4653.7998
1997-06-20,4653.7002,4671.3999,4593.8999,4593.8999
1997-06-23,4593.8999,4597,4547,4575.7998
1997-06-24,4575.7998,4598.6001,4538.5,4596.2998
1997-06-25,4596.2998,4640.5,4596.2998,4640
1997-06-26,4640,4660.3999,4628.3999,4657.8999
1997-06-27,4655.1001,4655.6001,4623.1001,4640.2998
1997-06-30,4640.2998,4662.3999,4603.2002,4604.6001
1997-07-01,4604.6001,4728.2998,4597.1001,4728.2998
1997-07-02,4728.2998,4791.1001,4715.8999,4751.3999
1997-07-03,4751.3999,4863.6001,4688.7998,4831.7002
1997-07-04,4819.8999,4879,4801.2002,4812.7998
1997-07-07,4812.7998,4820,4776.3999,4810.7002
1997-07-08,4810.7002,4812.6001,4751.8999,4758.5
1997-07-09,4758.5,4778.1001,4729.7998,4762.3999
1997-07-10,4762.2998,4767.7998,4732.7002,4767.7998
1997-07-11,4767.7998,4800.1001,4756.2002,4799.5
1997-07-14,4799.5,4857.3999,4796,4857.3999
1997-07-15,4859.3999,4903.2002,4859.3999,4899.2998
1997-07-16,4909.6001,4991.7998,4909.6001,4964.2002
1997-07-17,4974.2998,4993,4935.5,4949
1997-07-18,4956.7998,4998.1001,4848.2998,4877.2002
1997-07-21,4877.2002,4877.2002,4794.8999,4805.7002
1997-07-22,4817.7002,4848,4817.7002,4846.7002
1997-07-23,4902,4931.5,4866.8999,4874.5
1997-07-24,4875.6001,4897.7002,4855.3999,4862.8999
1997-07-25,4862.8999,4881.2002,4834.7998,4851.5
1997-07-28,4856.2998,4868.2998,4835.2998,4862.6001
1997-07-29,4862.6001,4895.8999,4856.7002,4876.6001
1997-07-30,4876.6001,4927.2998,4876.6001,4927.2998
1997-07-31,4927.2998,4941.7002,4907.3999,4907.5
1997-08-01,4907.5,4936,4886,4899.2998
1997-08-04,4899.2998,4907.2002,4874.3999,4895.7002
1997-08-05,4895.7002,4960.6001,4895.7002,4960.6001
1997-08-06,4960.6001,5027.7002,4959.3999,5026.2002
1997-08-07,5026.2002,5095.2998,5009.2998,5086.7998
1997-08-08,5086.7998,5088.3999,5009.3999,5031.2998
1997-08-11,5031.2998,5051.1001,4966.3999,5031.8999
1997-08-12,5031.8999,5078.2002,5031.8999,5075.7998
1997-08-13,5075.7998,5075.7998,4994.7998,5003.6001
1997-08-14,5003.6001,5031.7998,4990.6001,4991.2998
1997-08-15,4991.2998,4991.7998,4865.7998,4865.7998
1997-08-18,4865.7998,4865.7998,4779.2998,4835
1997-08-19,4835,4918,4835,4914.2002
1997-08-20,4914.2002,4961.5,4914.2002,4958.3999
1997-08-21,4958.3999,4994.1001,4958.2998,4978
1997-08-22,4978,4983.3999,4867.1001,4901.1001
1997-08-26,4901.1001,4924.7998,4851.8999,4886.2998
1997-08-27,4886.2998,4920.2998,4868.5,4906.8999
1997-08-28,4906.8999,4925.6001,4835.2002,4845.3999
1997-08-29,4845.3999,4845.3999,4785.2002,4817.5
1997-09-01,4817.5,4872.7002,4795.2998,4870.2002
1997-09-02,4870.2002,4954.2002,4870.2002,4952.2002
1997-09-03,4952.2002,5027.2998,4952.2002,4976.8999
1997-09-04,4976.8999,4991.2998,4948.7002,4991.2998
1997-09-05,4991.2998,5028.2998,4984.1001,4994.2002
1997-09-08,4994.2002,4999.7998,4973.1001,4985.2002
1997-09-09,4985.2002,4985.7998,4931.6001,4950.5
1997-09-10,4952.2998,4964.5,4905.2002,4905.2002
1997-09-11,4905.2002,4905.2002,4854.7998,4854.7998
1997-09-12,4854.7998,4878,4833.8999,4848.2002
1997-09-15,4848.2002,4902.8999,4848.2002,4902.8999
1997-09-16,4902.8999,4977.2998,4876.7998,4976.3999
1997-09-17,4976.3999,5035.2998,4976.3999,5013.1001
1997-09-18,5013.1001,5057.7998,4993.6001,5046.2002
1997-09-19,5046.2002,5064.2998,5023.7998,5023.7998
1997-09-22,5023.7998,5077.7998,5014.7998,5075.7002
1997-09-23,5075.7002,5095.1001,5025.6001,5027.5
1997-09-24,5027.5,5077,5026.2998,5077
1997-09-25,5077.2002,5077.2002,5058,5065.5
1997-09-26,5065.5,5244.2998,5065.5,5226.2998
1997-09-29,5226.2998,5244.2998,5202.6001,5220.2998
1997-09-30,5220.2998,5269.2002,5209,5244.2002
1997-10-01,5244.2002,5320.1001,5238.2002,5317.1001
1997-10-02,5317.1001,5367.2998,5283,5296.1001
1997-10-03,5296.1001,5333.8999,5274.2002,5330.7998
1997-10-06,5330.7998,5330.7998,5268,5300
1997-10-07,5300,5340.5,5285.1001,5305.6001
1997-10-08,5305.6001,5366.5,5235.1001,5262.1001
1997-10-09,5262.1001,5262.1001,5166.1001,5217.7998
1997-10-10,5217.7998,5227.2998,5186.7002,5227.2998
1997-10-13,5227.2998,5301,5227.2998,5300.1001
1997-10-14,5300.1001,5302.8999,5272,5298.8999
1997-10-15,5298.8999,5299,5222.3999,5263.7002
1997-10-16,5263.7002,5292.7002,5263.7002,5287.8999
1997-10-17,5287.8999,5287.8999,5248.2002,5271.1001
1997-10-20,5271.1001,5271.1001,5152.2998,5211
1997-10-21,5211,5257.5,5211,5225.8999
1997-10-22,5225.8999,5257.6001,5125.5,5148.7998
1997-10-23,5148.7998,5148.7998,4926.7002,4991.5
1997-10-24,4991.5,5103.2002,4960.2002,4970.2002
1997-10-27,4970.2002,4970.2002,4840.7002,4840.7002
1997-10-28,4840.7002,4840.7002,4382.7998,4755.3999
1997-10-29,4755.3999,4917.3999,4755.3999,4871.7998
1997-10-30,4871.7998,4872.6001,4707.2998,4801.8999
1997-10-31,4801.8999,4860.6001,4763.3999,4842.2998
1997-11-03,4842.2998,4944.6001,4842.2998,4906.3999
1997-11-04,4906.3999,4930.2002,4879.1001,4897.3999
1997-11-05,4897.3999,4947.6001,4863.2998,4908.2998
1997-11-06,4908.2998,4910,4841.2002,4863.7998
1997-11-07,4863.7998,4863.7998,4699.6001,4764.2998
1997-11-10,4764.2998,4828.2998,4764.2998,4806.7998
1997-11-11,4806.7998,4824.7002,4755,4793.7002
1997-11-12,4793.7002,4793.7002,4680.3999,4720.3999
1997-11-13,4720.3999,4740.2998,4697.5,4711
1997-11-14,4711,4801.2998,4711,4741.7998
1997-11-17,4741.7998,4891.7998,4741.7998,4867
1997-11-18,4867,4867,4827.2998,4845.3999
1997-11-19,4845.3999,4850.2998,4786.1001,4830.1001
1997-11-20,4830.1001,4921.3999,4826,4908.3999
1997-11-21,4908.3999,4985.7998,4908.3999,4985.7998
1997-11-24,4985.7998,4985.7998,4883.6001,4898.6001
1997-11-25,4898.6001,4917.2002,4854.7998,4863.5
1997-11-26,4863.5,4907.2998,4863.2002,4891.2002
1997-11-27,4891.2002,4913.6001,4880.7002,4889
1997-11-28,4889,4889.7998,4831.7998,4831.7998
1997-12-01,4831.7998,4932,4831.7998,4921.7998
1997-12-02,4921.7998,4980.1001,4919.3999,4977.6001
1997-12-03,4977.6001,4988.1001,4951.1001,4970.7002
1997-12-04,4970.7002,5082.2998,4970.7002,5082.2998
1997-12-05,5082.2998,5178.5,5047.8999,5142.8999
1997-12-08,5142.8999,5223.5,5142.8999,5187.3999
1997-12-09,5187.3999,5200.3999,5155.2998,5177.1001
1997-12-10,5177.1001,5177.1001,5098.5,5130.7002
1997-12-11,5130.7002,5130.7002,4999.6001,5035.8999
1997-12-12,5035.8999,5069.6001,5034.7998,5045.2002
1997-12-15,5045.2002,5121.8999,5045.2002,5121.7998
1997-12-16,5121.7998,5210.6001,5121.1001,5203.3999
1997-12-17,5203.3999,5247.6001,5183.1001,5190.7998
1997-12-18,5190.7998,5219.2998,5148.5,5168.2998
1997-12-19,5168.2998,5168.2998,4985.7002,5020.2002
1997-12-22,5020.2002,5048.1001,5004.5,5018.2002
1997-12-23,5018.2002,5055,5017.1001,5049.7998
1997-12-24,5049.7998,5049.7998,5004.6001,5013.8999
1997-12-26,5013.8999,5013.8999,5013.8999,5013.8999
1997-12-29,5013.8999,5112.5,5008.7002,5112.3999
1997-12-30,5112.3999,5144.7998,5112.3999,5132.2998
1997-12-31,5132.2998,5182.2998,5132.2998,5135.5
1998-01-02,5135.5,5203.7998,5135.5,5193.5
1998-01-05,5193.5,5262.5,5182.7998,5262.5
1998-01-06,5262.5,5271.3999,5220.7998,5264.3999
1998-01-07,5264.3999,5265.6001,5218.2002,5224.1001
1998-01-08,5224.1001,5296.3999,5220,5237.1001
1998-01-09,5237.1001,5237.1001,5125.3999,5138.2998
1998-01-12,5138.2998,5138.2998,4988.2998,5068.7998
1998-01-13,5068.7998,5110.2002,5068.7998,5083.8999
1998-01-14,5083.8999,5135.7998,5083.8999,5106.8999
1998-01-15,5106.8999,5167.8999,5099.6001,5165.7998
1998-01-16,5165.7998,5277.2002,5165.3999,5263.1001
1998-01-19,5293.7998,5307.7002,5266,5273.6001
1998-01-20,5273.6001,5298.6001,5250.6001,5278.2002
1998-01-21,5278.2002,5297.2998,5230.6001,5272.2998
1998-01-22,5272.2998,5272.2998,5215.8999,5253.1001
1998-01-23,5253.1001,5254.6001,5172.7998,5181.3999
1998-01-26,5181.3999,5244.3999,5179.5,5237.2002
1998-01-27,5237.2002,5338.8999,5237.2002,5326.2998
1998-01-28,5326.2998,5415.2998,5326.2998,5372.6001
1998-01-29,5372.6001,5434.1001,5364.2998,5422.3999
1998-01-30,5422.3999,5458.5,5389.5,5458.5
1998-02-02,5458.5,5616.1001,5458.5,5599
1998-02-03,5599,5612.7998,5574.1001,5612.7998
1998-02-04,5612.7998,5612.7998,5570.6001,5595.7998
1998-02-05,5595.7998,5675.1001,5577.7998,5606.3999
1998-02-06,5606.3999,5629.7002,5556.2002,5629.7002
1998-02-09,5629.7002,5650.2002,5590.2998,5600.8999
1998-02-10,5600.8999,5630.2998,5586.7998,5613.2998
1998-02-11,5613.2998,5646.7002,5591.2998,5607.8999
1998-02-12,5607.8999,5616.6001,5538.6001,5552.5
1998-02-13,5552.5,5582.2998,5530.7998,5582.2998
1998-02-16,5582.2998,5634.2998,5578.5,5619.8999
1998-02-17,5619.8999,5709.5,5611.7002,5709.5
1998-02-18,5709.5,5741.2998,5688,5723.3999
1998-02-19,5723.3999,5744.7002,5691.5,5718.5
1998-02-20,5718.5,5760,5705.1001,5751.6001
1998-02-23,5751.6001,5793.2002,5696.2998,5702.7998
1998-02-24,5702.7998,5702.7998,5584.8999,5651
1998-02-25,5651,5745.1001,5651,5745.1001
1998-02-26,5745.1001,5784.5,5706.2998,5764.7998
1998-02-27,5764.7998,5821.7998,5741.7998,5767.2998
1998-03-02,5767.2998,5846.8999,5747.1001,5820.6001
1998-03-03,5820.6001,5850,5789.5,5807.7002
1998-03-04,5807.7002,5812.7002,5704.5,5733.1001
1998-03-05,5733.1001,5733.1001,5629.1001,5695.6001
1998-03-06,5695.6001,5791.7998,5688.3999,5782.8999
1998-03-09,5782.8999,5826.6001,5764.6001,5818.8999
1998-03-10,5818.8999,5858.1001,5794,5828.5
1998-03-11,5828.5,5861.8999,5811.3999,5829.7998
1998-03-12,5829.7998,5831.2998,5776.2002,5794.7998
1998-03-13,5794.7998,5841.2002,5758.1001,5782.2998
1998-03-16,5782.2998,5813.3999,5773.5,5785.1001
1998-03-17,5785.1001,5853.7002,5779.8999,5834.8999
1998-03-18,5834.8999,5903.6001,5831.2998,5903.6001
1998-03-19,5903.6001,5997.8999,5901.2002,5997.8999
1998-03-20,5997.8999,6105.7998,5880.8999,5956.2998
1998-03-23,5956.2998,6023.1001,5946.7998,5964
1998-03-24,5964,5983.7002,5941.1001,5983.7002
1998-03-25,5983.7002,6007,5958.5,5967.7998
1998-03-26,5967.7998,5967.7998,5850.7002,5905.6001
1998-03-27,5905.6001,5977,5898,5939.2998
1998-03-30,5939.2998,5950.3999,5874.7998,5911.8999
1998-03-31,5911.8999,5932.5,5875.3999,5928.2998
1998-04-01,5928.2998,6030.7002,5907.1001,6017.6001
1998-04-02,6017.6001,6052.7998,6003.8999,6052.7998
1998-04-03,6052.7998,6105.2998,6024.5,6064.2002
1998-04-06,6064.2002,6115.7998,6040.7002,6105.7998
1998-04-07,6105.7998,6134.8999,6063.1001,6094
1998-04-08,6094,6095.5,6033.8999,6055.2002
1998-04-09,6055.2002,6105.5,6038.6001,6105.5
1998-04-13,6105.5,6105.5,6105.5,6105.5
1998-04-14,6105.5,6150.5,6083.2002,6104.1001
1998-04-15,6104.1001,6139.1001,6073.2998,6074.1001
1998-04-16,6074.1001,6074.1001,5964.3999,6002
1998-04-17,6002,6005.1001,5916.8999,5922.2002
1998-04-20,5922.2002,5993.2998,5922.2002,5954.1001
1998-04-21,5954.1001,5976,5884.7998,5955
1998-04-22,5955,5995.7998,5918.5,5931.1001
1998-04-23,5931.1001,5970.2002,5851.3999,5898.1001
1998-04-24,5898.1001,5898.1001,5785.7002,5863.8999
1998-04-27,5863.8999,5863.8999,5699.8999,5722.3999
1998-04-28,5722.3999,5823.3999,5722.3999,5806.6001
1998-04-29,5806.6001,5838.7002,5774.3999,5833.1001
1998-04-30,5833.1001,5954.8999,5818.6001,5928.2998
1998-05-01,5928.2998,6025.1001,5928.2998,6010.2998
1998-05-04,5928.2998,6025.1001,5928.2998,6010.2998
1998-05-05,6010.2998,6064.6001,5972.6001,5986.5
1998-05-06,5986.5,6000,5947.3999,5992.3999
1998-05-07,5992.3999,5992.7002,5899.3999,5938
1998-05-08,5938,5977.7002,5898.5,5969.7998
1998-05-11,5969.7998,6030.8999,5957.3999,6028.2998
1998-05-12,6028.2998,6028.2998,5955.2998,5956.7002
1998-05-13,5956.7002,6000.2002,5949.5,5972.8999
1998-05-14,5972.8999,5981.2998,5898.6001,5948.5
1998-05-15,5948.5,5953.2002,5866.5,5917.7998
1998-05-18,5917.7998,5917.7998,5794.5,5826.2002
1998-05-19,5826.2002,5895.6001,5826.2002,5877.7998
1998-05-20,5877.7998,5941.2002,5877.7002,5907.3999
1998-05-21,5907.3999,5991.1001,5904.2998,5935.6001
1998-05-22,5935.6001,5957.7002,5908.7998,5955.6001
1998-05-26,5955.6001,6042.6001,5955.6001,5970.7002
1998-05-27,5970.7002,5970.7002,5836.8999,5870.2002
1998-05-28,5870.2002,5905.6001,5816.5,5862.2998
1998-05-29,5862.2998,5915.1001,5862.2998,5870.7002
1998-06-01,5870.7002,5870.7002,5777.7002,5837.8999
1998-06-02,5837.8999,5847.7002,5809.8999,5842.2998
1998-06-03,5842.2998,5913.6001,5840,5898.3999
1998-06-04,5898.3999,5898.3999,5820.7998,5843.5
1998-06-05,5860.7998,5947.2998,5860.7998,5947.2998
1998-06-08,5947.2998,6049.6001,5947.2998,6036.7998
1998-06-09,6037.7998,6038.2998,6003.7998,6019.7998
1998-06-10,6019.7998,6019.7998,5944.7998,5987.3999
1998-06-11,5987.3999,5987.3999,5852.5,5852.5
1998-06-12,5852.5,5900.6001,5750.2998,5769.7998
1998-06-15,5769.7998,5783.7998,5646.1001,5715.7002
1998-06-16,5715.7002,5754,5687.7002,5729.7002
1998-06-17,5729.7002,5838.6001,5729.7002,5832.7002
1998-06-18,5832.7002,5871.3999,5769,5812.1001
1998-06-19,5812.1001,5831.2998,5748.1001,5748.1001
1998-06-22,5748.1001,5750.1001,5676.5,5712.3999
1998-06-23,5712.3999,5774.7998,5701.6001,5772
1998-06-24,5772,5805,5728.5,5804.8999
1998-06-25,5804.8999,5885.8999,5802.3999,5858.8999
1998-06-26,5858.8999,5879,5819.8999,5877.3999
1998-06-29,5877.3999,5923.8999,5869.1001,5884.5
1998-06-30,5884.5,5885.6001,5825,5832.5
1998-07-01,5832.5,5947,5832.5,5919.8999
1998-07-02,5919.8999,5996.7002,5919.8999,5960.2002
1998-07-03,5960.2002,6022.1001,5958.2002,5988.3999
1998-07-06,5988.3999,5991.3999,5931.1001,5990.2998
1998-07-07,5990.2998,6036.6001,5985,6003.3999
1998-07-08,6003.3999,6027.1001,5977.3999,6009.6001
1998-07-09,6009.6001,6043.7998,5948.1001,5969.7002
1998-07-10,5969.7002,5969.7002,5915.5,5929.7002
1998-07-13,5929.7002,5972.6001,5926.3999,5958.2002
1998-07-14,5958.2002,6111.2002,5956.7002,6100.2002
1998-07-15,6100.2002,6179.7998,6100.2002,6151.5
1998-07-16,6151.5,6180.3999,6086.5,6116.7998
1998-07-17,6116.7998,6177.2998,6113.3999,6174
1998-07-20,6174,6183.7002,6157.2998,6179
1998-07-21,6179,6179,6115.3999,6132.7002
1998-07-22,6132.7002,6132.7002,5989.6001,5989.6001
1998-07-23,5989.6001,6004.7998,5925.2998,5976.2002
1998-07-24,5976.2002,5976.2002,5871.7002,5892.2998
1998-07-27,5892.2998,5927.7002,5821.7002,5836.1001
1998-07-28,5836.1001,5894,5809.7998,5835.7998
1998-07-29,5835.7998,5858.5,5782.2002,5844.1001
1998-07-30,5844.1001,5932.5,5842.2998,5910.7002
1998-07-31,5910.7002,5930.1001,5834.7002,5837
1998-08-03,5837,5837,5752,5809.7002
1998-08-04,5809.7002,5828.7998,5724.6001,5736.1001
1998-08-05,5736.1001,5736.1001,5571.3999,5632.5
1998-08-06,5632.5,5641.7002,5546.8999,5594.1001
1998-08-07,5594.1001,5682.3999,5584.3999,5680.3999
1998-08-10,5680.3999,5680.3999,5555.8999,5587.6001
1998-08-11,5587.6001,5587.7002,5403.2998,5432.7998
1998-08-12,5432.7998,5494.2998,5403.6001,5462.2002
1998-08-13,5462.2002,5462.2002,5350.2998,5399.5
1998-08-14,5399.5,5517.6001,5399.5,5455
1998-08-17,5455,5485.8999,5398,5467.2002
1998-08-18,5467.2002,5648.2002,5467.2002,5648.2002
1998-08-19,5648.2002,5712.7998,5648.2002,5694.2998
1998-08-20,5694.2998,5706.7998,5631.7998,5667.3999
1998-08-21,5667.3999,5667.3999,5455.1001,5477
1998-08-24,5477,5553.7002,5444.5,5553.7002
1998-08-25,5553.7002,5655.6001,5553.7002,5654.3999
1998-08-26,5654.3999,5654.3999,5501.7002,5545.3999
1998-08-27,5545.3999,5554.7002,5353.5,5368.5
1998-08-28,5368.5,5371,5108.7002,5249.3999
1998-09-01,5249.3999,5249.6001,5075.7002,5169.1001
1998-09-02,5169.1001,5341.6001,5169.1001,5235.7998
1998-09-03,5235.7998,5236,5089.2998,5118.7002
1998-09-04,5118.7002,5194.8999,5110.3999,5167
1998-09-07,5167,5352.6001,5167,5347
1998-09-08,5347,5399.7998,5313.8999,5344.2002
1998-09-09,5344.2002,5365.2002,5256.3999,5311.2998
1998-09-10,5311.2998,5311.2998,5121.7998,5136.6001
1998-09-11,5136.6001,5137.7002,4988.7998,5118.6001
1998-09-14,5118.6001,5268.6001,5118.6001,5268.6001
1998-09-15,5268.6001,5283,5192.5,5281.7002
1998-09-16,5281.7002,5360.6001,5276.7998,5291.7002
1998-09-17,5291.7002,5291.7002,5101.5,5132.8999
1998-09-18,5132.8999,5152.2002,5034.7002,5055.6001
1998-09-21,5055.6001,5055.6001,4899.6001,4990.2998
1998-09-22,4990.2998,5124.1001,4989.7998,5103.2998
1998-09-23,5103.2998,5219.5,5103.2998,5214.7002
1998-09-24,5214.7002,5322.2998,5158.6001,5167.6001
1998-09-25,5167.6001,5167.6001,5016,5061
1998-09-28,5061,5097.2998,5022,5093.5
1998-09-29,5093.5,5109.3999,5042.7002,5108.7002
1998-09-30,5108.7002,5114.6001,5003.8999,5064.3999
1998-10-01,5064.3999,5064.3999,4881.2002,4908.2002
1998-10-02,4908.2002,4908.7002,4724.2002,4750.3999
1998-10-05,4750.2998,4779.7002,4643.2002,4648.7002
1998-10-06,4648.7002,4863.7002,4648.7002,4854
1998-10-07,4854,4949.5,4777.3999,4828.8999
1998-10-08,4828.7998,4832.6001,4599.2002,4698.8999
1998-10-09,4698.7998,4823.3999,4698.6001,4823.3999
1998-10-12,4823.3999,5043.3999,4823.3999,5037.6001
1998-10-13,5037.6001,5052.7998,4956.2998,4990.1001
1998-10-14,4990.1001,5052.2998,4935.7002,5038.3999
1998-10-15,5038.3999,5125.6001,5011,5056.2998
1998-10-16,5056.2002,5208.1001,5056.2002,5133.1001
1998-10-19,5133.1001,5133.6001,5055.7002,5077.5
1998-10-20,5077.5,5267.8999,5073.2998,5251.8999
1998-10-21,5251.7998,5282.3999,5203.2002,5206.6001
1998-10-22,5206.6001,5259.3999,5206.2002,5229.8999
1998-10-23,5229.7998,5238.2998,5159.7998,5217.1001
1998-10-26,5217.1001,5329,5215.2002,5231.5
1998-10-27,5231.5,5372.1001,5231.5,5331.2002
1998-10-28,5331.2002,5331.2002,5238.7002,5293.8999
1998-10-29,5293.7998,5362.7002,5276.1001,5358.5
1998-10-30,5358.5,5455.2002,5358.5,5438.3999
1998-11-02,5438.2998,5564.2998,5438.2998,5525.5
1998-11-03,5525.5,5566.5,5480,5503.8999
1998-11-04,5503.7998,5645.1001,5503.7998,5622.8999
1998-11-05,5622.7998,5625.5,5467.7998,5479.7998
1998-11-06,5479.7002,5575.2998,5458.5,5491
1998-11-09,5491,5507.1001,5399.1001,5433.8999
1998-11-10,5433.7998,5435.7002,5359.5,5432.2002
1998-11-11,5432.2002,5516.2998,5432.2002,5476.7998
1998-11-12,5476.7002,5476.7998,5402.2998,5449
1998-11-13,5449,5464.8999,5370.6001,5463.2002
1998-11-16,5463.2002,5540.7002,5463.2002,5510.5
1998-11-17,5510.5,5562.3999,5491.7998,5502.7002
1998-11-18,5502.7002,5554.2002,5467.1001,5474
1998-11-19,5474,5616.7002,5468.1001,5606.2002
1998-11-20,5606.2002,5751.8999,5606.2002,5717.5
1998-11-23,5717.5,5854.3999,5717,5848.3999
1998-11-24,5848.2998,5881.7002,5773,5798.2998
1998-11-25,5798.2002,5836.2998,5732.5,5755.2998
1998-11-26,5755.2002,5854.5,5744.1001,5827.7998
1998-11-27,5827.7998,5870.7998,5768.7002,5844.2002
1998-11-30,5844.2002,5866.2002,5743.7998,5743.8999
1998-12-01,5743.7998,5743.8999,5519.2002,5537.5
1998-12-02,5537.5,5565.2002,5489.5,5507.2002
1998-12-03,5507.2002,5597.2002,5377.2002,5566.1001
1998-12-04,5566.1001,5613.7002,5489.2002,5581.8999
1998-12-07,5581.7998,5624.7998,5573.6001,5576.7002
1998-12-08,5576.7002,5639.7998,5576.7002,5615.7002
1998-12-09,5615.7002,5691.7002,5572.2998,5669.1001
1998-12-10,5615.7002,5712.7002,5576.7002,5660.2998
1998-12-11,5660.2002,5660.2998,5515.5,5541.7002
1998-12-14,5541.7002,5548.2998,5468.2998,5534.5
1998-12-15,5534.5,5559.7998,5511.6001,5557.1001
1998-12-16,5557.1001,5636.7998,5555.7002,5630.3999
1998-12-17,5622.7998,5685.5,5593.6001,5685.2002
1998-12-18,5685.2002,5772.1001,5674,5741.8999
1998-12-21,5741.7998,5892.2002,5732.7998,5876.5
1998-12-22,5876.5,5893.2998,5825.2002,5843.2998
1998-12-23,5843.2002,5908.7998,5835.7998,5908.7998
1998-12-24,5908.7002,5911.5,5867.1001,5867.2002
1998-12-29,5867.2002,5970.1001,5867.2002,5941.5
1998-12-30,5941.5,5944.8999,5809,5882.6001
1999-01-04,5882.6001,5916.8999,5811.2002,5879.2998
1999-01-05,5879.2998,5980.5,5868.7002,5958.2002
1999-01-06,5958.2002,6157.3999,5958.2002,6148.7998
1999-01-07,6148.7002,6153.7002,6042.5,6101.2002
1999-01-08,6101.2002,6195.6001,6101.2002,6147.2002
1999-01-11,6147.1001,6186.5,6063.2002,6085
1999-01-12,6085,6140.2998,6024.5,6033.6001
1999-01-13,6033.6001,6033.6001,5746.5,5850.1001
1999-01-14,5850.1001,5937.7998,5798.7002,5820.2002
1999-01-15,5820.2002,5941,5736.7998,5941
1999-01-18,5941,6123.7998,5941,6123.7998
1999-01-19,6123.7998,6138.7002,6016.3999,6027.6001
1999-01-20,6027.6001,6129.1001,6026.7002,6105.6001
1999-01-21,6105.6001,6124.6001,6021.7998,6022.2998
1999-01-22,6022.2002,6022.2998,5835.1001,5861.2002
1999-01-25,5861.2002,5905.7002,5749.2002,5880.8999
1999-01-26,5880.7998,5927.7002,5822.7998,5885.7002
1999-01-27,5885.7002,5989.2998,5859.5,5876.3999
1999-01-28,5876.2998,5959.7998,5841.2002,5872.5
1999-01-29,5872.5,5941.7002,5832,5896
1999-02-01,5876.2998,6045,5832,6012.2002
1999-02-02,6012.2998,6031.7998,5915.2002,6013
1999-02-03,6013,6048.2002,5922.7002,5940.2998
1999-02-04,5940.2002,6041.5,5924.7002,5939.8999
1999-02-05,5939.7998,5941,5848.2998,5855.2998
1999-02-08,5855.2002,5868.2998,5789.6001,5834.8999
1999-02-09,5834.7998,5868.1001,5756.5,5779.8999
1999-02-10,5779.7998,5781.7998,5697.7002,5770.2002
1999-02-11,5770.2002,5888.7002,5770.2002,5888.5
1999-02-12,5888.5,6032.5,5880.2002,5950.7002
1999-02-15,5950.7002,6033.2002,5924,6023.2002
1999-02-16,6023.2002,6133.2002,6023.2002,6108.6001
1999-02-17,6108.6001,6111.7998,6040.7002,6078.2998
1999-02-18,6078.2998,6123.2002,6007.1001,6074.7998
1999-02-19,6074.7998,6075.2998,6009.5,6031.2002
1999-02-22,6031.2002,6080.7998,5994.7002,6069.7998
1999-02-23,6069.7998,6185.2002,6069.7998,6155.2002
1999-02-24,6155.2002,6316.6001,6146.7002,6307.6001
1999-02-25,6307.6001,6319.7002,6193.2998,6206.5
1999-02-26,6206.5,6222.7002,6156.6001,6175.7998
1999-03-01,6175.1001,6185.2002,6032.7002,6060.7998
1999-03-02,6060.7998,6089.6001,6033.5,6061.2002
1999-03-03,6061.2002,6116,6039.7998,6048.2002
1999-03-04,6048.2002,6117.7998,6021.2998,6101.2998
1999-03-05,6101.2998,6243.2002,6101.2998,6205.5
1999-03-08,6205.2002,6234.5,6174.6001,6208.7998
1999-03-09,6208.7002,6287.2998,6196.7998,6237.7002
1999-03-10,6237.7002,6242.1001,6168.6001,6241.5
1999-03-11,6241.5,6360.2998,6241.2002,6335.7002
1999-03-12,6335.7002,6365.3999,6272.7002,6282.2002
1999-03-15,6282.2002,6282.2002,6159.2998,6206.7998
1999-03-16,6206.7002,6269.6001,6181.2002,6201.8999
1999-03-17,6201.7998,6201.8999,6109.7002,6140.6001
1999-03-18,6140.6001,6161.3999,6074.7998,6114.2998
1999-03-19,6114.2002,6211.2002,6114.2002,6163.2002
1999-03-22,6163.2002,6200.1001,6128.7998,6152.7002
1999-03-23,6152.7002,6153.1001,6048.6001,6060.5
1999-03-24,6060.5,6060.5,5968.2002,6016.7002
1999-03-25,6016.7002,6095.7998,6016.7002,6085
1999-03-26,6085,6139.2002,6061.6001,6139.2002
1999-03-29,6139.2002,6253.7002,6138.2002,6252.7998
1999-03-30,6252.7998,6278.7002,6237.6001,6264.1001
1999-03-31,6264.1001,6352.5,6259.2002,6295.2002
1999-04-01,6295.2002,6399.1001,6267.5,6330
1999-04-05,6330,6330,6330,6330
1999-04-06,6330,6443.7998,6329.7002,6415.2002
1999-04-07,6415.2002,6496.1001,6415.2002,6473.2002
1999-04-08,6473.2002,6488.7998,6405.2002,6437.7998
1999-04-09,6437.7998,6512.1001,6416.5,6472.7002
1999-04-12,6472.7002,6473.6001,6377.2002,6441.2002
1999-04-13,6441.2002,6519.5,6438.6001,6513.1001
1999-04-14,6513.1001,6539.7998,6463.6001,6493.6001
1999-04-15,6493.6001,6517.2002,6443.2002,6466.1001
1999-04-16,6466.1001,6513.2002,6410.7002,6420.6001
1999-04-19,6420.6001,6515.2002,6414.6001,6515.2002
1999-04-20,6515.2002,6515.2002,6280.2002,6319.7002
1999-04-21,6319.7002,6342.1001,6285,6311
1999-04-22,6311,6457.1001,6311,6413.6001
1999-04-23,6413.6001,6469.2002,6413.6001,6428
1999-04-26,6428,6521.7998,6428,6503.6001
1999-04-27,6503.6001,6635.7998,6503.6001,6593.6001
1999-04-28,6593.6001,6613,6577.7002,6598.7002
1999-04-29,6598.7002,6599,6493.6001,6497.6001
1999-04-30,6497.6001,6585,6497.6001,6552.2002
1999-05-04,6552.2002,6663.7002,6515.7002,6533.1001
1999-05-05,6533.1001,6534.5,6401.7002,6401.7002
1999-05-06,6401.7002,6485.7002,6351.7002,6406.6001
1999-05-07,6406.6001,6411.6001,6336.2002,6356
1999-05-10,6356,6390.2002,6280.2998,6348.7002
1999-05-11,6348.7002,6390.2998,6348.7002,6378.2002
1999-05-12,6378.2002,6389.6001,6283.1001,6343.1001
1999-05-13,6343.1001,6466,6343.1001,6456.6001
1999-05-14,6456.6001,6465.5,6261.2998,6300.2998
1999-05-17,6300.2998,6301.2002,6160.5,6165.7002
1999-05-18,6165.7002,6225.7002,6147.6001,6206.2998
1999-05-19,6206.2998,6268.2002,6193,6266.7002
1999-05-20,6266.7002,6371.2002,6266.7002,6368.2002
1999-05-21,6379.2002,6391.7998,6345.1001,6353.1001
1999-05-24,6353.1001,6462.2002,6322.1001,6322.1001
1999-05-25,6322.1001,6322.1001,6184.7002,6249.2002
1999-05-26,6249,6292,6178,6237
1999-05-27,6237,6280,6155,6200
1999-05-28,6200,6229,6110,6226
1999-06-01,6226,6354,6226,6250
1999-06-02,6250,6314,6243,6302
1999-06-03,6302,6360,6302,6349
1999-06-04,6349,6366,6274,6362
1999-06-07,6362,6426,6362,6412
1999-06-08,6412,6466,6410,6432
1999-06-09,6432,6472,6419,6453
1999-06-10,6453,6469,6382,6403
1999-06-11,6403,6502,6403,6485
1999-06-14,6485,6500,6402,6430
1999-06-15,6430,6451,6404,6451
1999-06-16,6451,6535,6431,6505
1999-06-17,6505,6548,6466,6494
1999-06-18,6494,6593,6494,6528
1999-06-21,6528,6614,6528,6581
1999-06-22,6581,6581,6513,6552
1999-06-23,6552,6560,6472,6497
1999-06-24,6497,6514,6405,6417
1999-06-25,6417,6446,6380,6435
1999-06-28,6435,6438,6389,6406
1999-06-29,6406,6430,6302,6307
1999-06-30,6307,6372,6288,6319
1999-07-01,6318.5,6489,6318.5,6488.7998
1999-07-02,6488.7998,6521.7002,6459.5,6491.7998
1999-07-05,6491.7998,6606.7998,6491.7998,6592
1999-07-06,6592,6620.7002,6543.7998,6620.6001
1999-07-07,6620.6001,6631.5,6560.6001,6597.2998
1999-07-08,6597.2998,6649.1001,6520.1001,6557.2002
1999-07-09,6553.7002,6585.1001,6545.2998,6562.6001
1999-07-12,6562.6001,6623.5,6544.1001,6545.5
1999-07-13,6545.5,6549,6445.6001,6445.6001
1999-07-14,6445.6001,6535.7998,6445.2002,6473.1001
1999-07-15,6473.1001,6583.7002,6470.2002,6575
1999-07-16,6575,6592.2002,6544.2002,6563.2002
1999-07-19,6563.2002,6622.1001,6476.5,6483.7002
1999-07-20,6483.7002,6483.7002,6384.7998,6392
1999-07-21,6392,6392,6310,6329.7002
1999-07-22,6329.7002,6355.5,6272.7002,6297.5
1999-07-23,6297.7002,6305.5,6199.1001,6207.2998
1999-07-26,6207.2998,6223.7998,6092.1001,6169.1001
1999-07-27,6169.1001,6281.7002,6169.1001,6262.7002
1999-07-28,6262.7002,6316.2002,6258,6297.2002
1999-07-29,6297.2002,6297.2002,6117.5,6117.5
1999-07-30,6117.5,6232.7002,6117.5,6231.7998
1999-08-02,6231.7998,6301.7998,6156.7002,6288.2002
1999-08-03,6288.2002,6289.2998,6220.1001,6250.6001
1999-08-04,6250.6001,6282.7998,6219.6001,6235.2998
1999-08-05,6235.2998,6237.2998,6078.5,6101.6001
1999-08-06,6101.6001,6179.2002,6098.7002,6121
1999-08-09,6121,6164.7998,6112.1001,6126.2998
1999-08-10,6126.2998,6129.6001,5976.2002,5978.2998
1999-08-11,5978.2998,6049.1001,5976,6014.2998
1999-08-12,6014.2998,6153.2002,6014.2998,6153.2002
1999-08-13,6153.2002,6247.5,6115.7002,6245.1001
1999-08-16,6245.1001,6263.5,6207.2002,6235.2998
1999-08-17,6235.2998,6240.5,6166.2002,6166.2998
1999-08-18,6166.2998,6233,6160.6001,6201.7002
1999-08-19,6201.7002,6217.7998,6104.2002,6118
1999-08-20,6118,6187.2002,6118,6180.7002
1999-08-23,6180.7002,6330,6180.7002,6322.1001
1999-08-24,6322.1001,6333.7002,6286.5,6315.1001
1999-08-25,6315.1001,6399.6001,6313.7002,6369.5
1999-08-26,6369.5,6434.2998,6361.5,6383.7998
1999-08-27,6383.7998,6413.2002,6350.1001,6375.2002
1999-08-31,6375.2002,6375.2002,6246.2998,6246.2998
1999-09-01,6246.2998,6279.7998,6207.2998,6276.2002
1999-09-02,6276.2002,6277.2002,6168.2002,6195.6001
1999-09-03,6195.6001,6342,6195.6001,6332.1001
1999-09-06,6332.1001,6388.2998,6332.1001,6375.7002
1999-09-07,6375.7002,6381.6001,6302.5,6309.5
1999-09-08,6309.5,6319.1001,6163,6253.6001
1999-09-09,6253.6001,6271.2002,6242.2002,6260.6001
1999-09-10,6260.6001,6300.2998,6191,6191
1999-09-13,6191,6232.2002,6127,6169
1999-09-14,6169,6250.7998,6104.7998,6116
1999-09-15,6116,6118.2998,6043.6001,6067.7002
1999-09-16,6067.7002,6081,6010,6014.6001
1999-09-17,6014.6001,6062,6012.2998,6039.7002
1999-09-20,6039.7002,6094.7002,6030.2002,6056.5
1999-09-21,6056.5,6080.7002,5942.7998,5957.2002
1999-09-22,5957.2002,5965.7002,5868.2998,5913.7998
1999-09-23,5913.7998,6022.2002,5909.7002,5969.7002
1999-09-24,5969.7002,5989.7002,5900.7002,5937.6001
1999-09-27,5969.7002,6087.7002,5900.7002,6078.6001
1999-09-28,6078.6001,6079.1001,6006.7002,6007.2002
1999-09-29,6007.2002,6077.2002,5941.5,6020.6001
1999-09-30,6020.6001,6041.6001,5964.5,6029.7002
1999-10-01,6029.7002,6059.2002,5960.2002,5970.7002
1999-10-04,5970.7002,6057.2002,5967.2002,6052.7998
1999-10-05,6052.7998,6100.2002,6042.2998,6084.5
1999-10-06,6084.5,6097.5,6012.5,6097.5
1999-10-07,6097.5,6221.7002,6097.5,6200.2998
1999-10-08,6200.2998,6250.7002,6160.6001,6199.2998
1999-10-11,6199.2998,6238.7002,6185.7002,6234.7002
1999-10-12,6234.7002,6246.2002,6164.7998,6174.7002
1999-10-13,6174.7002,6174.7002,6079,6113.2998
1999-10-14,6113.2998,6131.6001,6038.1001,6039.2998
1999-10-15,6039.2998,6039.2998,5842.7002,5907.2002
1999-10-18,5907.2002,5907.2002,5798.2002,5869.2002
1999-10-19,5869.2002,5993.7002,5869.2002,5993.7002
1999-10-20,5993.7002,6028.5,5970,6006.7002
1999-10-21,6006.7002,6043.7002,5888.1001,5939.2002
1999-10-22,5939.2002,6060.2002,5939.2002,6058.7998
1999-10-25,6058.7998,6109.2998,5991.7002,6009.2998
1999-10-26,6009.2998,6096.7002,5994.7002,6092.2998
1999-10-27,6091.2002,6091.2002,6016.7002,6045.7002
1999-10-28,6045.7002,6166.5,5990.1001,6149.1001
1999-10-29,6149.1001,6279.2002,6146.2002,6255.7002
1999-11-01,6255.7002,6297.7002,6232.2002,6284
1999-11-02,6284,6284,6231,6252
1999-11-03,6252,6298.7002,6231.2002,6280.7002
1999-11-04,6280.7002,6357.2002,6280.2002,6331.2002
1999-11-05,6331.2002,6402,6309.2002,6356.6001
1999-11-08,6356.6001,6398,6338.5,6374.2002
1999-11-09,6374.2002,6483.1001,6374.2002,6435.5
1999-11-10,6435.5,6475,6416.7002,6447
1999-11-11,6447,6552.7002,6447,6551.2998
1999-11-12,6551.2998,6612.7002,6488.1001,6511.6001
1999-11-15,6511.6001,6574.6001,6498.1001,6533.6001
1999-11-16,6533.6001,6596.2998,6522.2002,6583
1999-11-17,6583,6627.1001,6534.5,6555.7002
1999-11-18,6555.7002,6590,6520.5,6550.7002
1999-11-19,6550.7002,6593.2998,6456.2002,6482.2002
1999-11-22,6482.2002,6564.6001,6422,6442
1999-11-23,6442,6551.2002,6426.6001,6534.2002
1999-11-24,6534.2002,6569.5,6493.7002,6561.7002
1999-11-25,6561.7002,6686.1001,6558,6682.7002
1999-11-26,6682.7002,6743.1001,6654.2998,6684.7002
1999-11-29,6704.5,6759.2002,6659.6001,6692.2002
1999-11-30,6692.2002,6692.2002,6586.7002,6597.2002
1999-12-01,6597.2002,6655.7002,6575.2002,6646
1999-12-02,6646,6694.2002,6623,6653.7002
1999-12-03,6653.7002,6771.6001,6652.2002,6742.2002
1999-12-06,6742.2002,6774.7002,6657.1001,6694
1999-12-07,6694,6728.7998,6659.7002,6660.7998
1999-12-08,6660.7998,6660.7998,6609.5,6619.2998
1999-12-09,6619.2998,6688,6619.2998,6680.7002
1999-12-10,6680.7002,6740.1001,6659.7002,6739.5
1999-12-13,6739.5,6769.7002,6710.7002,6710.7002
1999-12-14,6710.7002,6735.2002,6663.2002,6702.1001
1999-12-15,6702.1001,6716,6588.7002,6633.7002
1999-12-16,6633.7002,6704.6001,6633.7002,6672
1999-12-17,6672,6757,6646.2998,6724.6001
1999-12-20,6724.6001,6761.7002,6707,6731.2002
1999-12-21,6731.2002,6731.2002,6675.6001,6707.5
1999-12-22,6707.5,6750.2002,6691.6001,6728.6001
1999-12-23,6728.6001,6803.1001,6722.7002,6776.7002
1999-12-24,6776.7002,6815.7002,6772.7998,6806.5
1999-12-29,6854.6001,6860.7002,6826.6001,6835.7998
1999-12-30,6835.7998,6950.6001,6835.7998,6930.2002
2000-01-04,6930.2002,6930.2002,6662.7998,6665.7998
2000-01-05,6665.7998,6665.7998,6500.2998,6535.7998
2000-01-06,6535.7998,6547.2002,6424.2998,6447.2002
2000-01-07,6447.2002,6532.2998,6438.7002,6504.7002
2000-01-10,6504.7002,6634.2002,6504.7002,6607.7002
2000-01-11,6607.7002,6638.1001,6510.7002,6518.7998
2000-01-12,6518.7998,6532.7002,6470.2002,6532.7002
2000-01-13,6532.7002,6596.5,6509.7002,6531.5
2000-01-14,6575.2002,6666.7002,6571.5,6658.2002
2000-01-17,6658.2002,6694.2002,6638.5,6669.5
2000-01-18,6678.5,6695.7998,6491.5,6504.6001
2000-01-19,6504.6001,6505.7998,6434.2998,6445.2998
2000-01-20,6445.2998,6492.7002,6328.2002,6348.7002
2000-01-21,6348.7002,6374.7002,6289.5,6346.2002
2000-01-24,6346.2002,6480.2998,6346.2002,6379.7002
2000-01-25,6379.7002,6379.7002,6262.7998,6274.1001
2000-01-26,6274.1001,6380,6270.2998,6375.6001
2000-01-27,6375.6001,6451.6001,6375.6001,6441
2000-01-28,6441,6475.1001,6354.7002,6375.6001
2000-01-31,6375.6001,6375.6001,6246.7002,6268.5
2000-02-01,6268.5,6367.1001,6231.7998,6290.7998
2000-02-02,6290.7998,6345.2002,6241.6001,6302.7002
2000-02-03,6302.7998,6393.5,6251.6001,6324.2998
2000-02-04,6324.2998,6364.8999,6171.2002,6188.5
2000-02-07,6185,6232.1001,6100.7002,6118.6001
2000-02-08,6118.6001,6295.7002,6117.2998,6287
2000-02-09,6285.7998,6450.8999,6271.5,6316.2998
2000-02-10,6315.3999,6320,6199.7998,6293
2000-02-11,6279.7998,6325.7002,6127.3999,6185.8999
2000-02-14,6193.2998,6197.5,6027.5,6068.6001
2000-02-15,6068.6001,6167.5,5972.7002,6005.8999
2000-02-16,6005.2002,6147.3999,6002.5,6144.8999
2000-02-17,6147.3999,6262.2002,6102.8999,6209.2998
2000-02-18,6209.2998,6264.1001,6151.3999,6165.1001
2000-02-21,6165,6193.6001,6029.8999,6088.7002
2000-02-22,6081.6001,6172.7998,6002.7002,6012.3999
2000-02-23,6014.7002,6167.2998,6014.7002,6142
2000-02-24,6144.1001,6288.7998,6070.8999,6082.2002
2000-02-25,6086.7002,6198,6086.7002,6194.8999
2000-02-28,6198,6271.1001,6054.1001,6099.6001
2000-02-29,6099.6001,6245.5,6099.6001,6237.7998
2000-03-01,6232.6001,6387.2998,6232.6001,6364.8999
2000-03-02,6364.8999,6436.5,6324.2002,6429.7002
2000-03-03,6432.1001,6506.2998,6403,6491.2998
2000-03-06,6487.5,6593.2998,6457,6574.8999
2000-03-07,6567.7998,6568.2998,6465.5,6469.6001
2000-03-08,6466.5,6479.7002,6387.2002,6411.2002
2000-03-09,6411.2002,6544.2002,6411.2002,6532.7002
2000-03-10,6532.1001,6642.5,6532.1001,6571.7998
2000-03-13,6568.7002,6914,6380.6001,6467.1001
2000-03-14,6466.8999,6539.7002,6457.1001,6489.8999
2000-03-15,6487.1001,6487.1001,6396.1001,6445.3999
2000-03-16,6447,6618.2002,6447,6557.2002
2000-03-17,6557.2002,6713.1001,6504.1001,6563.7998
2000-03-20,6558,6653.3999,6523.2998,6626.7002
2000-03-21,6624.5,6630.6001,6543.3999,6615.2998
2000-03-22,6617.8999,6692.2998,6551.7002,6608.2998
2000-03-23,6609.6001,6617.7998,6538.7002,6595.7998
2000-03-24,6594.6001,6755.1001,6594.6001,6738.5
2000-03-27,6738.5,6770.3999,6654.3999,6687.2002
2000-03-28,6687.2002,6734.8999,6623.7002,6650.1001
2000-03-29,6650.1001,6657.2998,6570.2998,6598.7998
2000-03-30,6598.7998,6598.7998,6418.5,6445.2002
2000-03-31,6445.2002,6557.3999,6385.7998,6540.2002
2000-04-03,6540.2002,6540.2002,6437.8999,6462.1001
2000-04-04,6462.1001,6531.2998,6415.5,6422.6001
2000-04-05,6427,6427,6289.7998,6427
2000-04-06,6379.2998,6464.8999,6353.7998,6451.1001
2000-04-07,6451.1001,6586.2998,6451.1001,6568.2002
2000-04-10,6569.8999,6579.6001,6510.3999,6533.3999
2000-04-11,6533.3999,6534,6358.3999,6374.7002
2000-04-12,6379.2002,6443.5,6333.6001,6350.7998
2000-04-13,6350.7998,6381.8999,6268.3999,6359.2002
2000-04-14,6357,6359.1001,6149.7998,6175.2002
2000-04-17,6178.1001,6178.1001,5915.2002,5989.7998
2000-04-18,5994.6001,6084.2002,5951.7002,6077.2998
2000-04-19,6160.5,6183.6001,6125,6127.7002
2000-04-20,6184.8999,6248.1001,6134.3999,6240.7002
2000-04-25,6208.7998,6313.7998,6195.7998,6282.2998
2000-04-26,6283,6342.2002,6247,6249.6001
2000-04-27,6256.5,6306.2002,6127.8999,6173.2998
2000-04-28,6179.2998,6341.8999,6179.2998,6341.8999
2000-05-02,6327.3999,6412.6001,6311.8999,6374.5
2000-05-03,6373.3999,6373.3999,6176.1001,6184.7998
2000-05-04,6184.7998,6231.3999,6162.5,6197.2998
2000-05-05,6199.6001,6267.8999,6190.5,6245.1001
2000-05-08,6238.7998,6299.3999,6174.2998,6216.2998
2000-05-09,6216.2998,6243.1001,6112.8999,6118.3999
2000-05-10,6123.7998,6182.8999,6090.2002,6106.7998
2000-05-11,6100.6001,6263.6001,6051.5,6240.1001
2000-05-12,6245.8999,6304.2002,6220.6001,6284.8999
2000-05-15,6283.5,6290.5,6218.2002,6247.7002
2000-05-16,6247.7002,6349.1001,6247.7002,6320.2998
2000-05-17,6318.3999,6321.6001,6189.2002,6189.7998
2000-05-18,6196.2002,6256,6196.2002,6232.8999
2000-05-19,6232.8999,6237.6001,6039.1001,6050.8999
2000-05-22,6045.3999,6130.1001,5991.8999,6042.7998
2000-05-23,6035.5,6128.5,6026.1001,6086.7998
2000-05-24,6086.7002,6127.1001,5997.6001,6118.6001
2000-05-25,6118.6001,6234.6001,6118.6001,6234.6001
2000-05-26,6231.1001,6252.2002,6153.2002,6206
2000-05-30,6216.8999,6379.7002,6216.8999,6359.6001
2000-05-31,6359.6001,6419.8999,6325.5,6358.7002
2000-06-01,6359.2998,6476.8999,6344.3999,6470.5
2000-06-02,6470.5,6634.8999,6445.5,6633.1001
2000-06-05,6626.3999,6635.7002,6540.3999,6552.1001
2000-06-06,6546.7002,6619.6001,6490,6546.7998
2000-06-07,6546.7998,6546.7998,6476.3999,6503.7998
2000-06-08,6503.7998,6592.7002,6469.7998,6496.6001
2000-06-09,6496.6001,6512.3999,6438.1001,6443.7998
2000-06-12,6443.7002,6479.7002,6430.7998,6430.7998
2000-06-13,6430.8999,6515.2002,6430.7998,6447.1001
2000-06-14,6447.1001,6551.7002,6447.1001,6536.2998
2000-06-15,6536.2998,6566.2002,6490.7998,6490.7998
2000-06-16,6490.7998,6566.7002,6474.8999,6526
2000-06-19,6490.7998,6515.7002,6467.5,6490.2002
2000-06-20,6490.2002,6536.5,6490.2002,6526.8999
2000-06-21,6526.8999,6532.5,6429,6477.7998
2000-06-22,6477.7998,6530.7002,6413.7998,6413.7998
2000-06-23,6413.7998,6413.7998,6367.7998,6391.5
2000-06-26,6391.5,6447.7002,6369,6405.2002
2000-06-27,6405.2002,6428.3999,6365.6001,6396.5
2000-06-28,6375.2002,6394.2998,6310.7002,6313.5
2000-06-29,6313.5,6321,6221,6239
2000-06-30,6298.7998,6323.2002,6268.3999,6312.7002
2000-07-03,6312.7002,6470.3999,6309.2998,6470.3999
2000-07-04,6470.2998,6470.2998,6405.2002,6417
2000-07-05,6417,6446,6345.5,6382.5
2000-07-06,6382.5,6438.3999,6341.3999,6419.6001
2000-07-07,6419.6001,6502.6001,6390.2002,6497.5
2000-07-10,6497.5,6515.2002,6463.2998,6466.2002
2000-07-11,6466.2002,6510.1001,6450.5,6475.7998
2000-07-12,6475.7998,6545.1001,6466.7998,6518.5
2000-07-13,6518.5,6530.7002,6460.2998,6475.7002
2000-07-14,6475.7002,6503.2002,6452.2002,6475.3999
2000-07-17,6475.3999,6525.7002,6473.7002,6525.5
2000-07-18,6525.5,6531.2998,6444.6001,6450.5
2000-07-19,6450.5,6493.3999,6420.3999,6465.3999
2000-07-20,6465.3999,6491.1001,6440.7002,6469
2000-07-21,6469,6469,6365.5,6378.3999
2000-07-24,6378.3999,6422.6001,6333,6381.2998
2000-07-25,6381.2998,6402.1001,6354.5,6390.7002
2000-07-26,6390.7002,6425.6001,6378.8999,6387.1001
2000-07-27,6387.1001,6456.2998,6352.1001,6352.1001
2000-07-28,6352.1001,6390.2998,6332.6001,6335.7002
2000-07-31,6335.7002,6365.2998,6274.8999,6365.2998
2000-08-01,6365.2002,6403.1001,6331.5,6379.2002
2000-08-02,6379.1001,6424.7002,6378.3999,6391
2000-08-03,6354.2002,6356.6001,6304.8999,6317
2000-08-04,6317.1001,6415,6317.1001,6363.5
2000-08-07,6363.5,6400.6001,6355.1001,6387.7998
2000-08-08,6387.7002,6420,6350.2002,6358.1001
2000-08-09,6358.1001,6463.1001,6358.1001,6414
2000-08-10,6414,6414,6369.3999,6387.2998
2000-08-11,6387.2998,6394.6001,6348.3999,6384.5
2000-08-14,6384.5,6451.2002,6365.5,6419.8999
2000-08-15,6419.8999,6482.7998,6419.8999,6475.5
2000-08-16,6475.5,6553.5,6457,6532
2000-08-17,6532,6537.3999,6482,6518.2002
2000-08-18,6518.2002,6552,6510.7998,6543.7002
2000-08-21,6543.7002,6555.5,6491.3999,6542.2002
2000-08-22,6542.2002,6605.2002,6520.2998,6584.7998
2000-08-23,6584.7998,6590.7002,6535.2002,6566.2002
2000-08-24,6566.2002,6605.5,6546.7002,6557
2000-08-25,6557,6619.1001,6538.2998,6563.7002
2000-08-28,6557,6619.1001,6538.2998,6563.7002
2000-08-29,6563.7002,6601.1001,6560.2002,6586.2998
2000-08-30,6586.2998,6624.8999,6586.1001,6615.1001
2000-08-31,6615.1001,6675.7002,6585.2002,6672.7002
2000-09-01,6672.7002,6838.6001,6672.7002,6795
2000-09-04,6795,6828.7002,6783,6798.1001
2000-09-05,6798.1001,6809.5,6737.6001,6752.5
2000-09-06,6752.5,6766,6688.3999,6694.7002
2000-09-07,6694.7002,6709.1001,6668.5,6689.2002
2000-09-08,6689.2002,6704.2002,6561.1001,6600.7002
2000-09-11,6600.7002,6604.1001,6392.1001,6582
2000-09-12,6582,6582,6528.5,6555.5
2000-09-13,6555.5,6559.7002,6454.1001,6478.2002
2000-09-14,6478.2002,6580.6001,6460.7002,6555.5
2000-09-15,6555.5,6559.2002,6417.2998,6417.2998
2000-09-18,6417.2998,6464.2998,6371.3999,6410.2002
2000-09-19,6410.2002,6413.3999,6367,6403.5
2000-09-20,6403.5,6425.3999,6259.7002,6279.8999
2000-09-21,6279.8999,6281.1001,6150.5,6199.2002
2000-09-22,6199.2002,6205.8999,6075.1001,6205.8999
2000-09-25,6205.8999,6310,6205.8999,6257.1001
2000-09-26,6257.1001,6257.6001,6192.7002,6213.2002
2000-09-27,6213.2002,6312.5,6200.7002,6269.2002
2000-09-28,6269.2998,6290.6001,6210.7998,6264.1001
2000-09-29,6264.1001,6325.7002,6240.2998,6294.2002
2000-10-02,6294.2002,6358.2002,6284.5,6284.5
2000-10-03,6284.5,6364.6001,6284.5,6345
2000-10-04,6345,6354.2002,6283.7998,6334.8999
2000-10-05,6334.8999,6393.1001,6330.8999,6382
2000-10-06,6382,6412.5,6342.2002,6391.2002
2000-10-09,6391.2002,6391.2002,6253.6001,6264.7998
2000-10-10,6266.6001,6280.2998,6240.3999,6247.7002
2000-10-11,6247.7002,6247.7002,6098.1001,6117.6001
2000-10-12,6117.6001,6211.7998,6068.2998,6131.8999
2000-10-13,6131.8999,6209.6001,6050.7002,6209.6001
2000-10-16,6209.6001,6292,6209.6001,6285.7002
2000-10-17,6285.7002,6290,6196.1001,6203.2002
2000-10-18,6203.2002,6203.2002,6017.2002,6148.2002
2000-10-19,6148.2002,6246.1001,6148.2002,6218.7998
2000-10-20,6218.8999,6294.5,6210.2998,6276.2998
2000-10-23,6276.2998,6326.7002,6271.5,6315.8999
2000-10-24,6315.8999,6452.7998,6299.3999,6438.3999
2000-10-25,6438.3999,6438.3999,6330,6384.2002
2000-10-26,6367.7002,6389,6282.7002,6302.2002
2000-10-27,6302.2998,6407.8999,6302.2998,6382.2998
2000-10-30,6366.5,6394.8999,6307.8999,6391.8999
2000-10-31,6388.3999,6475.7998,6388.3999,6453.7998
2000-11-01,6438.3999,6508.6001,6396.2998,6445
2000-11-02,6392,6431.7002,6382.1001,6392
2000-11-03,6392,6431.7002,6382.1001,6385.2998
2000-11-06,6385.3999,6431,6385.3999,6406.5
2000-11-07,6431,6466.8999,6406.5,6452
2000-11-08,6466.8999,6514.7002,6454.8999,6470
2000-11-09,6477.3999,6498.5,6412.3999,6448.7002
2000-11-10,6442.2002,6442.2002,6338.5,6400.2002
2000-11-13,6400.2002,6400.2002,6269.2998,6275.3999
2000-11-14,6274.7998,6421.7002,6274.7998,6404.3999
2000-11-15,6412.8999,6459.2998,6371.7002,6429.7998
2000-11-16,6432.2998,6480,6414.8999,6432.2998
2000-11-17,6430.3999,6483.2998,6403.3999,6434
2000-11-20,6440.1001,6452.7998,6335.1001,6346.7998
2000-11-21,6345,6393.7002,6333.2998,6379.2998
2000-11-22,6377.7002,6377.7002,6216.1001,6221.2998
2000-11-23,6221.3999,6287.2998,6217.5,6285.2998
2000-11-24,6287.2998,6359.2998,6237.2002,6321.1001
2000-11-27,6327.6001,6397.5,6323.2002,6374.7002
2000-11-28,6374.7002,6374.7002,6241.5,6251.7998
2000-11-29,6249.7998,6249.7998,6154.7002,6172
2000-11-30,6164.8999,6164.8999,6070,6143
2000-12-01,6142.2002,6189.8999,6130.5,6142.2002
2000-12-04,6170.3999,6170.7998,6113.8999,6158.5
2000-12-05,6158.7002,6318.1001,6158.7002,6291.1001
2000-12-06,6299,6365.6001,6258.7998,6277
2000-12-07,6273.2998,6273.2998,6147.6001,6237.3999
2000-12-08,6231.3999,6343.1001,6222.2998,6289.7002
2000-12-11,6288.2998,6370.6001,6288.2998,6361.6001
2000-12-12,6370.2998,6393.6001,6333.2002,6391.2998
2000-12-13,6390.3999,6421.5,6366.6001,6390.2002
2000-12-14,6403,6403,6235.7002,6262.1001
2000-12-15,6263.7998,6269.7002,6175,6181.8999
2000-12-18,6175.7998,6260.3999,6175.6001,6231.2998
2000-12-19,6246.5,6307.2998,6198.6001,6300.1001
2000-12-20,6295,6295,6138.3999,6176.7002
2000-12-21,6176.7002,6179.2998,6083.7002,6109.6001
2000-12-22,6115.5,6159.2002,6097.5,6097.5
2000-12-27,6097.5,6218.2002,6097.5,6218.2002
2000-12-28,6218.2002,6226.3999,6173.7002,6223.2002
2000-12-29,6223.2002,6255.8999,6170.5,6222.5
2001-01-02,6222.5,6276.2002,6169.7998,6174.7002
2001-01-03,6174.7002,6174.7002,6029.2998,6039.8999
2001-01-04,6039.8999,6195.2998,6039.8999,6185.6001
2001-01-05,6185.6001,6239.6001,6155,6198.1001
2001-01-08,6198.1001,6212.3999,6137.7002,6149.6001
2001-01-09,6149.6001,6195.8999,6066.3999,6088.1001
2001-01-10,6088.1001,6119.8999,6040.3999,6060.6001
2001-01-11,6059.8999,6114.8999,6052.1001,6114.8999
2001-01-12,6114.8999,6178.5,6109.7998,6165.5
2001-01-15,6165.5,6193.3999,6148.7998,6170.2998
2001-01-16,6170.2998,6173.7998,6076.7002,6083.2998
2001-01-17,6083.2998,6205.5,6083.2998,6197.3999
2001-01-18,6197.3999,6220.6001,6174.7998,6209.8999
2001-01-19,6209.8999,6276.3999,6186.3999,6209.2998
2001-01-22,6209.2998,6252.2998,6162.8999,6232
2001-01-23,6232,6232.2998,6187.8999,6214.7002
2001-01-24,6214.7002,6309.2002,6214.7002,6264.3999
2001-01-25,6264.3999,6296.8999,6229.2998,6255.6001
2001-01-26,6255.6001,6295,6223.7998,6294.2998
2001-01-29,6294.2998,6335.1001,6269.3999,6317
2001-01-30,6317,6337.3999,6300.2002,6334.5
2001-01-31,6334.5,6360.2998,6264.8999,6297.5
2001-02-01,6297.5,6309.8999,6233.3999,6251.7998
2001-02-02,6251.7998,6290.6001,6251.7998,6256.3999
2001-02-05,6256.3999,6281.2998,6237.1001,6269.2002
2001-02-06,6269.2002,6306.7002,6262.6001,6293.3999
2001-02-07,6293.3999,6293.3999,6197.2998,6225.6001
2001-02-08,6225.6001,6265.5,6202.8999,6206.1001
2001-02-09,6206.1001,6213.6001,6153.1001,6164.2998
2001-02-12,6164.2998,6241.3999,6155.5,6241.3999
2001-02-13,6241.3999,6263.2998,6209,6228.5
2001-02-14,6228.5,6228.5,6131.6001,6176.2002
2001-02-15,6176.2002,6212.7002,6155.5,6197.8999
2001-02-16,6197.8999,6197.8999,6082.7998,6088.2998
2001-02-19,6088.2998,6102.2002,6065.2002,6094
2001-02-20,6094,6134,5974.7998,5980.1001
2001-02-21,5980.1001,5998.8999,5921.7002,5972.3999
2001-02-22,5972.3999,6011.2998,5937.1001,6003.1001
2001-02-23,6003.1001,6023.3999,5904.7002,5943.7002
2001-02-26,5943.7002,6003.5,5913.7998,5914.2998
2001-02-27,5916.7002,5975.2998,5906.8999,5941.2002
2001-02-28,5941.2002,5997,5901.7002,5917.8999
2001-03-01,5917.8999,5949.2002,5868.1001,5908.6001
2001-03-02,5908.6001,5924.1001,5829.5,5852.5
2001-03-05,5858.6001,5931.2998,5856.8999,5931.2998
2001-03-06,5931.2998,6027.6001,5928,6012
2001-03-07,6012,6035.2998,5969.6001,6001.7998
2001-03-08,6001.7998,6050.3999,5982,6003.2002
2001-03-09,6003.2002,6003.2002,5908.8999,5917.2998
2001-03-12,5917.2998,5917.2998,5786.2998,5826.5
2001-03-13,5826.5,5826.5,5720.7002,5720.7002
2001-03-14,5720.7002,5742.1001,5471.1001,5625.8999
2001-03-15,5625.8999,5729.2002,5594.7998,5729.2002
2001-03-16,5729.2002,5729.2002,5556.2002,5562.7998
2001-03-19,5562.7998,5609.2002,5536.3999,5551.6001
2001-03-20,5551.6001,5646.7998,5551.6001,5646.7998
2001-03-21,5646.7998,5646.7998,5496,5540.7002
2001-03-22,5540.7002,5540.7002,5279.6001,5314.7998
2001-03-23,5314.7998,5438,5314.7998,5402.2998
2001-03-26,5402.2998,5580.7002,5402.2998,5576.6001
2001-03-27,5576.6001,5728.1001,5546.1001,5728.1001
2001-03-28,5728.1001,5728.2002,5592.2002,5614
2001-03-29,5614,5614,5519.8999,5588.3999
2001-03-30,5588.3999,5664.7998,5574.1001,5633.7002
2001-04-02,5633.7002,5653.7998,5558.7998,5594.2002
2001-04-03,5618.5,5618.5,5459.6001,5463.1001
2001-04-04,5463.1001,5537.2998,5354.2998,5535.7002
2001-04-05,5535.7002,5658.8999,5528.7002,5621.7998
2001-04-06,5621.7998,5685.6001,5543.1001,5601.5
2001-04-09,5601.5,5679.7002,5570.1001,5663.2998
2001-04-10,5663.2998,5808.2998,5663,5792.5
2001-04-11,5803,5841.2998,5766.7998,5788.1001
2001-04-12,5788.1001,5796,5735.2002,5766.6001
2001-04-17,5766.6001,5774.5,5654.8999,5761.1001
2001-04-18,5761.1001,5902.6001,5760.7002,5890.2002
2001-04-19,5890.2002,5943.3999,5844.7002,5871.6001
2001-04-20,5871.6001,5897.7002,5819.7002,5879.7998
2001-04-23,5879.7998,5889.1001,5834.5,5871.2998
2001-04-24,5871.2998,5910.6001,5824.2998,5840.2998
2001-04-25,5840.2998,5840.2998,5788.2002,5827.5
2001-04-26,5827.5,5868.2998,5777.6001,5868.2998
2001-04-27,5868.2998,5976.8999,5837.6001,5951.3999
2001-04-30,5951.3999,5995.3999,5948,5966.8999
2001-05-01,5966.8999,5966.8999,5917,5966.8999
2001-05-02,5928,5963.7998,5896.3999,5904.2002
2001-05-03,5904.2002,5904.2002,5755.7002,5765.7998
2001-05-04,5765.7998,5871.7002,5753.8999,5870.2998
2001-05-08,5870.2998,5893.7002,5842.6001,5878.8999
2001-05-09,5886.3999,5905.2998,5826.7998,5893.7002
2001-05-10,5893.7002,5987.5,5874.5,5964
2001-05-11,5964,5977.5,5890.3999,5901.6001
2001-05-14,5896.7998,5896.7998,5690.5,5690.5
2001-05-15,5690.5,5858.2002,5690.5,5842.8999
2001-05-16,5842.8999,5884.7002,5767.7002,5884
2001-05-17,5884,5968.3999,5884,5904.5
2001-05-18,5904.5,5942.2002,5888.8999,5915
2001-05-21,5915,5978.2998,5897.7998,5941.6001
2001-05-22,5941.6001,5993.7002,5936.7998,5976.6001
2001-05-23,5976.6001,5976.6001,5897.3999,5897.3999
2001-05-24,5897.3999,5950,5889.2998,5915.8999
2001-05-25,5915.8999,5929.7998,5859.7998,5889.7998
2001-05-29,5889.7998,5906.6001,5840.7998,5863.8999
2001-05-30,5863.8999,5863.8999,5788.8999,5796.8999
2001-05-31,5776.7002,5829.7998,5775.2002,5796.1001
2001-06-01,5796.1001,5833.3999,5766.6001,5809.6001
2001-06-04,5809.6001,5861.7998,5809.1001,5856.5
2001-06-05,5856.5,5923.8999,5842.2002,5922.5
2001-06-06,5922.5,5959.7002,5891.8999,5901.5
2001-06-07,5901.5,5948.2998,5887.3999,5948.2998
2001-06-08,5948.2998,5981.7998,5934.7998,5941.7002
2001-06-11,5950.6001,5950.6001,5858.2998,5860.5
2001-06-12,5860.5,5879.5,5783.3999,5804
2001-06-13,5804,5862.1001,5804,5820.2002
2001-06-14,5820.2002,5820.2002,5734.6001,5752.5
2001-06-15,5752.5,5756.2002,5657.7002,5723
2001-06-18,5723,5723,5671.6001,5671.6001
2001-06-19,5671.6001,5743.6001,5667.2002,5680.3999
2001-06-20,5680.3999,5711.8999,5622.5,5699.6001
2001-06-21,5699.6001,5710.8999,5641.3999,5641.3999
2001-06-22,5641.3999,5695.1001,5632.3999,5665.7002
2001-06-25,5665.7002,5704.5,5638.3999,5661.8999
2001-06-26,5661.8999,5666.2998,5537.2998,5555.7002
2001-06-27,5555.7002,5608.2998,5555.7002,5607.8999
2001-06-28,5607.8999,5645,5519.6001,5638.3999
2001-06-29,5638.3999,5656.3999,5604.7998,5642.5
2001-07-02,5642.5,5723.3999,5614.6001,5716.7002
2001-07-03,5716.7002,5726.1001,5630.2998,5639.8999
2001-07-04,5639.8999,5644,5587.7998,5600.5
2001-07-05,5600.5,5601.2998,5509.7002,5549.6001
2001-07-06,5549.6001,5549.6001,5443.8999,5479.2002
2001-07-09,5479.2002,5487.8999,5420.5,5468.8999
2001-07-10,5468.8999,5509.3999,5461.2002,5467.8999
2001-07-11,5467.8999,5468.5,5380.3999,5391.8999
2001-07-12,5391.8999,5497.6001,5391.8999,5481.6001
2001-07-13,5481.6001,5544.1001,5439.6001,5537
2001-07-16,5537,5537,5503.6001,5517.1001
2001-07-17,5517.1001,5517.1001,5408.3999,5427.7998
2001-07-18,5427.7998,5431.8999,5379,5404.6001
2001-07-19,5404.6001,5437.3999,5322.2002,5437.3999
2001-07-20,5437.3999,5437.3999,5350.3999,5387.1001
2001-07-23,5387.1001,5446.7998,5365.7998,5400.8999
2001-07-24,5405.2998,5412.7998,5313,5320.2002
2001-07-25,5320.2002,5350.1001,5260.5,5275.7002
2001-07-26,5275.7002,5322.7002,5269.5,5286.1001
2001-07-27,5286.1001,5403.1001,5286.1001,5403.1001
2001-07-30,5403.1001,5451.2002,5376.1001,5449.2998
2001-07-31,5446.7002,5531.7998,5408.7998,5529.1001
2001-08-01,5529.1001,5549,5499.5,5546.8999
2001-08-02,5546.8999,5644.2002,5533.7998,5584.5
2001-08-03,5584.5,5590.2002,5511.1001,5547.6001
2001-08-06,5547.6001,5561.2002,5516,5526.3999
2001-08-07,5526.3999,5546.6001,5448.2002,5536.7998
2001-08-08,5536.7998,5536.7998,5434.2998,5476.5
2001-08-09,5476.5,5476.5,5376.7002,5402.8999
2001-08-10,5402.8999,5469,5398.5,5427.2002
2001-08-13,5427.2002,5465,5410.8999,5431.1001
2001-08-14,5431.1001,5525.6001,5430.6001,5507.7998
2001-08-15,5507.7998,5533.2002,5456.6001,5461.6001
2001-08-16,5461.6001,5462.3999,5389.7998,5389.7998
2001-08-17,5389.7998,5428.8999,5299.6001,5342.1001
2001-08-20,5342.1001,5372.1001,5286.7002,5357.3999
2001-08-21,5357.3999,5435.2998,5353.2002,5430.2998
2001-08-22,5430.2998,5471.6001,5373,5451.2002
2001-08-23,5408.7002,5433.3999,5371,5396.5
2001-08-24,5396.5,5471.8999,5385.2998,5471.8999
2001-08-28,5471.8999,5475.5,5395.8999,5434.7002
2001-08-29,5434.7002,5460.2002,5384.2998,5417.6001
2001-08-30,5417.6001,5435.7002,5332.7002,5332.7002
2001-08-31,5332.7002,5378,5298.2998,5345
2001-09-03,5345,5366.8999,5278.2002,5312.1001
2001-09-04,5312.1001,5379.6001,5291.2998,5379.6001
2001-09-05,5379.6001,5379.6001,5306.6001,5316
2001-09-06,5316,5333,5189.7998,5204.2998
2001-09-07,5204.2998,5206.7998,5068.1001,5070.2998
2001-09-10,5070.2998,5070.2998,4895.8999,5033.7002
2001-09-11,5033.7002,5129,4746,4746
2001-09-12,4746,4882.1001,4651.7998,4882.1001
2001-09-13,4882.1001,4946.6001,4847.5,4943.6001
2001-09-14,4943.6001,4970.1001,4743,4755.7002
2001-09-17,4755.7002,4898.8999,4670.5,4898.8999
2001-09-18,4898.8999,4899.3999,4772.2002,4848.7002
2001-09-19,4848.7002,4874,4697.3999,4714.5
2001-09-20,4721.7002,4743.7998,4523.5,4556.8999
2001-09-21,4556.8999,4556.8999,4219.7998,4357.3999
2001-09-24,4433.7002,4615.5,4433.7002,4613.8999
2001-09-25,4613.8999,4679.6001,4515.2998,4663.3999
2001-09-26,4663.3999,4715,4606.6001,4696.1001
2001-09-27,4696.1001,4763.6001,4651,4763.6001
2001-09-28,4763.6001,4920.5,4763.6001,4903.3999
2001-10-01,4903.3999,4903.3999,4768.1001,4785.6001
2001-10-02,4785.6001,4833,4730.7002,4832.2998
2001-10-03,4832.2998,4884.6001,4758.5,4881.7998
2001-10-04,4881.7998,5034.2998,4881.7998,5016.2002
2001-10-05,5016.2002,5082.8999,4962.1001,5036
2001-10-08,5036,5051,4902.7002,5032.7002
2001-10-09,5032.7002,5079.2002,4997,5009.7998
2001-10-10,5009.7998,5153.1001,4978.2002,5153.1001
2001-10-11,5153.1001,5279.7998,5136.8999,5164.8999
2001-10-12,5164.8999,5187.5,5081.2002,5145.5
2001-10-15,5145.5,5148.3999,5046,5067.2998
2001-10-16,5067.2998,5158.7002,5060.7998,5082.6001
2001-10-17,5089.7998,5229.6001,5089.7998,5203.3999
2001-10-18,5203.3999,5203.3999,5090.2002,5116
2001-10-19,5116,5116,5003.8999,5017.7002
2001-10-22,5017.7002,5078.2002,5017.7002,5070.3999
2001-10-23,5070.3999,5193.2998,5070.3999,5193.2998
2001-10-24,5193.2998,5265.5,5133,5167.6001
2001-10-25,5167.6001,5217,5043.2002,5086.6001
2001-10-26,5086.6001,5188.6001,5086.6001,5188.6001
2001-10-29,5188.6001,5188.6001,5083.2998,5085.8999
2001-10-30,5085.8999,5085.8999,4977.2998,5003.6001
2001-10-31,5003.6001,5101.1001,4954.8999,5039.7002
2001-11-01,5039.7002,5071.2002,4988.2998,5071.2002
2001-11-02,5071.2002,5129.5,5071.2002,5129.5
2001-11-05,5129.5,5213.7998,5124,5209.1001
2001-11-06,5209.1001,5272.5,5184.7998,5214.1001
2001-11-07,5214.1001,5246.3999,5153.2998,5216.2998
2001-11-08,5216.2998,5294.6001,5208.3999,5278.1001
2001-11-09,5278.1001,5278.1001,5222.7998,5244.2002
2001-11-12,5244.2002,5251.7998,5069.7998,5146.2002
2001-11-13,5146.2002,5284.2998,5146.2002,5277.1001
2001-11-14,5277.1001,5366.3999,5214.2998,5240.7002
2001-11-15,5240.7002,5297.1001,5193.3999,5238.2002
2001-11-16,5238.2002,5313.7998,5226.1001,5291
2001-11-19,5291,5383.2002,5285.6001,5338
2001-11-20,5338,5344.2998,5283.5,5298.7002
2001-11-21,5298.7002,5367.6001,5272.1001,5313.7998
2001-11-22,5318.1001,5362.2998,5317.7998,5345.8999
2001-11-23,5345.8999,5358.5,5220.7998,5293.2002
2001-11-26,5293.2002,5346,5273,5302.5
2001-11-27,5302.5,5332.5,5232.7998,5266
2001-11-28,5266,5283.2998,5182.2002,5205.2002
2001-11-29,5205.2002,5213.2002,5152.1001,5208.5
2001-11-30,5208.5,5216.8999,5146.5,5203.6001
2001-12-03,5203.6001,5203.6001,5152.2998,5164.6001
2001-12-04,5164.6001,5218.6001,5164.6001,5212.1001
2001-12-05,5212.1001,5338.2002,5212.1001,5333.5
2001-12-06,5333.5,5411.2002,5327.2998,5369.7998
2001-12-07,5369.7998,5388.7998,5258.7002,5264.7002
2001-12-10,5264.7002,5276.2002,5172.2002,5184.7998
2001-12-11,5185,5194.3999,5143.7998,5160.7998
2001-12-12,5160.7998,5181.7002,5106,5120
2001-12-13,5120,5134.1001,5035.7998,5074.8999
2001-12-14,5074.8999,5092.2998,5032.2998,5061
2001-12-17,5061,5151,5038.2002,5136.2998
2001-12-18,5136.2998,5181.8999,5124.8999,5151.1001
2001-12-19,5151.1001,5157.7998,5091.3999,5120.6001
2001-12-20,5120.6001,5151,5080.1001,5080.2002
2001-12-21,5080.2002,5182.2002,5044.2998,5159.7002
2001-12-24,5159.2002,5177.3999,5147.2002,5159.2002
2001-12-27,5177.3999,5213.2002,5160.7998,5213.2002
2001-12-28,5213.2002,5243.7002,5196,5242.3999
2001-12-31,5242.3999,5258,5203.6001,5242.3999
2002-01-02,5217.3999,5261.8999,5195.2002,5218.2998
2002-01-03,5218.2998,5328.3999,5218.2998,5318.7998
2002-01-04,5318.7998,5362.2998,5313.8999,5323.7998
2002-01-07,5323.7998,5354.2002,5277.7002,5293.6001
2002-01-08,5293.6001,5307.2998,5238.7002,5250.3999
2002-01-09,5250.3999,5250.3999,5200.7002,5219.2002
2002-01-10,5228.5,5228.5,5177.6001,5190.7002
2002-01-11,5190.7002,5229.5,5171.7002,5198.6001
2002-01-14,5198.6001,5198.6001,5095.6001,5113.5
2002-01-15,5113.5,5175.3999,5081.8999,5166
2002-01-16,5166,5168.1001,5106,5127.6001
2002-01-17,5127.6001,5180.2998,5114.7998,5138.3999
2002-01-18,5138.3999,5150.7998,5103.2002,5126.7998
2002-01-21,5126.5,5146.5,5086,5138.5
2002-01-22,5138.5,5179,5124.1001,5177.5
2002-01-23,5149.2002,5201,5123.3999,5180.6001
2002-01-24,5180.6001,5263.3999,5180.6001,5233.1001
2002-01-25,5233.1001,5233.1001,5162.6001,5193
2002-01-28,5201.1001,5249.8999,5201.1001,5223.6001
2002-01-29,5223.6001,5243.2002,5131.3999,5131.3999
2002-01-30,5111.7002,5111.7002,5052.7998,5089.2998
2002-01-31,5088.7002,5176.3999,5088.7002,5164.7998
2002-02-01,5164.7998,5227.3999,5164.7998,5189.7002
2002-02-04,5189.7002,5189.7002,5139.7002,5167.2998
2002-02-05,5167.2998,5167.2998,5056.7998,5093.3999
2002-02-06,5093.3999,5106.8999,5038.2998,5073.7998
2002-02-07,5073.7998,5127,5038.2998,5127
2002-02-08,5127,5147.7002,5105,5128.1001
2002-02-11,5128.1001,5173.6001,5128.1001,5161.7998
2002-02-12,5161.7998,5216.8999,5130.1001,5135.7002
2002-02-13,5135.7002,5164.6001,5097.7002,5153.8999
2002-02-14,5153.8999,5238,5151.8999,5208.7002
2002-02-15,5208.7002,5235.3999,5174.7998,5182.5
2002-02-18,5182.5,5195.7002,5152.2998,5154.2998
2002-02-19,5154.2998,5154.2998,5089,5092.5
2002-02-20,5092.5,5092.5,5015.5,5024.1001
2002-02-21,5024.1001,5096.6001,5024.1001,5073.2998
2002-02-22,5073.2998,5074.1001,5016,5050.7998
2002-02-25,5050.7998,5105.7002,5047.8999,5100.7002
2002-02-26,5100.7998,5157.3999,5100.7998,5139
2002-02-27,5139,5196.8999,5129.6001,5178.3999
2002-02-28,5178.3999,5178.3999,5093.7002,5101
2002-03-01,5101,5172.2998,5101,5169
2002-03-04,5169,5270.7002,5169,5242
2002-03-05,5242,5269.3999,5208,5214
2002-03-06,5214,5251,5188.5,5245.5
2002-03-07,5245.5,5317.6001,5245.5,5282.1001
2002-03-08,5282.1001,5328.6001,5252.7002,5285.7002
2002-03-11,5285.7002,5313.6001,5257.2998,5258.8999
2002-03-12,5258.8999,5258.8999,5200.6001,5252.5
2002-03-13,5252.5,5307.2998,5237.6001,5272
2002-03-14,5272,5272,5237.2002,5261.3999
2002-03-15,5261.3999,5297.2002,5243.5,5292.7002
2002-03-18,5303.8999,5320.7998,5299.8999,5299.8999
2002-03-19,5299.8999,5331.6001,5299.8999,5316.1001
2002-03-20,5316.1001,5316.1001,5253.5,5266.8999
2002-03-21,5266.8999,5279.7002,5240.1001,5253.2998
2002-03-22,5253.2998,5268.3999,5235.2998,5250.5
2002-03-25,5250.5,5298.3999,5203.6001,5203.6001
2002-03-26,5203.6001,5222.2002,5170.5,5195.5
2002-03-27,5195.5,5225.3999,5189.3999,5214.7002
2002-03-28,5214.7002,5286.3999,5214.7002,5271.7998
2002-04-02,5271.7998,5271.7998,5231.5,5251.3999
2002-04-03,5251.3999,5268.3999,5235.3999,5247.7998
2002-04-04,5247.7998,5247.7998,5187.7002,5209.5
2002-04-05,5209.5,5261.1001,5207,5233.6001
2002-04-08,5233.6001,5238.7998,5149.2998,5178.6001
2002-04-09,5178.6001,5213.2002,5164.6001,5179.6001
2002-04-10,5179.6001,5236.1001,5155.1001,5229.1001
2002-04-11,5229.1001,5243.7002,5136.2998,5137.3999
2002-04-12,5137.3999,5179.8999,5137.3999,5161
2002-04-15,5161,5209,5153.2002,5201.3999
2002-04-16,5201.3999,5259.8999,5201.3999,5259.8999
2002-04-17,5259.8999,5292.2998,5256.6001,5263.8999
2002-04-18,5263.8999,5291.6001,5229.3999,5229.3999
2002-04-19,5229.3999,5248.8999,5210.3999,5243.6001
2002-04-22,5228.2002,5243.6001,5209.5,5221.5
2002-04-23,5221.5,5241.6001,5171.5,5191
2002-04-24,5191,5225.2998,5169,5218.2002
2002-04-25,5218.2002,5218.2002,5116,5197.5
2002-04-26,5197.5,5218,5141.8999,5159
2002-04-29,5159,5171.3999,5123.7002,5153.8999
2002-04-30,5153.8999,5168.7998,5131.8999,5165.6001
2002-05-01,5165.6001,5177.7002,5125,5125.5
2002-05-02,5125.5,5192.7002,5125.5,5174.1001
2002-05-03,5174.1001,5236,5146.5,5203.1001
2002-05-07,5203.1001,5203.1001,5082.7002,5119.8999
2002-05-08,5119.8999,5209.1001,5119.8999,5209.1001
2002-05-09,5209.1001,5216.6001,5178.2998,5197.6001
2002-05-10,5197.6001,5204.2998,5160.2002,5171.2002
2002-05-13,5171.2002,5208.2002,5147.5,5204.7998
2002-05-14,5204.7998,5260.8999,5181.8999,5239.5
2002-05-15,5239.5,5272.2002,5236.7002,5259.1001
2002-05-16,5259.1001,5278.8999,5241.8999,5248.5
2002-05-17,5248.5,5282.2002,5211.8999,5218
2002-05-20,5218,5246.5,5200.2998,5208.1001
2002-05-21,5208.1001,5242.3999,5187.6001,5197.2002
2002-05-22,5197.2002,5200.5,5137,5151.8999
2002-05-23,5151.8999,5195.8999,5129.3999,5175.2998
2002-05-24,5175.2998,5197.1001,5166.7998,5169.1001
2002-05-27,5169.1001,5187.8999,5136,5136.2998
2002-05-28,5136.2998,5169.1001,5062.3999,5074.2002
2002-05-29,5074.2002,5085.1001,5056.3999,5083
2002-05-30,5083,5083,5016.8999,5040.7998
2002-05-31,5040.7998,5085.1001,5036.2998,5085.1001
2002-06-05,5085.1001,5085.1001,4971.3999,4989.1001
2002-06-06,4989.1001,5016.7002,4951.3999,4957.6001
2002-06-07,4957.6001,4957.6001,4851.2002,4920.3999
2002-06-10,4920.3999,4948.2998,4905,4928.2002
2002-06-11,4928.2002,4943.7002,4888.2998,4934.7998
2002-06-12,4934.7998,4934.7998,4850.7998,4851.7002
2002-06-13,4851.7002,4882.7998,4762.2002,4771.8999
2002-06-14,4771.8999,4771.8999,4565.3999,4630.7998
2002-06-17,4630.7998,4761.7002,4630.7998,4756.7998
2002-06-18,4756.7998,4775.1001,4697.7002,4702
2002-06-19,4702,4702,4616.7002,4652.3999
2002-06-20,4652.3999,4679.6001,4568.3999,4580.2998
2002-06-21,4580.2998,4641.3999,4506.2998,4605.2998
2002-06-24,4605.2998,4644.6001,4537.7002,4541.8999
2002-06-25,4541.8999,4648.1001,4541.8999,4631
2002-06-26,4631,4631,4442.8999,4531
2002-06-27,4531,4589.6001,4521,4540.6001
2002-06-28,4540.6001,4657.1001,4540.6001,4656.3999
2002-07-01,4656.3999,4708.7002,4620.7002,4685.7998
2002-07-02,4685.7998,4685.7998,4530.7002,4546.7998
2002-07-03,4546.7998,4572.7002,4392.6001,4392.6001
2002-07-04,4392.6001,4471.7002,4392.6001,4471.2002
2002-07-05,4471.2002,4618.7998,4471.2002,4615.6001
2002-07-08,4615.6001,4615.6001,4552,4601.2998
2002-07-09,4601.2998,4636.1001,4493,4542.8999
2002-07-10,4542.8999,4542.8999,4420.1001,4420.1001
2002-07-11,4420.1001,4420.1001,4230,4230
2002-07-12,4230,4341.1001,4171,4224.1001
2002-07-15,4224.1001,4258.7002,3974.6001,3994.5
2002-07-16,3994.5,4080,3860.3,4021.8999
2002-07-17,4021.8999,4200,3966.8,4190.6001
2002-07-18,4190.6001,4301.2002,4168.1001,4297.2998
2002-07-19,4297.2998,4297.2998,4098.2998,4098.2998
2002-07-22,4098.2998,4098.2998,3895.5,3895.5
2002-07-23,3895.5,3994.3999,3794.3999,3858
2002-07-24,3858,3858,3625.8999,3777.1001
2002-07-25,3777.1001,3965.8999,3777.1001,3965.8999
2002-07-26,3965.8999,4029.5,3854.2,4016.6001
2002-07-29,4016.6001,4202.7002,4016.6001,4202.7002
2002-07-30,4202.7002,4271.2998,4133.7002,4180.8999
2002-07-31,4180.8999,4306.1001,4169.3999,4246.2002
2002-08-01,4246.2002,4282.3999,4043.5,4044.5
2002-08-02,4044.5,4102.5,4023.3,4075.5
2002-08-05,4075.5,4080.8999,3946.3999,3996.3999
2002-08-06,3996.3999,4136.1001,3900.7,4131
2002-08-07,4131,4206.8999,4069,4094.3999
2002-08-08,4094.3999,4240.5,4094.3999,4240.5
2002-08-09,4240.5,4322.3999,4190.3999,4322.3999
2002-08-12,4322.3999,4322.3999,4212.7002,4221.6001
2002-08-13,4221.6001,4271.7002,4162.5,4271.7002
2002-08-14,4271.7002,4271.7002,4158.2998,4171.1001
2002-08-15,4171.1001,4345.7002,4171.1001,4327.5
2002-08-16,4327.5,4382.2998,4285.8999,4330
2002-08-19,4330,4432.2998,4307.7002,4426.7998
2002-08-20,4426.7998,4452.3999,4361.5,4368.8999
2002-08-21,4368.8999,4466.3999,4348.8999,4364.7998
2002-08-22,4364.7998,4437.2002,4364.7998,4434.7002
2002-08-23,4434.7002,4455.2998,4389.7998,4389.7998
2002-08-27,4389.7998,4464,4358.2998,4449.7002
2002-08-28,4449.7002,4449.7002,4274,4274
2002-08-29,4274,4274,4179.2998,4209.2998
2002-08-30,4209.2998,4259.2998,4173.5,4227.2998
2002-09-02,4227.2998,4227.2998,4156.2002,4180.8999
2002-09-03,4180.8999,4180.8999,3991,4028.6001
2002-09-04,4028.6001,4071.6001,3990.3,4026.8999
2002-09-05,4026.8999,4064.7,3918.6001,4011
2002-09-06,4011,4138.2998,3981.8999,4107.2002
2002-09-09,4107.2002,4107.2002,4035.5,4062.3999
2002-09-10,4062.3999,4177.6001,4062.3999,4175.5
2002-09-11,4175.5,4246.3999,4129.3999,4210.7002
2002-09-12,4210.7002,4210.7002,4078.7,4084.8999
2002-09-13,4084.8999,4085.3,3927.8,4008
2002-09-16,4008,4068.3999,3973.7,4044.3
2002-09-17,4044.3,4150.2002,4014.7,4025.1001
2002-09-18,4025.1001,4025.1001,3865.3999,3865.3999
2002-09-19,3865.3999,3896.8999,3781.6001,3813.5
2002-09-20,3813.5,4064.1001,3755.6001,3860.1001
2002-09-23,3860.1001,3925.2,3717.8,3739.3999
2002-09-24,3739.3999,3761.1001,3609.8999,3671.1001
2002-09-25,3671.1001,3771.5,3624.2,3696.2
2002-09-26,3696.2,3850.6001,3696.2,3850.6001
2002-09-27,3850.6001,3920.3,3831.2,3907.2
2002-09-30,3907.2,3907.2,3669.7,3721.8
2002-10-01,3721.8,3806.3999,3690.3999,3797.3999
2002-10-02,3797.3999,3925.6001,3797.3999,3905.2
2002-10-03,3905.2,3961.5,3855.5,3880.3
2002-10-04,3880.3,3886.2,3793.7,3813.8
2002-10-07,3813.8,3813.8,3733.3999,3780.8999
2002-10-08,3780.8999,3840.5,3723.8999,3730.5
2002-10-09,3730.5,3778.3,3704.3,3742.3999
2002-10-10,3742.3999,3780.3999,3663.3999,3777.3
2002-10-11,3777.3,3953.3999,3777.3,3953.3999
2002-10-14,3953.3999,3992.6001,3908.1001,3931.6001
2002-10-15,3931.6001,4130.2998,3931.6001,4130.2998
2002-10-16,4130.2998,4179.6001,4031.6001,4057.7
2002-10-17,4057.7,4189,4057.7,4170.7002
2002-10-18,4170.7002,4197.5,4075.3999,4130.5
2002-10-21,4130.5,4156.2998,4086.5,4133.7998
2002-10-22,4133.7998,4184.6001,4108.7998,4118.8999
2002-10-23,4118.8999,4166.6001,4006.8999,4006.8999
2002-10-24,4006.8999,4107.7002,4006.8999,4103.7002
2002-10-25,4103.7002,4103.7002,4019.8,4051.1001
2002-10-28,4051.1001,4147.8999,4051.1001,4090.5
2002-10-29,4090.5,4090.5,3919.3999,3935.8999
2002-10-30,3935.8999,4002.7,3934.6001,4002.7
2002-10-31,4002.7,4073,3978.7,4039.7
2002-11-01,4039.7,4039.7,3953.3,3997
2002-11-04,3997,4143.3999,3997,4141.5
2002-11-05,4141.5,4146.1001,4083.1001,4146.1001
2002-11-06,4146.1001,4192.3999,4101,4103.7002
2002-11-07,4103.7002,4147.1001,4073.3999,4081.3
2002-11-08,4081.3,4091.6001,4026.2,4034.6001
2002-11-11,4034.6001,4044,3961,4015.6001
2002-11-12,4015.6001,4085,4013.8999,4085
2002-11-13,4085,4085,3986.8999,4029.3999
2002-11-14,4029.3999,4064,3985.3999,4053.1001
2002-11-15,4053.1001,4117.3999,4053.1001,4091.6001
2002-11-18,4091.6001,4164.7002,4087,4116
2002-11-19,4116,4116.8999,4070.7,4096.5
2002-11-20,4096.5,4118.3999,4069.3,4094.8999
2002-11-21,4094.8999,4194.7998,4094.8999,4190
2002-11-22,4190,4224.7998,4162.7998,4175.2002
2002-11-25,4175.2002,4197.7002,4108,4122.2002
2002-11-26,4122.2002,4142.1001,4058.3,4071
2002-11-27,4071,4146.2002,4060.8999,4144.2002
2002-11-28,4144.2002,4202.2002,4138.8999,4185.3999
2002-11-29,4185.3999,4206.7998,4130.2998,4169.3999
2002-12-02,4169.3999,4218.6001,4149.7998,4154.2998
2002-12-03,4154.2998,4154.2998,4070.6001,4075.3999
2002-12-04,4075.3999,4075.3999,4023,4048.6001
2002-12-05,4048.6001,4109.8999,4019.6001,4032.3999
2002-12-06,4032.3999,4050.3999,3931.8999,4013.5
2002-12-09,4013.5,4039.8,3933.8999,3933.8999
2002-12-10,3933.8999,3985.6001,3912.1001,3925
2002-12-11,3925,3995,3919.8999,3974.8999
2002-12-12,3974.8999,3982.3,3916,3935.3
2002-12-13,3935.3,3961.8,3839.3999,3878.1001
2002-12-16,3878.1001,3987.8999,3846.8,3984
2002-12-17,3984,3999.8,3906.1001,3908.7
2002-12-18,3908.7,3911.3999,3827.8,3835.2
2002-12-19,3835.2,3907.2,3803.3999,3841.3999
2002-12-20,3841.3999,3893.3,3841.3999,3889.8999
2002-12-23,3889.8999,3936.8999,3887.6001,3936.8999
2002-12-24,3936.8999,3957.7,3923.3999,3942.1001
2002-12-27,3942.1001,3944.1001,3822.2,3829.3999
2002-12-30,3829.3999,3903.7,3805.1001,3900.6001
2002-12-31,3900.6001,3949.1001,3890.7,3940.3999
2003-01-02,3940.3999,4009.5,3915.8,4009.5
2003-01-03,4009.5,4027.6001,3991.2,4004.8999
2003-01-06,4002.3999,4025.5,3930.8999,4001.3999
2003-01-07,4001.3999,4015.3999,3925.3999,3957.3999
2003-01-08,3957.3999,3957.3999,3906.8,3924.8
2003-01-09,3924.8,3942.5,3865.8,3934
2003-01-10,3934,3997.2,3926,3974.1001
2003-01-13,3974.1001,4020.2,3921.8999,3948.3
2003-01-14,3948.3,3983.8,3924.3,3945.6001
2003-01-15,3945.6001,3963.2,3880.1001,3887.8
2003-01-16,3887.8,3900.8,3863.1001,3881.8
2003-01-17,3881.8,3881.8,3820.6001,3820.6001
2003-01-20,3820.6001,3853.3999,3774.1001,3778.6001
2003-01-21,3778.6001,3815,3736.7,3736.7
2003-01-22,3736.7,3752.8,3658.3999,3678
2003-01-23,3678,3721.7,3622.2,3622.2
2003-01-24,3622.2,3665.2,3583.7,3603.7
2003-01-27,3603.7,3603.7,3460.3,3480.8
2003-01-28,3480.8,3538.5,3464.1001,3490
2003-01-29,3490,3493.7,3391.5,3483.8
2003-01-30,3483.8,3579.6001,3483.8,3578.7
2003-01-31,3578.7,3580.5,3510.6001,3567.3999
2003-02-03,3567.3999,3698.8999,3567.3999,3689.3999
2003-02-04,3689.3999,3689.3999,3590.1001,3590.1001
2003-02-05,3590.1001,3678.7,3569,3678.7
2003-02-06,3678.7,3689.7,3563.8999,3597
2003-02-07,3597,3639.1001,3568.3999,3599.2
2003-02-10,3599.2,3626.3999,3568.1001,3579.1001
2003-02-11,3579.1001,3675,3579.1001,3669.2
2003-02-12,3669.2,3669.2,3613.3,3616.1001
2003-02-13,3616.1001,3640.7,3568.7,3610.8
2003-02-14,3610.8,3683.6001,3601.5,3611.8999
2003-02-17,3611.8999,3692.3999,3611.8999,3692.3999
2003-02-18,3692.3999,3747,3669.6001,3729.5
2003-02-19,3729.5,3738.5,3657.8999,3658.3
2003-02-20,3658.3,3724.7,3655.8,3687.2
2003-02-21,3687.2,3727.1001,3660.2,3727.1001
2003-02-24,3727.1001,3746.5,3699.8,3701.8
2003-02-25,3701.8,3701.8,3592.1001,3621.5
2003-02-26,3621.5,3652,3558.8,3593.3
2003-02-27,3593.3,3627.3999,3535.1001,3569.8999
2003-02-28,3569.8999,3655.6001,3553.6001,3655.6001
2003-03-03,3655.6001,3714.8999,3640.8,3684.7
2003-03-04,3684.7,3684.7,3612.6001,3625.3
2003-03-05,3625.3,3625.3,3558.8,3563.5
2003-03-06,3563.5,3590.3,3526.1001,3555.3999
2003-03-07,3555.3999,3555.3999,3467.2,3491.6001
2003-03-10,3491.6001,3502.3999,3434.5,3436
2003-03-11,3436,3468.5,3400.3,3452.7
2003-03-12,3452.7,3466.3999,3277.5,3287
2003-03-13,3287,3489.1001,3287,3486.8999
2003-03-14,3486.8999,3612.8999,3486.8999,3601.8
2003-03-17,3601.8,3774.3,3525.3,3722.3
2003-03-18,3722.3,3810.8,3714,3747.3
2003-03-19,3747.3,3828.3,3716.5,3765.3999
2003-03-20,3765.3999,3790.7,3715.8,3765.7
2003-03-21,3765.7,3881.7,3765.7,3861.1001
2003-03-24,3861.1001,3861.1001,3734.1001,3743.3
2003-03-25,3743.3,3782.8,3660.3999,3762
2003-03-26,3762,3809.5,3735,3793.1001
2003-03-27,3793.1001,3793.1001,3711.5,3729.1001
2003-03-28,3729.1001,3752.6001,3695.7,3708.5
2003-03-31,3708.5,3708.5,3580.8999,3613.3
2003-04-01,3613.3,3691.8,3612.3,3684.8
2003-04-02,3684.8,3778.3,3682,3753.3999
2003-04-03,3753.3999,3808.5,3744.3999,3771.1001
2003-04-04,3771.1001,3841.7,3751.7,3814.3999
2003-04-07,3814.3999,3962.2,3814.3999,3935.8
2003-04-08,3935.8,3935.8,3868.5,3868.8
2003-04-09,3868.8,3907.1001,3824.5,3861.3999
2003-04-10,3861.3999,3870.7,3803.2,3803.3
2003-04-11,3803.3,3871.3999,3803.3,3808.1001
2003-04-14,3808.1001,3857.3999,3800.7,3849.3999
2003-04-15,3849.3999,3926.5,3849.3999,3916.8
2003-04-16,3916.8,3967.8,3849.5,3854.8999
2003-04-17,3854.8999,3904.6001,3826.1001,3889.2
2003-04-22,3889.2,3924.2,3873.8999,3917.7
2003-04-23,3917.7,3997.3,3917.7,3966.5
2003-04-24,3966.5,3977.8,3892.2,3899
2003-04-25,3899,3919.3999,3859.8999,3870.2
2003-04-28,3870.2,3943,3855.5,3940.3
2003-04-29,3940.3,3976.2,3915,3927.8
2003-04-30,3927.8,3943,3912.3,3926
2003-05-01,3926,3926,3875.3,3880.1001
2003-05-02,3880.1001,3952.6001,3880.1001,3952.6001
2003-05-06,3952.6001,4007,3952.6001,4006.3999
2003-05-07,4006.3999,4038.5,3981.7,3992.8999
2003-05-08,3992.8999,3992.8999,3919.5,3928.8999
2003-05-09,3928.8999,3974.5,3912.8,3969.3999
2003-05-12,3969.3999,3991,3941.1001,3987.3999
2003-05-13,3987.3999,4008.8,3976.1001,3999.8999
2003-05-14,3999.8999,4023.2,3971.7,3975
2003-05-15,3975,4020.3,3965.6001,4011.1001
2003-05-16,4011.1001,4080.8,4011.1001,4049
2003-05-19,4049,4049,3932.5,3941.3
2003-05-20,3941.3,3985,3928.3999,3971.6001
2003-05-21,3971.6001,3971.6001,3907.8,3936.3999
2003-05-22,3936.3999,3990.3999,3936.3999,3990.3999
2003-05-23,3990.3999,4012,3954,3979.8
2003-05-27,3979.8,4000.7,3920.2,3992.3999
2003-05-28,3992.3999,4073.1001,3992.3999,4071.8999
2003-05-29,4071.8999,4095.5,4044.3999,4083.6001
2003-05-30,4083.6001,4096,4048.1001,4048.1001
2003-06-02,4048.1001,4129.2998,4048.1001,4129.2998
2003-06-03,4129.2998,4129.2998,4074.3999,4115.7002
2003-06-04,4115.7002,4143.5,4093.1001,4126.6001
2003-06-05,4126.6001,4148.3999,4083.1001,4104.2998
2003-06-06,4104.2998,4178.5,4104.2998,4150.7998
2003-06-09,4150.7998,4150.7998,4101.1001,4129.1001
2003-06-10,4129.1001,4132.3999,4108.6001,4113
2003-06-11,4113,4162.1001,4113,4150.1001
2003-06-12,4150.1001,4193.6001,4150,4161.2998
2003-06-13,4161.2998,4180.1001,4124.8999,4134.1001
2003-06-16,4134.1001,4174.2998,4112.3999,4152.8999
2003-06-17,4152.8999,4199.1001,4152.8999,4190.3999
2003-06-18,4190.3999,4218.7998,4172.7998,4207
2003-06-19,4207,4210.7998,4128.7002,4131.5
2003-06-20,4131.5,4169.1001,4119,4160.1001
2003-06-23,4160.1001,4160.1001,4081.3,4087.8999
2003-06-24,4087.8999,4094.8999,4052.3999,4060.8999
2003-06-25,4060.8999,4089.8999,4049.8,4067.8999
2003-06-26,4067.8999,4077.2,4029.2,4041.7
2003-06-27,4041.7,4073.1001,4040.8,4067.8
2003-06-30,4067.8,4099,4021.6001,4031.2
2003-07-01,4031.2,4040.7,3951.5,3963.8999
2003-07-02,3963.8999,4025.8,3963.8999,4006.8999
2003-07-03,4006.8999,4031.3999,3980.3,4024.8
2003-07-04,4024.8,4031.3999,4001.3,4021.5
2003-07-07,4021.5,4076.8,4021.1001,4074.8
2003-07-08,4074.8,4088.2,4051.3999,4073.6001
2003-07-09,4073.6001,4086.6001,4048.6001,4054.7
2003-07-10,4054.7,4068.2,4014.5,4028.8
2003-07-11,4028.8,4064.2,4013.7,4058.1001
2003-07-14,4058.1001,4135.8999,4058.1001,4127.6001
2003-07-15,4127.6001,4135.6001,4102.5,4102.5
2003-07-16,4102.5,4132,4077.1001,4077.1001
2003-07-17,4077.1001,4082.6001,4031.8999,4056.6001
2003-07-18,4056.6001,4090.3,4056.6001,4073.2
2003-07-21,4073.2,4097.8999,4043.8,4044.3
2003-07-22,4044.3,4079.7,4043.5,4079.7
2003-07-23,4079.7,4115.2002,4077.8999,4086.5
2003-07-24,4086.5,4155.2002,4086.5,4149.6001
2003-07-25,4149.6001,4149.6001,4116.2998,4131.2002
2003-07-28,4131.2002,4183,4131.2002,4148.7998
2003-07-29,4148.7998,4164.3999,4125,4137
2003-07-30,4137,4159.2998,4131.7002,4141.2002
2003-07-31,4141.2002,4171,4114.1001,4157
2003-08-01,4157,4157,4096.7002,4098.3999
2003-08-04,4098.3999,4147.3999,4086.2,4100.1001
2003-08-05,4100.1001,4131,4091.1001,4121
2003-08-06,4121,4121,4044.8999,4070.3999
2003-08-07,4070.3999,4095.6001,4059.7,4095.6001
2003-08-08,4095.6001,4160.7002,4095.6001,4147.7998
2003-08-11,4147.7998,4181.7002,4147.7998,4176.7002
2003-08-12,4176.7002,4203.5,4170.8999,4185.6001
2003-08-13,4185.6001,4216.7998,4175.1001,4180.7002
2003-08-14,4180.7002,4242.7998,4180.7002,4237.7998
2003-08-15,4237.7998,4266.3999,4233.5,4247.2998
2003-08-18,4247.2998,4272.6001,4244.6001,4272.1001
2003-08-19,4272.1001,4286.8999,4246.2998,4250.7998
2003-08-20,4250.7998,4254.3999,4196.5,4217.3999
2003-08-21,4217.3999,4250.3999,4217.1001,4223.5
2003-08-22,4223.5,4265.2998,4222,4225.8999
2003-08-26,4225.8999,4227.7998,4171.6001,4177.3999
2003-08-27,4177.3999,4214.2998,4177.3999,4206.3999
2003-08-28,4206.3999,4229,4182.5,4198
2003-08-29,4198,4227.7002,4161.1001,4161.1001
2003-09-01,4161.1001,4222.1001,4161.1001,4204.3999
2003-09-02,4204.3999,4218.5,4193.2998,4204.3999
2003-09-03,4204.3999,4279.1001,4204.3999,4262.1001
2003-09-04,4262.1001,4270.2002,4240.7002,4248.7998
2003-09-05,4248.7998,4261,4227.1001,4257.2002
2003-09-08,4257.2002,4298,4250.2998,4292.1001
2003-09-09,4292.1001,4293.7002,4254.2998,4263.8999
2003-09-10,4263.8999,4263.8999,4240.7002,4252.1001
2003-09-11,4252.1001,4266.2002,4227.2002,4242.2002
2003-09-12,4242.2002,4276.2002,4229.6001,4237.7998
2003-09-15,4237.7998,4277,4237.7998,4260.8999
2003-09-16,4260.8999,4301.8999,4259.5,4299
2003-09-17,4299,4329.6001,4293,4293
2003-09-18,4293,4314.7002,4284.3999,4314.7002
2003-09-19,4314.7002,4321,4244.7998,4257
2003-09-22,4257,4257,4198.2002,4228.2002
2003-09-23,4228.2002,4251.3999,4200.7998,4221.7002
2003-09-24,4221.7002,4265.2998,4221.7002,4236.3999
2003-09-25,4236.3999,4236.3999,4176.5,4202.2002
2003-09-26,4202.2002,4202.2002,4146.3999,4157.1001
2003-09-29,4157.1001,4190.7002,4135.8999,4142.7002
2003-09-30,4142.7002,4164,4081.8,4091.3
2003-10-01,4091.3,4169.2002,4091.3,4169.2002
2003-10-02,4169.2002,4209.1001,4169.2002,4209.1001
2003-10-03,4209.1001,4285.3999,4206.7998,4274
2003-10-06,4274,4286,4260.2002,4270.1001
2003-10-07,4270.1001,4275.6001,4241.7002,4272
2003-10-08,4272,4315.6001,4257.5,4268.6001
2003-10-09,4268.6001,4316.7998,4259.2002,4313.8999
2003-10-10,4313.8999,4327,4291.3999,4311
2003-10-13,4311,4362.2998,4310.1001,4362.2998
2003-10-14,4362.2998,4375,4323.8999,4334.1001
2003-10-15,4334.1001,4393.7998,4334.1001,4368.7998
2003-10-16,4368.7998,4371.2002,4326.3999,4339.7002
2003-10-17,4339.7002,4360.1001,4334.5,4344
2003-10-20,4344,4370.3999,4329.3999,4347.5
2003-10-21,4347.5,4377.6001,4347.1001,4352.2998
2003-10-22,4352.2998,4359.3999,4266.1001,4285.6001
2003-10-23,4285.6001,4285.6001,4212.5,4240.2002
2003-10-24,4240.2002,4248.7002,4219,4239
2003-10-27,4239,4267,4238.1001,4251.2998
2003-10-28,4251.2998,4280.1001,4251.2998,4272.8999
2003-10-29,4272.8999,4293.1001,4256.2002,4265.7002
2003-10-30,4265.7002,4332.8999,4260.2998,4300.8999
2003-10-31,4300.8999,4300.8999,4274,4287.6001
2003-11-03,4287.6001,4338.1001,4286.1001,4332.6001
2003-11-04,4332.6001,4352.6001,4322.3999,4330.2998
2003-11-05,4330.2998,4330.2998,4288.1001,4303.3999
2003-11-06,4303.3999,4337.7002,4283.3999,4324.2002
2003-11-07,4324.2002,4389.2002,4324.2002,4376.8999
2003-11-10,4376.8999,4376.8999,4338.6001,4341.7998
2003-11-11,4341.7998,4349.2002,4313.5,4345.1001
2003-11-12,4345.1001,4372.7002,4336.2002,4371.2002
2003-11-13,4371.2002,4406.7998,4361.2002,4373
2003-11-14,4373,4412.8999,4373,4397
2003-11-17,4397,4397,4337.2998,4338.8999
2003-11-18,4338.8999,4375.2998,4338.8999,4354.7002
2003-11-19,4354.7002,4354.7002,4316.1001,4327.3999
2003-11-20,4327.3999,4356.5,4270.5,4308
2003-11-21,4308,4324,4295.6001,4319
2003-11-24,4319,4384.5,4319,4382.3999
2003-11-25,4382.3999,4409.3999,4378.1001,4388.7002
2003-11-26,4388.7002,4423.6001,4366.7002,4370.2998
2003-11-27,4370.2998,4390.3999,4350.7002,4361.1001
2003-11-28,4361.1001,4380.2002,4333.2002,4342.6001
2003-12-01,4342.6001,4410,4342.6001,4410
2003-12-02,4410,4416.5,4359.8999,4378.8999
2003-12-03,4378.8999,4401.6001,4373,4392
2003-12-04,4392,4392,4371.5,4378.2002
2003-12-05,4378.2002,4385.3999,4337.7002,4367
2003-12-08,4367,4367.2998,4338.2998,4359.7998
2003-12-09,4359.7998,4407.5,4359.7998,4379.6001
2003-12-10,4379.6001,4379.6001,4312.5,4335.3999
2003-12-11,4335.3999,4347.2002,4316.2002,4331.2998
2003-12-12,4331.2998,4366.7998,4329.7998,4347.6001
2003-12-15,4347.6001,4397.2002,4347.6001,4348
2003-12-16,4348,4351,4329,4333
2003-12-17,4333,4366.5,4333,4354.2002
2003-12-18,4354.2002,4402.7002,4347.7002,4397.2998
2003-12-19,4397.2998,4427.7998,4389,4412.2998
2003-12-22,4412.2998,4431.5,4392.3999,4424
2003-12-23,4424,4440.8999,4411.5,4440.8999
2003-12-24,4440.8999,4457.3999,4432.8999,4444.7002
2003-12-29,4444.7002,4460.8999,4432.7998,4457.5
2003-12-30,4457.5,4477,4452.7998,4470.3999
2003-12-31,4470.3999,4491.7998,4470.3999,4476.8999
2004-01-02,4476.8999,4518,4476.8999,4510.2002
2004-01-05,4510.2002,4515.2002,4494.8999,4513.2998
2004-01-06,4513.2998,4522.8999,4489.8999,4505.2002
2004-01-07,4505.2002,4512.1001,4466.2002,4473
2004-01-08,4473,4520.1001,4473,4494.2002
2004-01-09,4494.2002,4495.7998,4445.1001,4466.2998
2004-01-12,4466.2998,4466.2998,4443.3999,4449.6001
2004-01-13,4449.6001,4477.8999,4436.6001,4440.1001
2004-01-14,4440.1001,4464.5,4431.1001,4461.3999
2004-01-15,4461.3999,4474,4443.2998,4456.1001
2004-01-16,4456.1001,4491.7002,4456.1001,4487.8999
2004-01-19,4487.8999,4526.2998,4487.7002,4518.1001
2004-01-20,4518.1001,4527.5,4498.5,4499.2998
2004-01-21,4499.2998,4511.2002,4486.8999,4511.2002
2004-01-22,4511.2002,4531.3999,4476.7998,4476.7998
2004-01-23,4476.7998,4483,4438.6001,4460.7998
2004-01-26,4460.7998,4482.5,4432.8999,4445.5
2004-01-27,4445.5,4479.5,4444.7998,4447
2004-01-28,4447,4474.2002,4426.7998,4468.1001
2004-01-29,4468.1001,4468.1001,4410.2002,4411.5
2004-01-30,4411.5,4436.2002,4390.7002,4390.7002
2004-02-02,4390.7002,4411.6001,4366.8999,4381.3999
2004-02-03,4381.3999,4392.1001,4357.3999,4390.6001
2004-02-04,4390.6001,4409.2998,4369.1001,4398.5
2004-02-05,4398.5,4404,4378.3999,4384.3999
2004-02-06,4384.3999,4407.5,4384.1001,4402.7002
2004-02-09,4402.7002,4436.7998,4402.7002,4434.3999
2004-02-10,4434.3999,4434.3999,4400.7998,4404.8999
2004-02-11,4404.8999,4416,4377.2998,4396
2004-02-12,4396,4416.3999,4370.2002,4377.7002
2004-02-13,4377.7002,4423.8999,4377.7002,4412
2004-02-16,4412,4412.8999,4389.8999,4408.1001
2004-02-17,4408.1001,4465,4397.2998,4461.5
2004-02-18,4461.5,4468.8999,4442.8999,4442.8999
2004-02-19,4442.8999,4517.2998,4442.8999,4515.6001
2004-02-20,4515.6001,4549.6001,4499.2002,4515
2004-02-23,4515,4556.3999,4515,4524.2998
2004-02-24,4524.2998,4537.5,4476.7002,4496.7998
2004-02-25,4496.7998,4513.8999,4478.7002,4507.5
2004-02-26,4507.5,4526.8999,4500.5,4515.8999
2004-02-27,4515.8999,4556.8999,4492.2002,4492.2002
2004-03-01,4492.2002,4540.7002,4492.2002,4537
2004-03-02,4537,4559.2002,4522.7002,4540.1001
2004-03-03,4540.1001,4540.1001,4508.1001,4525.1001
2004-03-04,4525.1001,4562.7998,4524.7002,4559.1001
2004-03-05,4559.1001,4566.2002,4521.5,4547.1001
2004-03-08,4547.1001,4562,4543.5,4553.7998
2004-03-09,4553.7998,4553.7998,4529.2002,4542
2004-03-10,4542,4549.7998,4520.6001,4545.2998
2004-03-11,4545.2998,4545.2998,4429.2002,4445.2002
2004-03-12,4445.2002,4468.3999,4374.5,4467.3999
2004-03-15,4467.3999,4471.2002,4412.8999,4412.8999
2004-03-16,4412.8999,4438.7002,4394.6001,4428.8999
2004-03-17,4428.8999,4463,4412.7998,4456.7998
2004-03-18,4456.7998,4460,4397.8999,4397.8999
2004-03-19,4397.8999,4428.2002,4397.8999,4417.7002
2004-03-22,4417.7002,4417.7002,4319.5,4333.7998
2004-03-23,4333.7998,4360.6001,4318.5,4318.5
2004-03-24,4318.5,4341.3999,4291.2998,4309.3999
2004-03-25,4309.3999,4373.6001,4309.3999,4373.6001
2004-03-26,4373.6001,4386.8999,4345,4357.5
2004-03-29,4357.5,4417.2002,4357.5,4406.7002
2004-03-30,4406.7002,4415.8999,4393.5,4412.7998
2004-03-31,4412.7998,4427.2002,4382.7998,4385.7002
2004-04-01,4385.7002,4419.3999,4385.1001,4410.7002
2004-04-02,4410.7002,4471.2998,4408,4465.6001
2004-04-05,4465.6001,4483.1001,4451.3999,4480.7002
2004-04-06,4480.7002,4495.2002,4462,4472.7998
2004-04-07,4472.7998,4499.7998,4468.7002,4468.7002
2004-04-08,4468.7002,4504.7002,4468.7002,4489.7002
2004-04-13,4489.7002,4525,4489.7002,4515.7998
2004-04-14,4515.7998,4515.7998,4456.2002,4485.3999
2004-04-15,4485.3999,4512.1001,4478.2998,4505.5
2004-04-16,4505.5,4540.2002,4505.1001,4537.2998
2004-04-19,4537.2998,4548.2002,4519.7998,4546.2002
2004-04-20,4546.2002,4581.7002,4546.2002,4569
2004-04-21,4569,4569,4527.2002,4539.8999
2004-04-22,4539.8999,4575.6001,4524.5,4571.7998
2004-04-23,4571.7998,4601.6001,4565.2998,4570
2004-04-26,4570,4586.8999,4566.2998,4571.7998
2004-04-27,4571.7998,4582.2998,4550.2002,4575.7002
2004-04-28,4575.7002,4584.5,4524.5,4524.5
2004-04-29,4524.5,4540.7998,4494.6001,4519.5
2004-04-30,4519.5,4529,4489.7002,4489.7002
2004-05-04,4489.7002,4553.7998,4489.7002,4547.2002
2004-05-05,4547.2002,4573.7002,4528.6001,4569.5
2004-05-06,4569.5,4571.1001,4511.7002,4516.2002
2004-05-07,4516.2002,4531.2002,4463.2002,4498.3999
2004-05-10,4498.3999,4498.3999,4395.2002,4395.2002
2004-05-11,4395.2002,4454.7002,4395.2002,4454.7002
2004-05-12,4453.6001,4453.6001,4410,4412.8999
2004-05-13,4412.8999,4454.1001,4412.8999,4453.7998
2004-05-14,4453.7998,4453.7998,4412.2998,4441.7998
2004-05-17,4441.7998,4441.7998,4363,4403
2004-05-18,4403,4422.1001,4403,4414.3999
2004-05-19,4414.3999,4471.7998,4414.3999,4471.7998
2004-05-20,4471.7998,4471.7998,4418.7998,4428.7002
2004-05-21,4428.7002,4453.5,4414.3999,4431.3999
2004-05-24,4431.3999,4466.5,4422.7998,4428.8999
2004-05-25,4428.8999,4428.8999,4396.6001,4418
2004-05-26,4418,4460.6001,4415.2998,4438.2998
2004-05-27,4438.2998,4470.2998,4429,4453.6001
2004-05-28,4453.6001,4471.2998,4423.1001,4430.7002
2004-06-01,4430.7002,4448.3999,4411.3999,4422.7002
2004-06-02,4422.7002,4462.1001,4422.7002,4422.7998
2004-06-03,4422.7998,4435.3999,4400.7002,4435.3999
2004-06-04,4435.3999,4457,4428.2998,4454.3999
2004-06-07,4454.3999,4496.2998,4454.3999,4491.6001
2004-06-08,4491.6001,4515.2002,4486.8999,4504.7998
2004-06-09,4504.7998,4513.7002,4481.2002,4489.5
2004-06-10,4489.5,4494.3999,4475.7998,4486.1001
2004-06-11,4486.1001,4492.2998,4463,4484
2004-06-14,4484,4484.1001,4430.2998,4433.2002
2004-06-15,4433.2002,4462.2998,4433.2002,4458.6001
2004-06-16,4458.6001,4508.2998,4454.7998,4491.1001
2004-06-17,4491.1001,4504.7002,4482,4493.2998
2004-06-18,4493.2998,4510.5,4474.3999,4505.7998
2004-06-21,4505.7998,4511.1001,4485.1001,4502.2002
2004-06-22,4502.2002,4502.2002,4459.7998,4468.5
2004-06-23,4468.5,4498.1001,4468.5,4486.7002
2004-06-24,4486.7002,4516.7002,4486.7002,4503.2002
2004-06-25,4503.2002,4503.8999,4485.2002,4494.1001
2004-06-28,4494.1001,4535.1001,4478.5,4518.7002
2004-06-29,4518.7002,4518.7002,4492.1001,4512.3999
2004-06-30,4512.3999,4512.7998,4464.1001,4464.1001
2004-07-01,4464.1001,4487.8999,4424.7002,4424.7002
2004-07-02,4424.7002,4430.8999,4398.2998,4407.3999
2004-07-05,4407.3999,4423.2998,4403.2998,4403.2998
2004-07-06,4403.2998,4414.2998,4365.2998,4370.7002
2004-07-07,4370.7002,4392.8999,4354.7002,4358.3999
2004-07-08,4358.3999,4383.3999,4324.1001,4381.1001
2004-07-09,4381.1001,4393.2002,4356.7998,4393.2002
2004-07-12,4393.2002,4395.6001,4354.2998,4360
2004-07-13,4360,4379.8999,4352.6001,4357.7002
2004-07-14,4357.7002,4373.2002,4324.5,4372.6001
2004-07-15,4372.6001,4372.6001,4340.7002,4340.7002
2004-07-16,4340.7002,4357.3999,4328.2998,4339.2002
2004-07-19,4339.2002,4349.2998,4321.1001,4321.1001
2004-07-20,4321.1001,4348.7998,4297.5,4339.3999
2004-07-21,4339.3999,4391.5,4339.3999,4377.2998
2004-07-22,4377.2998,4377.2998,4306.2998,4306.2998
2004-07-23,4306.2998,4349.6001,4306.2998,4326.2998
2004-07-26,4326.2998,4333.5,4283.2002,4287
2004-07-27,4287,4324.8999,4287,4324.8999
2004-07-28,4324.8999,4370.8999,4324.8999,4356.2002
2004-07-29,4356.2002,4420,4356.2002,4418.7002
2004-07-30,4418.7002,4425.2998,4398,4413.1001
2004-08-02,4413.1001,4419.7998,4390.8999,4415.7002
2004-08-03,4415.7002,4429.7002,4408.1001,4429.7002
2004-08-04,4429.7002,4429.7002,4376.7998,4408.1001
2004-08-05,4408.1001,4432.5,4408.1001,4413.3999
2004-08-06,4413.3999,4413.3999,4337.8999,4337.8999
2004-08-09,4337.8999,4349.2002,4293.5,4314.3999
2004-08-10,4314.3999,4350.8999,4313.1001,4350.8999
2004-08-11,4350.8999,4356.8999,4289.6001,4312.2002
2004-08-12,4312.2002,4342.8999,4312.2002,4328.1001
2004-08-13,4328.1001,4334.3999,4297,4301.5
2004-08-16,4301.5,4353.3999,4283,4350.2002
2004-08-17,4350.2002,4373.7002,4338.6001,4358.7002
2004-08-18,4358.7002,4360.2998,4331.6001,4355.2002
2004-08-19,4355.2002,4381.3999,4353.2002,4362.6001
2004-08-20,4362.6001,4373.2002,4349.5,4369.2002
2004-08-23,4369.2002,4423.7002,4369.2002,4405.2998
2004-08-24,4405.2998,4421.2002,4402.3999,4407.5
2004-08-25,4407.5,4419.2998,4399.7998,4411.6001
2004-08-26,4411.6001,4453.8999,4411.6001,4453.8999
2004-08-27,4453.8999,4490.1001,4453.6001,4490.1001
2004-08-31,4490.1001,4490.1001,4458.7998,4459.2998
2004-09-01,4459.2998,4502.3999,4459.2998,4502
2004-09-02,4502,4531.8999,4487.5,4518.6001
2004-09-03,4518.6001,4553.3999,4508.2998,4550.7998
2004-09-06,4550.7998,4569.5,4547.1001,4563.7998
2004-09-07,4563.7998,4572.2998,4547.2998,4565.6001
2004-09-08,4565.6001,4574,4553.6001,4558.3999
2004-09-09,4558.3999,4558.3999,4529.6001,4538
2004-09-10,4538,4565.1001,4538,4545
2004-09-13,4545,4568,4543.2998,4558.5
2004-09-14,4558.1001,4561.6001,4539,4545.6001
2004-09-15,4545.6001,4575.2002,4541.8999,4548.3999
2004-09-16,4548.3999,4564,4545.1001,4556.5
2004-09-17,4556.5,4602.1001,4544.3999,4591
2004-09-20,4591,4591,4562,4579.5
2004-09-21,4579.5,4615.8999,4578.7002,4608.3999
2004-09-22,4608.3999,4630.7002,4592.2998,4592.2998
2004-09-23,4592.2998,4598.6001,4560.7002,4568.2998
2004-09-24,4568.2998,4581.8999,4557.2002,4578.1001
2004-09-27,4578.1001,4578.1001,4532,4541.2002
2004-09-28,4541.2002,4576.2002,4528.1001,4567.2998
2004-09-29,4567.2998,4600.8999,4567.2998,4588.1001
2004-09-30,4588.1001,4607.7998,4569.1001,4570.7998
2004-10-01,4570.7998,4663.8999,4570.7998,4659.6001
2004-10-04,4659.6001,4701.5,4659.6001,4681.7998
2004-10-05,4681.7998,4714.8999,4674.6001,4707.1001
2004-10-06,4707.1001,4713.3999,4689.2002,4706.2998
2004-10-07,4706.2998,4732.8999,4686,4698.7002
2004-10-08,4698.7002,4724.3999,4679.7002,4698.8999
2004-10-11,4698.8999,4706.8999,4684.1001,4685.5
2004-10-12,4685.5,4689.3999,4634.3999,4647.8999
2004-10-13,4647.8999,4675.7998,4633.3999,4634.7998
2004-10-14,4634.7998,4642.5,4617,4629.3999
2004-10-15,4629.3999,4629.8999,4605.7998,4622.7002
2004-10-18,4622.7002,4638.6001,4610.8999,4626.6001
2004-10-19,4626.6001,4675.7998,4626.6001,4655.2002
2004-10-20,4655.2002,4655.2002,4599.2998,4616.3999
2004-10-21,4616.3999,4642.2998,4592.2002,4617.3999
2004-10-22,4617.3999,4642.2998,4614.2002,4615.3999
2004-10-25,4615.3999,4615.3999,4551.6001,4564.5
2004-10-26,4564.5,4585.3999,4562,4583.3999
2004-10-27,4583.3999,4630.6001,4583.3999,4630.1001
2004-10-28,4630.1001,4663.3999,4620,4642.7998
2004-10-29,4642.7998,4649.1001,4624.2002,4624.2002
2004-11-01,4624.2002,4681.6001,4624.2002,4673.7998
2004-11-02,4673.7998,4696.8999,4673.7998,4693.2002
2004-11-03,4693.2002,4723.6001,4693.2002,4718.5
2004-11-04,4718.5,4728.2998,4698.2002,4728.2998
2004-11-05,4728.2998,4761.8999,4728,4739.7998
2004-11-08,4739.7998,4739.7998,4706.3999,4716.6001
2004-11-09,4716.6001,4727,4712,4717.7002
2004-11-10,4717.7002,4746.3999,4717.7002,4734.5
2004-11-11,4734.5,4779.5,4728.7002,4776.8999
2004-11-12,4776.8999,4798.7002,4776.8999,4793.8999
2004-11-15,4793.8999,4823.7998,4789,4803.1001
2004-11-16,4803.1001,4807.7998,4761.5,4770.3999
2004-11-17,4770.3999,4800.3999,4770.2002,4795.8999
2004-11-18,4795.8999,4818.2998,4785.2998,4805.2998
2004-11-19,4805.2998,4805.2998,4756.5,4760.7998
2004-11-22,4760.7998,4760.7998,4717.3999,4733.1001
2004-11-23,4733.1001,4767.7002,4733.1001,4742.3999
2004-11-24,4742.3999,4750.8999,4713.6001,4719.3999
2004-11-25,4719.3999,4753.3999,4719.3999,4753.3999
2004-11-26,4753.3999,4753.3999,4726.1001,4741.5
2004-11-29,4741.5,4791,4739.5,4749.7998
2004-11-30,4749.7998,4759.8999,4696.7998,4703.2002
2004-12-01,4703.2002,4748.6001,4703.1001,4735.7002
2004-12-02,4735.7002,4758.5,4733.2998,4751.2002
2004-12-03,4751.2002,4771.2002,4734.7998,4747.8999
2004-12-06,4747.8999,4747.8999,4707.1001,4722.7998
2004-12-07,4722.7998,4741.5,4717.2998,4728.7002
2004-12-08,4728.7002,4728.7002,4695.6001,4703.8999
2004-12-09,4703.8999,4719.2002,4675,4688.3999
2004-12-10,4688.3999,4719.2002,4682.2002,4694
2004-12-13,4694,4737.5,4688.7002,4736.7998
2004-12-14,4736.7998,4755,4709.7002,4722.7998
2004-12-15,4722.7998,4750.1001,4722.7998,4728.2002
2004-12-16,4728.2002,4747.7002,4728.2002,4735.2002
2004-12-17,4735.2002,4747.2998,4689.6001,4696.7998
2004-12-20,4696.7998,4744.3999,4696.7998,4731.1001
2004-12-21,4731.1001,4742.1001,4731.1001,4733
2004-12-22,4733,4783.7002,4733,4777.3999
2004-12-23,4777.3999,4789.5,4774.8999,4787.7002
2004-12-24,4787.7002,4807.7998,4780.8999,4798.1001
2004-12-29,4798.1001,4819.7998,4787.3999,4819.7998
2004-12-30,4819.7998,4826.2002,4813.5,4820.1001
2004-12-31,4820.1001,4822.2998,4801.1001,4814.2998
2005-01-04,4814.2998,4851.6001,4809.3999,4847
2005-01-05,4847,4847,4806,4806
2005-01-06,4806,4833.2998,4806,4824.2998
2005-01-07,4824.2998,4863.5,4819.7998,4854.1001
2005-01-10,4854.1001,4858.8999,4833.3999,4840.7002
2005-01-11,4840.7002,4847.6001,4805,4818.7002
2005-01-12,4818.7002,4823.2002,4765.3999,4783.6001
2005-01-13,4783.6001,4809.7998,4782.5,4800.2998
2005-01-14,4800.2998,4831.6001,4786.5,4820.7998
2005-01-17,4820.7998,4846.7002,4820.7998,4846.7002
2005-01-18,4846.7002,4852.7998,4800.7998,4823.8999
2005-01-19,4823.8999,4845.3999,4817.5,4818.2998
2005-01-20,4818.2998,4818.2998,4783.2998,4800.7998
2005-01-21,4800.7998,4813.8999,4785.6001,4803.2998
2005-01-24,4803.2998,4814,4770.1001,4812.5
2005-01-25,4812.5,4850,4803.7002,4843.2002
2005-01-26,4843.2002,4860.2998,4839,4847.1001
2005-01-27,4847.1001,4860.2998,4835,4853.3999
2005-01-28,4853.3999,4860.3999,4827.2998,4832.7998
2005-01-31,4832.7998,4879.5,4832.7998,4852.2998
2005-02-01,4852.2998,4906.2002,4852.2998,4906.2002
2005-02-02,4906.2002,4918.7998,4897.5,4916.2002
2005-02-03,4916.2002,4924.1001,4898.3999,4908.2998
2005-02-04,4908.2998,4947.3999,4908.2998,4941.5
2005-02-07,4941.5,4982.7998,4941.5,4979.7998
2005-02-08,4979.7998,4995.5,4968.7002,4995.5
2005-02-09,4995.5,5003,4974.5,4990.3999
2005-02-10,4990.3999,5014.7998,4977.2998,5000
2005-02-11,5000.1001,5045,5000.1001,5044.2002
2005-02-14,5044.2002,5049.6001,5030.5,5041.7998
2005-02-15,5041.7998,5065.7002,5036.1001,5058.8999
2005-02-16,5058.8999,5059.5,5035.5,5053.2002
2005-02-17,5053.2002,5077.6001,5051.7998,5057.3999
2005-02-18,5057.3999,5066.5,5045.5,5057.2002
2005-02-21,5057.2002,5077.7998,5047.5,5060.7998
2005-02-22,5060.7998,5063.2998,5013.2002,5032.8999
2005-02-23,5032.8999,5032.8999,4970.7998,4988.5
2005-02-24,4988.5,5002.5,4972.1001,4972.1001
2005-02-25,4972.1001,5010.7998,4972.1001,5006.7998
2005-02-28,5006.7998,5030.2002,4968.3999,4968.5
2005-03-01,4968.5,5004.8999,4966.8999,5000.5
2005-03-02,5000.5,5000.8999,4965.8999,4992.7998
2005-03-03,4992.7998,5024,4992.7998,5014.7998
2005-03-04,5014.7998,5042,5011.7002,5036.2998
2005-03-07,5036.2998,5041.2998,5014.5,5027.2002
2005-03-08,5027.2002,5029.6001,5001.8999,5010.8999
2005-03-09,5010.8999,5038.8999,4992.8999,4996.1001
2005-03-10,4996.1001,4996.1001,4956.7998,4962.1001
2005-03-11,4962.1001,4991.6001,4962.1001,4982
2005-03-14,4982,4995,4947.8999,4975
2005-03-15,4975,5006.1001,4975,5000.2002
2005-03-16,5000.2002,5000.2002,4928.1001,4937.6001
2005-03-17,4937.6001,4952.8999,4920,4922.1001
2005-03-18,4922.1001,4947.8999,4922.1001,4923.2998
2005-03-21,4923.2998,4952.2002,4923.2998,4933.5
2005-03-22,4933.5,4946.7998,4908.5,4937.2998
2005-03-23,4937.2998,4937.2998,4887.2002,4910.3999
2005-03-24,4910.3999,4933.7002,4904.5,4922.5
2005-03-29,4922.5,4924.2998,4892.7998,4919
2005-03-30,4919,4919,4886.5,4900.7002
2005-03-31,4900.7002,4933.7998,4894.3999,4894.3999
2005-04-01,4894.3999,4942,4894.3999,4914
2005-04-04,4914,4923.2998,4877,4896.7002
2005-04-05,4896.7002,4943.7998,4896.7002,4942.8999
2005-04-06,4942.8999,4953.6001,4937.3999,4947.3999
2005-04-07,4947.3999,4984.5,4947.3999,4977
2005-04-08,4977,4994.1001,4975,4983.6001
2005-04-11,4983.6001,4983.6001,4964,4973.2002
2005-04-12,4973.2002,4973.7998,4941.1001,4946.2002
2005-04-13,4946.2002,4973.7998,4946.2002,4960.7998
2005-04-14,4960.7998,4960.7998,4937,4945.3999
2005-04-15,4945.3999,4945.3999,4891.6001,4891.6001
2005-04-18,4891.6001,4891.6001,4794.7998,4827.1001
2005-04-19,4833.6001,4862.6001,4833.6001,4855.6001
2005-04-20,4859.8999,4873.6001,4817.7998,4822
2005-04-21,4821.7002,4839.1001,4805.5,4819.6001
2005-04-22,4857,4859,4837.7998,4849.2998
2005-04-25,4848.3999,4867.7998,4841.2998,4864.8999
2005-04-26,4864.7998,4879.6001,4831.5,4845.5
2005-04-27,4840.2002,4840.2002,4780.6001,4789.3999
2005-04-28,4792.7998,4820.7002,4775.5,4790.2002
2005-04-29,4790,4824.3999,4773.7002,4801.7002
2005-05-03,4815,4862.8999,4815,4861.2002
2005-05-04,4866.8999,4882.5,4847.8999,4882.5
2005-05-05,4893.7002,4917.6001,4891.7998,4902.2998
2005-05-06,4902.3999,4924.6001,4897.6001,4918.8999
2005-05-09,4922.6001,4928.7002,4895.1001,4910.2998
2005-05-10,4910.7998,4929.1001,4880.2002,4892.3999
2005-05-11,4892.6001,4896.6001,4868.2002,4875.3999
2005-05-12,4883.3999,4909.7998,4883.3999,4893.2002
2005-05-13,4891.8999,4891.8999,4854.2002,4886.5
2005-05-16,4873.2002,4887.7002,4869,4884.2002
2005-05-17,4884.2998,4902,4880.7002,4898.5
2005-05-18,4898.8999,4956.8999,4898.8999,4949.3999
2005-05-19,4954.1001,4972.8999,4950.5,4962.7002
2005-05-20,4964.1001,4981.1001,4963,4971.7998
2005-05-23,4974.6001,4991.6001,4974.6001,4989.7998
2005-05-24,4990.2002,4990.2002,4974.2002,4982.5
2005-05-25,4982.8999,4983.6001,4964.1001,4971.5
2005-05-26,4969.5,5004.2998,4956.7998,4994.8999
2005-05-27,4994.7002,5002,4976.6001,4986.2998
2005-05-31,4987.5,4999.7002,4964,4964
2005-06-01,4965.1001,5011,4965.1001,5011
2005-06-02,5009.8999,5014.8999,4996.5,5005
2005-06-03,5005.1001,5016.6001,4987.2002,4999.3999
2005-06-06,5004.1001,5006.7998,4976.2002,4980.3999
2005-06-07,4982.6001,5027.8999,4982.6001,5025.2002
2005-06-08,5022.6001,5022.6001,4995.1001,5003.7002
2005-06-09,5002.7002,5009.7998,4984.2002,5009.2002
2005-06-10,5018.7002,5047.2998,5018.7002,5030.3999
2005-06-13,5030.2998,5051,5026.1001,5050.3999
2005-06-14,5050.1001,5054.2998,5037.5,5046.7998
2005-06-15,5047.2002,5060.7998,5013.3999,5019.5
2005-06-16,5021,5046.3999,5021,5045
2005-06-17,5044.6001,5098.5,5044.6001,5077.6001
2005-06-20,5077.7998,5078,5057.8999,5072
2005-06-21,5082.2998,5091,5073.2998,5082.1001
2005-06-22,5082.2002,5110.5,5076.6001,5099.2998
2005-06-23,5099.1001,5121.8999,5099.1001,5114.3999
2005-06-24,5110.5,5110.5,5069.1001,5079
2005-06-27,5078.7998,5078.7998,5036.8999,5043.5
2005-06-28,5045.8999,5090.3999,5045.8999,5090.3999
2005-06-29,5093.7998,5119.5,5090.2002,5109.1001
2005-06-30,5102.7002,5138.2002,5097.1001,5113.2002
2005-07-01,5113.7002,5162.6001,5106.6001,5161
2005-07-04,5161.6001,5188.6001,5161.2998,5184.2998
2005-07-05,5185.7998,5194.2002,5173.7998,5190.1001
2005-07-06,5200.7002,5237.6001,5200.5,5229.6001
2005-07-07,5221.1001,5223.3999,5022.1001,5158.2998
2005-07-08,5162.8999,5232.2002,5162.8999,5232.2002
2005-07-11,5232.2002,5257.8999,5232.2002,5242.3999
2005-07-12,5242.3999,5249.3999,5216.2002,5217.2002
2005-07-13,5217.2002,5252,5217.2002,5245.8999
2005-07-14,5248.8999,5283.8999,5248.8999,5259.7002
2005-07-15,5259.8999,5261.5,5222.6001,5230.7998
2005-07-18,5230.3999,5258.3999,5212,5214.2002
2005-07-19,5214.2002,5230.8999,5191,5201.5
2005-07-20,5201.5,5249.5,5193.5,5215.2002
2005-07-21,5215.2002,5256,5180.2002,5221.6001
2005-07-22,5221.6001,5244.6001,5202.7002,5241.7998
2005-07-25,5249.7002,5273.5,5248.5,5270.7002
2005-07-26,5266,5279.3999,5253.8999,5256.2002
2005-07-27,5256.2998,5275.2002,5253.5,5263.6001
2005-07-28,5262.8999,5282.2998,5262.2998,5270.2998
2005-07-29,5270.5,5308.6001,5270.5,5282.2998
2005-08-01,5282.2998,5302.8999,5282.2998,5290.7998
2005-08-02,5290.7998,5330.6001,5290.7998,5327.5
2005-08-03,5328.1001,5332.2998,5304,5332.2998
2005-08-04,5332.3999,5335.3999,5300,5315.5
2005-08-05,5315.5,5341.7998,5306.7002,5314.7002
2005-08-08,5321.7998,5351.2998,5321.7998,5344.2998
2005-08-09,5346.1001,5363.7002,5342.7002,5363.7002
2005-08-10,5363.7002,5386.3999,5351.2002,5377.5
2005-08-11,5377.5,5379.6001,5355.1001,5358.6001
2005-08-12,5359.2002,5374.3999,5343.5,5345.7998
2005-08-15,5344.1001,5367.7998,5339.3999,5344.2002
2005-08-16,5347.5,5358.7002,5316.1001,5322.2998
2005-08-17,5320.8999,5320.8999,5284.1001,5292.7002
2005-08-18,5292.7002,5304.7002,5263.7002,5269.2998
2005-08-19,5269.2998,5313.1001,5269.2998,5312.6001
2005-08-22,5312.6001,5329.7002,5312.6001,5318.3999
2005-08-23,5314.1001,5314.1001,5294.7998,5300.2002
2005-08-24,5294.1001,5299.7002,5270,5275.2002
2005-08-25,5269.8999,5271.3999,5248.7998,5255.7002
2005-08-26,5255.7998,5282.1001,5228.1001,5228.1001
2005-08-30,5228.1001,5270.2002,5228.1001,5255.7998
2005-08-31,5255.7998,5300,5255.7998,5296.8999
2005-09-01,5298.3999,5342.1001,5298.3999,5328.5
2005-09-02,5328.5,5338.1001,5319.6001,5326.7998
2005-09-05,5330.2998,5341.7998,5320.6001,5337.7998
2005-09-06,5340.6001,5366.6001,5340.3999,5359.2002
2005-09-07,5359.2002,5376.1001,5358,5365.8999
2005-09-08,5365.8999,5365.8999,5338.3999,5340.7002
2005-09-09,5340.2998,5362.3999,5340.2998,5359.2998
2005-09-12,5359.2998,5380.7002,5359.2998,5375.1001
2005-09-13,5375.1001,5377.7998,5329.2998,5338
2005-09-14,5338.1001,5349.7002,5327.1001,5347.3999
2005-09-15,5348,5387.1001,5342.5,5383.5
2005-09-16,5381.6001,5418.7002,5375.2998,5407.8999
2005-09-19,5407.5,5435.7998,5388.2998,5429.7002
2005-09-20,5429.7002,5446.6001,5410.8999,5416.3999
2005-09-21,5416.3999,5416.3999,5369.7002,5369.7002
2005-09-22,5364.2998,5395.5,5354.2998,5385.7002
2005-09-23,5391.8999,5417.3999,5383.6001,5413.6001
2005-09-26,5414,5456.8999,5414,5453.1001
2005-09-27,5463.7998,5471.2002,5442.7002,5447.2998
2005-09-28,5448,5494.7998,5448,5494.7998
2005-09-29,5494.7998,5508.3999,5467.1001,5478.2002
2005-09-30,5485,5506.1001,5462.6001,5477.7002
2005-10-03,5482,5515,5474.8999,5501.5
2005-10-04,5501.5,5501.5,5475.2002,5494.3999
2005-10-05,5493.7002,5493.7002,5427.7998,5427.7998
2005-10-06,5418.8999,5418.8999,5358.1001,5372.3999
2005-10-07,5371.8999,5394.3999,5355.7002,5362.2998
2005-10-10,5362.2998,5395.7998,5362.2998,5374.5
2005-10-11,5376,5404.3999,5373.8999,5380.7002
2005-10-12,5380.7002,5380.7002,5342.2002,5342.2002
2005-10-13,5342.2002,5342.2002,5256.2998,5265.2002
2005-10-14,5265.7002,5293.7998,5245.6001,5275
2005-10-17,5275,5297.1001,5272.5,5286.5
2005-10-18,5297.6001,5303.2002,5259.6001,5263.8999
2005-10-19,5249,5249,5167.7998,5167.7998
2005-10-20,5167.7998,5234,5146.7002,5164.1001
2005-10-21,5150.7998,5164,5130.8999,5142.1001
2005-10-24,5142.3999,5210.1001,5140.1001,5207.6001
2005-10-25,5207.6001,5222.3999,5182.1001,5182.1001
2005-10-26,5187.7998,5236.5,5187.7998,5227.7998
2005-10-27,5224.3999,5224.3999,5168.2002,5182.7998
2005-10-28,5177.1001,5226.8999,5157.6001,5213.3999
2005-10-31,5243.6001,5318.3999,5243.6001,5317.2998
2005-11-01,5317.3999,5350.2998,5304.8999,5344.2998
2005-11-02,5344.7998,5364.7002,5316,5358.6001
2005-11-03,5361.7002,5431.8999,5361.7002,5431.8999
2005-11-04,5431.8999,5446.3999,5418,5423.6001
2005-11-07,5426,5471,5415.5,5460.7998
2005-11-08,5460.7998,5481.7002,5451.1001,5460.8999
2005-11-09,5457.7998,5469.3999,5439,5439.7998
2005-11-10,5440,5463.8999,5423.5,5423.5
2005-11-11,5454.2002,5468.7998,5440.1001,5465.1001
2005-11-14,5465.5,5485.8999,5455.6001,5470
2005-11-15,5470,5470,5424.6001,5439.6001
2005-11-16,5439.6001,5442.2002,5391.7002,5430
2005-11-17,5439.7002,5480.1001,5439.7002,5460
2005-11-18,5467.1001,5531.6001,5467.1001,5498.8999
2005-11-21,5498.8999,5509.3999,5486.2002,5497.8999
2005-11-22,5499.3999,5522.3999,5499.3999,5517.2002
2005-11-23,5517.2002,5532.7002,5507.1001,5531.7002
2005-11-24,5531.7002,5539,5499.5,5511
2005-11-25,5511,5531.3999,5511,5523.7998
2005-11-28,5531.2002,5554.8999,5477.3999,5477.3999
2005-11-29,5477.3999,5507.3999,5451.2998,5491
2005-11-30,5491,5491,5423.2002,5423.2002
2005-12-01,5423.2002,5494.7002,5423.2002,5486.1001
2005-12-02,5490,5528.1001,5485,5528.1001
2005-12-05,5528.1001,5532.5,5498.2998,5510.3999
2005-12-06,5511.2998,5546.8999,5505.8999,5538.7998
2005-12-07,5539.6001,5574,5518.3999,5528.7998
2005-12-08,5528.7998,5531.8999,5492.7998,5531.1001
2005-12-09,5531.1001,5531.1001,5504.3999,5517.3999
2005-12-12,5517.3999,5548.7998,5494.2002,5501.5
2005-12-13,5501.5,5527.2002,5499.2002,5507.2002
2005-12-14,5507.5,5525,5503.5,5521.1001
2005-12-15,5521.1001,5530.2002,5489.2998,5495.2998
2005-12-16,5498.2998,5552.6001,5498.2998,5531.6001
2005-12-19,5531.6001,5548.3999,5525.7002,5539.7998
2005-12-20,5531.8999,5552.2002,5524.7002,5547.8999
2005-12-21,5549.2002,5590.2002,5549.2002,5587.3999
2005-12-22,5589.5,5599.2998,5584.7998,5597
2005-12-23,5597,5608.2002,5588,5595.3999
2005-12-28,5596.7998,5622.7998,5591.8999,5622.7998
2005-12-29,5622.7998,5647.2002,5622.7998,5638.2998
2005-12-30,5638.2998,5640,5596.7998,5618.7998
2006-01-03,5618.7998,5682.2002,5618.7998,5681.5
2006-01-04,5691.7002,5716.3999,5690.6001,5714.6001
2006-01-05,5717.5,5722.3999,5686.3999,5691.2002
2006-01-06,5691.8999,5731.7998,5691.8999,5731.7998
2006-01-09,5736.7002,5750.2998,5725.8999,5731.5
2006-01-10,5731.3999,5731.3999,5686.1001,5688.7998
2006-01-11,5688.7998,5731.5,5688.7998,5731.5
2006-01-12,5731.5,5744.6001,5724.8999,5735.1001
2006-01-13,5724.6001,5727.2998,5690.8999,5711
2006-01-16,5711,5740.2002,5707.2002,5740.2002
2006-01-17,5739,5739,5693.1001,5699
2006-01-18,5699,5699,5634.7998,5663.7002
2006-01-19,5663.7002,5710,5663.7002,5693.2002
2006-01-20,5697.1001,5729.7998,5666.5,5672.3999
2006-01-23,5667.2998,5667.2998,5625,5660.8999
2006-01-24,5660.3999,5679,5630.3999,5633.7998
2006-01-25,5635.5,5704.3999,5635.5,5704.3999
2006-01-26,5698.5,5744,5698.5,5722.6001
2006-01-27,5745.6001,5788.2002,5745.6001,5786.7998
2006-01-30,5786.2998,5796.1001,5772.7002,5779.7998
2006-01-31,5780.2002,5792.5,5760.2998,5760.2998
2006-02-01,5760.2998,5816,5746.2002,5801.6001
2006-02-02,5801.6001,5811.7998,5743,5747.2998
2006-02-03,5753.8999,5766.7002,5728.2002,5759.2998
2006-02-06,5766.1001,5790.3999,5766.1001,5772.3999
2006-02-07,5777.2998,5781.2998,5734.7002,5746.7998
2006-02-08,5746.7998,5746.7998,5681.8999,5725.1001
2006-02-09,5725.1001,5808.8999,5725.1001,5808.7002
2006-02-10,5808.1001,5808.1001,5764.1001,5764.1001
2006-02-13,5767.5,5793.5,5760.2998,5793.5
2006-02-14,5800.5,5828.6001,5773.7002,5792.2998
2006-02-15,5792.7002,5814.5,5780.8999,5791.5
2006-02-16,5794.6001,5828.8999,5791.8999,5828.8999
2006-02-17,5834.1001,5863.2998,5822.3999,5846.2002
2006-02-20,5846.6001,5866.7002,5839.3999,5863
2006-02-21,5863,5888,5856.8999,5857.7002
2006-02-22,5856.2998,5877.6001,5836.7998,5872.3999
2006-02-23,5875,5878.7998,5829.3999,5836
2006-02-24,5843.5,5864,5842.5,5860.5
2006-02-27,5860.8999,5893.2998,5860.8999,5875.8999
2006-02-28,5875,5877.3999,5788.7002,5791.5
2006-03-01,5792.7002,5844.1001,5783.8999,5844.1001
2006-03-02,5842.8999,5880,5803.7002,5833
2006-03-03,5836.7998,5864,5803.7998,5858.7002
2006-03-06,5863.6001,5924.5,5863.6001,5897.7998
2006-03-07,5894.2002,5894.2002,5830.7002,5857.3999
2006-03-08,5857.6001,5857.6001,5790.8999,5812.8999
2006-03-09,5834.7998,5857.1001,5834.7998,5855.8999
2006-03-10,5843.8999,5909.1001,5838.2002,5907.8999
2006-03-13,5919.6001,5959.8999,5919.6001,5952.7998
2006-03-14,5949.6001,5978.6001,5940.7002,5950.6001
2006-03-15,5950.6001,5980.5,5950.6001,5965.1001
2006-03-16,5974.3999,5995.2002,5951,5993.2002
2006-03-17,5993.2002,6044,5992.7998,5999.3999
2006-03-20,5999.3999,6039.1001,5986.8999,5991.7002
2006-03-21,5992.8999,5992.8999,5956.7002,5991.2998
2006-03-22,5991.2998,6012.6001,5957.7998,6007.5
2006-03-23,6015.2002,6029.3999,5974.7998,5990.1001
2006-03-24,5991.2998,6037.8999,5991.2998,6036.2998
2006-03-27,6036.7002,6047,5971.3999,5972.2002
2006-03-28,5971.6001,6004.2998,5929.7002,5935.7002
2006-03-29,5935.2002,5979.7002,5927.2002,5959.2002
2006-03-30,5959.2002,6036,5959.2002,6015.2002
2006-03-31,6015.8999,6019.2002,5961.3999,5964.6001
2006-04-03,5988.5,6033.5,5988.5,6024.2998
2006-04-04,6014,6014.3999,5984.2998,6004.7002
2006-04-05,6008.7002,6047.5,5983.5,6044.1001
2006-04-06,6050,6073.2998,6037.6001,6045.7002
2006-04-07,6045.7002,6074.2002,6020.6001,6026.1001
2006-04-10,6026.7002,6067,6024.2998,6067
2006-04-11,6072.2002,6092.5,6012.8999,6016.5
2006-04-12,6014.2002,6020,5974.5,6000.7998
2006-04-13,6000.7998,6033.7002,5987.2002,6029.3999
2006-04-18,6029.3999,6056.1001,6026.1001,6044.1001
2006-04-19,6055.7002,6100.6001,6055.7002,6089.7998
2006-04-20,6088.1001,6113.3999,6074.2002,6081.3999
2006-04-21,6077.8999,6137.1001,6077.8999,6132.7002
2006-04-24,6132.7002,6136.5,6098.7002,6098.7002
2006-04-25,6098.7002,6128.7998,6084.6001,6086.6001
2006-04-26,6091.7002,6126.5,6091.7002,6104.2998
2006-04-27,6104.2998,6104.6001,6026.2002,6060
2006-04-28,6056.2998,6057.7002,6023.1001,6023.1001
2006-05-02,6023,6090.7002,6022.2998,6082.1001
2006-05-03,6085.8999,6100,6008.7002,6010
2006-05-04,6010,6045.7998,6001.1001,6036.8999
2006-05-05,6034.2002,6093.1001,6033.8999,6091.7002
2006-05-08,6104.7998,6133.5,6058.7998,6067.1001
2006-05-09,6067.1001,6109.7002,6054.6001,6105.6001
2006-05-10,6102.7998,6110,6079.6001,6083.3999
2006-05-11,6084.5,6114.5,6039.8999,6042
2006-05-12,6041.1001,6041.1001,5912.1001,5912.1001
2006-05-15,5898.7002,5898.7002,5755.3999,5841.2998
2006-05-16,5841,5883.2002,5807.1001,5846.2002
2006-05-17,5844.8999,5871.6001,5675.5,5675.5
2006-05-18,5687.7002,5719.7002,5618.7002,5671.6001
2006-05-19,5671.6001,5715,5645.3999,5657.3999
2006-05-22,5657.3999,5657.3999,5510.5,5532.7002
2006-05-23,5532.7002,5705.8999,5532.7002,5678.7002
2006-05-24,5678.7002,5678.7002,5563.5,5587.1001
2006-05-25,5591.1001,5677.7002,5562,5677.7002
2006-05-26,5677.7002,5791,5677.7002,5791
2006-05-30,5790.7998,5793.6001,5643.2998,5652
2006-05-31,5631.7998,5743.7998,5591.5,5723.7998
2006-06-01,5722.3999,5754.7998,5680.6001,5749.7002
2006-06-02,5757.1001,5802.8999,5745.7002,5764.6001
2006-06-05,5774.5,5789.7998,5738.8999,5762.1001
2006-06-06,5759.2002,5759.2002,5656.6001,5669.7998
2006-06-07,5671.6001,5720.6001,5638.5,5706.2998
2006-06-08,5674.2002,5674.2002,5562.8999,5562.8999
2006-06-09,5570.8999,5673.6001,5570.8999,5655.2002
2006-06-12,5654.2002,5666.2998,5612.2998,5620.8999
2006-06-13,5610.7998,5610.7998,5467.3999,5519.6001
2006-06-14,5518.2002,5544.3999,5475.6001,5506.7998
2006-06-15,5506.7998,5636.7998,5506.7998,5619.2998
2006-06-16,5619.2998,5701.5,5594.2998,5597.3999
2006-06-19,5615.2002,5665.7002,5615.2002,5626.1001
2006-06-20,5616.2002,5658.2002,5585,5658.2002
2006-06-21,5659.1001,5673.5,5610.7998,5665
2006-06-22,5670.1001,5736.7998,5657.2002,5684.1001
2006-06-23,5683.7002,5716.7002,5667.7998,5692.1001
2006-06-26,5692.3999,5716.5,5677.5,5681.2002
2006-06-27,5698.7002,5729.7998,5650,5652.2998
2006-06-28,5648.2002,5702.8999,5633.7998,5678.6001
2006-06-29,5682.2998,5791.7002,5682.2998,5791.5
2006-06-30,5817,5865.7002,5817,5833.3999
2006-07-03,5833.3999,5884.3999,5833.3999,5884.3999
2006-07-04,5884.5,5884.5,5848.2998,5883.5
2006-07-05,5883.5,5883.5,5815.7002,5826.7002
2006-07-06,5830.1001,5897.1001,5830.1001,5890
2006-07-07,5888.1001,5908.5,5858.3999,5888.8999
2006-07-10,5891.7998,5901,5856.5,5896.8999
2006-07-11,5896.8999,5896.8999,5844,5857.2998
2006-07-12,5861.7002,5899.2998,5842.7002,5860.6001
2006-07-13,5860.6001,5860.6001,5751.8999,5765
2006-07-14,5757.8999,5763.3999,5707.6001,5707.6001
2006-07-17,5708.1001,5721.1001,5654.6001,5701
2006-07-18,5700,5712.6001,5658.2998,5681.7002
2006-07-19,5683.7998,5785.2998,5680.7998,5778
2006-07-20,5790.8999,5819.7002,5756.3999,5770.8999
2006-07-21,5764.3999,5764.3999,5700.7002,5719.7002
2006-07-24,5719.7002,5835.2002,5719.7002,5833.8999
2006-07-25,5833.8999,5872.7998,5825.7998,5851.2002
2006-07-26,5851.7002,5878.7002,5851.7002,5877.1001
2006-07-27,5907.2002,5936.7998,5899.2998,5929.5
2006-07-28,5924.8999,5982.5,5904.7002,5974.8999
2006-07-31,5974.8999,5977.2002,5928.2998,5928.2998
2006-08-01,5928.7998,5949.7998,5867.3999,5880.7998
2006-08-02,5880.7998,5932.1001,5880.7998,5932.1001
2006-08-03,5928.6001,5940.7002,5827.1001,5838.3999
2006-08-04,5838.3999,5893.2998,5836.5,5889.3999
2006-08-07,5889.3999,5889.3999,5820.8999,5828.7998
2006-08-08,5832.1001,5866.6001,5818.1001,5818.1001
2006-08-09,5817,5865.8999,5778.2002,5860.5
2006-08-10,5856.7002,5856.7002,5752.6001,5823.3999
2006-08-11,5823.3999,5848.2002,5797,5820.1001
2006-08-14,5824.8999,5870.8999,5824.8999,5870.8999
2006-08-15,5866.3999,5903.2002,5845,5897.8999
2006-08-16,5897.8999,5902.7998,5848.7002,5896.6001
2006-08-17,5896.7998,5915,5888.7998,5900.3999
2006-08-18,5900.3999,5932.5,5900.2002,5903.3999
2006-08-21,5909.2002,5936.6001,5883.7998,5915.2002
2006-08-22,5915.3999,5939.2002,5878.3999,5902.6001
2006-08-23,5902.6001,5906.2998,5853.7998,5860
2006-08-24,5865.3999,5892.2998,5832.5,5869.1001
2006-08-25,5869,5893.6001,5858.6001,5878.6001
2006-08-29,5895.1001,5921.2998,5884.7002,5888.2998
2006-08-30,5888.2002,5945.2998,5888.2002,5929.2998
2006-08-31,5929.2998,5937,5895,5906.1001
2006-09-01,5908.3999,5967.7002,5908.3999,5949.1001
2006-09-04,5949.7002,5986.6001,5947.7002,5986.6001
2006-09-05,5986.3999,5991.2002,5956.2998,5981.7002
2006-09-06,5972.2002,5975.6001,5926.2002,5929.2998
2006-09-07,5927.2002,5927.2002,5853.2998,5858.1001
2006-09-08,5866.1001,5899,5866.1001,5879.2998
2006-09-11,5865.5,5865.5,5820,5850.7998
2006-09-12,5851.6001,5896.8999,5824.2002,5895.5
2006-09-13,5898.5,5913.3999,5874.5,5892.2002
2006-09-14,5892.2002,5943.7002,5869,5877.2002
2006-09-15,5877.2002,5899.2002,5864.7998,5877
2006-09-18,5877,5911.8999,5870.3999,5890.2002
2006-09-19,5892.2002,5897.3999,5831.7998,5831.7998
2006-09-20,5832.7002,5880.7998,5820.8999,5866.2002
2006-09-21,5869.3999,5898.1001,5848.5,5896.7002
2006-09-22,5883.7998,5883.7998,5820.3999,5822.2998
2006-09-25,5829.8999,5847,5774.5,5798.2998
2006-09-26,5813.2002,5879.2002,5813.2002,5873.6001
2006-09-27,5872.7998,5942.2002,5872.7998,5930.1001
2006-09-28,5933.8999,5978.7998,5933.1001,5971.2998
2006-09-29,5977,6002.8999,5950.1001,5960.7998
2006-10-02,5966.2998,5985.5,5950.8999,5957.7998
2006-10-03,5955.6001,5955.6001,5897.2998,5937.1001
2006-10-04,5937.7002,5969.1001,5921.5,5966.5
2006-10-05,5988.3999,6016.7002,5982.7998,6004.5
2006-10-06,6004.5,6014.2998,5978.1001,6001.2002
2006-10-09,5997.7998,6044.5,5994.7998,6030.8999
2006-10-10,6037.7002,6076.2998,6030.2002,6072.7002
2006-10-11,6072.6001,6081.8999,6044.7002,6073.5
2006-10-12,6073.5,6121.7002,6069,6121.2998
2006-10-13,6121.5,6170.5,6105.2998,6157.2998
2006-10-16,6158.1001,6184.2998,6149.2998,6172.3999
2006-10-17,6172.3999,6174.7002,6105.7998,6108.6001
2006-10-18,6108.6001,6166.7998,6108.6001,6150.3999
2006-10-19,6148.8999,6183.5,6113.1001,6156
2006-10-20,6156,6199.7998,6134.2998,6155.2002
2006-10-23,6155.2002,6181.1001,6129.1001,6166.1001
2006-10-24,6166.3999,6186.8999,6161.2998,6182.5
2006-10-25,6187,6216.1001,6178.7998,6214.6001
2006-10-26,6216.7002,6244.6001,6179.7002,6184.7998
2006-10-27,6193.2998,6206,6132.7002,6160.8999
2006-10-30,6160.7998,6160.7998,6112.8999,6126.7998
2006-10-31,6126.6001,6149.8999,6110.8999,6129.2002
2006-11-01,6132.2998,6180.7002,6131.8999,6149.6001
2006-11-02,6147.1001,6172,6112.8999,6149.2998
2006-11-03,6149.2998,6177.2998,6134,6148.1001
2006-11-06,6146.5,6224.5,6146.5,6224.5
2006-11-07,6223.3999,6244.5,6219.7002,6244
2006-11-08,6232.2998,6243.1001,6205.7002,6239
2006-11-09,6240.5,6250.3999,6205.1001,6231.5
2006-11-10,6222.5,6233.1001,6198.6001,6208.3999
2006-11-13,6208.3999,6239.7998,6171.8999,6194.2002
2006-11-14,6194.8999,6223.8999,6167.2998,6186.6001
2006-11-15,6186.8999,6229.7998,6186.8999,6229.7998
2006-11-16,6227.8999,6256.7998,6212.1001,6254.8999
2006-11-17,6249.1001,6249.1001,6178.8999,6192
2006-11-20,6192,6218.8999,6148.2998,6204.5
2006-11-21,6205.7002,6228.3999,6199.7002,6202.6001
2006-11-22,6210.2002,6233.1001,6146.2998,6160.2998
2006-11-23,6164,6181.7002,6115.1001,6140
2006-11-24,6135,6136.7998,6068.1001,6122.1001
2006-11-27,6121.1001,6129.5,6050.1001,6050.1001
2006-11-28,6040.6001,6062.7998,6011.7998,6025.8999
2006-11-29,6059.2002,6098.6001,6046.7002,6084.3999
2006-11-30,6090.1001,6108.8999,6043.8999,6048.7998
2006-12-01,6052.1001,6087.3999,5985.2002,6021.5
2006-12-04,6035.1001,6058.1001,6019.3999,6050.3999
2006-12-05,6052.2002,6097.3999,6047.1001,6086.3999
2006-12-06,6085.7998,6105.7002,6068.1001,6090.2998
2006-12-07,6087.7002,6145.2998,6082.7998,6131.5
2006-12-08,6121.6001,6157.1001,6106.6001,6152.3999
2006-12-11,6161.8999,6187,6147.1001,6159.7998
2006-12-12,6153.2002,6164.7998,6137.7998,6156.3999
2006-12-13,6151.6001,6196.6001,6149.3999,6192.5
2006-12-14,6202.7998,6230.6001,6200.3999,6228
2006-12-15,6232.7002,6271.3999,6229.2998,6260
2006-12-18,6260,6269.1001,6240.1001,6247.3999
2006-12-19,6238.7002,6238.7002,6192,6203.8999
2006-12-20,6224.7002,6240.1001,6197.8999,6198.6001
2006-12-21,6198.6001,6203.5,6171.2002,6183.7002
2006-12-22,6183.7002,6191.1001,6175.5,6190
2006-12-27,6198,6248.1001,6198,6245.2002
2006-12-28,6248.7002,6258.7002,6232.2998,6240.8999
2006-12-29,6241.7002,6245.2002,6207.6001,6220.7998
2007-01-02,6228.5,6312.5,6228.5,6310.8999
2007-01-03,6310.8999,6322,6296,6319
2007-01-04,6319,6319,6261,6287
2007-01-05,6284.7002,6284.7002,6220.1001,6220.1001
2007-01-08,6224,6246,6187,6194.2002
2007-01-09,6194.2002,6218.5,6190.3999,6196.1001
2007-01-10,6190.2002,6190.2002,6142,6161
2007-01-11,6162.3999,6233.1001,6130.2002,6230.1001
2007-01-12,6227.3999,6247.6001,6204.2998,6239
2007-01-15,6241.6001,6279.7002,6241.6001,6263.5
2007-01-16,6262.7002,6266.3999,6206.3999,6215.7002
2007-01-17,6214.6001,6227,6163.5,6204.5
2007-01-18,6204.5,6257.2002,6204.5,6210.2998
2007-01-19,6210.2998,6243.2998,6178,6237.2002
2007-01-22,6237.3999,6270.8999,6215.7998,6218.3999
2007-01-23,6221.2002,6240.7002,6189.2002,6227.6001
2007-01-24,6233.1001,6320.8999,6233.1001,6314.7998
2007-01-25,6319.2998,6335.1001,6262.1001,6269.2998
2007-01-26,6269.2998,6271.3999,6226.3999,6228
2007-01-29,6228.3999,6253.7002,6216,6239.8999
2007-01-30,6237.7998,6250.1001,6212.5,6242
2007-01-31,6242.6001,6257.2998,6197.5,6203.1001
2007-02-01,6206,6300.2998,6206,6282.2002
2007-02-02,6282.7998,6329,6282.7998,6310.8999
2007-02-05,6306.3999,6328.8999,6294.7002,6317.8999
2007-02-06,6319.3999,6369.7002,6319.3999,6346.2998
2007-02-07,6346.2998,6379.7998,6338.2002,6369.5
2007-02-08,6372.2002,6375,6330.1001,6346.3999
2007-02-09,6346.3999,6395.3999,6346.3999,6382.7998
2007-02-12,6383.1001,6383.1001,6344.7002,6353.5
2007-02-13,6353.5,6381.7998,6353.5,6381.7998
2007-02-14,6384.7002,6421.2002,6378.6001,6421.2002
2007-02-15,6421.2002,6435.2998,6397.2002,6433.2998
2007-02-16,6430.3999,6439.2002,6407.2998,6419.5
2007-02-19,6419.5,6451.3999,6419.5,6444.3999
2007-02-20,6445.2002,6448.1001,6392.3999,6412.2998
2007-02-21,6419.3999,6430.3999,6352.1001,6357.1001
2007-02-22,6371.6001,6416,6371.6001,6380.8999
2007-02-23,6387.2002,6401.5,6357.1001,6401.5
2007-02-26,6405.3999,6446.7998,6405.3999,6434.7002
2007-02-27,6431.1001,6431.1001,6270.5,6286.1001
2007-02-28,6252.6001,6252.6001,6166.2002,6171.5
2007-03-01,6171.5,6230.7002,6038.8999,6116
2007-03-02,6123.6001,6164.3999,6085.6001,6116.2002
2007-03-05,6099.2002,6099.2002,5989.6001,6058.7002
2007-03-06,6071.7998,6138.5,6070.2002,6138.5
2007-03-07,6129.7002,6167.6001,6106.1001,6156.5
2007-03-08,6159.6001,6233.1001,6159.6001,6227.7002
2007-03-09,6227.7002,6255.7998,6190.2998,6245.2002
2007-03-12,6249.7998,6276.2998,6219.2998,6233.2998
2007-03-13,6232.6001,6240.7002,6161.2002,6161.2002
2007-03-14,6153.7002,6153.7002,6000.7002,6000.7002
2007-03-15,6002.1001,6133.2002,6002.1001,6133.2002
2007-03-16,6127.7998,6142.2002,6094.7002,6130.6001
2007-03-19,6150.3999,6200.6001,6141.6001,6189.3999
2007-03-20,6189.3999,6220.2998,6159.3999,6220.2998
2007-03-21,6211.7002,6287.5,6207.7002,6256.7998
2007-03-22,6265.7002,6342.1001,6265.7002,6318
2007-03-23,6317,6350.3999,6296.6001,6339.3999
2007-03-26,6340.1001,6355.2998,6274.1001,6291.8999
2007-03-27,6292.3999,6337.7002,6276.7998,6292.6001
2007-03-28,6284.2998,6304.8999,6250.1001,6267.2002
2007-03-29,6267.2002,6334.7002,6267.2002,6324.2002
2007-03-30,6324.2002,6330,6291.1001,6308
2007-04-02,6308,6342.2002,6293.8999,6315.5
2007-04-03,6318.7998,6366.1001,6318.7998,6366.1001
2007-04-04,6375.8999,6380.5,6345.8999,6364.7002
2007-04-05,6366.1001,6398.7002,6350.2998,6397.2998
2007-04-10,6409.3999,6431.7002,6394.2998,6417.7998
2007-04-11,6419,6445.8999,6401.8999,6413.2998
2007-04-12,6413.2998,6419.6001,6376.3999,6416.3999
2007-04-13,6416.7002,6462.3999,6416.7002,6462.3999
2007-04-16,6466.6001,6516.2002,6466.6001,6516.2002
2007-04-17,6513.7998,6513.7998,6456.3999,6497.7998
2007-04-18,6494.2002,6494.5,6440.7998,6449.3999
2007-04-19,6444.7002,6451.7998,6386.2002,6440.6001
2007-04-20,6453.3999,6508.8999,6453.3999,6486.7998
2007-04-23,6486.7998,6504.5,6466.1001,6479.7002
2007-04-24,6484,6493.1001,6408.3999,6429.5
2007-04-25,6431.6001,6479,6431.6001,6461.8999
2007-04-26,6468.1001,6511.1001,6443.7002,6469.3999
2007-04-27,6468.8999,6468.8999,6410.6001,6418.7002
2007-04-30,6417,6474.7002,6410.5,6449.2002
2007-05-01,6449.2002,6449.2002,6395.5,6419.6001
2007-05-02,6422.1001,6489,6422.1001,6484.5
2007-05-03,6484.7002,6542.5,6484.7002,6537.7998
2007-05-04,6541.1001,6614.7002,6541.1001,6603.7002
2007-05-08,6603.7002,6603.7002,6537.5,6550.3999
2007-05-09,6550.7998,6592.3999,6529,6549.6001
2007-05-10,6549.6001,6565.1001,6515,6524.1001
2007-05-11,6524.1001,6577,6451.8999,6565.7002
2007-05-14,6567.7998,6596.2998,6530.2998,6555.5
2007-05-15,6555.5,6579,6532.8999,6568.6001
2007-05-16,6567,6578.6001,6539.3999,6559.5
2007-05-17,6561,6588.7002,6553.6001,6579.2998
2007-05-18,6579.1001,6656.2998,6579.1001,6640.8999
2007-05-21,6649.3999,6675,6619.3999,6636.7998
2007-05-22,6636.7998,6641.8999,6594.6001,6606.6001
2007-05-23,6604.7998,6643.7998,6602.5,6616.3999
2007-05-24,6603.3999,6619.5,6560.5,6565.3999
2007-05-25,6560.5,6575.2002,6532.5,6570.5
2007-05-29,6570.7998,6613.3999,6570.7998,6606.5
2007-05-30,6584.2002,6605.2998,6533.5,6602.1001
2007-05-31,6609.7998,6650.2002,6608.2002,6621.3999
2007-06-01,6622.2998,6676.7002,6621.2998,6676.7002
2007-06-04,6676.1001,6686.1001,6641.2002,6664.1001
2007-06-05,6665.2002,6686.6001,6625.7002,6632.7998
2007-06-06,6633.2002,6636.8999,6511.7002,6522.7002
2007-06-07,6559.2002,6574.8999,6478,6505.1001
2007-06-08,6497.5,6519.3999,6451.3999,6505.1001
2007-06-11,6505.1001,6567.5,6505.1001,6567.5
2007-06-12,6560.7002,6586.6001,6513.7002,6520.3999
2007-06-13,6517.6001,6567.2998,6483.6001,6559.6001
2007-06-14,6559.6001,6654.2998,6559.6001,6649.8999
2007-06-15,6652.2002,6734.2002,6652.2002,6732.3999
2007-06-18,6746.2998,6751.2998,6696.7998,6703.5
2007-06-19,6706.5,6721.3999,6650.2002,6650.2002
2007-06-20,6664.5,6692.6001,6647.6001,6649.2998
2007-06-21,6641.7998,6641.7998,6563.8999,6596
2007-06-22,6602.5,6612.2998,6562.2002,6567.3999
2007-06-25,6551.3999,6591.3999,6522.2998,6588.3999
2007-06-26,6575.8999,6593.5,6539.8999,6559.2998
2007-06-27,6535.5,6538.7998,6496.3999,6527.6001
2007-06-28,6554.7002,6575.5,6554.3999,6571.2998
2007-06-29,6576.2002,6607.8999,6519.6001,6607.8999
2007-07-02,6592.2998,6612.7998,6570.5,6590.6001
2007-07-03,6610.8999,6645.2998,6610.8999,6639.7998
2007-07-04,6640.3999,6682.8999,6640.3999,6673.1001
2007-07-05,6680.6001,6691.7998,6625.7998,6635.2002
2007-07-06,6642.5,6690.3999,6642.2998,6690.1001
2007-07-09,6699.5,6725.8999,6699.1001,6712.7002
2007-07-10,6720.2002,6734.2998,6620.5,6630.8999
2007-07-11,6610.8999,6629.6001,6574.2002,6615.1001
2007-07-12,6626,6697.7002,6594.7002,6697.7002
2007-07-13,6724.2998,6754.1001,6706.1001,6716.7002
2007-07-16,6722.2998,6735.7998,6679.2002,6697.7002
2007-07-17,6698.5,6698.5,6628.1001,6659.1001
2007-07-18,6640.7002,6640.7002,6567.1001,6567.1001
2007-07-19,6590.2002,6658.7998,6590.2002,6640.2002
2007-07-20,6641.6001,6674.2998,6580,6585.2002
2007-07-23,6584.1001,6624.3999,6583.5,6624.3999
2007-07-24,6617.7002,6617.7002,6498.7002,6498.7002
2007-07-25,6482,6533.6001,6436.7002,6454.2998
2007-07-26,6463.3999,6474.7002,6251.2002,6251.2002
2007-07-27,6233.6001,6315.2002,6192.2998,6215.2002
2007-07-30,6223.1001,6256.5,6186.2002,6206.1001
2007-07-31,6236.7002,6361.1001,6236.7002,6360.1001
2007-08-01,6291.7002,6311.3999,6187.2002,6250.6001
2007-08-02,6271.2002,6319.2998,6270.3999,6300.2998
2007-08-03,6312.2998,6333.5,6212.2002,6224.2998
2007-08-06,6196.6001,6245.8999,6161.5,6189.1001
2007-08-07,6219.2998,6308.7998,6219.2998,6308.7998
2007-08-08,6335.2002,6406.2998,6318.6001,6393.8999
2007-08-09,6383.5,6383.5,6228,6271.2002
2007-08-10,6234.7002,6234.7002,6038.2998,6038.2998
2007-08-13,6072.6001,6237.7998,6072.6001,6219
2007-08-14,6204,6264.8999,6132.2002,6143.5
2007-08-15,6108.5,6124,6041.7002,6109.2998
2007-08-16,6049.6001,6049.6001,5858.8999,5858.8999
2007-08-17,5866.2998,6134,5821.7002,6064.2002
2007-08-20,6067.3999,6163.3999,6067.3999,6078.7002
2007-08-21,6096.6001,6118.8999,6031.7998,6086.1001
2007-08-22,6093,6196.6001,6093,6196
2007-08-23,6226.7998,6287.2002,6194.3999,6196.8999
2007-08-24,6190.3999,6232.2002,6182.3999,6220.1001
2007-08-28,6219.5,6219.5,6083.8999,6102.2002
2007-08-29,6092.1001,6137.8999,6056.5,6132.2002
2007-08-30,6161.7998,6220.7998,6122.5,6212
2007-08-31,6238,6309.5,6217.5,6303.2998
2007-09-03,6311.1001,6334.3999,6303.2002,6315.2002
2007-09-04,6312.2998,6378,6274.8999,6376.7998
2007-09-05,6373.1001,6390.5,6264.5,6270.7002
2007-09-06,6293.3999,6327.2998,6217.5,6313.2998
2007-09-07,6306.3999,6342.7002,6179.1001,6191.2002
2007-09-10,6200,6232.1001,6123.1001,6134.1001
2007-09-11,6158.2998,6280.7002,6158.2998,6280.7002
2007-09-12,6266.2002,6317.1001,6232,6306.2002
2007-09-13,6302.7998,6374.5,6280.2002,6363.8999
2007-09-14,6331.3999,6331.3999,6209.1001,6289.2998
2007-09-17,6280.6001,6280.6001,6168,6182.7998
2007-09-18,6179.3999,6298.5,6158.7998,6283.2998
2007-09-19,6351.7002,6512.3999,6351.7002,6460
2007-09-20,6452.8999,6452.8999,6395.1001,6429
2007-09-21,6421.7998,6481.6001,6409.8999,6456.7002
2007-09-24,6452.5,6494.2002,6437.2998,6465.8999
2007-09-25,6456.2998,6456.2998,6367,6396.8999
2007-09-26,6415.7002,6484.3999,6415.7002,6433
2007-09-27,6453.7998,6508,6453.7998,6486.3999
2007-09-28,6485.8999,6500.3999,6411.7998,6466.7998
2007-10-01,6449.3999,6514.5,6419.2002,6506.2002
2007-10-02,6506.2002,6567,6489.6001,6500.3999
2007-10-03,6513.2998,6542.7998,6495,6535.2002
2007-10-04,6526,6593.2998,6507.2002,6547.8999
2007-10-05,6560.6001,6605.1001,6554,6595.7998
2007-10-08,6605.6001,6605.6001,6540.8999,6540.8999
2007-10-09,6540.2002,6625.2998,6527.5,6615.3999
2007-10-10,6618.5,6633,6587.7002,6633
2007-10-11,6638.5,6730.1001,6638.5,6724.5
2007-10-12,6704.5,6730.7002,6660,6730.7002
2007-10-15,6731.7002,6751.7002,6632.1001,6644.5
2007-10-16,6638.5,6638.5,6596.2998,6614.2998
2007-10-17,6608.7002,6690.5,6594.8999,6677.7002
2007-10-18,6684.5,6722,6584.8999,6609.3999
2007-10-19,6598.2998,6615.7998,6523.6001,6527.8999
2007-10-22,6480.7998,6493,6413.3999,6459.2998
2007-10-23,6495.5,6562.7002,6495.5,6514
2007-10-24,6516,6550.8999,6460.8999,6482
2007-10-25,6509.2002,6587.6001,6509.2002,6576.2998
2007-10-26,6585.2002,6684.1001,6567.1001,6661.2998
2007-10-29,6706.6001,6726.8999,6671.6001,6706
2007-10-30,6691.6001,6693.2002,6653.7998,6659
2007-10-31,6657.7998,6721.6001,6636.8999,6721.6001
2007-11-01,6716.7998,6723.7002,6549.7002,6586.1001
2007-11-02,6563,6563,6483.3999,6530.6001
2007-11-05,6509.8999,6509.8999,6420.3999,6461.3999
2007-11-06,6479.2998,6512.1001,6456.3999,6474.8999
2007-11-07,6492.3999,6519.2002,6381.2998,6385.1001
2007-11-08,6345.2002,6432.2998,6290.2998,6381.8999
2007-11-09,6394.5,6442.8999,6268.8999,6304.8999
2007-11-12,6290.2998,6365.2002,6268.6001,6337.8999
2007-11-13,6331.6001,6387.3999,6279.7002,6362.3999
2007-11-14,6401.8999,6460.7998,6381.3999,6432.1001
2007-11-15,6422.7998,6465.3999,6335.5,6359.6001
2007-11-16,6335.2998,6354.8999,6283.8999,6291.2002
2007-11-19,6299.5,6331.7002,6120.7998,6120.7998
2007-11-20,6148.2002,6227.7002,6078.7002,6226.5
2007-11-21,6182.7998,6182.7998,6041.7998,6070.8999
2007-11-22,6090.5,6155.2998,6026.8999,6155.2998
2007-11-23,6157.7002,6262.1001,6153.6001,6262.1001
2007-11-26,6279.1001,6307.7998,6180.5,6180.5
2007-11-27,6168.3999,6197.1001,6061.7998,6140.7002
2007-11-28,6153.7002,6307.3999,6109.6001,6306.2002
2007-11-29,6331.3999,6363.5,6273.3999,6349.1001
2007-11-30,6355.5,6455.7998,6334,6432.5
2007-12-03,6426.2002,6456.1001,6379.8999,6386.6001
2007-12-04,6383.5,6398.2002,6289.2998,6315.2002
2007-12-05,6339.2998,6493.7998,6339.2998,6493.7998
2007-12-06,6496.7002,6591.7998,6437.7998,6485.6001
2007-12-07,6506.5,6577.7998,6506.5,6554.8999
2007-12-10,6536.3999,6596.7002,6523.7002,6565.3999
2007-12-11,6579.2002,6597.5,6513.3999,6536.8999
2007-12-12,6499.7998,6610.8999,6429.5,6559.7998
2007-12-13,6512.1001,6512.1001,6364.2002,6364.2002
2007-12-14,6389,6426.2002,6336.7002,6397
2007-12-17,6368.1001,6368.1001,6264.2998,6277.7998
2007-12-18,6270.1001,6344.2998,6254.5,6279.2998
2007-12-19,6287.2998,6319.1001,6251.7998,6284.5
2007-12-20,6290.7998,6367.7002,6290.7998,6345.6001
2007-12-21,6389.2998,6451.7998,6389.2998,6434.1001
2007-12-24,6431.2002,6485.6001,6431.2002,6479.2998
2007-12-27,6479.2998,6504.7002,6468.7002,6497.7998
2007-12-28,6476.1001,6494,6436.7998,6476.8999
2007-12-31,6474.5,6480.2002,6432.7998,6456.8999
2008-01-02,6450.8999,6512.2998,6402.6001,6416.7002
2008-01-03,6415.5,6487.7998,6394.6001,6479.3999
2008-01-04,6486.6001,6534.7002,6333.2002,6348.5
2008-01-07,6343.1001,6376.5,6275.2002,6335.7002
2008-01-08,6353.7998,6399.6001,6348.2998,6356.5
2008-01-09,6336.7002,6336.7002,6241.7998,6272.7002
2008-01-10,6289.5,6314.5,6213,6222.7002
2008-01-11,6226,6251.7998,6147,6202
2008-01-14,6183.5,6247.2998,6173,6215.7002
2008-01-15,6206,6206,6025.6001,6025.6001
2008-01-16,6009.7998,6031.5,5908.5,5942.8999
2008-01-17,5970.1001,6028.3999,5895.3999,5902.3999
2008-01-18,5899.7002,6030.8999,5856.7998,5901.7002
2008-01-21,5866.7002,5866.7002,5571,5578.2002
2008-01-22,5534.2998,5764,5338.7002,5740.1001
2008-01-23,5797.1001,5844.8999,5518.2998,5609.2998
2008-01-24,5670,5882.2998,5670,5875.7998
2008-01-25,5913.7002,5973.2998,5848.5,5869
2008-01-28,5829.2998,5830.2998,5705.1001,5788.8999
2008-01-29,5810.2998,5885.2002,5804.7002,5885.2002
2008-01-30,5862.6001,5869.2002,5818.6001,5837.2998
2008-01-31,5835.3999,5899.5,5689.3999,5879.7998
2008-02-01,5902,6044.8999,5902,6029.2002
2008-02-04,6043.8999,6071.2998,6000.2002,6026.2002
2008-02-05,6015.7998,6024.2002,5852.7998,5868
2008-02-06,5847.1001,5892.6001,5816.3999,5875.3999
2008-02-07,5872.5,5872.5,5708.7998,5724.1001
2008-02-08,5745.6001,5805.2998,5703.1001,5784
2008-02-11,5758.2002,5789.6001,5681.5,5707.7002
2008-02-12,5733.2998,5910,5710,5910
2008-02-13,5874.6001,5915,5814.7998,5880.1001
2008-02-14,5902.1001,5938.5,5859.3999,5879.2998
2008-02-15,5882.1001,5915,5763.5,5787.6001
2008-02-18,5813.7002,5951.8999,5813.7002,5946.6001
2008-02-19,5932.6001,6033.7002,5884.7998,5966.8999
2008-02-20,5923.2998,5931.8999,5847.3999,5893.6001
2008-02-21,5920.8999,6004.3999,5912.2998,5932.2002
2008-02-22,5917.6001,5970.8999,5863.7998,5888.5
2008-02-25,5920,6011.7002,5920,5999.5
2008-02-26,6012.7002,6092.5,5991.6001,6087.3999
2008-02-27,6087.7998,6104.5,5989,6076.5
2008-02-28,6058.1001,6090.7998,5960.2998,5965.7002
2008-02-29,5956.3999,5986.2002,5859.2998,5884.2998
2008-03-03,5851.6001,5863,5770.1001,5818.6001
2008-03-04,5818.2002,5872.8999,5719.7998,5767.7002
2008-03-05,5770.8999,5860.5,5763.8999,5853.5
2008-03-06,5858,5871.1001,5753.1001,5766.3999
2008-03-07,5736,5756.3999,5655.7002,5699.8999
2008-03-10,5696.1001,5718.7998,5616.6001,5629.1001
2008-03-11,5648.8999,5783.3999,5644.1001,5690.3999
2008-03-12,5734.5,5812.7002,5734.5,5776.3999
2008-03-13,5721.2998,5721.2998,5628.8999,5692.3999
2008-03-14,5695.1001,5782,5595.7998,5631.7002
2008-03-17,5579.7002,5579.7002,5414.3999,5414.3999
2008-03-18,5447.2002,5610,5447.2002,5605.7998
2008-03-19,5631,5653.6001,5524.7998,5545.6001
2008-03-20,5508.8999,5542,5461.8999,5495.2002
2008-03-25,5549.8999,5704.2998,5549.8999,5689.1001
2008-03-26,5672.3999,5682.7998,5639.1001,5660.3999
2008-03-27,5657.3999,5735,5650.8999,5717.5
2008-03-28,5723.1001,5747.2002,5673.7002,5692.8999
2008-03-31,5678.5,5715.1001,5585.6001,5702.1001
2008-04-01,5684,5865.7998,5670.3999,5852.6001
2008-04-02,5860.5,5920.1001,5827.2002,5915.8999
2008-04-03,5920.6001,5935.2002,5864,5891.2998
2008-04-04,5897.7002,5948,5888,5947.1001
2008-04-07,5969.5,6014.7998,5968.5,6014.7998
2008-04-08,5996,5996,5942.2002,5990.2002
2008-04-09,5975.1001,6015.6001,5947.2002,5983.8999
2008-04-10,5982,6003.2002,5881.8999,5965.1001
2008-04-11,5978.2998,6016.2998,5866.1001,5895.5
2008-04-14,5866.2002,5872.3999,5827,5831.6001
2008-04-15,5851.3999,5943.2998,5851.3999,5906.8999
2008-04-16,5931,6046.2002,5931,6046.2002
2008-04-17,6052.2002,6086.3999,5973.8999,5980.3999
2008-04-18,5984.7002,6062.1001,5974.2998,6056.5
2008-04-21,6067.7998,6089.5,6021.2002,6053
2008-04-22,6039.6001,6072,6007.5,6034.7002
2008-04-23,6046.1001,6083.6001,5978.7998,6083.6001
2008-04-24,6077.1001,6077.1001,5951.8999,6050.7002
2008-04-25,6064.7998,6098.7998,6045.5,6091.3999
2008-04-28,6099,6134.5,6083.5,6090.3999
2008-04-29,6092.1001,6133.5,6051.6001,6089.3999
2008-04-30,6088.2002,6120.2998,6035.7998,6087.2998
2008-05-01,6083.6001,6118.2002,6066,6087.2998
2008-05-02,6112.2002,6223.8999,6112.2002,6215.5
2008-05-06,6202.7998,6233.7002,6155.8999,6215.2002
2008-05-07,6221.3999,6275,6214.1001,6261
2008-05-08,6256.5,6273.2998,6217,6270.7998
2008-05-09,6257.7002,6257.7002,6167.6001,6204.7002
2008-05-12,6211,6251.8999,6184.7998,6220.6001
2008-05-13,6237.8999,6268.1001,6142.2998,6211.8999
2008-05-14,6237,6253.1001,6167.8999,6216
2008-05-15,6215,6258.5,6168.7998,6251.7998
2008-05-16,6259.6001,6348.6001,6259.6001,6304.2998
2008-05-19,6315,6377,6302.7998,6376.5
2008-05-20,6368.2002,6368.2002,6191.6001,6191.6001
2008-05-21,6205,6257.2998,6183.5,6198.1001
2008-05-22,6183.7002,6226.2002,6159.3999,6181.6001
2008-05-23,6178.2998,6182.8999,6087.2998,6087.2998
2008-05-27,6117.2998,6141.7002,6048.7002,6058.5
2008-05-28,6068.1001,6122.2002,6052.5,6069.6001
2008-05-29,6091,6130.5,6041.1001,6068.1001
2008-05-30,6074.1001,6111.6001,6044.7002,6053.5
2008-06-02,6059,6060.7998,5978.3999,6007.6001
2008-06-03,5997.2002,6059,5993.2998,6057.7002
2008-06-04,6024.8999,6030.2002,5933.2998,5970.1001
2008-06-05,5969.6001,6005.1001,5941,5995.2998
2008-06-06,6020.7998,6074.5,5906.5,5906.7998
2008-06-09,5902.8999,5938.5,5869.6001,5877.6001
2008-06-10,5869.7998,5873.2002,5813.3999,5827.2998
2008-06-11,5847.3999,5859.3999,5708.2998,5723.2998
2008-06-12,5725.5,5797.7998,5719.7998,5790.5
2008-06-13,5793.7002,5818.2998,5719.5,5802.7998
2008-06-16,5817.2002,5832.6001,5759.6001,5794.6001
2008-06-17,5799.7002,5930.2998,5799.7002,5861.8999
2008-06-18,5846.7998,5846.7998,5735.3999,5756.8999
2008-06-19,5752.2002,5786.3999,5707.2002,5708.3999
2008-06-20,5708.7998,5731.8999,5597,5620.7998
2008-06-23,5623.5,5679.2002,5603.2002,5667.2002
2008-06-24,5671.7002,5693.7998,5581.6001,5634.7002
2008-06-25,5644.2998,5669.6001,5636.5,5666.1001
2008-06-26,5648.3999,5648.3999,5518.2002,5518.2002
2008-06-27,5507,5555.2002,5470.8999,5529.8999
2008-06-30,5527,5625.8999,5520.2002,5625.8999
2008-07-01,5600.2002,5601.5,5466.2998,5479.8999
2008-07-02,5480.7002,5566.7998,5426.2998,5426.2998
2008-07-03,5400,5490.6001,5358.5,5476.6001
2008-07-04,5464.3999,5490.2002,5394,5412.7998
2008-07-07,5439,5516.3999,5400.1001,5512.7002
2008-07-08,5446.3999,5487.6001,5358.7002,5440.5
2008-07-09,5465.1001,5538.2002,5465.1001,5529.6001
2008-07-10,5498.1001,5498.1001,5392.6001,5406.7998
2008-07-11,5420.5,5461.7998,5261.6001,5261.6001
2008-07-14,5304,5373.2002,5293,5300.3999
2008-07-15,5279.7002,5279.7002,5119,5171.8999
2008-07-16,5178.6001,5210.1001,5071.1001,5150.6001
2008-07-17,5176.6001,5320.5,5176.6001,5286.2998
2008-07-18,5254.7998,5376.3999,5216.6001,5376.3999
2008-07-21,5375.7002,5445.7998,5334.6001,5404.2998
2008-07-22,5383.8999,5383.8999,5282.7998,5364.1001
2008-07-23,5404.3999,5467.2002,5381.8999,5449.8999
2008-07-24,5458.7002,5463.7002,5345.1001,5362.2998
2008-07-25,5336.2998,5375.2002,5291.3999,5352.6001
2008-07-28,5355.2002,5365.7998,5308.3999,5312.6001
2008-07-29,5297.7998,5354.6001,5261.3999,5319.2002
2008-07-30,5346,5435.8999,5346,5420.7002
2008-07-31,5440.7002,5456.1001,5371.2998,5411.8999
2008-08-01,5398.2998,5409.2998,5321.2998,5354.7002
2008-08-04,5351.3999,5414.7002,5310.2998,5320.2002
2008-08-05,5318.7998,5454.5,5299.7002,5454.5
2008-08-06,5470.5,5498.6001,5440.1001,5486.1001
2008-08-07,5480.6001,5539.2998,5450.8999,5477.5
2008-08-08,5456.6001,5507.2002,5410.7998,5489.2002
2008-08-11,5494.8999,5541.7998,5477.7002,5541.7998
2008-08-12,5528.7998,5569.2002,5491.2998,5534.5
2008-08-13,5517.1001,5517.7998,5437.1001,5448.6001
2008-08-14,5524.5,5525.7998,5445.6001,5497.3999
2008-08-15,5508.1001,5538.7998,5432.2002,5454.7998
2008-08-18,5449.2002,5498.7002,5425.2998,5450.2002
2008-08-19,5417.1001,5417.1001,5317.1001,5320.3999
2008-08-20,5338.6001,5384.2002,5325.7998,5371.7998
2008-08-21,5360.1001,5408,5311.3999,5370.2002
2008-08-22,5371.1001,5505.6001,5368,5505.6001
2008-08-26,5463.1001,5493,5369.2998,5470.7002
2008-08-27,5469.7998,5540.7998,5434.7002,5528.1001
2008-08-28,5522.1001,5634,5496.8999,5601.2002
2008-08-29,5615.3999,5649.1001,5587.3999,5636.6001
2008-09-01,5621.5,5621.5,5573.7998,5602.7998
2008-09-02,5599.8999,5646.5,5574.8999,5620.7002
2008-09-03,5593.7998,5593.7998,5492.1001,5499.7002
2008-09-04,5503.2002,5541.7002,5362.1001,5362.1001
2008-09-05,5349.7998,5359.2998,5227.6001,5240.7002
2008-09-08,5304.3999,5447.6001,5304.3999,5446.2998
2008-09-09,5455.2002,5524.7998,5386.8999,5415.6001
2008-09-10,5396.2998,5419.5,5327.7998,5366.2002
2008-09-11,5362.1001,5377.8999,5258.1001,5318.3999
2008-09-12,5347.2998,5416.7002,5320.7002,5416.7002
2008-09-15,5377.7998,5377.7998,5124.8999,5204.2002
2008-09-16,5149.2002,5149.2002,4961.2002,5025.6001
2008-09-17,5038,5124.3999,4903.2998,4912.3999
2008-09-18,4920.6001,5015.8999,4860.7002,4880
2008-09-19,4884.6001,5351.2002,4857.1001,5311.2998
2008-09-22,5311.3301,5339.25,5236.2598,5236.2598
2008-09-23,5232.0898,5232.0898,5076.3198,5136.1201
2008-09-24,5149.1699,5167.3599,5087.2998,5095.5698
2008-09-25,5088.8599,5211.6401,5060.7402,5197.02
2008-09-26,5166.8901,5166.8901,5057.3301,5088.4702
2008-09-29,5063.3198,5063.3198,4818.77,4818.77
2008-09-30,4784.5298,4953.3999,4671.02,4902.4502
2008-10-01,4941.4902,5012.2402,4891.46,4959.5898
2008-10-02,4963.4702,5052,4862.1099,4870.3398
2008-10-03,4866.98,5003.8999,4832.1001,4980.25
2008-10-06,4944.71,4944.71,4549.6602,4589.1899
2008-10-07,4606.7202,4745.0098,4517.4702,4605.2202
2008-10-08,4529.6401,4654.1802,4245.29,4366.6899
2008-10-09,4399.5601,4512.4502,4274.3999,4313.7998
2008-10-10,4311.0298,4311.0298,3873.99,3932.0601
2008-10-13,3943.97,4256.8999,3943.97,4256.8999
2008-10-14,4301.5298,4534.3501,4269.0801,4394.21
2008-10-15,4385.79,4385.79,4051.98,4079.5901
2008-10-16,4043.01,4063.5601,3808.1101,3861.3899
2008-10-17,3909.55,4077.5801,3861.29,4063.01
2008-10-20,4095.1699,4282.6699,4069.71,4282.6699
2008-10-21,4310.4399,4347.6899,4212.3701,4229.73
2008-10-22,4187.2598,4205.7402,4031.79,4040.8899
2008-10-23,4062.8501,4108.3599,3927.5701,4087.8301
2008-10-24,4046.8301,4046.8301,3715.24,3883.3601
2008-10-27,3808.6799,3911.6101,3665.21,3852.5901
2008-10-28,3880.6899,4034.02,3847.55,3926.3799
2008-10-29,3944.6101,4242.54,3944.6101,4242.54
2008-10-30,4271.1499,4352.4702,4200.2402,4291.6499
2008-10-31,4296.6099,4383.8999,4195.1499,4377.3398
2008-11-03,4415.3599,4443.2798,4348.29,4443.2798
2008-11-04,4440.2998,4639.5,4404.2002,4639.5
2008-11-05,4632.2998,4632.2998,4495.7002,4530.73
2008-11-06,4445.7998,4468.7202,4260.2598,4272.4102
2008-11-07,4293.6899,4408.1001,4263.7798,4364.96
2008-11-10,4418.21,4524.8701,4364.96,4403.9199
2008-11-11,4360.9102,4367.5801,4231.4902,4246.6899
2008-11-12,4278.3799,4333.3701,4134.5098,4182.02
2008-11-13,4137.5601,4198.6699,4079.6201,4169.21
2008-11-14,4206.25,4342.29,4202.9902,4232.9702
2008-11-17,4219.5698,4236.4102,4110.6802,4132.1602
2008-11-18,4133.98,4208.5498,4033.3999,4208.5498
2008-11-19,4203.71,4213.2002,3999.1299,4005.6799
2008-11-20,3955.8301,3963.3701,3812.1899,3874.99
2008-11-21,3875.0901,3946.6699,3734.0701,3780.96
2008-11-24,3817.5901,4153.0801,3817.5901,4152.96
2008-11-25,4132.3301,4268.3398,4069.3401,4171.25
2008-11-26,4140.1201,4198.7402,4050.6699,4152.6899
2008-11-27,4156.52,4241.7002,4156.52,4226.1001
2008-11-28,4232.5,4288.0098,4192.46,4288.0098
2008-12-01,4279.75,4279.75,4038.45,4065.49
2008-12-02,4019.1799,4137.1099,3973.26,4122.8599
2008-12-03,4127.4902,4190.9302,4042.3101,4169.96
2008-12-04,4167.8999,4261.0698,4090.04,4163.6099
2008-12-05,4132.7798,4143.5698,4002.21,4049.3701
2008-12-08,4081.2,4318,4081.2,4300.0601
2008-12-09,4275.8999,4412.96,4232.6201,4381.2598
2008-12-10,4365.75,4407.1299,4329.9502,4367.2798
2008-12-11,4359.25,4430.2798,4307.8301,4388.6899
2008-12-12,4335.46,4335.46,4201.8599,4280.3501
2008-12-15,4306.3198,4340.7002,4238.8701,4277.5601
2008-12-16,4281.7998,4330.1299,4246.1001,4309.0801
2008-12-17,4317.6401,4341.1201,4231.1299,4324.1899
2008-12-18,4323.5698,4352.6802,4282.6001,4330.6602
2008-12-19,4314.5098,4327.77,4200.71,4286.9302
2008-12-22,4276.6001,4305.4302,4219.8198,4249.1602
2008-12-23,4244.1699,4307.0898,4244.1699,4255.98
2008-12-24,4253.1602,4254.8599,4205.1802,4216.5898
2008-12-29,4241.54,4326.25,4241.54,4319.3501
2008-12-30,4339.9502,4406.0698,4339.9502,4392.6802
2008-12-31,4423.3398,4456.1899,4415.8301,4434.1699
2009-01-02,4446.96,4561.79,4430.02,4561.79
2009-01-05,4582.6299,4618.1099,4520.7598,4579.6401
2009-01-06,4584.8999,4675.6802,4562.0098,4638.9199
2009-01-07,4634.3198,4634.3198,4477.9902,4507.5098
2009-01-08,4493.4702,4514.71,4410.48,4505.3701
2009-01-09,4506.4502,4534.8101,4431.8799,4448.54
2009-01-12,4442.8901,4471.3398,4402.29,4426.1899
2009-01-13,4406.9902,4407.5898,4321.3398,4399.1499
2009-01-14,4407.2402,4426.4702,4115.4302,4180.6401
2009-01-15,4175.0298,4199.3901,4090.8701,4121.1099
2009-01-16,4160.8799,4251.6802,4145.27,4147.0601
2009-01-19,4184.3501,4251.9199,4032.3899,4108.4702
2009-01-20,4101.48,4184.25,4060.5701,4091.3999
2009-01-21,4081.3799,4112.8398,4001.3501,4059.8799
2009-01-22,4093.8601,4153.8799,4046.3701,4052.23
2009-01-23,4052.3101,4070.75,3956.6699,4052.47
2009-01-26,4077.4399,4225.21,4039.4099,4209.0098
2009-01-27,4202.5098,4211.0298,4130.79,4194.4102
2009-01-28,4214.6099,4317.6099,4214.6099,4295.2002
2009-01-29,4279.25,4279.25,4147.7002,4190.1099
2009-01-30,4188.5498,4228,4125.2002,4149.6401
2009-02-02,4115.0098,4115.0098,4036.9299,4077.78
2009-02-03,4088.6699,4173.2402,4043.3701,4164.46
2009-02-04,4171.1899,4262.73,4160.4302,4228.6001
2009-02-05,4196.4399,4235.2798,4133.52,4228.9302
2009-02-06,4237.9902,4330.73,4225.6201,4291.8701
2009-02-09,4282.9502,4333.9702,4244.04,4307.6099
2009-02-10,4291.4502,4309.4902,4210.46,4213.0801
2009-02-11,4205.6401,4244.5298,4182.1001,4234.2598
2009-02-12,4217.6201,4217.6201,4135.0698,4202.2402
2009-02-13,4231.5601,4291.5698,4168.0098,4189.5898
2009-02-16,4180.2998,4189.0498,4127.2598,4134.75
2009-02-17,4120.5698,4120.5698,3995.3899,4034.1299
2009-02-18,4041.52,4056.48,3938.1201,4006.8301
2009-02-19,4018.46,4045.2,3983.9099,4018.3701
2009-02-20,3992.9199,3992.9199,3877.76,3889.0601
2009-02-23,3925.1201,3959.98,3844.8999,3850.73
2009-02-24,3837.01,3852.25,3772.45,3816.4399
2009-02-25,3835.47,3884.0601,3803.9199,3848.98
2009-02-26,3848.98,3948.22,3848.98,3915.6399
2009-02-27,3891.74,3891.74,3760.7,3830.0901
2009-03-02,3806.8301,3806.8301,3625.8301,3625.8301
2009-03-03,3636.9399,3676.8601,3497.27,3512.0901
2009-03-04,3529.3701,3649.5,3529.3701,3645.8701
2009-03-05,3632.8799,3632.8799,3526.4099,3529.8601
2009-03-06,3530.22,3590.22,3492.1001,3530.73
2009-03-09,3540.8999,3564.75,3460.71,3542.3999
2009-03-10,3538.47,3726.3101,3516.3,3715.23
2009-03-11,3701.6001,3763.24,3652.01,3693.8101
2009-03-12,3685.3701,3725.6001,3616.5,3712.0601
2009-03-13,3756.73,3816.02,3737.8799,3753.6799
2009-03-16,3784.1599,3863.99,3784.1599,3863.99
2009-03-17,3850.6001,3860.8,3793.1299,3857.1001
2009-03-18,3871.27,3901.6499,3768.5,3804.99
2009-03-19,3812.02,3912.6399,3793.7,3816.9299
2009-03-20,3794.24,3854.8701,3777.73,3842.8501
2009-03-23,3881.71,3978.6001,3844.01,3952.8101
2009-03-24,3979.76,3992.4199,3878.4199,3911.46
2009-03-25,3895.6101,3939.1599,3852.96,3900.25
2009-03-26,3909.6299,3929.54,3877.79,3925.2
2009-03-27,3924.74,3950.3201,3877.55,3898.8501
2009-03-30,3876.76,3876.76,3762.9099,3762.9099
2009-03-31,3782.8999,3930.6201,3782.8999,3926.1399
2009-04-01,3922.8799,3972.6799,3838.22,3955.6101
2009-04-02,3990.01,4137.8501,3990.01,4124.9702
2009-04-03,4110.6602,4132.9302,4015.5901,4029.6699
2009-04-06,4052.8601,4097.1699,3959.6001,3993.54
2009-04-07,4003.3601,4039.52,3909.8799,3930.52
2009-04-08,3903.8101,3940.4199,3876.1101,3925.52
2009-04-09,3945.26,3986.28,3911.99,3983.71
2009-04-14,3991.46,4039.6699,3939.6101,3988.99
2009-04-15,3980.24,4023.3501,3941.6101,3968.3999
2009-04-16,3987.8501,4052.98,3963.5701,4052.98
2009-04-17,4060.47,4114.3198,4043.21,4092.8
2009-04-20,4088.3301,4112.75,3962.8701,3990.8601
2009-04-21,3993.9199,4019.1599,3897.25,3987.46
2009-04-22,3987.99,4036.03,3948.22,4030.6599
2009-04-23,4024.8301,4082.3101,3999.0601,4018.23
2009-04-24,4036.4299,4155.9902,4036.4299,4155.9902
2009-04-27,4133.2402,4179.1699,4088.6699,4167.0098
2009-04-28,4124.7402,4124.7402,4058.73,4096.3999
2009-04-29,4105.5298,4193.3198,4089.46,4189.5898
2009-04-30,4203.8599,4293.6299,4203.8599,4243.71
2009-05-01,4238.02,4251.5698,4210.75,4243.2202
2009-05-05,4271.1802,4375.3501,4271.1802,4336.9399
2009-05-06,4337.6602,4437.6099,4317.0498,4396.4902
2009-05-07,4408.75,4520.8198,4380.27,4398.6802
2009-05-08,4413.6499,4487.5,4413.6499,4462.0898
2009-05-11,4462.7002,4470.0498,4401.52,4435.5
2009-05-12,4422.75,4457.46,4397.4102,4425.54
2009-05-13,4430.5298,4447.96,4328.1699,4331.3701
2009-05-14,4326.1001,4371.2798,4295.1899,4362.5801
2009-05-15,4384.8901,4400.7202,4317.23,4348.1099
2009-05-18,4331.6201,4446.4502,4307.7202,4446.4502
2009-05-19,4467.5098,4512.7002,4445.48,4482.25
2009-05-20,4473.4902,4504.2002,4445.0898,4468.4102
2009-05-21,4439.3701,4439.3701,4325.77,4345.4702
2009-05-22,4347.2998,4393.0698,4335.0098,4365.29
2009-05-26,4353.4902,4423.6401,4294.98,4411.7202
2009-05-27,4426.7798,4439.79,4390.23,4416.23
2009-05-28,4384.9902,4408.6401,4341.0801,4387.54
2009-05-29,4415.1802,4469.4302,4415.1802,4417.9399
2009-06-01,4459.8198,4517.6001,4459.8198,4506.1899
2009-06-02,4494.8999,4494.8999,4435.9199,4477.02
2009-06-03,4477.1802,4477.1802,4359.3301,4383.4199
2009-06-04,4389.3799,4436.25,4359.6602,4386.9399
2009-06-05,4399.3501,4495.9399,4399.3501,4438.5601
2009-06-08,4436.6099,4436.6099,4370.5498,4405.2202
2009-06-09,4419.75,4445.54,4387.3398,4404.79
2009-06-10,4432.2002,4505.8901,4422.8398,4436.75
2009-06-11,4431.79,4478.4199,4409.1499,4461.8701
2009-06-12,4461.1699,4471.9502,4427.2402,4441.9502
2009-06-15,4427.1899,4427.1899,4319.79,4326.0098
2009-06-16,4329.7202,4372.8501,4321.5601,4328.5698
2009-06-17,4317.1499,4328.6899,4254.6201,4278.46
2009-06-18,4284.0898,4305.4302,4239.7402,4280.8599
2009-06-19,4291.5698,4370.2598,4279.8501,4345.9302
2009-06-22,4343.8501,4343.8501,4234.0498,4234.0498
2009-06-23,4224.3301,4264,4214.8799,4230.02
2009-06-24,4238.2598,4293,4218.3901,4279.98
2009-06-25,4276.9102,4290.3599,4213.3999,4252.5698
2009-06-26,4264.6001,4307.1602,4216.46,4241.0098
2009-06-29,4238.9302,4303.5498,4235.1899,4294.0298
2009-06-30,4301.77,4311.23,4230.6299,4249.21
2009-07-01,4255.23,4353.0298,4255.23,4340.71
2009-07-02,4332.5498,4332.5498,4230.7598,4234.27
2009-07-03,4238.2202,4264.8101,4221.1899,4236.2798
2009-07-06,4221.4199,4221.4199,4172.3301,4194.9102
2009-07-07,4202.4399,4242.0698,4184.3599,4187
2009-07-08,4184.3398,4197.5498,4130.5601,4140.23
2009-07-09,4157.02,4186.4102,4140.8901,4158.6602
2009-07-10,4146.46,4160.48,4123.4902,4127.1699
2009-07-13,4120.02,4209.25,4096.0801,4202.1299
2009-07-14,4216.7002,4256.3701,4198.7402,4237.6802
2009-07-15,4251.9102,4346.46,4251.9102,4346.46
2009-07-16,4346.4102,4385.1499,4329.4302,4361.8398
2009-07-17,4381.8999,4411.9102,4369.52,4388.75
2009-07-20,4410.8999,4464.8101,4396.75,4443.6201
2009-07-21,4444.8799,4502.1201,4437.8101,4481.1699
2009-07-22,4491.0098,4497.98,4449.1899,4493.73
2009-07-23,4501.96,4566.77,4472.0698,4559.7998
2009-07-24,4556.1401,4603.21,4536.4502,4576.6099
2009-07-27,4599.8901,4615.1201,4553.0898,4586.1299
2009-07-28,4588.48,4616.4399,4520.2598,4528.8398
2009-07-29,4527.5498,4581.7798,4512.1001,4547.5298
2009-07-30,4567.9502,4646.8599,4563.54,4631.6099
2009-07-31,4628.9302,4645.5,4599.7202,4608.3599
2009-08-03,4607.5,4710.23,4595.5801,4682.46
2009-08-04,4680.5498,4680.5498,4627.71,4671.3701
2009-08-05,4666.75,4696.6401,4630.6299,4647.1299
2009-08-06,4666.6001,4729.5801,4666.6001,4690.5298
2009-08-07,4684.5498,4743.6201,4632.1602,4731.5601
2009-08-10,4728.2002,4728.2002,4688.77,4722.2002
2009-08-11,4724.79,4744.1099,4657.7798,4671.3398
2009-08-12,4664.1299,4722.5498,4631.7002,4716.7598
2009-08-13,4727.1001,4789.98,4720.3101,4755.46
2009-08-14,4758.9502,4790.1802,4699.5,4713.9702
2009-08-17,4704.1099,4704.1099,4610.3398,4645.0098
2009-08-18,4671.2998,4688.2202,4648.2598,4685.7798
2009-08-19,4664.8701,4698.5,4625.4399,4689.6699
2009-08-20,4717.8398,4766.8501,4717.8398,4756.5801
2009-08-21,4750.52,4858.5298,4735.7798,4850.8901
2009-08-24,4873.7998,4911.4102,4868.8501,4896.23
2009-08-25,4875.8901,4923.2798,4858.9399,4916.7998
2009-08-26,4911.1699,4927.0498,4872.3501,4890.5801
2009-08-27,4882.9102,4906.2002,4855.3198,4869.3501
2009-08-28,4893.6802,4944.1602,4891.2998,4908.8999
2009-09-01,4908.0801,4921.1602,4819.7002,4819.7002
2009-09-02,4814.4902,4821.9102,4776.5,4817.5498
2009-09-03,4821.1899,4841.5098,4788.8901,4796.75
2009-09-04,4811.4502,4873.7798,4811.4502,4851.7002
2009-09-07,4866.96,4941.7002,4866.96,4933.1802
2009-09-08,4944.5601,4971.9902,4926.0498,4947.3398
2009-09-09,4936.5098,5004.2998,4928.3901,5004.2998
2009-09-10,5017.7002,5035.3398,4956.5601,4987.6802
2009-09-11,4999.9702,5038.7598,4999.9702,5011.4702
2009-09-14,4987.2202,5020.8599,4953.71,5018.8501
2009-09-15,5021.5698,5062.6899,4996.52,5042.1299
2009-09-16,5048.9102,5131.2598,5048.9102,5124.1299
2009-09-17,5138.48,5173.1299,5138.1899,5163.9502
2009-09-18,5152.6201,5183.8799,5147.1299,5172.8901
2009-09-21,5182.23,5182.23,5107.71,5134.3599
2009-09-22,5145.23,5189.8799,5142.6001,5142.6001
2009-09-23,5150.6699,5175.1001,5126.6001,5139.3701
2009-09-24,5133.4399,5165.4102,5073.3501,5079.27
2009-09-25,5094.2598,5121.8999,5079.02,5082.2002
2009-09-28,5087.7202,5170.8101,5050.7798,5165.7002
2009-09-29,5166.7202,5184.0498,5136.4902,5159.7202
2009-09-30,5162.3301,5190,5092.75,5133.8999
2009-10-01,5136.8701,5164.3701,5043.98,5047.8101
2009-10-02,5032.5698,5032.5698,4954.98,4988.7002
2009-10-05,4995.3301,5024.3301,4976.8799,5024.3301
2009-10-06,5033.3301,5149.8999,5033.3301,5137.98
2009-10-07,5133.2998,5156.21,5104.4902,5108.8999
2009-10-08,5138.9502,5172.8198,5117.1201,5154.6401
2009-10-09,5148.6299,5171.5298,5130.3701,5161.8701
2009-10-12,5178.4902,5231.1899,5175.8901,5210.1699
2009-10-13,5212.1201,5221.6499,5154.1499,5154.1499
2009-10-14,5192.9302,5261.2598,5192.9302,5256.1001
2009-10-15,5267.8999,5267.8999,5218.9199,5222.9502
2009-10-16,5243.29,5272.9199,5176.3799,5190.2402
2009-10-19,5209.1602,5281.54,5209.1602,5281.54
2009-10-20,5288.6299,5298.54,5243.3999,5243.3999
2009-10-21,5251.5801,5267.98,5174.48,5257.8501
2009-10-22,5213.7598,5220.6899,5166.46,5207.3599
2009-10-23,5225.2798,5299.5698,5225.2798,5242.5698
2009-10-26,5248.8198,5281.1201,5166.4399,5191.7402
2009-10-27,5194.9399,5230.5698,5181.9102,5200.9702
2009-10-28,5191.6699,5191.6699,5074.1099,5080.4199
2009-10-29,5075.21,5145.5801,5042.6602,5137.7202
2009-10-30,5142.75,5169.8501,5024.4302,5044.5498
2009-11-02,5033.4702,5115.7002,5022.52,5104.5
2009-11-03,5082.1802,5082.1802,4985.0898,5037.21
2009-11-04,5047.4302,5120.8198,5047.4302,5107.8901
2009-11-05,5107.1401,5154.6299,5036.9102,5125.6401
2009-11-06,5127.8999,5159.04,5077.8599,5142.7202
2009-11-09,5165.04,5240.02,5165.04,5235.1802
2009-11-10,5237.1299,5264.3198,5221.5098,5230.5498
2009-11-11,5242.0801,5301.1401,5242.0801,5266.75
2009-11-12,5267.6299,5304.9399,5254.1099,5276.5
2009-11-13,5276.75,5297.4399,5251.27,5296.3799
2009-11-16,5319.0801,5396.96,5319.0801,5382.6699
2009-11-17,5362.0698,5370.5898,5337.0098,5345.9302
2009-11-18,5348.21,5372.1001,5331.6401,5342.1299
2009-11-19,5337.6201,5343.8198,5254.1802,5267.7002
2009-11-20,5272.6499,5309.3901,5224.0098,5251.4102
2009-11-23,5275.1401,5379.48,5275.1401,5355.5
2009-11-24,5334.21,5374.8901,5309.1299,5323.96
2009-11-25,5343.4102,5372.2202,5328.6201,5364.8101
2009-11-26,5344.8398,5344.8398,5189.3799,5194.1299
2009-11-27,5152.8599,5270.9902,5103.7798,5245.73
2009-11-30,5245.6899,5270.3599,5190.6802,5190.6802
2009-12-01,5191.3901,5312.1699,5191.3901,5312.1699
2009-12-02,5312.4102,5348.4502,5283.04,5327.3901
2009-12-03,5327.4399,5372.3901,5311.8501,5313
2009-12-04,5313.6899,5373.9399,5272.75,5322.3599
2009-12-07,5322.4199,5328.7798,5250.98,5310.6602
2009-12-08,5310.1699,5323.3599,5206.3799,5223.1299
2009-12-09,5221.7798,5245.9399,5175.6602,5203.8901
2009-12-10,5203.9102,5254.52,5194.4902,5244.3701
2009-12-11,5247.8198,5311.98,5247.8198,5261.5698
2009-12-14,5261.6699,5330.96,5261.6699,5315.3398
2009-12-15,5315.4199,5328.1099,5250.7798,5285.77
2009-12-16,5285.8101,5335.3198,5283.8901,5320.2598
2009-12-17,5318.2598,5318.2598,5217.6099,5217.6099
2009-12-18,5217.3901,5287.6201,5196.8101,5196.8101
2009-12-21,5197.5801,5319.98,5197.5801,5293.9902
2009-12-22,5294.3701,5361.8999,5294.3701,5328.6602
2009-12-23,5328.7798,5386.6001,5328.7798,5372.3799
2009-12-24,5373.6201,5402.4102,5367.8398,5402.4102
2009-12-29,5405.4399,5445.1699,5403.9702,5437.6099
2009-12-30,5438.0498,5442.8198,5390.5801,5397.8599
2009-12-31,5400,5431.8999,5390.3901,5412.8799
2010-01-04,5412.7998,5500.3398,5410.8198,5500.3398
2010-01-05,5500.3901,5536.3799,5480.71,5522.5
2010-01-06,5522.6001,5536.48,5497.6499,5530.04
2010-01-07,5530.2402,5551.6602,5499.7998,5526.7202
2010-01-08,5526.1499,5549.25,5494.79,5534.2402
2010-01-11,5534.25,5600.48,5527.8901,5538.0698
2010-01-12,5536.9399,5549.6099,5459.9399,5498.71
2010-01-13,5496.79,5509.6699,5450.8501,5473.48
2010-01-14,5473.5498,5521.8999,5473.5498,5498.2002
2010-01-15,5498.21,5527.02,5450.3799,5455.3701
2010-01-18,5456.8501,5504,5454.3101,5494.3901
2010-01-19,5493.9702,5531.9302,5431.25,5513.1401
2010-01-20,5511.75,5511.75,5404.0298,5420.7998
2010-01-21,5420.8398,5468.3799,5331.5601,5335.1001
2010-01-22,5334.77,5345.6001,5253.04,5302.9902
2010-01-25,5302.7598,5330.6099,5252.9199,5260.3101
2010-01-26,5260.23,5276.8501,5215.73,5276.8501
2010-01-27,5276.77,5276.77,5192.5801,5217.4702
2010-01-28,5219.54,5280.3599,5145.7402,5145.7402
2010-01-29,5146.0298,5230.1602,5146.0298,5188.52
2010-02-01,5186.6401,5250.0698,5163.5698,5247.4102
2010-02-02,5247.3999,5289.0498,5208.21,5283.3101
2010-02-03,5284.8599,5305.4102,5237.7202,5253.1499
2010-02-04,5250.1401,5262.2202,5123.8599,5139.3101
2010-02-05,5139.1299,5139.1299,5033.7798,5060.9199
2010-02-08,5061.0098,5118.1201,5033.0098,5092.3301
2010-02-09,5092.3501,5132.9302,5084.75,5111.8398
2010-02-10,5115.4199,5181.21,5105.2998,5131.9902
2010-02-11,5132.9502,5201.8198,5114.5298,5161.48
2010-02-12,5161.4902,5207.73,5117.3799,5142.4502
2010-02-15,5142.5898,5194.29,5142.5898,5167.4702
2010-02-16,5167.5098,5248.0801,5167.5098,5244.0601
2010-02-17,5244.1401,5304.54,5244.1401,5276.6401
2010-02-18,5276.5601,5326.4199,5261.71,5325.0898
2010-02-19,5324.98,5366.1401,5281.4102,5358.1699
2010-02-22,5359.3999,5387.0298,5348.1499,5352.0698
2010-02-23,5356.0698,5395.48,5302.0298,5315.0898
2010-02-24,5314.98,5357.8701,5298.23,5342.9199
2010-02-25,5341.5601,5370.4399,5259.71,5278.2202
2010-02-26,5278.46,5367.75,5278.46,5354.52
2010-03-01,5354.75,5420.8301,5354.75,5405.9399
2010-03-02,5405.9902,5485.0098,5403.73,5484.0601
2010-03-03,5484.27,5541.8101,5465.29,5533.21
2010-03-04,5533.1299,5544.23,5501.0801,5527.1602
2010-03-05,5528.96,5605.3799,5528.96,5599.7598
2010-03-08,5599.8701,5621.1499,5579.1602,5606.7202
2010-03-09,5606.0898,5618.4302,5563.1401,5602.2998
2010-03-10,5602.2598,5645.25,5585.3501,5640.5698
2010-03-11,5640.5098,5642.8701,5594.7402,5617.2598
2010-03-12,5617.2998,5646.6802,5612.3901,5625.6499
2010-03-15,5625.73,5627.02,5588.2002,5593.8501
2010-03-16,5593.8901,5637.7002,5593.8901,5620.4302
2010-03-17,5620.4502,5657.77,5620.4502,5644.6299
2010-03-18,5644.52,5660.9902,5619.1699,5642.6201
2010-03-19,5642.6899,5691.2202,5633.5298,5650.1201
2010-03-22,5648.0098,5648.0098,5583.4902,5644.54
2010-03-23,5644.5801,5695.9399,5644.5801,5673.6299
2010-03-24,5674.3501,5698.8701,5636.0098,5677.8799
2010-03-25,5677.9502,5737.1001,5673.1401,5727.6499
2010-03-26,5727.6099,5727.6099,5695.5,5703.02
2010-03-29,5703.1001,5733.1099,5684.6201,5710.6602
2010-03-30,5710.5898,5742.75,5662.8398,5672.3198
2010-03-31,5671.7598,5698.4702,5646.29,5679.6401
2010-04-01,5679.7402,5744.8901,5679.48,5744.8901
2010-04-06,5744.73,5790.3999,5744.5898,5780.3501
2010-04-07,5780.3799,5782.25,5753.4199,5762.0601
2010-04-08,5762.04,5762.04,5684.52,5712.7002
2010-04-09,5712.8799,5773.6001,5712.8799,5770.98
2010-04-12,5770.9702,5803.71,5755.7798,5777.6499
2010-04-13,5777.6602,5778.9199,5741.9199,5761.6602
2010-04-14,5762.4399,5812.8398,5762.4399,5796.25
2010-04-15,5796.3198,5832.3398,5778.3701,5825.0098
2010-04-16,5824.77,5833.73,5726.3501,5743.96
2010-04-19,5743.8599,5748.3301,5697.2402,5727.9102
2010-04-20,5730.04,5796.6099,5730.04,5783.6899
2010-04-21,5783.46,5796.9902,5721.2798,5723.4302
2010-04-22,5723.46,5761.3599,5652.3501,5665.3301
2010-04-23,5665.98,5740.8799,5665.98,5723.6499
2010-04-26,5723.7402,5800.6602,5723.7402,5753.8501
2010-04-27,5753.79,5758.6401,5603.52,5603.52
2010-04-28,5603.4902,5639.98,5533.6001,5586.6099
2010-04-29,5586.4102,5638.8198,5579.6899,5617.8398
2010-04-30,5617.9302,5643.8701,5540.6001,5553.29
2010-05-04,5553.4702,5565.9902,5398.8599,5411.1099
2010-05-05,5411.3398,5428.77,5304.6099,5341.9302
2010-05-06,5341.6899,5371.54,5251.2798,5260.9902
2010-05-07,5260.4102,5264.48,5045.2998,5123.02
2010-05-10,5123.4102,5399.75,5123.4102,5387.4199
2010-05-11,5385.0801,5385.0801,5257.1499,5334.21
2010-05-12,5334.0601,5401.02,5284.6499,5383.4502
2010-05-13,5383.4902,5435.9902,5381.5498,5433.73
2010-05-14,5433.6201,5433.6201,5245.3799,5262.8501
2010-05-17,5262.6001,5327.46,5231.6001,5262.54
2010-05-18,5262.79,5341.4102,5262.79,5307.3398
2010-05-19,5302.4702,5302.4702,5158.0801,5158.0801
2010-05-20,5158.2598,5230.1802,5000.7598,5073.1299
2010-05-21,5073.0498,5083.96,4957.0601,5062.9302
2010-05-24,5062.8799,5109.4399,5021.6001,5069.6099
2010-05-25,5059.7798,5060.1899,4898.4902,4940.6802
2010-05-26,4940.48,5097.9102,4940.48,5038.0801
2010-05-27,5038.2402,5195.3701,5038.2402,5195.1699
2010-05-28,5195.5498,5240.27,5186.04,5188.4302
2010-06-01,5188.4502,5192.0801,5063.2002,5163.2998
2010-06-02,5163.0698,5163.0698,5072.5298,5151.3198
2010-06-03,5151.54,5262.5,5151.54,5211.1802
2010-06-04,5211.2998,5261.71,5102.0498,5126
2010-06-07,5125.9399,5125.9399,5040.2598,5069.0601
2010-06-08,5070.9302,5084.1299,4984.6602,5028.1499
2010-06-09,5028.3198,5085.8599,4998.0601,5085.8599
2010-06-10,5085.6299,5149.6899,5030.9302,5132.5
2010-06-11,5132.8398,5184.3701,5116.7202,5163.6802
2010-06-14,5163.8501,5215.2202,5163.8501,5202.1299
2010-06-15,5201.71,5242.0801,5149.1299,5217.8198
2010-06-16,5218.0298,5257.2598,5209.3901,5237.9199
2010-06-17,5237.8701,5293.7598,5233.2002,5253.8901
2010-06-18,5253.9502,5289.1401,5239.3701,5250.8398
2010-06-21,5259.8198,5331.46,5259.8198,5299.1099
2010-06-22,5299.02,5299.02,5210.02,5246.98
2010-06-23,5246.7202,5247.8501,5165.8198,5178.52
2010-06-24,5178.6699,5211.7998,5090.96,5100.23
2010-06-25,5100.21,5130.5,5031.7202,5046.4702
2010-06-28,5046.4902,5085.6499,5024.7002,5071.6802
2010-06-29,5071.3101,5071.3101,4899.02,4914.2202
2010-06-30,4914.3701,4961.8999,4898.5098,4916.8701
2010-07-01,4916.7202,4916.7202,4790.04,4805.75
2010-07-02,4806.1802,4880.8799,4806.1802,4838.0898
2010-07-05,4838.1201,4863.3501,4821.0898,4823.5298
2010-07-06,4823.6099,4967.6499,4823.6099,4965
2010-07-07,4964.7002,5014.8198,4891.9702,5014.8198
2010-07-08,5015.02,5123.5298,5015.02,5105.4502
2010-07-09,5105.6001,5150.6401,5098.79,5132.9399
2010-07-12,5132.8999,5193.2202,5128.6001,5167.02
2010-07-13,5167.0801,5272.2998,5167.0098,5271.02
2010-07-14,5272.6201,5287.2798,5205.7798,5253.52
2010-07-15,5252.6699,5268.4102,5187.46,5211.29
2010-07-16,5211.7998,5273.5801,5153.29,5158.8501
2010-07-19,5158.6699,5196.77,5111.8901,5148.2798
2010-07-20,5148.8101,5179.9902,5090.5698,5139.46
2010-07-21,5140.0898,5244.8799,5140.0898,5214.6401
2010-07-22,5214.4302,5319.48,5180.98,5313.8101
2010-07-23,5314.0098,5328.5098,5272.6699,5312.6201
2010-07-26,5312.6899,5351.9199,5301.29,5351.1201
2010-07-27,5351.3701,5411.4502,5351.3701,5365.6699
2010-07-28,5365.71,5398.1001,5314.5698,5319.6802
2010-07-29,5317.8101,5375.23,5313.9502,5313.9502
2010-07-30,5314.1802,5322.6699,5245.52,5258.02
2010-08-02,5259.04,5401.6899,5259.04,5397.1099
2010-08-03,5397.0498,5397.2598,5353.4902,5396.48
2010-08-04,5396.4502,5406.8301,5318.79,5386.1602
2010-08-05,5382.5898,5416.7598,5356.8301,5365.7798
2010-08-06,5365.9902,5408.0601,5307.6001,5332.3901
2010-08-09,5332.6602,5418.5801,5332.6602,5410.52
2010-08-10,5410.54,5411.5601,5348.1099,5376.4102
2010-08-11,5376.23,5376.23,5245.0298,5245.21
2010-08-12,5245.0498,5272.5,5210.5498,5266.0601
2010-08-13,5266.1699,5308.8398,5225.9102,5275.4399
2010-08-16,5275.6099,5304.6401,5228.6401,5276.1001
2010-08-17,5276.1401,5351.4502,5276.1401,5350.5498
2010-08-18,5349.9702,5349.9702,5296.9302,5302.8701
2010-08-19,5303.1001,5336.3501,5205.6401,5211.29
2010-08-20,5211.23,5233.02,5160.4302,5195.2798
2010-08-23,5195.29,5268.4302,5186.9199,5234.8398
2010-08-24,5234.7998,5234.7998,5109.8799,5155.9502
2010-08-25,5155.8599,5168.46,5070.9399,5109.3999
2010-08-26,5109.52,5167.7598,5109.52,5155.8398
2010-08-27,5155.77,5211.5801,5121,5201.5601
2010-08-31,5200.98,5225.2202,5129.6602,5225.2202
2010-09-01,5225.5801,5366.4102,5225.5801,5366.4102
2010-09-02,5366.6899,5383.7202,5346.96,5371.04
2010-09-03,5371.0601,5454.0098,5371.0601,5428.1499
2010-09-06,5428.3999,5459.3999,5428.3198,5439.1899
2010-09-07,5439.1802,5439.21,5381.0698,5407.8198
2010-09-08,5407.7598,5445.6201,5361.4199,5429.7402
2010-09-09,5429.52,5505.6602,5412.48,5494.1602
2010-09-10,5494.0098,5511.52,5475.9399,5501.6401
2010-09-13,5501.79,5571.3901,5501.71,5565.5298
2010-09-14,5565.4302,5582.46,5541.5,5567.4102
2010-09-15,5566.6401,5578.6899,5535.9502,5555.5601
2010-09-16,5555.7402,5564.46,5533.96,5540.1401
2010-09-17,5540.1899,5612.8901,5508.4502,5508.4502
2010-09-20,5508.6299,5607.3101,5508.6201,5602.54
2010-09-21,5601.7798,5635.7202,5576.1899,5576.1899
2010-09-22,5576.2402,5597.5498,5516.8599,5551.9102
2010-09-23,5552.1602,5588.79,5471.6899,5547.0801
2010-09-24,5547.0601,5612.54,5516.46,5598.48
2010-09-27,5598.52,5615.7798,5569.8901,5573.4199
2010-09-28,5572.71,5582.0498,5506.0698,5578.4399
2010-09-29,5578.71,5624.5,5544.7202,5569.27
2010-09-30,5569.0498,5650.3301,5539.0601,5548.6201
2010-10-01,5548.6699,5615.1401,5547.5498,5592.8999
2010-10-04,5592.8398,5601.2202,5550.79,5555.9702
2010-10-05,5554.5498,5646.0801,5550.5698,5635.7598
2010-10-06,5635.8198,5695.5098,5635.8198,5681.3901
2010-10-07,5681.5098,5707.3301,5650.7798,5662.1299
2010-10-08,5662.2002,5663.7402,5606.6001,5657.6099
2010-10-11,5657.5098,5685.9502,5655.7002,5672.3999
2010-10-12,5672.3501,5677.02,5597.46,5661.5898
2010-10-13,5664.27,5760.4902,5662.3799,5747.3501
2010-10-14,5747.46,5770.9199,5712.8799,5727.21
2010-10-15,5727.6201,5743.9199,5665.9502,5703.3701
2010-10-18,5700.0498,5748.8101,5670.0698,5742.52
2010-10-19,5742.6802,5761.9302,5690.5801,5703.8901
2010-10-20,5703.9102,5729.96,5680.4302,5728.9302
2010-10-21,5728.9399,5786.73,5698.02,5757.8599
2010-10-22,5757.6299,5758.0098,5724.3101,5741.3701
2010-10-25,5741.4102,5794.3101,5741.4102,5751.98
2010-10-26,5751.9702,5754.2002,5677.2002,5707.2998
2010-10-27,5707.1401,5707.1401,5630.8501,5646.02
2010-10-28,5646.1602,5711.8198,5645.96,5677.8901
2010-10-29,5678.0898,5699.23,5647.0498,5675.1602
2010-11-01,5675.1299,5733.0098,5667.3901,5694.6201
2010-11-02,5694.6001,5771.6299,5690.4399,5757.4302
2010-11-03,5757.48,5773.73,5730.4702,5748.9702
2010-11-04,5749.23,5876.0298,5749.1099,5862.79
2010-11-05,5862.9199,5899.3701,5834.0298,5875.3501
2010-11-08,5875.3901,5880.9902,5841.29,5849.96
2010-11-09,5849.8999,5902.1099,5847.4302,5875.1899
2010-11-10,5875.1499,5876.9702,5796.23,5816.9399
2010-11-11,5816.6699,5846.4502,5792.5601,5815.23
2010-11-12,5814.8799,5831.8101,5711.73,5796.8701
2010-11-15,5796.6401,5832.8799,5755.6802,5820.4102
2010-11-16,5820.4302,5820.4302,5680.8701,5681.8999
2010-11-17,5681.8398,5704.3901,5659.6499,5692.5601
2010-11-18,5692.7598,5782.98,5692.7598,5768.71
2010-11-19,5768.6802,5774.0698,5684.4902,5732.8301
2010-11-22,5732.8901,5783.1401,5668.48,5680.8301
2010-11-23,5681.0601,5681.0601,5581.2798,5581.2798
2010-11-24,5581.29,5671.8701,5573.3301,5657.1001
2010-11-25,5657.02,5707.9199,5654.7002,5698.9302
2010-11-26,5698.6699,5699.02,5599.29,5668.7002
2010-11-29,5668.6699,5722.7002,5550.9502,5550.9502
2010-11-30,5550.9199,5597,5519.1899,5528.27
2010-12-01,5528.3701,5656.2202,5528.3701,5642.5
2010-12-02,5644.8398,5770.9399,5644.8398,5767.5601
2010-12-03,5767.6699,5784.2598,5720.2002,5745.3198
2010-12-06,5745.3901,5785.7002,5728.46,5770.2798
2010-12-07,5770.2202,5850.3999,5769.6699,5808.4502
2010-12-08,5808.3501,5826.5898,5774.2798,5794.5298
2010-12-09,5794.5498,5837.96,5794.5498,5807.96
2010-12-10,5808.0298,5827.5898,5794.5098,5812.9502
2010-12-13,5813,5873.71,5812.9399,5860.75
2010-12-14,5861.04,5891.21,5847.1499,5891.21
2010-12-15,5891.0098,5898.04,5858.1099,5882.1802
2010-12-16,5882.2798,5907.1001,5862.8599,5881.1201
2010-12-17,5881.1899,5902.5298,5857.3301,5871.75
2010-12-20,5871.7202,5913.8301,5865.5098,5891.6099
2010-12-21,5891.6602,5953.9399,5891.1401,5951.7998
2010-12-22,5951.8198,5991.8999,5936.2998,5983.4902
2010-12-23,5983.54,6000.5498,5982.1602,5996.0698
2010-12-24,5995.7598,6008.9199,5978.2402,6008.9199
2010-12-29,6002.8198,6021.46,5976.98,5996.3599
2010-12-30,5996.3501,6009.8398,5969.71,5971.0098
2010-12-31,5971.6201,5985.7002,5899.9399,5899.9399
2011-01-04,5900.1299,6049.4502,5900.1299,6013.8701
2011-01-05,6013.7798,6043.8599,5964.4302,6043.8599
2011-01-06,6043.7998,6090.4902,6004.5601,6019.5098
2011-01-07,6019.4702,6023.7002,5973.4102,5984.3301
2011-01-10,5983.75,5984.25,5939.8901,5956.2998
2011-01-11,5956.9199,6035.8901,5956.9199,6014.0298
2011-01-12,6014.0801,6050.7202,6013.8701,6050.7202
2011-01-13,6050.73,6055.4702,6005.5098,6023.8799
2011-01-14,6023.8101,6031.7402,5948.4702,6002.0698
2011-01-17,6009.6802,6013.3999,5975.6401,5985.7002
2011-01-18,5985.79,6065.71,5985.48,6056.4302
2011-01-19,6056.71,6077.0601,5974.79,5976.7002
2011-01-20,5976.6602,5977.5,5867.29,5867.9102
2011-01-21,5868.1099,5939.3301,5868.0801,5896.25
2011-01-24,5896.3398,5960.5498,5887.6001,5943.8501
2011-01-25,5943.8999,5964.6899,5904.3301,5917.71
2011-01-26,5917.8999,6003.2798,5917.8999,5969.21
2011-01-27,5967.8999,5997.3301,5950.7202,5965.0801
2011-01-28,5964.54,5965.8398,5877.8799,5881.3701
2011-01-31,5880.6299,5881.7202,5815.4399,5862.9399
2011-02-01,5862.9702,5963.7202,5862.9702,5957.8198
2011-02-02,5960.1899,6020.46,5960.1899,6000.0698
2011-02-03,6000.29,6000.29,5951.8198,5983.3398
2011-02-04,5983.4399,6023.4102,5983.3301,5997.3799
2011-02-07,5996.98,6054.0898,5996.6099,6051.0298
2011-02-08,6050.4199,6091.3301,6032.8799,6091.3301
2011-02-09,6091.3198,6091.3198,6049.5,6052.29
2011-02-10,6052.2002,6052.2002,5986.48,6020.0098
2011-02-11,6019.9702,6071.3999,5973.4399,6062.8999
2011-02-14,6062.8198,6091.48,6042.1001,6060.0898
2011-02-15,6060.04,6072.0698,6023.77,6037.0801
2011-02-16,6035.3901,6095.7598,6033.5098,6085.27
2011-02-17,6084.6802,6101.4199,6066.71,6087.3799
2011-02-18,6087.4302,6096.7798,6048.8301,6082.9902
2011-02-21,6082.8501,6105.77,6013.1401,6014.7998
2011-02-22,6014.4199,6028.5601,5926.5498,5996.7598
2011-02-23,5996.7202,5996.7202,5915.52,5923.5298
2011-02-24,5922.9199,5936.6802,5860.9502,5919.98
2011-02-25,5920.71,6011.5,5920.71,6001.2002
2011-02-28,6000.8799,6022.3301,5963.5801,5994.0098
2011-03-01,5994.1401,6040.4302,5927.4302,5935.7598
2011-03-02,5935.73,5941.8198,5865.9199,5914.8901
2011-03-03,5915.6602,6017.0801,5915.6602,6005.0898
2011-03-04,6005.2798,6052.0801,5983.21,5990.3901
2011-03-07,5990.5698,6043.1201,5967.6802,5973.7798
2011-03-08,5973.8101,5999.9302,5911,5974.7598
2011-03-09,5975.5698,5979.3301,5922.6602,5937.2998
2011-03-10,5937.1699,5937.2002,5833.23,5845.29
2011-03-11,5845.0801,5845.0801,5796.4399,5828.6699
2011-03-14,5828.0498,5842.04,5769.04,5775.2402
2011-03-15,5774.1899,5774.1899,5591.5898,5695.2798
2011-03-16,5693.0498,5720.9199,5598.23,5598.23
2011-03-17,5602.1299,5707.6802,5602.1299,5696.1099
2011-03-18,5699.98,5758.1699,5699.98,5718.1299
2011-03-21,5731.98,5798.7798,5731.98,5786.0898
2011-03-22,5785.52,5813.8101,5742.6201,5762.71
2011-03-23,5757.9302,5802.4399,5731.3999,5795.8799
2011-03-24,5795.6899,5888.7002,5780.4102,5880.8701
2011-03-25,5889.6099,5918.73,5878.2202,5900.7598
2011-03-28,5902.8599,5922.9902,5900.6001,5904.4902
2011-03-29,5904.2598,5932.73,5879.8999,5932.1699
2011-03-30,5937.0601,5970.98,5937.0601,5948.2998
2011-03-31,5946.7598,5972.7998,5908.7598,5908.7598
2011-04-01,5910.6401,6014.77,5910.6401,6009.9199
2011-04-04,6009.6699,6035.1201,5987.7002,6016.98
2011-04-05,6017.2202,6026.2998,5989.0498,6007.0601
2011-04-06,6007.1201,6056.3701,6007.1201,6041.1299
2011-04-07,6041.1401,6053.1201,6007.3701,6007.3701
2011-04-08,6008.7798,6066.3901,6008.1899,6055.75
2011-04-11,6052.29,6070.7798,6044.52,6053.4399
2011-04-12,6053.6299,6053.6299,5958.2798,5964.4702
2011-04-13,5964.5,6043.3599,5964.5,6010.4399
2011-04-14,6010.48,6010.48,5943.75,5963.7998
2011-04-15,5963.79,5996.7598,5963.5498,5996.0098
2011-04-18,5996.0698,5997.46,5858.3198,5870.0801
2011-04-19,5870.1699,5922.21,5870.1699,5896.8701
2011-04-20,5896.9702,6033.79,5896.9702,6022.2598
2011-04-21,6022.3501,6049.3701,6005.7598,6018.2998
2011-04-26,6018.27,6070.5898,6006.9502,6069.3599
2011-04-27,6069.3799,6089.3999,6045.8701,6068.1602
2011-04-28,6068.2598,6091.75,6051.04,6069.8999
2011-05-03,6070.1201,6103.73,6050.71,6082.8799
2011-05-04,6083.8398,6083.8398,5972.8301,5984.0698
2011-05-05,5984.0498,6009.1001,5912.6099,5919.98
2011-05-06,5920.04,5984.9199,5871.5698,5976.77
2011-05-09,5976.6001,5999.8999,5922.23,5942.6899
2011-05-10,5942.9702,6023.1099,5940.0601,6018.8901
2011-05-11,6019.1201,6040.2402,5965.2598,5976
2011-05-12,5976.4399,5976.4399,5882.3901,5944.96
2011-05-13,5945.3701,6001.3301,5919.9102,5925.8701
2011-05-16,5925.8301,5936.1899,5862.1602,5923.6899
2011-05-17,5923.73,5942.8101,5861,5861
2011-05-18,5861.04,5934.5098,5860.6499,5923.4902
2011-05-19,5926.04,6003.9199,5925.98,5955.9902
2011-05-20,5961.7598,6017.5601,5927.7402,5948.4902
2011-05-23,5948.3701,5948.3701,5833.4399,5835.8901
2011-05-24,5838.0601,5884.6602,5838.0498,5858.4102
2011-05-25,5858.1602,5881.1802,5810.46,5870.1401
2011-05-26,5870.2002,5910.77,5866.6699,5880.9902
2011-05-27,5881.0601,5951.3701,5881.0601,5938.8701
2011-05-31,5938.96,6009.98,5938.96,5989.9902
2011-06-01,5990.0498,5995.2202,5911.6802,5928.6099
2011-06-02,5926.3901,5926.3901,5847.9199,5847.9199
2011-06-03,5848.29,5868.1899,5802.6699,5855.0098
2011-06-06,5854.54,5881.0601,5827.5098,5863.1602
2011-06-07,5863.04,5890.5801,5849.23,5864.6499
2011-06-08,5864.6099,5864.6099,5791.7998,5808.8901
2011-06-09,5808.9199,5861.1699,5795,5856.3398
2011-06-10,5856.3501,5866.9502,5758.3301,5765.7998
2011-06-13,5765.9702,5793.8398,5763.4199,5773.46
2011-06-14,5773.48,5822.6001,5773.48,5803.1299
2011-06-15,5803.1099,5803.3501,5742.5498,5742.5498
2011-06-16,5739.7598,5739.7598,5644.3799,5698.8101
2011-06-17,5698.7798,5733.2002,5644.98,5714.9399
2011-06-20,5714.8198,5714.8198,5647.23,5693.3901
2011-06-21,5693.52,5778.0698,5692.9702,5775.3101
2011-06-22,5775.3198,5789.1201,5741.8198,5772.9902
2011-06-23,5772.9302,5772.9302,5663.2998,5674.3799
2011-06-24,5674.5,5768.54,5674.5,5697.7202
2011-06-27,5697.5,5728.4302,5679.6001,5722.3398
2011-06-28,5723.6299,5795.1001,5723.6299,5766.8799
2011-06-29,5766.98,5860.9199,5766.98,5855.9502
2011-06-30,5856.2402,5945.71,5856.2402,5945.71
2011-07-01,5945.7598,5999.04,5936.96,5989.7598
2011-07-04,5989.77,6030.8198,5985.6899,6017.54
2011-07-05,6017.4399,6036.3101,6011.0698,6024.0298
2011-07-06,6024.4399,6026.48,5973.8198,6002.9199
2011-07-07,6003.0498,6071.6699,6003.0498,6054.5498
2011-07-08,6055.3701,6084.0801,5981.73,5990.5801
2011-07-11,5988.9302,5998.5801,5900.75,5929.1602
2011-07-12,5928.29,5928.4302,5793.04,5868.96
2011-07-13,5868.7798,5911,5850.96,5906.4302
2011-07-14,5905.9302,5905.9302,5841.1699,5846.9502
2011-07-15,5838.46,5863.5698,5805.9902,5843.6602
2011-07-18,5843.1699,5843.1699,5752.8101,5752.8101
2011-07-19,5752.9702,5801.9902,5752.9702,5789.9902
2011-07-20,5790.0801,5856.3599,5790.0498,5853.8198
2011-07-21,5853.8901,5934.2798,5797.48,5899.8901
2011-07-22,5899.9502,5966.8398,5899.9502,5935.02
2011-07-25,5934.3599,5938.5498,5892.6401,5925.2598
2011-07-26,5925.3301,5951.3398,5895.5801,5929.73
2011-07-27,5929.5801,5932,5841.0298,5856.5801
2011-07-28,5856.48,5882.5601,5801.5801,5873.21
2011-07-29,5872.96,5872.96,5772.4302,5815.1899
2011-08-01,5816.3301,5913.46,5767.0601,5774.4302
2011-08-02,5774.3999,5778.9199,5705.3398,5718.3901
2011-08-03,5718.1401,5718.1401,5557.7402,5584.5098
2011-08-04,5585.0601,5644.0498,5393.1401,5393.1401
2011-08-05,5392.8101,5392.8101,5202.6201,5246.9902
2011-08-08,5246.6201,5295.7798,5062.4199,5068.9502
2011-08-09,5068.9199,5175.6001,4791.0098,5164.9199
2011-08-10,5165.8101,5262.7202,4990.79,5007.1602
2011-08-11,5015.5298,5172.6602,4943.0098,5162.8301
2011-08-12,5162.6602,5320.0298,5099.3101,5320.0298
2011-08-15,5320.2402,5377.23,5319.3799,5350.5801
2011-08-16,5348.8799,5362.1499,5265.8301,5357.6299
2011-08-17,5357.5801,5371.0801,5279.9302,5331.6001
2011-08-18,5331.4102,5331.4102,5041.5898,5092.23
2011-08-19,5092.1899,5107.9102,4929.5498,5040.7598
2011-08-22,5040.71,5182.98,4993.3398,5095.2998
2011-08-23,5095.4902,5193.1699,5076.7402,5129.4199
2011-08-24,5129.5498,5250.5898,5098.1401,5205.8501
2011-08-25,5207,5254.1699,5102.0601,5131.1001
2011-08-26,5131.0698,5149.5098,5014.79,5129.9199
2011-08-30,5129.98,5283.6001,5129.98,5268.6602
2011-08-31,5268.6802,5411.6001,5258.6201,5394.5298
2011-09-01,5394.52,5449.6699,5346.7002,5418.6499
2011-09-02,5418.5,5418.5,5258.5,5292.0298
2011-09-05,5289.27,5289.27,5097.71,5102.5801
2011-09-06,5102.3901,5190.27,5086.79,5156.8398
2011-09-07,5157.8101,5322.21,5157.8101,5318.5898
2011-09-08,5318.4102,5369.8198,5269.7002,5340.3799
2011-09-09,5339.8999,5352.0298,5202.2402,5214.6499
2011-09-12,5214.4502,5214.4502,5059.2202,5129.6201
2011-09-13,5130.6299,5203.0698,5069.52,5174.25
2011-09-14,5174.1802,5270.4199,5146.3901,5227.02
2011-09-15,5227.1201,5366.7402,5227.1201,5337.54
2011-09-16,5337.6899,5406.1001,5337.6899,5368.4102
2011-09-19,5368.0898,5368.0898,5231.6201,5259.5601
2011-09-20,5259.52,5377.3901,5219.0898,5363.71
2011-09-21,5363.6401,5366.0898,5268.8198,5288.4102
2011-09-22,5287.6499,5287.6499,5013.5498,5041.6099
2011-09-23,5042.5498,5105.3799,4928.1401,5066.8101
2011-09-26,5066.5601,5148.8101,4974.0298,5089.3701
2011-09-27,5091.6602,5294.0498,5091.6602,5294.0498
2011-09-28,5293.8599,5314.29,5191.3599,5217.6299
2011-09-29,5217.6401,5250.1802,5160.77,5196.8398
2011-09-30,5196.6602,5197.3301,5068.6299,5128.48
2011-10-03,5126.9702,5126.9702,4983.2798,5075.5
2011-10-04,5075.3301,5075.3301,4868.6001,4944.4399
2011-10-05,4944.8701,5121.3999,4944.8701,5102.1699
2011-10-06,5102.25,5291.2598,5102.25,5291.2598
2011-10-07,5291.27,5370.8901,5261.4302,5303.3999
2011-10-10,5303.5498,5413.4302,5303.5498,5399
2011-10-11,5398.8398,5398.9702,5330.4199,5395.7002
2011-10-12,5395.9399,5458.02,5348.1602,5441.7998
2011-10-13,5441.6899,5456.0898,5368.3701,5403.3799
2011-10-14,5403.6001,5501.3901,5395.5698,5466.3599
2011-10-17,5466.4302,5543.7202,5405.2002,5436.7002
2011-10-18,5436.6201,5436.6201,5348.6401,5410.3501
2011-10-19,5411.02,5483.79,5410.9702,5450.4902
2011-10-20,5450.2202,5450.2202,5363.1602,5384.6802
2011-10-21,5384.7402,5500.54,5384.7402,5488.6499
2011-10-24,5488.5601,5552.79,5487.21,5548.0601
2011-10-25,5547.6001,5574.1299,5465.52,5525.54
2011-10-26,5525.5801,5576.6299,5498.5098,5553.2402
2011-10-27,5553.6001,5747.3301,5553.6001,5713.8198
2011-10-28,5713.8501,5746.8799,5684.9502,5702.2402
2011-10-31,5702.1201,5702.1201,5544.2202,5544.2202
2011-11-01,5543.8398,5543.8398,5338.3599,5421.5698
2011-11-02,5421.8198,5493.29,5383.3701,5484.1001
2011-11-03,5483.8701,5564.54,5402.6299,5545.6401
2011-11-04,5545.73,5599.46,5495.3799,5527.1602
2011-11-07,5527.0898,5557.7598,5432.1602,5510.8198
2011-11-08,5510.8101,5616,5509.5698,5567.3398
2011-11-09,5567.3101,5615.8398,5426.25,5460.3799
2011-11-10,5459.5601,5497.2002,5360.1899,5444.8198
2011-11-11,5446.23,5548.75,5439.8101,5545.3799
2011-11-14,5545.0601,5575.1899,5489.25,5519.04
2011-11-15,5518.9199,5551.3799,5428.6001,5517.4399
2011-11-16,5517.2998,5562.9102,5450.2402,5509.02
2011-11-17,5507.6001,5507.6699,5366.1201,5423.1401
2011-11-18,5423.0098,5423.0098,5347.8901,5362.9399
2011-11-21,5362.8799,5362.8799,5221.6899,5222.6001
2011-11-22,5222.8501,5281.9502,5206.8198,5206.8198
2011-11-23,5206.7402,5206.7402,5139.7798,5139.7798
2011-11-24,5139.8501,5184.2598,5098.9902,5127.5698
2011-11-25,5127.5601,5200.3101,5075.2202,5164.6499
2011-11-28,5164.79,5327.7598,5164.79,5312.7598
2011-11-29,5312.77,5344.1802,5272.4399,5337
2011-11-30,5336.8398,5538.96,5274.9502,5505.4199
2011-12-01,5505.4302,5553.8901,5486.8701,5489.3398
2011-12-02,5489.4199,5595.54,5489.0698,5552.29
2011-12-05,5552.4399,5602.7998,5545.9302,5567.96
2011-12-06,5567.2002,5592.9502,5521.9102,5568.7202
2011-12-07,5568.9102,5631.8799,5497.96,5546.9102
2011-12-08,5547.1602,5605.27,5483.77,5483.77
2011-12-09,5483.46,5540.52,5440.8599,5529.21
2011-12-12,5529.0098,5529.0098,5427.8599,5427.8599
2011-12-13,5427.9302,5525.96,5413.7002,5490.1499
2011-12-14,5490.1299,5490.1299,5366.7998,5366.7998
2011-12-15,5366.8999,5434.02,5366.8999,5400.8501
2011-12-16,5401.3901,5452.6499,5387.3398,5387.3398
2011-12-19,5387.3198,5410.0601,5343.0801,5364.9902
2011-12-20,5365.0698,5426.2798,5328.6699,5419.6001
2011-12-21,5419.6401,5479.1899,5371.6499,5389.7402
2011-12-22,5389.8501,5469.0298,5389.8501,5456.9702
2011-12-23,5457.0698,5516.6299,5456.98,5512.7002
2011-12-28,5512.7598,5567.8599,5490.96,5507.3999
2011-12-29,5507.4302,5566.77,5496.8701,5566.77
2011-12-30,5566.8501,5588.3901,5535.2002,5572.2798
2012-01-03,5572.8198,5699.9102,5572.8198,5699.9102
2012-01-04,5699.8501,5719.8301,5646.3599,5668.4502
2012-01-05,5668.3901,5689.3301,5614.3799,5624.2598
2012-01-06,5624.3999,5682.7798,5623.3599,5649.6802
2012-01-09,5649.2798,5673.8198,5604.6201,5612.2598
2012-01-10,5612.46,5711.8901,5612.46,5696.7002
2012-01-11,5696.8799,5700.75,5644.75,5670.8198
2012-01-12,5670.8501,5699.5698,5640.2998,5662.4199
2012-01-13,5662.9102,5709.2202,5583.4502,5636.6401
2012-01-16,5635.3999,5662.8799,5609.8701,5657.4399
2012-01-17,5657.6099,5724.4102,5657.6099,5693.9502
2012-01-18,5693.96,5709.8701,5647.9199,5702.3701
2012-01-19,5702.5098,5743.9302,5693.1602,5741.1499
2012-01-20,5741.1401,5749.77,5721.6099,5728.5498
2012-01-23,5728.5601,5789.8501,5723.0898,5782.5601
2012-01-24,5782.3301,5782.3301,5719.8599,5751.8999
2012-01-25,5752.02,5777.6899,5694.0498,5723
2012-01-26,5722.8301,5806.2402,5722.8301,5795.2002
2012-01-27,5794.9399,5794.9399,5728.96,5733.4502
2012-01-30,5733.25,5733.25,5651.5601,5671.0898
2012-01-31,5671.1401,5730.3198,5671.1401,5681.6099
2012-02-01,5681.6499,5790.7202,5680.6699,5790.7202
2012-02-02,5790.73,5809.8198,5765.7202,5796.0698
2012-02-03,5796.0601,5901.0698,5784.23,5901.0698
2012-02-06,5901.04,5901.04,5863.5498,5892.2002
2012-02-07,5891.96,5906.6499,5850.4902,5890.2598
2012-02-08,5890.2798,5916.2002,5871.3301,5875.9302
2012-02-09,5875.7998,5916.3101,5870.5498,5895.4702
2012-02-10,5895.3599,5895.3599,5839.8501,5852.3901
2012-02-13,5852.54,5920.0898,5852.54,5905.7002
2012-02-14,5905.5098,5920.6099,5877.21,5899.8701
2012-02-15,5899.9302,5923.7798,5880.6201,5892.1602
2012-02-16,5892.3599,5892.3599,5829.3799,5885.3799
2012-02-17,5885.46,5923.6201,5885.46,5905.0698
2012-02-20,5905.2202,5956.3301,5905.1401,5945.25
2012-02-21,5945.23,5948.8398,5916.5801,5928.2002
2012-02-22,5927.71,5937.96,5894.6001,5916.5498
2012-02-23,5916.48,5952.4702,5900.5,5937.8901
2012-02-24,5937.8999,5964.02,5925.4702,5935.1299
2012-02-27,5934.98,5935,5865.8501,5915.5498
2012-02-28,5916.0898,5937.02,5899.9902,5927.9102
2012-02-29,5927.8799,5944.75,5871.5098,5871.5098
2012-03-01,5872.2998,5936.0698,5858.8501,5931.25
2012-03-02,5931.5898,5939.9702,5908.48,5911.1299
2012-03-05,5911.0098,5911.0298,5865.3799,5874.8198
2012-03-06,5874.3398,5874.3398,5758.4199,5765.7998
2012-03-07,5765.8198,5801.1201,5755.6899,5791.4102
2012-03-08,5791.4399,5874.3398,5791.4399,5859.73
2012-03-09,5859.7002,5897.6001,5842.9399,5887.4902
2012-03-12,5887.48,5894.0698,5860.4199,5892.75
2012-03-13,5893.4302,5957.9399,5893.4302,5955.9102
2012-03-14,5959.1499,5989.0698,5945.4302,5945.4302
2012-03-15,5945.4502,5958.1699,5919.21,5940.7202
2012-03-16,5941.1001,5974.0498,5941.0298,5965.5801
2012-03-19,5965.6001,5968.8901,5928.4502,5961.1099
2012-03-20,5961.0698,5961.0698,5876.4199,5891.4102
2012-03-21,5891.4399,5921.6802,5880.79,5891.9502
2012-03-22,5890.75,5890.7798,5825.9102,5845.6499
2012-03-23,5845.6099,5875.73,5801.7202,5854.8901
2012-03-26,5855.3501,5913.0601,5854.4702,5902.7002
2012-03-27,5902.7202,5941.8999,5863.8301,5869.5498
2012-03-28,5869.5,5877.9399,5808.9902,5808.9902
2012-03-29,5808.9399,5812.1699,5726.5,5742.0298
2012-03-30,5742.1699,5782.71,5742.1001,5768.4502
2012-04-02,5771.54,5874.8901,5748.6299,5874.8901
2012-04-03,5874.8599,5890.1602,5838.3398,5838.3398
2012-04-04,5838.1899,5838.2202,5685.6499,5703.77
2012-04-05,5703.7598,5731.6699,5663.3198,5723.6699
2012-04-10,5723.5,5723.5,5595.5498,5595.5498
2012-04-11,5595.48,5655.8701,5576.3701,5634.7402
2012-04-12,5635.0601,5727.8701,5602.5601,5710.46
2012-04-13,5710.2598,5710.8198,5643.5098,5651.79
2012-04-16,5651.4102,5707.96,5641.0698,5666.2798
2012-04-17,5664.6699,5773.73,5651.5298,5766.9502
2012-04-18,5766.48,5783.8799,5730.9102,5745.29
2012-04-19,5745.2798,5792.0698,5738.1099,5744.5498
2012-04-20,5744.5698,5775.6699,5724.2002,5772.1499
2012-04-23,5772.0801,5772.0801,5637.73,5665.5698
2012-04-24,5665.8501,5714.1699,5658.4902,5709.4902
2012-04-25,5709.7002,5745,5703.21,5718.8901
2012-04-26,5719.1699,5761.1401,5691.7202,5748.7202
2012-04-27,5748.5298,5788.9902,5707.9502,5777.1099
2012-04-30,5777.0098,5792.9702,5728.8701,5737.7798
2012-05-01,5737.8101,5819,5732.1602,5812.23
2012-05-02,5812.6499,5819.9302,5736.6401,5758.1099
2012-05-03,5758.71,5800.8101,5745.23,5766.5498
2012-05-04,5766.4502,5766.4502,5639.79,5655.0601
2012-05-08,5654.5298,5668.0898,5550.0898,5554.5498
2012-05-09,5554.9502,5571.71,5464.4102,5530.0498
2012-05-10,5530.73,5566.1401,5490.54,5543.9502
2012-05-11,5543.96,5585.5,5499.27,5575.52
2012-05-14,5575.6499,5575.6499,5436.6899,5465.52
2012-05-15,5465.5801,5507.6499,5411.8198,5437.6201
2012-05-16,5437.46,5448.3799,5354,5405.25
2012-05-17,5405.6899,5413.3198,5309.75,5338.3799
2012-05-18,5338.1099,5338.1099,5256.6099,5267.6201
2012-05-21,5267.5801,5324.3599,5253.9199,5304.48
2012-05-22,5304.5601,5408.6499,5304.5601,5403.2798
2012-05-23,5403.1401,5403.6699,5262.8999,5266.4102
2012-05-24,5267.8999,5371.75,5266.8799,5350.0498
2012-05-25,5350.2798,5385.1699,5312.2002,5351.5298
2012-05-28,5351.73,5413.8301,5341.3398,5356.3398
2012-05-29,5356.6099,5404.6602,5342.46,5391.1401
2012-05-30,5391.1299,5391.1299,5284.4199,5297.2798
2012-05-31,5297.3901,5352.0498,5272.6602,5320.8599
2012-06-01,5321.0098,5354.4502,5229.7598,5260.1899
2012-06-06,5261.3101,5388.0298,5260.8101,5384.1099
2012-06-07,5384.23,5494.54,5384.23,5447.79
2012-06-08,5447.6499,5447.6499,5381.8301,5435.0801
2012-06-11,5435.3999,5536.27,5419.5601,5432.3701
2012-06-12,5432.4399,5478.6299,5414.6401,5473.7402
2012-06-13,5473.7998,5507.6499,5436.6699,5483.8101
2012-06-14,5483.6602,5483.7002,5424.3999,5467.0498
2012-06-15,5467.2598,5522.8701,5465.0898,5478.8101
2012-06-18,5478.9702,5555.3198,5461.0801,5491.0898
2012-06-19,5491.0298,5603.1401,5491.0298,5586.3101
2012-06-20,5586.3599,5623.8501,5566,5622.29
2012-06-21,5622.1499,5622.1499,5564.79,5566.3599
2012-06-22,5566.27,5566.27,5499.9702,5513.6899
2012-06-25,5512.9199,5513,5435.46,5450.6499
2012-06-26,5451.0898,5476.5,5436.27,5446.96
2012-06-27,5447.4902,5525.1401,5447.2798,5523.9199
2012-06-28,5523.98,5533.75,5436.5,5493.0601
2012-06-29,5495.2002,5619.6499,5495.2002,5571.1499
2012-07-02,5571.2202,5640.6401,5571.2002,5640.6401
2012-07-03,5641.5498,5689,5636.0498,5687.73
2012-07-04,5687.6099,5699.8501,5669.73,5684.4702
2012-07-05,5684.4902,5727.4502,5662.48,5692.6299
2012-07-06,5692.6201,5695.0601,5647.4702,5662.6299
2012-07-09,5662.6001,5669.75,5610.71,5627.3301
2012-07-10,5627.4399,5688.6602,5622.29,5664.0698
2012-07-11,5664.0098,5674.6499,5625.6001,5664.48
2012-07-12,5664.4302,5664.4302,5588.8398,5608.25
2012-07-13,5608.3701,5675.6201,5608.2998,5666.1299
2012-07-16,5666.1099,5670.6001,5640.8799,5662.4302
2012-07-17,5662.5298,5676.4702,5621.1899,5629.0898
2012-07-18,5629.23,5688.29,5624.54,5685.77
2012-07-19,5686.6001,5718.6099,5686.1299,5714.1899
2012-07-20,5714.1401,5714.1401,5644.9302,5651.77
2012-07-23,5651.6699,5651.6699,5510.9199,5533.8701
2012-07-24,5533.8901,5556.6299,5486.9902,5499.23
2012-07-25,5498.7598,5526.0898,5478.02,5498.3198
2012-07-26,5498.5098,5594.5098,5478.04,5573.1602
2012-07-27,5573.48,5631,5550.8999,5627.21
2012-07-30,5627.48,5706.4702,5625.6699,5693.6299
2012-07-31,5693.7402,5695.54,5635.2798,5635.2798
2012-08-01,5635.25,5712.8198,5632.9702,5712.8198
2012-08-02,5712.8301,5765.8101,5657.25,5662.2998
2012-08-03,5662.3301,5794.0098,5662.3301,5787.2798
2012-08-06,5787.29,5837.6099,5767.1001,5808.77
2012-08-07,5808.8398,5841.2402,5785.0098,5841.2402
2012-08-08,5841.1802,5845.9199,5801.0801,5845.9199
2012-08-09,5845.9399,5860.1602,5828.4399,5851.5098
2012-08-10,5851.3999,5858.5601,5827.71,5847.1099
2012-08-13,5847.1201,5852.79,5813.6299,5831.8799
2012-08-14,5832.25,5876.2202,5832.25,5864.7798
2012-08-15,5864.3398,5864.3398,5822.25,5833.04
2012-08-16,5832.9702,5846.7002,5811.3101,5834.5098
2012-08-17,5834.5898,5854.7202,5834.3901,5852.4199
2012-08-20,5852.4399,5857.5,5802.9102,5824.3701
2012-08-21,5824.52,5872.5898,5824.52,5857.52
2012-08-22,5857.4302,5857.4302,5771.2202,5774.2002
2012-08-23,5774.4702,5809.2598,5764.02,5776.6001
2012-08-24,5776.7002,5791.3901,5739.4102,5776.6001
2012-08-28,5776.6899,5779.4902,5749.75,5775.71
2012-08-29,5775.7598,5775.7598,5739.23,5743.5298
2012-08-30,5743.3999,5743.3999,5705.6499,5719.4502
2012-08-31,5719.5,5763.77,5707.9902,5711.48
2012-09-03,5711.4102,5758.4102,5701.0601,5758.4102
2012-09-04,5753.8301,5757.1401,5658.3398,5672.0098
2012-09-05,5671.6602,5675.9102,5634.8799,5657.8599
2012-09-06,5658.7202,5785.98,5658.6802,5777.3398
2012-09-07,5777.6699,5807.5698,5772.8701,5794.7998
2012-09-10,5794.5498,5806.79,5777.0698,5793.2002
2012-09-11,5793.1602,5796.5601,5764.2202,5792.1899
2012-09-12,5792.02,5821.2402,5757.5801,5782.0801
2012-09-13,5782.0498,5826.5698,5770.2598,5819.9199
2012-09-14,5824.5,5932.6201,5824.5,5915.5498
2012-09-17,5915.6602,5915.6802,5883.2202,5893.52
2012-09-18,5893.4199,5893.4199,5837.52,5868.1602
2012-09-19,5868.21,5894.3901,5861.0098,5888.48
2012-09-20,5884.96,5884.96,5824.3599,5854.6401
2012-09-21,5854.6699,5887.5698,5838.8599,5852.6201
2012-09-24,5852.54,5852.54,5806.0898,5838.8398
2012-09-25,5838.8599,5869.1699,5828.3398,5859.71
2012-09-26,5854.5098,5854.5098,5751.3501,5768.0898
2012-09-27,5768.4102,5804.0898,5762.98,5779.4199
2012-09-28,5780.02,5807.8198,5740.52,5742.0698
2012-10-01,5742.1099,5843.54,5738.5898,5820.4502
2012-10-02,5820.4902,5840.3599,5781.4199,5809.4502
2012-10-03,5806.6802,5832.48,5785,5825.8101
2012-10-04,5826.52,5854.1602,5803.2202,5827.7798
2012-10-05,5827.8599,5885.5698,5827.6099,5871.02
2012-10-08,5870.52,5870.52,5818.7598,5841.7402
2012-10-09,5841.7002,5856.4199,5795.1802,5810.25
2012-10-10,5810.46,5810.52,5776.71,5776.71
2012-10-11,5776.6602,5846.2998,5766.6899,5829.75
2012-10-12,5829.73,5829.73,5793.3198,5793.3198
2012-10-15,5793.3301,5827.8701,5786.0298,5805.6099
2012-10-16,5805.6602,5878.0898,5805.6602,5870.54
2012-10-17,5870.6001,5915.5898,5868.6802,5910.9102
2012-10-18,5911.1602,5928.27,5896.4902,5917.0498
2012-10-19,5917.04,5919.73,5892.23,5896.1499
2012-10-22,5896.1401,5911.0298,5869.8799,5882.9102
2012-10-23,5882.8701,5893.4302,5788.96,5797.9102
2012-10-24,5798.1602,5823.2402,5776.6401,5804.7798
2012-10-25,5804.7402,5840.5698,5802.2202,5805.0498
2012-10-26,5804.9399,5817.9399,5753.3101,5806.71
2012-10-29,5806.52,5812.6699,5763.5098,5795.1001
2012-10-30,5794.98,5852.1699,5794.9199,5849.8999
2012-10-31,5849.7998,5866.6699,5782.7002,5782.7002
2012-11-01,5782.6499,5866.7598,5777.96,5861.9199
2012-11-02,5861.8799,5890.1099,5844.2998,5868.5498
2012-11-05,5868.5,5868.52,5825.5498,5839.0601
2012-11-06,5839.1499,5885.1602,5839.1499,5884.8999
2012-11-07,5885.29,5921.7798,5789.4302,5791.6299
2012-11-08,5791.75,5824.3599,5770.7002,5776.0498
2012-11-09,5776.1099,5786.4302,5715.23,5769.6802
2012-11-12,5769.6602,5795.25,5762.0098,5767.27
2012-11-13,5767.25,5786.25,5710.9902,5786.25
2012-11-14,5785.6802,5786.0801,5719.6099,5722.0098
2012-11-15,5721.9199,5721.9199,5674.2598,5677.75
2012-11-16,5678.1099,5682.6802,5605.5898,5605.5898
2012-11-19,5605.6499,5739.7402,5605.6499,5737.6602
2012-11-20,5737.6899,5751.8198,5706.7002,5748.1001
2012-11-21,5748.02,5760.1201,5727.8599,5752.0298
2012-11-22,5752.1499,5796.4702,5752.1499,5791.0298
2012-11-23,5791.27,5830.5298,5781.4302,5819.1401
2012-11-26,5819.0898,5819.1401,5773.8599,5786.7202
2012-11-27,5786.8701,5823.1802,5786.8701,5799.71
2012-11-28,5799.54,5808.3398,5755.23,5803.2798
2012-11-29,5803.5601,5883.98,5803.5601,5870.2998
2012-11-30,5871.1802,5904.3901,5860.27,5866.8198
2012-12-03,5867.0601,5902,5859.5601,5871.2402
2012-12-04,5871.29,5885.3599,5852.8799,5869.04
2012-12-05,5869.1201,5902.6602,5869.1201,5892.0801
2012-12-06,5892.0498,5923.9102,5889.6499,5901.4199
2012-12-07,5901.6099,5923.1099,5889.9199,5914.3999
2012-12-10,5914.4102,5923.9702,5891.3301,5921.6299
2012-12-11,5921.6401,5937.9302,5908.3198,5924.9702
2012-12-12,5924.29,5948.5,5915.9102,5945.8501
2012-12-13,5945.8301,5947.8501,5918.5698,5929.6099
2012-12-14,5930,5944.5,5915.3398,5921.7598
2012-12-17,5921.7998,5923.9199,5881.0098,5912.1499
2012-12-18,5912.23,5946.4102,5911.1001,5935.8999
2012-12-19,5936.2002,5977.8198,5936.2002,5961.5898
2012-12-20,5961.5601,5970.8701,5950.0698,5958.3398
2012-12-21,5958.3398,5958.3398,5894.1001,5939.9902
2012-12-24,5939.9199,5957.6899,5937.1001,5954.1802
2012-12-27,5954.2202,5997.04,5942.4399,5954.2998
2012-12-28,5954.3198,5975.9702,5915.3198,5925.3701
2012-12-31,5925.3799,5925.4302,5873.4302,5897.8101
2013-01-02,5897.9302,6044.5698,5897.9302,6027.3701
2013-01-03,6030.1499,6051.2998,6016.7998,6047.3398
2013-01-04,6046.4399,6089.8398,6038.02,6089.8398
2013-01-07,6089.8198,6091.5,6060.75,6064.5801
2013-01-08,6064.4902,6088.1802,6053.6299,6053.6299
2013-01-09,6053.6802,6112.27,6053.6602,6098.6499
2013-01-10,6098.6499,6118.2998,6090.6099,6101.5098
2013-01-11,6101.5298,6121.5801,6095.0698,6121.5801
2013-01-14,6121.5298,6134.1699,6104.8999,6107.8599
2013-01-15,6107.8799,6117.3101,6086.21,6117.3101
2013-01-16,6117.3301,6117.3301,6076.1201,6103.98
2013-01-17,6103.9302,6135.8901,6087.4902,6132.3599
2013-01-18,6131.9302,6172.4902,6131.9302,6154.4102
2013-01-21,6154.52,6182.23,6154.52,6180.98
2013-01-22,6180.8599,6188.5801,6149.1802,6179.1699
2013-01-23,6179.1499,6200.4902,6178.4702,6197.6401
2013-01-24,6197.5098,6271.3999,6186.48,6264.9102
2013-01-25,6264.8901,6284.4502,6247.3301,6284.4502
2013-01-28,6284.6299,6311.2598,6277.04,6294.4102
2013-01-29,6294.3799,6346.3701,6285.77,6339.1899
2013-01-30,6339.1499,6354.46,6316.29,6323.1099
2013-01-31,6322.3999,6322.5698,6276.8799,6276.8799
2013-02-01,6276.9102,6353.9502,6275.5,6347.2402
2013-02-04,6347.2598,6347.2598,6236.6602,6246.8398
2013-02-05,6246.9199,6296.4702,6244.0698,6282.7598
2013-02-06,6282.7798,6321.4502,6265.5498,6295.3398
2013-02-07,6295.27,6313,6216.7202,6228.4199
2013-02-08,6228.5,6278.0698,6228.5,6263.9302
2013-02-11,6263.9502,6294.8101,6252.3101,6277.0601
2013-02-12,6277.1001,6338.3799,6259.8198,6338.3799
2013-02-13,6338.29,6384.7002,6311.5898,6359.1099
2013-02-14,6359.3501,6364.7202,6302,6327.3599
2013-02-15,6326.9302,6352.2002,6309.7798,6328.2598
2013-02-18,6327.9702,6330.1699,6306.8301,6318.1899
2013-02-19,6318.4302,6385.1401,6304.3999,6379.0698
2013-02-20,6379.0601,6412.4399,6368.2002,6395.3701
2013-02-21,6395.3101,6395.3101,6277.96,6291.54
2013-02-22,6291.4902,6347.25,6291.4902,6335.7002
2013-02-25,6335.5698,6390.0898,6323.98,6355.3701
2013-02-26,6355.1699,6355.1699,6258.6201,6270.4399
2013-02-27,6270.46,6335.8999,6269.2598,6325.8799
2013-02-28,6325.9399,6372,6325.9399,6360.8101
2013-03-01,6360.6099,6391.6699,6308.5601,6378.6001
2013-03-04,6379.27,6379.29,6333.1699,6345.6299
2013-03-05,6345.7202,6437.3398,6344.7798,6431.9502
2013-03-06,6432.3198,6460.96,6418.7202,6427.6401
2013-03-07,6427.5601,6459.6802,6427.3101,6439.1602
2013-03-08,6439.2002,6489.54,6439.2002,6483.5801
2013-03-11,6483.6899,6505.2998,6473.5601,6503.6299
2013-03-12,6503.48,6533.9902,6491.75,6510.6201
2013-03-13,6510.6001,6510.6001,6437.6099,6481.5
2013-03-14,6481.5,6532.5698,6478.54,6529.4102
2013-03-15,6529.4902,6533.7798,6470.1001,6489.6499
2013-03-18,6488.71,6488.73,6386.1699,6457.9199
2013-03-19,6457.9399,6474.5698,6414.4502,6441.3198
2013-03-20,6441.2798,6475.6099,6421.29,6432.7002
2013-03-21,6433.1099,6435.5898,6364,6388.5498
2013-03-22,6388.48,6426.4502,6374.5098,6392.7598
2013-03-25,6395,6458.5298,6366.6201,6378.3799
2013-03-26,6378.71,6404.52,6369.5801,6399.3701
2013-03-27,6399.3301,6420.8999,6344.1899,6387.5601
2013-03-28,6387.54,6447.8599,6381.9902,6411.7402
2013-04-02,6411.8198,6501.7798,6408.8398,6490.6602
2013-04-03,6490.71,6491.8398,6416.6699,6420.2798
2013-04-04,6420.5098,6426.3701,6341.4302,6344.1201
2013-04-05,6344.1802,6346.8198,6214.3599,6249.7798
2013-04-08,6249.8901,6289.5898,6249.8901,6276.9399
2013-04-09,6276.96,6326.54,6276.96,6313.21
2013-04-10,6313.4702,6405.2002,6313.2002,6387.3701
2013-04-11,6387.2998,6423.5601,6377.54,6416.1401
2013-04-12,6415.6299,6416.1401,6368.2002,6384.3901
2013-04-15,6384.4199,6384.4199,6300.1201,6343.6001
2013-04-16,6343.4302,6343.4302,6297.5298,6304.5801
2013-04-17,6304.5298,6334.4399,6225.1602,6244.21
2013-04-18,6244.6602,6277.79,6225.8599,6243.6699
2013-04-19,6243.6699,6288.7002,6243.6699,6286.5898
2013-04-22,6286.6299,6341.98,6258.98,6280.6201
2013-04-23,6280.6001,6406.1401,6278.48,6406.1201
2013-04-24,6406.1699,6438.9302,6396.1899,6431.7598
2013-04-25,6431.75,6467.1099,6411.9399,6442.5898
2013-04-26,6442.4302,6442.4302,6399.3701,6426.4199
2013-04-29,6426.4102,6458.02,6419.27,6458.02
2013-04-30,6458,6483.0801,6412.6899,6430.1201
2013-05-01,6430.3398,6475.8701,6429.7998,6451.29
2013-05-02,6452.1602,6470.3398,6409.8101,6460.71
2013-05-03,6460.5298,6541.6899,6451.5,6521.46
2013-05-07,6521.8398,6563.8999,6521.4302,6557.2998
2013-05-08,6557.1602,6587.3901,6547,6583.48
2013-05-09,6583.9399,6597.2598,6571.73,6592.7402
2013-05-10,6592.71,6637.8398,6591.5801,6624.98
2013-05-13,6624.8501,6633.2598,6602.8198,6631.7598
2013-05-14,6631.8501,6686.0601,6618.3599,6686.0601
2013-05-15,6685.71,6701.6802,6669.04,6693.5498
2013-05-16,6693.52,6714.48,6677.1499,6687.7998
2013-05-17,6687.77,6726.8999,6669.9302,6723.0601
2013-05-20,6723.1899,6755.6299,6709.1401,6755.6299
2013-05-21,6755.6299,6803.8701,6744.2002,6803.8701
2013-05-22,6804.1802,6875.6201,6781.4502,6840.27
2013-05-23,6839.96,6839.96,6658.77,6696.79
2013-05-24,6697.0498,6720.0801,6640.0801,6654.3398
2013-05-28,6655.1499,6790.7002,6655.1499,6762.0098
2013-05-29,6761.7002,6761.7202,6620.8198,6627.1699
2013-05-30,6626.6602,6656.9902,6611.0298,6656.9902
2013-05-31,6656.8999,6657.0698,6577.75,6583.0898
2013-06-03,6582.29,6582.3901,6514.0801,6525.1201
2013-06-04,6525.1602,6577,6525.1602,6558.5801
2013-06-05,6558.52,6558.52,6419.3101,6419.3101
2013-06-06,6419.3301,6435.3901,6336.1099,6336.1099
2013-06-07,6336.1299,6421.3701,6313.6001,6411.9902
2013-06-10,6411.6802,6421.2402,6379.6201,6400.4502
2013-06-11,6400.75,6401.1802,6280.0801,6340.0801
2013-06-12,6339.9302,6364.2598,6295.9199,6299.4502
2013-06-13,6299.1602,6310.9502,6205.71,6304.6299
2013-06-14,6304.6802,6343.5098,6290.6201,6308.2598
2013-06-17,6309.5298,6370.75,6309.4102,6330.4902
2013-06-18,6330.4502,6397.3301,6311.3501,6374.21
2013-06-19,6374.1099,6383.6099,6327.0098,6348.8198
2013-06-20,6348.6602,6348.6602,6144.98,6159.5098
2013-06-21,6159.52,6244.1699,6116.1699,6116.1699
2013-06-24,6116.0298,6136.1099,6023.4399,6029.1001
2013-06-25,6029.1699,6114.6099,6029.1699,6101.9102
2013-06-26,6101.9502,6177.9199,6089.21,6165.48
2013-06-27,6165.4502,6271.7998,6165.4502,6243.3999
2013-06-28,6243.3301,6268.8398,6207.7202,6215.4702
2013-07-01,6215.4702,6317.02,6215.4399,6307.7798
2013-07-02,6307.7798,6314.1299,6266.5,6303.9399
2013-07-03,6303.9399,6303.9399,6185.21,6229.8701
2013-07-04,6229.8701,6431.4102,6229.8701,6421.6699
2013-07-05,6421.6699,6498.5898,6364.3799,6375.52
2013-07-08,6375.52,6476.0898,6375.52,6450.0698
2013-07-09,6450.0698,6530.8599,6450.0698,6513.0801
2013-07-10,6513.0801,6535.9102,6472.4102,6504.96
2013-07-11,6504.96,6585.7402,6504.96,6543.4102
2013-07-12,6543.4102,6583.8999,6540.2402,6544.9399
2013-07-15,6544.9399,6605.8999,6544.9399,6586.1099
2013-07-16,6586.1099,6606.4199,6556.3501,6556.3501
2013-07-17,6556.3501,6595.6201,6517.3799,6571.9302
2013-07-18,6571.9302,6657.3799,6555.8198,6634.3599
2013-07-19,6634.3599,6635.2202,6592.1001,6630.6699
2013-07-22,6630.6699,6645.0098,6608.1699,6623.1699
2013-07-23,6623.1699,6657.6602,6597.4399,6597.4399
2013-07-24,6597.4399,6662.1899,6581.6099,6620.4302
2013-07-25,6620.4302,6625.3501,6540.4199,6587.9502
2013-07-26,6587.9502,6629.8901,6535.1802,6554.79
2013-07-29,6554.79,6606.3599,6544.1401,6560.25
2013-07-30,6560.25,6600.7202,6560.25,6570.9502
2013-07-31,6570.9502,6659.3501,6556.6499,6621.0601
2013-08-01,6621.0601,6681.98,6607.27,6681.98
2013-08-02,6681.98,6696.6299,6623.8501,6647.8701
2013-08-05,6647.8701,6684.9502,6590.1001,6619.5801
2013-08-06,6619.5801,6630.1401,6562.3198,6604.21
2013-08-07,6604.21,6624.9902,6511.21,6511.21
2013-08-08,6511.21,6558.5898,6507.2402,6529.6802
2013-08-09,6529.6802,6601.21,6529.48,6583.3901
2013-08-12,6583.3901,6598.3901,6547,6574.3398
2013-08-13,6574.3398,6620.4302,6568.4399,6611.9399
2013-08-14,6611.9399,6627.96,6582.5801,6587.4302
2013-08-15,6587.4302,6587.8799,6460.1201,6483.3398
2013-08-16,6483.3398,6502.27,6461.2998,6499.9902
2013-08-19,6499.9902,6506.5898,6457.73,6465.73
2013-08-20,6465.73,6465.73,6398.6299,6453.46
2013-08-21,6453.46,6453.5498,6386.7202,6390.8398
2013-08-22,6390.8398,6468.8799,6390.6201,6446.8701
2013-08-23,6446.8701,6516.71,6422.3501,6492.1001
2013-08-27,6492.1001,6494.2002,6424,6440.9702
2013-08-28,6440.9702,6440.9702,6393.6499,6430.0601
2013-08-29,6430.0601,6500.5098,6429.9502,6483.0498
2013-08-30,6483.0498,6502.1899,6409.6001,6412.9302
2013-09-02,6412.9302,6532.2998,6412.9302,6506.1899
2013-09-03,6506.1899,6523.1602,6456.9502,6468.4102
2013-09-04,6468.4102,6486.3999,6423.5098,6474.7402
2013-09-05,6474.7402,6543.2202,6461.6802,6532.4399
2013-09-06,6532.4399,6568.1802,6492.4902,6547.3301
2013-09-09,6547.3301,6555.8599,6508.7598,6530.7402
2013-09-10,6530.7402,6599.5098,6530.7402,6583.9902
2013-09-11,6583.9902,6589.8501,6559.7202,6588.4302
2013-09-12,6588.4302,6606.1201,6558.6099,6588.98
2013-09-13,6588.98,6588.98,6561.7798,6583.7998
2013-09-16,6583.7998,6652.6602,6583.7998,6622.8599
2013-09-17,6622.8599,6623.04,6570.1699,6570.1699
2013-09-18,6570.1699,6587.5801,6532.5,6558.8198
2013-09-19,6558.8198,6659.1201,6558.8198,6625.3901
2013-09-20,6625.3901,6629.9302,6594.1699,6596.4302
2013-09-23,6596.4302,6601.5298,6542.6699,6557.3701
2013-09-24,6557.3701,6585.3999,6549.9199,6571.46
2013-09-25,6571.46,6587.9702,6526.4199,6551.5298
2013-09-26,6551.5298,6580.9399,6535.7798,6565.5898
2013-09-27,6565.5898,6568.9399,6487.2998,6512.6602
2013-09-30,6512.6602,6512.6602,6438.7202,6462.2202
2013-10-01,6462.2202,6466.2998,6424.3701,6460.0098
2013-10-02,6460.0098,6460.0098,6386.1802,6437.5
2013-10-03,6437.5,6472.4302,6436.21,6449.04
2013-10-04,6449.04,6473.5801,6428.96,6453.8799
2013-10-07,6453.8799,6453.8799,6391.4702,6437.2798
2013-10-08,6437.2798,6437.73,6364.9702,6365.8301
2013-10-09,6365.8301,6372.6299,6316.9102,6337.9102
2013-10-10,6337.9102,6446.2202,6337.9102,6430.4902
2013-10-11,6430.4902,6489.1602,6430.4702,6487.1899
2013-10-14,6467.3701,6507.7998,6464.4399,6507.6499
2013-10-15,6507.6499,6569.2798,6507.6499,6549.1099
2013-10-16,6549.1099,6584.3901,6504.27,6571.5898
2013-10-17,6571.5898,6576.1602,6529.1602,6576.1602
2013-10-18,6576.1602,6622.7002,6576.1602,6622.5801
2013-10-21,6622.5801,6654.2002,6617.8101,6654.2002
2013-10-22,6654.2002,6719.27,6653.7002,6695.6602
2013-10-23,6695.6602,6695.9199,6655.2002,6674.48
2013-10-24,6674.48,6719.25,6674.1602,6713.1802
2013-10-25,6713.1802,6729.7402,6700.3701,6721.3398
2013-10-28,6721.3398,6739.6602,6704.1499,6725.8198
2013-10-29,6725.8198,6777.1602,6718.8501,6774.73
2013-10-30,6774.73,6819.8599,6763.6602,6777.7002
2013-10-31,6777.7002,6778.27,6719.5098,6731.4302
2013-11-01,6731.4302,6760.8701,6715.2998,6734.7402
2013-11-04,6734.7402,6780.1099,6734.5601,6763.6201
2013-11-05,6763.6201,6773.8599,6708.52,6746.8398
2013-11-06,6746.8398,6768.1602,6735.6401,6741.6899
2013-11-07,6741.6899,6779.1802,6679.9902,6697.2202
2013-11-08,6697.2202,6713.8999,6643.8599,6708.4199
2013-11-11,6708.4199,6744.77,6702.0098,6728.3701
2013-11-12,6728.3701,6728.3701,6693.2598,6726.79
2013-11-13,6726.79,6726.8101,6613.98,6630
2013-11-14,6630,6696.1602,6630,6666.1299
2013-11-15,6666.1299,6703.1201,6665.4502,6693.4399
2013-11-18,6693.4399,6732.1001,6671.6299,6723.46
2013-11-19,6723.46,6723.46,6677.8501,6698.0098
2013-11-20,6698.0098,6711.4199,6661.7002,6681.0801
2013-11-21,6681.0801,6697.6899,6643.4702,6681.3301
2013-11-22,6681.3301,6711.0298,6661.04,6674.2998
2013-11-25,6674.2998,6709.0801,6674.2998,6694.6201
2013-11-26,6694.6201,6696.9502,6636.2202,6636.2202
2013-11-27,6636.2202,6664.1401,6635.71,6649.4702
2013-11-28,6649.4702,6679.5098,6642.5698,6654.4702
2013-11-29,6654.4702,6681.5698,6648.5298,6650.5698
2013-12-02,6650.5698,6657.4102,6595.2002,6595.3301
2013-12-03,6595.3301,6595.48,6531.3398,6532.4302
2013-12-04,6532.4302,6544.7002,6479.73,6509.9702
2013-12-05,6509.9702,6518.8799,6487.1499,6498.3301
2013-12-06,6498.3301,6555.73,6496.3301,6551.9902
2013-12-09,6551.9902,6568.4399,6534.7402,6559.48
2013-12-10,6559.48,6571.9102,6519,6523.3101
2013-12-11,6523.3101,6555.5698,6507.7202,6507.7202
2013-12-12,6507.7202,6507.7202,6435.9902,6445.25
2013-12-13,6445.25,6462.7598,6433.5098,6439.96
2013-12-16,6439.96,6531.1602,6422.23,6522.2002
2013-12-17,6522.2002,6522.2002,6482.5898,6486.1899
2013-12-18,6486.1899,6524.46,6486.1899,6492.0801
2013-12-19,6492.0801,6584.7002,6492.0801,6584.7002
2013-12-20,6584.7002,6616.7998,6576.79,6606.5801
2013-12-23,6606.5801,6678.6099,6606.2002,6678.6099
2013-12-24,6678.6099,6712.1001,6672.2202,6694.1699
2013-12-27,6694.1699,6754.1099,6694.1699,6750.8701
2013-12-30,6750.8701,6768.4399,6718.1602,6731.27
2013-12-31,6731.27,6756.98,6731.25,6749.0898
2014-01-02,6749.0898,6759.3701,6707.48,6717.9102
2014-01-03,6717.9102,6747.3301,6699.27,6730.6699
2014-01-06,6730.6699,6751.98,6714.6401,6730.73
2014-01-07,6730.73,6768.8901,6718.0698,6755.4502
2014-01-08,6755.4502,6755.5298,6713.3901,6721.7798
2014-01-09,6721.7798,6746.4102,6679.3101,6691.3398
2014-01-10,6691.3398,6769.9399,6691.3398,6739.9399
2014-01-13,6739.9399,6765.6001,6730.9702,6757.1499
2014-01-14,6757.1499,6772.6299,6694.0801,6766.8599
2014-01-15,6766.8599,6825.2002,6766.8599,6819.8599
2014-01-16,6819.8599,6831.7402,6811.1602,6815.4199
2014-01-17,6815.4199,6840.5,6800,6829.2998
2014-01-20,6829.2998,6837.5298,6810.6201,6836.73
2014-01-21,6836.73,6867.4199,6822.3101,6834.2598
2014-01-22,6834.2598,6864.8701,6821.7998,6826.3301
2014-01-23,6826.3301,6837.21,6760.6299,6773.2798
2014-01-24,6773.2798,6784.4199,6654.8599,6663.7402
2014-01-27,6663.7402,6665.3901,6539.3301,6550.6602
2014-01-28,6550.6602,6590.6602,6550.6499,6572.3301
2014-01-29,6572.3301,6645.23,6482.7402,6544.2798
2014-01-30,6544.2798,6573.9199,6503.25,6538.4502
2014-01-31,6538.4502,6548.46,6421.2598,6510.4399
2014-02-03,6510.4399,6538.2998,6459.9502,6465.6602
2014-02-04,6465.6602,6478.1602,6416.7202,6449.27
2014-02-05,6449.27,6483.73,6423.79,6457.8901
2014-02-06,6457.8901,6566.0098,6457.8901,6558.2798
2014-02-07,6558.2798,6596.2798,6540.8101,6571.6802
2014-02-10,6571.6802,6597,6565.2998,6591.5498
2014-02-11,6591.5498,6672.6602,6591.5498,6672.6602
2014-02-12,6672.6602,6708.1699,6669.0601,6675.0298
2014-02-13,6675.0298,6675.2402,6608.0898,6659.4199
2014-02-14,6659.4199,6672.21,6646.4702,6663.6201
2014-02-17,6663.6201,6745.6299,6661.4702,6736
2014-02-18,6736,6802.8901,6716.6401,6796.4302
2014-02-19,6796.4302,6810.48,6759.8599,6796.71
2014-02-20,6796.71,6812.9902,6732.0298,6812.9902
2014-02-21,6812.9902,6859.9102,6812.9902,6838.0601
2014-02-24,6838.0601,6865.8599,6797.8301,6865.8599
2014-02-25,6865.8599,6866.3501,6790.9302,6830.5
2014-02-26,6830.5,6834.0898,6785.2798,6799.1499
2014-02-27,6799.1499,6819.2402,6733.54,6810.27
2014-02-28,6810.27,6833.8198,6785.54,6809.7002
2014-03-03,6809.7002,6809.7002,6671.8901,6708.3501
2014-03-04,6708.3501,6827.2202,6708.3501,6823.77
2014-03-05,6823.77,6824.1602,6771.5,6775.4199
2014-03-06,6775.4199,6806.6201,6770.9502,6788.4902
2014-03-07,6788.4902,6800.6602,6706.3799,6712.6699
2014-03-10,6712.6699,6757,6671.6201,6689.4502
2014-03-11,6689.4502,6718.2998,6660.5898,6685.52
2014-03-12,6685.52,6685.52,6598.3599,6620.8999
2014-03-13,6620.8999,6631.3799,6552.46,6553.7798
2014-03-14,6553.7798,6553.7798,6500.3701,6527.8901
2014-03-17,6527.8901,6592.3701,6527.8701,6568.3501
2014-03-18,6568.3501,6628.2002,6534.8599,6605.2798
2014-03-19,6605.2798,6609.46,6566.8501,6573.1299
2014-03-20,6573.1299,6573.1299,6492.6201,6542.4399
2014-03-21,6542.4399,6572.0898,6537.8901,6557.1699
2014-03-24,6557.1699,6568.96,6506.4199,6520.3901
2014-03-25,6520.3901,6604.8901,6520.3901,6604.8901
2014-03-26,6604.8901,6643.5801,6601.7798,6605.2998
2014-03-27,6605.2998,6605.2998,6561.3901,6588.3198
2014-03-28,6588.3198,6631.48,6585.73,6615.5801
2014-03-31,6615.5801,6658.3999,6583.0898,6598.3701
2014-04-01,6598.3701,6660.27,6598.3701,6652.6099
2014-04-02,6652.6099,6672.73,6639.6299,6659.04
2014-04-03,6659.04,6680.7798,6638.52,6649.1401
2014-04-04,6649.1401,6706.3398,6649.1401,6695.5498
2014-04-07,6695.5498,6695.5498,6614.73,6622.8398
2014-04-08,6622.8398,6625.1899,6549.75,6590.6899
2014-04-09,6590.6899,6654.0498,6590.4102,6635.6099
2014-04-10,6635.6099,6688.2798,6620.3901,6641.9702
2014-04-11,6641.9702,6641.9702,6538.75,6561.7002
2014-04-14,6561.7002,6583.7598,6507.0801,6583.7598
2014-04-15,6583.7598,6594.2402,6534.2002,6541.6099
2014-04-16,6541.6099,6596.9902,6541.6099,6584.1699
2014-04-17,6584.1699,6627.25,6559.3501,6625.25
2014-04-22,6625.25,6706.1899,6625.25,6681.7598
2014-04-23,6681.7598,6694.8198,6661.4199,6674.7402
2014-04-24,6674.7402,6724.5801,6667.6499,6703
2014-04-25,6703,6704.3701,6657.2998,6685.6899
2014-04-28,6685.6899,6720.3301,6682.8999,6700.1602
2014-04-29,6700.1602,6769.9102,6700.1001,6769.9102
2014-04-30,6769.9102,6794.8799,6748.7598,6780.0298
2014-05-01,6780.0298,6811.6401,6773.6899,6808.8701
2014-05-02,6808.8701,6838.1699,6798.6099,6822.4199
2014-05-06,6822.4199,6828.6201,6785.3198,6798.5601
2014-05-07,6798.5601,6799.3398,6766.8398,6796.4399
2014-05-08,6796.4399,6840.3701,6796.4399,6839.25
2014-05-09,6839.25,6839.4199,6805.3901,6814.5698
2014-05-12,6814.5698,6851.75,6814.5698,6851.75
2014-05-13,6851.75,6877.3901,6845.9502,6873.0801
2014-05-14,6873.0801,6880.0698,6854.02,6878.4902
2014-05-15,6878.4902,6894.8799,6821.6602,6840.8901
2014-05-16,6840.8901,6855.9399,6813.5,6855.8101
2014-05-19,6855.8101,6862.2002,6804.3101,6844.5498
2014-05-20,6844.5498,6848.3599,6792.5098,6802
2014-05-21,6802,6821.04,6782.7998,6821.04
2014-05-22,6821.04,6846.5698,6810.1899,6820.5601
2014-05-23,6820.5601,6825.5298,6793.4702,6815.75
2014-05-27,6815.75,6857.1001,6815.3701,6844.9399
2014-05-28,6844.9399,6855.8301,6833.6099,6851.2202
2014-05-29,6851.2202,6882.1401,6848.0601,6871.29
2014-05-30,6871.29,6874.3301,6831.9902,6844.5098
2014-06-02,6844.5098,6874.3799,6844.5098,6864.1001
2014-06-03,6864.1001,6865.3799,6817.96,6836.2998
2014-06-04,6836.2998,6840.6001,6800.1001,6818.6299
2014-06-05,6818.6299,6847,6795.27,6813.4902
2014-06-06,6813.4902,6862.9102,6813.4902,6858.21
2014-06-09,6858.21,6878.96,6857.7002,6875
2014-06-10,6875,6875.2402,6835.7998,6873.5498
2014-06-11,6873.5498,6873.5498,6825.2402,6838.8701
2014-06-12,6838.8701,6853.1802,6827.0298,6843.1099
2014-06-13,6843.1099,6843.1099,6758.1499,6777.8501
2014-06-16,6777.8501,6779.3999,6748.04,6754.6401
2014-06-17,6754.6401,6774.8701,6736.1099,6766.77
2014-06-18,6766.77,6799.5898,6766.77,6778.5601
2014-06-19,6778.5601,6837.5698,6778.5601,6808.1099
2014-06-20,6808.1099,6840.6201,6791.2002,6825.2002
2014-06-23,6825.2002,6829.7598,6785.8301,6800.5601
2014-06-24,6800.5601,6824.4502,6776.7998,6787.0698
2014-06-25,6787.0698,6787.0698,6716.3501,6733.6201
2014-06-26,6733.6201,6753.25,6701.5898,6735.1201
2014-06-27,6735.1201,6767.6299,6735.1201,6757.77
2014-06-30,6757.77,6777.1099,6730.4502,6743.9399
2014-07-01,6743.9399,6805.8999,6743.9399,6802.9199
2014-07-02,6802.9199,6829.4902,6796.6099,6816.3701
2014-07-03,6816.3701,6866.5601,6815.4502,6865.21
2014-07-04,6865.21,6875.3101,6856.3501,6866.0498
2014-07-07,6866.0498,6866.3701,6817.6001,6823.5098
2014-07-08,6823.5098,6831.02,6738.4502,6738.4502
2014-07-09,6738.4502,6740.8198,6692.77,6718.04
2014-07-10,6718.04,6724.7998,6643.6201,6672.3701
2014-07-11,6672.3701,6696.1001,6663.6699,6690.1699
2014-07-14,6690.1699,6760.73,6690.1699,6746.1401
2014-07-15,6746.1401,6764,6709.1499,6710.4502
2014-07-16,6710.4502,6792.5498,6710.4502,6784.6699
2014-07-17,6784.6699,6784.6699,6727.71,6738.3198
2014-07-18,6738.3198,6749.8901,6690.8999,6749.4502
2014-07-21,6749.4502,6753.4199,6715.7798,6728.4399
2014-07-22,6728.4399,6801.8398,6728.4399,6795.3398
2014-07-23,6795.3398,6822.6499,6773.1099,6798.1499
2014-07-24,6798.1499,6821.46,6767.3301,6821.46
2014-07-25,6821.46,6830.77,6780.6499,6791.5498
2014-07-28,6791.5498,6809.6099,6761.77,6788.0698
2014-07-29,6788.0698,6833.6699,6784.04,6807.75
2014-07-30,6807.75,6815.29,6758.2402,6773.4399
2014-07-31,6773.4399,6797.0898,6716.29,6730.1099
2014-08-01,6730.1099,6730.1099,6624.7202,6679.1802
2014-08-04,6679.1802,6715.5601,6669.9302,6677.52
2014-08-05,6677.52,6713.52,6671.46,6682.48
2014-08-06,6682.48,6682.48,6588.4302,6636.1602
2014-08-07,6636.1602,6649.0498,6589.7798,6597.3701
2014-08-08,6597.3701,6597.3701,6528.73,6567.3599
2014-08-11,6567.3599,6645.8301,6567.3599,6632.8198
2014-08-12,6632.8198,6643.7002,6612.52,6632.4199
2014-08-13,6632.4199,6664.3398,6625.98,6656.6802
2014-08-14,6656.6802,6694.6401,6641.8101,6685.2598
2014-08-15,6685.2598,6742.8198,6685.25,6689.0801
2014-08-18,6689.0801,6745.7202,6689.0801,6741.25
2014-08-19,6741.25,6782.8999,6740.6499,6779.3101
2014-08-20,6779.3101,6781.23,6739.7598,6755.48
2014-08-21,6755.48,6780.73,6752.7002,6777.6602
2014-08-22,6777.6602,6784.6299,6746.3701,6775.25
2014-08-26,6775.25,6827.3198,6775.25,6822.7598
2014-08-27,6822.7598,6830.6602,6813.2402,6830.6602
2014-08-28,6830.6602,6831.1899,6796.8599,6805.7998
2014-08-29,6805.7998,6828.9199,6782.6299,6819.75
2014-09-01,6819.75,6825.3101,6798.3301,6825.3101
2014-09-02,6825.3101,6849.2798,6812.3101,6829.1699
2014-09-03,6829.1699,6898.6201,6826.73,6873.5801
2014-09-04,6873.5801,6904.8599,6866.25,6877.9702
2014-09-05,6877.9702,6884.96,6829.1001,6855.1001
2014-09-08,6855.1001,6855.1001,6773.7798,6834.77
2014-09-09,6834.77,6846.1802,6812.5,6829
2014-09-10,6829,6847.79,6800.04,6830.1099
2014-09-11,6830.1099,6857.54,6764.8599,6799.6201
2014-09-12,6799.6201,6832.1602,6799.3901,6806.96
2014-09-15,6806.96,6813.8701,6771.6899,6804.21
2014-09-16,6804.21,6804.3398,6748.0898,6792.2402
2014-09-17,6792.2402,6816.8901,6780.8999,6780.8999
2014-09-18,6780.8999,6822.6001,6769.5801,6819.29
2014-09-19,6819.29,6876,6819.29,6837.9199
2014-09-22,6837.9199,6838.3501,6766.8901,6773.6299
2014-09-23,6773.6299,6777.27,6647.21,6676.0801
2014-09-24,6676.0801,6707.2598,6651.98,6706.27
2014-09-25,6706.27,6726.3999,6621.48,6639.71
2014-09-26,6639.71,6664,6615.1201,6649.3901
2014-09-29,6649.3901,6653.9399,6608.6602,6646.6001
2014-09-30,6646.6001,6658.9102,6601.6201,6622.7202
2014-10-01,6622.7202,6622.8101,6539.73,6557.52
2014-10-02,6557.52,6557.6699,6446.3901,6446.3901
2014-10-03,6446.3901,6542.8701,6446.3901,6527.9102
2014-10-06,6527.9102,6588.3101,6527.9102,6563.6499
2014-10-07,6563.6499,6563.8398,6495.5801,6495.5801
2014-10-08,6495.5801,6502.3599,6453.8101,6482.2402
2014-10-09,6482.2402,6544.21,6425.1602,6431.8501
2014-10-10,6431.8501,6431.8501,6328.3901,6339.9702
2014-10-13,6339.9702,6387.3599,6294.6401,6366.2402
2014-10-14,6366.2402,6403.4302,6304.27,6392.6802
2014-10-15,6392.6802,6404.96,6211.6401,6211.6401
2014-10-16,6211.6401,6282.9502,6072.6802,6195.9102
2014-10-17,6195.9102,6312.9702,6188.04,6310.29
2014-10-20,6310.29,6320.3101,6238.6001,6267.0698
2014-10-21,6267.0698,6372.3301,6229.3999,6372.3301
2014-10-22,6372.3301,6401.5098,6341.3901,6399.73
2014-10-23,6399.73,6430.3198,6313.3198,6419.1499
2014-10-24,6419.1499,6419.1499,6372.4302,6388.73
2014-10-27,6388.73,6443.7598,6336.0601,6363.46
2014-10-28,6363.46,6412,6363.46,6402.1699
2014-10-29,6402.1699,6475.3501,6402.1699,6453.8701
2014-10-30,6453.8701,6483.2402,6378.1499,6463.5498
2014-10-31,6463.5498,6553.3701,6463.5498,6546.4702
2014-11-03,6546.4702,6559.5601,6478.4902,6487.9702
2014-11-04,6487.9702,6510.3101,6444.8901,6453.9702
2014-11-05,6453.9702,6539.1401,6453.9702,6539.1401
2014-11-06,6539.1401,6580.21,6503.8101,6551.1499
2014-11-07,6551.1499,6608.23,6551.1499,6567.2402
2014-11-10,6567.2402,6611.25,6566.7798,6611.25
2014-11-11,6611.25,6632.5698,6605.3398,6627.3999
2014-11-12,6627.3999,6629.3301,6588.9302,6611.04
2014-11-13,6611.04,6645.8999,6596.8901,6635.4502
2014-11-14,6635.4502,6654.3701,6610.1299,6654.3701
2014-11-17,6654.3701,6681.5498,6616.1201,6671.9702
2014-11-18,6671.9702,6714.1201,6671.75,6709.1299
2014-11-19,6709.1299,6718.8799,6678.1299,6696.6001
2014-11-20,6696.6001,6696.8198,6641.1401,6678.8999
2014-11-21,6678.8999,6773.1401,6678.8999,6750.7598
2014-11-24,6750.7598,6763.9702,6720.0898,6729.79
2014-11-25,6729.79,6750.8701,6709.3101,6731.1401
2014-11-26,6731.1401,6765.0098,6718.5298,6729.1699
2014-11-27,6729.1699,6749.9102,6713.7598,6723.4199
2014-11-28,6723.4199,6734.71,6667.0801,6722.6201
2014-12-01,6722.6201,6722.6201,6637.3901,6656.3701
2014-12-02,6656.3701,6744.3101,6656.3701,6742.1001
2014-12-03,6742.1001,6753.1899,6713.8101,6716.6299
2014-12-04,6716.6299,6733.96,6672.6699,6679.3701
2014-12-05,6679.3701,6751.3198,6679.3701,6742.8398
2014-12-08,6742.8398,6742.8398,6672.1499,6672.1499
2014-12-09,6672.1499,6672.1499,6529.4702,6529.4702
2014-12-10,6529.4702,6565.77,6500.04,6500.04
2014-12-11,6500.04,6521.6602,6441.2798,6461.7002
2014-12-12,6461.7002,6461.7002,6297.4399,6300.6299
2014-12-15,6300.6299,6356.3398,6182.7202,6182.7202
2014-12-16,6182.7202,6331.8301,6144.7202,6331.8301
2014-12-17,6331.8301,6359.6802,6240.3198,6336.48
2014-12-18,6336.48,6466,6336.48,6466
2014-12-19,6466,6566.8999,6466,6545.27
2014-12-22,6545.27,6620.9502,6545.27,6576.7402
2014-12-23,6576.7402,6620.4702,6576.7402,6598.1802
2014-12-24,6598.1802,6618.0898,6586.0498,6609.9302
2014-12-29,6609.9302,6651.96,6587.8701,6633.5098
2014-12-30,6633.5098,6633.5098,6528.8901,6547
2014-12-31,6547,6578.2402,6547,6566.0898
2015-01-02,6566.0898,6607.8901,6510.6001,6547.7998
2015-01-05,6547.7998,6576.7402,6404.4902,6417.1602
2015-01-06,6417.1602,6452.6602,6328.5898,6366.5098
2015-01-07,6366.5098,6459.7402,6366.5098,6419.8301
2015-01-08,6419.8301,6580.8198,6419.8301,6569.96
2015-01-09,6569.96,6570.2402,6471.3799,6501.1401
2015-01-12,6501.1401,6542.4302,6447.9102,6501.4199
2015-01-13,6501.4199,6558.8301,6465.1899,6542.2002
2015-01-14,6542.2002,6542.2002,6353.6499,6388.46
2015-01-15,6388.46,6498.7798,6298.1499,6498.7798
2015-01-16,6498.7798,6553.2002,6443.2798,6550.27
2015-01-19,6550.27,6598.8901,6548,6585.5298
2015-01-20,6585.5298,6640.4399,6585.5298,6620.1001
2015-01-21,6620.1001,6728.04,6620.1001,6728.04
2015-01-22,6728.04,6808.1802,6726.2402,6796.6299
2015-01-23,6796.6299,6841.73,6796.5801,6832.8301
2015-01-26,6832.8301,6855.9199,6790.1299,6852.3999
2015-01-27,6852.3999,6864.9702,6773.54,6811.6099
2015-01-28,6811.6099,6863,6777.0801,6825.9399
2015-01-29,6825.9399,6825.9399,6750.2202,6810.6001
2015-01-30,6810.6001,6843.98,6749.3999,6749.3999
2015-02-02,6749.3999,6795.52,6731.9902,6782.5498
2015-02-03,6782.5498,6886.3101,6782.3901,6871.7998
2015-02-04,6871.7998,6883.4902,6804.1001,6860.02
2015-02-05,6860.02,6870.1001,6808.1899,6865.9302
2015-02-06,6865.9302,6886.2202,6835.48,6853.4399
2015-02-09,6853.4399,6853.4399,6777.9902,6837.1499
2015-02-10,6837.1499,6843.8999,6788.8901,6829.1201
2015-02-11,6829.1201,6838.3301,6786.1201,6818.1699
2015-02-12,6818.1699,6854.6201,6817.23,6828.1099
2015-02-13,6828.1099,6887.5698,6828.1099,6873.52
2015-02-16,6873.52,6878.6602,6851.77,6857.0498
2015-02-17,6857.0498,6898.1299,6819.7798,6898.1299
2015-02-18,6898.1299,6921.3198,6876.2998,6898.0801
2015-02-19,6898.0801,6907.2998,6858.6699,6888.8999
2015-02-20,6888.8999,6920.5098,6884.77,6915.2002
2015-02-23,6915.2002,6943.6099,6885.8901,6912.1602
2015-02-24,6912.1602,6958.8901,6899.5898,6949.6299
2015-02-25,6949.6299,6955.4102,6904.8799,6935.3799
2015-02-26,6935.3799,6949.98,6920.54,6949.73
2015-02-27,6949.73,6967.2402,6929.8398,6946.6602
2015-03-02,6946.6602,6974.2598,6924.3301,6940.6401
2015-03-03,6940.6401,6963.5498,6889.1299,6889.1299
2015-03-04,6889.1299,6919.2402,6862.8701,6919.2402
2015-03-05,6919.2402,6968.6401,6914.0601,6961.1401
2015-03-06,6961.1401,6961.23,6911.7998,6911.7998
2015-03-09,6911.7998,6911.7998,6859.8101,6876.4702
2015-03-10,6876.4702,6876.8599,6702.8398,6702.8398
2015-03-11,6702.8398,6738.9502,6693.7998,6721.5098
2015-03-12,6721.5098,6799.8398,6721.5098,6761.0698
2015-03-13,6761.0698,6777.77,6713.5,6740.5801
2015-03-16,6740.5801,6809.0801,6740.5801,6804.0801
2015-03-17,6804.0801,6846.8999,6798.4702,6837.6099
2015-03-18,6837.6099,6945.2002,6837.2598,6945.2002
2015-03-19,6945.2002,6982.79,6929.73,6962.3198
2015-03-20,6962.3198,7024.21,6960.8101,7022.5098
2015-03-23,7022.5098,7037.6699,6991.4302,7037.6699
2015-03-24,7037.6699,7065.0801,7012.5098,7019.6802
2015-03-25,7019.6802,7035.1099,6983.9399,6990.9702
2015-03-26,6990.9702,6990.9702,6876.8398,6895.3301
2015-03-27,6895.3301,6910.5498,6839.8799,6855.02
2015-03-30,6855.02,6914.6001,6855.02,6891.4302
2015-03-31,6891.4302,6910.0698,6765.0498,6773.04
2015-04-01,6773.04,6856.4302,6765.3999,6809.5
2015-04-02,6809.5,6849.9102,6801.27,6833.46
2015-04-07,6833.46,6967.6899,6833.46,6961.77
2015-04-08,6961.77,7012.0601,6931.5898,6937.4102
2015-04-09,6937.4102,7016.9902,6937.4102,7015.3599
2015-04-10,7015.3599,7095.3599,7015.3599,7089.77
2015-04-13,7089.77,7089.8398,7046.6802,7064.2998
2015-04-14,7064.2998,7086.0601,7044.6001,7075.2598
2015-04-15,7075.2598,7111.7202,7058.3398,7096.7798
2015-04-16,7096.7798,7119.3501,7057.7402,7060.4502
2015-04-17,7060.4502,7093.52,6979.3198,6994.6299
2015-04-20,6994.6299,7067.8398,6994.6299,7052.1299
2015-04-21,7052.1299,7105.1299,7030,7062.9302
2015-04-22,7062.9302,7092.3398,6997.1499,7028.2402
2015-04-23,7028.2402,7055.1499,6995.79,7053.6699
2015-04-24,7053.6699,7102.5898,7051.1699,7070.7002
2015-04-27,7070.7002,7122.7402,7025.27,7103.98
2015-04-28,7103.98,7103.9902,6983.9702,7030.5298
2015-04-29,7030.5298,7058.1899,6945.5601,6946.2798
2015-04-30,6946.2798,6970.3398,6906.2402,6960.6299
2015-05-01,6960.6299,6995.4102,6919.3901,6985.9502
2015-05-05,6985.9502,7053.1802,6927.5801,6927.5801
2015-05-06,6927.5801,6974.8198,6913.46,6933.7402
2015-05-07,6933.7402,6933.7402,6810.0498,6886.9502
2015-05-08,6886.9502,7046.8198,6885.79,7046.8198
2015-05-11,7046.8198,7083.7202,7025.1699,7029.8501
2015-05-12,7029.8501,7029.8501,6887.52,6933.7998
2015-05-13,6933.7998,6989.9102,6920.6499,6949.6299
2015-05-14,6949.6299,6977.9302,6884.6299,6973.04
2015-05-15,6973.04,7009.4102,6937.1201,6960.4902
2015-05-18,6960.4902,7015.4902,6931.6401,6968.8701
2015-05-19,6968.8701,7011.3501,6968.8701,6995.1001
2015-05-20,6995.1001,7018.7002,6962.0601,7007.2598
2015-05-21,7007.2598,7026.0098,6994.2598,7013.4702
2015-05-22,7013.4702,7061.6602,7013.4702,7031.7202
2015-05-26,7031.7202,7039.5498,6930.2798,6948.9902
2015-05-27,6948.9902,7054.1401,6948.6201,7033.3301
2015-05-28,7033.3301,7049.6201,7005.8799,7040.9199
2015-05-29,7040.9199,7069.9302,6967.9199,6984.4302
2015-06-01,6984.4302,7037.5801,6942.6602,6953.5801
2015-06-02,6953.5801,6972.25,6872.1201,6928.27
2015-06-03,6928.27,6985.6899,6901.79,6950.46
2015-06-04,6950.46,6950.46,6838.9502,6859.2402
2015-06-05,6859.2402,6859.2402,6785.1499,6804.6001
2015-06-08,6804.6001,6827.1602,6781.6602,6790.04
2015-06-09,6790.04,6803.75,6736.8799,6753.7998
2015-06-10,6753.7998,6843.5698,6734.1499,6830.27
2015-06-11,6830.27,6870.1899,6807.29,6846.7402
2015-06-12,6846.7402,6846.7402,6760.0601,6784.9199
2015-06-15,6784.9199,6784.9199,6708.5,6710.52
2015-06-16,6710.52,6723.4902,6656.8999,6710.1001
2015-06-17,6710.1001,6731.54,6665.9502,6680.5498
2015-06-18,6680.5498,6707.8799,6625.1602,6707.8799
2015-06-19,6707.8799,6759.29,6691.8198,6710.4502
2015-06-22,6710.4502,6825.6699,6710.4502,6825.6699
2015-06-23,6825.6699,6856.4902,6825.6699,6834.8701
2015-06-24,6834.8701,6873.4302,6834.3198,6844.7998
2015-06-25,6844.7998,6869.04,6798.7998,6807.8198
2015-06-26,6807.8198,6807.8198,6731.1299,6753.7002
2015-06-29,6753.7002,6753.7002,6598.6401,6620.48
2015-06-30,6620.48,6620.75,6520.98,6520.98
2015-07-01,6520.98,6637.3398,6520.98,6608.5898
2015-07-02,6608.5898,6647.7002,6600.3701,6630.4702
2015-07-03,6630.4702,6630.75,6572.46,6585.7798
2015-07-06,6585.7798,6585.7798,6506.71,6535.6802
2015-07-07,6535.6802,6543.7998,6432.21,6432.21
2015-07-08,6432.21,6515.0601,6430.3599,6490.7002
2015-07-09,6490.7002,6594.1802,6490.7002,6581.6299
2015-07-10,6581.6299,6687.5698,6581.6299,6673.3799
2015-07-13,6673.3799,6743.0498,6673.3799,6737.9502
2015-07-14,6737.9502,6753.75,6710.6201,6753.75
2015-07-15,6753.75,6775.9102,6728.4902,6753.75
2015-07-16,6753.75,6805.1401,6752.0898,6796.4502
2015-07-17,6796.4502,6799.7798,6764.7998,6775.0801
2015-07-20,6775.0801,6813.4102,6772.0898,6788.6899
2015-07-21,6788.6899,6800.1299,6758.75,6769.0698
2015-07-22,6769.0698,6769.0698,6653.3901,6667.3398
2015-07-23,6667.3398,6711.4902,6644.8501,6655.0098
2015-07-24,6655.0098,6684.8101,6573.96,6579.8101
2015-07-27,6579.8101,6589.48,6495.6699,6505.1299
2015-07-28,6505.1299,6569.4502,6505.1299,6555.2798
2015-07-29,6555.2798,6634.04,6555.2798,6631
2015-07-30,6631,6697.3999,6631,6668.8701
2015-07-31,6668.8701,6705.4199,6646.2598,6696.2798
2015-08-03,6696.2798,6710.79,6668.1802,6688.6201
2015-08-04,6688.6201,6715.5098,6644.6499,6686.5698
2015-08-05,6686.5698,6764.8198,6686.5698,6752.4102
2015-08-06,6752.4102,6763.3398,6717.4902,6747.0898
2015-08-07,6747.0898,6754.77,6718.4902,6718.4902
2015-08-10,6718.4902,6751.4902,6653.6499,6736.2202
2015-08-11,6736.2202,6736.2202,6663.98,6664.54
2015-08-12,6664.54,6664.54,6536.4102,6571.1899
2015-08-13,6571.1899,6634.71,6553.4502,6568.3301
2015-08-14,6568.3301,6603.1699,6544.4199,6550.7402
2015-08-17,6550.7402,6585.8799,6507.7598,6550.2998
2015-08-18,6550.2998,6564.5498,6505.6899,6526.29
2015-08-19,6526.29,6526.52,6403.4502,6403.4502
2015-08-20,6403.4502,6408.6099,6359.71,6367.8901
2015-08-21,6367.8901,6367.8901,6187.6499,6187.6499
2015-08-24,6187.6499,6187.6499,5768.2202,5898.8701
2015-08-25,5898.8701,6115.7402,5898.8701,6081.3398
2015-08-26,6081.3398,6095.0498,5949.9399,5979.2002
2015-08-27,5979.2002,6212.48,5979.2002,6192.0298
2015-08-28,6192.0298,6247.9399,6152.0098,6247.9399
2015-09-01,6247.9399,6247.9399,6028.71,6058.54
2015-09-02,6058.54,6161.6802,6021.3599,6083.3101
2015-09-03,6083.3101,6215.7402,6083.3101,6194.1001
2015-09-04,6194.1001,6194.1001,6040.4902,6042.9199
2015-09-07,6042.9199,6125.6699,6042.9199,6074.52
2015-09-08,6074.52,6196.4702,6074.52,6146.1001
2015-09-09,6146.1001,6284.1699,6146.1001,6229.0098
2015-09-10,6229.0098,6229.0098,6127.52,6155.8101
2015-09-11,6155.8101,6174.2798,6113.1001,6117.7598
2015-09-14,6117.7598,6191.8198,6065.4302,6084.5898
2015-09-15,6084.5898,6158.0801,6019.9199,6137.6001
2015-09-16,6137.6001,6244.9399,6137.6001,6229.21
2015-09-17,6229.21,6239.8599,6182.6299,6186.9902
2015-09-18,6186.9902,6188.7402,6053.8701,6104.1099
2015-09-21,6104.1099,6168.7402,6083.6401,6108.71
2015-09-22,6108.71,6111.5698,5935.8398,5935.8398
2015-09-23,5935.8398,6067.5601,5933.23,6032.2402
2015-09-24,6032.2402,6055.6401,5947.1899,5961.4902
2015-09-25,5961.4902,6120.6699,5961.4902,6109.0098
2015-09-28,6109.0098,6110.3101,5958.8599,5958.8599
2015-09-29,5958.8599,5958.8599,5877.0801,5909.2402
2015-09-30,5909.2402,6061.6099,5909.2402,6061.6099
2015-10-01,6061.6099,6172.7798,6053.2598,6072.4702
2015-10-02,6072.4702,6176.2002,6051.6201,6129.98
2015-10-05,6129.98,6301.0498,6129.98,6298.9199
2015-10-06,6298.9199,6343.71,6255.1001,6326.1602
2015-10-07,6326.1602,6396.3398,6319.77,6336.3501
2015-10-08,6336.3501,6380.2998,6303.46,6374.8198
2015-10-09,6374.8198,6453.2202,6374.8198,6416.1602
2015-10-12,6416.1602,6416.1602,6351.3398,6371.1802
2015-10-13,6371.1802,6371.1802,6303.02,6342.2798
2015-10-14,6342.2798,6342.2798,6268.29,6269.6099
2015-10-15,6269.6099,6351.4302,6269.6099,6338.6699
2015-10-16,6338.6699,6398.23,6338.6699,6378.04
2015-10-19,6378.04,6408.0898,6336.27,6352.3301
2015-10-20,6352.3301,6367.75,6319.25,6345.1299
2015-10-21,6345.1299,6387.29,6316.2998,6348.4199
2015-10-22,6348.4199,6387.2798,6321.6499,6376.2798
2015-10-23,6376.2798,6487.8901,6376.2798,6444.0801
2015-10-26,6444.0801,6453,6405.3799,6417.02
2015-10-27,6417.02,6419.6201,6365.27,6365.27
2015-10-28,6365.27,6448.46,6355.7798,6437.7998
2015-10-29,6437.7998,6437.8501,6358.1602,6395.7998
2015-10-30,6395.7998,6410.2798,6337.6499,6361.0898
2015-11-02,6361.0898,6364.4199,6317.29,6361.7998
2015-11-03,6361.7998,6383.6099,6344.7002,6383.6099
2015-11-04,6383.6099,6459.46,6383.04,6412.8799
2015-11-05,6412.8799,6421.8101,6358.1201,6364.8999
2015-11-06,6364.8999,6395.1899,6332.73,6353.8301
2015-11-09,6353.8301,6380.4199,6292.0498,6295.1602
2015-11-10,6295.1602,6329.6899,6250.3101,6275.2798
2015-11-11,6275.2798,6327.1602,6272.6899,6297.2002
2015-11-12,6297.2002,6300.8999,6178.6802,6178.6802
2015-11-13,6178.6802,6178.9502,6088.7598,6118.2798
2015-11-16,6118.2798,6161.8999,6079.79,6146.3799
2015-11-17,6146.3799,6269.4399,6146.3799,6268.7598
2015-11-18,6268.7598,6283.8999,6228.1499,6278.9702
2015-11-19,6278.9702,6366.8501,6278.9702,6329.9302
2015-11-20,6329.9302,6360.73,6311.7598,6334.6299
2015-11-23,6334.6299,6334.6299,6267.0498,6305.4902
2015-11-24,6305.4902,6305.4902,6221.3301,6277.23
2015-11-25,6277.23,6348.0498,6277.23,6337.6401
2015-11-26,6337.6401,6395.3301,6333.9199,6393.1299
2015-11-27,6393.1299,6393.1299,6345.2998,6375.1499
2015-11-30,6375.1499,6387.1099,6329.9199,6356.0898
2015-12-01,6356.0898,6402.3599,6356.0898,6395.6499
2015-12-02,6395.6499,6447.3398,6395.2002,6420.9302
2015-12-03,6420.9302,6444.7202,6275,6275
2015-12-04,6275,6277.5898,6219.5,6238.29
2015-12-07,6238.29,6287.23,6215.1699,6223.52
2015-12-08,6223.52,6224.8599,6120.6802,6135.2202
2015-12-09,6135.2202,6175.75,6101.2202,6126.6802
2015-12-10,6126.6802,6127.0898,6079.96,6088.0498
2015-12-11,6088.0498,6088.0498,5949.8398,5952.7798
2015-12-14,5952.7798,6009.9199,5871.8799,5874.0601
2015-12-15,5874.0601,6036.6802,5874.0601,6017.79
2015-12-16,6017.79,6089.3101,6016.25,6061.1899
2015-12-17,6061.1899,6160.7798,6061.1899,6102.54
2015-12-18,6102.54,6105.5698,6051.7402,6052.4199
2015-12-21,6052.4199,6113.96,6034.8398,6034.8398
2015-12-22,6034.8398,6090.5801,6031.8198,6083.1001
2015-12-23,6083.1001,6248.5,6083.1001,6240.98
2015-12-24,6240.98,6259.8599,6236.8501,6254.6401
2015-12-29,6254.6401,6314.5698,6245.2402,6314.5698
2015-12-30,6314.5698,6314.5698,6261.48,6274.0498
2015-12-31,6274.0498,6278.3101,6233.0298,6242.3198
2016-01-04,6242.3198,6242.3198,6071.0098,6093.4302
2016-01-05,6093.4302,6166.2598,6079.23,6137.2402
2016-01-06,6137.2402,6137.2402,6018.6499,6073.3799
2016-01-07,6073.3799,6073.3799,5887.9702,5954.0801
2016-01-08,5954.0801,6013.3799,5912.4399,5912.4399
2016-01-11,5912.4399,5941.9302,5871.8301,5871.8301
2016-01-12,5871.8301,5985.7998,5866.6699,5929.2402
2016-01-13,5929.2402,6011.1299,5929.2402,5960.9702
2016-01-14,5960.9702,5960.9702,5829.2598,5918.23
2016-01-15,5918.23,5934.6201,5769.23,5804.1001
2016-01-18,5804.1001,5852.0898,5766.5,5779.9199
2016-01-19,5779.9199,5915.6899,5779.9199,5876.7998
2016-01-20,5876.7998,5876.7998,5639.8799,5673.5801
2016-01-21,5673.5801,5781.2402,5659.1499,5773.79
2016-01-22,5773.79,5926.9399,5773.79,5900.0098
2016-01-25,5900.0098,5933.4702,5851.8301,5877
2016-01-26,5877,5919.1699,5771.3701,5911.46
2016-01-27,5911.46,5990.3701,5870.75,5990.3701
2016-01-28,5990.3701,6020.54,5889.3701,5931.7798
2016-01-29,5931.7798,6083.79,5931.7798,6083.79
2016-02-01,6083.79,6115.1099,5993.8398,6060.1001
2016-02-02,6060.1001,6060.4502,5889.6001,5922.0098
2016-02-03,5922.0098,5924.5801,5791.04,5837.1401
2016-02-04,5837.1401,5938.1201,5831.1201,5898.7598
2016-02-05,5898.7598,5945.8999,5839.3599,5848.0601
2016-02-08,5848.0601,5882.4302,5666.1299,5689.3599
2016-02-09,5689.3599,5739.25,5596.2598,5632.1899
2016-02-10,5632.1899,5712.7798,5616.8799,5672.2998
2016-02-11,5672.2998,5672.2998,5499.5098,5536.9702
2016-02-12,5536.9702,5707.6001,5536.9702,5707.6001
2016-02-15,5707.6001,5844.5298,5707.6001,5824.2798
2016-02-16,5824.2798,5880.7202,5812.4902,5862.1699
2016-02-17,5862.1699,6030.3198,5862.1699,6030.3198
2016-02-18,6030.3198,6036.46,5948.25,5971.9502
2016-02-19,5971.9502,6001.2202,5916.2598,5950.23
2016-02-22,5950.23,6065.8101,5950.23,6037.73
2016-02-23,6037.73,6037.73,5954.1802,5962.3101
2016-02-24,5962.3101,5966.73,5845.5498,5867.1802
2016-02-25,5867.1802,6028.9702,5867.1802,6012.8101
2016-02-26,6012.8101,6115.3701,6012.8101,6096.0098
2016-02-29,6096.0098,6104.98,6033.21,6097.0898
2016-03-01,6097.0898,6153.75,6070.5098,6152.8799
2016-03-02,6152.8799,6194.0098,6097.77,6147.0601
2016-03-03,6147.0601,6173.7002,6108.3501,6130.46
2016-03-04,6130.46,6204.1401,6130.46,6199.4302
2016-03-07,6199.4302,6216.1001,6125.6401,6182.3999
2016-03-08,6182.3999,6182.4502,6101.8901,6125.4399
2016-03-09,6125.4399,6174.8198,6118.23,6146.3198
2016-03-10,6146.3198,6203.3999,6036.7002,6036.7002
2016-03-11,6036.7002,6150.8799,6036.7002,6139.79
2016-03-14,6139.79,6197.8301,6139.79,6174.5698
2016-03-15,6174.5698,6174.5698,6114.77,6139.9702
2016-03-16,6139.9702,6186.1802,6134.27,6175.4902
2016-03-17,6175.4902,6220.02,6125.7002,6201.1201
2016-03-18,6201.1201,6237.02,6186.2402,6189.6401
2016-03-21,6189.6401,6215.2998,6154.1201,6184.5801
2016-03-22,6184.5801,6193.4702,6110.3901,6192.7402
2016-03-23,6192.7402,6216.7598,6171.1299,6199.1099
2016-03-24,6199.1099,6199.1099,6090.0298,6106.48
2016-03-29,6106.48,6156.6699,6070.77,6105.8999
2016-03-30,6105.8999,6221.7998,6105.8999,6203.1699
2016-03-31,6203.1699,6203.3901,6149.8198,6174.8999
2016-04-01,6174.8999,6174.8999,6076.8901,6146.0498
2016-04-04,6146.0498,6201.9502,6132.8999,6164.7202
2016-04-05,6164.7202,6164.7402,6061.8501,6091.23
2016-04-06,6091.23,6161.6299,6091.23,6161.6299
2016-04-07,6161.6299,6204.1099,6119.3799,6136.8901
2016-04-08,6136.8901,6216.2798,6136.8901,6204.4102
2016-04-11,6204.4102,6229.6602,6165.46,6200.1201
2016-04-12,6200.1201,6248.27,6176.2798,6242.3901
2016-04-13,6242.3901,6362.8901,6242.3901,6362.8901
2016-04-14,6362.8901,6373.9302,6335.3999,6365.1001
2016-04-15,6365.1001,6372.52,6328.1899,6343.75
2016-04-18,6343.75,6354.8799,6261.71,6353.52
2016-04-19,6353.52,6418.25,6353.4902,6405.3501
2016-04-20,6405.3501,6421.9102,6367.3599,6410.2598
2016-04-21,6410.2598,6427.3198,6352.9302,6381.4399
2016-04-22,6381.4399,6381.5801,6289.3398,6310.4399
2016-04-25,6310.4399,6324.6001,6249.3398,6260.9199
2016-04-26,6260.9199,6297.8799,6260.9199,6284.52
2016-04-27,6284.52,6319.9102,6255.2002,6319.9102
2016-04-28,6319.9102,6322.3999,6224.4702,6322.3999
2016-04-29,6322.3999,6322.3999,6241.8901,6241.8901
2016-05-03,6241.8901,6270.0298,6159.8599,6185.5898
2016-05-04,6185.5898,6185.5898,6100.7598,6112.02
2016-05-05,6112.02,6152.5898,6102.29,6117.25
2016-05-06,6117.25,6129.8999,6054.7402,6125.7002
2016-05-09,6125.7002,6177.6001,6108.3701,6114.8101
2016-05-10,6114.8101,6180.1899,6114.8101,6156.6499
2016-05-11,6156.6499,6172.7202,6131.2202,6162.4902
2016-05-12,6162.4902,6193.21,6094.1401,6104.1899
2016-05-13,6104.1899,6138.5,6060.1001,6138.5
2016-05-16,6138.5,6157.2402,6092.21,6151.3999
2016-05-17,6151.3999,6215.8799,6147.1602,6167.77
2016-05-18,6167.77,6169.3301,6115.9902,6165.7998
2016-05-19,6165.7998,6165.7998,6050.21,6053.3501
2016-05-20,6053.3501,6156.5,6053.3501,6156.3198
2016-05-23,6156.3198,6173.0601,6122.5698,6136.4302
2016-05-24,6136.4302,6231.8501,6109.5801,6219.2598
2016-05-25,6219.2598,6270.25,6219.2598,6262.8501
2016-05-26,6262.8501,6281.73,6243.4902,6265.6499
2016-05-27,6265.6499,6275.8999,6250.27,6270.79
2016-05-31,6270.79,6290.0698,6230.1099,6230.79
2016-06-01,6230.79,6233.1802,6151.8999,6191.9302
2016-06-02,6191.9302,6220.27,6173.0498,6185.6099
2016-06-03,6185.6099,6251.7402,6168.1899,6209.6299
2016-06-06,6209.6299,6301.5601,6209.6299,6273.3999
2016-06-07,6273.3999,6322.6001,6273.3999,6284.5298
2016-06-08,6284.5298,6304.5098,6263.7998,6301.52
2016-06-09,6301.52,6301.73,6229.0698,6231.8901
2016-06-10,6231.8901,6231.8901,6097.2402,6115.7598
2016-06-13,6115.7598,6115.7598,6044.9702,6044.9702
2016-06-14,6044.9702,6044.9702,5921.7202,5923.5298
2016-06-15,5923.5298,6007.4902,5923.3901,5966.7998
2016-06-16,5966.7998,5966.7998,5899.9702,5950.48
2016-06-17,5950.48,6046.1001,5950.48,6021.0898
2016-06-20,6021.0898,6236.5298,6021.0898,6204
2016-06-21,6204,6250.1899,6156.23,6226.5498
2016-06-22,6226.5498,6315.6201,6222.0098,6261.1899
2016-06-23,6261.1899,6380.5801,6261.1899,6338.1001
2016-06-24,6338.1001,6338.5498,5788.7402,6138.6899
2016-06-27,6138.6899,6138.6899,5958.6602,5982.2002
2016-06-28,5982.2002,6170.2598,5982.2002,6140.3901
2016-06-29,6140.3901,6360.0601,6140.3901,6360.0601
2016-06-30,6360.0601,6504.3301,6309.98,6504.3301
2016-07-01,6504.3301,6587.4399,6498.5601,6577.8301
2016-07-04,6577.8301,6612.1299,6514.8101,6522.2598
2016-07-05,6522.2598,6561.5801,6472.25,6545.3701
2016-07-06,6545.3701,6580.3198,6432.4702,6463.5898
2016-07-07,6463.5898,6579.25,6463.5898,6533.79
2016-07-08,6533.79,6605.8301,6515.2402,6590.6401
2016-07-11,6590.6401,6695.0698,6590.6401,6682.8599
2016-07-12,6682.8599,6703.0898,6663.6602,6680.6899
2016-07-13,6680.6899,6717.1699,6654.6401,6670.3999
2016-07-14,6670.3999,6743.4199,6648.3999,6654.4702
2016-07-15,6654.4702,6669.2402,6616.5098,6669.2402
2016-07-18,6669.2402,6715.5801,6653.6699,6695.4199
2016-07-19,6695.4199,6711.6899,6660.8701,6697.3701
2016-07-20,6697.3701,6736.5698,6694.3599,6728.9902
2016-07-21,6728.9902,6732.0698,6694.52,6699.8901
2016-07-22,6699.8901,6735.9399,6663.7202,6730.48
2016-07-25,6730.48,6756.1299,6691.0298,6710.1299
2016-07-26,6710.1299,6744.7998,6708.5801,6724.0298
2016-07-27,6724.0298,6780.0498,6723.71,6750.4302
2016-07-28,6750.4302,6762.7202,6718.8999,6721.0601
2016-07-29,6721.0601,6740.4702,6691.1299,6724.4302
2016-08-01,6724.4302,6769.4102,6678.4502,6693.9502
2016-08-02,6693.9502,6694.1401,6630.7598,6645.3999
2016-08-03,6645.3999,6673.6299,6621.4199,6634.3999
2016-08-04,6634.3999,6749.6699,6615.8301,6740.1602
2016-08-05,6740.1602,6802.4102,6738.5698,6793.4702
2016-08-08,6793.4702,6829.4702,6781.4702,6809.1299
2016-08-09,6809.1299,6863.1001,6807.7598,6851.2998
2016-08-10,6851.2998,6866.4199,6820.04,6866.4199
2016-08-11,6866.4199,6914.71,6812.73,6914.71
2016-08-12,6914.71,6931.04,6896.04,6916.02
2016-08-15,6916.02,6955.3398,6907.1699,6941.1899
2016-08-16,6941.1899,6941.1899,6893.9199,6893.9199
2016-08-17,6893.9199,6920.7598,6849.8999,6859.1499
2016-08-18,6859.1499,6893.3501,6850.6099,6868.96
2016-08-19,6868.96,6871.48,6840.9399,6858.9502
2016-08-22,6858.9502,6884.6099,6812.0698,6828.54
2016-08-23,6828.54,6885.3901,6828.54,6868.5098
2016-08-24,6868.5098,6868.5098,6825.2202,6835.7798
2016-08-25,6835.7798,6836.2202,6779.1499,6816.8999
2016-08-26,6816.8999,6857.29,6798.8198,6838.0498
2016-08-30,6838.0498,6851.8301,6808.0698,6820.79
2016-08-31,6820.79,6832.8901,6779.54,6781.5098
2016-09-01,6781.5098,6826.2202,6723.21,6745.9702
2016-09-02,6745.9702,6928.25,6745.9702,6894.6001
2016-09-05,6894.6001,6910.6602,6867.0801,6879.4199
2016-09-06,6879.4199,6887.9199,6818.96,6826.0498
2016-09-07,6826.0498,6856.1201,6814.8701,6846.5801
2016-09-08,6846.5801,6889.6401,6819.8198,6858.7002
2016-09-09,6858.7002,6862.3799,6762.2998,6776.9502
2016-09-12,6776.9502,6776.9502,6654.48,6700.8999
2016-09-13,6700.8999,6724.7402,6665.6299,6665.6299
2016-09-14,6665.6299,6720.29,6665.6299,6673.3101
2016-09-15,6673.3101,6736.8398,6654.8198,6730.2998
2016-09-16,6730.2998,6746.29,6692.73,6710.2798
2016-09-19,6710.2798,6813.9502,6710.2798,6813.5498
2016-09-20,6813.5498,6869.1001,6798.02,6830.79
2016-09-21,6830.79,6879.8101,6830.4702,6834.77
2016-09-22,6834.77,6937.3301,6834.77,6911.3999
2016-09-23,6911.3999,6920.23,6882.6201,6909.4302
2016-09-26,6909.4302,6909.6299,6806.4702,6818.04
2016-09-27,6818.04,6865.4502,6768.8599,6807.6699
2016-09-28,6807.6699,6878.21,6807.6699,6849.3799
2016-09-29,6849.3799,6941.0898,6849.3799,6919.4199
2016-09-30,6919.4199,6919.4199,6809.5098,6899.3301
2016-10-03,6899.3301,6996.4302,6898.0898,6983.52
2016-10-04,6983.52,7121.9302,6983.52,7074.3398
2016-10-05,7074.3398,7076.71,7024.1299,7033.25
2016-10-06,7033.25,7049.3398,6999.96,6999.96
2016-10-07,6999.96,7079.25,6999.96,7044.3901
2016-10-10,7044.3901,7104.4902,7024.0801,7097.5
2016-10-11,7097.5,7129.8301,7061.3599,7070.8799
2016-10-12,7070.8799,7079.4199,7015.7598,7024.0098
2016-10-13,7024.0098,7024.0098,6930.04,6977.7402
2016-10-14,6977.7402,7055.1802,6977.7402,7013.5498
2016-10-17,7013.5498,7013.5498,6937.4302,6947.5498
2016-10-18,6947.5498,7033.02,6946.3901,7000.0601
2016-10-19,7000.0601,7031.2002,6975.9199,7021.9199
2016-10-20,7021.9199,7047.5498,6998.8398,7026.8999
2016-10-21,7026.8999,7058.3901,7011.0898,7020.4702
2016-10-24,7020.4702,7067.3398,6983.3999,6986.3999
2016-10-25,6986.3999,7067.23,6985.9199,7017.6401
2016-10-26,7017.6401,7017.6401,6917.77,6958.0898
2016-10-27,6958.0898,7003.9302,6924.0498,6986.5698
2016-10-28,6986.5698,7006.4302,6927.21,6996.2598
2016-10-31,6996.2598,6996.2598,6945.29,6954.2202
2016-11-01,6954.2202,6993.79,6903.6099,6917.1401
2016-11-02,6917.1401,6917.1401,6845.4199,6845.4199
2016-11-03,6845.4199,6873.21,6790.5098,6790.5098
2016-11-04,6790.5098,6790.52,6676.5601,6693.2598
2016-11-07,6693.2598,6806.8999,6693.2598,6806.8999
2016-11-08,6806.8999,6849.3101,6795.0601,6843.1299
2016-11-09,6843.1299,6911.8398,6696.3301,6911.8398
2016-11-10,6911.8398,6997.25,6799.0498,6827.98
2016-11-11,6827.98,6849.04,6709.7202,6730.4302
2016-11-14,6730.4302,6814.1899,6730.4302,6753.1802
2016-11-15,6753.1802,6820.52,6753.1802,6792.7402
2016-11-16,6792.7402,6810.5298,6735.6899,6749.7202
2016-11-17,6749.7202,6798.75,6745.0801,6794.71
2016-11-18,6794.71,6811.6201,6740.3398,6775.77
2016-11-21,6775.77,6820.8999,6754.1602,6777.96
2016-11-22,6777.96,6851.3701,6777.96,6819.7202
2016-11-23,6819.7202,6880.7402,6779.4502,6817.71
2016-11-24,6817.71,6831.23,6790.6899,6829.2002
2016-11-25,6829.2002,6852.1401,6818.1201,6840.75
2016-11-28,6840.75,6840.96,6769.77,6799.4702
2016-11-29,6799.4702,6800.9102,6729.3599,6772
2016-11-30,6772,6845.7402,6765.23,6783.79
2016-12-01,6783.79,6789.2998,6688.4102,6752.9302
2016-12-02,6752.9302,6752.9302,6678.7402,6730.7202
2016-12-05,6730.7202,6799.5,6697.6499,6746.8301
2016-12-06,6746.8301,6785.3198,6723.0498,6779.8398
2016-12-07,6779.8398,6902.23,6779.8398,6902.23
2016-12-08,6902.23,6937.5098,6892.1699,6931.5498
2016-12-09,6931.5498,6962.25,6929.46,6954.21
2016-12-12,6954.21,6976.7798,6875.4302,6890.4199
2016-12-13,6890.4199,6977.9902,6877.52,6968.5698
2016-12-14,6968.5698,6970.52,6941.9502,6949.1899
2016-12-15,6949.1899,7010.48,6925.8799,6999.0098
2016-12-16,6999.0098,7038.4302,6990.3501,7011.6401
2016-12-19,7011.6401,7025.7402,6986.4399,7017.1602
2016-12-20,7017.1602,7045.2202,6992.6201,7043.96
2016-12-21,7043.96,7056.98,7025.6802,7041.4199
2016-12-22,7041.4199,7063.6802,7020.1299,7063.6802
2016-12-23,7063.6802,7071.1099,7054.6401,7068.1699
2016-12-28,7068.1699,7109.3701,7060.8501,7106.0801
2016-12-29,7106.0801,7120.2598,7074.4702,7120.2598
2016-12-30,7120.2598,7142.8301,7087.54,7142.8301
2017-01-03,7142.8301,7205.4502,7142.8301,7177.8901
2017-01-04,7177.8901,7189.7402,7168.77,7189.7402
2017-01-05,7189.7402,7211.96,7172.77,7195.3101
2017-01-06,7195.3101,7210.0498,7180.6401,7210.0498
2017-01-09,7210.0498,7243.7598,7207.3999,7237.77
2017-01-10,7237.77,7284.8101,7237.29,7275.4702
2017-01-11,7275.4702,7328.5098,7257.1499,7290.4902
2017-01-12,7290.4902,7302.3398,7263.4199,7292.3701
2017-01-13,7292.3701,7338.4902,7292.3701,7337.8101
2017-01-16,7337.8101,7354.1401,7320.4702,7327.1299
2017-01-17,7327.1299,7329.27,7220.3799,7220.3799
2017-01-18,7220.3799,7260.4702,7218.4102,7247.6099
2017-01-19,7247.6099,7249.6299,7191.6699,7208.4399
2017-01-20,7208.4399,7221.0098,7193.73,7198.4399
2017-01-23,7198.4399,7198.4399,7131.46,7151.1802
2017-01-24,7151.1802,7190.1499,7144.4399,7150.3398
2017-01-25,7150.3398,7205.6802,7150.3398,7164.4302
2017-01-26,7164.4302,7184.75,7151.3398,7161.4902
2017-01-27,7161.4902,7184.73,7150.7598,7184.4902
2017-01-30,7184.4902,7184.7002,7105.6699,7118.48
2017-01-31,7118.48,7162.5298,7099.1499,7099.1499
2017-02-01,7099.1499,7170.2402,7099.1499,7107.6499
2017-02-02,7107.6499,7163.9399,7093.5698,7140.75
2017-02-03,7140.75,7202.3701,7133.6299,7188.2998
2017-02-06,7188.2998,7208.73,7165.1699,7172.1499
2017-02-07,7172.1499,7227.2202,7159.5698,7186.2202
2017-02-08,7186.2202,7195.9399,7147.1802,7188.8198
2017-02-09,7188.8198,7238.7402,7183.1401,7229.5
2017-02-10,7229.5,7274.7998,7229.4502,7258.75
2017-02-13,7258.75,7298.4702,7257.6699,7278.9199
2017-02-14,7278.9199,7292.6499,7251.8101,7268.5601
2017-02-15,7268.5601,7313.4399,7268.5601,7302.4102
2017-02-16,7302.4102,7302.4102,7260.7402,7277.9199
2017-02-17,7277.9199,7307.1401,7253.1602,7299.96
2017-02-20,7299.96,7329.5601,7283.29,7299.8599
2017-02-21,7299.8599,7318.98,7267.4902,7274.8301
2017-02-22,7274.8301,7314.2598,7274.71,7302.25
2017-02-23,7302.25,7310.0498,7262.9399,7271.3701
2017-02-24,7271.3701,7271.8599,7192.4502,7243.7002
2017-02-27,7243.7002,7285.1899,7239.6602,7253
2017-02-28,7253,7284.2002,7246.6001,7263.4399
2017-03-01,7263.4399,7383.0498,7263.4399,7382.8999
2017-03-02,7382.8999,7394.6099,7372.6802,7382.3501
2017-03-03,7382.3501,7382.3599,7353.6401,7374.2598
2017-03-06,7374.2598,7374.2598,7338.9399,7350.1201
2017-03-07,7350.1201,7363.7402,7335.27,7338.9902
2017-03-08,7338.9902,7354.4702,7315.8599,7334.6099
2017-03-09,7334.6099,7336.2598,7263.6201,7314.96
2017-03-10,7314.96,7373,7314.96,7343.0801
2017-03-13,7343.0801,7377.4102,7342.02,7367.0801
2017-03-14,7367.0801,7386.1699,7339.27,7357.8501
2017-03-15,7357.8501,7383.3301,7357.5801,7368.6401
2017-03-16,7368.6401,7444.6201,7368.6401,7415.9502
2017-03-17,7415.9502,7447,7402.6401,7424.96
2017-03-20,7424.96,7433.6802,7399.9702,7429.8101
2017-03-21,7429.8101,7440.8501,7360.6699,7378.3398
2017-03-22,7378.3398,7378.3999,7301.8301,7324.7202
2017-03-23,7324.7202,7346.3999,7307.6499,7340.71
2017-03-24,7340.71,7351.6001,7322.8599,7336.8198
2017-03-27,7336.8198,7336.8198,7255.7798,7293.5
2017-03-28,7293.5,7349.5898,7285.7998,7343.4199
2017-03-29,7343.4199,7373.7202,7313.8999,7373.7202
2017-03-30,7373.7202,7384.7998,7340.25,7369.52
2017-03-31,7369.52,7369.5498,7322.9199,7322.9199
2017-04-03,7322.9199,7350.2998,7280.7598,7282.6899
2017-04-04,7282.6899,7324.6001,7282.6899,7321.8198
2017-04-05,7321.8198,7362.5898,7321.8198,7331.6802
2017-04-06,7331.6802,7331.6802,7258.1099,7303.2002
2017-04-07,7303.2002,7349.3701,7284.73,7349.3701
2017-04-10,7349.3701,7359.25,7337.0098,7348.9399
2017-04-11,7348.9399,7406.3501,7332.5898,7365.5
2017-04-12,7365.5,7402.4199,7348.8398,7348.9902
2017-04-13,7348.9902,7348.9902,7298.8501,7327.5898
2017-04-18,7327.5898,7327.5898,7147.5,7147.5
2017-04-19,7147.5,7151.1802,7114.3599,7114.3599
2017-04-20,7114.3599,7127.5801,7096.8301,7118.54
2017-04-21,7118.54,7134.5298,7104.2202,7114.5498
2017-04-24,7114.5498,7273.8999,7114.5498,7264.6802
2017-04-25,7264.6802,7290.8198,7258.7402,7275.6401
2017-04-26,7275.6401,7302.5698,7262.3198,7288.7202
2017-04-27,7288.7202,7289.3799,7224.3501,7237.1699
2017-04-28,7237.1699,7243.3101,7197.2798,7203.9399
2017-05-02,7203.9399,7254.3198,7203.9399,7250.0498
2017-05-03,7250.0498,7250.0498,7218.5601,7234.5298
2017-05-04,7234.5298,7280.7002,7226.0698,7248.1001
2017-05-05,7248.1001,7297.4302,7222.8101,7297.4302
2017-05-08,7297.4302,7322.3198,7285.7598,7300.8599
2017-05-09,7300.8599,7359.6099,7300.8599,7342.21
2017-05-10,7342.21,7398.5801,7331.2998,7385.2402
2017-05-11,7385.2402,7396.1899,7369.23,7386.6299
2017-05-12,7386.6299,7435.3901,7381.7402,7435.3901
2017-05-15,7435.3901,7460.2002,7434.2402,7454.3701
2017-05-16,7454.3701,7533.7002,7452.4399,7522.0298
2017-05-17,7522.0298,7532.9502,7478.8799,7503.4702
2017-05-18,7503.4702,7503.6802,7389.2598,7436.4199
2017-05-19,7436.4199,7480.2798,7436.4199,7470.71
2017-05-22,7470.71,7518.1201,7470.71,7496.3398
2017-05-23,7496.3398,7521.9399,7485.29,7485.29
2017-05-24,7485.29,7519.5801,7475.1099,7514.8999
2017-05-25,7514.8999,7529.7402,7497.0698,7517.71
2017-05-26,7517.71,7554.21,7514.3901,7547.6299
2017-05-30,7547.6299,7547.6499,7497.0698,7526.5098
2017-05-31,7526.5098,7586.4502,7519.6802,7519.9502
2017-06-01,7519.9502,7558.6299,7518.3198,7543.77
2017-06-02,7543.77,7598.9902,7539.96,7547.6299
2017-06-05,7547.6299,7562,7519.0601,7525.7598
2017-06-06,7525.7598,7527.6401,7502.8301,7524.9502
2017-06-07,7524.9502,7555.6201,7476.3301,7478.6201
2017-06-08,7478.6201,7489.6602,7449.98,7449.98
2017-06-09,7449.98,7545.1201,7449.73,7527.3301
2017-06-12,7527.3301,7540.5298,7483.6099,7511.8701
2017-06-13,7511.8701,7540.0498,7491.8599,7500.4399
2017-06-14,7500.4399,7545.0698,7474.3999,7474.3999
2017-06-15,7474.3999,7474.5098,7377.8599,7419.3599
2017-06-16,7419.3599,7478.9902,7419.3599,7463.54
2017-06-19,7463.54,7537.8398,7463.54,7523.8101
2017-06-20,7523.8101,7561.0698,7472.71,7472.71
2017-06-21,7472.71,7477.1699,7417.4502,7447.79
2017-06-22,7447.79,7448.48,7398.8301,7439.29
2017-06-23,7439.29,7441.79,7396.75,7424.1299
2017-06-26,7424.1299,7480.9502,7424.1299,7446.7998
2017-06-27,7446.7998,7451.6802,7411.3599,7434.3599
2017-06-28,7434.3599,7445.3101,7381.3599,7387.7998
2017-06-29,7387.7998,7451.9502,7341.75,7350.3198
2017-06-30,7350.3198,7377.3799,7302.71,7312.7202
2017-07-03,7312.7202,7386.1099,7312.2598,7377.0898
2017-07-04,7377.0898,7383.4502,7336.75,7357.23
2017-07-05,7357.23,7386.9199,7347.52,7367.6001
2017-07-06,7367.6001,7373.8501,7303.46,7337.2798
2017-07-07,7337.2798,7359.48,7314.6899,7350.9199
2017-07-10,7350.9199,7388.02,7344.3101,7370.0298
2017-07-11,7370.0298,7386.8799,7304.77,7329.7598
2017-07-12,7329.7598,7439.0801,7329.7598,7416.9302
2017-07-13,7416.9302,7428.2402,7403.75,7413.4399
2017-07-14,7413.4399,7419.8101,7363.77,7378.3901
2017-07-17,7378.3901,7426.3701,7378.2998,7404.1299
2017-07-18,7404.1299,7418.5298,7357.77,7390.2202
2017-07-19,7390.2202,7442.8398,7379.3301,7430.9102
2017-07-20,7430.9102,7502.73,7430.9102,7487.8701
2017-07-21,7487.8701,7515.1201,7433.8901,7452.9102
2017-07-24,7452.9102,7453.2202,7357.5,7377.73
2017-07-25,7377.73,7453.7402,7377.73,7434.8198
2017-07-26,7434.8198,7487.0498,7434.6802,7452.3198
2017-07-27,7452.3198,7461.8501,7410.8501,7443.0098
2017-07-28,7443.0098,7443.0098,7339.4399,7368.3701
2017-07-31,7368.3701,7425.52,7367.8599,7372
2017-08-01,7372,7440.1401,7372,7423.6602
2017-08-02,7423.6602,7434.71,7388.9102,7411.4302
2017-08-03,7411.4302,7484.5298,7384.2202,7474.77
2017-08-04,7474.77,7519.0601,7465.1201,7511.71
2017-08-07,7511.71,7533.7402,7511.71,7531.9399
2017-08-08,7531.9399,7551.8501,7518.4502,7542.73
2017-08-09,7542.73,7542.73,7475.8301,7498.0601
2017-08-10,7498.0601,7498.0601,7376.6602,7389.9399
2017-08-11,7389.9399,7389.96,7296.4902,7309.96
2017-08-14,7309.96,7377.6602,7309.96,7353.8901
2017-08-15,7353.8901,7399.3501,7353.8901,7383.8501
2017-08-16,7383.8501,7444.98,7383.8501,7433.0298
2017-08-17,7433.0298,7433.7402,7382.1602,7387.8701
2017-08-18,7387.8701,7387.8701,7302.4702,7323.98
2017-08-21,7323.98,7331.9502,7296.7998,7318.8799
2017-08-22,7318.8799,7387.5498,7318.8799,7381.7402
2017-08-23,7381.7402,7394.52,7360.3301,7382.6499
2017-08-24,7382.6499,7437.8701,7382.1602,7407.0601
2017-08-25,7407.0601,7439.5298,7401.46,7401.46
2017-08-29,7401.46,7401.6201,7289.2002,7337.4302
2017-08-30,7337.4302,7381.3301,7337.4302,7365.2598
2017-08-31,7365.2598,7443.6802,7365.0098,7430.6201
2017-09-01,7430.6201,7460.52,7430.0601,7438.5
2017-09-04,7438.5,7438.5,7404.0498,7411.4702
2017-09-05,7411.4702,7437.5098,7369.5801,7372.9199
2017-09-06,7372.9199,7372.9199,7322.4199,7354.1299
2017-09-07,7354.1299,7412.6802,7348.3799,7396.98
2017-09-08,7396.98,7396.98,7358.4199,7377.6001
2017-09-11,7377.6001,7434.0698,7377.6001,7413.5898
2017-09-12,7413.5898,7435.8398,7386.98,7400.6899
2017-09-13,7400.6899,7401.2998,7336.23,7379.7002
2017-09-14,7379.7002,7390.7002,7287.73,7295.3901
2017-09-15,7295.3901,7295.3901,7196.5801,7215.4702
2017-09-18,7215.4702,7257.4502,7215.4702,7253.2798
2017-09-19,7253.2798,7285.6699,7243.5898,7275.25
2017-09-20,7275.25,7289.9302,7249.5801,7271.9502
2017-09-21,7271.9502,7289.1602,7260.0498,7263.8999
2017-09-22,7263.8999,7320.2798,7242.23,7310.6401
2017-09-25,7310.6401,7312.4502,7272.4902,7301.29
2017-09-26,7301.29,7311.8198,7273.3198,7285.7402
2017-09-27,7285.7402,7327.5,7285.7402,7313.5098
2017-09-28,7313.5098,7323.3301,7289.75,7322.8198
2017-09-29,7322.8198,7382.6699,7321.6401,7372.7598
2017-10-02,7372.7598,7438.8398,7372.73,7438.8398
2017-10-03,7438.8398,7469.8198,7426.6699,7468.1099
2017-10-04,7468.1099,7476.3301,7456.6099,7467.5801
2017-10-05,7467.5801,7507.9902,7464.3999,7507.9902
2017-10-06,7507.9902,7527.7202,7507.9902,7522.8701
2017-10-09,7522.8701,7523.6499,7493.6802,7507.8901
2017-10-10,7507.8901,7543.8799,7504.5601,7538.27
2017-10-11,7538.27,7550.1699,7519.6001,7533.8101
2017-10-12,7533.8101,7565.1099,7526.3301,7556.2402
2017-10-13,7556.2402,7556.2402,7521.0898,7535.4399
2017-10-16,7535.4399,7557,7526.73,7526.9702
2017-10-17,7526.9702,7550.4399,7506.3101,7516.1699
2017-10-18,7516.1699,7555.2402,7516.1699,7542.8701
2017-10-19,7542.8701,7542.8701,7485.4199,7523.04
2017-10-20,7523.04,7560.04,7517.0698,7523.23
2017-10-23,7523.23,7542,7511.77,7524.4502
2017-10-24,7524.4502,7535.2202,7508.5,7526.54
2017-10-25,7526.54,7528.46,7437.4199,7447.21
2017-10-26,7447.21,7488.2598,7440.1099,7486.5
2017-10-27,7486.5,7520.7598,7485.2402,7505.0298
2017-10-30,7505.0298,7507.02,7478.4102,7487.8101
2017-10-31,7487.8101,7516.8501,7483.9702,7493.0801
2017-11-01,7493.0801,7532.3599,7487.96,7487.96
2017-11-02,7487.96,7562.2598,7478.8799,7555.3198
2017-11-03,7555.3198,7580.9502,7541.9102,7560.3501
2017-11-06,7560.3501,7572.8999,7544.2002,7562.2798
2017-11-07,7562.2798,7582.8501,7507.8301,7513.1099
2017-11-08,7513.1099,7534.4902,7504.77,7529.7202
2017-11-09,7529.7202,7532.2002,7476.8901,7484.1001
2017-11-10,7484.1001,7500.29,7421.73,7432.9902
2017-11-13,7432.9902,7469.2998,7402.9502,7415.1802
2017-11-14,7415.1802,7436.5698,7396.9199,7414.4199
2017-11-15,7414.4199,7415.0898,7357.0601,7372.6099
2017-11-16,7372.6099,7393.2798,7368.1401,7386.9399
2017-11-17,7386.9399,7406.5298,7356.1602,7380.6802
2017-11-20,7380.6802,7397.3901,7350.3701,7389.46
2017-11-21,7389.46,7422.1802,7367.8599,7411.3398
2017-11-22,7411.3398,7460.9102,7410.3799,7419.02
2017-11-23,7419.02,7422.73,7373.3101,7417.2402
2017-11-24,7417.2402,7425.1899,7389.54,7409.6401
2017-11-27,7409.6401,7438.3901,7383.8999,7383.8999
2017-11-28,7383.8999,7469.6099,7373.9502,7460.6499
2017-11-29,7460.6499,7460.6499,7386.6699,7393.5601
2017-11-30,7393.5601,7416.2598,7326.6699,7326.6699
2017-12-01,7326.6699,7355.4302,7288.73,7300.4902
2017-12-04,7300.4902,7369.6499,7300.4902,7338.9702
2017-12-05,7338.9702,7373.8999,7326.5698,7327.5
2017-12-06,7327.5,7369.71,7289.3599,7348.0298
2017-12-07,7348.0298,7371.73,7314.6001,7320.75
2017-12-08,7320.75,7412.21,7314.23,7393.96
2017-12-11,7393.96,7458.3999,7393.5801,7453.48
2017-12-12,7453.48,7501.52,7448.3101,7500.4102
2017-12-13,7500.4102,7510.77,7492.5801,7496.5098
2017-12-14,7496.5098,7496.7002,7448.1201,7448.1201
2017-12-15,7448.1201,7490.5698,7433.7798,7490.5698
2017-12-18,7490.5698,7544.2598,7490.5698,7537.0098
2017-12-19,7537.0098,7563.4902,7534.0801,7544.0898
2017-12-20,7544.0898,7550.6001,7511.4502,7525.2202
2017-12-21,7525.2202,7609.6899,7517.8799,7603.98
2017-12-22,7603.98,7614.3999,7585.4702,7592.6602
2017-12-27,7592.6602,7632.71,7586.4199,7620.6802
2017-12-28,7620.6802,7633.5498,7609.77,7622.8799
2017-12-29,7622.8799,7697.6201,7620.0098,7687.77
2018-01-02,7687.77,7691.3398,7624.1401,7648.1001
2018-01-03,7648.1001,7689.8599,7640.5298,7671.1099
2018-01-04,7671.1099,7702.5098,7671.1099,7695.8799
2018-01-05,7695.8799,7727.73,7689.8101,7724.2202
2018-01-08,7724.2202,7733.3901,7691.77,7696.5098
2018-01-09,7696.5098,7733.1201,7696.5,7731.02
2018-01-10,7731.02,7756.1099,7716.21,7748.5098
2018-01-11,7748.5098,7768.96,7734.6401,7762.9399
2018-01-12,7762.9399,7792.5601,7752.6299,7778.6401
2018-01-15,7778.6401,7783.6099,7763.4302,7769.1401
2018-01-16,7769.1401,7791.8301,7740.5498,7755.9302
2018-01-17,7755.9302,7755.9302,7711.1099,7725.4302
2018-01-18,7725.4302,7739.54,7683.71,7700.96
2018-01-19,7700.96,7731.8198,7694.6602,7730.79
2018-01-22,7730.79,7739.3501,7703.6699,7715.4399
2018-01-23,7715.4399,7745.2202,7710.0298,7731.8301
2018-01-24,7731.8301,7731.98,7643.4302,7643.4302
2018-01-25,7643.4302,7662.3501,7608.5298,7615.8398
2018-01-26,7615.8398,7667.3999,7615.8398,7665.54
2018-01-29,7665.54,7689.1499,7663.9302,7671.5298
2018-01-30,7671.5298,7671.6699,7587.1201,7587.98
2018-01-31,7587.98,7599.0098,7521.77,7533.5498
2018-02-01,7533.5498,7554.73,7476.5098,7490.3901
2018-02-02,7490.3901,7494.7598,7432.25,7443.4302
2018-02-05,7443.4302,7443.4302,7334.79,7334.98
2018-02-06,7334.98,7334.98,7079.4102,7141.3999
2018-02-07,7141.3999,7311.5,7141.3999,7279.4199
2018-02-08,7279.4199,7279.4199,7161.3101,7170.6899
2018-02-09,7170.6899,7170.6899,7073.0298,7092.4302
2018-02-12,7092.4302,7199.9302,7092.4302,7177.0601
2018-02-13,7177.0601,7202.9902,7165.8301,7168.0098
2018-02-14,7168.0098,7243.1499,7145.73,7213.9702
2018-02-15,7213.9702,7267.96,7206.6899,7234.8101
2018-02-16,7234.8101,7307.9702,7234.8101,7294.7002
2018-02-19,7294.7002,7306.21,7239.98,7247.6602
2018-02-20,7247.6602,7264.7798,7202.1401,7246.77
2018-02-21,7246.77,7291.7998,7220.5498,7281.5698
2018-02-22,7281.5698,7281.5698,7187.7598,7252.3901
2018-02-23,7252.3901,7262.0498,7220.8101,7244.4102
2018-02-26,7244.4102,7312.98,7244.3101,7289.5801
2018-02-27,7289.5801,7326.02,7272.8701,7282.4502
2018-02-28,7282.4502,7293.3599,7231.9102,7231.9102
2018-03-01,7231.9102,7231.9102,7153.3901,7175.6401
2018-03-02,7175.6401,7175.6401,7063.4199,7069.8999
2018-03-05,7069.8999,7119.21,7062.1299,7115.98
2018-03-06,7115.98,7197.7998,7115.6001,7146.75
2018-03-07,7146.75,7180.71,7109.5601,7157.8398
2018-03-08,7157.8398,7212.1401,7145.7002,7203.2402
2018-03-09,7203.2402,7225.2798,7189.7402,7224.5098
2018-03-12,7224.5098,7254.8701,7198.1802,7214.7598
2018-03-13,7214.7598,7224.1299,7125.6001,7138.7798
2018-03-14,7138.7798,7176.5098,7122.7598,7132.6899
2018-03-15,7132.6899,7162.5801,7127.0801,7139.7598
2018-03-16,7139.7598,7187.27,7131.3101,7164.1401
2018-03-19,7164.1401,7164.1899,7034.9102,7042.9302
2018-03-20,7042.9302,7081.5,7042.6001,7061.27
2018-03-21,7061.27,7065.6602,7016.79,7038.9702
2018-03-22,7038.9702,7038.9702,6914.4502,6952.5898
2018-03-23,6952.5898,6952.8198,6876.96,6921.9399
2018-03-26,6921.9399,6958.4702,6866.9399,6888.6899
2018-03-27,6888.6899,7042.3701,6888.6899,7000.1401
2018-03-28,7000.1401,7044.7402,6923.3301,7044.7402
2018-03-29,7044.7402,7109.9302,7042.73,7056.6099
2018-04-03,7056.6099,7064.98,6996.7598,7030.46
2018-04-04,7030.46,7046.2598,6971.75,7034.0098
2018-04-05,7034.0098,7199.5,7034.0098,7199.5
2018-04-06,7199.5,7214.02,7163.1099,7183.6401
2018-04-09,7183.6401,7209.6802,7145.5698,7194.75
2018-04-10,7194.75,7266.75,7194.75,7266.75
2018-04-11,7266.75,7270.2798,7243.3198,7257.1401
2018-04-12,7257.1401,7266.6401,7240.7598,7258.3398
2018-04-13,7258.3398,7274.9902,7249.0698,7264.5601
2018-04-16,7264.5601,7265.8301,7195.46,7198.2002
2018-04-17,7198.2002,7240.4102,7189.8501,7226.0498
2018-04-18,7226.0498,7325.5898,7226.0498,7317.3398
2018-04-19,7317.3398,7340.73,7309.4199,7328.9199
2018-04-20,7328.9199,7368.1699,7323.3101,7368.1699
2018-04-23,7368.1699,7404.1099,7359.73,7398.8701
2018-04-24,7398.8701,7439.5801,7397.29,7425.3999
2018-04-25,7425.3999,7427.1299,7334.6401,7379.3198
2018-04-26,7379.3198,7421.4302,7355,7421.4302
2018-04-27,7421.4302,7507.1201,7421.2798,7502.21
2018-04-30,7502.21,7546.1602,7497.1099,7509.2998
2018-05-01,7509.2998,7549.0698,7506.5698,7520.3599
2018-05-02,7520.3599,7572.98,7519.6201,7543.2002
2018-05-03,7543.2002,7555.1802,7492.3901,7502.6899
2018-05-04,7502.6899,7570.2202,7502.6899,7567.1401
2018-05-08,7567.1401,7598.5098,7550.4399,7565.75
2018-05-09,7565.75,7662.52,7565.75,7662.52
2018-05-10,7662.52,7706.8701,7631.5801,7700.9702
2018-05-11,7700.9702,7728.8901,7691.6899,7724.5498
2018-05-14,7724.5498,7727.96,7688.5698,7710.98
2018-05-15,7710.98,7752.02,7687.4902,7722.98
2018-05-16,7722.98,7745.5298,7717.7598,7734.2002
2018-05-17,7734.2002,7788.23,7713.8501,7787.9702
2018-05-18,7787.9702,7791.4102,7753.27,7778.79
2018-05-21,7778.79,7868.1201,7778.1201,7859.1699
2018-05-22,7859.1699,7903.5,7854.5801,7877.4502
2018-05-23,7877.4502,7877.4502,7765.3198,7788.4399
2018-05-24,7788.4399,7803.4502,7716.7402,7716.7402
2018-05-25,7716.7402,7753.3198,7703.2598,7730.2798
2018-05-29,7730.2798,7730.2798,7610.6602,7632.6401
2018-05-30,7632.6401,7689.5698,7618.1201,7689.5698
2018-05-31,7689.5698,7727.4502,7651.1201,7678.2002
2018-06-01,7678.2002,7746.73,7678.2002,7701.77
2018-06-04,7701.77,7772.1201,7701.7002,7741.29
2018-06-05,7741.29,7744.46,7686.6099,7686.7998
2018-06-06,7686.7998,7730.48,7671.6201,7712.3701
2018-06-07,7712.3701,7756.6602,7698.1499,7704.3999
2018-06-08,7704.3999,7714.3198,7637.52,7681.0698
2018-06-11,7681.0698,7756.02,7681.0698,7737.4302
2018-06-12,7737.4302,7762.77,7701.3301,7703.8101
2018-06-13,7703.8101,7746.7002,7677.1699,7703.71
2018-06-14,7703.71,7793.4502,7650.1602,7765.79
2018-06-15,7765.79,7781,7633.9102,7633.9102
2018-06-18,7633.9102,7645.4702,7601.6001,7631.3301
2018-06-19,7631.3301,7631.3301,7548.8398,7603.8501
2018-06-20,7603.8501,7705.2002,7603.8501,7627.3999
2018-06-21,7627.3999,7670.7798,7548.1201,7556.4399
2018-06-22,7556.4399,7689.4399,7556.2002,7682.27
2018-06-25,7682.27,7682.27,7508.3198,7509.8398
2018-06-26,7509.8398,7564.0498,7509.8398,7537.9199
2018-06-27,7537.9199,7633.9199,7512.0298,7621.6899
2018-06-28,7621.6899,7632.1699,7576.0098,7615.6299
2018-06-29,7615.6299,7706.6401,7615.6299,7636.9302
2018-07-02,7636.9302,7636.9302,7540.71,7547.8501
2018-07-03,7547.8501,7632.1201,7544.98,7593.29
2018-07-04,7593.29,7593.29,7560.8101,7573.0898
2018-07-05,7573.0898,7624.8198,7572.6899,7603.2202
2018-07-06,7603.2202,7631.1899,7569.7002,7617.7002
2018-07-09,7617.7002,7697.46,7617.7002,7687.9902
2018-07-10,7687.9902,7715.0698,7677.0601,7692.04
2018-07-11,7692.04,7692.04,7578.1802,7591.96
2018-07-12,7591.96,7662.96,7591.96,7651.3301
2018-07-13,7651.3301,7716.2402,7651.3301,7661.8701
2018-07-16,7661.8701,7667.71,7564.96,7600.4502
2018-07-17,7600.4502,7641.1001,7581.8301,7626.3301
2018-07-18,7626.3301,7685.6802,7625.75,7676.2798
2018-07-19,7676.2798,7702.8501,7660.02,7683.9702
2018-07-20,7683.9702,7705.7998,7631.6602,7678.79
2018-07-23,7678.79,7678.79,7621.75,7655.79
2018-07-24,7655.79,7740.6401,7648.5898,7709.0498
2018-07-25,7709.0498,7710.25,7640.5898,7658.2598
2018-07-26,7658.2598,7684.7202,7640.9399,7663.1699
2018-07-27,7663.1699,7717.2202,7663.1602,7701.3101
2018-07-30,7701.3101,7718.0601,7659.9102,7700.8501
2018-07-31,7700.8501,7782.8999,7695.7598,7748.7598
2018-08-01,7748.7598,7751.1001,7634.6602,7652.9102
2018-08-02,7652.9102,7652.9102,7549.3398,7575.9302
2018-08-03,7575.9302,7665.1602,7575.9302,7659.1001
2018-08-06,7659.1001,7681.8599,7636.6001,7663.7798
2018-08-07,7663.7798,7752.0801,7663.2002,7718.48
2018-08-08,7718.48,7790.1699,7707.2998,7776.6499
2018-08-09,7776.6499,7776.77,7714.52,7741.77
2018-08-10,7741.77,7741.77,7657.7202,7667.0098
2018-08-13,7667.0098,7667.3301,7614.48,7642.4502
2018-08-14,7642.4502,7665.2402,7599.6602,7611.6401
2018-08-15,7611.6401,7632.0698,7477.0498,7497.8701
2018-08-16,7497.8701,7565.1802,7497.8701,7556.3799
2018-08-17,7556.3799,7577.6802,7514.2598,7558.5898
2018-08-20,7558.5898,7616.1499,7558.5898,7591.2598
2018-08-21,7591.2598,7601.6499,7557.3398,7565.7002
2018-08-22,7565.7002,7607.23,7531.2402,7574.2402
2018-08-23,7574.2402,7602.1001,7560.8501,7563.2202
2018-08-24,7563.2202,7587.1899,7557.6699,7577.4902
2018-08-28,7577.4902,7636.7202,7577.4902,7617.2202
2018-08-29,7617.2202,7635.7402,7545.0801,7563.21
2018-08-30,7563.21,7563.21,7497.54,7516.0298
2018-08-31,7516.0298,7516.46,7428.6699,7432.4199
2018-09-03,7432.4199,7516.0601,7432.1802,7504.6001
2018-09-04,7504.6001,7535.1201,7437.6499,7457.8599
2018-09-05,7457.8599,7457.8599,7357.98,7383.2798
2018-09-06,7383.2798,7397.7402,7313.1201,7318.96
2018-09-07,7318.96,7328.2998,7227.0698,7277.7002
2018-09-10,7277.7002,7307.8501,7256.5098,7279.2998
2018-09-11,7279.2998,7280.48,7220.5,7273.54
2018-09-12,7273.54,7325.25,7250.8398,7313.3599
2018-09-13,7313.3599,7319.5698,7275.1401,7281.5698
2018-09-14,7281.5698,7323.8301,7281.5698,7304.04
2018-09-17,7304.04,7318.77,7267.8301,7302.1001
2018-09-18,7302.1001,7320.0698,7281.98,7300.23
2018-09-19,7300.23,7346.1099,7279.9199,7331.1201
2018-09-20,7331.1201,7368.4302,7324.0098,7367.3198
2018-09-21,7367.3198,7495.2598,7367.3198,7490.23
2018-09-24,7490.23,7491.25,7450.5298,7458.4102
2018-09-25,7458.4102,7515.9399,7455.2202,7507.5601
2018-09-26,7507.5601,7522.0601,7490.2002,7511.4902
2018-09-27,7511.4902,7552.02,7490.9399,7545.4399
2018-09-28,7545.4399,7548.3599,7474.6699,7510.2002
2018-10-01,7510.2002,7526.2002,7466.6699,7495.6699
2018-10-02,7495.6699,7495.6699,7444.7998,7474.5498
2018-10-03,7474.5498,7524.0601,7474.5498,7510.2798
2018-10-04,7510.2798,7510.2798,7411.3101,7418.3398
2018-10-05,7418.3398,7421.1201,7318.54,7318.54
2018-10-08,7318.54,7319.8398,7233.3301,7233.3301
2018-10-09,7233.3301,7247.6401,7184.2798,7237.5898
2018-10-10,7237.5898,7242.3101,7145.7402,7145.7402
2018-10-11,7145.7402,7145.7402,6998.02,7006.9302
2018-10-12,7006.9302,7073.9902,6994.7798,6995.9102
2018-10-15,6995.9102,7038.23,6961.2798,7029.2202
2018-10-16,7029.2202,7062.0801,6998.9302,7059.3999
2018-10-17,7059.3999,7089.0298,7019.4102,7054.6001
2018-10-18,7054.6001,7078.7598,7026.7402,7026.9902
2018-10-19,7026.9902,7070.3799,7012.5601,7049.7998
2018-10-22,7049.7998,7114.1201,7042.0498,7042.7998
2018-10-23,7042.7998,7042.7998,6928.6499,6955.21
2018-10-24,6955.21,7049.8301,6955.21,6962.98
2018-10-25,6962.98,7004.1001,6885.9902,7004.1001
2018-10-26,7004.1001,7004.1602,6851.5898,6939.5601
2018-10-29,6939.5601,7085.8799,6939.5601,7026.3198
2018-10-30,7026.3198,7060.0601,6983.6802,7035.8501
2018-10-31,7035.8501,7161.54,7035.8501,7128.1001
2018-11-01,7128.1001,7165.6099,7085.7402,7114.6602
2018-11-02,7114.6602,7196.3901,7094.1201,7094.1201
2018-11-05,7094.1201,7140.3701,7077.3999,7103.8398
2018-11-06,7103.8398,7117.5,7027.4502,7040.6802
2018-11-07,7040.6802,7136.75,7040.6802,7117.2798
2018-11-08,7117.2798,7171.6899,7115.0098,7140.6802
2018-11-09,7140.6802,7140.6802,7070.7998,7105.3398
2018-11-12,7105.3398,7186.3101,7053.0801,7053.0801
2018-11-13,7053.0801,7103.9702,7016.6401,7053.7598
2018-11-14,7053.7598,7113.5898,6979.6802,7033.79
2018-11-15,7033.79,7081.8799,6979.5698,7038.0098
2018-11-16,7038.0098,7092.4399,6968.9902,7013.8799
2018-11-19,7013.8799,7070.46,6997.8301,7000.8901
2018-11-20,7000.8901,7010.1001,6904.21,6947.9199
2018-11-21,6947.9199,7058.5601,6947.9199,7050.23
2018-11-22,7050.23,7050.4302,6944.9502,6960.3198
2018-11-23,6960.3198,6987.5298,6912.2998,6952.8599
2018-11-26,6952.8599,7050.96,6952.8599,7036
2018-11-27,7036,7043.7002,6983.98,7016.8501
2018-11-28,7016.8501,7057.0298,6987.25,7004.52
2018-11-29,7004.52,7078.3701,7004.52,7038.9502
2018-11-30,7038.9502,7042.0698,6965.6001,6980.2402
2018-12-03,6980.2402,7145.4902,6980.2402,7062.4102
2018-12-04,7062.4102,7095.0098,7002.71,7022.7598
2018-12-05,7022.7598,7028.6499,6921.8398,6921.8398
2018-12-06,6921.8398,6921.8398,6673.5698,6704.0498
2018-12-07,6704.0498,6868.27,6704.0498,6778.1099
2018-12-10,6778.1099,6815.8398,6719.1699,6721.54
2018-12-11,6721.54,6857.5801,6721.54,6806.9399
2018-12-12,6806.9399,6902.1899,6806.9399,6880.1899
2018-12-13,6880.1899,6908.48,6848.98,6877.5
2018-12-14,6877.5,6877.5,6788.6499,6845.1699
2018-12-17,6845.1699,6845.1699,6761.3799,6773.2402
2018-12-18,6773.2402,6773.2402,6701.5898,6701.5898
2018-12-19,6701.5898,6785.1602,6698.1499,6765.9399
2018-12-20,6765.9399,6765.9399,6646.4502,6711.9302
2018-12-21,6711.9302,6733,6653.6499,6721.1699
2018-12-24,6721.1699,6721.1699,6661.04,6685.9902
2018-12-27,6685.9902,6728.4902,6536.5298,6584.6802
2018-12-28,6584.6802,6742.48,6584.6802,6733.9702
2018-12-31,6733.9702,6752.54,6718.3198,6728.1299
2019-01-02,6728.1299,6753.29,6599.48,6734.23
2019-01-03,6734.23,6753.1401,6685.0898,6692.6602
2019-01-04,6692.6602,6850.3701,6692.5,6837.4199
2019-01-07,6837.4199,6874.1099,6778.0098,6810.8799
2019-01-08,6810.8799,6901.48,6804.8901,6861.6001
2019-01-09,6861.6001,6938.3101,6861.6001,6906.6299
2019-01-10,6906.6299,6948.1802,6860.8198,6942.8701
2019-01-11,6942.8701,7001.9399,6902.6499,6918.1802
2019-01-14,6918.1802,6918.21,6841.7402,6855.02
2019-01-15,6855.02,6910.4502,6849.6299,6895.02
2019-01-16,6895.02,6912.4399,6848.5698,6862.6802
2019-01-17,6862.6802,6862.6802,6799.0298,6834.9199
2019-01-18,6834.9199,6984.3599,6834.9199,6968.3301
2019-01-21,6968.3301,6987.9302,6954.52,6970.5898
2019-01-22,6970.5898,6970.5898,6880.6899,6901.3901
2019-01-23,6901.3901,6901.6299,6834.2998,6842.8799
2019-01-24,6842.8799,6854.5898,6802.0298,6818.9502
2019-01-25,6818.9502,6858.1899,6806.77,6809.2202
2019-01-28,6809.2202,6812.5298,6734,6747.1001
2019-01-29,6747.1001,6860.3398,6747.1001,6833.9302
2019-01-30,6833.9302,6967.7002,6833.9302,6941.6299
2019-01-31,6941.6299,6994.8799,6941.0898,6968.8501
2019-02-01,6968.8501,7024.4502,6968.8501,7020.2202
2019-02-04,7020.2202,7046.5801,7002.4199,7034.1299
2019-02-05,7034.1299,7180.71,7033.5698,7177.3701
2019-02-06,7177.3701,7184.2202,7146.6499,7173.0898
2019-02-07,7173.0898,7187.5098,7093.5801,7093.5801
2019-02-08,7093.5801,7115.8301,7064.8999,7071.1802
2019-02-11,7071.1802,7149.23,7071.1802,7129.1099
2019-02-12,7129.1099,7168.6099,7121.7202,7133.1401
2019-02-13,7133.1401,7205.0698,7133.1401,7190.8398
2019-02-14,7190.8398,7232.8301,7183.0098,7197.0098
2019-02-15,7197.0098,7261.6299,7185.23,7236.6802
2019-02-18,7236.6802,7242.0898,7209.7002,7219.4702
2019-02-19,7219.4702,7219.5298,7162.7998,7179.1699
2019-02-20,7179.1699,7234.1602,7177.9502,7228.6201
2019-02-21,7228.6201,7228.7798,7141.8501,7167.3901
2019-02-22,7167.3901,7220.52,7162.3701,7178.6001
2019-02-25,7178.6001,7210.7002,7158.1899,7183.7402
2019-02-26,7183.7402,7183.79,7091.5898,7151.1201
2019-02-27,7151.1201,7151.1201,7082.6201,7107.2002
2019-02-28,7107.2002,7107.2002,7041.0298,7074.73
2019-03-01,7074.73,7129.7202,7074.73,7106.73
2019-03-04,7106.73,7166.1899,7106.73,7134.3901
2019-03-05,7134.3901,7191.6499,7127.1802,7183.4302
2019-03-06,7183.4302,7211.8301,7170.25,7196
2019-03-07,7196,7196,7126.5698,7157.5498
2019-03-08,7157.5498,7157.5498,7077.9302,7104.3101
2019-03-11,7104.3101,7181.6099,7104.3101,7130.6201
2019-03-12,7130.6201,7166.5498,7083.2202,7151.1499
2019-03-13,7151.1499,7181.8501,7128.71,7159.1899
2019-03-14,7159.1899,7215.4502,7148.0801,7185.4302
2019-03-15,7185.4302,7243.7998,7185.4302,7228.2798
2019-03-18,7228.2798,7299.1899,7228.1899,7299.1899
2019-03-19,7299.1899,7350.1001,7294.5,7324
2019-03-20,7324,7341.5698,7291.0098,7291.0098
2019-03-21,7291.0098,7370.6099,7290.6201,7355.3101
2019-03-22,7355.3101,7356.3701,7192.7598,7207.5898
2019-03-25,7207.5898,7208.0898,7146.8301,7177.5801
2019-03-26,7177.5801,7221.02,7169.3701,7196.29
2019-03-27,7196.29,7222.6401,7160.1401,7194.1899
2019-03-28,7194.1899,7265.4702,7190.8701,7234.3301
2019-03-29,7234.3301,7287.7202,7223.2998,7279.1899
2019-04-01,7279.1899,7352.1499,7279.1899,7317.3799
2019-04-02,7317.3799,7403.5601,7316.8101,7391.1201
2019-04-03,7391.1201,7418.3101,7380.9302,7418.2798
2019-04-04,7418.2798,7418.4302,7367.4399,7401.9399
2019-04-05,7401.9399,7461.3901,7400.79,7446.8701
2019-04-08,7446.8701,7459.9302,7420.4102,7451.8901
2019-04-09,7451.8901,7477.6201,7413.27,7425.5698
2019-04-10,7425.5698,7441.3599,7409.3901,7421.9102
2019-04-11,7421.9102,7441.8901,7383.4702,7417.9502
2019-04-12,7417.9502,7454.7798,7415,7437.0601
2019-04-15,7437.0601,7447.0801,7420.27,7436.8701
2019-04-16,7436.8701,7485.9302,7436.8701,7469.9199
2019-04-17,7469.9199,7478.9502,7445.1201,7471.3198
2019-04-18,7471.3198,7475.9102,7437.8701,7459.8799
2019-04-23,7459.8799,7528.9302,7459.8799,7523.0698
2019-04-24,7523.0698,7523.79,7456.7402,7471.75
2019-04-25,7471.75,7473.3198,7405.9902,7434.1299
2019-04-26,7434.1299,7442.3901,7398.5698,7428.1899
2019-04-29,7428.1899,7456.4902,7406.5298,7440.6602
2019-04-30,7440.6602,7451.3198,7394.0698,7418.2202
2019-05-01,7418.2202,7446.46,7379.6499,7385.2598
2019-05-02,7385.2598,7393.9399,7339.4502,7351.3101
2019-05-03,7351.3101,7418.1699,7350.0098,7380.6401
2019-05-07,7380.6401,7380.6401,7251.0298,7260.4702
2019-05-08,7260.4702,7278.3198,7222.8799,7271
2019-05-09,7271,7271,7192.1802,7207.4102
2019-05-10,7207.4102,7268.1699,7189.8599,7203.29
2019-05-13,7203.29,7217.1201,7150.8901,7163.6802
2019-05-14,7163.6802,7241.6001,7163.6802,7241.6001
2019-05-15,7241.6001,7308.1001,7223.0801,7296.9502
2019-05-16,7296.9502,7353.5098,7265.77,7353.5098
2019-05-17,7353.5098,7354.2202,7307.3301,7348.6201
2019-05-20,7348.6201,7360.3398,7268.6299,7310.8799
2019-05-21,7310.8799,7370.02,7310.8799,7328.9199
2019-05-22,7328.9199,7373.27,7313.5498,7334.1899
2019-05-23,7334.1899,7334.1899,7211.3301,7231.04
2019-05-24,7231.04,7303.04,7231.0098,7277.73
2019-05-28,7277.73,7314.8501,7262.7998,7268.9502
2019-05-29,7268.9502,7268.9502,7151.3701,7185.2998
2019-05-30,7185.2998,7236.6802,7180.5698,7218.1602
2019-05-31,7218.1602,7218.1602,7130.8501,7161.71
2019-06-03,7161.71,7186.71,7079.71,7184.7998
2019-06-04,7184.7998,7223.96,7138.1401,7214.29
2019-06-05,7216.7402,7259.2402,7201.3599,7220.2202
2019-06-06,7220.2202,7275.6602,7218.6699,7259.8501
2019-06-07,7259.8501,7347.4102,7258.1602,7331.9399
2019-06-10,7331.9399,7380.1401,7331.9399,7375.54
2019-06-11,7375.54,7420.73,7375.54,7398.4502
2019-06-12,7398.4502,7398.4502,7329.2598,7367.6201
2019-06-13,7367.6201,7398.6099,7350.98,7368.5698
2019-06-14,7368.5698,7368.7998,7316.4399,7345.7798
2019-06-17,7345.7798,7370.7002,7324.54,7357.3101
2019-06-18,7357.3101,7469.1899,7345.5498,7443.04
2019-06-19,7443.04,7454.9302,7399.1699,7403.54
2019-06-20,7403.54,7460.8301,7403.54,7424.4399
2019-06-21,7424.4399,7456.79,7382.9399,7407.5
2019-06-24,7407.5,7435.54,7399.5601,7416.6899
2019-06-25,7416.6899,7429.7202,7373.2202,7422.4302
2019-06-26,7422.4302,7435.8999,7405.54,7416.3901
2019-06-27,7416.3901,7439.4302,7375.5098,7402.3301
2019-06-28,7402.3301,7436.1802,7398.9199,7425.6299
2019-07-01,7425.6299,7530.2402,7425.6299,7497.5
2019-07-02,7497.5,7565.27,7497.5,7559.1899
2019-07-03,7559.1899,7621.02,7558.4702,7609.3198
2019-07-04,7609.3198,7622.5801,7601.3301,7603.5801
2019-07-05,7603.5801,7603.6099,7541.8599,7553.1401
2019-07-08,7553.1401,7571.3398,7538.6699,7549.27
2019-07-09,7549.27,7553.2998,7517.9399,7536.4702
2019-07-10,7536.4702,7559.1201,7515.6099,7530.6899
2019-07-11,7530.6899,7558.3398,7501.6602,7509.8198
2019-07-12,7509.8198,7537.1001,7493.7998,7505.9702
2019-07-15,7505.9702,7548.3301,7487.4399,7531.7202
2019-07-16,7531.7202,7590.0698,7524.52,7577.2002
2019-07-17,7577.2002,7577.2002,7519.2202,7535.46
2019-07-18,7535.46,7535.46,7482.6001,7493.0898
2019-07-19,7493.0898,7546.6499,7475.4902,7508.7002
2019-07-22,7508.7002,7549.71,7491.79,7514.9302
2019-07-23,7514.9302,7598.6001,7514.9302,7556.8599
2019-07-24,7556.8599,7558.0098,7479.0698,7501.46
2019-07-25,7501.46,7542.6401,7462.73,7489.0498
2019-07-26,7489.0498,7553.5498,7486.7402,7549.0601
2019-07-29,7549.0601,7711.3398,7548.8599,7686.6099
2019-07-30,7686.6099,7727.4902,7643.6499,7646.77
2019-07-31,7646.77,7648.2002,7576.1201,7586.7798
2019-08-01,7586.7798,7609.98,7535.8999,7584.8701
2019-08-02,7584.8701,7585.2402,7397.9102,7407.0601
2019-08-05,7407.0601,7407.0601,7200.54,7223.8501
2019-08-06,7223.8501,7241.5698,7166.98,7171.6899
2019-08-07,7171.6899,7237.8799,7153.8901,7198.7002
2019-08-08,7198.7002,7285.8999,7191.25,7285.8999
2019-08-09,7285.8999,7297.2798,7237.1299,7253.8501
2019-08-12,7253.8501,7305.5601,7207.46,7226.7202
2019-08-13,7226.7202,7281.1401,7166.8599,7250.8999
2019-08-14,7250.8999,7268.73,7112.0498,7147.8799
2019-08-15,7147.8799,7148.75,7020.2202,7067.0098
2019-08-16,7067.0098,7125.8999,7067.0098,7117.1499
2019-08-19,7117.1499,7214.23,7117.1499,7189.6499
2019-08-20,7189.6499,7231.6499,7121.2402,7125
2019-08-21,7125,7215.5298,7122.1201,7203.9702
2019-08-22,7203.9702,7203.9702,7103.6699,7128.1802
2019-08-23,7128.1802,7188.5898,7094.98,7094.98
2019-08-27,7094.98,7110.7598,7044.73,7089.5801
2019-08-28,7089.5801,7131.21,7050,7114.71
2019-08-29,7114.71,7199.2002,7103.1201,7184.3198
2019-08-30,7184.3198,7240.3701,7179.7002,7207.1802
2019-09-02,7207.1802,7315.2598,7206.8999,7281.9399
2019-09-03,7281.9399,7301.4702,7239.1001,7268.1899
2019-09-04,7268.1899,7334.5498,7268.1899,7311.2598
2019-09-05,7311.2598,7330.71,7250.6299,7271.1699
2019-09-06,7271.1699,7284.1099,7244.1299,7282.3398
2019-09-09,7282.3398,7325.21,7205.98,7235.8101
2019-09-10,7235.8101,7270.5,7199.3999,7267.9502
2019-09-11,7267.9502,7346.71,7267.9502,7338.0298
2019-09-12,7338.0298,7369.3398,7303.1699,7344.6699
2019-09-13,7344.6699,7380.29,7318.23,7367.46
2019-09-16,7367.46,7378.3198,7321.4102,7321.4102
2019-09-17,7321.4102,7350.2402,7292.23,7320.3999
2019-09-18,7320.3999,7350.52,7300.3701,7314.0498
2019-09-19,7314.0498,7373.0801,7290.6899,7356.4199
2019-09-20,7356.4199,7376.3101,7322.0098,7344.9199
2019-09-23,7344.9199,7362.2998,7284.75,7326.0801
2019-09-24,7326.0801,7348.9702,7281.9102,7291.4302
2019-09-25,7291.4302,7292,7212.96,7289.9902
2019-09-26,7289.9902,7387.0898,7277.1499,7351.0801
2019-09-27,7351.0801,7440.77,7351,7426.21
2019-09-30,7426.21,7439.6201,7402.2002,7408.21
2019-10-01,7408.21,7433.2402,7352.8301,7360.3198
2019-10-02,7360.3198,7360.3198,7119.7202,7122.54
2019-10-03,7122.54,7129.02,7004.4302,7077.6401
2019-10-04,7077.6401,7157.75,7077.3999,7155.3799
2019-10-07,7155.3799,7206.8901,7132.98,7197.8799
2019-10-08,7197.8799,7223.8599,7143.1499,7143.1499
2019-10-09,7143.1499,7196.4102,7139.8999,7166.5
2019-10-10,7166.5,7212.8999,7130.52,7186.3599
2019-10-11,7186.3599,7250.0898,7144.6602,7247.0801
2019-10-14,7247.0801,7251.7998,7194.21,7213.4502
2019-10-15,7213.4502,7242.3701,7176.6699,7211.6401
2019-10-16,7211.6401,7217.6299,7149.8398,7167.9502
2019-10-17,7167.9502,7237.7798,7162.04,7182.3198
2019-10-18,7182.3198,7197.1401,7146.1099,7150.5698
2019-10-21,7150.5698,7197.5298,7139.3799,7163.6401
2019-10-22,7163.6401,7230.1699,7146.6899,7212.4902
2019-10-23,7212.4902,7265.8599,7194.1299,7260.7402
2019-10-24,7260.7402,7338.8701,7255.46,7328.25
2019-10-25,7328.25,7331.1699,7279.7798,7324.4702
2019-10-28,7324.4702,7346.9199,7291.5898,7331.2798
2019-10-29,7331.2798,7335.73,7264.7402,7306.2598
2019-10-30,7306.2598,7334.04,7278.1802,7330.7798
2019-10-31,7330.7798,7335.1602,7245.23,7248.3799
2019-11-01,7248.3799,7307.1802,7248.3799,7302.4199
2019-11-04,7302.4199,7392.73,7302.4199,7369.6899
2019-11-05,7369.6899,7402.79,7369.6099,7388.0801
2019-11-06,7388.0801,7398.7798,7363.5498,7396.6499
2019-11-07,7396.6499,7431.9399,7396,7406.4102
2019-11-08,7406.4102,7406.8301,7349.1201,7359.3799
2019-11-11,7359.3799,7359.3799,7258.46,7328.54
2019-11-12,7328.54,7390,7328.1802,7365.4399
2019-11-13,7365.4399,7365.4399,7301.71,7351.21
2019-11-14,7351.21,7351.2798,7292.7598,7292.7598
2019-11-15,7292.7598,7335.5498,7243.1499,7302.9399
2019-11-18,7302.9399,7335.3599,7293.3999,7307.7002
2019-11-19,7307.7002,7404.4702,7307.7002,7323.7998
2019-11-20,7323.7998,7323.7998,7219.1099,7262.4902
2019-11-21,7262.4902,7262.4902,7197.3301,7238.5498
2019-11-22,7238.5498,7343.2598,7238.4702,7326.8101
2019-11-25,7326.8101,7401.7798,7326.8101,7396.29
2019-11-26,7396.29,7421.2998,7384.96,7403.1401
2019-11-27,7403.1401,7446,7400.3799,7429.7798
2019-11-28,7429.7798,7429.7798,7385.3198,7416.4302
2019-11-29,7416.4302,7421.3999,7346.5298,7346.5298
2019-12-02,7346.5298,7400.27,7277.02,7285.9399
2019-12-03,7285.9399,7285.9399,7134.9302,7158.7598
2019-12-04,7158.7598,7190.04,7139.9102,7188.5
2019-12-05,7188.5,7194.7798,7131.1602,7137.8501
2019-12-06,7137.8501,7241.5,7137.8501,7239.6602
2019-12-09,7239.6602,7255.73,7217.7998,7233.8999
2019-12-10,7233.8999,7234.3999,7137.8398,7213.7598
2019-12-11,7213.7598,7250.6699,7195.4902,7216.25
2019-12-12,7216.25,7307.3599,7216.0801,7273.4702
2019-12-13,7273.4702,7429.04,7223.4199,7353.4399
2019-12-16,7353.4399,7552.6499,7353.1802,7519.0498
2019-12-17,7519.0498,7537.6602,7497.1499,7525.2798
2019-12-18,7525.2798,7557.0498,7515.1699,7540.75
2019-12-19,7540.75,7575.8999,7526.1001,7573.8198
2019-12-20,7573.8198,7599.52,7564.5898,7582.48
2019-12-23,7582.48,7628.2002,7559.6299,7623.5898
2019-12-24,7623.5898,7636.1602,7608.2202,7632.2402
2019-12-27,7632.2402,7665.3999,7622.46,7644.8999
2019-12-30,7644.8999,7644.8999,7587.0498,7587.0498
2019-12-31,7587.0498,7587.4102,7532.3799,7542.4399
2020-01-02,7542.4399,7624.7798,7542.4399,7604.2998
2020-01-03,7604.2998,7626.4102,7551,7622.3999
2020-01-06,7622.3999,7622.3999,7528.0801,7575.3398
2020-01-07,7575.3398,7604.5898,7562.1401,7573.8501
2020-01-08,7573.8501,7579.48,7524.96,7574.9302
2020-01-09,7574.9302,7627.7598,7574.9302,7598.1201
2020-01-10,7598.1201,7631.96,7585.0698,7587.8501
2020-01-13,7587.8501,7635.77,7582.5098,7617.6001
2020-01-14,7617.6001,7650.6899,7588.8101,7622.3501
2020-01-15,7622.3501,7642.7998,7609.4399,7642.7998
2020-01-16,7642.7998,7653.5801,7595.3101,7609.8101
2020-01-17,7609.8101,7689.6699,7609.8101,7674.5601
2020-01-20,7674.5601,7682.77,7639.6201,7651.4399
2020-01-21,7651.4399,7651.4399,7550.4702,7610.7002
2020-01-22,7610.7002,7637.3501,7563.52,7571.9199
2020-01-23,7571.9199,7572.1299,7503.1699,7507.6699
2020-01-24,7507.6699,7642.21,7507.5898,7585.98
2020-01-27,7585.98,7585.98,7392.8301,7412.0498
2020-01-28,7412.0498,7491.4399,7410.3701,7480.6899
2020-01-29,7480.6899,7514.73,7462.21,7483.5698
2020-01-30,7483.5698,7483.5698,7357.6201,7381.96
2020-01-31,7381.96,7398.3398,7275.0298,7286.0098
2020-02-03,7286.0098,7359.98,7285.1602,7326.3101
2020-02-04,7326.3101,7442.0801,7326.3101,7439.8198
2020-02-05,7439.8198,7512.4102,7408.4502,7482.48
2020-02-06,7482.48,7533.5698,7482.48,7504.79
2020-02-07,7504.79,7506.2598,7441.1401,7466.7002
2020-02-10,7466.7002,7466.7002,7427.8501,7446.8799
2020-02-11,7446.8799,7529.54,7446.8799,7499.4399
2020-02-12,7499.4399,7547.6499,7499.0098,7534.3701
2020-02-13,7534.3701,7534.3701,7406.9399,7452.0298
2020-02-14,7452.0298,7472.8501,7403.6899,7409.1299
2020-02-17,7409.1299,7449.9502,7409.1299,7433.25
2020-02-18,7433.25,7433.25,7353.4102,7382.0098
2020-02-19,7382.0098,7462.0098,7382.0098,7457.02
2020-02-20,7457.02,7480.4902,7436.6401,7436.6401
2020-02-21,7436.6401,7436.7002,7370.6299,7403.9199
2020-02-24,7403.9199,7403.9199,7114.4502,7156.8301
2020-02-25,7156.8301,7198.23,7004.9399,7017.8799
2020-02-26,7017.8799,7044.6602,6871.8501,7042.4702
2020-02-27,7042.4702,7042.4702,6729.9902,6796.3999
2020-02-28,6796.3999,6796.3999,6460.0801,6580.6099
2020-03-02,6580.6099,6775.1802,6496.0098,6654.8901
2020-03-03,6654.8901,6846.2798,6654.8901,6718.2002
2020-03-04,6718.2002,6856.27,6700.23,6815.5898
2020-03-05,6815.5898,6834.1201,6662.6099,6705.4302
2020-03-06,6705.4302,6705.4302,6431.4399,6462.5498
2020-03-09,6462.5498,6462.5498,5891.5601,5965.77
2020-03-10,5965.77,6231.0601,5927.8501,5960.23
2020-03-11,5960.23,6088.5,5860.75,5876.52
2020-03-12,5876.52,5876.52,5237.48,5237.48
2020-03-13,5237.48,5696.48,5237.48,5366.1099
2020-03-16,5366.1099,5366.1099,4898.79,5151.0801
2020-03-17,5151.0801,5308.9502,4978.8398,5294.8999
2020-03-18,5294.8999,5294.8999,5006.2002,5080.5801
2020-03-19,5080.5801,5181.04,4942.3701,5151.6099
2020-03-20,5151.6099,5419.2998,5151.6099,5190.7798
2020-03-23,5190.7798,5194.8301,4922.7598,4993.8901
2020-03-24,4993.8901,5446.0098,4993.8901,5446.0098
2020-03-25,5446.0098,5741.4199,5400.4702,5688.2002
2020-03-26,5688.2002,5815.73,5503.3501,5815.73
2020-03-27,5815.73,5815.73,5407.0601,5510.3301
2020-03-30,5510.3301,5567.2002,5351.8398,5563.7402
2020-03-31,5563.7402,5702.6602,5545.8501,5671.96
2020-04-01,5671.96,5671.96,5414.7202,5454.5698
2020-04-02,5454.5698,5552.3599,5395.0698,5480.2202
2020-04-03,5480.2202,5486.29,5396.6602,5415.5
2020-04-06,5415.5,5590.5801,5415.5,5582.3901
2020-04-07,5582.3901,5780.21,5582.3901,5704.4502
2020-04-08,5704.4502,5704.4502,5589.73,5677.73
2020-04-09,5677.73,5842.6602,5677.6802,5842.6602
2020-04-14,5842.6602,5894.71,5778.98,5791.3101
2020-04-15,5791.3101,5791.71,5576.3501,5597.6499
2020-04-16,5597.6499,5657.6299,5577.7798,5628.4302
2020-04-17,5628.4302,5839.3301,5628.4302,5786.96
2020-04-20,5786.96,5823.9302,5707.73,5812.8301
2020-04-21,5812.8301,5812.8301,5641.0298,5641.0298
2020-04-22,5641.0298,5777.0601,5641.0298,5770.6299
2020-04-23,5770.6299,5843.6099,5735.9302,5826.6099
2020-04-24,5826.6099,5827.2402,5728.7998,5752.23
2020-04-27,5752.23,5855.6099,5752.23,5846.79
2020-04-28,5846.79,5977.7598,5835.9199,5958.5
2020-04-29,5958.5,6129.6001,5950.8301,6115.25
2020-04-30,6115.25,6151.5801,5897.9102,5901.21
2020-05-01,5901.21,5901.21,5746.0601,5763.0601
2020-05-04,5763.0601,5792.8501,5702.0298,5753.7798
2020-05-05,5753.7798,5869.4502,5753.7798,5849.4199
2020-05-06,5849.4199,5897.4399,5839.5698,5853.7598
2020-05-07,5853.7598,5941.8599,5853.6001,5935.98
2020-05-11,5935.98,5999.1299,5898.3198,5939.73
2020-05-12,5939.73,6012.98,5911.3701,5994.77
2020-05-13,5994.77,5994.77,5893.3501,5904.0498
2020-05-14,5904.0498,5904.0498,5661.1401,5741.54
2020-05-15,5741.54,5837.8799,5741.54,5799.77
2020-05-18,5799.77,6058.1699,5799.6099,6048.5898
2020-05-19,6048.5898,6111.96,5965.1001,6002.23
2020-05-20,6002.23,6074.46,5961.5601,6067.1602
2020-05-21,6067.1602,6093.7402,6004.1001,6015.25
2020-05-22,6015.25,6015.25,5888.5801,5993.2798
2020-05-26,5993.2798,6130.1201,5993.2798,6067.7598
2020-05-27,6067.7598,6167.96,6067.7598,6144.25
2020-05-28,6144.25,6234.04,6144.25,6218.79
2020-05-29,6218.79,6218.79,6060.1602,6076.6001
2020-06-01,6076.6001,6179.3398,6076.6001,6166.4199
2020-06-02,6166.4199,6238.25,6165.0498,6220.1401
2020-06-03,6220.1401,6394.7002,6220.1401,6382.4102
2020-06-04,6382.4102,6402.5698,6314.5898,6341.4399
2020-06-05,6341.4399,6489.9902,6341.4399,6484.2998
2020-06-08,6484.2998,6511.8398,6423.0601,6472.5898
2020-06-09,6472.5898,6475.0098,6325.0698,6335.7202
2020-06-10,6335.7202,6387.3501,6293.8301,6329.1299
2020-06-11,6329.1299,6329.1299,6076.7002,6076.7002
2020-06-12,6076.7002,6184.29,5993.2002,6105.1802
2020-06-15,6105.1802,6105.1802,5952.4399,6064.7002
2020-06-16,6064.7002,6299.02,6064.7002,6242.79
2020-06-17,6242.79,6309.7402,6233.2402,6253.25
2020-06-18,6253.25,6284.96,6184.8799,6224.0698
2020-06-19,6224.0698,6319.8101,6224.0698,6292.6001
2020-06-22,6292.6001,6309.04,6225.5298,6244.6201
2020-06-23,6244.6201,6342.1899,6244.6201,6320.1201
2020-06-24,6320.1201,6320.1201,6123.6899,6123.6899
2020-06-25,6123.6899,6162.4399,6029.25,6147.1401
2020-06-26,6147.1401,6262.1299,6147.1401,6159.2998
2020-06-29,6159.2998,6251.96,6122.9502,6225.77
2020-06-30,6225.77,6237.5098,6146.98,6169.7402
2020-07-01,6169.7402,6201.9502,6084.48,6157.96
2020-07-02,6157.96,6258.6001,6157.96,6240.3599
2020-07-03,6240.3599,6262.71,6137.0898,6157.2998
2020-07-06,6157.2998,6304.1899,6157.2998,6285.9399
2020-07-07,6285.9399,6285.9399,6179.9702,6189.8999
2020-07-08,6189.8999,6208.4302,6144.52,6156.1602
2020-07-09,6156.1602,6176.8398,6040.2598,6049.6201
2020-07-10,6049.6201,6108.2002,6003.1899,6095.4102
2020-07-13,6095.4102,6187.3301,6095.4102,6176.1899
2020-07-14,6176.1899,6179.75,6093.23,6179.75
2020-07-15,6179.75,6323.5498,6179.75,6292.6499
2020-07-16,6292.6499,6296.7798,6227.3301,6250.6899
2020-07-17,6250.6899,6293.6802,6230.0098,6290.2998
2020-07-20,6290.2998,6297.6401,6222.1499,6261.52
2020-07-21,6261.52,6315.6802,6253.8999,6269.73
2020-07-22,6269.73,6270.96,6197.4502,6207.1001
2020-07-23,6207.1001,6273.6299,6202.8999,6211.4399
2020-07-24,6211.4399,6211.4399,6099.0601,6123.8198
2020-07-27,6123.8198,6127.6201,6086.6401,6104.8799
2020-07-28,6104.8799,6149.8599,6083.6499,6129.2598
2020-07-29,6129.2598,6155.0601,6116.7202,6131.46
2020-07-30,6131.46,6145.8301,5924.7002,5989.9902
2020-07-31,5989.9902,6046.3301,5897.7598,5897.7598
2020-08-03,5897.7598,6038.7598,5857.0601,6032.8501
2020-08-04,6032.8501,6056.4702,5986.77,6036
2020-08-05,6036,6111.5,6036,6104.7202
2020-08-06,6104.7202,6104.7202,5980.4399,6026.9399
2020-08-07,6026.9399,6046.02,5996.73,6032.1802
2020-08-10,6032.1802,6099.48,6028.4902,6050.5898
2020-08-11,6050.5898,6206,6050.5898,6154.3398
2020-08-12,6154.3398,6297.2002,6151.6401,6280.1201
2020-08-13,6280.1201,6280.1201,6185.6201,6185.6201
2020-08-14,6185.6201,6185.6201,6036.1299,6090.04
2020-08-17,6090.04,6140.1899,6061.46,6127.4399
2020-08-18,6127.4399,6162.6602,6062.5801,6076.6201
2020-08-19,6076.6201,6114.8301,6045,6111.98
2020-08-20,6111.98,6111.98,6009.6099,6013.3398
2020-08-21,6013.3398,6036.5098,5948.7998,6001.8901
2020-08-24,6001.8901,6119.7998,6001.8901,6104.73
2020-08-25,6104.73,6173.48,6032.1001,6037.0098
2020-08-26,6037.0098,6050.8101,5992.2202,6045.6001
2020-08-27,6045.6001,6062.52,5999.9902,5999.9902
2020-08-28,5999.9902,6033.04,5962.46,5963.5698
2020-09-01,5963.5698,5972.52,5824.04,5862.0498
2020-09-02,5862.0498,5974.7002,5862.0498,5940.9502
2020-09-03,5940.9502,5996.2402,5838.02,5850.8599
2020-09-04,5850.8599,5904.1602,5778.3999,5799.0801
2020-09-07,5799.0801,5946.9302,5798.4702,5937.3999
2020-09-08,5937.3999,5985.2598,5868.8701,5930.2998
2020-09-09,5930.2998,6031.25,5923.4302,6012.8398
2020-09-10,6012.8398,6028.7598,5950.6201,6003.3198
2020-09-11,6003.3198,6057.6899,5992.9302,6032.0898
2020-09-14,6032.0898,6080.02,6011.8301,6026.25
2020-09-15,6026.25,6123.6899,6026.1699,6105.54
2020-09-16,6105.54,6119.2402,6057.6299,6078.48
2020-09-17,6078.48,6078.48,5998.6899,6049.9199
2020-09-18,6049.9199,6055.2402,6006.2798,6007.0498
2020-09-21,6007.0498,6007.0498,5779.2402,5804.29
2020-09-22,5804.29,5871.2798,5794.54,5829.46
2020-09-23,5829.46,5974.8799,5829.46,5899.2598
2020-09-24,5899.2598,5899.2598,5805.2798,5822.7798
2020-09-25,5822.7798,5843.7202,5771.4902,5842.6699
2020-09-28,5842.6699,5954.4199,5842.6699,5927.9302
2020-09-29,5927.9302,5927.9302,5862.9302,5897.5
2020-09-30,5897.5,5931.3701,5854.46,5866.1001
2020-10-01,5866.1001,5925.77,5849.8198,5879.4502
2020-10-02,5879.4502,5902.1201,5809.6099,5902.1201
2020-10-05,5902.1201,5974.2202,5902.1201,5942.9399
2020-10-06,5942.9399,5971.48,5903.3999,5949.9399
2020-10-07,5949.9399,5977.1499,5929.1602,5946.25
2020-10-08,5946.25,6004.1499,5929.4102,5978.0298
2020-10-09,5978.0298,6040.4702,5978.0298,6016.6499
2020-10-12,6016.6499,6037.0801,5995.1099,6001.3799
2020-10-13,6001.3799,6008.04,5949.9702,5969.71
2020-10-14,5969.71,6009.8101,5926.4902,5935.0601
2020-10-15,5935.0601,5935.0601,5786.2002,5832.52
2020-10-16,5832.52,5933.8101,5832.52,5919.5801
2020-10-19,5919.5801,5959.6699,5871.9502,5884.6499
2020-10-20,5884.6499,5915.4702,5861.8101,5889.2202
2020-10-21,5889.2202,5903.3799,5769.6201,5776.5
2020-10-22,5776.5,5796.4399,5716.3999,5785.6499
2020-10-23,5785.6499,5885.3799,5781.7798,5860.2798
2020-10-26,5860.2798,5868.3599,5782.3701,5792.0098
2020-10-27,5792.0098,5806.23,5728.1802,5728.9902
2020-10-28,5728.9902,5728.9902,5525.52,5582.7998
2020-10-29,5582.7998,5616.5801,5534.6602,5581.75
2020-10-30,5581.75,5593.3999,5534.0801,5577.27
2020-11-02,5577.27,5665.2998,5554.73,5654.9702
2020-11-03,5654.9702,5787.6099,5654.9702,5786.77
2020-11-04,5786.77,5885.6699,5711.21,5883.2598
2020-11-05,5883.2598,5933.0498,5881.8701,5906.1802
2020-11-06,5906.1802,5950.2202,5858.48,5910.02
2020-11-09,5910.02,6258.3101,5910.02,6186.29
2020-11-10,6186.29,6307,6180.4702,6296.8501
2020-11-11,6296.8501,6397.2798,6293.21,6382.1001
2020-11-12,6382.1001,6382.1001,6295.79,6338.9399
2020-11-13,6338.9399,6338.9702,6280.3999,6316.3901
2020-11-16,6316.3901,6463.5098,6316.3901,6421.29
2020-11-17,6421.29,6424.5298,6308.9902,6365.3301
2020-11-18,6365.3301,6395.9102,6326.7402,6385.2402
2020-11-19,6385.2402,6385.2402,6314.2598,6334.3501
2020-11-20,6334.3501,6386.7002,6324.6001,6351.4502
2020-11-23,6351.4502,6392.0801,6325.2402,6333.8398
2020-11-24,6333.8398,6432.4199,6333.7202,6432.1699
2020-11-25,6432.1699,6468.73,6375.25,6391.0898
2020-11-26,6391.0898,6412.6499,6349.5298,6362.9302
2020-11-27,6362.9302,6375.9102,6302.2202,6367.5801
2020-11-30,6367.5801,6404.02,6266.1899,6266.1899
2020-12-01,6266.1899,6400.2402,6263.6001,6384.73
2020-12-02,6384.73,6468.6401,6367.5098,6463.3901
2020-12-03,6463.3901,6491.4902,6430.27,6490.27
2020-12-04,6490.27,6559.1802,6489.75,6550.23
2020-12-07,6550.23,6601.1099,6519.8198,6555.3901
2020-12-08,6555.3901,6567.5898,6518.3701,6558.8198
2020-12-09,6558.8198,6623.0298,6558.8198,6564.29
2020-12-10,6564.29,6640.7402,6561.1099,6599.7598
2020-12-11,6599.7598,6607.4399,6520.54,6546.75
2020-12-14,6546.75,6583.7002,6524.7002,6531.8301
2020-12-15,6531.8301,6558.2402,6484.04,6513.3198
2020-12-16,6513.3198,6598.4199,6513.3198,6570.9102
2020-12-17,6570.9102,6601.6299,6551.0601,6551.0601
2020-12-18,6551.0601,6604.54,6518.25,6529.1802
2020-12-21,6529.1802,6529.1802,6315.3398,6416.3198
2020-12-22,6416.3198,6457.4702,6382.6099,6453.1602
2020-12-23,6453.1602,6497.2798,6431.21,6495.75
2020-12-24,6495.75,6530.2798,6479.5898,6502.1099
2020-12-29,6502.1099,6676.6001,6502.1099,6602.6499
2020-12-30,6602.6499,6622.98,6552.46,6555.8198
2020-12-31,6555.8198,6555.8198,6439.4102,6460.52
2021-01-04,6460.52,6662.6602,6460.52,6571.8799
2021-01-05,6571.8799,6622.77,6544.25,6612.25
2021-01-06,6612.25,6859.1401,6611.8701,6841.8599
2021-01-07,6841.8599,6903.6099,6795.1099,6856.96
2021-01-08,6856.96,6886.3398,6836.0801,6873.2598
2021-01-11,6873.2598,6873.2598,6768.7202,6798.48
2021-01-12,6798.48,6816.6499,6738.21,6754.1099
2021-01-13,6754.1099,6772.5698,6736.0098,6745.52
2021-01-14,6745.52,6801.96,6736.7798,6801.96
2021-01-15,6801.96,6802.0498,6676.5498,6735.71
2021-01-18,6735.71,6741.4702,6709.3301,6720.6499
2021-01-19,6720.6499,6770.6602,6697.6699,6712.9502
2021-01-20,6712.9502,6751.8101,6697.46,6740.3901
2021-01-21,6740.3901,6776.9199,6715.4199,6715.4199
2021-01-22,6715.4199,6715.6602,6651.71,6695.0698
2021-01-25,6695.0698,6714.6099,6610.2598,6638.8501
2021-01-26,6638.8501,6702.3501,6636.3398,6654.0098
2021-01-27,6654.0098,6661.3101,6505.8398,6567.3701
2021-01-28,6567.3701,6567.3701,6439.5498,6526.1499
2021-01-29,6526.1499,6526.1499,6397.2402,6407.46
2021-02-01,6407.46,6495.5601,6407.46,6466.4199
2021-02-02,6466.4199,6523.5098,6466.4199,6516.6499
2021-02-03,6516.6499,6573.1001,6489.5098,6507.8198
2021-02-04,6507.8198,6553.3701,6478.1499,6503.7202
2021-02-05,6503.7202,6518.6499,6457.6001,6489.3301
2021-02-08,6489.3301,6567.7002,6489.3301,6523.5298
2021-02-09,6523.5298,6540.9702,6501.02,6531.5601
2021-02-10,6531.5601,6577,6481.02,6524.3599
2021-02-11,6524.3599,6554.1499,6514.9199,6528.7202
2021-02-12,6528.7202,6589.79,6485.1299,6589.79
2021-02-15,6589.79,6775.3701,6589.79,6756.1099
2021-02-16,6756.1099,6799.9199,6736.8501,6748.8599
2021-02-17,6748.8599,6760.29,6701.5898,6710.8999
2021-02-18,6710.8999,6721.7598,6591.4302,6617.1499
2021-02-19,6617.1499,6646.1602,6600.5898,6624.02
2021-02-22,6624.02,6624.71,6545.9302,6612.2402
2021-02-23,6612.2402,6675.4199,6555.8799,6625.9399
2021-02-24,6625.9399,6669.8599,6572.2798,6658.9702
2021-02-25,6658.9702,6702.8799,6644.6802,6651.96
2021-02-26,6651.96,6651.96,6465.5698,6483.4302
2021-03-01,6483.4302,6612.7402,6483.4302,6588.5298
2021-03-02,6588.5298,6660.8198,6560.9102,6613.75
2021-03-03,6613.75,6705.2998,6613.75,6675.4702
2021-03-04,6675.4702,6675.4702,6581.1899,6650.8799
2021-03-05,6650.8799,6710.7998,6560.79,6630.52
2021-03-08,6630.52,6726.3999,6612.7402,6719.1299
2021-03-09,6719.1299,6786.7998,6689.8999,6730.3398
2021-03-10,6730.3398,6740.77,6677.02,6725.6001
2021-03-11,6725.6001,6755.3198,6699.3398,6736.96
2021-03-12,6736.96,6766.4399,6709,6761.4702
2021-03-15,6761.4702,6804.9102,6723.6699,6749.7002
2021-03-16,6749.7002,6812.7798,6749.6401,6803.6099
2021-03-17,6803.6099,6805.73,6753.8198,6762.6699
2021-03-18,6762.6699,6791.7598,6740.5298,6779.6802
2021-03-19,6779.6802,6779.6802,6664.5601,6708.71
2021-03-22,6708.71,6732.6699,6650.96,6726.1001
2021-03-23,6726.1001,6726.1001,6664.7598,6699.1899
2021-03-24,6699.1899,6722.6099,6649.3701,6712.8901
2021-03-25,6712.8901,6729.9199,6618.6099,6674.8301
2021-03-26,6674.8301,6742.1401,6674.8301,6740.5898
2021-03-29,6740.5898,6758.7798,6705.4199,6736.1699
2021-03-30,6736.1699,6792.23,6729.46,6772.1201
2021-03-31,6772.1201,6775.6699,6713.6299,6713.6299
2021-04-01,6713.6299,6766.52,6713.6299,6737.2998
2021-04-06,6737.2998,6843.73,6737.2998,6823.5498
2021-04-07,6823.5498,6898.3799,6823.5498,6885.3198
2021-04-08,6885.3198,6942.2202,6884.79,6942.2202
2021-04-09,6942.2202,6949.5601,6906.3701,6915.75
2021-04-12,6915.75,6916.0801,6853.75,6889.1201
2021-04-13,6889.1201,6895.1299,6859.7202,6890.4902
2021-04-14,6890.4902,6942.3301,6880.6699,6939.5801
2021-04-15,6939.5801,6994.8999,6939.2598,6983.5
2021-04-16,6983.5,7037.6499,6983.5,7019.5298
2021-04-19,7019.5298,7040.2598,6979.23,7000.0801
2021-04-20,7000.0801,7001.27,6857.0698,6859.8701
2021-04-21,6859.8701,6914.8799,6859.6099,6895.29
2021-04-22,6895.29,6941.1099,6889.3198,6938.2402
2021-04-23,6938.2402,6938.5601,6891.75,6938.5601
2021-04-26,6938.5601,6971.52,6913.3901,6963.1201
2021-04-27,6963.1201,6975.0698,6929.77,6944.9702
2021-04-28,6944.9702,6986.7002,6944.0601,6963.6699
2021-04-29,6963.6699,7019.7598,6953.8701,6961.48
2021-04-30,6961.48,7009.4702,6946.04,6969.8101
2021-05-04,6969.8101,7034.2598,6912.2798,6923.1699
2021-05-05,6923.1699,7047.75,6923.1699,7039.2998
2021-05-06,7039.2998,7076.1699,7026.75,7076.1699
2021-05-07,7076.1699,7143.46,7076.1699,7129.71
2021-05-10,7129.71,7164.1802,7104.3999,7123.6802
2021-05-11,7123.6802,7123.6802,6912.3599,6947.9902
2021-05-12,6947.9902,7028.1001,6945.3301,7004.6299
2021-05-13,7004.6299,7004.6299,6823.6001,6963.3301
2021-05-14,6963.3301,7048.6699,6963.3301,7043.6099
2021-05-17,7043.6099,7066.7598,6989.1099,7032.8501
2021-05-18,7032.8501,7102.5698,7030.3701,7034.2402
2021-05-19,7034.2402,7034.2402,6897.0601,6950.2002
2021-05-20,6950.2002,7019.79,6926.8501,7019.79
2021-05-21,7019.79,7028.1699,6973.3101,7018.0498
2021-05-24,7018.0498,7054.6299,7013.5098,7051.5898
2021-05-25,7051.5898,7067.6001,7029.79,7029.79
2021-05-26,7029.79,7050.8799,6998.1899,7026.9302
2021-05-27,7026.9302,7044.0098,7008.5298,7019.6699
2021-05-28,7019.6699,7054.9102,7019.5801,7022.6099
2021-06-01,7022.6099,7118.0298,7022.6099,7080.46
2021-06-02,7080.46,7122.54,7074.0601,7108
2021-06-03,7108,7108.04,7013.8501,7064.3501
2021-06-04,7064.3501,7071.8101,7039.7402,7069.04
2021-06-07,7069.04,7098.3101,7042.1899,7077.2202
2021-06-08,7077.2202,7120.73,7074.9399,7095.0898
2021-06-09,7095.0898,7095.7202,7046.02,7081.0098
2021-06-10,7081.0098,7117.7402,7080.02,7088.1802
2021-06-11,7088.1802,7140.7002,7088.1802,7134.0601
2021-06-14,7134.0601,7188.2598,7131.79,7146.6802
2021-06-15,7146.6802,7189.6299,7142.71,7172.48
2021-06-16,7172.48,7217.54,7169.21,7184.9502
2021-06-17,7184.9502,7184.9502,7132.96,7153.4302
2021-06-18,7153.4302,7154.6299,7008.7402,7017.4702
2021-06-21,7017.4702,7065.0498,6948.6299,7062.29
2021-06-22,7062.29,7098.6699,7061.1299,7090.0098
2021-06-23,7090.0098,7129.3999,7074.0601,7074.0601
2021-06-24,7074.0601,7119.4102,7070.8999,7109.9702
2021-06-25,7109.9702,7139.0801,7109.79,7136.0698
2021-06-28,7136.0698,7136.2202,7071.9502,7072.9702
2021-06-29,7072.9702,7120.77,7071.8599,7087.5498
2021-06-30,7087.5498,7100.71,7010.5698,7037.4702
2021-07-01,7037.4702,7134.21,7037.4702,7125.1602
2021-07-02,7125.1602,7162.1602,7110.2998,7123.27
2021-07-05,7123.27,7168.0298,7111.5098,7164.9102
2021-07-06,7164.9102,7170.6001,7075.73,7100.8799
2021-07-07,7100.8799,7153.6802,7100.8799,7151.02
2021-07-08,7151.02,7151.02,6981.5698,7030.6602
2021-07-09,7030.6602,7121.8799,7030.2202,7121.8799
2021-07-12,7121.8799,7134.8701,7066.2002,7125.4199
2021-07-13,7125.4199,7152.4399,7116.2598,7124.7202
2021-07-14,7124.7202,7124.7202,7073.5898,7091.1899
2021-07-15,7091.1899,7111.77,7005.02,7012.02
2021-07-16,7012.02,7056.73,6978.0601,7008.0898
2021-07-19,7008.0898,7008.0898,6813.0298,6844.3901
2021-07-20,6844.3901,6929.8901,6827.2598,6881.1299
2021-07-21,6881.1299,7007.75,6881.1299,6998.2798
2021-07-22,6998.2798,7018.9502,6956.2402,6968.2998
2021-07-23,6968.2998,7033.27,6968.2998,7027.5801
2021-07-26,7027.5801,7038.6499,6980.6699,7025.4302
2021-07-27,7025.4302,7028.3701,6929.6401,6996.0801
2021-07-28,6996.0801,7023.3501,6974.7998,7016.6299
2021-07-29,7016.6299,7093.9302,7008.6499,7078.4199
2021-07-30,7078.4199,7078.4199,6996.9302,7032.2998
2021-08-02,7032.2998,7111.6602,7032.2998,7081.7202
2021-08-03,7081.7202,7119.1899,7074.3198,7105.7202
2021-08-04,7105.7202,7142.54,7105.7202,7123.8599
2021-08-05,7123.8599,7130.3501,7099.0298,7120.4302
2021-08-06,7120.4302,7135.3901,7103.71,7122.9502
2021-08-09,7122.9502,7138.7998,7089.7402,7132.2998
2021-08-10,7132.2998,7166.6699,7115.8701,7161.04
2021-08-11,7161.04,7220.1401,7157.7402,7220.1401
2021-08-12,7220.1401,7220.7002,7182.9199,7193.23
2021-08-13,7193.23,7224.46,7193.1299,7218.71
2021-08-16,7218.71,7218.71,7117.7798,7153.98
2021-08-17,7153.98,7188.5498,7118.6699,7181.1099
2021-08-18,7181.1099,7198.79,7143.5498,7169.3198
2021-08-19,7169.3198,7169.3198,6993.0601,7058.8599
2021-08-20,7058.8599,7095.6099,7032.4502,7087.8999
2021-08-23,7087.8999,7147.7998,7087.8999,7109.02
2021-08-24,7109.02,7129.6602,7076.0601,7125.7798
2021-08-25,7125.7798,7151.75,7121.29,7150.1201
2021-08-26,7150.1201,7150.1201,7095.4302,7124.98
2021-08-27,7124.98,7157.6001,7108.5298,7148.0098
2021-08-31,7148.0098,7160.4902,7092.0298,7119.7002
2021-09-01,7119.7002,7187.3398,7119.7002,7149.8398
2021-09-02,7149.8398,7168.7798,7129.71,7163.8999
2021-09-03,7163.8999,7182.23,7123.8701,7138.3501
2021-09-06,7138.3501,7195.6201,7138.3501,7187.1802
2021-09-07,7187.1802,7187.1802,7147.9399,7149.3701
2021-09-08,7149.3701,7149.3701,7061.1299,7095.5298
2021-09-09,7095.5298,7095.5298,6998.6201,7024.21
2021-09-10,7024.21,7055.2202,7014.4199,7029.2002
2021-09-13,7029.2002,7090.8101,7029.2002,7068.4302
2021-09-14,7068.4302,7068.4502,7020.1001,7034.0601
2021-09-15,7034.0601,7047.27,7016.4902,7016.4902
2021-09-16,7016.4902,7058.9902,7016.3198,7027.48
2021-09-17,7027.48,7092.6899,6941.6899,6963.6401
2021-09-20,6963.6401,6963.6401,6828.2798,6903.9102
2021-09-21,6903.9102,7004.8799,6903.9102,6980.98
2021-09-22,6980.98,7090.48,6980.98,7083.3701
2021-09-23,7083.3701,7131.4302,7070.6802,7078.3501
2021-09-24,7078.3501,7080.23,7041.3398,7051.48
2021-09-27,7051.48,7122.0898,7043.21,7063.3999
2021-09-28,7063.3999,7071.3599,7015.5801,7028.1001
2021-09-29,7028.1001,7117.52,7026.8501,7108.1602
2021-09-30,7108.1602,7159.6099,7072.5698,7086.4199
2021-10-01,7086.4199,7086.4199,6989.6401,7027.0698
2021-10-04,7027.0698,7072.48,7002.7202,7011.0098
2021-10-05,7011.0098,7084.52,7011.0098,7077.1001
2021-10-06,7077.1001,7077.1001,6945.5,6995.8701
2021-10-07,6995.8701,7094.9302,6995.8701,7078.04
2021-10-08,7078.04,7109.3398,7070.5298,7095.5498
2021-10-11,7095.5498,7146.8501,7085.8501,7146.8501
2021-10-12,7146.8501,7146.8501,7063.4302,7130.23
2021-10-13,7130.23,7152.8701,7087.9302,7141.8198
2021-10-14,7141.8198,7216.1499,7141.8198,7207.71
2021-10-15,7207.71,7243.8501,7206.2598,7234.0298
2021-10-18,7234.0298,7234.0298,7180.2002,7203.8301
2021-10-19,7203.8301,7223.29,7189.5,7217.5298
2021-10-20,7217.5298,7229.2598,7199.29,7223.1001
2021-10-21,7223.1001,7227.0601,7181.7002,7190.2998
2021-10-22,7190.2998,7235.1899,7190.2998,7204.5498
2021-10-25,7204.5498,7247.5298,7204.5498,7222.8198
2021-10-26,7222.8198,7281.1699,7222.8198,7277.6201
2021-10-27,7277.6201,7280.4502,7247.25,7253.27
2021-10-28,7253.27,7257.8501,7219.71,7249.4702
2021-10-29,7249.4702,7249.4702,7192.0498,7237.5698
2021-11-01,7237.5698,7303.3901,7237.5698,7288.6201
2021-11-02,7288.6201,7288.6201,7240.02,7274.8101
2021-11-03,7274.8101,7277.6401,7235.3198,7248.8901
2021-11-04,7248.8901,7292.96,7247.5898,7279.9102
2021-11-05,7279.9102,7331.25,7270.0298,7303.96
2021-11-08,7303.96,7316.54,7293.5,7300.3999
2021-11-09,7300.3999,7314.1299,7268.79,7274.04
2021-11-10,7274.04,7340.1499,7270.1099,7340.1499
2021-11-11,7340.1499,7394.4102,7329.6802,7384.1802
2021-11-12,7384.1802,7402.6802,7340.4902,7347.9102
2021-11-15,7347.9102,7363.48,7324.1099,7351.8599
2021-11-16,7351.8599,7368.25,7324.1299,7326.9702
2021-11-17,7326.9702,7326.9702,7289.98,7291.2002
2021-11-18,7291.2002,7291.2598,7241.9902,7255.96
2021-11-19,7255.96,7289.5098,7198.7598,7223.5698
2021-11-22,7223.5698,7272.6299,7207.8101,7255.46
2021-11-23,7255.46,7293.0698,7204.3701,7266.6899
2021-11-24,7266.6899,7307.8901,7245.98,7286.3198
2021-11-25,7286.3198,7311.9399,7286.3198,7310.3701
2021-11-26,7310.3701,7310.3701,7042.1201,7044.0298
2021-11-29,7044.0298,7161.9102,7044.0298,7109.9502
2021-11-30,7109.9502,7109.9502,6989.6602,7059.4502
2021-12-01,7059.4502,7182.0098,7059.3501,7168.6802
2021-12-02,7168.6802,7168.6802,7083.21,7129.21
2021-12-03,7129.21,7196.0498,7105.29,7122.3198
2021-12-06,7122.3198,7246.25,7122.3198,7232.2798
2021-12-07,7232.2798,7344.6899,7232.2798,7339.8999
2021-12-08,7339.8999,7378.9199,7333.5601,7337.0498
2021-12-09,7337.0498,7366.1001,7302.96,7321.2598
2021-12-10,7321.2598,7331.5801,7284.8198,7291.7798
2021-12-13,7291.7798,7309.23,7226.6299,7231.4399
2021-12-14,7231.4399,7284.4702,7218.6401,7218.6401
2021-12-15,7218.6401,7224.8501,7166.8301,7170.75
2021-12-16,7170.75,7273.3398,7170.75,7260.6099
2021-12-17,7260.6099,7286.5,7236.1699,7269.9199
2021-12-20,7269.9199,7269.9199,7101.04,7198.0298
2021-12-21,7198.0298,7297.4102,7198.0298,7297.4102
2021-12-22,7297.4102,7341.6602,7273.4502,7341.6602
2021-12-23,7341.6602,7385.4199,7331.0498,7373.3398
2021-12-24,7373.3398,7403.6499,7368.8301,7372.1001
2021-12-29,7372.1001,7457.1401,7372.1001,7420.6899
2021-12-30,7420.6899,7433.3901,7403.0098,7403.0098
2021-12-31,7403.0098,7403.0098,7357.1001,7384.54
2022-01-04,7384.54,7520.79,7384.54,7505.1499
2022-01-05,7505.1499,7529.9702,7484.2798,7516.8701
2022-01-06,7516.8701,7516.8701,7419.9502,7450.3701
2022-01-07,7450.3701,7485.2798,7431.8599,7485.2798
2022-01-10,7485.2798,7496.1201,7422.9399,7445.25
2022-01-11,7445.25,7497.1201,7445.25,7491.3701
2022-01-12,7491.3701,7564.2002,7491.3701,7551.7202
2022-01-13,7551.7202,7566.46,7530.1201,7563.8501
2022-01-14,7563.8501,7568.1602,7523.02,7542.9502
2022-01-17,7542.9502,7616.0601,7542.9502,7611.23
2022-01-18,7611.23,7613.0498,7531.96,7563.5498
2022-01-19,7563.5498,7614.9302,7525.1499,7589.6602
2022-01-20,7589.6602,7619.0098,7549.8701,7585.0098
2022-01-21,7585.0098,7585.0098,7450.4902,7494.1299
2022-01-24,7494.1299,7494.1299,7283.3799,7297.1499
2022-01-25,7297.1499,7382.6001,7297.1499,7371.46
2022-01-26,7371.46,7525.5801,7371.46,7469.7798
2022-01-27,7469.7798,7596.7002,7388.7998,7554.3101
2022-01-28,7554.3101,7554.3101,7420.2002,7466.0698
2022-01-31,7466.0698,7523.9502,7450.8901,7464.3701
2022-02-01,7464.3701,7549.29,7463.0098,7535.7798
2022-02-02,7535.7798,7605.6401,7535.7798,7583
2022-02-03,7583,7605.75,7528.6899,7528.8398
2022-02-04,7528.8398,7599.73,7497.21,7516.3999
2022-02-07,7516.3999,7591.6499,7508.48,7573.4702
2022-02-08,7573.4702,7631.3101,7548.1899,7567.0698
2022-02-09,7567.0698,7657.9302,7567.0698,7643.4199
2022-02-10,7643.4199,7687.27,7622.7402,7672.3999
2022-02-11,7672.3999,7672.3999,7596.1099,7661.02
2022-02-14,7661.02,7661.02,7483.3599,7531.5898
2022-02-15,7531.5898,7608.9199,7513.1602,7608.9199
2022-02-16,7608.9199,7630.7202,7560.9399,7603.7798
2022-02-17,7603.7798,7607.2402,7499.8599,7537.3701
2022-02-18,7537.3701,7570.5601,7508.73,7513.6201
2022-02-21,7513.6201,7571.0698,7446.4302,7484.3301
2022-02-22,7484.3301,7531.3198,7365.04,7494.21
2022-02-23,7494.21,7549.98,7490.54,7498.1802
2022-02-24,7498.1802,7498.1802,7204.7402,7207.3799
2022-02-25,7207.3799,7497.9399,7207.3799,7489.46
2022-02-28,7489.46,7489.46,7361.5898,7458.25
2022-03-01,7458.25,7499.3301,7327.79,7330.2002
2022-03-02,7330.2002,7462.2202,7320.77,7429.5601
2022-03-03,7429.5601,7468.8301,7231.5098,7238.8501
2022-03-04,7238.8501,7238.8501,6980.8599,6987.1401
2022-03-07,6987.1401,7030.7402,6787.98,6959.48
2022-03-08,6959.48,7013.5098,6893.5498,6964.1099
2022-03-09,6964.1099,7190.7202,6964.1099,7190.7202
2022-03-10,7190.7202,7192.75,7065.96,7099.0898
2022-03-11,7099.0898,7260.3999,7099.0298,7155.6401
2022-03-14,7155.6401,7222.8701,7143.9502,7193.4702
2022-03-15,7193.4702,7193.4702,7075.8198,7175.7002
2022-03-16,7175.7002,7312.23,7175.7002,7291.6802
2022-03-17,7291.6802,7385.3398,7260.5098,7385.3398
2022-03-18,7385.3398,7406.1299,7318.8999,7404.73
2022-03-21,7404.73,7464.9502,7402.6001,7442.3901
2022-03-22,7442.3901,7490.46,7442.3901,7476.7202
2022-03-23,7476.7202,7521.1401,7459.3599,7460.6299
2022-03-24,7460.6299,7492,7453.25,7467.3799
2022-03-25,7467.3799,7502.6699,7441.2798,7483.3501
2022-03-28,7483.3501,7539.2998,7471.4702,7473.1401
2022-03-29,7473.1401,7584.1099,7473.1401,7537.25
2022-03-30,7537.25,7578.75,7523.8198,7578.75
2022-03-31,7578.75,7595.4199,7515.6802,7515.6802
2022-04-01,7515.6802,7552.46,7508.9199,7537.8999
2022-04-04,7537.8999,7574.3301,7532.23,7558.9199
2022-04-05,7558.9199,7613.7202,7536.21,7613.7202
2022-04-06,7613.7202,7614.1299,7536.2002,7587.7002
2022-04-07,7587.7002,7601.52,7537.25,7551.8101
2022-04-08,7551.8101,7669.5601,7551.8101,7669.5601
2022-04-11,7669.5601,7669.5601,7611.6802,7618.3101
2022-04-12,7618.3101,7618.3101,7543.0298,7576.6602
2022-04-13,7576.6602,7597.8501,7550.9399,7580.7998
2022-04-14,7580.7998,7622.4102,7551.3901,7616.3799
2022-04-19,7616.3799,7624.8999,7565.8101,7601.2798
2022-04-20,7601.2798,7637.8701,7590.6201,7629.2202
2022-04-21,7629.2202,7656.4702,7596.29,7627.9502
2022-04-22,7627.9502,7628.0298,7521.6802,7521.6802
2022-04-25,7521.6802,7521.6802,7339.5298,7380.54
2022-04-26,7380.54,7463.1499,7380.54,7386.1899
2022-04-27,7386.1899,7458.2402,7344.8901,7425.6099
2022-04-28,7425.6099,7519.7002,7425.6099,7509.1899
2022-04-29,7509.1899,7569.7998,7509.1899,7544.5498
2022-05-03,7544.5498,7561.3301,7475.6899,7561.3301
2022-05-04,7561.3301,7572.6499,7493.4502,7493.4502
2022-05-05,7493.4502,7619.3901,7493.4502,7503.27
2022-05-06,7503.27,7503.27,7354.0601,7387.9399
2022-05-09,7387.9399,7391.5898,7216.5801,7216.5801
2022-05-10,7216.5801,7311.6499,7216.5801,7243.2202
2022-05-11,7243.2202,7349.7002,7238.9702,7347.6602
2022-05-12,7347.6602,7347.6602,7158.5298,7233.3398
2022-05-13,7233.3398,7421.9502,7233.3398,7418.1499
2022-05-16,7418.1499,7464.7998,7361.7202,7464.7998
2022-05-17,7464.7998,7538.6802,7464.7998,7518.3501
2022-05-18,7518.3501,7526.1401,7438.0898,7438.0898
2022-05-19,7438.0898,7438.0898,7228.6699,7302.7402
2022-05-20,7302.7402,7453.4902,7302.7402,7389.98
2022-05-23,7389.98,7513.4399,7389.98,7513.4399
2022-05-24,7513.4399,7529.6499,7434.46,7484.3501
2022-05-25,7484.3501,7546.4102,7484.3501,7522.75
2022-05-26,7522.75,7575.5298,7512.4502,7564.9199
2022-05-27,7564.9199,7597.6401,7542.7798,7585.46
2022-05-30,7585.46,7625.6299,7576.3701,7600.0601
2022-05-31,7600.0601,7648.2598,7591.8398,7607.6602
2022-06-01,7607.6602,7639.21,7529.23,7532.9502
2022-06-06,7532.9502,7646.6602,7532.8398,7608.2202
2022-06-07,7608.2202,7617.5298,7570.6699,7598.9302
2022-06-08,7598.9302,7616.2202,7550.6499,7593
2022-06-09,7593,7593,7472.29,7476.21
2022-06-10,7476.21,7476.21,7294.2002,7317.52
2022-06-13,7317.52,7317.52,7174.02,7205.8101
2022-06-14,7205.8101,7271.8501,7135.1499,7187.46
2022-06-15,7187.46,7313.7002,7186.5,7273.4102
2022-06-16,7273.4102,7273.4102,7039.4702,7044.98
2022-06-17,7044.98,7130.6201,6998.1699,7016.25
2022-06-20,7016.25,7129.6401,7016.1499,7121.8101
2022-06-21,7121.8101,7193.8999,7119.25,7152.0498
2022-06-22,7152.0498,7152.0498,7030.0298,7089.2202
2022-06-23,7089.2202,7115.7998,7014.1899,7020.4502
2022-06-24,7020.4502,7211.0698,7016.02,7208.8101
2022-06-27,7208.8101,7284.48,7208.52,7258.3198
2022-06-28,7258.3198,7362.3701,7258.3198,7323.4102
2022-06-29,7323.4102,7345.4502,7263.54,7312.3198
2022-06-30,7312.3198,7312.3198,7110.7002,7169.2798
2022-07-01,7169.2798,7214.8198,7101.3799,7168.6499
2022-07-04,7168.6499,7258.46,7168.6499,7232.6499
2022-07-05,7232.6499,7260.2998,7016.7798,7025.4702
2022-07-06,7025.4702,7198.7202,7025.3501,7107.77
2022-07-07,7107.77,7213.0498,7107.77,7189.0801
2022-07-08,7189.0801,7210.5801,7129.1499,7196.2402
2022-07-11,7196.2402,7204.0601,7097.4199,7196.5898
2022-07-12,7196.5898,7216.8999,7143.3101,7209.8599
2022-07-13,7209.8599,7209.8599,7104.0601,7156.3701
2022-07-14,7156.3701,7157.6201,7007.0898,7039.8101
2022-07-15,7039.8101,7167.8501,7038.1499,7159.0098
2022-07-18,7159.0098,7268.8799,7159.0098,7223.2402
2022-07-19,7223.2402,7308.9902,7174.3999,7296.2798
2022-07-20,7296.2798,7347.6001,7253.5601,7264.3101
2022-07-21,7264.3101,7274.73,7200.1401,7270.5098
2022-07-22,7270.5098,7315.3398,7254.02,7276.3701
2022-07-25,7276.3701,7309.6499,7242.8999,7306.2998
2022-07-26,7306.2998,7365.3701,7301.1899,7306.2798
2022-07-27,7306.2798,7365.2202,7306.2798,7348.23
2022-07-28,7348.23,7396.2002,7308.9902,7345.25
2022-07-29,7345.25,7441.2002,7345.25,7423.4302
2022-08-01,7450.2402,7471.8701,7408.9399,7413.4199
2022-08-02,7413.4199,7433.3398,7386.7598,7409.1099
2022-08-03,7409.1099,7445.8999,7372.71,7445.6802
2022-08-04,7445.6802,7491.7402,7417.4902,7448.0601
2022-08-05,7448.0601,7470.6299,7420.1602,7439.7402
2022-08-08,7439.7402,7513.7598,7439.7402,7482.3701
2022-08-09,7482.3701,7504.6401,7475.04,7488.1499
2022-08-10,7488.1499,7520.7202,7468.6401,7507.1099
2022-08-11,7507.1099,7515,7460.1099,7465.9102
2022-08-12,7465.9102,7516.8301,7464.1201,7500.8901
2022-08-15,7500.8901,7539.21,7463.5098,7509.1499
2022-08-16,7509.1499,7563.6699,7509.1499,7536.0601
2022-08-17,7536.0601,7554.04,7501.54,7515.75
2022-08-18,7515.75,7541.8901,7493.6602,7541.8501
2022-08-19,7541.8501,7578.8501,7513.2598,7550.3701
2022-08-22,7550.3701,7550.4102,7491.2598,7533.79
2022-08-23,7533.79,7533.79,7467.5601,7488.1099
2022-08-24,7488.1099,7488.1201,7410.3999,7471.5098
2022-08-25,7471.5098,7535.7002,7469.1699,7479.7402
2022-08-26,7479.7402,7530.6499,7422.02,7427.3101
2022-08-30,7427.3101,7486.3999,7351.1201,7361.6299
2022-08-31,7361.6299,7378.4399,7263.6201,7284.1499
2022-09-01,7284.1499,7284.1499,7131.6899,7148.5
2022-09-02,7148.5,7288.7202,7148.5,7281.1899
2022-09-05,7281.1899,7288.46,7191.1699,7287.4302
2022-09-06,7287.4302,7324.1899,7256.5098,7300.4399
2022-09-07,7300.4399,7300.4399,7186.5601,7237.8301
2022-09-08,7237.8301,7273.0098,7175.75,7262.0601
2022-09-09,7262.0601,7386.5898,7262.0601,7351.0698
2022-09-12,7351.0698,7483,7351.0698,7473.0298
2022-09-13,7473.0298,7514.04,7385.8599,7385.8599
2022-09-14,7385.8599,7385.8599,7259.2402,7277.2998
2022-09-15,7277.2998,7329,7258.6699,7282.0698
2022-09-16,7282.0698,7297.1001,7236.1699,7236.6802
2022-09-20,7236.6802,7326.54,7171.2402,7192.6602
2022-09-21,7192.6602,7258.8701,7170.6899,7237.6401
2022-09-22,7237.6401,7243.8999,7149.5898,7159.52
2022-09-23,7159.52,7169.1201,6981.5,7018.6001
2022-09-26,7018.6001,7071.1099,6937.3999,7020.9502
2022-09-27,7020.9502,7073.96,6984.5898,6984.5898
2022-09-28,6984.5898,7011.5,6836.2798,7005.3901
2022-09-29,7005.3901,7005.3901,6829.29,6881.5898
2022-09-30,6881.5898,6954.9199,6840.0698,6893.8101
2022-10-03,6893.8101,6923.75,6797.3701,6908.7598
2022-10-04,6908.7598,7088.1699,6908.6699,7086.46
2022-10-05,7086.46,7086.46,6977.9502,7052.6201
2022-10-06,7052.6201,7079.7402,6961.1001,6997.27
2022-10-07,6997.27,7022.4102,6960.3599,6991.0898
2022-10-10,6991.0898,6999.2002,6922.9399,6959.3101
2022-10-11,6959.3101,6959.4302,6860.3101,6885.23
2022-10-12,6885.23,6916.9399,6793.77,6826.1499
2022-10-13,6826.1499,6872.8999,6707.6201,6850.27
2022-10-14,6850.27,6976.2998,6850.27,6858.79
2022-10-17,6858.79,6959.71,6850.4302,6920.2402
2022-10-18,6920.2402,7017.3999,6920.2402,6936.7402
2022-10-19,6936.7402,6968.3301,6890.6602,6924.9902
2022-10-20,6924.9902,6954.21,6894.8501,6943.9102
2022-10-21,6943.9102,6976.1899,6864.1299,6969.73
2022-10-24,6969.73,7047.3701,6914.6602,7013.9902
2022-10-25,7013.9902,7025.2202,6949.2402,7013.48
2022-10-26,7013.48,7057.4199,6960.1099,7056.0698
2022-10-27,7056.0698,7093.0498,7034.2402,7073.6899
2022-10-28,7073.6899,7073.6899,6997.54,7047.6699
2022-10-31,7047.6699,7132.8501,7030.1201,7094.5298
2022-11-01,7094.5298,7221.3198,7094.5298,7186.1602
2022-11-02,7186.1602,7205.0698,7130.5,7144.1401
2022-11-03,7144.1401,7188.6299,7076.4702,7188.6299
2022-11-04,7188.6299,7376.23,7188.6299,7334.8398
2022-11-07,7334.8398,7346.6602,7288,7299.9902
2022-11-08,7299.9902,7313.46,7244.8301,7306.1401
2022-11-09,7306.1401,7307.7998,7263.46,7296.25
2022-11-10,7296.25,7405.0898,7253.3599,7375.3398
2022-11-11,7375.3398,7408.6099,7316.8398,7318.04
2022-11-14,7318.04,7413.8198,7317.5698,7385.1699
2022-11-15,7385.1699,7413.0098,7344.8501,7369.4399
2022-11-16,7369.4399,7394.4199,7341.5898,7351.1899
2022-11-17,7351.1899,7354.0698,7294.75,7346.54
2022-11-18,7346.54,7423.5098,7343.5,7385.52
2022-11-21,7385.52,7402.79,7343.3701,7376.8501
2022-11-22,7376.8501,7458.8799,7373.5601,7452.8398
2022-11-23,7452.8398,7498.3398,7452.8398,7465.2402
2022-11-24,7465.2402,7488.0698,7443.46,7466.6001
2022-11-25,7466.6001,7497.23,7461.7798,7486.6699
2022-11-28,7486.6699,7496.7998,7420,7474.02
2022-11-29,7474.02,7543.0898,7473.9902,7512
2022-11-30,7512,7599.27,7512,7573.0498
2022-12-01,7573.0498,7599.7002,7552.29,7558.4902
2022-12-02,7558.4902,7570.46,7507.98,7556.23
2022-12-05,7556.23,7598.21,7547.7598,7567.54
2022-12-06,7567.54,7567.6401,7521.3901,7521.3901
2022-12-07,7521.3901,7567.23,7489.1899,7489.1899
2022-12-08,7489.1899,7507.98,7469.1201,7472.1699
2022-12-09,7472.1699,7498.04,7431.4399,7476.6299
2022-12-12,7476.6299,7476.6299,7438.8701,7445.9702
2022-12-13,7445.9702,7553.3599,7428.98,7502.8901
2022-12-14,7502.8901,7504.4902,7461.6802,7495.9302
2022-12-15,7495.9302,7495.9302,7411.0698,7426.1699
2022-12-16,7426.1699,7429.29,7305.7202,7332.1201
2022-12-19,7332.1201,7385.3799,7332.1201,7361.3101
2022-12-20,7361.3101,7389.9199,7302.8198,7370.6201
2022-12-21,7370.6201,7498.48,7368.7202,7497.3198
2022-12-22,7497.3198,7540.3101,7463.54,7469.2798
2022-12-23,7469.2798,7496.3999,7462.7998,7473.0098
2022-12-28,7473.0098,7547,7473.0098,7497.1899
2022-12-29,7497.1899,7516.3599,7434.6401,7512.7202
2022-12-30,7512.7202,7512.9199,7451.7402,7451.7402
2023-01-03,7451.7402,7626.3999,7448.6899,7554.0898
2023-01-04,7554.0898,7609.25,7545.1802,7585.1899
2023-01-05,7585.1899,7658.79,7564.7002,7633.4502
2023-01-06,7633.4502,7700.8101,7633.4502,7699.4902
2023-01-09,7699.4902,7725.7402,7688.6899,7724.9399
2023-01-10,7724.9399,7724.9399,7684.3501,7694.4902
2023-01-11,7694.4902,7772.3701,7694.3501,7724.98
2023-01-12,7724.98,7809.1299,7724.5498,7794.04
2023-01-13,7794.04,7864.9502,7793.5498,7844.0698
2023-01-16,7844.0698,7867.23,7841.9102,7860.0698
2023-01-17,7860.0698,7875.5801,7830.3501,7851.0298
2023-01-18,7851.0298,7867.4302,7824.73,7830.7002
2023-01-19,7830.7002,7830.7998,7726.23,7747.29
2023-01-20,7747.29,7790.8701,7747.29,7770.5898
2023-01-23,7770.5898,7811.1699,7768.4702,7784.6699
2023-01-24,7784.6699,7800.8901,7741.75,7757.3599
2023-01-25,7757.3599,7773.5698,7710.7798,7744.8701
2023-01-26,7744.8701,7787.5698,7744.8701,7761.1099
2023-01-27,7761.1099,7777.3999,7742.1201,7765.1499
2023-01-30,7765.1499,7790.6899,7718.3301,7784.8701
2023-01-31,7784.8701,7784.8701,7708.3398,7771.7002
2023-02-01,7771.7002,7798.5098,7745.4302,7761.1099
2023-02-02,7761.1099,7837.8398,7758.5098,7820.1602
2023-02-03,7820.1602,7906.5801,7806.8501,7901.7998
2023-02-06,7901.7998,7901.7998,7808.3901,7836.71
2023-02-07,7836.71,7890.8198,7835.3599,7864.71
2023-02-08,7864.71,7934.2998,7864.6602,7885.1699
2023-02-09,7885.1699,7949.5698,7874.23,7911.1499
2023-02-10,7911.1499,7913.3101,7850.9399,7882.4502
2023-02-13,7882.4502,7947.6001,7881.8599,7947.6001
2023-02-14,7947.6001,7996.3501,7947.6001,7953.8501
2023-02-15,7953.8501,8003.6499,7921.3198,7997.8301
2023-02-16,7997.8301,8047.0601,7978.6099,8012.5298
2023-02-17,8012.5298,8012.5298,7957.6899,8004.3599
2023-02-20,8004.3599,8020.1299,7995.46,8014.3101
2023-02-21,8014.3101,8014.3999,7952.48,7977.75
2023-02-22,7977.75,7977.75,7879.0298,7930.6299
2023-02-23,7930.6299,7935.5601,7888.8799,7907.7202
2023-02-24,7907.7202,7939.1699,7870.3901,7878.6602
2023-02-27,7878.6602,7949.9702,7878.6602,7935.1099
2023-02-28,7935.1099,7935.1099,7854.8198,7876.2798
2023-03-01,7876.2798,7950.6899,7874.3398,7914.9302
2023-03-02,7914.9302,7945.8198,7875.0298,7944.04
2023-03-03,7944.04,7974.3999,7920.0698,7947.1099
2023-03-06,7947.1099,7948.6699,7897.4502,7929.79
2023-03-07,7929.79,7959.77,7909.77,7919.48
2023-03-08,7919.48,7946.6201,7891.4199,7929.9199
2023-03-09,7929.9199,7930.2598,7862.0098,7879.98
2023-03-10,7879.98,7879.98,7708.3198,7748.3501
2023-03-13,7748.3501,7752.4302,7546.02,7548.6299
2023-03-14,7548.6299,7641.5498,7503.25,7637.1099
2023-03-15,7637.1099,7637.3901,7333.3501,7344.4502
2023-03-16,7344.4502,7458.6401,7331.4902,7410.0298
2023-03-17,7410.0298,7510.4702,7309.2998,7335.3999
2023-03-20,7335.3999,7426.2402,7206.8198,7403.8501
2023-03-21,7403.8501,7557.5498,7403.8501,7536.2202
2023-03-22,7536.2202,7585.5698,7505.48,7566.8398
2023-03-23,7566.8398,7566.8398,7476.1299,7499.6001
2023-03-24,7499.6001,7499.6001,7335.71,7405.4502
2023-03-27,7405.4502,7491.7402,7405.4502,7471.77
2023-03-28,7471.77,7524.5498,7464.6099,7484.25
2023-03-29,7484.25,7566.7998,7484.21,7564.27
2023-03-30,7564.27,7638.4902,7564.27,7620.4302
2023-03-31,7620.4302,7654.4102,7616.0898,7631.7402
2023-04-03,7631.7402,7698.1499,7631.7402,7673
2023-04-04,7673,7726.8501,7634.52,7634.52
2023-04-05,7634.52,7678.4502,7634.2598,7662.9399
2023-04-06,7662.9399,7742.1099,7654.54,7741.5601
2023-04-11,7741.5601,7806.3901,7741.5601,7785.7202
2023-04-12,7785.7202,7859.6699,7783.3999,7824.8398
2023-04-13,7824.8398,7851.5698,7814.1099,7843.3799
2023-04-14,7843.3799,7904.04,7843.3799,7871.9102
2023-04-17,7871.9102,7916.6699,7871.9102,7879.5098
2023-04-18,7879.5098,7912.73,7879.5098,7909.4399
2023-04-19,7909.4399,7909.4399,7871.4302,7898.77
2023-04-20,7898.77,7902.9502,7876.3501,7902.6099
2023-04-21,7902.6099,7936.1099,7886.46,7914.1299
2023-04-24,7914.1299,7927.1099,7877.5801,7912.2002
2023-04-25,7912.2002,7912.52,7863.8501,7891.1299
2023-04-26,7891.1299,7893.9502,7825.9302,7852.6401
2023-04-27,7852.6401,7865.73,7816.8301,7831.5801
2023-04-28,7831.5801,7870.5698,7791.6299,7870.5698
2023-05-02,7870.5698,7898.6899,7773.0298,7773.0298
2023-05-03,7773.0298,7819.6602,7773.0298,7788.3701
2023-05-04,7788.3701,7788.3701,7691.25,7702.6401
2023-05-05,7702.6401,7781.54,7702.6401,7778.3799
2023-05-09,7778.3799,7792.3501,7735.0801,7764.0898
2023-05-10,7764.0898,7778.98,7727.1201,7741.3301
2023-05-11,7741.3301,7784.2798,7679.6099,7730.5801
2023-05-12,7730.5801,7772.79,7729.0098,7754.6201
2023-05-15,7754.6201,7794.8901,7754.6201,7777.7002
2023-05-16,7777.7002,7804.9302,7741.29,7751.0801
2023-05-17,7751.0801,7758.1499,7713.0298,7723.23
2023-05-18,7723.23,7776.5801,7723.23,7742.2998
2023-05-19,7742.2998,7790.9199,7742.1299,7756.8701
2023-05-22,7756.8701,7783.3999,7750.5298,7770.9902
2023-05-23,7770.9902,7800.8501,7747.0898,7762.9502
2023-05-24,7762.9502,7762.9502,7590.2402,7627.1001
2023-05-25,7627.1001,7629.0801,7569.1699,7570.8701
2023-05-26,7570.8701,7643.5601,7556.9199,7627.2002
2023-05-30,7627.2002,7628.1201,7516.52,7522.0698
2023-05-31,7522.0698,7522.0698,7446.1401,7446.1401
2023-06-01,7446.14,7498.59,7445.3,7490.27
2023-06-02,7490.27,7614.89,7490.02,7607.28
2023-06-05,7607.28,7654.84,7594.13,7599.99
2023-06-06,7599.99,7636.06,7556.16,7628.1
2023-06-07,7628.1,7642.4,7604.42,7624.34
2023-06-08,7624.34,7638.61,7587.99,7599.74
2023-06-09,7599.74,7621.72,7546.5,7562.36
2023-06-12,7562.36,7599.87,7556.81,7570.69
2023-06-13,7570.69,7610.77,7556.32,7594.78
2023-06-14,7594.78,7639.79,7579.27,7602.74
2023-06-15,7602.74,7632.67,7584.78,7628.26
2023-06-16,7628.26,7687.61,7627.83,7642.72
2023-06-19,7642.72,7642.72,7581.84,7588.48
2023-06-20,7588.48,7607.53,7566.33,7569.31
2023-06-21,7569.31,7577.6,7520.92,7559.18
2023-06-22,7559.18,7559.18,7458.35,7502.03
2023-06-23,7502.03,7502.03,7439.72,7461.87
2023-06-26,7461.87,7476.45,7401.18,7453.58
2023-06-27,7453.58,7495.88,7428.11,7461.46
2023-06-28,7461.46,7518.33,7461.46,7500.49
2023-06-29,7500.49,7505.61,7460.53,7471.69
2023-06-30,7471.69,7551.59,7471.69,7531.53
2023-07-03,7531.53,7561.26,7513.93,7527.26
2023-07-04,7527.26,7547.38,7518.36,7519.72
2023-07-05,7519.72,7519.72,7434.66,7442.1
2023-07-06,7442.1,7442.1,7267.62,7280.5
2023-07-07,7280.5,7280.5,7229.57,7256.94
2023-07-10,7256.94,7306.09,7238.72,7273.79
2023-07-11,7273.79,7285.33,7239.23,7282.52
2023-07-12,7282.52,7425.1,7282.52,7416.11
2023-07-13,7416.11,7457.2,7409.25,7440.21
2023-07-14,7440.21,7480.43,7421.31,7434.57
2023-07-17,7434.57,7437.61,7395.67,7406.42
2023-07-18,7406.42,7459.15,7398.53,7453.69
2023-07-19,7453.69,7625.14,7453.69,7588.2
2023-07-20,7588.2,7661.87,7585.85,7646.05
2023-07-21,7646.05,7674.23,7639.45,7663.73
2023-07-24,7663.73,7684.97,7633.29,7678.59
2023-07-25,7678.59,7702.35,7676.5,7691.8
2023-07-26,7691.8,7702.74,7630,7676.89
2023-07-27,7676.89,7709.66,7662.4,7692.76
2023-07-28,7692.76,7716.82,7680.19,7694.27
2023-07-31,7694.27,7722.92,7667.81,7699.41
2023-08-01,7699.41,7715.24,7650.15,7666.27
2023-08-02,7666.27,7666.27,7522.24,7561.63
2023-08-03,7561.63,7562.13,7437.88,7529.16
2023-08-04,7529.16,7569.55,7487.36,7564.37
2023-08-07,7564.37,7564.95,7505.15,7554.49
2023-08-08,7554.49,7554.49,7487.47,7527.42
2023-08-09,7527.42,7600.79,7527.42,7587.3
2023-08-10,7587.3,7622.92,7572.61,7618.6
2023-08-11,7618.6,7618.6,7507.84,7524.16
2023-08-14,7524.16,7530.25,7476.45,7507.15
2023-08-15,7507.15,7508.58,7369.69,7389.64
2023-08-16,7389.64,7398.2,7338.53,7356.88
2023-08-17,7356.88,7356.96,7305,7310.21
2023-08-18,7310.21,7310.21,7215.76,7262.43
2023-08-21,7262.43,7315.97,7250.88,7257.82
2023-08-22,7257.82,7310.52,7257.58,7270.76
2023-08-23,7270.76,7348.84,7270.76,7320.53
2023-08-24,7320.53,7386.08,7320.53,7333.63
2023-08-25,7333.63,7389.4,7326.97,7338.58
2023-08-29,7338.58,7471.14,7338.58,7464.99
2023-08-30,7464.99,7509.36,7464.73,7473.67
2023-08-31,7473.67,7500.44,7439.13,7439.13
2023-09-01,7439.13,7492.63,7439.13,7464.54
2023-09-04,7464.54,7523.4,7448.31,7452.76
2023-09-05,7452.76,7481.35,7389.8,7437.93
2023-09-06,7437.93,7447.94,7369.64,7426.14
2023-09-07,7426.14,7462.18,7385.92,7441.72
2023-09-08,7441.72,7480.64,7402.1,7478.19
2023-09-11,7478.19,7549.34,7467.35,7496.87
2023-09-12,7496.87,7550.24,7496.34,7527.53
2023-09-13,7527.53,7545.16,7490.37,7525.99
2023-09-14,7525.99,7686.96,7525.99,7673.08
2023-09-15,7673.08,7745.82,7673.08,7711.38
2023-09-18,7711.38,7720.14,7641.76,7652.94
2023-09-19,7652.94,7682.38,7642.36,7660.2
2023-09-20,7660.2,7741.9,7659.61,7731.65
2023-09-21,7731.65,7746.53,7674.7,7678.62
2023-09-22,7678.62,7735.16,7640.8,7683.91
2023-09-25,7683.91,7684.82,7580.81,7623.99
2023-09-26,7623.99,7656.94,7593.54,7625.72
2023-09-27,7625.72,7645.55,7577.23,7593.22
2023-09-28,7593.22,7605.55,7524.11,7601.85
2023-09-29,7601.85,7674.19,7601.85,7608.08
2023-10-02,7608.08,7630.41,7491.3,7510.72
2023-10-03,7510.72,7545.67,7466.62,7470.16
2023-10-04,7470.16,7490.18,7384.2,7412.45
2023-10-05,7412.45,7488.6,7409.74,7451.54
2023-10-06,7451.54,7496.42,7423.36,7494.58
2023-10-09,7494.58,7540.57,7473.19,7492.21
2023-10-10,7492.21,7637.41,7492.21,7628.21
2023-10-11,7628.21,7651.98,7608.67,7620.03
2023-10-12,7620.03,7687.91,7620.03,7644.78
2023-10-13,7644.78,7660.05,7590.72,7599.6
2023-10-16,7599.6,7651.27,7584.64,7630.63
2023-10-17,7630.63,7682.63,7616.77,7675.21
2023-10-18,7675.21,7681.5,7579.26,7588
2023-10-19,7588,7588,7490.46,7499.53
2023-10-20,7499.53,7499.62,7395.57,7402.14
2023-10-23,7402.14,7402.2,7338.59,7374.83
2023-10-24,7374.83,7405.26,7324.99,7389.7
2023-10-25,7389.7,7428.11,7368.38,7414.34
2023-10-26,7414.34,7414.34,7342.48,7354.57
2023-10-27,7354.57,7380.33,7279.86,7291.28
2023-10-30,7291.28,7361.5,7291.28,7327.39
2023-10-31,7327.39,7373.53,7309.04,7321.72
2023-11-01,7321.72,7385.39,7304.89,7342.43
2023-11-02,7342.43,7469.75,7342.43,7446.53
2023-11-03,7446.53,7482.73,7396.57,7417.73
2023-11-06,7417.73,7448.36,7403.51,7417.76
2023-11-07,7417.76,7431.14,7397.4,7410.04
2023-11-08,7410.04,7442.09,7384.51,7401.72
2023-11-09,7401.72,7465.31,7367.21,7455.67
2023-11-10,7455.67,7455.67,7319.96,7360.55
2023-11-13,7360.55,7426.14,7360.55,7425.83
2023-11-14,7425.83,7456.63,7386.66,7440.47
2023-11-15,7440.47,7533.77,7440.47,7486.91
2023-11-16,7486.91,7492.84,7409.4,7410.97
2023-11-17,7410.97,7509,7410,7504.25
2023-11-20,7504.25,7506,7472.65,7496.36
2023-11-21,7496.36,7496.86,7446.68,7481.99
2023-11-22,7481.99,7504.51,7452,7469.51
2023-11-23,7469.51,7494.77,7450.6,7483.58
2023-11-24,7483.58,7494.72,7450.12,7488.2
2023-11-27,7488.2,7488.26,7452.18,7460.7
2023-11-28,7460.7,7461.13,7403.25,7455.24
2023-11-29,7455.24,7457.48,7408.79,7423.46
2023-11-30,7423.46,7497.68,7387.09,7453.75
2023-12-01,7453.75,7538.71,7453.75,7529.35
2023-12-04,7529.35,7533.81,7476.85,7512.96
2023-12-05,7512.96,7512.96,7460.21,7489.84
2023-12-06,7489.84,7542.57,7486.8,7515.38
2023-12-07,7515.38,7523.57,7480.49,7513.72
2023-12-08,7513.72,7581.32,7509.83,7554.47
2023-12-11,7554.47,7557.4,7493.59,7544.89
2023-12-12,7544.89,7607.51,7542.37,7542.77
2023-12-13,7542.77,7584.88,7542.68,7548.44
2023-12-14,7548.44,7724.81,7548.44,7648.98
2023-12-15,7648.98,7668.22,7569,7576.36
2023-12-18,7576.36,7630.57,7557.24,7614.48
2023-12-19,7614.48,7642.15,7605.35,7638.03
2023-12-20,7638.03,7762.88,7637.93,7715.68
2023-12-21,7715.68,7715.68,7668.41,7694.73
2023-12-22,7694.73,7715.21,7676.43,7697.51
2023-12-27,7697.51,7759.74,7697.51,7724.95
2023-12-28,7724.95,7745.99,7708.74,7722.74
2023-12-29,7722.74,7746.91,7719.02,7733.24
2024-01-02,7733.24,7764.37,7689.02,7721.52
2024-01-03,7721.52,7744.55,7650.3,7682.33
2024-01-04,7682.33,7728.17,7678.84,7723.07
2024-01-05,7723.07,7723.07,7642.86,7689.61
2024-01-08,7689.61,7694.19,7636.05,7694.19
2024-01-09,7694.19,7717.5,7675.07,7683.96
2024-01-10,7683.96,7683.96,7647.37,7651.76
2024-01-11,7651.76,7693.9,7576.59,7576.59
2024-01-12,7576.59,7655.19,7576.59,7624.93
2024-01-15,7624.93,7637.79,7578.33,7594.91
2024-01-16,7594.91,7594.91,7538.85,7558.34
2024-01-17,7558.34,7558.34,7404.08,7446.29
2024-01-18,7446.29,7471.66,7426.6,7459.09
2024-01-19,7459.09,7521.05,7450.86,7461.93
2024-01-22,7461.93,7503.61,7455.97,7487.71
2024-01-23,7487.71,7525.13,7465.12,7485.73
2024-01-24,7485.73,7538.89,7485.73,7527.67
2024-01-25,7527.67,7544.46,7507.03,7529.73
2024-01-26,7529.73,7651.75,7529.69,7635.09
2024-01-29,7635.09,7664.92,7630.76,7632.74
2024-01-30,7632.74,7684.24,7632.74,7666.31
2024-01-31,7666.31,7689.69,7630.57,7630.57
2024-02-01,7630.57,7673.67,7607.9,7622.16
2024-02-02,7622.16,7670.91,7609.29,7615.54
2024-02-05,7615.54,7667.82,7598.66,7612.86
2024-02-06,7612.86,7693.6,7612.86,7681.01
2024-02-07,7681.01,7694.9,7626.23,7628.75
2024-02-08,7628.75,7653.4,7593.57,7595.48
2024-02-09,7595.48,7608.74,7557.35,7572.58
2024-02-12,7572.58,7590.45,7555.47,7573.69
2024-02-13,7573.69,7585.31,7492.98,7512.28
2024-02-14,7512.28,7590.13,7512.28,7568.4
2024-02-15,7568.4,7612.34,7562.1,7597.53
2024-02-16,7597.53,7720.72,7597.53,7711.71
2024-02-19,7711.71,7733.54,7692.48,7728.5
2024-02-20,7728.5,7748.73,7705.98,7719.21
2024-02-21,7719.21,7719.21,7642.75,7662.51
2024-02-22,7662.51,7702.86,7651.65,7684.49
2024-02-23,7684.49,7713.39,7675.19,7706.28
2024-02-26,7706.28,7710.78,7676.75,7684.3
2024-02-27,7684.3,7698.29,7669.71,7683.02
2024-02-28,7683.02,7693.18,7620.37,7624.98
2024-02-29,7624.98,7677.69,7622.87,7630.02
2024-03-01,7630.02,7695.61,7630.02,7682.5
2024-03-04,7682.5,7682.64,7623.22,7640.33
2024-03-05,7640.33,7654.81,7598.47,7646.16
2024-03-06,7646.16,7701.25,7639.03,7679.31
2024-03-07,7679.31,7711.78,7645.06,7692.46
2024-03-08,7692.46,7693.89,7646.2,7659.74
2024-03-11,7659.74,7669.23,7612.62,7669.23
2024-03-12,7669.23,7764.58,7669.23,7747.81
2024-03-13,7747.81,7785.73,7738.73,7772.17
2024-03-14,7772.17,7778.39,7719.11,7743.15
2024-03-15,7743.15,7761.06,7727.42,7727.42
2024-03-18,7727.42,7750.17,7714.9,7722.55
2024-03-19,7722.55,7739.67,7699.57,7738.3
2024-03-20,7738.3,7749.39,7711.46,7737.38
2024-03-21,7737.38,7901.8,7737.38,7882.55
2024-03-22,7882.55,7961.43,7882.19,7930.92
2024-03-25,7930.92,7939.38,7891.72,7917.57
2024-03-26,7917.57,7934.37,7892.08,7930.96
2024-03-27,7930.96,7938.14,7893,7931.98
2024-03-28,7931.98,7975.38,7931.36,7952.62
2024-04-02,7952.62,8015.63,7928.59,7935.09
2024-04-03,7935.09,7937.44,7882.68,7937.44
2024-04-04,7937.44,7990.41,7937.37,7975.89
2024-04-05,7975.89,7975.89,7884.45,7911.16
2024-04-08,7911.16,7953.16,7887.92,7943.47
2024-04-09,7943.47,7962.78,7917.47,7934.79
2024-04-10,7934.79,7999.84,7916.53,7961.21
2024-04-11,7961.21,7970.09,7886.89,7923.8
2024-04-12,7923.8,8044.98,7923.8,7995.58
2024-04-15,7995.58,8009.52,7952.14,7965.53
2024-04-16,7965.53,7965.53,7793.91,7820.36
2024-04-17,7820.36,7893.62,7798.57,7847.99
2024-04-18,7847.99,7898.77,7845.89,7877.05
2024-04-19,7877.05,7900.51,7809.68,7895.85
2024-04-22,7895.85,8042.81,7895.85,8023.87
2024-04-23,8023.87,8076.52,8021.67,8044.81
2024-04-24,8044.81,8092.2,8031.79,8040.38
2024-04-25,8040.38,8105.59,8030.05,8078.86
2024-04-26,8078.86,8146.79,8078.86,8139.83
2024-04-29,8139.83,8189.14,8136.71,8147.03
2024-04-30,8147.03,8199.95,8138.14,8144.13
2024-05-01,8144.13,8178.95,8111.38,8121.24
2024-05-02,8121.24,8178.76,8119.85,8172.15
2024-05-03,8172.15,8248.73,8172.15,8213.49
2024-05-07,8213.49,8335.68,8213.49,8313.67
2024-05-08,8313.67,8365.28,8313.67,8354.05
2024-05-09,8354.05,8396.25,8349.83,8381.35
2024-05-10,8381.35,8455.77,8381.35,8433.76
2024-05-13,8433.76,8446.46,8409.15,8414.99
2024-05-14,8414.99,8448.67,8406.96,8428.13
2024-05-15,8428.13,8474.41,8427.92,8445.8
2024-05-16,8445.8,8455.66,8406.69,8438.65
2024-05-17,8438.65,8441.68,8401.4,8420.26
2024-05-20,8420.26,8451.64,8417.95,8424.2
2024-05-21,8424.2,8424.2,8379.12,8416.45
2024-05-22,8416.45,8416.45,8343.36,8370.33
2024-05-23,8370.33,8385.23,8332.27,8339.23
2024-05-24,8339.23,8339.23,8263.77,8317.59
2024-05-28,8317.59,8335.46,8241.33,8254.18
2024-05-29,8254.18,8255.39,8180.03,8183.07
2024-05-30,8183.07,8236.25,8148.49,8231.05
2024-05-31,8231.05,8289.22,8231.05,8275.38
2024-06-03,8275.38,8371.72,8258.86,8262.75
2024-06-04,8262.75,8263.38,8200.26,8232.04
2024-06-05,8232.04,8276.55,8232.04,8246.95
2024-06-06,8246.95,8287.07,8246.95,8285.34
2024-06-07,8285.34,8297.01,8210.23,8245.37
2024-06-10,8245.37,8245.37,8183.47,8228.48
2024-06-11,8228.48,8261.74,8114.84,8147.81
2024-06-12,8147.81,8243.22,8147.81,8215.48
2024-06-13,8215.48,8215.48,8147.44,8163.67
2024-06-14,8163.67,8178.21,8112.93,8146.86
2024-06-17,8146.86,8187.25,8120.89,8142.15
2024-06-18,8142.15,8199.95,8142.15,8191.29
2024-06-19,8191.29,8212.65,8164.48,8205.11
2024-06-20,8205.11,8272.46,8203.62,8272.46
2024-06-21,8272.46,8282.66,8188.12,8237.72
2024-06-24,8237.72,8307.93,8217.39,8281.55
2024-06-25,8281.55,8294.24,8245.66,8247.79
2024-06-26,8247.79,8302.04,8205.04,8225.33
2024-06-27,8225.33,8232.87,8179.68,8179.68
2024-06-28,8179.68,8237.36,8162.68,8164.12
2024-07-01,8164.12,8225.08,8164.12,8166.76
2024-07-02,8166.76,8166.76,8106.79,8121.2
2024-07-03,8121.2,8177.98,8121.2,8171.12
2024-07-04,8171.12,8257.95,8170.97,8241.26
2024-07-05,8241.26,8279.75,8182.7,8203.93
2024-07-08,8203.93,8232.81,8175.26,8193.49
2024-07-09,8193.49,8217.1,8132.49,8139.81
2024-07-10,8139.81,8194.85,8138.18,8193.51
2024-07-11,8193.51,8231.78,8190.81,8223.34
2024-07-12,8223.34,8276.31,8223.34,8252.91
2024-07-15,8252.91,8252.91,8174.62,8182.96
2024-07-16,8182.96,8182.96,8126.07,8164.9
2024-07-17,8164.9,8204.29,8132.02,8187.46
2024-07-18,8187.46,8267.78,8187.46,8204.89
2024-07-19,8150.09,8184.26,8135.08,8155.72
2024-07-22,8155.72,8240.4,8155.72,8198.78
2024-07-23,8198.78,8228.1,8151.46,8167.37
2024-07-24,8167.37,8170.68,8112.03,8153.69
2024-07-25,8153.69,8187.51,8056.01,8186.35
2024-07-26,8186.35,8290.33,8181.23,8285.71
2024-07-29,8285.71,8368.38,8285.71,8292.35
2024-07-30,8292.35,8297.92,8235.55,8274.41
2024-07-31,8274.41,8399.88,8274.41,8367.98
2024-08-01,8367.98,8405.24,8268.14,8283.36
2024-08-02,8283.36,8283.36,8158.03,8174.71
2024-08-05,8174.71,8174.71,7915.94,8008.23
2024-08-06,8008.23,8058.31,7949.85,8026.69
2024-08-07,8026.69,8176.99,8026.69,8166.88
2024-08-08,8166.88,8166.88,8064.34,8144.97
2024-08-09,8144.97,8203.46,8144.43,8168.1
2024-08-12,8168.1,8223.48,8168.1,8210.25
2024-08-13,8210.25,8244.41,8187.98,8235.23
2024-08-14,8235.23,8288.72,8230.68,8281.05
2024-08-15,8281.05,8366.98,8277.08,8347.35
2024-08-16,8347.35,8350.35,8292.01,8311.41
2024-08-19,8311.41,8374.02,8286.5,8356.94
2024-08-20,8356.94,8356.94,8270.69,8273.32
2024-08-21,8273.32,8295.94,8263.01,8283.43
2024-08-22,8283.43,8318.55,8276.99,8288
2024-08-23,8288,8331.9,8288,8327.78
2024-08-27,8327.78,8400.43,8327.78,8345.46
2024-08-28,8345.46,8362.74,8322.28,8343.85
2024-08-29,8343.85,8392.4,8336.58,8379.64
2024-08-30,8379.64,8414.37,8363.74,8376.63
2024-09-02,8376.63,8380.08,8353.18,8363.84
2024-09-03,8363.84,8380.98,8286.6,8298.46
2024-09-04,8298.46,8298.46,8219.26,8269.6
2024-09-05,8269.6,8285.55,8241.71,8241.71
2024-09-06,8241.71,8260.68,8168.42,8181.47
2024-09-09,8181.47,8274.68,8181.47,8270.84
2024-09-10,8270.84,8271.12,8195.13,8205.98
2024-09-11,8205.98,8232.76,8169.96,8193.94
2024-09-12,8193.94,8301.36,8193.94,8240.97
2024-09-13,8240.97,8287.9,8230.75,8273.09
2024-09-16,8273.09,8290,8247.92,8278.44
2024-09-17,8278.44,8351.72,8278.44,8309.86
2024-09-18,8309.86,8309.95,8245.7,8253.68
2024-09-19,8253.68,8370.47,8253.68,8328.72
2024-09-20,8328.72,8328.72,8223.76,8229.99
2024-09-23,8229.99,8262.53,8210.07,8259.71
2024-09-24,8259.71,8309.75,8259.51,8282.76
2024-09-25,8282.76,8319.41,8242.99,8268.7
2024-09-26,8268.7,8332.87,8262.03,8284.91
2024-09-27,8284.91,8334.55,8283.52,8320.76
2024-09-30,8320.76,8324.61,8233.99,8236.95
2024-10-01,8236.95,8291.1,8226.18,8276.65
2024-10-02,8276.65,8322.59,8267.6,8290.86
2024-10-03,8290.86,8332.68,8261.96,8282.52
2024-10-04,8282.52,8300.66,8234.17,8280.63
2024-10-07,8280.63,8323.41,8260.11,8303.62
2024-10-08,8303.62,8303.62,8184.03,8190.61
2024-10-09,8190.61,8244.36,8188.71,8243.74
2024-10-10,8243.74,8272.46,8218.36,8237.73
2024-10-11,8237.73,8265.71,8211.92,8253.65
2024-10-14,8253.65,8292.66,8237.7,8292.66
2024-10-15,8292.66,8306.15,8241.96,8249.28
2024-10-16,8249.28,8346.55,8249.28,8329.07
2024-10-17,8329.07,8395.58,8322.12,8385.13
2024-10-18,8385.13,8385.13,8315.85,8358.25
2024-10-21,8358.25,8391.81,8318.24,8318.24
2024-10-22,8318.24,8318.24,8252.4,8306.54
2024-10-23,8306.54,8323.24,8252.38,8258.64
2024-10-24,8258.64,8337.68,8256.77,8269.38
2024-10-25,8269.38,8278.11,8246.23,8248.84
2024-10-28,8248.84,8293.62,8208.91,8285.62
2024-10-29,8285.62,8325.54,8215.3,8219.61
2024-10-30,8219.61,8219.61,8153.75,8159.63
2024-10-31,8159.63,8159.63,8071.72,8110.1
2024-11-01,8110.1,8202.55,8105.3,8177.15
2024-11-04,8177.15,8239.88,8175.76,8184.24
2024-11-05,8184.24,8215.84,8148.34,8172.39
2024-11-06,8172.39,8301.78,8144.25,8166.68
2024-11-07,8166.68,8195.3,8140.74,8140.74
2024-11-08,8140.74,8156.45,8060.94,8072.39
2024-11-11,8072.39,8148.18,8072.39,8125.19
2024-11-12,8125.19,8125.19,8018.55,8025.77
2024-11-13,8025.77,8062.73,7995.87,8030.33
2024-11-14,8030.33,8083.12,8012.83,8071.19
2024-11-15,8071.19,8091.89,8030.01,8063.61
2024-11-18,8063.61,8109.32,8054.07,8109.32
2024-11-19,8109.32,8145.86,8052.02,8099.02
2024-11-20,8099.02,8128.44,8074.22,8085.07
2024-11-21,8085.07,8152.86,8065.22,8149.27
2024-11-22,8149.27,8274.84,8149.27,8262.08
2024-11-25,8262.08,8307.27,8261.78,8291.68
2024-11-26,8291.68,8291.68,8245.76,8258.61
2024-11-27,8258.61,8280.02,8237.7,8274.75
2024-11-28,8274.75,8303.77,8271.85,8281.22
2024-11-29,8281.22,8292.45,8252.89,8287.3
2024-12-02,8287.3,8332,8274.66,8312.89
2024-12-03,8312.89,8388.37,8311.85,8359.41
2024-12-04,8359.41,8362.75,8322.84,8335.81
2024-12-05,8335.81,8350.67,8321.64,8349.38
2024-12-06,8349.38,8357.58,8303.48,8308.61
2024-12-09,8308.61,8372.05,8308.61,8352.08
2024-12-10,8352.08,8352.13,8274.5,8280.36
2024-12-11,8280.36,8318.88,8248.42,8301.62
2024-12-12,8301.62,8331.05,8300.18,8311.76
2024-12-13,8311.76,8331.85,8282.4,8300.33
2024-12-16,8300.33,8305.21,8254.06,8262.05
2024-12-17,8262.05,8262.05,8190.17,8195.2
2024-12-18,8195.2,8231.84,8191.61,8199.11
2024-12-19,8199.11,8199.11,8078.98,8105.32
2024-12-20,8105.32,8105.83,8002.34,8084.61
2024-12-23,8084.61,8111.41,8051.92,8102.72
2024-12-24,8102.72,8152.01,8102.72,8136.99
2024-12-27,8136.99,8151.28,8112.29,8149.78
2024-12-30,8149.78,8149.78,8094.88,8121.01
2024-12-31,8121.01,8180.38,8096.65,8173.02
2025-01-02,8173.02,8270.6,8160.6,8260.09
2025-01-03,8260.09,8268.97,8219.73,8223.98
2025-01-06,8223.98,8249.66,8197.5,8249.66
2025-01-07,8249.66,8251.79,8190.5,8245.28
2025-01-08,8245.28,8267.38,8189.5,8251.03
2025-01-09,8251.03,8322.59,8243.15,8319.69
2025-01-10,8319.69,8326.32,8247.61,8248.49
2025-01-13,8248.49,8254,8192.31,8224.19
2025-01-14,8224.19,8244.31,8193.54,8201.54
2025-01-15,8201.54,8307.56,8199.57,8301.13
2025-01-16,8301.13,8391.9,8301.13,8391.9
2025-01-17,8391.9,8533.43,8391.83,8505.22
2025-01-20,8505.22,8548.59,8501.82,8520.54
2025-01-21,8520.54,8550.41,8513.42,8548.29
2025-01-22,8548.29,8584.73,8527.79,8545.13
2025-01-23,8545.13,8572.51,8532.07,8565.2
2025-01-24,8565.2,8586.68,8492.73,8502.35
2025-01-27,8502.35,8514.17,8462.18,8503.71
2025-01-28,8503.71,8572.96,8503.62,8533.87
2025-01-29,8533.87,8584.07,8518.27,8557.81
2025-01-30,8557.81,8655.19,8547.86,8646.88
2025-01-31,8646.88,8692.84,8646.88,8673.96
2025-02-03,8673.96,8673.96,8520.2,8583.56
2025-02-04,8583.56,8583.59,8524.66,8570.77
2025-02-05,8570.77,8623.29,8550.24,8623.29
2025-02-06,8623.29,8767.5,8623.29,8727.28
2025-02-07,8727.28,8728.94,8685.78,8700.53
2025-02-10,8700.53,8785.85,8694.55,8767.8
2025-02-11,8767.8,8789.58,8750.53,8777.39
2025-02-12,8777.39,8810.62,8759.38,8807.44
2025-02-13,8807.44,8820.93,8729.57,8764.72
2025-02-14,8764.72,8767.73,8717.54,8732.46
2025-02-17,8732.46,8769.07,8725.27,8768.01
2025-02-18,8768.01,8787.66,8757.82,8766.73
2025-02-19,8766.73,8771.22,8696.94,8712.53
2025-02-20,8712.53,8712.66,8650.8,8662.97
2025-02-21,8662.97,8684.78,8638.63,8659.37
2025-02-24,8659.37,8688.26,8614.08,8658.98
2025-02-25,8658.98,8712.17,8628.11,8668.67
2025-02-26,8668.67,8738.28,8668.67,8731.46
2025-02-27,8731.46,8768.05,8680.55,8756.21
2025-02-28,8756.21,8810.5,8715.43,8809.74
2025-03-03,8809.74,8908.82,8809.74,8871.31
2025-03-04,8871.31,8873.67,8746.01,8759
2025-03-05,8759,8835.72,8752.46,8755.84
2025-03-06,8755.84,8778.19,8645.84,8682.84
2025-03-07,8682.84,8701.31,8627.3,8679.88
2025-03-10,8679.88,8700.79,8591.58,8600.22
2025-03-11,8600.22,8603.93,8481.11,8495.99
2025-03-12,8495.99,8565.45,8495.99,8540.97
2025-03-13,8540.97,8581.57,8513.65,8542.56
2025-03-14,8542.56,8642.79,8538.07,8632.33
2025-03-17,8632.33,8688.41,8625.04,8680.29
2025-03-18,8680.29,8726.95,8680.29,8705.23
2025-03-19,8705.23,8718.74,8662.56,8706.66
2025-03-20,8706.66,8742.75,8665.26,8701.99
2025-03-21,8701.99,8701.99,8615.96,8646.79
2025-03-24,8646.79,8695.6,8616.42,8638.01
2025-03-25,8638.01,8717.03,8638.01,8663.8
2025-03-26,8663.8,8714.81,8656.39,8689.59
2025-03-27,8689.59,8689.7,8611.42,8666.12
2025-03-28,8666.12,8694.19,8636.92,8658.85
2025-03-31,8658.85,8658.88,8530.98,8582.81
2025-04-01,8582.81,8671.91,8581.91,8634.8
2025-04-02,8634.8,8634.8,8548.32,8608.48
2025-04-03,8608.48,8608.48,8453.22,8474.74
2025-04-04,8474.74,8474.74,8023.45,8054.98
2025-04-07,8054.98,8054.98,7544.83,7702.08
2025-04-08,7702.08,7984.19,7702.08,7910.53
2025-04-09,7910.53,7910.53,7599.56,7679.48
2025-04-10,7679.48,8166.53,7679.48,7913.25
2025-04-11,7913.25,8000.78,7862.72,7964.18
2025-04-14,7964.18,8160.21,7964.18,8134.34
2025-04-15,8134.34,8257.77,8134.01,8249.12
2025-04-16,8249.12,8281.09,8177.04,8275.6
2025-04-17,8275.6,8295.07,8195.66,8275.66
2025-04-22,8275.66,8337.67,8262.49,8328.6
2025-04-23,8328.6,8467.79,8328.31,8403.18
2025-04-24,8403.18,8415.12,8361.79,8407.44
2025-04-25,8407.44,8442.65,8397.07,8415.25
2025-04-28,8415.25,8452.62,8415.24,8417.34
2025-04-29,8417.34,8470.4,8404.1,8463.46
2025-04-30,8463.46,8494.85,8430.48,8494.85
2025-05-01,8494.85,8505.28,8468.26,8496.8
2025-05-02,8496.8,8622.14,8496.8,8596.35
2025-05-06,8596.35,8641.68,8569.11,8597.42
2025-05-07,8597.42,8599.95,8533.57,8559.33
2025-05-08,8559.33,8607.71,8514.04,8531.61
2025-05-09,8531.61,8581.53,8531.61,8554.8
2025-05-12,8554.8,8646.32,8546.25,8604.98
2025-05-13,8604.98,8623.78,8583.92,8602.92
2025-05-14,8602.92,8616.13,8558.24,8585.01
2025-05-15,8585.01,8634.56,8531.06,8633.75
2025-05-16,8633.75,8697,8633.63,8684.56
2025-05-19,8684.56,8699.31,8613.47,8699.31
2025-05-20,8699.31,8789.43,8698.05,8781.12
2025-05-21,8781.12,8798.46,8761.95,8786.46
2025-05-22,8786.46,8786.46,8689.44,8739.26
2025-05-23,8739.26,8779.36,8604.8,8717.97
2025-05-27,8717.97,8824,8717.97,8778.05
2025-05-28,8778.05,8799.77,8726.01,8726.01
2025-05-29,8726.01,8776.27,8709.11,8716.45
2025-05-30,8716.45,8790.45,8715.64,8772.38
2025-06-02,8772.38,8792.08,8730.64,8774.26
2025-06-03,8774.26,8801.46,8738.45,8787.02
2025-06-04,8787.02,8821.42,8780.36,8801.29
2025-06-05,8801.29,8838.84,8782.08,8811.04
2025-06-06,8811.04,8851.38,8805.57,8837.91
2025-06-09,8837.91,8850.87,8812.06,8832.28
2025-06-10,8832.28,8886.06,8832.28,8853.08
2025-06-11,8853.08,8885.38,8847.3,8864.35
2025-06-12,8864.35,8896.88,8843.63,8884.92
2025-06-13,8884.92,8898.63,8822.2,8850.63
2025-06-16,8850.63,8902.4,8850.63,8875.22
2025-06-17,8875.22,8875.22,8809.91,8834.03
2025-06-18,8834.03,8858.56,8820.42,8843.47
2025-06-19,8843.47,8844.12,8788.77,8791.8
2025-06-20,8791.8,8847.28,8772.32,8774.65
2025-06-23,8774.65,8787.06,8741.4,8758.04
2025-06-24,8758.04,8831.9,8757.97,8758.99
2025-06-25,8758.99,8792.43,8716.19,8718.75
2025-06-26,8718.75,8757.1,8707.65,8735.6
2025-06-27,8735.6,8798.91,8735.6,8798.91
2025-06-30,8798.91,8818.44,8760.96,8760.96
2025-07-01,8760.96,8790.84,8726.92,8785.33
2025-07-02,8785.33,8828.16,8738.99,8774.69
2025-07-03,8774.69,8837.75,8774.66,8823.2
2025-07-04,8823.2,8830.93,8782.06,8822.91
2025-07-07,8822.91,8836.88,8798.66,8806.53
2025-07-08,8806.53,8854.18,8803.27,8854.18
2025-07-09,8854.18,8887.7,8854.18,8867.02
2025-07-10,8867.02,8979.41,8867.02,8975.66
2025-07-11,8975.66,8984.14,8918.49,8941.12
2025-07-14,8941.12,8999.22,8931.09,8998.06
2025-07-15,8998.06,9016.98,8938.32,8938.32
2025-07-16,8938.32,8972.29,8926.55,8926.55
2025-07-17,8926.55,8982.84,8926.55,8972.64
2025-07-18,8972.64,9016.36,8969.09,8992.12
2025-07-21,8992.12,9012.99,8975.22,9012.99
2025-07-22,9012.99,9035.37,8995.11,9023.81
2025-07-23,9023.81,9080.09,9023.27,9061.49
2025-07-24,9061.49,9158.21,9060.71,9138.37
2025-07-25,9138.37,9145.02,9094.67,9120.31
2025-07-28,9120.31,9169.01,9058.42,9081.44
2025-07-29,9081.44,9163.24,9076.38,9136.32
2025-07-30,9136.32,9146.79,9091.54,9136.94
2025-07-31,9136.94,9190.73,9115.78,9132.81
2025-08-01,9132.81,9132.81,9027.94,9068.58
2025-08-04,9068.58,9129.1,9068.07,9128.3
2025-08-05,9128.3,9177.95,9126.62,9142.73
2025-08-06,9142.73,9184.19,9142.73,9164.31
2025-08-07,9164.31,9164.31,9084.54,9100.77
2025-08-08,9100.77,9127.13,9079.94,9095.73
2025-08-11,9095.73,9137.7,9093.18,9129.71
2025-08-12,9129.71,9165.03,9119.42,9147.81
2025-08-13,9147.81,9182.74,9142.37,9165.23
2025-08-14,9165.23,9177.24,9133.73,9177.24
2025-08-15,9177.24,9222.07,9129.52,9138.9
2025-08-18,9138.9,9165.67,9126.88,9157.74
2025-08-19,9157.74,9197.12,9154.81,9189.22
2025-08-20,9189.22,9301.19,9166.76,9288.14
2025-08-21,9288.14,9309.2,9257.45,9309.2
2025-08-22,9309.2,9357.51,9285.64,9321.4
2025-08-26,9321.4,9325.94,9249.61,9265.8
2025-08-27,9265.8,9301.86,9230.61,9255.5
2025-08-28,9255.5,9269.95,9207.39,9216.82
2025-08-29,9216.82,9223.14,9179.18,9187.34
2025-09-01,9187.34,9226.57,9179.83,9196.34
2025-09-02,9196.34,9196.46,9108.23,9116.69
2025-09-03,9116.69,9179.62,9107.4,9177.99
2025-09-04,9177.99,9231.42,9155.5,9216.87
2025-09-05,9216.87,9253.53,9197.56,9208.21
2025-09-08,9208.21,9234.91,9190.55,9221.44
2025-09-09,9221.44,9254.3,9221.44,9242.53
2025-09-10,9242.53,9290.55,9222.35,9225.39
2025-09-11,9225.39,9297.58,9225.39,9297.58
2025-09-12,9297.58,9340.7,9283.29,9283.29
2025-09-15,9283.29,9314.42,9262.67,9277.03
2025-09-16,9277.03,9282.13,9195.66,9195.66
2025-09-17,9195.66,9245.7,9195.66,9208.37
2025-09-18,9208.37,9245.24,9208.33,9228.11
2025-09-19,9228.11,9250.99,9207.7,9216.67
2025-09-22,9216.67,9234.6,9194.32,9226.68
2025-09-23,9226.7,9266.87,9223.32,9223.32
2025-09-24,9223.34,9266.43,9177.09,9250.43
2025-09-25,9250.43,9251.15,9203.17,9213.98
2025-09-26,9213.97,9292.11,9208.52,9284.83
2025-09-29,9284.82,9354.61,9284.82,9299.84
2025-09-30,9299.84,9363.57,9266.29,9350.43
2025-10-01,9350.46,9457.91,9347.59,9446.43
2025-10-02,9446.44,9475.07,9417.62,9427.73
2025-10-03,9427.74,9494.64,9425.03,9491.25
2025-10-06,9491.22,9516.83,9465.42,9479.14
2025-10-07,9479.13,9507.11,9473.11,9483.58
2025-10-08,9483.56,9577.08,9483.55,9548.87
2025-10-09,9548.93,9565.49,9501.09,9509.4
2025-10-10,9509.42,9519.96,9414.59,9427.47
2025-10-13,9427.46,9459.89,9409.67,9442.87
2025-10-14,9442.94,9454.29,9384.24,9452.77
2025-10-15,9452.75,9474.31,9395.05,9424.75
2025-10-16,9424.76,9436.09,9389.65,9436.09
2025-10-17,9436.11,9436.11,9276.91,9354.57
2025-10-20,9354.54,9416.44,9354.54,9403.57
2025-10-21,9403.57,9441.24,9403.5,9426.99
2025-10-22,9427.05,9545.23,9427.05,9515
2025-10-23,9515,9594.82,9505.72,9578.57
2025-10-24,9578.57,9645.62,9560.52,9645.62
2025-10-27,9645.59,9672.74,9632.83,9653.82
2025-10-28,9653.83,9727.09,9645.42,9696.74
2025-10-29,9696.77,9787.63,9696.75,9756.14
2025-10-30,9756.13,9763.42,9690.02,9760.06
2025-10-31,9760.06,9761.82,9696.96,9717.25
2025-11-03,9717.26,9745.64,9695.92,9701.37
2025-11-04,9701.4,9714.96,9574.15,9714.96
2025-11-05,9714.98,9786.8,9680.51,9777.08
2025-11-06,9777.1,9786.13,9723.85,9735.78
2025-11-07,9735.75,9735.75,9638.98,9682.57
2025-11-10,9682.57,9800.35,9682.57,9787.15
2025-11-11,9787.2,9912.85,9787.2,9899.6
2025-11-12,9899.62,9930.09,9878.33,9911.42
2025-11-13,9911.44,9913.23,9804.76,9807.68
2025-11-14,9807.72,9807.72,9610.45,9698.37
2025-11-17,9698.35,9707.67,9667.91,9675.43
2025-11-18,9675.44,9675.64,9511.73,9552.3
2025-11-19,9552.31,9568.47,9507.41,9507.41
2025-11-20,9507.4,9593.83,9507.4,9527.65
2025-11-21,9527.68,9541.24,9423.9,9539.71
2025-11-24,9539.72,9592.55,9524.74,9534.91
2025-11-25,9534.89,9615.57,9521.45,9609.53
2025-11-26,9609.56,9704.25,9593.26,9691.58
2025-11-27,9691.56,9699.82,9658.86,9693.93
2025-11-28,9693.95,9740.24,9693.95,9720.51
2025-12-01,9720.55,9735.35,9686.88,9702.53
2025-12-02,9702.52,9744.82,9682.27,9701.8
2025-12-03,9701.79,9711.34,9677.67,9692.07
2025-12-04,9692.08,9727.57,9674.78,9710.87
2025-12-05,9710.87,9738.26,9667.01,9667.01
2025-12-08,9667.05,9692.36,9629.19,9645.09
2025-12-09,9645.1,9673.16,9630.85,9642.01
2025-12-10,9642.01,9689.47,9622.74,9655.53
2025-12-11,9655.55,9715.34,9635.3,9703.16
2025-12-12,9703.19,9761.47,9639.29,9649.03
2025-12-15,9649,9769.02,9649,9751.31
2025-12-16,9751.31,9764.77,9655.73,9684.79
2025-12-17,9684.84,9853.13,9684.84,9774.32
2025-12-18,9774.32,9845.1,9748.26,9837.77
2025-12-19,9837.76,9903.13,9819.44,9897.42
2025-12-22,9897.39,9897.96,9829.38,9865.97
2025-12-23,9865.94,9901.48,9846.29,9889.22
2025-12-24,9889.2,9893.15,9862.04,9870.68
2025-12-29,9870.69,9892.79,9858.46,9866.53
2025-12-30,9866.53,9954.32,9859.77,9940.71
2025-12-31,9940.7,9950.11,9916.7,9931.38
2026-01-02,9931.29,10046.25,9930.76,9951.14
2026-01-05,9951.45,10022.05,9951.45,10004.57
2026-01-06,10004.4,10158.41,10003.77,10122.73
2026-01-07,10122.76,10124.75,10032.74,10048.21
2026-01-08,10048.36,10059.42,9995.91,10044.69
2026-01-09,10044.7,10135.7,10032.92,10124.6
2026-01-12,10124.47,10149.71,10089.93,10140.7
2026-01-13,10140.7,10152.48,10097.14,10137.35
2026-01-14,10137.31,10184.35,10135.35,10184.35
2026-01-15,10184.39,10250.45,10173.53,10238.94
2026-01-16,10238.94,10257.75,10212.78,10235.29
2026-01-19,10235.31,10235.31,10166.27,10195.35
2026-01-20,10195.16,10195.16,10050.22,10126.78
2026-01-21,10126.88,10161.54,10093.67,10138.09
2026-01-22,10138.09,10226.54,10138.09,10150.05
2026-01-23,10150.05,10184.14,10131.83,10143.44
2026-01-26,10143.14,10184.9,10125.28,10148.85
2026-01-27,10148.98,10228.16,10147.48,10207.8
2026-01-28,10207.63,10225.52,10144.65,10154.43
2026-01-29,10154.18,10277.72,10154.17,10171.76
2026-01-30,10171.8,10234.01,10141.61,10223.54
2026-02-02,10223.72,10345.48,10145.36,10341.56
2026-02-03,10341.32,10373.28,10232.19,10314.59
2026-02-04,10314.5,10481.54,10307.97,10402.34
2026-02-05,10402.55,10404.03,10289.29,10309.22
2026-02-06,10309.05,10380.52,10253.15,10369.75
2026-02-09,10369.83,10420.27,10315.99,10386.23
2026-02-10,10386.22,10402.19,10330.81,10353.84
2026-02-11,10353.82,10493.83,10353.8,10472.11
2026-02-12,10472.17,10535.76,10391.98,10402.44
2026-02-13,10402.48,10454.54,10380.87,10446.35
2026-02-16,10446.25,10490.09,10446.25,10473.69
2026-02-17,10474.04,10556.17,10472.66,10556.17
2026-02-18,10555.99,10715.77,10553.95,10686.18
2026-02-19,10686.37,10687.36,10597.58,10627.04
2026-02-20,10627.04,10745.76,10626.69,10686.89
2026-02-23,10686.75,10738.65,10660.03,10684.74
2026-02-24,10684.85,10717.72,10645.82,10680.59
2026-02-25,10680.65,10806.41,10680.65,10806.41
2026-02-26,10806.37,10856.8,10770.78,10846.7
2026-02-27,10846.87,10934.94,10845.5,10910.55
2026-03-02,10910.98,10910.98,10731.87,10780.11
2026-03-03,10780.25,10780.25,10406.14,10484.13
2026-03-04,10483.91,10588.8,10443.49,10567.65
2026-03-05,10567.72,10636.06,10402.03,10413.94
2026-03-06,10413.64,10481.05,10234.52,10284.75
2026-03-09,10284.96,10284.96,10081.98,10249.52
2026-03-10,10249.17,10447.53,10235.36,10412.24
2026-03-11,10412.32,10412.32,10293.8,10353.77
2026-03-12,10353.81,10355.26,10258.43,10305.15
2026-03-13,10305.48,10367.36,10200.21,10261.15
2026-03-16,10261.1,10376.48,10255.34,10317.69
2026-03-17,10317.63,10436.09,10317.63,10403.6
2026-03-18,10403.54,10447.7,10279.06,10305.29
2026-03-19,10305.61,10305.61,9997.41,10063.5
2026-03-20,10063.25,10127.56,9915.7,9918.33
2026-03-23,9918.48,10036.65,9670.46,9894.15
2026-03-24,9893.96,9972.72,9839.2,9965.16
2026-03-25,9965.17,10118.15,9965.17,10106.84
2026-03-26,10106.99,10106.99,9956.27,9972.17
2026-03-27,9972.3,10024.08,9883.15,9967.35
2026-03-30,9967.47,10135.09,9958.05,10127.96
2026-03-31,10127.9,10245.76,10118.65,10176.45
2026-04-01,10174.94,10396.6,10169.3,10364.79
2026-04-02,10366.34,10465.24,10287.9,10436.29
2026-04-07,10436.2,10487.67,10330.88,10348.79
2026-04-08,10345.93,10687.88,10345.93,10608.88
2026-04-09,10609.57,10643.61,10552.94,10603.48
2026-04-10,10603.55,10657.56,10576.01,10600.53
2026-04-13,10601.45,10607.69,10528.57,10582.96
2026-04-14,10581.91,10630.39,10569.81,10609.06
2026-04-15,10609.21,10640,10559.58,10559.58
2026-04-16,10559.58,10645.9,10555.53,10589.99
2026-04-17,10590.35,10667.63,10548.87,10667.63
2026-04-20,10668.44,10683.65,10583.17,10609.08
2026-04-21,10609.37,10634.96,10487.85,10498.09
2026-04-22,10497.92,10523.17,10468.03,10476.46
2026-04-23,10476.75,10477.15,10361.45,10457.01
2026-04-24,10457.68,10462.48,10365.93,10379.08
2026-04-27,10378.53,10410.79,10318.32,10321.09
2026-04-28,10321.8,10381.92,10288.71,10332.79
2026-04-29,10332.9,10338.25,10188.66,10213.11
2026-04-30,10213.32,10387.55,10205.15,10378.82
2026-05-01,10378.35,10378.48,10294.2,10363.93
2026-05-05,10365.38,10365.38,10164.26,10219.11
2026-05-06,10218.76,10488.2,10218.76,10438.66
2026-05-07,10438.62,10440.55,10276.95,10276.95
2026-05-08,10277.4,10278.73,10184.99,10233.07
2026-05-11,10233.56,10286.57,10226.5,10269.43
2026-05-12,10271.17,10271.17,10152.05,10265.32
2026-05-13,10264.91,10360.45,10240.39,10325.35
2026-05-14,10325.17,10375.43,10310.16,10372.93
2026-05-15,10375.39,10375.73,10163.56,10195.37
2026-05-18,10194.75,10337.38,10151.45,10323.75
2026-05-19,10323.69,10408.36,10315.38,10330.55
2026-05-20,10330.7,10458.3,10279.07,10432.34
2026-05-21,10432.54,10471.64,10353.47,10443.47
2026-05-22,10443.11,10497.22,10435.53,10466.26
2026-05-26,10465.62,10557.16,10461.1,10491.39
2026-05-27,10491.22,10522.3,10462.06,10505.01
2026-05-28,10505.38,10505.38,10381.21,10425.96
2026-05-29,10425.85,10462.22,10409.28,10409.28
2026-06-01,10409.34,10409.77,10288.9,10338.95
2026-06-02,10338.38,10395.71,10333.27,10373.51
2026-06-03,10373.9,10383.07,10322.36,10332.3
2026-06-04,10332.46,10360.32,10238.62,10360.32
2026-06-05,10360.28,10415.74,10331.54,10368.05
2026-06-08,10369.05,10409.33,10319.17,10373.2
2026-06-09,10372.77,10372.77,10227.33,10227.33
2026-06-10,10227.38,10263.81,10127.6,10254.81
2026-06-11,10255.16,10370.15,10252.27,10303.88
2026-06-12,10302.68,10471.72,10302.68,10471.72
2026-06-15,10471.37,10570.09,10419.22,10430.62
2026-06-16,10431.26,10523.51,10428.56,10494.21
2026-06-17,10494.4,10508.61,10468.43,10508.61
2026-06-18,10510.16,10510.16,10376.59,10399.7
2026-06-19,10400.46,10418.58,10352.9,10363.27
2026-06-22,10363.58,10443.16,10346.63,10437.85
2026-06-23,10438.24,10462.19,10332.4,10428.85
2026-06-24,10429.02,10469.33,10406.95,10461.63
2026-06-25,10461.52,10575.31,10415.45,10529.89
2026-06-26,10530.18,10530.18,10404.73,10508.02
2026-06-29,10507.83,10521.03,10471.98,10484.22
2026-06-30,10484.31,10613.18,10483.86,10497.12
2026-07-01,10497.6,10508.25,10429.17,10478.34
2026-07-02,10477.76,10694.94,10436.76,10652.87
2026-07-03,10652.81,10701.32,10604.25,10679.03