time,open,high,low,close
2005-02-07,0.1418,0.1418,0.1402,0.1404
2005-02-08,0.1403,0.1409,0.1401,0.1405
2005-02-09,0.1404,0.1413,0.1404,0.1412
2005-02-10,0.1411,0.1419,0.1402,0.1415
2005-02-11,0.1416,0.1417,0.1413,0.1415
2005-02-14,0.1416,0.1431,0.1415,0.1429
2005-02-15,0.143,0.1438,0.1427,0.1435
2005-02-16,0.1436,0.1439,0.1428,0.1435
2005-02-17,0.1434,0.1439,0.143,0.1437
2005-02-18,0.1436,0.144,0.1433,0.1434
2005-02-21,0.1433,0.1436,0.1431,0.1435
2005-02-22,0.1434,0.1458,0.1433,0.1457
2005-02-23,0.1456,0.1459,0.145,0.1455
2005-02-24,0.1454,0.1463,0.1451,0.1455
2005-02-25,0.1456,0.1461,0.1449,0.146
2005-02-28,0.146,0.1467,0.1459,0.146
2005-03-01,0.1461,0.1461,0.1454,0.1456
2005-03-02,0.1457,0.1457,0.1443,0.145
2005-03-03,0.1449,0.1454,0.1446,0.145
2005-03-04,0.1449,0.1467,0.1449,0.1465
2005-03-07,0.1464,0.1465,0.1459,0.1463
2005-03-08,0.1464,0.1479,0.1462,0.1478
2005-03-09,0.1479,0.1483,0.1473,0.1479
2005-03-10,0.148,0.1485,0.1477,0.1479
2005-03-11,0.1478,0.1486,0.1477,0.1483
2005-03-14,0.1484,0.1486,0.1466,0.1469
2005-03-15,0.147,0.1475,0.1463,0.1464
2005-03-16,0.1463,0.1479,0.1462,0.1475
2005-03-17,0.1476,0.1476,0.1465,0.1471
2005-03-18,0.147,0.1471,0.1455,0.146
2005-03-21,0.146,0.146,0.144,0.1442
2005-03-22,0.1441,0.1448,0.1431,0.1433
2005-03-23,0.1432,0.1435,0.142,0.1424
2005-03-24,0.1425,0.1431,0.1418,0.1419
2005-03-25,0.1418,0.1424,0.1418,0.142
2005-03-28,0.142,0.142,0.1411,0.1414
2005-03-29,0.1415,0.142,0.1413,0.1415
2005-03-30,0.1416,0.1422,0.1415,0.1415
2005-03-31,0.1416,0.1423,0.1414,0.1414
2005-04-01,0.1415,0.1422,0.1404,0.1407
2005-04-04,0.1406,0.1408,0.1397,0.14
2005-04-05,0.1399,0.1403,0.1395,0.1403
2005-04-06,0.1402,0.1409,0.14,0.1406
2005-04-07,0.1405,0.1415,0.1403,0.1404
2005-04-08,0.1403,0.1412,0.1397,0.1411
2005-04-11,0.1411,0.142,0.1409,0.1416
2005-04-12,0.1417,0.1421,0.1406,0.1413
2005-04-13,0.1412,0.1416,0.1405,0.1411
2005-04-14,0.141,0.1412,0.1393,0.1396
2005-04-15,0.1395,0.141,0.1392,0.141
2005-04-18,0.1408,0.1418,0.1404,0.1416
2005-04-19,0.1415,0.1423,0.1411,0.1423
2005-04-20,0.1422,0.1427,0.1414,0.1425
2005-04-21,0.1424,0.1428,0.1419,0.1421
2005-04-22,0.1422,0.1427,0.1418,0.1426
2005-04-25,0.1425,0.1425,0.1415,0.1423
2005-04-26,0.1422,0.1425,0.1416,0.1419
2005-04-27,0.142,0.1421,0.141,0.1414
2005-04-28,0.1415,0.1415,0.1407,0.1408
2005-04-29,0.1407,0.1416,0.1399,0.14
2005-05-02,0.14,0.1401,0.1394,0.1397
2005-05-03,0.1396,0.1404,0.1393,0.1401
2005-05-04,0.1399,0.1413,0.1399,0.1411
2005-05-05,0.1412,0.1415,0.141,0.1413
2005-05-06,0.1414,0.1416,0.1397,0.1398
2005-05-09,0.1397,0.1401,0.1395,0.14
2005-05-10,0.1399,0.1403,0.1393,0.1398
2005-05-11,0.1399,0.1401,0.1386,0.1388
2005-05-12,0.1387,0.1389,0.1376,0.1377
2005-05-13,0.1376,0.1379,0.137,0.1372
2005-05-16,0.1371,0.1372,0.1366,0.1371
2005-05-17,0.137,0.1374,0.1366,0.1369
2005-05-18,0.137,0.1383,0.1367,0.1382
2005-05-19,0.1381,0.1383,0.1369,0.1375
2005-05-20,0.1374,0.1377,0.1366,0.137
2005-05-23,0.1366,0.1373,0.1366,0.1371
2005-05-24,0.137,0.1376,0.1368,0.1372
2005-05-25,0.1373,0.1375,0.1368,0.1371
2005-05-26,0.137,0.1373,0.1359,0.136
2005-05-27,0.1357,0.1365,0.1357,0.1363
2005-05-30,0.1359,0.1361,0.1355,0.1355
2005-05-31,0.1356,0.1356,0.1339,0.1339
2005-06-01,0.134,0.1344,0.133,0.133
2005-06-02,0.1328,0.1342,0.1328,0.1339
2005-06-03,0.1338,0.1342,0.1333,0.1333
2005-06-06,0.1332,0.1341,0.1332,0.1336
2005-06-07,0.1335,0.1343,0.1335,0.1339
2005-06-08,0.134,0.1345,0.1326,0.1326
2005-06-09,0.1325,0.1329,0.1325,0.1325
2005-06-10,0.1324,0.1327,0.1309,0.1309
2005-06-13,0.1307,0.1309,0.13,0.13
2005-06-14,0.1299,0.1304,0.1291,0.1291
2005-06-15,0.129,0.1303,0.129,0.1302
2005-06-16,0.1301,0.1307,0.1301,0.1301
2005-06-17,0.13,0.1328,0.13,0.1328
2005-06-20,0.1317,0.1322,0.131,0.131
2005-06-21,0.1311,0.1315,0.1309,0.1313
2005-06-22,0.1313,0.1316,0.1295,0.1295
2005-06-23,0.1296,0.1296,0.1276,0.1276
2005-06-24,0.1276,0.1285,0.1276,0.1282
2005-06-27,0.1283,0.1294,0.1283,0.1289
2005-06-28,0.129,0.1292,0.1276,0.1276
2005-06-29,0.1276,0.1278,0.1272,0.1272
2005-06-30,0.1272,0.1279,0.1272,0.1276
2005-07-01,0.1274,0.1276,0.1257,0.1257
2005-07-04,0.1254,0.1256,0.1252,0.1252
2005-07-05,0.1252,0.1263,0.1252,0.1261
2005-07-06,0.1261,0.1267,0.1261,0.1267
2005-07-07,0.1267,0.1271,0.1263,0.1263
2005-07-08,0.1263,0.1266,0.1262,0.1262
2005-07-11,0.1263,0.1271,0.1263,0.127
2005-07-12,0.127,0.1296,0.127,0.1293
2005-07-13,0.1294,0.1296,0.1286,0.1286
2005-07-14,0.1286,0.1287,0.1282,0.1282
2005-07-15,0.1281,0.1286,0.128,0.128
2005-07-18,0.1278,0.1282,0.1273,0.1273
2005-07-19,0.1274,0.1274,0.1273,0.1273
2005-07-20,0.1272,0.1281,0.1272,0.1277
2005-07-21,0.1278,0.1289,0.1278,0.1282
2005-07-22,0.1281,0.1285,0.1273,0.1273
2005-07-25,0.1271,0.1278,0.1271,0.1276
2005-07-26,0.1275,0.1276,0.1266,0.1266
2005-07-27,0.1265,0.1272,0.1265,0.127
2005-07-28,0.127,0.1287,0.127,0.1284
2005-07-29,0.1284,0.1287,0.1284,0.1286
2005-08-01,0.1284,0.1299,0.1284,0.1291
2005-08-02,0.1292,0.1302,0.1292,0.1297
2005-08-03,0.1297,0.1311,0.1297,0.1309
2005-08-04,0.131,0.1323,0.131,0.1321
2005-08-05,0.1322,0.1323,0.1319,0.1319
2005-08-08,0.1315,0.1324,0.1315,0.1317
2005-08-09,0.1318,0.1324,0.1318,0.1318
2005-08-10,0.1318,0.1324,0.1318,0.1321
2005-08-11,0.1321,0.1337,0.1321,0.1337
2005-08-12,0.1336,0.1338,0.1333,0.1333
2005-08-15,0.1334,0.1335,0.1326,0.1326
2005-08-16,0.1324,0.1326,0.132,0.132
2005-08-17,0.1321,0.1321,0.131,0.131
2005-08-18,0.131,0.1313,0.1302,0.1302
2005-08-19,0.1302,0.1303,0.1295,0.1295
2005-08-22,0.1293,0.1303,0.1293,0.13
2005-08-23,0.13,0.1305,0.13,0.1303
2005-08-24,0.1304,0.1312,0.1304,0.131
2005-08-25,0.1309,0.1317,0.1309,0.1312
2005-08-26,0.1312,0.1319,0.1312,0.1313
2005-08-29,0.1311,0.1318,0.1305,0.1305
2005-08-30,0.1306,0.1307,0.1304,0.1304
2005-08-31,0.1304,0.132,0.1304,0.1319
2005-09-01,0.132,0.1339,0.132,0.1336
2005-09-02,0.1335,0.135,0.1335,0.1348
2005-09-05,0.1347,0.1353,0.1345,0.1345
2005-09-06,0.1343,0.1344,0.1335,0.1335
2005-09-07,0.1334,0.1342,0.1327,0.1327
2005-09-08,0.1327,0.1331,0.1323,0.1323
2005-09-09,0.1322,0.1332,0.1322,0.1328
2005-09-12,0.1327,0.1328,0.1317,0.1317
2005-09-13,0.1318,0.1321,0.131,0.131
2005-09-14,0.1311,0.1316,0.1311,0.1311
2005-09-15,0.131,0.1311,0.1304,0.1304
2005-09-16,0.1303,0.1312,0.1303,0.1303
2005-09-19,0.1298,0.13,0.1296,0.1296
2005-09-20,0.1297,0.1301,0.1293,0.1293
2005-09-21,0.1292,0.1306,0.1292,0.1304
2005-09-22,0.1303,0.1309,0.1294,0.1294
2005-09-23,0.1294,0.1295,0.1277,0.1277
2005-09-26,0.1277,0.1285,0.1277,0.128
2005-09-27,0.1281,0.1281,0.1274,0.1274
2005-09-28,0.1273,0.1279,0.1273,0.1279
2005-09-29,0.1281,0.1287,0.1281,0.1286
2005-09-30,0.1285,0.1292,0.1285,0.1289
2005-10-03,0.1285,0.1287,0.1276,0.1276
2005-10-04,0.1276,0.1279,0.1275,0.1275
2005-10-05,0.1274,0.1283,0.1274,0.1283
2005-10-06,0.1286,0.1303,0.1286,0.13
2005-10-07,0.1299,0.13,0.1292,0.1292
2005-10-10,0.1293,0.1297,0.1287,0.1287
2005-10-11,0.1287,0.1287,0.1278,0.1278
2005-10-12,0.1277,0.1284,0.1277,0.128
2005-10-13,0.1279,0.128,0.1271,0.1272
2005-10-14,0.1271,0.1276,0.1271,0.1271
2005-10-17,0.1273,0.1276,0.1265,0.1265
2005-10-18,0.1264,0.1265,0.1261,0.1261
2005-10-19,0.126,0.1265,0.126,0.1264
2005-10-20,0.1265,0.1265,0.1263,0.1263
2005-10-21,0.1262,0.1268,0.1249,0.1249
2005-10-24,0.1249,0.1254,0.1249,0.1251
2005-10-25,0.125,0.127,0.125,0.1268
2005-10-26,0.1267,0.1272,0.1262,0.1262
2005-10-27,0.1261,0.1274,0.1261,0.1269
2005-10-28,0.1269,0.1275,0.126,0.126
2005-10-31,0.1261,0.1262,0.1253,0.1253
2005-11-01,0.1251,0.1253,0.1248,0.1248
2005-11-02,0.1248,0.1251,0.1248,0.1248
2005-11-03,0.1249,0.1251,0.1238,0.1238
2005-11-04,0.1237,0.1245,0.1227,0.1227
2005-11-07,0.1226,0.1227,0.1224,0.1224
2005-11-08,0.1224,0.1231,0.1224,0.123
2005-11-09,0.1229,0.1231,0.1219,0.1219
2005-11-10,0.1218,0.1223,0.1209,0.1209
2005-11-11,0.1209,0.1222,0.1209,0.1221
2005-11-14,0.1221,0.1229,0.1215,0.1215
2005-11-15,0.1217,0.1218,0.121,0.121
2005-11-16,0.1212,0.1215,0.1208,0.1208
2005-11-17,0.1208,0.1219,0.1208,0.1217
2005-11-18,0.1216,0.1223,0.1216,0.1221
2005-11-21,0.1222,0.1232,0.122,0.122
2005-11-22,0.122,0.1233,0.122,0.1233
2005-11-23,0.1233,0.124,0.1233,0.1239
2005-11-24,0.1238,0.124,0.1236,0.1236
2005-11-25,0.1235,0.124,0.1232,0.1232
2005-11-28,0.1232,0.1253,0.1232,0.1249
2005-11-29,0.1249,0.1249,0.1234,0.1234
2005-11-30,0.1232,0.1235,0.1232,0.1233
2005-12-01,0.1234,0.1235,0.123,0.123
2005-12-02,0.1229,0.1241,0.1229,0.1238
2005-12-05,0.1239,0.1247,0.1239,0.1244
2005-12-06,0.1243,0.1253,0.1243,0.125
2005-12-07,0.1249,0.1252,0.1242,0.1242
2005-12-08,0.1241,0.125,0.1241,0.1248
2005-12-09,0.1248,0.1251,0.1248,0.1248
2005-12-12,0.1245,0.1265,0.1245,0.1261
2005-12-13,0.1262,0.1265,0.126,0.126
2005-12-14,0.1259,0.1272,0.1259,0.1267
2005-12-15,0.1267,0.1273,0.1261,0.1261
2005-12-16,0.1261,0.1266,0.1261,0.1263
2005-12-19,0.1265,0.1272,0.1265,0.1271
2005-12-20,0.1271,0.1273,0.1252,0.1252
2005-12-21,0.1252,0.1257,0.1249,0.1249
2005-12-22,0.1248,0.1253,0.1248,0.125
2005-12-23,0.1249,0.1254,0.1249,0.1251
2005-12-26,0.125,0.1251,0.1248,0.1248
2005-12-27,0.1247,0.125,0.1246,0.1246
2005-12-28,0.1246,0.1262,0.1246,0.1253
2005-12-29,0.1253,0.1257,0.1253,0.1253
2005-12-30,0.1253,0.1258,0.1253,0.1255
2006-01-02,0.1255,0.1257,0.1251,0.1251
2006-01-03,0.1251,0.1281,0.1251,0.1278
2006-01-04,0.1277,0.1297,0.1277,0.1295
2006-01-05,0.1293,0.1294,0.1292,0.1292
2006-01-06,0.1292,0.1302,0.1292,0.13
2006-01-09,0.1299,0.13,0.129,0.129
2006-01-10,0.1288,0.129,0.1284,0.1284
2006-01-11,0.1283,0.1295,0.1283,0.1292
2006-01-12,0.1293,0.1298,0.1287,0.1287
2006-01-13,0.1288,0.1297,0.1288,0.1295
2006-01-16,0.1295,0.1299,0.1293,0.1293
2006-01-17,0.1293,0.1295,0.1293,0.1294
2006-01-18,0.1295,0.1299,0.1295,0.1295
2006-01-19,0.1294,0.1297,0.129,0.129
2006-01-20,0.129,0.1302,0.129,0.1301
2006-01-23,0.1301,0.1328,0.1301,0.1326
2006-01-24,0.1325,0.1327,0.132,0.132
2006-01-25,0.1319,0.1324,0.1313,0.1313
2006-01-26,0.1314,0.132,0.1314,0.1315
2006-01-27,0.1314,0.1317,0.1304,0.1304
2006-01-30,0.1305,0.1308,0.1304,0.1304
2006-01-31,0.1303,0.1315,0.1303,0.1312
2006-02-01,0.1312,0.1314,0.1297,0.1297
2006-02-02,0.1298,0.13,0.1296,0.1296
2006-02-03,0.1297,0.1298,0.1291,0.1291
2006-02-06,0.1292,0.1293,0.1279,0.1279
2006-02-07,0.1278,0.1286,0.1278,0.1282
2006-02-08,0.1282,0.1287,0.1282,0.1285
2006-02-09,0.1284,0.129,0.1284,0.1287
2006-02-10,0.1288,0.1293,0.1275,0.1275
2006-02-13,0.1275,0.1276,0.1267,0.1267
2006-02-14,0.1269,0.1274,0.1269,0.1273
2006-02-15,0.1274,0.1277,0.1269,0.1269
2006-02-16,0.1268,0.1269,0.1264,0.1264
2006-02-17,0.1262,0.127,0.1262,0.1267
2006-02-20,0.1268,0.1273,0.1268,0.127
2006-02-21,0.127,0.127,0.1265,0.1265
2006-02-22,0.1263,0.1268,0.1263,0.1267
2006-02-23,0.1267,0.1268,0.1264,0.1264
2006-02-24,0.1263,0.1266,0.1256,0.1256
2006-02-27,0.1256,0.1257,0.1249,0.1249
2006-02-28,0.1248,0.1261,0.1248,0.1259
2006-03-01,0.126,0.1263,0.1256,0.1256
2006-03-02,0.1257,0.127,0.1257,0.1269
2006-03-03,0.1268,0.1269,0.1268,0.1269
2006-03-06,0.1269,0.1275,0.1269,0.1269
2006-03-07,0.1269,0.1269,0.1251,0.1251
2006-03-08,0.1252,0.1258,0.1252,0.1256
2006-03-09,0.1257,0.1262,0.1257,0.126
2006-03-10,0.1259,0.1266,0.1259,0.1265
2006-03-13,0.1264,0.1272,0.1264,0.1271
2006-03-14,0.127,0.1279,0.127,0.1276
2006-03-15,0.1278,0.1283,0.1278,0.1282
2006-03-16,0.1283,0.1299,0.1283,0.1298
2006-03-17,0.1297,0.1303,0.1297,0.1302
2006-03-20,0.1301,0.1302,0.1297,0.1297
2006-03-21,0.1296,0.1298,0.1287,0.1287
2006-03-22,0.1287,0.1288,0.1286,0.1286
2006-03-23,0.1287,0.1287,0.1275,0.1275
2006-03-24,0.1275,0.1285,0.1275,0.1283
2006-03-27,0.1283,0.1287,0.1279,0.1279
2006-03-28,0.1279,0.1287,0.1275,0.1275
2006-03-29,0.1275,0.1276,0.1271,0.1271
2006-03-30,0.1271,0.129,0.1271,0.1289
2006-03-31,0.129,0.1291,0.1278,0.1278
2006-04-03,0.1279,0.1288,0.1279,0.1286
2006-04-04,0.1286,0.1304,0.1286,0.1303
2006-04-05,0.1302,0.1312,0.1302,0.1311
2006-04-06,0.131,0.1317,0.1304,0.1304
2006-04-07,0.1303,0.1305,0.1287,0.1287
2006-04-10,0.1289,0.1293,0.1289,0.1289
2006-04-11,0.1288,0.1299,0.1288,0.1296
2006-04-12,0.1297,0.1301,0.1291,0.1291
2006-04-13,0.1291,0.1297,0.1291,0.1295
2006-04-14,0.1295,0.1297,0.1295,0.1295
2006-04-17,0.1296,0.1317,0.1296,0.1314
2006-04-18,0.1313,0.1324,0.1313,0.1323
2006-04-19,0.1324,0.1332,0.1324,0.1329
2006-04-20,0.1328,0.133,0.132,0.132
2006-04-21,0.1319,0.1322,0.1318,0.1318
2006-04-24,0.1322,0.1326,0.1321,0.1321
2006-04-25,0.132,0.133,0.132,0.1329
2006-04-26,0.1328,0.1333,0.1328,0.133
2006-04-27,0.1331,0.1345,0.1331,0.1343
2006-04-28,0.1342,0.1357,0.1342,0.1356
2006-05-01,0.1356,0.1363,0.1348,0.1348
2006-05-02,0.1349,0.1356,0.1346,0.1346
2006-05-03,0.1345,0.1355,0.1345,0.1352
2006-05-04,0.1352,0.1361,0.1352,0.1358
2006-05-05,0.1357,0.1366,0.1357,0.1361
2006-05-08,0.1363,0.1368,0.1358,0.1358
2006-05-09,0.1357,0.1368,0.1357,0.1365
2006-05-10,0.1365,0.1371,0.1365,0.1368
2006-05-11,0.1366,0.1369,0.1365,0.1366
2006-05-12,0.1367,0.1378,0.1367,0.1376
2006-05-15,0.1377,0.138,0.1354,0.1354
2006-05-16,0.1354,0.1365,0.1354,0.1362
2006-05-17,0.1362,0.1373,0.1347,0.1347
2006-05-18,0.1347,0.1371,0.1347,0.1368
2006-05-19,0.1368,0.1369,0.1361,0.1361
2006-05-22,0.1362,0.1375,0.1362,0.1373
2006-05-23,0.138,0.1382,0.1374,0.1374
2006-05-24,0.1365,0.1378,0.1365,0.1366
2006-05-25,0.1369,0.1377,0.1369,0.1374
2006-05-26,0.1373,0.1374,0.1364,0.1364
2006-05-29,0.1369,0.1374,0.1367,0.1373
2006-05-30,0.1368,0.1388,0.1368,0.1386
2006-05-31,0.1384,0.1387,0.1377,0.1377
2006-06-01,0.1378,0.1381,0.1378,0.1381
2006-06-02,0.1381,0.1398,0.1381,0.1396
2006-06-05,0.1397,0.1409,0.1397,0.14
2006-06-06,0.1398,0.1402,0.1387,0.1387
2006-06-07,0.1386,0.139,0.1384,0.1384
2006-06-08,0.1385,0.1385,0.1366,0.1366
2006-06-09,0.1366,0.137,0.1366,0.1367
2006-06-12,0.1366,0.1368,0.1356,0.1356
2006-06-13,0.1355,0.1358,0.135,0.135
2006-06-14,0.135,0.1359,0.135,0.1354
2006-06-15,0.1358,0.1363,0.1357,0.1361
2006-06-16,0.1357,0.1357,0.1357,0.1357
2006-06-19,0.1357,0.1357,0.135,0.135
2006-06-20,0.135,0.1361,0.135,0.1358
2006-06-21,0.136,0.1372,0.136,0.1369
2006-06-22,0.1369,0.1373,0.1357,0.1357
2006-06-23,0.1358,0.136,0.1347,0.1347
2006-06-26,0.1351,0.1364,0.1351,0.1361
2006-06-27,0.1362,0.1364,0.1352,0.1352
2006-06-28,0.1358,0.1363,0.1354,0.1363
2006-06-29,0.1356,0.1368,0.1356,0.1368
2006-06-30,0.1368,0.1385,0.1368,0.1385
2006-07-03,0.1384,0.1392,0.1384,0.1387
2006-07-04,0.1394,0.1398,0.1391,0.1396
2006-07-05,0.1389,0.1395,0.138,0.138
2006-07-06,0.1381,0.1391,0.1381,0.139
2006-07-07,0.139,0.14,0.139,0.1396
2006-07-10,0.1397,0.1397,0.1384,0.1384
2006-07-11,0.1383,0.139,0.1383,0.1388
2006-07-12,0.1388,0.139,0.1377,0.1377
2006-07-13,0.1378,0.1384,0.1375,0.1375
2006-07-14,0.1375,0.1376,0.1369,0.1369
2006-07-17,0.1367,0.1368,0.1351,0.1351
2006-07-18,0.1351,0.1353,0.1344,0.1344
2006-07-19,0.1344,0.1361,0.1344,0.1358
2006-07-20,0.1363,0.1371,0.1362,0.1369
2006-07-21,0.1368,0.1368,0.1368,0.1368
2006-07-24,0.1368,0.1369,0.1359,0.1359
2006-07-25,0.1359,0.1364,0.1355,0.1355
2006-07-26,0.1355,0.137,0.1355,0.137
2006-07-27,0.137,0.1379,0.137,0.137
2006-07-28,0.137,0.138,0.137,0.138
2006-07-31,0.1384,0.1388,0.1379,0.1387
2006-08-01,0.1382,0.1389,0.1382,0.1388
2006-08-02,0.1393,0.1395,0.139,0.1392
2006-08-03,0.1387,0.1391,0.1384,0.1384
2006-08-04,0.1385,0.1397,0.1385,0.1393
2006-08-07,0.14,0.1403,0.1397,0.1398
2006-08-08,0.1399,0.1403,0.1395,0.1398
2006-08-09,0.1392,0.1403,0.1392,0.1399
2006-08-10,0.1398,0.1403,0.1387,0.1387
2006-08-11,0.1387,0.1388,0.1379,0.1379
2006-08-14,0.1382,0.1387,0.1379,0.1379
2006-08-15,0.1375,0.1385,0.1375,0.1382
2006-08-16,0.1382,0.1395,0.1382,0.1392
2006-08-17,0.1397,0.1402,0.1395,0.1398
2006-08-18,0.1392,0.1393,0.1388,0.1388
2006-08-21,0.1389,0.1401,0.1389,0.1394
2006-08-22,0.1394,0.1395,0.1387,0.1387
2006-08-23,0.1392,0.1397,0.1389,0.139
2006-08-24,0.1386,0.1392,0.1382,0.1382
2006-08-25,0.1382,0.1383,0.1375,0.1375
2006-08-28,0.138,0.1386,0.1379,0.138
2006-08-29,0.1375,0.1386,0.1375,0.1383
2006-08-30,0.1388,0.1391,0.1384,0.1389
2006-08-31,0.1384,0.1386,0.1374,0.1374
2006-09-01,0.1374,0.1376,0.137,0.137
2006-09-04,0.137,0.1379,0.137,0.1377
2006-09-05,0.1383,0.1383,0.1374,0.138
2006-09-06,0.1374,0.1375,0.137,0.137
2006-09-07,0.137,0.1374,0.1356,0.1356
2006-09-08,0.1356,0.1356,0.1356,0.1356
2006-09-11,0.1355,0.1368,0.1355,0.1363
2006-09-12,0.1363,0.1374,0.1363,0.1365
2006-09-13,0.1371,0.1376,0.1369,0.1374
2006-09-14,0.1368,0.1378,0.1368,0.1374
2006-09-15,0.1375,0.1376,0.1369,0.1369
2006-09-18,0.1376,0.1383,0.1376,0.1383
2006-09-19,0.1378,0.138,0.137,0.137
2006-09-20,0.1377,0.1378,0.1373,0.1374
2006-09-21,0.1369,0.138,0.1369,0.1376
2006-09-22,0.1374,0.1374,0.1374,0.1374
2006-09-25,0.1375,0.1379,0.1364,0.1364
2006-09-26,0.1364,0.1369,0.1357,0.1357
2006-09-27,0.1364,0.137,0.1361,0.1366
2006-09-28,0.1366,0.1375,0.1366,0.1374
2006-09-29,0.1368,0.1371,0.1359,0.1359
2006-10-02,0.136,0.1363,0.1359,0.1359
2006-10-03,0.1364,0.1369,0.1362,0.1366
2006-10-04,0.1366,0.1367,0.1358,0.1363
2006-10-05,0.1358,0.1366,0.1358,0.1364
2006-10-06,0.1365,0.1366,0.1351,0.1351
2006-10-09,0.1356,0.1361,0.1352,0.1353
2006-10-10,0.1352,0.1357,0.135,0.1353
2006-10-11,0.1352,0.1358,0.1351,0.1354
2006-10-12,0.1355,0.1361,0.1352,0.1357
2006-10-13,0.1352,0.1354,0.1347,0.1347
2006-10-16,0.1349,0.1355,0.1348,0.1352
2006-10-17,0.1352,0.1358,0.1351,0.1354
2006-10-18,0.1354,0.1358,0.135,0.1355
2006-10-19,0.135,0.1363,0.135,0.1362
2006-10-20,0.1365,0.1365,0.1365,0.1365
2006-10-23,0.1369,0.137,0.1362,0.1364
2006-10-24,0.1365,0.1368,0.136,0.1365
2006-10-25,0.1365,0.1369,0.1363,0.1367
2006-10-26,0.1367,0.1377,0.1367,0.1376
2006-10-27,0.137,0.1378,0.137,0.1377
2006-10-30,0.1381,0.1383,0.1379,0.138
2006-10-31,0.1375,0.1382,0.1375,0.138
2006-11-01,0.1385,0.1392,0.1383,0.1387
2006-11-02,0.1388,0.1391,0.1385,0.139
2006-11-03,0.1385,0.1389,0.1383,0.1383
2006-11-06,0.1389,0.1391,0.1384,0.1388
2006-11-07,0.1383,0.1397,0.1383,0.1393
2006-11-08,0.1398,0.1401,0.1394,0.1397
2006-11-09,0.1392,0.1409,0.1392,0.1407
2006-11-10,0.1407,0.1416,0.1404,0.1404
2006-11-13,0.1405,0.1412,0.1404,0.1404
2006-11-14,0.1403,0.1413,0.1403,0.1409
2006-11-15,0.1409,0.1412,0.1409,0.1411
2006-11-16,0.1411,0.1416,0.1409,0.1409
2006-11-17,0.1409,0.1414,0.1408,0.1408
2006-11-20,0.1408,0.1412,0.1404,0.1404
2006-11-21,0.1404,0.1411,0.1404,0.1404
2006-11-22,0.1404,0.1424,0.1404,0.1422
2006-11-23,0.1422,0.1431,0.1422,0.1423
2006-11-24,0.1423,0.1445,0.1423,0.1444
2006-11-27,0.1443,0.1453,0.1443,0.1448
2006-11-28,0.1447,0.1452,0.1447,0.1447
2006-11-29,0.1448,0.1451,0.1444,0.1444
2006-11-30,0.1444,0.146,0.1444,0.1456
2006-12-01,0.1455,0.1475,0.1455,0.1472
2006-12-04,0.1472,0.1476,0.147,0.147
2006-12-05,0.1472,0.1474,0.147,0.147
2006-12-06,0.1469,0.1471,0.146,0.146
2006-12-07,0.146,0.1469,0.146,0.1464
2006-12-08,0.1463,0.1472,0.1452,0.1452
2006-12-11,0.1451,0.1456,0.1451,0.1456
2006-12-12,0.1455,0.1468,0.1455,0.1466
2006-12-13,0.1468,0.1468,0.1459,0.1459
2006-12-14,0.1459,0.1461,0.1447,0.1447
2006-12-15,0.1447,0.145,0.144,0.144
2006-12-18,0.1439,0.1447,0.1439,0.1442
2006-12-19,0.1442,0.1462,0.1442,0.1458
2006-12-20,0.1459,0.1466,0.1459,0.1459
2006-12-21,0.146,0.1469,0.146,0.1465
2006-12-22,0.1465,0.1469,0.1453,0.1453
2006-12-25,0.1454,0.1463,0.1453,0.1453
2006-12-26,0.1452,0.1457,0.1446,0.1446
2006-12-27,0.1446,0.1456,0.1446,0.1446
2006-12-28,0.1445,0.1455,0.1445,0.1449
2006-12-29,0.1448,0.146,0.1448,0.1456
2007-01-01,0.1454,0.1464,0.1454,0.1455
2007-01-02,0.1456,0.147,0.1456,0.1466
2007-01-03,0.1466,0.1469,0.1453,0.1453
2007-01-04,0.1453,0.1456,0.1435,0.1435
2007-01-05,0.1435,0.1438,0.1431,0.1431
2007-01-08,0.1431,0.1433,0.1425,0.1425
2007-01-09,0.1424,0.143,0.1419,0.1419
2007-01-10,0.1419,0.1422,0.141,0.141
2007-01-11,0.141,0.1419,0.1404,0.1404
2007-01-12,0.1404,0.142,0.1404,0.1417
2007-01-15,0.1417,0.1427,0.1417,0.1421
2007-01-16,0.1421,0.1429,0.1421,0.1422
2007-01-17,0.1422,0.1425,0.142,0.142
2007-01-18,0.142,0.1424,0.1415,0.1415
2007-01-19,0.1415,0.1422,0.1415,0.1418
2007-01-22,0.1418,0.1421,0.1413,0.1413
2007-01-23,0.1414,0.143,0.1414,0.1429
2007-01-24,0.1429,0.1431,0.1421,0.1421
2007-01-25,0.1422,0.1428,0.1421,0.1421
2007-01-26,0.1419,0.1423,0.1416,0.1416
2007-01-29,0.1416,0.1429,0.1416,0.1427
2007-01-30,0.1427,0.1434,0.1427,0.1428
2007-01-31,0.1429,0.1435,0.1429,0.1434
2007-02-01,0.1434,0.1442,0.1433,0.1433
2007-02-02,0.1432,0.1435,0.1425,0.1425
2007-02-05,0.1424,0.1429,0.1411,0.1411
2007-02-06,0.1411,0.1418,0.1411,0.1418
2007-02-07,0.1419,0.1427,0.1419,0.1423
2007-02-08,0.1423,0.1431,0.1423,0.143
2007-02-09,0.143,0.1431,0.1422,0.1422
2007-02-12,0.1422,0.1428,0.1414,0.1414
2007-02-13,0.1414,0.1423,0.1414,0.1419
2007-02-14,0.1419,0.1433,0.1419,0.1431
2007-02-15,0.1432,0.1435,0.1417,0.1417
2007-02-16,0.1417,0.1419,0.1416,0.1416
2007-02-19,0.1416,0.1423,0.1416,0.142
2007-02-20,0.142,0.1423,0.1415,0.1415
2007-02-21,0.1415,0.1417,0.1408,0.1408
2007-02-22,0.1408,0.141,0.1407,0.1407
2007-02-23,0.1407,0.1414,0.1407,0.1411
2007-02-26,0.1411,0.142,0.1411,0.1418
2007-02-27,0.1418,0.143,0.1418,0.1427
2007-02-28,0.1426,0.1426,0.1424,0.1425
2007-03-01,0.1425,0.1425,0.1412,0.1412
2007-03-02,0.1413,0.1418,0.1413,0.1415
2007-03-05,0.1416,0.1417,0.1401,0.1401
2007-03-06,0.1401,0.1413,0.1401,0.1413
2007-03-07,0.1413,0.142,0.1413,0.1415
2007-03-08,0.1415,0.1416,0.1407,0.1407
2007-03-09,0.1407,0.1413,0.1403,0.1403
2007-03-12,0.1404,0.1416,0.1404,0.1415
2007-03-13,0.1416,0.142,0.1416,0.1418
2007-03-14,0.1417,0.1421,0.1417,0.142
2007-03-15,0.1418,0.1427,0.1418,0.1425
2007-03-16,0.1425,0.1435,0.1425,0.143
2007-03-19,0.1433,0.1434,0.1426,0.1426
2007-03-20,0.1427,0.143,0.1427,0.1429
2007-03-21,0.1428,0.1436,0.1428,0.1435
2007-03-22,0.1435,0.1437,0.1428,0.1428
2007-03-23,0.1429,0.1432,0.1422,0.1422
2007-03-26,0.1424,0.143,0.1424,0.1427
2007-03-27,0.1427,0.1434,0.1427,0.1429
2007-03-28,0.143,0.1432,0.1419,0.1419
2007-03-29,0.1419,0.1428,0.1419,0.1424
2007-03-30,0.1425,0.1429,0.1425,0.1427
2007-04-02,0.1427,0.143,0.142,0.142
2007-04-03,0.142,0.1429,0.1419,0.1419
2007-04-04,0.1419,0.1434,0.1419,0.1433
2007-04-05,0.1433,0.1444,0.1433,0.144
2007-04-06,0.144,0.1443,0.1435,0.1435
2007-04-09,0.1436,0.1442,0.1434,0.1434
2007-04-10,0.1434,0.1446,0.1434,0.1445
2007-04-11,0.1445,0.1452,0.1444,0.1444
2007-04-12,0.1445,0.1454,0.1445,0.1451
2007-04-13,0.1451,0.1458,0.1451,0.1453
2007-04-16,0.1455,0.1466,0.1455,0.1463
2007-04-17,0.1463,0.1472,0.1463,0.1471
2007-04-18,0.1471,0.1476,0.1471,0.1474
2007-04-19,0.1474,0.1476,0.1473,0.1473
2007-04-20,0.1474,0.1481,0.1473,0.1473
2007-04-23,0.1473,0.1478,0.1472,0.1472
2007-04-24,0.1472,0.1479,0.1472,0.1478
2007-04-25,0.1478,0.1487,0.1478,0.1483
2007-04-26,0.1483,0.1487,0.148,0.148
2007-04-27,0.1481,0.1491,0.1481,0.1491
2007-04-30,0.1489,0.1491,0.1488,0.1488
2007-05-01,0.1487,0.1492,0.1483,0.1483
2007-05-02,0.1483,0.1487,0.1482,0.1482
2007-05-03,0.1482,0.1486,0.1475,0.1475
2007-05-04,0.1475,0.1484,0.1475,0.1476
2007-05-07,0.1478,0.1486,0.1477,0.1477
2007-05-08,0.1477,0.1481,0.1468,0.1468
2007-05-09,0.1469,0.1472,0.1464,0.1464
2007-05-10,0.1463,0.147,0.1454,0.1454
2007-05-11,0.1454,0.1462,0.1454,0.1459
2007-05-14,0.146,0.1469,0.146,0.1465
2007-05-15,0.1465,0.1477,0.1465,0.1473
2007-05-16,0.1473,0.1477,0.1462,0.1462
2007-05-17,0.1462,0.1467,0.1457,0.1457
2007-05-18,0.1457,0.1465,0.1457,0.1461
2007-05-21,0.1461,0.1463,0.1453,0.1453
2007-05-22,0.1453,0.1463,0.1453,0.1459
2007-05-23,0.1459,0.1464,0.1459,0.1459
2007-05-24,0.1459,0.1462,0.1455,0.1455
2007-05-25,0.1455,0.1464,0.1455,0.1458
2007-05-28,0.1457,0.1464,0.1455,0.1455
2007-05-29,0.1455,0.1456,0.1445,0.1445
2007-05-30,0.1445,0.1447,0.1437,0.1437
2007-05-31,0.1437,0.1446,0.1437,0.1441
2007-06-01,0.1441,0.1443,0.1437,0.1437
2007-06-04,0.1438,0.1445,0.1438,0.1442
2007-06-05,0.1442,0.1451,0.1442,0.1444
2007-06-06,0.1444,0.1449,0.1443,0.1443
2007-06-07,0.1443,0.1445,0.1435,0.1435
2007-06-08,0.1435,0.1436,0.1427,0.1427
2007-06-11,0.1427,0.1431,0.1425,0.1425
2007-06-12,0.1424,0.1427,0.1408,0.1408
2007-06-13,0.1408,0.1411,0.1408,0.1411
2007-06-14,0.1411,0.1415,0.1405,0.1405
2007-06-15,0.1406,0.1417,0.1406,0.1416
2007-06-18,0.1415,0.1424,0.1415,0.1418
2007-06-19,0.1418,0.1426,0.1418,0.1421
2007-06-20,0.1421,0.1446,0.1421,0.1442
2007-06-21,0.1442,0.1449,0.1442,0.1446
2007-06-22,0.1446,0.1455,0.1446,0.1451
2007-06-25,0.1452,0.1457,0.1449,0.1449
2007-06-26,0.1449,0.1454,0.1445,0.1445
2007-06-27,0.1446,0.145,0.1446,0.1449
2007-06-28,0.1449,0.1458,0.1449,0.1451
2007-06-29,0.1452,0.1459,0.1452,0.1458
2007-07-02,0.1458,0.1469,0.1458,0.1468
2007-07-03,0.1469,0.1476,0.1469,0.1473
2007-07-04,0.1473,0.1483,0.1473,0.1481
2007-07-05,0.1481,0.1488,0.148,0.148
2007-07-06,0.1479,0.1487,0.1479,0.1482
2007-07-09,0.1482,0.1486,0.1478,0.1478
2007-07-10,0.1477,0.1493,0.1477,0.1493
2007-07-11,0.1496,0.1501,0.1495,0.1495
2007-07-12,0.1495,0.1504,0.1495,0.1501
2007-07-13,0.1501,0.1508,0.1499,0.1499
2007-07-16,0.1499,0.1507,0.1499,0.1499
2007-07-17,0.1499,0.1507,0.1499,0.1499
2007-07-18,0.1499,0.1505,0.1499,0.1499
2007-07-19,0.15,0.1507,0.1499,0.1499
2007-07-20,0.1499,0.1508,0.1499,0.1501
2007-07-23,0.1503,0.1507,0.1499,0.1499
2007-07-24,0.1498,0.1505,0.1497,0.1497
2007-07-25,0.1497,0.1497,0.1484,0.1484
2007-07-26,0.1484,0.1487,0.148,0.148
2007-07-27,0.1479,0.1483,0.1477,0.1477
2007-07-30,0.1477,0.1485,0.1477,0.1485
2007-07-31,0.1485,0.1489,0.148,0.148
2007-08-01,0.148,0.148,0.1475,0.1475
2007-08-02,0.1475,0.1483,0.1475,0.1483
2007-08-03,0.1482,0.1489,0.1482,0.1482
2007-08-06,0.1482,0.1495,0.1482,0.1491
2007-08-07,0.1491,0.1495,0.1483,0.1483
2007-08-08,0.1483,0.1492,0.1483,0.1487
2007-08-09,0.1487,0.1491,0.1471,0.1471
2007-08-10,0.1471,0.1474,0.1471,0.1471
2007-08-13,0.1471,0.1474,0.1454,0.1454
2007-08-14,0.1454,0.1457,0.1444,0.1444
2007-08-15,0.1444,0.1445,0.1426,0.1426
2007-08-16,0.1426,0.1429,0.1426,0.1426
2007-08-17,0.1426,0.1449,0.1426,0.1437
2007-08-20,0.1438,0.1445,0.1436,0.1436
2007-08-21,0.1436,0.1439,0.1429,0.1429
2007-08-22,0.1429,0.1441,0.1429,0.144
2007-08-23,0.1441,0.1449,0.1441,0.1443
2007-08-24,0.1443,0.1458,0.1443,0.1456
2007-08-27,0.1456,0.146,0.145,0.145
2007-08-28,0.145,0.1454,0.1443,0.1443
2007-08-29,0.1443,0.1456,0.1443,0.1456
2007-08-30,0.1456,0.1456,0.1447,0.1447
2007-08-31,0.1447,0.146,0.1445,0.1445
2007-09-03,0.1446,0.1453,0.1445,0.1445
2007-09-04,0.1445,0.1447,0.1442,0.1442
2007-09-05,0.1443,0.1451,0.1443,0.1448
2007-09-06,0.1449,0.1464,0.1449,0.1462
2007-09-07,0.1461,0.147,0.1461,0.1465
2007-09-10,0.1466,0.1472,0.1466,0.1471
2007-09-11,0.1471,0.1479,0.1471,0.1478
2007-09-12,0.1478,0.1495,0.1478,0.1494
2007-09-13,0.1495,0.1499,0.1492,0.1492
2007-09-14,0.1492,0.1498,0.1492,0.1492
2007-09-17,0.1492,0.1496,0.1488,0.1488
2007-09-18,0.1487,0.1506,0.1487,0.1505
2007-09-19,0.1506,0.1511,0.1506,0.151
2007-09-20,0.151,0.1525,0.151,0.1523
2007-09-21,0.1524,0.153,0.1524,0.1528
2007-09-24,0.1528,0.1538,0.1528,0.153
2007-09-25,0.1529,0.1534,0.1529,0.1533
2007-09-26,0.1533,0.1535,0.1525,0.1525
2007-09-27,0.1524,0.1534,0.1524,0.153
2007-09-28,0.153,0.155,0.153,0.1549
2007-10-01,0.1549,0.1551,0.1546,0.1546
2007-10-02,0.1545,0.1546,0.1529,0.1529
2007-10-03,0.1529,0.1538,0.1529,0.1529
2007-10-04,0.1529,0.1535,0.1529,0.1532
2007-10-05,0.1532,0.1542,0.1532,0.1541
2007-10-08,0.1541,0.1543,0.1529,0.1529
2007-10-09,0.1528,0.1536,0.1528,0.1535
2007-10-10,0.1535,0.1545,0.1535,0.1543
2007-10-11,0.1543,0.1558,0.1543,0.1551
2007-10-12,0.1551,0.1558,0.1551,0.1553
2007-10-15,0.1551,0.1561,0.1551,0.1551
2007-10-16,0.1553,0.1553,0.1544,0.1544
2007-10-17,0.1544,0.1551,0.1544,0.1548
2007-10-18,0.1549,0.1558,0.1549,0.1554
2007-10-19,0.1553,0.1558,0.1553,0.1554
2007-10-22,0.1557,0.1559,0.1535,0.1535
2007-10-23,0.1535,0.1549,0.1535,0.1549
2007-10-24,0.1549,0.155,0.1543,0.1543
2007-10-25,0.1542,0.1552,0.1542,0.1551
2007-10-26,0.1551,0.1563,0.1551,0.1563
2007-10-29,0.1564,0.1568,0.156,0.156
2007-10-30,0.156,0.1568,0.156,0.1565
2007-10-31,0.1564,0.1571,0.1564,0.157
2007-11-01,0.157,0.1571,0.1549,0.1549
2007-11-02,0.1549,0.1565,0.1549,0.1562
2007-11-05,0.1563,0.1565,0.1554,0.1554
2007-11-06,0.1554,0.1571,0.1554,0.157
2007-11-07,0.157,0.1589,0.157,0.1577
2007-11-08,0.1577,0.1584,0.1577,0.1581
2007-11-09,0.1582,0.1588,0.1579,0.1579
2007-11-12,0.158,0.1581,0.1561,0.1561
2007-11-13,0.156,0.1575,0.156,0.1574
2007-11-14,0.1575,0.1591,0.1575,0.1582
2007-11-15,0.1583,0.1591,0.1571,0.1571
2007-11-16,0.1571,0.158,0.1571,0.158
2007-11-19,0.1579,0.1582,0.1576,0.1576
2007-11-20,0.1576,0.1592,0.1576,0.1591
2007-11-21,0.1591,0.1592,0.1588,0.1589
2007-11-22,0.159,0.1592,0.1588,0.1588
2007-11-23,0.1589,0.16,0.1589,0.1593
2007-11-26,0.1593,0.16,0.1593,0.1599
2007-11-27,0.16,0.1602,0.1587,0.1587
2007-11-28,0.1588,0.1589,0.1577,0.158
2007-11-29,0.158,0.1582,0.1565,0.1565
2007-11-30,0.1565,0.1573,0.1561,0.1561
2007-12-03,0.1558,0.1567,0.1555,0.1555
2007-12-04,0.1555,0.1571,0.1555,0.157
2007-12-05,0.157,0.1571,0.155,0.155
2007-12-06,0.155,0.1556,0.155,0.1556
2007-12-07,0.1556,0.156,0.1555,0.1555
2007-12-10,0.1554,0.1561,0.1554,0.1556
2007-12-11,0.1556,0.1563,0.1543,0.1543
2007-12-12,0.1543,0.1558,0.1543,0.1554
2007-12-13,0.1554,0.1556,0.1548,0.1548
2007-12-14,0.1548,0.1549,0.153,0.153
2007-12-17,0.1529,0.1532,0.1518,0.1518
2007-12-18,0.1519,0.1524,0.1519,0.1521
2007-12-19,0.1521,0.1522,0.1515,0.1515
2007-12-20,0.1516,0.1518,0.151,0.151
2007-12-21,0.1511,0.1522,0.1511,0.1513
2007-12-24,0.1514,0.152,0.1513,0.1513
2007-12-25,0.1513,0.1521,0.1512,0.1512
2007-12-26,0.1514,0.1531,0.1514,0.1528
2007-12-27,0.1528,0.1542,0.1528,0.154
2007-12-28,0.1539,0.1557,0.1539,0.1557
2007-12-31,0.1557,0.1561,0.1542,0.1542
2008-01-01,0.1542,0.155,0.1541,0.1541
2008-01-02,0.1543,0.1559,0.1543,0.1558
2008-01-03,0.1557,0.1572,0.1557,0.1571
2008-01-04,0.1572,0.1578,0.1567,0.1567
2008-01-07,0.1568,0.157,0.1561,0.1561
2008-01-08,0.1561,0.1568,0.1561,0.1562
2008-01-09,0.1558,0.1561,0.1552,0.1552
2008-01-10,0.1552,0.1576,0.1552,0.1575
2008-01-11,0.1574,0.1578,0.1569,0.1569
2008-01-14,0.1568,0.1582,0.1568,0.1581
2008-01-15,0.1581,0.1583,0.1566,0.1566
2008-01-16,0.1565,0.1571,0.155,0.155
2008-01-17,0.155,0.1557,0.1548,0.1548
2008-01-18,0.1548,0.1553,0.1547,0.1547
2008-01-21,0.1547,0.1547,0.1518,0.1518
2008-01-22,0.152,0.154,0.1509,0.1539
2008-01-23,0.1539,0.1545,0.1528,0.1537
2008-01-24,0.1537,0.1557,0.1537,0.1555
2008-01-25,0.1555,0.156,0.1542,0.1542
2008-01-28,0.1542,0.1559,0.1542,0.1559
2008-01-29,0.1558,0.1564,0.1558,0.1559
2008-01-30,0.1559,0.1579,0.1559,0.1572
2008-01-31,0.1572,0.1576,0.1565,0.1565
2008-02-01,0.1565,0.1574,0.1564,0.1564
2008-02-04,0.1565,0.1576,0.1565,0.1573
2008-02-05,0.1573,0.1575,0.1544,0.1544
2008-02-06,0.1545,0.1553,0.1545,0.155
2008-02-07,0.1548,0.155,0.153,0.153
2008-02-08,0.1531,0.1539,0.1531,0.1535
2008-02-11,0.1535,0.1544,0.1535,0.1537
2008-02-12,0.1537,0.155,0.1537,0.1546
2008-02-13,0.1546,0.1556,0.1546,0.1555
2008-02-14,0.1555,0.1565,0.1555,0.1564
2008-02-15,0.1563,0.1574,0.1563,0.1574
2008-02-18,0.1574,0.1577,0.1569,0.1569
2008-02-19,0.1568,0.158,0.1568,0.1577
2008-02-20,0.1576,0.1578,0.1575,0.1575
2008-02-21,0.1575,0.1589,0.1575,0.1586
2008-02-22,0.1587,0.1593,0.1587,0.1589
2008-02-25,0.1588,0.1594,0.1587,0.1587
2008-02-26,0.1588,0.1606,0.1588,0.1605
2008-02-27,0.1604,0.1617,0.1604,0.1611
2008-02-28,0.161,0.1622,0.161,0.1618
2008-02-29,0.1617,0.1621,0.1617,0.1618
2008-03-03,0.1617,0.1625,0.1617,0.1621
2008-03-04,0.162,0.1626,0.162,0.1623
2008-03-05,0.1622,0.163,0.1622,0.1628
2008-03-06,0.1628,0.1638,0.1628,0.1633
2008-03-07,0.1632,0.1638,0.1628,0.1628
2008-03-10,0.1627,0.1635,0.1627,0.1627
2008-03-11,0.1628,0.1643,0.1628,0.1628
2008-03-12,0.1629,0.1646,0.1629,0.1645
2008-03-13,0.1645,0.1654,0.1645,0.1653
2008-03-14,0.1652,0.1655,0.1649,0.1649
2008-03-17,0.1651,0.1676,0.1651,0.1657
2008-03-18,0.1657,0.167,0.1653,0.1653
2008-03-19,0.1653,0.1667,0.1653,0.1658
2008-03-20,0.1659,0.1659,0.1634,0.1634
2008-03-21,0.1634,0.1642,0.1633,0.1633
2008-03-24,0.1638,0.1638,0.1631,0.1631
2008-03-25,0.163,0.1658,0.163,0.1655
2008-03-26,0.1656,0.1679,0.1656,0.1677
2008-03-27,0.1677,0.1679,0.1675,0.1675
2008-03-28,0.1674,0.1683,0.1674,0.1677
2008-03-31,0.168,0.1686,0.1676,0.1676
2008-04-01,0.1675,0.1679,0.1657,0.1657
2008-04-02,0.1658,0.1672,0.1658,0.167
2008-04-03,0.167,0.1673,0.1665,0.167
2008-04-04,0.167,0.1677,0.167,0.1672
2008-04-07,0.1674,0.1676,0.1673,0.1674
2008-04-08,0.1672,0.1681,0.167,0.167
2008-04-09,0.1671,0.1687,0.1671,0.1682
2008-04-10,0.1682,0.1689,0.1671,0.1671
2008-04-11,0.1671,0.1683,0.1668,0.1668
2008-04-14,0.1654,0.1685,0.1654,0.168
2008-04-15,0.1679,0.168,0.1675,0.1675
2008-04-16,0.1674,0.1697,0.1674,0.1693
2008-04-17,0.1694,0.1697,0.1683,0.1683
2008-04-18,0.1682,0.169,0.1676,0.1676
2008-04-21,0.1667,0.1695,0.1667,0.1694
2008-04-22,0.1692,0.1709,0.1692,0.1709
2008-04-23,0.1708,0.1714,0.1697,0.1697
2008-04-24,0.1697,0.1701,0.1679,0.1679
2008-04-25,0.1677,0.1681,0.1667,0.1667
2008-04-28,0.1667,0.1673,0.1667,0.1667
2008-04-29,0.1669,0.167,0.1658,0.1658
2008-04-30,0.1658,0.1671,0.1658,0.1668
2008-05-01,0.1668,0.167,0.1649,0.1649
2008-05-02,0.1649,0.1653,0.1642,0.1642
2008-05-05,0.1644,0.1654,0.1644,0.165
2008-05-06,0.165,0.1665,0.165,0.1659
2008-05-07,0.1659,0.1661,0.1647,0.1647
2008-05-08,0.1647,0.1654,0.1645,0.1653
2008-05-09,0.1653,0.1665,0.1653,0.1665
2008-05-12,0.166,0.1672,0.166,0.1668
2008-05-13,0.1669,0.1672,0.166,0.166
2008-05-14,0.166,0.1661,0.1658,0.1658
2008-05-15,0.1657,0.1664,0.165,0.165
2008-05-16,0.1652,0.167,0.1652,0.1667
2008-05-19,0.1671,0.1676,0.1665,0.1665
2008-05-20,0.1666,0.1686,0.1666,0.168
2008-05-21,0.1679,0.1691,0.1679,0.1691
2008-05-22,0.1691,0.1691,0.1685,0.1685
2008-05-23,0.1683,0.1693,0.1683,0.1689
2008-05-26,0.169,0.1696,0.1688,0.1688
2008-05-27,0.1688,0.1694,0.1679,0.1679
2008-05-28,0.168,0.1688,0.1669,0.1669
2008-05-29,0.1669,0.1671,0.166,0.166
2008-05-30,0.1658,0.1663,0.1658,0.166
2008-06-02,0.166,0.1664,0.1652,0.1652
2008-06-03,0.1652,0.1667,0.1648,0.1648
2008-06-04,0.1649,0.1656,0.1648,0.1648
2008-06-05,0.1649,0.1669,0.1649,0.1668
2008-06-06,0.1667,0.1687,0.1667,0.1687
2008-06-09,0.1682,0.1691,0.167,0.167
2008-06-10,0.167,0.1672,0.1644,0.1644
2008-06-11,0.1645,0.1659,0.1645,0.1654
2008-06-12,0.1653,0.1655,0.1642,0.1642
2008-06-13,0.1642,0.1644,0.1637,0.1637
2008-06-16,0.1633,0.1655,0.1633,0.1652
2008-06-17,0.1652,0.1661,0.1649,0.1649
2008-06-18,0.1649,0.1653,0.1649,0.1649
2008-06-19,0.1649,0.1655,0.1646,0.1646
2008-06-20,0.1646,0.166,0.1646,0.1652
2008-06-23,0.1653,0.1657,0.1646,0.1646
2008-06-24,0.1646,0.1656,0.1646,0.1648
2008-06-25,0.1649,0.1662,0.1649,0.1661
2008-06-26,0.1661,0.1671,0.1661,0.1669
2008-06-27,0.1669,0.1675,0.1668,0.1668
2008-06-30,0.1668,0.1674,0.1658,0.1658
2008-07-01,0.1658,0.1669,0.1658,0.1668
2008-07-02,0.1667,0.1673,0.1667,0.167
2008-07-03,0.1671,0.1677,0.1662,0.1662
2008-07-04,0.1663,0.167,0.1663,0.1668
2008-07-07,0.1668,0.1671,0.1666,0.1666
2008-07-08,0.1666,0.1667,0.1659,0.1659
2008-07-09,0.1659,0.1664,0.1659,0.1659
2008-07-10,0.1659,0.1667,0.1659,0.1662
2008-07-11,0.1662,0.1679,0.1662,0.1677
2008-07-14,0.1677,0.1683,0.1671,0.1671
2008-07-15,0.1671,0.1684,0.1671,0.1674
2008-07-16,0.1674,0.1675,0.1658,0.1658
2008-07-17,0.1658,0.1673,0.1658,0.1672
2008-07-18,0.167,0.1675,0.167,0.1673
2008-07-21,0.1673,0.1682,0.1673,0.168
2008-07-22,0.168,0.1683,0.1665,0.1665
2008-07-23,0.1664,0.1667,0.1654,0.1654
2008-07-24,0.1654,0.1657,0.165,0.165
2008-07-25,0.1651,0.166,0.1651,0.1654
2008-07-28,0.1652,0.1663,0.1652,0.1658
2008-07-29,0.1657,0.1662,0.1642,0.1642
2008-07-30,0.1642,0.1649,0.1642,0.1645
2008-07-31,0.1645,0.1653,0.1645,0.1647
2008-08-01,0.1648,0.165,0.1638,0.1638
2008-08-04,0.1638,0.1649,0.1638,0.1642
2008-08-05,0.1642,0.1642,0.1631,0.1631
2008-08-06,0.163,0.1639,0.163,0.1631
2008-08-07,0.1632,0.1642,0.1627,0.1627
2008-08-08,0.1628,0.1629,0.1591,0.1591
2008-08-11,0.1592,0.1602,0.1581,0.1581
2008-08-12,0.1581,0.1587,0.1581,0.1583
2008-08-13,0.1584,0.1591,0.1584,0.1587
2008-08-14,0.1586,0.159,0.1575,0.1575
2008-08-15,0.1575,0.1576,0.1565,0.1565
2008-08-18,0.1565,0.1575,0.1563,0.1563
2008-08-19,0.1562,0.1568,0.1562,0.1567
2008-08-20,0.1567,0.1568,0.1566,0.1566
2008-08-21,0.1566,0.1589,0.1566,0.1587
2008-08-22,0.1587,0.1588,0.1576,0.1576
2008-08-25,0.1577,0.1578,0.1569,0.1569
2008-08-26,0.157,0.1571,0.1558,0.1558
2008-08-27,0.1557,0.1568,0.1557,0.1559
2008-08-28,0.156,0.157,0.1556,0.1556
2008-08-29,0.1554,0.156,0.1545,0.1545
2008-09-01,0.1545,0.1554,0.154,0.154
2008-09-02,0.1537,0.1538,0.1531,0.1531
2008-09-03,0.1531,0.1532,0.1523,0.1523
2008-09-04,0.1524,0.1529,0.1498,0.1498
2008-09-05,0.1499,0.1508,0.1499,0.1503
2008-09-08,0.1502,0.1523,0.1489,0.149
2008-09-09,0.1489,0.1495,0.1476,0.1476
2008-09-10,0.1478,0.1484,0.1465,0.1465
2008-09-11,0.1464,0.1469,0.1461,0.1464
2008-09-12,0.1464,0.149,0.1464,0.149
2008-09-15,0.1489,0.1515,0.1476,0.1476
2008-09-16,0.1477,0.1479,0.1459,0.1459
2008-09-17,0.1458,0.1491,0.1458,0.1482
2008-09-18,0.1482,0.1508,0.1482,0.149
2008-09-19,0.149,0.1512,0.1483,0.151
2008-09-22,0.151,0.1545,0.151,0.1534
2008-09-23,0.1535,0.1542,0.1517,0.1517
2008-09-24,0.152,0.1525,0.1505,0.1505
2008-09-25,0.1506,0.1523,0.1506,0.1511
2008-09-26,0.1511,0.1517,0.1501,0.1501
2008-09-29,0.1503,0.1507,0.1472,0.1472
2008-09-30,0.147,0.1473,0.1436,0.1443
2008-10-01,0.1443,0.1452,0.1434,0.1434
2008-10-02,0.1433,0.1435,0.1418,0.1418
2008-10-03,0.1416,0.1427,0.1413,0.1413
2008-10-06,0.1404,0.1408,0.1382,0.1382
2008-10-07,0.138,0.1421,0.138,0.1406
2008-10-08,0.1402,0.1416,0.1398,0.1402
2008-10-09,0.1402,0.1422,0.1397,0.1397
2008-10-10,0.14,0.141,0.1376,0.138
2008-10-13,0.139,0.1417,0.139,0.1398
2008-10-14,0.1396,0.1417,0.1385,0.1385
2008-10-15,0.1385,0.139,0.1324,0.1324
2008-10-16,0.1327,0.1352,0.1319,0.1345
2008-10-17,0.1344,0.1357,0.1333,0.1343
2008-10-20,0.135,0.137,0.1335,0.1335
2008-10-21,0.1337,0.1341,0.1285,0.1285
2008-10-22,0.1284,0.1286,0.1261,0.1268
2008-10-23,0.1267,0.1305,0.1264,0.1305
2008-10-24,0.1304,0.1304,0.1251,0.1256
2008-10-27,0.1263,0.1266,0.1228,0.1241
2008-10-28,0.1242,0.1285,0.1242,0.1285
2008-10-29,0.1281,0.1312,0.1281,0.1311
2008-10-30,0.1312,0.1348,0.1298,0.1307
2008-10-31,0.1306,0.1309,0.1285,0.1286
2008-11-03,0.1289,0.1308,0.128,0.128
2008-11-04,0.1281,0.1315,0.1279,0.1308
2008-11-05,0.1308,0.1313,0.1285,0.1285
2008-11-06,0.1279,0.1286,0.126,0.126
2008-11-07,0.1259,0.1279,0.1259,0.1262
2008-11-10,0.1257,0.1292,0.1257,0.1269
2008-11-11,0.1269,0.1278,0.1233,0.1233
2008-11-12,0.1233,0.1251,0.1231,0.1231
2008-11-13,0.1231,0.1276,0.1226,0.1272
2008-11-14,0.1273,0.1279,0.1252,0.1252
2008-11-17,0.125,0.1266,0.1242,0.1242
2008-11-18,0.1243,0.1247,0.1239,0.124
2008-11-19,0.124,0.1255,0.1215,0.1215
2008-11-20,0.1214,0.1224,0.1195,0.1195
2008-11-21,0.1195,0.1224,0.1179,0.1193
2008-11-24,0.119,0.1254,0.119,0.1253
2008-11-25,0.1253,0.1273,0.1242,0.1262
2008-11-26,0.1263,0.1263,0.1241,0.1241
2008-11-27,0.1243,0.1256,0.1243,0.1251
2008-11-28,0.1253,0.1255,0.123,0.1233
2008-12-01,0.1231,0.1235,0.1196,0.1196
2008-12-02,0.1197,0.1222,0.1194,0.1214
2008-12-03,0.1214,0.1217,0.1205,0.1214
2008-12-04,0.1218,0.122,0.1196,0.1207
2008-12-05,0.1207,0.1211,0.1179,0.1197
2008-12-08,0.1198,0.1241,0.1198,0.1239
2008-12-09,0.1239,0.124,0.1217,0.1217
2008-12-10,0.1217,0.1233,0.1217,0.1221
2008-12-11,0.1225,0.1259,0.1225,0.1254
2008-12-12,0.1255,0.126,0.124,0.1245
2008-12-15,0.1235,0.1257,0.1235,0.1242
2008-12-16,0.1242,0.1258,0.1232,0.1256
2008-12-17,0.1257,0.1311,0.1257,0.1307
2008-12-18,0.131,0.1326,0.1289,0.1289
2008-12-19,0.1294,0.1303,0.1272,0.128
2008-12-22,0.1281,0.1292,0.1261,0.1261
2008-12-23,0.1261,0.1275,0.1243,0.1243
2008-12-24,0.1244,0.1255,0.123,0.1252
2008-12-25,0.1253,0.1275,0.1252,0.1271
2008-12-26,0.1267,0.1267,0.1244,0.1249
2008-12-29,0.125,0.1302,0.125,0.1265
2008-12-30,0.1264,0.1296,0.1264,0.1285
2008-12-31,0.1286,0.1292,0.1271,0.1273
2009-01-01,0.1275,0.129,0.1275,0.1289
2009-01-02,0.1281,0.1293,0.1277,0.1293
2009-01-05,0.1295,0.13,0.1265,0.1267
2009-01-06,0.1268,0.1271,0.1257,0.127
2009-01-07,0.127,0.1288,0.127,0.1274
2009-01-08,0.1272,0.1283,0.1265,0.1282
2009-01-09,0.1281,0.1283,0.1256,0.1256
2009-01-12,0.1255,0.1261,0.1238,0.1238
2009-01-13,0.1239,0.1239,0.12,0.12
2009-01-14,0.1202,0.1223,0.1188,0.1188
2009-01-15,0.1186,0.1208,0.118,0.1205
2009-01-16,0.1206,0.1232,0.1206,0.1221
2009-01-19,0.1219,0.1239,0.1199,0.1199
2009-01-20,0.1199,0.1202,0.1181,0.1181
2009-01-21,0.1177,0.1222,0.1177,0.1219
2009-01-22,0.1219,0.123,0.1208,0.1208
2009-01-23,0.1208,0.1224,0.1193,0.1218
2009-01-26,0.1218,0.125,0.1215,0.1246
2009-01-27,0.1247,0.1272,0.1232,0.1232
2009-01-28,0.1233,0.1256,0.1233,0.124
2009-01-29,0.1241,0.1246,0.1218,0.1218
2009-01-30,0.1218,0.1218,0.1192,0.1192
2009-02-02,0.1192,0.1201,0.1191,0.1191
2009-02-03,0.1191,0.1214,0.1191,0.1212
2009-02-04,0.1214,0.1218,0.12,0.12
2009-02-05,0.12,0.1209,0.12,0.1202
2009-02-06,0.12,0.1234,0.12,0.123
2009-02-09,0.1231,0.1249,0.1228,0.1239
2009-02-10,0.1239,0.124,0.1207,0.1207
2009-02-11,0.1208,0.1211,0.1194,0.1194
2009-02-12,0.1195,0.1197,0.1181,0.1188
2009-02-13,0.1191,0.1197,0.1187,0.1187
2009-02-16,0.1186,0.1192,0.1165,0.1165
2009-02-17,0.1168,0.1168,0.1127,0.1127
2009-02-18,0.1125,0.1142,0.1125,0.1137
2009-02-19,0.1135,0.1165,0.1135,0.1142
2009-02-20,0.1143,0.1148,0.1132,0.1146
2009-02-23,0.114,0.116,0.1123,0.1123
2009-02-24,0.1122,0.1133,0.1117,0.113
2009-02-25,0.1131,0.1141,0.1111,0.1111
2009-02-26,0.1112,0.1127,0.1107,0.1107
2009-02-27,0.1108,0.1111,0.1104,0.1105
2009-03-02,0.1104,0.1106,0.1079,0.1079
2009-03-03,0.1078,0.1098,0.1076,0.1076
2009-03-04,0.1076,0.1104,0.1076,0.1104
2009-03-05,0.1105,0.1106,0.1069,0.1069
2009-03-06,0.1069,0.1091,0.1069,0.1084
2009-03-09,0.1082,0.1096,0.1081,0.1081
2009-03-10,0.1081,0.1125,0.1081,0.112
2009-03-11,0.1122,0.1141,0.1122,0.1138
2009-03-12,0.1139,0.1159,0.1132,0.1157
2009-03-13,0.1156,0.1167,0.1156,0.1156
2009-03-16,0.1165,0.1184,0.1155,0.1169
2009-03-17,0.1168,0.1181,0.1168,0.1181
2009-03-18,0.118,0.1239,0.118,0.1237
2009-03-19,0.1237,0.1256,0.1235,0.1252
2009-03-20,0.1248,0.1253,0.122,0.122
2009-03-23,0.1227,0.1251,0.1227,0.1249
2009-03-24,0.1249,0.1257,0.1225,0.1225
2009-03-25,0.1226,0.1247,0.1226,0.1235
2009-03-26,0.1235,0.1247,0.1235,0.1242
2009-03-27,0.1243,0.1257,0.1215,0.1215
2009-03-30,0.1214,0.1222,0.1196,0.1196
2009-03-31,0.1198,0.1214,0.1198,0.1207
2009-04-01,0.1206,0.1219,0.1206,0.1218
2009-04-02,0.1219,0.1246,0.1219,0.1245
2009-04-03,0.1244,0.1253,0.124,0.1252
2009-04-06,0.1252,0.1267,0.124,0.124
2009-04-07,0.1241,0.1241,0.1217,0.1217
2009-04-08,0.1218,0.1219,0.1205,0.1205
2009-04-09,0.1205,0.122,0.1204,0.1204
2009-04-10,0.1203,0.1209,0.1203,0.1207
2009-04-13,0.1207,0.1225,0.1207,0.1221
2009-04-14,0.1221,0.1225,0.1217,0.1217
2009-04-15,0.1219,0.1221,0.1206,0.1207
2009-04-16,0.1207,0.1212,0.1202,0.1202
2009-04-17,0.1201,0.1203,0.1179,0.1179
2009-04-20,0.1179,0.1184,0.1146,0.1146
2009-04-21,0.1146,0.1169,0.1146,0.1167
2009-04-22,0.1167,0.1187,0.1167,0.1182
2009-04-23,0.1183,0.1207,0.1183,0.1207
2009-04-24,0.1206,0.1234,0.1206,0.1227
2009-04-27,0.1231,0.1231,0.1216,0.1216
2009-04-28,0.1216,0.1223,0.1213,0.1222
2009-04-29,0.1221,0.1245,0.1221,0.1235
2009-04-30,0.1234,0.1252,0.1234,0.1235
2009-05-01,0.1234,0.1247,0.1234,0.1239
2009-05-04,0.124,0.1264,0.124,0.1263
2009-05-05,0.1264,0.1266,0.1249,0.1249
2009-05-06,0.125,0.1264,0.125,0.1256
2009-05-07,0.1258,0.1283,0.1258,0.1266
2009-05-08,0.1265,0.1304,0.1265,0.1301
2009-05-11,0.1303,0.1308,0.1273,0.1273
2009-05-12,0.1272,0.1287,0.1272,0.1278
2009-05-13,0.1278,0.129,0.1257,0.1257
2009-05-14,0.1257,0.1273,0.1257,0.1269
2009-05-15,0.1269,0.1278,0.1259,0.1259
2009-05-18,0.1259,0.1293,0.1259,0.1292
2009-05-19,0.1293,0.1304,0.1293,0.1298
2009-05-20,0.1298,0.1321,0.1298,0.131
2009-05-21,0.131,0.133,0.131,0.1326
2009-05-22,0.1328,0.1342,0.1328,0.1342
2009-05-25,0.1338,0.1341,0.1332,0.1332
2009-05-26,0.1332,0.1334,0.1316,0.132
2009-05-27,0.1321,0.1322,0.129,0.129
2009-05-28,0.1289,0.1298,0.1282,0.1297
2009-05-29,0.1298,0.1322,0.1298,0.1319
2009-06-01,0.1319,0.1354,0.1319,0.1345
2009-06-02,0.1346,0.1346,0.1329,0.1331
2009-06-03,0.133,0.1337,0.1292,0.1292
2009-06-04,0.1292,0.1314,0.1292,0.1306
2009-06-05,0.1303,0.1307,0.1277,0.1277
2009-06-08,0.1277,0.1282,0.1266,0.127
2009-06-09,0.1271,0.13,0.1271,0.1297
2009-06-10,0.1298,0.1313,0.1289,0.1289
2009-06-11,0.1289,0.1311,0.1289,0.1306
2009-06-12,0.1307,0.1314,0.1296,0.1296
2009-06-15,0.1297,0.1306,0.1267,0.1267
2009-06-16,0.1267,0.1278,0.1267,0.127
2009-06-17,0.127,0.1282,0.1263,0.1269
2009-06-18,0.127,0.1273,0.1261,0.1261
2009-06-19,0.1259,0.1269,0.1258,0.1258
2009-06-22,0.1259,0.1265,0.1245,0.1245
2009-06-23,0.1243,0.1266,0.1243,0.126
2009-06-24,0.1263,0.1275,0.1257,0.1257
2009-06-25,0.1257,0.1268,0.1256,0.1261
2009-06-26,0.1263,0.1285,0.1263,0.1271
2009-06-29,0.1271,0.1302,0.1271,0.1299
2009-06-30,0.1299,0.1304,0.1291,0.1291
2009-07-01,0.1294,0.132,0.1294,0.1314
2009-07-02,0.1315,0.1316,0.1276,0.1276
2009-07-03,0.1275,0.1285,0.1275,0.1275
2009-07-06,0.1277,0.1284,0.1272,0.1272
2009-07-07,0.1272,0.1281,0.1252,0.1252
2009-07-08,0.1254,0.1257,0.1248,0.1248
2009-07-09,0.1249,0.1275,0.1249,0.127
2009-07-10,0.1271,0.1273,0.1256,0.1256
2009-07-13,0.1254,0.1266,0.1254,0.1264
2009-07-14,0.1265,0.1273,0.1264,0.1264
2009-07-15,0.1266,0.1286,0.1266,0.1284
2009-07-16,0.1284,0.1284,0.1279,0.1279
2009-07-17,0.1279,0.128,0.127,0.127
2009-07-20,0.1274,0.129,0.1274,0.129
2009-07-21,0.1289,0.1309,0.1289,0.1308
2009-07-22,0.1307,0.1317,0.1307,0.1311
2009-07-23,0.1311,0.134,0.1311,0.1331
2009-07-24,0.1326,0.1342,0.1326,0.1334
2009-07-27,0.1331,0.1354,0.1331,0.1348
2009-07-28,0.1348,0.1359,0.1334,0.1334
2009-07-29,0.1334,0.1336,0.1328,0.1328
2009-07-30,0.1329,0.1347,0.1329,0.1344
2009-07-31,0.1343,0.1388,0.1343,0.1386
2009-08-03,0.1385,0.141,0.1385,0.1409
2009-08-04,0.141,0.1412,0.1399,0.1399
2009-08-05,0.1397,0.1401,0.1397,0.1398
2009-08-06,0.1397,0.1402,0.1392,0.1392
2009-08-07,0.1395,0.1398,0.1389,0.1389
2009-08-10,0.1392,0.1394,0.1374,0.1374
2009-08-11,0.1374,0.1382,0.1362,0.1362
2009-08-12,0.1362,0.1387,0.1362,0.1382
2009-08-13,0.1382,0.1399,0.1382,0.1392
2009-08-14,0.1392,0.14,0.1384,0.1384
2009-08-17,0.1384,0.1388,0.1365,0.1365
2009-08-18,0.1366,0.1381,0.1366,0.1376
2009-08-19,0.1376,0.1389,0.1376,0.1388
2009-08-20,0.1388,0.1396,0.1388,0.1393
2009-08-21,0.1394,0.1422,0.1394,0.1417
2009-08-24,0.1416,0.1423,0.1413,0.1413
2009-08-25,0.1413,0.1421,0.1411,0.1411
2009-08-26,0.1412,0.1421,0.1397,0.1397
2009-08-27,0.1398,0.1407,0.1398,0.14
2009-08-28,0.1402,0.1415,0.14,0.14
2009-08-31,0.1402,0.1407,0.14,0.14
2009-09-01,0.1399,0.141,0.1368,0.1368
2009-09-02,0.1369,0.1384,0.1369,0.1379
2009-09-03,0.1379,0.1389,0.1378,0.1378
2009-09-04,0.1378,0.1394,0.1378,0.1392
2009-09-07,0.1392,0.1404,0.1392,0.1399
2009-09-08,0.14,0.1422,0.14,0.1415
2009-09-09,0.1415,0.1426,0.1415,0.1423
2009-09-10,0.1424,0.1427,0.1419,0.1424
2009-09-11,0.1424,0.1433,0.1424,0.1424
2009-09-14,0.1425,0.143,0.1418,0.1429
2009-09-15,0.143,0.1436,0.1428,0.1435
2009-09-16,0.1436,0.1454,0.1436,0.1451
2009-09-17,0.1452,0.1459,0.1452,0.1452
2009-09-18,0.1451,0.1455,0.1449,0.1452
2009-09-21,0.1451,0.1453,0.1442,0.1442
2009-09-22,0.1442,0.1466,0.1442,0.1464
2009-09-23,0.1463,0.1469,0.1451,0.1451
2009-09-24,0.1451,0.1462,0.1438,0.1438
2009-09-25,0.144,0.1447,0.1433,0.1433
2009-09-28,0.1432,0.1442,0.1427,0.1427
2009-09-29,0.1428,0.1431,0.1421,0.1421
2009-09-30,0.1421,0.1434,0.1421,0.1431
2009-10-01,0.1432,0.1434,0.1415,0.1415
2009-10-02,0.1418,0.1425,0.1416,0.1416
2009-10-05,0.1415,0.1424,0.1415,0.1424
2009-10-06,0.1423,0.1444,0.1423,0.1438
2009-10-07,0.1437,0.1441,0.1423,0.1426
2009-10-08,0.1424,0.1436,0.1424,0.1432
2009-10-09,0.1432,0.1434,0.1426,0.1426
2009-10-12,0.1423,0.1433,0.1422,0.1429
2009-10-13,0.1429,0.1434,0.1429,0.1433
2009-10-14,0.1431,0.1445,0.1431,0.1444
2009-10-15,0.1445,0.145,0.1439,0.1439
2009-10-16,0.144,0.1441,0.1431,0.1433
2009-10-19,0.1432,0.1441,0.1432,0.1441
2009-10-20,0.1439,0.1443,0.1433,0.1433
2009-10-21,0.1435,0.1462,0.1435,0.1454
2009-10-22,0.1454,0.1468,0.1447,0.1467
2009-10-23,0.1469,0.1472,0.1469,0.1469
2009-10-26,0.1466,0.1474,0.1451,0.1451
2009-10-27,0.1452,0.1456,0.143,0.143
2009-10-28,0.1429,0.1434,0.1412,0.1412
2009-10-29,0.1411,0.1432,0.1411,0.143
2009-10-30,0.143,0.1432,0.1406,0.1406
2009-11-02,0.1408,0.1426,0.1408,0.1412
2009-11-03,0.1411,0.1417,0.1397,0.1402
2009-11-04,0.1401,0.1421,0.1401,0.1416
2009-11-05,0.1417,0.1429,0.1416,0.1425
2009-11-06,0.1427,0.1434,0.1424,0.1426
2009-11-09,0.1425,0.1458,0.1425,0.1455
2009-11-10,0.1456,0.146,0.1456,0.146
2009-11-11,0.1461,0.1467,0.1461,0.1461
2009-11-12,0.1463,0.1466,0.1445,0.1445
2009-11-13,0.1446,0.1461,0.1446,0.1457
2009-11-16,0.1457,0.1471,0.1457,0.1466
2009-11-17,0.1466,0.1468,0.145,0.145
2009-11-18,0.1451,0.1462,0.1451,0.1459
2009-11-19,0.1459,0.146,0.1447,0.1448
2009-11-20,0.1448,0.1448,0.1433,0.1437
2009-11-23,0.1438,0.1455,0.1438,0.1447
2009-11-24,0.1447,0.1449,0.1441,0.1441
2009-11-25,0.1442,0.1458,0.1442,0.1456
2009-11-26,0.1454,0.1458,0.143,0.1431
2009-11-27,0.143,0.1433,0.1416,0.1431
2009-11-30,0.143,0.144,0.1428,0.1428
2009-12-01,0.1429,0.1446,0.1429,0.1443
2009-12-02,0.1444,0.1459,0.1444,0.1449
2009-12-03,0.145,0.1469,0.1449,0.1449
2009-12-04,0.1448,0.1452,0.1424,0.1424
2009-12-07,0.1426,0.1435,0.1413,0.1413
2009-12-08,0.1414,0.1419,0.1396,0.1396
2009-12-09,0.1395,0.1406,0.1395,0.1404
2009-12-10,0.1404,0.1413,0.1404,0.1405
2009-12-11,0.1404,0.1411,0.1399,0.1399
2009-12-14,0.1399,0.1407,0.1399,0.1402
2009-12-15,0.1403,0.1404,0.1384,0.1384
2009-12-16,0.1384,0.1396,0.1384,0.1388
2009-12-17,0.1387,0.1389,0.1367,0.1367
2009-12-18,0.1368,0.1375,0.1368,0.1372
2009-12-21,0.1372,0.1379,0.1366,0.1366
2009-12-22,0.1363,0.1372,0.1362,0.1362
2009-12-23,0.1361,0.1372,0.1361,0.1371
2009-12-24,0.1371,0.1382,0.137,0.137
2009-12-25,0.1371,0.1377,0.1367,0.1367
2009-12-28,0.1372,0.1386,0.1372,0.1382
2009-12-29,0.1382,0.1394,0.1382,0.1384
2009-12-30,0.1383,0.1393,0.1383,0.1392
2009-12-31,0.1392,0.1402,0.1392,0.1394
2010-01-01,0.1394,0.1403,0.1393,0.1393
2010-01-04,0.1395,0.1419,0.1395,0.1412
2010-01-05,0.1413,0.142,0.1401,0.1401
2010-01-06,0.1403,0.1413,0.1399,0.1409
2010-01-07,0.1408,0.1411,0.1399,0.1399
2010-01-08,0.1399,0.1409,0.1399,0.1409
2010-01-11,0.1408,0.1421,0.1408,0.1418
2010-01-12,0.1417,0.1419,0.1412,0.1412
2010-01-13,0.1412,0.1425,0.1412,0.1419
2010-01-14,0.142,0.1424,0.142,0.1422
2010-01-15,0.1422,0.1423,0.1411,0.1411
2010-01-18,0.1413,0.142,0.1413,0.1418
2010-01-19,0.1418,0.1423,0.141,0.1412
2010-01-20,0.1412,0.1413,0.1384,0.1384
2010-01-21,0.1384,0.139,0.1375,0.1375
2010-01-22,0.1376,0.1388,0.1375,0.1375
2010-01-25,0.1377,0.1387,0.1377,0.1378
2010-01-26,0.1378,0.1381,0.1369,0.1369
2010-01-27,0.1368,0.1372,0.1365,0.1365
2010-01-28,0.1365,0.1372,0.1358,0.1358
2010-01-29,0.1357,0.1361,0.135,0.135
2010-02-01,0.135,0.1373,0.135,0.1372
2010-02-02,0.1373,0.1379,0.1373,0.1378
2010-02-03,0.1379,0.1387,0.1371,0.1371
2010-02-04,0.1372,0.1373,0.1339,0.1339
2010-02-05,0.1339,0.1342,0.1335,0.1338
2010-02-08,0.1339,0.1348,0.1339,0.1339
2010-02-09,0.1339,0.1365,0.1339,0.1362
2010-02-10,0.1362,0.1373,0.1362,0.1363
2010-02-11,0.1365,0.1378,0.1365,0.1378
2010-02-12,0.1378,0.1381,0.1367,0.1375
2010-02-15,0.1378,0.1378,0.1376,0.1376
2010-02-16,0.1375,0.1389,0.1375,0.1387
2010-02-17,0.1388,0.1395,0.1381,0.1381
2010-02-18,0.1381,0.1387,0.1379,0.1379
2010-02-19,0.1377,0.1382,0.1372,0.1381
2010-02-22,0.1381,0.1388,0.1381,0.1384
2010-02-23,0.1385,0.1397,0.1372,0.1372
2010-02-24,0.1372,0.1389,0.1372,0.1382
2010-02-25,0.1382,0.1388,0.1379,0.1386
2010-02-26,0.1387,0.1405,0.1387,0.14
2010-03-01,0.14,0.1407,0.1385,0.1388
2010-03-02,0.1388,0.1392,0.1386,0.139
2010-03-03,0.139,0.14,0.139,0.1395
2010-03-04,0.1395,0.1399,0.1391,0.1391
2010-03-05,0.1391,0.1402,0.1391,0.1402
2010-03-08,0.1402,0.1409,0.1402,0.1402
2010-03-09,0.1402,0.1403,0.1395,0.1395
2010-03-10,0.1395,0.1401,0.1395,0.1399
2010-03-11,0.1399,0.1404,0.1399,0.14
2010-03-12,0.14,0.1416,0.14,0.1414
2010-03-15,0.1414,0.1417,0.1402,0.1402
2010-03-16,0.1402,0.1412,0.1402,0.1411
2010-03-17,0.1411,0.1415,0.1409,0.1409
2010-03-18,0.1409,0.1409,0.1398,0.1398
2010-03-19,0.1398,0.1402,0.1389,0.1389
2010-03-22,0.1391,0.1394,0.1385,0.1387
2010-03-23,0.1387,0.1392,0.1384,0.1384
2010-03-24,0.1384,0.1385,0.137,0.137
2010-03-25,0.137,0.1384,0.137,0.137
2010-03-26,0.137,0.1379,0.137,0.1372
2010-03-29,0.1377,0.1388,0.1376,0.1376
2010-03-30,0.1376,0.1383,0.137,0.137
2010-03-31,0.137,0.1387,0.137,0.1381
2010-04-01,0.1381,0.1394,0.1381,0.1393
2010-04-02,0.1393,0.1393,0.1387,0.1387
2010-04-05,0.1387,0.1393,0.1387,0.1387
2010-04-06,0.1387,0.139,0.1384,0.1384
2010-04-07,0.1384,0.1385,0.1373,0.1373
2010-04-08,0.1373,0.1379,0.1373,0.1378
2010-04-09,0.1378,0.1384,0.1378,0.1384
2010-04-12,0.1384,0.1402,0.1384,0.1387
2010-04-13,0.1387,0.1396,0.1387,0.1396
2010-04-14,0.1396,0.1401,0.1396,0.1399
2010-04-15,0.1399,0.1401,0.1396,0.1396
2010-04-16,0.1396,0.1397,0.1394,0.1396
2010-04-19,0.1389,0.1392,0.1386,0.1389
2010-04-20,0.1389,0.1398,0.1389,0.1394
2010-04-21,0.1394,0.1396,0.1387,0.1387
2010-04-22,0.1387,0.139,0.1376,0.1376
2010-04-23,0.1376,0.1393,0.1376,0.1389
2010-04-26,0.1391,0.1397,0.1391,0.1394
2010-04-27,0.1394,0.1396,0.1367,0.1367
2010-04-28,0.1367,0.1374,0.1365,0.1368
2010-04-29,0.1368,0.1376,0.1368,0.1375
2010-04-30,0.1375,0.1384,0.1374,0.1374
2010-05-03,0.1375,0.1383,0.137,0.137
2010-05-04,0.137,0.1373,0.1345,0.1345
2010-05-05,0.1345,0.1347,0.1313,0.1313
2010-05-06,0.1313,0.1318,0.1277,0.1282
2010-05-07,0.1282,0.1306,0.1282,0.1302
2010-05-10,0.1303,0.1348,0.1303,0.1323
2010-05-11,0.1323,0.1327,0.1307,0.1307
2010-05-12,0.1307,0.1325,0.1307,0.132
2010-05-13,0.132,0.1325,0.1305,0.1305
2010-05-14,0.1305,0.1311,0.1285,0.1285
2010-05-17,0.1287,0.1292,0.1281,0.1292
2010-05-18,0.1292,0.13,0.1268,0.1268
2010-05-19,0.1268,0.1281,0.1268,0.128
2010-05-20,0.128,0.1281,0.125,0.125
2010-05-21,0.125,0.1281,0.125,0.1275
2010-05-24,0.1276,0.1277,0.1264,0.1264
2010-05-25,0.1263,0.1263,0.1242,0.1258
2010-05-26,0.1258,0.1268,0.1238,0.1238
2010-05-27,0.1238,0.1272,0.1238,0.1266
2010-05-28,0.1266,0.1283,0.1266,0.1269
2010-05-31,0.1269,0.1279,0.1269,0.1275
2010-06-01,0.1275,0.1281,0.1262,0.127
2010-06-02,0.127,0.128,0.127,0.1278
2010-06-03,0.1278,0.129,0.1267,0.1267
2010-06-04,0.1267,0.128,0.1242,0.1242
2010-06-07,0.1239,0.1245,0.1226,0.1226
2010-06-08,0.1226,0.1239,0.1226,0.1238
2010-06-09,0.1238,0.1254,0.1238,0.1239
2010-06-10,0.1239,0.1264,0.1239,0.1261
2010-06-11,0.1261,0.1266,0.1259,0.1259
2010-06-14,0.1262,0.1279,0.1262,0.1263
2010-06-15,0.1263,0.1287,0.1263,0.1285
2010-06-16,0.1285,0.1287,0.1279,0.1279
2010-06-17,0.1279,0.129,0.1278,0.129
2010-06-18,0.129,0.1294,0.1288,0.1288
2010-06-21,0.1297,0.1307,0.1287,0.1287
2010-06-22,0.1287,0.129,0.1278,0.1278
2010-06-23,0.1278,0.1288,0.1278,0.1283
2010-06-24,0.1283,0.1291,0.1282,0.1282
2010-06-25,0.1282,0.1294,0.1282,0.129
2010-06-28,0.129,0.1293,0.1287,0.1287
2010-06-29,0.1287,0.1287,0.1276,0.1276
2010-06-30,0.1276,0.1289,0.1276,0.128
2010-07-01,0.128,0.13,0.128,0.1298
2010-07-02,0.1298,0.1316,0.1298,0.1307
2010-07-05,0.1307,0.1312,0.1296,0.1296
2010-07-06,0.1296,0.1315,0.1296,0.1312
2010-07-07,0.1312,0.1318,0.1309,0.1315
2010-07-08,0.1315,0.1327,0.1315,0.1326
2010-07-09,0.1326,0.1334,0.1326,0.133
2010-07-12,0.133,0.1333,0.1328,0.1328
2010-07-13,0.1328,0.1347,0.1328,0.1347
2010-07-14,0.1347,0.1355,0.1347,0.1353
2010-07-15,0.1353,0.1372,0.1353,0.137
2010-07-16,0.137,0.137,0.1358,0.1358
2010-07-19,0.1359,0.1361,0.1354,0.1354
2010-07-20,0.1354,0.1364,0.1353,0.1354
2010-07-21,0.1354,0.1359,0.1344,0.1344
2010-07-22,0.1344,0.1364,0.1344,0.1361
2010-07-23,0.1361,0.137,0.136,0.1363
2010-07-26,0.1364,0.1369,0.1364,0.1366
2010-07-27,0.1366,0.1374,0.1365,0.1365
2010-07-28,0.1365,0.137,0.1365,0.1367
2010-07-29,0.1367,0.1383,0.1367,0.1381
2010-07-30,0.1381,0.1384,0.1379,0.1382
2010-08-02,0.1382,0.1406,0.1382,0.1405
2010-08-03,0.1405,0.1412,0.1405,0.1407
2010-08-04,0.1407,0.1408,0.1395,0.1395
2010-08-05,0.1395,0.1404,0.1395,0.1398
2010-08-06,0.1398,0.1414,0.1398,0.1407
2010-08-09,0.1408,0.1413,0.1402,0.1402
2010-08-10,0.1402,0.1403,0.139,0.139
2010-08-11,0.139,0.1392,0.1349,0.1349
2010-08-12,0.1349,0.1361,0.1348,0.1348
2010-08-13,0.1348,0.1357,0.1345,0.1348
2010-08-16,0.1339,0.1355,0.1339,0.1351
2010-08-17,0.1351,0.1366,0.1351,0.1361
2010-08-18,0.1361,0.1364,0.1359,0.1359
2010-08-19,0.1359,0.1359,0.135,0.135
2010-08-20,0.135,0.1351,0.1343,0.1343
2010-08-23,0.1342,0.1351,0.1342,0.1343
2010-08-24,0.1343,0.1346,0.1333,0.1333
2010-08-25,0.1333,0.1341,0.1333,0.1339
2010-08-26,0.1339,0.1351,0.1339,0.1344
2010-08-27,0.1344,0.1359,0.1344,0.1359
2010-08-30,0.1361,0.1361,0.1345,0.1345
2010-08-31,0.1345,0.1353,0.1345,0.135
2010-09-01,0.135,0.1372,0.135,0.1367
2010-09-02,0.1367,0.1376,0.1367,0.1375
2010-09-03,0.1375,0.138,0.1375,0.1379
2010-09-06,0.1379,0.1387,0.1379,0.138
2010-09-07,0.138,0.138,0.1358,0.1358
2010-09-08,0.1358,0.1374,0.1358,0.137
2010-09-09,0.137,0.1377,0.1369,0.1369
2010-09-10,0.1369,0.1379,0.1369,0.1373
2010-09-13,0.1372,0.1397,0.1372,0.1395
2010-09-14,0.1395,0.1415,0.1395,0.1408
2010-09-15,0.1408,0.1412,0.1407,0.1407
2010-09-16,0.1407,0.1419,0.1407,0.1414
2010-09-17,0.1414,0.1422,0.141,0.141
2010-09-20,0.1408,0.1428,0.1408,0.1422
2010-09-21,0.1422,0.145,0.1422,0.1448
2010-09-22,0.1448,0.1466,0.1448,0.1453
2010-09-23,0.1453,0.1456,0.1444,0.1444
2010-09-24,0.1444,0.1466,0.1444,0.1463
2010-09-27,0.1465,0.1468,0.1454,0.1454
2010-09-28,0.1454,0.1476,0.1449,0.1474
2010-09-29,0.1474,0.1487,0.1474,0.1483
2010-09-30,0.1483,0.149,0.1478,0.1478
2010-10-01,0.1478,0.1493,0.1478,0.1485
2010-10-04,0.1488,0.1489,0.1473,0.1473
2010-10-05,0.1473,0.1492,0.1473,0.1487
2010-10-06,0.1487,0.1499,0.1484,0.1484
2010-10-07,0.1484,0.1505,0.1484,0.1497
2010-10-08,0.1497,0.1502,0.1492,0.1502
2010-10-11,0.1504,0.1508,0.1494,0.1494
2010-10-12,0.1494,0.1499,0.1491,0.1498
2010-10-13,0.1498,0.1508,0.1498,0.1503
2010-10-14,0.1503,0.1527,0.1503,0.152
2010-10-15,0.152,0.1527,0.1505,0.1505
2010-10-18,0.1507,0.151,0.1493,0.1496
2010-10-19,0.1496,0.1503,0.1466,0.1466
2010-10-20,0.1466,0.1502,0.1466,0.1501
2010-10-21,0.1501,0.1511,0.1492,0.1492
2010-10-22,0.1492,0.1507,0.1492,0.1505
2010-10-25,0.1509,0.1524,0.1509,0.1513
2010-10-26,0.1513,0.1521,0.1481,0.1481
2010-10-27,0.1481,0.1486,0.147,0.147
2010-10-28,0.147,0.1488,0.147,0.148
2010-10-29,0.148,0.1495,0.1477,0.1494
2010-11-01,0.1498,0.1506,0.149,0.149
2010-11-02,0.149,0.1507,0.149,0.1502
2010-11-03,0.1502,0.1517,0.15,0.1516
2010-11-04,0.1516,0.1537,0.1516,0.153
2010-11-05,0.153,0.1533,0.1507,0.1507
2010-11-08,0.151,0.1514,0.1488,0.1488
2010-11-09,0.1488,0.1498,0.1475,0.1475
2010-11-10,0.1475,0.1483,0.1475,0.148
2010-11-11,0.148,0.1485,0.1458,0.1458
2010-11-12,0.1458,0.147,0.1451,0.1451
2010-11-15,0.1451,0.1462,0.1448,0.1448
2010-11-16,0.1448,0.1455,0.1433,0.1433
2010-11-17,0.1433,0.1441,0.1433,0.1439
2010-11-18,0.1439,0.1456,0.1439,0.1451
2010-11-19,0.1451,0.1462,0.1451,0.1453
2010-11-22,0.1453,0.1467,0.1448,0.1448
2010-11-23,0.1448,0.145,0.1428,0.1428
2010-11-24,0.1428,0.144,0.1428,0.1434
2010-11-25,0.1434,0.1439,0.1434,0.1434
2010-11-26,0.1434,0.1435,0.1423,0.1425
2010-11-29,0.1425,0.1437,0.1421,0.1427
2010-11-30,0.1427,0.143,0.1418,0.1418
2010-12-01,0.1418,0.1434,0.1418,0.143
2010-12-02,0.143,0.1445,0.143,0.1442
2010-12-03,0.1442,0.1469,0.1442,0.1467
2010-12-06,0.1467,0.1468,0.1456,0.1456
2010-12-07,0.1456,0.1467,0.1445,0.1445
2010-12-08,0.1445,0.1452,0.1444,0.1449
2010-12-09,0.1449,0.1456,0.1445,0.1445
2010-12-10,0.1445,0.1452,0.1443,0.1443
2010-12-13,0.1443,0.1463,0.1443,0.1459
2010-12-14,0.1459,0.1472,0.1459,0.1465
2010-12-15,0.1465,0.1468,0.1456,0.1456
2010-12-16,0.1456,0.1465,0.1456,0.1465
2010-12-17,0.1465,0.1475,0.1456,0.1456
2010-12-20,0.1456,0.1461,0.1455,0.1455
2010-12-21,0.1455,0.1465,0.1455,0.1456
2010-12-22,0.1456,0.1467,0.1453,0.1453
2010-12-23,0.1453,0.1459,0.1453,0.1454
2010-12-24,0.1454,0.146,0.1454,0.1456
2010-12-27,0.1456,0.1463,0.1456,0.1463
2010-12-28,0.1463,0.1474,0.145,0.145
2010-12-29,0.145,0.1466,0.145,0.1463
2010-12-30,0.1463,0.1478,0.1463,0.1477
2010-12-31,0.1477,0.1488,0.1477,0.1485
2011-01-03,0.1485,0.1491,0.1485,0.1488
2011-01-04,0.1488,0.1496,0.1483,0.1483
2011-01-05,0.1483,0.1485,0.1474,0.1474
2011-01-06,0.1474,0.1477,0.1453,0.1453
2011-01-07,0.1453,0.1455,0.1437,0.1437
2011-01-10,0.1437,0.145,0.1437,0.1449
2011-01-11,0.1449,0.1458,0.1449,0.1454
2011-01-12,0.1454,0.148,0.1454,0.1476
2011-01-13,0.1476,0.1493,0.1476,0.1486
2011-01-14,0.1486,0.1498,0.1486,0.1497
2011-01-17,0.1497,0.1499,0.1484,0.1484
2011-01-18,0.1484,0.1503,0.1484,0.1499
2011-01-19,0.1499,0.151,0.1499,0.1506
2011-01-20,0.1505,0.1508,0.1497,0.1497
2011-01-21,0.1497,0.1515,0.1497,0.1514
2011-01-24,0.1514,0.1521,0.1514,0.1515
2011-01-25,0.1515,0.153,0.1515,0.1528
2011-01-26,0.1528,0.1543,0.1528,0.1543
2011-01-27,0.1543,0.1552,0.1543,0.1549
2011-01-28,0.1549,0.155,0.1527,0.1527
2011-01-31,0.1527,0.1552,0.1527,0.1546
2011-02-01,0.1546,0.1566,0.1546,0.1565
2011-02-02,0.1565,0.1568,0.1553,0.1553
2011-02-03,0.1553,0.1554,0.1539,0.1539
2011-02-04,0.1539,0.1546,0.1538,0.1538
2011-02-07,0.1538,0.1545,0.1538,0.1543
2011-02-08,0.1543,0.1558,0.1543,0.1549
2011-02-09,0.1549,0.1553,0.1549,0.1549
2011-02-10,0.1549,0.1551,0.1543,0.1543
2011-02-11,0.1543,0.1544,0.1535,0.1538
2011-02-14,0.1538,0.1542,0.1537,0.1538
2011-02-15,0.1538,0.1546,0.1538,0.1538
2011-02-16,0.1538,0.1556,0.1538,0.1553
2011-02-17,0.1553,0.1558,0.1553,0.1557
2011-02-18,0.1557,0.1562,0.1557,0.1562
2011-02-21,0.1562,0.1564,0.1559,0.1562
2011-02-22,0.1551,0.1558,0.1538,0.1546
2011-02-23,0.1546,0.1563,0.1546,0.1559
2011-02-24,0.1559,0.1566,0.1558,0.1561
2011-02-25,0.1561,0.1567,0.1552,0.1552
2011-02-28,0.1552,0.1584,0.1552,0.1576
2011-03-01,0.1576,0.1585,0.1573,0.1573
2011-03-02,0.1573,0.1583,0.1573,0.1579
2011-03-03,0.1579,0.1585,0.1578,0.1578
2011-03-04,0.1578,0.1584,0.1572,0.1572
2011-03-07,0.1572,0.1577,0.1568,0.1568
2011-03-08,0.1568,0.1572,0.1567,0.1567
2011-03-09,0.1567,0.158,0.1567,0.1577
2011-03-10,0.1577,0.1578,0.1557,0.1557
2011-03-11,0.1557,0.1575,0.1557,0.1575
2011-03-14,0.1575,0.1582,0.1572,0.1572
2011-03-15,0.1572,0.1574,0.1549,0.1556
2011-03-16,0.1556,0.1559,0.1541,0.1543
2011-03-17,0.1543,0.1557,0.1543,0.1554
2011-03-18,0.1554,0.159,0.1554,0.1589
2011-03-21,0.159,0.1595,0.159,0.159
2011-03-22,0.159,0.1595,0.1581,0.1581
2011-03-23,0.1581,0.1585,0.1572,0.1572
2011-03-24,0.1572,0.1584,0.1572,0.1577
2011-03-25,0.1577,0.1581,0.1563,0.1563
2011-03-28,0.1562,0.1567,0.156,0.156
2011-03-29,0.156,0.1574,0.156,0.1574
2011-03-30,0.1574,0.1578,0.1574,0.1577
2011-03-31,0.1577,0.159,0.1577,0.1578
2011-04-01,0.1578,0.1588,0.1574,0.1583
2011-04-04,0.1584,0.159,0.1576,0.1576
2011-04-05,0.1576,0.1577,0.1573,0.1577
2011-04-06,0.1577,0.1588,0.1577,0.1582
2011-04-07,0.1583,0.1583,0.1578,0.1578
2011-04-08,0.1578,0.1608,0.1578,0.1607
2011-04-11,0.1613,0.1613,0.159,0.159
2011-04-12,0.159,0.1595,0.1583,0.1583
2011-04-13,0.1583,0.1603,0.1583,0.1593
2011-04-14,0.1593,0.1607,0.1593,0.1604
2011-04-15,0.1604,0.1613,0.1604,0.1611
2011-04-18,0.1613,0.1615,0.1581,0.1581
2011-04-19,0.1581,0.1603,0.1581,0.1603
2011-04-20,0.1602,0.1631,0.1602,0.1626
2011-04-21,0.1626,0.1642,0.1626,0.1633
2011-04-22,0.1633,0.1637,0.1633,0.1633
2011-04-25,0.1636,0.1645,0.1633,0.1633
2011-04-26,0.1634,0.164,0.1632,0.1632
2011-04-27,0.1632,0.1652,0.1632,0.1649
2011-04-28,0.1649,0.1659,0.1649,0.1659
2011-04-29,0.1659,0.1666,0.1651,0.1651
2011-05-02,0.165,0.1667,0.165,0.1656
2011-05-03,0.1656,0.166,0.1647,0.1647
2011-05-04,0.1647,0.1653,0.1635,0.1635
2011-05-05,0.1635,0.1647,0.16,0.16
2011-05-06,0.16,0.1614,0.1581,0.1581
2011-05-09,0.1584,0.1602,0.1584,0.1593
2011-05-10,0.1593,0.1604,0.1593,0.1603
2011-05-11,0.1603,0.1607,0.1576,0.1576
2011-05-12,0.1576,0.1586,0.1576,0.1582
2011-05-13,0.1582,0.1591,0.156,0.156
2011-05-16,0.1559,0.1579,0.1559,0.1568
2011-05-17,0.1568,0.1577,0.1568,0.1576
2011-05-18,0.1576,0.1586,0.1576,0.1583
2011-05-19,0.1583,0.1595,0.1583,0.1595
2011-05-20,0.1595,0.1601,0.1581,0.1581
2011-05-23,0.1581,0.1583,0.1566,0.1566
2011-05-24,0.1566,0.1578,0.1566,0.1572
2011-05-25,0.1572,0.1581,0.1572,0.1574
2011-05-26,0.1574,0.159,0.1574,0.1583
2011-05-27,0.1583,0.1604,0.1583,0.1602
2011-05-30,0.1604,0.1607,0.1602,0.1602
2011-05-31,0.1602,0.1618,0.1602,0.1616
2011-06-01,0.1616,0.1622,0.1592,0.1592
2011-06-02,0.1592,0.1612,0.1592,0.1609
2011-06-03,0.1609,0.1628,0.1606,0.1626
2011-06-06,0.1628,0.1633,0.1611,0.1611
2011-06-07,0.1611,0.1624,0.1611,0.1623
2011-06-08,0.1623,0.1625,0.161,0.161
2011-06-09,0.161,0.1618,0.1599,0.1599
2011-06-10,0.1599,0.1602,0.1575,0.1575
2011-06-13,0.1581,0.1581,0.1575,0.1576
2011-06-14,0.1576,0.1586,0.1573,0.1573
2011-06-15,0.1573,0.1575,0.1538,0.1538
2011-06-16,0.1538,0.1546,0.1534,0.1546
2011-06-17,0.1546,0.1559,0.1539,0.1553
2011-06-20,0.1556,0.1559,0.1549,0.1555
2011-06-21,0.1555,0.1571,0.1555,0.1566
2011-06-22,0.1566,0.1574,0.1563,0.1563
2011-06-23,0.1563,0.1564,0.1536,0.1545
2011-06-24,0.1545,0.1555,0.1533,0.1533
2011-06-27,0.1537,0.1549,0.1533,0.1548
2011-06-28,0.1548,0.1553,0.1544,0.1547
2011-06-29,0.1547,0.1573,0.1547,0.1571
2011-06-30,0.1571,0.1583,0.1571,0.1575
2011-07-01,0.1575,0.1593,0.1575,0.1592
2011-07-04,0.159,0.1599,0.159,0.1593
2011-07-05,0.1593,0.1594,0.1585,0.1585
2011-07-06,0.1585,0.1592,0.1568,0.1568
2011-07-07,0.1568,0.158,0.1568,0.1577
2011-07-08,0.1577,0.1579,0.1562,0.1562
2011-07-11,0.1561,0.1565,0.1521,0.1521
2011-07-12,0.1521,0.1525,0.15,0.1515
2011-07-13,0.1515,0.1544,0.1515,0.1537
2011-07-14,0.1537,0.1552,0.1532,0.1532
2011-07-15,0.1533,0.1538,0.1531,0.1535
2011-07-18,0.1536,0.1537,0.1518,0.1519
2011-07-19,0.1519,0.1539,0.1519,0.1533
2011-07-20,0.1533,0.155,0.1533,0.1549
2011-07-21,0.1549,0.1584,0.1549,0.1581
2011-07-22,0.1581,0.1589,0.1573,0.1574
2011-07-25,0.1573,0.158,0.1573,0.1573
2011-07-26,0.1573,0.1598,0.1573,0.1597
2011-07-27,0.1597,0.1599,0.1571,0.1571
2011-07-28,0.1571,0.1584,0.1571,0.1575
2011-07-29,0.1575,0.1589,0.1571,0.1588
2011-08-01,0.1586,0.1599,0.1575,0.1579
2011-08-02,0.1579,0.1582,0.1556,0.1556
2011-08-03,0.1556,0.1576,0.1556,0.1574
2011-08-04,0.1574,0.1577,0.1521,0.1521
2011-08-05,0.1521,0.1548,0.1521,0.1541
2011-08-08,0.1547,0.1557,0.1533,0.1534
2011-08-09,0.1534,0.155,0.1526,0.155
2011-08-10,0.155,0.1558,0.1513,0.1513
2011-08-11,0.1513,0.1541,0.1513,0.1538
2011-08-12,0.1538,0.1543,0.1529,0.1531
2011-08-15,0.1534,0.1562,0.1534,0.1557
2011-08-16,0.1557,0.1564,0.1554,0.1559
2011-08-17,0.1559,0.1584,0.1559,0.1574
2011-08-18,0.1574,0.1576,0.1546,0.1546
2011-08-19,0.1546,0.157,0.1546,0.156
2011-08-22,0.156,0.1577,0.156,0.1565
2011-08-23,0.1565,0.1589,0.1565,0.1578
2011-08-24,0.1578,0.1584,0.1575,0.1575
2011-08-25,0.1575,0.1584,0.1574,0.1575
2011-08-26,0.1575,0.1587,0.1575,0.1584
2011-08-29,0.1587,0.1593,0.1584,0.1584
2011-08-30,0.1584,0.1588,0.1568,0.1568
2011-08-31,0.1568,0.1581,0.1568,0.1574
2011-09-01,0.1574,0.1574,0.1555,0.1555
2011-09-02,0.1555,0.1561,0.1555,0.1561
2011-09-05,0.156,0.1565,0.1542,0.1542
2011-09-06,0.1542,0.1559,0.1542,0.1543
2011-09-07,0.1543,0.1571,0.1543,0.1566
2011-09-08,0.1566,0.1569,0.1551,0.1551
2011-09-09,0.1551,0.1557,0.1523,0.1523
2011-09-12,0.1524,0.1527,0.1482,0.1489
2011-09-13,0.1489,0.1502,0.1483,0.1495
2011-09-14,0.1495,0.1498,0.1483,0.1487
2011-09-15,0.1487,0.1516,0.1487,0.1515
2011-09-16,0.1515,0.1518,0.1507,0.1507
2011-09-19,0.1502,0.151,0.1485,0.1493
2011-09-20,0.1493,0.1509,0.149,0.1508
2011-09-21,0.1508,0.151,0.1473,0.1473
2011-09-22,0.1473,0.1474,0.1445,0.1445
2011-09-23,0.1445,0.1461,0.1435,0.1435
2011-09-26,0.1446,0.1467,0.1436,0.1463
2011-09-27,0.1463,0.1487,0.1463,0.1473
2011-09-28,0.1473,0.149,0.1462,0.1462
2011-09-29,0.1462,0.1481,0.1462,0.1463
2011-09-30,0.1463,0.1465,0.1451,0.1451
2011-10-03,0.1452,0.1458,0.1437,0.1437
2011-10-04,0.1437,0.1459,0.1437,0.1457
2011-10-05,0.1457,0.1463,0.1452,0.1455
2011-10-06,0.1455,0.1466,0.1445,0.1462
2011-10-07,0.1462,0.1478,0.1462,0.1464
2011-10-10,0.1465,0.1504,0.1465,0.1496
2011-10-11,0.1496,0.15,0.1491,0.1493
2011-10-12,0.1493,0.1513,0.1493,0.1504
2011-10-13,0.1504,0.1513,0.1499,0.1501
2011-10-14,0.1501,0.1518,0.1501,0.1512
2011-10-17,0.1512,0.1519,0.1495,0.1495
2011-10-18,0.1495,0.151,0.1493,0.1501
2011-10-19,0.1501,0.1517,0.1501,0.1503
2011-10-20,0.1503,0.1515,0.1502,0.1505
2011-10-21,0.1505,0.1523,0.1505,0.152
2011-10-24,0.1521,0.1527,0.1521,0.1523
2011-10-25,0.1523,0.1526,0.1519,0.1519
2011-10-26,0.1519,0.1531,0.1519,0.1527
2011-10-27,0.1527,0.1579,0.1527,0.1574
2011-10-28,0.1574,0.1574,0.1561,0.1561
2011-10-31,0.1566,0.1569,0.1532,0.1532
2011-11-01,0.1532,0.1534,0.1507,0.1507
2011-11-02,0.1507,0.1519,0.1507,0.1507
2011-11-03,0.1507,0.1523,0.1505,0.1516
2011-11-04,0.1516,0.1519,0.1512,0.1516
2011-11-07,0.1515,0.1522,0.1511,0.1519
2011-11-08,0.1519,0.1528,0.1519,0.1527
2011-11-09,0.1527,0.1527,0.149,0.149
2011-11-10,0.149,0.1501,0.149,0.1491
2011-11-11,0.1491,0.1512,0.1491,0.1508
2011-11-14,0.1509,0.1517,0.1491,0.1491
2011-11-15,0.1491,0.1491,0.1479,0.1479
2011-11-16,0.1479,0.1481,0.1463,0.1463
2011-11-17,0.1463,0.1472,0.1463,0.1463
2011-11-18,0.1463,0.1481,0.1463,0.1469
2011-11-21,0.1469,0.1474,0.1462,0.1462
2011-11-22,0.1462,0.147,0.146,0.146
2011-11-23,0.146,0.1466,0.144,0.144
2011-11-24,0.144,0.145,0.1437,0.1437
2011-11-25,0.1437,0.1438,0.1422,0.1422
2011-11-28,0.1422,0.1445,0.1422,0.143
2011-11-29,0.143,0.1452,0.143,0.1446
2011-11-30,0.1446,0.1479,0.1446,0.1474
2011-12-01,0.1474,0.1479,0.1472,0.1472
2011-12-02,0.1472,0.1486,0.1472,0.1475
2011-12-05,0.1475,0.1487,0.1474,0.1474
2011-12-06,0.1474,0.148,0.1474,0.1479
2011-12-07,0.1479,0.1489,0.1479,0.1484
2011-12-08,0.1485,0.1487,0.1467,0.1467
2011-12-09,0.1467,0.1482,0.1467,0.1482
2011-12-12,0.1482,0.1482,0.145,0.145
2011-12-13,0.145,0.1457,0.1428,0.1428
2011-12-14,0.1428,0.1431,0.1424,0.1424
2011-12-15,0.1424,0.1434,0.1424,0.1428
2011-12-16,0.1428,0.1445,0.1428,0.1439
2011-12-19,0.1443,0.1449,0.1438,0.1438
2011-12-20,0.1439,0.1461,0.1439,0.1452
2011-12-21,0.1451,0.1467,0.1446,0.1446
2011-12-22,0.1445,0.1456,0.1445,0.145
2011-12-23,0.1451,0.1456,0.1448,0.1448
2011-12-26,0.1448,0.1455,0.1448,0.1448
2011-12-27,0.1448,0.1459,0.1448,0.1456
2011-12-28,0.1454,0.1458,0.1442,0.1442
2011-12-29,0.1442,0.1446,0.1442,0.1446
2011-12-30,0.1445,0.1455,0.1445,0.1449
2012-01-02,0.1452,0.1452,0.1444,0.1444
2012-01-03,0.1444,0.1465,0.1444,0.146
2012-01-04,0.1461,0.1464,0.1455,0.1457
2012-01-05,0.1458,0.146,0.1437,0.1437
2012-01-06,0.1437,0.1444,0.1435,0.1435
2012-01-09,0.1435,0.1445,0.1435,0.1445
2012-01-10,0.1445,0.145,0.1445,0.1445
2012-01-11,0.1445,0.1447,0.1436,0.1436
2012-01-12,0.1436,0.1443,0.1436,0.1438
2012-01-13,0.1439,0.1444,0.1425,0.1425
2012-01-16,0.1425,0.143,0.1425,0.1427
2012-01-17,0.1427,0.1444,0.1427,0.1438
2012-01-18,0.1438,0.1457,0.1438,0.1456
2012-01-19,0.1456,0.1476,0.1456,0.1476
2012-01-20,0.1476,0.1479,0.147,0.147
2012-01-23,0.1469,0.1482,0.1469,0.1478
2012-01-24,0.1477,0.148,0.1475,0.1475
2012-01-25,0.1476,0.1479,0.1467,0.1478
2012-01-26,0.1478,0.1483,0.1469,0.1469
2012-01-27,0.1469,0.1479,0.1469,0.1478
2012-01-30,0.1478,0.1481,0.1475,0.1478
2012-01-31,0.1478,0.1483,0.1465,0.1465
2012-02-01,0.1466,0.1485,0.1466,0.1481
2012-02-02,0.148,0.1486,0.1478,0.1478
2012-02-03,0.1479,0.1493,0.1479,0.1492
2012-02-06,0.1492,0.1493,0.1483,0.1483
2012-02-07,0.1483,0.1498,0.1483,0.1496
2012-02-08,0.1496,0.1504,0.1496,0.1501
2012-02-09,0.15,0.1506,0.15,0.1504
2012-02-10,0.1503,0.1504,0.1496,0.1496
2012-02-13,0.1496,0.1505,0.1496,0.1496
2012-02-14,0.1496,0.15,0.1492,0.1492
2012-02-15,0.1491,0.1498,0.1482,0.1482
2012-02-16,0.1482,0.1485,0.1478,0.1482
2012-02-17,0.1483,0.1491,0.1481,0.1481
2012-02-20,0.1482,0.1502,0.1482,0.1498
2012-02-21,0.1499,0.1504,0.1497,0.1497
2012-02-22,0.1496,0.1504,0.1496,0.1496
2012-02-23,0.1497,0.1507,0.1497,0.1507
2012-02-24,0.1506,0.1524,0.1506,0.152
2012-02-27,0.1521,0.1522,0.1511,0.1511
2012-02-28,0.1511,0.1522,0.1511,0.1522
2012-02-29,0.1521,0.1525,0.1506,0.1506
2012-03-01,0.1505,0.1512,0.1505,0.1505
2012-03-02,0.1505,0.1507,0.1492,0.1492
2012-03-05,0.1492,0.1495,0.1488,0.1488
2012-03-06,0.1489,0.1489,0.1466,0.1466
2012-03-07,0.1467,0.1473,0.1467,0.147
2012-03-08,0.147,0.149,0.147,0.1487
2012-03-09,0.1487,0.1488,0.1465,0.1465
2012-03-12,0.1465,0.1471,0.1464,0.1464
2012-03-13,0.1465,0.1474,0.1465,0.1471
2012-03-14,0.1471,0.1472,0.1455,0.1455
2012-03-15,0.1455,0.1472,0.1455,0.1467
2012-03-16,0.1467,0.1482,0.1467,0.1478
2012-03-19,0.1478,0.1487,0.1478,0.1484
2012-03-20,0.1484,0.1485,0.1477,0.1477
2012-03-21,0.1477,0.1486,0.1477,0.1483
2012-03-22,0.1483,0.1487,0.1472,0.1472
2012-03-23,0.1472,0.1485,0.1472,0.148
2012-03-26,0.148,0.1497,0.148,0.1495
2012-03-27,0.1495,0.15,0.1491,0.1491
2012-03-28,0.1491,0.1504,0.1491,0.1496
2012-03-29,0.1496,0.1504,0.1495,0.1495
2012-03-30,0.1495,0.1507,0.1495,0.1507
2012-04-02,0.1511,0.1514,0.1509,0.1509
2012-04-03,0.1509,0.1516,0.1501,0.1501
2012-04-04,0.1501,0.1501,0.1488,0.1488
2012-04-05,0.1488,0.1491,0.1476,0.1476
2012-04-06,0.1476,0.1484,0.1476,0.1476
2012-04-09,0.1478,0.1478,0.1475,0.1475
2012-04-10,0.1475,0.1481,0.1464,0.1464
2012-04-11,0.1464,0.1474,0.1464,0.1466
2012-04-12,0.1466,0.1482,0.1466,0.1477
2012-04-13,0.1477,0.1479,0.1468,0.1468
2012-04-16,0.1468,0.1474,0.1467,0.1472
2012-04-17,0.1473,0.1477,0.1472,0.1472
2012-04-18,0.1472,0.1481,0.1472,0.1477
2012-04-19,0.1478,0.1484,0.1478,0.148
2012-04-20,0.148,0.1492,0.148,0.149
2012-04-23,0.1486,0.149,0.1476,0.1476
2012-04-24,0.1475,0.1482,0.1475,0.1479
2012-04-25,0.148,0.1486,0.148,0.1482
2012-04-26,0.1482,0.149,0.148,0.148
2012-04-27,0.148,0.1485,0.148,0.1484
2012-04-30,0.1482,0.1486,0.1482,0.1482
2012-05-01,0.1482,0.149,0.1482,0.1482
2012-05-02,0.1482,0.1484,0.1478,0.1478
2012-05-03,0.1478,0.1484,0.1474,0.1474
2012-05-04,0.1474,0.1475,0.1462,0.1462
2012-05-07,0.1456,0.1463,0.1456,0.1461
2012-05-08,0.1461,0.1462,0.1453,0.1453
2012-05-09,0.1453,0.1455,0.1449,0.1449
2012-05-10,0.1448,0.145,0.1435,0.1435
2012-05-11,0.1435,0.1438,0.1433,0.1433
2012-05-14,0.1433,0.1433,0.1414,0.1414
2012-05-15,0.1413,0.142,0.139,0.139
2012-05-16,0.139,0.14,0.1388,0.1389
2012-05-17,0.1389,0.1398,0.1382,0.1382
2012-05-18,0.1382,0.1396,0.1382,0.1395
2012-05-21,0.1395,0.1402,0.1395,0.1401
2012-05-22,0.1401,0.1405,0.139,0.139
2012-05-23,0.1391,0.1395,0.1391,0.1392
2012-05-24,0.1392,0.1398,0.1389,0.1389
2012-05-25,0.1388,0.1396,0.1387,0.1387
2012-05-28,0.1393,0.1399,0.1391,0.1391
2012-05-29,0.1391,0.1396,0.1382,0.1382
2012-05-30,0.1383,0.1388,0.1373,0.1373
2012-05-31,0.1373,0.1381,0.137,0.137
2012-06-01,0.137,0.1381,0.137,0.1374
2012-06-04,0.1372,0.139,0.1372,0.1389
2012-06-05,0.1389,0.1395,0.1383,0.1383
2012-06-06,0.1383,0.1393,0.1383,0.1392
2012-06-07,0.1392,0.1404,0.1392,0.1394
2012-06-08,0.1394,0.1398,0.139,0.1398
2012-06-11,0.1396,0.1421,0.1396,0.1399
2012-06-12,0.1399,0.141,0.1399,0.1409
2012-06-13,0.1409,0.1421,0.1409,0.1417
2012-06-14,0.1417,0.1423,0.1417,0.1421
2012-06-15,0.1421,0.1429,0.1421,0.1425
2012-06-18,0.1436,0.1437,0.1419,0.1419
2012-06-19,0.1419,0.1435,0.1419,0.1431
2012-06-20,0.1431,0.1436,0.1431,0.1433
2012-06-21,0.1433,0.1433,0.1419,0.1419
2012-06-22,0.1419,0.1427,0.1419,0.1422
2012-06-25,0.1422,0.1422,0.1411,0.1411
2012-06-26,0.1411,0.1415,0.141,0.141
2012-06-27,0.1411,0.1415,0.1411,0.1414
2012-06-28,0.1414,0.142,0.1414,0.1415
2012-06-29,0.1415,0.1445,0.1415,0.1439
2012-07-02,0.1441,0.1444,0.144,0.144
2012-07-03,0.1439,0.1442,0.1437,0.1437
2012-07-04,0.1437,0.1444,0.1437,0.1442
2012-07-05,0.1442,0.1444,0.143,0.143
2012-07-06,0.1432,0.1432,0.1419,0.1419
2012-07-09,0.1413,0.1424,0.1413,0.1424
2012-07-10,0.1423,0.1432,0.1423,0.1427
2012-07-11,0.1426,0.1433,0.1424,0.1424
2012-07-12,0.1424,0.1425,0.1418,0.1418
2012-07-13,0.1418,0.1421,0.1417,0.1417
2012-07-16,0.1421,0.1421,0.1415,0.1415
2012-07-17,0.1415,0.1432,0.1415,0.1431
2012-07-18,0.1431,0.1439,0.1431,0.1437
2012-07-19,0.1437,0.1443,0.1437,0.1438
2012-07-20,0.1439,0.1441,0.1435,0.1435
2012-07-23,0.1434,0.1442,0.1433,0.1437
2012-07-24,0.1437,0.1439,0.1427,0.1427
2012-07-25,0.1427,0.1434,0.1427,0.1429
2012-07-26,0.1429,0.1457,0.1429,0.145
2012-07-27,0.145,0.1458,0.1449,0.1452
2012-07-30,0.1449,0.1469,0.1449,0.1467
2012-07-31,0.1468,0.1472,0.1465,0.1465
2012-08-01,0.1465,0.1478,0.1465,0.1466
2012-08-02,0.1466,0.1481,0.1463,0.1463
2012-08-03,0.1462,0.1486,0.1462,0.1486
2012-08-06,0.1487,0.149,0.1484,0.1484
2012-08-07,0.1484,0.149,0.1481,0.1481
2012-08-08,0.1481,0.1492,0.1481,0.149
2012-08-09,0.149,0.1493,0.149,0.1491
2012-08-10,0.1489,0.1499,0.1489,0.1497
2012-08-13,0.1497,0.1498,0.1486,0.1486
2012-08-14,0.1485,0.1499,0.1485,0.1488
2012-08-15,0.1488,0.1494,0.1488,0.1492
2012-08-16,0.1492,0.1494,0.1489,0.1489
2012-08-17,0.1488,0.1495,0.1488,0.1494
2012-08-20,0.1496,0.15,0.1492,0.1492
2012-08-21,0.1492,0.1503,0.1492,0.1497
2012-08-22,0.1497,0.1504,0.1496,0.15
2012-08-23,0.1502,0.1513,0.1502,0.1511
2012-08-24,0.1511,0.1515,0.1509,0.1509
2012-08-27,0.151,0.1517,0.151,0.151
2012-08-28,0.1511,0.152,0.1507,0.1507
2012-08-29,0.1507,0.1507,0.1496,0.1496
2012-08-30,0.1496,0.15,0.149,0.149
2012-08-31,0.149,0.1513,0.149,0.1506
2012-09-03,0.1503,0.1507,0.1489,0.1489
2012-09-04,0.1491,0.1495,0.1484,0.1484
2012-09-05,0.1484,0.1488,0.1482,0.1482
2012-09-06,0.1482,0.1484,0.1477,0.1477
2012-09-07,0.1477,0.1512,0.1477,0.151
2012-09-10,0.1508,0.151,0.1502,0.1502
2012-09-11,0.1502,0.151,0.1502,0.1508
2012-09-12,0.1508,0.1521,0.1508,0.1519
2012-09-13,0.1519,0.1521,0.1514,0.1515
2012-09-14,0.1515,0.1531,0.1515,0.1521
2012-09-17,0.1521,0.1522,0.1515,0.1515
2012-09-18,0.1515,0.1523,0.1515,0.1521
2012-09-19,0.1521,0.1533,0.1521,0.1531
2012-09-20,0.1531,0.1532,0.1527,0.1528
2012-09-21,0.1528,0.153,0.1518,0.1518
2012-09-24,0.1516,0.152,0.1516,0.1518
2012-09-25,0.1518,0.1527,0.1517,0.1517
2012-09-26,0.1517,0.1519,0.1512,0.1512
2012-09-27,0.1513,0.1528,0.1513,0.1527
2012-09-28,0.1527,0.1531,0.1518,0.1518
2012-10-01,0.1517,0.152,0.1512,0.1512
2012-10-02,0.1512,0.1515,0.1507,0.1507
2012-10-03,0.1507,0.1507,0.1492,0.1492
2012-10-04,0.1492,0.151,0.1492,0.1507
2012-10-05,0.1508,0.1517,0.1508,0.1509
2012-10-08,0.1509,0.151,0.1501,0.1501
2012-10-09,0.1502,0.1505,0.1488,0.1488
2012-10-10,0.1488,0.1495,0.1485,0.1485
2012-10-11,0.1486,0.1491,0.1486,0.1487
2012-10-12,0.1487,0.1494,0.1487,0.1488
2012-10-15,0.1489,0.1499,0.1489,0.1496
2012-10-16,0.1497,0.1513,0.1497,0.1512
2012-10-17,0.1511,0.1514,0.1511,0.1512
2012-10-18,0.1512,0.1526,0.1512,0.1517
2012-10-19,0.1519,0.1523,0.1514,0.1514
2012-10-22,0.1516,0.1519,0.1512,0.1512
2012-10-23,0.1512,0.1513,0.15,0.15
2012-10-24,0.15,0.1501,0.1491,0.1491
2012-10-25,0.1491,0.1497,0.1486,0.1486
2012-10-26,0.1486,0.1489,0.1486,0.1488
2012-10-29,0.1487,0.1496,0.1487,0.1491
2012-10-30,0.1491,0.1505,0.1491,0.15
2012-10-31,0.15,0.151,0.15,0.1502
2012-11-01,0.1502,0.1504,0.1498,0.1498
2012-11-02,0.1498,0.1498,0.1488,0.1488
2012-11-05,0.1485,0.149,0.1485,0.149
2012-11-06,0.149,0.1493,0.149,0.149
2012-11-07,0.149,0.1497,0.149,0.149
2012-11-08,0.149,0.1494,0.149,0.1494
2012-11-09,0.1494,0.1498,0.1477,0.1477
2012-11-12,0.1479,0.148,0.1475,0.1475
2012-11-13,0.1475,0.1475,0.1468,0.1468
2012-11-14,0.1468,0.1474,0.1468,0.1469
2012-11-15,0.1469,0.1477,0.1469,0.1473
2012-11-16,0.1473,0.1474,0.1468,0.1468
2012-11-19,0.1467,0.1482,0.1467,0.1482
2012-11-20,0.1482,0.1482,0.1473,0.1473
2012-11-21,0.1473,0.1484,0.1473,0.1484
2012-11-22,0.1484,0.1494,0.1484,0.1492
2012-11-23,0.1492,0.1506,0.1492,0.1505
2012-11-26,0.1504,0.1509,0.1504,0.1508
2012-11-27,0.1508,0.1513,0.1491,0.1491
2012-11-28,0.1491,0.1499,0.1491,0.1499
2012-11-29,0.15,0.1505,0.1495,0.1495
2012-11-30,0.1495,0.1501,0.1495,0.1496
2012-12-03,0.1494,0.1505,0.1494,0.1503
2012-12-04,0.1503,0.1513,0.1503,0.1511
2012-12-05,0.1511,0.1514,0.1511,0.1511
2012-12-06,0.1511,0.1512,0.1502,0.1502
2012-12-07,0.1502,0.1502,0.1492,0.1492
2012-12-10,0.149,0.1494,0.1489,0.1489
2012-12-11,0.1489,0.1502,0.1489,0.15
2012-12-12,0.1499,0.1508,0.1499,0.1499
2012-12-13,0.1499,0.15,0.1492,0.1492
2012-12-14,0.1492,0.1498,0.1492,0.1493
2012-12-17,0.1495,0.1502,0.1495,0.1497
2012-12-18,0.1497,0.1512,0.1497,0.1509
2012-12-19,0.151,0.1534,0.151,0.1522
2012-12-20,0.1522,0.1534,0.1522,0.1532
2012-12-21,0.1532,0.1533,0.1521,0.1521
2012-12-24,0.1522,0.153,0.1522,0.1525
2012-12-25,0.1522,0.1525,0.1521,0.1521
2012-12-26,0.1522,0.1533,0.1522,0.1531
2012-12-27,0.1531,0.1539,0.1531,0.1532
2012-12-28,0.1532,0.1537,0.153,0.153
2012-12-31,0.1531,0.1535,0.1531,0.1534
2013-01-01,0.1532,0.1536,0.1532,0.1534
2013-01-02,0.1535,0.1547,0.1535,0.1537
2013-01-03,0.1536,0.1537,0.1526,0.1526
2013-01-04,0.1526,0.1526,0.1524,0.1524
2013-01-07,0.1525,0.1533,0.1525,0.1533
2013-01-08,0.1534,0.1536,0.1519,0.1519
2013-01-09,0.1519,0.1521,0.1519,0.1519
2013-01-10,0.1519,0.1539,0.1519,0.1536
2013-01-11,0.1536,0.1542,0.1536,0.1542
2013-01-14,0.1542,0.1548,0.1542,0.1547
2013-01-15,0.1547,0.1547,0.1533,0.1533
2013-01-16,0.1534,0.1537,0.1533,0.1533
2013-01-17,0.1533,0.1543,0.1533,0.1535
2013-01-18,0.1535,0.1538,0.153,0.153
2013-01-21,0.1529,0.1532,0.1526,0.1526
2013-01-22,0.1526,0.1537,0.1526,0.1531
2013-01-23,0.1531,0.1533,0.1529,0.1529
2013-01-24,0.1529,0.1536,0.1529,0.1535
2013-01-25,0.1535,0.1548,0.1535,0.1544
2013-01-28,0.1541,0.1555,0.1541,0.1553
2013-01-29,0.1553,0.1566,0.1553,0.1565
2013-01-30,0.1564,0.1572,0.1564,0.157
2013-01-31,0.1569,0.1573,0.1567,0.1567
2013-02-01,0.1567,0.1587,0.1567,0.158
2013-02-04,0.158,0.1582,0.1576,0.1576
2013-02-05,0.1576,0.158,0.1576,0.1577
2013-02-06,0.1576,0.1579,0.1567,0.1567
2013-02-07,0.1567,0.1573,0.1554,0.1554
2013-02-08,0.1554,0.1558,0.1546,0.1546
2013-02-11,0.1545,0.1562,0.1545,0.1559
2013-02-12,0.1559,0.157,0.1559,0.1566
2013-02-13,0.1566,0.1589,0.1566,0.1587
2013-02-14,0.1587,0.1587,0.1579,0.1579
2013-02-15,0.158,0.158,0.1577,0.1577
2013-02-18,0.1575,0.1577,0.1571,0.1571
2013-02-19,0.1571,0.1583,0.1571,0.1581
2013-02-20,0.1581,0.1587,0.1571,0.1571
2013-02-21,0.1571,0.1572,0.1552,0.1552
2013-02-22,0.1552,0.1562,0.1552,0.1553
2013-02-25,0.1558,0.1567,0.1538,0.1538
2013-02-26,0.1538,0.1544,0.1538,0.1544
2013-02-27,0.1542,0.1551,0.1542,0.1551
2013-02-28,0.155,0.1552,0.1542,0.1542
2013-03-01,0.1542,0.1556,0.1542,0.1546
2013-03-04,0.1547,0.1555,0.1547,0.1554
2013-03-05,0.1554,0.1564,0.1554,0.1562
2013-03-06,0.1562,0.1566,0.1552,0.1552
2013-03-07,0.1552,0.1577,0.1552,0.1575
2013-03-08,0.1575,0.1576,0.1557,0.1557
2013-03-11,0.1555,0.1561,0.1555,0.156
2013-03-12,0.156,0.157,0.156,0.1569
2013-03-13,0.1568,0.1574,0.1551,0.1551
2013-03-14,0.1551,0.1553,0.1547,0.1547
2013-03-15,0.1548,0.1564,0.1548,0.1558
2013-03-18,0.1559,0.156,0.155,0.155
2013-03-19,0.155,0.1551,0.154,0.154
2013-03-20,0.154,0.155,0.154,0.1541
2013-03-21,0.1541,0.1544,0.1537,0.1537
2013-03-22,0.1537,0.1539,0.1534,0.1534
2013-03-25,0.1534,0.1545,0.1528,0.1528
2013-03-26,0.1528,0.1539,0.1528,0.1535
2013-03-27,0.1535,0.1541,0.1529,0.1529
2013-03-28,0.1529,0.1535,0.1529,0.1529
2013-03-29,0.153,0.1533,0.153,0.1533
2013-04-02,0.1536,0.1541,0.1536,0.1537
2013-04-03,0.1536,0.1537,0.153,0.153
2013-04-04,0.153,0.1532,0.1524,0.1529
2013-04-05,0.1528,0.1549,0.1528,0.1545
2013-04-08,0.1543,0.1557,0.1543,0.1554
2013-04-09,0.1554,0.1561,0.1554,0.156
2013-04-10,0.156,0.1567,0.1557,0.1557
2013-04-11,0.1558,0.1574,0.1558,0.1571
2013-04-12,0.157,0.1572,0.1565,0.1565
2013-04-15,0.1569,0.157,0.1552,0.1552
2013-04-16,0.1553,0.1571,0.1553,0.1566
2013-04-17,0.1566,0.1568,0.153,0.153
2013-04-18,0.1529,0.1535,0.1524,0.1524
2013-04-19,0.1525,0.1536,0.1522,0.1522
2013-04-22,0.1528,0.1531,0.1526,0.1526
2013-04-23,0.1526,0.1527,0.15,0.15
2013-04-24,0.15,0.1512,0.15,0.1506
2013-04-25,0.1506,0.1518,0.1506,0.1509
2013-04-26,0.1508,0.1518,0.1508,0.1516
2013-04-29,0.1518,0.1528,0.1518,0.1524
2013-04-30,0.1524,0.1543,0.1524,0.1536
2013-05-01,0.1536,0.1551,0.1536,0.1542
2013-05-02,0.1542,0.1543,0.1524,0.1524
2013-05-03,0.1524,0.154,0.1524,0.1532
2013-05-06,0.1537,0.1538,0.1522,0.1522
2013-05-07,0.1522,0.1534,0.1522,0.1526
2013-05-08,0.1527,0.1538,0.1527,0.1534
2013-05-09,0.1533,0.1539,0.1522,0.1522
2013-05-10,0.1521,0.1523,0.1511,0.1511
2013-05-13,0.1507,0.1513,0.1507,0.151
2013-05-14,0.151,0.1514,0.1495,0.1495
2013-05-15,0.1495,0.1496,0.1494,0.1494
2013-05-16,0.1493,0.1502,0.1493,0.1496
2013-05-17,0.1495,0.1496,0.1491,0.1491
2013-05-20,0.1488,0.1499,0.1488,0.1497
2013-05-21,0.1498,0.1508,0.1498,0.1507
2013-05-22,0.1507,0.1517,0.15,0.15
2013-05-23,0.1501,0.1503,0.1499,0.1499
2013-05-24,0.1498,0.1504,0.1498,0.15
2013-05-27,0.1501,0.1503,0.15,0.15
2013-05-28,0.15,0.1502,0.1483,0.1483
2013-05-29,0.1483,0.1504,0.1483,0.15
2013-05-30,0.1497,0.152,0.1497,0.1519
2013-05-31,0.1519,0.152,0.1506,0.1506
2013-06-03,0.1505,0.1526,0.1505,0.1523
2013-06-04,0.1524,0.1525,0.1518,0.1518
2013-06-05,0.1518,0.1522,0.1512,0.1512
2013-06-06,0.1511,0.1528,0.1511,0.1522
2013-06-07,0.1522,0.1527,0.1519,0.1519
2013-06-10,0.1516,0.152,0.1516,0.1517
2013-06-11,0.1516,0.1522,0.1516,0.1522
2013-06-12,0.152,0.1536,0.152,0.1531
2013-06-13,0.1531,0.1539,0.1531,0.1539
2013-06-14,0.1539,0.155,0.1539,0.1549
2013-06-17,0.1549,0.155,0.1542,0.1542
2013-06-18,0.1542,0.1549,0.1542,0.1547
2013-06-19,0.1547,0.1562,0.1544,0.1544
2013-06-20,0.1544,0.1545,0.1517,0.1519
2013-06-21,0.1519,0.1524,0.1493,0.1493
2013-06-24,0.1491,0.1495,0.1475,0.1475
2013-06-25,0.1475,0.1495,0.1475,0.1486
2013-06-26,0.1486,0.1493,0.1478,0.1478
2013-06-27,0.1477,0.1487,0.1477,0.1479
2013-06-28,0.1479,0.1489,0.1479,0.1489
2013-07-01,0.1485,0.1498,0.1485,0.1492
2013-07-02,0.1492,0.1498,0.1485,0.1485
2013-07-03,0.1484,0.1493,0.1483,0.1491
2013-07-04,0.1491,0.1495,0.1491,0.1492
2013-07-05,0.1493,0.1494,0.1464,0.1464
2013-07-08,0.1464,0.1472,0.1462,0.1468
2013-07-09,0.1469,0.1475,0.1466,0.1466
2013-07-10,0.1466,0.1491,0.1466,0.1491
2013-07-11,0.149,0.1513,0.149,0.1497
2013-07-12,0.1497,0.1499,0.1492,0.1492
2013-07-15,0.1495,0.1497,0.1493,0.1493
2013-07-16,0.1493,0.1515,0.1493,0.1514
2013-07-17,0.1513,0.1523,0.1513,0.1517
2013-07-18,0.1517,0.1518,0.1517,0.1517
2013-07-19,0.1517,0.1527,0.1517,0.1526
2013-07-22,0.1528,0.1539,0.1528,0.1536
2013-07-23,0.1536,0.1547,0.1536,0.1547
2013-07-24,0.1546,0.1547,0.1531,0.1531
2013-07-25,0.1532,0.1539,0.1532,0.1538
2013-07-26,0.1538,0.1545,0.1538,0.1538
2013-07-29,0.1544,0.1546,0.1538,0.1538
2013-07-30,0.1538,0.1541,0.1521,0.1521
2013-07-31,0.1522,0.1537,0.152,0.1529
2013-08-01,0.1529,0.1534,0.1509,0.1509
2013-08-02,0.1509,0.1511,0.1508,0.1509
2013-08-05,0.1509,0.1516,0.1509,0.1515
2013-08-06,0.1515,0.1522,0.1515,0.1521
2013-08-07,0.1521,0.1531,0.1521,0.153
2013-08-08,0.1531,0.154,0.1531,0.1537
2013-08-09,0.1537,0.154,0.1533,0.1533
2013-08-12,0.1534,0.1534,0.1527,0.1527
2013-08-13,0.1527,0.1532,0.1525,0.1525
2013-08-14,0.1525,0.1533,0.1525,0.153
2013-08-15,0.153,0.1537,0.1528,0.1533
2013-08-16,0.1532,0.1533,0.1531,0.1531
2013-08-19,0.153,0.1534,0.153,0.1532
2013-08-20,0.1531,0.1543,0.1531,0.1537
2013-08-21,0.1537,0.1537,0.1517,0.1517
2013-08-22,0.1517,0.1532,0.1517,0.1531
2013-08-23,0.1531,0.1538,0.1531,0.1533
2013-08-26,0.1535,0.1537,0.1529,0.1529
2013-08-27,0.1529,0.1537,0.1529,0.1536
2013-08-28,0.1536,0.154,0.1531,0.1531
2013-08-29,0.1532,0.1534,0.1513,0.1513
2013-08-30,0.1512,0.1513,0.1508,0.1508
2013-09-02,0.1506,0.151,0.1506,0.151
2013-09-03,0.151,0.1512,0.1505,0.1505
2013-09-04,0.1505,0.1512,0.1505,0.1511
2013-09-05,0.1512,0.1512,0.1492,0.1492
2013-09-06,0.1492,0.1506,0.1492,0.1504
2013-09-09,0.1503,0.1522,0.1503,0.1518
2013-09-10,0.1519,0.1525,0.1519,0.1523
2013-09-11,0.1523,0.1529,0.1523,0.1528
2013-09-12,0.1528,0.1532,0.1528,0.153
2013-09-13,0.153,0.153,0.1519,0.1519
2013-09-16,0.1522,0.1538,0.1522,0.153
2013-09-17,0.153,0.1544,0.153,0.1542
2013-09-18,0.154,0.1566,0.154,0.1565
2013-09-19,0.1563,0.158,0.1563,0.1571
2013-09-20,0.1572,0.1578,0.1565,0.1565
2013-09-23,0.1571,0.1572,0.156,0.156
2013-09-24,0.156,0.1564,0.1557,0.1557
2013-09-25,0.1557,0.1561,0.1552,0.1552
2013-09-26,0.1552,0.1557,0.1552,0.1553
2013-09-27,0.1553,0.1556,0.1552,0.1552
2013-09-30,0.1547,0.1559,0.1547,0.1552
2013-10-01,0.1552,0.1571,0.1552,0.1565
2013-10-02,0.1566,0.1568,0.1562,0.1562
2013-10-03,0.1562,0.1574,0.1562,0.1571
2013-10-04,0.1572,0.1573,0.1551,0.1551
2013-10-07,0.1552,0.1554,0.1552,0.1553
2013-10-08,0.1553,0.1558,0.1549,0.1549
2013-10-09,0.1549,0.1553,0.1542,0.1542
2013-10-10,0.1542,0.1542,0.1533,0.1533
2013-10-11,0.1533,0.1543,0.1533,0.1543
2013-10-14,0.1539,0.1545,0.1539,0.1543
2013-10-15,0.1542,0.1546,0.1535,0.1535
2013-10-16,0.1536,0.1539,0.1536,0.1538
2013-10-17,0.1538,0.156,0.1538,0.1558
2013-10-18,0.1557,0.156,0.1552,0.1552
2013-10-21,0.1555,0.1559,0.1555,0.1559
2013-10-22,0.156,0.1569,0.156,0.1565
2013-10-23,0.1565,0.1567,0.1564,0.1564
2013-10-24,0.1565,0.1571,0.1565,0.1569
2013-10-25,0.1569,0.1579,0.1569,0.1578
2013-10-28,0.1579,0.1579,0.1571,0.1571
2013-10-29,0.1571,0.1572,0.1562,0.1562
2013-10-30,0.1562,0.1565,0.156,0.156
2013-10-31,0.1559,0.1559,0.1538,0.1538
2013-11-01,0.1538,0.154,0.1523,0.1523
2013-11-04,0.1525,0.1536,0.1525,0.1531
2013-11-05,0.1531,0.1532,0.1527,0.1527
2013-11-06,0.1528,0.1538,0.1528,0.1534
2013-11-07,0.1534,0.1541,0.1525,0.1525
2013-11-08,0.1526,0.1528,0.1512,0.1512
2013-11-11,0.151,0.1519,0.151,0.1519
2013-11-12,0.1519,0.152,0.1498,0.1498
2013-11-13,0.1498,0.1501,0.1497,0.15
2013-11-14,0.1499,0.1501,0.1499,0.1499
2013-11-15,0.1499,0.1503,0.1499,0.1503
2013-11-18,0.1501,0.1513,0.1501,0.1507
2013-11-19,0.1508,0.151,0.1508,0.1508
2013-11-20,0.1508,0.1514,0.15,0.15
2013-11-21,0.15,0.1505,0.15,0.1502
2013-11-22,0.1503,0.1517,0.1503,0.1516
2013-11-25,0.1515,0.1519,0.1515,0.1517
2013-11-26,0.1517,0.1524,0.1516,0.1516
2013-11-27,0.1516,0.1522,0.1515,0.1515
2013-11-28,0.1515,0.1524,0.1515,0.1523
2013-11-29,0.1523,0.1526,0.1522,0.1522
2013-12-02,0.1519,0.1533,0.1518,0.1518
2013-12-03,0.1518,0.1533,0.1518,0.153
2013-12-04,0.153,0.1536,0.153,0.1533
2013-12-05,0.1534,0.154,0.1533,0.1537
2013-12-06,0.1536,0.1538,0.153,0.1532
2013-12-09,0.1531,0.1534,0.1526,0.1526
2013-12-10,0.1526,0.1529,0.1525,0.1525
2013-12-11,0.1524,0.1526,0.1522,0.1522
2013-12-12,0.1522,0.1524,0.1511,0.1511
2013-12-13,0.1511,0.1518,0.1511,0.1517
2013-12-16,0.1515,0.1522,0.1515,0.1516
2013-12-17,0.1515,0.1524,0.1515,0.1521
2013-12-18,0.1521,0.1531,0.1519,0.1519
2013-12-19,0.1519,0.1528,0.1512,0.1512
2013-12-20,0.1512,0.1521,0.1512,0.1513
2013-12-23,0.1513,0.1523,0.1513,0.1517
2013-12-24,0.1517,0.152,0.1517,0.1519
2013-12-25,0.1519,0.152,0.1515,0.1515
2013-12-26,0.1515,0.1523,0.1515,0.1521
2013-12-27,0.1521,0.1541,0.1521,0.153
2013-12-30,0.153,0.1555,0.153,0.1551
2013-12-31,0.1551,0.1556,0.1548,0.1548
2014-01-01,0.155,0.155,0.1548,0.1548
2014-01-02,0.1549,0.1552,0.1529,0.1529
2014-01-03,0.153,0.1537,0.1527,0.1527
2014-01-06,0.1528,0.1533,0.1528,0.1531
2014-01-07,0.1531,0.1538,0.153,0.153
2014-01-08,0.1531,0.1532,0.1515,0.1515
2014-01-09,0.1516,0.1522,0.1516,0.152
2014-01-10,0.152,0.1537,0.152,0.1537
2014-01-13,0.1537,0.154,0.1532,0.1532
2014-01-14,0.1532,0.155,0.1532,0.1549
2014-01-15,0.1549,0.1549,0.1541,0.1541
2014-01-16,0.154,0.1545,0.154,0.1543
2014-01-17,0.1543,0.1544,0.1541,0.1541
2014-01-20,0.1541,0.1541,0.1536,0.1536
2014-01-21,0.1537,0.1539,0.1537,0.1539
2014-01-22,0.1539,0.1541,0.1537,0.1537
2014-01-23,0.1537,0.1556,0.1537,0.1556
2014-01-24,0.1556,0.1556,0.1548,0.1548
2014-01-27,0.1548,0.1553,0.1548,0.1552
2014-01-28,0.1552,0.1555,0.1551,0.1553
2014-01-29,0.1553,0.1556,0.1543,0.1543
2014-01-30,0.1544,0.1544,0.153,0.153
2014-01-31,0.153,0.153,0.1522,0.1522
2014-02-03,0.152,0.1529,0.152,0.1523
2014-02-04,0.1523,0.1529,0.1523,0.1529
2014-02-05,0.1529,0.153,0.1528,0.1528
2014-02-06,0.1527,0.1538,0.1527,0.1532
2014-02-07,0.1533,0.1537,0.1533,0.1537
2014-02-10,0.1536,0.154,0.1536,0.1538
2014-02-11,0.1538,0.1552,0.1538,0.1548
2014-02-12,0.1548,0.1552,0.1546,0.1546
2014-02-13,0.1546,0.155,0.1543,0.1543
2014-02-14,0.1544,0.1548,0.1544,0.1547
2014-02-17,0.1548,0.155,0.1545,0.1545
2014-02-18,0.1545,0.1545,0.1538,0.1538
2014-02-19,0.1538,0.1538,0.153,0.153
2014-02-20,0.1531,0.1532,0.1526,0.1526
2014-02-21,0.1526,0.1528,0.1526,0.1526
2014-02-24,0.1525,0.1535,0.1525,0.1532
2014-02-25,0.1532,0.1537,0.1532,0.1534
2014-02-26,0.1534,0.1535,0.153,0.153
2014-02-27,0.153,0.1532,0.1529,0.1529
2014-02-28,0.153,0.1557,0.153,0.1556
2014-03-03,0.1552,0.1553,0.1539,0.1539
2014-03-04,0.1539,0.1549,0.1539,0.1546
2014-03-05,0.1546,0.1552,0.1546,0.1551
2014-03-06,0.1553,0.1561,0.1553,0.1559
2014-03-07,0.1559,0.1565,0.1559,0.1562
2014-03-10,0.156,0.1565,0.156,0.1565
2014-03-11,0.1565,0.1567,0.1562,0.1562
2014-03-12,0.1564,0.1567,0.1564,0.1566
2014-03-13,0.1567,0.1574,0.1563,0.1563
2014-03-14,0.1562,0.1567,0.1561,0.1561
2014-03-17,0.1563,0.1571,0.1563,0.1569
2014-03-18,0.1569,0.1576,0.1569,0.1573
2014-03-19,0.1575,0.1575,0.1555,0.1555
2014-03-20,0.1555,0.1558,0.1554,0.1554
2014-03-21,0.1554,0.1556,0.155,0.155
2014-03-24,0.1553,0.1562,0.1553,0.1557
2014-03-25,0.1558,0.1559,0.1557,0.1557
2014-03-26,0.1558,0.1558,0.1543,0.1543
2014-03-27,0.1543,0.1544,0.1539,0.1539
2014-03-28,0.1539,0.154,0.1533,0.1533
2014-03-31,0.1534,0.1541,0.1534,0.1541
2014-04-01,0.1541,0.1547,0.1541,0.1545
2014-04-02,0.1545,0.1547,0.1538,0.1538
2014-04-03,0.1538,0.1539,0.1523,0.1523
2014-04-04,0.1523,0.1527,0.152,0.152
2014-04-07,0.1521,0.1528,0.1521,0.1527
2014-04-08,0.1527,0.1536,0.1527,0.1534
2014-04-09,0.1534,0.1538,0.1534,0.1537
2014-04-10,0.1538,0.1539,0.1525,0.1525
2014-04-11,0.1525,0.1529,0.1524,0.1524
2014-04-14,0.1522,0.1524,0.1519,0.1519
2014-04-15,0.1519,0.1519,0.1517,0.1517
2014-04-16,0.1517,0.1519,0.1511,0.1511
2014-04-17,0.1511,0.1519,0.151,0.151
2014-04-18,0.1509,0.1511,0.1509,0.1509
2014-04-21,0.1509,0.1513,0.1508,0.1508
2014-04-22,0.1508,0.1517,0.1508,0.1513
2014-04-23,0.1513,0.152,0.1513,0.1516
2014-04-24,0.1516,0.1523,0.1516,0.1517
2014-04-25,0.1518,0.1518,0.1513,0.1513
2014-04-28,0.1514,0.1528,0.1514,0.1522
2014-04-29,0.1522,0.1528,0.152,0.152
2014-04-30,0.1519,0.1535,0.1519,0.1535
2014-05-01,0.1533,0.1538,0.1532,0.1532
2014-05-02,0.1532,0.1533,0.1531,0.1531
2014-05-05,0.1533,0.1533,0.1521,0.1521
2014-05-06,0.1521,0.1535,0.1521,0.1534
2014-05-07,0.1534,0.1537,0.1534,0.1534
2014-05-08,0.1534,0.1543,0.1526,0.1526
2014-05-09,0.1526,0.1531,0.1516,0.1516
2014-05-12,0.1519,0.1523,0.1518,0.1518
2014-05-13,0.1518,0.1526,0.1518,0.1521
2014-05-14,0.1521,0.1523,0.152,0.152
2014-05-15,0.152,0.1522,0.1517,0.1517
2014-05-16,0.1517,0.152,0.1517,0.1518
2014-05-19,0.1518,0.1521,0.1512,0.1512
2014-05-20,0.1512,0.1514,0.1512,0.1512
2014-05-21,0.1513,0.1517,0.1513,0.1517
2014-05-22,0.1517,0.1518,0.1513,0.1513
2014-05-23,0.1513,0.1514,0.1497,0.1497
2014-05-26,0.15,0.1506,0.15,0.1505
2014-05-27,0.1505,0.1507,0.1505,0.1505
2014-05-28,0.1505,0.1507,0.1499,0.1499
2014-05-29,0.15,0.1505,0.15,0.15
2014-05-30,0.15,0.1502,0.149,0.149
2014-06-02,0.1489,0.1493,0.1489,0.1489
2014-06-03,0.1489,0.1494,0.1489,0.1491
2014-06-04,0.1491,0.1501,0.1491,0.15
2014-06-05,0.15,0.1501,0.1497,0.1497
2014-06-06,0.1498,0.1504,0.1498,0.1503
2014-06-09,0.1503,0.1504,0.1491,0.1491
2014-06-10,0.1491,0.1493,0.1489,0.1489
2014-06-11,0.1489,0.1494,0.1488,0.1488
2014-06-12,0.1487,0.1492,0.1487,0.149
2014-06-13,0.149,0.15,0.149,0.15
2014-06-16,0.1499,0.1505,0.1499,0.1504
2014-06-17,0.1504,0.1506,0.1501,0.1501
2014-06-18,0.1502,0.1503,0.15,0.15
2014-06-19,0.1499,0.1505,0.1488,0.1488
2014-06-20,0.1488,0.1491,0.1485,0.1485
2014-06-23,0.1483,0.1489,0.1483,0.1489
2014-06-24,0.1489,0.1489,0.1482,0.1482
2014-06-25,0.1481,0.1484,0.1481,0.1481
2014-06-26,0.148,0.1482,0.1479,0.1479
2014-06-27,0.1479,0.1481,0.1479,0.148
2014-06-30,0.148,0.1492,0.148,0.1492
2014-07-01,0.1491,0.1492,0.149,0.149
2014-07-02,0.149,0.1491,0.1486,0.1486
2014-07-03,0.1486,0.1486,0.146,0.146
2014-07-04,0.146,0.146,0.1452,0.1452
2014-07-07,0.1457,0.1461,0.1457,0.1461
2014-07-08,0.146,0.1461,0.1458,0.1458
2014-07-09,0.1458,0.147,0.1458,0.1467
2014-07-10,0.1467,0.1474,0.1467,0.1472
2014-07-11,0.1471,0.1473,0.1467,0.1467
2014-07-14,0.1467,0.1471,0.1467,0.1468
2014-07-15,0.1468,0.1469,0.1461,0.1461
2014-07-16,0.1461,0.1463,0.146,0.146
2014-07-17,0.146,0.1462,0.146,0.146
2014-07-18,0.146,0.1462,0.1455,0.1455
2014-07-21,0.1456,0.1459,0.1455,0.1455
2014-07-22,0.1455,0.1457,0.1455,0.1455
2014-07-23,0.1455,0.146,0.1455,0.1457
2014-07-24,0.1457,0.146,0.1457,0.1458
2014-07-25,0.1459,0.1464,0.1459,0.1463
2014-07-28,0.1463,0.1463,0.1458,0.1458
2014-07-29,0.1458,0.1459,0.1454,0.1454
2014-07-30,0.1454,0.1456,0.1448,0.1448
2014-07-31,0.1448,0.1449,0.1445,0.1445
2014-08-01,0.1445,0.1454,0.1445,0.145
2014-08-04,0.1453,0.1454,0.1448,0.1448
2014-08-05,0.1447,0.1451,0.1447,0.1447
2014-08-06,0.1447,0.1447,0.1446,0.1446
2014-08-07,0.1446,0.1447,0.1444,0.1444
2014-08-08,0.1444,0.1448,0.1442,0.1442
2014-08-11,0.1445,0.1454,0.1445,0.1449
2014-08-12,0.1449,0.1451,0.1449,0.1449
2014-08-13,0.1449,0.1454,0.1449,0.145
2014-08-14,0.145,0.1458,0.145,0.1454
2014-08-15,0.1454,0.1459,0.1454,0.1457
2014-08-18,0.1457,0.1458,0.1453,0.1453
2014-08-19,0.1453,0.1455,0.145,0.145
2014-08-20,0.145,0.1451,0.1441,0.1441
2014-08-21,0.1442,0.1447,0.1442,0.1447
2014-08-22,0.1447,0.1448,0.1443,0.1443
2014-08-25,0.144,0.144,0.1436,0.1436
2014-08-26,0.1436,0.1439,0.1432,0.1432
2014-08-27,0.1432,0.1436,0.1432,0.1434
2014-08-28,0.1434,0.1438,0.143,0.143
2014-08-29,0.143,0.1435,0.1426,0.1426
2014-09-01,0.1426,0.1428,0.1423,0.1423
2014-09-02,0.1423,0.1424,0.142,0.142
2014-09-03,0.142,0.1426,0.142,0.1422
2014-09-04,0.1422,0.1427,0.1409,0.1409
2014-09-05,0.1409,0.141,0.1402,0.1402
2014-09-08,0.1404,0.1409,0.1401,0.1401
2014-09-09,0.1402,0.1403,0.1402,0.1402
2014-09-10,0.1402,0.1405,0.1402,0.1403
2014-09-11,0.1403,0.1404,0.1397,0.1397
2014-09-12,0.1397,0.1399,0.1397,0.1398
2014-09-15,0.1398,0.1401,0.1398,0.14
2014-09-16,0.14,0.1403,0.1399,0.1399
2014-09-17,0.1399,0.1403,0.1389,0.1389
2014-09-18,0.1389,0.1407,0.1389,0.1405
2014-09-19,0.1405,0.1408,0.1393,0.1393
2014-09-22,0.1394,0.1398,0.1393,0.1393
2014-09-23,0.1393,0.1401,0.1393,0.1394
2014-09-24,0.1394,0.1395,0.1387,0.1387
2014-09-25,0.1387,0.1388,0.1382,0.1382
2014-09-26,0.1382,0.1384,0.1371,0.1371
2014-09-29,0.1371,0.1378,0.1371,0.1378
2014-09-30,0.1377,0.1382,0.1377,0.1381
2014-10-01,0.1381,0.1385,0.138,0.138
2014-10-02,0.138,0.1389,0.138,0.1388
2014-10-03,0.1388,0.1388,0.1367,0.1367
2014-10-06,0.1368,0.1389,0.1368,0.1388
2014-10-07,0.1388,0.139,0.1385,0.1385
2014-10-08,0.1386,0.1391,0.1386,0.139
2014-10-09,0.139,0.1396,0.138,0.138
2014-10-10,0.1379,0.1382,0.1377,0.1377
2014-10-13,0.1379,0.1402,0.1379,0.1399
2014-10-14,0.1399,0.1399,0.1374,0.1374
2014-10-15,0.1374,0.1393,0.1374,0.1389
2014-10-16,0.1389,0.1396,0.1385,0.1392
2014-10-17,0.1393,0.1397,0.1388,0.1388
2014-10-20,0.1387,0.1389,0.1387,0.1388
2014-10-21,0.1388,0.1392,0.1377,0.1377
2014-10-22,0.1377,0.1379,0.137,0.137
2014-10-23,0.137,0.1374,0.137,0.1372
2014-10-24,0.1372,0.1377,0.1372,0.1377
2014-10-27,0.1376,0.1379,0.1365,0.1365
2014-10-28,0.1365,0.1369,0.1358,0.1358
2014-10-29,0.1358,0.1366,0.1353,0.1353
2014-10-30,0.1353,0.1359,0.1353,0.1357
2014-10-31,0.1357,0.1359,0.1348,0.1348
2014-11-03,0.1348,0.1351,0.1342,0.1342
2014-11-04,0.1342,0.135,0.1342,0.1349
2014-11-05,0.135,0.1354,0.135,0.1352
2014-11-06,0.1352,0.1357,0.1339,0.1339
2014-11-07,0.134,0.1346,0.134,0.1346
2014-11-10,0.1346,0.1353,0.134,0.134
2014-11-11,0.134,0.135,0.134,0.1348
2014-11-12,0.1348,0.135,0.1342,0.1342
2014-11-13,0.1341,0.1346,0.1341,0.1341
2014-11-14,0.134,0.135,0.134,0.1348
2014-11-17,0.1348,0.1353,0.134,0.134
2014-11-18,0.134,0.1354,0.134,0.1352
2014-11-19,0.1352,0.1352,0.1348,0.1348
2014-11-20,0.1349,0.1351,0.1348,0.1348
2014-11-21,0.1348,0.135,0.1334,0.1334
2014-11-24,0.1335,0.1341,0.1335,0.1339
2014-11-25,0.1339,0.1342,0.1339,0.1342
2014-11-26,0.1342,0.135,0.1342,0.1347
2014-11-27,0.1346,0.1348,0.1341,0.1341
2014-11-28,0.1341,0.1344,0.1336,0.1336
2014-12-01,0.1337,0.1347,0.1337,0.1339
2014-12-02,0.1339,0.1342,0.1324,0.1324
2014-12-03,0.1324,0.133,0.1324,0.1324
2014-12-04,0.1323,0.1335,0.1323,0.133
2014-12-05,0.133,0.133,0.1318,0.1318
2014-12-08,0.1318,0.1324,0.1318,0.132
2014-12-09,0.132,0.133,0.132,0.1323
2014-12-10,0.1323,0.1328,0.1323,0.1323
2014-12-11,0.1323,0.1331,0.1323,0.1324
2014-12-12,0.1324,0.1325,0.1319,0.1319
2014-12-15,0.132,0.1323,0.1303,0.1303
2014-12-16,0.1303,0.1316,0.1299,0.1308
2014-12-17,0.1309,0.1311,0.1299,0.1299
2014-12-18,0.1299,0.1308,0.1294,0.1294
2014-12-19,0.1294,0.13,0.1287,0.1287
2014-12-22,0.1288,0.1292,0.1278,0.1278
2014-12-23,0.1277,0.1283,0.1277,0.1277
2014-12-24,0.1277,0.1282,0.1276,0.1276
2014-12-25,0.1275,0.1285,0.1275,0.1281
2014-12-26,0.1281,0.1281,0.1269,0.1269
2014-12-29,0.1268,0.128,0.1268,0.1268
2014-12-30,0.1269,0.1288,0.1269,0.1287
2014-12-31,0.1287,0.1294,0.1278,0.1278
2015-01-01,0.1278,0.1279,0.1276,0.1276
2015-01-02,0.1277,0.1279,0.1258,0.1258
2015-01-05,0.1255,0.126,0.1255,0.1255
2015-01-06,0.1254,0.1264,0.1254,0.1258
2015-01-07,0.1258,0.1258,0.1249,0.1249
2015-01-08,0.1249,0.1253,0.1241,0.1241
2015-01-09,0.124,0.1243,0.1237,0.1237
2015-01-12,0.1237,0.1243,0.1233,0.1233
2015-01-13,0.1234,0.1249,0.1234,0.1234
2015-01-14,0.1234,0.1245,0.1232,0.1232
2015-01-15,0.1232,0.1237,0.1222,0.1229
2015-01-16,0.1229,0.1232,0.1229,0.1231
2015-01-19,0.1231,0.1232,0.1225,0.1225
2015-01-20,0.1223,0.1228,0.1218,0.1218
2015-01-21,0.1218,0.1228,0.1218,0.1219
2015-01-22,0.1219,0.1228,0.121,0.121
2015-01-23,0.121,0.1212,0.1197,0.1197
2015-01-26,0.1197,0.1204,0.1197,0.1199
2015-01-27,0.1198,0.122,0.1198,0.1217
2015-01-28,0.1218,0.1222,0.12,0.12
2015-01-29,0.12,0.1214,0.12,0.1203
2015-01-30,0.1203,0.121,0.1202,0.1202
2015-02-02,0.1202,0.1209,0.1197,0.1197
2015-02-03,0.1197,0.1218,0.1197,0.1211
2015-02-04,0.1212,0.1213,0.1202,0.1202
2015-02-05,0.1202,0.121,0.1202,0.1208
2015-02-06,0.1207,0.1211,0.1186,0.1186
2015-02-09,0.1186,0.1194,0.1186,0.1191
2015-02-10,0.119,0.1199,0.119,0.1196
2015-02-11,0.1196,0.1198,0.1188,0.1188
2015-02-12,0.1189,0.1192,0.1176,0.118
2015-02-13,0.118,0.1187,0.118,0.1181
2015-02-16,0.1183,0.1188,0.1183,0.1184
2015-02-17,0.1183,0.1198,0.1183,0.1197
2015-02-18,0.1196,0.1197,0.1191,0.1191
2015-02-19,0.119,0.1195,0.1182,0.1182
2015-02-20,0.1182,0.1194,0.1182,0.1191
2015-02-23,0.1191,0.1192,0.1184,0.1184
2015-02-24,0.1183,0.1188,0.1183,0.1183
2015-02-25,0.1183,0.1201,0.1183,0.12
2015-02-26,0.12,0.1204,0.1185,0.1185
2015-02-27,0.1185,0.1199,0.1185,0.1194
2015-03-02,0.1195,0.1197,0.1195,0.1195
2015-03-03,0.1195,0.1206,0.1195,0.1203
2015-03-04,0.1204,0.1205,0.1196,0.1196
2015-03-05,0.1196,0.1198,0.1194,0.1194
2015-03-06,0.1194,0.1195,0.1176,0.1176
2015-03-09,0.1177,0.1179,0.1175,0.1175
2015-03-10,0.1174,0.1175,0.1161,0.1161
2015-03-11,0.1161,0.1167,0.1153,0.1153
2015-03-12,0.1154,0.1167,0.1154,0.1159
2015-03-13,0.1158,0.1159,0.1142,0.1142
2015-03-16,0.1142,0.1155,0.1142,0.115
2015-03-17,0.115,0.1155,0.1146,0.1146
2015-03-18,0.1146,0.1172,0.1138,0.1158
2015-03-19,0.1157,0.1163,0.1148,0.1148
2015-03-20,0.1147,0.1159,0.1147,0.1154
2015-03-23,0.1158,0.1174,0.1158,0.1172
2015-03-24,0.1172,0.1181,0.1171,0.1171
2015-03-25,0.1172,0.1177,0.1172,0.1173
2015-03-26,0.1173,0.1181,0.1158,0.1158
2015-03-27,0.1158,0.1165,0.1158,0.1161
2015-03-30,0.1158,0.1161,0.1158,0.1159
2015-03-31,0.1157,0.1159,0.1154,0.1154
2015-04-01,0.1154,0.1159,0.1149,0.1149
2015-04-02,0.1151,0.1159,0.1151,0.1154
2015-04-03,0.1153,0.1169,0.1153,0.1162
2015-04-06,0.1163,0.1174,0.1163,0.1163
2015-04-07,0.1163,0.1165,0.1147,0.1147
2015-04-08,0.1147,0.1158,0.1147,0.1147
2015-04-09,0.1147,0.115,0.1138,0.1138
2015-04-10,0.1138,0.1139,0.1126,0.1126
2015-04-13,0.1127,0.1132,0.1127,0.1129
2015-04-14,0.1129,0.114,0.1129,0.1137
2015-04-15,0.1137,0.1142,0.1137,0.1141
2015-04-16,0.1141,0.1164,0.1141,0.116
2015-04-17,0.1161,0.1165,0.1153,0.1153
2015-04-20,0.1153,0.1155,0.1143,0.1143
2015-04-21,0.1144,0.1155,0.1144,0.1149
2015-04-22,0.1149,0.1156,0.114,0.114
2015-04-23,0.114,0.1155,0.114,0.1153
2015-04-24,0.1153,0.1159,0.1153,0.1157
2015-04-27,0.1154,0.1161,0.1154,0.1157
2015-04-28,0.1157,0.1171,0.1157,0.117
2015-04-29,0.117,0.12,0.117,0.1195
2015-04-30,0.1193,0.121,0.1193,0.1195
2015-05-01,0.1195,0.1203,0.1185,0.1185
2015-05-04,0.1185,0.1196,0.1185,0.1189
2015-05-05,0.1189,0.1196,0.1189,0.1193
2015-05-06,0.1194,0.1218,0.1194,0.1211
2015-05-07,0.1211,0.1218,0.1203,0.1203
2015-05-08,0.1203,0.1213,0.1203,0.1206
2015-05-11,0.1206,0.121,0.1199,0.1199
2015-05-12,0.1199,0.121,0.1196,0.1196
2015-05-13,0.1196,0.1215,0.1196,0.1209
2015-05-14,0.1209,0.1216,0.1208,0.1208
2015-05-15,0.1209,0.1216,0.1206,0.1215
2015-05-18,0.1216,0.1216,0.1209,0.1209
2015-05-19,0.1209,0.121,0.1193,0.1193
2015-05-20,0.1193,0.1197,0.1193,0.1193
2015-05-21,0.1193,0.1202,0.1193,0.1195
2015-05-22,0.1195,0.1207,0.1188,0.1188
2015-05-25,0.1186,0.1188,0.1184,0.1184
2015-05-26,0.1184,0.1186,0.1174,0.1174
2015-05-27,0.1174,0.118,0.117,0.117
2015-05-28,0.117,0.1179,0.117,0.1177
2015-05-29,0.1177,0.1178,0.1167,0.1167
2015-06-01,0.1168,0.1171,0.116,0.116
2015-06-02,0.116,0.1183,0.116,0.1179
2015-06-03,0.1179,0.1203,0.1179,0.1199
2015-06-04,0.1199,0.1211,0.1199,0.1202
2015-06-05,0.1202,0.1204,0.1186,0.1188
2015-06-08,0.1188,0.1202,0.1188,0.1199
2015-06-09,0.1199,0.1204,0.1199,0.12
2015-06-10,0.12,0.1212,0.12,0.1205
2015-06-11,0.1205,0.1215,0.1205,0.1211
2015-06-12,0.1211,0.1221,0.1211,0.1215
2015-06-15,0.1212,0.1222,0.1212,0.122
2015-06-16,0.122,0.1223,0.1217,0.1217
2015-06-17,0.1217,0.123,0.1217,0.1228
2015-06-18,0.1228,0.1239,0.1225,0.1225
2015-06-19,0.1225,0.1228,0.1225,0.1228
2015-06-22,0.1228,0.1231,0.1223,0.1223
2015-06-23,0.1223,0.1223,0.1205,0.1205
2015-06-24,0.1206,0.1213,0.1206,0.1208
2015-06-25,0.1209,0.1213,0.1207,0.1207
2015-06-26,0.1207,0.1208,0.12,0.12
2015-06-29,0.1192,0.1215,0.1192,0.121
2015-06-30,0.121,0.1214,0.1201,0.1201
2015-07-01,0.1201,0.1204,0.1188,0.1188
2015-07-02,0.1188,0.1193,0.1178,0.1178
2015-07-03,0.1178,0.1183,0.1178,0.1178
2015-07-06,0.1172,0.1181,0.1172,0.1177
2015-07-07,0.1177,0.1177,0.1169,0.1169
2015-07-08,0.1169,0.1181,0.1169,0.1179
2015-07-09,0.1179,0.1182,0.1175,0.1175
2015-07-10,0.1175,0.1187,0.1175,0.1181
2015-07-13,0.1178,0.1186,0.1173,0.1173
2015-07-14,0.1173,0.1174,0.1171,0.1171
2015-07-15,0.1171,0.1173,0.117,0.117
2015-07-16,0.117,0.1172,0.1164,0.1164
2015-07-17,0.1164,0.1167,0.1148,0.1148
2015-07-20,0.1154,0.1158,0.1154,0.1154
2015-07-21,0.1154,0.1167,0.1154,0.1165
2015-07-22,0.1165,0.1168,0.1158,0.1158
2015-07-23,0.1158,0.1164,0.1158,0.1162
2015-07-24,0.1162,0.1163,0.1161,0.1161
2015-07-27,0.1159,0.1174,0.1159,0.117
2015-07-28,0.117,0.1171,0.1163,0.1163
2015-07-29,0.1164,0.1165,0.1152,0.1152
2015-07-30,0.1151,0.1158,0.1151,0.1154
2015-07-31,0.1154,0.1169,0.1154,0.1154
2015-08-03,0.1153,0.1157,0.1151,0.1151
2015-08-04,0.1151,0.1158,0.1144,0.1144
2015-08-05,0.1144,0.1145,0.1143,0.1143
2015-08-06,0.1143,0.1147,0.1138,0.1138
2015-08-07,0.1139,0.114,0.1134,0.1134
2015-08-10,0.1135,0.1148,0.1135,0.1146
2015-08-11,0.1146,0.1151,0.1146,0.115
2015-08-12,0.115,0.1164,0.115,0.1159
2015-08-13,0.1159,0.1177,0.1159,0.1175
2015-08-14,0.1175,0.1183,0.117,0.117
2015-08-17,0.117,0.1173,0.1168,0.1168
2015-08-18,0.1168,0.1171,0.1165,0.1165
2015-08-19,0.1165,0.1171,0.1165,0.1169
2015-08-20,0.1168,0.1173,0.1168,0.1169
2015-08-21,0.1169,0.1192,0.1169,0.1192
2015-08-24,0.119,0.1222,0.119,0.1202
2015-08-25,0.1202,0.1206,0.1187,0.1189
2015-08-26,0.119,0.1194,0.1172,0.1172
2015-08-27,0.1173,0.1179,0.1173,0.1179
2015-08-28,0.1179,0.1184,0.1177,0.1177
2015-08-31,0.1174,0.1184,0.1174,0.1176
2015-09-01,0.1176,0.1184,0.1176,0.1184
2015-09-02,0.1183,0.1184,0.118,0.118
2015-09-03,0.1181,0.1193,0.1181,0.1184
2015-09-04,0.1184,0.1185,0.118,0.118
2015-09-07,0.1182,0.1183,0.1179,0.1179
2015-09-08,0.1177,0.1186,0.1177,0.1185
2015-09-09,0.1185,0.1187,0.1185,0.1187
2015-09-10,0.1186,0.1193,0.1186,0.119
2015-09-11,0.119,0.121,0.119,0.121
2015-09-14,0.1209,0.1212,0.1207,0.1207
2015-09-15,0.1206,0.121,0.12,0.12
2015-09-16,0.12,0.1209,0.12,0.1206
2015-09-17,0.1206,0.122,0.1206,0.1217
2015-09-18,0.1217,0.122,0.1209,0.1209
2015-09-21,0.1206,0.1209,0.1191,0.1191
2015-09-22,0.1191,0.1194,0.1185,0.1185
2015-09-23,0.1183,0.1187,0.1182,0.1182
2015-09-24,0.1182,0.1191,0.1182,0.1183
2015-09-25,0.1183,0.1186,0.1182,0.1182
2015-09-28,0.1185,0.1186,0.1181,0.1181
2015-09-29,0.1181,0.1189,0.1181,0.1187
2015-09-30,0.1188,0.1191,0.1188,0.119
2015-10-01,0.1189,0.1194,0.1188,0.1188
2015-10-02,0.1188,0.1202,0.1188,0.1192
2015-10-05,0.1192,0.12,0.1192,0.1195
2015-10-06,0.1195,0.121,0.1195,0.121
2015-10-07,0.121,0.1211,0.1208,0.1208
2015-10-08,0.1207,0.1213,0.1207,0.1208
2015-10-09,0.1208,0.1222,0.1208,0.1215
2015-10-12,0.1215,0.1221,0.1215,0.1217
2015-10-13,0.1217,0.123,0.1217,0.1224
2015-10-14,0.1223,0.123,0.1223,0.1229
2015-10-15,0.1228,0.1229,0.121,0.121
2015-10-16,0.121,0.1212,0.1208,0.1208
2015-10-19,0.1209,0.121,0.1197,0.1197
2015-10-20,0.1197,0.1205,0.1197,0.1199
2015-10-21,0.1198,0.1201,0.1196,0.1196
2015-10-22,0.1196,0.1198,0.1178,0.1178
2015-10-23,0.1178,0.1181,0.1173,0.1173
2015-10-26,0.1171,0.1175,0.1171,0.1171
2015-10-27,0.1174,0.1174,0.1172,0.1172
2015-10-28,0.1172,0.1185,0.1165,0.1165
2015-10-29,0.1165,0.1171,0.1165,0.1169
2015-10-30,0.1169,0.1174,0.1167,0.1167
2015-11-02,0.117,0.1172,0.1167,0.1167
2015-11-03,0.1167,0.117,0.1167,0.1167
2015-11-04,0.1167,0.1167,0.1154,0.1154
2015-11-05,0.1154,0.1156,0.1153,0.1153
2015-11-06,0.1154,0.1155,0.1141,0.1141
2015-11-09,0.1141,0.1151,0.1141,0.1146
2015-11-10,0.1146,0.1148,0.1146,0.1146
2015-11-11,0.1147,0.115,0.1146,0.1146
2015-11-12,0.1147,0.1155,0.1147,0.1153
2015-11-13,0.1154,0.1155,0.1147,0.1147
2015-11-16,0.1148,0.1151,0.1141,0.1141
2015-11-17,0.1141,0.1143,0.1137,0.1137
2015-11-18,0.1137,0.1145,0.1137,0.1141
2015-11-19,0.1141,0.1151,0.1141,0.1148
2015-11-20,0.1148,0.1149,0.1142,0.1142
2015-11-23,0.1142,0.1146,0.1142,0.1142
2015-11-24,0.1142,0.1146,0.1142,0.1145
2015-11-25,0.1145,0.1148,0.114,0.114
2015-11-26,0.1141,0.1142,0.114,0.114
2015-11-27,0.1139,0.1143,0.1139,0.114
2015-11-30,0.114,0.1145,0.114,0.1141
2015-12-01,0.1141,0.1149,0.1141,0.1147
2015-12-02,0.1147,0.1149,0.1147,0.1147
2015-12-03,0.1147,0.1179,0.1147,0.1174
2015-12-04,0.1174,0.1176,0.1174,0.1174
2015-12-07,0.1173,0.1175,0.1165,0.1165
2015-12-08,0.1165,0.1174,0.1165,0.117
2015-12-09,0.117,0.1185,0.117,0.1185
2015-12-10,0.1185,0.1185,0.1168,0.1168
2015-12-11,0.1169,0.1177,0.1169,0.1172
2015-12-14,0.1171,0.1177,0.1171,0.1174
2015-12-15,0.1174,0.1186,0.117,0.117
2015-12-16,0.117,0.1179,0.117,0.1171
2015-12-17,0.1171,0.1172,0.1163,0.1163
2015-12-18,0.1163,0.1169,0.1163,0.1165
2015-12-21,0.1164,0.1173,0.1164,0.1172
2015-12-22,0.1172,0.1185,0.1172,0.1182
2015-12-23,0.1182,0.1182,0.1179,0.1179
2015-12-24,0.1179,0.1187,0.1179,0.1186
2015-12-25,0.1186,0.1188,0.1186,0.1187
2015-12-28,0.1184,0.1191,0.1184,0.119
2015-12-29,0.119,0.1196,0.1188,0.1188
2015-12-30,0.1188,0.1194,0.1184,0.1184
2015-12-31,0.1185,0.1187,0.1179,0.1179
2016-01-01,0.1179,0.1179,0.1176,0.1176
2016-01-04,0.1179,0.1186,0.1172,0.1172
2016-01-05,0.1172,0.1173,0.1159,0.1159
2016-01-06,0.1158,0.1161,0.1158,0.1159
2016-01-07,0.116,0.1177,0.116,0.1176
2016-01-08,0.1177,0.1177,0.1171,0.1172
2016-01-11,0.1171,0.1176,0.1166,0.1166
2016-01-12,0.1166,0.117,0.1166,0.1168
2016-01-13,0.1168,0.117,0.1167,0.1167
2016-01-14,0.1168,0.1172,0.1165,0.1165
2016-01-15,0.1165,0.1167,0.116,0.116
2016-01-18,0.116,0.1162,0.1159,0.1159
2016-01-19,0.1161,0.1169,0.1161,0.1166
2016-01-20,0.1166,0.117,0.1159,0.1159
2016-01-21,0.1159,0.1165,0.1159,0.1163
2016-01-22,0.1163,0.1167,0.116,0.116
2016-01-25,0.116,0.1164,0.116,0.1163
2016-01-26,0.1162,0.1165,0.1162,0.1165
2016-01-27,0.1166,0.1174,0.1166,0.117
2016-01-28,0.117,0.1172,0.117,0.117
2016-01-29,0.117,0.1173,0.116,0.116
2016-02-01,0.1161,0.117,0.1161,0.1168
2016-02-02,0.1167,0.1169,0.1163,0.1163
2016-02-03,0.1164,0.1183,0.1164,0.1182
2016-02-04,0.1181,0.1191,0.1181,0.1186
2016-02-05,0.1185,0.1188,0.1176,0.1176
2016-02-08,0.1176,0.1184,0.1176,0.1179
2016-02-09,0.1179,0.1187,0.1179,0.1183
2016-02-10,0.1183,0.1189,0.1183,0.1189
2016-02-11,0.1189,0.1194,0.1185,0.119
2016-02-12,0.119,0.119,0.1183,0.1183
2016-02-15,0.1185,0.1185,0.1174,0.1174
2016-02-16,0.1173,0.1177,0.1171,0.1171
2016-02-17,0.1172,0.1176,0.1169,0.1169
2016-02-18,0.1169,0.1179,0.1169,0.1179
2016-02-19,0.1179,0.1182,0.1179,0.1179
2016-02-22,0.1178,0.1179,0.1172,0.1172
2016-02-23,0.1171,0.1176,0.1171,0.1173
2016-02-24,0.1174,0.1176,0.1173,0.1173
2016-02-25,0.1173,0.1175,0.1172,0.1172
2016-02-26,0.1172,0.1176,0.1164,0.1164
2016-02-29,0.1162,0.1168,0.1162,0.1163
2016-03-01,0.1162,0.1164,0.1155,0.1155
2016-03-02,0.1155,0.1158,0.1155,0.1157
2016-03-03,0.1157,0.1169,0.1157,0.1168
2016-03-04,0.1168,0.1176,0.1168,0.1175
2016-03-07,0.1175,0.1176,0.1175,0.1175
2016-03-08,0.1176,0.1177,0.1173,0.1173
2016-03-09,0.1173,0.1183,0.1173,0.1179
2016-03-10,0.1179,0.1193,0.1176,0.1189
2016-03-11,0.1188,0.1195,0.1188,0.1194
2016-03-14,0.1194,0.1197,0.1193,0.1193
2016-03-15,0.1193,0.1199,0.1193,0.1197
2016-03-16,0.1197,0.1214,0.1197,0.121
2016-03-17,0.1209,0.1224,0.1209,0.1217
2016-03-18,0.1217,0.122,0.1209,0.1209
2016-03-21,0.1209,0.1213,0.1209,0.121
2016-03-22,0.121,0.1213,0.121,0.121
2016-03-23,0.1211,0.1211,0.1205,0.1205
2016-03-24,0.1205,0.1205,0.1201,0.1201
2016-03-25,0.1201,0.1202,0.1199,0.1199
2016-03-28,0.12,0.1205,0.12,0.1203
2016-03-29,0.1203,0.1216,0.1203,0.1214
2016-03-30,0.1215,0.1226,0.1215,0.1224
2016-03-31,0.1224,0.1231,0.1224,0.1227
2016-04-01,0.1228,0.1232,0.1224,0.1224
2016-04-04,0.1226,0.1228,0.1226,0.1226
2016-04-05,0.1226,0.1227,0.1225,0.1225
2016-04-06,0.1225,0.1225,0.1223,0.1223
2016-04-07,0.1223,0.1227,0.122,0.122
2016-04-08,0.122,0.1225,0.122,0.1222
2016-04-11,0.1223,0.123,0.1223,0.1227
2016-04-12,0.1227,0.124,0.1227,0.1233
2016-04-13,0.1233,0.1233,0.1223,0.1223
2016-04-14,0.1223,0.1227,0.1223,0.1224
2016-04-15,0.1224,0.1229,0.1224,0.1225
2016-04-18,0.1227,0.1229,0.1226,0.1226
2016-04-19,0.1227,0.1234,0.1227,0.1232
2016-04-20,0.1232,0.1238,0.1226,0.1226
2016-04-21,0.1227,0.1235,0.1223,0.1223
2016-04-22,0.1223,0.1231,0.1221,0.1221
2016-04-25,0.1219,0.1226,0.1219,0.1224
2016-04-26,0.1224,0.1233,0.1224,0.1227
2016-04-27,0.1226,0.1233,0.1226,0.1231
2016-04-28,0.1231,0.1239,0.1231,0.1234
2016-04-29,0.1234,0.1246,0.1234,0.124
2016-05-02,0.124,0.1252,0.124,0.1249
2016-05-03,0.125,0.1261,0.1237,0.1237
2016-05-04,0.1237,0.1239,0.1234,0.1234
2016-05-05,0.1234,0.1236,0.1228,0.1228
2016-05-06,0.1228,0.1231,0.1222,0.1222
2016-05-09,0.1223,0.1226,0.1219,0.1219
2016-05-10,0.1219,0.1224,0.1219,0.122
2016-05-11,0.122,0.1227,0.122,0.1225
2016-05-12,0.1225,0.1225,0.1216,0.1216
2016-05-13,0.1216,0.1217,0.1208,0.1208
2016-05-16,0.1206,0.1211,0.1205,0.1205
2016-05-17,0.1205,0.1211,0.1205,0.1206
2016-05-18,0.1206,0.1207,0.1192,0.1192
2016-05-19,0.1193,0.1196,0.1192,0.1192
2016-05-20,0.1192,0.1198,0.1192,0.1197
2016-05-23,0.1197,0.1199,0.1194,0.1194
2016-05-24,0.1194,0.1199,0.1194,0.1198
2016-05-25,0.1198,0.1202,0.1198,0.1199
2016-05-26,0.1199,0.1205,0.1199,0.1203
2016-05-27,0.1203,0.1204,0.1193,0.1193
2016-05-30,0.1193,0.1197,0.1193,0.1195
2016-05-31,0.1195,0.1199,0.1195,0.1195
2016-06-01,0.1195,0.1201,0.1195,0.12
2016-06-02,0.12,0.1203,0.1196,0.1196
2016-06-03,0.1196,0.1224,0.1196,0.1223
2016-06-06,0.1221,0.1228,0.1221,0.1225
2016-06-07,0.1225,0.1228,0.1225,0.1225
2016-06-08,0.1225,0.1231,0.1225,0.1229
2016-06-09,0.1228,0.123,0.1218,0.1218
2016-06-10,0.1218,0.1218,0.1197,0.1197
2016-06-13,0.1198,0.121,0.1198,0.1208
2016-06-14,0.1208,0.1208,0.1198,0.1198
2016-06-15,0.1197,0.1201,0.1197,0.1198
2016-06-16,0.1198,0.1201,0.119,0.1194
2016-06-17,0.1194,0.12,0.1194,0.1196
2016-06-20,0.1196,0.1211,0.1196,0.1208
2016-06-21,0.1208,0.1213,0.1203,0.1203
2016-06-22,0.1203,0.1212,0.1203,0.121
2016-06-23,0.1211,0.1228,0.1211,0.1228
2016-06-24,0.1228,0.1228,0.1149,0.1177
2016-06-27,0.117,0.1177,0.1164,0.1164
2016-06-28,0.1164,0.1173,0.1164,0.1172
2016-06-29,0.1172,0.1178,0.1172,0.1178
2016-06-30,0.1178,0.1179,0.1178,0.1178
2016-07-01,0.1177,0.1184,0.1177,0.1183
2016-07-04,0.1181,0.1183,0.1181,0.1182
2016-07-05,0.1182,0.1183,0.1168,0.1168
2016-07-06,0.1167,0.117,0.1167,0.1168
2016-07-07,0.1168,0.1169,0.1161,0.1161
2016-07-08,0.1162,0.1165,0.1161,0.1161
2016-07-11,0.1161,0.1164,0.1161,0.1161
2016-07-12,0.1161,0.1171,0.1161,0.1167
2016-07-13,0.1166,0.1175,0.1166,0.1173
2016-07-14,0.1172,0.1177,0.1171,0.1171
2016-07-15,0.1171,0.1175,0.116,0.116
2016-07-18,0.116,0.1165,0.116,0.1164
2016-07-19,0.1165,0.1165,0.1156,0.1156
2016-07-20,0.1156,0.1159,0.1156,0.1157
2016-07-21,0.1157,0.1161,0.1157,0.1158
2016-07-22,0.1159,0.1159,0.1148,0.1148
2016-07-25,0.115,0.1153,0.115,0.1151
2016-07-26,0.1152,0.1155,0.115,0.115
2016-07-27,0.115,0.1155,0.115,0.1154
2016-07-28,0.1154,0.1161,0.1153,0.1153
2016-07-29,0.1153,0.1167,0.1153,0.1165
2016-08-01,0.1163,0.1165,0.1158,0.1158
2016-08-02,0.1159,0.1171,0.1159,0.117
2016-08-03,0.117,0.1173,0.1165,0.1165
2016-08-04,0.1165,0.117,0.1165,0.1168
2016-08-05,0.1168,0.117,0.116,0.116
2016-08-08,0.1163,0.1164,0.116,0.116
2016-08-09,0.116,0.1168,0.116,0.1167
2016-08-10,0.1167,0.1179,0.1167,0.1178
2016-08-11,0.1179,0.1183,0.1176,0.1176
2016-08-12,0.1177,0.1185,0.1177,0.1179
2016-08-15,0.1178,0.118,0.1177,0.1177
2016-08-16,0.1177,0.1193,0.1177,0.1184
2016-08-17,0.1186,0.1186,0.1183,0.1183
2016-08-18,0.1183,0.1194,0.1183,0.1193
2016-08-19,0.1193,0.1194,0.1188,0.1188
2016-08-22,0.1186,0.119,0.1186,0.119
2016-08-23,0.119,0.1194,0.1188,0.1188
2016-08-24,0.1188,0.1191,0.1185,0.1185
2016-08-25,0.1185,0.1187,0.1184,0.1184
2016-08-26,0.1184,0.119,0.1175,0.1175
2016-08-29,0.1174,0.1177,0.1174,0.1176
2016-08-30,0.1176,0.1177,0.1166,0.1166
2016-08-31,0.1166,0.1169,0.1163,0.1163
2016-09-01,0.1163,0.1165,0.1163,0.1164
2016-09-02,0.1165,0.1167,0.1156,0.1156
2016-09-05,0.116,0.1164,0.116,0.1162
2016-09-06,0.1162,0.1178,0.1162,0.1176
2016-09-07,0.1175,0.1181,0.1175,0.118
2016-09-08,0.118,0.1188,0.118,0.118
2016-09-09,0.118,0.1182,0.1172,0.1172
2016-09-12,0.1173,0.1175,0.1173,0.1174
2016-09-13,0.1174,0.1175,0.1166,0.1166
2016-09-14,0.1167,0.1176,0.1167,0.1173
2016-09-15,0.1172,0.1175,0.1172,0.1174
2016-09-16,0.1174,0.1174,0.1163,0.1163
2016-09-19,0.1163,0.1166,0.1163,0.1163
2016-09-20,0.1163,0.1166,0.1158,0.1158
2016-09-21,0.1158,0.1164,0.1158,0.1164
2016-09-22,0.1164,0.117,0.1164,0.1165
2016-09-23,0.1165,0.1167,0.1165,0.1165
2016-09-26,0.1165,0.1169,0.1165,0.1166
2016-09-27,0.1166,0.1169,0.1158,0.1158
2016-09-28,0.1159,0.1163,0.1159,0.1162
2016-09-29,0.1162,0.1166,0.1162,0.1162
2016-09-30,0.1162,0.1168,0.1162,0.1168
2016-10-03,0.1161,0.1168,0.1161,0.1162
2016-10-04,0.1162,0.1162,0.1158,0.1158
2016-10-05,0.1158,0.1164,0.1158,0.1159
2016-10-06,0.1159,0.116,0.1154,0.1154
2016-10-07,0.1154,0.1157,0.1154,0.1154
2016-10-10,0.1153,0.1154,0.1151,0.1151
2016-10-11,0.1151,0.1151,0.1128,0.1128
2016-10-12,0.1128,0.113,0.1124,0.1124
2016-10-13,0.1124,0.1133,0.1124,0.1132
2016-10-14,0.1132,0.1134,0.1125,0.1125
2016-10-17,0.1126,0.1131,0.1126,0.113
2016-10-18,0.113,0.1133,0.1127,0.1127
2016-10-19,0.1128,0.113,0.1127,0.1127
2016-10-20,0.1127,0.1129,0.1122,0.1122
2016-10-21,0.1122,0.1123,0.1117,0.1117
2016-10-24,0.1116,0.1119,0.1116,0.1117
2016-10-25,0.1117,0.1118,0.1115,0.1115
2016-10-26,0.1115,0.1119,0.1115,0.1117
2016-10-27,0.1117,0.112,0.1096,0.1096
2016-10-28,0.1096,0.1107,0.1096,0.1105
2016-10-31,0.1108,0.1108,0.1103,0.1103
2016-11-01,0.1102,0.1114,0.1102,0.1111
2016-11-02,0.1111,0.112,0.1111,0.1116
2016-11-03,0.1116,0.112,0.111,0.111
2016-11-04,0.111,0.1114,0.111,0.1113
2016-11-07,0.1111,0.1112,0.1103,0.1103
2016-11-08,0.1103,0.1109,0.1103,0.1107
2016-11-09,0.1108,0.1118,0.1099,0.1099
2016-11-10,0.1097,0.1102,0.1097,0.1101
2016-11-11,0.1101,0.1103,0.1096,0.1096
2016-11-14,0.1096,0.1096,0.1087,0.1087
2016-11-15,0.1087,0.1098,0.1084,0.1084
2016-11-16,0.1083,0.1087,0.1082,0.1082
2016-11-17,0.1082,0.1087,0.1078,0.1078
2016-11-18,0.1077,0.1079,0.1073,0.1073
2016-11-21,0.1075,0.1081,0.1075,0.1079
2016-11-22,0.1079,0.1082,0.1079,0.108
2016-11-23,0.108,0.1081,0.1073,0.1073
2016-11-24,0.1073,0.108,0.1073,0.1075
2016-11-25,0.1075,0.1081,0.1075,0.1077
2016-11-28,0.1076,0.1085,0.1076,0.1082
2016-11-29,0.1082,0.1086,0.1082,0.1085
2016-11-30,0.1085,0.1089,0.1079,0.1079
2016-12-01,0.1078,0.1082,0.1078,0.1079
2016-12-02,0.1079,0.1084,0.1079,0.1083
2016-12-05,0.1082,0.1094,0.108,0.1092
2016-12-06,0.1093,0.1093,0.109,0.109
2016-12-07,0.1091,0.1099,0.1091,0.1097
2016-12-08,0.1097,0.1102,0.1091,0.1091
2016-12-09,0.1091,0.1091,0.1085,0.1085
2016-12-12,0.1084,0.1087,0.1084,0.1086
2016-12-13,0.1086,0.109,0.1086,0.1086
2016-12-14,0.1087,0.1089,0.1074,0.1074
2016-12-15,0.1075,0.1076,0.1058,0.1058
2016-12-16,0.1058,0.1066,0.1058,0.1066
2016-12-19,0.1066,0.1067,0.1061,0.1061
2016-12-20,0.1061,0.1065,0.1061,0.1065
2016-12-21,0.1065,0.108,0.1065,0.1079
2016-12-22,0.1079,0.1088,0.1079,0.1079
2016-12-23,0.1079,0.1083,0.1079,0.1081
2016-12-26,0.1081,0.1084,0.1081,0.1081
2016-12-27,0.1081,0.1082,0.1079,0.1079
2016-12-28,0.1079,0.1084,0.1079,0.1081
2016-12-29,0.1081,0.1093,0.1081,0.1092
2016-12-30,0.1091,0.1102,0.1091,0.1094
2017-01-02,0.1093,0.1097,0.1089,0.1089
2017-01-03,0.1089,0.1094,0.1086,0.1086
2017-01-04,0.1087,0.1094,0.1087,0.1093
2017-01-05,0.1093,0.1107,0.1093,0.1106
2017-01-06,0.1107,0.1108,0.1098,0.1098
2017-01-09,0.1097,0.1101,0.1097,0.11
2017-01-10,0.1101,0.1105,0.1096,0.1096
2017-01-11,0.1096,0.1105,0.1096,0.1103
2017-01-12,0.1103,0.1118,0.1103,0.1112
2017-01-13,0.1112,0.1119,0.1112,0.1117
2017-01-16,0.1118,0.1118,0.1112,0.1112
2017-01-17,0.1112,0.1122,0.1112,0.1121
2017-01-18,0.1121,0.1121,0.1112,0.1112
2017-01-19,0.1112,0.1115,0.1112,0.1112
2017-01-20,0.1112,0.1121,0.1112,0.1121
2017-01-23,0.1121,0.1128,0.1121,0.1128
2017-01-24,0.1128,0.1129,0.1125,0.1125
2017-01-25,0.1125,0.113,0.1125,0.1129
2017-01-26,0.1129,0.1131,0.1126,0.1126
2017-01-27,0.1125,0.1129,0.1124,0.1124
2017-01-30,0.1124,0.1129,0.1124,0.1127
2017-01-31,0.1127,0.1139,0.1127,0.1139
2017-02-01,0.1139,0.1142,0.1138,0.1138
2017-02-02,0.1138,0.1145,0.1138,0.1138
2017-02-03,0.1138,0.1139,0.1137,0.1137
2017-02-06,0.1136,0.1137,0.1128,0.1128
2017-02-07,0.1128,0.1129,0.1121,0.1121
2017-02-08,0.1122,0.1127,0.1122,0.1127
2017-02-09,0.1127,0.1127,0.1118,0.1118
2017-02-10,0.1118,0.1119,0.1116,0.1116
2017-02-13,0.1116,0.1119,0.1114,0.1114
2017-02-14,0.1114,0.1118,0.1114,0.1114
2017-02-15,0.1115,0.1117,0.1115,0.1116
2017-02-16,0.1116,0.1125,0.1116,0.1124
2017-02-17,0.1124,0.1124,0.1117,0.1117
2017-02-20,0.1117,0.1119,0.1114,0.1114
2017-02-21,0.1114,0.1114,0.1109,0.1109
2017-02-22,0.1109,0.1111,0.1109,0.1109
2017-02-23,0.1109,0.111,0.1107,0.1107
2017-02-24,0.1107,0.111,0.1101,0.1101
2017-02-27,0.1101,0.1105,0.1098,0.1098
2017-02-28,0.1098,0.1106,0.1098,0.1101
2017-03-01,0.1101,0.1103,0.11,0.11
2017-03-02,0.11,0.1102,0.1096,0.1096
2017-03-03,0.1096,0.1109,0.1096,0.1109
2017-03-06,0.1109,0.111,0.1104,0.1104
2017-03-07,0.1104,0.1107,0.1104,0.1105
2017-03-08,0.1105,0.1106,0.1099,0.1099
2017-03-09,0.1099,0.1105,0.1099,0.11
2017-03-10,0.11,0.1108,0.11,0.1105
2017-03-13,0.1105,0.1114,0.1105,0.1113
2017-03-14,0.1113,0.1117,0.111,0.111
2017-03-15,0.111,0.1123,0.111,0.1123
2017-03-16,0.1123,0.1129,0.1123,0.1129
2017-03-17,0.1129,0.1133,0.1127,0.1127
2017-03-20,0.1127,0.1131,0.1127,0.1129
2017-03-21,0.1128,0.1135,0.1128,0.1131
2017-03-22,0.1131,0.1135,0.1131,0.1132
2017-03-23,0.1132,0.1133,0.1127,0.1127
2017-03-24,0.1128,0.1132,0.1128,0.113
2017-03-27,0.113,0.1136,0.113,0.1133
2017-03-28,0.1134,0.1136,0.1127,0.1127
2017-03-29,0.1127,0.1128,0.1123,0.1123
2017-03-30,0.1123,0.1123,0.1114,0.1114
2017-03-31,0.1114,0.1117,0.111,0.111
2017-04-03,0.1111,0.1117,0.1111,0.1111
2017-04-04,0.1111,0.1112,0.1106,0.1106
2017-04-05,0.1106,0.1112,0.1106,0.1108
2017-04-06,0.1108,0.1109,0.1103,0.1103
2017-04-07,0.1103,0.1106,0.1097,0.1097
2017-04-10,0.1098,0.1099,0.1097,0.1097
2017-04-11,0.1096,0.1102,0.1096,0.1099
2017-04-12,0.1099,0.111,0.1099,0.1109
2017-04-13,0.1109,0.1113,0.1102,0.1102
2017-04-14,0.1102,0.1103,0.1102,0.1102
2017-04-17,0.1102,0.1109,0.1102,0.1106
2017-04-18,0.1106,0.1112,0.1106,0.1111
2017-04-19,0.1111,0.1114,0.111,0.111
2017-04-20,0.111,0.1115,0.1108,0.1108
2017-04-21,0.1108,0.1109,0.1105,0.1105
2017-04-24,0.1129,0.1132,0.1124,0.1124
2017-04-25,0.1124,0.1138,0.1124,0.1136
2017-04-27,0.1136,0.1138,0.1127,0.1127
2017-04-28,0.1127,0.1131,0.1124,0.1124
2017-05-01,0.1126,0.1129,0.1125,0.1125
2017-05-02,0.1125,0.1131,0.1125,0.1131
2017-05-03,0.1131,0.1132,0.1126,0.1126
2017-05-04,0.1126,0.113,0.1126,0.1127
2017-05-05,0.1127,0.1133,0.1127,0.1132
2017-05-08,0.1133,0.1135,0.1125,0.1125
2017-05-09,0.1125,0.1127,0.112,0.112
2017-05-10,0.112,0.1122,0.1116,0.1116
2017-05-11,0.1116,0.1125,0.1116,0.1121
2017-05-12,0.1121,0.1128,0.1121,0.1128
2017-05-15,0.1127,0.113,0.1127,0.1127
2017-05-16,0.1127,0.1135,0.1127,0.1133
2017-05-17,0.1133,0.1141,0.1133,0.114
2017-05-18,0.114,0.1141,0.113,0.113
2017-05-19,0.1131,0.1143,0.1131,0.114
2017-05-22,0.1141,0.1146,0.1141,0.1145
2017-05-23,0.1145,0.115,0.1144,0.1144
2017-05-24,0.1144,0.1149,0.1144,0.1148
2017-05-25,0.1148,0.1152,0.1146,0.1146
2017-05-26,0.1146,0.1149,0.1145,0.1145
2017-05-29,0.1144,0.1147,0.1143,0.1143
2017-05-30,0.1143,0.1143,0.114,0.114
2017-05-31,0.1141,0.1148,0.1141,0.1146
2017-06-01,0.1146,0.1148,0.1146,0.1147
2017-06-02,0.1147,0.1156,0.1147,0.1156
2017-06-05,0.1155,0.1156,0.1151,0.1151
2017-06-06,0.115,0.1152,0.1149,0.1149
2017-06-07,0.1149,0.1149,0.1146,0.1146
2017-06-08,0.1146,0.1147,0.1142,0.1142
2017-06-09,0.1142,0.1143,0.1142,0.1142
2017-06-12,0.1141,0.1144,0.1138,0.1138
2017-06-13,0.1138,0.1148,0.1138,0.1145
2017-06-14,0.1145,0.1154,0.1144,0.1144
2017-06-15,0.1144,0.1145,0.1138,0.1138
2017-06-16,0.1138,0.1146,0.1138,0.1142
2017-06-19,0.1144,0.1146,0.1139,0.1139
2017-06-20,0.1139,0.1141,0.1134,0.1134
2017-06-21,0.1133,0.1139,0.1133,0.1138
2017-06-22,0.1138,0.1141,0.1137,0.1137
2017-06-23,0.1137,0.1144,0.1137,0.1141
2017-06-26,0.1141,0.1145,0.1141,0.1142
2017-06-27,0.1142,0.1157,0.1142,0.1155
2017-06-28,0.1155,0.1166,0.1155,0.1165
2017-06-29,0.1165,0.1178,0.1165,0.1177
2017-06-30,0.1177,0.1183,0.1177,0.1182
2017-07-03,0.1182,0.1183,0.1173,0.1173
2017-07-04,0.1173,0.1174,0.1168,0.1168
2017-07-05,0.1169,0.1174,0.1169,0.1174
2017-07-06,0.1173,0.118,0.1173,0.118
2017-07-07,0.1179,0.1183,0.1179,0.1181
2017-07-10,0.1181,0.1183,0.1181,0.1181
2017-07-11,0.1181,0.1186,0.1181,0.1185
2017-07-12,0.1185,0.1187,0.1183,0.1183
2017-07-13,0.1182,0.1192,0.1182,0.1191
2017-07-14,0.1191,0.1199,0.1191,0.1199
2017-07-17,0.1197,0.1202,0.1197,0.12
2017-07-18,0.12,0.1207,0.12,0.12
2017-07-19,0.1199,0.1203,0.1199,0.1199
2017-07-20,0.12,0.1212,0.12,0.1211
2017-07-21,0.1211,0.1214,0.1208,0.1208
2017-07-24,0.1208,0.1213,0.1208,0.1212
2017-07-25,0.1212,0.122,0.1212,0.1213
2017-07-26,0.1213,0.1221,0.1213,0.122
2017-07-27,0.122,0.1224,0.1211,0.1211
2017-07-28,0.1212,0.1228,0.1212,0.1228
2017-07-31,0.1226,0.1236,0.1226,0.1235
2017-08-01,0.1235,0.1235,0.1228,0.1228
2017-08-02,0.1228,0.1233,0.1228,0.123
2017-08-03,0.123,0.1232,0.123,0.123
2017-08-04,0.123,0.1232,0.1223,0.1223
2017-08-07,0.1223,0.1226,0.1222,0.1222
2017-08-08,0.1222,0.1228,0.1218,0.1218
2017-08-09,0.1218,0.1219,0.1218,0.1218
2017-08-10,0.1218,0.1226,0.1218,0.1224
2017-08-11,0.1223,0.1228,0.1223,0.1227
2017-08-14,0.1225,0.1229,0.1225,0.1226
2017-08-15,0.1226,0.1236,0.1226,0.1234
2017-08-16,0.1234,0.1235,0.1234,0.1234
2017-08-17,0.1233,0.1235,0.1224,0.1224
2017-08-18,0.1224,0.1229,0.1224,0.1228
2017-08-21,0.1229,0.1235,0.1229,0.1234
2017-08-22,0.1233,0.1234,0.123,0.123
2017-08-23,0.1231,0.1237,0.1231,0.1236
2017-08-24,0.1236,0.1237,0.1234,0.1234
2017-08-25,0.1234,0.1252,0.1234,0.125
2017-08-28,0.1252,0.1255,0.1251,0.1251
2017-08-29,0.1251,0.1259,0.1251,0.1253
2017-08-30,0.1254,0.1256,0.1249,0.1249
2017-08-31,0.1248,0.1255,0.1248,0.1255
2017-09-01,0.1255,0.1258,0.1245,0.1245
2017-09-04,0.1245,0.1253,0.1245,0.1252
2017-09-05,0.1251,0.1255,0.125,0.125
2017-09-06,0.1251,0.1253,0.1249,0.1249
2017-09-07,0.1249,0.126,0.1249,0.1257
2017-09-08,0.1257,0.1263,0.1257,0.1259
2017-09-11,0.1256,0.1256,0.1243,0.1243
2017-09-12,0.1243,0.1251,0.1243,0.1249
2017-09-13,0.1249,0.1252,0.124,0.124
2017-09-14,0.124,0.1247,0.124,0.1246
2017-09-15,0.1246,0.1254,0.1246,0.1254
2017-09-18,0.125,0.1254,0.125,0.1251
2017-09-19,0.1251,0.1255,0.1251,0.1252
2017-09-20,0.1252,0.1256,0.1243,0.1243
2017-09-21,0.1243,0.125,0.1243,0.1249
2017-09-22,0.1249,0.1254,0.1248,0.1248
2017-09-25,0.1248,0.125,0.1238,0.1238
2017-09-26,0.1238,0.124,0.1226,0.1226
2017-09-27,0.1226,0.1227,0.1222,0.1222
2017-09-28,0.1222,0.1228,0.1222,0.1227
2017-09-29,0.1227,0.123,0.1223,0.1223
2017-10-02,0.1221,0.1223,0.1219,0.1219
2017-10-03,0.1219,0.1226,0.1219,0.1223
2017-10-04,0.1224,0.1231,0.1224,0.123
2017-10-05,0.123,0.1232,0.1224,0.1224
2017-10-06,0.1224,0.1228,0.1224,0.1227
2017-10-09,0.1227,0.1229,0.1226,0.1226
2017-10-10,0.1226,0.1235,0.1226,0.1234
2017-10-11,0.1234,0.1239,0.1234,0.1238
2017-10-12,0.1238,0.1241,0.1226,0.1226
2017-10-13,0.1226,0.1232,0.1226,0.1227
2017-10-16,0.1226,0.123,0.1226,0.1229
2017-10-17,0.1229,0.1229,0.1221,0.1221
2017-10-18,0.1221,0.1224,0.1221,0.1223
2017-10-19,0.1223,0.1226,0.1223,0.1225
2017-10-20,0.1225,0.1226,0.122,0.122
2017-10-23,0.1219,0.1219,0.1215,0.1215
2017-10-24,0.1214,0.1217,0.1212,0.1212
2017-10-25,0.1212,0.1215,0.1212,0.1212
2017-10-26,0.1212,0.1215,0.1192,0.1192
2017-10-27,0.1192,0.1193,0.1192,0.1192
2017-10-30,0.1192,0.1195,0.1192,0.1192
2017-10-31,0.1192,0.1194,0.1189,0.1189
2017-11-01,0.1189,0.1191,0.1185,0.1185
2017-11-02,0.1185,0.1191,0.1185,0.1186
2017-11-03,0.1186,0.1188,0.1181,0.1181
2017-11-06,0.1181,0.1187,0.1181,0.1186
2017-11-07,0.1186,0.1187,0.1186,0.1186
2017-11-08,0.1186,0.1189,0.1186,0.1188
2017-11-09,0.1188,0.1192,0.1188,0.1189
2017-11-10,0.1189,0.1193,0.1189,0.1192
2017-11-13,0.1191,0.1193,0.1188,0.1188
2017-11-14,0.1188,0.1189,0.1186,0.1186
2017-11-15,0.1186,0.1188,0.1181,0.1181
2017-11-16,0.1181,0.1187,0.1181,0.1185
2017-11-17,0.1185,0.119,0.1182,0.1182
2017-11-20,0.1181,0.1182,0.1174,0.1174
2017-11-21,0.1174,0.1183,0.1174,0.1181
2017-11-22,0.1181,0.1195,0.1181,0.1195
2017-11-23,0.1194,0.1201,0.1194,0.12
2017-11-24,0.12,0.1204,0.12,0.1203
2017-11-27,0.1203,0.1204,0.1199,0.1199
2017-11-28,0.1199,0.1202,0.1193,0.1193
2017-11-29,0.1193,0.1198,0.1189,0.1189
2017-11-30,0.1191,0.1197,0.1189,0.1189
2017-12-01,0.1189,0.1193,0.1189,0.1193
2017-12-04,0.1193,0.1194,0.1183,0.1183
2017-12-05,0.1183,0.1191,0.1183,0.1191
2017-12-06,0.119,0.1196,0.1181,0.1181
2017-12-07,0.118,0.1183,0.1173,0.1173
2017-12-08,0.1173,0.1179,0.1173,0.1179
2017-12-11,0.1179,0.118,0.1171,0.1171
2017-12-12,0.1171,0.1184,0.1171,0.1183
2017-12-13,0.1183,0.1185,0.1183,0.1184
2017-12-14,0.1183,0.1191,0.1179,0.1179
2017-12-15,0.118,0.1183,0.1171,0.1171
2017-12-18,0.1171,0.1184,0.1171,0.118
2017-12-19,0.118,0.1186,0.118,0.1185
2017-12-20,0.1185,0.1193,0.1185,0.1186
2017-12-21,0.1185,0.119,0.1185,0.1188
2017-12-22,0.1188,0.1197,0.1188,0.1197
2017-12-25,0.1196,0.1198,0.1196,0.1198
2017-12-26,0.1198,0.1198,0.1193,0.1193
2017-12-27,0.1193,0.1205,0.1193,0.1203
2017-12-28,0.1203,0.121,0.1203,0.1208
2017-12-29,0.1208,0.122,0.1208,0.1216
2018-01-01,0.1217,0.1219,0.1217,0.1217
2018-01-02,0.1219,0.1225,0.1219,0.1219
2018-01-03,0.1219,0.1221,0.1218,0.1218
2018-01-04,0.1218,0.1226,0.1218,0.1224
2018-01-05,0.1224,0.1226,0.1221,0.1221
2018-01-08,0.1221,0.1224,0.1215,0.1215
2018-01-09,0.1214,0.1215,0.1211,0.1211
2018-01-10,0.121,0.122,0.121,0.1214
2018-01-11,0.1214,0.1226,0.1214,0.1224
2018-01-12,0.1225,0.1239,0.1225,0.1237
2018-01-15,0.1237,0.1245,0.1237,0.1243
2018-01-16,0.1242,0.1244,0.1239,0.1239
2018-01-17,0.1238,0.1246,0.1237,0.1237
2018-01-18,0.1237,0.1244,0.1237,0.1243
2018-01-19,0.1242,0.1245,0.1238,0.1238
2018-01-22,0.1237,0.1243,0.1237,0.1243
2018-01-23,0.1242,0.1244,0.1242,0.1244
2018-01-24,0.1244,0.1257,0.1244,0.1256
2018-01-25,0.1257,0.1271,0.1257,0.1257
2018-01-26,0.1257,0.1268,0.1257,0.1266
2018-01-29,0.1265,0.1266,0.1262,0.1262
2018-01-30,0.1261,0.1267,0.1261,0.1262
2018-01-31,0.1262,0.1273,0.1262,0.1263
2018-02-01,0.1264,0.1271,0.1264,0.127
2018-02-02,0.127,0.1271,0.1261,0.1261
2018-02-05,0.126,0.1264,0.1248,0.1248
2018-02-06,0.1248,0.1256,0.1248,0.1253
2018-02-07,0.1253,0.1255,0.1233,0.1233
2018-02-08,0.1232,0.1238,0.1227,0.1227
2018-02-09,0.1227,0.1233,0.1227,0.123
2018-02-12,0.123,0.1236,0.123,0.1235
2018-02-13,0.1235,0.1242,0.1235,0.124
2018-02-14,0.1241,0.1254,0.1239,0.1252
2018-02-15,0.1252,0.1258,0.1252,0.1257
2018-02-16,0.1256,0.1261,0.125,0.125
2018-02-19,0.125,0.1253,0.1247,0.1247
2018-02-20,0.1247,0.1248,0.123,0.123
2018-02-21,0.123,0.1235,0.1227,0.1227
2018-02-22,0.1227,0.1229,0.1227,0.1227
2018-02-23,0.1227,0.1228,0.1219,0.1219
2018-02-26,0.1219,0.1225,0.1219,0.1222
2018-02-27,0.1222,0.1224,0.1211,0.1211
2018-02-28,0.1211,0.1212,0.1201,0.1201
2018-03-01,0.1201,0.1209,0.1201,0.1207
2018-03-02,0.1207,0.1209,0.1207,0.1207
2018-03-05,0.1207,0.121,0.1205,0.1205
2018-03-06,0.1205,0.1214,0.1205,0.1213
2018-03-07,0.1214,0.1215,0.121,0.121
2018-03-08,0.121,0.1212,0.1204,0.1204
2018-03-09,0.1204,0.121,0.1204,0.1208
2018-03-12,0.1208,0.1211,0.1208,0.1209
2018-03-13,0.1208,0.1216,0.1208,0.1212
2018-03-14,0.1212,0.122,0.1212,0.1217
2018-03-15,0.1217,0.1221,0.1217,0.1218
2018-03-16,0.1218,0.1218,0.1215,0.1215
2018-03-19,0.1216,0.1221,0.1216,0.1219
2018-03-20,0.1219,0.122,0.1212,0.1212
2018-03-21,0.1212,0.1218,0.1212,0.1216
2018-03-22,0.1216,0.122,0.1208,0.1208
2018-03-23,0.1208,0.121,0.1208,0.1208
2018-03-26,0.1208,0.1217,0.1208,0.1216
2018-03-27,0.1216,0.1219,0.121,0.121
2018-03-28,0.121,0.1211,0.1192,0.1192
2018-03-29,0.1192,0.1195,0.1191,0.1191
2018-03-30,0.1192,0.1196,0.1192,0.1194
2018-04-02,0.1194,0.1196,0.1187,0.1187
2018-04-03,0.1187,0.1191,0.1186,0.1186
2018-04-04,0.1187,0.1189,0.1184,0.1184
2018-04-05,0.1184,0.1188,0.1183,0.1183
2018-04-06,0.1183,0.1188,0.1183,0.1187
2018-04-09,0.1187,0.1193,0.1187,0.1191
2018-04-10,0.1191,0.1201,0.1191,0.1198
2018-04-11,0.1199,0.1201,0.1196,0.1196
2018-04-12,0.1196,0.1197,0.1185,0.1185
2018-04-13,0.1185,0.1185,0.1175,0.1175
2018-04-16,0.1175,0.1186,0.1175,0.1184
2018-04-17,0.1184,0.1186,0.1184,0.1185
2018-04-18,0.1185,0.1189,0.1185,0.1185
2018-04-19,0.1185,0.119,0.1184,0.1184
2018-04-20,0.1184,0.1185,0.1179,0.1179
2018-04-23,0.1179,0.118,0.1169,0.1169
2018-04-24,0.1169,0.1173,0.1169,0.117
2018-04-25,0.117,0.1171,0.1163,0.1163
2018-04-26,0.1163,0.1167,0.1149,0.1149
2018-04-27,0.115,0.1152,0.1149,0.1149
2018-04-30,0.115,0.1151,0.1138,0.1138
2018-05-01,0.1137,0.1139,0.1125,0.1125
2018-05-02,0.1125,0.1129,0.1117,0.1117
2018-05-03,0.1117,0.1131,0.1117,0.113
2018-05-04,0.1131,0.1133,0.113,0.113
2018-05-07,0.1131,0.1133,0.1127,0.1127
2018-05-08,0.1127,0.1132,0.1127,0.113
2018-05-09,0.1129,0.1146,0.1129,0.1144
2018-05-10,0.1144,0.1155,0.1144,0.1152
2018-05-11,0.1152,0.1162,0.1152,0.1157
2018-05-14,0.1158,0.1162,0.1152,0.1152
2018-05-15,0.1152,0.1156,0.1146,0.1146
2018-05-16,0.1146,0.1148,0.1144,0.1144
2018-05-17,0.1144,0.1147,0.114,0.114
2018-05-18,0.114,0.1142,0.1137,0.1137
2018-05-21,0.1137,0.1148,0.1137,0.1148
2018-05-22,0.1148,0.1152,0.1147,0.1147
2018-05-23,0.1146,0.1147,0.1137,0.1137
2018-05-24,0.1136,0.1141,0.1136,0.1137
2018-05-25,0.1137,0.1147,0.1135,0.1135
2018-05-28,0.1136,0.1143,0.1128,0.1128
2018-05-29,0.1128,0.113,0.1112,0.1112
2018-05-30,0.1112,0.1131,0.1112,0.1131
2018-05-31,0.1131,0.1138,0.1129,0.1129
2018-06-01,0.1129,0.1135,0.1128,0.1128
2018-06-04,0.1127,0.114,0.1127,0.1137
2018-06-05,0.1137,0.114,0.1137,0.1138
2018-06-06,0.1138,0.1144,0.1138,0.114
2018-06-07,0.114,0.115,0.114,0.1144
2018-06-08,0.1144,0.1145,0.1142,0.1142
2018-06-11,0.1142,0.1152,0.1142,0.1149
2018-06-12,0.1149,0.1158,0.1149,0.1152
2018-06-13,0.1152,0.1158,0.1152,0.1156
2018-06-14,0.1156,0.116,0.1139,0.1139
2018-06-15,0.1139,0.114,0.1133,0.1133
2018-06-18,0.1133,0.1133,0.1129,0.1129
2018-06-19,0.1129,0.113,0.1119,0.1119
2018-06-20,0.1119,0.1123,0.1119,0.1121
2018-06-21,0.1121,0.1122,0.112,0.112
2018-06-22,0.112,0.1128,0.112,0.1124
2018-06-25,0.1126,0.1129,0.1126,0.1126
2018-06-26,0.1126,0.1128,0.1121,0.1121
2018-06-27,0.1121,0.1122,0.1109,0.1109
2018-06-28,0.111,0.1111,0.1103,0.1103
2018-06-29,0.1103,0.1115,0.1103,0.1114
2018-07-02,0.1111,0.1113,0.111,0.111
2018-07-03,0.111,0.1129,0.111,0.1126
2018-07-04,0.1127,0.1135,0.1127,0.1133
2018-07-05,0.1133,0.114,0.1133,0.1135
2018-07-06,0.1135,0.1143,0.1135,0.1141
2018-07-09,0.1141,0.1147,0.1141,0.1141
2018-07-10,0.1141,0.1143,0.1139,0.1139
2018-07-11,0.1139,0.1139,0.1129,0.1129
2018-07-12,0.1129,0.1132,0.1122,0.1122
2018-07-13,0.1123,0.1123,0.112,0.112
2018-07-16,0.1123,0.113,0.1123,0.1129
2018-07-17,0.1128,0.1135,0.1126,0.1126
2018-07-18,0.1126,0.1127,0.1124,0.1124
2018-07-19,0.1123,0.1125,0.1117,0.1117
2018-07-20,0.1117,0.1126,0.1117,0.1124
2018-07-23,0.1125,0.1128,0.1123,0.1123
2018-07-24,0.1124,0.113,0.1124,0.1128
2018-07-25,0.1129,0.1138,0.1129,0.1137
2018-07-26,0.1137,0.1139,0.113,0.113
2018-07-27,0.1129,0.1132,0.1126,0.1126
2018-07-30,0.1126,0.1139,0.1126,0.1137
2018-07-31,0.1137,0.114,0.1132,0.1132
2018-08-01,0.1132,0.1133,0.1131,0.1131
2018-08-02,0.1131,0.1131,0.112,0.112
2018-08-03,0.112,0.1121,0.1116,0.1116
2018-08-06,0.1116,0.1118,0.1113,0.1113
2018-08-07,0.1113,0.112,0.1113,0.1116
2018-08-08,0.1116,0.1119,0.1112,0.1112
2018-08-09,0.1112,0.1113,0.1105,0.1105
2018-08-10,0.1105,0.1106,0.1091,0.1091
2018-08-13,0.1089,0.1094,0.1089,0.1091
2018-08-14,0.1091,0.1096,0.1089,0.1089
2018-08-15,0.1089,0.1089,0.1081,0.1081
2018-08-16,0.1081,0.1087,0.1081,0.1083
2018-08-17,0.1082,0.1088,0.1082,0.1087
2018-08-20,0.1086,0.1088,0.1086,0.1088
2018-08-21,0.1088,0.1097,0.1088,0.1094
2018-08-22,0.1094,0.1101,0.1094,0.1099
2018-08-23,0.1099,0.11,0.1088,0.1088
2018-08-24,0.1089,0.1094,0.1089,0.1091
2018-08-27,0.1092,0.1095,0.1092,0.1095
2018-08-28,0.1095,0.1096,0.109,0.109
2018-08-29,0.109,0.1091,0.1089,0.1089
2018-08-30,0.109,0.1094,0.109,0.1091
2018-08-31,0.1092,0.1094,0.1087,0.1087
2018-09-03,0.1087,0.1095,0.1087,0.1094
2018-09-04,0.1094,0.1096,0.1094,0.1095
2018-09-05,0.1095,0.11,0.1095,0.1099
2018-09-06,0.1099,0.1101,0.1093,0.1093
2018-09-07,0.1093,0.1102,0.1093,0.1099
2018-09-10,0.1099,0.1103,0.1098,0.1098
2018-09-11,0.1099,0.1104,0.1099,0.1101
2018-09-12,0.1101,0.1111,0.1101,0.1109
2018-09-13,0.1108,0.1115,0.1108,0.1112
2018-09-14,0.1112,0.1113,0.1101,0.1101
2018-09-17,0.11,0.1118,0.11,0.1117
2018-09-18,0.1117,0.1121,0.1117,0.1118
2018-09-19,0.1118,0.1123,0.1118,0.1122
2018-09-20,0.1122,0.1136,0.1122,0.1135
2018-09-21,0.1135,0.1137,0.1133,0.1133
2018-09-24,0.113,0.1137,0.113,0.1132
2018-09-25,0.1132,0.1137,0.1129,0.1129
2018-09-26,0.1129,0.1133,0.1129,0.113
2018-09-27,0.113,0.1132,0.1125,0.1125
2018-09-28,0.1125,0.1126,0.112,0.112
2018-10-01,0.112,0.1123,0.1112,0.1112
2018-10-02,0.1112,0.1113,0.1105,0.1105
2018-10-03,0.1105,0.1111,0.11,0.11
2018-10-04,0.1099,0.1103,0.1099,0.1099
2018-10-05,0.1099,0.11,0.1097,0.1097
2018-10-08,0.1099,0.1099,0.1095,0.1095
2018-10-09,0.1096,0.1097,0.1094,0.1094
2018-10-10,0.1093,0.1096,0.109,0.109
2018-10-11,0.109,0.111,0.109,0.1109
2018-10-12,0.1109,0.1114,0.1109,0.1111
2018-10-15,0.1111,0.1114,0.1111,0.1112
2018-10-16,0.1113,0.1121,0.1113,0.1117
2018-10-17,0.1117,0.112,0.111,0.111
2018-10-18,0.111,0.1112,0.1101,0.1101
2018-10-19,0.1101,0.1109,0.1101,0.1107
2018-10-22,0.1105,0.1112,0.1105,0.1106
2018-10-23,0.1107,0.1107,0.1103,0.1103
2018-10-24,0.1103,0.1104,0.1091,0.1091
2018-10-25,0.1091,0.1095,0.1091,0.1093
2018-10-26,0.1093,0.1094,0.1089,0.1089
2018-10-29,0.1091,0.1095,0.1089,0.1089
2018-10-30,0.1089,0.1091,0.1086,0.1086
2018-10-31,0.1087,0.109,0.1087,0.1087
2018-11-01,0.1088,0.1103,0.1088,0.1101
2018-11-02,0.1101,0.1108,0.1099,0.1099
2018-11-05,0.1099,0.1102,0.1099,0.11
2018-11-06,0.11,0.1102,0.11,0.1102
2018-11-07,0.1101,0.111,0.1101,0.1104
2018-11-08,0.1104,0.1112,0.1104,0.1105
2018-11-09,0.1105,0.1105,0.1098,0.1098
2018-11-12,0.1098,0.1098,0.1089,0.1089
2018-11-13,0.1089,0.1101,0.1089,0.11
2018-11-14,0.11,0.1103,0.1096,0.1096
2018-11-15,0.1097,0.1103,0.1097,0.1099
2018-11-16,0.1099,0.1107,0.1099,0.1106
2018-11-19,0.1107,0.1109,0.1107,0.1107
2018-11-20,0.1107,0.1109,0.1096,0.1096
2018-11-21,0.1096,0.1105,0.1096,0.1102
2018-11-22,0.1102,0.1105,0.1102,0.1102
2018-11-23,0.1102,0.1104,0.1096,0.1096
2018-11-26,0.1096,0.1103,0.1096,0.1096
2018-11-27,0.1096,0.1098,0.1094,0.1094
2018-11-28,0.1094,0.1105,0.1094,0.1102
2018-11-29,0.1103,0.1106,0.1099,0.1099
2018-11-30,0.1099,0.1099,0.1095,0.1095
2018-12-03,0.1095,0.1106,0.1095,0.1106
2018-12-04,0.1105,0.1113,0.1104,0.1104
2018-12-05,0.1105,0.1114,0.1105,0.111
2018-12-06,0.111,0.111,0.1109,0.1109
2018-12-07,0.1108,0.111,0.1103,0.1103
2018-12-10,0.1104,0.1106,0.1095,0.1095
2018-12-11,0.1095,0.1103,0.1095,0.1096
2018-12-12,0.1096,0.1098,0.1096,0.1096
2018-12-13,0.1097,0.1102,0.1097,0.11
2018-12-14,0.11,0.11,0.1099,0.1099
2018-12-17,0.1099,0.1103,0.1099,0.11
2018-12-18,0.11,0.1104,0.1099,0.1099
2018-12-19,0.1098,0.1103,0.1095,0.1095
2018-12-20,0.1095,0.1116,0.1095,0.111
2018-12-21,0.111,0.1113,0.1101,0.1101
2018-12-24,0.1102,0.1105,0.1101,0.1101
2018-12-25,0.1101,0.1103,0.11,0.11
2018-12-26,0.11,0.1103,0.1095,0.1095
2018-12-27,0.1096,0.1108,0.1096,0.1106
2018-12-28,0.1106,0.1115,0.1106,0.111
2018-12-31,0.1111,0.1125,0.1111,0.1125
2019-01-01,0.1126,0.1133,0.1123,0.1123
2019-01-02,0.1123,0.1126,0.1105,0.1105
2019-01-03,0.1105,0.1108,0.1105,0.1107
2019-01-04,0.1107,0.1115,0.1107,0.1112
2019-01-07,0.1112,0.1121,0.1112,0.112
2019-01-08,0.112,0.1122,0.1116,0.1116
2019-01-09,0.1116,0.1125,0.1116,0.1124
2019-01-10,0.1123,0.1125,0.1119,0.1119
2019-01-11,0.1119,0.1125,0.1115,0.1115
2019-01-14,0.1116,0.1117,0.1113,0.1113
2019-01-15,0.1113,0.1116,0.1111,0.1111
2019-01-16,0.1111,0.1112,0.1107,0.1107
2019-01-17,0.1107,0.1109,0.1105,0.1105
2019-01-18,0.1105,0.1109,0.1104,0.1104
2019-01-21,0.1104,0.1108,0.1104,0.1105
2019-01-22,0.1105,0.1106,0.1104,0.1104
2019-01-23,0.1104,0.1106,0.1104,0.1105
2019-01-24,0.1105,0.1106,0.1098,0.1098
2019-01-25,0.1098,0.1103,0.1098,0.1101
2019-01-28,0.1102,0.1104,0.11,0.11
2019-01-29,0.11,0.1103,0.1099,0.1099
2019-01-30,0.1099,0.1104,0.1099,0.1102
2019-01-31,0.1102,0.1106,0.1102,0.1102
2019-02-01,0.1102,0.1104,0.11,0.11
2019-02-04,0.11,0.1101,0.1094,0.1094
2019-02-05,0.1094,0.1096,0.1093,0.1093
2019-02-06,0.1093,0.1093,0.1082,0.1082
2019-02-07,0.1082,0.1083,0.1076,0.1076
2019-02-08,0.1076,0.1078,0.1074,0.1074
2019-02-11,0.1073,0.1076,0.107,0.107
2019-02-12,0.107,0.1077,0.107,0.1076
2019-02-13,0.1076,0.1085,0.1075,0.1075
2019-02-14,0.1075,0.1078,0.1072,0.1072
2019-02-15,0.1072,0.1075,0.1072,0.1074
2019-02-18,0.1073,0.1079,0.1073,0.1077
2019-02-19,0.1076,0.1077,0.1066,0.107
2019-02-20,0.107,0.1072,0.1069,0.1069
2019-02-21,0.1069,0.1071,0.1063,0.1063
2019-02-22,0.1065,0.1068,0.1065,0.1066
2019-02-25,0.1066,0.1071,0.1066,0.107
2019-02-26,0.107,0.1074,0.107,0.1073
2019-02-27,0.1073,0.1078,0.1073,0.1075
2019-02-28,0.1075,0.1087,0.1075,0.1078
2019-03-01,0.1079,0.1081,0.1074,0.1074
2019-03-04,0.1076,0.1078,0.1067,0.1067
2019-03-05,0.1067,0.1071,0.1067,0.107
2019-03-06,0.107,0.1073,0.107,0.1071
2019-03-07,0.1071,0.1073,0.1053,0.1053
2019-03-08,0.1054,0.1057,0.1054,0.1057
2019-03-11,0.1056,0.1062,0.1056,0.1061
2019-03-12,0.1061,0.1066,0.1061,0.1064
2019-03-13,0.1064,0.1073,0.1064,0.1072
2019-03-14,0.1072,0.1074,0.1071,0.1071
2019-03-15,0.1071,0.1081,0.1071,0.1081
2019-03-18,0.1081,0.1082,0.1079,0.1079
2019-03-19,0.1079,0.1084,0.1079,0.1082
2019-03-20,0.1082,0.1095,0.1082,0.1091
2019-03-21,0.1092,0.1093,0.1086,0.1086
2019-03-22,0.1086,0.1088,0.1076,0.1076
2019-03-25,0.1076,0.1081,0.1076,0.1079
2019-03-26,0.1079,0.1081,0.1078,0.1078
2019-03-27,0.1078,0.108,0.1075,0.1075
2019-03-28,0.1074,0.1075,0.1072,0.1072
2019-03-29,0.1072,0.1078,0.1071,0.1071
2019-04-01,0.1071,0.1079,0.1071,0.1072
2019-04-02,0.1072,0.1073,0.1068,0.1068
2019-04-03,0.1068,0.1076,0.1068,0.1075
2019-04-04,0.1075,0.1076,0.1073,0.1073
2019-04-05,0.1073,0.1076,0.1071,0.1071
2019-04-08,0.1071,0.1079,0.1071,0.1075
2019-04-09,0.1075,0.1079,0.1075,0.1076
2019-04-10,0.1076,0.1079,0.1076,0.1076
2019-04-11,0.1076,0.1079,0.1073,0.1073
2019-04-12,0.1073,0.1077,0.1073,0.1075
2019-04-15,0.1075,0.1078,0.1075,0.1075
2019-04-16,0.1075,0.1078,0.1075,0.1077
2019-04-17,0.1076,0.1081,0.1076,0.1078
2019-04-18,0.1078,0.1078,0.107,0.107
2019-04-19,0.107,0.1072,0.107,0.1071
2019-04-22,0.107,0.1072,0.107,0.1071
2019-04-23,0.107,0.1071,0.1065,0.1065
2019-04-24,0.1065,0.1066,0.1056,0.1056
2019-04-25,0.1056,0.1059,0.1044,0.1044
2019-04-26,0.1045,0.1052,0.1045,0.1048
2019-04-29,0.1048,0.1049,0.1047,0.1047
2019-04-30,0.1047,0.1052,0.1047,0.1049
2019-05-01,0.1049,0.1052,0.1044,0.1044
2019-05-02,0.1044,0.1047,0.104,0.104
2019-05-03,0.104,0.1046,0.104,0.1044
2019-05-06,0.1044,0.1044,0.104,0.104
2019-05-07,0.104,0.1044,0.1039,0.1039
2019-05-08,0.1038,0.1042,0.1036,0.1036
2019-05-09,0.1036,0.1037,0.1032,0.1032
2019-05-10,0.1032,0.1038,0.1032,0.1036
2019-05-13,0.1036,0.1037,0.1033,0.1033
2019-05-14,0.1033,0.1039,0.1033,0.1037
2019-05-15,0.1037,0.104,0.1037,0.1038
2019-05-16,0.1038,0.104,0.1033,0.1033
2019-05-17,0.1033,0.1036,0.1033,0.1034
2019-05-20,0.1033,0.1035,0.1031,0.1031
2019-05-21,0.1031,0.1033,0.1031,0.1032
2019-05-22,0.1033,0.1035,0.1033,0.1035
2019-05-23,0.1034,0.1036,0.1034,0.1036
2019-05-24,0.1036,0.1045,0.1036,0.1044
2019-05-27,0.1044,0.1045,0.104,0.104
2019-05-28,0.104,0.1044,0.1038,0.1038
2019-05-29,0.1038,0.1043,0.1038,0.1043
2019-05-30,0.1043,0.1046,0.1043,0.1044
2019-05-31,0.1044,0.1051,0.1044,0.1049
2019-06-03,0.1049,0.1056,0.1049,0.1055
2019-06-04,0.1054,0.1057,0.1054,0.1056
2019-06-05,0.1056,0.1059,0.1054,0.1054
2019-06-06,0.1055,0.106,0.1055,0.1058
2019-06-07,0.1058,0.1063,0.1058,0.106
2019-06-10,0.106,0.106,0.1058,0.1058
2019-06-11,0.1058,0.1059,0.1054,0.1054
2019-06-12,0.1054,0.1057,0.1052,0.1052
2019-06-13,0.1052,0.1053,0.105,0.105
2019-06-14,0.105,0.1057,0.105,0.105
2019-06-17,0.105,0.1053,0.105,0.1051
2019-06-18,0.1051,0.1053,0.1045,0.1045
2019-06-19,0.1045,0.1051,0.1045,0.105
2019-06-20,0.105,0.106,0.105,0.1059
2019-06-21,0.1059,0.1066,0.1059,0.1065
2019-06-24,0.1065,0.1074,0.1065,0.1073
2019-06-25,0.1073,0.1078,0.1073,0.1073
2019-06-26,0.1074,0.1077,0.1074,0.1076
2019-06-27,0.1076,0.1077,0.1074,0.1074
2019-06-28,0.1074,0.1076,0.1073,0.1073
2019-07-01,0.1073,0.1074,0.1064,0.1064
2019-07-02,0.1065,0.1069,0.1065,0.1068
2019-07-03,0.1068,0.1072,0.1068,0.107
2019-07-04,0.107,0.1071,0.1068,0.1068
2019-07-05,0.1068,0.1069,0.1055,0.1055
2019-07-08,0.1055,0.1057,0.1053,0.1053
2019-07-09,0.1053,0.1053,0.1052,0.1052
2019-07-10,0.1052,0.1059,0.1052,0.1057
2019-07-11,0.1057,0.1063,0.1057,0.1062
2019-07-12,0.1062,0.1064,0.1062,0.1063
2019-07-15,0.1063,0.1065,0.1063,0.1065
2019-07-16,0.1065,0.1066,0.1061,0.1061
2019-07-17,0.1061,0.1065,0.1061,0.1064
2019-07-18,0.1064,0.1071,0.1064,0.1071
2019-07-19,0.1071,0.1071,0.1062,0.1062
2019-07-22,0.1062,0.1062,0.1058,0.1058
2019-07-23,0.1058,0.1058,0.1051,0.1051
2019-07-24,0.1051,0.1058,0.1051,0.1057
2019-07-25,0.1057,0.1057,0.1054,0.1054
2019-07-26,0.1054,0.1055,0.1048,0.1048
2019-07-29,0.105,0.105,0.105,0.105
2019-07-30,0.105,0.105,0.1042,0.1042
2019-07-31,0.1041,0.1043,0.1031,0.1031
2019-08-01,0.103,0.1034,0.103,0.1031
2019-08-02,0.1031,0.1034,0.1031,0.1034
2019-08-05,0.1033,0.1038,0.1033,0.1038
2019-08-06,0.1038,0.1041,0.1038,0.1039
2019-08-07,0.104,0.1042,0.1034,0.1034
2019-08-08,0.1034,0.104,0.1034,0.1039
2019-08-09,0.1039,0.1046,0.1039,0.1043
2019-08-12,0.1043,0.1044,0.1042,0.1042
2019-08-13,0.1042,0.1045,0.1042,0.1043
2019-08-14,0.1043,0.1045,0.1034,0.1034
2019-08-15,0.1034,0.1037,0.1033,0.1033
2019-08-16,0.1033,0.1034,0.1031,0.1031
2019-08-19,0.1032,0.1034,0.1029,0.1029
2019-08-20,0.1028,0.1029,0.1028,0.1029
2019-08-21,0.1029,0.1037,0.1029,0.1035
2019-08-22,0.1035,0.1037,0.1029,0.1029
2019-08-23,0.1029,0.1038,0.1029,0.1038
2019-08-26,0.1038,0.1038,0.1029,0.1029
2019-08-27,0.1029,0.1035,0.1029,0.103
2019-08-28,0.103,0.103,0.1025,0.1025
2019-08-29,0.1025,0.1025,0.1019,0.1019
2019-08-30,0.1018,0.1019,0.1014,0.1014
2019-09-02,0.1013,0.1017,0.1013,0.1014
2019-09-03,0.1013,0.1015,0.1013,0.1014
2019-09-04,0.1014,0.1024,0.1014,0.1023
2019-09-05,0.1022,0.1032,0.1022,0.1028
2019-09-06,0.1028,0.1038,0.1028,0.1033
2019-09-09,0.1033,0.1034,0.1032,0.1032
2019-09-10,0.1032,0.1032,0.1029,0.1029
2019-09-11,0.1029,0.1031,0.1029,0.103
2019-09-12,0.103,0.1037,0.103,0.1035
2019-09-13,0.1035,0.1039,0.1035,0.1037
2019-09-16,0.1036,0.1038,0.1031,0.1031
2019-09-17,0.1031,0.1032,0.103,0.103
2019-09-18,0.103,0.1031,0.1024,0.1024
2019-09-19,0.1024,0.103,0.1024,0.1028
2019-09-20,0.1028,0.1031,0.1027,0.1027
2019-09-23,0.1026,0.1028,0.1026,0.1026
2019-09-24,0.1026,0.1031,0.1026,0.103
2019-09-25,0.103,0.103,0.1021,0.1021
2019-09-26,0.1021,0.1024,0.1019,0.1019
2019-09-27,0.102,0.1021,0.1017,0.1017
2019-09-30,0.1017,0.1018,0.1012,0.1012
2019-10-01,0.1012,0.1012,0.1008,0.1008
2019-10-02,0.1008,0.101,0.1008,0.1009
2019-10-03,0.1009,0.1013,0.1009,0.101
2019-10-04,0.101,0.1013,0.101,0.1012
2019-10-07,0.1012,0.1013,0.1005,0.1005
2019-10-08,0.1005,0.1008,0.1001,0.1001
2019-10-09,0.1001,0.1004,0.1,0.1
2019-10-10,0.1001,0.1014,0.1001,0.1012
2019-10-11,0.1012,0.1018,0.1012,0.1014
2019-10-14,0.1016,0.1016,0.1014,0.1014
2019-10-15,0.1014,0.1018,0.1014,0.1015
2019-10-16,0.1015,0.102,0.1015,0.1019
2019-10-17,0.1019,0.1028,0.1019,0.1026
2019-10-18,0.1026,0.1036,0.1026,0.1036
2019-10-21,0.1029,0.1038,0.1029,0.1033
2019-10-22,0.1033,0.1035,0.1032,0.1032
2019-10-23,0.1032,0.1034,0.1032,0.1033
2019-10-24,0.1034,0.1042,0.1033,0.1033
2019-10-25,0.1033,0.1033,0.1029,0.1029
2019-10-28,0.1027,0.1027,0.1027,0.1027
2019-10-29,0.1026,0.1027,0.1026,0.1027
2019-10-30,0.1027,0.1033,0.1027,0.1033
2019-10-31,0.1033,0.1036,0.1032,0.1032
2019-11-01,0.1032,0.1044,0.1032,0.1044
2019-11-04,0.1042,0.1044,0.1035,0.1035
2019-11-05,0.1036,0.1039,0.1031,0.1031
2019-11-06,0.1032,0.1038,0.1032,0.1035
2019-11-07,0.1035,0.104,0.1035,0.1035
2019-11-08,0.1034,0.1035,0.1027,0.1027
2019-11-11,0.1027,0.1028,0.1027,0.1027
2019-11-12,0.1027,0.1028,0.1025,0.1025
2019-11-13,0.1025,0.1026,0.1024,0.1024
2019-11-14,0.1024,0.1029,0.1024,0.1029
2019-11-15,0.1029,0.1035,0.1029,0.1033
2019-11-18,0.1033,0.1037,0.1033,0.1034
2019-11-19,0.1034,0.1038,0.1034,0.1034
2019-11-20,0.1034,0.1035,0.1033,0.1034
2019-11-21,0.1034,0.1037,0.1034,0.1035
2019-11-22,0.1034,0.1038,0.1034,0.1035
2019-11-25,0.1034,0.1041,0.1033,0.1033
2019-11-26,0.1033,0.104,0.1033,0.1039
2019-11-27,0.1039,0.1041,0.1039,0.1041
2019-11-28,0.104,0.1043,0.104,0.1042
2019-11-29,0.1043,0.1044,0.104,0.104
2019-12-02,0.104,0.1046,0.104,0.1044
2019-12-03,0.1045,0.1049,0.1045,0.1045
2019-12-04,0.1045,0.1049,0.1045,0.1047
2019-12-05,0.1047,0.1051,0.1047,0.1049
2019-12-06,0.105,0.1052,0.1049,0.1049
2019-12-09,0.1049,0.105,0.1045,0.1045
2019-12-10,0.1045,0.105,0.1045,0.1049
2019-12-11,0.1049,0.1062,0.1049,0.1061
2019-12-12,0.1061,0.1063,0.106,0.106
2019-12-13,0.1063,0.1068,0.1061,0.1061
2019-12-16,0.106,0.1067,0.106,0.1064
2019-12-17,0.1064,0.1064,0.1061,0.1061
2019-12-18,0.1062,0.1062,0.1057,0.1057
2019-12-19,0.1057,0.1061,0.1057,0.1059
2019-12-20,0.1059,0.1061,0.1059,0.1059
2019-12-23,0.1059,0.106,0.1056,0.1056
2019-12-24,0.1056,0.1059,0.1056,0.1058
2019-12-25,0.1057,0.1062,0.1047,0.1059
2019-12-26,0.1057,0.106,0.1057,0.1059
2019-12-27,0.1058,0.1068,0.1058,0.1067
2019-12-30,0.1067,0.1071,0.1066,0.1066
2019-12-31,0.1066,0.1072,0.1064,0.1064
2020-01-01,0.1063,0.1068,0.1063,0.1064
2020-01-02,0.1064,0.1069,0.1064,0.1064
2020-01-03,0.1064,0.1065,0.106,0.106
2020-01-06,0.106,0.1061,0.106,0.106
2020-01-07,0.106,0.1061,0.1053,0.1053
2020-01-08,0.1054,0.1057,0.1053,0.1053
2020-01-09,0.1053,0.1055,0.105,0.105
2020-01-10,0.105,0.1051,0.1048,0.1048
2020-01-13,0.1049,0.1053,0.1049,0.1052
2020-01-14,0.1052,0.1054,0.1052,0.1053
2020-01-15,0.1053,0.1055,0.1053,0.1053
2020-01-16,0.1052,0.1054,0.105,0.105
2020-01-17,0.105,0.1051,0.1047,0.1047
2020-01-20,0.1046,0.1048,0.1046,0.1047
2020-01-21,0.1047,0.105,0.1046,0.1046
2020-01-22,0.1046,0.1049,0.1046,0.1048
2020-01-23,0.1048,0.1049,0.1045,0.1045
2020-01-24,0.1045,0.1045,0.1041,0.1041
2020-01-27,0.1041,0.1043,0.1035,0.1035
2020-01-28,0.1035,0.1037,0.1035,0.1037
2020-01-29,0.1037,0.1038,0.1036,0.1036
2020-01-30,0.1036,0.1037,0.1034,0.1034
2020-01-31,0.1034,0.1036,0.1034,0.1035
2020-02-03,0.1035,0.1036,0.1033,0.1033
2020-02-04,0.1032,0.1039,0.1032,0.1039
2020-02-05,0.1039,0.1043,0.1039,0.104
2020-02-06,0.1039,0.104,0.1035,0.1035
2020-02-07,0.1035,0.1037,0.1031,0.1031
2020-02-10,0.1031,0.1034,0.1031,0.1031
2020-02-11,0.1031,0.1035,0.1031,0.1034
2020-02-12,0.1034,0.1036,0.1034,0.1034
2020-02-13,0.1034,0.1035,0.103,0.103
2020-02-14,0.103,0.103,0.1025,0.1025
2020-02-17,0.1025,0.1029,0.1025,0.1028
2020-02-18,0.1028,0.1029,0.1018,0.1018
2020-02-19,0.1018,0.102,0.1018,0.1018
2020-02-20,0.1019,0.102,0.1015,0.1015
2020-02-21,0.1016,0.1026,0.1016,0.1026
2020-02-24,0.1026,0.1026,0.1024,0.1024
2020-02-25,0.1023,0.1026,0.1023,0.1025
2020-02-26,0.1027,0.1027,0.1023,0.1023
2020-02-27,0.1023,0.1034,0.1023,0.1031
2020-02-28,0.1031,0.1038,0.1029,0.1037
2020-03-02,0.1037,0.1049,0.1037,0.1045
2020-03-03,0.1046,0.1064,0.1046,0.1052
2020-03-04,0.1053,0.1057,0.1052,0.1052
2020-03-05,0.1052,0.1056,0.1052,0.1056
2020-03-06,0.1056,0.1067,0.1056,0.1061
2020-03-09,0.106,0.1068,0.1056,0.1056
2020-03-10,0.1056,0.1057,0.1047,0.1047
2020-03-11,0.1047,0.1057,0.1045,0.1045
2020-03-12,0.1046,0.1048,0.1018,0.1022
2020-03-13,0.1023,0.1037,0.1022,0.1029
2020-03-16,0.1029,0.1037,0.1017,0.1021
2020-03-17,0.1021,0.1025,0.1004,0.1008
2020-03-18,0.1008,0.1012,0.0969,0.0973
2020-03-19,0.0973,0.0977,0.0959,0.0959
2020-03-20,0.0957,0.0974,0.0957,0.0961
2020-03-23,0.0961,0.0975,0.096,0.0962
2020-03-24,0.0963,0.0985,0.0963,0.0984
2020-03-25,0.0984,0.0992,0.0983,0.0988
2020-03-26,0.0989,0.1006,0.0989,0.1
2020-03-27,0.1,0.1011,0.0997,0.1009
2020-03-30,0.1009,0.101,0.0993,0.0993
2020-03-31,0.0993,0.1008,0.0991,0.1007
2020-04-01,0.1007,0.1008,0.0994,0.0994
2020-04-02,0.0995,0.0997,0.0985,0.0985
2020-04-03,0.0985,0.0987,0.0979,0.0979
2020-04-06,0.0978,0.0986,0.0978,0.0985
2020-04-07,0.0984,0.1,0.0984,0.099
2020-04-08,0.099,0.0994,0.0989,0.0989
2020-04-09,0.0988,0.1004,0.0988,0.1001
2020-04-10,0.1002,0.1004,0.1002,0.1004
2020-04-13,0.1003,0.1005,0.0996,0.0996
2020-04-14,0.0997,0.1006,0.0997,0.1006
2020-04-15,0.1002,0.1004,0.0993,0.0993
2020-04-16,0.0994,0.0998,0.0994,0.0994
2020-04-17,0.0995,0.0998,0.0995,0.0998
2020-04-20,0.0998,0.1,0.0994,0.0994
2020-04-21,0.0993,0.0994,0.0987,0.0987
2020-04-22,0.0987,0.0992,0.0986,0.0986
2020-04-23,0.0986,0.0994,0.0986,0.0989
2020-04-24,0.0989,0.0994,0.0989,0.0994
2020-04-27,0.0994,0.0997,0.0994,0.0995
2020-04-28,0.0995,0.101,0.0995,0.1007
2020-04-29,0.1007,0.1012,0.1007,0.1012
2020-04-30,0.1011,0.1022,0.1011,0.1021
2020-05-01,0.1021,0.1021,0.1012,0.1012
2020-05-04,0.1012,0.1014,0.1011,0.1011
2020-05-05,0.1011,0.1015,0.1011,0.1014
2020-05-06,0.1012,0.1016,0.1012,0.1012
2020-05-07,0.1012,0.1016,0.1012,0.1016
2020-05-08,0.1015,0.1023,0.1015,0.102
2020-05-11,0.102,0.1021,0.1009,0.1009
2020-05-12,0.1009,0.1025,0.1009,0.1018
2020-05-13,0.1019,0.1025,0.1015,0.1015
2020-05-14,0.1015,0.1017,0.1015,0.1017
2020-05-15,0.1016,0.1017,0.1011,0.1011
2020-05-18,0.1011,0.1027,0.1011,0.1027
2020-05-19,0.1027,0.1034,0.1027,0.1029
2020-05-20,0.1029,0.1041,0.1029,0.1039
2020-05-21,0.1039,0.1042,0.1035,0.1035
2020-05-22,0.1035,0.1037,0.1031,0.1031
2020-05-25,0.1031,0.1031,0.1029,0.1029
2020-05-26,0.1029,0.1038,0.1029,0.1034
2020-05-27,0.1035,0.1042,0.1035,0.1037
2020-05-28,0.1037,0.105,0.1037,0.1047
2020-05-29,0.1047,0.1059,0.1047,0.1057
2020-06-01,0.1057,0.1065,0.1057,0.1064
2020-06-02,0.1064,0.107,0.1064,0.1068
2020-06-03,0.1067,0.1076,0.1067,0.1073
2020-06-04,0.1073,0.1088,0.1073,0.1084
2020-06-05,0.1084,0.1091,0.1084,0.1087
2020-06-08,0.1087,0.1089,0.1083,0.1083
2020-06-09,0.1082,0.1088,0.108,0.1084
2020-06-10,0.1084,0.1089,0.1084,0.1085
2020-06-11,0.1085,0.1086,0.1068,0.1068
2020-06-12,0.1068,0.1079,0.1068,0.1068
2020-06-15,0.1068,0.1075,0.1066,0.1074
2020-06-16,0.1074,0.1078,0.1063,0.1063
2020-06-17,0.1063,0.1071,0.1063,0.1071
2020-06-18,0.1069,0.107,0.1058,0.1058
2020-06-19,0.1058,0.1061,0.1051,0.1051
2020-06-22,0.1055,0.1065,0.1055,0.1063
2020-06-23,0.1062,0.1076,0.1062,0.1072
2020-06-24,0.1072,0.1076,0.1065,0.1065
2020-06-25,0.1065,0.107,0.1065,0.107
2020-06-26,0.1068,0.107,0.1067,0.1067
2020-06-29,0.1067,0.1074,0.1067,0.1069
2020-06-30,0.1068,0.1073,0.1068,0.107
2020-07-01,0.1069,0.1073,0.1069,0.1072
2020-07-02,0.1071,0.1078,0.1069,0.1069
2020-07-03,0.107,0.1071,0.107,0.1071
2020-07-06,0.1071,0.1078,0.1071,0.1078
2020-07-07,0.1077,0.1081,0.1077,0.1077
2020-07-08,0.1076,0.1086,0.1076,0.1085
2020-07-09,0.1085,0.1089,0.1079,0.1079
2020-07-10,0.108,0.1086,0.108,0.1083
2020-07-13,0.1083,0.1091,0.1083,0.1085
2020-07-14,0.1085,0.1096,0.1085,0.1096
2020-07-15,0.1096,0.1103,0.1096,0.1099
2020-07-16,0.1098,0.1103,0.1097,0.1097
2020-07-17,0.1097,0.1105,0.1097,0.1104
2020-07-20,0.1104,0.1112,0.1104,0.111
2020-07-21,0.1111,0.1125,0.1111,0.1124
2020-07-22,0.1123,0.1127,0.1123,0.1124
2020-07-23,0.1124,0.1128,0.1124,0.1124
2020-07-24,0.1123,0.113,0.1123,0.1127
2020-07-27,0.1127,0.1143,0.1127,0.1142
2020-07-28,0.1142,0.1143,0.1138,0.1138
2020-07-29,0.1135,0.1144,0.1135,0.1144
2020-07-30,0.1143,0.1148,0.1142,0.1146
2020-07-31,0.1145,0.1153,0.1135,0.1135
2020-08-03,0.1135,0.1141,0.1135,0.114
2020-08-04,0.114,0.1144,0.114,0.1143
2020-08-05,0.1143,0.1152,0.1143,0.1151
2020-08-06,0.115,0.1155,0.115,0.115
2020-08-07,0.1148,0.1149,0.1138,0.1138
2020-08-10,0.1139,0.1143,0.1138,0.1138
2020-08-11,0.1138,0.1145,0.1138,0.1138
2020-08-12,0.1138,0.1148,0.1138,0.1147
2020-08-13,0.1146,0.1151,0.1146,0.1147
2020-08-14,0.1147,0.1149,0.1147,0.1147
2020-08-17,0.1147,0.115,0.1147,0.1148
2020-08-18,0.1148,0.1157,0.1148,0.1153
2020-08-19,0.1152,0.1155,0.1148,0.1148
2020-08-20,0.1146,0.1147,0.1144,0.1144
2020-08-21,0.1144,0.1146,0.1132,0.1132
2020-08-24,0.1132,0.114,0.1132,0.1135
2020-08-25,0.1133,0.1141,0.1133,0.1139
2020-08-26,0.1139,0.1145,0.1139,0.1144
2020-08-27,0.1143,0.1151,0.1143,0.1144
2020-08-28,0.1142,0.1157,0.1142,0.1156
2020-08-31,0.1154,0.1158,0.1153,0.1153
2020-09-01,0.1151,0.1159,0.1148,0.1148
2020-09-02,0.1148,0.115,0.1143,0.1143
2020-09-03,0.1145,0.1145,0.1143,0.1143
2020-09-04,0.1141,0.1142,0.114,0.114
2020-09-07,0.114,0.1143,0.1137,0.1137
2020-09-08,0.1135,0.1137,0.1129,0.1129
2020-09-09,0.1129,0.114,0.1129,0.1139
2020-09-10,0.1139,0.1147,0.1137,0.1137
2020-09-11,0.1136,0.1141,0.1136,0.1136
2020-09-14,0.1136,0.1138,0.1136,0.1137
2020-09-15,0.1137,0.114,0.1135,0.1135
2020-09-16,0.1133,0.1137,0.1133,0.1133
2020-09-17,0.1134,0.1138,0.1132,0.1136
2020-09-18,0.1136,0.1139,0.1136,0.1137
2020-09-21,0.1137,0.1141,0.1126,0.1126
2020-09-22,0.1125,0.1127,0.1118,0.1118
2020-09-23,0.1118,0.1118,0.1105,0.1105
2020-09-24,0.1105,0.1107,0.1096,0.1096
2020-09-25,0.1095,0.1096,0.1092,0.1092
2020-09-28,0.1092,0.1104,0.1092,0.1102
2020-09-29,0.1102,0.1114,0.1102,0.1113
2020-09-30,0.1112,0.1114,0.1111,0.1114
2020-10-01,0.1113,0.1119,0.1113,0.1117
2020-10-02,0.1117,0.1121,0.1116,0.1116
2020-10-05,0.1116,0.1122,0.1116,0.112
2020-10-06,0.112,0.1122,0.1113,0.1113
2020-10-07,0.1112,0.1123,0.1112,0.1123
2020-10-08,0.1124,0.1125,0.1124,0.1124
2020-10-09,0.1125,0.1134,0.1125,0.1134
2020-10-12,0.1135,0.1136,0.1133,0.1133
2020-10-13,0.1132,0.1138,0.1129,0.1129
2020-10-14,0.1128,0.1133,0.1128,0.113
2020-10-15,0.113,0.113,0.1125,0.1125
2020-10-16,0.1124,0.113,0.1124,0.1127
2020-10-19,0.1127,0.1135,0.1127,0.1129
2020-10-20,0.1129,0.1141,0.1129,0.114
2020-10-21,0.114,0.1145,0.114,0.1142
2020-10-22,0.1142,0.1142,0.1138,0.1138
2020-10-23,0.1137,0.1141,0.1137,0.114
2020-10-26,0.1139,0.1141,0.1139,0.114
2020-10-27,0.114,0.1147,0.114,0.1141
2020-10-28,0.1141,0.1142,0.1126,0.1126
2020-10-29,0.1126,0.1129,0.1117,0.1117
2020-10-30,0.1118,0.1126,0.1118,0.1121
2020-11-02,0.1121,0.1122,0.1119,0.1119
2020-11-03,0.1119,0.1129,0.1119,0.1129
2020-11-04,0.1131,0.1136,0.1122,0.1134
2020-11-05,0.1134,0.115,0.1134,0.1146
2020-11-06,0.1147,0.1155,0.1147,0.1153
2020-11-09,0.1154,0.1165,0.1154,0.1157
2020-11-10,0.1155,0.1159,0.1155,0.1157
2020-11-11,0.1156,0.1159,0.1155,0.1155
2020-11-12,0.1155,0.1159,0.1153,0.1153
2020-11-13,0.1155,0.1156,0.1146,0.1146
2020-11-16,0.1147,0.1156,0.1147,0.1156
2020-11-17,0.1157,0.116,0.1155,0.1155
2020-11-18,0.1155,0.1161,0.1155,0.1159
2020-11-19,0.1161,0.1161,0.1159,0.1159
2020-11-20,0.1159,0.1161,0.1157,0.1157
2020-11-23,0.1156,0.1162,0.1155,0.1155
2020-11-24,0.1155,0.1167,0.1155,0.1167
2020-11-25,0.1167,0.1174,0.1167,0.1173
2020-11-26,0.1173,0.1174,0.1169,0.1169
2020-11-27,0.1169,0.1175,0.1169,0.1173
2020-11-30,0.1175,0.118,0.1161,0.1161
2020-12-01,0.1163,0.1176,0.1163,0.1175
2020-12-02,0.1175,0.1178,0.1174,0.1177
2020-12-03,0.1177,0.1183,0.1177,0.118
2020-12-04,0.118,0.1184,0.1178,0.1178
2020-12-07,0.1178,0.1193,0.1178,0.1187
2020-12-08,0.1187,0.1188,0.1177,0.1177
2020-12-09,0.1177,0.1181,0.1174,0.1174
2020-12-10,0.1175,0.1182,0.1175,0.118
2020-12-11,0.1182,0.1183,0.1179,0.1179
2020-12-14,0.1179,0.1192,0.1179,0.1186
2020-12-15,0.1186,0.1191,0.1186,0.1189
2020-12-16,0.1189,0.1197,0.1189,0.1194
2020-12-17,0.1193,0.1209,0.1193,0.1205
2020-12-18,0.1204,0.1208,0.1204,0.1208
2020-12-21,0.1207,0.121,0.119,0.1209
2020-12-22,0.1209,0.1209,0.1196,0.1196
2020-12-23,0.1195,0.1204,0.1195,0.1202
2020-12-24,0.1203,0.1208,0.1203,0.1207
2020-12-25,0.1207,0.1209,0.1207,0.1207
2020-12-28,0.1207,0.1213,0.1204,0.1204
2020-12-29,0.1205,0.1218,0.1205,0.1215
2020-12-30,0.1216,0.122,0.1216,0.1216
2020-12-31,0.1217,0.1223,0.1212,0.1212
2021-01-01,0.1212,0.1212,0.1212,0.1212
2021-01-04,0.1211,0.1221,0.1208,0.1208
2021-01-05,0.121,0.122,0.121,0.1218
2021-01-06,0.1218,0.1227,0.1218,0.1221
2021-01-07,0.122,0.1223,0.1217,0.1217
2021-01-08,0.1218,0.1218,0.121,0.121
2021-01-11,0.121,0.1211,0.12,0.12
2021-01-12,0.12,0.1209,0.12,0.1209
2021-01-13,0.1209,0.121,0.1195,0.1195
2021-01-14,0.1195,0.1202,0.1195,0.1199
2021-01-15,0.1201,0.1201,0.1187,0.1187
2021-01-18,0.1187,0.1192,0.1187,0.1187
2021-01-19,0.1187,0.1199,0.1187,0.1194
2021-01-20,0.1197,0.1198,0.1194,0.1194
2021-01-21,0.1193,0.1206,0.1193,0.1205
2021-01-22,0.1205,0.1206,0.1201,0.1201
2021-01-25,0.1201,0.1208,0.1201,0.1204
2021-01-26,0.1205,0.1205,0.1201,0.1201
2021-01-27,0.1202,0.1202,0.1192,0.1192
2021-01-28,0.1194,0.1198,0.1194,0.1196
2021-01-29,0.1199,0.1199,0.1192,0.1192
2021-02-01,0.1192,0.1197,0.1183,0.1183
2021-02-02,0.1183,0.1188,0.1183,0.1188
2021-02-03,0.1187,0.1189,0.1186,0.1186
2021-02-04,0.1186,0.1187,0.1179,0.1179
2021-02-05,0.118,0.1191,0.118,0.119
2021-02-08,0.119,0.1191,0.1187,0.1187
2021-02-09,0.1188,0.1198,0.1188,0.1197
2021-02-10,0.1197,0.1204,0.1197,0.1198
2021-02-11,0.1199,0.1201,0.1198,0.1198
2021-02-12,0.1198,0.1201,0.1198,0.12
2021-02-15,0.12,0.1206,0.12,0.1203
2021-02-16,0.1203,0.1207,0.1202,0.1202
2021-02-17,0.1204,0.1205,0.1197,0.1197
2021-02-18,0.1197,0.1201,0.1197,0.1199
2021-02-19,0.1201,0.1206,0.1201,0.1204
2021-02-22,0.1206,0.1208,0.1204,0.1204
2021-02-23,0.1204,0.1209,0.1204,0.1204
2021-02-24,0.1204,0.1206,0.1204,0.1205
2021-02-25,0.1205,0.1214,0.1202,0.1202
2021-02-26,0.1204,0.1205,0.1181,0.1181
2021-03-01,0.1181,0.1187,0.1181,0.1183
2021-03-02,0.1183,0.119,0.1183,0.1189
2021-03-03,0.1189,0.1193,0.1183,0.1183
2021-03-04,0.1185,0.1185,0.1173,0.1173
2021-03-05,0.1175,0.1176,0.1168,0.1168
2021-03-08,0.1168,0.117,0.116,0.116
2021-03-09,0.1162,0.1173,0.1162,0.1173
2021-03-10,0.1173,0.1176,0.1173,0.1175
2021-03-11,0.1176,0.1181,0.1176,0.118
2021-03-12,0.118,0.1181,0.1175,0.1175
2021-03-15,0.1176,0.1177,0.117,0.117
2021-03-16,0.117,0.1175,0.117,0.1173
2021-03-17,0.1172,0.118,0.1172,0.1179
2021-03-18,0.1178,0.1182,0.1174,0.1174
2021-03-19,0.1174,0.1174,0.1166,0.1166
2021-03-22,0.1165,0.1175,0.1165,0.1173
2021-03-23,0.1173,0.1173,0.116,0.116
2021-03-24,0.116,0.1162,0.1159,0.1159
2021-03-25,0.116,0.116,0.1152,0.1152
2021-03-26,0.1152,0.1154,0.1152,0.1154
2021-03-29,0.1153,0.1156,0.1148,0.1148
2021-03-30,0.1148,0.1148,0.114,0.114
2021-03-31,0.114,0.1144,0.114,0.1142
2021-04-01,0.1141,0.1145,0.1141,0.1145
2021-04-02,0.1144,0.1144,0.1142,0.1142
2021-04-05,0.1138,0.1147,0.1138,0.1145
2021-04-06,0.1145,0.1158,0.1145,0.1157
2021-04-07,0.1157,0.116,0.1155,0.1155
2021-04-08,0.1156,0.1169,0.1156,0.1167
2021-04-09,0.1168,0.1169,0.1167,0.1167
2021-04-12,0.1167,0.1169,0.1162,0.1162
2021-04-13,0.1163,0.1172,0.1163,0.1171
2021-04-14,0.1171,0.1182,0.1171,0.1177
2021-04-15,0.1177,0.1181,0.1177,0.118
2021-04-16,0.1179,0.1184,0.1179,0.1181
2021-04-19,0.1182,0.119,0.1182,0.1187
2021-04-20,0.1187,0.1192,0.1182,0.1182
2021-04-21,0.1182,0.1186,0.1182,0.1186
2021-04-22,0.1185,0.1188,0.1182,0.1182
2021-04-23,0.1182,0.119,0.1182,0.119
2021-04-26,0.119,0.1193,0.119,0.119
2021-04-27,0.1189,0.1191,0.1189,0.1191
2021-04-28,0.119,0.1196,0.119,0.1195
2021-04-29,0.1195,0.1198,0.1192,0.1192
2021-04-30,0.1191,0.1192,0.1176,0.1176
2021-05-03,0.1177,0.1186,0.1177,0.1185
2021-05-04,0.1184,0.1184,0.1175,0.1175
2021-05-05,0.1175,0.1177,0.1175,0.1175
2021-05-06,0.1175,0.1183,0.1175,0.1183
2021-05-07,0.1183,0.12,0.1183,0.12
2021-05-10,0.12,0.1201,0.1195,0.1195
2021-05-11,0.1195,0.1201,0.1195,0.1199
2021-05-12,0.1198,0.1199,0.1184,0.1184
2021-05-13,0.1183,0.1189,0.1183,0.1186
2021-05-14,0.1186,0.1197,0.1186,0.1197
2021-05-17,0.1197,0.1199,0.1196,0.1197
2021-05-18,0.1196,0.1205,0.1196,0.1204
2021-05-19,0.1203,0.1206,0.1194,0.1194
2021-05-20,0.1193,0.1201,0.1193,0.1201
2021-05-21,0.1201,0.1205,0.1197,0.1197
2021-05-24,0.1197,0.1199,0.1197,0.1199
2021-05-25,0.1199,0.1208,0.1199,0.1207
2021-05-26,0.1207,0.1209,0.1198,0.1198
2021-05-27,0.1198,0.1206,0.1198,0.1204
2021-05-28,0.1203,0.1204,0.12,0.12
2021-05-31,0.1198,0.1203,0.1198,0.1202
2021-06-01,0.1202,0.1208,0.1202,0.1204
2021-06-02,0.1204,0.1207,0.1204,0.1205
2021-06-03,0.1206,0.1206,0.1196,0.1196
2021-06-04,0.1196,0.1206,0.1196,0.1205
2021-06-07,0.1205,0.1207,0.1205,0.1206
2021-06-08,0.1207,0.1207,0.1205,0.1205
2021-06-09,0.1205,0.121,0.1205,0.1207
2021-06-10,0.1206,0.1209,0.1206,0.1207
2021-06-11,0.1208,0.121,0.1198,0.1198
2021-06-14,0.1198,0.12,0.1197,0.1197
2021-06-15,0.1197,0.1201,0.1197,0.1197
2021-06-16,0.1197,0.1198,0.1178,0.1178
2021-06-17,0.1179,0.118,0.1165,0.1165
2021-06-18,0.1165,0.1167,0.1157,0.1157
2021-06-21,0.1157,0.1169,0.1157,0.1169
2021-06-22,0.1169,0.1177,0.1169,0.1176
2021-06-23,0.1176,0.1178,0.1175,0.1175
2021-06-24,0.1175,0.1179,0.1175,0.1176
2021-06-25,0.1176,0.118,0.1173,0.1173
2021-06-28,0.1174,0.1178,0.1171,0.1171
2021-06-29,0.117,0.1171,0.1169,0.1169
2021-06-30,0.1168,0.1172,0.1165,0.1165
2021-07-01,0.1165,0.1166,0.1162,0.1162
2021-07-02,0.1162,0.1168,0.1162,0.1167
2021-07-05,0.1167,0.1167,0.1165,0.1165
2021-07-06,0.1165,0.1169,0.1159,0.1159
2021-07-07,0.116,0.1163,0.1156,0.1156
2021-07-08,0.1155,0.1163,0.1155,0.1159
2021-07-09,0.116,0.1163,0.116,0.1162
2021-07-12,0.1161,0.1164,0.116,0.116
2021-07-13,0.116,0.1163,0.1151,0.1151
2021-07-14,0.1151,0.1157,0.1151,0.1156
2021-07-15,0.1156,0.1157,0.115,0.115
2021-07-16,0.115,0.1151,0.1148,0.1148
2021-07-19,0.1148,0.115,0.1147,0.1147
2021-07-20,0.1147,0.1148,0.1145,0.1145
2021-07-21,0.1146,0.1148,0.1146,0.1148
2021-07-22,0.1147,0.1153,0.1147,0.1147
2021-07-23,0.1148,0.1149,0.1147,0.1147
2021-07-26,0.1147,0.1156,0.1147,0.1155
2021-07-27,0.1155,0.1159,0.1155,0.1155
2021-07-28,0.1155,0.116,0.1155,0.1159
2021-07-29,0.1159,0.1167,0.1159,0.1165
2021-07-30,0.1165,0.1167,0.1159,0.1159
2021-08-02,0.1159,0.1163,0.1159,0.116
2021-08-03,0.116,0.1162,0.1158,0.1158
2021-08-04,0.1158,0.1163,0.1157,0.1157
2021-08-05,0.1158,0.1159,0.1157,0.1157
2021-08-06,0.1157,0.1158,0.1149,0.1149
2021-08-09,0.1149,0.1152,0.1145,0.1145
2021-08-10,0.1145,0.1145,0.1143,0.1143
2021-08-11,0.1143,0.1148,0.1143,0.1147
2021-08-12,0.1147,0.1151,0.1147,0.1148
2021-08-13,0.1147,0.1155,0.1147,0.1153
2021-08-16,0.1154,0.1155,0.1152,0.1152
2021-08-17,0.1152,0.1152,0.1137,0.1137
2021-08-18,0.1137,0.1145,0.1137,0.1141
2021-08-19,0.1142,0.1142,0.1132,0.1132
2021-08-20,0.1132,0.1134,0.1132,0.1132
2021-08-23,0.1132,0.1145,0.1132,0.1143
2021-08-24,0.1144,0.1149,0.1144,0.1147
2021-08-25,0.1146,0.1148,0.1146,0.1147
2021-08-26,0.1147,0.1148,0.1144,0.1144
2021-08-27,0.1144,0.1154,0.1144,0.1154
2021-08-30,0.1154,0.1157,0.1154,0.1156
2021-08-31,0.1156,0.1162,0.1155,0.1155
2021-09-01,0.1156,0.116,0.1156,0.1157
2021-09-02,0.1157,0.1163,0.1157,0.1162
2021-09-03,0.1162,0.1168,0.1162,0.1166
2021-09-06,0.1169,0.1169,0.1164,0.1164
2021-09-07,0.1164,0.1167,0.116,0.116
2021-09-08,0.116,0.1161,0.1155,0.1155
2021-09-09,0.1155,0.1161,0.1155,0.1158
2021-09-10,0.1158,0.1159,0.1154,0.1154
2021-09-13,0.1154,0.1159,0.1154,0.1158
2021-09-14,0.1158,0.1165,0.1158,0.1158
2021-09-15,0.1158,0.1163,0.1158,0.1162
2021-09-16,0.1161,0.1162,0.1156,0.1156
2021-09-17,0.1156,0.1158,0.1148,0.1148
2021-09-20,0.1148,0.1152,0.1147,0.1148
2021-09-21,0.1149,0.1152,0.1146,0.1146
2021-09-22,0.1147,0.1153,0.1146,0.1146
2021-09-23,0.1146,0.1156,0.1146,0.1154
2021-09-24,0.1154,0.1156,0.1152,0.1152
2021-09-27,0.1152,0.1155,0.1145,0.1145
2021-09-28,0.1145,0.1146,0.1141,0.1141
2021-09-29,0.1141,0.1142,0.1132,0.1132
2021-09-30,0.1132,0.114,0.1132,0.1138
2021-10-01,0.1138,0.114,0.1138,0.1139
2021-10-04,0.1139,0.1145,0.1139,0.1142
2021-10-05,0.1142,0.1143,0.114,0.114
2021-10-06,0.114,0.114,0.1132,0.1132
2021-10-07,0.1132,0.1137,0.1132,0.1134
2021-10-08,0.1134,0.1144,0.1134,0.114
2021-10-11,0.114,0.1143,0.1136,0.1136
2021-10-12,0.1136,0.114,0.1134,0.1134
2021-10-13,0.1134,0.1147,0.1134,0.1147
2021-10-14,0.1147,0.1158,0.1147,0.1154
2021-10-15,0.1154,0.1158,0.1154,0.1157
2021-10-18,0.1157,0.1158,0.1151,0.1151
2021-10-19,0.1151,0.116,0.1151,0.1155
2021-10-20,0.1156,0.1161,0.1156,0.116
2021-10-21,0.116,0.1162,0.1158,0.1158
2021-10-22,0.1158,0.1164,0.1158,0.1162
2021-10-25,0.1162,0.1164,0.1158,0.1158
2021-10-26,0.1158,0.116,0.1156,0.1156
2021-10-27,0.1156,0.1165,0.1156,0.1161
2021-10-28,0.1161,0.1171,0.1161,0.117
2021-10-29,0.117,0.1172,0.116,0.116
2021-11-01,0.116,0.1171,0.116,0.117
2021-11-02,0.117,0.1171,0.1161,0.1161
2021-11-03,0.1163,0.1169,0.1163,0.1168
2021-11-04,0.1168,0.1169,0.116,0.116
2021-11-05,0.116,0.1164,0.116,0.1163
2021-11-08,0.1163,0.1164,0.1162,0.1162
2021-11-09,0.1162,0.1167,0.1162,0.1162
2021-11-10,0.1162,0.1162,0.1144,0.1144
2021-11-11,0.1145,0.1147,0.1143,0.1143
2021-11-12,0.1143,0.1144,0.1137,0.1137
2021-11-15,0.1137,0.1141,0.1132,0.1132
2021-11-16,0.1132,0.1135,0.112,0.112
2021-11-17,0.112,0.1127,0.112,0.1124
2021-11-18,0.1124,0.1127,0.1124,0.1124
2021-11-19,0.1124,0.1124,0.1113,0.1113
2021-11-22,0.1113,0.1116,0.1107,0.1107
2021-11-23,0.1107,0.1111,0.1102,0.1102
2021-11-24,0.1102,0.1103,0.1092,0.1092
2021-11-25,0.1092,0.11,0.1092,0.1096
2021-11-26,0.1096,0.1099,0.1087,0.1087
2021-11-29,0.1088,0.1098,0.1088,0.1098
2021-11-30,0.1099,0.1106,0.1099,0.1104
2021-12-01,0.1104,0.1107,0.1097,0.1097
2021-12-02,0.1097,0.1104,0.1097,0.1101
2021-12-03,0.1101,0.1102,0.1089,0.1089
2021-12-06,0.109,0.1098,0.109,0.1095
2021-12-07,0.1095,0.1101,0.1095,0.1095
2021-12-08,0.1094,0.1104,0.1094,0.1102
2021-12-09,0.1102,0.1103,0.1099,0.1099
2021-12-10,0.1099,0.1103,0.1099,0.1101
2021-12-13,0.11,0.1101,0.1096,0.1096
2021-12-14,0.1096,0.1099,0.109,0.109
2021-12-15,0.109,0.1098,0.109,0.1098
2021-12-16,0.1097,0.1106,0.1097,0.1103
2021-12-17,0.1103,0.1105,0.109,0.109
2021-12-20,0.109,0.1093,0.1089,0.1089
2021-12-21,0.1089,0.1093,0.1089,0.1091
2021-12-22,0.1091,0.1098,0.1091,0.1097
2021-12-23,0.1097,0.1098,0.1096,0.1096
2021-12-24,0.1096,0.11,0.1093,0.1093
2021-12-27,0.1093,0.1095,0.1093,0.1095
2021-12-28,0.1095,0.1102,0.1095,0.11
2021-12-29,0.1101,0.1104,0.1101,0.1103
2021-12-30,0.1103,0.1104,0.1102,0.1102
2021-12-31,0.1102,0.1103,0.1101,0.1101
2022-01-03,0.1101,0.1102,0.1094,0.1094
2022-01-04,0.1095,0.1099,0.1095,0.1095
2022-01-05,0.1095,0.1102,0.1094,0.1094
2022-01-06,0.1094,0.1094,0.109,0.109
2022-01-07,0.109,0.1101,0.109,0.1101
2022-01-10,0.11,0.1102,0.1094,0.1094
2022-01-11,0.1094,0.1103,0.1094,0.1103
2022-01-12,0.1103,0.1116,0.1103,0.1114
2022-01-13,0.1114,0.112,0.1114,0.1115
2022-01-14,0.1115,0.1118,0.1104,0.1104
2022-01-17,0.1104,0.1108,0.1104,0.1105
2022-01-18,0.1105,0.1107,0.109,0.109
2022-01-19,0.109,0.1096,0.109,0.1093
2022-01-20,0.1093,0.1096,0.108,0.108
2022-01-21,0.108,0.1088,0.108,0.1083
2022-01-24,0.1083,0.1085,0.1075,0.1075
2022-01-25,0.1076,0.1078,0.1076,0.1076
2022-01-26,0.1076,0.1078,0.1071,0.1071
2022-01-27,0.107,0.1071,0.1061,0.1061
2022-01-28,0.1061,0.1063,0.1056,0.1056
2022-01-31,0.1056,0.1071,0.1056,0.1068
2022-02-01,0.1069,0.1077,0.1069,0.1076
2022-02-02,0.1076,0.1086,0.1076,0.1083
2022-02-03,0.1083,0.1097,0.1083,0.1096
2022-02-04,0.1095,0.1099,0.1089,0.1089
2022-02-07,0.1089,0.1093,0.1089,0.1092
2022-02-08,0.1092,0.1093,0.109,0.109
2022-02-09,0.109,0.1098,0.109,0.1093
2022-02-10,0.1093,0.1097,0.107,0.107
2022-02-11,0.1071,0.1078,0.1067,0.1067
2022-02-14,0.1067,0.1072,0.1061,0.1061
2022-02-15,0.1062,0.1076,0.1062,0.1073
2022-02-16,0.1073,0.1077,0.1073,0.1074
2022-02-17,0.1074,0.1075,0.1067,0.1067
2022-02-18,0.1067,0.1074,0.106,0.106
2022-02-21,0.106,0.107,0.1055,0.1055
2022-02-22,0.1056,0.1071,0.1056,0.1067
2022-02-23,0.1067,0.1071,0.106,0.106
2022-02-24,0.106,0.1061,0.1041,0.1049
2022-02-25,0.1049,0.1061,0.1049,0.1061
2022-02-28,0.1061,0.1062,0.1044,0.1053
2022-03-01,0.1053,0.1054,0.1033,0.1033
2022-03-02,0.1033,0.1034,0.1028,0.103
2022-03-03,0.103,0.103,0.1022,0.1022
2022-03-04,0.1022,0.1023,0.1009,0.1011
2022-03-07,0.1011,0.1014,0.0995,0.0995
2022-03-08,0.0995,0.1011,0.0995,0.1001
2022-03-09,0.1001,0.1032,0.1001,0.1029
2022-03-10,0.1029,0.1035,0.1028,0.1028
2022-03-11,0.1027,0.1036,0.1021,0.1021
2022-03-14,0.1021,0.1044,0.1021,0.1035
2022-03-15,0.1035,0.1042,0.1035,0.1036
2022-03-16,0.1036,0.106,0.1036,0.1059
2022-03-17,0.1059,0.1063,0.1058,0.1058
2022-03-18,0.1059,0.106,0.1059,0.1059
2022-03-21,0.1059,0.1059,0.105,0.105
2022-03-22,0.1049,0.106,0.1049,0.1056
2022-03-23,0.1056,0.1057,0.1055,0.1055
2022-03-24,0.1054,0.1062,0.1054,0.1059
2022-03-25,0.1059,0.1063,0.1058,0.1058
2022-03-28,0.1058,0.1059,0.105,0.105
2022-03-29,0.1049,0.1076,0.1049,0.1068
2022-03-30,0.1068,0.1078,0.1068,0.1077
2022-03-31,0.1077,0.1079,0.1062,0.1062
2022-04-01,0.1061,0.1067,0.1061,0.1064
2022-04-04,0.1065,0.1065,0.1057,0.1057
2022-04-05,0.1057,0.1065,0.1056,0.1056
2022-04-06,0.1057,0.106,0.105,0.105
2022-04-07,0.105,0.1057,0.105,0.1053
2022-04-08,0.1053,0.1056,0.1053,0.1054
2022-04-11,0.1052,0.1058,0.1048,0.1048
2022-04-12,0.1048,0.1054,0.1046,0.1046
2022-04-13,0.1046,0.1052,0.1046,0.1051
2022-04-14,0.1051,0.1057,0.1047,0.1047
2022-04-15,0.1047,0.1047,0.1041,0.1041
2022-04-18,0.1041,0.1044,0.1037,0.1037
2022-04-19,0.1037,0.1045,0.1037,0.1045
2022-04-20,0.1045,0.1057,0.1045,0.1055
2022-04-21,0.1056,0.1063,0.1047,0.1047
2022-04-22,0.1046,0.1052,0.1043,0.1043
2022-04-25,0.1053,0.1053,0.1025,0.1025
2022-04-26,0.1025,0.1028,0.1013,0.1013
2022-04-27,0.1013,0.1017,0.1012,0.1012
2022-04-28,0.1012,0.1026,0.1009,0.1009
2022-04-29,0.1009,0.1023,0.1009,0.1014
2022-05-02,0.1019,0.1019,0.1005,0.1005
2022-05-03,0.1005,0.1013,0.1005,0.101
2022-05-04,0.101,0.1023,0.101,0.1022
2022-05-05,0.1023,0.1024,0.1002,0.1002
2022-05-06,0.1002,0.1009,0.1,0.1
2022-05-09,0.1002,0.1002,0.0987,0.0987
2022-05-10,0.0986,0.0996,0.0986,0.0988
2022-05-11,0.0989,0.1002,0.0989,0.099
2022-05-12,0.099,0.099,0.098,0.098
2022-05-13,0.0981,0.0991,0.0981,0.0989
2022-05-16,0.099,0.0992,0.099,0.099
2022-05-17,0.0989,0.1009,0.0989,0.1004
2022-05-18,0.1004,0.1005,0.099,0.099
2022-05-19,0.0991,0.1007,0.0991,0.1005
2022-05-20,0.1004,0.1007,0.1002,0.1002
2022-05-23,0.1001,0.1016,0.1001,0.1014
2022-05-24,0.1015,0.1021,0.1015,0.102
2022-05-25,0.102,0.1021,0.101,0.101
2022-05-26,0.101,0.1013,0.101,0.101
2022-05-27,0.101,0.1016,0.101,0.1015
2022-05-30,0.1015,0.1023,0.1015,0.1021
2022-05-31,0.1021,0.1022,0.1019,0.102
2022-06-01,0.102,0.1021,0.1012,0.1012
2022-06-02,0.1012,0.1027,0.1012,0.1026
2022-06-03,0.1027,0.1029,0.102,0.102
2022-06-06,0.102,0.1024,0.1018,0.1018
2022-06-07,0.1017,0.1019,0.1016,0.1016
2022-06-08,0.1017,0.102,0.1015,0.1015
2022-06-09,0.1015,0.102,0.1005,0.1005
2022-06-10,0.1004,0.1008,0.0993,0.0993
2022-06-13,0.0993,0.0999,0.0976,0.0976
2022-06-14,0.0976,0.0984,0.0976,0.0977
2022-06-15,0.0976,0.0985,0.0975,0.0978
2022-06-16,0.0979,0.0986,0.0975,0.0983
2022-06-17,0.0983,0.0984,0.0979,0.0979
2022-06-20,0.0979,0.0986,0.0979,0.0984
2022-06-21,0.0984,0.0992,0.0984,0.0986
2022-06-22,0.0986,0.0991,0.0985,0.0987
2022-06-23,0.0987,0.0988,0.0978,0.0978
2022-06-24,0.0978,0.0986,0.0978,0.0983
2022-06-27,0.0983,0.0991,0.0983,0.0988
2022-06-28,0.0988,0.0992,0.0981,0.0981
2022-06-29,0.0981,0.0982,0.0972,0.0972
2022-06-30,0.0972,0.0976,0.0971,0.0974
2022-07-01,0.0974,0.0974,0.0966,0.0966
2022-07-04,0.0966,0.0969,0.0962,0.0962
2022-07-05,0.0963,0.0966,0.0948,0.0948
2022-07-06,0.0948,0.0951,0.0945,0.0945
2022-07-07,0.0946,0.0949,0.0946,0.0946
2022-07-08,0.0946,0.095,0.0945,0.0947
2022-07-11,0.0951,0.0951,0.0937,0.0937
2022-07-12,0.0937,0.0945,0.0937,0.0941
2022-07-13,0.0941,0.095,0.0941,0.0942
2022-07-14,0.0944,0.0945,0.0939,0.0939
2022-07-15,0.0941,0.0951,0.0941,0.095
2022-07-18,0.0951,0.0965,0.0951,0.0957
2022-07-19,0.0958,0.0976,0.0958,0.0973
2022-07-20,0.0973,0.0977,0.0971,0.0971
2022-07-21,0.0971,0.0981,0.0971,0.0978
2022-07-22,0.0977,0.0978,0.0974,0.0974
2022-07-25,0.0974,0.0982,0.0974,0.0977
2022-07-26,0.0977,0.098,0.0965,0.0965
2022-07-27,0.0965,0.0977,0.0965,0.0974
2022-07-28,0.0973,0.0977,0.0972,0.0976
2022-07-29,0.0976,0.0983,0.0976,0.0982
2022-08-01,0.0982,0.0988,0.0982,0.0985
2022-08-02,0.0985,0.0987,0.0971,0.0971
2022-08-03,0.0971,0.0978,0.0971,0.0976
2022-08-04,0.0976,0.0986,0.0976,0.0985
2022-08-05,0.0985,0.0986,0.0977,0.0977
2022-08-08,0.0977,0.0983,0.0977,0.0981
2022-08-09,0.0981,0.0983,0.098,0.098
2022-08-10,0.098,0.0995,0.098,0.0991
2022-08-11,0.0991,0.0996,0.099,0.099
2022-08-12,0.0989,0.099,0.0976,0.0976
2022-08-15,0.0976,0.0979,0.0963,0.0963
2022-08-16,0.0963,0.0964,0.0963,0.0963
2022-08-17,0.0963,0.0965,0.0959,0.0959
2022-08-18,0.0959,0.0959,0.0947,0.0947
2022-08-19,0.0947,0.0948,0.0941,0.0941
2022-08-22,0.094,0.0942,0.0928,0.0928
2022-08-23,0.0928,0.0942,0.0928,0.0938
2022-08-24,0.0938,0.0941,0.0938,0.0938
2022-08-25,0.0938,0.0946,0.0938,0.0942
2022-08-26,0.0941,0.095,0.0934,0.0934
2022-08-29,0.0936,0.0938,0.0933,0.0933
2022-08-30,0.0933,0.094,0.0932,0.0932
2022-08-31,0.0932,0.0938,0.0932,0.0934
2022-09-01,0.0934,0.0934,0.0922,0.0922
2022-09-02,0.0922,0.0931,0.0922,0.0924
2022-09-05,0.0923,0.0926,0.0922,0.0922
2022-09-06,0.0922,0.0929,0.0922,0.0922
2022-09-07,0.0923,0.0932,0.0923,0.0931
2022-09-08,0.0931,0.0933,0.093,0.093
2022-09-09,0.093,0.0947,0.093,0.0937
2022-09-12,0.0941,0.0954,0.0941,0.0949
2022-09-13,0.095,0.0956,0.093,0.093
2022-09-14,0.093,0.0937,0.093,0.0931
2022-09-15,0.0931,0.0933,0.0927,0.0927
2022-09-16,0.0927,0.0929,0.0923,0.0923
2022-09-19,0.0923,0.0928,0.0923,0.0924
2022-09-20,0.0924,0.0928,0.0914,0.0914
2022-09-21,0.0914,0.0914,0.0899,0.0899
2022-09-22,0.0899,0.0907,0.0899,0.0899
2022-09-23,0.0899,0.09,0.0881,0.0881
2022-09-26,0.0881,0.0887,0.0876,0.0876
2022-09-27,0.0876,0.0887,0.0876,0.0876
2022-09-28,0.0876,0.0892,0.0874,0.0888
2022-09-29,0.0888,0.0893,0.0883,0.0893
2022-09-30,0.0893,0.0899,0.0893,0.0897
2022-10-03,0.0897,0.0907,0.0897,0.0903
2022-10-04,0.0903,0.0919,0.0903,0.0918
2022-10-05,0.0918,0.092,0.0908,0.0908
2022-10-06,0.0908,0.0913,0.0893,0.0893
2022-10-07,0.0893,0.0898,0.0887,0.0887
2022-10-10,0.0887,0.0888,0.088,0.088
2022-10-11,0.0881,0.0885,0.0875,0.0875
2022-10-12,0.0876,0.0881,0.0876,0.0878
2022-10-13,0.0879,0.0889,0.0876,0.0886
2022-10-14,0.0885,0.0889,0.0881,0.0881
2022-10-17,0.0882,0.0894,0.0882,0.0893
2022-10-18,0.0893,0.0901,0.0893,0.0898
2022-10-19,0.0898,0.09,0.0888,0.0888
2022-10-20,0.0888,0.0892,0.0883,0.0883
2022-10-21,0.0883,0.0889,0.088,0.0889
2022-10-24,0.0889,0.0895,0.0889,0.0892
2022-10-25,0.0892,0.0908,0.0892,0.0908
2022-10-26,0.0907,0.0917,0.0907,0.0917
2022-10-27,0.0917,0.0918,0.0908,0.0908
2022-10-28,0.0908,0.0911,0.0908,0.091
2022-10-31,0.091,0.091,0.0902,0.0902
2022-11-01,0.0902,0.0912,0.0902,0.0903
2022-11-02,0.0903,0.0912,0.0896,0.0896
2022-11-03,0.0896,0.0899,0.0889,0.0889
2022-11-04,0.0889,0.0914,0.0889,0.0914
2022-11-07,0.0914,0.092,0.0914,0.0918
2022-11-08,0.0918,0.0929,0.0918,0.0925
2022-11-09,0.0926,0.0929,0.0915,0.0915
2022-11-10,0.0914,0.0942,0.0914,0.0941
2022-11-11,0.0941,0.0963,0.0941,0.096
2022-11-14,0.096,0.0963,0.0949,0.0949
2022-11-15,0.095,0.0965,0.0949,0.0949
2022-11-16,0.095,0.0957,0.095,0.095
2022-11-17,0.0951,0.0951,0.0938,0.0938
2022-11-18,0.0938,0.0943,0.0936,0.0936
2022-11-21,0.0936,0.0936,0.093,0.093
2022-11-22,0.093,0.0936,0.093,0.0935
2022-11-23,0.0935,0.0953,0.0935,0.0952
2022-11-24,0.0952,0.0959,0.0952,0.0957
2022-11-25,0.0956,0.0959,0.0954,0.0954
2022-11-28,0.0954,0.096,0.0944,0.0944
2022-11-29,0.0943,0.095,0.0941,0.0941
2022-11-30,0.0941,0.0951,0.0941,0.0949
2022-12-01,0.0949,0.0966,0.0949,0.0966
2022-12-02,0.0966,0.0968,0.0961,0.0965
2022-12-05,0.0965,0.097,0.0957,0.0957
2022-12-06,0.0957,0.0963,0.0956,0.0956
2022-12-07,0.0956,0.0965,0.0956,0.0959
2022-12-08,0.0958,0.0965,0.0958,0.0964
2022-12-09,0.0964,0.0969,0.0964,0.0964
2022-12-12,0.0964,0.0967,0.0964,0.0964
2022-12-13,0.0964,0.0979,0.0964,0.0975
2022-12-14,0.0975,0.0981,0.0975,0.098
2022-12-15,0.098,0.098,0.0963,0.0963
2022-12-16,0.0963,0.0968,0.0956,0.0956
2022-12-19,0.0956,0.0966,0.0956,0.0958
2022-12-20,0.0958,0.0961,0.0955,0.0955
2022-12-21,0.0955,0.0959,0.0955,0.0955
2022-12-22,0.0955,0.0963,0.0951,0.0951
2022-12-23,0.0951,0.0955,0.0946,0.0946
2022-12-26,0.0945,0.0951,0.0945,0.095
2022-12-27,0.0951,0.0956,0.0951,0.0951
2022-12-28,0.0951,0.096,0.095,0.095
2022-12-29,0.095,0.0955,0.095,0.0952
2022-12-30,0.0952,0.096,0.0952,0.0955
2023-01-02,0.0955,0.0956,0.0951,0.0951
2023-01-03,0.0952,0.0954,0.0942,0.0942
2023-01-04,0.0942,0.095,0.0942,0.0948
2023-01-05,0.0948,0.095,0.0932,0.0932
2023-01-06,0.0932,0.0947,0.0932,0.0947
2023-01-09,0.0947,0.0961,0.0947,0.0957
2023-01-10,0.0957,0.096,0.0955,0.0955
2023-01-11,0.0956,0.0958,0.0952,0.0952
2023-01-12,0.0951,0.0959,0.0951,0.0956
2023-01-13,0.0956,0.096,0.0956,0.0957
2023-01-16,0.0958,0.0964,0.0956,0.0956
2023-01-17,0.0956,0.096,0.0956,0.0956
2023-01-18,0.0956,0.0973,0.0956,0.0964
2023-01-19,0.0963,0.0971,0.0963,0.0965
2023-01-20,0.0965,0.0969,0.0965,0.0968
2023-01-23,0.0968,0.0976,0.0968,0.0973
2023-01-24,0.0973,0.0978,0.0973,0.0976
2023-01-25,0.0976,0.0979,0.0976,0.0976
2023-01-26,0.0976,0.0978,0.0969,0.0969
2023-01-27,0.097,0.0971,0.0966,0.0966
2023-01-30,0.0966,0.0967,0.0958,0.0958
2023-01-31,0.0958,0.0959,0.0952,0.0952
2023-02-01,0.0952,0.0964,0.0952,0.0964
2023-02-02,0.0964,0.0967,0.0959,0.0959
2023-02-03,0.0959,0.0962,0.0945,0.0945
2023-02-06,0.0945,0.0946,0.0937,0.0937
2023-02-07,0.0937,0.0945,0.0937,0.0942
2023-02-08,0.0941,0.0949,0.094,0.094
2023-02-09,0.094,0.0967,0.094,0.0962
2023-02-10,0.0962,0.0966,0.0952,0.0952
2023-02-13,0.0952,0.096,0.0952,0.096
2023-02-14,0.0959,0.0971,0.0959,0.0961
2023-02-15,0.0961,0.0962,0.0956,0.0956
2023-02-16,0.0955,0.096,0.0953,0.0953
2023-02-17,0.0953,0.0954,0.0952,0.0953
2023-02-20,0.0953,0.0964,0.0953,0.0962
2023-02-21,0.0963,0.0968,0.0959,0.0959
2023-02-22,0.0959,0.0965,0.0956,0.0956
2023-02-23,0.0955,0.0959,0.0954,0.0954
2023-02-24,0.0954,0.0958,0.0948,0.0948
2023-02-27,0.0948,0.0959,0.0948,0.0959
2023-02-28,0.0958,0.0959,0.0951,0.0951
2023-03-01,0.0951,0.0959,0.0951,0.0954
2023-03-02,0.0954,0.0955,0.0948,0.0948
2023-03-03,0.0948,0.0952,0.0948,0.0952
2023-03-06,0.0952,0.0954,0.0952,0.0953
2023-03-07,0.0952,0.0956,0.0928,0.0928
2023-03-08,0.0928,0.0934,0.0927,0.0927
2023-03-09,0.0928,0.0933,0.0928,0.0928
2023-03-10,0.0927,0.0938,0.0927,0.0929
2023-03-13,0.0929,0.0941,0.0929,0.094
2023-03-14,0.094,0.0952,0.094,0.0951
2023-03-15,0.0951,0.0958,0.0939,0.0939
2023-03-16,0.094,0.0948,0.094,0.0947
2023-03-17,0.0947,0.0953,0.0947,0.0948
2023-03-20,0.0953,0.0961,0.0953,0.096
2023-03-21,0.0961,0.0969,0.0961,0.0963
2023-03-22,0.0963,0.0975,0.0963,0.0966
2023-03-23,0.0966,0.0974,0.0964,0.0964
2023-03-24,0.0964,0.0965,0.0955,0.0955
2023-03-27,0.0955,0.0961,0.0955,0.096
2023-03-28,0.096,0.0966,0.096,0.0961
2023-03-29,0.0961,0.0962,0.0957,0.0957
2023-03-30,0.0957,0.0963,0.0957,0.0962
2023-03-31,0.0961,0.0964,0.0959,0.0959
2023-04-03,0.0959,0.0961,0.0959,0.096
2023-04-04,0.096,0.097,0.096,0.0968
2023-04-05,0.0969,0.097,0.0958,0.0958
2023-04-06,0.0957,0.0957,0.0954,0.0954
2023-04-07,0.0954,0.0956,0.0952,0.0952
2023-04-10,0.0951,0.0953,0.0947,0.0947
2023-04-11,0.0947,0.0955,0.0947,0.0952
2023-04-12,0.0952,0.0967,0.0952,0.0963
2023-04-13,0.0963,0.0971,0.0963,0.0969
2023-04-14,0.0969,0.0973,0.0964,0.0964
2023-04-17,0.0964,0.0967,0.0962,0.0962
2023-04-18,0.0962,0.0969,0.0962,0.0966
2023-04-19,0.0966,0.0967,0.0963,0.0963
2023-04-20,0.0962,0.0967,0.0962,0.0965
2023-04-21,0.0966,0.0967,0.0966,0.0966
2023-04-24,0.0966,0.0972,0.0966,0.0972
2023-04-25,0.0972,0.0974,0.0966,0.0966
2023-04-26,0.0966,0.0973,0.0964,0.0964
2023-04-27,0.0965,0.0968,0.0965,0.0968
2023-04-28,0.0968,0.0972,0.0968,0.0971
2023-05-01,0.097,0.0971,0.0964,0.0964
2023-05-02,0.0964,0.097,0.0964,0.0967
2023-05-03,0.0967,0.0975,0.0967,0.0971
2023-05-04,0.0971,0.0975,0.0971,0.0971
2023-05-05,0.0972,0.0981,0.0972,0.098
2023-05-08,0.098,0.0983,0.098,0.098
2023-05-09,0.098,0.0981,0.0976,0.0976
2023-05-10,0.0976,0.098,0.0975,0.0975
2023-05-11,0.0975,0.0976,0.0964,0.0964
2023-05-12,0.0964,0.0967,0.0959,0.0959
2023-05-15,0.0959,0.0963,0.0959,0.0962
2023-05-16,0.0962,0.0965,0.0957,0.0957
2023-05-17,0.0957,0.0957,0.0954,0.0954
2023-05-18,0.0953,0.0954,0.0942,0.0942
2023-05-19,0.0942,0.0948,0.0942,0.0946
2023-05-22,0.0946,0.0948,0.0943,0.0943
2023-05-23,0.0943,0.0944,0.0938,0.0938
2023-05-24,0.0938,0.0939,0.0929,0.0929
2023-05-25,0.0929,0.0929,0.0921,0.0921
2023-05-26,0.092,0.093,0.092,0.0921
2023-05-29,0.0921,0.0923,0.0921,0.0921
2023-05-30,0.092,0.0922,0.0916,0.0916
2023-05-31,0.0916,0.0918,0.0916,0.0917
2023-06-01,0.0918,0.0921,0.0918,0.092
2023-06-02,0.0921,0.0932,0.0921,0.0922
2023-06-05,0.0922,0.0922,0.0917,0.0917
2023-06-06,0.0917,0.0921,0.0912,0.0912
2023-06-07,0.0911,0.092,0.0911,0.0914
2023-06-08,0.0914,0.0923,0.0914,0.0922
2023-06-09,0.0922,0.0923,0.092,0.092
2023-06-12,0.092,0.0926,0.092,0.0921
2023-06-13,0.092,0.0932,0.092,0.0932
2023-06-14,0.0932,0.0935,0.0929,0.0929
2023-06-15,0.0929,0.094,0.0929,0.094
2023-06-16,0.094,0.0943,0.0935,0.0935
2023-06-19,0.0935,0.0936,0.0928,0.0928
2023-06-20,0.0929,0.093,0.0923,0.0923
2023-06-21,0.0923,0.0936,0.0923,0.0935
2023-06-22,0.0934,0.0937,0.093,0.093
2023-06-23,0.0931,0.0931,0.0929,0.0929
2023-06-26,0.0929,0.0931,0.0927,0.0927
2023-06-27,0.0927,0.0933,0.0927,0.0929
2023-06-28,0.0929,0.0929,0.0924,0.0924
2023-06-29,0.0924,0.0925,0.0916,0.0916
2023-06-30,0.0916,0.0924,0.0916,0.0923
2023-07-03,0.0923,0.0925,0.0917,0.0917
2023-07-04,0.0918,0.0923,0.0918,0.0923
2023-07-05,0.0919,0.0921,0.091,0.091
2023-07-06,0.091,0.0912,0.091,0.091
2023-07-07,0.091,0.092,0.091,0.092
2023-07-10,0.092,0.0926,0.092,0.0925
2023-07-11,0.0926,0.0934,0.0926,0.0934
2023-07-12,0.0934,0.0961,0.0934,0.0961
2023-07-13,0.096,0.0977,0.096,0.0976
2023-07-14,0.0976,0.0978,0.0972,0.0972
2023-07-17,0.0972,0.0978,0.0971,0.0971
2023-07-18,0.0972,0.0979,0.0972,0.0975
2023-07-19,0.0975,0.0977,0.097,0.097
2023-07-20,0.097,0.0974,0.0961,0.0961
2023-07-21,0.0961,0.0964,0.0958,0.0958
2023-07-24,0.0958,0.0961,0.0956,0.0956
2023-07-25,0.0956,0.0962,0.0956,0.0961
2023-07-26,0.096,0.0963,0.0958,0.0958
2023-07-27,0.0958,0.0967,0.0947,0.0947
2023-07-28,0.0947,0.095,0.0944,0.0944
2023-07-31,0.0944,0.095,0.0944,0.0946
2023-08-01,0.0946,0.0947,0.0939,0.0939
2023-08-02,0.0939,0.0943,0.0929,0.0929
2023-08-03,0.0929,0.0932,0.0929,0.0932
2023-08-04,0.0932,0.0945,0.0932,0.0941
2023-08-07,0.0941,0.0942,0.0941,0.0941
2023-08-08,0.0941,0.0941,0.093,0.093
2023-08-09,0.093,0.0935,0.093,0.0933
2023-08-10,0.0933,0.0943,0.093,0.093
2023-08-11,0.093,0.0932,0.0919,0.0919
2023-08-14,0.0919,0.0924,0.0919,0.0923
2023-08-15,0.0923,0.0924,0.0916,0.0916
2023-08-16,0.0917,0.092,0.0912,0.0912
2023-08-17,0.0912,0.0916,0.0911,0.0911
2023-08-18,0.091,0.0913,0.0906,0.0906
2023-08-21,0.0906,0.0913,0.0906,0.0909
2023-08-22,0.0908,0.0915,0.0908,0.0911
2023-08-23,0.0911,0.0916,0.091,0.0914
2023-08-24,0.0913,0.0913,0.0905,0.0905
2023-08-25,0.0905,0.0908,0.0901,0.0901
2023-08-28,0.0901,0.0906,0.0901,0.0905
2023-08-29,0.0907,0.0918,0.0907,0.0916
2023-08-30,0.0916,0.0923,0.0916,0.092
2023-08-31,0.0919,0.092,0.0909,0.0909
2023-09-01,0.0909,0.0913,0.0901,0.0901
2023-09-04,0.0902,0.0905,0.0902,0.0905
2023-09-05,0.0905,0.0906,0.0897,0.0897
2023-09-06,0.0897,0.0899,0.0896,0.0896
2023-09-07,0.0897,0.0898,0.0894,0.0894
2023-09-08,0.0894,0.09,0.0894,0.0895
2023-09-11,0.0895,0.0901,0.0895,0.0899
2023-09-12,0.0899,0.0899,0.0898,0.0898
2023-09-13,0.0898,0.0898,0.0894,0.0894
2023-09-14,0.0894,0.0897,0.089,0.089
2023-09-15,0.089,0.0895,0.089,0.089
2023-09-18,0.089,0.0893,0.089,0.0893
2023-09-19,0.0893,0.0898,0.0892,0.0892
2023-09-20,0.0892,0.0903,0.0892,0.0893
2023-09-21,0.0893,0.0898,0.0891,0.0891
2023-09-22,0.0891,0.0897,0.0891,0.0894
2023-09-25,0.0894,0.0904,0.0894,0.09
2023-09-26,0.09,0.0909,0.09,0.0906
2023-09-27,0.0906,0.091,0.0901,0.0901
2023-09-28,0.09,0.0912,0.09,0.0912
2023-09-29,0.0911,0.092,0.0911,0.0912
2023-10-02,0.0912,0.0914,0.09,0.09
2023-10-03,0.09,0.0902,0.0898,0.0898
2023-10-04,0.0898,0.0905,0.0898,0.0899
2023-10-05,0.0899,0.0905,0.0899,0.0904
2023-10-06,0.0904,0.0911,0.0904,0.0908
2023-10-09,0.0908,0.0909,0.0908,0.0908
2023-10-10,0.0908,0.0918,0.0908,0.0916
2023-10-11,0.0915,0.0917,0.0913,0.0913
2023-10-12,0.0913,0.0917,0.0905,0.0905
2023-10-13,0.0906,0.0913,0.0902,0.0902
2023-10-16,0.0903,0.0912,0.0903,0.0912
2023-10-17,0.0912,0.0914,0.0912,0.0912
2023-10-18,0.0912,0.0914,0.0904,0.0904
2023-10-19,0.0903,0.0912,0.0903,0.0908
2023-10-20,0.0909,0.0909,0.0907,0.0907
2023-10-23,0.0907,0.0909,0.0907,0.0907
2023-10-24,0.0907,0.0911,0.0895,0.0895
2023-10-25,0.0895,0.0898,0.0893,0.0893
2023-10-26,0.0892,0.0893,0.0892,0.0892
2023-10-27,0.0892,0.0895,0.0892,0.0892
2023-10-30,0.0892,0.0895,0.0892,0.0893
2023-10-31,0.0893,0.0898,0.0891,0.0891
2023-11-01,0.0891,0.0892,0.089,0.089
2023-11-02,0.0891,0.0899,0.0891,0.0896
2023-11-03,0.0896,0.0916,0.0896,0.0915
2023-11-06,0.0915,0.0918,0.0912,0.0912
2023-11-07,0.0912,0.0913,0.0912,0.0912
2023-11-08,0.0912,0.0915,0.0912,0.0914
2023-11-09,0.0914,0.0919,0.0911,0.0911
2023-11-10,0.0911,0.0915,0.0911,0.0913
2023-11-13,0.0913,0.0919,0.0913,0.0918
2023-11-14,0.0918,0.0942,0.0918,0.094
2023-11-15,0.094,0.0947,0.094,0.0944
2023-11-16,0.0944,0.0946,0.094,0.094
2023-11-17,0.094,0.0946,0.094,0.0946
2023-11-20,0.0946,0.0954,0.0946,0.0953
2023-11-21,0.0953,0.096,0.0952,0.0952
2023-11-22,0.0952,0.0954,0.095,0.095
2023-11-23,0.0951,0.0958,0.0949,0.0949
2023-11-24,0.0949,0.0953,0.0949,0.0952
2023-11-27,0.0953,0.0957,0.0953,0.0955
2023-11-28,0.0955,0.0965,0.0955,0.0965
2023-11-29,0.0965,0.0969,0.0961,0.0961
2023-11-30,0.0961,0.0963,0.0949,0.0949
2023-12-01,0.0948,0.0961,0.0948,0.096
2023-12-04,0.096,0.0961,0.0954,0.0954
2023-12-05,0.0954,0.0956,0.095,0.095
2023-12-06,0.0949,0.0955,0.0949,0.095
2023-12-07,0.0951,0.096,0.0951,0.0959
2023-12-08,0.0959,0.096,0.0952,0.0952
2023-12-11,0.0952,0.0952,0.0949,0.0949
2023-12-12,0.0949,0.0956,0.0949,0.0954
2023-12-13,0.0954,0.0968,0.0954,0.0965
2023-12-14,0.0965,0.0977,0.0965,0.0973
2023-12-15,0.0973,0.0976,0.0969,0.0969
2023-12-18,0.0969,0.0978,0.0969,0.0976
2023-12-19,0.0976,0.0981,0.0976,0.0981
2023-12-20,0.0981,0.0983,0.0979,0.0979
2023-12-21,0.0979,0.099,0.0979,0.0987
2023-12-22,0.0987,0.0999,0.0987,0.0996
2023-12-25,0.0996,0.0996,0.0992,0.0992
2023-12-26,0.0994,0.0998,0.0994,0.0996
2023-12-27,0.0997,0.1005,0.0997,0.1002
2023-12-28,0.1002,0.1005,0.0997,0.0997
2023-12-29,0.0997,0.0999,0.0987,0.0987
2024-01-01,0.0988,0.099,0.0988,0.0988
2024-01-02,0.0988,0.099,0.0974,0.0974
2024-01-03,0.0974,0.0978,0.0968,0.0968
2024-01-04,0.0968,0.0976,0.0968,0.0974
2024-01-05,0.0974,0.098,0.097,0.097
2024-01-08,0.0971,0.0975,0.0971,0.0973
2024-01-09,0.0973,0.0976,0.0971,0.0971
2024-01-10,0.0971,0.0974,0.0971,0.0974
2024-01-11,0.0974,0.0978,0.0971,0.0971
2024-01-12,0.0971,0.0974,0.0969,0.0969
2024-01-15,0.0968,0.0971,0.0964,0.0964
2024-01-16,0.0964,0.0965,0.0954,0.0954
2024-01-17,0.0954,0.0955,0.0953,0.0953
2024-01-18,0.0953,0.0956,0.095,0.095
2024-01-19,0.095,0.0953,0.095,0.0952
2024-01-22,0.0952,0.0956,0.0952,0.0952
2024-01-23,0.0952,0.0956,0.095,0.095
2024-01-24,0.095,0.096,0.095,0.0954
2024-01-25,0.0954,0.0957,0.0954,0.0954
2024-01-26,0.0953,0.0959,0.0952,0.0952
2024-01-29,0.0952,0.0954,0.0952,0.0954
2024-01-30,0.0954,0.0958,0.0954,0.0957
2024-01-31,0.0956,0.0966,0.0956,0.0958
2024-02-01,0.0958,0.0959,0.0958,0.0959
2024-02-02,0.0959,0.0963,0.0949,0.0949
2024-02-05,0.0949,0.0949,0.0939,0.0939
2024-02-06,0.0939,0.0948,0.0939,0.0948
2024-02-07,0.0948,0.0954,0.0948,0.0951
2024-02-08,0.0951,0.0953,0.0951,0.0951
2024-02-09,0.0951,0.0954,0.0951,0.0953
2024-02-12,0.0953,0.0958,0.0953,0.0957
2024-02-13,0.0957,0.0958,0.0941,0.0941
2024-02-14,0.094,0.0947,0.094,0.0946
2024-02-15,0.0946,0.0956,0.0946,0.0953
2024-02-16,0.0952,0.0956,0.0952,0.0954
2024-02-19,0.0954,0.0958,0.0954,0.0958
2024-02-20,0.0958,0.0963,0.0958,0.0961
2024-02-21,0.0961,0.0963,0.0961,0.0961
2024-02-22,0.0961,0.0971,0.0961,0.0965
2024-02-23,0.0965,0.0968,0.0964,0.0964
2024-02-26,0.0964,0.0969,0.0964,0.0968
2024-02-27,0.0968,0.097,0.0966,0.0966
2024-02-28,0.0966,0.0967,0.0964,0.0964
2024-02-29,0.0964,0.0966,0.096,0.096
2024-03-01,0.096,0.0966,0.096,0.0965
2024-03-04,0.0965,0.0967,0.096,0.096
2024-03-05,0.096,0.0962,0.096,0.096
2024-03-06,0.0959,0.097,0.0959,0.0967
2024-03-07,0.0967,0.0974,0.0967,0.0974
2024-03-08,0.0974,0.0981,0.0974,0.0975
2024-03-11,0.0975,0.0976,0.0972,0.0972
2024-03-12,0.0972,0.0979,0.0972,0.0972
2024-03-13,0.0972,0.0976,0.0972,0.0973
2024-03-14,0.0974,0.0975,0.0964,0.0964
2024-03-15,0.0963,0.0964,0.0961,0.0961
2024-03-18,0.0961,0.0962,0.0954,0.0954
2024-03-19,0.0954,0.0955,0.0954,0.0954
2024-03-20,0.0954,0.0959,0.0954,0.0959
2024-03-21,0.0959,0.0962,0.0951,0.0951
2024-03-22,0.0951,0.0952,0.0942,0.0942
2024-03-25,0.0942,0.0945,0.094,0.094
2024-03-26,0.0941,0.0945,0.094,0.094
2024-03-27,0.0941,0.0941,0.0939,0.0939
2024-03-28,0.0937,0.0938,0.093,0.093
2024-03-29,0.093,0.0934,0.093,0.0934
2024-04-01,0.0933,0.0933,0.0922,0.0922
2024-04-02,0.0922,0.0931,0.0922,0.0929
2024-04-03,0.0927,0.0937,0.0927,0.0935
2024-04-04,0.0935,0.0943,0.0935,0.0936
2024-04-05,0.0936,0.0937,0.0936,0.0936
2024-04-08,0.0936,0.0945,0.0936,0.0943
2024-04-09,0.0943,0.0949,0.0943,0.0944
2024-04-10,0.0943,0.0946,0.0929,0.0929
2024-04-11,0.0929,0.0931,0.0928,0.0928
2024-04-12,0.0928,0.0929,0.0915,0.0915
2024-04-15,0.0915,0.0919,0.0915,0.0915
2024-04-16,0.0915,0.0915,0.0908,0.0908
2024-04-17,0.0908,0.0912,0.0908,0.091
2024-04-18,0.091,0.0915,0.0908,0.0908
2024-04-19,0.0908,0.0914,0.0908,0.0912
2024-04-22,0.0912,0.0915,0.0912,0.0914
2024-04-23,0.0914,0.0921,0.0914,0.0921
2024-04-24,0.0921,0.0923,0.0915,0.0915
2024-04-25,0.0914,0.0919,0.0914,0.0914
2024-04-26,0.0915,0.0918,0.091,0.091
2024-04-29,0.091,0.0915,0.091,0.0912
2024-04-30,0.0911,0.0911,0.0905,0.0905
2024-05-01,0.0904,0.0914,0.0904,0.0911
2024-05-02,0.0911,0.0917,0.0911,0.0916
2024-05-03,0.0916,0.0927,0.0916,0.092
2024-05-06,0.092,0.0925,0.092,0.0921
2024-05-07,0.0921,0.0922,0.0916,0.0916
2024-05-08,0.0917,0.0917,0.0913,0.0913
2024-05-09,0.0913,0.0918,0.0913,0.0917
2024-05-10,0.0918,0.0921,0.0918,0.0919
2024-05-13,0.0919,0.092,0.0918,0.0918
2024-05-14,0.0918,0.0922,0.0918,0.0921
2024-05-15,0.0921,0.0935,0.0921,0.0934
2024-05-16,0.0934,0.0936,0.0929,0.0929
2024-05-17,0.0929,0.0931,0.0929,0.0929
2024-05-20,0.0929,0.0933,0.0929,0.0931
2024-05-21,0.0931,0.0935,0.0931,0.0931
2024-05-22,0.0931,0.0933,0.0928,0.0928
2024-05-23,0.0927,0.0933,0.0927,0.0928
2024-05-24,0.0927,0.0936,0.0927,0.0933
2024-05-27,0.0934,0.0939,0.0934,0.0938
2024-05-28,0.0938,0.0946,0.0938,0.0942
2024-05-29,0.0942,0.0943,0.0933,0.0933
2024-05-30,0.0933,0.0941,0.0933,0.0939
2024-05-31,0.094,0.0948,0.094,0.0946
2024-06-03,0.0946,0.0957,0.0946,0.0956
2024-06-04,0.0957,0.0957,0.0954,0.0954
2024-06-05,0.0954,0.096,0.0954,0.0958
2024-06-06,0.0958,0.0962,0.0958,0.0958
2024-06-07,0.0959,0.0962,0.0945,0.0945
2024-06-10,0.0945,0.0951,0.0945,0.095
2024-06-11,0.095,0.0952,0.095,0.095
2024-06-12,0.095,0.0969,0.095,0.0959
2024-06-13,0.0959,0.0961,0.095,0.095
2024-06-14,0.095,0.0951,0.0947,0.0947
2024-06-17,0.0947,0.095,0.0947,0.095
2024-06-18,0.095,0.0955,0.095,0.0954
2024-06-19,0.0954,0.0956,0.0954,0.0954
2024-06-20,0.0954,0.0955,0.0949,0.0949
2024-06-21,0.0948,0.095,0.0948,0.0948
2024-06-24,0.0948,0.0954,0.0948,0.0951
2024-06-25,0.0951,0.0952,0.0948,0.0948
2024-06-26,0.0948,0.0948,0.0941,0.0941
2024-06-27,0.0941,0.0944,0.0937,0.0937
2024-06-28,0.0937,0.0941,0.0937,0.0939
2024-07-01,0.094,0.0945,0.0938,0.0938
2024-07-02,0.0938,0.0942,0.0938,0.0942
2024-07-03,0.0941,0.0951,0.0941,0.0949
2024-07-04,0.0949,0.095,0.0948,0.0948
2024-07-05,0.0948,0.0951,0.0948,0.095
2024-07-08,0.095,0.0951,0.0941,0.0941
2024-07-09,0.0942,0.0945,0.0942,0.0944
2024-07-10,0.0944,0.0946,0.0944,0.0944
2024-07-11,0.0944,0.0955,0.0944,0.0949
2024-07-12,0.0949,0.0949,0.0946,0.0946
2024-07-15,0.0946,0.0946,0.094,0.094
2024-07-16,0.0939,0.0941,0.0939,0.0941
2024-07-17,0.094,0.0948,0.094,0.0944
2024-07-18,0.0944,0.0945,0.0939,0.0939
2024-07-19,0.094,0.094,0.0932,0.0932
2024-07-22,0.0932,0.0935,0.0929,0.0929
2024-07-23,0.0929,0.0929,0.0925,0.0925
2024-07-24,0.0924,0.0927,0.0924,0.0924
2024-07-25,0.0924,0.0924,0.092,0.092
2024-07-26,0.0919,0.0924,0.0919,0.092
2024-07-29,0.092,0.0922,0.0919,0.0919
2024-07-30,0.0919,0.0926,0.0919,0.0925
2024-07-31,0.0924,0.0932,0.0924,0.0929
2024-08-01,0.0931,0.0935,0.0928,0.0928
2024-08-02,0.0928,0.0944,0.0928,0.0941
2024-08-05,0.0941,0.095,0.094,0.0944
2024-08-06,0.0945,0.0947,0.0945,0.0946
2024-08-07,0.0945,0.0955,0.0945,0.0949
2024-08-08,0.095,0.0956,0.0948,0.0948
2024-08-09,0.0948,0.0949,0.0946,0.0946
2024-08-12,0.0946,0.0948,0.0946,0.0947
2024-08-13,0.0946,0.0953,0.0946,0.0952
2024-08-14,0.0951,0.0959,0.0951,0.0951
2024-08-15,0.0951,0.0953,0.0945,0.0945
2024-08-16,0.0944,0.0954,0.0944,0.0954
2024-08-19,0.0954,0.0967,0.0954,0.0966
2024-08-20,0.0966,0.0977,0.0966,0.0977
2024-08-21,0.0976,0.098,0.0976,0.0978
2024-08-22,0.0978,0.0978,0.0972,0.0972
2024-08-23,0.0972,0.0981,0.0972,0.0978
2024-08-26,0.0978,0.0979,0.0974,0.0974
2024-08-27,0.0975,0.0983,0.0975,0.0981
2024-08-28,0.0981,0.0981,0.0976,0.0976
2024-08-29,0.0976,0.098,0.0974,0.0974
2024-08-30,0.0974,0.0975,0.0969,0.0969
2024-09-02,0.0969,0.0973,0.0969,0.0971
2024-09-03,0.0971,0.0972,0.0966,0.0966
2024-09-04,0.0966,0.0971,0.0966,0.0969
2024-09-05,0.097,0.0972,0.097,0.097
2024-09-06,0.0971,0.0978,0.0967,0.0967
2024-09-09,0.0967,0.0967,0.096,0.096
2024-09-10,0.096,0.0962,0.096,0.096
2024-09-11,0.0959,0.0964,0.0959,0.0959
2024-09-12,0.0959,0.0969,0.0959,0.0969
2024-09-13,0.0968,0.0977,0.0968,0.0974
2024-09-16,0.0974,0.098,0.0974,0.0978
2024-09-17,0.0978,0.0981,0.0977,0.0977
2024-09-18,0.0977,0.0985,0.0976,0.0976
2024-09-19,0.0975,0.0984,0.0975,0.098
2024-09-20,0.098,0.0982,0.0979,0.0979
2024-09-23,0.0979,0.098,0.0977,0.0977
2024-09-24,0.0978,0.0987,0.0978,0.0986
2024-09-25,0.0986,0.0988,0.0978,0.0978
2024-09-26,0.0978,0.0986,0.0978,0.0984
2024-09-27,0.0985,0.0992,0.0985,0.0986
2024-09-30,0.0986,0.0989,0.098,0.098
2024-10-01,0.098,0.0981,0.0971,0.0971
2024-10-02,0.0969,0.0973,0.0969,0.0971
2024-10-03,0.0971,0.0971,0.0966,0.0966
2024-10-04,0.0966,0.0969,0.096,0.096
2024-10-07,0.096,0.0962,0.096,0.0962
2024-10-08,0.0962,0.0965,0.0962,0.0963
2024-10-09,0.0964,0.0965,0.0958,0.0958
2024-10-10,0.0958,0.096,0.0958,0.0959
2024-10-11,0.0958,0.0962,0.0958,0.096
2024-10-14,0.096,0.096,0.0956,0.0956
2024-10-15,0.0956,0.0962,0.0956,0.0957
2024-10-16,0.0956,0.0957,0.0948,0.0948
2024-10-17,0.0947,0.0948,0.0944,0.0944
2024-10-18,0.0944,0.0948,0.0944,0.0946
2024-10-21,0.0946,0.0947,0.0942,0.0942
2024-10-22,0.0943,0.0946,0.0943,0.0945
2024-10-23,0.0944,0.0945,0.094,0.094
2024-10-24,0.094,0.0943,0.094,0.0943
2024-10-25,0.0943,0.0943,0.0937,0.0937
2024-10-28,0.0937,0.094,0.0936,0.0936
2024-10-29,0.0936,0.0936,0.0936,0.0936
2024-10-30,0.0936,0.0938,0.0933,0.0933
2024-10-31,0.0933,0.0936,0.0933,0.0935
2024-11-01,0.0935,0.0936,0.0927,0.0927
2024-11-04,0.0926,0.0934,0.0926,0.0928
2024-11-05,0.0929,0.0932,0.0929,0.093
2024-11-06,0.0931,0.0931,0.0917,0.0917
2024-11-07,0.0918,0.0933,0.0918,0.0932
2024-11-08,0.0932,0.0932,0.0921,0.0921
2024-11-11,0.092,0.092,0.0918,0.0918
2024-11-12,0.0918,0.0919,0.0914,0.0914
2024-11-13,0.0914,0.0916,0.0906,0.0906
2024-11-14,0.0907,0.0911,0.0905,0.0905
2024-11-15,0.0905,0.0909,0.0905,0.0907
2024-11-18,0.0907,0.0913,0.0907,0.0913
2024-11-19,0.0913,0.0913,0.0912,0.0912
2024-11-20,0.0912,0.0913,0.0903,0.0903
2024-11-21,0.0903,0.0905,0.09,0.09
2024-11-22,0.09,0.0903,0.09,0.0902
2024-11-25,0.0902,0.0911,0.0902,0.0906
2024-11-26,0.0906,0.0911,0.0906,0.0906
2024-11-27,0.0906,0.0914,0.0906,0.0912
2024-11-28,0.0912,0.0913,0.0911,0.0911
2024-11-29,0.0912,0.0916,0.0912,0.0914
2024-12-02,0.0913,0.0915,0.0906,0.0906
2024-12-03,0.0905,0.0907,0.0904,0.0904
2024-12-04,0.0904,0.0913,0.0904,0.0911
2024-12-05,0.0911,0.0918,0.0911,0.0918
2024-12-06,0.0917,0.0919,0.091,0.091
2024-12-09,0.0911,0.0915,0.0911,0.0912
2024-12-10,0.0912,0.0913,0.0907,0.0907
2024-12-11,0.0907,0.0911,0.0907,0.0907
2024-12-12,0.0907,0.0911,0.0904,0.0904
2024-12-13,0.0904,0.0911,0.0904,0.0907
2024-12-16,0.0907,0.0915,0.0907,0.0914
2024-12-17,0.0915,0.0916,0.0908,0.0908
2024-12-18,0.0908,0.091,0.0894,0.0894
2024-12-19,0.0894,0.0905,0.0894,0.0903
2024-12-20,0.0903,0.0906,0.0902,0.0902
2024-12-23,0.0902,0.0904,0.0901,0.0901
2024-12-24,0.0902,0.0902,0.0899,0.0899
2024-12-25,0.0898,0.0901,0.0898,0.0901
2024-12-26,0.0899,0.0902,0.0899,0.0901
2024-12-27,0.0901,0.0907,0.0901,0.0905
2024-12-30,0.0905,0.0908,0.0903,0.0903
2024-12-31,0.0903,0.0907,0.09,0.09
2025-01-01,0.0899,0.09,0.0899,0.09
2025-01-02,0.0899,0.0902,0.0893,0.0893
2025-01-03,0.0892,0.0897,0.0892,0.0896
2025-01-06,0.0896,0.0906,0.0896,0.0901
2025-01-07,0.0901,0.0905,0.0895,0.0895
2025-01-08,0.0895,0.0897,0.0893,0.0893
2025-01-09,0.0893,0.0894,0.0893,0.0893
2025-01-10,0.0892,0.0894,0.0887,0.0887
2025-01-13,0.0888,0.0888,0.0885,0.0885
2025-01-14,0.0885,0.0891,0.0885,0.0891
2025-01-15,0.0891,0.0897,0.0891,0.0892
2025-01-16,0.0892,0.0895,0.0892,0.0893
2025-01-17,0.0893,0.0895,0.0889,0.0889
2025-01-20,0.0889,0.0905,0.0889,0.0903
2025-01-21,0.0903,0.0907,0.0903,0.0907
2025-01-22,0.0907,0.0908,0.0905,0.0905
2025-01-23,0.0905,0.0907,0.0904,0.0904
2025-01-24,0.0904,0.0913,0.0904,0.0911
2025-01-27,0.0912,0.0912,0.0911,0.0911
2025-01-28,0.091,0.0911,0.0905,0.0905
2025-01-29,0.0905,0.0907,0.0905,0.0905
2025-01-30,0.0905,0.0907,0.0901,0.0901
2025-01-31,0.0901,0.0904,0.0897,0.0897
2025-02-03,0.0897,0.0899,0.0891,0.0899
2025-02-04,0.09,0.0908,0.09,0.0908
2025-02-05,0.0907,0.0916,0.0907,0.0913
2025-02-06,0.0913,0.0914,0.0913,0.0914
2025-02-07,0.0914,0.0916,0.0909,0.0909
2025-02-10,0.091,0.0913,0.091,0.0911
2025-02-11,0.0911,0.0918,0.0911,0.0917
2025-02-12,0.0917,0.0919,0.0914,0.0914
2025-02-13,0.0915,0.0928,0.0915,0.0928
2025-02-14,0.0928,0.0932,0.0928,0.0931
2025-02-17,0.0931,0.0932,0.0931,0.0931
2025-02-18,0.0931,0.0931,0.0929,0.0929
2025-02-19,0.0929,0.0931,0.0928,0.0928
2025-02-20,0.0928,0.0937,0.0928,0.0937
2025-02-21,0.0937,0.0937,0.0935,0.0935
2025-02-24,0.0935,0.0941,0.0934,0.0934
2025-02-25,0.0934,0.094,0.0934,0.094
2025-02-26,0.094,0.094,0.0935,0.0935
2025-02-27,0.0935,0.0936,0.0926,0.0926
2025-02-28,0.0926,0.093,0.0925,0.0925
2025-03-03,0.0925,0.0949,0.0925,0.0948
2025-03-04,0.0948,0.0956,0.0948,0.0956
2025-03-05,0.0956,0.0977,0.0956,0.0977
2025-03-06,0.0976,0.0987,0.0976,0.0978
2025-03-07,0.0978,0.0991,0.0978,0.0987
2025-03-10,0.0987,0.099,0.0984,0.0984
2025-03-11,0.0984,0.0998,0.0984,0.0994
2025-03-12,0.0994,0.0996,0.0987,0.0987
2025-03-13,0.0987,0.0989,0.0977,0.0977
2025-03-14,0.0976,0.0985,0.0976,0.0984
2025-03-17,0.0984,0.0989,0.0984,0.0987
2025-03-18,0.0986,0.0994,0.0986,0.0992
2025-03-19,0.0992,0.0992,0.0986,0.0986
2025-03-20,0.0986,0.0988,0.0983,0.0983
2025-03-21,0.0983,0.0991,0.0982,0.0982
2025-03-24,0.0982,0.0988,0.0982,0.0985
2025-03-25,0.0986,0.1,0.0986,0.0993
2025-03-26,0.0992,0.0994,0.099,0.099
2025-03-27,0.0989,0.0998,0.0989,0.0996
2025-03-28,0.0997,0.0998,0.0995,0.0995
2025-03-31,0.0995,0.0998,0.0992,0.0992
2025-04-01,0.0992,0.0998,0.0992,0.0995
2025-04-02,0.0994,0.1012,0.0994,0.1006
2025-04-03,0.1006,0.1037,0.1006,0.102
2025-04-04,0.102,0.1022,0.0995,0.0995
2025-04-07,0.0994,0.0997,0.0988,0.0988
2025-04-08,0.0989,0.1002,0.0989,0.0993
2025-04-09,0.0994,0.1004,0.0994,0.0997
2025-04-10,0.0999,0.1016,0.0999,0.1011
2025-04-11,0.1011,0.1028,0.1011,0.102
2025-04-14,0.1019,0.1033,0.1019,0.102
2025-04-15,0.1021,0.1025,0.1009,0.1009
2025-04-16,0.1008,0.1022,0.1008,0.1021
2025-04-17,0.1021,0.1036,0.1021,0.1035
2025-04-18,0.1035,0.1037,0.1035,0.1035
2025-04-21,0.1038,0.1051,0.1038,0.1045
2025-04-22,0.1046,0.1052,0.1034,0.1034
2025-04-23,0.1034,0.1044,0.1027,0.1027
2025-04-24,0.1028,0.1041,0.1028,0.1038
2025-04-25,0.1038,0.1038,0.1029,0.1029
2025-04-28,0.1028,0.1042,0.1028,0.104
2025-04-29,0.1039,0.104,0.1034,0.1034
2025-04-30,0.1034,0.1036,0.1031,0.1031
2025-05-01,0.1032,0.1032,0.1022,0.1022
2025-05-02,0.1022,0.1039,0.1022,0.1031
2025-05-05,0.1031,0.1038,0.1031,0.1031
2025-05-06,0.103,0.1043,0.103,0.1042
2025-05-07,0.1042,0.1042,0.1031,0.1031
2025-05-08,0.103,0.1035,0.1024,0.1024
2025-05-09,0.1024,0.103,0.1024,0.1025
2025-05-12,0.1024,0.1026,0.1014,0.1014
2025-05-13,0.1013,0.1026,0.1013,0.1025
2025-05-14,0.1025,0.1033,0.102,0.102
2025-05-15,0.102,0.1026,0.102,0.1024
2025-05-16,0.1023,0.1027,0.1019,0.1019
2025-05-19,0.1023,0.103,0.1023,0.1029
2025-05-20,0.1028,0.1034,0.1028,0.1033
2025-05-21,0.1033,0.1045,0.1033,0.104
2025-05-22,0.104,0.1042,0.1033,0.1033
2025-05-23,0.1034,0.1048,0.1034,0.1044
2025-05-26,0.1046,0.1052,0.1046,0.1046
2025-05-27,0.1047,0.1049,0.1035,0.1035
2025-05-28,0.1035,0.1039,0.1033,0.1033
2025-05-29,0.1033,0.1044,0.1033,0.1042
2025-05-30,0.1043,0.1045,0.1038,0.1038
2025-06-02,0.1038,0.105,0.1038,0.1045
2025-06-03,0.1046,0.1047,0.1035,0.1035
2025-06-04,0.1035,0.1042,0.1035,0.1039
2025-06-05,0.1039,0.1046,0.1039,0.1041
2025-06-06,0.104,0.1041,0.1033,0.1033
2025-06-09,0.1036,0.104,0.1036,0.1039
2025-06-10,0.1039,0.1041,0.1038,0.1038
2025-06-11,0.1038,0.1044,0.1038,0.1042
2025-06-12,0.1042,0.1062,0.1042,0.1056
2025-06-13,0.1055,0.1056,0.105,0.1051
2025-06-16,0.105,0.1056,0.105,0.105
2025-06-17,0.105,0.1055,0.1043,0.1043
2025-06-18,0.1043,0.1046,0.1033,0.1033
2025-06-19,0.1033,0.1034,0.1033,0.1034
2025-06-20,0.1034,0.1038,0.1029,0.1029
2025-06-23,0.1026,0.1038,0.1026,0.1038
2025-06-24,0.1037,0.1049,0.1037,0.1045
2025-06-25,0.1045,0.1051,0.1045,0.105
2025-06-26,0.105,0.1058,0.1048,0.1048
2025-06-27,0.1049,0.1055,0.1049,0.105
2025-06-30,0.1051,0.1055,0.1051,0.1052
2025-07-01,0.1053,0.1059,0.105,0.105
2025-07-02,0.1051,0.1052,0.1046,0.1046
2025-07-03,0.1046,0.1048,0.1039,0.1039
2025-07-04,0.1039,0.1044,0.1039,0.1043
2025-07-07,0.1042,0.105,0.1042,0.1044
2025-07-08,0.1046,0.105,0.1046,0.1046
2025-07-09,0.1045,0.1048,0.1045,0.1047
2025-07-10,0.1047,0.105,0.1047,0.1049
2025-07-11,0.1048,0.1049,0.1042,0.1042
2025-07-14,0.1041,0.1042,0.1036,0.1036
2025-07-15,0.1035,0.1038,0.1025,0.1025
2025-07-16,0.1025,0.1032,0.1025,0.1026
2025-07-17,0.1025,0.1026,0.1021,0.1021
2025-07-18,0.1022,0.1034,0.1022,0.1031
2025-07-21,0.1031,0.1043,0.1031,0.1038
2025-07-22,0.104,0.1048,0.104,0.1047
2025-07-23,0.1046,0.1051,0.1046,0.1047
2025-07-24,0.1047,0.1049,0.1043,0.1043
2025-07-25,0.1044,0.1047,0.1044,0.1046
2025-07-28,0.1046,0.105,0.1036,0.1036
2025-07-29,0.1036,0.1037,0.1032,0.1032
2025-07-30,0.1032,0.1035,0.1017,0.1017
2025-07-31,0.1017,0.1024,0.1017,0.1017
2025-08-01,0.1017,0.1034,0.1017,0.1032
2025-08-04,0.1038,0.1038,0.1031,0.1031
2025-08-05,0.1031,0.1034,0.103,0.103
2025-08-06,0.103,0.1038,0.103,0.1037
2025-08-07,0.1037,0.1042,0.1037,0.1041
2025-08-08,0.1041,0.1044,0.104,0.104
2025-08-11,0.104,0.1044,0.1034,0.1034
2025-08-12,0.1034,0.1045,0.1034,0.1043
2025-08-13,0.1043,0.1048,0.1043,0.1043
2025-08-14,0.1043,0.1045,0.1039,0.1039
2025-08-15,0.1039,0.1044,0.1039,0.1043
2025-08-18,0.1044,0.1045,0.1041,0.1041
2025-08-19,0.1042,0.1046,0.1038,0.1038
2025-08-20,0.1037,0.1041,0.1037,0.1037
2025-08-21,0.1039,0.104,0.1035,0.1035
2025-08-22,0.1035,0.1051,0.1035,0.1049
2025-08-25,0.1049,0.1049,0.1039,0.1039
2025-08-26,0.1039,0.1044,0.1039,0.1042
2025-08-27,0.1042,0.1046,0.1042,0.1045
2025-08-28,0.1045,0.1053,0.1045,0.1051
2025-08-29,0.1051,0.1053,0.1051,0.1053
2025-09-01,0.1053,0.1062,0.1053,0.1061
2025-09-02,0.1061,0.1062,0.1054,0.1054
2025-09-03,0.1054,0.1058,0.1054,0.1057
2025-09-04,0.1057,0.1058,0.1052,0.1052
2025-09-05,0.1052,0.1067,0.1052,0.1061
2025-09-08,0.1061,0.1065,0.1061,0.1065
2025-09-09,0.1065,0.1066,0.1062,0.1062
2025-09-10,0.1062,0.107,0.1062,0.1065
2025-09-11,0.1066,0.1071,0.1066,0.107
2025-09-12,0.1071,0.1071,0.1069,0.1069
2025-09-15,0.1069,0.1075,0.1069,0.1075
2025-09-16,0.1075,0.1081,0.1075,0.1079
2025-09-17,0.108,0.1082,0.1071,0.1071
2025-09-18,0.1072,0.1075,0.1066,0.1066
2025-09-19,0.1066,0.1066,0.1058,0.1058
2025-09-22,0.1058,0.1067,0.1058,0.1065
2025-09-23,0.1065,0.1071,0.1065,0.1068
2025-09-24,0.1068,0.1068,0.1059,0.1059
2025-09-25,0.1059,0.1062,0.1054,0.1054
2025-09-26,0.1053,0.106,0.1053,0.1059
2025-09-29,0.1059,0.1062,0.1057,0.1057
2025-09-30,0.1057,0.1061,0.1057,0.1059
2025-10-01,0.1058,0.1065,0.1058,0.1062
2025-10-02,0.1062,0.1067,0.106,0.106
2025-10-03,0.1059,0.1065,0.1059,0.1063
2025-10-06,0.1061,0.1063,0.1061,0.1062
2025-10-07,0.1062,0.1063,0.106,0.106
2025-10-08,0.106,0.106,0.1056,0.1056
2025-10-09,0.1056,0.1058,0.1045,0.1045
2025-10-10,0.1045,0.1049,0.1045,0.1048
2025-10-13,0.1046,0.105,0.1046,0.1048
2025-10-14,0.1048,0.1049,0.1045,0.1045
2025-10-15,0.1045,0.1053,0.1045,0.1051
2025-10-16,0.1052,0.1058,0.1052,0.1057
2025-10-17,0.1057,0.106,0.1055,0.1055
2025-10-20,0.1055,0.106,0.1055,0.1057
2025-10-21,0.1057,0.106,0.1057,0.1057
2025-10-22,0.1057,0.1061,0.1057,0.1059
2025-10-23,0.1059,0.1062,0.1059,0.1061
2025-10-24,0.1061,0.1065,0.106,0.106
2025-10-27,0.106,0.1064,0.106,0.1062
2025-10-28,0.1062,0.1065,0.1062,0.1063
2025-10-29,0.1063,0.1066,0.1059,0.1059
2025-10-30,0.1059,0.1062,0.1056,0.1056
2025-10-31,0.1055,0.1057,0.1049,0.1049
2025-11-03,0.1049,0.1052,0.1049,0.105
2025-11-04,0.105,0.105,0.1039,0.1039
2025-11-05,0.104,0.1042,0.104,0.1042
2025-11-06,0.1042,0.1046,0.1042,0.1042
2025-11-07,0.1041,0.1046,0.1041,0.1045
2025-11-10,0.1045,0.105,0.1045,0.1047
2025-11-11,0.1047,0.1055,0.1047,0.1053
2025-11-12,0.1053,0.1056,0.1053,0.1054
2025-11-13,0.1055,0.1063,0.1055,0.1059
2025-11-14,0.1059,0.1061,0.1054,0.1054
2025-11-17,0.1054,0.1056,0.1052,0.1052
2025-11-18,0.1052,0.1053,0.1052,0.1052
2025-11-19,0.1052,0.1053,0.1044,0.1044
2025-11-20,0.1044,0.1047,0.1043,0.1043
2025-11-21,0.1042,0.1045,0.1042,0.1043
2025-11-24,0.1043,0.1046,0.1043,0.1043
2025-11-25,0.1043,0.1047,0.1043,0.1045
2025-11-26,0.1045,0.105,0.1045,0.1049
2025-11-27,0.1049,0.1052,0.1049,0.1051
2025-11-28,0.1052,0.1056,0.1052,0.1054
2025-12-01,0.1054,0.1059,0.1054,0.1054
2025-12-02,0.1054,0.1057,0.1054,0.1056
2025-12-03,0.1056,0.1064,0.1056,0.1063
2025-12-04,0.1063,0.1063,0.1057,0.1057
2025-12-05,0.1057,0.1061,0.1057,0.106
2025-12-08,0.106,0.1062,0.106,0.106
2025-12-09,0.106,0.1067,0.106,0.1064
2025-12-10,0.1064,0.1077,0.1064,0.1075
2025-12-11,0.1075,0.1079,0.1075,0.1077
2025-12-12,0.1077,0.1078,0.1075,0.1075
2025-12-15,0.1075,0.1076,0.1072,0.1072
2025-12-16,0.1073,0.1075,0.1071,0.1071
2025-12-17,0.1071,0.1073,0.1071,0.1071
2025-12-18,0.1071,0.1075,0.1071,0.1074
2025-12-19,0.1074,0.1077,0.1074,0.1074
2025-12-22,0.1075,0.1081,0.1075,0.1079
2025-12-23,0.1078,0.1087,0.1078,0.1087
2025-12-24,0.1086,0.1089,0.1086,0.1086
2025-12-25,0.1086,0.1087,0.1086,0.1086
2025-12-26,0.1085,0.109,0.1085,0.1088
2025-12-29,0.1088,0.1089,0.1085,0.1085
2025-12-30,0.1084,0.1087,0.1084,0.1084
2025-12-31,0.1083,0.1084,0.1082,0.1082
2026-01-01,0.1082,0.1082,0.1082,0.1082
2026-01-02,0.1081,0.1084,0.1081,0.1081
2026-01-05,0.1081,0.1087,0.1081,0.1086
2026-01-06,0.1085,0.1089,0.1083,0.1083
2026-01-07,0.1082,0.1087,0.1082,0.1085
2026-01-08,0.1084,0.1086,0.1081,0.1081
2026-01-09,0.108,0.1083,0.108,0.1082
2026-01-12,0.1082,0.1089,0.1082,0.1086
2026-01-13,0.1087,0.1087,0.108,0.108
2026-01-14,0.108,0.1086,0.108,0.1083
2026-01-15,0.1083,0.1086,0.108,0.108
2026-01-16,0.108,0.1082,0.108,0.108
2026-01-19,0.108,0.1084,0.108,0.1082
2026-01-20,0.1082,0.1094,0.1082,0.1092
2026-01-21,0.1092,0.1099,0.1092,0.1094
2026-01-22,0.1094,0.1107,0.1094,0.1107
2026-01-23,0.1105,0.1115,0.1105,0.1114
2026-01-26,0.1114,0.1125,0.1114,0.1115
2026-01-27,0.1115,0.1138,0.1115,0.1136
2026-01-28,0.1136,0.1137,0.1128,0.1128
2026-01-29,0.1128,0.1134,0.1128,0.1132
2026-01-30,0.1131,0.1133,0.1118,0.1118
2026-02-02,0.1117,0.1121,0.1111,0.1111
2026-02-03,0.1111,0.1121,0.1111,0.1119
2026-02-04,0.1119,0.1122,0.1109,0.1109
2026-02-05,0.1108,0.111,0.11,0.11
2026-02-06,0.11,0.1107,0.11,0.1104
2026-02-09,0.1104,0.1119,0.1104,0.1118
2026-02-10,0.1117,0.1122,0.1117,0.1121
2026-02-11,0.1121,0.1126,0.112,0.112
2026-02-12,0.112,0.1124,0.1116,0.1116
2026-02-13,0.1116,0.1118,0.1116,0.1117
2026-02-16,0.1117,0.1118,0.1115,0.1115
2026-02-17,0.1114,0.1115,0.1111,0.1111
2026-02-18,0.1111,0.1112,0.1103,0.1103
2026-02-19,0.1103,0.1106,0.1099,0.1099
2026-02-20,0.1099,0.1104,0.1099,0.1099
2026-02-23,0.11,0.1106,0.1099,0.1099
2026-02-24,0.11,0.1103,0.11,0.11
2026-02-25,0.1101,0.1106,0.1101,0.1105
2026-02-26,0.1104,0.1106,0.1101,0.1101
2026-02-27,0.11,0.1106,0.11,0.1104
2026-03-02,0.1103,0.1103,0.1088,0.1088
2026-03-03,0.1087,0.1089,0.1074,0.1076
2026-03-04,0.1075,0.1089,0.1075,0.1086
2026-03-05,0.1086,0.1087,0.108,0.108
2026-03-06,0.108,0.1087,0.108,0.1086
2026-03-09,0.1086,0.1091,0.1079,0.1091
2026-03-10,0.1091,0.1095,0.1086,0.1086
2026-03-11,0.1086,0.109,0.108,0.108
2026-03-12,0.108,0.108,0.1065,0.1065
2026-03-13,0.1065,0.1067,0.1051,0.1051
2026-03-16,0.1051,0.1069,0.1051,0.1067
2026-03-17,0.1066,0.1076,0.1066,0.1074
2026-03-18,0.1074,0.1075,0.106,0.106
2026-03-19,0.1059,0.1076,0.1059,0.1073
2026-03-20,0.1072,0.1074,0.1067,0.1067
2026-03-23,0.1063,0.1074,0.1057,0.1069
2026-03-24,0.1069,0.1072,0.1069,0.107
2026-03-25,0.107,0.1075,0.1065,0.1065
2026-03-26,0.1065,0.1067,0.1058,0.1058
2026-03-27,0.1057,0.1059,0.1052,0.1052
2026-03-30,0.1052,0.1054,0.1043,0.1043
2026-03-31,0.1043,0.1053,0.1043,0.1052
2026-04-01,0.1052,0.1065,0.1052,0.1059
2026-04-02,0.1059,0.1061,0.1055,0.1058
2026-04-03,0.1056,0.1057,0.1051,0.1051
2026-04-06,0.1051,0.1062,0.1051,0.1054
2026-04-07,0.1054,0.1054,0.105,0.1052
2026-04-08,0.1052,0.1086,0.1052,0.107
2026-04-09,0.107,0.1078,0.107,0.1075
2026-04-10,0.1075,0.1081,0.1074,0.1074
2026-04-13,0.1066,0.1086,0.1066,0.1084
2026-04-14,0.1085,0.1089,0.1084,0.1084
2026-04-15,0.1085,0.1089,0.1085,0.1087
2026-04-16,0.1087,0.1092,0.1084,0.1084
2026-04-17,0.1084,0.1097,0.1084,0.1087
2026-04-20,0.1084,0.1093,0.1084,0.1092
2026-04-21,0.1092,0.1092,0.1084,0.1084
2026-04-22,0.1084,0.1089,0.1081,0.1081
2026-04-23,0.1082,0.1083,0.1077,0.1077
2026-04-24,0.1076,0.1081,0.1076,0.1081
2026-04-27,0.1078,0.1085,0.1078,0.1081
2026-04-28,0.1081,0.1081,0.1075,0.1075
2026-04-29,0.1075,0.1076,0.1069,0.1069
2026-04-30,0.1069,0.1081,0.1069,0.1079
2026-05-01,0.1079,0.1087,0.1079,0.1082
2026-05-04,0.1082,0.1083,0.1073,0.1073
2026-05-05,0.1073,0.1078,0.1073,0.1075
2026-05-06,0.1075,0.1087,0.1075,0.1079
2026-05-07,0.1079,0.1084,0.1076,0.1076
2026-05-08,0.1073,0.1084,0.1073,0.1081
2026-05-11,0.1081,0.1082,0.1081,0.1081
2026-05-12,0.1081,0.1081,0.1072,0.1072
2026-05-13,0.1072,0.1073,0.1069,0.1069
2026-05-14,0.1069,0.107,0.1064,0.1064
2026-05-15,0.1065,0.1065,0.1055,0.1055
2026-05-18,0.1057,0.1062,0.1057,0.1062
2026-05-19,0.1062,0.1063,0.106,0.106
2026-05-20,0.106,0.1069,0.106,0.1067
2026-05-21,0.1067,0.107,0.1066,0.1066
2026-05-22,0.1066,0.1068,0.1063,0.1063
2026-05-25,0.1066,0.1075,0.1066,0.1072
2026-05-26,0.1072,0.1073,0.107,0.107
2026-05-27,0.107,0.1079,0.107,0.1073
2026-05-28,0.1072,0.1078,0.1072,0.1076
2026-05-29,0.1077,0.1082,0.1077,0.1078
2026-06-01,0.1077,0.1079,0.1072,0.1072
2026-06-02,0.1071,0.1074,0.107,0.107
2026-06-03,0.1069,0.1069,0.1059,0.1059
2026-06-04,0.1059,0.1067,0.1059,0.1062
2026-06-05,0.1062,0.1068,0.1053,0.1053
2026-06-08,0.1053,0.1059,0.1053,0.1056
2026-06-09,0.1056,0.106,0.1051,0.1051
2026-06-10,0.1052,0.1054,0.1047,0.1047
2026-06-11,0.1047,0.1056,0.1047,0.1055
2026-06-12,0.1056,0.106,0.1056,0.1056
2026-06-15,0.1062,0.1066,0.106,0.106
2026-06-16,0.106,0.1065,0.106,0.1064
2026-06-17,0.1064,0.1066,0.1047,0.1047
2026-06-18,0.1047,0.1051,0.104,0.104
2026-06-19,0.104,0.1042,0.1039,0.1039
2026-06-22,0.1039,0.104,0.1036,0.1036
2026-06-23,0.1036,0.1036,0.1023,0.1023
2026-06-24,0.1023,0.1024,0.1021,0.1021
2026-06-25,0.1022,0.1026,0.1022,0.1024
2026-06-26,0.1024,0.1028,0.1023,0.1023
2026-06-29,0.1023,0.1027,0.1023,0.1026
2026-06-30,0.1026,0.1029,0.1026,0.1027
2026-07-01,0.1027,0.1027,0.1024,0.1024
2026-07-02,0.1024,0.1034,0.1024,0.1029
2026-07-03,0.103,0.1034,0.103,0.1031