time,open,high,low,close
2006-01-23,0.1661,0.1674,0.1661,0.1673
2006-01-24,0.1671,0.1675,0.1654,0.1654
2006-01-25,0.1657,0.1658,0.1649,0.1649
2006-01-26,0.1648,0.1654,0.1633,0.1633
2006-01-27,0.1632,0.1636,0.1622,0.1622
2006-01-30,0.1624,0.1632,0.1623,0.1631
2006-01-31,0.163,0.1646,0.163,0.1646
2006-02-01,0.1643,0.1646,0.1633,0.1633
2006-02-02,0.1636,0.1644,0.1633,0.1643
2006-02-03,0.1641,0.1646,0.1638,0.1638
2006-02-06,0.1636,0.1645,0.1633,0.1633
2006-02-07,0.1633,0.1635,0.1608,0.1608
2006-02-08,0.1609,0.1614,0.1603,0.1614
2006-02-09,0.1613,0.1636,0.1613,0.1632
2006-02-10,0.1632,0.1639,0.1624,0.1624
2006-02-13,0.1626,0.1628,0.1617,0.1617
2006-02-14,0.1618,0.1628,0.1618,0.1627
2006-02-15,0.1628,0.1647,0.1628,0.1639
2006-02-16,0.164,0.1647,0.164,0.1647
2006-02-17,0.1643,0.166,0.1643,0.1658
2006-02-20,0.1655,0.1658,0.1655,0.1657
2006-02-21,0.1656,0.1657,0.1643,0.1643
2006-02-22,0.1642,0.1644,0.1633,0.1641
2006-02-23,0.164,0.1644,0.1632,0.1632
2006-02-24,0.1629,0.1635,0.1629,0.1632
2006-02-27,0.1631,0.1636,0.1612,0.1612
2006-02-28,0.1611,0.162,0.1611,0.1615
2006-03-01,0.1614,0.1621,0.1614,0.1617
2006-03-02,0.1618,0.1633,0.1618,0.1633
2006-03-03,0.1632,0.1633,0.1615,0.1615
2006-03-06,0.1614,0.1616,0.1601,0.1601
2006-03-07,0.1598,0.1602,0.1581,0.1594
2006-03-08,0.1595,0.1597,0.1582,0.1582
2006-03-09,0.158,0.1596,0.158,0.159
2006-03-10,0.159,0.1597,0.1587,0.1594
2006-03-13,0.1595,0.1606,0.1594,0.1594
2006-03-14,0.1596,0.1602,0.1593,0.1602
2006-03-15,0.1602,0.1614,0.1602,0.1612
2006-03-16,0.1612,0.1615,0.1608,0.1614
2006-03-17,0.1615,0.1615,0.1604,0.1604
2006-03-20,0.1602,0.1608,0.1582,0.1582
2006-03-21,0.1583,0.1583,0.1569,0.1569
2006-03-22,0.1573,0.1586,0.1571,0.1586
2006-03-23,0.1586,0.1589,0.1576,0.1576
2006-03-24,0.1573,0.1592,0.1573,0.1592
2006-03-27,0.1594,0.1595,0.1588,0.1588
2006-03-28,0.1589,0.1596,0.1584,0.1584
2006-03-29,0.1583,0.1587,0.1581,0.1587
2006-03-30,0.1585,0.1615,0.1585,0.1615
2006-03-31,0.1615,0.1624,0.1615,0.1616
2006-04-03,0.1617,0.1636,0.1617,0.1632
2006-04-04,0.1633,0.1656,0.1633,0.165
2006-04-05,0.1651,0.1659,0.1651,0.1655
2006-04-06,0.1654,0.1667,0.1645,0.1645
2006-04-07,0.1642,0.1649,0.1626,0.1626
2006-04-10,0.1628,0.1635,0.162,0.162
2006-04-11,0.162,0.1634,0.162,0.1627
2006-04-12,0.163,0.1633,0.1626,0.1626
2006-04-13,0.1627,0.1633,0.1627,0.1628
2006-04-14,0.1629,0.1631,0.1629,0.163
2006-04-17,0.1628,0.1648,0.1628,0.1643
2006-04-18,0.1643,0.1668,0.1643,0.1667
2006-04-19,0.1668,0.1675,0.1668,0.1672
2006-04-20,0.1673,0.1673,0.1642,0.1642
2006-04-21,0.1644,0.1669,0.1644,0.1668
2006-04-24,0.1665,0.1673,0.1647,0.1647
2006-04-25,0.1648,0.1651,0.1635,0.1635
2006-04-26,0.1637,0.1641,0.1622,0.1622
2006-04-27,0.1622,0.1624,0.1616,0.1616
2006-04-28,0.1617,0.1662,0.1617,0.1662
2006-05-01,0.166,0.1669,0.1657,0.1657
2006-05-02,0.1652,0.1661,0.1648,0.1648
2006-05-03,0.1653,0.1661,0.165,0.1652
2006-05-04,0.1651,0.1654,0.1636,0.1653
2006-05-05,0.1652,0.1653,0.1645,0.1645
2006-05-08,0.1645,0.1655,0.1645,0.1647
2006-05-09,0.1646,0.1655,0.1641,0.1655
2006-05-10,0.1654,0.1655,0.1646,0.1646
2006-05-11,0.1647,0.1652,0.1635,0.1636
2006-05-12,0.1637,0.164,0.1584,0.1584
2006-05-15,0.1587,0.1588,0.1544,0.1553
2006-05-16,0.1555,0.157,0.1555,0.1566
2006-05-17,0.1565,0.1603,0.1546,0.1546
2006-05-18,0.1548,0.1566,0.1543,0.1543
2006-05-19,0.1546,0.1559,0.1529,0.1542
2006-05-22,0.1532,0.1542,0.1505,0.1524
2006-05-23,0.1523,0.1542,0.1502,0.1502
2006-05-24,0.1509,0.1514,0.1498,0.1514
2006-05-25,0.1515,0.1533,0.1513,0.1528
2006-05-26,0.1529,0.1534,0.1514,0.1514
2006-05-29,0.1522,0.1539,0.1522,0.153
2006-05-30,0.1528,0.154,0.1483,0.1484
2006-05-31,0.1485,0.1507,0.148,0.148
2006-06-01,0.1479,0.1512,0.1479,0.1509
2006-06-02,0.1494,0.1515,0.1493,0.1493
2006-06-05,0.1495,0.1508,0.1495,0.1499
2006-06-06,0.1493,0.1499,0.1472,0.1472
2006-06-07,0.1469,0.1487,0.1469,0.1478
2006-06-08,0.1475,0.148,0.1466,0.1478
2006-06-09,0.1478,0.1496,0.147,0.147
2006-06-12,0.1479,0.1491,0.1471,0.1471
2006-06-13,0.1467,0.1469,0.1454,0.1454
2006-06-14,0.1456,0.1464,0.1453,0.1453
2006-06-15,0.1456,0.1464,0.1446,0.145
2006-06-16,0.1451,0.1461,0.1447,0.1447
2006-06-19,0.1446,0.1449,0.1425,0.1425
2006-06-20,0.1424,0.1428,0.1406,0.1406
2006-06-21,0.1407,0.141,0.1392,0.1397
2006-06-22,0.1396,0.1406,0.1355,0.1355
2006-06-23,0.1357,0.1363,0.1334,0.134
2006-06-26,0.1343,0.1353,0.1339,0.1347
2006-06-27,0.1348,0.1375,0.1348,0.1365
2006-06-28,0.1366,0.1381,0.1366,0.1378
2006-06-29,0.1377,0.1398,0.1366,0.1398
2006-06-30,0.1399,0.1405,0.1391,0.1405
2006-07-03,0.1391,0.1418,0.1391,0.1417
2006-07-04,0.1418,0.1423,0.1415,0.1415
2006-07-05,0.1414,0.1419,0.1373,0.1373
2006-07-06,0.1371,0.1392,0.1371,0.1389
2006-07-07,0.1388,0.1407,0.1388,0.1397
2006-07-10,0.14,0.141,0.14,0.14
2006-07-11,0.1401,0.1405,0.1401,0.1401
2006-07-12,0.1402,0.1407,0.139,0.139
2006-07-13,0.1391,0.1393,0.1378,0.1378
2006-07-14,0.1378,0.1388,0.1378,0.1381
2006-07-17,0.1382,0.1385,0.1372,0.1372
2006-07-18,0.1375,0.1393,0.1375,0.1392
2006-07-19,0.1395,0.1414,0.1386,0.1414
2006-07-20,0.141,0.1432,0.141,0.143
2006-07-21,0.143,0.144,0.1414,0.1414
2006-07-24,0.1418,0.1423,0.1415,0.1421
2006-07-25,0.142,0.143,0.142,0.1423
2006-07-26,0.142,0.1432,0.142,0.1431
2006-07-27,0.1431,0.1461,0.1431,0.1456
2006-07-28,0.1456,0.1456,0.1445,0.1453
2006-07-31,0.1449,0.1455,0.1435,0.1435
2006-08-01,0.1436,0.1443,0.1435,0.1435
2006-08-02,0.1435,0.1452,0.1435,0.1443
2006-08-03,0.1441,0.1456,0.1441,0.1452
2006-08-04,0.1452,0.1465,0.1452,0.146
2006-08-07,0.1461,0.1471,0.1461,0.1466
2006-08-08,0.1465,0.147,0.1465,0.1465
2006-08-09,0.1464,0.1483,0.1464,0.148
2006-08-10,0.148,0.1481,0.1472,0.1472
2006-08-11,0.1473,0.1476,0.1466,0.1466
2006-08-14,0.1466,0.1472,0.1452,0.1452
2006-08-15,0.1455,0.1458,0.1452,0.1453
2006-08-16,0.1453,0.1479,0.1453,0.1474
2006-08-17,0.1474,0.1477,0.1462,0.1462
2006-08-18,0.146,0.1462,0.1417,0.1417
2006-08-21,0.1417,0.1425,0.1416,0.1416
2006-08-22,0.1416,0.1417,0.1397,0.1397
2006-08-23,0.1396,0.141,0.1391,0.1391
2006-08-24,0.1391,0.14,0.1391,0.1391
2006-08-25,0.1392,0.1403,0.1389,0.1389
2006-08-28,0.1389,0.1397,0.1389,0.1391
2006-08-29,0.1389,0.1403,0.1389,0.1402
2006-08-30,0.1403,0.141,0.1403,0.1406
2006-08-31,0.1406,0.1411,0.1383,0.1383
2006-09-01,0.139,0.139,0.1378,0.1378
2006-09-04,0.1377,0.1392,0.1377,0.139
2006-09-05,0.1397,0.1397,0.1388,0.1396
2006-09-06,0.1389,0.1391,0.1363,0.1363
2006-09-07,0.136,0.1368,0.1351,0.1358
2006-09-08,0.1355,0.1359,0.1349,0.1349
2006-09-11,0.1348,0.1357,0.1342,0.1353
2006-09-12,0.1352,0.1361,0.1352,0.1359
2006-09-13,0.136,0.1366,0.136,0.1363
2006-09-14,0.1365,0.1366,0.1345,0.1347
2006-09-15,0.1348,0.1353,0.1348,0.135
2006-09-18,0.135,0.1368,0.135,0.1363
2006-09-19,0.1363,0.1366,0.1354,0.1354
2006-09-20,0.1354,0.1358,0.1348,0.1348
2006-09-21,0.1347,0.1353,0.1309,0.1309
2006-09-22,0.1318,0.1319,0.1306,0.131
2006-09-25,0.1301,0.1314,0.13,0.13
2006-09-26,0.1303,0.1309,0.1302,0.1302
2006-09-27,0.1304,0.1312,0.1302,0.1302
2006-09-28,0.1303,0.1317,0.1299,0.1299
2006-09-29,0.1299,0.1304,0.1284,0.1284
2006-10-02,0.1283,0.1293,0.1283,0.1288
2006-10-03,0.1288,0.13,0.1263,0.1263
2006-10-04,0.1265,0.127,0.1259,0.1266
2006-10-05,0.1266,0.128,0.1266,0.1275
2006-10-06,0.1275,0.1284,0.1272,0.1272
2006-10-09,0.1273,0.1281,0.1273,0.1273
2006-10-10,0.127,0.1294,0.127,0.129
2006-10-11,0.129,0.1299,0.129,0.129
2006-10-12,0.129,0.1324,0.129,0.1322
2006-10-13,0.1322,0.1336,0.1322,0.1331
2006-10-16,0.133,0.1339,0.1327,0.1327
2006-10-17,0.1329,0.1332,0.1308,0.1308
2006-10-18,0.1308,0.1323,0.1308,0.131
2006-10-19,0.1309,0.1331,0.1309,0.1327
2006-10-20,0.1327,0.1334,0.1324,0.1324
2006-10-23,0.1322,0.1327,0.1295,0.1295
2006-10-24,0.1295,0.13,0.1288,0.1289
2006-10-25,0.1291,0.1322,0.1291,0.1317
2006-10-26,0.1317,0.1335,0.1317,0.1328
2006-10-27,0.1332,0.135,0.1328,0.1342
2006-10-30,0.1345,0.135,0.132,0.132
2006-10-31,0.1325,0.1357,0.132,0.1355
2006-11-01,0.1355,0.1364,0.1347,0.1347
2006-11-02,0.1347,0.1354,0.1345,0.1346
2006-11-03,0.1339,0.1357,0.1339,0.1353
2006-11-06,0.1349,0.1361,0.1349,0.1361
2006-11-07,0.1358,0.1374,0.1358,0.136
2006-11-08,0.1359,0.137,0.1356,0.1362
2006-11-09,0.1361,0.1382,0.1361,0.1375
2006-11-10,0.138,0.1386,0.138,0.138
2006-11-13,0.1379,0.1386,0.1376,0.1376
2006-11-14,0.1372,0.1381,0.1372,0.138
2006-11-15,0.1375,0.1389,0.1367,0.1389
2006-11-16,0.1389,0.1398,0.1372,0.1372
2006-11-17,0.1372,0.1389,0.1369,0.1369
2006-11-20,0.1369,0.1384,0.1369,0.138
2006-11-21,0.1376,0.1386,0.1376,0.138
2006-11-22,0.1379,0.1394,0.1379,0.139
2006-11-23,0.139,0.1399,0.1382,0.1382
2006-11-24,0.1382,0.1402,0.1379,0.1396
2006-11-27,0.1391,0.141,0.1391,0.1407
2006-11-28,0.1392,0.1407,0.1388,0.1399
2006-11-29,0.14,0.1406,0.1394,0.1394
2006-11-30,0.1395,0.1401,0.1377,0.1393
2006-12-01,0.1394,0.1401,0.1376,0.1376
2006-12-04,0.1375,0.1401,0.1375,0.1394
2006-12-05,0.1394,0.1412,0.1394,0.1406
2006-12-06,0.1405,0.1412,0.1405,0.1412
2006-12-07,0.1412,0.1422,0.1412,0.1416
2006-12-08,0.1421,0.1421,0.1407,0.1407
2006-12-11,0.1407,0.1423,0.1407,0.1423
2006-12-12,0.1417,0.143,0.1417,0.1429
2006-12-13,0.1429,0.1434,0.1429,0.1434
2006-12-14,0.1426,0.1436,0.1426,0.1427
2006-12-15,0.1427,0.1434,0.1423,0.143
2006-12-18,0.1423,0.143,0.1423,0.1423
2006-12-19,0.1419,0.1424,0.1418,0.1418
2006-12-20,0.142,0.1446,0.142,0.1439
2006-12-21,0.1438,0.1445,0.1418,0.1418
2006-12-22,0.1437,0.1437,0.1415,0.1415
2006-12-25,0.1415,0.1433,0.1415,0.1416
2006-12-26,0.1425,0.1425,0.1415,0.1415
2006-12-27,0.1411,0.1428,0.1407,0.1407
2006-12-28,0.1407,0.1428,0.1407,0.1428
2006-12-29,0.1422,0.1432,0.1422,0.1422
2007-01-01,0.1421,0.1431,0.1421,0.1424
2007-01-02,0.142,0.1448,0.142,0.1443
2007-01-03,0.1443,0.145,0.1425,0.1425
2007-01-04,0.1423,0.1428,0.1402,0.1402
2007-01-05,0.1403,0.1407,0.1371,0.1371
2007-01-08,0.137,0.1382,0.137,0.1379
2007-01-09,0.1377,0.1394,0.1363,0.1363
2007-01-10,0.1363,0.1368,0.1357,0.1367
2007-01-11,0.1368,0.1375,0.1367,0.1368
2007-01-12,0.1369,0.1381,0.1369,0.1378
2007-01-15,0.1378,0.1392,0.1378,0.1382
2007-01-16,0.138,0.1387,0.1377,0.1377
2007-01-17,0.1377,0.1396,0.1377,0.1389
2007-01-18,0.139,0.14,0.139,0.1391
2007-01-19,0.1391,0.1399,0.1391,0.1391
2007-01-22,0.139,0.1411,0.139,0.1394
2007-01-23,0.1395,0.1405,0.1395,0.1403
2007-01-24,0.1402,0.1408,0.1396,0.1396
2007-01-25,0.1395,0.1402,0.1368,0.1368
2007-01-26,0.137,0.1377,0.1369,0.1369
2007-01-29,0.1372,0.1372,0.136,0.136
2007-01-30,0.136,0.1367,0.136,0.1363
2007-01-31,0.1363,0.1386,0.1363,0.1381
2007-02-01,0.1381,0.1394,0.1381,0.1391
2007-02-02,0.1391,0.1394,0.1386,0.1386
2007-02-05,0.1386,0.1388,0.1383,0.1385
2007-02-06,0.138,0.1394,0.138,0.139
2007-02-07,0.139,0.1395,0.139,0.1391
2007-02-08,0.139,0.1399,0.139,0.1395
2007-02-09,0.1395,0.1399,0.1386,0.1386
2007-02-12,0.1386,0.1393,0.1365,0.1365
2007-02-13,0.1365,0.138,0.1365,0.1375
2007-02-14,0.1376,0.139,0.1376,0.1385
2007-02-15,0.1385,0.14,0.1385,0.1386
2007-02-16,0.1386,0.1393,0.1386,0.1392
2007-02-19,0.1392,0.1405,0.1392,0.1401
2007-02-20,0.1401,0.1406,0.1399,0.1399
2007-02-21,0.1398,0.1409,0.1398,0.1408
2007-02-22,0.1409,0.1417,0.1409,0.1409
2007-02-23,0.1409,0.1415,0.1409,0.1411
2007-02-26,0.1411,0.1413,0.1407,0.1407
2007-02-27,0.1407,0.1411,0.1369,0.1369
2007-02-28,0.1368,0.1381,0.1368,0.1379
2007-03-01,0.1378,0.1381,0.1363,0.1371
2007-03-02,0.1371,0.1376,0.1344,0.1344
2007-03-05,0.1344,0.1346,0.1329,0.1329
2007-03-06,0.1328,0.135,0.1328,0.1348
2007-03-07,0.135,0.1355,0.1339,0.1339
2007-03-08,0.134,0.1357,0.134,0.1355
2007-03-09,0.1354,0.1365,0.1354,0.1357
2007-03-12,0.1355,0.1367,0.1355,0.1356
2007-03-13,0.1357,0.1363,0.1328,0.1328
2007-03-14,0.1329,0.1343,0.1329,0.1341
2007-03-15,0.134,0.1349,0.134,0.1343
2007-03-16,0.1343,0.1348,0.1333,0.1333
2007-03-19,0.1336,0.1346,0.1336,0.134
2007-03-20,0.134,0.1351,0.134,0.1347
2007-03-21,0.1348,0.137,0.1348,0.137
2007-03-22,0.137,0.1391,0.137,0.1383
2007-03-23,0.1383,0.1388,0.1381,0.1381
2007-03-26,0.1382,0.1387,0.138,0.138
2007-03-27,0.138,0.1388,0.1367,0.1367
2007-03-28,0.1371,0.1374,0.1359,0.1359
2007-03-29,0.1359,0.1373,0.1359,0.1371
2007-03-30,0.1371,0.1378,0.1371,0.1373
2007-04-02,0.1374,0.1386,0.1374,0.1374
2007-04-03,0.1373,0.1389,0.1373,0.1388
2007-04-04,0.1388,0.1398,0.1388,0.1393
2007-04-05,0.1393,0.1402,0.1393,0.1398
2007-04-06,0.1398,0.1404,0.1397,0.1397
2007-04-09,0.1398,0.1403,0.1398,0.1398
2007-04-10,0.14,0.1402,0.1395,0.1395
2007-04-11,0.1395,0.1402,0.1395,0.1395
2007-04-12,0.1395,0.1398,0.1392,0.1392
2007-04-13,0.1392,0.1397,0.1387,0.1387
2007-04-16,0.139,0.1408,0.139,0.1402
2007-04-17,0.1402,0.142,0.1402,0.1417
2007-04-18,0.1417,0.1423,0.1416,0.1416
2007-04-19,0.1416,0.1423,0.1402,0.1414
2007-04-20,0.1412,0.1424,0.1412,0.1412
2007-04-23,0.1411,0.1419,0.1405,0.1405
2007-04-24,0.1407,0.142,0.1407,0.1419
2007-04-25,0.142,0.1438,0.142,0.1433
2007-04-26,0.1433,0.1441,0.1416,0.1416
2007-04-27,0.1416,0.1424,0.1413,0.1413
2007-04-30,0.1415,0.1422,0.1405,0.1408
2007-05-01,0.1411,0.1423,0.1411,0.1418
2007-05-02,0.1418,0.1423,0.1418,0.1419
2007-05-03,0.142,0.1437,0.142,0.1429
2007-05-04,0.143,0.1443,0.143,0.144
2007-05-07,0.1437,0.1454,0.1437,0.1446
2007-05-08,0.1446,0.1453,0.1443,0.1443
2007-05-09,0.1443,0.1449,0.1443,0.1443
2007-05-10,0.1443,0.1448,0.1416,0.1416
2007-05-11,0.1416,0.1438,0.1416,0.1438
2007-05-14,0.1438,0.1444,0.1432,0.1432
2007-05-15,0.1432,0.1447,0.1432,0.1441
2007-05-16,0.1441,0.1446,0.1432,0.1432
2007-05-17,0.1431,0.1436,0.1417,0.1417
2007-05-18,0.1417,0.1428,0.1417,0.1428
2007-05-21,0.1423,0.1428,0.142,0.142
2007-05-22,0.142,0.1427,0.1408,0.1408
2007-05-23,0.1408,0.1419,0.1408,0.1409
2007-05-24,0.1409,0.1415,0.1394,0.1394
2007-05-25,0.1394,0.1408,0.1394,0.1408
2007-05-28,0.1404,0.1412,0.1403,0.1403
2007-05-29,0.1403,0.1409,0.1395,0.1395
2007-05-30,0.1394,0.14,0.139,0.1397
2007-05-31,0.1397,0.1403,0.1397,0.1399
2007-06-01,0.1399,0.1411,0.1399,0.1408
2007-06-04,0.1405,0.141,0.1398,0.1398
2007-06-05,0.1397,0.1403,0.139,0.139
2007-06-06,0.139,0.1396,0.1383,0.1383
2007-06-07,0.1383,0.1395,0.1369,0.1369
2007-06-08,0.1369,0.1381,0.1366,0.1381
2007-06-11,0.1381,0.1383,0.1376,0.1376
2007-06-12,0.1376,0.1387,0.1366,0.1366
2007-06-13,0.1365,0.138,0.1365,0.1378
2007-06-14,0.1378,0.139,0.1378,0.1386
2007-06-15,0.1384,0.1404,0.1384,0.1398
2007-06-18,0.1398,0.1412,0.1398,0.1406
2007-06-19,0.1405,0.1414,0.1405,0.1409
2007-06-20,0.141,0.1411,0.1393,0.1393
2007-06-21,0.1393,0.1402,0.1393,0.1395
2007-06-22,0.1394,0.1403,0.1393,0.1393
2007-06-25,0.1393,0.1399,0.1389,0.1389
2007-06-26,0.1389,0.1394,0.1384,0.1384
2007-06-27,0.1387,0.1398,0.1387,0.1398
2007-06-28,0.1398,0.1411,0.1398,0.1409
2007-06-29,0.1408,0.1417,0.1408,0.1415
2007-07-02,0.1416,0.1436,0.1416,0.1433
2007-07-03,0.1433,0.1438,0.1425,0.1425
2007-07-04,0.1425,0.1437,0.1425,0.1431
2007-07-05,0.1431,0.1436,0.142,0.142
2007-07-06,0.1421,0.1431,0.1421,0.1422
2007-07-09,0.1426,0.1436,0.1426,0.1431
2007-07-10,0.1431,0.1431,0.1418,0.1418
2007-07-11,0.1419,0.1423,0.1419,0.1419
2007-07-12,0.1417,0.1434,0.1417,0.1431
2007-07-13,0.1431,0.1435,0.143,0.143
2007-07-16,0.1432,0.1438,0.1429,0.1429
2007-07-17,0.143,0.1435,0.143,0.1433
2007-07-18,0.1431,0.1437,0.1431,0.1437
2007-07-19,0.1438,0.1455,0.1438,0.1452
2007-07-20,0.1451,0.1456,0.1445,0.1445
2007-07-23,0.1445,0.1469,0.1445,0.1461
2007-07-24,0.1461,0.1465,0.145,0.145
2007-07-25,0.1451,0.146,0.1448,0.1448
2007-07-26,0.1447,0.1451,0.1407,0.1407
2007-07-27,0.1407,0.1414,0.1405,0.1405
2007-07-30,0.1402,0.1407,0.1394,0.1402
2007-07-31,0.1402,0.1408,0.1392,0.1392
2007-08-01,0.1393,0.1404,0.139,0.1403
2007-08-02,0.1403,0.1408,0.1403,0.1405
2007-08-03,0.1405,0.1415,0.1396,0.1396
2007-08-06,0.1401,0.142,0.1397,0.1419
2007-08-07,0.1416,0.1423,0.1413,0.1414
2007-08-08,0.1412,0.1429,0.1412,0.1421
2007-08-09,0.1418,0.1429,0.1389,0.1389
2007-08-10,0.1391,0.1394,0.1387,0.1391
2007-08-13,0.1389,0.1394,0.1384,0.1384
2007-08-14,0.1386,0.1389,0.1358,0.1358
2007-08-15,0.136,0.1362,0.1341,0.1341
2007-08-16,0.134,0.1342,0.1321,0.1338
2007-08-17,0.1335,0.1357,0.1326,0.1355
2007-08-20,0.1348,0.1358,0.1343,0.1343
2007-08-21,0.1342,0.1353,0.1342,0.1351
2007-08-22,0.1348,0.1377,0.1348,0.1377
2007-08-23,0.1378,0.1382,0.1376,0.1376
2007-08-24,0.1375,0.139,0.1374,0.1389
2007-08-27,0.1395,0.1395,0.1376,0.1376
2007-08-28,0.1376,0.1379,0.1363,0.1363
2007-08-29,0.1363,0.1393,0.1363,0.1392
2007-08-30,0.1391,0.1401,0.1391,0.1392
2007-08-31,0.1394,0.1404,0.1394,0.1397
2007-09-03,0.1393,0.1403,0.1385,0.1385
2007-09-04,0.1385,0.1391,0.1377,0.1382
2007-09-05,0.1382,0.1383,0.1375,0.1375
2007-09-06,0.1375,0.1389,0.1375,0.1385
2007-09-07,0.1385,0.1388,0.1374,0.1374
2007-09-10,0.1381,0.1384,0.1378,0.1381
2007-09-11,0.1381,0.139,0.1381,0.1388
2007-09-12,0.1389,0.1398,0.1389,0.1396
2007-09-13,0.1396,0.14,0.1389,0.1389
2007-09-14,0.1388,0.1395,0.1388,0.1388
2007-09-17,0.1394,0.1395,0.1381,0.1381
2007-09-18,0.1379,0.1402,0.1379,0.1402
2007-09-19,0.1402,0.1415,0.1402,0.1407
2007-09-20,0.1405,0.142,0.1405,0.1412
2007-09-21,0.1414,0.1432,0.1414,0.1432
2007-09-24,0.1422,0.1437,0.1419,0.1431
2007-09-25,0.1431,0.1432,0.1426,0.1426
2007-09-26,0.1426,0.144,0.1426,0.1435
2007-09-27,0.1434,0.1454,0.1434,0.145
2007-09-28,0.145,0.1455,0.145,0.145
2007-10-01,0.145,0.1459,0.145,0.1458
2007-10-02,0.1458,0.1459,0.1438,0.1438
2007-10-03,0.144,0.1448,0.1437,0.1437
2007-10-04,0.1437,0.1446,0.1437,0.1442
2007-10-05,0.1441,0.1466,0.1441,0.1464
2007-10-08,0.1467,0.147,0.1453,0.1453
2007-10-09,0.1453,0.1459,0.1453,0.1454
2007-10-10,0.1457,0.146,0.1449,0.1449
2007-10-11,0.145,0.1494,0.145,0.1479
2007-10-12,0.1479,0.1484,0.146,0.146
2007-10-15,0.1474,0.1484,0.1456,0.1456
2007-10-16,0.1456,0.1461,0.1449,0.1449
2007-10-17,0.1449,0.147,0.1449,0.1456
2007-10-18,0.1457,0.1472,0.1457,0.1464
2007-10-19,0.1464,0.1475,0.1464,0.1468
2007-10-22,0.146,0.1463,0.1449,0.1462
2007-10-23,0.1462,0.1495,0.1462,0.1489
2007-10-24,0.1489,0.1501,0.1489,0.1497
2007-10-25,0.1497,0.1524,0.1497,0.1523
2007-10-26,0.1521,0.154,0.1521,0.1533
2007-10-29,0.1537,0.1542,0.1526,0.1526
2007-10-30,0.1523,0.1533,0.1518,0.1518
2007-10-31,0.1518,0.1534,0.1518,0.1533
2007-11-01,0.1533,0.1536,0.1508,0.1508
2007-11-02,0.1511,0.1528,0.1511,0.1522
2007-11-05,0.1522,0.1525,0.1516,0.1516
2007-11-06,0.1512,0.1535,0.1512,0.1532
2007-11-07,0.1531,0.155,0.1529,0.1529
2007-11-08,0.1528,0.1544,0.1527,0.1529
2007-11-09,0.1529,0.1547,0.1507,0.1507
2007-11-12,0.1505,0.151,0.1456,0.1456
2007-11-13,0.1456,0.1492,0.1456,0.1492
2007-11-14,0.1492,0.1519,0.1492,0.1513
2007-11-15,0.1513,0.1517,0.1482,0.1482
2007-11-16,0.1481,0.1496,0.1481,0.1484
2007-11-19,0.1484,0.1499,0.1469,0.1469
2007-11-20,0.1469,0.149,0.1469,0.149
2007-11-21,0.149,0.1494,0.146,0.146
2007-11-22,0.146,0.1476,0.146,0.1468
2007-11-23,0.1467,0.1474,0.1459,0.1459
2007-11-26,0.1457,0.1475,0.1426,0.1426
2007-11-27,0.1426,0.1442,0.1418,0.1426
2007-11-28,0.1424,0.1454,0.1424,0.1454
2007-11-29,0.1452,0.1464,0.1452,0.1463
2007-11-30,0.1463,0.148,0.1463,0.1465
2007-12-03,0.1464,0.1472,0.1463,0.1463
2007-12-04,0.1464,0.1474,0.1461,0.1461
2007-12-05,0.146,0.1478,0.146,0.1473
2007-12-06,0.147,0.1485,0.147,0.1483
2007-12-07,0.1483,0.1491,0.1483,0.1486
2007-12-10,0.1488,0.1496,0.1488,0.1496
2007-12-11,0.1496,0.15,0.1464,0.1464
2007-12-12,0.1461,0.1497,0.1461,0.1481
2007-12-13,0.1486,0.1487,0.148,0.148
2007-12-14,0.1479,0.1481,0.1447,0.1447
2007-12-17,0.1447,0.1457,0.1443,0.1443
2007-12-18,0.1441,0.145,0.1441,0.1443
2007-12-19,0.1442,0.1448,0.1434,0.1434
2007-12-20,0.1435,0.1439,0.141,0.141
2007-12-21,0.1411,0.1428,0.1411,0.1419
2007-12-24,0.1417,0.1432,0.1417,0.1427
2007-12-25,0.1429,0.1434,0.1429,0.1429
2007-12-26,0.1429,0.1434,0.1429,0.143
2007-12-27,0.1431,0.1462,0.1431,0.145
2007-12-28,0.1449,0.1467,0.1449,0.1465
2007-12-31,0.1465,0.147,0.1456,0.1456
2008-01-01,0.1452,0.1467,0.1452,0.1454
2008-01-02,0.1454,0.1466,0.1454,0.146
2008-01-03,0.1461,0.1469,0.1455,0.1455
2008-01-04,0.1455,0.1463,0.1452,0.1452
2008-01-07,0.145,0.1457,0.1441,0.1441
2008-01-08,0.1443,0.1454,0.1441,0.1441
2008-01-09,0.1441,0.1462,0.1441,0.1452
2008-01-10,0.1452,0.1463,0.1452,0.146
2008-01-11,0.146,0.1478,0.146,0.1475
2008-01-14,0.1475,0.1485,0.1475,0.1478
2008-01-15,0.1479,0.1483,0.1457,0.1457
2008-01-16,0.1456,0.1462,0.1433,0.1433
2008-01-17,0.1434,0.144,0.1403,0.1403
2008-01-18,0.1402,0.1422,0.1402,0.1414
2008-01-21,0.1414,0.1415,0.1379,0.1379
2008-01-22,0.138,0.1408,0.1369,0.1406
2008-01-23,0.1407,0.1413,0.1396,0.1412
2008-01-24,0.1413,0.1427,0.1413,0.1427
2008-01-25,0.1426,0.1434,0.1395,0.1395
2008-01-28,0.1394,0.1394,0.1384,0.1384
2008-01-29,0.1384,0.1401,0.1381,0.1381
2008-01-30,0.1382,0.1391,0.1354,0.1354
2008-01-31,0.1353,0.1368,0.133,0.133
2008-02-01,0.1333,0.1354,0.1333,0.1353
2008-02-04,0.1357,0.1365,0.1334,0.1334
2008-02-05,0.1334,0.134,0.1294,0.1294
2008-02-06,0.1295,0.1306,0.1294,0.1294
2008-02-07,0.1295,0.1304,0.1279,0.1296
2008-02-08,0.1298,0.1303,0.1278,0.1278
2008-02-11,0.1279,0.1286,0.1278,0.1281
2008-02-12,0.1281,0.1298,0.1281,0.1288
2008-02-13,0.1289,0.1303,0.1288,0.1288
2008-02-14,0.1288,0.1307,0.1288,0.1295
2008-02-15,0.1294,0.1315,0.1294,0.1299
2008-02-18,0.1297,0.1315,0.1297,0.1308
2008-02-19,0.1307,0.1316,0.1296,0.1296
2008-02-20,0.1298,0.1302,0.1268,0.1275
2008-02-21,0.1274,0.1285,0.1274,0.1277
2008-02-22,0.1275,0.1296,0.1275,0.1289
2008-02-25,0.1291,0.1301,0.1291,0.1298
2008-02-26,0.1298,0.1324,0.1298,0.1319
2008-02-27,0.1321,0.1343,0.1321,0.1339
2008-02-28,0.1339,0.1344,0.1316,0.1316
2008-02-29,0.1318,0.1318,0.1272,0.1272
2008-03-03,0.1273,0.1287,0.1255,0.1283
2008-03-04,0.1282,0.1286,0.1263,0.1263
2008-03-05,0.1261,0.1287,0.1261,0.1276
2008-03-06,0.1278,0.1297,0.1231,0.1231
2008-03-07,0.1234,0.1257,0.1234,0.1242
2008-03-10,0.1243,0.1256,0.1238,0.1241
2008-03-11,0.1241,0.1275,0.1241,0.1275
2008-03-12,0.1275,0.1285,0.1265,0.1265
2008-03-13,0.1271,0.1275,0.1256,0.1256
2008-03-14,0.1257,0.1269,0.1256,0.1256
2008-03-17,0.1253,0.1259,0.1218,0.1229
2008-03-18,0.1227,0.1257,0.1227,0.1256
2008-03-19,0.1252,0.1257,0.123,0.123
2008-03-20,0.123,0.1235,0.1217,0.1217
2008-03-21,0.1218,0.1226,0.1218,0.122
2008-03-24,0.1214,0.123,0.1214,0.1224
2008-03-25,0.1226,0.1243,0.1226,0.1238
2008-03-26,0.1238,0.124,0.1234,0.1234
2008-03-27,0.1234,0.1252,0.1234,0.1246
2008-03-28,0.1245,0.1253,0.1228,0.1228
2008-03-31,0.1228,0.1234,0.1226,0.1226
2008-04-01,0.1229,0.1249,0.1229,0.1248
2008-04-02,0.1248,0.1282,0.1248,0.1273
2008-04-03,0.1273,0.1291,0.1273,0.1279
2008-04-04,0.1279,0.1284,0.1264,0.1264
2008-04-07,0.1266,0.1292,0.1266,0.1277
2008-04-08,0.1277,0.1286,0.1277,0.128
2008-04-09,0.1281,0.129,0.1269,0.1269
2008-04-10,0.1268,0.1279,0.1265,0.1268
2008-04-11,0.1268,0.1299,0.1268,0.1296
2008-04-14,0.1277,0.1281,0.1265,0.1265
2008-04-15,0.1265,0.1271,0.1256,0.1256
2008-04-16,0.1255,0.1267,0.1254,0.1267
2008-04-17,0.1267,0.1282,0.1267,0.1279
2008-04-18,0.1277,0.1288,0.1277,0.1279
2008-04-21,0.128,0.1286,0.1279,0.1279
2008-04-22,0.1283,0.1307,0.1283,0.1304
2008-04-23,0.1305,0.1308,0.1298,0.1298
2008-04-24,0.1298,0.1303,0.1289,0.1295
2008-04-25,0.1294,0.1312,0.1294,0.1306
2008-04-28,0.1307,0.1325,0.1307,0.1324
2008-04-29,0.1324,0.1326,0.1309,0.1309
2008-04-30,0.1309,0.1322,0.1309,0.1319
2008-05-01,0.1318,0.1322,0.131,0.131
2008-05-02,0.1309,0.1322,0.1309,0.1316
2008-05-05,0.1312,0.1318,0.1312,0.1316
2008-05-06,0.1317,0.133,0.1317,0.1328
2008-05-07,0.1328,0.1331,0.1313,0.1313
2008-05-08,0.1314,0.1321,0.131,0.131
2008-05-09,0.131,0.1318,0.1292,0.1292
2008-05-12,0.1289,0.1311,0.1289,0.1311
2008-05-13,0.1311,0.1318,0.1311,0.1312
2008-05-14,0.1314,0.1317,0.1302,0.1302
2008-05-15,0.1302,0.132,0.1302,0.1318
2008-05-16,0.1318,0.1336,0.1318,0.1332
2008-05-19,0.133,0.1334,0.1319,0.1319
2008-05-20,0.132,0.1323,0.1299,0.1299
2008-05-21,0.1299,0.1306,0.1289,0.1289
2008-05-22,0.1289,0.1308,0.1289,0.1306
2008-05-23,0.1306,0.1307,0.1292,0.1292
2008-05-26,0.13,0.1302,0.1295,0.1295
2008-05-27,0.1294,0.1299,0.1288,0.1288
2008-05-28,0.1288,0.13,0.1288,0.1296
2008-05-29,0.1298,0.132,0.1298,0.1314
2008-05-30,0.1314,0.132,0.1314,0.1314
2008-06-02,0.131,0.131,0.1292,0.1292
2008-06-03,0.1289,0.1295,0.1284,0.1284
2008-06-04,0.1284,0.1293,0.1278,0.1278
2008-06-05,0.1279,0.1287,0.1272,0.1272
2008-06-06,0.1271,0.1275,0.1264,0.1264
2008-06-09,0.1265,0.1271,0.1262,0.1262
2008-06-10,0.1261,0.1263,0.1249,0.1249
2008-06-11,0.125,0.1256,0.1243,0.1243
2008-06-12,0.1243,0.1253,0.1224,0.1224
2008-06-13,0.1224,0.1232,0.1224,0.1229
2008-06-16,0.123,0.1235,0.123,0.1232
2008-06-17,0.1232,0.1246,0.1232,0.124
2008-06-18,0.124,0.125,0.124,0.1243
2008-06-19,0.1243,0.1254,0.1243,0.1252
2008-06-20,0.125,0.1259,0.125,0.1251
2008-06-23,0.1245,0.125,0.1235,0.1235
2008-06-24,0.1233,0.1247,0.1233,0.1241
2008-06-25,0.1242,0.1269,0.1242,0.1267
2008-06-26,0.1266,0.1267,0.1251,0.1251
2008-06-27,0.1251,0.1264,0.1251,0.1259
2008-06-30,0.1258,0.1277,0.1258,0.1272
2008-07-01,0.1268,0.1275,0.1263,0.1263
2008-07-02,0.1263,0.1276,0.1263,0.127
2008-07-03,0.1271,0.1292,0.1271,0.1284
2008-07-04,0.1286,0.1293,0.1286,0.1288
2008-07-07,0.1287,0.1294,0.1284,0.1284
2008-07-08,0.1287,0.129,0.1283,0.1283
2008-07-09,0.1287,0.1301,0.1287,0.1289
2008-07-10,0.1289,0.1301,0.1289,0.1292
2008-07-11,0.1292,0.1301,0.1292,0.1297
2008-07-14,0.1301,0.1308,0.1298,0.13
2008-07-15,0.1299,0.1311,0.1299,0.1302
2008-07-16,0.1302,0.1313,0.1302,0.1309
2008-07-17,0.1309,0.1322,0.1309,0.132
2008-07-18,0.1318,0.1322,0.1314,0.1314
2008-07-21,0.1311,0.1319,0.1311,0.1316
2008-07-22,0.1317,0.1332,0.1317,0.133
2008-07-23,0.133,0.1335,0.1315,0.1315
2008-07-24,0.1317,0.1323,0.1297,0.1297
2008-07-25,0.1296,0.1315,0.1296,0.1309
2008-07-28,0.1311,0.133,0.1311,0.1321
2008-07-29,0.1321,0.1354,0.1321,0.1353
2008-07-30,0.1353,0.1355,0.1347,0.1347
2008-07-31,0.1347,0.1364,0.1347,0.136
2008-08-01,0.136,0.1382,0.136,0.1379
2008-08-04,0.1375,0.1387,0.1374,0.1374
2008-08-05,0.1375,0.1381,0.1349,0.1349
2008-08-06,0.1349,0.1358,0.134,0.134
2008-08-07,0.134,0.1344,0.1329,0.1329
2008-08-08,0.133,0.133,0.1287,0.1287
2008-08-11,0.129,0.1299,0.1274,0.1274
2008-08-12,0.1274,0.1287,0.1274,0.1275
2008-08-13,0.1275,0.1278,0.1265,0.1265
2008-08-14,0.1265,0.128,0.1265,0.127
2008-08-15,0.1269,0.1272,0.1256,0.1266
2008-08-18,0.1268,0.1294,0.1268,0.129
2008-08-19,0.129,0.1293,0.128,0.1288
2008-08-20,0.1282,0.1292,0.1282,0.1284
2008-08-21,0.1282,0.1302,0.1282,0.1301
2008-08-22,0.1301,0.1306,0.1297,0.1297
2008-08-25,0.1299,0.1299,0.1283,0.1283
2008-08-26,0.1283,0.129,0.1275,0.1275
2008-08-27,0.1276,0.1286,0.1276,0.1285
2008-08-28,0.1285,0.1297,0.1285,0.1289
2008-08-29,0.1289,0.13,0.1289,0.1296
2008-09-01,0.1294,0.1296,0.1285,0.1285
2008-09-02,0.1285,0.1286,0.1281,0.1281
2008-09-03,0.1281,0.1283,0.1265,0.1265
2008-09-04,0.1265,0.1271,0.1237,0.1237
2008-09-05,0.1237,0.1253,0.1237,0.1251
2008-09-08,0.1253,0.1279,0.1253,0.1258
2008-09-09,0.1259,0.1268,0.1243,0.1243
2008-09-10,0.1243,0.1249,0.1215,0.1215
2008-09-11,0.1215,0.1227,0.1206,0.1224
2008-09-12,0.1223,0.125,0.1223,0.1236
2008-09-15,0.1241,0.1247,0.1219,0.1235
2008-09-16,0.1234,0.1235,0.1215,0.1224
2008-09-17,0.1224,0.1236,0.1201,0.1201
2008-09-18,0.1202,0.1222,0.1202,0.1218
2008-09-19,0.1217,0.1263,0.1217,0.1253
2008-09-22,0.1258,0.1258,0.1246,0.1246
2008-09-23,0.1246,0.1254,0.1216,0.1216
2008-09-24,0.1216,0.1232,0.1216,0.122
2008-09-25,0.122,0.123,0.122,0.1227
2008-09-26,0.1226,0.1238,0.1226,0.1235
2008-09-29,0.1233,0.1237,0.1193,0.1193
2008-09-30,0.1193,0.1204,0.1193,0.1202
2008-10-01,0.1202,0.121,0.1202,0.1209
2008-10-02,0.1209,0.1209,0.117,0.117
2008-10-03,0.117,0.1183,0.1169,0.1169
2008-10-06,0.1178,0.1178,0.112,0.1124
2008-10-07,0.1124,0.1143,0.1115,0.1115
2008-10-08,0.1113,0.1119,0.1063,0.1084
2008-10-09,0.1084,0.1115,0.1064,0.1064
2008-10-10,0.1061,0.1075,0.1051,0.1051
2008-10-13,0.1055,0.1098,0.1055,0.1096
2008-10-14,0.1097,0.1127,0.1092,0.1092
2008-10-15,0.1093,0.1097,0.0928,0.0928
2008-10-16,0.0931,0.1009,0.0931,0.0987
2008-10-17,0.0987,0.101,0.0964,0.0992
2008-10-20,0.0993,0.1009,0.0977,0.0977
2008-10-21,0.098,0.0994,0.0934,0.0934
2008-10-22,0.0934,0.0945,0.0849,0.0852
2008-10-23,0.0852,0.0904,0.0851,0.0902
2008-10-24,0.0903,0.0919,0.0857,0.088
2008-10-27,0.089,0.0924,0.088,0.0902
2008-10-28,0.0902,0.0969,0.0902,0.0968
2008-10-29,0.0972,0.1021,0.0966,0.1016
2008-10-30,0.1016,0.1051,0.0995,0.1006
2008-10-31,0.1006,0.1023,0.0985,0.1023
2008-11-03,0.1015,0.1035,0.0988,0.0988
2008-11-04,0.099,0.1035,0.099,0.1023
2008-11-05,0.1024,0.1047,0.1018,0.1018
2008-11-06,0.102,0.1023,0.0968,0.0968
2008-11-07,0.0968,0.0997,0.0968,0.0977
2008-11-10,0.0983,0.1019,0.0983,0.0993
2008-11-11,0.0993,0.0995,0.0962,0.0962
2008-11-12,0.0963,0.0974,0.0949,0.0949
2008-11-13,0.095,0.0975,0.0943,0.097
2008-11-14,0.097,0.1001,0.097,0.0983
2008-11-17,0.0982,0.0994,0.0976,0.0976
2008-11-18,0.0976,0.0981,0.0966,0.0969
2008-11-19,0.0972,0.0974,0.0944,0.0944
2008-11-20,0.0946,0.0949,0.0924,0.0924
2008-11-21,0.0924,0.096,0.0924,0.095
2008-11-24,0.094,0.0989,0.094,0.0987
2008-11-25,0.0987,0.1024,0.0987,0.1016
2008-11-26,0.1014,0.1022,0.1003,0.1003
2008-11-27,0.1003,0.1013,0.1003,0.1005
2008-11-28,0.1005,0.1012,0.0989,0.099
2008-12-01,0.099,0.0995,0.0949,0.0949
2008-12-02,0.0947,0.0965,0.0942,0.0965
2008-12-03,0.0967,0.0983,0.0967,0.0978
2008-12-04,0.0979,0.0988,0.0967,0.0967
2008-12-05,0.0966,0.0983,0.0958,0.0967
2008-12-08,0.0965,0.0992,0.0965,0.098
2008-12-09,0.0978,0.0988,0.0974,0.0974
2008-12-10,0.0975,0.0986,0.0975,0.0977
2008-12-11,0.0978,0.1002,0.0978,0.0995
2008-12-12,0.0997,0.1002,0.0981,0.0983
2008-12-15,0.099,0.0997,0.0978,0.0978
2008-12-16,0.098,0.0991,0.0971,0.099
2008-12-17,0.0988,0.1018,0.0988,0.1013
2008-12-18,0.1014,0.1045,0.1014,0.1029
2008-12-19,0.1032,0.1034,0.1021,0.1021
2008-12-22,0.1015,0.1038,0.1015,0.1025
2008-12-23,0.1022,0.1035,0.1022,0.1028
2008-12-24,0.1029,0.1039,0.1022,0.1022
2008-12-25,0.1018,0.1028,0.1018,0.1022
2008-12-26,0.1019,0.1034,0.1019,0.1025
2008-12-29,0.1028,0.1057,0.1028,0.1051
2008-12-30,0.1051,0.1066,0.1051,0.1059
2008-12-31,0.1059,0.1077,0.1048,0.1048
2009-01-01,0.1058,0.1062,0.105,0.105
2009-01-02,0.105,0.1073,0.105,0.107
2009-01-05,0.1074,0.1074,0.106,0.1072
2009-01-06,0.1071,0.1072,0.1064,0.1064
2009-01-07,0.1064,0.1072,0.1024,0.1024
2009-01-08,0.1026,0.1039,0.1026,0.103
2009-01-09,0.1029,0.1037,0.1015,0.1015
2009-01-12,0.1015,0.1016,0.0982,0.0982
2009-01-13,0.0982,0.1,0.0982,0.0993
2009-01-14,0.0991,0.1008,0.0978,0.0978
2009-01-15,0.0975,0.0998,0.0975,0.0998
2009-01-16,0.0997,0.1011,0.0996,0.0997
2009-01-19,0.1005,0.1006,0.0982,0.0982
2009-01-20,0.0983,0.0984,0.0967,0.0967
2009-01-21,0.0968,0.0997,0.0968,0.0997
2009-01-22,0.0998,0.1003,0.0988,0.0988
2009-01-23,0.0987,0.0993,0.0961,0.0975
2009-01-26,0.0975,0.0989,0.0975,0.0987
2009-01-27,0.0988,0.0998,0.0988,0.0996
2009-01-28,0.0997,0.101,0.0997,0.101
2009-01-29,0.1009,0.101,0.0995,0.0995
2009-01-30,0.0995,0.0997,0.0974,0.0974
2009-02-02,0.0974,0.0982,0.0972,0.0982
2009-02-03,0.098,0.0994,0.098,0.0992
2009-02-04,0.0992,0.1003,0.0992,0.0992
2009-02-05,0.0993,0.1015,0.0993,0.1012
2009-02-06,0.1012,0.1042,0.1007,0.104
2009-02-09,0.1023,0.1044,0.1023,0.1034
2009-02-10,0.1033,0.1037,0.1003,0.1003
2009-02-11,0.1006,0.1013,0.1006,0.1013
2009-02-12,0.1014,0.1014,0.0985,0.1003
2009-02-13,0.1007,0.1008,0.0999,0.1
2009-02-16,0.1002,0.1012,0.0992,0.0992
2009-02-17,0.0992,0.0996,0.0968,0.0968
2009-02-18,0.0969,0.0982,0.0969,0.0976
2009-02-19,0.0976,0.0999,0.0976,0.0985
2009-02-20,0.0986,0.099,0.0982,0.0984
2009-02-23,0.0988,0.1,0.0987,0.0988
2009-02-24,0.0989,0.101,0.0989,0.1009
2009-02-25,0.1009,0.1009,0.1002,0.1002
2009-02-26,0.1002,0.1012,0.1002,0.1005
2009-02-27,0.1005,0.1007,0.0983,0.0983
2009-03-02,0.0994,0.1,0.0945,0.0945
2009-03-03,0.0945,0.0961,0.0943,0.0943
2009-03-04,0.0945,0.0965,0.0944,0.0958
2009-03-05,0.096,0.0963,0.0935,0.0935
2009-03-06,0.0934,0.0955,0.0934,0.095
2009-03-09,0.0945,0.0956,0.0935,0.0935
2009-03-10,0.0935,0.097,0.0935,0.0967
2009-03-11,0.0966,0.0989,0.0966,0.0987
2009-03-12,0.0987,0.1007,0.0979,0.1001
2009-03-13,0.1001,0.1006,0.1001,0.1002
2009-03-16,0.1001,0.101,0.1001,0.1001
2009-03-17,0.1,0.101,0.1,0.101
2009-03-18,0.101,0.1035,0.101,0.1033
2009-03-19,0.1033,0.1042,0.1032,0.1032
2009-03-20,0.1031,0.104,0.1031,0.1039
2009-03-23,0.1036,0.1058,0.1036,0.1055
2009-03-24,0.1056,0.1062,0.1051,0.1051
2009-03-25,0.1049,0.1058,0.1045,0.1047
2009-03-26,0.1047,0.1066,0.1047,0.1063
2009-03-27,0.1063,0.1065,0.1037,0.1037
2009-03-30,0.1036,0.104,0.1025,0.1027
2009-03-31,0.1026,0.1053,0.1026,0.1043
2009-04-01,0.1043,0.1064,0.1043,0.1061
2009-04-02,0.1061,0.1105,0.1061,0.1096
2009-04-03,0.1096,0.1103,0.1094,0.1101
2009-04-06,0.1095,0.111,0.1095,0.1096
2009-04-07,0.1096,0.1096,0.1081,0.1081
2009-04-08,0.1081,0.1093,0.1081,0.1086
2009-04-09,0.1087,0.1107,0.1087,0.1093
2009-04-10,0.1094,0.1101,0.1089,0.1089
2009-04-13,0.1101,0.1107,0.1101,0.1105
2009-04-14,0.1105,0.1107,0.1094,0.1094
2009-04-15,0.1094,0.11,0.109,0.11
2009-04-16,0.11,0.112,0.11,0.1115
2009-04-17,0.1115,0.1122,0.1112,0.1112
2009-04-20,0.1114,0.1115,0.1096,0.1096
2009-04-21,0.1096,0.1115,0.1096,0.111
2009-04-22,0.1109,0.1124,0.1109,0.1118
2009-04-23,0.1118,0.1121,0.1117,0.1117
2009-04-24,0.1117,0.1144,0.1117,0.1138
2009-04-27,0.1139,0.1143,0.113,0.1134
2009-04-28,0.1133,0.1156,0.1129,0.1153
2009-04-29,0.1153,0.1175,0.1153,0.1171
2009-04-30,0.1171,0.1182,0.1171,0.1175
2009-05-01,0.1177,0.1185,0.1177,0.1181
2009-05-04,0.1177,0.1201,0.1177,0.1199
2009-05-05,0.1199,0.1203,0.1184,0.1184
2009-05-06,0.1184,0.1204,0.1173,0.1197
2009-05-07,0.1197,0.1199,0.1183,0.1183
2009-05-08,0.1183,0.1204,0.1183,0.1204
2009-05-11,0.1193,0.1204,0.1174,0.1174
2009-05-12,0.1174,0.1186,0.1174,0.118
2009-05-13,0.118,0.1194,0.1168,0.1168
2009-05-14,0.1168,0.1169,0.1162,0.1166
2009-05-15,0.1166,0.1177,0.1143,0.1149
2009-05-18,0.1145,0.1169,0.1145,0.1168
2009-05-19,0.1168,0.1182,0.1168,0.1179
2009-05-20,0.1179,0.1203,0.1179,0.119
2009-05-21,0.119,0.1199,0.1184,0.1196
2009-05-22,0.1194,0.1213,0.1194,0.121
2009-05-25,0.1198,0.1214,0.1198,0.1207
2009-05-26,0.1207,0.1207,0.1195,0.1205
2009-05-27,0.1204,0.1235,0.1204,0.1221
2009-05-28,0.1216,0.1244,0.1216,0.1241
2009-05-29,0.1241,0.1257,0.1241,0.1254
2009-06-01,0.1255,0.1266,0.1246,0.1246
2009-06-02,0.1243,0.1254,0.1233,0.125
2009-06-03,0.1245,0.1252,0.1232,0.1232
2009-06-04,0.1232,0.1248,0.1232,0.1246
2009-06-05,0.1246,0.1253,0.1235,0.1235
2009-06-08,0.1236,0.1236,0.1221,0.1222
2009-06-09,0.1222,0.1236,0.1222,0.1232
2009-06-10,0.1232,0.1241,0.1232,0.1234
2009-06-11,0.1234,0.1255,0.1234,0.1254
2009-06-12,0.1254,0.1254,0.1239,0.1239
2009-06-15,0.1239,0.1245,0.123,0.123
2009-06-16,0.123,0.1248,0.123,0.1232
2009-06-17,0.1233,0.1241,0.1233,0.1236
2009-06-18,0.1236,0.1238,0.1219,0.1219
2009-06-19,0.122,0.1234,0.122,0.1226
2009-06-22,0.123,0.1232,0.1213,0.1213
2009-06-23,0.1213,0.1222,0.1213,0.1216
2009-06-24,0.1218,0.1242,0.1218,0.1233
2009-06-25,0.1234,0.1245,0.1234,0.1243
2009-06-26,0.1243,0.1268,0.1243,0.1261
2009-06-29,0.1261,0.1278,0.1261,0.1273
2009-06-30,0.1273,0.1296,0.1273,0.1289
2009-07-01,0.1289,0.1295,0.1287,0.1287
2009-07-02,0.1287,0.1287,0.1266,0.1266
2009-07-03,0.1266,0.1268,0.1256,0.1256
2009-07-06,0.1257,0.1259,0.1249,0.1255
2009-07-07,0.1255,0.1255,0.123,0.123
2009-07-08,0.123,0.123,0.1213,0.1213
2009-07-09,0.1213,0.123,0.1213,0.1227
2009-07-10,0.1227,0.1227,0.121,0.121
2009-07-13,0.1209,0.1214,0.1202,0.1211
2009-07-14,0.121,0.1221,0.1205,0.1205
2009-07-15,0.1207,0.123,0.1207,0.1227
2009-07-16,0.1227,0.1238,0.1227,0.1234
2009-07-17,0.1234,0.1242,0.1233,0.1238
2009-07-20,0.1238,0.1274,0.1238,0.1271
2009-07-21,0.1271,0.1279,0.127,0.1277
2009-07-22,0.1277,0.1296,0.1277,0.1289
2009-07-23,0.129,0.1306,0.1289,0.1289
2009-07-24,0.1288,0.1296,0.1285,0.1285
2009-07-27,0.1285,0.129,0.128,0.128
2009-07-28,0.1282,0.1291,0.1267,0.1267
2009-07-29,0.1267,0.1267,0.1263,0.1263
2009-07-30,0.1263,0.1283,0.1263,0.1277
2009-07-31,0.1277,0.1285,0.1277,0.128
2009-08-03,0.1283,0.1291,0.1283,0.1283
2009-08-04,0.1285,0.1286,0.1271,0.1271
2009-08-05,0.127,0.1271,0.1257,0.1261
2009-08-06,0.1259,0.126,0.1235,0.1235
2009-08-07,0.1235,0.125,0.1233,0.1243
2009-08-10,0.1247,0.1248,0.1231,0.1231
2009-08-11,0.123,0.1237,0.1227,0.1229
2009-08-12,0.1229,0.1238,0.1226,0.1234
2009-08-13,0.1234,0.1253,0.1234,0.1244
2009-08-14,0.1245,0.1247,0.1235,0.1235
2009-08-17,0.1231,0.1235,0.1221,0.1221
2009-08-18,0.1221,0.1243,0.1221,0.1241
2009-08-19,0.1241,0.1247,0.124,0.1243
2009-08-20,0.1243,0.1263,0.1243,0.1258
2009-08-21,0.1257,0.1282,0.1257,0.1275
2009-08-24,0.1275,0.1283,0.1274,0.1274
2009-08-25,0.1274,0.1284,0.1272,0.1272
2009-08-26,0.1274,0.1282,0.1266,0.1266
2009-08-27,0.1266,0.128,0.1266,0.1279
2009-08-28,0.128,0.1288,0.128,0.1284
2009-08-31,0.1284,0.1286,0.1281,0.1281
2009-09-01,0.128,0.1289,0.1261,0.1261
2009-09-02,0.126,0.1278,0.126,0.1276
2009-09-03,0.1276,0.1304,0.1276,0.1302
2009-09-04,0.1302,0.1313,0.1302,0.1309
2009-09-07,0.131,0.1315,0.131,0.1314
2009-09-08,0.1314,0.1325,0.1314,0.1324
2009-09-09,0.1324,0.134,0.132,0.132
2009-09-10,0.1321,0.135,0.1317,0.1317
2009-09-11,0.1317,0.1341,0.1317,0.134
2009-09-14,0.1339,0.1339,0.1332,0.1336
2009-09-15,0.1335,0.1353,0.1335,0.135
2009-09-16,0.135,0.1364,0.135,0.1362
2009-09-17,0.1362,0.1364,0.1347,0.1347
2009-09-18,0.1347,0.1349,0.1342,0.1343
2009-09-21,0.1341,0.1341,0.1332,0.1334
2009-09-22,0.1334,0.1351,0.1334,0.135
2009-09-23,0.135,0.1354,0.1337,0.1337
2009-09-24,0.1336,0.1355,0.1334,0.1334
2009-09-25,0.1334,0.135,0.1334,0.1344
2009-09-28,0.1344,0.135,0.1341,0.1343
2009-09-29,0.1343,0.1351,0.1342,0.1342
2009-09-30,0.1341,0.1351,0.132,0.1324
2009-10-01,0.1324,0.1326,0.1291,0.1291
2009-10-02,0.1291,0.1312,0.1291,0.1306
2009-10-05,0.1308,0.1335,0.1308,0.1333
2009-10-06,0.1334,0.1351,0.1334,0.1341
2009-10-07,0.134,0.1345,0.1337,0.134
2009-10-08,0.1341,0.1363,0.1341,0.1356
2009-10-09,0.1356,0.1358,0.1346,0.1346
2009-10-12,0.1352,0.1364,0.1343,0.1359
2009-10-13,0.1359,0.1364,0.1358,0.1362
2009-10-14,0.1362,0.1377,0.1362,0.1377
2009-10-15,0.1377,0.1377,0.1368,0.1371
2009-10-16,0.1371,0.1373,0.1356,0.1356
2009-10-19,0.1355,0.1367,0.1355,0.1367
2009-10-20,0.1359,0.1369,0.135,0.135
2009-10-21,0.1351,0.1356,0.1343,0.1343
2009-10-22,0.1343,0.135,0.1331,0.1344
2009-10-23,0.1345,0.1347,0.1334,0.1334
2009-10-26,0.1333,0.1336,0.1313,0.1313
2009-10-27,0.1313,0.1322,0.1299,0.1299
2009-10-28,0.1299,0.1301,0.1266,0.1266
2009-10-29,0.1269,0.1295,0.1269,0.129
2009-10-30,0.129,0.1303,0.1275,0.1275
2009-11-02,0.1276,0.1276,0.1215,0.1251
2009-11-03,0.125,0.1272,0.125,0.1272
2009-11-04,0.1271,0.131,0.1271,0.1305
2009-11-05,0.1307,0.1319,0.1305,0.1313
2009-11-06,0.1312,0.1326,0.1312,0.1322
2009-11-09,0.1323,0.1348,0.1323,0.1342
2009-11-10,0.1341,0.1351,0.1341,0.1351
2009-11-11,0.1351,0.1358,0.1351,0.1353
2009-11-12,0.1353,0.1354,0.1335,0.1335
2009-11-13,0.1334,0.1347,0.1334,0.1345
2009-11-16,0.1344,0.1356,0.1344,0.1354
2009-11-17,0.1356,0.1356,0.1332,0.1338
2009-11-18,0.1338,0.1344,0.1337,0.1337
2009-11-19,0.1337,0.134,0.1322,0.1322
2009-11-20,0.1322,0.1328,0.1308,0.1308
2009-11-23,0.1309,0.1334,0.1309,0.1328
2009-11-24,0.1328,0.1337,0.1328,0.1334
2009-11-25,0.1336,0.1361,0.1336,0.1359
2009-11-26,0.1359,0.1359,0.1327,0.1327
2009-11-27,0.1327,0.1347,0.1316,0.1345
2009-11-30,0.1345,0.1358,0.1345,0.1345
2009-12-01,0.1345,0.1366,0.1345,0.1364
2009-12-02,0.1365,0.1369,0.1359,0.1359
2009-12-03,0.1359,0.137,0.1345,0.1345
2009-12-04,0.1345,0.1357,0.1342,0.1342
2009-12-07,0.1342,0.1345,0.1335,0.1335
2009-12-08,0.1335,0.1341,0.1316,0.1316
2009-12-09,0.1316,0.1323,0.1315,0.1315
2009-12-10,0.1316,0.133,0.1316,0.1321
2009-12-11,0.1321,0.1335,0.1321,0.1325
2009-12-14,0.1323,0.1349,0.1323,0.1345
2009-12-15,0.1347,0.1349,0.1339,0.134
2009-12-16,0.134,0.1359,0.134,0.1343
2009-12-17,0.134,0.1341,0.1324,0.1324
2009-12-18,0.1322,0.1327,0.1317,0.1317
2009-12-21,0.1316,0.1317,0.1288,0.1288
2009-12-22,0.1289,0.1295,0.1289,0.1291
2009-12-23,0.1291,0.131,0.1291,0.1309
2009-12-24,0.1308,0.1332,0.1308,0.1327
2009-12-25,0.1327,0.1331,0.1323,0.1323
2009-12-28,0.1323,0.1335,0.1323,0.1329
2009-12-29,0.1326,0.1352,0.1326,0.1343
2009-12-30,0.1343,0.135,0.1343,0.1348
2009-12-31,0.1349,0.1353,0.1348,0.1348
2010-01-01,0.1348,0.1358,0.1348,0.1348
2010-01-04,0.1348,0.1368,0.1347,0.1367
2010-01-05,0.1368,0.1374,0.136,0.136
2010-01-06,0.1362,0.1366,0.136,0.136
2010-01-07,0.136,0.1367,0.1343,0.1343
2010-01-08,0.134,0.1362,0.134,0.1355
2010-01-11,0.1355,0.1369,0.1351,0.1351
2010-01-12,0.1351,0.1352,0.1336,0.1341
2010-01-13,0.1339,0.1352,0.1339,0.1347
2010-01-14,0.1347,0.1353,0.1343,0.1343
2010-01-15,0.1348,0.1351,0.1345,0.1345
2010-01-18,0.1347,0.1351,0.1347,0.1347
2010-01-19,0.1348,0.1351,0.1348,0.1348
2010-01-20,0.1346,0.1347,0.1323,0.1323
2010-01-21,0.1323,0.133,0.1311,0.1311
2010-01-22,0.1311,0.1322,0.1305,0.1305
2010-01-25,0.1306,0.1319,0.1306,0.1315
2010-01-26,0.1316,0.132,0.1309,0.1313
2010-01-27,0.1314,0.1319,0.1312,0.1312
2010-01-28,0.1312,0.1322,0.131,0.131
2010-01-29,0.1311,0.132,0.1306,0.1306
2010-02-01,0.1306,0.1331,0.1306,0.133
2010-02-02,0.1329,0.1338,0.1329,0.1333
2010-02-03,0.1333,0.1342,0.1327,0.1327
2010-02-04,0.1327,0.1327,0.1295,0.1295
2010-02-05,0.1295,0.1302,0.1278,0.1284
2010-02-08,0.128,0.1292,0.128,0.1285
2010-02-09,0.1286,0.1302,0.1286,0.1297
2010-02-10,0.1297,0.1301,0.1285,0.1285
2010-02-11,0.1286,0.1307,0.1286,0.1304
2010-02-12,0.1307,0.1307,0.1294,0.1294
2010-02-15,0.1295,0.1297,0.1289,0.1289
2010-02-16,0.1289,0.1301,0.1289,0.1301
2010-02-17,0.1301,0.1316,0.1301,0.1308
2010-02-18,0.1308,0.1316,0.1305,0.1305
2010-02-19,0.1304,0.1304,0.1299,0.1301
2010-02-22,0.13,0.1307,0.129,0.129
2010-02-23,0.129,0.13,0.1277,0.1277
2010-02-24,0.1277,0.1288,0.1277,0.1288
2010-02-25,0.1288,0.1288,0.1273,0.1283
2010-02-26,0.1284,0.1303,0.1284,0.1291
2010-03-01,0.1291,0.131,0.1291,0.1304
2010-03-02,0.1304,0.1316,0.1304,0.131
2010-03-03,0.131,0.1331,0.131,0.133
2010-03-04,0.133,0.1337,0.133,0.1334
2010-03-05,0.1334,0.1347,0.1334,0.1345
2010-03-08,0.1345,0.1352,0.1345,0.1349
2010-03-09,0.1349,0.1351,0.1345,0.1349
2010-03-10,0.1349,0.135,0.1344,0.1344
2010-03-11,0.1344,0.1345,0.1344,0.1344
2010-03-12,0.1344,0.1351,0.1344,0.1347
2010-03-15,0.1347,0.1349,0.1346,0.1346
2010-03-16,0.1346,0.1355,0.1346,0.1354
2010-03-17,0.1354,0.1369,0.1354,0.1363
2010-03-18,0.1363,0.1367,0.1362,0.1362
2010-03-19,0.1362,0.1365,0.136,0.136
2010-03-22,0.1357,0.1362,0.1355,0.136
2010-03-23,0.136,0.1362,0.136,0.1361
2010-03-24,0.1361,0.1361,0.1347,0.1347
2010-03-25,0.1347,0.1352,0.1332,0.1332
2010-03-26,0.1332,0.1342,0.1332,0.1341
2010-03-29,0.134,0.1351,0.134,0.1344
2010-03-30,0.1344,0.1354,0.1344,0.1351
2010-03-31,0.1351,0.1372,0.1351,0.1367
2010-04-01,0.1368,0.1378,0.1368,0.1377
2010-04-02,0.1377,0.1378,0.1375,0.1375
2010-04-05,0.1375,0.138,0.1375,0.1379
2010-04-06,0.1379,0.138,0.1376,0.1376
2010-04-07,0.1376,0.1384,0.1368,0.1368
2010-04-08,0.1368,0.1373,0.1364,0.1372
2010-04-09,0.1372,0.1383,0.1372,0.1373
2010-04-12,0.1373,0.1383,0.1372,0.1372
2010-04-13,0.1372,0.1372,0.1364,0.1364
2010-04-14,0.1364,0.1372,0.136,0.136
2010-04-15,0.136,0.1364,0.1356,0.1364
2010-04-16,0.1364,0.1364,0.1353,0.1364
2010-04-19,0.1348,0.1348,0.134,0.134
2010-04-20,0.134,0.1351,0.134,0.1349
2010-04-21,0.1349,0.1355,0.1346,0.1346
2010-04-22,0.1346,0.1347,0.1335,0.1335
2010-04-23,0.1335,0.1346,0.1335,0.1343
2010-04-26,0.1343,0.1361,0.1343,0.1357
2010-04-27,0.1357,0.1359,0.1333,0.1333
2010-04-28,0.1333,0.1342,0.1333,0.1339
2010-04-29,0.1339,0.1357,0.1339,0.1352
2010-04-30,0.1352,0.1362,0.1348,0.1348
2010-05-03,0.1348,0.1354,0.1343,0.1343
2010-05-04,0.1343,0.1344,0.1314,0.1314
2010-05-05,0.1314,0.132,0.1307,0.1307
2010-05-06,0.1307,0.1318,0.1267,0.1282
2010-05-07,0.1282,0.1306,0.1282,0.1298
2010-05-10,0.1301,0.1339,0.1301,0.1331
2010-05-11,0.1331,0.1333,0.1322,0.1324
2010-05-12,0.1324,0.1336,0.1324,0.1335
2010-05-13,0.1335,0.134,0.1331,0.1331
2010-05-14,0.1331,0.1336,0.1323,0.1323
2010-05-17,0.132,0.1323,0.1313,0.1316
2010-05-18,0.1316,0.1327,0.1295,0.1295
2010-05-19,0.1295,0.1303,0.1273,0.1275
2010-05-20,0.1275,0.1284,0.1251,0.1252
2010-05-21,0.1252,0.1272,0.1252,0.1268
2010-05-24,0.1268,0.1276,0.1268,0.1271
2010-05-25,0.1267,0.1273,0.1253,0.1272
2010-05-26,0.1272,0.1303,0.1272,0.128
2010-05-27,0.128,0.132,0.128,0.1318
2010-05-28,0.1318,0.1324,0.1305,0.1305
2010-05-31,0.1306,0.1315,0.1297,0.1297
2010-06-01,0.1297,0.1299,0.1287,0.1287
2010-06-02,0.1287,0.13,0.1287,0.13
2010-06-03,0.13,0.1311,0.1296,0.1296
2010-06-04,0.1296,0.1305,0.1277,0.1277
2010-06-07,0.1277,0.1284,0.1275,0.1275
2010-06-08,0.1275,0.1287,0.1275,0.1285
2010-06-09,0.1285,0.1293,0.1277,0.1277
2010-06-10,0.1277,0.1298,0.1277,0.1293
2010-06-11,0.1293,0.1298,0.1292,0.1298
2010-06-14,0.1295,0.1309,0.1295,0.1296
2010-06-15,0.1296,0.1315,0.1296,0.1314
2010-06-16,0.1314,0.1316,0.1312,0.1312
2010-06-17,0.1312,0.132,0.1312,0.1314
2010-06-18,0.1314,0.1328,0.1314,0.1325
2010-06-21,0.1325,0.1343,0.1325,0.1326
2010-06-22,0.1326,0.1331,0.1317,0.1317
2010-06-23,0.1317,0.1326,0.1317,0.1323
2010-06-24,0.1323,0.1327,0.131,0.131
2010-06-25,0.131,0.1313,0.1305,0.1309
2010-06-28,0.1306,0.1323,0.1306,0.1315
2010-06-29,0.1315,0.1316,0.1297,0.1297
2010-06-30,0.1297,0.1308,0.1297,0.1299
2010-07-01,0.1299,0.1299,0.1288,0.1288
2010-07-02,0.1288,0.1299,0.1288,0.1288
2010-07-05,0.1288,0.1294,0.1287,0.1287
2010-07-06,0.1287,0.1309,0.1287,0.13
2010-07-07,0.13,0.1309,0.13,0.1305
2010-07-08,0.1305,0.1321,0.1305,0.1316
2010-07-09,0.1316,0.132,0.1311,0.1311
2010-07-12,0.1311,0.132,0.1308,0.1308
2010-07-13,0.1308,0.1323,0.1308,0.1323
2010-07-14,0.1323,0.1326,0.1323,0.1323
2010-07-15,0.1323,0.1324,0.1319,0.1319
2010-07-16,0.1319,0.1323,0.1311,0.1311
2010-07-19,0.1311,0.1314,0.1303,0.1303
2010-07-20,0.1303,0.132,0.1303,0.1317
2010-07-21,0.1317,0.1326,0.1317,0.132
2010-07-22,0.132,0.134,0.132,0.1339
2010-07-23,0.1339,0.1345,0.1339,0.134
2010-07-26,0.1344,0.1359,0.1344,0.1358
2010-07-27,0.1358,0.1365,0.1358,0.1358
2010-07-28,0.1358,0.136,0.1355,0.1355
2010-07-29,0.1355,0.1367,0.1355,0.136
2010-07-30,0.136,0.1369,0.136,0.1369
2010-08-02,0.1365,0.1374,0.1365,0.1365
2010-08-03,0.1365,0.1371,0.1365,0.1369
2010-08-04,0.1369,0.1373,0.1369,0.1371
2010-08-05,0.1371,0.1382,0.1371,0.1374
2010-08-06,0.1374,0.1384,0.1374,0.1378
2010-08-09,0.1379,0.1388,0.1379,0.1385
2010-08-10,0.1385,0.1386,0.138,0.1383
2010-08-11,0.1383,0.1383,0.1359,0.1359
2010-08-12,0.1359,0.1369,0.1359,0.1365
2010-08-13,0.1365,0.1378,0.1365,0.1365
2010-08-16,0.1364,0.1374,0.1364,0.1369
2010-08-17,0.1369,0.1377,0.1369,0.1371
2010-08-18,0.1371,0.1376,0.137,0.137
2010-08-19,0.137,0.1378,0.1366,0.1366
2010-08-20,0.1366,0.1367,0.1361,0.1361
2010-08-23,0.1359,0.1367,0.1354,0.1354
2010-08-24,0.1354,0.1356,0.1353,0.1353
2010-08-25,0.1353,0.136,0.1353,0.1359
2010-08-26,0.1359,0.1368,0.1359,0.1362
2010-08-27,0.1362,0.1367,0.1356,0.1363
2010-08-30,0.1363,0.1367,0.1355,0.1355
2010-08-31,0.1355,0.1358,0.135,0.135
2010-09-01,0.135,0.1368,0.135,0.1366
2010-09-02,0.1366,0.1379,0.1366,0.1377
2010-09-03,0.1377,0.1391,0.1377,0.1385
2010-09-06,0.1385,0.139,0.1378,0.1378
2010-09-07,0.1378,0.1378,0.1369,0.1369
2010-09-08,0.1369,0.138,0.1369,0.1377
2010-09-09,0.1377,0.139,0.1377,0.1379
2010-09-10,0.1379,0.139,0.1379,0.1387
2010-09-13,0.1383,0.1398,0.1383,0.1398
2010-09-14,0.1398,0.1411,0.1398,0.1406
2010-09-15,0.1406,0.1413,0.1403,0.1403
2010-09-16,0.1403,0.1409,0.1395,0.1395
2010-09-17,0.1395,0.1403,0.1392,0.1392
2010-09-20,0.1391,0.1403,0.1391,0.1396
2010-09-21,0.1396,0.1413,0.1396,0.1412
2010-09-22,0.1412,0.1426,0.1412,0.1415
2010-09-23,0.1415,0.142,0.1411,0.1411
2010-09-24,0.1411,0.1423,0.1411,0.1419
2010-09-27,0.142,0.1428,0.142,0.142
2010-09-28,0.142,0.1435,0.142,0.1431
2010-09-29,0.1431,0.1435,0.143,0.143
2010-09-30,0.143,0.1433,0.143,0.1431
2010-10-01,0.1431,0.144,0.1431,0.1436
2010-10-04,0.1439,0.1439,0.1424,0.1424
2010-10-05,0.1424,0.1447,0.1424,0.1443
2010-10-06,0.1443,0.1457,0.1443,0.1453
2010-10-07,0.1453,0.1457,0.1448,0.1448
2010-10-08,0.1448,0.1459,0.1447,0.1457
2010-10-11,0.1454,0.1458,0.1451,0.1451
2010-10-12,0.1451,0.1456,0.1446,0.1456
2010-10-13,0.1456,0.1467,0.1456,0.1461
2010-10-14,0.1461,0.1472,0.1461,0.1469
2010-10-15,0.1469,0.147,0.1459,0.1459
2010-10-18,0.1461,0.1464,0.145,0.145
2010-10-19,0.145,0.1452,0.1429,0.1429
2010-10-20,0.1429,0.1442,0.1429,0.1435
2010-10-21,0.1435,0.1449,0.1427,0.1427
2010-10-22,0.1427,0.1438,0.1427,0.1436
2010-10-25,0.1434,0.1448,0.1434,0.1442
2010-10-26,0.1442,0.1446,0.1433,0.1433
2010-10-27,0.1433,0.1435,0.141,0.141
2010-10-28,0.141,0.1429,0.141,0.1421
2010-10-29,0.1421,0.1434,0.1421,0.1423
2010-11-01,0.1419,0.1434,0.1419,0.1427
2010-11-02,0.1427,0.1448,0.1427,0.1446
2010-11-03,0.1446,0.1453,0.1446,0.1452
2010-11-04,0.1452,0.1471,0.1452,0.1466
2010-11-05,0.1466,0.1473,0.1465,0.147
2010-11-08,0.1469,0.1471,0.1458,0.146
2010-11-09,0.146,0.1466,0.1447,0.1447
2010-11-10,0.1448,0.1456,0.1446,0.1447
2010-11-11,0.1447,0.1452,0.1436,0.1436
2010-11-12,0.1436,0.1445,0.143,0.143
2010-11-15,0.143,0.1436,0.1425,0.1425
2010-11-16,0.1428,0.1432,0.1415,0.1415
2010-11-17,0.1415,0.1421,0.1415,0.1419
2010-11-18,0.1419,0.1432,0.1419,0.1428
2010-11-19,0.1428,0.1435,0.1423,0.1423
2010-11-22,0.1423,0.1433,0.1423,0.1423
2010-11-23,0.1423,0.1424,0.14,0.14
2010-11-24,0.14,0.1414,0.14,0.141
2010-11-25,0.141,0.1418,0.141,0.1415
2010-11-26,0.1415,0.1416,0.1393,0.1393
2010-11-29,0.1393,0.1402,0.1393,0.14
2010-11-30,0.14,0.1406,0.14,0.1402
2010-12-01,0.1402,0.1423,0.1402,0.1418
2010-12-02,0.1418,0.145,0.1418,0.1445
2010-12-03,0.1445,0.1455,0.1445,0.1448
2010-12-06,0.1448,0.1455,0.1445,0.1448
2010-12-07,0.1448,0.1452,0.144,0.144
2010-12-08,0.144,0.1442,0.1436,0.144
2010-12-09,0.1439,0.1451,0.1439,0.145
2010-12-10,0.145,0.1456,0.145,0.1451
2010-12-13,0.1451,0.1461,0.1451,0.1457
2010-12-14,0.1457,0.1466,0.1457,0.1457
2010-12-15,0.1457,0.1469,0.1452,0.1452
2010-12-16,0.1453,0.1459,0.1453,0.1457
2010-12-17,0.1451,0.1465,0.1449,0.1449
2010-12-20,0.1449,0.1462,0.1449,0.1457
2010-12-21,0.1457,0.1466,0.1457,0.146
2010-12-22,0.1463,0.1469,0.1463,0.1466
2010-12-23,0.1467,0.1478,0.1467,0.1475
2010-12-24,0.1475,0.1481,0.1475,0.1479
2010-12-27,0.1479,0.1486,0.1479,0.1479
2010-12-28,0.1479,0.1499,0.1479,0.1492
2010-12-29,0.1491,0.1502,0.1491,0.15
2010-12-30,0.15,0.151,0.15,0.1502
2010-12-31,0.1502,0.1515,0.1502,0.1503
2011-01-03,0.1503,0.1521,0.1503,0.1504
2011-01-04,0.1504,0.1506,0.1494,0.1494
2011-01-05,0.1494,0.1495,0.1487,0.1489
2011-01-06,0.1489,0.1489,0.1467,0.1467
2011-01-07,0.1467,0.1472,0.1465,0.1465
2011-01-10,0.1465,0.1466,0.1458,0.1462
2011-01-11,0.1462,0.1462,0.1448,0.1448
2011-01-12,0.1448,0.1462,0.1448,0.1459
2011-01-13,0.1459,0.1464,0.1456,0.1456
2011-01-14,0.1458,0.1463,0.1438,0.1438
2011-01-17,0.1438,0.1448,0.1438,0.1445
2011-01-18,0.1445,0.1456,0.1443,0.1443
2011-01-19,0.1443,0.1453,0.1425,0.1425
2011-01-20,0.1425,0.1429,0.1406,0.1406
2011-01-21,0.1407,0.1413,0.1407,0.1412
2011-01-24,0.1412,0.1424,0.1412,0.1424
2011-01-25,0.1423,0.1426,0.1412,0.1412
2011-01-26,0.1411,0.1414,0.1409,0.1409
2011-01-27,0.1409,0.1419,0.1409,0.1411
2011-01-28,0.1411,0.1414,0.1388,0.1388
2011-01-31,0.1388,0.1391,0.1387,0.1387
2011-02-01,0.1387,0.14,0.1387,0.1399
2011-02-02,0.1399,0.1403,0.1391,0.1391
2011-02-03,0.1391,0.1393,0.1371,0.1371
2011-02-04,0.1371,0.1378,0.1371,0.1374
2011-02-07,0.1374,0.1379,0.1374,0.1377
2011-02-08,0.1377,0.1392,0.1377,0.1385
2011-02-09,0.1385,0.1388,0.1381,0.1381
2011-02-10,0.1381,0.1383,0.137,0.137
2011-02-11,0.137,0.1372,0.1367,0.1369
2011-02-14,0.1367,0.1377,0.1367,0.1367
2011-02-15,0.1369,0.137,0.1358,0.1358
2011-02-16,0.1358,0.1378,0.1358,0.1373
2011-02-17,0.1373,0.1391,0.1373,0.1391
2011-02-18,0.1391,0.1401,0.1391,0.1395
2011-02-21,0.1395,0.1399,0.1395,0.1395
2011-02-22,0.1394,0.1399,0.1388,0.1391
2011-02-23,0.1392,0.1409,0.1392,0.1401
2011-02-24,0.1401,0.1414,0.1401,0.1414
2011-02-25,0.1414,0.143,0.1414,0.1419
2011-02-28,0.142,0.1436,0.142,0.143
2011-03-01,0.143,0.1438,0.1424,0.1424
2011-03-02,0.1424,0.1453,0.1424,0.1449
2011-03-03,0.1449,0.1453,0.1441,0.1441
2011-03-04,0.1441,0.1449,0.1441,0.1449
2011-03-07,0.1449,0.1456,0.1449,0.1449
2011-03-08,0.1449,0.1453,0.1449,0.1449
2011-03-09,0.1449,0.1452,0.1449,0.1452
2011-03-10,0.1452,0.1453,0.1439,0.1439
2011-03-11,0.1439,0.145,0.1439,0.1449
2011-03-14,0.1449,0.1462,0.1447,0.1461
2011-03-15,0.1461,0.1461,0.1427,0.143
2011-03-16,0.143,0.1433,0.1392,0.1392
2011-03-17,0.1392,0.1415,0.1392,0.1401
2011-03-18,0.1401,0.1427,0.1401,0.1424
2011-03-21,0.1423,0.1437,0.1423,0.1434
2011-03-22,0.1434,0.1447,0.1434,0.1446
2011-03-23,0.1446,0.1446,0.1436,0.1436
2011-03-24,0.1436,0.1454,0.1436,0.145
2011-03-25,0.145,0.1457,0.145,0.1453
2011-03-28,0.1455,0.1455,0.145,0.145
2011-03-29,0.145,0.1456,0.145,0.1453
2011-03-30,0.1453,0.1465,0.1453,0.146
2011-03-31,0.146,0.1474,0.146,0.1471
2011-04-01,0.1471,0.1489,0.1471,0.1488
2011-04-04,0.1488,0.149,0.1483,0.1483
2011-04-05,0.1483,0.1484,0.1482,0.1482
2011-04-06,0.1482,0.1493,0.1482,0.1491
2011-04-07,0.1491,0.1497,0.1491,0.1496
2011-04-08,0.1496,0.1502,0.1496,0.1501
2011-04-11,0.1501,0.1502,0.1491,0.1491
2011-04-12,0.1491,0.1492,0.1478,0.1478
2011-04-13,0.1478,0.1482,0.1465,0.1465
2011-04-14,0.1465,0.1471,0.1458,0.1458
2011-04-15,0.1458,0.1467,0.1456,0.1467
2011-04-18,0.1466,0.1466,0.1455,0.1458
2011-04-19,0.1458,0.1464,0.1458,0.1463
2011-04-20,0.1462,0.1473,0.1462,0.1468
2011-04-21,0.1468,0.1487,0.1468,0.1486
2011-04-22,0.1486,0.1487,0.1486,0.1486
2011-04-25,0.1483,0.149,0.1483,0.1486
2011-04-26,0.1481,0.1496,0.1481,0.1494
2011-04-27,0.1494,0.1512,0.1494,0.1512
2011-04-28,0.1512,0.1514,0.151,0.151
2011-04-29,0.151,0.152,0.151,0.1516
2011-05-02,0.1517,0.1521,0.1509,0.1509
2011-05-03,0.1509,0.1509,0.1502,0.1502
2011-05-04,0.1502,0.1507,0.1492,0.1492
2011-05-05,0.1492,0.15,0.1483,0.1483
2011-05-06,0.1483,0.1499,0.1483,0.1487
2011-05-09,0.1486,0.1496,0.1483,0.1483
2011-05-10,0.1483,0.1483,0.1474,0.1479
2011-05-11,0.1479,0.1479,0.1449,0.1449
2011-05-12,0.1449,0.1451,0.1441,0.1444
2011-05-13,0.1444,0.1447,0.1421,0.1421
2011-05-16,0.1423,0.1431,0.1422,0.1424
2011-05-17,0.1424,0.1433,0.1424,0.1432
2011-05-18,0.1432,0.1444,0.1432,0.1443
2011-05-19,0.1443,0.1451,0.1443,0.1451
2011-05-20,0.1451,0.1453,0.1441,0.1441
2011-05-23,0.1441,0.1442,0.1419,0.1419
2011-05-24,0.1419,0.1428,0.1419,0.1428
2011-05-25,0.1428,0.1428,0.1417,0.1417
2011-05-26,0.1417,0.1434,0.1417,0.1432
2011-05-27,0.1432,0.1445,0.1432,0.1438
2011-05-30,0.1437,0.1444,0.1437,0.1437
2011-05-31,0.1437,0.1465,0.1437,0.1463
2011-06-01,0.1463,0.1471,0.1459,0.1459
2011-06-02,0.1459,0.1485,0.1459,0.1484
2011-06-03,0.1484,0.1491,0.1484,0.1485
2011-06-06,0.1484,0.1493,0.1468,0.1468
2011-06-07,0.1468,0.1487,0.1468,0.1484
2011-06-08,0.1484,0.1485,0.1479,0.1479
2011-06-09,0.1479,0.1489,0.1479,0.1479
2011-06-10,0.1479,0.148,0.1465,0.1465
2011-06-13,0.1464,0.1473,0.1464,0.1469
2011-06-14,0.1469,0.1479,0.1469,0.1473
2011-06-15,0.1473,0.1475,0.1456,0.1456
2011-06-16,0.1456,0.1458,0.1454,0.1456
2011-06-17,0.1456,0.1475,0.1456,0.147
2011-06-20,0.1474,0.1474,0.1468,0.1468
2011-06-21,0.1468,0.1485,0.1468,0.1484
2011-06-22,0.1484,0.1487,0.1469,0.1469
2011-06-23,0.1469,0.147,0.1458,0.1459
2011-06-24,0.1459,0.1462,0.1444,0.1444
2011-06-27,0.1444,0.1451,0.1444,0.1451
2011-06-28,0.1451,0.1459,0.1451,0.1454
2011-06-29,0.1454,0.1466,0.1454,0.1464
2011-06-30,0.1464,0.1477,0.1464,0.1474
2011-07-01,0.1474,0.1483,0.1474,0.148
2011-07-04,0.1481,0.1489,0.1481,0.1483
2011-07-05,0.1483,0.1483,0.1478,0.1478
2011-07-06,0.1478,0.1481,0.1478,0.1478
2011-07-07,0.1478,0.1495,0.1478,0.1494
2011-07-08,0.1494,0.1494,0.1487,0.1487
2011-07-11,0.1485,0.1489,0.1457,0.1457
2011-07-12,0.1457,0.146,0.1445,0.145
2011-07-13,0.145,0.1467,0.145,0.1461
2011-07-14,0.1461,0.1469,0.1457,0.1457
2011-07-15,0.1457,0.1458,0.1447,0.1447
2011-07-18,0.1447,0.1447,0.1428,0.1428
2011-07-19,0.1428,0.1439,0.1428,0.1438
2011-07-20,0.1438,0.1454,0.1438,0.1451
2011-07-21,0.1451,0.1472,0.1451,0.1471
2011-07-22,0.1471,0.1479,0.1471,0.1471
2011-07-25,0.1471,0.1476,0.1467,0.1472
2011-07-26,0.1472,0.1495,0.1472,0.1492
2011-07-27,0.1492,0.1503,0.1492,0.1494
2011-07-28,0.1494,0.1501,0.148,0.148
2011-07-29,0.148,0.1493,0.148,0.1492
2011-08-01,0.1491,0.1498,0.1481,0.1481
2011-08-02,0.1481,0.1484,0.147,0.147
2011-08-03,0.147,0.1483,0.1467,0.1482
2011-08-04,0.1482,0.1484,0.1436,0.1436
2011-08-05,0.1436,0.1453,0.1436,0.1439
2011-08-08,0.1439,0.1442,0.1386,0.1386
2011-08-09,0.1386,0.1402,0.1344,0.1401
2011-08-10,0.1401,0.1406,0.137,0.137
2011-08-11,0.137,0.1399,0.1368,0.1385
2011-08-12,0.1385,0.1394,0.1379,0.1387
2011-08-15,0.139,0.1411,0.139,0.141
2011-08-16,0.141,0.1411,0.1393,0.1393
2011-08-17,0.1393,0.1411,0.1393,0.1405
2011-08-18,0.1405,0.1406,0.1383,0.1383
2011-08-19,0.1383,0.1395,0.1382,0.1384
2011-08-22,0.1383,0.1387,0.1381,0.1381
2011-08-23,0.1381,0.1393,0.1381,0.1387
2011-08-24,0.1387,0.139,0.1371,0.1371
2011-08-25,0.1371,0.1388,0.1371,0.1377
2011-08-26,0.1377,0.1398,0.1377,0.1395
2011-08-29,0.1394,0.1418,0.1394,0.1412
2011-08-30,0.1412,0.1418,0.1407,0.1407
2011-08-31,0.1407,0.143,0.1407,0.1424
2011-09-01,0.1424,0.1429,0.1424,0.1424
2011-09-02,0.1424,0.1425,0.1408,0.1408
2011-09-05,0.141,0.1411,0.1398,0.1398
2011-09-06,0.1398,0.1408,0.139,0.139
2011-09-07,0.139,0.1405,0.139,0.1398
2011-09-08,0.1398,0.1399,0.1388,0.1388
2011-09-09,0.1388,0.1391,0.1368,0.1368
2011-09-12,0.1368,0.1369,0.1344,0.1344
2011-09-13,0.1344,0.1368,0.1344,0.1365
2011-09-14,0.1365,0.1368,0.1346,0.1346
2011-09-15,0.1346,0.1358,0.1343,0.1349
2011-09-16,0.1349,0.1356,0.1334,0.1334
2011-09-19,0.1335,0.1337,0.1297,0.13
2011-09-20,0.13,0.1306,0.1289,0.1289
2011-09-21,0.1289,0.1293,0.1204,0.1204
2011-09-22,0.1204,0.1224,0.118,0.118
2011-09-23,0.118,0.1231,0.118,0.1229
2011-09-26,0.1225,0.125,0.1206,0.1239
2011-09-27,0.1239,0.1279,0.1239,0.1267
2011-09-28,0.1266,0.1279,0.1257,0.1257
2011-09-29,0.1257,0.1272,0.1249,0.1249
2011-09-30,0.1249,0.1251,0.123,0.123
2011-10-03,0.1229,0.1233,0.1202,0.1202
2011-10-04,0.1202,0.1233,0.1202,0.1228
2011-10-05,0.1228,0.1251,0.1228,0.125
2011-10-06,0.125,0.1262,0.1243,0.1254
2011-10-07,0.1254,0.1266,0.1246,0.1246
2011-10-10,0.1253,0.1275,0.1253,0.1271
2011-10-11,0.1271,0.1271,0.1254,0.1255
2011-10-12,0.1255,0.128,0.1255,0.1272
2011-10-13,0.1272,0.1278,0.1265,0.1265
2011-10-14,0.1265,0.1277,0.1265,0.1272
2011-10-17,0.1272,0.1281,0.1246,0.1246
2011-10-18,0.1246,0.1255,0.1242,0.1249
2011-10-19,0.1249,0.1254,0.1238,0.1238
2011-10-20,0.1238,0.1239,0.1216,0.122
2011-10-21,0.122,0.1246,0.122,0.1246
2011-10-24,0.1234,0.1268,0.1234,0.1265
2011-10-25,0.1265,0.1268,0.1257,0.1257
2011-10-26,0.1257,0.126,0.1251,0.1251
2011-10-27,0.1251,0.1297,0.1251,0.1289
2011-10-28,0.1289,0.1294,0.1289,0.1289
2011-10-31,0.1292,0.1296,0.1253,0.1253
2011-11-01,0.1253,0.1253,0.1226,0.1229
2011-11-02,0.1229,0.1252,0.1229,0.1245
2011-11-03,0.1245,0.1272,0.1242,0.1269
2011-11-04,0.1269,0.1278,0.1258,0.1258
2011-11-07,0.1261,0.1265,0.1254,0.1255
2011-11-08,0.1255,0.1274,0.1255,0.1272
2011-11-09,0.1272,0.1274,0.1237,0.1237
2011-11-10,0.1237,0.1256,0.1237,0.1248
2011-11-11,0.1248,0.1265,0.1248,0.1254
2011-11-14,0.1254,0.1266,0.1244,0.1244
2011-11-15,0.1242,0.1246,0.1219,0.1219
2011-11-16,0.1219,0.1226,0.1216,0.1216
2011-11-17,0.1217,0.1225,0.1211,0.1211
2011-11-18,0.1214,0.1224,0.1214,0.1215
2011-11-21,0.1215,0.1218,0.1194,0.1194
2011-11-22,0.1194,0.1204,0.1187,0.1187
2011-11-23,0.1186,0.1187,0.1159,0.1159
2011-11-24,0.1159,0.1179,0.1159,0.1175
2011-11-25,0.1175,0.1176,0.1166,0.1166
2011-11-28,0.1166,0.1199,0.1166,0.1187
2011-11-29,0.1187,0.1204,0.1187,0.1194
2011-11-30,0.1193,0.123,0.1187,0.1228
2011-12-01,0.1227,0.1236,0.1227,0.1232
2011-12-02,0.1232,0.1248,0.1232,0.1238
2011-12-05,0.1241,0.125,0.1236,0.1236
2011-12-06,0.1235,0.1242,0.1235,0.1241
2011-12-07,0.1241,0.125,0.1239,0.1244
2011-12-08,0.1243,0.1244,0.1204,0.1204
2011-12-09,0.1205,0.1231,0.1205,0.123
2011-12-12,0.1231,0.1232,0.1204,0.1204
2011-12-13,0.1204,0.1215,0.1191,0.1191
2011-12-14,0.1192,0.1202,0.1182,0.1182
2011-12-15,0.1183,0.1194,0.1183,0.1183
2011-12-16,0.1184,0.1197,0.1184,0.1186
2011-12-19,0.1185,0.1194,0.1185,0.1186
2011-12-20,0.1186,0.1216,0.1186,0.1215
2011-12-21,0.1214,0.1232,0.1209,0.1209
2011-12-22,0.121,0.1225,0.121,0.1216
2011-12-23,0.1217,0.1226,0.1217,0.122
2011-12-26,0.1222,0.1229,0.1221,0.1221
2011-12-27,0.122,0.1228,0.122,0.1223
2011-12-28,0.1223,0.1229,0.1212,0.1212
2011-12-29,0.1212,0.1226,0.1212,0.1218
2011-12-30,0.1219,0.1235,0.1219,0.1231
2012-01-02,0.1234,0.1241,0.1233,0.1233
2012-01-03,0.1234,0.1242,0.1234,0.1235
2012-01-04,0.1235,0.1236,0.1226,0.1226
2012-01-05,0.1225,0.1226,0.1218,0.1218
2012-01-06,0.1216,0.1227,0.1216,0.1217
2012-01-09,0.1218,0.1226,0.1218,0.1221
2012-01-10,0.1221,0.1234,0.1221,0.1228
2012-01-11,0.1227,0.1231,0.1227,0.123
2012-01-12,0.123,0.1243,0.123,0.1237
2012-01-13,0.1237,0.1241,0.1223,0.1225
2012-01-16,0.1225,0.1234,0.1225,0.1228
2012-01-17,0.1229,0.1245,0.1229,0.124
2012-01-18,0.1239,0.1254,0.1239,0.1252
2012-01-19,0.1252,0.126,0.1252,0.1255
2012-01-20,0.1255,0.1258,0.1252,0.1252
2012-01-23,0.1251,0.126,0.1251,0.1257
2012-01-24,0.1253,0.1255,0.1253,0.1255
2012-01-25,0.1258,0.1263,0.1247,0.1263
2012-01-26,0.1264,0.1281,0.1264,0.1273
2012-01-27,0.1275,0.1286,0.1275,0.1284
2012-01-30,0.1284,0.1285,0.127,0.127
2012-01-31,0.127,0.1283,0.127,0.1275
2012-02-01,0.1275,0.13,0.1275,0.1296
2012-02-02,0.1296,0.1309,0.1296,0.1303
2012-02-03,0.1303,0.1324,0.1303,0.1324
2012-02-06,0.1324,0.1326,0.1313,0.1319
2012-02-07,0.1319,0.1323,0.1318,0.1318
2012-02-08,0.1319,0.1324,0.1319,0.1319
2012-02-09,0.1318,0.1322,0.1312,0.1314
2012-02-10,0.1315,0.1315,0.1285,0.1285
2012-02-13,0.1287,0.1302,0.1287,0.1297
2012-02-14,0.1297,0.1297,0.1289,0.1289
2012-02-15,0.1289,0.1298,0.1284,0.1284
2012-02-16,0.1283,0.1284,0.1275,0.1281
2012-02-17,0.128,0.129,0.128,0.1287
2012-02-20,0.1288,0.1303,0.1288,0.1298
2012-02-21,0.1299,0.1303,0.1287,0.1287
2012-02-22,0.1288,0.1294,0.1287,0.1287
2012-02-23,0.1287,0.1302,0.1287,0.13
2012-02-24,0.13,0.1314,0.13,0.1311
2012-02-27,0.1311,0.1323,0.1311,0.1319
2012-02-28,0.1318,0.1332,0.1318,0.1332
2012-02-29,0.1331,0.1346,0.1327,0.1327
2012-03-01,0.1327,0.1339,0.1327,0.1339
2012-03-02,0.1339,0.134,0.1325,0.1325
2012-03-05,0.1324,0.1328,0.1319,0.1319
2012-03-06,0.1319,0.132,0.1302,0.1302
2012-03-07,0.1302,0.1312,0.1302,0.1312
2012-03-08,0.1312,0.1332,0.1312,0.1332
2012-03-09,0.1332,0.1333,0.1316,0.1316
2012-03-12,0.1317,0.1321,0.1317,0.1319
2012-03-13,0.1318,0.1325,0.1318,0.1322
2012-03-14,0.1323,0.1323,0.1295,0.1295
2012-03-15,0.1294,0.1312,0.1294,0.1309
2012-03-16,0.1309,0.1322,0.1309,0.1316
2012-03-19,0.1316,0.1324,0.1316,0.1321
2012-03-20,0.1321,0.1322,0.1309,0.1309
2012-03-21,0.131,0.1314,0.1302,0.1302
2012-03-22,0.1302,0.1304,0.1293,0.1293
2012-03-23,0.1292,0.13,0.1292,0.1293
2012-03-26,0.1295,0.1314,0.1295,0.1313
2012-03-27,0.1313,0.132,0.131,0.131
2012-03-28,0.131,0.1311,0.1299,0.1299
2012-03-29,0.1299,0.13,0.129,0.129
2012-03-30,0.1291,0.1304,0.1291,0.1301
2012-04-02,0.1305,0.1308,0.1302,0.1302
2012-04-03,0.1302,0.1305,0.1286,0.1286
2012-04-04,0.1287,0.1289,0.1274,0.1274
2012-04-05,0.1273,0.128,0.1272,0.1272
2012-04-06,0.1272,0.1276,0.1264,0.1264
2012-04-09,0.1264,0.1268,0.1264,0.1264
2012-04-10,0.1262,0.1266,0.1247,0.1247
2012-04-11,0.1246,0.1251,0.1244,0.1244
2012-04-12,0.1244,0.1267,0.1244,0.1266
2012-04-13,0.1266,0.1266,0.1253,0.1253
2012-04-16,0.1253,0.1256,0.1252,0.1254
2012-04-17,0.1254,0.1279,0.1254,0.1274
2012-04-18,0.1277,0.1278,0.127,0.127
2012-04-19,0.127,0.1276,0.1268,0.1268
2012-04-20,0.1268,0.1278,0.1268,0.1275
2012-04-23,0.1275,0.1275,0.1269,0.1269
2012-04-24,0.127,0.128,0.127,0.128
2012-04-25,0.128,0.1288,0.128,0.1286
2012-04-26,0.1286,0.1289,0.1277,0.1277
2012-04-27,0.1278,0.129,0.1278,0.129
2012-04-30,0.1284,0.1289,0.1281,0.1281
2012-05-01,0.1282,0.1291,0.1282,0.1288
2012-05-02,0.1288,0.1293,0.1288,0.129
2012-05-03,0.1289,0.1296,0.1289,0.1289
2012-05-04,0.1289,0.1292,0.1272,0.1272
2012-05-07,0.127,0.1278,0.127,0.1276
2012-05-08,0.1276,0.1277,0.1262,0.1262
2012-05-09,0.1262,0.1263,0.1246,0.1246
2012-05-10,0.1246,0.1251,0.124,0.124
2012-05-11,0.124,0.1241,0.123,0.123
2012-05-14,0.1229,0.1231,0.1214,0.1214
2012-05-15,0.1214,0.1222,0.1199,0.1199
2012-05-16,0.1199,0.1203,0.1196,0.1196
2012-05-17,0.1196,0.1206,0.1192,0.1192
2012-05-18,0.1192,0.1203,0.119,0.1191
2012-05-21,0.1193,0.1212,0.1193,0.1211
2012-05-22,0.1211,0.1212,0.1196,0.1196
2012-05-23,0.1195,0.1197,0.1187,0.1189
2012-05-24,0.1188,0.1199,0.1188,0.1193
2012-05-25,0.1191,0.1198,0.119,0.119
2012-05-28,0.1188,0.1202,0.1188,0.1193
2012-05-29,0.1193,0.1202,0.1193,0.1198
2012-05-30,0.1198,0.1198,0.1165,0.1165
2012-05-31,0.1166,0.1175,0.1166,0.1168
2012-06-01,0.1169,0.1172,0.1159,0.1163
2012-06-04,0.1159,0.1174,0.1159,0.1172
2012-06-05,0.1173,0.1182,0.1173,0.118
2012-06-06,0.1179,0.1199,0.1179,0.1198
2012-06-07,0.1198,0.1211,0.1186,0.1186
2012-06-08,0.1187,0.1188,0.1181,0.1182
2012-06-11,0.1192,0.1204,0.1176,0.1176
2012-06-12,0.1176,0.1187,0.1176,0.1187
2012-06-13,0.1186,0.1193,0.1186,0.1186
2012-06-14,0.1187,0.119,0.1187,0.119
2012-06-15,0.119,0.1197,0.1188,0.1188
2012-06-18,0.12,0.1208,0.1199,0.1201
2012-06-19,0.1201,0.1216,0.1201,0.1213
2012-06-20,0.1213,0.122,0.1213,0.1214
2012-06-21,0.1212,0.1215,0.1188,0.1188
2012-06-22,0.1188,0.1193,0.1186,0.1186
2012-06-25,0.118,0.1185,0.1173,0.1173
2012-06-26,0.1174,0.1183,0.1174,0.1179
2012-06-27,0.1181,0.1189,0.118,0.118
2012-06-28,0.118,0.1188,0.118,0.1183
2012-06-29,0.1185,0.1221,0.1185,0.1217
2012-07-02,0.122,0.1226,0.122,0.1221
2012-07-03,0.1222,0.1235,0.1222,0.1233
2012-07-04,0.1233,0.1235,0.1224,0.1224
2012-07-05,0.1224,0.1232,0.1223,0.1223
2012-07-06,0.1224,0.1224,0.1209,0.1209
2012-07-09,0.1211,0.1212,0.121,0.1212
2012-07-10,0.1211,0.1221,0.1211,0.1212
2012-07-11,0.1212,0.1219,0.1209,0.1209
2012-07-12,0.1209,0.1209,0.1196,0.1196
2012-07-13,0.1196,0.1207,0.1196,0.1207
2012-07-16,0.1207,0.1216,0.1207,0.1212
2012-07-17,0.1212,0.122,0.1212,0.122
2012-07-18,0.122,0.1221,0.122,0.1221
2012-07-19,0.122,0.1226,0.1217,0.1217
2012-07-20,0.1218,0.122,0.1201,0.1201
2012-07-23,0.1203,0.1204,0.1177,0.1177
2012-07-24,0.1177,0.1182,0.1169,0.1169
2012-07-25,0.1169,0.1186,0.1169,0.1185
2012-07-26,0.1185,0.121,0.1185,0.1207
2012-07-27,0.1207,0.1223,0.1207,0.1223
2012-07-30,0.1218,0.122,0.1215,0.1215
2012-07-31,0.1215,0.1218,0.1205,0.1205
2012-08-01,0.1204,0.1211,0.1193,0.1193
2012-08-02,0.1193,0.1201,0.1193,0.1193
2012-08-03,0.119,0.1226,0.119,0.1223
2012-08-06,0.1222,0.1224,0.1219,0.1219
2012-08-07,0.122,0.1226,0.1219,0.1219
2012-08-08,0.1221,0.1232,0.122,0.123
2012-08-09,0.1231,0.1235,0.1231,0.1231
2012-08-10,0.1232,0.1234,0.1229,0.1229
2012-08-13,0.1231,0.1232,0.1222,0.1222
2012-08-14,0.1222,0.1228,0.1215,0.1215
2012-08-15,0.1215,0.1218,0.1209,0.1209
2012-08-16,0.1209,0.1215,0.1209,0.1212
2012-08-17,0.1212,0.1214,0.1196,0.1196
2012-08-20,0.1197,0.1201,0.1195,0.1195
2012-08-21,0.1195,0.1213,0.1195,0.1206
2012-08-22,0.1206,0.1211,0.1205,0.121
2012-08-23,0.121,0.1212,0.1196,0.1196
2012-08-24,0.1197,0.1197,0.1187,0.1187
2012-08-27,0.1188,0.1188,0.118,0.118
2012-08-28,0.1179,0.1189,0.1179,0.1185
2012-08-29,0.1185,0.1187,0.1185,0.1185
2012-08-30,0.1184,0.1187,0.1174,0.1174
2012-08-31,0.1174,0.1189,0.1174,0.1186
2012-09-03,0.1185,0.1188,0.1185,0.1188
2012-09-04,0.1186,0.1193,0.1183,0.1183
2012-09-05,0.1183,0.1188,0.1183,0.1185
2012-09-06,0.1184,0.1203,0.1184,0.1199
2012-09-07,0.1199,0.122,0.1199,0.1219
2012-09-10,0.1216,0.1224,0.1216,0.1216
2012-09-11,0.1216,0.1225,0.1216,0.1218
2012-09-12,0.1217,0.1222,0.1195,0.1195
2012-09-13,0.1194,0.1211,0.119,0.1209
2012-09-14,0.1209,0.1216,0.1209,0.1212
2012-09-17,0.1209,0.1216,0.1205,0.1205
2012-09-18,0.1205,0.1219,0.1205,0.1217
2012-09-19,0.1217,0.122,0.1204,0.1204
2012-09-20,0.1204,0.1206,0.1197,0.1197
2012-09-21,0.1198,0.121,0.1198,0.1203
2012-09-24,0.1206,0.121,0.1206,0.1207
2012-09-25,0.1207,0.122,0.1207,0.121
2012-09-26,0.121,0.1213,0.121,0.1211
2012-09-27,0.1211,0.1219,0.1209,0.1209
2012-09-28,0.1209,0.1213,0.1197,0.1197
2012-10-01,0.1197,0.1207,0.1191,0.1191
2012-10-02,0.119,0.1196,0.119,0.1191
2012-10-03,0.1191,0.1192,0.1183,0.1183
2012-10-04,0.1183,0.1185,0.1171,0.1171
2012-10-05,0.1171,0.1174,0.1136,0.1136
2012-10-08,0.1134,0.1137,0.112,0.1123
2012-10-09,0.1123,0.114,0.1123,0.1138
2012-10-10,0.1138,0.1153,0.1138,0.114
2012-10-11,0.1139,0.1151,0.1139,0.1148
2012-10-12,0.1148,0.1159,0.114,0.114
2012-10-15,0.1137,0.114,0.1131,0.1131
2012-10-16,0.1133,0.1146,0.1133,0.1144
2012-10-17,0.1144,0.116,0.1144,0.1157
2012-10-18,0.1157,0.1163,0.1151,0.1151
2012-10-19,0.1152,0.1157,0.1151,0.1151
2012-10-22,0.1148,0.1158,0.1148,0.1153
2012-10-23,0.1153,0.1154,0.1137,0.1137
2012-10-24,0.1137,0.114,0.1134,0.1134
2012-10-25,0.1134,0.115,0.1134,0.114
2012-10-26,0.114,0.1154,0.114,0.1152
2012-10-29,0.1151,0.1153,0.1147,0.1147
2012-10-30,0.1147,0.1154,0.1147,0.1152
2012-10-31,0.1152,0.1155,0.1148,0.1148
2012-11-01,0.1148,0.1152,0.1148,0.1152
2012-11-02,0.1152,0.1153,0.1135,0.1135
2012-11-05,0.1134,0.1144,0.1134,0.1141
2012-11-06,0.1141,0.1156,0.1141,0.1154
2012-11-07,0.1154,0.1158,0.1154,0.1154
2012-11-08,0.1154,0.1154,0.1141,0.1141
2012-11-09,0.1142,0.1147,0.1142,0.1143
2012-11-12,0.1142,0.1147,0.1138,0.1138
2012-11-13,0.1139,0.1139,0.1131,0.1131
2012-11-14,0.1131,0.1138,0.1116,0.1116
2012-11-15,0.1116,0.1119,0.1115,0.1115
2012-11-16,0.1115,0.1124,0.1115,0.1123
2012-11-19,0.1123,0.113,0.1123,0.1128
2012-11-20,0.1127,0.1127,0.1126,0.1126
2012-11-21,0.1127,0.1127,0.1112,0.1112
2012-11-22,0.1112,0.1116,0.1112,0.1112
2012-11-23,0.1113,0.1124,0.1113,0.1122
2012-11-26,0.1122,0.1125,0.1122,0.1123
2012-11-27,0.1124,0.113,0.1124,0.1127
2012-11-28,0.1127,0.113,0.1127,0.113
2012-11-29,0.1129,0.1138,0.1129,0.1133
2012-11-30,0.1133,0.1138,0.1117,0.1117
2012-12-03,0.1118,0.1127,0.1118,0.1122
2012-12-04,0.1122,0.1134,0.1122,0.1132
2012-12-05,0.1132,0.1136,0.1132,0.1136
2012-12-06,0.1135,0.1149,0.1135,0.1147
2012-12-07,0.1147,0.1151,0.1147,0.1151
2012-12-10,0.1148,0.115,0.1148,0.1149
2012-12-11,0.1148,0.1153,0.1148,0.115
2012-12-12,0.1149,0.1155,0.1149,0.1151
2012-12-13,0.115,0.1154,0.1149,0.1149
2012-12-14,0.1149,0.1156,0.1149,0.1156
2012-12-17,0.1156,0.1166,0.1156,0.1166
2012-12-18,0.1166,0.1179,0.1166,0.1179
2012-12-19,0.1178,0.1179,0.1173,0.1173
2012-12-20,0.1174,0.1175,0.1174,0.1175
2012-12-21,0.1175,0.1175,0.1159,0.1159
2012-12-24,0.1158,0.1164,0.1158,0.1161
2012-12-25,0.1161,0.1164,0.1161,0.1162
2012-12-26,0.1162,0.1165,0.1162,0.1162
2012-12-27,0.1162,0.1174,0.1162,0.1174
2012-12-28,0.1175,0.1176,0.1174,0.1174
2012-12-31,0.1174,0.1179,0.1174,0.1177
2013-01-01,0.1178,0.1179,0.1177,0.1177
2013-01-02,0.1177,0.1183,0.1173,0.1173
2013-01-03,0.1174,0.1175,0.1159,0.1159
2013-01-04,0.1161,0.1164,0.1159,0.1163
2013-01-07,0.1163,0.1164,0.1162,0.1162
2013-01-08,0.1162,0.1164,0.116,0.116
2013-01-09,0.1161,0.1163,0.1159,0.1159
2013-01-10,0.1159,0.1162,0.1151,0.1151
2013-01-11,0.1151,0.1152,0.1142,0.1142
2013-01-14,0.1142,0.1146,0.1142,0.1145
2013-01-15,0.1145,0.1146,0.1129,0.1129
2013-01-16,0.1129,0.1133,0.1129,0.1132
2013-01-17,0.1132,0.1137,0.1131,0.1131
2013-01-18,0.1131,0.1131,0.1121,0.1121
2013-01-21,0.1122,0.1124,0.1122,0.1124
2013-01-22,0.1124,0.113,0.1124,0.1124
2013-01-23,0.1124,0.1126,0.1099,0.1099
2013-01-24,0.1098,0.1103,0.1098,0.11
2013-01-25,0.1099,0.1114,0.1099,0.1113
2013-01-28,0.1113,0.1114,0.1094,0.1094
2013-01-29,0.1094,0.1103,0.1094,0.1103
2013-01-30,0.1103,0.1105,0.1101,0.1101
2013-01-31,0.1102,0.1116,0.1102,0.1111
2013-02-01,0.1112,0.1127,0.1112,0.1126
2013-02-04,0.1125,0.1126,0.1117,0.1117
2013-02-05,0.1117,0.113,0.1117,0.1127
2013-02-06,0.1126,0.1128,0.1118,0.1118
2013-02-07,0.1119,0.1123,0.1117,0.1117
2013-02-08,0.1117,0.1122,0.1117,0.1121
2013-02-11,0.112,0.1122,0.1117,0.1117
2013-02-12,0.1117,0.1121,0.1117,0.1118
2013-02-13,0.1117,0.1127,0.1117,0.1123
2013-02-14,0.1123,0.1135,0.1123,0.1133
2013-02-15,0.1133,0.1134,0.1125,0.1125
2013-02-18,0.1124,0.1128,0.112,0.112
2013-02-19,0.112,0.1125,0.112,0.1125
2013-02-20,0.1125,0.1127,0.1117,0.1117
2013-02-21,0.1117,0.1123,0.1117,0.1119
2013-02-22,0.1118,0.1125,0.1118,0.1123
2013-02-25,0.1125,0.113,0.1125,0.1126
2013-02-26,0.1123,0.1133,0.1123,0.1129
2013-02-27,0.1127,0.113,0.1127,0.1129
2013-02-28,0.1128,0.1128,0.1105,0.1105
2013-03-01,0.1103,0.1106,0.1099,0.1099
2013-03-04,0.1098,0.1098,0.1097,0.1097
2013-03-05,0.1097,0.1103,0.1097,0.1102
2013-03-06,0.1102,0.1104,0.1091,0.1091
2013-03-07,0.1091,0.1095,0.1089,0.1089
2013-03-08,0.1089,0.1098,0.1089,0.1095
2013-03-11,0.1096,0.1097,0.1094,0.1094
2013-03-12,0.1096,0.1096,0.1086,0.1086
2013-03-13,0.1085,0.109,0.1074,0.1074
2013-03-14,0.1074,0.1086,0.1074,0.1086
2013-03-15,0.1086,0.1088,0.1084,0.1084
2013-03-18,0.1084,0.1089,0.1084,0.1086
2013-03-19,0.1085,0.1086,0.1074,0.1074
2013-03-20,0.1074,0.108,0.1067,0.1067
2013-03-21,0.1067,0.1072,0.1067,0.1068
2013-03-22,0.1068,0.1071,0.1068,0.107
2013-03-25,0.1068,0.1078,0.1068,0.107
2013-03-26,0.107,0.1078,0.107,0.1076
2013-03-27,0.1076,0.1077,0.1074,0.1074
2013-03-28,0.1074,0.1085,0.1074,0.1079
2013-03-29,0.108,0.108,0.1078,0.1078
2013-04-02,0.1084,0.1084,0.1077,0.1077
2013-04-03,0.1077,0.1082,0.1077,0.1078
2013-04-04,0.1078,0.1089,0.1078,0.1086
2013-04-05,0.1086,0.1097,0.1086,0.1094
2013-04-08,0.1097,0.1108,0.1097,0.1108
2013-04-09,0.1108,0.1117,0.1108,0.1116
2013-04-10,0.1116,0.112,0.1116,0.1118
2013-04-11,0.1118,0.1123,0.1118,0.1118
2013-04-12,0.1119,0.112,0.1117,0.1117
2013-04-15,0.1112,0.1115,0.1077,0.1077
2013-04-16,0.1078,0.1093,0.1078,0.1091
2013-04-17,0.1091,0.1093,0.1085,0.1085
2013-04-18,0.1085,0.109,0.1083,0.1083
2013-04-19,0.1084,0.1089,0.1079,0.1079
2013-04-22,0.108,0.1082,0.1079,0.1079
2013-04-23,0.1079,0.1082,0.1079,0.1081
2013-04-24,0.1081,0.1091,0.1081,0.109
2013-04-25,0.109,0.1099,0.109,0.1095
2013-04-26,0.1095,0.1098,0.1095,0.1095
2013-04-29,0.1096,0.1112,0.1096,0.1108
2013-04-30,0.1107,0.1112,0.1107,0.1109
2013-05-01,0.1108,0.1113,0.1101,0.1101
2013-05-02,0.1103,0.1115,0.1103,0.1112
2013-05-03,0.1112,0.1118,0.1112,0.1118
2013-05-06,0.1117,0.1118,0.1107,0.1107
2013-05-07,0.1107,0.1108,0.1101,0.1101
2013-05-08,0.1101,0.1107,0.1101,0.1105
2013-05-09,0.1105,0.1111,0.1102,0.1102
2013-05-10,0.1102,0.1104,0.1096,0.1096
2013-05-13,0.1096,0.1097,0.1087,0.1087
2013-05-14,0.1087,0.1091,0.1078,0.1078
2013-05-15,0.1078,0.108,0.1072,0.1072
2013-05-16,0.1075,0.1077,0.1068,0.1068
2013-05-17,0.1068,0.1069,0.106,0.106
2013-05-20,0.1057,0.106,0.1054,0.1054
2013-05-21,0.1054,0.1056,0.1042,0.1042
2013-05-22,0.1042,0.1055,0.1039,0.1039
2013-05-23,0.1039,0.1046,0.1038,0.1043
2013-05-24,0.1043,0.1046,0.1038,0.1038
2013-05-27,0.1038,0.1039,0.1035,0.1035
2013-05-28,0.1037,0.1037,0.1017,0.1017
2013-05-29,0.1017,0.1018,0.1013,0.1013
2013-05-30,0.1014,0.1018,0.0992,0.0992
2013-05-31,0.0991,0.0995,0.0978,0.0988
2013-06-03,0.0986,0.1014,0.0986,0.1014
2013-06-04,0.1014,0.1029,0.1012,0.1012
2013-06-05,0.1012,0.1016,0.0995,0.0995
2013-06-06,0.0995,0.1009,0.0995,0.1008
2013-06-07,0.1008,0.1009,0.0999,0.0999
2013-06-10,0.1001,0.1001,0.0977,0.0977
2013-06-11,0.0977,0.0992,0.0971,0.0987
2013-06-12,0.0987,0.1001,0.0984,0.0984
2013-06-13,0.0984,0.1012,0.0984,0.101
2013-06-14,0.101,0.1012,0.0998,0.0998
2013-06-17,0.0998,0.101,0.0997,0.0997
2013-06-18,0.0998,0.0999,0.0995,0.0995
2013-06-19,0.0995,0.1003,0.0976,0.0976
2013-06-20,0.0976,0.0978,0.0973,0.0973
2013-06-21,0.0973,0.0981,0.0973,0.0973
2013-06-24,0.0979,0.0991,0.0976,0.0988
2013-06-25,0.0988,0.1003,0.0985,0.0985
2013-06-26,0.0985,0.0992,0.0985,0.0985
2013-06-27,0.0985,0.1003,0.0985,0.1001
2013-06-28,0.1001,0.1007,0.1001,0.1007
2013-07-01,0.1006,0.101,0.1003,0.1003
2013-07-02,0.1003,0.1008,0.0995,0.0995
2013-07-03,0.0995,0.0997,0.0987,0.0987
2013-07-04,0.0987,0.0997,0.0987,0.0992
2013-07-05,0.0991,0.0996,0.0975,0.0975
2013-07-08,0.0975,0.098,0.0975,0.0979
2013-07-09,0.0979,0.0995,0.0979,0.0993
2013-07-10,0.0992,0.1002,0.0992,0.1002
2013-07-11,0.1002,0.1009,0.0998,0.0998
2013-07-12,0.0998,0.1,0.0995,0.0995
2013-07-15,0.0996,0.1012,0.0996,0.1006
2013-07-16,0.1006,0.1023,0.1006,0.1009
2013-07-17,0.1009,0.102,0.1005,0.1013
2013-07-18,0.1017,0.1019,0.1002,0.1002
2013-07-19,0.1002,0.1016,0.1002,0.1009
2013-07-22,0.1009,0.1022,0.1009,0.1014
2013-07-23,0.1018,0.1033,0.1015,0.1028
2013-07-24,0.1028,0.104,0.1019,0.1019
2013-07-25,0.1019,0.1033,0.1017,0.1024
2013-07-26,0.1027,0.1032,0.1018,0.1018
2013-07-29,0.1018,0.1024,0.1016,0.1017
2013-07-30,0.102,0.1021,0.1012,0.1015
2013-07-31,0.1016,0.1019,0.1006,0.1013
2013-08-01,0.1009,0.1014,0.0997,0.0997
2013-08-02,0.0997,0.1016,0.0996,0.1012
2013-08-05,0.1014,0.102,0.1011,0.1011
2013-08-06,0.1011,0.1017,0.1005,0.1005
2013-08-07,0.1001,0.1012,0.1001,0.1001
2013-08-08,0.1004,0.1019,0.1004,0.1012
2013-08-09,0.1012,0.1027,0.1012,0.1014
2013-08-12,0.1013,0.1022,0.1007,0.1007
2013-08-13,0.1007,0.1012,0.0997,0.0997
2013-08-14,0.1001,0.1007,0.0998,0.0998
2013-08-15,0.0998,0.1011,0.0995,0.0996
2013-08-16,0.1,0.1003,0.0985,0.0985
2013-08-19,0.0991,0.0995,0.0979,0.0979
2013-08-20,0.0975,0.0988,0.0975,0.0979
2013-08-21,0.0979,0.0985,0.0962,0.0963
2013-08-22,0.0963,0.0975,0.0958,0.0969
2013-08-23,0.0973,0.0983,0.0973,0.0976
2013-08-26,0.0976,0.0979,0.0964,0.0964
2013-08-27,0.0963,0.0969,0.0957,0.0957
2013-08-28,0.0957,0.0973,0.0952,0.0964
2013-08-29,0.0964,0.0973,0.0961,0.0961
2013-08-30,0.0964,0.0979,0.0964,0.0973
2013-09-02,0.0971,0.0984,0.0969,0.0969
2013-09-03,0.0973,0.0976,0.0963,0.0963
2013-09-04,0.0963,0.0979,0.0963,0.0971
2013-09-05,0.0971,0.0981,0.097,0.0972
2013-09-06,0.0972,0.0999,0.0972,0.0993
2013-09-09,0.0996,0.1004,0.0996,0.0999
2013-09-10,0.1002,0.1005,0.0995,0.0996
2013-09-11,0.1,0.1014,0.0997,0.1008
2013-09-12,0.1011,0.1013,0.1001,0.1001
2013-09-13,0.1002,0.1008,0.1,0.1
2013-09-16,0.1004,0.1026,0.1004,0.1014
2013-09-17,0.1017,0.1021,0.1015,0.1015
2013-09-18,0.1015,0.1046,0.1015,0.1039
2013-09-19,0.1043,0.1047,0.1025,0.1025
2013-09-20,0.1024,0.1033,0.1006,0.1006
2013-09-23,0.1007,0.1019,0.1007,0.1014
2013-09-24,0.1011,0.1019,0.1008,0.1008
2013-09-25,0.1008,0.1017,0.0996,0.0996
2013-09-26,0.0997,0.1006,0.0996,0.0996
2013-09-27,0.0996,0.1002,0.0984,0.0992
2013-09-30,0.0988,0.0998,0.0985,0.0992
2013-10-01,0.0995,0.1004,0.0983,0.0983
2013-10-02,0.0983,0.1,0.0983,0.0996
2013-10-03,0.0996,0.1001,0.0991,0.0996
2013-10-04,0.0992,0.1002,0.0992,0.0995
2013-10-07,0.0995,0.1003,0.0995,0.0995
2013-10-08,0.0999,0.1008,0.0995,0.0995
2013-10-09,0.0995,0.1005,0.0995,0.0999
2013-10-10,0.0999,0.1012,0.0999,0.1004
2013-10-11,0.1008,0.1013,0.1006,0.1006
2013-10-14,0.1006,0.1011,0.1003,0.1003
2013-10-15,0.1003,0.1011,0.0998,0.0998
2013-10-16,0.0998,0.1014,0.0998,0.101
2013-10-17,0.1009,0.102,0.1009,0.1013
2013-10-18,0.1013,0.1026,0.1012,0.1012
2013-10-21,0.1017,0.1023,0.1011,0.1011
2013-10-22,0.1011,0.1028,0.1011,0.1022
2013-10-23,0.1022,0.1027,0.1016,0.1016
2013-10-24,0.1016,0.1025,0.1016,0.1021
2013-10-25,0.1021,0.1024,0.1013,0.1013
2013-10-28,0.1017,0.1022,0.1013,0.1013
2013-10-29,0.1013,0.1016,0.1006,0.1006
2013-10-30,0.1006,0.1016,0.1,0.1
2013-10-31,0.1005,0.1008,0.0992,0.0992
2013-11-01,0.0993,0.0997,0.0977,0.0977
2013-11-04,0.0979,0.0988,0.0979,0.0985
2013-11-05,0.0982,0.0987,0.0975,0.0975
2013-11-06,0.0971,0.0982,0.0969,0.0969
2013-11-07,0.0973,0.0978,0.0969,0.0969
2013-11-08,0.0966,0.0978,0.0962,0.0962
2013-11-11,0.0966,0.0969,0.0959,0.0959
2013-11-12,0.0963,0.0966,0.0957,0.0959
2013-11-13,0.0963,0.097,0.0963,0.0968
2013-11-14,0.0968,0.0982,0.0966,0.0976
2013-11-15,0.0976,0.0988,0.0976,0.0979
2013-11-18,0.0979,0.0991,0.0979,0.0981
2013-11-19,0.0985,0.0991,0.0977,0.0977
2013-11-20,0.0977,0.0994,0.0977,0.0984
2013-11-21,0.098,0.0989,0.098,0.0982
2013-11-22,0.0987,0.0993,0.0985,0.0987
2013-11-25,0.0991,0.0997,0.0989,0.0989
2013-11-26,0.0985,0.0992,0.0984,0.0985
2013-11-27,0.0982,0.0988,0.0972,0.0972
2013-11-28,0.0972,0.0981,0.0972,0.0978
2013-11-29,0.0978,0.0984,0.0977,0.0978
2013-12-02,0.0979,0.0987,0.0972,0.0972
2013-12-03,0.0969,0.0973,0.0963,0.0966
2013-12-04,0.0963,0.0967,0.0953,0.0953
2013-12-05,0.0956,0.0961,0.0949,0.0955
2013-12-06,0.0952,0.097,0.0945,0.0963
2013-12-09,0.0968,0.0971,0.0957,0.0957
2013-12-10,0.0957,0.0973,0.0957,0.096
2013-12-11,0.0964,0.0967,0.0959,0.0959
2013-12-12,0.0962,0.0966,0.0957,0.0958
2013-12-13,0.0958,0.0973,0.0958,0.0967
2013-12-16,0.097,0.0974,0.0967,0.0971
2013-12-17,0.0968,0.0973,0.0963,0.0963
2013-12-18,0.0968,0.0978,0.0962,0.0962
2013-12-19,0.0965,0.0968,0.0958,0.096
2013-12-20,0.096,0.0969,0.0955,0.0961
2013-12-23,0.0964,0.097,0.0962,0.0962
2013-12-24,0.0962,0.0968,0.0962,0.0963
2013-12-25,0.0963,0.0968,0.0963,0.0963
2013-12-26,0.0963,0.0968,0.096,0.096
2013-12-27,0.0961,0.0967,0.0948,0.0948
2013-12-30,0.0948,0.096,0.0948,0.0955
2013-12-31,0.0955,0.096,0.0947,0.0947
2014-01-01,0.0951,0.0957,0.0947,0.0947
2014-01-02,0.0953,0.0954,0.0931,0.0931
2014-01-03,0.0931,0.0945,0.0926,0.0926
2014-01-06,0.0936,0.094,0.0932,0.0934
2014-01-07,0.0939,0.0944,0.0934,0.0934
2014-01-08,0.0934,0.0941,0.0923,0.0923
2014-01-09,0.0928,0.0931,0.0921,0.0921
2014-01-10,0.0922,0.0939,0.0922,0.0939
2014-01-13,0.0937,0.0939,0.0919,0.0919
2014-01-14,0.0924,0.0926,0.0918,0.0918
2014-01-15,0.0918,0.0923,0.0915,0.0918
2014-01-16,0.0914,0.0921,0.0913,0.0917
2014-01-17,0.0913,0.0923,0.0913,0.0915
2014-01-20,0.092,0.0924,0.0916,0.0916
2014-01-21,0.0919,0.0926,0.0919,0.0919
2014-01-22,0.0919,0.0925,0.0915,0.0915
2014-01-23,0.0918,0.0919,0.0905,0.0905
2014-01-24,0.0905,0.0911,0.0894,0.0901
2014-01-27,0.0897,0.0901,0.0889,0.0899
2014-01-28,0.0895,0.0908,0.0895,0.0902
2014-01-29,0.0901,0.0917,0.0879,0.0879
2014-01-30,0.0883,0.0898,0.0878,0.0887
2014-01-31,0.0887,0.0902,0.0882,0.0898
2014-02-03,0.0899,0.0903,0.0886,0.0886
2014-02-04,0.0882,0.0903,0.0882,0.0901
2014-02-05,0.0896,0.0903,0.0895,0.0896
2014-02-06,0.0893,0.091,0.0893,0.0905
2014-02-07,0.0901,0.0914,0.09,0.0903
2014-02-10,0.0902,0.0905,0.0893,0.0893
2014-02-11,0.0893,0.0912,0.0893,0.0911
2014-02-12,0.0907,0.0914,0.0906,0.0908
2014-02-13,0.0904,0.0912,0.09,0.0911
2014-02-14,0.0907,0.0922,0.0907,0.0921
2014-02-17,0.0918,0.0924,0.0918,0.0923
2014-02-18,0.0919,0.0924,0.0918,0.0918
2014-02-19,0.0915,0.092,0.0904,0.0904
2014-02-20,0.0901,0.091,0.0901,0.0908
2014-02-21,0.0904,0.0916,0.0904,0.0914
2014-02-24,0.0907,0.0929,0.0907,0.0925
2014-02-25,0.0921,0.0934,0.0921,0.0931
2014-02-26,0.0927,0.0935,0.0922,0.0923
2014-02-27,0.0919,0.0935,0.0919,0.0934
2014-02-28,0.093,0.0938,0.0925,0.0925
2014-03-03,0.0926,0.093,0.0915,0.0916
2014-03-04,0.0913,0.0929,0.0913,0.0925
2014-03-05,0.0925,0.0937,0.0925,0.0937
2014-03-06,0.0933,0.0944,0.0933,0.0942
2014-03-07,0.0937,0.0943,0.0927,0.0927
2014-03-10,0.0929,0.0933,0.0925,0.0925
2014-03-11,0.0925,0.0932,0.0916,0.0916
2014-03-12,0.0916,0.0926,0.0913,0.0921
2014-03-13,0.0921,0.0934,0.0921,0.0925
2014-03-14,0.092,0.0937,0.092,0.0932
2014-03-17,0.0931,0.0937,0.0923,0.0923
2014-03-18,0.0923,0.0934,0.0923,0.0926
2014-03-19,0.0926,0.0936,0.0918,0.0919
2014-03-20,0.0915,0.0922,0.0911,0.0913
2014-03-21,0.0913,0.0923,0.0913,0.0913
2014-03-24,0.0914,0.0924,0.0914,0.0918
2014-03-25,0.0918,0.0931,0.0918,0.0926
2014-03-26,0.0926,0.0937,0.0926,0.0934
2014-03-27,0.093,0.0946,0.093,0.094
2014-03-28,0.094,0.0945,0.094,0.094
2014-03-31,0.0936,0.0951,0.0936,0.0948
2014-04-01,0.0944,0.095,0.094,0.094
2014-04-02,0.094,0.0945,0.094,0.0941
2014-04-03,0.0938,0.0942,0.0936,0.0937
2014-04-04,0.0934,0.0952,0.0934,0.0942
2014-04-07,0.0946,0.0951,0.0946,0.0949
2014-04-08,0.0945,0.096,0.0945,0.095
2014-04-09,0.095,0.0964,0.095,0.0963
2014-04-10,0.0959,0.0965,0.0951,0.0951
2014-04-11,0.0951,0.0958,0.095,0.0951
2014-04-14,0.0952,0.0954,0.0946,0.095
2014-04-15,0.0946,0.0952,0.0942,0.0942
2014-04-16,0.0942,0.0951,0.0942,0.0946
2014-04-17,0.0942,0.0954,0.0942,0.0947
2014-04-18,0.0947,0.0953,0.0947,0.0951
2014-04-21,0.095,0.0953,0.095,0.0951
2014-04-22,0.0948,0.0953,0.0946,0.0948
2014-04-23,0.0944,0.0949,0.094,0.094
2014-04-24,0.094,0.0947,0.0936,0.0936
2014-04-25,0.0936,0.0941,0.0933,0.0933
2014-04-28,0.0937,0.0942,0.0937,0.094
2014-04-29,0.0937,0.0949,0.0937,0.0942
2014-04-30,0.0942,0.0952,0.0942,0.0945
2014-05-01,0.0945,0.0954,0.0945,0.0948
2014-05-02,0.0948,0.0957,0.0946,0.0949
2014-05-05,0.0951,0.0957,0.0948,0.0948
2014-05-06,0.0944,0.0955,0.0944,0.0947
2014-05-07,0.0948,0.0956,0.0948,0.0951
2014-05-08,0.0951,0.0969,0.0951,0.0967
2014-05-09,0.0962,0.0968,0.0962,0.0962
2014-05-12,0.0962,0.0967,0.0962,0.0964
2014-05-13,0.0961,0.0973,0.0961,0.0965
2014-05-14,0.0965,0.0973,0.0965,0.0966
2014-05-15,0.0966,0.0971,0.0959,0.0959
2014-05-16,0.0957,0.0966,0.0957,0.096
2014-05-19,0.096,0.0967,0.0958,0.096
2014-05-20,0.096,0.0965,0.0953,0.0953
2014-05-21,0.0952,0.0965,0.0952,0.0964
2014-05-22,0.096,0.0969,0.096,0.0962
2014-05-23,0.0963,0.0971,0.0963,0.0966
2014-05-26,0.0969,0.0969,0.0961,0.0961
2014-05-27,0.0961,0.0967,0.0955,0.0956
2014-05-28,0.0952,0.0957,0.0951,0.0956
2014-05-29,0.0951,0.0962,0.0951,0.0959
2014-05-30,0.0955,0.096,0.0941,0.0941
2014-06-02,0.0941,0.0947,0.0935,0.0935
2014-06-03,0.0931,0.094,0.0923,0.0923
2014-06-04,0.0924,0.0933,0.0924,0.0924
2014-06-05,0.0924,0.0941,0.0924,0.093
2014-06-06,0.093,0.0946,0.093,0.094
2014-06-09,0.094,0.0947,0.0939,0.0939
2014-06-10,0.0935,0.0941,0.0931,0.0932
2014-06-11,0.0929,0.0935,0.0927,0.0929
2014-06-12,0.0925,0.0938,0.0925,0.0936
2014-06-13,0.0932,0.0936,0.0926,0.0933
2014-06-16,0.0933,0.0936,0.0929,0.093
2014-06-17,0.0925,0.0932,0.0918,0.0918
2014-06-18,0.0917,0.0939,0.0917,0.0933
2014-06-19,0.0933,0.0942,0.0929,0.0929
2014-06-20,0.0925,0.0938,0.0925,0.0933
2014-06-23,0.0933,0.0947,0.0933,0.0939
2014-06-24,0.0939,0.0949,0.0938,0.0938
2014-06-25,0.0935,0.0948,0.0935,0.0939
2014-06-26,0.0939,0.0946,0.0937,0.0939
2014-06-27,0.0935,0.0944,0.0935,0.0939
2014-06-30,0.0939,0.0945,0.0935,0.0935
2014-07-01,0.0935,0.0942,0.0932,0.0932
2014-07-02,0.0933,0.0937,0.0924,0.0924
2014-07-03,0.0924,0.0931,0.0923,0.0925
2014-07-04,0.0925,0.0933,0.0925,0.0925
2014-07-07,0.0925,0.0929,0.0923,0.0923
2014-07-08,0.0923,0.0936,0.0923,0.0936
2014-07-09,0.0931,0.0938,0.0931,0.0936
2014-07-10,0.0932,0.0937,0.0929,0.0929
2014-07-11,0.0929,0.0935,0.0929,0.093
2014-07-14,0.093,0.0936,0.093,0.0932
2014-07-15,0.0932,0.094,0.0929,0.0929
2014-07-16,0.0929,0.0937,0.0929,0.0931
2014-07-17,0.0931,0.0939,0.0929,0.0929
2014-07-18,0.0925,0.0939,0.0925,0.0934
2014-07-21,0.0934,0.0943,0.0934,0.0938
2014-07-22,0.0938,0.0946,0.0938,0.0941
2014-07-23,0.0941,0.0953,0.0941,0.0946
2014-07-24,0.0946,0.0955,0.0946,0.0948
2014-07-25,0.0945,0.0953,0.0945,0.0946
2014-07-28,0.0946,0.0953,0.0942,0.0942
2014-07-29,0.0942,0.0946,0.0942,0.0942
2014-07-30,0.0938,0.0945,0.0934,0.0934
2014-07-31,0.0934,0.0937,0.0929,0.0929
2014-08-01,0.0929,0.094,0.0929,0.0931
2014-08-04,0.0931,0.0939,0.0931,0.0934
2014-08-05,0.0934,0.0941,0.0929,0.0929
2014-08-06,0.0925,0.0935,0.0925,0.0933
2014-08-07,0.0929,0.0935,0.0927,0.0928
2014-08-08,0.0924,0.0938,0.0924,0.0934
2014-08-11,0.0934,0.0941,0.0934,0.0936
2014-08-12,0.0936,0.0942,0.0936,0.0936
2014-08-13,0.0936,0.0941,0.0936,0.0941
2014-08-14,0.0941,0.0948,0.0941,0.0947
2014-08-15,0.0943,0.0949,0.0939,0.0939
2014-08-18,0.0939,0.0945,0.0938,0.0938
2014-08-19,0.0938,0.0943,0.0938,0.0939
2014-08-20,0.0934,0.0939,0.0926,0.0926
2014-08-21,0.0926,0.0938,0.0926,0.0929
2014-08-22,0.0929,0.0936,0.0929,0.0931
2014-08-25,0.0931,0.0935,0.0931,0.0933
2014-08-26,0.0928,0.0937,0.0928,0.0935
2014-08-27,0.0931,0.0943,0.0931,0.0941
2014-08-28,0.0937,0.0943,0.0936,0.0936
2014-08-29,0.0936,0.0944,0.0932,0.0932
2014-09-01,0.0932,0.0939,0.0932,0.0932
2014-09-02,0.0932,0.0936,0.0931,0.0931
2014-09-03,0.0926,0.0937,0.0926,0.0936
2014-09-04,0.0931,0.0943,0.0931,0.0931
2014-09-05,0.0926,0.0937,0.0926,0.093
2014-09-08,0.093,0.0934,0.0924,0.0924
2014-09-09,0.092,0.0925,0.0911,0.0911
2014-09-10,0.0911,0.0916,0.0908,0.0909
2014-09-11,0.091,0.0917,0.0907,0.0907
2014-09-12,0.0907,0.0913,0.0902,0.0902
2014-09-15,0.0902,0.0913,0.0902,0.0911
2014-09-16,0.0907,0.0919,0.0907,0.0912
2014-09-17,0.0912,0.0917,0.0905,0.0905
2014-09-18,0.0901,0.0911,0.0901,0.0902
2014-09-19,0.0898,0.091,0.0898,0.0898
2014-09-22,0.0897,0.0905,0.089,0.089
2014-09-23,0.089,0.0902,0.089,0.0891
2014-09-24,0.089,0.09,0.089,0.0893
2014-09-25,0.0893,0.0898,0.0891,0.0892
2014-09-26,0.0887,0.0896,0.0886,0.0886
2014-09-29,0.0886,0.0891,0.0884,0.0887
2014-09-30,0.0882,0.089,0.0881,0.0881
2014-10-01,0.0881,0.0889,0.0881,0.0882
2014-10-02,0.0882,0.0895,0.0882,0.0889
2014-10-03,0.0889,0.0894,0.0876,0.0876
2014-10-06,0.0876,0.0892,0.0876,0.0887
2014-10-07,0.0887,0.0896,0.0887,0.0888
2014-10-08,0.0888,0.0907,0.0888,0.0903
2014-10-09,0.0899,0.0912,0.0898,0.0898
2014-10-10,0.0898,0.0904,0.0894,0.0894
2014-10-13,0.0894,0.0908,0.0894,0.0901
2014-10-14,0.0901,0.0907,0.0899,0.09
2014-10-15,0.09,0.0911,0.0895,0.0898
2014-10-16,0.0898,0.0904,0.0894,0.0895
2014-10-17,0.0895,0.0904,0.0895,0.0898
2014-10-20,0.0898,0.0907,0.0898,0.0906
2014-10-21,0.0902,0.0912,0.0901,0.0901
2014-10-22,0.0901,0.0911,0.0901,0.0904
2014-10-23,0.0904,0.0915,0.0904,0.0906
2014-10-24,0.0906,0.0915,0.0906,0.091
2014-10-27,0.091,0.0915,0.091,0.0913
2014-10-28,0.0908,0.0922,0.0908,0.0917
2014-10-29,0.0917,0.0923,0.0912,0.0913
2014-10-30,0.0909,0.0921,0.0909,0.092
2014-10-31,0.0915,0.0923,0.0899,0.0899
2014-11-03,0.0902,0.0908,0.0902,0.0902
2014-11-04,0.0898,0.0907,0.0898,0.0905
2014-11-05,0.0901,0.0906,0.0895,0.0896
2014-11-06,0.0892,0.0899,0.0887,0.0887
2014-11-07,0.0883,0.0891,0.0881,0.0887
2014-11-10,0.0882,0.0895,0.0882,0.0886
2014-11-11,0.0882,0.0892,0.0882,0.089
2014-11-12,0.0886,0.0896,0.0886,0.0893
2014-11-13,0.0889,0.0895,0.0889,0.0891
2014-11-14,0.0887,0.0903,0.0887,0.09
2014-11-17,0.0897,0.0904,0.0897,0.0897
2014-11-18,0.0893,0.0909,0.0893,0.0901
2014-11-19,0.0901,0.0908,0.0901,0.0903
2014-11-20,0.0899,0.0914,0.0899,0.0907
2014-11-21,0.0907,0.0916,0.0907,0.0913
2014-11-24,0.0909,0.0915,0.0902,0.0902
2014-11-25,0.0902,0.0914,0.0902,0.0911
2014-11-26,0.0907,0.0913,0.0907,0.0907
2014-11-27,0.0908,0.0914,0.0908,0.091
2014-11-28,0.0906,0.091,0.09,0.09
2014-12-01,0.0899,0.0912,0.0897,0.0909
2014-12-02,0.0905,0.091,0.0898,0.0898
2014-12-03,0.0894,0.09,0.089,0.089
2014-12-04,0.0886,0.0896,0.0886,0.0893
2014-12-05,0.0888,0.0893,0.0878,0.0878
2014-12-08,0.0876,0.0881,0.0864,0.0866
2014-12-09,0.0861,0.0877,0.0861,0.0872
2014-12-10,0.0868,0.0875,0.0862,0.0866
2014-12-11,0.0862,0.0871,0.0858,0.0859
2014-12-12,0.0855,0.0863,0.0854,0.0858
2014-12-15,0.0858,0.0867,0.0847,0.0849
2014-12-16,0.0845,0.0863,0.0845,0.0857
2014-12-17,0.0853,0.0873,0.0851,0.0856
2014-12-18,0.0855,0.087,0.0855,0.0863
2014-12-19,0.0859,0.0866,0.0858,0.0861
2014-12-22,0.0859,0.0867,0.0859,0.0863
2014-12-23,0.0859,0.0864,0.0857,0.0857
2014-12-24,0.0853,0.0859,0.0853,0.0854
2014-12-25,0.0854,0.0859,0.0854,0.0856
2014-12-26,0.0855,0.0863,0.0855,0.0859
2014-12-29,0.0857,0.0862,0.0857,0.0859
2014-12-30,0.0856,0.0865,0.0856,0.0864
2014-12-31,0.086,0.0866,0.086,0.0862
2015-01-01,0.0859,0.0865,0.0859,0.0865
2015-01-02,0.0861,0.0864,0.0851,0.0851
2015-01-05,0.0851,0.0856,0.0851,0.0853
2015-01-06,0.0849,0.0857,0.0849,0.0853
2015-01-07,0.0849,0.0856,0.0849,0.0855
2015-01-08,0.0851,0.0865,0.0851,0.0862
2015-01-09,0.0858,0.0871,0.0858,0.0865
2015-01-12,0.0865,0.0871,0.0865,0.0867
2015-01-13,0.0862,0.0871,0.0862,0.0866
2015-01-14,0.0862,0.0875,0.0861,0.0873
2015-01-15,0.0869,0.0875,0.0864,0.0864
2015-01-16,0.086,0.0868,0.086,0.0865
2015-01-19,0.086,0.0866,0.0854,0.0854
2015-01-20,0.0854,0.0864,0.0854,0.0862
2015-01-21,0.0858,0.0871,0.0858,0.0868
2015-01-22,0.0864,0.088,0.0864,0.0872
2015-01-23,0.0872,0.0879,0.0872,0.0872
2015-01-26,0.0871,0.0876,0.0871,0.0872
2015-01-27,0.0868,0.0873,0.0862,0.0862
2015-01-28,0.0858,0.0869,0.0858,0.0859
2015-01-29,0.0863,0.0868,0.0858,0.0864
2015-01-30,0.0861,0.0867,0.0857,0.0858
2015-02-02,0.0853,0.087,0.0853,0.0869
2015-02-03,0.0865,0.0879,0.0865,0.0878
2015-02-04,0.0874,0.0879,0.087,0.087
2015-02-05,0.0866,0.0888,0.0866,0.0882
2015-02-06,0.0882,0.0886,0.0864,0.0864
2015-02-09,0.0864,0.087,0.0858,0.0858
2015-02-10,0.0858,0.0865,0.0854,0.0855
2015-02-11,0.0851,0.0857,0.0841,0.0845
2015-02-12,0.0841,0.0855,0.0841,0.0853
2015-02-13,0.0849,0.086,0.0849,0.0852
2015-02-16,0.0853,0.086,0.0853,0.0853
2015-02-17,0.0853,0.0863,0.0853,0.0856
2015-02-18,0.0852,0.0863,0.0852,0.0861
2015-02-19,0.0857,0.0866,0.0856,0.0856
2015-02-20,0.0851,0.0861,0.0851,0.0855
2015-02-23,0.0853,0.0861,0.0852,0.0858
2015-02-24,0.0854,0.0872,0.0854,0.087
2015-02-25,0.0866,0.0876,0.0866,0.0868
2015-02-26,0.0868,0.088,0.0866,0.0866
2015-02-27,0.0862,0.0869,0.0853,0.0853
2015-03-02,0.0853,0.0858,0.0849,0.0849
2015-03-03,0.0845,0.0854,0.0845,0.085
2015-03-04,0.0846,0.0851,0.0844,0.0846
2015-03-05,0.0843,0.0852,0.0842,0.0843
2015-03-06,0.0839,0.0849,0.0827,0.0829
2015-03-09,0.0825,0.0832,0.0825,0.0825
2015-03-10,0.0821,0.0826,0.0804,0.0804
2015-03-11,0.0804,0.0817,0.0804,0.0815
2015-03-12,0.0811,0.0823,0.0808,0.0808
2015-03-13,0.0808,0.0815,0.0796,0.0796
2015-03-16,0.0796,0.0808,0.0796,0.0806
2015-03-17,0.0802,0.0809,0.0802,0.0805
2015-03-18,0.0805,0.0835,0.0805,0.0827
2015-03-19,0.0823,0.083,0.0808,0.0808
2015-03-20,0.0808,0.0832,0.0808,0.0827
2015-03-23,0.0827,0.0841,0.0825,0.0835
2015-03-24,0.0835,0.0849,0.0835,0.0847
2015-03-25,0.0842,0.085,0.0839,0.0839
2015-03-26,0.0839,0.0844,0.0829,0.0829
2015-03-27,0.0829,0.0836,0.0825,0.0825
2015-03-30,0.0825,0.0831,0.0818,0.0818
2015-03-31,0.0819,0.0825,0.0818,0.0823
2015-04-01,0.0819,0.0836,0.0819,0.0832
2015-04-02,0.0829,0.0838,0.0829,0.0832
2015-04-03,0.0832,0.0851,0.0832,0.0843
2015-04-06,0.0843,0.0855,0.0841,0.0841
2015-04-07,0.0841,0.0849,0.0841,0.0841
2015-04-08,0.0838,0.0849,0.0838,0.0841
2015-04-09,0.0841,0.0849,0.0836,0.0836
2015-04-10,0.0832,0.0838,0.0829,0.0829
2015-04-13,0.0829,0.0833,0.0819,0.0819
2015-04-14,0.0818,0.0836,0.0818,0.0832
2015-04-15,0.0828,0.0832,0.082,0.0824
2015-04-16,0.0824,0.0837,0.0824,0.0832
2015-04-17,0.0832,0.0842,0.0824,0.0824
2015-04-20,0.0824,0.0834,0.0818,0.0818
2015-04-21,0.0818,0.0827,0.0818,0.0824
2015-04-22,0.082,0.0828,0.0813,0.0813
2015-04-23,0.0813,0.0824,0.0813,0.0818
2015-04-24,0.0818,0.0826,0.0818,0.0821
2015-04-27,0.0821,0.0836,0.0821,0.0828
2015-04-28,0.0828,0.0847,0.0828,0.0838
2015-04-29,0.0838,0.0853,0.0838,0.0846
2015-04-30,0.0843,0.0848,0.0835,0.0838
2015-05-01,0.0835,0.0842,0.0824,0.0824
2015-05-04,0.0824,0.0832,0.0824,0.0824
2015-05-05,0.0824,0.0837,0.0824,0.083
2015-05-06,0.083,0.0839,0.0829,0.0831
2015-05-07,0.0827,0.0834,0.0825,0.0831
2015-05-08,0.0827,0.0839,0.0827,0.0834
2015-05-11,0.0834,0.0839,0.0823,0.0823
2015-05-12,0.0823,0.083,0.0823,0.0828
2015-05-13,0.0824,0.0844,0.0824,0.0836
2015-05-14,0.0836,0.0848,0.0836,0.0842
2015-05-15,0.0842,0.085,0.0842,0.0843
2015-05-18,0.0844,0.0848,0.0836,0.0836
2015-05-19,0.0837,0.0844,0.0837,0.0838
2015-05-20,0.0835,0.0846,0.0835,0.0839
2015-05-21,0.0839,0.0852,0.0839,0.0839
2015-05-22,0.0839,0.0849,0.0836,0.0836
2015-05-25,0.0836,0.084,0.0833,0.0833
2015-05-26,0.0833,0.0838,0.0827,0.0827
2015-05-27,0.0823,0.0831,0.0823,0.0826
2015-05-28,0.0826,0.0832,0.0819,0.0819
2015-05-29,0.0819,0.0825,0.0819,0.0819
2015-06-01,0.0819,0.0822,0.0811,0.0811
2015-06-02,0.0811,0.082,0.0811,0.0815
2015-06-03,0.0815,0.082,0.0808,0.0808
2015-06-04,0.0808,0.0813,0.0803,0.0803
2015-06-05,0.0803,0.0808,0.0791,0.0791
2015-06-08,0.0791,0.0801,0.0791,0.0796
2015-06-09,0.0796,0.0806,0.0796,0.08
2015-06-10,0.08,0.0813,0.08,0.0812
2015-06-11,0.0807,0.0812,0.0802,0.0807
2015-06-12,0.0803,0.0809,0.0803,0.0803
2015-06-15,0.0803,0.0809,0.0801,0.0801
2015-06-16,0.0801,0.0808,0.0801,0.0803
2015-06-17,0.0804,0.0816,0.0804,0.081
2015-06-18,0.081,0.0823,0.081,0.0812
2015-06-19,0.0812,0.0823,0.0812,0.0818
2015-06-22,0.0818,0.0827,0.0818,0.0821
2015-06-23,0.0821,0.0826,0.0817,0.0817
2015-06-24,0.0816,0.0825,0.0816,0.0818
2015-06-25,0.0818,0.0829,0.0818,0.0824
2015-06-26,0.082,0.0826,0.0815,0.0815
2015-06-29,0.0815,0.0819,0.0806,0.0813
2015-06-30,0.0813,0.0825,0.0813,0.0821
2015-07-01,0.0817,0.0823,0.0815,0.0815
2015-07-02,0.0811,0.0817,0.081,0.0816
2015-07-03,0.0811,0.0816,0.0807,0.0807
2015-07-06,0.0809,0.081,0.0803,0.0806
2015-07-07,0.0803,0.0807,0.0798,0.0801
2015-07-08,0.0797,0.0803,0.079,0.079
2015-07-09,0.079,0.0803,0.079,0.0795
2015-07-10,0.0795,0.0808,0.0795,0.0798
2015-07-13,0.0798,0.0807,0.0798,0.0799
2015-07-14,0.0798,0.0811,0.0798,0.0811
2015-07-15,0.0806,0.0811,0.0803,0.0805
2015-07-16,0.0801,0.0809,0.0801,0.0802
2015-07-17,0.0802,0.0812,0.0802,0.0804
2015-07-20,0.0804,0.0808,0.0799,0.0799
2015-07-21,0.0799,0.0811,0.0799,0.0811
2015-07-22,0.0806,0.0812,0.0801,0.0801
2015-07-23,0.0801,0.0807,0.0801,0.0802
2015-07-24,0.0798,0.0803,0.0789,0.0789
2015-07-27,0.079,0.0794,0.0789,0.0789
2015-07-28,0.0786,0.0798,0.0786,0.0791
2015-07-29,0.0791,0.0801,0.0791,0.0796
2015-07-30,0.0792,0.0796,0.0783,0.0783
2015-07-31,0.0783,0.0794,0.0783,0.0787
2015-08-03,0.0787,0.0789,0.0783,0.0783
2015-08-04,0.0783,0.0792,0.078,0.078
2015-08-05,0.078,0.0786,0.078,0.0781
2015-08-06,0.0777,0.0786,0.0777,0.0786
2015-08-07,0.0781,0.0793,0.0781,0.0787
2015-08-10,0.0787,0.0793,0.0785,0.0785
2015-08-11,0.0785,0.079,0.078,0.0781
2015-08-12,0.0777,0.0786,0.0777,0.0783
2015-08-13,0.0779,0.0786,0.0779,0.0781
2015-08-14,0.0777,0.0783,0.0775,0.0775
2015-08-17,0.0775,0.078,0.077,0.077
2015-08-18,0.077,0.0776,0.077,0.0774
2015-08-19,0.077,0.078,0.077,0.0775
2015-08-20,0.0771,0.0778,0.0769,0.0772
2015-08-21,0.0768,0.0775,0.0766,0.0766
2015-08-24,0.0766,0.0771,0.0733,0.0755
2015-08-25,0.0751,0.077,0.0751,0.0754
2015-08-26,0.0755,0.0766,0.0755,0.0757
2015-08-27,0.0757,0.0769,0.0757,0.0757
2015-08-28,0.0756,0.0762,0.0747,0.0747
2015-08-31,0.0747,0.0755,0.0747,0.0753
2015-09-01,0.0749,0.0755,0.0743,0.0744
2015-09-02,0.074,0.0746,0.0739,0.0739
2015-09-03,0.0738,0.0746,0.0733,0.0735
2015-09-04,0.0731,0.0737,0.0716,0.0716
2015-09-07,0.0716,0.0722,0.0711,0.0711
2015-09-08,0.0711,0.073,0.0711,0.0728
2015-09-09,0.0723,0.0737,0.072,0.072
2015-09-10,0.072,0.0737,0.0717,0.0729
2015-09-11,0.0728,0.0738,0.0728,0.0734
2015-09-14,0.0734,0.0741,0.0734,0.0736
2015-09-15,0.0736,0.0745,0.0736,0.0738
2015-09-16,0.0738,0.0753,0.0738,0.0752
2015-09-17,0.0749,0.0758,0.0747,0.0748
2015-09-18,0.0744,0.0759,0.0744,0.0749
2015-09-21,0.0745,0.0753,0.0737,0.0737
2015-09-22,0.0737,0.0745,0.0728,0.073
2015-09-23,0.0726,0.0733,0.0715,0.0715
2015-09-24,0.0715,0.0723,0.0711,0.0717
2015-09-25,0.0715,0.0728,0.0714,0.0714
2015-09-28,0.0718,0.0724,0.0705,0.0705
2015-09-29,0.0705,0.072,0.0705,0.071
2015-09-30,0.071,0.0724,0.071,0.072
2015-10-01,0.0718,0.0729,0.0713,0.0713
2015-10-02,0.0713,0.0728,0.0713,0.0723
2015-10-05,0.0723,0.0739,0.0723,0.073
2015-10-06,0.073,0.0739,0.0729,0.0737
2015-10-07,0.0734,0.0749,0.0734,0.0737
2015-10-08,0.0737,0.0751,0.0737,0.0747
2015-10-09,0.0747,0.0755,0.0744,0.0744
2015-10-12,0.0744,0.0754,0.0744,0.0745
2015-10-13,0.0745,0.0751,0.0738,0.0738
2015-10-14,0.0732,0.0756,0.0732,0.0752
2015-10-15,0.0752,0.0767,0.0752,0.0761
2015-10-16,0.076,0.0766,0.076,0.076
2015-10-19,0.076,0.0768,0.0747,0.0747
2015-10-20,0.0747,0.0758,0.0747,0.0751
2015-10-21,0.0747,0.0753,0.0739,0.0739
2015-10-22,0.0735,0.0746,0.0735,0.0741
2015-10-23,0.0741,0.075,0.0727,0.0727
2015-10-26,0.0728,0.0737,0.0728,0.0728
2015-10-27,0.0728,0.0734,0.0726,0.0726
2015-10-28,0.0726,0.0739,0.0724,0.0724
2015-10-29,0.0724,0.073,0.0719,0.0719
2015-10-30,0.0715,0.0726,0.0715,0.0718
2015-11-02,0.0718,0.0728,0.0718,0.0724
2015-11-03,0.072,0.0728,0.0719,0.0723
2015-11-04,0.0723,0.0728,0.0711,0.0711
2015-11-05,0.0711,0.0721,0.0711,0.0719
2015-11-06,0.0715,0.072,0.0702,0.0702
2015-11-09,0.0701,0.0706,0.0698,0.0698
2015-11-10,0.0694,0.0702,0.0694,0.07
2015-11-11,0.0696,0.0706,0.0696,0.0702
2015-11-12,0.0702,0.071,0.0697,0.0697
2015-11-13,0.0694,0.07,0.0692,0.0692
2015-11-16,0.069,0.0698,0.069,0.0693
2015-11-17,0.0694,0.0703,0.0694,0.0695
2015-11-18,0.0696,0.0706,0.0696,0.0705
2015-11-19,0.0701,0.0714,0.0701,0.0708
2015-11-20,0.0708,0.0719,0.0708,0.0715
2015-11-23,0.0711,0.0716,0.0705,0.0705
2015-11-24,0.0705,0.0715,0.0705,0.0711
2015-11-25,0.0708,0.0713,0.0706,0.0706
2015-11-26,0.0702,0.0707,0.0695,0.0695
2015-11-27,0.0695,0.07,0.0693,0.0693
2015-11-30,0.0689,0.0696,0.0687,0.0687
2015-12-01,0.0687,0.0696,0.0687,0.0692
2015-12-02,0.0688,0.0698,0.0688,0.0696
2015-12-03,0.0692,0.0701,0.0692,0.0695
2015-12-04,0.0691,0.07,0.0691,0.0695
2015-12-07,0.0691,0.0697,0.0687,0.0687
2015-12-08,0.0683,0.0689,0.0681,0.0684
2015-12-09,0.068,0.0689,0.0657,0.0666
2015-12-10,0.0663,0.0673,0.0641,0.0641
2015-12-11,0.0642,0.065,0.0625,0.0627
2015-12-14,0.0625,0.0666,0.0625,0.0657
2015-12-15,0.0657,0.0673,0.0657,0.0668
2015-12-16,0.0665,0.0675,0.0663,0.0664
2015-12-17,0.0664,0.0672,0.0655,0.0655
2015-12-18,0.0652,0.0667,0.0652,0.0659
2015-12-21,0.0658,0.0667,0.0657,0.0657
2015-12-22,0.0657,0.0663,0.0655,0.0655
2015-12-23,0.0655,0.066,0.0652,0.0652
2015-12-24,0.0652,0.0659,0.0651,0.0651
2015-12-25,0.065,0.0655,0.0649,0.0649
2015-12-28,0.0649,0.0659,0.0648,0.0648
2015-12-29,0.0648,0.0655,0.0648,0.0649
2015-12-30,0.0648,0.0653,0.0641,0.0641
2015-12-31,0.0637,0.0647,0.0637,0.0645
2016-01-01,0.0641,0.0641,0.0641,0.0641
2016-01-04,0.0641,0.0646,0.0638,0.0641
2016-01-05,0.0637,0.0644,0.0637,0.0639
2016-01-06,0.0635,0.0639,0.0625,0.0625
2016-01-07,0.0626,0.063,0.0618,0.0619
2016-01-08,0.0618,0.0627,0.0612,0.0612
2016-01-11,0.061,0.0612,0.0563,0.0591
2016-01-12,0.0591,0.0607,0.059,0.0595
2016-01-13,0.0595,0.0611,0.0595,0.0603
2016-01-14,0.0599,0.061,0.0599,0.0603
2016-01-15,0.0603,0.0608,0.0593,0.0593
2016-01-18,0.059,0.0599,0.0588,0.0588
2016-01-19,0.0588,0.0603,0.0588,0.0595
2016-01-20,0.059,0.0598,0.059,0.0595
2016-01-21,0.0592,0.0606,0.0592,0.0603
2016-01-22,0.0599,0.0609,0.0599,0.0605
2016-01-25,0.0602,0.0609,0.0602,0.0604
2016-01-26,0.06,0.0611,0.06,0.0609
2016-01-27,0.0605,0.0612,0.0605,0.0606
2016-01-28,0.0604,0.0619,0.0604,0.0615
2016-01-29,0.0613,0.063,0.0613,0.0628
2016-02-01,0.0624,0.063,0.0621,0.0628
2016-02-02,0.0624,0.0628,0.0615,0.0615
2016-02-03,0.0611,0.0627,0.061,0.0627
2016-02-04,0.0623,0.0634,0.0623,0.0626
2016-02-05,0.0626,0.0632,0.0619,0.0619
2016-02-08,0.0619,0.0629,0.0617,0.0619
2016-02-09,0.0615,0.0626,0.0615,0.0621
2016-02-10,0.0617,0.0634,0.0617,0.0629
2016-02-11,0.0625,0.0638,0.0624,0.0629
2016-02-12,0.0625,0.0635,0.0625,0.0628
2016-02-15,0.0625,0.0636,0.0625,0.0631
2016-02-16,0.0631,0.0636,0.0628,0.0628
2016-02-17,0.0628,0.0647,0.0628,0.0646
2016-02-18,0.0642,0.0655,0.0642,0.0648
2016-02-19,0.0644,0.065,0.0643,0.0643
2016-02-22,0.0645,0.0659,0.0645,0.0653
2016-02-23,0.0653,0.0664,0.0651,0.0651
2016-02-24,0.0651,0.0657,0.0635,0.0641
2016-02-25,0.064,0.0644,0.0635,0.0638
2016-02-26,0.0636,0.0644,0.0613,0.0613
2016-02-29,0.0614,0.0635,0.0614,0.0625
2016-03-01,0.0625,0.0643,0.0625,0.0636
2016-03-02,0.0636,0.0643,0.0636,0.0642
2016-03-03,0.0638,0.0644,0.0636,0.0636
2016-03-04,0.0634,0.0655,0.0634,0.065
2016-03-07,0.0647,0.0656,0.0647,0.0654
2016-03-08,0.0651,0.0655,0.0647,0.0647
2016-03-09,0.0643,0.066,0.0643,0.0656
2016-03-10,0.0652,0.0665,0.0647,0.0648
2016-03-11,0.0644,0.066,0.0644,0.0655
2016-03-14,0.0652,0.0657,0.0639,0.0639
2016-03-15,0.0639,0.0644,0.0623,0.0623
2016-03-16,0.0623,0.0639,0.0616,0.0634
2016-03-17,0.0634,0.0663,0.0634,0.0654
2016-03-18,0.0654,0.0659,0.065,0.065
2016-03-21,0.065,0.066,0.0649,0.0653
2016-03-22,0.0653,0.0658,0.0651,0.0655
2016-03-23,0.0652,0.0657,0.0647,0.0647
2016-03-24,0.0647,0.0651,0.0642,0.0642
2016-03-25,0.064,0.0648,0.064,0.0643
2016-03-28,0.0643,0.0649,0.064,0.0642
2016-03-29,0.0642,0.0661,0.0642,0.0654
2016-03-30,0.0654,0.0674,0.0654,0.0665
2016-03-31,0.0665,0.0683,0.0665,0.0678
2016-04-01,0.0675,0.0684,0.0669,0.0676
2016-04-04,0.0676,0.0683,0.0672,0.0672
2016-04-05,0.0672,0.0675,0.0657,0.0657
2016-04-06,0.0657,0.0667,0.0654,0.066
2016-04-07,0.0658,0.0666,0.065,0.065
2016-04-08,0.065,0.067,0.065,0.0663
2016-04-11,0.0666,0.0683,0.0666,0.0677
2016-04-12,0.0674,0.0683,0.0674,0.0675
2016-04-13,0.0675,0.0689,0.0675,0.0686
2016-04-14,0.0683,0.0692,0.068,0.0682
2016-04-15,0.0682,0.069,0.0681,0.0681
2016-04-18,0.0681,0.0691,0.0679,0.069
2016-04-19,0.0686,0.0704,0.0686,0.07
2016-04-20,0.0696,0.0705,0.0696,0.0698
2016-04-21,0.0699,0.0705,0.0694,0.0694
2016-04-22,0.0694,0.07,0.0689,0.0689
2016-04-25,0.0689,0.0695,0.0687,0.0687
2016-04-26,0.0687,0.0696,0.0687,0.0692
2016-04-27,0.069,0.0695,0.0686,0.0689
2016-04-28,0.0688,0.0702,0.0688,0.0699
2016-04-29,0.0695,0.0708,0.0695,0.0698
2016-05-02,0.0697,0.0705,0.0697,0.07
2016-05-03,0.0696,0.0703,0.0678,0.0678
2016-05-04,0.0678,0.0683,0.0664,0.0666
2016-05-05,0.0662,0.0676,0.066,0.0663
2016-05-06,0.0663,0.0673,0.0661,0.0665
2016-05-09,0.0665,0.0678,0.0655,0.0655
2016-05-10,0.0655,0.0662,0.0651,0.0656
2016-05-11,0.0656,0.0666,0.0654,0.0659
2016-05-12,0.0659,0.0671,0.0659,0.0662
2016-05-13,0.0662,0.0664,0.0644,0.0644
2016-05-16,0.0645,0.065,0.0636,0.0637
2016-05-17,0.0633,0.0645,0.0633,0.064
2016-05-18,0.0636,0.064,0.0625,0.0625
2016-05-19,0.0625,0.0635,0.0625,0.0628
2016-05-20,0.0628,0.064,0.0628,0.0632
2016-05-23,0.0632,0.0644,0.0631,0.0631
2016-05-24,0.0631,0.064,0.0631,0.0633
2016-05-25,0.0633,0.0645,0.0633,0.0638
2016-05-26,0.0634,0.0645,0.0634,0.0642
2016-05-27,0.0638,0.0645,0.0634,0.0634
2016-05-30,0.0634,0.0637,0.0627,0.0627
2016-05-31,0.0627,0.0638,0.0627,0.0631
2016-06-01,0.0631,0.0643,0.0631,0.0636
2016-06-02,0.0635,0.0644,0.0635,0.0642
2016-06-03,0.0637,0.0663,0.0637,0.0658
2016-06-06,0.0658,0.0671,0.0658,0.0666
2016-06-07,0.0666,0.0675,0.0665,0.0665
2016-06-08,0.0665,0.0682,0.0665,0.0673
2016-06-09,0.0676,0.0678,0.0669,0.0669
2016-06-10,0.0669,0.0674,0.0651,0.0651
2016-06-13,0.0652,0.0665,0.0652,0.0658
2016-06-14,0.0654,0.066,0.0647,0.0647
2016-06-15,0.0647,0.0658,0.0647,0.0651
2016-06-16,0.0651,0.0658,0.0644,0.0647
2016-06-17,0.0647,0.0661,0.0647,0.0656
2016-06-20,0.0656,0.0676,0.0656,0.0668
2016-06-21,0.0668,0.0683,0.0668,0.0674
2016-06-22,0.0674,0.0686,0.0674,0.0685
2016-06-23,0.0681,0.0697,0.0681,0.0696
2016-06-24,0.0693,0.0697,0.064,0.0658
2016-06-27,0.0658,0.0663,0.0643,0.0643
2016-06-28,0.0643,0.0661,0.0643,0.0654
2016-06-29,0.0654,0.0676,0.0654,0.0671
2016-06-30,0.0671,0.0684,0.0668,0.0674
2016-07-01,0.0674,0.0689,0.0674,0.0682
2016-07-04,0.0682,0.0691,0.0682,0.0686
2016-07-05,0.0682,0.0686,0.0673,0.0673
2016-07-06,0.0673,0.0679,0.0669,0.0674
2016-07-07,0.0674,0.0685,0.0674,0.0674
2016-07-08,0.0673,0.0689,0.0673,0.0686
2016-07-11,0.0686,0.0693,0.0682,0.0688
2016-07-12,0.0687,0.07,0.0687,0.0693
2016-07-13,0.0693,0.0699,0.069,0.069
2016-07-14,0.0685,0.0705,0.0685,0.0701
2016-07-15,0.07,0.0703,0.0681,0.0681
2016-07-18,0.0681,0.0702,0.0681,0.0701
2016-07-19,0.0697,0.0702,0.0692,0.0692
2016-07-20,0.0692,0.0701,0.0692,0.0693
2016-07-21,0.0693,0.0706,0.0693,0.0698
2016-07-22,0.0698,0.0705,0.0691,0.0691
2016-07-25,0.0691,0.07,0.0691,0.0692
2016-07-26,0.0691,0.0701,0.0691,0.0695
2016-07-27,0.0691,0.0703,0.0691,0.0696
2016-07-28,0.0696,0.0707,0.0696,0.0705
2016-07-29,0.0701,0.0723,0.0701,0.0716
2016-08-01,0.0714,0.0725,0.0714,0.0714
2016-08-02,0.0714,0.0719,0.071,0.071
2016-08-03,0.071,0.0719,0.071,0.0713
2016-08-04,0.0713,0.0731,0.0713,0.0727
2016-08-05,0.0724,0.0733,0.0723,0.0727
2016-08-08,0.0722,0.0736,0.0722,0.0734
2016-08-09,0.0731,0.0746,0.0731,0.074
2016-08-10,0.074,0.0757,0.074,0.0749
2016-08-11,0.0747,0.0754,0.0741,0.0741
2016-08-12,0.0741,0.075,0.0735,0.0735
2016-08-15,0.0737,0.0754,0.0737,0.0747
2016-08-16,0.0747,0.0756,0.074,0.074
2016-08-17,0.074,0.0748,0.0739,0.0745
2016-08-18,0.0742,0.0754,0.0742,0.0743
2016-08-19,0.0743,0.0748,0.0736,0.0736
2016-08-22,0.0736,0.0742,0.0732,0.0732
2016-08-23,0.0732,0.0744,0.0709,0.0709
2016-08-24,0.0709,0.0719,0.0701,0.0704
2016-08-25,0.07,0.0716,0.0699,0.0699
2016-08-26,0.0697,0.0715,0.0696,0.0699
2016-08-29,0.069,0.0699,0.0688,0.0689
2016-08-30,0.0689,0.0697,0.0687,0.0687
2016-08-31,0.0684,0.0694,0.0674,0.0674
2016-09-01,0.0674,0.0686,0.0674,0.0684
2016-09-02,0.068,0.0696,0.068,0.0683
2016-09-05,0.0683,0.0697,0.0683,0.0694
2016-09-06,0.069,0.0715,0.069,0.071
2016-09-07,0.071,0.0718,0.0709,0.0709
2016-09-08,0.0709,0.0722,0.0706,0.0707
2016-09-09,0.0702,0.0708,0.069,0.069
2016-09-12,0.069,0.0702,0.0686,0.0697
2016-09-13,0.0697,0.0702,0.0688,0.0688
2016-09-14,0.0688,0.0702,0.0688,0.0693
2016-09-15,0.0693,0.0708,0.0693,0.0697
2016-09-16,0.0697,0.0708,0.0697,0.07
2016-09-19,0.0697,0.0716,0.0697,0.0713
2016-09-20,0.0709,0.0722,0.0709,0.0714
2016-09-21,0.0714,0.0737,0.0714,0.0731
2016-09-22,0.0731,0.0747,0.0728,0.0728
2016-09-23,0.0728,0.0738,0.0727,0.0727
2016-09-26,0.0727,0.0738,0.0726,0.0728
2016-09-27,0.0724,0.0744,0.0724,0.0738
2016-09-28,0.0738,0.0746,0.0729,0.0729
2016-09-29,0.0729,0.0735,0.0715,0.0716
2016-09-30,0.0714,0.0729,0.0712,0.0724
2016-10-03,0.0715,0.0737,0.0715,0.073
2016-10-04,0.073,0.0736,0.0718,0.0718
2016-10-05,0.0718,0.073,0.0718,0.0724
2016-10-06,0.0723,0.0728,0.0716,0.0716
2016-10-07,0.0716,0.0728,0.0714,0.0714
2016-10-10,0.0714,0.0727,0.0714,0.072
2016-10-11,0.072,0.0724,0.0691,0.0691
2016-10-12,0.0691,0.0712,0.069,0.0697
2016-10-13,0.0697,0.0708,0.0695,0.0696
2016-10-14,0.0696,0.071,0.0696,0.0696
2016-10-17,0.0696,0.0708,0.0696,0.0706
2016-10-18,0.0701,0.0721,0.0701,0.072
2016-10-19,0.0716,0.0723,0.0716,0.0718
2016-10-20,0.0718,0.0722,0.0712,0.0712
2016-10-21,0.0712,0.0719,0.0708,0.0708
2016-10-24,0.0708,0.0722,0.0708,0.0717
2016-10-25,0.0714,0.0727,0.0714,0.0722
2016-10-26,0.0722,0.073,0.0718,0.0719
2016-10-27,0.0715,0.0723,0.0715,0.0716
2016-10-28,0.0716,0.0724,0.0716,0.0719
2016-10-31,0.0719,0.0742,0.0719,0.0737
2016-11-01,0.0737,0.0742,0.0731,0.0731
2016-11-02,0.073,0.075,0.073,0.0738
2016-11-03,0.0738,0.0747,0.0738,0.0739
2016-11-04,0.0739,0.0743,0.073,0.073
2016-11-07,0.0729,0.075,0.0729,0.0747
2016-11-08,0.0743,0.0758,0.0743,0.0758
2016-11-09,0.0753,0.0758,0.0724,0.0742
2016-11-10,0.0739,0.075,0.0705,0.0705
2016-11-11,0.0703,0.0715,0.0692,0.0692
2016-11-14,0.0694,0.07,0.069,0.0691
2016-11-15,0.0688,0.0708,0.0688,0.07
2016-11-16,0.07,0.0707,0.0696,0.0697
2016-11-17,0.0694,0.0702,0.0688,0.0688
2016-11-18,0.0688,0.0697,0.0683,0.0689
2016-11-21,0.0686,0.0705,0.0686,0.07
2016-11-22,0.0697,0.0713,0.0697,0.0709
2016-11-23,0.0705,0.0713,0.07,0.0705
2016-11-24,0.0701,0.0709,0.0701,0.0704
2016-11-25,0.0702,0.0712,0.0702,0.0706
2016-11-28,0.0704,0.0729,0.0704,0.0727
2016-11-29,0.0723,0.0728,0.0711,0.0715
2016-11-30,0.0715,0.0721,0.0707,0.0708
2016-12-01,0.0707,0.0717,0.0707,0.0707
2016-12-02,0.0704,0.0725,0.0704,0.0723
2016-12-05,0.0719,0.0729,0.0717,0.0727
2016-12-06,0.0723,0.0736,0.0723,0.0732
2016-12-07,0.0728,0.0741,0.0728,0.0741
2016-12-08,0.0737,0.0742,0.0724,0.0731
2016-12-09,0.0727,0.0732,0.0723,0.0723
2016-12-12,0.072,0.0735,0.072,0.0733
2016-12-13,0.073,0.0738,0.0727,0.0733
2016-12-14,0.0729,0.0735,0.0715,0.0715
2016-12-15,0.0713,0.0717,0.0706,0.0715
2016-12-16,0.0711,0.0719,0.0706,0.0706
2016-12-19,0.0708,0.0716,0.0706,0.0706
2016-12-20,0.0698,0.0718,0.0698,0.0713
2016-12-21,0.071,0.0718,0.071,0.0713
2016-12-22,0.0709,0.0718,0.0709,0.071
2016-12-23,0.0707,0.0717,0.0707,0.0709
2016-12-26,0.071,0.0714,0.0709,0.0709
2016-12-27,0.0709,0.072,0.0709,0.0713
2016-12-28,0.0714,0.0722,0.0714,0.072
2016-12-29,0.0717,0.0735,0.0717,0.0731
2016-12-30,0.073,0.0737,0.0724,0.0724
2017-01-02,0.0723,0.0728,0.0723,0.0724
2017-01-03,0.0723,0.073,0.0722,0.0722
2017-01-04,0.0718,0.0736,0.0718,0.0733
2017-01-05,0.0729,0.0741,0.0728,0.0731
2017-01-06,0.0731,0.0736,0.0723,0.0723
2017-01-09,0.0723,0.0733,0.0723,0.073
2017-01-10,0.0726,0.0735,0.0726,0.0727
2017-01-11,0.0723,0.0732,0.0716,0.0725
2017-01-12,0.0723,0.0745,0.0723,0.0739
2017-01-13,0.0735,0.0743,0.0735,0.0737
2017-01-16,0.0735,0.0739,0.0725,0.0725
2017-01-17,0.0726,0.0745,0.0726,0.0741
2017-01-18,0.0738,0.0742,0.0729,0.0729
2017-01-19,0.0728,0.0738,0.0728,0.0737
2017-01-20,0.0732,0.074,0.0732,0.0734
2017-01-23,0.0731,0.0741,0.0731,0.0737
2017-01-24,0.0736,0.0752,0.0736,0.0743
2017-01-25,0.0742,0.0755,0.0742,0.0755
2017-01-26,0.075,0.0757,0.0744,0.0744
2017-01-27,0.0744,0.075,0.0736,0.0738
2017-01-30,0.0738,0.0744,0.0731,0.0735
2017-01-31,0.0735,0.0748,0.0735,0.0741
2017-02-01,0.0737,0.0747,0.0737,0.0741
2017-02-02,0.0737,0.075,0.0737,0.0741
2017-02-03,0.0742,0.0756,0.0742,0.0752
2017-02-06,0.0748,0.0754,0.0746,0.0749
2017-02-07,0.0748,0.0751,0.0742,0.0742
2017-02-08,0.0738,0.0748,0.0738,0.0741
2017-02-09,0.0741,0.0748,0.0741,0.0744
2017-02-10,0.0742,0.0751,0.0742,0.0744
2017-02-13,0.0741,0.0752,0.0741,0.0745
2017-02-14,0.0745,0.0764,0.0745,0.0763
2017-02-15,0.0758,0.0774,0.0758,0.0773
2017-02-16,0.0769,0.0774,0.0763,0.0763
2017-02-17,0.0762,0.0771,0.0761,0.0762
2017-02-20,0.0761,0.0766,0.0759,0.0766
2017-02-21,0.0762,0.0766,0.0759,0.076
2017-02-22,0.0756,0.0772,0.0756,0.0766
2017-02-23,0.0765,0.0781,0.0765,0.0776
2017-02-24,0.0772,0.0777,0.077,0.0771
2017-02-27,0.0767,0.0776,0.0764,0.0764
2017-02-28,0.0763,0.0771,0.0757,0.0757
2017-03-01,0.0757,0.0771,0.0757,0.0766
2017-03-02,0.0763,0.0769,0.0759,0.0759
2017-03-03,0.0755,0.0768,0.0755,0.0765
2017-03-06,0.0762,0.0773,0.0762,0.0767
2017-03-07,0.0763,0.0773,0.0763,0.077
2017-03-08,0.0766,0.0772,0.076,0.076
2017-03-09,0.0757,0.0761,0.0744,0.0744
2017-03-10,0.0745,0.0761,0.0745,0.0757
2017-03-13,0.0754,0.0764,0.0754,0.0756
2017-03-14,0.0756,0.0762,0.0755,0.0758
2017-03-15,0.0755,0.0783,0.0755,0.0776
2017-03-16,0.0776,0.0788,0.0776,0.0778
2017-03-17,0.0778,0.0787,0.0778,0.0782
2017-03-20,0.0781,0.0792,0.0781,0.0786
2017-03-21,0.0786,0.0798,0.0786,0.0787
2017-03-22,0.0784,0.0797,0.0784,0.0791
2017-03-23,0.0791,0.0804,0.0791,0.0797
2017-03-24,0.0797,0.0806,0.0797,0.0798
2017-03-27,0.0796,0.0812,0.0779,0.078
2017-03-28,0.078,0.0784,0.0765,0.0765
2017-03-29,0.0768,0.0775,0.0761,0.0762
2017-03-30,0.0762,0.0781,0.0746,0.0746
2017-03-31,0.0742,0.0753,0.0735,0.0742
2017-04-03,0.0742,0.0748,0.0726,0.0726
2017-04-04,0.0726,0.074,0.0718,0.0729
2017-04-05,0.0729,0.0742,0.0719,0.0719
2017-04-06,0.072,0.0729,0.072,0.072
2017-04-07,0.0722,0.0729,0.0719,0.0719
2017-04-10,0.0718,0.0725,0.0712,0.0712
2017-04-11,0.0712,0.0726,0.0712,0.0719
2017-04-12,0.0719,0.0742,0.0719,0.0736
2017-04-13,0.0736,0.0746,0.0736,0.0742
2017-04-14,0.0739,0.0746,0.0739,0.0741
2017-04-17,0.0741,0.0753,0.0741,0.0747
2017-04-18,0.0747,0.0755,0.0745,0.075
2017-04-19,0.0747,0.0753,0.0747,0.0748
2017-04-20,0.0748,0.0762,0.0748,0.0756
2017-04-21,0.0756,0.0762,0.0756,0.0757
2017-04-24,0.0757,0.0776,0.0757,0.0767
2017-04-25,0.0764,0.077,0.0761,0.0761
2017-04-27,0.0748,0.0758,0.0745,0.0745
2017-04-28,0.0745,0.0755,0.0742,0.0742
2017-05-01,0.0747,0.0752,0.0741,0.0741
2017-05-02,0.0741,0.0753,0.0741,0.0744
2017-05-03,0.0744,0.075,0.0739,0.0739
2017-05-04,0.0739,0.0744,0.0732,0.0732
2017-05-05,0.0728,0.0745,0.0728,0.0739
2017-05-08,0.074,0.0744,0.0733,0.0733
2017-05-09,0.0729,0.0737,0.0729,0.0729
2017-05-10,0.0729,0.0744,0.0729,0.0737
2017-05-11,0.0737,0.0751,0.0737,0.0743
2017-05-12,0.0743,0.075,0.0742,0.0742
2017-05-15,0.0744,0.076,0.0744,0.0754
2017-05-16,0.0754,0.0766,0.0754,0.0761
2017-05-17,0.0761,0.0766,0.0756,0.0756
2017-05-18,0.0753,0.0757,0.0737,0.074
2017-05-19,0.0741,0.0757,0.0741,0.0751
2017-05-22,0.0751,0.0761,0.0751,0.0751
2017-05-23,0.0752,0.0767,0.0751,0.0762
2017-05-24,0.0759,0.0775,0.0759,0.0769
2017-05-25,0.0769,0.0778,0.0769,0.0772
2017-05-26,0.077,0.078,0.077,0.0773
2017-05-29,0.0773,0.0789,0.0769,0.0769
2017-05-30,0.0766,0.077,0.0756,0.0756
2017-05-31,0.0757,0.0765,0.0757,0.0761
2017-06-01,0.0759,0.0777,0.0759,0.0775
2017-06-02,0.0771,0.0782,0.0771,0.0776
2017-06-05,0.0776,0.0788,0.0776,0.0781
2017-06-06,0.0782,0.0787,0.0775,0.0775
2017-06-07,0.0775,0.0781,0.0775,0.0779
2017-06-08,0.0775,0.0781,0.0768,0.0768
2017-06-09,0.0768,0.0779,0.0767,0.0767
2017-06-12,0.0767,0.0781,0.0767,0.0775
2017-06-13,0.0775,0.0784,0.0775,0.0779
2017-06-14,0.0778,0.0796,0.0778,0.0788
2017-06-15,0.0787,0.0792,0.0771,0.0771
2017-06-16,0.0771,0.0781,0.0771,0.0776
2017-06-19,0.0776,0.0784,0.0766,0.0766
2017-06-20,0.0765,0.0773,0.076,0.076
2017-06-21,0.076,0.0768,0.076,0.076
2017-06-22,0.0759,0.0772,0.0759,0.0766
2017-06-23,0.0766,0.0774,0.0766,0.0767
2017-06-26,0.0769,0.0779,0.0769,0.0772
2017-06-27,0.0772,0.078,0.0763,0.0763
2017-06-28,0.0763,0.0773,0.0763,0.0768
2017-06-29,0.0768,0.0775,0.0763,0.0763
2017-06-30,0.0763,0.0769,0.0761,0.0761
2017-07-03,0.0761,0.0766,0.0755,0.0755
2017-07-04,0.0751,0.0759,0.0751,0.0753
2017-07-05,0.0753,0.076,0.0741,0.0742
2017-07-06,0.0742,0.0749,0.0739,0.0739
2017-07-07,0.0739,0.0751,0.0739,0.0743
2017-07-10,0.0742,0.0752,0.0738,0.0738
2017-07-11,0.0738,0.0743,0.0734,0.0736
2017-07-12,0.0733,0.0755,0.0733,0.075
2017-07-13,0.075,0.076,0.075,0.0756
2017-07-14,0.0752,0.0769,0.0752,0.0764
2017-07-17,0.0764,0.0775,0.0764,0.0767
2017-07-18,0.0767,0.0776,0.0767,0.0774
2017-07-19,0.0769,0.0775,0.0769,0.0769
2017-07-20,0.0769,0.0773,0.0762,0.0762
2017-07-21,0.0762,0.0776,0.0762,0.0769
2017-07-24,0.077,0.0776,0.0769,0.0771
2017-07-25,0.0767,0.0773,0.0759,0.0759
2017-07-26,0.0759,0.0775,0.0759,0.0774
2017-07-27,0.077,0.0777,0.0766,0.0767
2017-07-28,0.0764,0.077,0.0763,0.0763
2017-07-31,0.0764,0.077,0.0755,0.0758
2017-08-01,0.0754,0.076,0.075,0.075
2017-08-02,0.075,0.0757,0.075,0.0752
2017-08-03,0.0752,0.0756,0.0745,0.0745
2017-08-04,0.0742,0.0751,0.074,0.074
2017-08-07,0.0738,0.0757,0.0738,0.0751
2017-08-08,0.0751,0.0762,0.0746,0.0747
2017-08-09,0.0743,0.0748,0.0739,0.0739
2017-08-10,0.0739,0.0751,0.0738,0.0738
2017-08-11,0.0738,0.0744,0.0738,0.0739
2017-08-14,0.0739,0.0753,0.0739,0.0745
2017-08-15,0.0745,0.0752,0.0745,0.0746
2017-08-16,0.0746,0.0759,0.0746,0.0754
2017-08-17,0.0754,0.0761,0.0749,0.0749
2017-08-18,0.0749,0.076,0.0749,0.0755
2017-08-21,0.0755,0.076,0.0755,0.0755
2017-08-22,0.0755,0.0761,0.0752,0.0752
2017-08-23,0.0752,0.076,0.0752,0.0755
2017-08-24,0.0755,0.076,0.0755,0.0757
2017-08-25,0.0752,0.0769,0.0752,0.0763
2017-08-28,0.0763,0.0768,0.0763,0.0764
2017-08-29,0.0759,0.0772,0.0759,0.0769
2017-08-30,0.0766,0.077,0.0764,0.0764
2017-08-31,0.0763,0.0769,0.0763,0.0764
2017-09-01,0.0764,0.0777,0.0764,0.0768
2017-09-04,0.0768,0.0774,0.0766,0.0766
2017-09-05,0.0766,0.0777,0.0766,0.0769
2017-09-06,0.0769,0.0784,0.0769,0.078
2017-09-07,0.0776,0.0783,0.0776,0.0776
2017-09-08,0.0777,0.0783,0.0768,0.0768
2017-09-11,0.0768,0.0777,0.0766,0.0766
2017-09-12,0.0766,0.0776,0.0764,0.0764
2017-09-13,0.0763,0.077,0.0759,0.076
2017-09-14,0.0756,0.0763,0.0754,0.0757
2017-09-15,0.0757,0.0762,0.0755,0.0755
2017-09-18,0.0755,0.0761,0.0747,0.0747
2017-09-19,0.0747,0.0753,0.0745,0.0745
2017-09-20,0.0745,0.0757,0.0745,0.0749
2017-09-21,0.0745,0.0755,0.0745,0.0752
2017-09-22,0.0748,0.0759,0.0748,0.0748
2017-09-25,0.075,0.0755,0.0745,0.0745
2017-09-26,0.0745,0.0753,0.0743,0.0743
2017-09-27,0.0743,0.0748,0.0731,0.0731
2017-09-28,0.0731,0.074,0.073,0.0735
2017-09-29,0.0735,0.0744,0.0732,0.0732
2017-10-02,0.0733,0.0738,0.073,0.073
2017-10-03,0.073,0.0736,0.0727,0.0727
2017-10-04,0.0728,0.0738,0.0728,0.0732
2017-10-05,0.0732,0.0736,0.0727,0.0727
2017-10-06,0.0727,0.0731,0.0721,0.0721
2017-10-09,0.0721,0.0729,0.0721,0.0724
2017-10-10,0.072,0.0734,0.072,0.0725
2017-10-11,0.0725,0.074,0.0725,0.0734
2017-10-12,0.0734,0.0746,0.0734,0.0741
2017-10-13,0.0737,0.0754,0.0737,0.0749
2017-10-16,0.0749,0.0753,0.0746,0.0746
2017-10-17,0.0746,0.0752,0.0741,0.0741
2017-10-18,0.0741,0.0746,0.0736,0.0736
2017-10-19,0.0732,0.0742,0.0732,0.0735
2017-10-20,0.0735,0.074,0.0728,0.0728
2017-10-23,0.0731,0.0732,0.0724,0.0724
2017-10-24,0.0724,0.0731,0.0724,0.0726
2017-10-25,0.0722,0.0729,0.0708,0.0708
2017-10-26,0.0705,0.0712,0.0697,0.0697
2017-10-27,0.0697,0.0709,0.0697,0.0706
2017-10-30,0.0708,0.0713,0.0708,0.071
2017-10-31,0.0706,0.0713,0.0703,0.0703
2017-11-01,0.0703,0.0712,0.0703,0.0705
2017-11-02,0.0705,0.0718,0.0705,0.071
2017-11-03,0.071,0.0715,0.0699,0.0699
2017-11-06,0.0702,0.071,0.07,0.0708
2017-11-07,0.0704,0.0709,0.0697,0.0697
2017-11-08,0.0698,0.0708,0.0698,0.0705
2017-11-09,0.0701,0.0708,0.0697,0.0697
2017-11-10,0.0697,0.0702,0.0691,0.0691
2017-11-13,0.0691,0.0697,0.0685,0.0685
2017-11-14,0.0686,0.0697,0.0686,0.0696
2017-11-15,0.0691,0.0698,0.069,0.069
2017-11-16,0.069,0.0706,0.069,0.0701
2017-11-17,0.0701,0.0716,0.0701,0.0714
2017-11-20,0.071,0.0715,0.0707,0.0707
2017-11-21,0.0707,0.0716,0.0707,0.0711
2017-11-22,0.0711,0.0724,0.0711,0.0723
2017-11-23,0.0718,0.0722,0.0715,0.0715
2017-11-24,0.0716,0.0722,0.0705,0.0705
2017-11-27,0.0701,0.0731,0.0701,0.0726
2017-11-28,0.0722,0.0737,0.0722,0.0727
2017-11-29,0.0727,0.0736,0.0727,0.0727
2017-11-30,0.0727,0.0737,0.0727,0.0728
2017-12-01,0.0724,0.0732,0.0723,0.0723
2017-12-04,0.0724,0.0741,0.0724,0.0735
2017-12-05,0.0735,0.0744,0.0735,0.0739
2017-12-06,0.0739,0.0743,0.0736,0.0739
2017-12-07,0.0735,0.0739,0.0727,0.0727
2017-12-08,0.0723,0.0737,0.0723,0.0727
2017-12-11,0.0727,0.0737,0.0727,0.073
2017-12-12,0.073,0.0736,0.0726,0.0726
2017-12-13,0.0726,0.0744,0.0726,0.0742
2017-12-14,0.0738,0.0747,0.0738,0.0739
2017-12-15,0.0735,0.0763,0.0735,0.0762
2017-12-18,0.0758,0.0796,0.0758,0.0782
2017-12-19,0.0779,0.0789,0.0778,0.0782
2017-12-20,0.0782,0.0795,0.0782,0.0784
2017-12-21,0.078,0.0788,0.0779,0.0779
2017-12-22,0.0779,0.0794,0.0779,0.0793
2017-12-25,0.0787,0.0794,0.0787,0.0788
2017-12-26,0.0789,0.0799,0.0789,0.0795
2017-12-27,0.0794,0.0815,0.0794,0.081
2017-12-28,0.081,0.0816,0.0801,0.0801
2017-12-29,0.0801,0.0814,0.0801,0.0803
2018-01-01,0.0802,0.0806,0.0802,0.0803
2018-01-02,0.0803,0.0815,0.0801,0.0801
2018-01-03,0.0798,0.0812,0.0798,0.0804
2018-01-04,0.0804,0.0817,0.0804,0.0812
2018-01-05,0.0809,0.0813,0.0807,0.0811
2018-01-08,0.0808,0.0813,0.0803,0.0806
2018-01-09,0.0802,0.0814,0.0802,0.0805
2018-01-10,0.0805,0.081,0.0798,0.0803
2018-01-11,0.0799,0.0808,0.0799,0.0806
2018-01-12,0.0802,0.0809,0.0802,0.0808
2018-01-15,0.0804,0.0815,0.0804,0.0808
2018-01-16,0.0808,0.082,0.0808,0.081
2018-01-17,0.081,0.0818,0.081,0.081
2018-01-18,0.0808,0.0825,0.0808,0.0824
2018-01-19,0.0819,0.0828,0.0817,0.082
2018-01-22,0.0817,0.0832,0.0817,0.0829
2018-01-23,0.0825,0.0831,0.0823,0.0826
2018-01-24,0.0826,0.0843,0.0826,0.0842
2018-01-25,0.0838,0.0847,0.0838,0.0838
2018-01-26,0.0835,0.0846,0.0835,0.0838
2018-01-29,0.0838,0.0842,0.0833,0.0836
2018-01-30,0.0832,0.0842,0.083,0.0835
2018-01-31,0.0831,0.0846,0.0831,0.0839
2018-02-01,0.0839,0.0845,0.0838,0.0842
2018-02-02,0.0838,0.0843,0.0823,0.0823
2018-02-05,0.0823,0.0834,0.0823,0.0823
2018-02-06,0.082,0.084,0.082,0.0834
2018-02-07,0.0834,0.0841,0.0828,0.0828
2018-02-08,0.0824,0.0831,0.082,0.0821
2018-02-09,0.0817,0.0832,0.0817,0.0832
2018-02-12,0.0829,0.0841,0.0829,0.0837
2018-02-13,0.0833,0.0841,0.0833,0.0835
2018-02-14,0.0831,0.0857,0.0831,0.0852
2018-02-15,0.0848,0.0861,0.0848,0.0856
2018-02-16,0.0856,0.0865,0.0856,0.0856
2018-02-19,0.0855,0.0862,0.0855,0.0856
2018-02-20,0.0852,0.0856,0.0847,0.0847
2018-02-21,0.0847,0.0863,0.0847,0.0857
2018-02-22,0.0852,0.0859,0.0852,0.0854
2018-02-23,0.0853,0.0866,0.0853,0.0861
2018-02-26,0.086,0.0868,0.0859,0.086
2018-02-27,0.086,0.0865,0.0848,0.0848
2018-02-28,0.0848,0.0856,0.0843,0.0843
2018-03-01,0.0843,0.0848,0.0838,0.0843
2018-03-02,0.0837,0.0845,0.0833,0.0838
2018-03-05,0.0834,0.0845,0.0832,0.084
2018-03-06,0.084,0.0853,0.084,0.0844
2018-03-07,0.0845,0.0849,0.0839,0.084
2018-03-08,0.084,0.0845,0.0835,0.0835
2018-03-09,0.0834,0.0848,0.0834,0.0845
2018-03-12,0.0841,0.0848,0.0841,0.0841
2018-03-13,0.0841,0.0851,0.0841,0.0846
2018-03-14,0.0842,0.0851,0.0842,0.0844
2018-03-15,0.0844,0.0849,0.0839,0.0839
2018-03-16,0.0835,0.0841,0.083,0.083
2018-03-19,0.082,0.0835,0.082,0.0827
2018-03-20,0.0827,0.0838,0.0827,0.0831
2018-03-21,0.0831,0.0846,0.0831,0.0841
2018-03-22,0.084,0.0849,0.0839,0.0839
2018-03-23,0.0839,0.0856,0.0839,0.0847
2018-03-26,0.0847,0.0861,0.0847,0.0854
2018-03-27,0.0854,0.086,0.0854,0.0856
2018-03-28,0.0853,0.0859,0.0845,0.0845
2018-03-29,0.0844,0.0851,0.084,0.084
2018-03-30,0.084,0.0846,0.084,0.084
2018-04-02,0.0842,0.0847,0.0838,0.0838
2018-04-03,0.0838,0.0848,0.0838,0.0841
2018-04-04,0.0841,0.0847,0.0837,0.0837
2018-04-05,0.0837,0.0842,0.083,0.083
2018-04-06,0.083,0.0835,0.0827,0.0827
2018-04-09,0.0827,0.0835,0.0822,0.0822
2018-04-10,0.0822,0.0832,0.0822,0.0828
2018-04-11,0.0825,0.0838,0.0825,0.0832
2018-04-12,0.0832,0.0837,0.0824,0.0824
2018-04-13,0.0824,0.0832,0.0824,0.0824
2018-04-16,0.0824,0.083,0.0824,0.0825
2018-04-17,0.0825,0.0835,0.0825,0.0833
2018-04-18,0.0829,0.0839,0.0829,0.0838
2018-04-19,0.0834,0.0838,0.0831,0.0831
2018-04-20,0.0831,0.0835,0.0824,0.0824
2018-04-23,0.0825,0.0827,0.0805,0.0805
2018-04-24,0.0805,0.0815,0.0805,0.0806
2018-04-25,0.0806,0.0811,0.0798,0.0798
2018-04-26,0.0798,0.0809,0.0798,0.0806
2018-04-27,0.0802,0.0812,0.0802,0.0806
2018-04-30,0.0806,0.0813,0.0798,0.0798
2018-05-01,0.0798,0.0803,0.0785,0.0785
2018-05-02,0.0786,0.0796,0.0783,0.0783
2018-05-03,0.0782,0.0795,0.0782,0.079
2018-05-04,0.0789,0.0803,0.0789,0.0796
2018-05-07,0.0796,0.0801,0.0792,0.0792
2018-05-08,0.0792,0.0799,0.079,0.0794
2018-05-09,0.079,0.0798,0.0787,0.0796
2018-05-10,0.0792,0.0814,0.0792,0.0808
2018-05-11,0.0808,0.082,0.0808,0.0811
2018-05-14,0.0811,0.082,0.081,0.081
2018-05-15,0.0806,0.0811,0.0791,0.0792
2018-05-16,0.0792,0.0806,0.0792,0.0799
2018-05-17,0.0799,0.0805,0.0793,0.0793
2018-05-18,0.0788,0.0798,0.0779,0.0779
2018-05-21,0.0781,0.0789,0.0776,0.0785
2018-05-22,0.0785,0.08,0.0785,0.0795
2018-05-23,0.0791,0.0805,0.0787,0.0798
2018-05-24,0.0798,0.0807,0.0797,0.0804
2018-05-25,0.08,0.0804,0.0796,0.0796
2018-05-28,0.0796,0.0804,0.0796,0.0797
2018-05-29,0.0797,0.0803,0.0783,0.0783
2018-05-30,0.0783,0.0799,0.0783,0.0793
2018-05-31,0.0793,0.0802,0.0783,0.0783
2018-06-01,0.0782,0.0794,0.0782,0.0784
2018-06-04,0.0784,0.0798,0.0784,0.0791
2018-06-05,0.0791,0.0798,0.078,0.0782
2018-06-06,0.0778,0.0789,0.0777,0.0781
2018-06-07,0.0781,0.0788,0.0767,0.0769
2018-06-08,0.0764,0.0772,0.0753,0.0761
2018-06-11,0.0761,0.0769,0.0759,0.0759
2018-06-12,0.0755,0.0761,0.0746,0.0746
2018-06-13,0.0746,0.0757,0.0745,0.0746
2018-06-14,0.0746,0.0763,0.0738,0.0738
2018-06-15,0.0738,0.0748,0.0738,0.0739
2018-06-18,0.0743,0.0746,0.0728,0.0728
2018-06-19,0.0728,0.0733,0.0719,0.0722
2018-06-20,0.0722,0.0737,0.0722,0.0727
2018-06-21,0.0727,0.0737,0.0726,0.0731
2018-06-22,0.0732,0.0746,0.0732,0.0739
2018-06-25,0.0739,0.0745,0.0734,0.0734
2018-06-26,0.0734,0.0742,0.0734,0.0734
2018-06-27,0.0734,0.0739,0.0717,0.0717
2018-06-28,0.0717,0.0726,0.0715,0.0719
2018-06-29,0.0719,0.0731,0.0719,0.0723
2018-07-02,0.0723,0.0729,0.0718,0.0718
2018-07-03,0.0717,0.0732,0.0717,0.0726
2018-07-04,0.0726,0.0734,0.0726,0.0726
2018-07-05,0.0726,0.074,0.0726,0.0737
2018-07-06,0.0733,0.0743,0.0733,0.0738
2018-07-09,0.0738,0.0751,0.0738,0.0741
2018-07-10,0.0741,0.0754,0.074,0.0745
2018-07-11,0.0745,0.0749,0.0732,0.0732
2018-07-12,0.0732,0.0755,0.0732,0.075
2018-07-13,0.0746,0.0756,0.0746,0.0748
2018-07-16,0.0749,0.0759,0.0749,0.0752
2018-07-17,0.0752,0.0758,0.0752,0.0752
2018-07-18,0.0748,0.0757,0.0748,0.0753
2018-07-19,0.0752,0.0753,0.0733,0.0733
2018-07-20,0.0734,0.0746,0.0734,0.0742
2018-07-23,0.0744,0.0746,0.0737,0.0742
2018-07-24,0.0738,0.0753,0.0738,0.0748
2018-07-25,0.0748,0.0763,0.0748,0.0762
2018-07-26,0.0758,0.0763,0.075,0.075
2018-07-27,0.075,0.0761,0.075,0.0754
2018-07-30,0.0751,0.0761,0.0751,0.0755
2018-07-31,0.0755,0.0764,0.075,0.075
2018-08-01,0.075,0.0758,0.0748,0.0755
2018-08-02,0.0751,0.0756,0.0739,0.0739
2018-08-03,0.0739,0.0753,0.0739,0.0746
2018-08-06,0.0746,0.075,0.0739,0.0739
2018-08-07,0.0739,0.0753,0.0739,0.0745
2018-08-08,0.0745,0.0754,0.0741,0.0741
2018-08-09,0.0741,0.0748,0.0725,0.0725
2018-08-10,0.0725,0.0732,0.0705,0.0705
2018-08-13,0.0704,0.0709,0.0653,0.0691
2018-08-14,0.0688,0.0713,0.0688,0.0702
2018-08-15,0.0698,0.0705,0.0679,0.0684
2018-08-16,0.0681,0.0698,0.0673,0.0673
2018-08-17,0.0674,0.0683,0.0666,0.0678
2018-08-20,0.0678,0.0691,0.0678,0.0684
2018-08-21,0.0684,0.07,0.0684,0.0694
2018-08-22,0.069,0.0706,0.069,0.0705
2018-08-23,0.0701,0.0706,0.0689,0.0689
2018-08-24,0.069,0.0705,0.069,0.0698
2018-08-27,0.0699,0.0708,0.0697,0.0701
2018-08-28,0.0701,0.0716,0.0698,0.0698
2018-08-29,0.0698,0.0704,0.069,0.0695
2018-08-30,0.0691,0.0696,0.0675,0.0675
2018-08-31,0.0675,0.0684,0.0675,0.0676
2018-09-03,0.0676,0.0677,0.0668,0.0668
2018-09-04,0.0668,0.0672,0.0646,0.0646
2018-09-05,0.0646,0.0655,0.0638,0.0643
2018-09-06,0.0643,0.0655,0.0643,0.0648
2018-09-07,0.0648,0.0663,0.0648,0.0651
2018-09-10,0.0652,0.0661,0.0652,0.0653
2018-09-11,0.0653,0.0666,0.0653,0.0659
2018-09-12,0.0659,0.067,0.0659,0.0667
2018-09-13,0.0663,0.0683,0.0663,0.0672
2018-09-14,0.0672,0.0681,0.0665,0.0665
2018-09-17,0.0665,0.0673,0.0664,0.0665
2018-09-18,0.0665,0.0675,0.0665,0.067
2018-09-19,0.0666,0.0684,0.0666,0.0677
2018-09-20,0.0677,0.07,0.0677,0.0695
2018-09-21,0.0695,0.0704,0.0693,0.0694
2018-09-24,0.0698,0.0704,0.0691,0.0691
2018-09-25,0.0691,0.0698,0.0691,0.0692
2018-09-26,0.0692,0.0709,0.0692,0.0702
2018-09-27,0.0702,0.0713,0.0702,0.0706
2018-09-28,0.0704,0.0709,0.0702,0.0702
2018-10-01,0.0703,0.0711,0.0698,0.0698
2018-10-02,0.0698,0.0703,0.0693,0.0695
2018-10-03,0.0692,0.0699,0.0682,0.0682
2018-10-04,0.0678,0.0684,0.067,0.0672
2018-10-05,0.0668,0.0681,0.0668,0.0672
2018-10-08,0.0672,0.0677,0.0668,0.0669
2018-10-09,0.0668,0.0686,0.0665,0.0681
2018-10-10,0.0681,0.0688,0.0676,0.0676
2018-10-11,0.0672,0.0683,0.0672,0.0681
2018-10-12,0.0681,0.0688,0.0681,0.0684
2018-10-15,0.0684,0.0693,0.0684,0.0691
2018-10-16,0.0691,0.0706,0.0691,0.0701
2018-10-17,0.0701,0.0708,0.0697,0.0697
2018-10-18,0.0697,0.0705,0.0691,0.0691
2018-10-19,0.0688,0.0698,0.0688,0.0689
2018-10-22,0.0689,0.0701,0.0689,0.0693
2018-10-23,0.0693,0.0703,0.0693,0.0697
2018-10-24,0.0697,0.0706,0.0682,0.0682
2018-10-25,0.0682,0.0691,0.0682,0.0684
2018-10-26,0.068,0.0687,0.0678,0.068
2018-10-29,0.068,0.0693,0.0675,0.0675
2018-10-30,0.0676,0.0687,0.0676,0.0684
2018-10-31,0.0681,0.0684,0.0673,0.0673
2018-11-01,0.0671,0.0696,0.0671,0.069
2018-11-02,0.069,0.0702,0.069,0.0695
2018-11-05,0.0695,0.0707,0.0694,0.0705
2018-11-06,0.0702,0.0708,0.0701,0.0708
2018-11-07,0.0705,0.072,0.0705,0.0715
2018-11-08,0.0715,0.0719,0.0706,0.0707
2018-11-09,0.0703,0.0708,0.0694,0.0697
2018-11-12,0.0694,0.07,0.069,0.069
2018-11-13,0.0686,0.0696,0.0686,0.0688
2018-11-14,0.0687,0.07,0.0687,0.0691
2018-11-15,0.0691,0.0707,0.0691,0.0701
2018-11-16,0.0701,0.0716,0.0701,0.0713
2018-11-19,0.0711,0.0718,0.0708,0.0708
2018-11-20,0.0709,0.0714,0.0706,0.0709
2018-11-21,0.0705,0.0722,0.0705,0.0714
2018-11-22,0.0715,0.0728,0.0715,0.0725
2018-11-23,0.0723,0.0727,0.0718,0.0718
2018-11-26,0.0718,0.0729,0.0718,0.0718
2018-11-27,0.0715,0.0725,0.0714,0.0714
2018-11-28,0.0714,0.0727,0.0714,0.0722
2018-11-29,0.0722,0.0735,0.0722,0.0728
2018-11-30,0.0728,0.0733,0.0718,0.072
2018-12-03,0.0717,0.0736,0.0717,0.0726
2018-12-04,0.0726,0.0738,0.0721,0.0722
2018-12-05,0.0718,0.0728,0.0718,0.0721
2018-12-06,0.0718,0.0721,0.0704,0.0708
2018-12-07,0.0708,0.0718,0.0702,0.0702
2018-12-10,0.0702,0.0709,0.0691,0.0691
2018-12-11,0.0691,0.0701,0.0691,0.0696
2018-12-12,0.0693,0.0712,0.0693,0.0707
2018-12-13,0.0705,0.071,0.0703,0.0704
2018-12-14,0.0701,0.0704,0.069,0.069
2018-12-17,0.0691,0.0699,0.0691,0.0694
2018-12-18,0.069,0.0701,0.069,0.0696
2018-12-19,0.0693,0.0708,0.0691,0.0691
2018-12-20,0.0691,0.0705,0.069,0.069
2018-12-21,0.069,0.0699,0.0679,0.0679
2018-12-24,0.068,0.0689,0.068,0.0683
2018-12-25,0.0682,0.0685,0.068,0.068
2018-12-26,0.0679,0.069,0.0679,0.0685
2018-12-27,0.0683,0.0692,0.0683,0.0688
2018-12-28,0.0686,0.0697,0.0686,0.0689
2018-12-31,0.0689,0.0697,0.0689,0.0694
2019-01-01,0.0693,0.0694,0.0691,0.0691
2019-01-02,0.0691,0.0698,0.0687,0.0687
2019-01-03,0.0688,0.0701,0.0683,0.0697
2019-01-04,0.0695,0.0718,0.0695,0.0712
2019-01-07,0.0713,0.0722,0.0713,0.0716
2019-01-08,0.0716,0.072,0.0712,0.0715
2019-01-09,0.0712,0.0723,0.0712,0.0721
2019-01-10,0.0717,0.0723,0.0717,0.0718
2019-01-11,0.0718,0.0725,0.0718,0.0719
2019-01-14,0.0717,0.0726,0.0717,0.0723
2019-01-15,0.0722,0.0728,0.0722,0.0724
2019-01-16,0.0724,0.0732,0.0724,0.0729
2019-01-17,0.0726,0.0731,0.0723,0.0725
2019-01-18,0.0725,0.0729,0.0721,0.0721
2019-01-21,0.0718,0.0723,0.0718,0.0719
2019-01-22,0.0719,0.0723,0.0711,0.0711
2019-01-23,0.0712,0.0724,0.0712,0.072
2019-01-24,0.072,0.0731,0.072,0.0725
2019-01-25,0.0725,0.0735,0.0725,0.073
2019-01-28,0.073,0.0735,0.0728,0.0728
2019-01-29,0.0727,0.0735,0.0727,0.0731
2019-01-30,0.0731,0.075,0.0731,0.0749
2019-01-31,0.0746,0.0755,0.0746,0.0754
2019-02-01,0.0751,0.0754,0.0748,0.0749
2019-02-04,0.0747,0.0749,0.0744,0.0744
2019-02-05,0.0741,0.0749,0.0741,0.0744
2019-02-06,0.0744,0.0747,0.0736,0.0738
2019-02-07,0.0734,0.0739,0.073,0.073
2019-02-08,0.073,0.0736,0.073,0.0734
2019-02-11,0.0731,0.0736,0.072,0.072
2019-02-12,0.072,0.0728,0.072,0.0725
2019-02-13,0.0722,0.0729,0.0707,0.0707
2019-02-14,0.0707,0.0716,0.0701,0.0704
2019-02-15,0.0704,0.0711,0.0704,0.0709
2019-02-18,0.0707,0.0712,0.0704,0.0704
2019-02-19,0.0704,0.0713,0.0704,0.0708
2019-02-20,0.0708,0.0717,0.0696,0.0713
2019-02-21,0.071,0.072,0.0709,0.0709
2019-02-22,0.0709,0.0717,0.0709,0.071
2019-02-25,0.071,0.0724,0.071,0.0723
2019-02-26,0.0719,0.0723,0.0718,0.0718
2019-02-27,0.0719,0.0723,0.0714,0.0714
2019-02-28,0.0713,0.0717,0.0709,0.0709
2019-03-01,0.0706,0.071,0.0702,0.0702
2019-03-04,0.0699,0.0706,0.0699,0.0703
2019-03-05,0.0699,0.0708,0.0699,0.0702
2019-03-06,0.0702,0.0705,0.0697,0.0697
2019-03-07,0.0697,0.0703,0.0685,0.0685
2019-03-08,0.0686,0.0695,0.0686,0.0691
2019-03-11,0.0689,0.0698,0.0689,0.0694
2019-03-12,0.0694,0.0702,0.0694,0.0696
2019-03-13,0.0693,0.0699,0.0689,0.0689
2019-03-14,0.0689,0.0693,0.0684,0.0684
2019-03-15,0.0684,0.0695,0.0684,0.069
2019-03-18,0.069,0.0696,0.0689,0.0689
2019-03-19,0.0688,0.0697,0.0686,0.0686
2019-03-20,0.0686,0.0706,0.0686,0.0697
2019-03-21,0.0697,0.0707,0.0697,0.0703
2019-03-22,0.07,0.0705,0.0686,0.0686
2019-03-25,0.0686,0.07,0.0686,0.0698
2019-03-26,0.0694,0.0699,0.0692,0.0692
2019-03-27,0.069,0.0693,0.0681,0.0681
2019-03-28,0.0681,0.0686,0.0679,0.0681
2019-03-29,0.0681,0.0695,0.0681,0.0686
2019-04-01,0.0686,0.0707,0.0686,0.0703
2019-04-02,0.0701,0.071,0.07,0.07
2019-04-03,0.0699,0.0708,0.0699,0.0703
2019-04-04,0.0703,0.0709,0.0703,0.0704
2019-04-05,0.0704,0.0713,0.0704,0.0705
2019-04-08,0.0704,0.071,0.0704,0.0704
2019-04-09,0.0704,0.0713,0.0704,0.0706
2019-04-10,0.0706,0.0719,0.0706,0.0718
2019-04-11,0.0715,0.072,0.071,0.071
2019-04-12,0.071,0.0718,0.071,0.0713
2019-04-15,0.0713,0.0719,0.0708,0.0708
2019-04-16,0.0708,0.0713,0.0708,0.0708
2019-04-17,0.0709,0.0718,0.0709,0.0711
2019-04-18,0.0711,0.0715,0.0707,0.0707
2019-04-19,0.0707,0.0711,0.0707,0.0707
2019-04-22,0.0709,0.0711,0.0702,0.0702
2019-04-23,0.0702,0.0706,0.0697,0.0697
2019-04-24,0.0697,0.07,0.0691,0.0691
2019-04-25,0.0688,0.0694,0.0688,0.069
2019-04-26,0.069,0.07,0.069,0.0691
2019-04-29,0.0691,0.0699,0.0691,0.0697
2019-04-30,0.0694,0.07,0.0694,0.0695
2019-05-01,0.0695,0.07,0.0688,0.0688
2019-05-02,0.0688,0.0693,0.0684,0.0684
2019-05-03,0.0684,0.0697,0.0684,0.0693
2019-05-06,0.0687,0.0694,0.0686,0.0686
2019-05-07,0.0686,0.0694,0.0686,0.0689
2019-05-08,0.0689,0.0698,0.0689,0.0693
2019-05-09,0.0691,0.0699,0.0691,0.0693
2019-05-10,0.0693,0.0707,0.0693,0.0702
2019-05-13,0.0702,0.0705,0.0696,0.0697
2019-05-14,0.0694,0.0704,0.0694,0.0698
2019-05-15,0.0698,0.0705,0.0698,0.0699
2019-05-16,0.0699,0.0707,0.0696,0.0696
2019-05-17,0.0696,0.07,0.069,0.069
2019-05-20,0.0688,0.0697,0.0688,0.0691
2019-05-21,0.0691,0.0696,0.0691,0.0691
2019-05-22,0.0691,0.0697,0.0691,0.0691
2019-05-23,0.0691,0.0696,0.0687,0.0687
2019-05-24,0.0687,0.0695,0.0687,0.069
2019-05-27,0.069,0.0694,0.0688,0.0688
2019-05-28,0.0688,0.0693,0.0675,0.0675
2019-05-29,0.0675,0.0683,0.0672,0.0678
2019-05-30,0.0678,0.0686,0.0675,0.0675
2019-05-31,0.0675,0.0687,0.0674,0.0682
2019-06-03,0.0682,0.0692,0.0682,0.0688
2019-06-04,0.0688,0.0694,0.0677,0.0678
2019-06-05,0.0677,0.0683,0.0671,0.0671
2019-06-06,0.0669,0.0673,0.0662,0.0662
2019-06-07,0.0662,0.0671,0.066,0.0665
2019-06-10,0.0665,0.0677,0.0665,0.067
2019-06-11,0.0671,0.0682,0.0671,0.0678
2019-06-12,0.0678,0.0683,0.0668,0.0668
2019-06-13,0.0668,0.0674,0.0668,0.0669
2019-06-14,0.0669,0.0677,0.0669,0.0671
2019-06-17,0.067,0.0676,0.067,0.067
2019-06-18,0.067,0.069,0.067,0.0688
2019-06-19,0.0684,0.0698,0.0684,0.0694
2019-06-20,0.0694,0.0704,0.0693,0.0693
2019-06-21,0.0693,0.0699,0.0693,0.0694
2019-06-24,0.0694,0.0702,0.0692,0.0692
2019-06-25,0.0692,0.07,0.0692,0.0694
2019-06-26,0.0693,0.0703,0.0693,0.0699
2019-06-27,0.0699,0.0707,0.0699,0.0704
2019-06-28,0.0701,0.071,0.0701,0.0706
2019-07-01,0.0707,0.0712,0.0703,0.0703
2019-07-02,0.0703,0.071,0.0703,0.0705
2019-07-03,0.0705,0.0712,0.0705,0.0707
2019-07-04,0.0707,0.0716,0.0707,0.0708
2019-07-05,0.0708,0.0713,0.0701,0.0702
2019-07-08,0.0702,0.0709,0.0701,0.0701
2019-07-09,0.0705,0.0707,0.0702,0.0704
2019-07-10,0.0701,0.0715,0.0701,0.0711
2019-07-11,0.0711,0.0721,0.0711,0.0713
2019-07-12,0.0715,0.0719,0.0713,0.0713
2019-07-15,0.0713,0.0721,0.0713,0.0715
2019-07-16,0.0715,0.0722,0.0715,0.0716
2019-07-17,0.0712,0.0717,0.071,0.071
2019-07-18,0.071,0.0723,0.071,0.0722
2019-07-19,0.0719,0.0723,0.0713,0.0713
2019-07-22,0.0712,0.0723,0.0712,0.0717
2019-07-23,0.0717,0.0721,0.0714,0.0714
2019-07-24,0.0714,0.0721,0.0714,0.0719
2019-07-25,0.0719,0.0721,0.0706,0.0706
2019-07-26,0.0705,0.071,0.0696,0.0696
2019-07-29,0.0696,0.0706,0.0696,0.0702
2019-07-30,0.0702,0.0707,0.07,0.07
2019-07-31,0.07,0.0709,0.0693,0.0693
2019-08-01,0.0693,0.0697,0.0678,0.0678
2019-08-02,0.068,0.0686,0.0672,0.0672
2019-08-05,0.0673,0.0678,0.0668,0.0668
2019-08-06,0.0665,0.0677,0.0665,0.0669
2019-08-07,0.0665,0.0674,0.0659,0.0659
2019-08-08,0.0659,0.0668,0.0659,0.0661
2019-08-09,0.066,0.0666,0.0652,0.0652
2019-08-12,0.0652,0.0656,0.0647,0.0652
2019-08-13,0.0649,0.0662,0.0649,0.0657
2019-08-14,0.0657,0.0661,0.0645,0.0645
2019-08-15,0.0645,0.0657,0.0645,0.0651
2019-08-16,0.0651,0.0659,0.0649,0.0649
2019-08-19,0.0651,0.0657,0.0643,0.0643
2019-08-20,0.0643,0.0652,0.0643,0.065
2019-08-21,0.0647,0.0659,0.0647,0.0654
2019-08-22,0.0654,0.066,0.0654,0.0654
2019-08-23,0.0651,0.0663,0.0651,0.0652
2019-08-26,0.0651,0.0658,0.0648,0.0651
2019-08-27,0.0651,0.0656,0.065,0.0651
2019-08-28,0.0649,0.0655,0.0646,0.0646
2019-08-29,0.0645,0.0655,0.0645,0.0649
2019-08-30,0.0652,0.0659,0.0652,0.0655
2019-09-02,0.0655,0.066,0.0652,0.0652
2019-09-03,0.0652,0.0662,0.0652,0.0659
2019-09-04,0.0659,0.0677,0.0659,0.0671
2019-09-05,0.0675,0.0678,0.0668,0.0668
2019-09-06,0.0668,0.0679,0.0668,0.0671
2019-09-09,0.0671,0.0681,0.0671,0.0673
2019-09-10,0.0673,0.0683,0.0673,0.0679
2019-09-11,0.0679,0.0684,0.0677,0.0677
2019-09-12,0.068,0.0686,0.068,0.0681
2019-09-13,0.068,0.0689,0.068,0.0682
2019-09-16,0.0682,0.0685,0.0678,0.0678
2019-09-17,0.0678,0.0682,0.0674,0.0676
2019-09-18,0.0676,0.0685,0.0676,0.0676
2019-09-19,0.0676,0.0684,0.0671,0.0671
2019-09-20,0.0674,0.0679,0.0667,0.0667
2019-09-23,0.0666,0.0673,0.0666,0.0667
2019-09-24,0.0667,0.0673,0.0667,0.0668
2019-09-25,0.0668,0.0672,0.0663,0.0663
2019-09-26,0.0663,0.0669,0.0661,0.0661
2019-09-27,0.0661,0.0665,0.0656,0.0656
2019-09-30,0.0656,0.066,0.0656,0.0656
2019-10-01,0.0659,0.066,0.0648,0.0648
2019-10-02,0.0648,0.0657,0.0648,0.065
2019-10-03,0.065,0.0661,0.065,0.0656
2019-10-04,0.0656,0.0665,0.0656,0.0661
2019-10-07,0.0661,0.0665,0.0655,0.0655
2019-10-08,0.0655,0.0662,0.065,0.065
2019-10-09,0.0653,0.066,0.0653,0.0655
2019-10-10,0.0655,0.0665,0.0655,0.0661
2019-10-11,0.0661,0.0679,0.0661,0.0671
2019-10-14,0.0671,0.0679,0.067,0.067
2019-10-15,0.067,0.0677,0.0668,0.0668
2019-10-16,0.0668,0.0672,0.0665,0.0665
2019-10-17,0.0665,0.0677,0.0665,0.067
2019-10-18,0.067,0.0678,0.067,0.0672
2019-10-21,0.0676,0.0678,0.0674,0.0674
2019-10-22,0.0674,0.0686,0.0674,0.0684
2019-10-23,0.0682,0.0685,0.0679,0.0679
2019-10-24,0.0679,0.0685,0.0677,0.0677
2019-10-25,0.0677,0.0686,0.0677,0.068
2019-10-28,0.0686,0.0688,0.0683,0.0683
2019-10-29,0.0683,0.0688,0.068,0.0683
2019-10-30,0.068,0.0684,0.0662,0.0662
2019-10-31,0.0662,0.0668,0.0658,0.0658
2019-11-01,0.0658,0.0667,0.0658,0.0663
2019-11-04,0.0663,0.0678,0.0663,0.0671
2019-11-05,0.0674,0.0681,0.0674,0.0674
2019-11-06,0.0674,0.0678,0.0671,0.0671
2019-11-07,0.0674,0.0681,0.0674,0.0674
2019-11-08,0.0674,0.0679,0.0669,0.0669
2019-11-11,0.0669,0.0673,0.0668,0.0668
2019-11-12,0.0669,0.0675,0.0665,0.0665
2019-11-13,0.0665,0.067,0.0665,0.0667
2019-11-14,0.0667,0.0676,0.0667,0.0671
2019-11-15,0.0673,0.0681,0.0673,0.0676
2019-11-18,0.0676,0.068,0.0671,0.0671
2019-11-19,0.0674,0.0679,0.0673,0.0673
2019-11-20,0.0673,0.0678,0.0673,0.0673
2019-11-21,0.0672,0.0682,0.0672,0.0677
2019-11-22,0.0677,0.0685,0.0676,0.0676
2019-11-25,0.0676,0.0682,0.0673,0.0673
2019-11-26,0.0676,0.0678,0.0672,0.0672
2019-11-27,0.0672,0.068,0.0672,0.0674
2019-11-28,0.0676,0.068,0.0676,0.0676
2019-11-29,0.0678,0.0683,0.0678,0.0678
2019-12-02,0.0678,0.0688,0.0678,0.0684
2019-12-03,0.0684,0.0688,0.0679,0.0679
2019-12-04,0.0679,0.0687,0.0679,0.0681
2019-12-05,0.0681,0.0686,0.0679,0.0679
2019-12-06,0.0679,0.0684,0.0679,0.068
2019-12-09,0.068,0.0686,0.068,0.0681
2019-12-10,0.0678,0.0683,0.0672,0.0672
2019-12-11,0.0675,0.0681,0.0675,0.0677
2019-12-12,0.0677,0.0689,0.0677,0.0686
2019-12-13,0.0689,0.0695,0.0685,0.0685
2019-12-16,0.0685,0.0696,0.0685,0.0691
2019-12-17,0.0692,0.0696,0.0691,0.0691
2019-12-18,0.0691,0.07,0.0691,0.0695
2019-12-19,0.0695,0.0703,0.0695,0.0699
2019-12-20,0.0703,0.0705,0.07,0.07
2019-12-23,0.0699,0.0704,0.0699,0.07
2019-12-24,0.0702,0.0708,0.0702,0.0702
2019-12-25,0.0702,0.0706,0.0702,0.0702
2019-12-26,0.0705,0.0707,0.0703,0.0703
2019-12-27,0.0707,0.0715,0.0707,0.0709
2019-12-30,0.0709,0.0716,0.0704,0.0704
2019-12-31,0.0707,0.0715,0.0707,0.071
2020-01-01,0.071,0.0713,0.071,0.071
2020-01-02,0.0707,0.0717,0.0706,0.0706
2020-01-03,0.0708,0.0709,0.0695,0.0695
2020-01-06,0.0694,0.0704,0.0694,0.0703
2020-01-07,0.07,0.0707,0.0695,0.0695
2020-01-08,0.0697,0.0707,0.0693,0.0702
2020-01-09,0.0704,0.0708,0.07,0.07
2020-01-10,0.0702,0.0705,0.0692,0.0692
2020-01-13,0.0692,0.0699,0.069,0.069
2020-01-14,0.0691,0.0696,0.069,0.069
2020-01-15,0.069,0.0697,0.069,0.0691
2020-01-16,0.0695,0.0696,0.069,0.069
2020-01-17,0.069,0.0696,0.0687,0.0687
2020-01-20,0.0688,0.0692,0.0687,0.0689
2020-01-21,0.0686,0.0691,0.0686,0.0686
2020-01-22,0.0686,0.0698,0.0686,0.0694
2020-01-23,0.0694,0.07,0.0693,0.0694
2020-01-24,0.0691,0.0698,0.0691,0.0691
2020-01-27,0.0688,0.0693,0.0681,0.0681
2020-01-28,0.0684,0.0687,0.068,0.0683
2020-01-29,0.0683,0.0688,0.068,0.068
2020-01-30,0.0683,0.0684,0.0674,0.0674
2020-01-31,0.0673,0.0678,0.0662,0.0662
2020-02-03,0.0663,0.0673,0.0663,0.0668
2020-02-04,0.0668,0.0679,0.0668,0.0672
2020-02-05,0.0672,0.0681,0.0672,0.0673
2020-02-06,0.0675,0.0679,0.0666,0.0666
2020-02-07,0.0669,0.0672,0.066,0.066
2020-02-10,0.066,0.0668,0.066,0.0667
2020-02-11,0.0663,0.0676,0.0663,0.0674
2020-02-12,0.0671,0.0678,0.0671,0.0672
2020-02-13,0.0669,0.0674,0.0668,0.0668
2020-02-14,0.0665,0.0674,0.0665,0.067
2020-02-17,0.0667,0.0673,0.0666,0.0666
2020-02-18,0.0663,0.0667,0.0663,0.0665
2020-02-19,0.0662,0.0669,0.0662,0.0667
2020-02-20,0.0662,0.0667,0.0657,0.0657
2020-02-21,0.0661,0.0669,0.0659,0.0662
2020-02-24,0.0663,0.0664,0.0656,0.0656
2020-02-25,0.0659,0.0664,0.0655,0.0656
2020-02-26,0.0651,0.0663,0.0651,0.0652
2020-02-27,0.065,0.0656,0.0642,0.0642
2020-02-28,0.0645,0.0646,0.0632,0.0635
2020-03-02,0.0635,0.0649,0.0632,0.0649
2020-03-03,0.0646,0.0656,0.0641,0.0648
2020-03-04,0.0645,0.0656,0.0645,0.0654
2020-03-05,0.0651,0.0655,0.0639,0.0639
2020-03-06,0.0637,0.0642,0.0635,0.0636
2020-03-09,0.0634,0.0634,0.0591,0.0617
2020-03-10,0.0617,0.0634,0.0617,0.0624
2020-03-11,0.0626,0.0626,0.0613,0.0613
2020-03-12,0.0612,0.0622,0.0601,0.0601
2020-03-13,0.0601,0.0623,0.0601,0.061
2020-03-16,0.061,0.0622,0.0596,0.0596
2020-03-17,0.0598,0.0608,0.0598,0.06
2020-03-18,0.06,0.0602,0.0578,0.058
2020-03-19,0.0578,0.0583,0.057,0.057
2020-03-20,0.0573,0.0582,0.0564,0.0564
2020-03-23,0.0564,0.057,0.0559,0.056
2020-03-24,0.056,0.0572,0.056,0.0567
2020-03-25,0.0567,0.0582,0.0567,0.0573
2020-03-26,0.0575,0.0579,0.0569,0.0573
2020-03-27,0.0573,0.0578,0.0563,0.0563
2020-03-30,0.0563,0.0564,0.0554,0.0554
2020-03-31,0.0557,0.0564,0.0555,0.0556
2020-04-01,0.0558,0.056,0.0544,0.0544
2020-04-02,0.0544,0.0552,0.0536,0.0536
2020-04-03,0.0537,0.054,0.0522,0.0522
2020-04-06,0.0522,0.0539,0.0517,0.0533
2020-04-07,0.0532,0.0552,0.0532,0.0543
2020-04-08,0.0543,0.0551,0.0543,0.0546
2020-04-09,0.0546,0.056,0.0546,0.0551
2020-04-10,0.0551,0.0556,0.0551,0.0553
2020-04-13,0.0553,0.0553,0.0548,0.0548
2020-04-14,0.0548,0.0552,0.0542,0.0542
2020-04-15,0.0543,0.0546,0.0531,0.0531
2020-04-16,0.0534,0.054,0.0528,0.0533
2020-04-17,0.0533,0.0537,0.0528,0.0528
2020-04-20,0.053,0.0534,0.0527,0.0527
2020-04-21,0.0529,0.0531,0.0523,0.0523
2020-04-22,0.0523,0.0534,0.0522,0.0522
2020-04-23,0.0522,0.0529,0.0519,0.0519
2020-04-24,0.0519,0.053,0.0519,0.0522
2020-04-27,0.0522,0.0532,0.0522,0.0529
2020-04-28,0.0528,0.0538,0.0528,0.0533
2020-04-29,0.0533,0.0551,0.0533,0.0546
2020-04-30,0.0546,0.0555,0.0537,0.0537
2020-05-01,0.0536,0.0538,0.0528,0.0528
2020-05-04,0.0527,0.0538,0.0527,0.0538
2020-05-05,0.0534,0.0546,0.0534,0.0537
2020-05-06,0.0537,0.0545,0.0528,0.0528
2020-05-07,0.0531,0.0539,0.0531,0.0533
2020-05-08,0.0534,0.0546,0.0534,0.0542
2020-05-11,0.0542,0.0548,0.0539,0.0539
2020-05-12,0.0542,0.055,0.0538,0.0538
2020-05-13,0.0539,0.0547,0.0536,0.0536
2020-05-14,0.0536,0.0542,0.0534,0.0538
2020-05-15,0.0538,0.0544,0.0535,0.0535
2020-05-18,0.0535,0.0545,0.0535,0.0541
2020-05-19,0.0541,0.055,0.0541,0.0541
2020-05-20,0.0541,0.0558,0.0541,0.0554
2020-05-21,0.0557,0.057,0.0555,0.0565
2020-05-22,0.0564,0.0569,0.056,0.0564
2020-05-25,0.0564,0.057,0.0563,0.0563
2020-05-26,0.0563,0.0577,0.0563,0.0572
2020-05-27,0.0573,0.0576,0.057,0.057
2020-05-28,0.0571,0.0578,0.0567,0.0567
2020-05-29,0.0567,0.0573,0.0566,0.0566
2020-06-01,0.0566,0.0572,0.0566,0.0572
2020-06-02,0.0572,0.0584,0.0572,0.0578
2020-06-03,0.0582,0.0592,0.0582,0.0587
2020-06-04,0.0587,0.0593,0.0586,0.0588
2020-06-05,0.0591,0.0597,0.0591,0.0591
2020-06-08,0.0591,0.0599,0.0591,0.0596
2020-06-09,0.0596,0.0602,0.0592,0.06
2020-06-10,0.0597,0.061,0.0597,0.0602
2020-06-11,0.0602,0.0605,0.0578,0.0578
2020-06-12,0.0579,0.059,0.0579,0.0583
2020-06-15,0.0583,0.0585,0.0577,0.0584
2020-06-16,0.058,0.0591,0.0576,0.0576
2020-06-17,0.0576,0.0585,0.0576,0.0578
2020-06-18,0.0578,0.0583,0.0571,0.0571
2020-06-19,0.0569,0.0578,0.0569,0.0573
2020-06-22,0.0573,0.0579,0.0573,0.0574
2020-06-23,0.0575,0.0581,0.0573,0.0577
2020-06-24,0.0579,0.0582,0.057,0.057
2020-06-25,0.057,0.0583,0.057,0.0579
2020-06-26,0.0583,0.0583,0.0574,0.0574
2020-06-29,0.0574,0.0581,0.0574,0.0575
2020-06-30,0.0575,0.0579,0.0572,0.0572
2020-07-01,0.0572,0.0587,0.0572,0.0582
2020-07-02,0.0582,0.0592,0.0582,0.0585
2020-07-03,0.0585,0.0591,0.0584,0.0584
2020-07-06,0.0583,0.0591,0.0583,0.0585
2020-07-07,0.0585,0.059,0.0578,0.0578
2020-07-08,0.0578,0.059,0.0578,0.0586
2020-07-09,0.0586,0.0595,0.0586,0.0589
2020-07-10,0.059,0.0597,0.059,0.0592
2020-07-13,0.0592,0.06,0.059,0.059
2020-07-14,0.0592,0.0597,0.0592,0.0597
2020-07-15,0.0594,0.0605,0.0594,0.0599
2020-07-16,0.0599,0.0602,0.0593,0.0593
2020-07-17,0.0596,0.0601,0.0595,0.0595
2020-07-20,0.0595,0.0602,0.0595,0.0597
2020-07-21,0.0599,0.0611,0.0599,0.0608
2020-07-22,0.0605,0.0611,0.0605,0.0605
2020-07-23,0.0604,0.0609,0.0597,0.0597
2020-07-24,0.0597,0.0601,0.0595,0.0596
2020-07-27,0.0596,0.061,0.0596,0.0605
2020-07-28,0.0605,0.0611,0.0601,0.0601
2020-07-29,0.0603,0.061,0.06,0.06
2020-07-30,0.0602,0.0604,0.0591,0.0592
2020-07-31,0.0595,0.0599,0.0582,0.0582
2020-08-03,0.0582,0.0587,0.0577,0.0578
2020-08-04,0.0578,0.0584,0.0571,0.0571
2020-08-05,0.0574,0.0582,0.0573,0.0573
2020-08-06,0.0573,0.0579,0.0567,0.057
2020-08-07,0.057,0.0574,0.0563,0.0563
2020-08-10,0.0563,0.0568,0.0563,0.0564
2020-08-11,0.0564,0.0573,0.0564,0.0568
2020-08-12,0.0568,0.0576,0.0568,0.0569
2020-08-13,0.057,0.0575,0.057,0.0573
2020-08-14,0.057,0.0577,0.057,0.0572
2020-08-17,0.0572,0.0577,0.0567,0.0567
2020-08-18,0.0569,0.0578,0.0569,0.0573
2020-08-19,0.0575,0.0583,0.0575,0.0578
2020-08-20,0.0576,0.0581,0.0576,0.0578
2020-08-21,0.0575,0.0584,0.0575,0.0579
2020-08-24,0.0579,0.0591,0.0579,0.0588
2020-08-25,0.0586,0.0597,0.0586,0.059
2020-08-26,0.059,0.0596,0.0588,0.0588
2020-08-27,0.0588,0.0594,0.0583,0.0583
2020-08-28,0.0582,0.0603,0.0582,0.0599
2020-08-31,0.0599,0.0604,0.0586,0.0586
2020-09-01,0.0588,0.0603,0.0588,0.0596
2020-09-02,0.0597,0.0601,0.0591,0.0591
2020-09-03,0.0591,0.06,0.0591,0.0593
2020-09-04,0.0596,0.0604,0.0595,0.0598
2020-09-07,0.0598,0.0603,0.0593,0.0593
2020-09-08,0.0593,0.0598,0.0589,0.0589
2020-09-09,0.0586,0.0602,0.0586,0.0597
2020-09-10,0.0597,0.0602,0.0588,0.0588
2020-09-11,0.0588,0.0598,0.0588,0.0594
2020-09-14,0.0593,0.0602,0.0593,0.0596
2020-09-15,0.0596,0.0609,0.0596,0.0605
2020-09-16,0.0607,0.0616,0.0607,0.061
2020-09-17,0.0612,0.0619,0.0609,0.0614
2020-09-18,0.0616,0.0621,0.0608,0.0608
2020-09-21,0.0608,0.0615,0.0591,0.0594
2020-09-22,0.0594,0.0603,0.059,0.0591
2020-09-23,0.0591,0.0595,0.0584,0.0584
2020-09-24,0.058,0.0593,0.058,0.0586
2020-09-25,0.0586,0.0594,0.058,0.058
2020-09-28,0.058,0.0588,0.058,0.0582
2020-09-29,0.0584,0.0592,0.0582,0.0587
2020-09-30,0.059,0.06,0.0588,0.0595
2020-10-01,0.0596,0.0604,0.0596,0.0598
2020-10-02,0.0601,0.0608,0.0596,0.06
2020-10-05,0.0602,0.0611,0.06,0.06
2020-10-06,0.0602,0.0607,0.0593,0.0593
2020-10-07,0.0597,0.0604,0.0597,0.0598
2020-10-08,0.0597,0.0604,0.0597,0.0599
2020-10-09,0.0599,0.0609,0.0599,0.0604
2020-10-12,0.0604,0.0607,0.0604,0.0605
2020-10-13,0.0602,0.0608,0.0602,0.0603
2020-10-14,0.0606,0.0607,0.0601,0.0601
2020-10-15,0.0601,0.0605,0.0596,0.0596
2020-10-16,0.0596,0.0606,0.0596,0.06
2020-10-19,0.06,0.0608,0.06,0.0601
2020-10-20,0.0604,0.0608,0.0604,0.0605
2020-10-21,0.0606,0.0615,0.0606,0.0609
2020-10-22,0.0612,0.0617,0.061,0.0613
2020-10-23,0.0613,0.0618,0.0613,0.0614
2020-10-26,0.0613,0.0619,0.0613,0.0615
2020-10-27,0.0613,0.0621,0.0613,0.0616
2020-10-28,0.0616,0.0617,0.0606,0.0606
2020-10-29,0.0608,0.0614,0.0606,0.0606
2020-10-30,0.0608,0.0617,0.0608,0.0611
2020-11-02,0.0611,0.0617,0.0611,0.0613
2020-11-03,0.0615,0.0624,0.0615,0.0619
2020-11-04,0.0622,0.0631,0.0609,0.0626
2020-11-05,0.0629,0.0637,0.0626,0.0634
2020-11-06,0.0636,0.0641,0.0633,0.0637
2020-11-09,0.0637,0.0657,0.0637,0.0649
2020-11-10,0.0646,0.0649,0.0638,0.0639
2020-11-11,0.0635,0.0643,0.0635,0.0636
2020-11-12,0.0638,0.0644,0.0635,0.0635
2020-11-13,0.0638,0.0645,0.0638,0.0641
2020-11-16,0.0641,0.0653,0.0641,0.0652
2020-11-17,0.0648,0.0653,0.0648,0.065
2020-11-18,0.0645,0.0653,0.0645,0.0646
2020-11-19,0.0643,0.065,0.0642,0.0648
2020-11-20,0.0645,0.0654,0.0645,0.0647
2020-11-23,0.0645,0.0655,0.0645,0.0647
2020-11-24,0.0644,0.0658,0.0644,0.0657
2020-11-25,0.0654,0.0661,0.0654,0.0661
2020-11-26,0.0657,0.0662,0.0657,0.0657
2020-11-27,0.0654,0.0659,0.0652,0.0654
2020-11-30,0.0651,0.0656,0.0646,0.0646
2020-12-01,0.0643,0.0657,0.0643,0.0655
2020-12-02,0.0652,0.0657,0.0649,0.0653
2020-12-03,0.065,0.066,0.065,0.0659
2020-12-04,0.0655,0.066,0.0655,0.0656
2020-12-07,0.0653,0.0662,0.0653,0.0659
2020-12-08,0.0656,0.0668,0.0656,0.0667
2020-12-09,0.0662,0.0671,0.0662,0.0668
2020-12-10,0.0663,0.067,0.0663,0.0665
2020-12-11,0.0661,0.0666,0.066,0.066
2020-12-14,0.0657,0.0668,0.0657,0.0665
2020-12-15,0.0661,0.0672,0.0661,0.0671
2020-12-16,0.0668,0.0675,0.0668,0.0675
2020-12-17,0.0671,0.0683,0.0671,0.0683
2020-12-18,0.0679,0.0688,0.0679,0.0687
2020-12-21,0.0684,0.0687,0.0671,0.0684
2020-12-22,0.0682,0.0686,0.068,0.068
2020-12-23,0.0678,0.0687,0.0678,0.0684
2020-12-24,0.0681,0.0686,0.0681,0.0681
2020-12-25,0.0681,0.0683,0.0681,0.0683
2020-12-28,0.0681,0.0687,0.0681,0.0681
2020-12-29,0.0679,0.0686,0.0679,0.0679
2020-12-30,0.0676,0.0685,0.0676,0.0683
2020-12-31,0.068,0.0686,0.0677,0.0677
2021-01-01,0.068,0.068,0.0678,0.0678
2021-01-04,0.0676,0.0689,0.0675,0.0675
2021-01-05,0.0678,0.0683,0.0663,0.0663
2021-01-06,0.0663,0.0671,0.066,0.066
2021-01-07,0.0659,0.0666,0.0643,0.0643
2021-01-08,0.0646,0.0657,0.0646,0.065
2021-01-11,0.065,0.0653,0.0639,0.0642
2021-01-12,0.064,0.0657,0.064,0.0657
2021-01-13,0.0653,0.0658,0.0653,0.0654
2021-01-14,0.0652,0.0665,0.0652,0.0662
2021-01-15,0.066,0.0663,0.0654,0.0655
2021-01-18,0.0652,0.0659,0.0651,0.0656
2021-01-19,0.0659,0.067,0.0659,0.0664
2021-01-20,0.0666,0.0673,0.0666,0.0667
2021-01-21,0.067,0.0676,0.0666,0.0666
2021-01-22,0.0668,0.067,0.0657,0.0657
2021-01-25,0.0656,0.0663,0.0655,0.0655
2021-01-26,0.0653,0.0664,0.0651,0.0663
2021-01-27,0.066,0.0664,0.0653,0.0654
2021-01-28,0.0651,0.0664,0.0651,0.0657
2021-01-29,0.0653,0.0668,0.0653,0.0658
2021-02-01,0.0655,0.0668,0.0655,0.066
2021-02-02,0.0662,0.0671,0.0662,0.0664
2021-02-03,0.0667,0.0671,0.0665,0.0665
2021-02-04,0.0668,0.0669,0.0662,0.0662
2021-02-05,0.0666,0.0674,0.0665,0.067
2021-02-08,0.067,0.0673,0.0667,0.0671
2021-02-09,0.0668,0.0679,0.0668,0.0678
2021-02-10,0.0675,0.0683,0.0675,0.0677
2021-02-11,0.0674,0.0684,0.0674,0.0683
2021-02-12,0.0679,0.0688,0.0679,0.0686
2021-02-15,0.0683,0.0693,0.0683,0.0691
2021-02-16,0.0688,0.0694,0.068,0.0682
2021-02-17,0.0678,0.0684,0.0675,0.0682
2021-02-18,0.0679,0.0689,0.0679,0.0684
2021-02-19,0.0681,0.0688,0.0679,0.068
2021-02-22,0.0678,0.0683,0.0671,0.0681
2021-02-23,0.0677,0.0687,0.0677,0.0687
2021-02-24,0.0684,0.0694,0.0683,0.0689
2021-02-25,0.0685,0.069,0.0662,0.0666
2021-02-26,0.0662,0.0675,0.0659,0.0661
2021-03-01,0.0658,0.0671,0.0658,0.0665
2021-03-02,0.0663,0.067,0.0662,0.0668
2021-03-03,0.0665,0.0672,0.0661,0.0661
2021-03-04,0.066,0.0666,0.0652,0.0652
2021-03-05,0.065,0.0656,0.0648,0.065
2021-03-08,0.0647,0.0653,0.0643,0.0643
2021-03-09,0.064,0.0654,0.064,0.0653
2021-03-10,0.0649,0.0664,0.0649,0.0662
2021-03-11,0.0659,0.0676,0.0659,0.0673
2021-03-12,0.0671,0.0674,0.0666,0.0668
2021-03-15,0.0665,0.0674,0.0665,0.0668
2021-03-16,0.067,0.0676,0.0668,0.0668
2021-03-17,0.0671,0.0684,0.0668,0.0679
2021-03-18,0.0678,0.0683,0.0675,0.0675
2021-03-19,0.0677,0.0682,0.0675,0.0676
2021-03-22,0.0676,0.0681,0.067,0.0675
2021-03-23,0.0676,0.068,0.0668,0.0668
2021-03-24,0.0671,0.0677,0.0667,0.0667
2021-03-25,0.0668,0.0672,0.0661,0.0661
2021-03-26,0.0664,0.0669,0.0662,0.0662
2021-03-29,0.0662,0.0672,0.0662,0.0666
2021-03-30,0.0666,0.0672,0.0666,0.0667
2021-03-31,0.0667,0.0679,0.0667,0.0675
2021-04-01,0.0676,0.0684,0.0674,0.068
2021-04-02,0.0683,0.0684,0.0678,0.0678
2021-04-05,0.0679,0.0688,0.0679,0.0683
2021-04-06,0.0687,0.069,0.0685,0.0685
2021-04-07,0.0686,0.069,0.0682,0.0682
2021-04-08,0.0683,0.0692,0.0683,0.0684
2021-04-09,0.0688,0.0689,0.0681,0.0681
2021-04-12,0.068,0.0686,0.068,0.0682
2021-04-13,0.0685,0.0689,0.0681,0.0685
2021-04-14,0.0685,0.0695,0.0685,0.069
2021-04-15,0.0692,0.0706,0.0692,0.0701
2021-04-16,0.0704,0.0706,0.0695,0.0695
2021-04-19,0.0695,0.0705,0.0695,0.07
2021-04-20,0.0702,0.0704,0.0695,0.0695
2021-04-21,0.0697,0.0702,0.0697,0.0698
2021-04-22,0.0701,0.0703,0.0695,0.0695
2021-04-23,0.0697,0.0702,0.0697,0.0697
2021-04-26,0.0696,0.0703,0.0696,0.07
2021-04-27,0.0699,0.0701,0.0692,0.0692
2021-04-28,0.0692,0.0703,0.0692,0.0699
2021-04-29,0.0702,0.0706,0.0694,0.0694
2021-04-30,0.0696,0.0699,0.0686,0.0686
2021-05-03,0.0686,0.0695,0.0686,0.069
2021-05-04,0.0693,0.0694,0.0688,0.0689
2021-05-05,0.0686,0.0697,0.0686,0.0693
2021-05-06,0.0693,0.0704,0.0693,0.07
2021-05-07,0.0702,0.0711,0.0701,0.0708
2021-05-10,0.0707,0.0715,0.0707,0.071
2021-05-11,0.071,0.0716,0.071,0.071
2021-05-12,0.0713,0.0716,0.0704,0.0704
2021-05-13,0.0704,0.0711,0.0703,0.0703
2021-05-14,0.0706,0.0713,0.0703,0.0703
2021-05-17,0.0704,0.0709,0.0704,0.0708
2021-05-18,0.0707,0.0716,0.0707,0.071
2021-05-19,0.071,0.0715,0.0705,0.0705
2021-05-20,0.0707,0.0716,0.0707,0.0711
2021-05-21,0.0711,0.0719,0.0711,0.0712
2021-05-24,0.0712,0.0719,0.0712,0.0714
2021-05-25,0.0714,0.0723,0.0714,0.0719
2021-05-26,0.0717,0.0727,0.0717,0.0723
2021-05-27,0.0723,0.0731,0.0723,0.0723
2021-05-28,0.0722,0.0727,0.0721,0.0721
2021-05-31,0.0721,0.0729,0.0721,0.0724
2021-06-01,0.0727,0.073,0.0723,0.0723
2021-06-02,0.0723,0.074,0.0723,0.0736
2021-06-03,0.0736,0.074,0.0729,0.0729
2021-06-04,0.0733,0.0745,0.0731,0.0741
2021-06-07,0.0741,0.0745,0.0736,0.0736
2021-06-08,0.0738,0.0741,0.0733,0.0733
2021-06-09,0.0735,0.0739,0.0727,0.0728
2021-06-10,0.0727,0.0736,0.0727,0.0731
2021-06-11,0.0733,0.0739,0.0727,0.0727
2021-06-14,0.0727,0.0729,0.0721,0.0721
2021-06-15,0.0722,0.0729,0.0722,0.0723
2021-06-16,0.0721,0.073,0.0712,0.0712
2021-06-17,0.0709,0.0716,0.0707,0.0708
2021-06-18,0.0707,0.0711,0.0691,0.0691
2021-06-21,0.0691,0.0703,0.0691,0.07
2021-06-22,0.0701,0.0703,0.0696,0.0697
2021-06-23,0.0697,0.0706,0.0697,0.0699
2021-06-24,0.0702,0.0706,0.07,0.07
2021-06-25,0.0702,0.0713,0.0702,0.0703
2021-06-28,0.0703,0.0706,0.0697,0.0697
2021-06-29,0.07,0.0701,0.0694,0.0694
2021-06-30,0.0696,0.0703,0.0696,0.0696
2021-07-01,0.0699,0.0702,0.0688,0.0688
2021-07-02,0.0691,0.0703,0.0689,0.0697
2021-07-05,0.0698,0.0703,0.0698,0.07
2021-07-06,0.0697,0.0705,0.0694,0.0694
2021-07-07,0.0692,0.0701,0.0692,0.0694
2021-07-08,0.0697,0.0699,0.0693,0.0694
2021-07-09,0.0694,0.0703,0.0694,0.0702
2021-07-12,0.0701,0.0702,0.069,0.069
2021-07-13,0.069,0.0695,0.0675,0.0675
2021-07-14,0.0675,0.0692,0.0675,0.0686
2021-07-15,0.0687,0.0692,0.0684,0.0684
2021-07-16,0.0686,0.0697,0.0686,0.0687
2021-07-19,0.0687,0.0694,0.0685,0.0685
2021-07-20,0.0685,0.0689,0.0681,0.0681
2021-07-21,0.0681,0.0687,0.0679,0.0683
2021-07-22,0.0683,0.0689,0.0676,0.0676
2021-07-23,0.0678,0.068,0.067,0.067
2021-07-26,0.067,0.0677,0.0667,0.0672
2021-07-27,0.0671,0.0677,0.0669,0.0673
2021-07-28,0.0672,0.0679,0.0672,0.0674
2021-07-29,0.0675,0.0688,0.0675,0.0682
2021-07-30,0.0682,0.0688,0.0682,0.0682
2021-08-02,0.0682,0.0695,0.0682,0.0687
2021-08-03,0.0688,0.0699,0.0688,0.0695
2021-08-04,0.0697,0.0703,0.0692,0.0692
2021-08-05,0.0694,0.0697,0.0683,0.0688
2021-08-06,0.0688,0.0691,0.068,0.068
2021-08-09,0.0679,0.0686,0.0673,0.0673
2021-08-10,0.0673,0.0678,0.0672,0.0672
2021-08-11,0.0672,0.0683,0.0671,0.068
2021-08-12,0.0679,0.0683,0.0675,0.0675
2021-08-13,0.0673,0.068,0.0673,0.0675
2021-08-16,0.0675,0.068,0.067,0.067
2021-08-17,0.0672,0.0676,0.0667,0.0667
2021-08-18,0.0666,0.0673,0.0664,0.0664
2021-08-19,0.0667,0.0668,0.0653,0.0653
2021-08-20,0.0655,0.0657,0.065,0.065
2021-08-23,0.065,0.0661,0.065,0.066
2021-08-24,0.0659,0.0667,0.0659,0.0663
2021-08-25,0.0665,0.067,0.0665,0.0665
2021-08-26,0.0664,0.0671,0.0664,0.0666
2021-08-27,0.0668,0.068,0.0668,0.0675
2021-08-30,0.0676,0.0685,0.0676,0.0679
2021-08-31,0.0679,0.0691,0.0679,0.0688
2021-09-01,0.0685,0.0695,0.0685,0.0689
2021-09-02,0.069,0.0698,0.0688,0.0688
2021-09-03,0.0688,0.0701,0.0688,0.0695
2021-09-06,0.0695,0.0702,0.0695,0.0698
2021-09-07,0.0698,0.0702,0.0695,0.0695
2021-09-08,0.0697,0.0705,0.0697,0.07
2021-09-09,0.07,0.0709,0.07,0.0701
2021-09-10,0.0702,0.0711,0.07,0.07
2021-09-13,0.07,0.0707,0.07,0.0703
2021-09-14,0.0703,0.0707,0.0695,0.0695
2021-09-15,0.0695,0.0701,0.0689,0.0689
2021-09-16,0.0689,0.0695,0.0682,0.0682
2021-09-17,0.0681,0.0687,0.0673,0.0673
2021-09-20,0.0673,0.0678,0.0673,0.0673
2021-09-21,0.0674,0.0681,0.0669,0.0669
2021-09-22,0.0669,0.0682,0.0669,0.0671
2021-09-23,0.067,0.0686,0.067,0.0674
2021-09-24,0.0676,0.0677,0.0665,0.0665
2021-09-27,0.0664,0.0672,0.0663,0.0664
2021-09-28,0.0664,0.067,0.0659,0.0659
2021-09-29,0.0658,0.0668,0.0657,0.0657
2021-09-30,0.0655,0.0667,0.0655,0.0663
2021-10-01,0.066,0.0673,0.066,0.0668
2021-10-04,0.0668,0.0672,0.0661,0.0661
2021-10-05,0.066,0.0668,0.066,0.0663
2021-10-06,0.0663,0.0668,0.0659,0.0665
2021-10-07,0.0663,0.0674,0.0663,0.0665
2021-10-08,0.0668,0.0676,0.0666,0.0666
2021-10-11,0.0666,0.0671,0.066,0.066
2021-10-12,0.066,0.067,0.066,0.0664
2021-10-13,0.0664,0.0675,0.0664,0.0672
2021-10-14,0.0675,0.068,0.0672,0.0672
2021-10-15,0.0675,0.0685,0.0675,0.0681
2021-10-18,0.0681,0.0684,0.0676,0.0678
2021-10-19,0.0678,0.0689,0.0678,0.0684
2021-10-20,0.0684,0.0696,0.0684,0.0689
2021-10-21,0.0692,0.0694,0.0677,0.0677
2021-10-22,0.068,0.0686,0.0671,0.0671
2021-10-25,0.0671,0.0681,0.0671,0.0677
2021-10-26,0.0676,0.0682,0.0669,0.0669
2021-10-27,0.067,0.0674,0.066,0.066
2021-10-28,0.0663,0.0663,0.0657,0.0657
2021-10-29,0.0659,0.0661,0.0652,0.0652
2021-11-01,0.0652,0.0656,0.0645,0.0645
2021-11-02,0.0647,0.0651,0.0644,0.0644
2021-11-03,0.0646,0.0656,0.0646,0.0651
2021-11-04,0.0654,0.066,0.0652,0.0653
2021-11-05,0.0653,0.0665,0.0653,0.066
2021-11-08,0.066,0.0671,0.066,0.0669
2021-11-09,0.0666,0.0672,0.0662,0.0662
2021-11-10,0.0661,0.0664,0.0646,0.0646
2021-11-11,0.0644,0.0658,0.0644,0.0651
2021-11-12,0.065,0.0656,0.065,0.065
2021-11-15,0.0649,0.0659,0.0649,0.0654
2021-11-16,0.0652,0.0658,0.0643,0.0643
2021-11-17,0.0641,0.0647,0.0641,0.0645
2021-11-18,0.0641,0.0647,0.0635,0.0639
2021-11-19,0.0635,0.0643,0.0634,0.0634
2021-11-22,0.0633,0.0637,0.063,0.063
2021-11-23,0.0627,0.0634,0.0627,0.063
2021-11-24,0.0628,0.0632,0.0627,0.0628
2021-11-25,0.0626,0.0632,0.0626,0.0626
2021-11-26,0.0622,0.0625,0.0612,0.0613
2021-11-29,0.0609,0.0622,0.0609,0.0618
2021-11-30,0.0616,0.063,0.0616,0.0628
2021-12-01,0.0625,0.0635,0.0623,0.0623
2021-12-02,0.0619,0.0634,0.0619,0.0626
2021-12-03,0.0623,0.0632,0.062,0.0621
2021-12-06,0.0616,0.0631,0.0616,0.0627
2021-12-07,0.0625,0.0631,0.0624,0.063
2021-12-08,0.0627,0.0638,0.0627,0.0636
2021-12-09,0.0632,0.0637,0.0625,0.0625
2021-12-10,0.0623,0.0629,0.0622,0.0625
2021-12-13,0.0622,0.063,0.0622,0.0624
2021-12-14,0.062,0.0625,0.0619,0.0621
2021-12-15,0.0617,0.0626,0.0616,0.0626
2021-12-16,0.0622,0.0628,0.0622,0.0624
2021-12-17,0.0626,0.0632,0.0626,0.0627
2021-12-20,0.0626,0.0635,0.0626,0.0632
2021-12-21,0.063,0.0634,0.063,0.063
2021-12-22,0.0627,0.0637,0.0627,0.0636
2021-12-23,0.0631,0.064,0.0631,0.0637
2021-12-24,0.0635,0.0644,0.0635,0.0639
2021-12-27,0.0639,0.0645,0.0639,0.0639
2021-12-28,0.0642,0.0644,0.0632,0.0633
2021-12-29,0.063,0.0635,0.0626,0.0626
2021-12-30,0.0624,0.0629,0.0624,0.0628
2021-12-31,0.0625,0.0629,0.0625,0.0626
2022-01-03,0.0623,0.0633,0.0623,0.063
2022-01-04,0.0627,0.0632,0.0622,0.0624
2022-01-05,0.0621,0.0636,0.0621,0.0628
2022-01-06,0.0625,0.0638,0.0625,0.0634
2022-01-07,0.0632,0.0642,0.0632,0.064
2022-01-10,0.0638,0.0642,0.0636,0.0637
2022-01-11,0.0634,0.0644,0.0634,0.0644
2022-01-12,0.064,0.0653,0.064,0.0653
2022-01-13,0.0649,0.0655,0.0648,0.0649
2022-01-14,0.0645,0.0654,0.0645,0.065
2022-01-17,0.0647,0.0651,0.0647,0.065
2022-01-18,0.0646,0.065,0.0643,0.0644
2022-01-19,0.064,0.0654,0.064,0.0652
2022-01-20,0.0649,0.0662,0.0649,0.0656
2022-01-21,0.0653,0.0663,0.0653,0.0661
2022-01-24,0.0658,0.0662,0.065,0.0655
2022-01-25,0.0651,0.0657,0.0651,0.0655
2022-01-26,0.0653,0.0661,0.0651,0.0652
2022-01-27,0.0648,0.0657,0.0645,0.0646
2022-01-28,0.0643,0.0647,0.0637,0.064
2022-01-31,0.0637,0.0651,0.0637,0.0649
2022-02-01,0.0646,0.0657,0.0646,0.0655
2022-02-02,0.0651,0.0657,0.065,0.0652
2022-02-03,0.0648,0.0656,0.0648,0.0655
2022-02-04,0.065,0.0656,0.0644,0.0645
2022-02-07,0.0643,0.0649,0.0643,0.0645
2022-02-08,0.0641,0.0651,0.0641,0.0651
2022-02-09,0.0648,0.0659,0.0648,0.0657
2022-02-10,0.0654,0.0667,0.0654,0.0659
2022-02-11,0.0655,0.0664,0.0655,0.0656
2022-02-14,0.0653,0.0662,0.0653,0.0661
2022-02-15,0.0657,0.0666,0.0656,0.0661
2022-02-16,0.0658,0.0667,0.0658,0.0667
2022-02-17,0.0663,0.067,0.0663,0.0666
2022-02-18,0.0663,0.0669,0.066,0.0661
2022-02-21,0.0657,0.0664,0.0657,0.0658
2022-02-22,0.0656,0.0665,0.0656,0.0664
2022-02-23,0.066,0.0667,0.066,0.066
2022-02-24,0.0657,0.0661,0.0645,0.0651
2022-02-25,0.0647,0.0661,0.0647,0.0659
2022-02-28,0.0657,0.0657,0.0646,0.0651
2022-03-01,0.0647,0.0655,0.0646,0.0649
2022-03-02,0.0645,0.0654,0.0643,0.0652
2022-03-03,0.0649,0.0659,0.0649,0.0658
2022-03-04,0.0654,0.0658,0.0646,0.0652
2022-03-07,0.0645,0.0655,0.0645,0.065
2022-03-08,0.0647,0.0657,0.0647,0.0653
2022-03-09,0.0651,0.0667,0.0651,0.0666
2022-03-10,0.0663,0.0666,0.066,0.0664
2022-03-11,0.0661,0.0667,0.0661,0.0664
2022-03-14,0.0661,0.0665,0.0657,0.0657
2022-03-15,0.0657,0.0664,0.0657,0.0658
2022-03-16,0.0661,0.067,0.0661,0.0666
2022-03-17,0.0666,0.0673,0.0666,0.0666
2022-03-18,0.067,0.067,0.0664,0.0664
2022-03-21,0.0664,0.0672,0.0664,0.0668
2022-03-22,0.0667,0.0676,0.0667,0.0671
2022-03-23,0.0671,0.0678,0.0671,0.0674
2022-03-24,0.0674,0.0688,0.0674,0.0685
2022-03-25,0.0685,0.069,0.0683,0.0683
2022-03-28,0.0683,0.0689,0.0678,0.0678
2022-03-29,0.0678,0.0689,0.0678,0.0684
2022-03-30,0.0684,0.0692,0.0684,0.0686
2022-03-31,0.0686,0.0694,0.0681,0.0681
2022-04-01,0.0682,0.0687,0.0681,0.0681
2022-04-04,0.0678,0.0686,0.0678,0.0682
2022-04-05,0.0682,0.0688,0.0677,0.0677
2022-04-06,0.0677,0.0684,0.0677,0.0677
2022-04-07,0.0677,0.0682,0.0674,0.0674
2022-04-08,0.0674,0.0683,0.0674,0.0679
2022-04-11,0.0679,0.0687,0.0679,0.0682
2022-04-12,0.0684,0.0691,0.0684,0.0687
2022-04-13,0.0687,0.0692,0.0683,0.0683
2022-04-14,0.0683,0.0689,0.0678,0.0678
2022-04-15,0.0678,0.0684,0.0678,0.068
2022-04-18,0.068,0.0684,0.0677,0.0677
2022-04-19,0.0678,0.0681,0.0665,0.0665
2022-04-20,0.0664,0.0669,0.0661,0.0661
2022-04-21,0.0663,0.0665,0.0646,0.0646
2022-04-22,0.0647,0.065,0.0636,0.0636
2022-04-25,0.0636,0.0641,0.0634,0.0636
2022-04-26,0.0636,0.0639,0.0627,0.0627
2022-04-27,0.0627,0.0634,0.0626,0.0626
2022-04-28,0.0628,0.0631,0.062,0.0623
2022-04-29,0.0623,0.0635,0.0623,0.0628
2022-05-02,0.0628,0.0634,0.0617,0.0617
2022-05-03,0.0617,0.0634,0.0617,0.0629
2022-05-04,0.0632,0.0648,0.063,0.0642
2022-05-05,0.0646,0.0647,0.0621,0.0621
2022-05-06,0.0621,0.0628,0.0619,0.062
2022-05-09,0.062,0.0627,0.0612,0.0612
2022-05-10,0.0612,0.0622,0.0612,0.0616
2022-05-11,0.0615,0.0625,0.0615,0.0618
2022-05-12,0.0618,0.0622,0.0615,0.0618
2022-05-13,0.0619,0.0625,0.0614,0.0615
2022-05-16,0.0615,0.062,0.0613,0.0614
2022-05-17,0.0614,0.0629,0.0614,0.0624
2022-05-18,0.0624,0.0629,0.0618,0.0618
2022-05-19,0.0618,0.0634,0.0618,0.0628
2022-05-20,0.0628,0.0633,0.0628,0.0628
2022-05-23,0.0628,0.0639,0.0628,0.063
2022-05-24,0.0631,0.0639,0.0631,0.0635
2022-05-25,0.0637,0.0642,0.0632,0.0632
2022-05-26,0.0632,0.0637,0.0631,0.0632
2022-05-27,0.0632,0.0643,0.0632,0.0638
2022-05-30,0.0638,0.0647,0.0638,0.0642
2022-05-31,0.0644,0.0645,0.0636,0.0636
2022-06-01,0.0635,0.0645,0.0635,0.0638
2022-06-02,0.0638,0.0647,0.0638,0.0644
2022-06-03,0.0642,0.065,0.0639,0.0639
2022-06-06,0.0639,0.0653,0.0639,0.0644
2022-06-07,0.0644,0.0652,0.0644,0.0646
2022-06-08,0.0646,0.0655,0.0646,0.0652
2022-06-09,0.065,0.0659,0.0642,0.0642
2022-06-10,0.0641,0.0649,0.0627,0.0627
2022-06-13,0.0627,0.0631,0.0616,0.0616
2022-06-14,0.0618,0.0625,0.0618,0.0619
2022-06-15,0.0621,0.0636,0.0621,0.0629
2022-06-16,0.0629,0.0634,0.0621,0.0621
2022-06-17,0.0623,0.063,0.062,0.062
2022-06-20,0.0621,0.0626,0.0619,0.0619
2022-06-21,0.0622,0.0631,0.0622,0.0624
2022-06-22,0.0626,0.063,0.0624,0.0624
2022-06-23,0.0624,0.0628,0.0622,0.0622
2022-06-24,0.0624,0.0634,0.0624,0.0629
2022-06-27,0.0629,0.0634,0.0627,0.0627
2022-06-28,0.0629,0.0632,0.0621,0.0621
2022-06-29,0.062,0.0623,0.0612,0.0612
2022-06-30,0.0614,0.0618,0.0608,0.061
2022-07-01,0.0613,0.0614,0.0607,0.0607
2022-07-04,0.0608,0.0615,0.0608,0.0608
2022-07-05,0.0609,0.0616,0.0601,0.0601
2022-07-06,0.0603,0.0605,0.0591,0.0591
2022-07-07,0.0591,0.0599,0.0591,0.0596
2022-07-08,0.0597,0.0599,0.0589,0.0589
2022-07-11,0.0589,0.0593,0.0582,0.0582
2022-07-12,0.0584,0.059,0.0582,0.0584
2022-07-13,0.0587,0.0593,0.0583,0.0587
2022-07-14,0.0587,0.059,0.0578,0.058
2022-07-15,0.0578,0.0586,0.0578,0.0582
2022-07-18,0.0582,0.0589,0.0581,0.0581
2022-07-19,0.0584,0.0589,0.0581,0.0581
2022-07-20,0.0584,0.0586,0.0579,0.0579
2022-07-21,0.0583,0.0588,0.058,0.0584
2022-07-22,0.0582,0.0595,0.0582,0.059
2022-07-25,0.059,0.0598,0.059,0.0591
2022-07-26,0.0594,0.0599,0.0587,0.0587
2022-07-27,0.0587,0.06,0.0587,0.0594
2022-07-28,0.0598,0.0606,0.0595,0.0601
2022-07-29,0.0603,0.061,0.0597,0.0597
2022-08-01,0.0597,0.0609,0.0597,0.0603
2022-08-02,0.0602,0.0608,0.0591,0.0591
2022-08-03,0.0593,0.0599,0.0592,0.0592
2022-08-04,0.0593,0.0602,0.0593,0.0598
2022-08-05,0.0601,0.0604,0.0592,0.0592
2022-08-08,0.0592,0.0603,0.0592,0.0597
2022-08-09,0.0599,0.0603,0.0598,0.0598
2022-08-10,0.0598,0.062,0.0598,0.0613
2022-08-11,0.0613,0.062,0.0613,0.0613
2022-08-12,0.0611,0.0618,0.0611,0.0613
2022-08-15,0.0612,0.0617,0.0605,0.0605
2022-08-16,0.0607,0.0611,0.0606,0.0606
2022-08-17,0.0606,0.061,0.0597,0.0597
2022-08-18,0.0599,0.0601,0.0589,0.0589
2022-08-19,0.0588,0.0592,0.0584,0.0584
2022-08-22,0.0584,0.0588,0.0584,0.0585
2022-08-23,0.0587,0.0591,0.0584,0.0587
2022-08-24,0.0585,0.0591,0.0585,0.0589
2022-08-25,0.0588,0.0598,0.0588,0.0593
2022-08-26,0.0593,0.0598,0.0588,0.0588
2022-08-29,0.0589,0.0595,0.0589,0.0592
2022-08-30,0.0592,0.0597,0.0587,0.0587
2022-08-31,0.0585,0.0592,0.058,0.058
2022-09-01,0.0581,0.0585,0.0575,0.0575
2022-09-02,0.0577,0.0581,0.0574,0.0574
2022-09-05,0.0574,0.0583,0.0574,0.0578
2022-09-06,0.0581,0.0586,0.0574,0.0574
2022-09-07,0.0577,0.058,0.0573,0.0575
2022-09-08,0.0578,0.058,0.0567,0.0567
2022-09-09,0.0569,0.058,0.0569,0.0574
2022-09-12,0.0574,0.0586,0.0574,0.058
2022-09-13,0.058,0.0588,0.0569,0.0569
2022-09-14,0.0569,0.0575,0.0568,0.0568
2022-09-15,0.0568,0.0573,0.0565,0.0565
2022-09-16,0.0565,0.0569,0.0564,0.0564
2022-09-19,0.0564,0.0567,0.0562,0.0562
2022-09-20,0.0564,0.0567,0.0562,0.0563
2022-09-21,0.0564,0.0569,0.056,0.056
2022-09-22,0.056,0.0573,0.056,0.0564
2022-09-23,0.0564,0.0569,0.0553,0.0553
2022-09-26,0.0555,0.0556,0.0549,0.0549
2022-09-27,0.055,0.056,0.055,0.0551
2022-09-28,0.0551,0.0561,0.0549,0.0557
2022-09-29,0.0557,0.0559,0.0552,0.0552
2022-09-30,0.0552,0.0559,0.0549,0.0549
2022-10-03,0.0549,0.056,0.0549,0.0557
2022-10-04,0.0557,0.0568,0.0557,0.0563
2022-10-05,0.0563,0.0568,0.0559,0.056
2022-10-06,0.056,0.0565,0.0553,0.0553
2022-10-07,0.0553,0.0556,0.0548,0.0548
2022-10-10,0.0548,0.0554,0.0548,0.0549
2022-10-11,0.0548,0.0555,0.0546,0.0546
2022-10-12,0.0546,0.0551,0.0543,0.0543
2022-10-13,0.0545,0.0549,0.054,0.0544
2022-10-14,0.0544,0.0552,0.0541,0.0541
2022-10-17,0.0541,0.0555,0.0541,0.0549
2022-10-18,0.0549,0.0556,0.0548,0.0548
2022-10-19,0.0548,0.0553,0.0542,0.0542
2022-10-20,0.0542,0.055,0.0542,0.0542
2022-10-21,0.0542,0.0553,0.054,0.0549
2022-10-24,0.0549,0.0553,0.0539,0.0539
2022-10-25,0.054,0.0549,0.054,0.0545
2022-10-26,0.0548,0.0558,0.0548,0.0553
2022-10-27,0.0553,0.0559,0.0552,0.0552
2022-10-28,0.0552,0.0558,0.0547,0.0547
2022-10-31,0.0549,0.0551,0.0541,0.0541
2022-11-01,0.0543,0.0553,0.0543,0.0545
2022-11-02,0.0545,0.0555,0.0544,0.0544
2022-11-03,0.0546,0.0549,0.0539,0.0539
2022-11-04,0.0542,0.0559,0.0542,0.0555
2022-11-07,0.0555,0.0565,0.0554,0.056
2022-11-08,0.056,0.0566,0.056,0.056
2022-11-09,0.0561,0.0566,0.0558,0.0558
2022-11-10,0.0559,0.0576,0.0559,0.0572
2022-11-11,0.0572,0.058,0.0572,0.0576
2022-11-14,0.0575,0.058,0.0574,0.0574
2022-11-15,0.0574,0.0584,0.0573,0.0573
2022-11-16,0.0574,0.0581,0.0574,0.0578
2022-11-17,0.0575,0.0581,0.057,0.0572
2022-11-18,0.0572,0.058,0.0572,0.0579
2022-11-21,0.0576,0.0579,0.0573,0.0574
2022-11-22,0.0572,0.058,0.0572,0.0579
2022-11-23,0.0576,0.0589,0.0576,0.0586
2022-11-24,0.0584,0.0591,0.0584,0.0584
2022-11-25,0.0584,0.0589,0.0581,0.0581
2022-11-28,0.0582,0.0585,0.0579,0.0579
2022-11-29,0.0579,0.059,0.0579,0.0588
2022-11-30,0.0584,0.0591,0.0579,0.058
2022-12-01,0.0578,0.0585,0.0557,0.0567
2022-12-02,0.0564,0.0579,0.0564,0.0566
2022-12-05,0.0566,0.0583,0.0566,0.057
2022-12-06,0.057,0.0579,0.057,0.0573
2022-12-07,0.0573,0.0585,0.0573,0.0579
2022-12-08,0.0579,0.0584,0.0578,0.0578
2022-12-09,0.0581,0.0584,0.0572,0.0572
2022-12-12,0.0573,0.0579,0.0565,0.0565
2022-12-13,0.0565,0.058,0.0564,0.0576
2022-12-14,0.0576,0.0586,0.0576,0.0579
2022-12-15,0.0579,0.0582,0.0566,0.0566
2022-12-16,0.0568,0.0573,0.0565,0.0566
2022-12-19,0.0563,0.0581,0.0563,0.0573
2022-12-20,0.0574,0.0579,0.0574,0.0574
2022-12-21,0.0574,0.0583,0.0574,0.058
2022-12-22,0.0577,0.0586,0.0577,0.0579
2022-12-23,0.0579,0.0589,0.0579,0.0584
2022-12-26,0.0583,0.0587,0.0583,0.0584
2022-12-27,0.0584,0.0589,0.0578,0.058
2022-12-28,0.0579,0.0585,0.0579,0.058
2022-12-29,0.058,0.0592,0.058,0.0586
2022-12-30,0.0586,0.0591,0.0586,0.0586
2023-01-02,0.0586,0.059,0.0584,0.0584
2023-01-03,0.0585,0.059,0.0584,0.0584
2023-01-04,0.0584,0.0595,0.0584,0.0588
2023-01-05,0.0588,0.0592,0.0579,0.0582
2023-01-06,0.0579,0.0585,0.0574,0.0583
2023-01-09,0.0579,0.0592,0.0579,0.0586
2023-01-10,0.0586,0.0591,0.0584,0.0584
2023-01-11,0.0583,0.0592,0.0583,0.0587
2023-01-12,0.0587,0.0598,0.0587,0.0593
2023-01-13,0.0593,0.0598,0.0591,0.0592
2023-01-16,0.0591,0.0597,0.0585,0.0585
2023-01-17,0.0583,0.0589,0.0583,0.0583
2023-01-18,0.0582,0.0592,0.058,0.058
2023-01-19,0.0581,0.0585,0.0576,0.0578
2023-01-20,0.0574,0.0584,0.0574,0.0583
2023-01-23,0.0581,0.0585,0.0581,0.0581
2023-01-24,0.0578,0.0582,0.0578,0.058
2023-01-25,0.0577,0.0584,0.0577,0.0583
2023-01-26,0.058,0.0587,0.0578,0.0578
2023-01-27,0.0578,0.0582,0.0577,0.0577
2023-01-30,0.0577,0.0582,0.0574,0.0574
2023-01-31,0.0571,0.0575,0.0571,0.0571
2023-02-01,0.057,0.0588,0.057,0.0586
2023-02-02,0.0583,0.059,0.0582,0.0582
2023-02-03,0.0582,0.0586,0.0568,0.0568
2023-02-06,0.0568,0.0572,0.0565,0.0566
2023-02-07,0.0562,0.0572,0.0562,0.0566
2023-02-08,0.0566,0.0572,0.0559,0.0559
2023-02-09,0.0559,0.0568,0.0559,0.0559
2023-02-10,0.0559,0.0564,0.0555,0.0555
2023-02-13,0.0554,0.0561,0.0553,0.0556
2023-02-14,0.0556,0.0566,0.0556,0.0557
2023-02-15,0.0555,0.0558,0.0553,0.0554
2023-02-16,0.055,0.0556,0.0549,0.0549
2023-02-17,0.0547,0.0555,0.0547,0.0553
2023-02-20,0.055,0.0555,0.0549,0.0549
2023-02-21,0.0552,0.0552,0.0544,0.0544
2023-02-22,0.0547,0.0551,0.0544,0.0544
2023-02-23,0.0546,0.0549,0.0545,0.0545
2023-02-24,0.0547,0.0549,0.0539,0.0539
2023-02-27,0.054,0.0545,0.0539,0.0539
2023-02-28,0.0542,0.0547,0.0541,0.0541
2023-03-01,0.0541,0.0552,0.0541,0.0548
2023-03-02,0.0548,0.0551,0.0545,0.0545
2023-03-03,0.0548,0.0553,0.0547,0.0547
2023-03-06,0.0547,0.0551,0.0544,0.0544
2023-03-07,0.0544,0.0548,0.0534,0.0534
2023-03-08,0.0536,0.0541,0.0533,0.0533
2023-03-09,0.0534,0.0541,0.0534,0.0538
2023-03-10,0.0535,0.0549,0.0535,0.0544
2023-03-13,0.0541,0.0552,0.0541,0.0545
2023-03-14,0.0545,0.0554,0.0545,0.0549
2023-03-15,0.055,0.0552,0.0541,0.0542
2023-03-16,0.0539,0.0547,0.0539,0.054
2023-03-17,0.0543,0.0547,0.0537,0.0537
2023-03-20,0.0537,0.0545,0.0536,0.0536
2023-03-21,0.0539,0.0541,0.0537,0.0537
2023-03-22,0.0537,0.055,0.0537,0.0544
2023-03-23,0.0545,0.0554,0.0545,0.0549
2023-03-24,0.0551,0.0552,0.0547,0.0547
2023-03-27,0.0547,0.0551,0.0542,0.0542
2023-03-28,0.0544,0.0551,0.0544,0.0547
2023-03-29,0.0549,0.0553,0.0548,0.0548
2023-03-30,0.0551,0.0562,0.0551,0.0557
2023-03-31,0.056,0.0564,0.0558,0.0558
2023-04-03,0.0558,0.0562,0.0557,0.0557
2023-04-04,0.056,0.0563,0.0554,0.0554
2023-04-05,0.0557,0.056,0.055,0.055
2023-04-06,0.055,0.0553,0.0544,0.0544
2023-04-07,0.0546,0.055,0.0546,0.0546
2023-04-10,0.0545,0.0548,0.0536,0.0536
2023-04-11,0.0539,0.0547,0.0539,0.0543
2023-04-12,0.0542,0.0548,0.0542,0.0542
2023-04-13,0.0539,0.0554,0.0539,0.0552
2023-04-14,0.055,0.0555,0.0549,0.0549
2023-04-17,0.0549,0.0554,0.0542,0.0542
2023-04-18,0.0542,0.0551,0.0542,0.0546
2023-04-19,0.0546,0.0553,0.0546,0.0546
2023-04-20,0.0545,0.0555,0.0545,0.0551
2023-04-21,0.0553,0.0555,0.0549,0.0549
2023-04-24,0.0549,0.0553,0.0547,0.0547
2023-04-25,0.0549,0.0551,0.0541,0.0541
2023-04-26,0.0541,0.0547,0.0539,0.0539
2023-04-27,0.0543,0.0548,0.0543,0.0543
2023-04-28,0.0543,0.0547,0.0543,0.0543
2023-05-01,0.0543,0.0547,0.054,0.054
2023-05-02,0.054,0.0545,0.0537,0.0537
2023-05-03,0.0537,0.0549,0.0537,0.0545
2023-05-04,0.0546,0.055,0.0543,0.0543
2023-05-05,0.0545,0.0547,0.0539,0.0539
2023-05-08,0.0539,0.0547,0.0539,0.0541
2023-05-09,0.0545,0.0546,0.0533,0.0533
2023-05-10,0.0533,0.0537,0.0526,0.0526
2023-05-11,0.0529,0.053,0.0517,0.0517
2023-05-12,0.0517,0.0521,0.0513,0.0513
2023-05-15,0.0513,0.0526,0.0513,0.0521
2023-05-16,0.0522,0.0526,0.052,0.052
2023-05-17,0.052,0.0524,0.0515,0.0515
2023-05-18,0.0518,0.0519,0.0513,0.0513
2023-05-19,0.0513,0.0519,0.0511,0.0511
2023-05-22,0.051,0.052,0.051,0.0516
2023-05-23,0.0518,0.0521,0.0517,0.0517
2023-05-24,0.0517,0.0522,0.0515,0.0515
2023-05-25,0.0519,0.0519,0.0501,0.0501
2023-05-26,0.0503,0.0511,0.0503,0.0505
2023-05-29,0.0505,0.0509,0.0504,0.0504
2023-05-30,0.0504,0.0509,0.0504,0.0504
2023-05-31,0.0504,0.0508,0.0503,0.0503
2023-06-01,0.0503,0.051,0.0503,0.0505
2023-06-02,0.0505,0.0515,0.0505,0.0509
2023-06-05,0.0509,0.052,0.0509,0.0515
2023-06-06,0.0514,0.0521,0.0514,0.0516
2023-06-07,0.0517,0.0526,0.0517,0.052
2023-06-08,0.052,0.0531,0.052,0.0527
2023-06-09,0.0529,0.0534,0.0529,0.053
2023-06-12,0.0529,0.054,0.0529,0.0534
2023-06-13,0.0534,0.054,0.0533,0.0533
2023-06-14,0.0533,0.0547,0.0533,0.0541
2023-06-15,0.0545,0.0549,0.0542,0.0545
2023-06-16,0.0545,0.0551,0.0545,0.0546
2023-06-19,0.0546,0.0551,0.0545,0.0545
2023-06-20,0.0546,0.0551,0.054,0.054
2023-06-21,0.054,0.0546,0.054,0.0542
2023-06-22,0.0542,0.0546,0.0536,0.0536
2023-06-23,0.0539,0.054,0.0531,0.0531
2023-06-26,0.0531,0.0538,0.0531,0.0532
2023-06-27,0.0532,0.0542,0.0532,0.054
2023-06-28,0.0539,0.054,0.0532,0.0532
2023-06-29,0.0532,0.0536,0.0529,0.0529
2023-06-30,0.0529,0.0533,0.0526,0.0529
2023-07-03,0.0527,0.0535,0.0527,0.053
2023-07-04,0.0529,0.0537,0.0529,0.0532
2023-07-05,0.0533,0.0536,0.0529,0.0529
2023-07-06,0.0529,0.0533,0.052,0.052
2023-07-07,0.0523,0.0531,0.0523,0.0528
2023-07-10,0.0526,0.0533,0.0526,0.0528
2023-07-11,0.0529,0.0541,0.0529,0.0536
2023-07-12,0.0536,0.0551,0.0536,0.0547
2023-07-13,0.0548,0.0558,0.0548,0.0554
2023-07-14,0.0554,0.0558,0.0549,0.0549
2023-07-17,0.0549,0.0555,0.0549,0.055
2023-07-18,0.0552,0.0561,0.0552,0.0556
2023-07-19,0.0559,0.0561,0.0555,0.0555
2023-07-20,0.0557,0.0563,0.0556,0.0556
2023-07-21,0.0556,0.0559,0.0554,0.0554
2023-07-24,0.0553,0.0564,0.0553,0.0562
2023-07-25,0.0562,0.057,0.0562,0.0565
2023-07-26,0.0565,0.057,0.0564,0.0564
2023-07-27,0.0566,0.0573,0.0557,0.0557
2023-07-28,0.0559,0.0569,0.0557,0.0564
2023-07-31,0.0564,0.0569,0.0556,0.0556
2023-08-01,0.0559,0.0559,0.0546,0.0546
2023-08-02,0.0541,0.0547,0.0539,0.0541
2023-08-03,0.054,0.0543,0.0533,0.0533
2023-08-04,0.053,0.0543,0.053,0.0537
2023-08-07,0.0537,0.0542,0.053,0.053
2023-08-08,0.0533,0.0534,0.0525,0.0525
2023-08-09,0.0527,0.053,0.0523,0.0523
2023-08-10,0.0526,0.0535,0.0526,0.053
2023-08-11,0.0529,0.0531,0.0524,0.0524
2023-08-14,0.0525,0.0528,0.052,0.052
2023-08-15,0.0524,0.0525,0.0519,0.0519
2023-08-16,0.0521,0.0526,0.0518,0.0518
2023-08-17,0.052,0.0527,0.052,0.052
2023-08-18,0.052,0.0528,0.052,0.0522
2023-08-21,0.0522,0.0528,0.0522,0.0523
2023-08-22,0.0523,0.0534,0.0523,0.0531
2023-08-23,0.0531,0.0542,0.0531,0.0538
2023-08-24,0.0538,0.0541,0.0529,0.0529
2023-08-25,0.0528,0.0539,0.0528,0.0533
2023-08-28,0.0532,0.0538,0.0532,0.0534
2023-08-29,0.0534,0.0542,0.0534,0.0537
2023-08-30,0.054,0.0541,0.0532,0.0532
2023-08-31,0.0535,0.0536,0.0526,0.0526
2023-09-01,0.0526,0.0536,0.0526,0.0528
2023-09-04,0.0527,0.0533,0.0519,0.0519
2023-09-05,0.0523,0.0523,0.0517,0.0517
2023-09-06,0.0517,0.0523,0.0516,0.0516
2023-09-07,0.0519,0.0523,0.0517,0.0517
2023-09-08,0.0518,0.0525,0.0517,0.0517
2023-09-11,0.0517,0.0531,0.0517,0.0525
2023-09-12,0.0528,0.053,0.0524,0.0524
2023-09-13,0.0524,0.0532,0.0524,0.0528
2023-09-14,0.0531,0.0532,0.0522,0.0522
2023-09-15,0.0525,0.0527,0.0522,0.0522
2023-09-18,0.0522,0.0528,0.0522,0.0522
2023-09-19,0.0522,0.0528,0.0522,0.0524
2023-09-20,0.0524,0.0535,0.0524,0.0527
2023-09-21,0.0527,0.0531,0.0524,0.0524
2023-09-22,0.0524,0.0534,0.0524,0.0529
2023-09-25,0.0529,0.0534,0.0528,0.0528
2023-09-26,0.0531,0.0532,0.0524,0.0524
2023-09-27,0.0523,0.0525,0.0517,0.0517
2023-09-28,0.0517,0.0527,0.0517,0.0522
2023-09-29,0.0524,0.0533,0.0524,0.0526
2023-10-02,0.0524,0.053,0.052,0.052
2023-10-03,0.0516,0.052,0.0514,0.0514
2023-10-04,0.0517,0.0521,0.0513,0.0513
2023-10-05,0.0513,0.0518,0.0509,0.0509
2023-10-06,0.0511,0.0519,0.051,0.0514
2023-10-09,0.0514,0.0518,0.0514,0.0517
2023-10-10,0.0516,0.0526,0.0516,0.0522
2023-10-11,0.0525,0.0532,0.0525,0.0527
2023-10-12,0.053,0.0532,0.0524,0.0524
2023-10-13,0.0525,0.053,0.0523,0.0523
2023-10-16,0.0523,0.0533,0.0523,0.0528
2023-10-17,0.0531,0.0534,0.0528,0.0528
2023-10-18,0.0531,0.0534,0.0522,0.0522
2023-10-19,0.0526,0.0528,0.0522,0.0522
2023-10-20,0.0524,0.0528,0.0523,0.0523
2023-10-23,0.0523,0.0528,0.0523,0.0524
2023-10-24,0.0527,0.053,0.0521,0.0521
2023-10-25,0.0524,0.0526,0.0521,0.0521
2023-10-26,0.0522,0.0528,0.052,0.0523
2023-10-27,0.0525,0.0533,0.0525,0.0526
2023-10-30,0.0526,0.0533,0.0526,0.0526
2023-10-31,0.0528,0.0536,0.0528,0.0532
2023-11-01,0.0533,0.054,0.0533,0.0538
2023-11-02,0.0537,0.0545,0.0537,0.0539
2023-11-03,0.0539,0.0549,0.0539,0.0544
2023-11-06,0.0543,0.055,0.0542,0.0542
2023-11-07,0.0545,0.0546,0.0541,0.0541
2023-11-08,0.0542,0.0545,0.0538,0.0538
2023-11-09,0.0541,0.0542,0.0535,0.0535
2023-11-10,0.0532,0.0537,0.0532,0.0532
2023-11-13,0.053,0.0536,0.053,0.053
2023-11-14,0.0534,0.0548,0.0533,0.0545
2023-11-15,0.0545,0.0552,0.0545,0.0546
2023-11-16,0.0549,0.055,0.054,0.054
2023-11-17,0.0543,0.0547,0.0543,0.0544
2023-11-20,0.054,0.0548,0.054,0.0541
2023-11-21,0.0544,0.0547,0.0533,0.0533
2023-11-22,0.0532,0.0537,0.0526,0.0526
2023-11-23,0.0528,0.0534,0.0528,0.0528
2023-11-24,0.0531,0.0532,0.0528,0.0531
2023-11-27,0.0527,0.0536,0.0527,0.0532
2023-11-28,0.0532,0.0538,0.0532,0.0537
2023-11-29,0.0534,0.0541,0.0529,0.0529
2023-11-30,0.0529,0.0535,0.0526,0.0526
2023-12-01,0.0526,0.0537,0.0526,0.0536
2023-12-04,0.0532,0.0537,0.0528,0.0528
2023-12-05,0.0528,0.0533,0.0526,0.0527
2023-12-06,0.0523,0.0531,0.0523,0.0523
2023-12-07,0.0524,0.0533,0.0524,0.0533
2023-12-08,0.0529,0.0533,0.0526,0.0526
2023-12-11,0.0523,0.0527,0.0523,0.0523
2023-12-12,0.052,0.053,0.052,0.0527
2023-12-13,0.0523,0.0536,0.0523,0.0534
2023-12-14,0.0532,0.0547,0.0532,0.0541
2023-12-15,0.0542,0.0552,0.0542,0.0546
2023-12-18,0.0541,0.0547,0.0536,0.0538
2023-12-19,0.0534,0.0546,0.0534,0.0542
2023-12-20,0.0542,0.0548,0.0542,0.0545
2023-12-21,0.0542,0.0549,0.0542,0.0544
2023-12-22,0.0541,0.0544,0.0539,0.0539
2023-12-25,0.0538,0.0539,0.0537,0.0537
2023-12-26,0.0539,0.0542,0.0533,0.0533
2023-12-27,0.0532,0.0545,0.0532,0.0542
2023-12-28,0.054,0.0546,0.0538,0.0538
2023-12-29,0.0536,0.0547,0.0536,0.0546
2024-01-01,0.0543,0.0546,0.0541,0.0541
2024-01-02,0.0541,0.0547,0.0534,0.0534
2024-01-03,0.0535,0.054,0.053,0.053
2024-01-04,0.0531,0.0537,0.0531,0.0534
2024-01-05,0.0531,0.0537,0.0528,0.0534
2024-01-08,0.0531,0.0538,0.0531,0.0534
2024-01-09,0.0534,0.0538,0.0531,0.0531
2024-01-10,0.0533,0.0537,0.0531,0.0531
2024-01-11,0.0533,0.0538,0.0533,0.0533
2024-01-12,0.0536,0.0539,0.0535,0.0535
2024-01-15,0.0533,0.0537,0.0531,0.0531
2024-01-16,0.0532,0.0535,0.0523,0.0523
2024-01-17,0.0526,0.0527,0.0521,0.0521
2024-01-18,0.0524,0.0529,0.0524,0.0524
2024-01-19,0.0525,0.0528,0.0525,0.0525
2024-01-22,0.0522,0.0526,0.0517,0.0517
2024-01-23,0.0517,0.0526,0.0517,0.0521
2024-01-24,0.0521,0.0531,0.0521,0.0525
2024-01-25,0.0525,0.0531,0.0525,0.0526
2024-01-26,0.0526,0.0533,0.0526,0.0528
2024-01-29,0.0528,0.0533,0.0528,0.0528
2024-01-30,0.0528,0.0532,0.0528,0.0532
2024-01-31,0.0528,0.0538,0.0528,0.0532
2024-02-01,0.0532,0.0538,0.0532,0.0534
2024-02-02,0.0534,0.0538,0.0529,0.0529
2024-02-05,0.0525,0.0529,0.052,0.052
2024-02-06,0.0521,0.0531,0.0521,0.053
2024-02-07,0.0527,0.0531,0.0526,0.0526
2024-02-08,0.0525,0.0529,0.0523,0.0523
2024-02-09,0.0523,0.0528,0.0523,0.0524
2024-02-12,0.0522,0.0528,0.0522,0.0525
2024-02-13,0.0525,0.0531,0.0519,0.0519
2024-02-14,0.0519,0.0525,0.0519,0.0525
2024-02-15,0.0521,0.0528,0.0521,0.0524
2024-02-16,0.0524,0.053,0.0524,0.0528
2024-02-19,0.0527,0.053,0.0523,0.0523
2024-02-20,0.0525,0.0529,0.0525,0.0525
2024-02-21,0.0527,0.0532,0.0524,0.0524
2024-02-22,0.0527,0.0531,0.0518,0.0518
2024-02-23,0.0521,0.0523,0.0516,0.0517
2024-02-26,0.0514,0.0519,0.0514,0.0514
2024-02-27,0.0514,0.0524,0.0514,0.052
2024-02-28,0.052,0.0524,0.0515,0.0515
2024-02-29,0.0515,0.0521,0.0515,0.0521
2024-03-01,0.0517,0.0524,0.0517,0.0522
2024-03-04,0.0519,0.0526,0.0519,0.0521
2024-03-05,0.0522,0.0529,0.0522,0.0523
2024-03-06,0.0523,0.0532,0.0523,0.0527
2024-03-07,0.053,0.0535,0.053,0.0532
2024-03-08,0.0533,0.0537,0.053,0.053
2024-03-11,0.053,0.0536,0.053,0.0532
2024-03-12,0.0534,0.0539,0.0531,0.0531
2024-03-13,0.0534,0.054,0.0534,0.0535
2024-03-14,0.0537,0.0538,0.053,0.053
2024-03-15,0.053,0.0536,0.053,0.053
2024-03-18,0.053,0.0533,0.0523,0.0523
2024-03-19,0.0523,0.0529,0.0523,0.0525
2024-03-20,0.0525,0.0535,0.0525,0.0531
2024-03-21,0.0533,0.0536,0.0529,0.0529
2024-03-22,0.0529,0.0531,0.0522,0.0522
2024-03-25,0.0522,0.053,0.0522,0.0526
2024-03-26,0.0527,0.053,0.0523,0.0523
2024-03-27,0.0523,0.0529,0.0523,0.0526
2024-03-28,0.0528,0.0529,0.0524,0.0524
2024-03-29,0.0526,0.0529,0.0525,0.0525
2024-04-01,0.0526,0.0532,0.0526,0.0527
2024-04-02,0.0526,0.0533,0.0526,0.0528
2024-04-03,0.0531,0.0536,0.0531,0.0535
2024-04-04,0.0534,0.0538,0.053,0.053
2024-04-05,0.053,0.0538,0.053,0.0532
2024-04-08,0.0532,0.0539,0.0532,0.0533
2024-04-09,0.0535,0.0543,0.0535,0.0539
2024-04-10,0.054,0.0542,0.0529,0.0529
2024-04-11,0.0531,0.0535,0.0531,0.0533
2024-04-12,0.0532,0.0536,0.0526,0.0526
2024-04-15,0.0526,0.0531,0.0523,0.0523
2024-04-16,0.0525,0.0527,0.0521,0.0521
2024-04-17,0.0524,0.0528,0.0522,0.0522
2024-04-18,0.0523,0.0528,0.0518,0.0518
2024-04-19,0.052,0.0524,0.0516,0.0519
2024-04-22,0.0519,0.0524,0.0517,0.0517
2024-04-23,0.0517,0.0523,0.0517,0.0519
2024-04-24,0.0522,0.0524,0.0517,0.0517
2024-04-25,0.0516,0.0528,0.0516,0.0521
2024-04-26,0.0524,0.0534,0.0524,0.0528
2024-04-29,0.0527,0.0537,0.0527,0.0532
2024-04-30,0.0535,0.0536,0.0528,0.0528
2024-05-01,0.0531,0.0539,0.0531,0.0534
2024-05-02,0.0536,0.054,0.0535,0.0536
2024-05-03,0.0537,0.0543,0.0536,0.0536
2024-05-06,0.0536,0.0544,0.0536,0.054
2024-05-07,0.054,0.0542,0.0539,0.0539
2024-05-08,0.0539,0.054,0.0535,0.0535
2024-05-09,0.0533,0.0542,0.0533,0.0537
2024-05-10,0.0538,0.0543,0.0538,0.0538
2024-05-13,0.0538,0.0546,0.0538,0.0543
2024-05-14,0.0544,0.0545,0.054,0.054
2024-05-15,0.0543,0.0547,0.0543,0.0543
2024-05-16,0.0543,0.055,0.0543,0.0546
2024-05-17,0.0548,0.0551,0.0547,0.0547
2024-05-20,0.0547,0.0552,0.0545,0.0545
2024-05-21,0.0546,0.0554,0.0546,0.0549
2024-05-22,0.0549,0.0554,0.0546,0.0546
2024-05-23,0.0546,0.0546,0.0541,0.0541
2024-05-24,0.0541,0.0544,0.0537,0.0537
2024-05-27,0.0538,0.0545,0.0538,0.0541
2024-05-28,0.0543,0.0547,0.0543,0.0543
2024-05-29,0.0545,0.0548,0.0539,0.0539
2024-05-30,0.054,0.0542,0.053,0.053
2024-05-31,0.053,0.0536,0.0529,0.0529
2024-06-03,0.0527,0.054,0.0527,0.0536
2024-06-04,0.0538,0.054,0.053,0.053
2024-06-05,0.0533,0.0535,0.0525,0.0525
2024-06-06,0.0527,0.0529,0.0524,0.0524
2024-06-07,0.0526,0.0532,0.0526,0.0526
2024-06-10,0.0526,0.0534,0.0526,0.053
2024-06-11,0.0532,0.0538,0.0532,0.0534
2024-06-12,0.0537,0.0546,0.0537,0.054
2024-06-13,0.0543,0.0545,0.0539,0.0539
2024-06-14,0.0539,0.0546,0.0539,0.0541
2024-06-17,0.0541,0.0549,0.0541,0.0547
2024-06-18,0.0546,0.0554,0.0546,0.055
2024-06-19,0.0554,0.0558,0.0552,0.0552
2024-06-20,0.0552,0.0557,0.0551,0.0552
2024-06-21,0.0554,0.0559,0.0553,0.0553
2024-06-24,0.0553,0.0555,0.0548,0.0548
2024-06-25,0.0551,0.0553,0.0544,0.0544
2024-06-26,0.0545,0.0552,0.0545,0.0546
2024-06-27,0.0545,0.0551,0.0538,0.0538
2024-06-28,0.054,0.0551,0.054,0.0546
2024-07-01,0.0546,0.0557,0.0541,0.0541
2024-07-02,0.0541,0.0544,0.0536,0.0536
2024-07-03,0.0536,0.0546,0.0536,0.0539
2024-07-04,0.0539,0.0548,0.0539,0.0544
2024-07-05,0.0547,0.055,0.0544,0.0544
2024-07-08,0.0544,0.0553,0.0544,0.0548
2024-07-09,0.0548,0.0553,0.0547,0.0547
2024-07-10,0.055,0.0554,0.0548,0.0548
2024-07-11,0.0548,0.0557,0.0548,0.0552
2024-07-12,0.0555,0.0557,0.0552,0.0552
2024-07-15,0.0553,0.0556,0.0545,0.0545
2024-07-16,0.0547,0.0554,0.0547,0.0549
2024-07-17,0.0552,0.0554,0.0545,0.0545
2024-07-18,0.0548,0.0551,0.0544,0.0544
2024-07-19,0.0544,0.0548,0.0543,0.0543
2024-07-22,0.0543,0.0549,0.0543,0.0544
2024-07-23,0.0546,0.0548,0.054,0.054
2024-07-24,0.0543,0.0547,0.0542,0.0542
2024-07-25,0.0544,0.0545,0.054,0.054
2024-07-26,0.054,0.0548,0.054,0.0542
2024-07-29,0.0542,0.0548,0.054,0.0541
2024-07-30,0.0538,0.0546,0.0538,0.0542
2024-07-31,0.0545,0.055,0.0545,0.0548
2024-08-01,0.0549,0.0552,0.0543,0.0543
2024-08-02,0.0543,0.0551,0.0543,0.0543
2024-08-05,0.0543,0.0546,0.0536,0.0538
2024-08-06,0.0536,0.0543,0.0536,0.0537
2024-08-07,0.0537,0.0547,0.0537,0.054
2024-08-08,0.054,0.0545,0.054,0.0544
2024-08-09,0.054,0.0547,0.054,0.0542
2024-08-12,0.0542,0.055,0.0542,0.0544
2024-08-13,0.0546,0.0552,0.0546,0.0547
2024-08-14,0.0549,0.0554,0.0549,0.0552
2024-08-15,0.055,0.0556,0.055,0.0551
2024-08-16,0.0553,0.056,0.0553,0.0553
2024-08-19,0.0556,0.0565,0.0556,0.056
2024-08-20,0.0559,0.0564,0.0557,0.0557
2024-08-21,0.0558,0.0562,0.0558,0.0559
2024-08-22,0.0556,0.056,0.0552,0.0552
2024-08-23,0.0554,0.0565,0.0554,0.056
2024-08-26,0.056,0.0565,0.056,0.0563
2024-08-27,0.0562,0.0565,0.056,0.056
2024-08-28,0.056,0.0564,0.0557,0.0557
2024-08-29,0.0557,0.0565,0.0557,0.056
2024-08-30,0.056,0.0568,0.0557,0.0557
2024-09-02,0.0557,0.0561,0.0557,0.0557
2024-09-03,0.0557,0.0561,0.0552,0.0552
2024-09-04,0.0555,0.0561,0.0555,0.0556
2024-09-05,0.0558,0.0565,0.0558,0.0561
2024-09-06,0.056,0.0567,0.0556,0.0556
2024-09-09,0.0556,0.0561,0.0556,0.0558
2024-09-10,0.0557,0.0561,0.0554,0.0554
2024-09-11,0.0554,0.056,0.0554,0.0555
2024-09-12,0.0558,0.0562,0.0556,0.0558
2024-09-13,0.056,0.0565,0.0559,0.0559
2024-09-16,0.0559,0.0567,0.0559,0.0564
2024-09-17,0.0563,0.0568,0.0563,0.0564
2024-09-18,0.0565,0.0573,0.0565,0.0566
2024-09-19,0.0566,0.0574,0.0566,0.0567
2024-09-20,0.0567,0.0573,0.0567,0.057
2024-09-23,0.057,0.0578,0.057,0.0574
2024-09-24,0.0572,0.0579,0.0572,0.0576
2024-09-25,0.0575,0.0583,0.0575,0.0576
2024-09-26,0.0576,0.0583,0.0576,0.0578
2024-09-27,0.0578,0.0585,0.0578,0.058
2024-09-30,0.058,0.0586,0.0577,0.0577
2024-10-01,0.0577,0.058,0.0571,0.0571
2024-10-02,0.0571,0.0577,0.0571,0.0572
2024-10-03,0.0575,0.0578,0.0567,0.0567
2024-10-04,0.0568,0.0573,0.0568,0.0568
2024-10-07,0.0569,0.0576,0.0569,0.0573
2024-10-08,0.0571,0.0576,0.0565,0.0565
2024-10-09,0.0567,0.057,0.0563,0.0563
2024-10-10,0.0565,0.0571,0.0565,0.0567
2024-10-11,0.0567,0.0575,0.0567,0.0571
2024-10-14,0.057,0.0574,0.0566,0.0566
2024-10-15,0.0568,0.0569,0.0563,0.0563
2024-10-16,0.0563,0.0569,0.0563,0.0565
2024-10-17,0.0565,0.0568,0.0562,0.0562
2024-10-18,0.0564,0.0569,0.0564,0.0564
2024-10-21,0.0564,0.0569,0.0564,0.0564
2024-10-22,0.0566,0.0571,0.0566,0.0567
2024-10-23,0.0567,0.0571,0.0558,0.0558
2024-10-24,0.0558,0.0566,0.0558,0.0562
2024-10-25,0.0563,0.0568,0.0562,0.0562
2024-10-28,0.0562,0.0567,0.0561,0.0561
2024-10-29,0.0564,0.0566,0.0562,0.0562
2024-10-30,0.0562,0.057,0.0562,0.0563
2024-10-31,0.0562,0.0568,0.0562,0.0565
2024-11-01,0.0565,0.057,0.0563,0.0563
2024-11-04,0.0564,0.0571,0.0564,0.0567
2024-11-05,0.0568,0.0575,0.0568,0.0571
2024-11-06,0.0573,0.0574,0.0562,0.0564
2024-11-07,0.0564,0.0578,0.0564,0.0574
2024-11-08,0.0573,0.0578,0.0565,0.0565
2024-11-11,0.0564,0.0569,0.0556,0.0556
2024-11-12,0.0553,0.0558,0.0548,0.0548
2024-11-13,0.0549,0.0557,0.0544,0.0544
2024-11-14,0.0545,0.055,0.0544,0.0546
2024-11-15,0.0543,0.0552,0.0543,0.0547
2024-11-18,0.0545,0.0557,0.0545,0.0553
2024-11-19,0.0553,0.0558,0.0551,0.0554
2024-11-20,0.055,0.0554,0.055,0.0551
2024-11-21,0.0548,0.0556,0.0548,0.0548
2024-11-22,0.0549,0.0554,0.0548,0.0548
2024-11-25,0.0548,0.0556,0.0548,0.055
2024-11-26,0.0551,0.0553,0.0546,0.0546
2024-11-27,0.0546,0.0553,0.0546,0.0546
2024-11-28,0.0546,0.0552,0.0546,0.0551
2024-11-29,0.0548,0.0555,0.0548,0.0552
2024-12-02,0.0549,0.0553,0.0548,0.0548
2024-12-03,0.0547,0.0553,0.0547,0.0548
2024-12-04,0.0549,0.0552,0.0546,0.0546
2024-12-05,0.0547,0.0555,0.0547,0.0551
2024-12-06,0.0551,0.0556,0.0551,0.0553
2024-12-09,0.055,0.056,0.055,0.0558
2024-12-10,0.0558,0.0559,0.0558,0.0558
2024-12-11,0.0557,0.0561,0.0557,0.0561
2024-12-12,0.0561,0.0563,0.0558,0.0558
2024-12-13,0.0558,0.0559,0.0556,0.0556
2024-12-16,0.0555,0.0557,0.0555,0.0556
2024-12-17,0.0556,0.0557,0.0549,0.0549
2024-12-18,0.0549,0.0551,0.0541,0.0541
2024-12-19,0.0541,0.0545,0.0539,0.0539
2024-12-20,0.054,0.0543,0.054,0.0542
2024-12-23,0.0541,0.0544,0.0535,0.0535
2024-12-24,0.0535,0.0536,0.0532,0.0532
2024-12-25,0.0532,0.0532,0.0532,0.0532
2024-12-26,0.0532,0.0534,0.0527,0.0527
2024-12-27,0.0527,0.0533,0.0527,0.0532
2024-12-30,0.0531,0.0533,0.0528,0.0528
2024-12-31,0.0527,0.0531,0.0526,0.0526
2025-01-01,0.0526,0.0528,0.0526,0.0528
2025-01-02,0.0529,0.0532,0.0529,0.053
2025-01-03,0.053,0.0531,0.053,0.0531
2025-01-06,0.053,0.0538,0.053,0.0535
2025-01-07,0.0535,0.0536,0.0531,0.0531
2025-01-08,0.0531,0.0531,0.0525,0.0525
2025-01-09,0.0526,0.0527,0.0524,0.0524
2025-01-10,0.0525,0.0525,0.0519,0.0519
2025-01-13,0.0519,0.0522,0.0519,0.0522
2025-01-14,0.0521,0.0525,0.0521,0.0524
2025-01-15,0.0525,0.0529,0.0525,0.0529
2025-01-16,0.053,0.053,0.0527,0.0527
2025-01-17,0.0527,0.0531,0.0527,0.053
2025-01-20,0.053,0.0537,0.053,0.0536
2025-01-21,0.0536,0.0537,0.0536,0.0537
2025-01-22,0.0536,0.0538,0.0536,0.0537
2025-01-23,0.0537,0.0538,0.0536,0.0536
2025-01-24,0.0537,0.0542,0.0537,0.054
2025-01-27,0.054,0.0542,0.0532,0.0532
2025-01-28,0.053,0.0536,0.053,0.0533
2025-01-29,0.0532,0.054,0.0532,0.0535
2025-01-30,0.0536,0.0542,0.0536,0.0537
2025-01-31,0.0534,0.054,0.0534,0.0534
2025-02-03,0.0532,0.0535,0.0526,0.053
2025-02-04,0.0531,0.0536,0.0531,0.0532
2025-02-05,0.0531,0.054,0.0531,0.0535
2025-02-06,0.0537,0.0542,0.0536,0.0538
2025-02-07,0.0539,0.0545,0.0539,0.0542
2025-02-10,0.0539,0.0544,0.0537,0.0538
2025-02-11,0.0539,0.0542,0.0539,0.0539
2025-02-12,0.0537,0.0542,0.0536,0.0536
2025-02-13,0.0536,0.0542,0.0536,0.0537
2025-02-14,0.0537,0.0546,0.0537,0.0543
2025-02-17,0.0541,0.0545,0.0541,0.0541
2025-02-18,0.054,0.0544,0.0539,0.0539
2025-02-19,0.0539,0.0545,0.0538,0.0538
2025-02-20,0.0536,0.0545,0.0536,0.0542
2025-02-21,0.0541,0.0546,0.0541,0.0543
2025-02-24,0.0542,0.0546,0.054,0.054
2025-02-25,0.0541,0.0545,0.0539,0.0539
2025-02-26,0.0541,0.0544,0.0539,0.0539
2025-02-27,0.0542,0.0543,0.0541,0.0541
2025-02-28,0.0538,0.0542,0.0534,0.0534
2025-03-03,0.0531,0.0538,0.0531,0.0534
2025-03-04,0.0534,0.0541,0.0534,0.054
2025-03-05,0.0537,0.0546,0.0537,0.0543
2025-03-06,0.0542,0.0551,0.0542,0.0551
2025-03-07,0.0548,0.0554,0.0546,0.0546
2025-03-10,0.0545,0.0548,0.0541,0.0541
2025-03-11,0.0544,0.055,0.0544,0.0546
2025-03-12,0.0545,0.0548,0.0542,0.0542
2025-03-13,0.0543,0.0546,0.0543,0.0543
2025-03-14,0.0545,0.0551,0.0545,0.0546
2025-03-17,0.0546,0.0553,0.0546,0.0549
2025-03-18,0.055,0.0555,0.0549,0.0549
2025-03-19,0.055,0.0552,0.0547,0.0549
2025-03-20,0.0551,0.0552,0.0547,0.0547
2025-03-21,0.0548,0.0551,0.0545,0.0545
2025-03-24,0.0545,0.0552,0.0545,0.0547
2025-03-25,0.0545,0.0551,0.0544,0.0544
2025-03-26,0.0544,0.0549,0.0544,0.0546
2025-03-27,0.0544,0.0549,0.0544,0.0545
2025-03-28,0.0545,0.0551,0.0539,0.0539
2025-03-31,0.0539,0.0548,0.0539,0.0542
2025-04-01,0.0542,0.0547,0.0538,0.0538
2025-04-02,0.0538,0.0541,0.0524,0.0524
2025-04-03,0.0525,0.0535,0.0525,0.0532
2025-04-04,0.0531,0.0534,0.052,0.052
2025-04-07,0.0519,0.0521,0.0506,0.0506
2025-04-08,0.0506,0.0517,0.0503,0.0503
2025-04-09,0.0504,0.0519,0.0502,0.0513
2025-04-10,0.0514,0.0519,0.051,0.051
2025-04-11,0.0509,0.0524,0.0509,0.0519
2025-04-14,0.0519,0.0531,0.0519,0.0526
2025-04-15,0.0528,0.0533,0.0523,0.0523
2025-04-16,0.0523,0.0532,0.0523,0.0528
2025-04-17,0.0529,0.0532,0.0528,0.0528
2025-04-18,0.0529,0.0532,0.0527,0.0527
2025-04-21,0.0526,0.0536,0.0526,0.0531
2025-04-22,0.0529,0.0538,0.0529,0.0534
2025-04-23,0.0534,0.054,0.0533,0.0533
2025-04-24,0.0534,0.0538,0.0528,0.0528
2025-04-25,0.0528,0.0535,0.0528,0.0531
2025-04-28,0.0531,0.0541,0.0531,0.0536
2025-04-29,0.0538,0.0541,0.0538,0.0539
2025-04-30,0.0538,0.0539,0.0534,0.0534
2025-05-01,0.0534,0.0539,0.0534,0.0534
2025-05-02,0.0535,0.0544,0.0535,0.054
2025-05-05,0.0541,0.0548,0.0541,0.0543
2025-05-06,0.0544,0.055,0.0544,0.0545
2025-05-07,0.0545,0.0549,0.0544,0.0544
2025-05-08,0.0546,0.0552,0.0546,0.0548
2025-05-09,0.0548,0.055,0.0545,0.0545
2025-05-12,0.0547,0.0552,0.0544,0.0544
2025-05-13,0.0543,0.0548,0.0542,0.0544
2025-05-14,0.0541,0.0549,0.0541,0.0544
2025-05-15,0.0544,0.0555,0.0544,0.055
2025-05-16,0.0553,0.0555,0.055,0.055
2025-05-19,0.055,0.0556,0.0549,0.0549
2025-05-20,0.0549,0.0558,0.0549,0.0554
2025-05-21,0.0554,0.056,0.0552,0.0552
2025-05-22,0.0552,0.0558,0.0551,0.0551
2025-05-23,0.0553,0.0561,0.0553,0.0556
2025-05-26,0.0556,0.0561,0.0556,0.0556
2025-05-27,0.0556,0.056,0.0553,0.0553
2025-05-28,0.0556,0.0559,0.0553,0.0553
2025-05-29,0.0555,0.0563,0.0555,0.0558
2025-05-30,0.056,0.0562,0.0552,0.0552
2025-06-02,0.0552,0.056,0.0552,0.0555
2025-06-03,0.0556,0.0561,0.0556,0.0558
2025-06-04,0.0556,0.0562,0.0556,0.0557
2025-06-05,0.0557,0.0565,0.0557,0.056
2025-06-06,0.0559,0.0564,0.0558,0.0558
2025-06-09,0.0558,0.0565,0.0558,0.0562
2025-06-10,0.0563,0.0566,0.0561,0.0561
2025-06-11,0.0561,0.0566,0.0561,0.0562
2025-06-12,0.0562,0.0565,0.0558,0.0558
2025-06-13,0.056,0.0562,0.0554,0.0554
2025-06-16,0.0554,0.0564,0.0554,0.0558
2025-06-17,0.0558,0.0561,0.0552,0.0552
2025-06-18,0.0553,0.0558,0.0552,0.0552
2025-06-19,0.0554,0.0555,0.0549,0.0549
2025-06-20,0.055,0.0557,0.055,0.0551
2025-06-23,0.0551,0.056,0.0551,0.0555
2025-06-24,0.0555,0.0566,0.0555,0.0562
2025-06-25,0.0562,0.0565,0.0561,0.0561
2025-06-26,0.0559,0.0568,0.0556,0.0556
2025-06-27,0.0558,0.0564,0.0558,0.0558
2025-06-30,0.056,0.0565,0.056,0.056
2025-07-01,0.0559,0.0569,0.0559,0.0566
2025-07-02,0.0565,0.0569,0.0565,0.0566
2025-07-03,0.0566,0.0571,0.0566,0.0567
2025-07-04,0.0567,0.0571,0.0565,0.0565
2025-07-07,0.0565,0.0568,0.0556,0.0556
2025-07-08,0.0556,0.0564,0.0556,0.0559
2025-07-09,0.0559,0.0563,0.0557,0.0557
2025-07-10,0.0558,0.0564,0.0558,0.056
2025-07-11,0.056,0.0563,0.0554,0.0554
2025-07-14,0.0553,0.056,0.0553,0.0555
2025-07-15,0.0554,0.0563,0.0554,0.0557
2025-07-16,0.0557,0.0562,0.0557,0.0557
2025-07-17,0.0559,0.0561,0.0557,0.0557
2025-07-18,0.0559,0.0566,0.0559,0.056
2025-07-21,0.056,0.0568,0.056,0.0564
2025-07-22,0.0564,0.057,0.0564,0.0569
2025-07-23,0.0566,0.0571,0.0566,0.0567
2025-07-24,0.0566,0.0571,0.0564,0.0564
2025-07-25,0.0566,0.0567,0.0559,0.0559
2025-07-28,0.0559,0.0564,0.0555,0.0555
2025-07-29,0.0555,0.0559,0.0554,0.0554
2025-07-30,0.0557,0.056,0.0552,0.0552
2025-07-31,0.0555,0.0556,0.0545,0.0545
2025-08-01,0.0548,0.0554,0.0545,0.055
2025-08-04,0.055,0.0558,0.055,0.0554
2025-08-05,0.0556,0.0559,0.0553,0.0553
2025-08-06,0.0554,0.0563,0.0554,0.0558
2025-08-07,0.0561,0.0565,0.056,0.056
2025-08-08,0.0563,0.0565,0.0559,0.0559
2025-08-11,0.0559,0.0564,0.0559,0.0559
2025-08-12,0.0559,0.0569,0.0559,0.0567
2025-08-13,0.0565,0.0572,0.0565,0.0567
2025-08-14,0.0567,0.0571,0.0565,0.0565
2025-08-15,0.0566,0.057,0.0564,0.0564
2025-08-18,0.0564,0.0565,0.0562,0.0562
2025-08-19,0.0563,0.0565,0.0561,0.0561
2025-08-20,0.0561,0.0563,0.0561,0.0562
2025-08-21,0.0562,0.0562,0.056,0.056
2025-08-22,0.0561,0.057,0.0561,0.0569
2025-08-25,0.0569,0.057,0.0564,0.0564
2025-08-26,0.0564,0.0565,0.0563,0.0563
2025-08-27,0.0563,0.0564,0.0562,0.0562
2025-08-28,0.0561,0.0563,0.0561,0.0561
2025-08-29,0.0561,0.0563,0.0561,0.0562
2025-09-01,0.0562,0.0566,0.0562,0.0564
2025-09-02,0.0564,0.0565,0.0561,0.0561
2025-09-03,0.0562,0.0564,0.0562,0.0562
2025-09-04,0.0562,0.0562,0.0558,0.0558
2025-09-05,0.0558,0.0566,0.0558,0.0564
2025-09-08,0.0564,0.0568,0.0564,0.0568
2025-09-09,0.0568,0.0569,0.0567,0.0567
2025-09-10,0.0566,0.0569,0.0566,0.0568
2025-09-11,0.0568,0.0572,0.0568,0.0572
2025-09-12,0.0572,0.0572,0.0571,0.0571
2025-09-15,0.0571,0.0574,0.0571,0.0572
2025-09-16,0.0572,0.0573,0.0572,0.0572
2025-09-17,0.0573,0.0575,0.0571,0.0571
2025-09-18,0.0571,0.0573,0.0571,0.0572
2025-09-19,0.0572,0.0573,0.0572,0.0573
2025-09-22,0.0572,0.0575,0.0572,0.0573
2025-09-23,0.0573,0.0576,0.0573,0.0576
2025-09-24,0.0576,0.0577,0.0573,0.0573
2025-09-25,0.0573,0.0574,0.057,0.057
2025-09-26,0.057,0.0573,0.057,0.0573
2025-09-29,0.0571,0.0576,0.0571,0.0575
2025-09-30,0.0575,0.0576,0.0575,0.0575
2025-10-01,0.0575,0.0579,0.0575,0.0577
2025-10-02,0.0577,0.0578,0.0574,0.0574
2025-10-03,0.0574,0.0577,0.0574,0.0576
2025-10-06,0.0576,0.0579,0.0576,0.0578
2025-10-07,0.0578,0.058,0.0577,0.0577
2025-10-08,0.0577,0.058,0.0577,0.0579
2025-10-09,0.0579,0.0581,0.0577,0.0577
2025-10-10,0.0577,0.0578,0.0567,0.0567
2025-10-13,0.0567,0.0575,0.0567,0.0574
2025-10-14,0.0574,0.0574,0.0571,0.0571
2025-10-15,0.0572,0.0575,0.0572,0.0572
2025-10-16,0.0572,0.0575,0.0572,0.0574
2025-10-17,0.0573,0.0573,0.0572,0.0572
2025-10-20,0.0572,0.0577,0.0572,0.0576
2025-10-21,0.0576,0.0578,0.0571,0.0571
2025-10-22,0.0571,0.0572,0.0571,0.0571
2025-10-23,0.057,0.0574,0.057,0.0573
2025-10-24,0.0573,0.0577,0.0573,0.0576
2025-10-27,0.0576,0.0578,0.0576,0.0577
2025-10-28,0.0577,0.0579,0.0577,0.0579
2025-10-29,0.0579,0.0581,0.0578,0.0578
2025-10-30,0.0578,0.0579,0.0575,0.0575
2025-10-31,0.0575,0.0576,0.0573,0.0573
2025-11-03,0.0573,0.0575,0.0573,0.0574
2025-11-04,0.0574,0.0574,0.0566,0.0566
2025-11-05,0.0566,0.0571,0.0566,0.057
2025-11-06,0.0571,0.0574,0.0571,0.0572
2025-11-07,0.0571,0.0574,0.0571,0.0574
2025-11-10,0.0574,0.058,0.0574,0.0579
2025-11-11,0.0579,0.058,0.0579,0.0579
2025-11-12,0.0579,0.0583,0.0579,0.0581
2025-11-13,0.0582,0.0586,0.0582,0.0583
2025-11-14,0.0583,0.0584,0.0581,0.0581
2025-11-17,0.0581,0.0583,0.0579,0.0579
2025-11-18,0.0578,0.0579,0.0578,0.0578
2025-11-19,0.0578,0.058,0.0578,0.0578
2025-11-20,0.0577,0.058,0.0576,0.0576
2025-11-21,0.0576,0.0577,0.0572,0.0572
2025-11-24,0.0571,0.0575,0.0571,0.0574
2025-11-25,0.0574,0.0578,0.0574,0.0577
2025-11-26,0.0577,0.0581,0.0577,0.0579
2025-11-27,0.0579,0.058,0.0579,0.0579
2025-11-28,0.0579,0.0581,0.0579,0.058
2025-12-01,0.058,0.0582,0.058,0.0581
2025-12-02,0.0581,0.0581,0.0581,0.0581
2025-12-03,0.0581,0.0583,0.0581,0.0583
2025-12-04,0.0583,0.0586,0.0583,0.0584
2025-12-05,0.0584,0.0587,0.0584,0.0587
2025-12-08,0.0587,0.0587,0.0583,0.0583
2025-12-09,0.0583,0.0584,0.0582,0.0582
2025-12-10,0.0582,0.0587,0.0582,0.0587
2025-12-11,0.0587,0.059,0.0587,0.0589
2025-12-12,0.0589,0.059,0.0588,0.0588
2025-12-15,0.0588,0.0592,0.0588,0.0591
2025-12-16,0.0591,0.0594,0.0591,0.0593
2025-12-17,0.0593,0.0595,0.0592,0.0592
2025-12-18,0.0593,0.0594,0.0593,0.0594
2025-12-19,0.0594,0.0594,0.0592,0.0592
2025-12-22,0.0593,0.0595,0.0593,0.0594
2025-12-23,0.0594,0.0596,0.0594,0.0596
2025-12-24,0.0596,0.0598,0.0596,0.0596
2025-12-25,0.0596,0.0597,0.0596,0.0597
2025-12-26,0.0597,0.0598,0.0596,0.0596
2025-12-29,0.0596,0.0598,0.0596,0.0596
2025-12-30,0.0596,0.0599,0.0596,0.0599
2025-12-31,0.0599,0.0601,0.0599,0.06
2026-01-01,0.0599,0.0602,0.0599,0.0602
2026-01-02,0.0601,0.0603,0.0601,0.0602
2026-01-05,0.0602,0.0607,0.0602,0.0607
2026-01-06,0.0607,0.0609,0.0607,0.0607
2026-01-07,0.0607,0.0608,0.0604,0.0604
2026-01-08,0.0604,0.0604,0.0601,0.0601
2026-01-09,0.0601,0.0603,0.0601,0.0602
2026-01-12,0.0603,0.0607,0.0603,0.0606
2026-01-13,0.0606,0.0606,0.0606,0.0606
2026-01-14,0.0606,0.0608,0.0606,0.0606
2026-01-15,0.0606,0.0609,0.0606,0.0608
2026-01-16,0.0608,0.0608,0.0606,0.0606
2026-01-19,0.0606,0.0607,0.0606,0.0607
2026-01-20,0.0606,0.0607,0.0605,0.0605
2026-01-21,0.0604,0.0612,0.0604,0.0611
2026-01-22,0.0611,0.0616,0.0611,0.0616
2026-01-23,0.0616,0.0618,0.0616,0.0616
2026-01-26,0.0616,0.0623,0.0616,0.0619
2026-01-27,0.062,0.0627,0.062,0.0627
2026-01-28,0.0626,0.063,0.0626,0.063
2026-01-29,0.063,0.0635,0.063,0.0631
2026-01-30,0.0631,0.0632,0.0615,0.0615
2026-02-02,0.0616,0.0622,0.0616,0.0618
2026-02-03,0.0618,0.0624,0.0618,0.0622
2026-02-04,0.0622,0.0624,0.0618,0.0618
2026-02-05,0.0618,0.0619,0.0609,0.0609
2026-02-06,0.0609,0.0621,0.0609,0.0619
2026-02-09,0.0619,0.0626,0.0619,0.0625
2026-02-10,0.0624,0.0625,0.0623,0.0623
2026-02-11,0.0624,0.0627,0.0624,0.0626
2026-02-12,0.0626,0.0628,0.0622,0.0622
2026-02-13,0.0623,0.0624,0.0623,0.0623
2026-02-16,0.0623,0.0625,0.0621,0.0621
2026-02-17,0.0622,0.0623,0.0621,0.0621
2026-02-18,0.062,0.0623,0.0618,0.0618
2026-02-19,0.0618,0.062,0.0615,0.0615
2026-02-20,0.0615,0.062,0.0615,0.0619
2026-02-23,0.062,0.0623,0.062,0.062
2026-02-24,0.0621,0.0624,0.0621,0.0622
2026-02-25,0.0622,0.0628,0.0622,0.0627
2026-02-26,0.0627,0.0628,0.0624,0.0624
2026-02-27,0.0623,0.0626,0.0623,0.0624
2026-03-02,0.0624,0.0624,0.0617,0.0617
2026-03-03,0.0617,0.0619,0.0601,0.0601
2026-03-04,0.0601,0.0609,0.0601,0.0608
2026-03-05,0.0608,0.0609,0.0596,0.0596
2026-03-06,0.0597,0.0601,0.0597,0.0599
2026-03-09,0.06,0.061,0.0595,0.061
2026-03-10,0.0611,0.0616,0.0611,0.0613
2026-03-11,0.061,0.0613,0.0603,0.0603
2026-03-12,0.0602,0.0603,0.0593,0.0593
2026-03-13,0.0593,0.0594,0.0586,0.0586
2026-03-16,0.0586,0.0597,0.0586,0.0596
2026-03-17,0.0596,0.0598,0.0595,0.0595
2026-03-18,0.0596,0.0599,0.0586,0.0586
2026-03-19,0.0586,0.0594,0.0586,0.0593
2026-03-20,0.0593,0.0594,0.0584,0.0584
2026-03-23,0.0584,0.0595,0.0584,0.0592
2026-03-24,0.0591,0.0591,0.0585,0.0585
2026-03-25,0.0585,0.059,0.0585,0.0585
2026-03-26,0.0585,0.0586,0.058,0.058
2026-03-27,0.058,0.0583,0.058,0.0581
2026-03-30,0.0581,0.0583,0.0578,0.0578
2026-03-31,0.0578,0.0587,0.0578,0.0587
2026-04-01,0.0587,0.0592,0.0587,0.0591
2026-04-02,0.059,0.0592,0.0588,0.0588
2026-04-03,0.0588,0.0588,0.0587,0.0587
2026-04-06,0.0584,0.0592,0.0584,0.059
2026-04-07,0.059,0.0592,0.059,0.0591
2026-04-08,0.0591,0.061,0.0591,0.0606
2026-04-09,0.0606,0.061,0.0606,0.0607
2026-04-10,0.0607,0.0608,0.0607,0.0607
2026-04-13,0.0605,0.0607,0.0604,0.0604
2026-04-14,0.0605,0.0609,0.0605,0.0608
2026-04-15,0.0607,0.0609,0.0607,0.0607
2026-04-16,0.0607,0.0609,0.0605,0.0605
2026-04-17,0.0604,0.0615,0.0604,0.0609
2026-04-20,0.0609,0.0614,0.0608,0.0608
2026-04-21,0.0608,0.0608,0.0602,0.0602
2026-04-22,0.0602,0.0605,0.0602,0.0603
2026-04-23,0.0603,0.0604,0.0599,0.0599
2026-04-24,0.0598,0.0602,0.0598,0.0601
2026-04-27,0.0602,0.0603,0.0602,0.0602
2026-04-28,0.0601,0.0602,0.06,0.06
2026-04-29,0.0601,0.0601,0.059,0.059
2026-04-30,0.059,0.0597,0.059,0.0595
2026-05-01,0.0596,0.06,0.0596,0.0597
2026-05-04,0.0597,0.0601,0.0591,0.0591
2026-05-05,0.0591,0.0598,0.0591,0.0596
2026-05-06,0.0596,0.061,0.0596,0.0606
2026-05-07,0.0606,0.0612,0.0604,0.0604
2026-05-08,0.0604,0.0608,0.0604,0.0606
2026-05-11,0.0605,0.0608,0.0605,0.0606
2026-05-12,0.0605,0.0605,0.0601,0.0601
2026-05-13,0.0602,0.0606,0.0602,0.0605
2026-05-14,0.0605,0.0607,0.0603,0.0603
2026-05-15,0.0602,0.0603,0.0595,0.0595
2026-05-18,0.0595,0.06,0.0595,0.0599
2026-05-19,0.0599,0.06,0.0594,0.0594
2026-05-20,0.0594,0.0605,0.0594,0.0604
2026-05-21,0.0604,0.0606,0.0604,0.0604
2026-05-22,0.0604,0.0606,0.0603,0.0603
2026-05-25,0.0603,0.061,0.0603,0.0609
2026-05-26,0.0609,0.061,0.0607,0.0607
2026-05-27,0.0608,0.0609,0.0607,0.0607
2026-05-28,0.0607,0.0613,0.0607,0.0611
2026-05-29,0.0612,0.0614,0.0612,0.0613
2026-06-01,0.0613,0.0613,0.0611,0.0611
2026-06-02,0.061,0.0613,0.061,0.0612
2026-06-03,0.0611,0.0612,0.0608,0.0608
2026-06-04,0.0607,0.0612,0.0607,0.061
2026-06-05,0.061,0.0611,0.06,0.06
2026-06-08,0.06,0.0604,0.06,0.0603
2026-06-09,0.0602,0.0606,0.0601,0.0601
2026-06-10,0.0601,0.0603,0.0601,0.0601
2026-06-11,0.06,0.0612,0.06,0.0612
2026-06-12,0.0612,0.0612,0.061,0.061
2026-06-15,0.061,0.0616,0.061,0.0614
2026-06-16,0.0613,0.0616,0.0613,0.0614
2026-06-17,0.0614,0.0615,0.0606,0.0606
2026-06-18,0.0606,0.0609,0.0604,0.0604
2026-06-19,0.0605,0.0606,0.0605,0.0606
2026-06-22,0.0606,0.0607,0.0606,0.0607
2026-06-23,0.0606,0.0606,0.0602,0.0602
2026-06-24,0.0602,0.0602,0.06,0.06
2026-06-25,0.06,0.0604,0.06,0.0602
2026-06-26,0.0602,0.0605,0.0602,0.0605
2026-06-29,0.0605,0.0606,0.0605,0.0605
2026-06-30,0.0605,0.0607,0.0605,0.0606
2026-07-01,0.0606,0.0607,0.0606,0.0606
2026-07-02,0.0605,0.0612,0.0605,0.0612
2026-07-03,0.0611,0.0614,0.0611,0.0612