time,open,high,low,close
2003-04-01,0.2879,0.302,0.2879,0.3018
2003-04-02,0.3048,0.3074,0.3013,0.3065
2003-04-03,0.3042,0.3079,0.3011,0.3074
2003-04-04,0.3062,0.3102,0.3027,0.3102
2003-04-07,0.3144,0.3172,0.3025,0.3162
2003-04-08,0.3184,0.3184,0.3038,0.3065
2003-04-09,0.3065,0.3152,0.304,0.3122
2003-04-10,0.3108,0.3166,0.3083,0.3086
2003-04-11,0.3107,0.3147,0.31,0.3122
2003-04-14,0.3122,0.3164,0.312,0.3164
2003-04-15,0.319,0.3248,0.319,0.3244
2003-04-16,0.3265,0.3265,0.3233,0.3246
2003-04-17,0.3242,0.332,0.3233,0.3297
2003-04-18,0.3242,0.332,0.3233,0.3297
2003-04-21,0.3294,0.3294,0.3294,0.3294
2003-04-22,0.3247,0.3297,0.3247,0.3259
2003-04-23,0.3279,0.3339,0.3259,0.3339
2003-04-24,0.333,0.3348,0.3318,0.3322
2003-04-25,0.3322,0.3326,0.33,0.3326
2003-04-28,0.3326,0.3379,0.3174,0.3379
2003-04-29,0.3379,0.3444,0.3379,0.3433
2003-04-30,0.3434,0.3476,0.343,0.3436
2003-05-01,0.3433,0.3433,0.3432,0.3432
2003-05-02,0.3445,0.3445,0.3368,0.3369
2003-05-05,0.3375,0.3398,0.3292,0.3292
2003-05-06,0.3297,0.333,0.325,0.3327
2003-05-07,0.3308,0.3393,0.3308,0.3392
2003-05-08,0.3393,0.3445,0.3393,0.3439
2003-05-09,0.3434,0.3481,0.3434,0.3481
2003-05-12,0.3481,0.3493,0.346,0.3493
2003-05-13,0.3492,0.3511,0.346,0.346
2003-05-14,0.3459,0.3469,0.3428,0.3428
2003-05-15,0.3463,0.3463,0.3363,0.3364
2003-05-16,0.3369,0.3429,0.3341,0.336
2003-05-19,0.3398,0.3398,0.3331,0.3336
2003-05-20,0.3337,0.3337,0.3306,0.3311
2003-05-21,0.3314,0.3341,0.3307,0.3336
2003-05-22,0.3321,0.3363,0.3313,0.3351
2003-05-23,0.3378,0.343,0.3348,0.343
2003-05-26,0.3427,0.3445,0.3305,0.3305
2003-05-27,0.3262,0.3323,0.3262,0.3318
2003-05-28,0.3318,0.3323,0.331,0.3319
2003-05-29,0.3322,0.341,0.3312,0.3363
2003-05-30,0.341,0.341,0.3328,0.3379
2003-06-02,0.3379,0.3387,0.3347,0.3368
2003-06-03,0.3373,0.3397,0.3334,0.3397
2003-06-04,0.3396,0.3445,0.3359,0.3425
2003-06-05,0.3374,0.3499,0.3347,0.3498
2003-06-06,0.3424,0.3544,0.3363,0.3475
2003-06-09,0.3502,0.3584,0.3386,0.349
2003-06-10,0.3487,0.3584,0.3482,0.3487
2003-06-11,0.3486,0.3528,0.3477,0.3485
2003-06-12,0.3511,0.3513,0.3482,0.3487
2003-06-13,0.3505,0.3538,0.3482,0.3488
2003-06-16,0.3485,0.3516,0.3482,0.3509
2003-06-17,0.3472,0.3498,0.3457,0.3492
2003-06-18,0.3456,0.3471,0.3427,0.3448
2003-06-19,0.3448,0.3448,0.3445,0.3445
2003-06-20,0.3447,0.3472,0.3447,0.3456
2003-06-23,0.3461,0.3493,0.3448,0.3493
2003-06-24,0.3499,0.3505,0.3484,0.3493
2003-06-25,0.3499,0.3511,0.3377,0.3497
2003-06-26,0.3497,0.3497,0.3447,0.3451
2003-06-27,0.3451,0.3486,0.3447,0.3477
2003-06-30,0.3462,0.3519,0.346,0.3518
2003-07-01,0.3518,0.3531,0.3501,0.3524
2003-07-02,0.3534,0.3553,0.3534,0.3553
2003-07-03,0.3547,0.3547,0.3524,0.3539
2003-07-04,0.3542,0.3546,0.3524,0.3524
2003-07-07,0.3524,0.3524,0.3465,0.3469
2003-07-08,0.3465,0.3485,0.3447,0.3478
2003-07-09,0.3485,0.3499,0.3485,0.3497
2003-07-10,0.3497,0.3497,0.3447,0.3457
2003-07-11,0.3458,0.346,0.3432,0.3458
2003-07-14,0.3457,0.3498,0.3445,0.349
2003-07-15,0.3495,0.3529,0.3488,0.35
2003-07-16,0.3502,0.3512,0.3465,0.3508
2003-07-17,0.3515,0.3517,0.3483,0.3483
2003-07-18,0.3485,0.349,0.3462,0.3464
2003-07-21,0.3463,0.3477,0.3453,0.3475
2003-07-22,0.3478,0.3478,0.3462,0.347
2003-07-23,0.3466,0.3477,0.3449,0.3453
2003-07-24,0.3457,0.3527,0.3432,0.3463
2003-07-25,0.3464,0.3472,0.3457,0.346
2003-07-28,0.3466,0.3466,0.345,0.3451
2003-07-29,0.3451,0.3451,0.3404,0.3404
2003-07-30,0.3386,0.3407,0.3364,0.3364
2003-07-31,0.3367,0.3388,0.3348,0.3372
2003-08-01,0.3373,0.3376,0.3292,0.3303
2003-08-04,0.3301,0.3303,0.3144,0.3259
2003-08-05,0.3257,0.3314,0.3257,0.3307
2003-08-06,0.3323,0.3323,0.3263,0.3275
2003-08-07,0.3276,0.3404,0.3276,0.3404
2003-08-08,0.3338,0.3367,0.3327,0.3347
2003-08-11,0.3347,0.3528,0.3326,0.3326
2003-08-12,0.3346,0.3346,0.3297,0.3297
2003-08-13,0.3302,0.3384,0.3286,0.3322
2003-08-14,0.3326,0.3341,0.3308,0.3324
2003-08-15,0.3327,0.3418,0.3325,0.3342
2003-08-18,0.3343,0.3381,0.3328,0.3331
2003-08-19,0.3331,0.3347,0.3305,0.3346
2003-08-20,0.3326,0.3346,0.3323,0.3337
2003-08-21,0.3337,0.3341,0.3323,0.333
2003-08-22,0.3329,0.3418,0.3328,0.334
2003-08-25,0.3348,0.3354,0.3334,0.3334
2003-08-26,0.3334,0.3351,0.333,0.3346
2003-08-27,0.3347,0.3381,0.3347,0.3381
2003-08-28,0.3382,0.3401,0.3376,0.339
2003-08-29,0.339,0.339,0.3356,0.3357
2003-09-01,0.3356,0.3359,0.3346,0.3346
2003-09-02,0.3348,0.3385,0.3337,0.3385
2003-09-03,0.3384,0.339,0.3375,0.3384
2003-09-04,0.3377,0.3414,0.3369,0.3414
2003-09-05,0.3404,0.3441,0.3403,0.344
2003-09-08,0.344,0.345,0.3388,0.3388
2003-09-09,0.3389,0.3424,0.3386,0.3421
2003-09-10,0.3422,0.3462,0.3403,0.3462
2003-09-11,0.3459,0.3483,0.3433,0.3434
2003-09-12,0.3432,0.3481,0.3427,0.3445
2003-09-15,0.3445,0.3473,0.3432,0.3469
2003-09-16,0.3471,0.3471,0.3431,0.3432
2003-09-17,0.344,0.3449,0.3392,0.3437
2003-09-18,0.3441,0.3456,0.3434,0.3445
2003-09-19,0.3447,0.3447,0.3434,0.3445
2003-09-22,0.3444,0.345,0.3437,0.3447
2003-09-23,0.3445,0.3451,0.3415,0.3422
2003-09-24,0.3422,0.3435,0.3397,0.3422
2003-09-25,0.3424,0.3429,0.34,0.34
2003-09-26,0.34,0.3422,0.339,0.3408
2003-09-29,0.3408,0.3417,0.34,0.3417
2003-09-30,0.3418,0.346,0.3412,0.3454
2003-10-01,0.3457,0.3478,0.3437,0.3441
2003-10-02,0.3441,0.3527,0.3429,0.346
2003-10-03,0.3459,0.3471,0.3456,0.3464
2003-10-06,0.3464,0.352,0.3459,0.3492
2003-10-07,0.3481,0.3499,0.3471,0.3498
2003-10-08,0.3498,0.3563,0.3496,0.3513
2003-10-09,0.3514,0.359,0.3502,0.353
2003-10-10,0.3531,0.3536,0.3511,0.3533
2003-10-13,0.3533,0.3533,0.3518,0.3526
2003-10-14,0.3526,0.3538,0.351,0.3534
2003-10-15,0.3526,0.3541,0.3521,0.3523
2003-10-16,0.3523,0.3528,0.3504,0.351
2003-10-17,0.3511,0.3511,0.3481,0.3503
2003-10-20,0.3472,0.3552,0.346,0.3492
2003-10-21,0.3494,0.3513,0.3477,0.351
2003-10-22,0.351,0.3513,0.3491,0.3491
2003-10-23,0.3492,0.3637,0.3473,0.3498
2003-10-24,0.3496,0.3497,0.3478,0.3484
2003-10-27,0.3484,0.3488,0.3467,0.3477
2003-10-28,0.3477,0.3536,0.3474,0.3504
2003-10-29,0.3508,0.3526,0.3381,0.3525
2003-10-30,0.3522,0.3603,0.3503,0.3511
2003-10-31,0.3514,0.359,0.3483,0.3488
2003-11-03,0.349,0.359,0.3489,0.3505
2003-11-04,0.3508,0.351,0.3486,0.3493
2003-11-05,0.3492,0.3502,0.3486,0.3487
2003-11-06,0.3492,0.3493,0.3474,0.3477
2003-11-07,0.3477,0.3496,0.3471,0.3487
2003-11-10,0.3487,0.3565,0.3463,0.3468
2003-11-11,0.3463,0.3468,0.3441,0.3442
2003-11-12,0.3442,0.3448,0.3427,0.3445
2003-11-13,0.3445,0.3445,0.3393,0.3393
2003-11-14,0.34,0.3408,0.3389,0.3397
2003-11-17,0.3391,0.3407,0.3372,0.3407
2003-11-18,0.341,0.3478,0.3386,0.3386
2003-11-19,0.3375,0.3404,0.3375,0.3396
2003-11-20,0.3397,0.3478,0.3384,0.3404
2003-11-21,0.3404,0.3425,0.3399,0.3421
2003-11-24,0.3421,0.3431,0.3408,0.3424
2003-11-25,0.3425,0.3502,0.3405,0.3405
2003-11-26,0.341,0.3417,0.3391,0.3393
2003-11-27,0.3393,0.3403,0.3382,0.3397
2003-11-28,0.3397,0.3399,0.3388,0.3394
2003-12-01,0.3393,0.3422,0.3391,0.3421
2003-12-02,0.3419,0.3457,0.3408,0.341
2003-12-03,0.341,0.344,0.3404,0.3414
2003-12-04,0.3409,0.3439,0.3389,0.3389
2003-12-05,0.339,0.3407,0.339,0.3405
2003-12-08,0.3405,0.3439,0.3397,0.3399
2003-12-09,0.3399,0.3411,0.3399,0.3407
2003-12-10,0.3408,0.3408,0.3391,0.3393
2003-12-11,0.3397,0.3405,0.3393,0.34
2003-12-12,0.3399,0.3478,0.3397,0.3407
2003-12-15,0.3408,0.349,0.3404,0.342
2003-12-16,0.3421,0.3422,0.3398,0.3398
2003-12-17,0.3403,0.3413,0.3397,0.3408
2003-12-18,0.3411,0.3414,0.3405,0.3407
2003-12-19,0.3407,0.3421,0.3407,0.342
2003-12-22,0.3421,0.3428,0.3416,0.3428
2003-12-23,0.3424,0.3431,0.3424,0.3431
2003-12-25,0.3431,0.3431,0.3431,0.3431
2003-12-26,0.3438,0.3453,0.3436,0.3448
2003-12-29,0.3444,0.3494,0.3441,0.3494
2003-12-30,0.3476,0.3476,0.3461,0.3463
2004-01-02,0.3468,0.3469,0.3468,0.3469
2004-01-05,0.3491,0.3506,0.3484,0.3505
2004-01-06,0.3503,0.3524,0.3487,0.3489
2004-01-07,0.3487,0.3498,0.3471,0.3498
2004-01-08,0.3498,0.3515,0.3389,0.3505
2004-01-09,0.3516,0.3532,0.3516,0.3531
2004-01-12,0.3531,0.3585,0.3527,0.3584
2004-01-13,0.3601,0.3601,0.3469,0.3565
2004-01-14,0.3563,0.3563,0.354,0.3547
2004-01-15,0.3547,0.3563,0.3546,0.3553
2004-01-16,0.3553,0.3554,0.3534,0.3534
2004-01-19,0.3534,0.3537,0.3507,0.3523
2004-01-20,0.3523,0.3529,0.3516,0.352
2004-01-21,0.352,0.3526,0.3511,0.3521
2004-01-22,0.3521,0.3526,0.3511,0.3525
2004-01-23,0.3525,0.3525,0.3513,0.3518
2004-01-26,0.3518,0.3521,0.3505,0.3505
2004-01-27,0.3505,0.3516,0.3483,0.3487
2004-01-28,0.3487,0.3487,0.3439,0.3439
2004-01-29,0.3439,0.3454,0.3375,0.3412
2004-01-30,0.3412,0.3424,0.339,0.3412
2004-02-02,0.3412,0.3412,0.3381,0.3412
2004-02-03,0.3412,0.3432,0.34,0.3429
2004-02-04,0.3429,0.3447,0.341,0.3424
2004-02-05,0.3424,0.3425,0.3395,0.3396
2004-02-06,0.3396,0.3412,0.3379,0.3411
2004-02-09,0.3411,0.3419,0.3399,0.3415
2004-02-10,0.3415,0.3434,0.3413,0.3425
2004-02-11,0.3424,0.3448,0.3408,0.3447
2004-02-12,0.3441,0.3454,0.3432,0.3436
2004-02-13,0.3445,0.3448,0.3427,0.3442
2004-02-16,0.3442,0.3445,0.3429,0.3434
2004-02-17,0.3432,0.3445,0.3419,0.3419
2004-02-18,0.3419,0.3431,0.339,0.339
2004-02-19,0.339,0.3395,0.3374,0.3374
2004-02-20,0.3373,0.3379,0.335,0.3377
2004-02-23,0.3378,0.3378,0.3377,0.3378
2004-02-24,0.3377,0.3378,0.3376,0.3378
2004-02-25,0.3378,0.3414,0.3378,0.3403
2004-02-26,0.3401,0.342,0.3396,0.3419
2004-02-27,0.3423,0.3446,0.342,0.3445
2004-03-01,0.3444,0.3462,0.3441,0.3453
2004-03-02,0.345,0.3463,0.3427,0.3463
2004-03-03,0.3465,0.348,0.3458,0.346
2004-03-04,0.346,0.3474,0.3455,0.3457
2004-03-05,0.3458,0.3493,0.3454,0.3486
2004-03-08,0.3486,0.35,0.3465,0.3478
2004-03-09,0.3474,0.3486,0.3468,0.347
2004-03-10,0.3463,0.3471,0.3435,0.3445
2004-03-11,0.3448,0.3448,0.3422,0.3424
2004-03-12,0.343,0.3451,0.3426,0.3445
2004-03-15,0.3445,0.3453,0.3438,0.3445
2004-03-16,0.3444,0.3453,0.3435,0.3451
2004-03-17,0.3449,0.3451,0.3429,0.3437
2004-03-18,0.3434,0.3445,0.3425,0.3445
2004-03-19,0.3439,0.3455,0.3439,0.3445
2004-03-22,0.3447,0.3447,0.3431,0.3435
2004-03-23,0.3443,0.3448,0.3424,0.3425
2004-03-24,0.343,0.3432,0.3404,0.3408
2004-03-25,0.3417,0.3421,0.34,0.3405
2004-03-26,0.3396,0.3406,0.3392,0.3401
2004-03-29,0.3401,0.3415,0.3401,0.3402
2004-03-30,0.3403,0.3439,0.3403,0.3439
2004-03-31,0.3439,0.3455,0.343,0.3453
2004-04-01,0.3453,0.3464,0.3453,0.346
2004-04-02,0.3459,0.3462,0.3448,0.3456
2004-04-05,0.3455,0.3478,0.3448,0.3477
2004-04-06,0.3477,0.3482,0.3476,0.3478
2004-04-07,0.3472,0.3487,0.3468,0.3482
2004-04-08,0.3474,0.3483,0.3466,0.3466
2004-04-09,0.3474,0.3483,0.3466,0.3466
2004-04-12,0.3459,0.3471,0.3459,0.3471
2004-04-13,0.3471,0.3471,0.3457,0.3458
2004-04-14,0.3459,0.3463,0.3449,0.3463
2004-04-15,0.3463,0.3463,0.3413,0.3428
2004-04-16,0.3424,0.3441,0.3415,0.3438
2004-04-19,0.3437,0.3445,0.343,0.3439
2004-04-20,0.3439,0.3445,0.3414,0.3414
2004-04-21,0.3413,0.3414,0.3412,0.3414
2004-04-22,0.3421,0.3421,0.3403,0.3415
2004-04-23,0.3417,0.3437,0.3415,0.3435
2004-04-26,0.3437,0.3442,0.3434,0.3436
2004-04-27,0.3436,0.3436,0.3424,0.3427
2004-04-28,0.343,0.343,0.3388,0.3388
2004-04-29,0.3389,0.3399,0.3368,0.3372
2004-04-30,0.3373,0.341,0.3371,0.3409
2004-05-03,0.3409,0.3409,0.3352,0.3355
2004-05-04,0.3355,0.3379,0.3355,0.3368
2004-05-05,0.3369,0.3385,0.3369,0.3385
2004-05-06,0.3385,0.3388,0.3331,0.3339
2004-05-07,0.3336,0.3341,0.3244,0.3267
2004-05-10,0.3265,0.3267,0.3184,0.3184
2004-05-11,0.3182,0.3255,0.3179,0.325
2004-05-12,0.3253,0.3253,0.318,0.3182
2004-05-13,0.3182,0.3201,0.3182,0.3191
2004-05-14,0.3193,0.3254,0.3182,0.3234
2004-05-17,0.3236,0.3236,0.3194,0.32
2004-05-18,0.3236,0.3236,0.3184,0.3184
2004-05-19,0.3236,0.3236,0.3189,0.3189
2004-05-20,0.3162,0.321,0.3118,0.3118
2004-05-21,0.3114,0.314,0.3093,0.3131
2004-05-24,0.3131,0.3166,0.3125,0.3144
2004-05-25,0.3145,0.3188,0.3145,0.3187
2004-05-26,0.3187,0.3197,0.3141,0.3164
2004-05-27,0.3139,0.3208,0.3139,0.3204
2004-05-28,0.3209,0.324,0.3204,0.3233
2004-05-31,0.3233,0.3249,0.3125,0.3135
2004-06-01,0.3135,0.3187,0.3135,0.3176
2004-06-02,0.3177,0.3208,0.3177,0.3189
2004-06-03,0.319,0.3194,0.3157,0.3168
2004-06-04,0.317,0.3202,0.3161,0.3194
2004-06-07,0.3194,0.3221,0.3194,0.3213
2004-06-08,0.3213,0.3217,0.32,0.3214
2004-06-09,0.3213,0.3229,0.3194,0.32
2004-06-10,0.3198,0.3215,0.3177,0.3215
2004-06-11,0.3198,0.3198,0.3174,0.3184
2004-06-14,0.3181,0.3199,0.3154,0.3158
2004-06-15,0.3158,0.3203,0.3155,0.3198
2004-06-16,0.3194,0.3201,0.3176,0.3192
2004-06-17,0.3193,0.3208,0.3181,0.3194
2004-06-18,0.3196,0.3197,0.3179,0.3183
2004-06-21,0.3183,0.3203,0.3182,0.3191
2004-06-22,0.3191,0.3197,0.3185,0.3192
2004-06-23,0.3192,0.3213,0.3186,0.3211
2004-06-24,0.3204,0.3236,0.3204,0.3232
2004-06-25,0.3234,0.3234,0.3208,0.3215
2004-06-28,0.3214,0.3222,0.3187,0.3197
2004-06-29,0.3194,0.3227,0.319,0.3216
2004-06-30,0.3214,0.3241,0.3205,0.3241
2004-07-01,0.3239,0.326,0.3239,0.3249
2004-07-02,0.3252,0.3292,0.3243,0.329
2004-07-05,0.3291,0.3309,0.3282,0.3307
2004-07-06,0.3301,0.3305,0.3279,0.3281
2004-07-07,0.328,0.3304,0.327,0.3295
2004-07-08,0.3294,0.3294,0.3264,0.3268
2004-07-09,0.3267,0.329,0.3267,0.3288
2004-07-12,0.3287,0.3299,0.3282,0.3295
2004-07-13,0.3293,0.3297,0.3278,0.3289
2004-07-14,0.3289,0.3317,0.3285,0.3304
2004-07-15,0.3304,0.3321,0.33,0.3314
2004-07-16,0.3315,0.334,0.3308,0.3333
2004-07-19,0.3331,0.3346,0.3331,0.3341
2004-07-20,0.3338,0.3339,0.332,0.3325
2004-07-21,0.3326,0.3335,0.3282,0.33
2004-07-22,0.33,0.3306,0.327,0.3289
2004-07-23,0.3288,0.3295,0.3266,0.3272
2004-07-26,0.3272,0.3288,0.3249,0.3252
2004-07-27,0.3254,0.3267,0.3249,0.3265
2004-07-28,0.3263,0.328,0.3262,0.3274
2004-07-29,0.3275,0.3305,0.3274,0.3293
2004-07-30,0.3289,0.3312,0.3288,0.3292
2004-08-02,0.3292,0.3292,0.3271,0.3282
2004-08-03,0.3281,0.3282,0.3264,0.3276
2004-08-04,0.3276,0.3282,0.3261,0.3274
2004-08-05,0.3273,0.3273,0.3257,0.3258
2004-08-06,0.3257,0.33,0.3249,0.3298
2004-08-09,0.3298,0.3303,0.3285,0.3288
2004-08-10,0.329,0.3314,0.3288,0.3301
2004-08-11,0.3301,0.3301,0.3286,0.3292
2004-08-12,0.3295,0.3304,0.3291,0.3294
2004-08-16,0.331,0.3327,0.33,0.3325
2004-08-17,0.3325,0.3341,0.3323,0.3333
2004-08-18,0.3337,0.336,0.3322,0.3355
2004-08-19,0.3355,0.3369,0.3348,0.3348
2004-08-20,0.3346,0.3376,0.334,0.337
2004-08-23,0.337,0.3381,0.3358,0.3374
2004-08-24,0.3369,0.3389,0.3363,0.3383
2004-08-25,0.3381,0.3395,0.3374,0.339
2004-08-26,0.3388,0.3392,0.3376,0.3384
2004-08-27,0.3383,0.3393,0.337,0.3385
2004-08-30,0.3386,0.3408,0.3376,0.3395
2004-08-31,0.3398,0.3416,0.3394,0.3415
2004-09-01,0.3414,0.3421,0.3407,0.3411
2004-09-02,0.3407,0.341,0.34,0.3402
2004-09-03,0.3401,0.3421,0.3396,0.3417
2004-09-06,0.3417,0.3437,0.3412,0.3437
2004-09-07,0.3437,0.3437,0.3424,0.3435
2004-09-08,0.3437,0.3454,0.3437,0.3448
2004-09-09,0.3445,0.3456,0.3437,0.3448
2004-09-10,0.3447,0.3453,0.3444,0.3444
2004-09-13,0.3444,0.3448,0.3436,0.3437
2004-09-14,0.3437,0.3442,0.3428,0.3438
2004-09-15,0.3439,0.3451,0.3429,0.3445
2004-09-16,0.3444,0.3469,0.3444,0.3465
2004-09-17,0.3465,0.349,0.3465,0.3489
2004-09-20,0.3488,0.35,0.3476,0.3478
2004-09-21,0.3478,0.3489,0.3469,0.3488
2004-09-22,0.3489,0.35,0.3467,0.347
2004-09-23,0.3468,0.349,0.3463,0.3474
2004-09-24,0.3471,0.3491,0.346,0.3483
2004-09-27,0.3483,0.3486,0.3474,0.3481
2004-09-28,0.348,0.3496,0.3472,0.3492
2004-09-29,0.3487,0.3513,0.3484,0.3504
2004-09-30,0.3504,0.3511,0.349,0.3492
2004-10-01,0.3495,0.3527,0.349,0.3527
2004-10-04,0.3521,0.3547,0.3521,0.354
2004-10-05,0.3539,0.3555,0.3531,0.3534
2004-10-06,0.3534,0.354,0.3518,0.3521
2004-10-07,0.3526,0.353,0.3498,0.3505
2004-10-08,0.3508,0.3564,0.3506,0.3534
2004-10-11,0.353,0.355,0.3524,0.3547
2004-10-12,0.3546,0.3546,0.3534,0.3541
2004-10-13,0.3546,0.3549,0.351,0.3521
2004-10-14,0.3518,0.3521,0.3473,0.3478
2004-10-15,0.3479,0.3506,0.3453,0.35
2004-10-18,0.35,0.3514,0.3494,0.3498
2004-10-19,0.3497,0.3503,0.3465,0.3474
2004-10-20,0.3474,0.3484,0.3455,0.3484
2004-10-21,0.3481,0.3514,0.3473,0.3501
2004-10-22,0.3498,0.3521,0.3482,0.3486
2004-10-25,0.3483,0.3487,0.3457,0.3468
2004-10-26,0.3467,0.3494,0.3467,0.3491
2004-10-27,0.349,0.3505,0.3488,0.3498
2004-10-28,0.3499,0.3499,0.3475,0.3489
2004-10-29,0.3493,0.3506,0.3475,0.35
2004-11-01,0.3497,0.3505,0.3481,0.3503
2004-11-02,0.3504,0.3516,0.3504,0.3505
2004-11-03,0.3504,0.3542,0.3504,0.3535
2004-11-04,0.3535,0.3556,0.3527,0.355
2004-11-05,0.3546,0.3558,0.3531,0.3546
2004-11-08,0.3546,0.3554,0.3521,0.3524
2004-11-09,0.3526,0.3544,0.3524,0.3533
2004-11-10,0.3537,0.3549,0.3535,0.3537
2004-11-11,0.354,0.3556,0.3539,0.3547
2004-11-12,0.3563,0.3587,0.3557,0.3582
2004-11-15,0.3583,0.3585,0.3579,0.3582
2004-11-16,0.3584,0.36,0.3577,0.3588
2004-11-17,0.3588,0.3627,0.3588,0.3624
2004-11-18,0.3623,0.3634,0.3597,0.36
2004-11-19,0.36,0.363,0.3584,0.3593
2004-11-22,0.3591,0.3644,0.359,0.3638
2004-11-23,0.3629,0.3657,0.3629,0.3642
2004-11-24,0.3646,0.3663,0.3617,0.363
2004-11-25,0.363,0.3656,0.3622,0.3644
2004-11-26,0.3643,0.3675,0.3643,0.3653
2004-11-29,0.3653,0.3663,0.3629,0.3639
2004-11-30,0.3635,0.3682,0.3633,0.3676
2004-12-01,0.3678,0.3697,0.3669,0.3688
2004-12-02,0.369,0.369,0.3658,0.3658
2004-12-03,0.3658,0.3707,0.3658,0.3691
2004-12-06,0.3692,0.3709,0.366,0.3677
2004-12-07,0.3678,0.369,0.3628,0.3628
2004-12-08,0.3628,0.3632,0.3597,0.3627
2004-12-09,0.3624,0.3633,0.3579,0.3597
2004-12-10,0.3595,0.3609,0.3564,0.3603
2004-12-13,0.3603,0.3627,0.3601,0.3627
2004-12-14,0.3615,0.3638,0.361,0.3615
2004-12-15,0.3617,0.3673,0.3617,0.3669
2004-12-16,0.3669,0.3684,0.3642,0.3646
2004-12-17,0.3648,0.3692,0.3644,0.3687
2004-12-20,0.3687,0.3738,0.3687,0.3734
2004-12-21,0.3734,0.3748,0.3699,0.3704
2004-12-22,0.3703,0.3717,0.3688,0.3696
2004-12-24,0.3702,0.3717,0.3693,0.3716
2004-12-27,0.3716,0.3726,0.3692,0.372
2004-12-28,0.372,0.3727,0.3705,0.371
2004-12-29,0.3709,0.3753,0.3705,0.3746
2004-12-30,0.3752,0.3776,0.3752,0.3762
2004-12-31,0.3765,0.3765,0.3765,0.3765
2005-01-03,0.3765,0.3769,0.3736,0.3736
2005-01-04,0.3741,0.3741,0.3672,0.3677
2005-01-05,0.3665,0.3711,0.3656,0.3684
2005-01-06,0.3684,0.3693,0.3658,0.3673
2005-01-07,0.367,0.3712,0.3663,0.3687
2005-01-10,0.3687,0.3718,0.3686,0.3698
2005-01-11,0.3698,0.3713,0.3669,0.3675
2005-01-12,0.3675,0.371,0.3658,0.3694
2005-01-13,0.3694,0.3716,0.3692,0.3698
2005-01-14,0.3705,0.3705,0.3683,0.3701
2005-01-17,0.3701,0.3709,0.3696,0.3703
2005-01-18,0.3701,0.3703,0.3674,0.3679
2005-01-19,0.3677,0.3703,0.3673,0.3678
2005-01-20,0.369,0.369,0.3663,0.3679
2005-01-21,0.368,0.3725,0.3679,0.3722
2005-01-24,0.3712,0.3741,0.3712,0.373
2005-01-25,0.373,0.3743,0.3717,0.3729
2005-01-26,0.3718,0.3757,0.3718,0.3753
2005-01-27,0.3752,0.3767,0.3739,0.3743
2005-01-28,0.3745,0.378,0.3738,0.378
2005-01-31,0.378,0.3835,0.377,0.3832
2005-02-01,0.3833,0.3846,0.3813,0.3834
2005-02-02,0.383,0.3844,0.3794,0.3842
2005-02-03,0.3841,0.3856,0.3824,0.3843
2005-02-04,0.3839,0.3865,0.3821,0.384
2005-02-07,0.384,0.3843,0.3826,0.3828
2005-02-08,0.3826,0.3843,0.3791,0.3798
2005-02-09,0.3797,0.385,0.3788,0.3842
2005-02-10,0.3842,0.3842,0.3816,0.3818
2005-02-11,0.3816,0.3848,0.381,0.3841
2005-02-14,0.3839,0.3893,0.3839,0.3892
2005-02-15,0.3877,0.3894,0.3858,0.3869
2005-02-16,0.3869,0.3891,0.3842,0.3866
2005-02-17,0.3878,0.391,0.3873,0.3901
2005-02-18,0.3902,0.3919,0.3878,0.3881
2005-02-21,0.3881,0.3893,0.3869,0.3869
2005-02-22,0.3869,0.3895,0.3835,0.3847
2005-02-23,0.3846,0.388,0.3834,0.3852
2005-02-24,0.3855,0.3868,0.3783,0.3792
2005-02-25,0.3798,0.3823,0.3774,0.382
2005-02-28,0.3818,0.3872,0.3818,0.3861
2005-03-01,0.3849,0.3863,0.3791,0.3805
2005-03-02,0.3805,0.3818,0.3772,0.379
2005-03-03,0.3788,0.3795,0.3682,0.3732
2005-03-04,0.3732,0.378,0.3711,0.3764
2005-03-07,0.3764,0.3773,0.3719,0.3726
2005-03-08,0.3728,0.3741,0.37,0.3707
2005-03-09,0.3712,0.3714,0.3662,0.3683
2005-03-10,0.368,0.3692,0.3647,0.3679
2005-03-11,0.3685,0.3713,0.367,0.3676
2005-03-14,0.368,0.368,0.3606,0.364
2005-03-15,0.3642,0.3652,0.3597,0.3617
2005-03-16,0.3618,0.3652,0.3609,0.3617
2005-03-17,0.362,0.369,0.3591,0.3679
2005-03-18,0.3675,0.3692,0.3667,0.3681
2005-03-21,0.3681,0.3681,0.3647,0.3667
2005-03-22,0.3667,0.371,0.3637,0.3646
2005-03-23,0.3648,0.3663,0.3623,0.3639
2005-03-24,0.3637,0.3672,0.3637,0.3648
2005-03-25,0.3645,0.3652,0.3645,0.3651
2005-03-28,0.3652,0.368,0.3635,0.3669
2005-03-29,0.3669,0.3711,0.3667,0.3706
2005-03-30,0.3703,0.3743,0.3692,0.3737
2005-03-31,0.3731,0.3769,0.372,0.3745
2005-04-01,0.3743,0.3782,0.3734,0.376
2005-04-04,0.376,0.3792,0.3741,0.3786
2005-04-05,0.3786,0.3818,0.3785,0.3808
2005-04-06,0.3805,0.3855,0.3804,0.3838
2005-04-07,0.3846,0.3864,0.383,0.3855
2005-04-08,0.3855,0.3875,0.3841,0.3867
2005-04-11,0.3868,0.3887,0.3858,0.3868
2005-04-12,0.3863,0.3891,0.384,0.3885
2005-04-13,0.3883,0.3917,0.3882,0.3901
2005-04-14,0.3908,0.3909,0.3867,0.3867
2005-04-15,0.386,0.3872,0.3818,0.382
2005-04-18,0.3824,0.3839,0.3806,0.3835
2005-04-19,0.3835,0.3895,0.3827,0.3895
2005-04-20,0.3891,0.3917,0.3881,0.39
2005-04-21,0.39,0.3937,0.3881,0.3921
2005-04-22,0.3903,0.3953,0.39,0.394
2005-04-25,0.394,0.3972,0.3922,0.3963
2005-04-26,0.3965,0.3969,0.3923,0.3943
2005-04-27,0.3939,0.3981,0.3939,0.3976
2005-04-28,0.3976,0.3987,0.3916,0.3925
2005-04-29,0.3922,0.396,0.3917,0.3954
2005-05-02,0.3955,0.3989,0.3953,0.3987
2005-05-03,0.3981,0.4019,0.3973,0.4019
2005-05-04,0.4017,0.4065,0.4016,0.4059
2005-05-05,0.4055,0.4069,0.4019,0.4065
2005-05-06,0.4059,0.4076,0.4047,0.407
2005-05-09,0.407,0.4088,0.4055,0.4079
2005-05-10,0.408,0.4087,0.4033,0.4046
2005-05-11,0.4037,0.4077,0.4015,0.4076
2005-05-12,0.4077,0.4079,0.4044,0.4053
2005-05-13,0.4049,0.406,0.4021,0.4044
2005-05-16,0.4042,0.4048,0.4024,0.4044
2005-05-17,0.404,0.4054,0.4017,0.4031
2005-05-18,0.4034,0.4071,0.4029,0.407
2005-05-19,0.4065,0.4095,0.4064,0.4084
2005-05-20,0.4095,0.41,0.4069,0.4095
2005-05-23,0.4095,0.4124,0.409,0.4122
2005-05-24,0.4122,0.4123,0.4104,0.4118
2005-05-25,0.4125,0.4162,0.4113,0.4151
2005-05-26,0.4151,0.4151,0.414,0.4151
2005-05-27,0.4149,0.4196,0.4149,0.4196
2005-05-30,0.4196,0.4231,0.4178,0.4218
2005-05-31,0.4222,0.4223,0.4127,0.415
2005-06-01,0.4185,0.4185,0.4079,0.4079
2005-06-02,0.407,0.4146,0.4067,0.4143
2005-06-03,0.4135,0.4219,0.4114,0.4122
2005-06-06,0.4121,0.4123,0.4034,0.4086
2005-06-07,0.4084,0.4099,0.4044,0.4056
2005-06-08,0.407,0.41,0.4057,0.4069
2005-06-09,0.4058,0.4072,0.3992,0.4006
2005-06-10,0.4008,0.4057,0.4005,0.4042
2005-06-13,0.4042,0.4085,0.4036,0.408
2005-06-14,0.408,0.4121,0.4033,0.411
2005-06-15,0.4106,0.4121,0.4077,0.4121
2005-06-16,0.4107,0.4161,0.4094,0.4159
2005-06-17,0.4159,0.4201,0.4152,0.4189
2005-06-20,0.418,0.4193,0.418,0.4193
2005-06-21,0.4209,0.4217,0.4196,0.4213
2005-06-22,0.4217,0.4236,0.4193,0.4199
2005-06-23,0.4189,0.42,0.4159,0.4159
2005-06-24,0.4157,0.4208,0.4157,0.4201
2005-06-27,0.4203,0.4213,0.4183,0.421
2005-06-28,0.4214,0.4231,0.4211,0.4231
2005-06-29,0.4227,0.426,0.4216,0.4248
2005-06-30,0.4241,0.429,0.4225,0.429
2005-07-01,0.428,0.4294,0.4239,0.4243
2005-07-04,0.4274,0.4274,0.4204,0.4225
2005-07-05,0.4222,0.4241,0.4202,0.4208
2005-07-06,0.4206,0.4211,0.4169,0.4176
2005-07-07,0.4183,0.4214,0.4157,0.4206
2005-07-08,0.4214,0.4245,0.4195,0.4211
2005-07-11,0.421,0.4275,0.421,0.4273
2005-07-12,0.4274,0.43,0.4268,0.4277
2005-07-13,0.4279,0.4294,0.4243,0.4248
2005-07-14,0.4247,0.4289,0.4238,0.4286
2005-07-15,0.4279,0.4292,0.425,0.4274
2005-07-18,0.4276,0.4303,0.427,0.428
2005-07-19,0.4279,0.4282,0.4258,0.4268
2005-07-20,0.4268,0.4276,0.4229,0.4266
2005-07-21,0.4276,0.4303,0.4239,0.4249
2005-07-22,0.4227,0.4243,0.4169,0.4171
2005-07-25,0.4173,0.4173,0.4033,0.4033
2005-07-26,0.402,0.411,0.3979,0.4099
2005-07-27,0.411,0.4138,0.4031,0.4105
2005-07-28,0.4103,0.4161,0.4085,0.415
2005-07-29,0.4151,0.4237,0.4137,0.4193
2005-08-01,0.4192,0.423,0.4172,0.423
2005-08-02,0.422,0.4281,0.4206,0.4265
2005-08-03,0.4278,0.4337,0.4265,0.4326
2005-08-04,0.4313,0.4363,0.4296,0.4332
2005-08-05,0.4342,0.4375,0.4309,0.4338
2005-08-08,0.4322,0.4356,0.429,0.429
2005-08-09,0.4294,0.4369,0.4272,0.4369
2005-08-10,0.4355,0.4411,0.4355,0.4378
2005-08-11,0.4388,0.4388,0.4228,0.4268
2005-08-12,0.4241,0.4265,0.4162,0.4213
2005-08-15,0.4213,0.4295,0.4204,0.4291
2005-08-16,0.4262,0.4313,0.4232,0.4288
2005-08-17,0.426,0.4278,0.4231,0.4254
2005-08-18,0.4253,0.4272,0.4179,0.4184
2005-08-19,0.416,0.4206,0.4033,0.4079
2005-08-22,0.4082,0.4202,0.4079,0.4197
2005-08-23,0.4214,0.4214,0.4123,0.4155
2005-08-24,0.4165,0.4166,0.4093,0.4099
2005-08-25,0.4077,0.4176,0.4077,0.4174
2005-08-26,0.4165,0.4195,0.4114,0.4163
2005-08-29,0.4162,0.4197,0.4138,0.419
2005-08-30,0.4193,0.421,0.4176,0.419
2005-08-31,0.4202,0.4253,0.4191,0.4242
2005-09-01,0.4245,0.4254,0.4216,0.4236
2005-09-02,0.4245,0.4292,0.4232,0.429
2005-09-05,0.429,0.4319,0.4271,0.4285
2005-09-06,0.4287,0.4313,0.4274,0.4301
2005-09-07,0.4309,0.4309,0.429,0.4292
2005-09-08,0.4292,0.4322,0.429,0.4309
2005-09-09,0.4309,0.4331,0.4287,0.4329
2005-09-12,0.4328,0.4329,0.4297,0.4311
2005-09-13,0.4309,0.4323,0.4287,0.4292
2005-09-14,0.4298,0.4305,0.4274,0.4303
2005-09-15,0.4311,0.4361,0.4294,0.435
2005-09-16,0.4357,0.4372,0.4337,0.435
2005-09-19,0.435,0.438,0.4329,0.4362
2005-09-20,0.4349,0.4419,0.4344,0.4346
2005-09-21,0.4355,0.4406,0.4345,0.4398
2005-09-22,0.4396,0.4415,0.4361,0.4395
2005-09-23,0.4396,0.4421,0.4388,0.4415
2005-09-26,0.4415,0.4453,0.4402,0.4449
2005-09-27,0.4444,0.4456,0.4419,0.4427
2005-09-28,0.4424,0.4485,0.4421,0.4485
2005-09-29,0.4472,0.4527,0.4456,0.4523
2005-09-30,0.4519,0.4527,0.4475,0.4483
2005-10-03,0.4489,0.4497,0.4449,0.4486
2005-10-04,0.4485,0.4485,0.4421,0.4424
2005-10-05,0.4419,0.4429,0.4383,0.44
2005-10-06,0.441,0.4411,0.4341,0.4365
2005-10-07,0.4363,0.4451,0.4358,0.4448
2005-10-10,0.4458,0.4472,0.4458,0.4462
2005-10-11,0.446,0.4475,0.446,0.4473
2005-10-12,0.4472,0.4474,0.4435,0.4472
2005-10-13,0.4459,0.4472,0.4394,0.4425
2005-10-14,0.4422,0.4458,0.4413,0.4449
2005-10-17,0.4448,0.4478,0.4448,0.4464
2005-10-18,0.4467,0.4478,0.4452,0.4458
2005-10-19,0.4455,0.4464,0.4437,0.4462
2005-10-20,0.4448,0.4472,0.4421,0.444
2005-10-21,0.4445,0.4446,0.4402,0.4412
2005-10-24,0.4414,0.4425,0.4414,0.4423
2005-10-25,0.4418,0.4427,0.4412,0.4414
2005-10-26,0.4412,0.4413,0.4368,0.4368
2005-10-27,0.4364,0.4382,0.4361,0.4361
2005-10-28,0.4367,0.4416,0.4367,0.4415
2005-10-31,0.441,0.4443,0.441,0.4436
2005-11-01,0.4438,0.4454,0.4433,0.445
2005-11-02,0.4458,0.4458,0.445,0.445
2005-11-03,0.4462,0.4503,0.4462,0.4495
2005-11-04,0.4488,0.4518,0.4484,0.4518
2005-11-07,0.453,0.4536,0.4527,0.4527
2005-11-08,0.4528,0.456,0.4528,0.4553
2005-11-09,0.4605,0.4605,0.4587,0.4587
2005-11-10,0.4606,0.4606,0.4606,0.4606
2005-11-11,0.4617,0.4624,0.4617,0.4622
2005-11-14,0.4621,0.4621,0.4522,0.4522
2005-11-15,0.4521,0.4535,0.4521,0.453
2005-11-16,0.4521,0.4554,0.4521,0.4537
2005-11-17,0.4533,0.4573,0.4533,0.4562
2005-11-18,0.4552,0.4552,0.4485,0.4485
2005-11-21,0.4484,0.4511,0.4484,0.4502
2005-11-22,0.45,0.45,0.4433,0.4443
2005-11-23,0.4446,0.4469,0.4446,0.4458
2005-11-25,0.4454,0.4475,0.4454,0.4475
2005-11-28,0.4471,0.4531,0.4471,0.453
2005-11-29,0.4537,0.4567,0.4537,0.4567
2005-11-30,0.4564,0.4567,0.4525,0.4528
2005-12-01,0.4529,0.4529,0.45,0.45
2005-12-02,0.4498,0.4543,0.4498,0.4523
2005-12-05,0.4522,0.4551,0.4522,0.4549
2005-12-06,0.4551,0.4601,0.4551,0.4592
2005-12-07,0.4611,0.4611,0.4546,0.4546
2005-12-08,0.4553,0.4553,0.4494,0.4494
2005-12-09,0.449,0.4492,0.4435,0.4435
2005-12-12,0.4433,0.444,0.4418,0.4418
2005-12-13,0.4422,0.4444,0.4415,0.4417
2005-12-14,0.441,0.4421,0.4381,0.4381
2005-12-15,0.4409,0.4409,0.4343,0.4345
2005-12-16,0.4347,0.4347,0.4273,0.4273
2005-12-19,0.4275,0.4275,0.4194,0.4194
2005-12-20,0.4199,0.4256,0.4199,0.4256
2005-12-21,0.4258,0.4322,0.4258,0.4317
2005-12-22,0.4331,0.4331,0.4256,0.4289
2005-12-23,0.4288,0.4312,0.4274,0.4312
2005-12-27,0.425,0.425,0.4248,0.4248
2005-12-28,0.4272,0.4272,0.4257,0.4257
2005-12-29,0.426,0.4297,0.426,0.4297
2005-12-30,0.4298,0.4298,0.4282,0.4298
2006-01-02,0.4271,0.4271,0.4271,0.4271
2006-01-03,0.4275,0.4287,0.4267,0.4286
2006-01-04,0.4284,0.4376,0.4284,0.4376
2006-01-05,0.4363,0.4383,0.4363,0.4368
2006-01-06,0.4376,0.4387,0.4366,0.4366
2006-01-09,0.4374,0.4452,0.4374,0.4452
2006-01-10,0.4442,0.4442,0.4415,0.4418
2006-01-11,0.4417,0.4417,0.4376,0.4376
2006-01-12,0.4374,0.4411,0.4374,0.4411
2006-01-13,0.439,0.4405,0.439,0.4394
2006-01-16,0.4395,0.4395,0.4392,0.4392
2006-01-17,0.4396,0.4396,0.432,0.432
2006-01-18,0.4355,0.4355,0.4284,0.4301
2006-01-19,0.4308,0.4371,0.4272,0.4291
2006-01-20,0.4371,0.4393,0.4358,0.4387
2006-01-23,0.4374,0.4426,0.4374,0.4426
2006-01-24,0.4427,0.446,0.4427,0.446
2006-01-25,0.4453,0.446,0.4453,0.4453
2006-01-26,0.4455,0.4482,0.4446,0.4481
2006-01-27,0.4482,0.4525,0.4482,0.4508
2006-01-30,0.4525,0.4531,0.4508,0.4508
2006-01-31,0.4505,0.4516,0.4505,0.4512
2006-02-01,0.4516,0.4516,0.4493,0.4493
2006-02-02,0.4488,0.4516,0.4487,0.4487
2006-02-03,0.4486,0.4528,0.4476,0.4528
2006-02-06,0.4524,0.4585,0.4524,0.4576
2006-02-07,0.4584,0.4584,0.4567,0.4567
2006-02-08,0.4559,0.457,0.4557,0.4569
2006-02-09,0.4571,0.4614,0.4571,0.4605
2006-02-10,0.4603,0.4645,0.4603,0.4616
2006-02-13,0.462,0.4641,0.462,0.4638
2006-02-14,0.4639,0.4671,0.4639,0.4671
2006-02-15,0.4672,0.4698,0.4672,0.4672
2006-02-16,0.4673,0.4722,0.4673,0.4722
2006-02-17,0.4724,0.4729,0.4704,0.4704
2006-02-20,0.4716,0.4716,0.4705,0.4706
2006-02-21,0.4718,0.472,0.4633,0.4633
2006-02-22,0.4611,0.4668,0.4611,0.4668
2006-02-23,0.4684,0.4684,0.4662,0.4662
2006-02-24,0.468,0.468,0.4673,0.4673
2006-02-27,0.4684,0.4684,0.4673,0.4673
2006-02-28,0.4667,0.4673,0.4667,0.4673
2006-03-01,0.4684,0.4724,0.4677,0.4724
2006-03-02,0.4722,0.4734,0.4722,0.4734
2006-03-03,0.473,0.4748,0.473,0.473
2006-03-06,0.4734,0.4735,0.4666,0.4666
2006-03-07,0.4652,0.4673,0.46,0.4603
2006-03-08,0.4664,0.4664,0.457,0.457
2006-03-09,0.4582,0.4632,0.4579,0.4622
2006-03-10,0.462,0.4674,0.462,0.4674
2006-03-13,0.4673,0.4683,0.4673,0.4683
2006-03-14,0.4684,0.4705,0.4684,0.4702
2006-03-15,0.4698,0.4712,0.4698,0.4711
2006-03-16,0.4722,0.4748,0.4719,0.4735
2006-03-17,0.4714,0.4722,0.4714,0.4722
2006-03-20,0.4706,0.4733,0.4644,0.4644
2006-03-21,0.4647,0.4653,0.4595,0.4595
2006-03-22,0.46,0.4642,0.46,0.4642
2006-03-23,0.4636,0.4638,0.4622,0.4622
2006-03-24,0.4621,0.4621,0.4599,0.4599
2006-03-27,0.4626,0.4646,0.4581,0.4638
2006-03-28,0.46,0.46,0.4518,0.4521
2006-03-29,0.4478,0.4518,0.4478,0.4518
2006-03-30,0.4509,0.4571,0.4509,0.4567
2006-03-31,0.4556,0.4625,0.4556,0.4625
2006-04-03,0.4615,0.4677,0.4615,0.4677
2006-04-04,0.4667,0.4684,0.4667,0.4679
2006-04-05,0.4684,0.4684,0.4672,0.4681
2006-04-06,0.4682,0.4696,0.4682,0.4693
2006-04-07,0.4691,0.4708,0.4642,0.4647
2006-04-10,0.4647,0.4649,0.4647,0.4649
2006-04-11,0.4647,0.4671,0.4642,0.4671
2006-04-12,0.4667,0.4684,0.4667,0.4684
2006-04-13,0.4676,0.4684,0.4668,0.4668
2006-04-14,0.4672,0.4676,0.4672,0.4676
2006-04-17,0.4667,0.4677,0.4667,0.4677
2006-04-18,0.4667,0.472,0.4667,0.472
2006-04-19,0.4722,0.4731,0.4722,0.4725
2006-04-20,0.472,0.472,0.471,0.471
2006-04-21,0.4709,0.4718,0.4709,0.471
2006-04-24,0.4709,0.4729,0.4709,0.4729
2006-04-25,0.4724,0.4724,0.4696,0.4696
2006-04-26,0.4709,0.4716,0.469,0.4716
2006-04-27,0.4706,0.4743,0.4706,0.4743
2006-04-28,0.4709,0.4788,0.4709,0.4788
2006-05-01,0.4785,0.4788,0.4785,0.4788
2006-05-02,0.4785,0.4852,0.4785,0.4852
2006-05-03,0.4843,0.4848,0.4819,0.4819
2006-05-04,0.4822,0.4839,0.482,0.482
2006-05-05,0.4827,0.4862,0.4827,0.4862
2006-05-08,0.486,0.4867,0.4821,0.4821
2006-05-09,0.4818,0.4851,0.4818,0.4851
2006-05-10,0.4848,0.4851,0.4848,0.4851
2006-05-11,0.4815,0.4815,0.475,0.475
2006-05-12,0.4754,0.4769,0.466,0.466
2006-05-15,0.467,0.469,0.457,0.457
2006-05-16,0.4571,0.4689,0.4571,0.4682
2006-05-17,0.4676,0.468,0.4533,0.4533
2006-05-18,0.4537,0.4595,0.4537,0.4595
2006-05-19,0.4594,0.4625,0.4526,0.4526
2006-05-22,0.4522,0.4529,0.4366,0.4366
2006-05-23,0.4376,0.4415,0.4361,0.4361
2006-05-24,0.4244,0.4245,0.416,0.416
2006-05-25,0.4293,0.4355,0.4277,0.4355
2006-05-26,0.439,0.4457,0.439,0.4457
2006-05-29,0.4466,0.4466,0.4466,0.4466
2006-05-30,0.4392,0.4439,0.4298,0.4326
2006-05-31,0.4323,0.4348,0.4323,0.4348
2006-06-01,0.4301,0.4433,0.4301,0.4433
2006-06-02,0.4435,0.4513,0.4388,0.4388
2006-06-05,0.4388,0.4439,0.4388,0.4439
2006-06-06,0.4411,0.4426,0.4405,0.4426
2006-06-07,0.4425,0.4446,0.4425,0.4446
2006-06-08,0.4423,0.4462,0.4399,0.4399
2006-06-09,0.4403,0.4441,0.4403,0.4419
2006-06-12,0.4422,0.4428,0.4361,0.4361
2006-06-13,0.4345,0.437,0.4324,0.4324
2006-06-14,0.4326,0.438,0.4326,0.438
2006-06-15,0.4372,0.4413,0.4372,0.438
2006-06-16,0.4452,0.4452,0.4452,0.4452
2006-06-19,0.4445,0.4445,0.4439,0.4439
2006-06-20,0.4441,0.4451,0.4439,0.4451
2006-06-21,0.4372,0.4477,0.4372,0.4477
2006-06-22,0.4492,0.4492,0.4462,0.4462
2006-06-23,0.446,0.446,0.4371,0.4371
2006-06-26,0.4481,0.4481,0.4475,0.4481
2006-06-27,0.4458,0.4471,0.4458,0.4464
2006-06-28,0.4466,0.4501,0.4466,0.4501
2006-06-29,0.4505,0.4597,0.4505,0.4597
2006-06-30,0.4587,0.4617,0.4587,0.4614
2006-07-03,0.4618,0.4624,0.4617,0.4624
2006-07-04,0.4589,0.4597,0.4589,0.4596
2006-07-05,0.4606,0.4615,0.4541,0.4541
2006-07-06,0.4536,0.4595,0.4536,0.4595
2006-07-07,0.4594,0.4594,0.4582,0.4582
2006-07-10,0.4581,0.4585,0.4581,0.4583
2006-07-11,0.4596,0.4596,0.4574,0.4574
2006-07-12,0.4581,0.4581,0.454,0.454
2006-07-13,0.456,0.456,0.45,0.45
2006-07-14,0.45,0.4521,0.45,0.4515
2006-07-17,0.4509,0.4531,0.4509,0.4531
2006-07-18,0.4539,0.4557,0.4539,0.4557
2006-07-19,0.4556,0.4591,0.4556,0.4591
2006-07-20,0.459,0.459,0.4556,0.4556
2006-07-21,0.4558,0.4559,0.4543,0.4543
2006-07-24,0.4544,0.4561,0.4544,0.4561
2006-07-25,0.4561,0.4561,0.4536,0.4536
2006-07-26,0.4535,0.4561,0.4535,0.4561
2006-07-27,0.4566,0.4566,0.455,0.4561
2006-07-28,0.456,0.4595,0.456,0.4595
2006-07-31,0.4591,0.4594,0.4591,0.4592
2006-08-01,0.456,0.4594,0.4559,0.4559
2006-08-02,0.456,0.4593,0.456,0.4578
2006-08-03,0.456,0.459,0.456,0.4588
2006-08-04,0.4596,0.4596,0.4577,0.4577
2006-08-07,0.456,0.4585,0.456,0.4573
2006-08-08,0.4573,0.459,0.4566,0.459
2006-08-09,0.4587,0.4609,0.4583,0.4609
2006-08-10,0.4609,0.4626,0.4583,0.4626
2006-08-11,0.4626,0.4626,0.4613,0.4613
2006-08-14,0.4587,0.4625,0.4587,0.4621
2006-08-15,0.4609,0.4667,0.4609,0.4667
2006-08-16,0.4667,0.4674,0.4667,0.4674
2006-08-17,0.4665,0.4685,0.4665,0.4666
2006-08-18,0.4665,0.4666,0.4657,0.4657
2006-08-21,0.4653,0.4688,0.4653,0.4687
2006-08-22,0.4687,0.4694,0.4677,0.4677
2006-08-23,0.4691,0.4691,0.4643,0.4643
2006-08-24,0.4643,0.4684,0.464,0.464
2006-08-25,0.4639,0.4641,0.4631,0.4632
2006-08-28,0.4643,0.4669,0.4643,0.4669
2006-08-29,0.4643,0.4674,0.4643,0.4674
2006-08-30,0.4643,0.4693,0.4643,0.4676
2006-08-31,0.4673,0.4682,0.4659,0.4659
2006-09-01,0.4658,0.4672,0.4658,0.4672
2006-09-04,0.4673,0.4674,0.4673,0.4673
2006-09-05,0.4704,0.4704,0.4688,0.4688
2006-09-06,0.4687,0.4687,0.4644,0.4644
2006-09-07,0.4662,0.4662,0.4641,0.4645
2006-09-08,0.4646,0.4646,0.4628,0.4628
2006-09-11,0.4626,0.4628,0.4592,0.4592
2006-09-12,0.459,0.4608,0.4582,0.4608
2006-09-13,0.4609,0.463,0.4603,0.4629
2006-09-14,0.463,0.4639,0.4616,0.4616
2006-09-15,0.4617,0.4646,0.4617,0.4643
2006-09-18,0.4626,0.4664,0.4626,0.4654
2006-09-19,0.4649,0.4658,0.4619,0.4619
2006-09-20,0.4639,0.464,0.4587,0.4587
2006-09-21,0.4587,0.4595,0.4523,0.4523
2006-09-22,0.4525,0.4528,0.4497,0.4524
2006-09-25,0.4525,0.4543,0.4479,0.4502
2006-09-26,0.4505,0.4565,0.4505,0.4557
2006-09-27,0.4558,0.458,0.4558,0.4572
2006-09-28,0.4626,0.4626,0.4573,0.4602
2006-09-29,0.46,0.4614,0.4584,0.4604
2006-10-02,0.4603,0.4631,0.4603,0.4628
2006-10-03,0.463,0.463,0.4599,0.4599
2006-10-04,0.4597,0.4622,0.4597,0.4621
2006-10-05,0.4616,0.4627,0.4616,0.4626
2006-10-06,0.4616,0.462,0.4616,0.4618
2006-10-09,0.462,0.4635,0.462,0.4635
2006-10-10,0.4633,0.4653,0.4633,0.4638
2006-10-11,0.4642,0.4648,0.463,0.463
2006-10-12,0.4615,0.4642,0.4615,0.4642
2006-10-13,0.4628,0.4678,0.4628,0.4674
2006-10-16,0.4672,0.4692,0.4666,0.4691
2006-10-17,0.4691,0.4691,0.4676,0.4688
2006-10-18,0.4688,0.4694,0.4676,0.4676
2006-10-19,0.4677,0.4685,0.4668,0.4668
2006-10-20,0.4665,0.4669,0.4656,0.4669
2006-10-23,0.4664,0.4674,0.4664,0.4671
2006-10-24,0.4682,0.4682,0.4647,0.4647
2006-10-25,0.4645,0.4658,0.4641,0.4658
2006-10-26,0.4658,0.4683,0.4658,0.4673
2006-10-27,0.4665,0.4682,0.4665,0.4682
2006-10-30,0.4671,0.4671,0.4648,0.4648
2006-10-31,0.4652,0.4674,0.4652,0.4665
2006-11-01,0.4661,0.4677,0.466,0.466
2006-11-02,0.466,0.4661,0.4659,0.466
2006-11-03,0.466,0.4671,0.466,0.467
2006-11-06,0.4676,0.4683,0.4672,0.4678
2006-11-07,0.4673,0.4683,0.4673,0.4673
2006-11-08,0.4672,0.4676,0.4657,0.4661
2006-11-09,0.4655,0.4668,0.4655,0.4665
2006-11-10,0.4657,0.4668,0.4642,0.4642
2006-11-13,0.4645,0.4645,0.4605,0.4605
2006-11-14,0.4618,0.465,0.4618,0.465
2006-11-15,0.465,0.4654,0.4646,0.4646
2006-11-16,0.465,0.4657,0.4641,0.4641
2006-11-17,0.4644,0.4644,0.462,0.4625
2006-11-20,0.4625,0.4632,0.4625,0.4628
2006-11-21,0.4626,0.4628,0.4618,0.4619
2006-11-22,0.4619,0.463,0.4516,0.4611
2006-11-23,0.4609,0.462,0.4605,0.4605
2006-11-24,0.4605,0.4615,0.4605,0.4605
2006-11-27,0.4605,0.4606,0.454,0.454
2006-11-28,0.4538,0.4581,0.4538,0.4581
2006-11-29,0.4578,0.4613,0.4578,0.4613
2006-11-30,0.4613,0.462,0.458,0.4614
2006-12-01,0.4612,0.4621,0.4608,0.461
2006-12-04,0.4612,0.4631,0.4608,0.4616
2006-12-05,0.4616,0.4649,0.4616,0.4648
2006-12-06,0.4648,0.4655,0.4629,0.4652
2006-12-07,0.4652,0.4665,0.465,0.466
2006-12-08,0.4654,0.4673,0.4619,0.4669
2006-12-11,0.4668,0.4676,0.4665,0.4674
2006-12-12,0.4674,0.4674,0.4644,0.4644
2006-12-13,0.4642,0.4658,0.464,0.464
2006-12-14,0.464,0.4665,0.464,0.4652
2006-12-15,0.4652,0.4662,0.4652,0.4655
2006-12-18,0.4655,0.4658,0.4648,0.4648
2006-12-19,0.4644,0.4648,0.4629,0.463
2006-12-20,0.462,0.4641,0.462,0.4631
2006-12-21,0.4626,0.4635,0.4625,0.4625
2006-12-22,0.4623,0.4652,0.4623,0.465
2006-12-25,0.4656,0.4656,0.4656,0.4656
2006-12-26,0.4652,0.4664,0.4652,0.466
2006-12-27,0.466,0.4662,0.4656,0.4656
2006-12-28,0.4654,0.4685,0.4654,0.4676
2006-12-29,0.4676,0.4683,0.4676,0.4676
2007-01-01,0.4676,0.4686,0.4676,0.4676
2007-01-02,0.4676,0.469,0.4665,0.4688
2007-01-03,0.4681,0.4686,0.4657,0.4657
2007-01-04,0.467,0.467,0.4657,0.4657
2007-01-05,0.4658,0.4667,0.4642,0.4643
2007-01-08,0.4642,0.4656,0.4642,0.4653
2007-01-09,0.4645,0.4657,0.4645,0.4646
2007-01-10,0.4646,0.4653,0.4631,0.4653
2007-01-11,0.465,0.4658,0.465,0.465
2007-01-12,0.465,0.4667,0.465,0.4665
2007-01-15,0.4668,0.4669,0.4662,0.4662
2007-01-16,0.4662,0.4672,0.4662,0.4665
2007-01-17,0.4672,0.4684,0.4665,0.4681
2007-01-18,0.468,0.4691,0.468,0.4684
2007-01-19,0.4684,0.4692,0.4682,0.469
2007-01-22,0.469,0.4693,0.4677,0.4677
2007-01-23,0.467,0.4691,0.467,0.4684
2007-01-24,0.4688,0.4696,0.4683,0.469
2007-01-25,0.4688,0.4701,0.4514,0.4694
2007-01-26,0.4674,0.4684,0.4673,0.4673
2007-01-29,0.4676,0.4681,0.4676,0.4679
2007-01-30,0.4679,0.4693,0.4679,0.469
2007-01-31,0.4688,0.4708,0.4682,0.4705
2007-02-01,0.4705,0.4779,0.4705,0.4756
2007-02-02,0.4774,0.4792,0.4746,0.4746
2007-02-05,0.4747,0.4797,0.4747,0.479
2007-02-06,0.479,0.4808,0.479,0.479
2007-02-07,0.4796,0.4802,0.4772,0.4773
2007-02-08,0.4773,0.4775,0.476,0.4774
2007-02-09,0.4757,0.4759,0.4739,0.4739
2007-02-12,0.4735,0.4738,0.4718,0.4718
2007-02-13,0.4715,0.4746,0.4715,0.4739
2007-02-14,0.4741,0.4791,0.4741,0.4782
2007-02-15,0.4776,0.4793,0.4773,0.4773
2007-02-16,0.4773,0.4785,0.4773,0.4776
2007-02-19,0.4775,0.4785,0.4775,0.4775
2007-02-20,0.4775,0.4782,0.4774,0.4774
2007-02-21,0.4774,0.4812,0.4774,0.4811
2007-02-22,0.4811,0.4832,0.4798,0.4798
2007-02-23,0.4796,0.4807,0.4779,0.4779
2007-02-26,0.4782,0.4805,0.4782,0.4794
2007-02-27,0.4794,0.4799,0.4671,0.4714
2007-02-28,0.4711,0.4735,0.4667,0.4712
2007-03-01,0.4713,0.4722,0.4688,0.4709
2007-03-02,0.4707,0.4721,0.4684,0.4684
2007-03-05,0.4684,0.4685,0.4651,0.4658
2007-03-06,0.4687,0.4724,0.4662,0.472
2007-03-07,0.4716,0.4733,0.471,0.471
2007-03-08,0.4701,0.4748,0.4701,0.4739
2007-03-09,0.4739,0.4771,0.4739,0.4761
2007-03-12,0.4761,0.4788,0.4761,0.4783
2007-03-13,0.4768,0.4784,0.4726,0.4726
2007-03-14,0.4729,0.478,0.4729,0.4777
2007-03-15,0.4776,0.4785,0.4772,0.4772
2007-03-16,0.477,0.4788,0.477,0.4771
2007-03-19,0.4773,0.4812,0.4773,0.4806
2007-03-20,0.4806,0.4816,0.4806,0.4812
2007-03-21,0.4801,0.4863,0.4801,0.485
2007-03-22,0.485,0.4867,0.4845,0.4845
2007-03-23,0.4845,0.4851,0.4839,0.4842
2007-03-26,0.4842,0.4857,0.4842,0.4845
2007-03-27,0.4845,0.4849,0.4837,0.4843
2007-03-28,0.4838,0.484,0.482,0.4831
2007-03-29,0.4829,0.4901,0.4829,0.4899
2007-03-30,0.4907,0.4926,0.4841,0.4849
2007-04-02,0.4856,0.4883,0.4856,0.4878
2007-04-03,0.488,0.4908,0.488,0.4903
2007-04-04,0.4898,0.4927,0.4898,0.4905
2007-04-05,0.4908,0.492,0.4908,0.4915
2007-04-06,0.4921,0.4921,0.4919,0.4919
2007-04-09,0.4917,0.4943,0.4917,0.4933
2007-04-10,0.4934,0.4936,0.4927,0.4928
2007-04-11,0.4926,0.4928,0.4901,0.4901
2007-04-12,0.4899,0.4917,0.4899,0.4909
2007-04-13,0.4909,0.4946,0.4909,0.4942
2007-04-16,0.4944,0.4944,0.4909,0.4909
2007-04-17,0.4909,0.4921,0.4904,0.4904
2007-04-18,0.4904,0.4915,0.4902,0.4911
2007-04-19,0.4911,0.4925,0.4903,0.4921
2007-04-20,0.4921,0.4955,0.4921,0.4928
2007-04-23,0.4928,0.4942,0.4907,0.4907
2007-04-24,0.4907,0.4921,0.4906,0.4911
2007-04-25,0.4911,0.495,0.4911,0.4945
2007-04-26,0.4945,0.4948,0.4907,0.4907
2007-04-27,0.4907,0.4928,0.4907,0.4914
2007-04-30,0.4914,0.4963,0.4907,0.4907
2007-05-01,0.4907,0.4913,0.4907,0.4909
2007-05-02,0.4909,0.4948,0.4909,0.4948
2007-05-03,0.4948,0.4968,0.4926,0.4926
2007-05-04,0.4926,0.4948,0.4904,0.4904
2007-05-07,0.4904,0.495,0.4904,0.4941
2007-05-08,0.4941,0.4947,0.4936,0.4941
2007-05-09,0.494,0.4957,0.4937,0.495
2007-05-10,0.4948,0.4959,0.4922,0.4922
2007-05-11,0.4922,0.4957,0.4922,0.495
2007-05-14,0.4947,0.4975,0.4947,0.4973
2007-05-15,0.4973,0.5049,0.4973,0.5038
2007-05-16,0.5038,0.5117,0.5038,0.5113
2007-05-17,0.5113,0.512,0.5094,0.5113
2007-05-18,0.5113,0.5121,0.5084,0.5099
2007-05-21,0.5097,0.5153,0.5097,0.5152
2007-05-22,0.5152,0.5163,0.5139,0.5139
2007-05-23,0.5138,0.5153,0.5115,0.5115
2007-05-24,0.5115,0.5123,0.5074,0.5074
2007-05-25,0.5074,0.5128,0.5074,0.5118
2007-05-28,0.5118,0.5143,0.5118,0.5142
2007-05-29,0.5139,0.5162,0.5121,0.5127
2007-05-30,0.5127,0.515,0.5099,0.5143
2007-05-31,0.5144,0.5209,0.5144,0.5198
2007-06-01,0.5198,0.5253,0.5186,0.5247
2007-06-04,0.5247,0.5253,0.5167,0.5167
2007-06-05,0.5167,0.5183,0.5134,0.5134
2007-06-06,0.5134,0.5136,0.5076,0.5118
2007-06-07,0.5118,0.5127,0.5072,0.5072
2007-06-08,0.5072,0.5101,0.5031,0.5094
2007-06-11,0.5093,0.5156,0.5093,0.5144
2007-06-12,0.5144,0.5164,0.5134,0.5142
2007-06-13,0.5142,0.5147,0.5102,0.5132
2007-06-14,0.5132,0.5186,0.5132,0.5182
2007-06-15,0.5182,0.5244,0.5182,0.5228
2007-06-18,0.5224,0.5256,0.5224,0.524
2007-06-19,0.5237,0.5257,0.5233,0.5233
2007-06-20,0.5233,0.5268,0.5172,0.5172
2007-06-21,0.5178,0.5227,0.5178,0.5198
2007-06-22,0.5198,0.5205,0.5138,0.5138
2007-06-25,0.5135,0.5176,0.5119,0.5119
2007-06-26,0.5119,0.5147,0.5108,0.5114
2007-06-27,0.5114,0.5155,0.5091,0.5136
2007-06-28,0.5136,0.5201,0.5136,0.5198
2007-06-29,0.5198,0.5206,0.5173,0.5176
2007-07-02,0.5176,0.5226,0.5176,0.5214
2007-07-03,0.5214,0.524,0.5214,0.5228
2007-07-04,0.5228,0.5239,0.5224,0.5228
2007-07-05,0.5228,0.5235,0.5216,0.522
2007-07-06,0.5216,0.5262,0.5216,0.5247
2007-07-09,0.5247,0.5266,0.5247,0.5264
2007-07-10,0.5264,0.5289,0.5243,0.5273
2007-07-11,0.5273,0.5298,0.5252,0.528
2007-07-12,0.528,0.5337,0.528,0.5331
2007-07-13,0.5331,0.5363,0.5331,0.5363
2007-07-16,0.5363,0.5367,0.534,0.534
2007-07-17,0.534,0.5377,0.534,0.5364
2007-07-18,0.5371,0.5389,0.5358,0.5358
2007-07-19,0.5358,0.5397,0.5358,0.5376
2007-07-20,0.5376,0.5383,0.5368,0.538
2007-07-23,0.538,0.5436,0.538,0.5427
2007-07-24,0.5427,0.5431,0.5361,0.5364
2007-07-25,0.5363,0.5386,0.5318,0.5361
2007-07-26,0.5361,0.5361,0.518,0.518
2007-07-27,0.518,0.5275,0.5161,0.5273
2007-07-30,0.5273,0.5328,0.5267,0.5323
2007-07-31,0.5323,0.536,0.5307,0.5307
2007-08-01,0.5307,0.5313,0.5283,0.5283
2007-08-02,0.5283,0.5344,0.5283,0.5306
2007-08-03,0.5306,0.5345,0.5247,0.5247
2007-08-06,0.5247,0.5269,0.5221,0.5222
2007-08-07,0.5221,0.5268,0.5221,0.5246
2007-08-08,0.5246,0.5304,0.5236,0.5299
2007-08-09,0.5299,0.5302,0.5184,0.5186
2007-08-10,0.5186,0.5188,0.5104,0.5126
2007-08-13,0.5113,0.5164,0.5113,0.5131
2007-08-14,0.5152,0.518,0.5018,0.5018
2007-08-15,0.501,0.5038,0.4888,0.4931
2007-08-16,0.4931,0.4931,0.4696,0.4769
2007-08-17,0.4769,0.4991,0.4769,0.4934
2007-08-20,0.4934,0.4993,0.4862,0.4925
2007-08-21,0.4911,0.4948,0.4894,0.4904
2007-08-22,0.4904,0.5011,0.4904,0.4955
2007-08-23,0.4955,0.5039,0.4955,0.5023
2007-08-24,0.5023,0.5144,0.5023,0.5143
2007-08-27,0.5139,0.5142,0.5103,0.5131
2007-08-28,0.5131,0.5131,0.4973,0.4995
2007-08-29,0.4995,0.5097,0.4995,0.5081
2007-08-30,0.5081,0.5093,0.5031,0.5051
2007-08-31,0.5051,0.5114,0.5051,0.5074
2007-09-03,0.5081,0.5118,0.5081,0.5097
2007-09-04,0.5097,0.5132,0.5093,0.5122
2007-09-05,0.5122,0.5127,0.506,0.506
2007-09-06,0.506,0.5135,0.506,0.5118
2007-09-07,0.5118,0.5118,0.5091,0.5091
2007-09-10,0.5091,0.5135,0.5088,0.5125
2007-09-11,0.5125,0.5199,0.5125,0.5182
2007-09-12,0.5193,0.5237,0.5178,0.5236
2007-09-13,0.5236,0.5272,0.5236,0.5246
2007-09-14,0.5246,0.5269,0.5227,0.5254
2007-09-17,0.5254,0.5254,0.52,0.5207
2007-09-18,0.5207,0.5344,0.5207,0.5327
2007-09-19,0.5327,0.537,0.5327,0.5353
2007-09-20,0.5353,0.5386,0.5314,0.5324
2007-09-21,0.5324,0.5374,0.532,0.5347
2007-09-24,0.5347,0.5367,0.5341,0.5341
2007-09-25,0.5341,0.5383,0.533,0.5374
2007-09-26,0.5374,0.5421,0.5374,0.5411
2007-09-27,0.5411,0.5437,0.5411,0.5422
2007-09-28,0.5422,0.5454,0.5421,0.5449
2007-10-01,0.5449,0.5528,0.5435,0.5515
2007-10-02,0.5515,0.5515,0.5449,0.5449
2007-10-03,0.5449,0.5493,0.5429,0.5434
2007-10-04,0.5434,0.5482,0.5432,0.5476
2007-10-05,0.5476,0.554,0.5476,0.554
2007-10-08,0.554,0.554,0.5495,0.5496
2007-10-09,0.5496,0.5547,0.5496,0.5543
2007-10-10,0.5543,0.5575,0.5538,0.5549
2007-10-11,0.5552,0.5593,0.5527,0.5552
2007-10-12,0.5552,0.5552,0.5527,0.5543
2007-10-15,0.5543,0.5561,0.5509,0.5509
2007-10-16,0.5509,0.5531,0.5465,0.5494
2007-10-17,0.5494,0.5546,0.5492,0.5503
2007-10-18,0.5503,0.5604,0.5492,0.5596
2007-10-19,0.5596,0.5607,0.554,0.554
2007-10-22,0.554,0.554,0.544,0.5497
2007-10-23,0.5497,0.5591,0.5497,0.5558
2007-10-24,0.5558,0.5574,0.5536,0.5561
2007-10-25,0.5561,0.5611,0.5561,0.5611
2007-10-26,0.5611,0.5651,0.5578,0.5648
2007-10-29,0.5648,0.5693,0.5628,0.5685
2007-10-30,0.5685,0.5714,0.5674,0.5704
2007-10-31,0.5704,0.577,0.5688,0.575
2007-11-01,0.575,0.575,0.5698,0.5704
2007-11-02,0.5704,0.5734,0.5698,0.5701
2007-11-05,0.5701,0.5711,0.5688,0.5688
2007-11-06,0.5688,0.5784,0.5684,0.574
2007-11-07,0.5759,0.5779,0.5698,0.5698
2007-11-08,0.5698,0.578,0.5698,0.5711
2007-11-09,0.5711,0.5779,0.5701,0.5721
2007-11-12,0.5721,0.5779,0.5568,0.5568
2007-11-13,0.5568,0.5704,0.5557,0.5695
2007-11-14,0.5695,0.5767,0.5693,0.5736
2007-11-15,0.5736,0.5765,0.5701,0.5722
2007-11-16,0.5691,0.5764,0.5691,0.5717
2007-11-19,0.5717,0.5724,0.5653,0.5653
2007-11-20,0.5653,0.5724,0.5653,0.5678
2007-11-21,0.568,0.568,0.5579,0.5621
2007-11-22,0.5621,0.5646,0.5613,0.5613
2007-11-23,0.5613,0.5632,0.5534,0.554
2007-11-26,0.554,0.5648,0.5405,0.5405
2007-11-27,0.5405,0.5443,0.5353,0.544
2007-11-28,0.5442,0.5615,0.5432,0.5596
2007-11-29,0.5596,0.5626,0.5561,0.5586
2007-11-30,0.5586,0.5648,0.5555,0.5555
2007-12-03,0.5555,0.5605,0.5541,0.5561
2007-12-04,0.5561,0.5561,0.5474,0.5518
2007-12-05,0.5515,0.5582,0.549,0.5558
2007-12-06,0.5558,0.5646,0.5558,0.5646
2007-12-07,0.5646,0.5685,0.5645,0.5678
2007-12-10,0.5678,0.5695,0.5656,0.5669
2007-12-11,0.5669,0.569,0.5608,0.5608
2007-12-12,0.5608,0.5695,0.5608,0.5624
2007-12-13,0.5624,0.5656,0.5605,0.5605
2007-12-14,0.5605,0.5634,0.5556,0.5558
2007-12-17,0.5558,0.5591,0.5493,0.5499
2007-12-18,0.5499,0.5549,0.5496,0.5524
2007-12-19,0.5524,0.5564,0.5521,0.5549
2007-12-20,0.5549,0.5564,0.5519,0.5531
2007-12-21,0.5531,0.5591,0.5531,0.5583
2007-12-24,0.5583,0.5599,0.5575,0.5575
2007-12-25,0.5575,0.5582,0.5572,0.5572
2007-12-26,0.5572,0.565,0.5572,0.565
2007-12-27,0.565,0.57,0.5647,0.5662
2007-12-28,0.5662,0.5687,0.5605,0.5605
2007-12-31,0.5605,0.568,0.5605,0.5611
2008-01-01,0.5611,0.5621,0.5611,0.5611
2008-01-02,0.5611,0.5678,0.5607,0.5666
2008-01-03,0.5666,0.5709,0.5648,0.5704
2008-01-04,0.5703,0.5729,0.5669,0.5685
2008-01-07,0.5685,0.5701,0.5629,0.5632
2008-01-08,0.5651,0.5709,0.5642,0.5643
2008-01-09,0.5643,0.569,0.564,0.5651
2008-01-10,0.5648,0.5701,0.5648,0.5696
2008-01-11,0.5696,0.5722,0.5666,0.5716
2008-01-14,0.5717,0.577,0.5698,0.577
2008-01-15,0.5749,0.577,0.5688,0.5688
2008-01-16,0.5688,0.5701,0.5634,0.5637
2008-01-17,0.5637,0.567,0.5578,0.5578
2008-01-18,0.5578,0.5622,0.5571,0.561
2008-01-21,0.5585,0.5616,0.5447,0.5448
2008-01-22,0.5448,0.558,0.5448,0.5563
2008-01-23,0.5563,0.5568,0.5486,0.5494
2008-01-24,0.5494,0.5602,0.5494,0.5591
2008-01-25,0.5591,0.5611,0.5578,0.5597
2008-01-28,0.5591,0.5621,0.5568,0.5602
2008-01-29,0.5602,0.5637,0.5602,0.5615
2008-01-30,0.5615,0.5701,0.5612,0.5672
2008-01-31,0.5672,0.5685,0.5621,0.568
2008-02-01,0.568,0.574,0.568,0.5721
2008-02-04,0.5722,0.574,0.5717,0.5717
2008-02-05,0.5717,0.5724,0.5666,0.5724
2008-02-06,0.5724,0.5724,0.5671,0.5675
2008-02-07,0.5675,0.5704,0.5626,0.5678
2008-02-08,0.5678,0.5698,0.5639,0.5651
2008-02-11,0.5651,0.5691,0.5649,0.5687
2008-02-12,0.5687,0.5742,0.565,0.5708
2008-02-13,0.5708,0.5734,0.5695,0.5726
2008-02-14,0.5722,0.5745,0.5706,0.5713
2008-02-15,0.5711,0.5731,0.5693,0.5696
2008-02-18,0.5696,0.576,0.5696,0.5739
2008-02-19,0.5739,0.578,0.5739,0.576
2008-02-20,0.576,0.5823,0.5723,0.5789
2008-02-21,0.5789,0.5869,0.5789,0.5848
2008-02-22,0.5823,0.5883,0.5823,0.5853
2008-02-25,0.5848,0.5884,0.5848,0.5865
2008-02-26,0.5865,0.5944,0.5862,0.5933
2008-02-27,0.5924,0.6003,0.5924,0.5992
2008-02-28,0.5974,0.5992,0.5956,0.5972
2008-02-29,0.5988,0.5997,0.5909,0.5909
2008-03-03,0.5909,0.5985,0.5899,0.5981
2008-03-04,0.5981,0.5997,0.5927,0.5972
2008-03-05,0.5956,0.6015,0.5875,0.6006
2008-03-06,0.6008,0.6019,0.5898,0.5898
2008-03-07,0.5898,0.5972,0.5889,0.5919
2008-03-10,0.5919,0.5951,0.5846,0.5858
2008-03-11,0.5858,0.5939,0.5858,0.5909
2008-03-12,0.5909,0.5969,0.5884,0.5969
2008-03-13,0.5969,0.5969,0.5843,0.591
2008-03-14,0.591,0.5958,0.5812,0.5826
2008-03-17,0.5826,0.5829,0.577,0.5792
2008-03-18,0.5792,0.5933,0.5792,0.5921
2008-03-19,0.5921,0.5937,0.5784,0.5826
2008-03-20,0.579,0.5807,0.5726,0.5769
2008-03-21,0.5769,0.5772,0.5767,0.5767
2008-03-24,0.5767,0.5812,0.5732,0.5779
2008-03-25,0.5779,0.5779,0.5731,0.5755
2008-03-26,0.5762,0.579,0.5747,0.578
2008-03-27,0.578,0.5799,0.575,0.5752
2008-03-28,0.5752,0.5752,0.5719,0.5726
2008-03-31,0.5726,0.576,0.5684,0.5688
2008-04-01,0.5688,0.574,0.5688,0.574
2008-04-02,0.5726,0.5807,0.5726,0.5785
2008-04-03,0.5785,0.5819,0.5785,0.5811
2008-04-04,0.5811,0.5855,0.5811,0.5843
2008-04-07,0.5843,0.5891,0.5843,0.5852
2008-04-08,0.5852,0.5895,0.5851,0.5891
2008-04-09,0.5891,0.593,0.5886,0.5903
2008-04-10,0.5903,0.5951,0.5903,0.5917
2008-04-11,0.5917,0.5937,0.5909,0.5909
2008-04-14,0.5909,0.5954,0.5901,0.591
2008-04-15,0.591,0.5951,0.591,0.5949
2008-04-16,0.5926,0.6015,0.5926,0.6003
2008-04-17,0.6003,0.6035,0.6003,0.6035
2008-04-18,0.6035,0.6039,0.5982,0.5987
2008-04-21,0.5994,0.6008,0.5993,0.6003
2008-04-22,0.6003,0.6039,0.6,0.6026
2008-04-23,0.6026,0.6045,0.6026,0.6043
2008-04-24,0.6043,0.6043,0.5963,0.5963
2008-04-25,0.5963,0.5992,0.5956,0.5992
2008-04-28,0.5992,0.6008,0.5915,0.5923
2008-04-29,0.5923,0.5923,0.5843,0.5855
2008-04-30,0.5855,0.6008,0.5855,0.6008
2008-05-01,0.6008,0.6018,0.6008,0.6008
2008-05-02,0.6008,0.607,0.59,0.6056
2008-05-05,0.6056,0.6057,0.602,0.6043
2008-05-06,0.6043,0.6043,0.5945,0.6028
2008-05-07,0.6015,0.6028,0.5919,0.593
2008-05-08,0.593,0.5954,0.5884,0.5888
2008-05-09,0.5888,0.5928,0.5877,0.5928
2008-05-12,0.5928,0.601,0.5898,0.6008
2008-05-13,0.6008,0.6035,0.6001,0.6001
2008-05-14,0.6001,0.6023,0.5982,0.5987
2008-05-15,0.5987,0.6052,0.5987,0.6045
2008-05-16,0.6045,0.6089,0.6044,0.6089
2008-05-19,0.6089,0.6096,0.6052,0.6052
2008-05-20,0.6052,0.6059,0.6033,0.6048
2008-05-21,0.6048,0.6074,0.6026,0.6026
2008-05-22,0.6026,0.6036,0.6026,0.6028
2008-05-23,0.6028,0.6059,0.6007,0.6015
2008-05-26,0.6015,0.6026,0.6015,0.6026
2008-05-27,0.6026,0.6041,0.5982,0.599
2008-05-28,0.599,0.6052,0.5986,0.6048
2008-05-29,0.6048,0.6107,0.6022,0.61
2008-05-30,0.61,0.6149,0.61,0.6141
2008-06-02,0.6141,0.6149,0.6117,0.6145
2008-06-03,0.6145,0.6175,0.6115,0.6115
2008-06-04,0.6115,0.616,0.6115,0.613
2008-06-05,0.613,0.6156,0.6121,0.6141
2008-06-06,0.6141,0.6153,0.6115,0.6115
2008-06-09,0.6115,0.6164,0.6115,0.6145
2008-06-10,0.6145,0.6145,0.6062,0.6078
2008-06-11,0.6078,0.6104,0.6062,0.6089
2008-06-12,0.6089,0.6115,0.6073,0.6111
2008-06-13,0.6111,0.6122,0.6097,0.6107
2008-06-16,0.6107,0.6156,0.6107,0.6156
2008-06-17,0.6156,0.6214,0.6156,0.6202
2008-06-18,0.6202,0.6222,0.6193,0.6214
2008-06-19,0.6214,0.6237,0.6214,0.6216
2008-06-20,0.6216,0.6241,0.6216,0.622
2008-06-23,0.622,0.6239,0.6191,0.6191
2008-06-24,0.6191,0.6243,0.6191,0.6224
2008-06-25,0.6224,0.6282,0.6224,0.6278
2008-06-26,0.6278,0.6281,0.6233,0.6233
2008-06-27,0.6233,0.6269,0.6208,0.6263
2008-06-30,0.6263,0.6286,0.6226,0.6226
2008-07-01,0.6226,0.6253,0.6208,0.6253
2008-07-02,0.6253,0.6272,0.6206,0.6206
2008-07-03,0.6206,0.6257,0.6201,0.6204
2008-07-04,0.6204,0.6216,0.6197,0.6214
2008-07-07,0.6214,0.6249,0.621,0.6245
2008-07-08,0.6245,0.6257,0.6201,0.6202
2008-07-09,0.6202,0.6216,0.6202,0.6204
2008-07-10,0.6204,0.6222,0.6178,0.6222
2008-07-11,0.6222,0.6241,0.6218,0.6237
2008-07-14,0.6237,0.6276,0.6237,0.6253
2008-07-15,0.6265,0.6292,0.6259,0.6269
2008-07-16,0.6269,0.6272,0.6259,0.6261
2008-07-17,0.6261,0.629,0.6247,0.6253
2008-07-18,0.6247,0.6292,0.6247,0.6284
2008-07-21,0.6284,0.6332,0.6284,0.6312
2008-07-22,0.6312,0.6328,0.6306,0.6324
2008-07-23,0.6324,0.633,0.6312,0.6312
2008-07-24,0.6312,0.6344,0.6312,0.633
2008-07-25,0.633,0.636,0.6316,0.6348
2008-07-28,0.6348,0.6358,0.6316,0.6344
2008-07-29,0.6344,0.6373,0.6344,0.6366
2008-07-30,0.6366,0.6405,0.6294,0.6397
2008-07-31,0.6397,0.6401,0.6294,0.6375
2008-08-01,0.6375,0.6422,0.6354,0.6403
2008-08-04,0.6403,0.6405,0.6378,0.6405
2008-08-05,0.6405,0.6405,0.6344,0.6348
2008-08-06,0.6348,0.6358,0.6322,0.6332
2008-08-07,0.6332,0.6352,0.6251,0.6251
2008-08-08,0.6251,0.628,0.6178,0.6214
2008-08-11,0.6214,0.6226,0.6139,0.6139
2008-08-12,0.6139,0.6206,0.6139,0.617
2008-08-13,0.617,0.6206,0.6142,0.6206
2008-08-14,0.6206,0.6212,0.6146,0.6151
2008-08-15,0.6151,0.6155,0.6091,0.6091
2008-08-18,0.6091,0.6183,0.6091,0.6098
2008-08-19,0.6098,0.6156,0.6069,0.6143
2008-08-20,0.6143,0.6183,0.6094,0.6164
2008-08-21,0.6164,0.6208,0.6153,0.6204
2008-08-22,0.6204,0.6204,0.6136,0.6136
2008-08-25,0.6136,0.616,0.6123,0.6126
2008-08-26,0.6126,0.6136,0.6084,0.6132
2008-08-27,0.6132,0.6172,0.6132,0.6153
2008-08-28,0.6162,0.6174,0.6109,0.6109
2008-08-29,0.6109,0.6145,0.6109,0.6128
2008-09-01,0.6128,0.6128,0.6065,0.6065
2008-09-02,0.6065,0.6065,0.6007,0.6034
2008-09-03,0.6034,0.6034,0.5949,0.5949
2008-09-04,0.5949,0.5954,0.5816,0.5823
2008-09-05,0.5829,0.5888,0.5742,0.5823
2008-09-08,0.5823,0.5879,0.5739,0.5739
2008-09-09,0.5739,0.5819,0.5607,0.564
2008-09-10,0.564,0.5703,0.5585,0.5585
2008-09-11,0.5585,0.5693,0.5452,0.5546
2008-09-12,0.5546,0.5619,0.5506,0.5605
2008-09-15,0.5605,0.5607,0.5458,0.5511
2008-09-16,0.5509,0.5602,0.5402,0.5473
2008-09-17,0.5473,0.551,0.5261,0.5283
2008-09-18,0.5329,0.5351,0.5105,0.5271
2008-09-19,0.5268,0.55,0.5268,0.5458
2008-09-22,0.5458,0.5578,0.5456,0.5529
2008-09-23,0.5529,0.5574,0.5413,0.5415
2008-09-24,0.5415,0.548,0.5365,0.5387
2008-09-25,0.5387,0.5506,0.5365,0.5474
2008-09-26,0.5474,0.5482,0.5347,0.5414
2008-09-29,0.5414,0.5414,0.5076,0.5091
2008-09-30,0.5091,0.5265,0.5091,0.5239
2008-10-01,0.5239,0.5258,0.5091,0.5194
2008-10-02,0.5194,0.5194,0.493,0.493
2008-10-03,0.493,0.5026,0.4856,0.4878
2008-10-06,0.4878,0.4902,0.4546,0.4546
2008-10-07,0.4546,0.4604,0.4321,0.4321
2008-10-08,0.4321,0.442,0.4087,0.4313
2008-10-09,0.4313,0.4622,0.4288,0.4404
2008-10-10,0.4404,0.4433,0.4317,0.4317
2008-10-13,0.4317,0.4694,0.4317,0.4693
2008-10-14,0.4693,0.4896,0.4693,0.4807
2008-10-15,0.4807,0.4807,0.4477,0.4477
2008-10-16,0.4477,0.469,0.442,0.4689
2008-10-17,0.4689,0.4802,0.4657,0.4708
2008-10-20,0.4708,0.4787,0.4697,0.473
2008-10-21,0.473,0.473,0.4445,0.4445
2008-10-22,0.4445,0.4445,0.4197,0.4197
2008-10-23,0.4197,0.4455,0.3956,0.4407
2008-10-24,0.4407,0.441,0.4179,0.4321
2008-10-27,0.4321,0.4475,0.4297,0.4433
2008-10-28,0.4433,0.4635,0.4384,0.4621
2008-10-29,0.4621,0.473,0.4596,0.4693
2008-10-30,0.4693,0.4769,0.4693,0.4744
2008-10-31,0.4744,0.4775,0.4614,0.4614
2008-11-03,0.4614,0.4694,0.4543,0.4605
2008-11-04,0.462,0.4768,0.4595,0.4713
2008-11-05,0.4704,0.4739,0.4685,0.4685
2008-11-06,0.4685,0.4721,0.4503,0.451
2008-11-07,0.4539,0.4655,0.4501,0.465
2008-11-10,0.465,0.4725,0.4565,0.4591
2008-11-11,0.4592,0.4594,0.448,0.4496
2008-11-12,0.4524,0.4524,0.429,0.429
2008-11-13,0.429,0.4362,0.4222,0.4317
2008-11-14,0.4317,0.4475,0.426,0.4439
2008-11-17,0.4439,0.4491,0.4306,0.4382
2008-11-18,0.4382,0.4391,0.4273,0.4279
2008-11-19,0.4279,0.4287,0.4172,0.4182
2008-11-20,0.4182,0.4193,0.4145,0.4176
2008-11-21,0.4167,0.4183,0.4032,0.4032
2008-11-24,0.4032,0.4327,0.4032,0.4311
2008-11-25,0.4311,0.4358,0.4246,0.431
2008-11-26,0.431,0.4524,0.4235,0.4524
2008-11-27,0.4524,0.4524,0.4349,0.4349
2008-11-28,0.4349,0.439,0.428,0.4335
2008-12-01,0.4335,0.4349,0.4213,0.4257
2008-12-02,0.4257,0.4343,0.4143,0.4144
2008-12-03,0.4145,0.4186,0.3989,0.3989
2008-12-04,0.4011,0.4047,0.394,0.3988
2008-12-05,0.397,0.4115,0.3825,0.411
2008-12-08,0.411,0.4149,0.3975,0.3975
2008-12-09,0.3975,0.4083,0.3947,0.4026
2008-12-10,0.4026,0.4127,0.3993,0.4091
2008-12-11,0.4091,0.4352,0.4091,0.4219
2008-12-12,0.4283,0.4283,0.4146,0.4161
2008-12-15,0.4197,0.4254,0.415,0.419
2008-12-16,0.419,0.4328,0.4182,0.4328
2008-12-17,0.4328,0.4329,0.4218,0.4265
2008-12-18,0.4223,0.4274,0.4116,0.4116
2008-12-19,0.4116,0.4244,0.4073,0.4244
2008-12-22,0.4244,0.4244,0.4158,0.4171
2008-12-23,0.4173,0.4213,0.4173,0.4205
2008-12-24,0.4189,0.4206,0.418,0.4203
2008-12-25,0.4189,0.4199,0.4189,0.4189
2008-12-26,0.4189,0.4239,0.4189,0.4203
2008-12-29,0.4203,0.4263,0.4139,0.4184
2008-12-30,0.4184,0.433,0.4184,0.4285
2008-12-31,0.4284,0.4315,0.4279,0.4315
2009-01-01,0.4284,0.4294,0.4284,0.4284
2009-01-02,0.4284,0.4322,0.4275,0.4301
2009-01-05,0.4301,0.4465,0.4294,0.4465
2009-01-06,0.4465,0.4621,0.4465,0.4603
2009-01-07,0.4596,0.4596,0.4394,0.4394
2009-01-08,0.4391,0.4434,0.4343,0.435
2009-01-09,0.435,0.4435,0.435,0.4435
2009-01-12,0.4435,0.4435,0.4301,0.4312
2009-01-13,0.4312,0.4348,0.4296,0.4304
2009-01-14,0.4289,0.4333,0.4214,0.4221
2009-01-15,0.4221,0.425,0.4179,0.424
2009-01-16,0.424,0.4317,0.424,0.4264
2009-01-19,0.4264,0.4309,0.4241,0.4241
2009-01-20,0.4241,0.4294,0.4203,0.4203
2009-01-21,0.4203,0.4277,0.4203,0.4273
2009-01-22,0.4273,0.4313,0.4256,0.4303
2009-01-23,0.4303,0.4308,0.4235,0.4285
2009-01-26,0.4285,0.4332,0.4269,0.4323
2009-01-27,0.4325,0.4352,0.4263,0.4263
2009-01-28,0.432,0.4413,0.4299,0.441
2009-01-29,0.4405,0.4438,0.4353,0.4353
2009-01-30,0.4353,0.4353,0.4304,0.4304
2009-02-02,0.4304,0.4313,0.4232,0.4295
2009-02-03,0.4295,0.4333,0.4295,0.4326
2009-02-04,0.4327,0.4385,0.4306,0.433
2009-02-05,0.433,0.4385,0.432,0.4368
2009-02-06,0.4368,0.4452,0.4368,0.4425
2009-02-09,0.4425,0.4471,0.4405,0.4405
2009-02-10,0.4405,0.4454,0.4338,0.4389
2009-02-11,0.4389,0.4414,0.4325,0.4414
2009-02-12,0.4414,0.4414,0.4332,0.4349
2009-02-13,0.4325,0.4432,0.4325,0.4427
2009-02-16,0.4427,0.443,0.4389,0.4389
2009-02-17,0.4389,0.4425,0.4264,0.4264
2009-02-18,0.4264,0.43,0.424,0.4262
2009-02-19,0.4262,0.4303,0.4209,0.4209
2009-02-20,0.4209,0.4269,0.4173,0.418
2009-02-23,0.418,0.4198,0.418,0.4196
2009-02-24,0.4196,0.4196,0.418,0.4189
2009-02-25,0.4189,0.4219,0.4179,0.4219
2009-02-26,0.4219,0.4261,0.4215,0.4246
2009-02-27,0.4251,0.4251,0.4176,0.4176
2009-03-02,0.4176,0.4214,0.4084,0.4087
2009-03-03,0.4074,0.4156,0.4074,0.4129
2009-03-04,0.4132,0.4227,0.4132,0.4216
2009-03-05,0.4221,0.4221,0.4167,0.4167
2009-03-06,0.4167,0.4214,0.4167,0.4203
2009-03-09,0.4203,0.4218,0.418,0.4184
2009-03-10,0.42,0.4282,0.4194,0.4282
2009-03-11,0.4269,0.4312,0.4259,0.4272
2009-03-12,0.4272,0.435,0.4258,0.435
2009-03-13,0.435,0.4375,0.4325,0.4333
2009-03-16,0.4333,0.4426,0.4273,0.4396
2009-03-17,0.4396,0.4399,0.4368,0.437
2009-03-18,0.437,0.4443,0.4341,0.4443
2009-03-19,0.4443,0.4485,0.4428,0.4428
2009-03-20,0.4428,0.4454,0.4396,0.4396
2009-03-23,0.4396,0.4458,0.4394,0.4448
2009-03-24,0.4448,0.4461,0.442,0.4441
2009-03-25,0.4441,0.4464,0.4429,0.4464
2009-03-26,0.4464,0.45,0.4447,0.4455
2009-03-27,0.4455,0.4469,0.436,0.436
2009-03-30,0.436,0.4367,0.4279,0.4283
2009-03-31,0.4283,0.4345,0.4283,0.431
2009-04-01,0.431,0.4394,0.431,0.4394
2009-04-02,0.4394,0.4483,0.4388,0.4481
2009-04-03,0.4481,0.4553,0.4481,0.4521
2009-04-06,0.4521,0.4521,0.4487,0.4501
2009-04-07,0.4501,0.4514,0.4462,0.4514
2009-04-08,0.4484,0.4551,0.4484,0.4531
2009-04-09,0.4531,0.4604,0.4499,0.4601
2009-04-10,0.4601,0.461,0.46,0.46
2009-04-13,0.46,0.4615,0.4591,0.4601
2009-04-14,0.4601,0.4602,0.4522,0.4522
2009-04-15,0.4522,0.4575,0.4507,0.4573
2009-04-16,0.4573,0.4602,0.4572,0.4588
2009-04-17,0.4588,0.4597,0.4553,0.4555
2009-04-20,0.4555,0.4587,0.4441,0.4441
2009-04-21,0.4441,0.4495,0.4441,0.4484
2009-04-22,0.4484,0.4543,0.4478,0.4515
2009-04-23,0.4515,0.4556,0.451,0.4528
2009-04-24,0.4528,0.458,0.4519,0.4576
2009-04-27,0.4576,0.4576,0.4501,0.4501
2009-04-28,0.4491,0.4555,0.4485,0.4541
2009-04-29,0.4514,0.4622,0.4514,0.4585
2009-04-30,0.4585,0.4613,0.4561,0.4561
2009-05-01,0.4587,0.4595,0.4524,0.4561
2009-05-04,0.4591,0.4723,0.4571,0.4723
2009-05-05,0.4693,0.4741,0.4639,0.4674
2009-05-06,0.4648,0.4737,0.4648,0.4724
2009-05-07,0.4725,0.4777,0.4725,0.474
2009-05-08,0.4734,0.4849,0.4734,0.4842
2009-05-11,0.4822,0.4867,0.4818,0.4831
2009-05-12,0.4825,0.4873,0.482,0.4824
2009-05-13,0.4827,0.4838,0.4721,0.4721
2009-05-14,0.4721,0.4803,0.4715,0.4788
2009-05-15,0.4789,0.4826,0.4728,0.4728
2009-05-18,0.4822,0.4826,0.4733,0.4824
2009-05-19,0.4811,0.4911,0.4811,0.4897
2009-05-20,0.4897,0.4958,0.4897,0.4913
2009-05-21,0.4903,0.4947,0.4897,0.4914
2009-05-22,0.4925,0.4958,0.4919,0.4928
2009-05-25,0.4919,0.4943,0.4919,0.4927
2009-05-26,0.4932,0.498,0.4893,0.498
2009-05-27,0.4942,0.4983,0.4892,0.4892
2009-05-28,0.4955,0.4993,0.4895,0.4988
2009-05-29,0.4988,0.5079,0.4967,0.5066
2009-06-01,0.5066,0.5147,0.4983,0.5117
2009-06-02,0.5117,0.5205,0.5117,0.5194
2009-06-03,0.5194,0.5194,0.5068,0.5087
2009-06-04,0.5087,0.5159,0.5068,0.5152
2009-06-05,0.5152,0.5221,0.5089,0.5094
2009-06-08,0.5094,0.511,0.5048,0.5092
2009-06-09,0.5092,0.5166,0.5092,0.5142
2009-06-10,0.5142,0.5191,0.5107,0.5127
2009-06-11,0.5127,0.5128,0.512,0.5122
2009-06-12,0.5122,0.5203,0.512,0.5184
2009-06-15,0.5184,0.5194,0.5108,0.5119
2009-06-16,0.5119,0.5167,0.5063,0.5063
2009-06-17,0.5063,0.5094,0.5018,0.5071
2009-06-18,0.5071,0.5105,0.5056,0.506
2009-06-19,0.5056,0.5115,0.5056,0.5058
2009-06-22,0.5058,0.5066,0.492,0.492
2009-06-23,0.4919,0.5044,0.4919,0.5044
2009-06-24,0.5044,0.5094,0.4975,0.5074
2009-06-25,0.5074,0.5147,0.5068,0.5144
2009-06-26,0.5144,0.518,0.5093,0.5166
2009-06-29,0.5166,0.5166,0.5094,0.5107
2009-06-30,0.5107,0.5156,0.5088,0.5115
2009-07-01,0.5115,0.5184,0.5115,0.5168
2009-07-02,0.5166,0.517,0.5104,0.5117
2009-07-03,0.5117,0.5131,0.5117,0.5123
2009-07-06,0.5123,0.5123,0.505,0.5113
2009-07-07,0.5113,0.5166,0.501,0.5015
2009-07-08,0.5015,0.5032,0.4949,0.4985
2009-07-09,0.4965,0.5023,0.4965,0.5018
2009-07-10,0.5018,0.5018,0.4941,0.5005
2009-07-13,0.5005,0.5053,0.4983,0.5046
2009-07-14,0.5046,0.5094,0.5046,0.5094
2009-07-15,0.5094,0.5171,0.5094,0.5163
2009-07-16,0.5163,0.5184,0.5154,0.5174
2009-07-17,0.5174,0.519,0.5165,0.5186
2009-07-20,0.5186,0.5266,0.5173,0.5266
2009-07-21,0.5266,0.528,0.5093,0.5266
2009-07-22,0.5266,0.5266,0.5239,0.5242
2009-07-23,0.5242,0.5299,0.5242,0.5258
2009-07-24,0.5258,0.528,0.5258,0.5269
2009-07-27,0.5269,0.5334,0.5254,0.5328
2009-07-28,0.5328,0.5328,0.5282,0.5308
2009-07-29,0.5308,0.5311,0.5243,0.5258
2009-07-30,0.5275,0.5331,0.5246,0.5306
2009-07-31,0.5306,0.536,0.5306,0.5354
2009-08-03,0.5357,0.5473,0.5316,0.5473
2009-08-04,0.5473,0.5499,0.5321,0.5499
2009-08-05,0.5499,0.5529,0.545,0.5506
2009-08-06,0.5506,0.5511,0.5425,0.5431
2009-08-07,0.5431,0.5493,0.5431,0.5486
2009-08-10,0.5486,0.55,0.5407,0.5427
2009-08-11,0.5427,0.5428,0.5383,0.5402
2009-08-12,0.5402,0.5455,0.5386,0.5428
2009-08-13,0.5428,0.5486,0.5428,0.5482
2009-08-14,0.5482,0.549,0.5394,0.54
2009-08-17,0.54,0.5402,0.531,0.531
2009-08-18,0.531,0.5421,0.531,0.5414
2009-08-19,0.5414,0.5465,0.5373,0.543
2009-08-20,0.543,0.5465,0.5407,0.5424
2009-08-21,0.5424,0.5474,0.5424,0.5456
2009-08-24,0.5456,0.5474,0.5422,0.5422
2009-08-25,0.5422,0.5456,0.5364,0.5364
2009-08-26,0.5364,0.5442,0.534,0.5366
2009-08-27,0.5366,0.5389,0.5304,0.535
2009-08-28,0.535,0.5366,0.5308,0.5308
2009-08-31,0.5308,0.5344,0.5268,0.5311
2009-09-01,0.5311,0.5348,0.522,0.522
2009-09-02,0.522,0.531,0.5213,0.5297
2009-09-03,0.5297,0.5368,0.5238,0.5368
2009-09-04,0.5368,0.5433,0.536,0.5417
2009-09-07,0.5417,0.5427,0.5417,0.5417
2009-09-08,0.5417,0.5477,0.5417,0.5459
2009-09-09,0.5459,0.5486,0.5443,0.5451
2009-09-10,0.5451,0.5517,0.544,0.5517
2009-09-11,0.5511,0.5529,0.5454,0.5454
2009-09-14,0.5454,0.552,0.5454,0.5514
2009-09-15,0.5499,0.5541,0.5499,0.5541
2009-09-16,0.5541,0.5564,0.5537,0.5546
2009-09-17,0.5546,0.5558,0.5515,0.5532
2009-09-18,0.5532,0.5544,0.5519,0.552
2009-09-21,0.552,0.5531,0.5476,0.5476
2009-09-22,0.5476,0.5574,0.5476,0.5571
2009-09-23,0.5571,0.5602,0.553,0.5555
2009-09-24,0.5555,0.5597,0.5527,0.5547
2009-09-25,0.5547,0.5591,0.5521,0.5577
2009-09-28,0.5577,0.56,0.5556,0.5591
2009-09-29,0.5591,0.5591,0.5562,0.5585
2009-09-30,0.5585,0.5661,0.5576,0.5637
2009-10-01,0.5637,0.5654,0.5591,0.5591
2009-10-02,0.5591,0.563,0.5544,0.5607
2009-10-05,0.5607,0.5677,0.5607,0.5677
2009-10-06,0.5677,0.5726,0.5617,0.569
2009-10-07,0.569,0.5713,0.5661,0.5713
2009-10-08,0.5713,0.5755,0.5701,0.5747
2009-10-09,0.5747,0.5752,0.5724,0.575
2009-10-12,0.5729,0.575,0.5729,0.5729
2009-10-13,0.5729,0.5801,0.5729,0.5801
2009-10-14,0.5801,0.587,0.5801,0.587
2009-10-15,0.587,0.5877,0.5843,0.5869
2009-10-16,0.5869,0.587,0.5807,0.585
2009-10-19,0.585,0.5857,0.5819,0.5819
2009-10-20,0.5819,0.5819,0.5672,0.5696
2009-10-21,0.5696,0.5801,0.5669,0.5765
2009-10-22,0.5765,0.5812,0.5755,0.5812
2009-10-23,0.5812,0.5846,0.5775,0.5814
2009-10-26,0.5814,0.5864,0.5749,0.5762
2009-10-27,0.5762,0.5807,0.5739,0.5745
2009-10-28,0.5745,0.5775,0.5618,0.5618
2009-10-29,0.5618,0.5784,0.5618,0.5762
2009-10-30,0.5762,0.5795,0.5652,0.5664
2009-11-02,0.5664,0.5668,0.5658,0.5658
2009-11-03,0.5658,0.5745,0.5628,0.5722
2009-11-04,0.5722,0.5806,0.5697,0.5804
2009-11-05,0.5802,0.5824,0.5784,0.5819
2009-11-06,0.5819,0.5836,0.5802,0.5812
2009-11-09,0.5812,0.5881,0.5802,0.5874
2009-11-10,0.5874,0.5881,0.5826,0.5834
2009-11-11,0.5843,0.5867,0.5805,0.5816
2009-11-12,0.5816,0.5819,0.5749,0.5759
2009-11-13,0.5759,0.5819,0.5742,0.5802
2009-11-16,0.5802,0.5846,0.5802,0.5829
2009-11-17,0.5829,0.584,0.5805,0.5838
2009-11-18,0.5838,0.586,0.5789,0.5789
2009-11-19,0.5789,0.5821,0.5755,0.5785
2009-11-20,0.5785,0.5785,0.5759,0.5767
2009-11-23,0.5767,0.5812,0.5767,0.5782
2009-11-24,0.5782,0.5807,0.5755,0.5755
2009-11-25,0.5755,0.5799,0.5736,0.5779
2009-11-26,0.5779,0.579,0.571,0.5716
2009-11-27,0.579,0.579,0.569,0.5732
2009-11-30,0.5732,0.5745,0.569,0.569
2009-12-01,0.569,0.5806,0.5687,0.5806
2009-12-02,0.5799,0.5823,0.5785,0.5812
2009-12-03,0.5812,0.5853,0.5802,0.5846
2009-12-04,0.5846,0.5862,0.5765,0.5765
2009-12-07,0.5765,0.5799,0.5742,0.5759
2009-12-08,0.5759,0.5782,0.5667,0.5667
2009-12-09,0.5667,0.5709,0.5639,0.5667
2009-12-10,0.5667,0.5698,0.5644,0.5685
2009-12-11,0.5685,0.5716,0.5655,0.5677
2009-12-14,0.5687,0.5739,0.5671,0.5726
2009-12-15,0.5726,0.5736,0.5671,0.5696
2009-12-16,0.5696,0.5719,0.5696,0.5697
2009-12-17,0.5687,0.5716,0.5576,0.5597
2009-12-18,0.5597,0.5616,0.5561,0.5613
2009-12-21,0.561,0.5635,0.5597,0.5597
2009-12-22,0.5597,0.5613,0.5595,0.5604
2009-12-23,0.5604,0.5691,0.5604,0.567
2009-12-24,0.567,0.567,0.5634,0.5667
2009-12-25,0.5667,0.5677,0.5667,0.5667
2009-12-28,0.5667,0.5755,0.562,0.5737
2009-12-29,0.5737,0.5772,0.5736,0.5736
2009-12-30,0.5736,0.575,0.5723,0.5739
2009-12-31,0.5729,0.574,0.5729,0.5729
2010-01-01,0.5729,0.5739,0.5729,0.5729
2010-01-04,0.5729,0.5812,0.5708,0.5804
2010-01-05,0.5804,0.5817,0.576,0.577
2010-01-06,0.577,0.5782,0.5755,0.5765
2010-01-07,0.5745,0.5772,0.5717,0.5717
2010-01-08,0.5717,0.5795,0.5716,0.5785
2010-01-11,0.5785,0.5809,0.5754,0.5754
2010-01-12,0.5754,0.5765,0.5722,0.5722
2010-01-13,0.5722,0.5749,0.5682,0.5682
2010-01-14,0.5682,0.574,0.5648,0.5678
2010-01-15,0.5678,0.5678,0.5638,0.5638
2010-01-18,0.5638,0.5674,0.5634,0.5674
2010-01-19,0.5674,0.5674,0.5621,0.564
2010-01-20,0.5638,0.5645,0.5579,0.558
2010-01-21,0.5585,0.5599,0.5541,0.5541
2010-01-22,0.5541,0.5572,0.5464,0.5499
2010-01-25,0.5499,0.554,0.5483,0.5483
2010-01-26,0.5483,0.55,0.5416,0.544
2010-01-27,0.544,0.5456,0.5358,0.539
2010-01-28,0.539,0.5409,0.5335,0.534
2010-01-29,0.537,0.5374,0.5285,0.5297
2010-02-01,0.5297,0.5409,0.5285,0.5376
2010-02-02,0.5376,0.5474,0.5361,0.5459
2010-02-03,0.5459,0.549,0.539,0.5422
2010-02-04,0.5452,0.5452,0.5288,0.5331
2010-02-05,0.531,0.5348,0.5288,0.5307
2010-02-08,0.5308,0.5357,0.5304,0.5324
2010-02-09,0.5323,0.5425,0.5323,0.5412
2010-02-10,0.5412,0.5433,0.538,0.538
2010-02-11,0.538,0.5421,0.5378,0.5418
2010-02-12,0.5397,0.5397,0.5358,0.5396
2010-02-15,0.5361,0.5387,0.5361,0.5387
2010-02-16,0.5383,0.5433,0.538,0.5419
2010-02-17,0.5419,0.5467,0.5378,0.5449
2010-02-18,0.5449,0.5517,0.5444,0.5464
2010-02-19,0.5477,0.5557,0.5461,0.5534
2010-02-22,0.5535,0.5571,0.5514,0.5514
2010-02-23,0.5514,0.5537,0.5471,0.5471
2010-02-24,0.5471,0.5496,0.5469,0.5471
2010-02-25,0.5471,0.5493,0.5441,0.5477
2010-02-26,0.5477,0.5546,0.545,0.5526
2010-03-01,0.5486,0.5566,0.5486,0.556
2010-03-02,0.556,0.5608,0.556,0.5572
2010-03-03,0.5572,0.5624,0.5572,0.558
2010-03-04,0.558,0.5599,0.5574,0.5585
2010-03-05,0.5585,0.5619,0.5576,0.5607
2010-03-08,0.5619,0.5635,0.5588,0.5588
2010-03-09,0.5588,0.5627,0.5559,0.5627
2010-03-10,0.5627,0.5651,0.5618,0.5648
2010-03-11,0.5648,0.5661,0.5639,0.5659
2010-03-12,0.5659,0.5678,0.5658,0.5666
2010-03-15,0.5666,0.5674,0.5634,0.5662
2010-03-16,0.5662,0.5678,0.5651,0.5651
2010-03-17,0.5651,0.5674,0.5648,0.5648
2010-03-18,0.5648,0.5661,0.5577,0.5577
2010-03-19,0.5577,0.5661,0.5547,0.5547
2010-03-22,0.5547,0.5591,0.5525,0.5589
2010-03-23,0.5589,0.5626,0.5576,0.5622
2010-03-24,0.5622,0.5622,0.5547,0.5547
2010-03-25,0.5547,0.5574,0.5486,0.5486
2010-03-26,0.5486,0.5538,0.5468,0.5493
2010-03-29,0.5493,0.5569,0.5493,0.5566
2010-03-30,0.5566,0.5583,0.5533,0.5583
2010-03-31,0.5583,0.5621,0.5575,0.5599
2010-04-01,0.561,0.5659,0.5607,0.5659
2010-04-02,0.5659,0.5664,0.5659,0.5659
2010-04-05,0.5659,0.5691,0.5659,0.5672
2010-04-06,0.5672,0.57,0.565,0.5693
2010-04-07,0.5693,0.5701,0.561,0.561
2010-04-08,0.561,0.568,0.5598,0.561
2010-04-09,0.561,0.5661,0.561,0.5658
2010-04-12,0.5658,0.5696,0.5655,0.5695
2010-04-13,0.5695,0.5708,0.566,0.5706
2010-04-14,0.5706,0.5736,0.5703,0.5722
2010-04-15,0.5722,0.5757,0.57,0.5713
2010-04-16,0.5713,0.5736,0.5668,0.5713
2010-04-19,0.5736,0.5736,0.5656,0.569
2010-04-20,0.569,0.5716,0.569,0.5698
2010-04-21,0.5698,0.5711,0.5698,0.5698
2010-04-22,0.5698,0.5711,0.5648,0.5698
2010-04-23,0.5698,0.5698,0.5663,0.568
2010-04-26,0.5687,0.5729,0.5671,0.5719
2010-04-27,0.5719,0.5727,0.5638,0.5638
2010-04-28,0.5638,0.5716,0.5638,0.5703
2010-04-29,0.5703,0.5787,0.5688,0.5775
2010-04-30,0.5775,0.5794,0.575,0.575
2010-05-03,0.5744,0.5782,0.5744,0.578
2010-05-04,0.578,0.5784,0.5662,0.5662
2010-05-05,0.5662,0.5774,0.5562,0.5568
2010-05-06,0.5564,0.5599,0.53,0.5386
2010-05-07,0.5386,0.5483,0.53,0.5436
2010-05-10,0.5436,0.5648,0.5368,0.5638
2010-05-11,0.5638,0.5638,0.5582,0.5582
2010-05-12,0.5582,0.565,0.5582,0.5634
2010-05-13,0.5634,0.5646,0.562,0.563
2010-05-14,0.563,0.5638,0.5524,0.5549
2010-05-17,0.5551,0.563,0.5469,0.5546
2010-05-18,0.5546,0.5588,0.5485,0.5485
2010-05-19,0.5485,0.5588,0.5387,0.5467
2010-05-20,0.5467,0.5474,0.5281,0.5307
2010-05-21,0.5307,0.5399,0.527,0.5389
2010-05-24,0.5389,0.5415,0.5343,0.5343
2010-05-25,0.5343,0.5417,0.5227,0.5415
2010-05-26,0.5415,0.5446,0.5304,0.5334
2010-05-27,0.5334,0.5506,0.5334,0.5505
2010-05-28,0.5505,0.552,0.5474,0.5496
2010-05-31,0.5494,0.56,0.5486,0.5486
2010-06-01,0.5486,0.5505,0.5402,0.5402
2010-06-02,0.5402,0.5496,0.5396,0.5491
2010-06-03,0.5491,0.5505,0.5415,0.5488
2010-06-04,0.5488,0.549,0.5354,0.5354
2010-06-07,0.5355,0.5445,0.5311,0.5311
2010-06-08,0.5311,0.5389,0.5311,0.5386
2010-06-09,0.5386,0.5436,0.5364,0.5397
2010-06-10,0.5397,0.554,0.5397,0.554
2010-06-11,0.554,0.5543,0.5512,0.552
2010-06-14,0.552,0.5561,0.5512,0.5512
2010-06-15,0.5512,0.56,0.5512,0.5596
2010-06-16,0.5596,0.561,0.5554,0.5594
2010-06-17,0.5594,0.5616,0.557,0.561
2010-06-18,0.561,0.5645,0.5604,0.5638
2010-06-21,0.5638,0.5691,0.5623,0.5638
2010-06-22,0.5638,0.5661,0.5586,0.5586
2010-06-23,0.5586,0.5656,0.5539,0.5588
2010-06-24,0.5588,0.5612,0.5553,0.5604
2010-06-25,0.5604,0.5627,0.5567,0.5615
2010-06-28,0.5619,0.5624,0.5607,0.5613
2010-06-29,0.5613,0.5618,0.5512,0.5512
2010-06-30,0.5512,0.5575,0.5512,0.5537
2010-07-01,0.5537,0.5583,0.5536,0.5578
2010-07-02,0.5578,0.5643,0.5559,0.5638
2010-07-05,0.5638,0.5648,0.5623,0.5627
2010-07-06,0.5627,0.5667,0.561,0.5664
2010-07-07,0.5664,0.5667,0.5607,0.5658
2010-07-08,0.5619,0.568,0.5619,0.5662
2010-07-09,0.5662,0.5682,0.5659,0.5682
2010-07-12,0.568,0.5682,0.5663,0.5672
2010-07-13,0.5672,0.5704,0.5672,0.5685
2010-07-14,0.5685,0.5695,0.5664,0.5667
2010-07-15,0.5569,0.5693,0.5569,0.5691
2010-07-16,0.5691,0.5691,0.5601,0.561
2010-07-19,0.5607,0.5642,0.5574,0.5574
2010-07-20,0.5574,0.5638,0.557,0.563
2010-07-21,0.563,0.5645,0.5608,0.5608
2010-07-22,0.5608,0.5682,0.5608,0.5682
2010-07-23,0.5682,0.5693,0.5614,0.5632
2010-07-26,0.5632,0.5677,0.5632,0.5667
2010-07-27,0.5667,0.568,0.5648,0.5648
2010-07-28,0.5648,0.5678,0.5643,0.5643
2010-07-29,0.5643,0.5683,0.5639,0.5675
2010-07-30,0.5675,0.5693,0.5671,0.5693
2010-08-02,0.5693,0.5722,0.565,0.5719
2010-08-03,0.5719,0.5719,0.568,0.568
2010-08-04,0.568,0.5703,0.568,0.5701
2010-08-05,0.5701,0.5706,0.5693,0.57
2010-08-06,0.57,0.5704,0.5675,0.5675
2010-08-09,0.5683,0.5714,0.5683,0.5714
2010-08-10,0.5714,0.5714,0.5676,0.5682
2010-08-11,0.5682,0.57,0.5629,0.5629
2010-08-12,0.5629,0.5675,0.5623,0.5648
2010-08-13,0.5648,0.5675,0.5639,0.5648
2010-08-16,0.5635,0.5696,0.5635,0.5693
2010-08-17,0.5693,0.5709,0.5656,0.5693
2010-08-18,0.5693,0.5717,0.5693,0.5696
2010-08-19,0.5696,0.57,0.5672,0.5687
2010-08-20,0.5687,0.569,0.5669,0.5687
2010-08-23,0.5687,0.5701,0.5643,0.5643
2010-08-24,0.5643,0.5698,0.5623,0.5638
2010-08-25,0.5638,0.5664,0.5638,0.5664
2010-08-26,0.5664,0.5683,0.5664,0.5667
2010-08-27,0.5667,0.5713,0.5667,0.5709
2010-08-30,0.5709,0.5709,0.5678,0.5678
2010-08-31,0.5678,0.5701,0.565,0.5691
2010-09-01,0.5691,0.5742,0.5684,0.5724
2010-09-02,0.5724,0.5789,0.5724,0.5789
2010-09-03,0.5789,0.5816,0.5746,0.5765
2010-09-06,0.5765,0.5795,0.5718,0.5784
2010-09-07,0.5784,0.5789,0.5769,0.5784
2010-09-08,0.5784,0.5806,0.5779,0.5789
2010-09-09,0.5789,0.5809,0.5789,0.5806
2010-09-10,0.5806,0.5821,0.5785,0.5802
2010-09-13,0.5802,0.5841,0.5802,0.5841
2010-09-14,0.5841,0.5865,0.5829,0.584
2010-09-15,0.584,0.5843,0.5792,0.5795
2010-09-16,0.5795,0.5833,0.5795,0.5833
2010-09-17,0.5833,0.5838,0.5802,0.5802
2010-09-20,0.5802,0.5826,0.5765,0.5765
2010-09-21,0.5765,0.584,0.5765,0.5836
2010-09-22,0.5836,0.586,0.5775,0.5812
2010-09-23,0.5812,0.5826,0.5775,0.5799
2010-09-24,0.5799,0.5846,0.5799,0.5845
2010-09-27,0.5845,0.585,0.5802,0.5843
2010-09-28,0.5843,0.586,0.5836,0.5846
2010-09-29,0.5846,0.5876,0.5846,0.5874
2010-09-30,0.5874,0.5919,0.5874,0.5919
2010-10-01,0.5919,0.5967,0.5905,0.5912
2010-10-04,0.5912,0.5945,0.5882,0.5884
2010-10-05,0.5884,0.6005,0.5884,0.6005
2010-10-06,0.6005,0.6005,0.5889,0.5953
2010-10-07,0.5953,0.5985,0.5933,0.5985
2010-10-08,0.5985,0.5997,0.5922,0.5928
2010-10-11,0.5994,0.601,0.5938,0.5979
2010-10-12,0.5979,0.6006,0.5975,0.5978
2010-10-13,0.5978,0.6046,0.5975,0.6046
2010-10-14,0.6046,0.6067,0.6011,0.6017
2010-10-15,0.6017,0.6045,0.5997,0.5997
2010-10-18,0.5997,0.6019,0.5968,0.5972
2010-10-19,0.5972,0.5972,0.5894,0.5937
2010-10-20,0.5937,0.5976,0.5931,0.5958
2010-10-21,0.5958,0.5971,0.5886,0.5888
2010-10-22,0.5888,0.5912,0.585,0.5857
2010-10-25,0.5857,0.5905,0.585,0.5891
2010-10-26,0.5891,0.5895,0.5853,0.5864
2010-10-27,0.5864,0.5879,0.5806,0.5806
2010-10-28,0.5806,0.586,0.5806,0.586
2010-10-29,0.586,0.5891,0.5846,0.587
2010-11-01,0.587,0.5983,0.586,0.5983
2010-11-02,0.5983,0.5983,0.5863,0.5863
2010-11-03,0.5863,0.5915,0.5863,0.5915
2010-11-04,0.591,0.5958,0.5905,0.593
2010-11-05,0.593,0.5965,0.593,0.5956
2010-11-08,0.5956,0.5956,0.5881,0.5881
2010-11-09,0.5881,0.5909,0.587,0.5896
2010-11-10,0.5896,0.5896,0.5836,0.5865
2010-11-11,0.5865,0.5865,0.5812,0.5812
2010-11-12,0.5812,0.5833,0.5807,0.5811
2010-11-15,0.5811,0.5811,0.5801,0.5801
2010-11-16,0.5801,0.5801,0.5752,0.5759
2010-11-17,0.5759,0.5795,0.5752,0.5752
2010-11-18,0.5752,0.5838,0.5752,0.5829
2010-11-19,0.5829,0.5829,0.5812,0.5819
2010-11-22,0.5819,0.5843,0.5789,0.5812
2010-11-23,0.5812,0.5812,0.5752,0.5765
2010-11-24,0.5765,0.5809,0.5765,0.5785
2010-11-25,0.5785,0.5819,0.5785,0.5812
2010-11-26,0.5792,0.5812,0.5759,0.5774
2010-11-29,0.5774,0.5817,0.5774,0.578
2010-11-30,0.578,0.5836,0.578,0.5824
2010-12-01,0.5824,0.5864,0.5824,0.5857
2010-12-02,0.5857,0.5874,0.5857,0.5869
2010-12-03,0.5869,0.593,0.5869,0.5874
2010-12-06,0.5874,0.5947,0.5874,0.5917
2010-12-07,0.5917,0.5985,0.5917,0.5937
2010-12-08,0.5937,0.5974,0.5901,0.5912
2010-12-09,0.5931,0.5931,0.5841,0.5843
2010-12-10,0.5843,0.5867,0.5814,0.5853
2010-12-13,0.5853,0.591,0.5816,0.5898
2010-12-14,0.5898,0.5916,0.5868,0.5884
2010-12-15,0.5884,0.5895,0.5843,0.5843
2010-12-16,0.5883,0.5883,0.5853,0.5865
2010-12-17,0.5865,0.5874,0.5828,0.5834
2010-12-20,0.5834,0.5857,0.5834,0.5853
2010-12-21,0.5853,0.5895,0.5853,0.5881
2010-12-22,0.5881,0.5902,0.5877,0.5877
2010-12-23,0.5877,0.5909,0.5877,0.5909
2010-12-24,0.5909,0.5909,0.5886,0.5907
2010-12-27,0.5907,0.5926,0.5886,0.5926
2010-12-28,0.5926,0.5944,0.5907,0.5907
2010-12-29,0.5905,0.5956,0.5905,0.5956
2010-12-30,0.5956,0.6017,0.5934,0.6017
2010-12-31,0.6017,0.6019,0.6011,0.6019
2011-01-03,0.6019,0.607,0.6019,0.6063
2011-01-04,0.6063,0.6063,0.5991,0.6012
2011-01-05,0.6012,0.6032,0.5969,0.5969
2011-01-06,0.5969,0.5969,0.5912,0.5926
2011-01-07,0.5926,0.5944,0.5912,0.5933
2011-01-10,0.5933,0.5939,0.5901,0.5916
2011-01-11,0.5916,0.5933,0.5905,0.5933
2011-01-12,0.5933,0.5969,0.5919,0.5965
2011-01-13,0.5969,0.5988,0.5969,0.5972
2011-01-14,0.5972,0.5972,0.5926,0.5926
2011-01-17,0.5926,0.5949,0.5905,0.5944
2011-01-18,0.5944,0.5979,0.594,0.5965
2011-01-19,0.5965,0.5994,0.5965,0.5979
2011-01-20,0.5979,0.599,0.5969,0.5969
2011-01-21,0.5969,0.5983,0.5958,0.5958
2011-01-24,0.5958,0.5985,0.5958,0.5983
2011-01-25,0.5976,0.5985,0.5974,0.5974
2011-01-26,0.5974,0.5997,0.5974,0.599
2011-01-27,0.599,0.6005,0.5961,0.5981
2011-01-28,0.5981,0.5981,0.594,0.594
2011-01-31,0.5937,0.5992,0.5905,0.599
2011-02-01,0.599,0.6012,0.5973,0.5996
2011-02-02,0.6001,0.601,0.5996,0.5996
2011-02-03,0.5996,0.5999,0.5982,0.5987
2011-02-04,0.5987,0.6001,0.5964,0.5969
2011-02-07,0.5969,0.5992,0.5951,0.5951
2011-02-08,0.5951,0.6003,0.5951,0.5997
2011-02-09,0.5997,0.6021,0.5973,0.6017
2011-02-10,0.6017,0.6019,0.5972,0.5987
2011-02-11,0.5987,0.6003,0.5975,0.5996
2011-02-14,0.5996,0.6003,0.599,0.599
2011-02-15,0.599,0.6001,0.5985,0.5985
2011-02-16,0.5985,0.5996,0.5975,0.5985
2011-02-17,0.5985,0.6017,0.5957,0.6012
2011-02-18,0.6012,0.6012,0.5972,0.6006
2011-02-21,0.5987,0.6006,0.5972,0.5987
2011-02-22,0.5987,0.6003,0.5976,0.5976
2011-02-23,0.5988,0.5994,0.5963,0.5963
2011-02-24,0.5963,0.6008,0.5963,0.5999
2011-02-25,0.5999,0.6023,0.5972,0.6006
2011-02-28,0.6017,0.603,0.6003,0.6003
2011-03-01,0.6003,0.603,0.6003,0.6003
2011-03-02,0.6003,0.6026,0.6003,0.6026
2011-03-03,0.6026,0.6059,0.6016,0.6035
2011-03-04,0.6035,0.608,0.6034,0.6034
2011-03-07,0.6034,0.606,0.6034,0.6045
2011-03-08,0.6045,0.6045,0.6029,0.6037
2011-03-09,0.6037,0.6076,0.6037,0.6041
2011-03-10,0.6041,0.6074,0.6008,0.6008
2011-03-11,0.6008,0.6021,0.5999,0.5999
2011-03-14,0.5999,0.6019,0.5993,0.6019
2011-03-15,0.6019,0.6019,0.597,0.6001
2011-03-16,0.6001,0.6015,0.5962,0.5962
2011-03-17,0.5962,0.6015,0.5936,0.5951
2011-03-18,0.5951,0.6001,0.5951,0.5994
2011-03-21,0.5996,0.6023,0.5989,0.5994
2011-03-22,0.5994,0.6019,0.5994,0.6005
2011-03-23,0.6005,0.6023,0.6005,0.6012
2011-03-24,0.6012,0.603,0.6011,0.6019
2011-03-25,0.6019,0.6032,0.6008,0.6008
2011-03-28,0.6012,0.6032,0.6008,0.6008
2011-03-29,0.6008,0.6067,0.6008,0.6067
2011-03-30,0.6067,0.6141,0.6015,0.6134
2011-03-31,0.6134,0.616,0.6119,0.6119
2011-04-01,0.6119,0.6216,0.6119,0.6214
2011-04-04,0.6214,0.622,0.6143,0.6214
2011-04-05,0.6214,0.6218,0.6197,0.6202
2011-04-06,0.6202,0.6239,0.6187,0.6187
2011-04-07,0.6187,0.6304,0.6187,0.6249
2011-04-08,0.6249,0.6368,0.6249,0.6368
2011-04-11,0.6368,0.6368,0.6312,0.6312
2011-04-12,0.6312,0.6334,0.6286,0.6286
2011-04-13,0.6286,0.6308,0.6267,0.6296
2011-04-14,0.6296,0.6332,0.6292,0.6332
2011-04-15,0.6332,0.6352,0.6296,0.634
2011-04-18,0.6338,0.6338,0.6263,0.629
2011-04-19,0.629,0.6344,0.6275,0.634
2011-04-20,0.634,0.6393,0.6324,0.6377
2011-04-21,0.6377,0.6387,0.6354,0.6385
2011-04-22,0.6385,0.6387,0.6354,0.6385
2011-04-25,0.6371,0.6389,0.6354,0.6385
2011-04-26,0.6366,0.6397,0.6366,0.6397
2011-04-27,0.6397,0.6416,0.637,0.6416
2011-04-28,0.6416,0.6416,0.628,0.6314
2011-04-29,0.6314,0.6362,0.6292,0.6342
2011-05-02,0.6336,0.636,0.6288,0.6288
2011-05-03,0.6288,0.636,0.6275,0.6288
2011-05-04,0.6288,0.6312,0.6181,0.6181
2011-05-05,0.6181,0.6206,0.6159,0.616
2011-05-06,0.616,0.6233,0.6159,0.6183
2011-05-09,0.6183,0.621,0.6144,0.6191
2011-05-10,0.6191,0.6229,0.6191,0.6227
2011-05-11,0.6227,0.6227,0.6163,0.6164
2011-05-12,0.6164,0.6179,0.614,0.6168
2011-05-13,0.6168,0.6185,0.6086,0.6104
2011-05-16,0.6104,0.6145,0.6104,0.6111
2011-05-17,0.6111,0.6187,0.6111,0.6183
2011-05-18,0.6183,0.621,0.6174,0.6206
2011-05-19,0.6206,0.6216,0.6179,0.6179
2011-05-20,0.6179,0.6215,0.6156,0.6156
2011-05-23,0.6156,0.6174,0.611,0.6115
2011-05-24,0.6115,0.616,0.6112,0.6151
2011-05-25,0.6151,0.6155,0.6132,0.6134
2011-05-26,0.6134,0.6195,0.6134,0.6156
2011-05-27,0.6156,0.6265,0.6156,0.6265
2011-05-30,0.6265,0.6288,0.6225,0.6288
2011-05-31,0.6288,0.6336,0.6269,0.632
2011-06-01,0.632,0.6332,0.6267,0.6267
2011-06-02,0.6267,0.6342,0.6267,0.634
2011-06-03,0.634,0.636,0.6326,0.6336
2011-06-06,0.6336,0.6336,0.6304,0.6304
2011-06-07,0.6304,0.634,0.6304,0.6339
2011-06-08,0.6339,0.6339,0.6304,0.6316
2011-06-09,0.6316,0.6325,0.6292,0.6312
2011-06-10,0.6312,0.6312,0.6255,0.6257
2011-06-13,0.6257,0.6308,0.6257,0.6308
2011-06-14,0.6308,0.6324,0.6308,0.6312
2011-06-15,0.6312,0.6314,0.6236,0.6241
2011-06-16,0.6241,0.6288,0.6208,0.6222
2011-06-17,0.6226,0.6261,0.6226,0.6257
2011-06-20,0.6249,0.6272,0.6232,0.6257
2011-06-21,0.6257,0.6296,0.6257,0.6296
2011-06-22,0.6296,0.63,0.6276,0.6276
2011-06-23,0.6276,0.6281,0.6267,0.6276
2011-06-24,0.6276,0.6281,0.6226,0.6226
2011-06-27,0.6226,0.6276,0.6226,0.6265
2011-06-28,0.6265,0.6336,0.6265,0.6336
2011-06-29,0.6336,0.6377,0.6322,0.6373
2011-06-30,0.6373,0.6405,0.6373,0.6393
2011-07-01,0.6393,0.6426,0.6393,0.6413
2011-07-04,0.6413,0.6434,0.6413,0.6434
2011-07-05,0.6434,0.6434,0.6381,0.6381
2011-07-06,0.6381,0.6404,0.636,0.636
2011-07-07,0.636,0.6426,0.636,0.6422
2011-07-08,0.6422,0.643,0.6381,0.6381
2011-07-11,0.6393,0.6393,0.632,0.632
2011-07-12,0.632,0.6348,0.6314,0.6324
2011-07-13,0.6324,0.6368,0.6314,0.6344
2011-07-14,0.6344,0.636,0.6328,0.6332
2011-07-15,0.6332,0.6352,0.6332,0.6344
2011-07-18,0.6344,0.6352,0.6317,0.6328
2011-07-19,0.6328,0.6389,0.6317,0.6377
2011-07-20,0.6377,0.6409,0.6377,0.6381
2011-07-21,0.6381,0.6434,0.6381,0.6434
2011-07-22,0.6434,0.6443,0.6423,0.6434
2011-07-25,0.643,0.6495,0.643,0.6484
2011-07-26,0.6484,0.652,0.6442,0.6493
2011-07-27,0.6493,0.652,0.637,0.6422
2011-07-28,0.6422,0.6511,0.6373,0.6373
2011-07-29,0.6373,0.6447,0.636,0.6447
2011-08-01,0.6447,0.6455,0.6377,0.6377
2011-08-02,0.6377,0.6401,0.6358,0.6377
2011-08-03,0.6377,0.6405,0.6377,0.6393
2011-08-04,0.6393,0.6405,0.6292,0.6292
2011-08-05,0.6292,0.6316,0.6282,0.6294
2011-08-08,0.634,0.634,0.6141,0.6141
2011-08-09,0.6141,0.6194,0.6097,0.6149
2011-08-10,0.6149,0.6284,0.6142,0.6151
2011-08-11,0.6151,0.6175,0.6125,0.6138
2011-08-12,0.6138,0.622,0.6138,0.62
2011-08-15,0.62,0.6288,0.6199,0.628
2011-08-16,0.628,0.6294,0.6249,0.628
2011-08-17,0.628,0.6328,0.6275,0.6288
2011-08-18,0.6288,0.6304,0.6214,0.6247
2011-08-19,0.6247,0.627,0.6236,0.6245
2011-08-22,0.6251,0.6272,0.6214,0.6214
2011-08-23,0.6214,0.6257,0.6214,0.6257
2011-08-24,0.6257,0.6259,0.6187,0.6187
2011-08-25,0.6187,0.621,0.6187,0.6206
2011-08-26,0.6206,0.6237,0.6195,0.6226
2011-08-29,0.6229,0.628,0.6229,0.6276
2011-08-30,0.6276,0.6304,0.6257,0.6257
2011-08-31,0.6257,0.6312,0.6245,0.6284
2011-09-01,0.6284,0.6286,0.6164,0.6164
2011-09-02,0.6164,0.6166,0.608,0.6085
2011-09-05,0.6085,0.6093,0.604,0.607
2011-09-06,0.607,0.6078,0.6011,0.6037
2011-09-07,0.6037,0.6037,0.6027,0.6037
2011-09-08,0.6037,0.6045,0.6019,0.6019
2011-09-09,0.6019,0.6023,0.5943,0.5971
2011-09-12,0.5971,0.5971,0.5816,0.5864
2011-09-13,0.5864,0.5864,0.5831,0.584
2011-09-14,0.584,0.5846,0.577,0.5826
2011-09-15,0.5826,0.586,0.5815,0.5857
2011-09-16,0.5857,0.5858,0.5762,0.5765
2011-09-19,0.5765,0.5767,0.5551,0.5551
2011-09-20,0.5551,0.5638,0.5551,0.5594
2011-09-21,0.5594,0.5594,0.5296,0.5303
2011-09-22,0.5303,0.5422,0.5236,0.5247
2011-09-23,0.5247,0.5464,0.5219,0.5449
2011-09-26,0.5449,0.5496,0.5389,0.548
2011-09-27,0.548,0.5563,0.545,0.5535
2011-09-28,0.5535,0.5546,0.5428,0.5436
2011-09-29,0.5436,0.5482,0.5405,0.5421
2011-09-30,0.5421,0.547,0.5302,0.5314
2011-10-03,0.5314,0.5325,0.5238,0.5275
2011-10-04,0.5275,0.538,0.5275,0.538
2011-10-05,0.538,0.5461,0.538,0.5454
2011-10-06,0.5454,0.561,0.5449,0.561
2011-10-07,0.561,0.5683,0.555,0.5638
2011-10-10,0.5638,0.574,0.5628,0.5667
2011-10-11,0.5667,0.5721,0.5626,0.5626
2011-10-12,0.5626,0.5682,0.5626,0.5626
2011-10-13,0.5626,0.5732,0.5626,0.5706
2011-10-14,0.5706,0.5779,0.5703,0.5767
2011-10-17,0.5769,0.5769,0.5632,0.5632
2011-10-18,0.5632,0.5703,0.5615,0.57
2011-10-19,0.57,0.5724,0.5632,0.5666
2011-10-20,0.5666,0.5666,0.5528,0.5607
2011-10-21,0.5607,0.5648,0.5587,0.5629
2011-10-24,0.5629,0.5708,0.5612,0.5706
2011-10-25,0.5706,0.5739,0.5654,0.5654
2011-10-26,0.5654,0.5716,0.5654,0.568
2011-10-27,0.568,0.587,0.568,0.5843
2011-10-28,0.5843,0.5972,0.5781,0.5972
2011-10-31,0.5972,0.5972,0.5816,0.5816
2011-11-01,0.5816,0.5816,0.569,0.5724
2011-11-02,0.5724,0.5752,0.5724,0.5752
2011-11-03,0.5752,0.5811,0.5742,0.5752
2011-11-04,0.5752,0.5792,0.5693,0.57
2011-11-07,0.57,0.5722,0.5688,0.5719
2011-11-08,0.5719,0.5765,0.5719,0.5765
2011-11-09,0.5765,0.5765,0.5613,0.5613
2011-11-10,0.5613,0.5687,0.5613,0.5646
2011-11-11,0.567,0.5732,0.5656,0.5732
2011-11-14,0.5732,0.5732,0.5651,0.5651
2011-11-15,0.5651,0.5653,0.5637,0.5637
2011-11-16,0.5637,0.5658,0.562,0.5648
2011-11-17,0.5648,0.5656,0.5606,0.5651
2011-11-18,0.5651,0.5651,0.5607,0.5609
2011-11-21,0.5609,0.5609,0.5517,0.5527
2011-11-22,0.5527,0.5556,0.5489,0.5504
2011-11-23,0.5504,0.5508,0.5347,0.5367
2011-11-24,0.5367,0.5401,0.5308,0.5324
2011-11-25,0.5324,0.5324,0.5232,0.5292
2011-11-28,0.5292,0.5397,0.5265,0.5377
2011-11-29,0.5331,0.5434,0.5331,0.541
2011-11-30,0.541,0.5556,0.541,0.5523
2011-12-01,0.5523,0.5589,0.5523,0.5549
2011-12-02,0.5549,0.5607,0.5534,0.5576
2011-12-05,0.5568,0.5614,0.5557,0.5597
2011-12-06,0.5597,0.5603,0.5563,0.5572
2011-12-07,0.5572,0.5578,0.5551,0.5551
2011-12-08,0.5551,0.5601,0.5496,0.5496
2011-12-09,0.5496,0.5535,0.5483,0.5532
2011-12-12,0.5532,0.5557,0.5428,0.5434
2011-12-13,0.5434,0.5464,0.5374,0.5374
2011-12-14,0.5374,0.5427,0.5316,0.5322
2011-12-15,0.5322,0.5386,0.5319,0.5372
2011-12-16,0.5372,0.5426,0.5372,0.5386
2011-12-19,0.5395,0.5395,0.536,0.5364
2011-12-20,0.5364,0.5431,0.5364,0.5422
2011-12-21,0.5409,0.5422,0.5375,0.5375
2011-12-22,0.5375,0.54,0.5367,0.5373
2011-12-23,0.5373,0.5403,0.5366,0.5366
2011-12-26,0.5366,0.5395,0.5366,0.5375
2011-12-27,0.5375,0.5386,0.5371,0.5371
2011-12-28,0.5371,0.5374,0.5309,0.5321
2011-12-29,0.5321,0.5355,0.5316,0.5354
2011-12-30,0.5354,0.5362,0.5354,0.5361
2012-01-02,0.5363,0.5371,0.5341,0.5341
2012-01-03,0.5341,0.5454,0.5338,0.5454
2012-01-04,0.5454,0.5483,0.5454,0.5462
2012-01-05,0.5462,0.5462,0.5422,0.544
2012-01-06,0.544,0.544,0.54,0.54
2012-01-09,0.5391,0.5448,0.5391,0.5427
2012-01-10,0.5427,0.556,0.5427,0.5524
2012-01-11,0.5524,0.5544,0.5524,0.5543
2012-01-12,0.5543,0.5607,0.5543,0.5599
2012-01-13,0.5599,0.5629,0.5559,0.5566
2012-01-16,0.5566,0.5613,0.5566,0.5605
2012-01-17,0.5605,0.5648,0.5592,0.5619
2012-01-18,0.5586,0.5661,0.5586,0.5654
2012-01-19,0.5654,0.567,0.5648,0.5661
2012-01-20,0.5661,0.5687,0.5639,0.5666
2012-01-23,0.5666,0.5713,0.5666,0.5709
2012-01-24,0.5709,0.5709,0.5668,0.5701
2012-01-25,0.5701,0.5703,0.5671,0.5675
2012-01-26,0.5674,0.5765,0.5671,0.574
2012-01-27,0.574,0.5742,0.5703,0.5727
2012-01-30,0.5727,0.5727,0.5697,0.5697
2012-01-31,0.5697,0.5759,0.5697,0.5709
2012-02-01,0.5709,0.5775,0.5709,0.5759
2012-02-02,0.5759,0.5809,0.5759,0.5802
2012-02-03,0.5802,0.5821,0.5802,0.5821
2012-02-06,0.5821,0.5829,0.5789,0.5806
2012-02-07,0.5806,0.5806,0.5779,0.5806
2012-02-08,0.5806,0.5819,0.5785,0.5809
2012-02-09,0.5809,0.5819,0.5799,0.5814
2012-02-10,0.5814,0.5814,0.5784,0.5784
2012-02-13,0.5784,0.5836,0.5784,0.5812
2012-02-14,0.5812,0.5832,0.5802,0.5808
2012-02-15,0.5808,0.5826,0.5779,0.5779
2012-02-16,0.5779,0.5821,0.5762,0.5819
2012-02-17,0.5819,0.5833,0.5819,0.5828
2012-02-20,0.5828,0.5828,0.5797,0.5797
2012-02-21,0.581,0.5828,0.5793,0.5828
2012-02-22,0.5828,0.5859,0.5823,0.5855
2012-02-23,0.5855,0.588,0.5829,0.5829
2012-02-24,0.5829,0.5865,0.5829,0.5841
2012-02-27,0.5841,0.586,0.5832,0.5852
2012-02-28,0.5852,0.5894,0.5847,0.5894
2012-02-29,0.589,0.5902,0.5822,0.5845
2012-03-01,0.5845,0.5845,0.5799,0.5838
2012-03-02,0.5838,0.5838,0.577,0.577
2012-03-05,0.5772,0.5785,0.5752,0.5755
2012-03-06,0.5755,0.5755,0.567,0.567
2012-03-07,0.567,0.5681,0.5646,0.5655
2012-03-08,0.5655,0.568,0.5623,0.5669
2012-03-09,0.5666,0.5677,0.5602,0.5602
2012-03-12,0.5576,0.5578,0.5477,0.5552
2012-03-13,0.5554,0.5571,0.5493,0.5493
2012-03-14,0.5567,0.5573,0.5491,0.553
2012-03-15,0.5535,0.5571,0.5535,0.5554
2012-03-16,0.5554,0.5556,0.5545,0.5545
2012-03-19,0.555,0.555,0.5486,0.5486
2012-03-20,0.5486,0.5504,0.5458,0.5504
2012-03-21,0.5484,0.5504,0.5475,0.5494
2012-03-22,0.5485,0.5494,0.5478,0.5491
2012-03-23,0.5491,0.5518,0.5489,0.5518
2012-03-26,0.5518,0.5532,0.5496,0.5496
2012-03-27,0.5496,0.552,0.5482,0.5482
2012-03-28,0.5482,0.5509,0.5471,0.5471
2012-03-29,0.547,0.5484,0.5454,0.5477
2012-03-30,0.5477,0.549,0.5471,0.5482
2012-04-02,0.5468,0.5474,0.5447,0.5447
2012-04-03,0.5451,0.5485,0.5451,0.5463
2012-04-04,0.5462,0.5474,0.5428,0.5464
2012-04-05,0.5469,0.548,0.5463,0.548
2012-04-06,0.5475,0.5483,0.5471,0.5471
2012-04-09,0.5471,0.5497,0.5468,0.5494
2012-04-10,0.5494,0.5497,0.5447,0.5447
2012-04-11,0.5448,0.5467,0.5436,0.5436
2012-04-12,0.5437,0.5479,0.5437,0.5468
2012-04-13,0.5467,0.5468,0.5432,0.5432
2012-04-16,0.5432,0.5466,0.5405,0.5407
2012-04-17,0.5407,0.5437,0.5367,0.5367
2012-04-18,0.5374,0.54,0.5317,0.5317
2012-04-19,0.5317,0.5328,0.5289,0.5311
2012-04-20,0.5311,0.5354,0.5304,0.5345
2012-04-23,0.5334,0.5337,0.5297,0.531
2012-04-24,0.531,0.5325,0.531,0.531
2012-04-25,0.5316,0.5323,0.5296,0.5317
2012-04-26,0.5317,0.5317,0.5296,0.5296
2012-04-27,0.5296,0.5306,0.5296,0.5299
2012-04-30,0.5291,0.5299,0.5234,0.5234
2012-05-01,0.5234,0.5294,0.5234,0.5234
2012-05-02,0.5234,0.5244,0.5194,0.5194
2012-05-03,0.5195,0.5235,0.5175,0.5235
2012-05-04,0.5235,0.5237,0.5182,0.5182
2012-05-07,0.5195,0.5203,0.5176,0.5202
2012-05-08,0.5202,0.5202,0.5147,0.5147
2012-05-09,0.5147,0.5161,0.507,0.507
2012-05-10,0.507,0.5133,0.507,0.5113
2012-05-11,0.5113,0.5145,0.5079,0.5079
2012-05-14,0.5079,0.5116,0.4994,0.5021
2012-05-15,0.5003,0.5026,0.4993,0.4993
2012-05-16,0.4993,0.5027,0.4988,0.4989
2012-05-17,0.4989,0.5018,0.4972,0.4972
2012-05-18,0.4972,0.5004,0.4886,0.4935
2012-05-21,0.4935,0.4976,0.4886,0.4891
2012-05-22,0.4891,0.4896,0.4777,0.4777
2012-05-23,0.4777,0.4915,0.4769,0.4877
2012-05-24,0.4913,0.4932,0.4879,0.4923
2012-05-25,0.4923,0.5028,0.4912,0.5025
2012-05-28,0.5025,0.5059,0.5025,0.5037
2012-05-29,0.5037,0.504,0.498,0.5011
2012-05-30,0.5011,0.5012,0.4954,0.4954
2012-05-31,0.4954,0.4975,0.4938,0.4938
2012-06-01,0.4938,0.4941,0.4882,0.4896
2012-06-04,0.4896,0.4913,0.4852,0.4852
2012-06-05,0.4852,0.495,0.4852,0.4938
2012-06-06,0.4938,0.4955,0.4909,0.4909
2012-06-07,0.4909,0.4945,0.4908,0.4908
2012-06-08,0.4909,0.4937,0.4904,0.4937
2012-06-11,0.4935,0.4944,0.4836,0.4836
2012-06-12,0.4924,0.4924,0.4828,0.4828
2012-06-13,0.4828,0.4863,0.4819,0.4819
2012-06-14,0.4819,0.487,0.4819,0.4842
2012-06-15,0.4852,0.4901,0.4833,0.487
2012-06-18,0.487,0.4887,0.4842,0.4851
2012-06-19,0.4841,0.4927,0.4841,0.4923
2012-06-20,0.4923,0.4939,0.4917,0.493
2012-06-21,0.493,0.4933,0.4844,0.4844
2012-06-22,0.4844,0.4878,0.4833,0.4833
2012-06-25,0.4833,0.4844,0.482,0.4842
2012-06-26,0.4842,0.4848,0.481,0.481
2012-06-27,0.481,0.4824,0.4777,0.4812
2012-06-28,0.4812,0.4817,0.4772,0.4807
2012-06-29,0.4807,0.498,0.4787,0.497
2012-07-02,0.4966,0.5031,0.4966,0.5031
2012-07-03,0.5023,0.5044,0.4954,0.4954
2012-07-04,0.4954,0.4965,0.4919,0.4924
2012-07-05,0.4924,0.496,0.4914,0.4946
2012-07-06,0.4946,0.4946,0.4908,0.4924
2012-07-09,0.4924,0.4925,0.4907,0.4914
2012-07-10,0.4914,0.4919,0.4906,0.4911
2012-07-11,0.4911,0.4927,0.4909,0.4911
2012-07-12,0.4909,0.4909,0.4877,0.4898
2012-07-13,0.4898,0.4919,0.4897,0.49
2012-07-16,0.49,0.491,0.49,0.4905
2012-07-17,0.4905,0.4941,0.4905,0.494
2012-07-18,0.494,0.4947,0.4909,0.4938
2012-07-19,0.4936,0.4969,0.4936,0.4963
2012-07-20,0.4961,0.4965,0.4934,0.4934
2012-07-23,0.4934,0.4937,0.4895,0.4899
2012-07-24,0.4899,0.4903,0.4881,0.4895
2012-07-25,0.4895,0.4913,0.4885,0.4913
2012-07-26,0.4913,0.4942,0.4913,0.4941
2012-07-27,0.4941,0.4958,0.494,0.494
2012-07-30,0.494,0.495,0.4894,0.4894
2012-07-31,0.4893,0.4904,0.4856,0.4856
2012-08-01,0.4856,0.49,0.4856,0.4885
2012-08-02,0.4885,0.4906,0.4874,0.4874
2012-08-03,0.4872,0.4936,0.4872,0.4928
2012-08-06,0.4924,0.4932,0.4917,0.4917
2012-08-07,0.4917,0.4935,0.4917,0.4924
2012-08-08,0.4924,0.4945,0.492,0.4941
2012-08-09,0.4941,0.4961,0.4941,0.4961
2012-08-10,0.4953,0.4961,0.4951,0.4953
2012-08-13,0.4955,0.4958,0.4931,0.4931
2012-08-14,0.4931,0.4945,0.4929,0.4929
2012-08-15,0.4929,0.4944,0.4929,0.4937
2012-08-16,0.4937,0.4952,0.4937,0.495
2012-08-17,0.4949,0.4958,0.4946,0.4955
2012-08-20,0.4956,0.4956,0.4948,0.4948
2012-08-21,0.4951,0.4977,0.495,0.4953
2012-08-22,0.4953,0.4958,0.4949,0.4953
2012-08-23,0.4953,0.4954,0.494,0.4944
2012-08-24,0.4935,0.4945,0.4928,0.4928
2012-08-27,0.4928,0.4932,0.4911,0.4911
2012-08-28,0.4911,0.4922,0.4882,0.4886
2012-08-29,0.4888,0.4889,0.4872,0.4874
2012-08-30,0.4872,0.489,0.487,0.4876
2012-08-31,0.4876,0.4927,0.4871,0.4914
2012-09-03,0.4918,0.4926,0.4911,0.4911
2012-09-04,0.4911,0.492,0.489,0.489
2012-09-05,0.489,0.4917,0.489,0.4898
2012-09-06,0.4898,0.4925,0.4898,0.4925
2012-09-07,0.4925,0.4925,0.4909,0.4922
2012-09-10,0.4922,0.4941,0.4922,0.4938
2012-09-11,0.4934,0.4956,0.4934,0.4948
2012-09-12,0.4948,0.4954,0.493,0.493
2012-09-13,0.493,0.4949,0.493,0.4943
2012-09-14,0.4943,0.4972,0.4943,0.496
2012-09-17,0.4964,0.4965,0.4915,0.4915
2012-09-18,0.4915,0.4939,0.4915,0.4936
2012-09-19,0.4936,0.494,0.4933,0.4933
2012-09-20,0.4933,0.4941,0.4932,0.4941
2012-09-21,0.4941,0.4942,0.4933,0.4933
2012-09-24,0.4937,0.4939,0.4931,0.4931
2012-09-25,0.4931,0.4935,0.4918,0.4918
2012-09-26,0.4918,0.4918,0.4906,0.4906
2012-09-27,0.4906,0.4921,0.4906,0.4921
2012-09-28,0.4921,0.4929,0.492,0.4929
2012-10-01,0.4929,0.4935,0.4928,0.4928
2012-10-02,0.4928,0.4933,0.4928,0.493
2012-10-03,0.493,0.4941,0.493,0.4934
2012-10-04,0.4934,0.495,0.4934,0.4947
2012-10-05,0.4947,0.495,0.4918,0.4918
2012-10-08,0.4918,0.4947,0.4918,0.4921
2012-10-09,0.4921,0.4923,0.4907,0.4907
2012-10-10,0.4907,0.4919,0.4892,0.4892
2012-10-11,0.4892,0.4908,0.4889,0.4889
2012-10-12,0.4889,0.4891,0.4889,0.489
2012-10-15,0.489,0.4916,0.489,0.4906
2012-10-16,0.4906,0.4914,0.4906,0.491
2012-10-17,0.4908,0.492,0.4908,0.4917
2012-10-18,0.4917,0.4928,0.4917,0.4927
2012-10-19,0.4927,0.4929,0.4927,0.4927
2012-10-22,0.4925,0.4934,0.4925,0.4934
2012-10-23,0.4934,0.4934,0.493,0.493
2012-10-24,0.493,0.4933,0.493,0.493
2012-10-25,0.493,0.4932,0.493,0.4931
2012-10-26,0.4931,0.4932,0.4928,0.493
2012-10-29,0.4928,0.493,0.4899,0.4914
2012-10-30,0.4922,0.4922,0.4918,0.4918
2012-10-31,0.4918,0.4925,0.4918,0.4918
2012-11-01,0.4917,0.4919,0.4917,0.4919
2012-11-02,0.4917,0.4919,0.4917,0.4919
2012-11-05,0.4916,0.4919,0.4906,0.4906
2012-11-06,0.4907,0.4916,0.4907,0.4911
2012-11-07,0.4914,0.4917,0.4905,0.4905
2012-11-08,0.4907,0.4913,0.4894,0.4894
2012-11-09,0.4895,0.4905,0.4858,0.4881
2012-11-12,0.4868,0.4889,0.4868,0.4879
2012-11-13,0.4879,0.4879,0.4828,0.4847
2012-11-14,0.4849,0.4853,0.483,0.483
2012-11-15,0.483,0.4835,0.483,0.4832
2012-11-16,0.4832,0.4834,0.4808,0.4812
2012-11-19,0.4792,0.4823,0.4775,0.4804
2012-11-20,0.4805,0.4814,0.4797,0.4797
2012-11-21,0.48,0.4802,0.477,0.4773
2012-11-22,0.4773,0.4781,0.4743,0.4743
2012-11-23,0.4742,0.48,0.473,0.4784
2012-11-26,0.4798,0.4817,0.4783,0.4793
2012-11-27,0.4794,0.4821,0.4794,0.4808
2012-11-28,0.4797,0.481,0.4773,0.4773
2012-11-29,0.4789,0.4789,0.4751,0.4762
2012-11-30,0.4762,0.4766,0.4673,0.4673
2012-12-03,0.4673,0.4761,0.4673,0.4704
2012-12-04,0.4703,0.4751,0.4703,0.4711
2012-12-05,0.4711,0.4783,0.4711,0.4783
2012-12-06,0.4783,0.4809,0.4778,0.4808
2012-12-07,0.4808,0.482,0.4791,0.4813
2012-12-10,0.4812,0.4815,0.4802,0.4807
2012-12-11,0.4807,0.4818,0.4803,0.4803
2012-12-12,0.4803,0.4818,0.4801,0.4805
2012-12-13,0.4805,0.4821,0.479,0.479
2012-12-14,0.4789,0.4803,0.4789,0.4791
2012-12-17,0.4786,0.4792,0.4757,0.4757
2012-12-18,0.4757,0.4788,0.4746,0.4781
2012-12-19,0.4781,0.4828,0.4778,0.4821
2012-12-20,0.4821,0.4857,0.4821,0.4825
2012-12-21,0.4824,0.4827,0.4803,0.4803
2012-12-24,0.4803,0.4807,0.4789,0.4805
2012-12-25,0.4805,0.4807,0.4785,0.4785
2012-12-26,0.4785,0.4887,0.4785,0.4871
2012-12-27,0.4871,0.4893,0.4865,0.4887
2012-12-28,0.4887,0.4896,0.4877,0.4877
2012-12-31,0.4878,0.4885,0.4868,0.4868
2013-01-01,0.4868,0.4878,0.4865,0.4878
2013-01-02,0.4878,0.4906,0.4878,0.4889
2013-01-03,0.4889,0.491,0.4876,0.4876
2013-01-04,0.4902,0.4915,0.4881,0.4914
2013-01-07,0.4908,0.4935,0.4908,0.4924
2013-01-08,0.4924,0.4941,0.4892,0.4892
2013-01-09,0.4892,0.4915,0.4887,0.4902
2013-01-10,0.4902,0.4922,0.4895,0.4922
2013-01-11,0.4922,0.4923,0.4909,0.491
2013-01-14,0.491,0.4918,0.4907,0.4916
2013-01-15,0.4916,0.4917,0.4901,0.4901
2013-01-16,0.4901,0.491,0.4889,0.4889
2013-01-17,0.4889,0.4901,0.4889,0.4892
2013-01-18,0.4892,0.4901,0.4885,0.4885
2013-01-21,0.4896,0.4896,0.4895,0.4895
2013-01-22,0.4891,0.4895,0.4874,0.4874
2013-01-23,0.4874,0.4905,0.4874,0.4901
2013-01-24,0.4901,0.4926,0.4901,0.4919
2013-01-25,0.4919,0.4921,0.4919,0.4921
2013-01-28,0.4921,0.499,0.4898,0.499
2013-01-29,0.499,0.5034,0.499,0.5018
2013-01-30,0.5018,0.5037,0.5012,0.5023
2013-01-31,0.5023,0.5037,0.502,0.502
2013-02-01,0.502,0.5043,0.502,0.5042
2013-02-04,0.5042,0.5042,0.5016,0.5016
2013-02-05,0.5016,0.5039,0.5015,0.503
2013-02-06,0.503,0.5035,0.5023,0.5023
2013-02-07,0.5023,0.5083,0.5023,0.5078
2013-02-08,0.5078,0.5115,0.5051,0.5051
2013-02-11,0.5051,0.5074,0.5051,0.5063
2013-02-12,0.5063,0.5074,0.5063,0.5074
2013-02-13,0.5074,0.5085,0.5068,0.5085
2013-02-14,0.5079,0.5105,0.5079,0.5098
2013-02-15,0.5098,0.5121,0.5091,0.5092
2013-02-18,0.5092,0.5094,0.5068,0.5074
2013-02-19,0.5074,0.5112,0.5074,0.5107
2013-02-20,0.5107,0.5113,0.5087,0.5087
2013-02-21,0.5087,0.5094,0.5056,0.5056
2013-02-22,0.5071,0.5082,0.5063,0.5063
2013-02-25,0.5063,0.5084,0.5045,0.5045
2013-02-26,0.507,0.507,0.5024,0.5024
2013-02-27,0.5024,0.5062,0.5024,0.5062
2013-02-28,0.5042,0.5077,0.5042,0.5059
2013-03-01,0.5059,0.5059,0.5037,0.5038
2013-03-04,0.5038,0.5046,0.5038,0.5046
2013-03-05,0.5046,0.5087,0.5046,0.5086
2013-03-06,0.5071,0.5095,0.5071,0.5095
2013-03-07,0.5095,0.5098,0.5073,0.5073
2013-03-08,0.5073,0.5127,0.5073,0.5127
2013-03-11,0.5127,0.5136,0.5099,0.5104
2013-03-12,0.5131,0.5131,0.5089,0.5089
2013-03-13,0.5089,0.5094,0.5068,0.5093
2013-03-14,0.5093,0.5094,0.5067,0.5074
2013-03-15,0.5074,0.5076,0.5053,0.5067
2013-03-18,0.5067,0.5067,0.5031,0.504
2013-03-19,0.504,0.5052,0.503,0.503
2013-03-20,0.503,0.5053,0.5025,0.5027
2013-03-21,0.5027,0.5027,0.4973,0.4973
2013-03-22,0.4973,0.5015,0.4957,0.4971
2013-03-25,0.4971,0.4979,0.4962,0.4973
2013-03-26,0.4973,0.4983,0.4962,0.4983
2013-03-27,0.4983,0.4983,0.4943,0.4944
2013-03-28,0.4944,0.4979,0.4944,0.4948
2013-03-29,0.4948,0.4948,0.4936,0.4936
2013-04-02,0.4941,0.4955,0.4938,0.4938
2013-04-03,0.4938,0.4952,0.4926,0.4926
2013-04-04,0.4935,0.4968,0.4935,0.495
2013-04-05,0.495,0.5032,0.495,0.5031
2013-04-08,0.4966,0.5048,0.4966,0.5015
2013-04-09,0.5015,0.5047,0.4993,0.5045
2013-04-10,0.5045,0.5065,0.5018,0.506
2013-04-11,0.506,0.5078,0.5043,0.5054
2013-04-12,0.5054,0.5089,0.5054,0.5072
2013-04-15,0.5084,0.5084,0.4983,0.4992
2013-04-16,0.4992,0.5038,0.4992,0.5027
2013-04-17,0.5027,0.5033,0.499,0.4991
2013-04-18,0.4991,0.4994,0.4949,0.4949
2013-04-19,0.4949,0.4988,0.4943,0.4979
2013-04-22,0.4979,0.4979,0.4953,0.4955
2013-04-23,0.4955,0.4961,0.4932,0.4932
2013-04-24,0.4932,0.4969,0.4932,0.4968
2013-04-25,0.4938,0.4992,0.4938,0.4975
2013-04-26,0.4975,0.5004,0.4975,0.4998
2013-04-29,0.4986,0.5017,0.4983,0.4983
2013-04-30,0.4983,0.5005,0.4968,0.4991
2013-05-01,0.4991,0.4994,0.4984,0.4984
2013-05-02,0.4994,0.4994,0.4962,0.4962
2013-05-03,0.4968,0.4982,0.4962,0.4962
2013-05-06,0.4962,0.4993,0.4954,0.4961
2013-05-07,0.4961,0.4992,0.4961,0.4975
2013-05-08,0.4973,0.4999,0.4968,0.4992
2013-05-09,0.4986,0.5001,0.4955,0.498
2013-05-10,0.498,0.498,0.4935,0.4959
2013-05-13,0.4959,0.4978,0.4922,0.4965
2013-05-14,0.4965,0.4987,0.4944,0.4944
2013-05-15,0.498,0.498,0.4923,0.4923
2013-05-16,0.4923,0.4941,0.492,0.4931
2013-05-17,0.4931,0.4933,0.4903,0.4903
2013-05-20,0.4931,0.4931,0.4901,0.4901
2013-05-21,0.4913,0.4913,0.4892,0.4903
2013-05-22,0.4903,0.4914,0.4882,0.4884
2013-05-23,0.4884,0.489,0.487,0.4879
2013-05-24,0.4879,0.4886,0.4871,0.4877
2013-05-27,0.4874,0.4877,0.4866,0.4873
2013-05-28,0.4873,0.4874,0.4812,0.4812
2013-05-29,0.4819,0.4823,0.4734,0.4737
2013-05-30,0.4737,0.4802,0.4733,0.4733
2013-05-31,0.4726,0.4746,0.4656,0.4674
2013-06-03,0.4674,0.47,0.4667,0.4694
2013-06-04,0.4694,0.4731,0.466,0.4679
2013-06-05,0.4679,0.4772,0.4669,0.4683
2013-06-06,0.4679,0.4721,0.4679,0.47
2013-06-07,0.47,0.4701,0.4656,0.4673
2013-06-10,0.4673,0.4679,0.4638,0.4653
2013-06-11,0.4653,0.4686,0.4628,0.4653
2013-06-12,0.4653,0.4699,0.464,0.4649
2013-06-13,0.4649,0.4712,0.4644,0.4661
2013-06-14,0.4683,0.4718,0.4657,0.467
2013-06-17,0.467,0.467,0.4602,0.4624
2013-06-18,0.4624,0.4624,0.4581,0.4581
2013-06-19,0.4581,0.462,0.4482,0.4485
2013-06-20,0.4485,0.4515,0.4425,0.4458
2013-06-21,0.4458,0.4462,0.4409,0.4449
2013-06-24,0.4402,0.4495,0.4402,0.4482
2013-06-25,0.4482,0.4524,0.4482,0.4514
2013-06-26,0.4514,0.4572,0.451,0.4565
2013-06-27,0.4565,0.4589,0.4555,0.4575
2013-06-28,0.4575,0.4575,0.4483,0.4494
2013-07-01,0.4494,0.4506,0.4476,0.4487
2013-07-02,0.4487,0.4489,0.4443,0.4458
2013-07-03,0.4458,0.4458,0.4407,0.4407
2013-07-04,0.4407,0.444,0.4405,0.4422
2013-07-05,0.4425,0.4449,0.4413,0.4434
2013-07-08,0.4404,0.4442,0.4404,0.4425
2013-07-09,0.4425,0.4427,0.442,0.4425
2013-07-10,0.4425,0.443,0.4391,0.44
2013-07-11,0.44,0.4433,0.44,0.4401
2013-07-12,0.4401,0.4418,0.4401,0.4401
2013-07-15,0.44,0.45,0.44,0.4484
2013-07-16,0.4484,0.4518,0.4435,0.4436
2013-07-17,0.445,0.4491,0.4422,0.4473
2013-07-18,0.4473,0.45,0.4435,0.4488
2013-07-19,0.4488,0.4497,0.4453,0.4468
2013-07-22,0.4468,0.4481,0.4452,0.4452
2013-07-23,0.4452,0.4518,0.4452,0.4505
2013-07-24,0.4505,0.4506,0.4436,0.4475
2013-07-25,0.4475,0.4475,0.4417,0.4417
2013-07-26,0.4417,0.4457,0.4417,0.4434
2013-07-29,0.4433,0.4436,0.441,0.4415
2013-07-30,0.4415,0.4415,0.4383,0.4383
2013-07-31,0.4391,0.4392,0.4355,0.4387
2013-08-01,0.4387,0.4401,0.4345,0.4345
2013-08-02,0.4345,0.4385,0.4332,0.4379
2013-08-05,0.4381,0.4382,0.4334,0.4334
2013-08-06,0.4334,0.4364,0.4334,0.4346
2013-08-07,0.4346,0.4353,0.4324,0.4332
2013-08-08,0.4332,0.4389,0.4332,0.4378
2013-08-09,0.4378,0.4406,0.4317,0.4403
2013-08-12,0.4383,0.4411,0.4363,0.4363
2013-08-13,0.4363,0.4404,0.4318,0.4318
2013-08-14,0.4317,0.4333,0.4296,0.4296
2013-08-15,0.4296,0.4328,0.4258,0.4269
2013-08-16,0.4266,0.4267,0.4178,0.418
2013-08-19,0.418,0.4185,0.4129,0.4129
2013-08-20,0.4158,0.4185,0.4138,0.4167
2013-08-21,0.4167,0.4171,0.4081,0.4084
2013-08-22,0.4084,0.4125,0.4081,0.4099
2013-08-23,0.4099,0.4254,0.4099,0.4234
2013-08-26,0.4234,0.4252,0.4185,0.4192
2013-08-27,0.4192,0.422,0.4149,0.4213
2013-08-28,0.4213,0.4298,0.4189,0.4256
2013-08-29,0.4286,0.4286,0.4206,0.4226
2013-08-30,0.4209,0.4255,0.4183,0.4184
2013-09-02,0.4184,0.4239,0.4184,0.421
2013-09-03,0.4212,0.4241,0.4168,0.4219
2013-09-04,0.4219,0.426,0.4217,0.4231
2013-09-05,0.4231,0.431,0.4221,0.4297
2013-09-06,0.4299,0.4369,0.4299,0.4347
2013-09-09,0.4345,0.4392,0.4341,0.4387
2013-09-10,0.4387,0.4413,0.4366,0.437
2013-09-11,0.437,0.4403,0.4342,0.4402
2013-09-12,0.4391,0.44,0.4377,0.4386
2013-09-13,0.4389,0.4398,0.4377,0.4377
2013-09-16,0.4378,0.4438,0.4378,0.4381
2013-09-17,0.4381,0.443,0.438,0.4421
2013-09-18,0.4421,0.4574,0.4421,0.4574
2013-09-19,0.4574,0.4574,0.4519,0.4535
2013-09-20,0.4535,0.4551,0.4507,0.4519
2013-09-23,0.4511,0.4548,0.4498,0.4541
2013-09-24,0.4539,0.4561,0.4528,0.4557
2013-09-25,0.4557,0.4559,0.4483,0.4486
2013-09-26,0.4491,0.4507,0.4456,0.4456
2013-09-27,0.445,0.4453,0.4424,0.4435
2013-09-30,0.4435,0.4513,0.442,0.4505
2013-10-01,0.4505,0.4544,0.4488,0.4488
2013-10-02,0.4488,0.4555,0.4488,0.4539
2013-10-03,0.4541,0.4556,0.4524,0.4524
2013-10-04,0.4524,0.4544,0.4515,0.4515
2013-10-07,0.4525,0.4535,0.4506,0.4506
2013-10-08,0.4506,0.455,0.4506,0.4532
2013-10-09,0.4532,0.4539,0.4523,0.4524
2013-10-10,0.4524,0.4604,0.4524,0.4581
2013-10-11,0.4581,0.4593,0.4577,0.458
2013-10-14,0.4584,0.4612,0.4566,0.4579
2013-10-15,0.4581,0.459,0.4577,0.4584
2013-10-16,0.4584,0.4634,0.4581,0.4628
2013-10-17,0.4601,0.4642,0.4582,0.4632
2013-10-18,0.4632,0.465,0.4596,0.4596
2013-10-21,0.4596,0.4608,0.4589,0.4595
2013-10-22,0.4595,0.4611,0.4573,0.4604
2013-10-23,0.4604,0.4611,0.457,0.4571
2013-10-24,0.4569,0.4572,0.4534,0.4534
2013-10-25,0.4534,0.4582,0.4534,0.4565
2013-10-28,0.4565,0.4584,0.4565,0.4576
2013-10-29,0.4576,0.459,0.4576,0.4583
2013-10-30,0.4583,0.4586,0.4559,0.4574
2013-10-31,0.4573,0.4574,0.4468,0.4493
2013-11-01,0.4493,0.4493,0.4426,0.4426
2013-11-04,0.4426,0.4463,0.4426,0.445
2013-11-05,0.445,0.4452,0.4355,0.4355
2013-11-06,0.4355,0.4401,0.4355,0.4387
2013-11-07,0.4387,0.4396,0.4333,0.435
2013-11-08,0.435,0.4352,0.4273,0.4297
2013-11-11,0.4297,0.4334,0.4275,0.4278
2013-11-12,0.4285,0.4295,0.4265,0.4283
2013-11-13,0.4283,0.4304,0.4271,0.4271
2013-11-14,0.4271,0.4316,0.4271,0.4284
2013-11-15,0.4284,0.4329,0.4284,0.431
2013-11-18,0.431,0.4413,0.431,0.4401
2013-11-19,0.4401,0.4433,0.4391,0.4403
2013-11-20,0.4408,0.4408,0.4385,0.4397
2013-11-21,0.4397,0.4402,0.4324,0.4325
2013-11-22,0.4325,0.4384,0.4322,0.437
2013-11-25,0.437,0.4384,0.4362,0.4362
2013-11-26,0.4374,0.4374,0.434,0.4347
2013-11-27,0.4347,0.4353,0.4296,0.4312
2013-11-28,0.4312,0.4322,0.4287,0.4287
2013-11-29,0.4287,0.4319,0.4279,0.4279
2013-12-02,0.4279,0.4279,0.424,0.424
2013-12-03,0.424,0.4249,0.4204,0.4204
2013-12-04,0.4204,0.4225,0.4187,0.4189
2013-12-05,0.4189,0.4242,0.418,0.4227
2013-12-06,0.4227,0.4297,0.4221,0.4293
2013-12-09,0.4266,0.4313,0.4266,0.4303
2013-12-10,0.4303,0.4331,0.4303,0.4328
2013-12-11,0.4328,0.4331,0.4275,0.428
2013-12-12,0.428,0.4293,0.4261,0.4279
2013-12-13,0.4279,0.4289,0.4276,0.4276
2013-12-16,0.4278,0.4321,0.4278,0.4292
2013-12-17,0.4292,0.4313,0.4288,0.4302
2013-12-18,0.4302,0.4309,0.4259,0.4259
2013-12-19,0.4259,0.4284,0.4241,0.4245
2013-12-20,0.4246,0.4246,0.4192,0.42
2013-12-23,0.42,0.4238,0.4192,0.4221
2013-12-24,0.4221,0.4238,0.4221,0.4237
2013-12-25,0.4237,0.4238,0.4237,0.4237
2013-12-26,0.4237,0.4256,0.4237,0.4248
2013-12-27,0.4248,0.4275,0.4245,0.4269
2013-12-30,0.4269,0.4292,0.4235,0.4236
2013-12-31,0.4236,0.4236,0.4228,0.4228
2014-01-01,0.4228,0.4228,0.4228,0.4228
2014-01-02,0.4228,0.4228,0.416,0.4185
2014-01-03,0.4185,0.4215,0.4182,0.419
2014-01-06,0.419,0.421,0.419,0.4201
2014-01-07,0.4201,0.4239,0.4201,0.4211
2014-01-08,0.4211,0.4216,0.4178,0.4181
2014-01-09,0.4181,0.4181,0.4157,0.4157
2014-01-10,0.4157,0.4236,0.4157,0.4234
2014-01-13,0.4234,0.4269,0.42,0.4248
2014-01-14,0.4256,0.4256,0.4228,0.4241
2014-01-15,0.4241,0.4265,0.4236,0.4236
2014-01-16,0.4236,0.4256,0.4212,0.4226
2014-01-17,0.422,0.4264,0.422,0.425
2014-01-20,0.425,0.4287,0.425,0.4269
2014-01-21,0.4279,0.4279,0.4229,0.4236
2014-01-22,0.4236,0.4241,0.4208,0.4208
2014-01-23,0.4208,0.4212,0.4163,0.4168
2014-01-24,0.4168,0.4174,0.4132,0.416
2014-01-27,0.416,0.4175,0.4123,0.4123
2014-01-28,0.4123,0.4155,0.4113,0.4113
2014-01-29,0.4113,0.4119,0.4089,0.4091
2014-01-30,0.4091,0.4145,0.4091,0.414
2014-01-31,0.414,0.4146,0.411,0.4144
2014-02-03,0.4142,0.4159,0.41,0.41
2014-02-04,0.41,0.4152,0.4095,0.4145
2014-02-05,0.4145,0.4173,0.4141,0.4164
2014-02-06,0.4164,0.4196,0.4151,0.4187
2014-02-07,0.419,0.4211,0.4173,0.4195
2014-02-10,0.4195,0.4195,0.4153,0.4153
2014-02-11,0.4153,0.4162,0.4143,0.4159
2014-02-12,0.416,0.416,0.4127,0.4147
2014-02-13,0.4147,0.4174,0.4116,0.4156
2014-02-14,0.4156,0.4192,0.4156,0.4171
2014-02-17,0.4171,0.4195,0.4171,0.4181
2014-02-18,0.4181,0.4188,0.417,0.4178
2014-02-19,0.4177,0.4186,0.4152,0.4185
2014-02-20,0.4168,0.4224,0.4168,0.4208
2014-02-21,0.4209,0.4256,0.4209,0.4241
2014-02-24,0.4241,0.4287,0.4241,0.427
2014-02-25,0.427,0.4286,0.4267,0.4267
2014-02-26,0.4273,0.4279,0.4248,0.4249
2014-02-27,0.4249,0.4308,0.4244,0.43
2014-02-28,0.43,0.4315,0.426,0.426
2014-03-03,0.426,0.4279,0.4253,0.4253
2014-03-04,0.4253,0.4272,0.4253,0.4266
2014-03-05,0.4266,0.4313,0.4266,0.4308
2014-03-06,0.4308,0.4338,0.4306,0.4326
2014-03-07,0.4326,0.4326,0.4259,0.4259
2014-03-10,0.4267,0.4288,0.4251,0.426
2014-03-11,0.426,0.4268,0.4238,0.4252
2014-03-12,0.4252,0.4255,0.4211,0.4219
2014-03-13,0.4219,0.4266,0.4219,0.423
2014-03-14,0.423,0.4257,0.4216,0.4244
2014-03-17,0.4217,0.4262,0.4217,0.4252
2014-03-18,0.4252,0.4276,0.4245,0.4271
2014-03-19,0.4262,0.4293,0.4257,0.4257
2014-03-20,0.428,0.4299,0.425,0.4296
2014-03-21,0.4296,0.4309,0.4294,0.4298
2014-03-24,0.4298,0.431,0.429,0.4299
2014-03-25,0.4303,0.4342,0.4286,0.4337
2014-03-26,0.4337,0.4354,0.4315,0.432
2014-03-27,0.432,0.442,0.432,0.4406
2014-03-28,0.4406,0.4438,0.4406,0.4411
2014-03-31,0.4422,0.4436,0.4402,0.4426
2014-04-01,0.4407,0.4427,0.4401,0.4423
2014-04-02,0.4423,0.4441,0.44,0.44
2014-04-03,0.44,0.441,0.4375,0.4375
2014-04-04,0.4383,0.4463,0.4381,0.4458
2014-04-07,0.4458,0.4514,0.4452,0.4491
2014-04-08,0.4491,0.4554,0.4491,0.455
2014-04-09,0.455,0.4556,0.4513,0.4543
2014-04-10,0.4543,0.4572,0.4538,0.4561
2014-04-11,0.4561,0.4562,0.4506,0.4516
2014-04-14,0.4516,0.4526,0.4509,0.4512
2014-04-15,0.4512,0.4514,0.4466,0.4466
2014-04-16,0.4466,0.4489,0.4462,0.4464
2014-04-17,0.4457,0.4472,0.4434,0.4434
2014-04-18,0.4434,0.4465,0.4434,0.4463
2014-04-21,0.4463,0.4465,0.4463,0.4465
2014-04-22,0.4465,0.4467,0.4448,0.4448
2014-04-23,0.4448,0.4495,0.4448,0.4482
2014-04-24,0.4482,0.4511,0.4482,0.4489
2014-04-25,0.4489,0.4517,0.4455,0.4455
2014-04-28,0.4461,0.4496,0.4458,0.4475
2014-04-29,0.4496,0.4524,0.4476,0.4492
2014-04-30,0.4492,0.4492,0.4462,0.4462
2014-05-01,0.4462,0.4482,0.4462,0.447
2014-05-02,0.447,0.4509,0.447,0.4491
2014-05-05,0.4491,0.45,0.4453,0.4453
2014-05-06,0.449,0.4491,0.4459,0.4468
2014-05-07,0.4468,0.4504,0.4468,0.4478
2014-05-08,0.4478,0.4538,0.4478,0.451
2014-05-09,0.4532,0.4532,0.4504,0.4514
2014-05-12,0.4506,0.4517,0.4484,0.4505
2014-05-13,0.4505,0.4526,0.4505,0.4509
2014-05-14,0.4509,0.4538,0.4503,0.4504
2014-05-15,0.4535,0.4536,0.4492,0.4492
2014-05-16,0.4502,0.4522,0.4502,0.4519
2014-05-19,0.4519,0.4533,0.4506,0.4508
2014-05-20,0.4508,0.4529,0.4508,0.4517
2014-05-21,0.4508,0.4529,0.4508,0.4523
2014-05-22,0.4524,0.4532,0.4507,0.4507
2014-05-23,0.4508,0.4512,0.4495,0.4495
2014-05-26,0.4495,0.4504,0.4495,0.4499
2014-05-27,0.4491,0.4499,0.4461,0.4461
2014-05-28,0.4464,0.4474,0.4455,0.4463
2014-05-29,0.4473,0.4506,0.4473,0.4493
2014-05-30,0.4487,0.449,0.4456,0.4464
2014-06-02,0.4464,0.4464,0.4394,0.4394
2014-06-03,0.4394,0.4423,0.4382,0.4382
2014-06-04,0.4382,0.4399,0.437,0.4384
2014-06-05,0.4384,0.442,0.4381,0.4409
2014-06-06,0.4417,0.4459,0.4406,0.4445
2014-06-09,0.4445,0.4489,0.4442,0.448
2014-06-10,0.4478,0.4494,0.4477,0.4479
2014-06-11,0.4495,0.4495,0.4471,0.4471
2014-06-12,0.4472,0.448,0.4458,0.4475
2014-06-13,0.4478,0.449,0.4458,0.4484
2014-06-16,0.4484,0.4495,0.4474,0.4475
2014-06-17,0.4468,0.4475,0.4416,0.4416
2014-06-18,0.4416,0.4485,0.4405,0.448
2014-06-19,0.4492,0.4494,0.4473,0.4493
2014-06-20,0.4493,0.4494,0.4467,0.4472
2014-06-23,0.4472,0.4507,0.4472,0.4497
2014-06-24,0.4503,0.4506,0.4497,0.4497
2014-06-25,0.449,0.454,0.449,0.4531
2014-06-26,0.4524,0.4555,0.4514,0.4523
2014-06-27,0.4546,0.4555,0.4532,0.4532
2014-06-30,0.4532,0.4554,0.452,0.453
2014-07-01,0.453,0.454,0.4502,0.4528
2014-07-02,0.4528,0.4537,0.4498,0.4498
2014-07-03,0.4486,0.4517,0.4465,0.4505
2014-07-04,0.4518,0.4528,0.4499,0.4505
2014-07-07,0.4513,0.4528,0.45,0.45
2014-07-08,0.4488,0.4518,0.4488,0.4515
2014-07-09,0.4514,0.4515,0.4507,0.4514
2014-07-10,0.4514,0.4515,0.4491,0.4491
2014-07-11,0.4495,0.4501,0.4495,0.4497
2014-07-14,0.4497,0.4518,0.4494,0.4496
2014-07-15,0.4519,0.4519,0.4498,0.4507
2014-07-16,0.4502,0.4511,0.4493,0.4493
2014-07-17,0.4492,0.4515,0.4421,0.4427
2014-07-18,0.4422,0.4486,0.442,0.4464
2014-07-21,0.4464,0.4502,0.4464,0.4498
2014-07-22,0.4497,0.4523,0.4484,0.4511
2014-07-23,0.4514,0.4517,0.4497,0.4497
2014-07-24,0.4501,0.451,0.4487,0.4501
2014-07-25,0.4498,0.4503,0.4477,0.4477
2014-07-28,0.4477,0.4515,0.4477,0.448
2014-07-29,0.4494,0.4496,0.4478,0.4478
2014-07-30,0.4478,0.4483,0.4433,0.4471
2014-07-31,0.4443,0.4471,0.4404,0.4408
2014-08-01,0.4412,0.4435,0.4387,0.4407
2014-08-04,0.4407,0.4438,0.4407,0.4413
2014-08-05,0.4421,0.4422,0.4379,0.4389
2014-08-06,0.4377,0.4398,0.4361,0.4386
2014-08-07,0.4386,0.4393,0.4357,0.4387
2014-08-08,0.4348,0.4377,0.4341,0.4376
2014-08-11,0.4376,0.4398,0.4357,0.4385
2014-08-12,0.4389,0.4396,0.4376,0.4376
2014-08-13,0.4383,0.4412,0.4378,0.4378
2014-08-14,0.4376,0.441,0.4376,0.4405
2014-08-15,0.4406,0.4419,0.44,0.4416
2014-08-18,0.4419,0.4428,0.4417,0.4417
2014-08-19,0.4423,0.4445,0.4416,0.4425
2014-08-20,0.4445,0.4446,0.4415,0.4425
2014-08-21,0.4415,0.4434,0.4411,0.4431
2014-08-22,0.44,0.4431,0.4383,0.4387
2014-08-25,0.4387,0.4389,0.4372,0.4379
2014-08-26,0.4368,0.4416,0.4368,0.4414
2014-08-27,0.4416,0.445,0.4416,0.4429
2014-08-28,0.4429,0.4463,0.4407,0.4459
2014-08-29,0.4458,0.4479,0.4444,0.4466
2014-09-01,0.4466,0.4471,0.4395,0.4463
2014-09-02,0.4446,0.4463,0.4438,0.4448
2014-09-03,0.4452,0.4484,0.4452,0.4471
2014-09-04,0.4465,0.4482,0.4459,0.4465
2014-09-05,0.4453,0.4467,0.445,0.4451
2014-09-08,0.4451,0.4465,0.4408,0.4418
2014-09-09,0.4404,0.4418,0.4373,0.4384
2014-09-10,0.4384,0.4384,0.4351,0.4351
2014-09-11,0.4364,0.4375,0.4344,0.4355
2014-09-12,0.4346,0.4355,0.4269,0.4278
2014-09-15,0.4269,0.4284,0.4247,0.4275
2014-09-16,0.4263,0.4305,0.4254,0.4271
2014-09-17,0.4273,0.4289,0.4236,0.4239
2014-09-18,0.4233,0.4256,0.421,0.421
2014-09-19,0.422,0.4244,0.4199,0.4218
2014-09-22,0.4218,0.4227,0.4164,0.4164
2014-09-23,0.4163,0.4179,0.4141,0.4141
2014-09-24,0.414,0.4194,0.4134,0.4161
2014-09-25,0.4191,0.4192,0.4116,0.4123
2014-09-26,0.4112,0.4143,0.4101,0.4127
2014-09-29,0.4127,0.4136,0.4042,0.4082
2014-09-30,0.4082,0.4093,0.4064,0.4068
2014-10-01,0.4094,0.4095,0.402,0.402
2014-10-02,0.4022,0.4043,0.4004,0.4007
2014-10-03,0.4001,0.4063,0.3961,0.4061
2014-10-06,0.4061,0.4189,0.4061,0.4107
2014-10-07,0.4111,0.4178,0.41,0.4162
2014-10-08,0.4166,0.4207,0.4121,0.4202
2014-10-09,0.4201,0.4222,0.4168,0.4173
2014-10-10,0.4173,0.4173,0.4109,0.4109
2014-10-13,0.4109,0.4194,0.4109,0.4177
2014-10-14,0.4171,0.4185,0.414,0.4168
2014-10-15,0.4161,0.4168,0.4067,0.4071
2014-10-16,0.4066,0.4071,0.4006,0.4033
2014-10-17,0.4044,0.411,0.4043,0.4099
2014-10-20,0.4099,0.4101,0.4023,0.4067
2014-10-21,0.4067,0.4067,0.4009,0.4037
2014-10-22,0.4024,0.4046,0.4018,0.4026
2014-10-23,0.4013,0.4026,0.3981,0.3991
2014-10-24,0.3995,0.4078,0.3995,0.4036
2014-10-27,0.4053,0.4111,0.392,0.3962
2014-10-28,0.3962,0.4055,0.3962,0.4041
2014-10-29,0.4057,0.4118,0.4051,0.4051
2014-10-30,0.4058,0.417,0.4058,0.4166
2014-10-31,0.4151,0.4166,0.4029,0.4029
2014-11-03,0.403,0.4059,0.3981,0.3995
2014-11-04,0.4,0.4007,0.3958,0.3962
2014-11-05,0.3962,0.4001,0.3962,0.3977
2014-11-06,0.3985,0.3989,0.3889,0.391
2014-11-07,0.3886,0.3914,0.3867,0.3894
2014-11-10,0.3894,0.3941,0.3894,0.3912
2014-11-11,0.3911,0.3933,0.3894,0.3894
2014-11-12,0.3904,0.3936,0.3902,0.392
2014-11-13,0.389,0.3896,0.3847,0.3849
2014-11-14,0.3848,0.3863,0.3809,0.3832
2014-11-17,0.3832,0.3868,0.3824,0.3846
2014-11-18,0.3829,0.3866,0.3829,0.3844
2014-11-19,0.3866,0.3887,0.3854,0.3865
2014-11-20,0.3882,0.3914,0.3875,0.3882
2014-11-21,0.3882,0.3975,0.3882,0.396
2014-11-24,0.3971,0.3987,0.392,0.392
2014-11-25,0.392,0.3962,0.392,0.3955
2014-11-26,0.3946,0.3999,0.3943,0.3995
2014-11-27,0.3993,0.3995,0.395,0.395
2014-11-28,0.3947,0.3992,0.3878,0.3878
2014-12-01,0.3891,0.3922,0.3884,0.3913
2014-12-02,0.39,0.3913,0.388,0.388
2014-12-03,0.3887,0.3918,0.3874,0.3908
2014-12-04,0.3911,0.3913,0.3865,0.3865
2014-12-05,0.3853,0.3878,0.3838,0.3838
2014-12-08,0.3856,0.3863,0.3823,0.3823
2014-12-09,0.384,0.3858,0.3832,0.3855
2014-12-10,0.3855,0.3858,0.3825,0.3825
2014-12-11,0.3815,0.3825,0.3773,0.3773
2014-12-12,0.3773,0.3777,0.3742,0.376
2014-12-15,0.3761,0.3764,0.371,0.3734
2014-12-16,0.3705,0.3716,0.3627,0.3627
2014-12-17,0.3647,0.3737,0.3637,0.3678
2014-12-18,0.3676,0.3774,0.3676,0.3757
2014-12-19,0.375,0.3779,0.375,0.3754
2014-12-22,0.3754,0.3774,0.3751,0.3751
2014-12-23,0.3747,0.3761,0.3689,0.3689
2014-12-24,0.3705,0.3707,0.3699,0.3704
2014-12-25,0.3704,0.3704,0.3704,0.3704
2014-12-26,0.3704,0.3736,0.3704,0.3726
2014-12-29,0.3741,0.3747,0.3692,0.3694
2014-12-30,0.3694,0.3776,0.3694,0.376
2014-12-31,0.3757,0.3773,0.3757,0.3757
2015-01-01,0.3757,0.3761,0.3757,0.3757
2015-01-02,0.3757,0.3761,0.3698,0.3705
2015-01-05,0.3705,0.3708,0.3667,0.3689
2015-01-06,0.3689,0.3708,0.3677,0.3701
2015-01-07,0.3698,0.3732,0.3698,0.3721
2015-01-08,0.3721,0.375,0.3705,0.3737
2015-01-09,0.3749,0.3794,0.3743,0.3771
2015-01-12,0.3797,0.3797,0.3744,0.3745
2015-01-13,0.3735,0.3799,0.3735,0.3779
2015-01-14,0.3778,0.383,0.3778,0.381
2015-01-15,0.3818,0.3841,0.3786,0.3791
2015-01-16,0.3778,0.3815,0.3778,0.3808
2015-01-19,0.381,0.3812,0.376,0.3765
2015-01-20,0.3765,0.3828,0.3765,0.3821
2015-01-21,0.3819,0.3858,0.3819,0.3843
2015-01-22,0.384,0.3907,0.384,0.388
2015-01-23,0.3878,0.3884,0.3853,0.3866
2015-01-26,0.3866,0.3872,0.3839,0.3839
2015-01-27,0.3865,0.389,0.3849,0.3882
2015-01-28,0.3882,0.3886,0.3865,0.3876
2015-01-29,0.3876,0.3878,0.3824,0.3824
2015-01-30,0.3824,0.3836,0.3712,0.3712
2015-02-02,0.3722,0.3744,0.367,0.3679
2015-02-03,0.3661,0.371,0.3661,0.3695
2015-02-04,0.3706,0.3709,0.3635,0.3635
2015-02-05,0.3642,0.3664,0.3629,0.3652
2015-02-06,0.3637,0.3652,0.3596,0.3596
2015-02-09,0.3588,0.36,0.3584,0.3589
2015-02-10,0.3604,0.3606,0.3522,0.3522
2015-02-11,0.3523,0.3534,0.3476,0.349
2015-02-12,0.348,0.3541,0.3477,0.354
2015-02-13,0.3539,0.3544,0.3507,0.3524
2015-02-16,0.3521,0.3535,0.3521,0.3524
2015-02-17,0.3521,0.3529,0.3521,0.3529
2015-02-18,0.3528,0.3529,0.3515,0.3529
2015-02-19,0.3518,0.3529,0.3491,0.3498
2015-02-20,0.3483,0.3498,0.3473,0.3473
2015-02-23,0.3481,0.3485,0.3453,0.3467
2015-02-24,0.3468,0.3531,0.3468,0.3525
2015-02-25,0.3525,0.3525,0.3472,0.3497
2015-02-26,0.3497,0.3514,0.3433,0.3433
2015-02-27,0.3433,0.3515,0.3433,0.3496
2015-03-02,0.3516,0.3517,0.3457,0.3466
2015-03-03,0.3447,0.3466,0.3402,0.3402
2015-03-04,0.3406,0.3428,0.3334,0.3334
2015-03-05,0.3353,0.3356,0.3317,0.3327
2015-03-06,0.3323,0.3341,0.3261,0.3261
2015-03-09,0.326,0.327,0.3199,0.3203
2015-03-10,0.32,0.3229,0.316,0.3216
2015-03-11,0.3216,0.3233,0.3192,0.32
2015-03-12,0.32,0.3244,0.3158,0.3161
2015-03-13,0.3151,0.3161,0.3063,0.3071
2015-03-16,0.3072,0.311,0.307,0.3101
2015-03-17,0.3077,0.3092,0.3052,0.3073
2015-03-18,0.3076,0.3124,0.3057,0.3106
2015-03-19,0.3106,0.3106,0.303,0.3042
2015-03-20,0.3034,0.3113,0.3021,0.3101
2015-03-23,0.3101,0.3184,0.3096,0.3184
2015-03-24,0.3187,0.3226,0.3163,0.3187
2015-03-25,0.3179,0.3199,0.3126,0.313
2015-03-26,0.3118,0.314,0.3112,0.3126
2015-03-27,0.3135,0.3137,0.3081,0.3084
2015-03-30,0.3084,0.3109,0.305,0.3104
2015-03-31,0.309,0.314,0.3067,0.3123
2015-04-01,0.3126,0.3174,0.3125,0.3138
2015-04-02,0.3152,0.3198,0.3135,0.3192
2015-04-03,0.3198,0.3203,0.318,0.3198
2015-04-06,0.3199,0.3234,0.3177,0.3195
2015-04-07,0.3193,0.3209,0.3184,0.3186
2015-04-08,0.319,0.3276,0.319,0.3267
2015-04-09,0.3272,0.3299,0.3258,0.3266
2015-04-10,0.3264,0.3266,0.3239,0.3245
2015-04-13,0.3238,0.3247,0.3201,0.3201
2015-04-14,0.3195,0.3265,0.3195,0.3258
2015-04-15,0.3256,0.3296,0.324,0.3283
2015-04-16,0.3295,0.3325,0.3291,0.3304
2015-04-17,0.3303,0.3319,0.3264,0.3282
2015-04-20,0.3254,0.3301,0.3254,0.3296
2015-04-21,0.3291,0.3298,0.3289,0.3295
2015-04-22,0.329,0.3331,0.3289,0.332
2015-04-23,0.3314,0.3356,0.3304,0.3345
2015-04-24,0.3357,0.3383,0.3354,0.3376
2015-04-27,0.3376,0.3441,0.3376,0.3427
2015-04-28,0.3422,0.3461,0.3403,0.3404
2015-04-29,0.3396,0.342,0.3379,0.3387
2015-04-30,0.3378,0.3398,0.3316,0.3319
2015-05-01,0.331,0.3323,0.3235,0.3311
2015-05-04,0.3311,0.3318,0.3237,0.3237
2015-05-05,0.3234,0.3276,0.3234,0.325
2015-05-06,0.3266,0.3298,0.3255,0.3266
2015-05-07,0.3273,0.3306,0.3271,0.3305
2015-05-08,0.3297,0.3354,0.3297,0.3354
2015-05-11,0.3347,0.3356,0.3271,0.3271
2015-05-12,0.3262,0.3312,0.3255,0.3303
2015-05-13,0.3303,0.3341,0.3286,0.3286
2015-05-14,0.3284,0.3337,0.3284,0.3323
2015-05-15,0.3335,0.336,0.3324,0.333
2015-05-18,0.3332,0.3338,0.3308,0.3322
2015-05-19,0.3317,0.3323,0.3293,0.3295
2015-05-20,0.3291,0.3328,0.3289,0.3323
2015-05-21,0.3323,0.3323,0.3289,0.3289
2015-05-22,0.3285,0.329,0.3224,0.3224
2015-05-25,0.3229,0.3261,0.3199,0.322
2015-05-26,0.3223,0.3225,0.3171,0.3171
2015-05-27,0.3167,0.3179,0.3145,0.3179
2015-05-28,0.3177,0.3179,0.3144,0.3149
2015-05-29,0.3155,0.3176,0.3136,0.3139
2015-06-01,0.3141,0.3157,0.3121,0.3142
2015-06-02,0.3142,0.3193,0.3142,0.3189
2015-06-03,0.3187,0.3216,0.318,0.318
2015-06-04,0.3184,0.3186,0.3175,0.3175
2015-06-05,0.3176,0.3208,0.3144,0.3172
2015-06-08,0.3172,0.3212,0.3172,0.321
2015-06-09,0.3205,0.3228,0.3205,0.3219
2015-06-10,0.3221,0.3255,0.3206,0.3206
2015-06-11,0.3201,0.323,0.3159,0.323
2015-06-12,0.3228,0.3231,0.3202,0.3209
2015-06-15,0.32,0.3225,0.3192,0.3195
2015-06-16,0.3191,0.3233,0.3191,0.3213
2015-06-17,0.323,0.3271,0.3223,0.3271
2015-06-18,0.3267,0.3292,0.326,0.326
2015-06-19,0.326,0.3268,0.3224,0.3224
2015-06-22,0.3224,0.3254,0.3224,0.3239
2015-06-23,0.3233,0.3245,0.3216,0.3245
2015-06-24,0.3244,0.3252,0.3228,0.3234
2015-06-25,0.3221,0.3239,0.3199,0.3202
2015-06-26,0.319,0.3202,0.319,0.3191
2015-06-29,0.319,0.3213,0.318,0.3203
2015-06-30,0.32,0.3232,0.3189,0.3219
2015-07-01,0.3216,0.3222,0.3171,0.3171
2015-07-02,0.3173,0.3226,0.3171,0.3222
2015-07-03,0.3221,0.3222,0.3171,0.3171
2015-07-06,0.3185,0.3187,0.3177,0.3182
2015-07-07,0.3182,0.3183,0.313,0.3132
2015-07-08,0.3132,0.314,0.3084,0.3084
2015-07-09,0.3084,0.3112,0.3084,0.3107
2015-07-10,0.3107,0.3162,0.3106,0.3161
2015-07-13,0.3139,0.319,0.3139,0.3185
2015-07-14,0.3187,0.3204,0.3186,0.3199
2015-07-15,0.3184,0.3199,0.3167,0.3179
2015-07-16,0.3184,0.3191,0.317,0.3182
2015-07-17,0.3167,0.3182,0.3129,0.3131
2015-07-20,0.3131,0.3135,0.3103,0.3103
2015-07-21,0.3123,0.3154,0.3113,0.3146
2015-07-22,0.3146,0.3146,0.3097,0.3097
2015-07-23,0.3099,0.3101,0.3038,0.3039
2015-07-24,0.3039,0.3039,0.2977,0.2977
2015-07-27,0.2982,0.3,0.2967,0.2968
2015-07-28,0.2969,0.2983,0.2923,0.2973
2015-07-29,0.2975,0.301,0.2965,0.2998
2015-07-30,0.3003,0.3003,0.2959,0.2959
2015-07-31,0.2959,0.2989,0.2917,0.2917
2015-08-03,0.2917,0.2919,0.2897,0.2902
2015-08-04,0.2891,0.2907,0.2872,0.2881
2015-08-05,0.2881,0.2889,0.2857,0.2857
2015-08-06,0.2863,0.2864,0.2808,0.2826
2015-08-07,0.2824,0.2857,0.2811,0.2847
2015-08-10,0.2846,0.2903,0.2841,0.2903
2015-08-11,0.2903,0.2903,0.2851,0.2872
2015-08-12,0.2872,0.2891,0.2859,0.2861
2015-08-13,0.2868,0.2873,0.2835,0.2835
2015-08-14,0.2835,0.2884,0.2835,0.2875
2015-08-17,0.2864,0.2882,0.2861,0.2863
2015-08-18,0.2867,0.2888,0.2861,0.2881
2015-08-19,0.2878,0.2886,0.2849,0.2849
2015-08-20,0.2859,0.2894,0.2854,0.2872
2015-08-21,0.288,0.2891,0.2852,0.2852
2015-08-24,0.2852,0.2868,0.2804,0.2807
2015-08-25,0.2811,0.2836,0.276,0.276
2015-08-26,0.276,0.2779,0.2741,0.2779
2015-08-27,0.2775,0.2818,0.2775,0.2807
2015-08-28,0.2807,0.2811,0.2785,0.2787
2015-08-31,0.278,0.2787,0.2722,0.275
2015-09-01,0.2756,0.2756,0.2701,0.2701
2015-09-02,0.2701,0.2702,0.2657,0.2657
2015-09-03,0.2656,0.2671,0.2626,0.2669
2015-09-04,0.2669,0.267,0.2596,0.2596
2015-09-07,0.2596,0.26,0.2595,0.2595
2015-09-08,0.2599,0.2639,0.2599,0.2612
2015-09-09,0.2613,0.2649,0.2613,0.263
2015-09-10,0.2639,0.2641,0.257,0.259
2015-09-11,0.2591,0.2609,0.2571,0.2571
2015-09-14,0.2575,0.2621,0.2575,0.2618
2015-09-15,0.2617,0.2621,0.258,0.2585
2015-09-16,0.2583,0.2612,0.2583,0.2603
2015-09-17,0.2605,0.2609,0.2565,0.2565
2015-09-18,0.2562,0.258,0.2528,0.2528
2015-09-21,0.2528,0.2534,0.25,0.25
2015-09-22,0.25,0.2506,0.246,0.246
2015-09-23,0.2464,0.2485,0.2393,0.2393
2015-09-24,0.2393,0.2517,0.2361,0.2507
2015-09-25,0.2535,0.2565,0.25,0.2509
2015-09-28,0.2509,0.2513,0.2435,0.2435
2015-09-29,0.2429,0.2479,0.2416,0.2447
2015-09-30,0.2456,0.2537,0.2456,0.2521
2015-10-01,0.2526,0.2532,0.2491,0.2491
2015-10-02,0.2491,0.254,0.2481,0.2531
2015-10-05,0.2531,0.2564,0.2531,0.255
2015-10-06,0.2549,0.2605,0.2544,0.2593
2015-10-07,0.259,0.2633,0.257,0.257
2015-10-08,0.257,0.264,0.2569,0.2637
2015-10-09,0.2634,0.2679,0.2619,0.265
2015-10-12,0.265,0.2658,0.265,0.2651
2015-10-13,0.2652,0.2658,0.2564,0.2564
2015-10-14,0.2568,0.2618,0.2568,0.2616
2015-10-15,0.2618,0.2636,0.2591,0.263
2015-10-16,0.2628,0.263,0.2543,0.2543
2015-10-19,0.2547,0.258,0.2547,0.2569
2015-10-20,0.2564,0.2593,0.2561,0.2574
2015-10-21,0.2574,0.2574,0.2528,0.2532
2015-10-22,0.2533,0.2555,0.253,0.2543
2015-10-23,0.2543,0.2578,0.2543,0.2572
2015-10-26,0.2572,0.2604,0.2555,0.2556
2015-10-27,0.2554,0.2568,0.255,0.2566
2015-10-28,0.2567,0.2586,0.2548,0.2555
2015-10-29,0.2558,0.2594,0.2535,0.2594
2015-10-30,0.2592,0.2604,0.2578,0.2587
2015-11-02,0.2587,0.2593,0.2587,0.259
2015-11-03,0.2592,0.2667,0.2586,0.2648
2015-11-04,0.2647,0.2663,0.2628,0.2629
2015-11-05,0.2626,0.2649,0.2625,0.2629
2015-11-06,0.264,0.2659,0.261,0.2641
2015-11-09,0.2647,0.2651,0.2616,0.2635
2015-11-10,0.2627,0.2672,0.2623,0.2664
2015-11-11,0.2661,0.269,0.2649,0.2653
2015-11-12,0.2652,0.2655,0.262,0.2639
2015-11-13,0.2647,0.2652,0.2592,0.2592
2015-11-16,0.2595,0.2617,0.2595,0.2611
2015-11-17,0.2613,0.2635,0.2611,0.2619
2015-11-18,0.2619,0.2651,0.2619,0.2636
2015-11-19,0.265,0.2686,0.2646,0.2683
2015-11-20,0.2685,0.2704,0.266,0.2694
2015-11-23,0.2694,0.2694,0.2674,0.2674
2015-11-24,0.2674,0.2702,0.2674,0.2697
2015-11-25,0.2698,0.2702,0.2635,0.2662
2015-11-26,0.2667,0.2673,0.266,0.2665
2015-11-27,0.2667,0.2682,0.2595,0.2595
2015-11-30,0.2595,0.26,0.2555,0.2575
2015-12-01,0.258,0.2605,0.2568,0.2585
2015-12-02,0.2587,0.2609,0.2587,0.2602
2015-12-03,0.2602,0.267,0.2602,0.2654
2015-12-04,0.2655,0.2678,0.2651,0.2661
2015-12-07,0.266,0.2673,0.2648,0.2648
2015-12-08,0.2649,0.2664,0.2624,0.2629
2015-12-09,0.2629,0.2682,0.2623,0.2662
2015-12-10,0.2662,0.2668,0.2626,0.2633
2015-12-11,0.2633,0.2633,0.2573,0.2573
2015-12-14,0.2577,0.2586,0.2555,0.257
2015-12-15,0.2574,0.2588,0.2566,0.2584
2015-12-16,0.2577,0.2577,0.2532,0.257
2015-12-17,0.2569,0.2585,0.2558,0.2574
2015-12-18,0.2572,0.2576,0.2515,0.252
2015-12-21,0.2506,0.252,0.248,0.2487
2015-12-22,0.2487,0.2511,0.2487,0.2493
2015-12-23,0.2501,0.2532,0.2501,0.2529
2015-12-24,0.2529,0.2537,0.2529,0.2529
2015-12-25,0.2525,0.2531,0.2525,0.2531
2015-12-28,0.2531,0.2587,0.253,0.2585
2015-12-29,0.2585,0.2598,0.2575,0.2584
2015-12-30,0.2584,0.2586,0.2501,0.2519
2015-12-31,0.252,0.252,0.2519,0.2519
2016-01-01,0.252,0.252,0.2519,0.2519
2016-01-04,0.2519,0.2523,0.2464,0.2469
2016-01-05,0.247,0.2502,0.247,0.2488
2016-01-06,0.249,0.249,0.2474,0.2481
2016-01-07,0.248,0.2481,0.2462,0.2467
2016-01-08,0.2467,0.2489,0.2466,0.2466
2016-01-11,0.2466,0.2493,0.2461,0.2461
2016-01-12,0.2461,0.2483,0.2461,0.2478
2016-01-13,0.2477,0.2513,0.2477,0.2492
2016-01-14,0.2485,0.25,0.2481,0.2494
2016-01-15,0.2495,0.2495,0.2462,0.2462
2016-01-18,0.2462,0.2483,0.2462,0.2467
2016-01-19,0.2461,0.2495,0.2457,0.2457
2016-01-20,0.2456,0.2457,0.2427,0.2439
2016-01-21,0.2436,0.2436,0.2394,0.2394
2016-01-22,0.24,0.2438,0.24,0.2428
2016-01-25,0.2428,0.244,0.2428,0.244
2016-01-26,0.244,0.2468,0.2432,0.2456
2016-01-27,0.2462,0.2476,0.2427,0.2427
2016-01-28,0.2429,0.2469,0.2429,0.245
2016-01-29,0.2452,0.2499,0.245,0.2489
2016-02-01,0.2496,0.2525,0.2493,0.2506
2016-02-02,0.2518,0.252,0.2493,0.2501
2016-02-03,0.2502,0.2561,0.2502,0.2561
2016-02-04,0.2562,0.2594,0.2541,0.2567
2016-02-05,0.2566,0.2579,0.2553,0.2573
2016-02-08,0.2557,0.2573,0.2557,0.2561
2016-02-09,0.2561,0.2568,0.2561,0.2567
2016-02-10,0.2569,0.257,0.253,0.253
2016-02-11,0.2541,0.2543,0.2501,0.2509
2016-02-12,0.2498,0.2514,0.2494,0.2494
2016-02-15,0.2493,0.2509,0.2493,0.2499
2016-02-16,0.2491,0.25,0.245,0.245
2016-02-17,0.2451,0.2512,0.2451,0.2502
2016-02-18,0.2504,0.2509,0.2472,0.2476
2016-02-19,0.2477,0.2484,0.2467,0.2484
2016-02-22,0.2484,0.2538,0.2478,0.253
2016-02-23,0.2525,0.2532,0.2518,0.2522
2016-02-24,0.2522,0.2528,0.2501,0.2527
2016-02-25,0.2521,0.2543,0.2517,0.2517
2016-02-26,0.2523,0.254,0.2494,0.2494
2016-02-29,0.2494,0.2524,0.2485,0.2485
2016-03-01,0.2484,0.2541,0.2484,0.2541
2016-03-02,0.2541,0.2568,0.2534,0.2563
2016-03-03,0.2564,0.264,0.2564,0.2632
2016-03-04,0.2627,0.2719,0.2627,0.2669
2016-03-07,0.2669,0.2669,0.2637,0.2637
2016-03-08,0.2638,0.2671,0.2636,0.2645
2016-03-09,0.2658,0.2712,0.2655,0.2705
2016-03-10,0.2709,0.2761,0.2708,0.2757
2016-03-11,0.2756,0.2789,0.2732,0.2785
2016-03-14,0.2766,0.279,0.2732,0.2732
2016-03-15,0.2731,0.2731,0.2648,0.2648
2016-03-16,0.265,0.2672,0.2603,0.2667
2016-03-17,0.2666,0.2765,0.2661,0.2745
2016-03-18,0.2751,0.2791,0.2738,0.2754
2016-03-21,0.2754,0.2772,0.2749,0.2759
2016-03-22,0.2763,0.2791,0.2752,0.2785
2016-03-23,0.2786,0.279,0.2715,0.2715
2016-03-24,0.2715,0.2715,0.2691,0.2691
2016-03-25,0.271,0.2711,0.2701,0.271
2016-03-28,0.2712,0.2756,0.2712,0.2735
2016-03-29,0.2735,0.2754,0.2726,0.2736
2016-03-30,0.2736,0.2772,0.2736,0.276
2016-03-31,0.276,0.2822,0.2759,0.278
2016-04-01,0.278,0.2819,0.2768,0.2807
2016-04-04,0.2811,0.2811,0.2763,0.2774
2016-04-05,0.2756,0.2774,0.2715,0.2715
2016-04-06,0.2715,0.2746,0.2704,0.2741
2016-04-07,0.2742,0.2743,0.2696,0.2697
2016-04-08,0.2706,0.2781,0.2706,0.278
2016-04-11,0.2781,0.2863,0.2781,0.2854
2016-04-12,0.2858,0.2866,0.2814,0.2861
2016-04-13,0.2861,0.287,0.2815,0.2842
2016-04-14,0.2842,0.2882,0.284,0.2871
2016-04-15,0.2869,0.2878,0.282,0.2827
2016-04-18,0.2827,0.2866,0.2773,0.278
2016-04-19,0.2761,0.2832,0.2761,0.2815
2016-04-20,0.2828,0.2831,0.281,0.2828
2016-04-21,0.2829,0.2832,0.2822,0.2831
2016-04-22,0.282,0.2831,0.2785,0.2788
2016-04-25,0.2788,0.2819,0.2788,0.2806
2016-04-26,0.2809,0.2837,0.2809,0.2831
2016-04-27,0.2831,0.2842,0.2823,0.2831
2016-04-28,0.2831,0.2867,0.2831,0.2865
2016-04-29,0.2862,0.2906,0.2862,0.2906
2016-05-02,0.2906,0.2907,0.2855,0.2855
2016-05-03,0.2853,0.2855,0.2798,0.2799
2016-05-04,0.2806,0.283,0.2804,0.2828
2016-05-05,0.2814,0.2843,0.2814,0.2841
2016-05-06,0.2823,0.2856,0.2807,0.2853
2016-05-09,0.2853,0.2856,0.2733,0.2836
2016-05-10,0.2838,0.2882,0.2838,0.2866
2016-05-11,0.2874,0.2901,0.2874,0.2885
2016-05-12,0.2891,0.2898,0.2862,0.2872
2016-05-13,0.2866,0.2881,0.2825,0.2825
2016-05-16,0.2825,0.2862,0.2825,0.2862
2016-05-17,0.2851,0.2864,0.2845,0.2854
2016-05-18,0.2857,0.2864,0.2802,0.2802
2016-05-19,0.2802,0.281,0.2771,0.2803
2016-05-20,0.2802,0.2838,0.2802,0.2817
2016-05-23,0.2817,0.2841,0.2793,0.2793
2016-05-24,0.2797,0.2816,0.2791,0.2799
2016-05-25,0.2795,0.281,0.2772,0.2788
2016-05-26,0.2786,0.2805,0.2786,0.2787
2016-05-27,0.2783,0.279,0.2762,0.2762
2016-05-30,0.2762,0.2793,0.2762,0.2793
2016-05-31,0.2795,0.2806,0.2756,0.2756
2016-06-01,0.2769,0.2791,0.2759,0.277
2016-06-02,0.2762,0.2789,0.2762,0.2774
2016-06-03,0.2784,0.2833,0.2784,0.2832
2016-06-06,0.2833,0.2863,0.2833,0.2846
2016-06-07,0.286,0.2898,0.2852,0.2898
2016-06-08,0.2899,0.2972,0.2899,0.2947
2016-06-09,0.2968,0.2974,0.2933,0.2933
2016-06-10,0.2937,0.2952,0.2908,0.292
2016-06-13,0.292,0.2923,0.2868,0.2868
2016-06-14,0.2866,0.2884,0.2851,0.2865
2016-06-15,0.2865,0.2896,0.2865,0.287
2016-06-16,0.2873,0.2883,0.2857,0.2882
2016-06-17,0.2881,0.2924,0.287,0.2921
2016-06-20,0.2921,0.2956,0.2919,0.2941
2016-06-21,0.2941,0.2973,0.2932,0.2934
2016-06-22,0.2923,0.2963,0.2923,0.2956
2016-06-23,0.2955,0.2991,0.2951,0.2989
2016-06-24,0.2989,0.2995,0.2911,0.2938
2016-06-27,0.296,0.2965,0.2934,0.2943
2016-06-28,0.2926,0.3024,0.2926,0.3011
2016-06-29,0.3018,0.3096,0.3018,0.3096
2016-06-30,0.3085,0.3136,0.3084,0.3117
2016-07-01,0.3108,0.3122,0.3086,0.3103
2016-07-04,0.3086,0.3103,0.3056,0.3056
2016-07-05,0.3033,0.3045,0.3023,0.3023
2016-07-06,0.3023,0.3026,0.2997,0.2999
2016-07-07,0.2999,0.3007,0.2968,0.2968
2016-07-08,0.2965,0.3039,0.2965,0.303
2016-07-11,0.3029,0.3036,0.3016,0.3016
2016-07-12,0.3015,0.3056,0.3015,0.3027
2016-07-13,0.3026,0.3059,0.3026,0.3058
2016-07-14,0.3057,0.31,0.3048,0.3066
2016-07-15,0.3065,0.3084,0.3042,0.3042
2016-07-18,0.3042,0.3074,0.3042,0.3069
2016-07-19,0.3067,0.3073,0.3051,0.307
2016-07-20,0.3068,0.3082,0.3058,0.3063
2016-07-21,0.3067,0.3076,0.3047,0.305
2016-07-22,0.3049,0.3067,0.3039,0.3066
2016-07-25,0.3065,0.3066,0.3036,0.3036
2016-07-26,0.3036,0.3055,0.3036,0.305
2016-07-27,0.3048,0.3061,0.3043,0.3058
2016-07-28,0.3058,0.3067,0.3038,0.3048
2016-07-29,0.3044,0.3089,0.3043,0.3081
2016-08-01,0.307,0.3081,0.3055,0.3055
2016-08-02,0.3055,0.3081,0.3055,0.3065
2016-08-03,0.3065,0.3084,0.3044,0.3083
2016-08-04,0.3083,0.3129,0.3083,0.3128
2016-08-05,0.3128,0.3158,0.3122,0.3154
2016-08-08,0.3156,0.3159,0.3141,0.3147
2016-08-09,0.3147,0.319,0.3147,0.3159
2016-08-10,0.3159,0.3206,0.3159,0.3191
2016-08-11,0.3191,0.3196,0.3177,0.3178
2016-08-12,0.3175,0.3181,0.3137,0.3142
2016-08-15,0.3127,0.3161,0.3127,0.3132
2016-08-16,0.3133,0.316,0.3118,0.3118
2016-08-17,0.3118,0.314,0.3098,0.3115
2016-08-18,0.3115,0.3118,0.3082,0.3082
2016-08-19,0.3082,0.3117,0.3082,0.3117
2016-08-22,0.3114,0.3122,0.3102,0.3119
2016-08-23,0.3119,0.3134,0.3087,0.3087
2016-08-24,0.3085,0.3103,0.3083,0.3095
2016-08-25,0.3095,0.3102,0.309,0.309
2016-08-26,0.3089,0.3127,0.3058,0.3058
2016-08-29,0.3058,0.3091,0.3047,0.3086
2016-08-30,0.3087,0.3099,0.3071,0.3083
2016-08-31,0.3081,0.3102,0.3079,0.309
2016-09-01,0.3091,0.3098,0.3067,0.3067
2016-09-02,0.3067,0.3094,0.3064,0.3065
2016-09-05,0.3065,0.3073,0.3048,0.3048
2016-09-06,0.3047,0.3125,0.3047,0.3118
2016-09-07,0.3119,0.3129,0.3119,0.3125
2016-09-08,0.3125,0.3153,0.3104,0.3104
2016-09-09,0.3103,0.3105,0.305,0.305
2016-09-12,0.3054,0.3079,0.3033,0.3074
2016-09-13,0.3073,0.3074,0.3008,0.3012
2016-09-14,0.3011,0.302,0.2984,0.2984
2016-09-15,0.2985,0.303,0.298,0.3022
2016-09-16,0.3021,0.3061,0.3021,0.306
2016-09-19,0.306,0.3069,0.3052,0.3052
2016-09-20,0.3052,0.3075,0.3052,0.3064
2016-09-21,0.3064,0.3115,0.3064,0.311
2016-09-22,0.311,0.3136,0.3099,0.3099
2016-09-23,0.3098,0.3118,0.3075,0.3075
2016-09-26,0.3077,0.3096,0.3077,0.3077
2016-09-27,0.3076,0.31,0.3076,0.3086
2016-09-28,0.3085,0.3105,0.3078,0.31
2016-09-29,0.3101,0.3107,0.3062,0.3062
2016-09-30,0.3062,0.309,0.3061,0.3061
2016-10-03,0.3061,0.312,0.3061,0.3111
2016-10-04,0.3112,0.3113,0.3065,0.3065
2016-10-05,0.3065,0.3102,0.3065,0.31
2016-10-06,0.31,0.3102,0.309,0.3093
2016-10-07,0.3092,0.3124,0.3092,0.3097
2016-10-10,0.3097,0.312,0.3097,0.3115
2016-10-11,0.3116,0.3123,0.3106,0.3121
2016-10-12,0.3121,0.3123,0.3113,0.3119
2016-10-13,0.312,0.3143,0.3114,0.314
2016-10-14,0.3139,0.3154,0.312,0.312
2016-10-17,0.312,0.3128,0.3117,0.3117
2016-10-18,0.3116,0.3145,0.3116,0.3132
2016-10-19,0.3131,0.3154,0.3131,0.315
2016-10-20,0.315,0.3184,0.315,0.3181
2016-10-21,0.3181,0.3182,0.3162,0.3164
2016-10-24,0.3164,0.3204,0.3164,0.3199
2016-10-25,0.3194,0.3217,0.3194,0.3206
2016-10-26,0.3206,0.321,0.3178,0.318
2016-10-27,0.318,0.32,0.3149,0.3149
2016-10-28,0.3149,0.3169,0.3118,0.3118
2016-10-31,0.3118,0.3154,0.3118,0.3121
2016-11-01,0.3119,0.3139,0.3081,0.3083
2016-11-02,0.3085,0.3086,0.3067,0.3067
2016-11-03,0.3067,0.31,0.3061,0.3061
2016-11-04,0.3061,0.3102,0.3061,0.3087
2016-11-07,0.3087,0.3131,0.3079,0.3118
2016-11-08,0.3118,0.3156,0.3117,0.315
2016-11-09,0.315,0.3154,0.3084,0.3103
2016-11-10,0.3094,0.3105,0.2948,0.2948
2016-11-11,0.2948,0.2955,0.2863,0.2944
2016-11-14,0.2944,0.2945,0.2887,0.2895
2016-11-15,0.2908,0.2909,0.2902,0.2902
2016-11-16,0.2902,0.2932,0.2902,0.2926
2016-11-17,0.2919,0.2946,0.2901,0.292
2016-11-18,0.292,0.2959,0.2916,0.2951
2016-11-21,0.2951,0.2987,0.2951,0.2984
2016-11-22,0.2978,0.3,0.2956,0.2976
2016-11-23,0.2976,0.2979,0.2931,0.2945
2016-11-24,0.2941,0.2949,0.2914,0.2944
2016-11-25,0.2944,0.2944,0.2895,0.2918
2016-11-28,0.2917,0.2952,0.2917,0.2948
2016-11-29,0.2948,0.2951,0.2936,0.2937
2016-11-30,0.2937,0.2953,0.2897,0.295
2016-12-01,0.295,0.295,0.2875,0.2875
2016-12-02,0.2875,0.2896,0.28,0.2872
2016-12-05,0.2872,0.292,0.2872,0.2918
2016-12-06,0.2918,0.2938,0.2893,0.2929
2016-12-07,0.2929,0.2953,0.2929,0.2951
2016-12-08,0.2951,0.296,0.2933,0.2957
2016-12-09,0.2958,0.2975,0.2939,0.2956
2016-12-12,0.2956,0.2991,0.2942,0.299
2016-12-13,0.299,0.3008,0.2979,0.2993
2016-12-14,0.2993,0.3023,0.2963,0.2963
2016-12-15,0.2962,0.2967,0.2943,0.2963
2016-12-16,0.2963,0.2984,0.2935,0.2943
2016-12-19,0.2943,0.2968,0.2943,0.2967
2016-12-20,0.2967,0.2987,0.2967,0.2976
2016-12-21,0.2976,0.3003,0.2976,0.3
2016-12-22,0.3001,0.3038,0.2993,0.3037
2016-12-23,0.3037,0.306,0.3037,0.3052
2016-12-26,0.3052,0.3057,0.3047,0.3047
2016-12-27,0.3047,0.3053,0.3045,0.3051
2016-12-28,0.3053,0.3053,0.3039,0.3039
2016-12-29,0.304,0.3079,0.304,0.3068
2016-12-30,0.3067,0.307,0.3067,0.3068
2017-01-02,0.3067,0.307,0.3038,0.3038
2017-01-03,0.3038,0.3073,0.3038,0.3058
2017-01-04,0.3058,0.3106,0.3058,0.3104
2017-01-05,0.3104,0.3125,0.3102,0.312
2017-01-06,0.3121,0.3127,0.3096,0.3096
2017-01-09,0.3097,0.3129,0.3097,0.3122
2017-01-10,0.3123,0.3136,0.3123,0.3124
2017-01-11,0.3124,0.3138,0.3104,0.3123
2017-01-12,0.3123,0.3164,0.3123,0.3131
2017-01-13,0.3132,0.3136,0.3099,0.3099
2017-01-16,0.3099,0.3103,0.3079,0.3079
2017-01-17,0.3079,0.312,0.3079,0.3108
2017-01-18,0.3109,0.3109,0.309,0.309
2017-01-19,0.309,0.3126,0.309,0.3123
2017-01-20,0.3123,0.3151,0.3123,0.315
2017-01-23,0.315,0.3163,0.3147,0.3156
2017-01-24,0.3156,0.3161,0.3149,0.3149
2017-01-25,0.3149,0.3156,0.3149,0.3149
2017-01-26,0.3149,0.3154,0.3137,0.3141
2017-01-27,0.3142,0.318,0.3142,0.3179
2017-01-30,0.3179,0.3207,0.3177,0.3194
2017-01-31,0.3193,0.3217,0.3168,0.3168
2017-02-01,0.3169,0.3192,0.3167,0.3191
2017-02-02,0.319,0.3211,0.319,0.3196
2017-02-03,0.3196,0.3213,0.3191,0.3202
2017-02-06,0.3203,0.3212,0.3203,0.3204
2017-02-07,0.3204,0.3204,0.3194,0.3199
2017-02-08,0.3199,0.3207,0.3199,0.3203
2017-02-09,0.3203,0.3205,0.3189,0.3189
2017-02-10,0.3189,0.3212,0.3189,0.3203
2017-02-13,0.3203,0.3212,0.3203,0.3212
2017-02-14,0.3209,0.3238,0.3205,0.3236
2017-02-15,0.3236,0.3269,0.3236,0.3261
2017-02-16,0.3266,0.3284,0.3232,0.3232
2017-02-17,0.3232,0.3239,0.3215,0.3215
2017-02-20,0.3216,0.3237,0.3216,0.3235
2017-02-21,0.3235,0.3236,0.3224,0.3224
2017-02-22,0.3226,0.326,0.3226,0.3259
2017-02-23,0.3259,0.3271,0.3254,0.3264
2017-02-24,0.3264,0.3264,0.321,0.321
2017-02-27,0.321,0.3222,0.321,0.3211
2017-02-28,0.3211,0.3211,0.3205,0.3211
2017-03-01,0.3211,0.3231,0.3204,0.3231
2017-03-02,0.3231,0.3231,0.3163,0.3163
2017-03-03,0.3163,0.3207,0.3163,0.3205
2017-03-06,0.3205,0.3219,0.3181,0.3181
2017-03-07,0.3181,0.3207,0.3181,0.3203
2017-03-08,0.3201,0.3201,0.3153,0.3156
2017-03-09,0.3156,0.3158,0.3127,0.3127
2017-03-10,0.3127,0.3181,0.3127,0.3181
2017-03-13,0.3181,0.3187,0.3167,0.3167
2017-03-14,0.3167,0.3169,0.3147,0.3155
2017-03-15,0.3155,0.3221,0.3149,0.3217
2017-03-16,0.3217,0.3228,0.3201,0.3201
2017-03-17,0.3202,0.3232,0.3202,0.3229
2017-03-20,0.3229,0.3254,0.3217,0.325
2017-03-21,0.325,0.326,0.3231,0.3231
2017-03-22,0.3231,0.3239,0.3226,0.3234
2017-03-23,0.3234,0.3236,0.3183,0.3183
2017-03-24,0.3183,0.3216,0.3181,0.3213
2017-03-27,0.3209,0.3213,0.319,0.3193
2017-03-28,0.3193,0.3197,0.318,0.318
2017-03-29,0.318,0.3208,0.318,0.3197
2017-03-30,0.3197,0.3202,0.3167,0.3167
2017-03-31,0.3167,0.3198,0.3153,0.3197
2017-04-03,0.3197,0.321,0.3197,0.3206
2017-04-04,0.3206,0.3227,0.3193,0.3224
2017-04-05,0.3224,0.3235,0.32,0.32
2017-04-06,0.32,0.3211,0.3177,0.3177
2017-04-07,0.3176,0.3199,0.3172,0.3173
2017-04-10,0.3173,0.3189,0.3173,0.3188
2017-04-11,0.3188,0.3193,0.3175,0.3181
2017-04-12,0.3181,0.3199,0.3171,0.3193
2017-04-13,0.3193,0.3203,0.3175,0.3175
2017-04-14,0.3175,0.3177,0.3175,0.3175
2017-04-17,0.3175,0.3227,0.3175,0.3222
2017-04-18,0.3222,0.3233,0.3206,0.3213
2017-04-19,0.3213,0.3213,0.317,0.317
2017-04-20,0.3169,0.3186,0.316,0.3171
2017-04-21,0.3171,0.3175,0.3168,0.3171
2017-04-24,0.3171,0.3202,0.3171,0.3192
2017-04-25,0.3192,0.3194,0.3161,0.3172
2017-04-26,0.3172,0.3172,0.3124,0.3147
2017-04-27,0.3147,0.3161,0.3137,0.3137
2017-04-28,0.3136,0.3148,0.3116,0.3147
2017-05-01,0.3142,0.3147,0.3142,0.3143
2017-05-02,0.3143,0.3171,0.3139,0.3168
2017-05-03,0.3168,0.3178,0.3155,0.3155
2017-05-04,0.3155,0.3156,0.313,0.313
2017-05-05,0.313,0.3149,0.313,0.3145
2017-05-08,0.3143,0.3144,0.3122,0.3122
2017-05-09,0.3122,0.3139,0.3122,0.3129
2017-05-10,0.3129,0.3165,0.3129,0.3152
2017-05-11,0.3152,0.318,0.3152,0.3179
2017-05-12,0.3179,0.3201,0.3179,0.3197
2017-05-15,0.3197,0.3224,0.3197,0.321
2017-05-16,0.3211,0.3232,0.3211,0.3224
2017-05-17,0.3224,0.3224,0.3182,0.3182
2017-05-18,0.3183,0.3185,0.294,0.2963
2017-05-19,0.2962,0.3072,0.2962,0.3068
2017-05-22,0.3068,0.3069,0.3026,0.3056
2017-05-23,0.3056,0.3066,0.3045,0.3053
2017-05-24,0.3053,0.3071,0.3047,0.3047
2017-05-25,0.3046,0.3057,0.3038,0.3048
2017-05-26,0.3048,0.3069,0.3048,0.3062
2017-05-29,0.3062,0.3066,0.3058,0.3065
2017-05-30,0.3066,0.3066,0.3063,0.3065
2017-05-31,0.3065,0.3094,0.3065,0.3094
2017-06-01,0.3094,0.3105,0.3072,0.3072
2017-06-02,0.3071,0.3093,0.3071,0.3075
2017-06-05,0.3075,0.3075,0.3028,0.3028
2017-06-06,0.3028,0.305,0.3028,0.3046
2017-06-07,0.3046,0.3056,0.3046,0.3053
2017-06-08,0.3053,0.3061,0.3046,0.3061
2017-06-09,0.3061,0.3064,0.3028,0.3028
2017-06-12,0.3028,0.3046,0.3009,0.3009
2017-06-13,0.3009,0.3024,0.3006,0.3012
2017-06-14,0.3012,0.3054,0.3012,0.3049
2017-06-15,0.3049,0.3049,0.3049,0.3049
2017-06-16,0.3048,0.3049,0.3031,0.3031
2017-06-19,0.3031,0.3041,0.3023,0.3041
2017-06-20,0.3041,0.3041,0.3001,0.3001
2017-06-21,0.3001,0.301,0.2994,0.2994
2017-06-22,0.2994,0.3004,0.2988,0.2988
2017-06-23,0.2988,0.3,0.2986,0.2986
2017-06-26,0.2986,0.3029,0.2986,0.3028
2017-06-27,0.3028,0.3028,0.3006,0.3013
2017-06-28,0.3013,0.3044,0.3013,0.3043
2017-06-29,0.3043,0.3048,0.3021,0.3021
2017-06-30,0.3021,0.3033,0.3019,0.3019
2017-07-03,0.3019,0.3031,0.3016,0.3023
2017-07-04,0.3023,0.3025,0.3016,0.3016
2017-07-05,0.3017,0.3036,0.3008,0.3036
2017-07-06,0.3036,0.3036,0.3018,0.3028
2017-07-07,0.3026,0.3051,0.3026,0.3043
2017-07-10,0.3043,0.3067,0.3043,0.3067
2017-07-11,0.3067,0.3075,0.3064,0.3068
2017-07-12,0.3067,0.3114,0.3067,0.3112
2017-07-13,0.3112,0.3117,0.3108,0.3108
2017-07-14,0.3108,0.3139,0.3108,0.3139
2017-07-17,0.3139,0.3142,0.3136,0.3136
2017-07-18,0.3136,0.3166,0.3136,0.3163
2017-07-19,0.3163,0.3173,0.3163,0.317
2017-07-20,0.317,0.3199,0.317,0.3198
2017-07-21,0.3198,0.3209,0.3178,0.3178
2017-07-24,0.3177,0.3184,0.3172,0.3172
2017-07-25,0.3173,0.3177,0.3146,0.3146
2017-07-26,0.3146,0.3181,0.3146,0.3181
2017-07-27,0.3181,0.3181,0.3166,0.3166
2017-07-28,0.3166,0.3189,0.3166,0.3187
2017-07-31,0.3187,0.3204,0.3187,0.3192
2017-08-01,0.3192,0.3212,0.3192,0.3194
2017-08-02,0.3194,0.3207,0.3192,0.3207
2017-08-03,0.3207,0.3209,0.3204,0.3209
2017-08-04,0.3209,0.3211,0.3188,0.3188
2017-08-07,0.3188,0.3198,0.3188,0.3193
2017-08-08,0.3193,0.32,0.3192,0.3193
2017-08-09,0.3193,0.3193,0.3163,0.3163
2017-08-10,0.3163,0.3171,0.3144,0.3144
2017-08-11,0.3144,0.3163,0.3124,0.3127
2017-08-14,0.3127,0.3146,0.3127,0.313
2017-08-15,0.313,0.3152,0.3126,0.315
2017-08-16,0.315,0.3174,0.3149,0.3167
2017-08-17,0.3167,0.3167,0.3145,0.3145
2017-08-18,0.3144,0.3178,0.3144,0.3173
2017-08-21,0.3172,0.3182,0.3155,0.3155
2017-08-22,0.3155,0.3172,0.315,0.3158
2017-08-23,0.3158,0.3185,0.3158,0.3173
2017-08-24,0.3173,0.3187,0.3172,0.3172
2017-08-25,0.3171,0.3182,0.3159,0.3159
2017-08-28,0.3159,0.317,0.3151,0.3151
2017-08-29,0.3151,0.3159,0.3151,0.3154
2017-08-30,0.3154,0.3163,0.3149,0.3159
2017-08-31,0.3159,0.3181,0.3159,0.3171
2017-09-01,0.3171,0.3194,0.3171,0.3178
2017-09-04,0.3177,0.3186,0.3177,0.3178
2017-09-05,0.3179,0.3207,0.3179,0.3203
2017-09-06,0.3203,0.3221,0.3203,0.3221
2017-09-07,0.3221,0.3234,0.3221,0.3222
2017-09-08,0.3222,0.3238,0.3222,0.3234
2017-09-11,0.3233,0.324,0.3217,0.3217
2017-09-12,0.3217,0.3217,0.3194,0.3194
2017-09-13,0.3194,0.3196,0.3184,0.3184
2017-09-14,0.3185,0.3206,0.3182,0.3201
2017-09-15,0.3201,0.3211,0.3199,0.321
2017-09-18,0.321,0.3211,0.3183,0.3183
2017-09-19,0.3183,0.3193,0.3183,0.3185
2017-09-20,0.3185,0.3206,0.3185,0.3187
2017-09-21,0.3187,0.3193,0.3182,0.3182
2017-09-22,0.3182,0.3196,0.3182,0.3195
2017-09-25,0.3194,0.3195,0.316,0.316
2017-09-26,0.316,0.3165,0.3153,0.3153
2017-09-27,0.3152,0.3152,0.3127,0.3127
2017-09-28,0.3126,0.3141,0.3126,0.3137
2017-09-29,0.3137,0.3162,0.3137,0.3158
2017-10-02,0.3157,0.3168,0.3153,0.3165
2017-10-03,0.3165,0.3178,0.3165,0.3177
2017-10-04,0.3177,0.3198,0.3177,0.3185
2017-10-05,0.3185,0.3193,0.3165,0.3165
2017-10-06,0.3165,0.3166,0.3154,0.3163
2017-10-09,0.3163,0.3164,0.3131,0.3131
2017-10-10,0.3131,0.3157,0.3131,0.314
2017-10-11,0.314,0.3158,0.314,0.3147
2017-10-12,0.3147,0.3151,0.3147,0.3149
2017-10-13,0.3149,0.3174,0.3149,0.3174
2017-10-16,0.3174,0.3175,0.3148,0.3148
2017-10-17,0.3148,0.3162,0.3147,0.3161
2017-10-18,0.3161,0.3163,0.3147,0.3147
2017-10-19,0.3147,0.3156,0.3147,0.3152
2017-10-20,0.3152,0.3153,0.3127,0.3127
2017-10-23,0.3127,0.3128,0.3083,0.3083
2017-10-24,0.3083,0.3094,0.3066,0.3077
2017-10-25,0.3077,0.309,0.3076,0.3088
2017-10-26,0.3087,0.309,0.3034,0.3034
2017-10-27,0.3034,0.3085,0.3034,0.3084
2017-10-30,0.3084,0.3085,0.3035,0.3035
2017-10-31,0.3035,0.3056,0.3035,0.3052
2017-11-01,0.3052,0.3063,0.3044,0.3056
2017-11-02,0.3056,0.3062,0.3055,0.3055
2017-11-03,0.3055,0.3068,0.3006,0.3012
2017-11-06,0.3012,0.3073,0.3012,0.3072
2017-11-07,0.3072,0.3072,0.3048,0.3052
2017-11-08,0.3052,0.3079,0.3052,0.3067
2017-11-09,0.3067,0.3082,0.3067,0.3069
2017-11-10,0.3069,0.307,0.3045,0.3045
2017-11-13,0.3045,0.3046,0.3036,0.3044
2017-11-14,0.3044,0.3054,0.3013,0.3013
2017-11-15,0.3013,0.3019,0.3013,0.3013
2017-11-16,0.3013,0.3053,0.3013,0.3049
2017-11-17,0.3049,0.3066,0.3048,0.3064
2017-11-20,0.3064,0.3066,0.3064,0.3064
2017-11-21,0.3064,0.3079,0.3064,0.3064
2017-11-22,0.3064,0.3097,0.3064,0.3096
2017-11-23,0.3096,0.3101,0.3089,0.3098
2017-11-24,0.3098,0.3099,0.3087,0.3087
2017-11-27,0.3087,0.3106,0.3087,0.3092
2017-11-28,0.3092,0.3116,0.3092,0.3107
2017-11-29,0.3107,0.3117,0.3075,0.3075
2017-11-30,0.3075,0.3085,0.3049,0.305
2017-12-01,0.305,0.3071,0.305,0.3064
2017-12-04,0.3064,0.3079,0.3064,0.3077
2017-12-05,0.3077,0.3099,0.3077,0.3079
2017-12-06,0.3079,0.3093,0.3079,0.3085
2017-12-07,0.3085,0.3085,0.302,0.3033
2017-12-08,0.3033,0.3056,0.3027,0.3032
2017-12-11,0.3032,0.3048,0.3021,0.3021
2017-12-12,0.3021,0.3026,0.3005,0.3019
2017-12-13,0.3019,0.3031,0.3007,0.3016
2017-12-14,0.3016,0.3016,0.2987,0.2987
2017-12-15,0.2987,0.303,0.2987,0.303
2017-12-18,0.303,0.3044,0.303,0.3032
2017-12-19,0.3032,0.304,0.303,0.3034
2017-12-20,0.3034,0.304,0.3027,0.3027
2017-12-21,0.3027,0.3033,0.3017,0.3017
2017-12-22,0.3017,0.3021,0.2991,0.2991
2017-12-25,0.2991,0.2991,0.2991,0.2991
2017-12-26,0.2991,0.3018,0.2991,0.3015
2017-12-27,0.3015,0.303,0.3011,0.3011
2017-12-28,0.3011,0.3029,0.3011,0.3014
2017-12-29,0.3014,0.3014,0.3014,0.3014
2018-01-01,0.3014,0.3014,0.3014,0.3014
2018-01-02,0.3014,0.3065,0.3014,0.3063
2018-01-03,0.3063,0.3086,0.3063,0.3084
2018-01-04,0.3084,0.3098,0.3084,0.3086
2018-01-05,0.3086,0.3093,0.3083,0.3092
2018-01-08,0.3092,0.3095,0.3087,0.3087
2018-01-09,0.3087,0.309,0.3072,0.3072
2018-01-10,0.3072,0.3095,0.3072,0.3092
2018-01-11,0.3095,0.3107,0.3091,0.3105
2018-01-12,0.3105,0.3117,0.3103,0.3114
2018-01-15,0.3114,0.3126,0.3103,0.3103
2018-01-16,0.3103,0.3107,0.3094,0.3094
2018-01-17,0.3094,0.3108,0.3094,0.3097
2018-01-18,0.3097,0.3116,0.3097,0.3114
2018-01-19,0.3114,0.3125,0.3114,0.3123
2018-01-22,0.3123,0.3135,0.3117,0.3117
2018-01-23,0.3118,0.3118,0.3084,0.3084
2018-01-24,0.3084,0.318,0.3084,0.3174
2018-01-25,0.3174,0.3198,0.3172,0.3172
2018-01-26,0.3172,0.3195,0.3166,0.3166
2018-01-29,0.3166,0.3169,0.3158,0.3164
2018-01-30,0.3163,0.3166,0.3136,0.3138
2018-01-31,0.3138,0.3172,0.3133,0.3133
2018-02-01,0.3133,0.3157,0.3133,0.3152
2018-02-02,0.3152,0.3152,0.3102,0.3102
2018-02-05,0.3102,0.3104,0.306,0.306
2018-02-06,0.306,0.3087,0.3056,0.3086
2018-02-07,0.3084,0.3086,0.3052,0.3052
2018-02-08,0.3052,0.3064,0.3036,0.3038
2018-02-09,0.3038,0.3054,0.302,0.3031
2018-02-12,0.3029,0.3042,0.3029,0.3038
2018-02-13,0.3029,0.3039,0.3029,0.3029
2018-02-14,0.3029,0.3103,0.3029,0.3103
2018-02-15,0.3103,0.312,0.3089,0.3089
2018-02-16,0.3089,0.3113,0.3085,0.3089
2018-02-19,0.3089,0.311,0.3084,0.3084
2018-02-20,0.3086,0.3087,0.3066,0.3066
2018-02-21,0.3072,0.3076,0.3051,0.3051
2018-02-22,0.3054,0.3078,0.3054,0.3072
2018-02-23,0.3072,0.3088,0.3072,0.3083
2018-02-26,0.3083,0.3097,0.3083,0.3096
2018-02-27,0.3095,0.3096,0.307,0.307
2018-02-28,0.307,0.3085,0.307,0.3075
2018-03-01,0.3075,0.3081,0.3063,0.307
2018-03-02,0.307,0.3073,0.3067,0.3069
2018-03-05,0.3069,0.3079,0.3069,0.3078
2018-03-06,0.3078,0.3114,0.3078,0.3111
2018-03-07,0.3108,0.311,0.3076,0.3076
2018-03-08,0.3076,0.308,0.3056,0.3056
2018-03-09,0.3056,0.3081,0.3056,0.3067
2018-03-12,0.3067,0.3071,0.3065,0.3065
2018-03-13,0.3065,0.3081,0.3061,0.3061
2018-03-14,0.3061,0.3074,0.3061,0.3061
2018-03-15,0.3061,0.3062,0.3039,0.3039
2018-03-16,0.3038,0.3049,0.3038,0.3043
2018-03-19,0.3043,0.3045,0.3038,0.3039
2018-03-20,0.3039,0.3043,0.3018,0.3018
2018-03-21,0.3018,0.3057,0.3018,0.3054
2018-03-22,0.3054,0.3054,0.3018,0.3018
2018-03-23,0.3018,0.3029,0.3015,0.3015
2018-03-26,0.3015,0.3031,0.3015,0.3019
2018-03-27,0.3019,0.3019,0.2999,0.2999
2018-03-28,0.2999,0.3007,0.2995,0.3005
2018-03-29,0.3006,0.3031,0.3006,0.303
2018-03-30,0.303,0.303,0.302,0.302
2018-04-02,0.3022,0.3026,0.3009,0.3009
2018-04-03,0.3009,0.3021,0.2993,0.2993
2018-04-04,0.2993,0.2999,0.2975,0.299
2018-04-05,0.299,0.3025,0.299,0.299
2018-04-06,0.299,0.299,0.2964,0.2964
2018-04-09,0.2964,0.2965,0.2918,0.2918
2018-04-10,0.2918,0.2933,0.2918,0.2931
2018-04-11,0.2931,0.2959,0.2926,0.2958
2018-04-12,0.2958,0.2965,0.2924,0.2924
2018-04-13,0.2924,0.2937,0.2917,0.2917
2018-04-16,0.2916,0.2928,0.2916,0.2918
2018-04-17,0.2918,0.2944,0.2918,0.2934
2018-04-18,0.2934,0.2958,0.2934,0.2957
2018-04-19,0.2957,0.2957,0.2938,0.2946
2018-04-20,0.2946,0.2949,0.2926,0.2926
2018-04-23,0.2924,0.2931,0.2897,0.2897
2018-04-24,0.2897,0.2901,0.2878,0.2879
2018-04-25,0.2879,0.2879,0.2851,0.2855
2018-04-26,0.2855,0.2873,0.2855,0.2865
2018-04-27,0.2865,0.2888,0.2865,0.2888
2018-04-30,0.2888,0.2888,0.2846,0.2846
2018-05-01,0.2854,0.2854,0.2846,0.2846
2018-05-02,0.2846,0.2846,0.281,0.281
2018-05-03,0.2821,0.2835,0.2809,0.2831
2018-05-04,0.2831,0.284,0.2825,0.2836
2018-05-07,0.2836,0.2836,0.2809,0.2809
2018-05-08,0.2809,0.2814,0.2791,0.2798
2018-05-09,0.2798,0.2801,0.2776,0.2777
2018-05-10,0.2777,0.2818,0.2777,0.2815
2018-05-11,0.2815,0.2816,0.2773,0.2773
2018-05-14,0.2773,0.2791,0.2754,0.2756
2018-05-15,0.2756,0.2756,0.2714,0.2731
2018-05-16,0.2731,0.2732,0.2708,0.2708
2018-05-17,0.2708,0.273,0.27,0.27
2018-05-18,0.2695,0.27,0.2662,0.267
2018-05-21,0.267,0.2716,0.267,0.2707
2018-05-22,0.2707,0.275,0.2707,0.2736
2018-05-23,0.2748,0.2758,0.2725,0.2754
2018-05-24,0.2754,0.2754,0.2735,0.2735
2018-05-25,0.2735,0.2739,0.2725,0.2733
2018-05-28,0.2733,0.2734,0.2673,0.2673
2018-05-29,0.2673,0.2689,0.2663,0.2679
2018-05-30,0.2679,0.2699,0.2661,0.2672
2018-05-31,0.2679,0.2681,0.2678,0.2681
2018-06-01,0.2681,0.2681,0.265,0.265
2018-06-04,0.265,0.2677,0.265,0.2665
2018-06-05,0.2672,0.2672,0.2626,0.2629
2018-06-06,0.2629,0.2629,0.2594,0.2594
2018-06-07,0.2594,0.2595,0.2529,0.2555
2018-06-08,0.2555,0.2698,0.2555,0.2691
2018-06-11,0.2691,0.2716,0.268,0.268
2018-06-12,0.268,0.2716,0.268,0.2685
2018-06-13,0.2685,0.2703,0.2683,0.2685
2018-06-14,0.2685,0.2703,0.2622,0.2622
2018-06-15,0.2622,0.2686,0.2622,0.2676
2018-06-18,0.2676,0.268,0.2661,0.2661
2018-06-19,0.2661,0.2683,0.2654,0.2664
2018-06-20,0.267,0.2691,0.2645,0.2648
2018-06-21,0.2648,0.2657,0.2637,0.265
2018-06-22,0.2655,0.2668,0.2637,0.2637
2018-06-25,0.2637,0.2653,0.2637,0.2643
2018-06-26,0.2643,0.2652,0.2633,0.2633
2018-06-27,0.2633,0.2633,0.258,0.258
2018-06-28,0.258,0.2603,0.258,0.2589
2018-06-29,0.2589,0.2606,0.2577,0.2577
2018-07-02,0.2577,0.2577,0.2552,0.2552
2018-07-03,0.2552,0.2576,0.2552,0.2563
2018-07-04,0.2563,0.2567,0.2555,0.2555
2018-07-05,0.2555,0.2567,0.2539,0.2539
2018-07-06,0.2539,0.2584,0.2538,0.2579
2018-07-09,0.2579,0.2593,0.2577,0.2577
2018-07-10,0.2578,0.2629,0.2578,0.2622
2018-07-11,0.2622,0.2622,0.2576,0.2576
2018-07-12,0.2576,0.2598,0.2569,0.2571
2018-07-13,0.2571,0.2594,0.2571,0.2592
2018-07-16,0.2592,0.2598,0.2584,0.2584
2018-07-17,0.2584,0.2601,0.2584,0.2601
2018-07-18,0.2597,0.261,0.2591,0.2591
2018-07-19,0.2591,0.261,0.2575,0.2599
2018-07-20,0.2599,0.2651,0.2599,0.2649
2018-07-23,0.2646,0.265,0.2636,0.2636
2018-07-24,0.2636,0.2672,0.2636,0.2667
2018-07-25,0.2667,0.2706,0.2667,0.2706
2018-07-26,0.2706,0.2706,0.2664,0.2664
2018-07-27,0.2664,0.2692,0.2664,0.2687
2018-07-30,0.2687,0.2695,0.2677,0.2677
2018-07-31,0.2677,0.2679,0.2658,0.2658
2018-08-01,0.2658,0.267,0.2658,0.266
2018-08-02,0.266,0.2662,0.2651,0.2661
2018-08-03,0.2655,0.2697,0.2655,0.2693
2018-08-06,0.2693,0.2703,0.2677,0.2677
2018-08-07,0.2677,0.2693,0.2654,0.2654
2018-08-08,0.2654,0.2671,0.2651,0.2651
2018-08-09,0.2651,0.2651,0.2624,0.2626
2018-08-10,0.2626,0.2626,0.2586,0.2586
2018-08-13,0.2579,0.2587,0.2551,0.2571
2018-08-14,0.2569,0.2585,0.2569,0.2581
2018-08-15,0.2579,0.2581,0.2553,0.256
2018-08-16,0.256,0.2579,0.2554,0.2556
2018-08-17,0.2556,0.2557,0.2535,0.2551
2018-08-20,0.2551,0.2551,0.252,0.252
2018-08-21,0.252,0.252,0.2464,0.2464
2018-08-22,0.2464,0.2474,0.2452,0.247
2018-08-23,0.247,0.247,0.2425,0.2425
2018-08-24,0.2425,0.2448,0.2425,0.243
2018-08-27,0.243,0.2464,0.243,0.2447
2018-08-28,0.2447,0.2452,0.2414,0.2414
2018-08-29,0.2414,0.243,0.241,0.243
2018-08-30,0.243,0.243,0.2378,0.2404
2018-08-31,0.2404,0.2462,0.2399,0.2461
2018-09-03,0.2455,0.2461,0.24,0.24
2018-09-04,0.2401,0.2408,0.2394,0.24
2018-09-05,0.24,0.2424,0.2397,0.2408
2018-09-06,0.2416,0.2468,0.2407,0.2458
2018-09-07,0.2458,0.2458,0.2451,0.2451
2018-09-10,0.2451,0.246,0.243,0.2442
2018-09-11,0.2442,0.2442,0.2399,0.24
2018-09-12,0.24,0.2426,0.2398,0.2398
2018-09-13,0.2399,0.2418,0.2372,0.2372
2018-09-14,0.2382,0.2399,0.2382,0.239
2018-09-17,0.2396,0.2422,0.2385,0.2412
2018-09-18,0.2412,0.242,0.2399,0.2399
2018-09-19,0.2399,0.2432,0.2399,0.2416
2018-09-20,0.2415,0.2451,0.2415,0.2451
2018-09-21,0.2451,0.2476,0.2449,0.2464
2018-09-24,0.2464,0.2471,0.2438,0.2438
2018-09-25,0.2438,0.2452,0.2421,0.2445
2018-09-26,0.2445,0.2489,0.2445,0.2475
2018-09-27,0.2475,0.251,0.2472,0.2487
2018-09-28,0.2487,0.25,0.247,0.247
2018-10-01,0.247,0.2491,0.2468,0.2487
2018-10-02,0.2487,0.2554,0.2487,0.2532
2018-10-03,0.2532,0.2607,0.2532,0.2559
2018-10-04,0.2559,0.2576,0.2547,0.2576
2018-10-05,0.2575,0.2601,0.2574,0.2601
2018-10-08,0.2601,0.2684,0.2591,0.2643
2018-10-09,0.2643,0.2696,0.2643,0.2695
2018-10-10,0.2695,0.2695,0.2659,0.2659
2018-10-11,0.2659,0.2682,0.2646,0.2646
2018-10-12,0.2646,0.2652,0.2638,0.2638
2018-10-15,0.2638,0.2687,0.2638,0.2675
2018-10-16,0.2672,0.27,0.2672,0.2678
2018-10-17,0.2678,0.2722,0.2678,0.2713
2018-10-18,0.2713,0.2715,0.2682,0.2682
2018-10-19,0.2691,0.2705,0.2687,0.2687
2018-10-22,0.2694,0.2717,0.2693,0.2708
2018-10-23,0.2708,0.2708,0.2693,0.2701
2018-10-24,0.2701,0.2709,0.2674,0.2674
2018-10-25,0.268,0.271,0.268,0.2699
2018-10-26,0.2693,0.274,0.269,0.274
2018-10-29,0.2735,0.2784,0.2685,0.2685
2018-10-30,0.2685,0.2712,0.2684,0.27
2018-10-31,0.269,0.2705,0.2676,0.2683
2018-11-01,0.2683,0.2711,0.2683,0.2699
2018-11-02,0.27,0.2706,0.27,0.2702
2018-11-05,0.271,0.271,0.2684,0.2684
2018-11-06,0.2684,0.2684,0.2654,0.2654
2018-11-07,0.2655,0.2678,0.2648,0.2672
2018-11-08,0.2672,0.2684,0.2655,0.2655
2018-11-09,0.2659,0.2679,0.2658,0.2679
2018-11-12,0.2679,0.2679,0.2653,0.2653
2018-11-13,0.265,0.2658,0.2615,0.2619
2018-11-14,0.2619,0.2648,0.2619,0.2639
2018-11-15,0.2638,0.2641,0.2638,0.2639
2018-11-16,0.2639,0.2675,0.2639,0.2668
2018-11-19,0.2667,0.2668,0.2656,0.2658
2018-11-20,0.2653,0.2659,0.2653,0.2658
2018-11-21,0.2649,0.2658,0.2634,0.2638
2018-11-22,0.2638,0.2638,0.2618,0.2624
2018-11-23,0.2624,0.263,0.2608,0.2608
2018-11-26,0.2608,0.2615,0.2533,0.2533
2018-11-27,0.2533,0.2584,0.2533,0.2576
2018-11-28,0.2578,0.2602,0.2578,0.2599
2018-11-29,0.2599,0.2603,0.2586,0.2591
2018-11-30,0.2586,0.2601,0.2576,0.2582
2018-12-03,0.2582,0.2615,0.2582,0.2598
2018-12-04,0.2598,0.2614,0.2591,0.2592
2018-12-05,0.2592,0.2601,0.258,0.2581
2018-12-06,0.2581,0.2584,0.2541,0.2568
2018-12-07,0.2574,0.2587,0.2553,0.2555
2018-12-10,0.2555,0.2575,0.2539,0.2544
2018-12-11,0.2548,0.2567,0.2548,0.2558
2018-12-12,0.2551,0.26,0.2551,0.2595
2018-12-13,0.2589,0.2595,0.2566,0.2566
2018-12-14,0.2565,0.2574,0.2549,0.2549
2018-12-17,0.2548,0.2572,0.2548,0.256
2018-12-18,0.2568,0.2569,0.2559,0.2559
2018-12-19,0.2552,0.2582,0.2552,0.2562
2018-12-20,0.2562,0.2603,0.2562,0.2592
2018-12-21,0.2592,0.2599,0.2557,0.2557
2018-12-24,0.2567,0.2567,0.2559,0.2559
2018-12-25,0.2558,0.2567,0.2558,0.2567
2018-12-26,0.2557,0.2567,0.2543,0.2545
2018-12-27,0.2545,0.2579,0.2541,0.2578
2018-12-28,0.2578,0.2604,0.2572,0.2579
2018-12-31,0.2572,0.2579,0.2572,0.2572
2019-01-01,0.2579,0.2579,0.2579,0.2579
2019-01-02,0.2579,0.2637,0.2574,0.2634
2019-01-03,0.2635,0.267,0.2632,0.2661
2019-01-04,0.2661,0.2691,0.2646,0.2688
2019-01-07,0.2688,0.2702,0.2678,0.2678
2019-01-08,0.2678,0.2692,0.2678,0.2689
2019-01-09,0.2688,0.2716,0.2688,0.2706
2019-01-10,0.2713,0.2716,0.2689,0.2691
2019-01-11,0.2691,0.2703,0.2687,0.269
2019-01-14,0.269,0.271,0.2683,0.2704
2019-01-15,0.2699,0.2704,0.2681,0.2681
2019-01-16,0.2681,0.2691,0.268,0.268
2019-01-17,0.2671,0.268,0.2655,0.2662
2019-01-18,0.2662,0.2676,0.265,0.265
2019-01-21,0.2661,0.2662,0.265,0.2656
2019-01-22,0.2659,0.2665,0.2617,0.2617
2019-01-23,0.2617,0.2656,0.2617,0.2648
2019-01-24,0.2651,0.2667,0.2642,0.265
2019-01-25,0.2646,0.2663,0.2646,0.2648
2019-01-28,0.2647,0.2661,0.2646,0.2654
2019-01-29,0.2653,0.2685,0.2653,0.2679
2019-01-30,0.2684,0.2716,0.2684,0.2709
2019-01-31,0.2709,0.2744,0.2709,0.2739
2019-02-01,0.2739,0.2741,0.2721,0.2732
2019-02-04,0.2728,0.2732,0.2717,0.2724
2019-02-05,0.2724,0.2726,0.2719,0.2721
2019-02-06,0.272,0.2722,0.2697,0.27
2019-02-07,0.27,0.27,0.2682,0.269
2019-02-08,0.2685,0.2695,0.2675,0.2677
2019-02-11,0.2677,0.2678,0.2653,0.2656
2019-02-12,0.2657,0.2695,0.2657,0.2691
2019-02-13,0.269,0.2692,0.2663,0.2663
2019-02-14,0.2663,0.2685,0.264,0.2672
2019-02-15,0.2681,0.2699,0.268,0.2691
2019-02-18,0.2697,0.2699,0.2673,0.2673
2019-02-19,0.2674,0.2696,0.2674,0.2682
2019-02-20,0.2681,0.2702,0.2681,0.2688
2019-02-21,0.2678,0.2688,0.2649,0.2649
2019-02-22,0.2648,0.2678,0.2648,0.2664
2019-02-25,0.2663,0.2683,0.2661,0.2661
2019-02-26,0.267,0.267,0.2661,0.2662
2019-02-27,0.2662,0.2682,0.2662,0.2679
2019-02-28,0.2678,0.2684,0.2664,0.2668
2019-03-01,0.2668,0.2668,0.264,0.2645
2019-03-04,0.2644,0.2646,0.2644,0.2644
2019-03-05,0.2644,0.2645,0.2644,0.2644
2019-03-06,0.2644,0.2647,0.2606,0.2606
2019-03-07,0.2606,0.2614,0.2569,0.257
2019-03-08,0.257,0.2591,0.257,0.2582
2019-03-11,0.2582,0.2603,0.2582,0.26
2019-03-12,0.26,0.2626,0.26,0.2619
2019-03-13,0.2619,0.2626,0.2612,0.2617
2019-03-14,0.2617,0.2619,0.2598,0.2598
2019-03-15,0.2596,0.2622,0.2589,0.2618
2019-03-18,0.2618,0.2637,0.2617,0.2633
2019-03-19,0.2633,0.265,0.2633,0.2642
2019-03-20,0.2635,0.2669,0.2635,0.2645
2019-03-21,0.2645,0.2652,0.2611,0.2633
2019-03-22,0.2633,0.2633,0.2556,0.2556
2019-03-25,0.2556,0.2597,0.2549,0.259
2019-03-26,0.2584,0.2602,0.2575,0.2575
2019-03-27,0.2575,0.2583,0.25,0.25
2019-03-28,0.2501,0.2561,0.2501,0.256
2019-03-29,0.256,0.258,0.2545,0.2545
2019-04-01,0.2555,0.2592,0.2552,0.2592
2019-04-02,0.2592,0.2593,0.2583,0.2591
2019-04-03,0.2591,0.2603,0.258,0.258
2019-04-04,0.258,0.2594,0.2578,0.2592
2019-04-05,0.2592,0.2597,0.2577,0.2577
2019-04-08,0.2578,0.2597,0.2578,0.2593
2019-04-09,0.2596,0.2596,0.2593,0.2593
2019-04-10,0.2593,0.2616,0.2593,0.261
2019-04-11,0.2616,0.2616,0.2588,0.2588
2019-04-12,0.2588,0.259,0.2565,0.2572
2019-04-15,0.2572,0.2585,0.2572,0.2581
2019-04-16,0.2581,0.2581,0.2557,0.2557
2019-04-17,0.2557,0.2568,0.2535,0.2535
2019-04-18,0.2535,0.2555,0.2535,0.2543
2019-04-19,0.2542,0.2548,0.2542,0.2548
2019-04-22,0.2548,0.2551,0.2539,0.2539
2019-04-23,0.2539,0.255,0.2528,0.2546
2019-04-24,0.2546,0.2548,0.2501,0.2501
2019-04-25,0.2501,0.253,0.2501,0.2524
2019-04-26,0.2524,0.2546,0.2524,0.2541
2019-04-29,0.2541,0.2544,0.2531,0.2531
2019-04-30,0.2531,0.2549,0.2531,0.2548
2019-05-01,0.2546,0.2549,0.2546,0.2547
2019-05-02,0.2547,0.2549,0.2519,0.2519
2019-05-03,0.2519,0.2539,0.2519,0.2535
2019-05-06,0.2535,0.2536,0.2515,0.2515
2019-05-07,0.2526,0.2526,0.2504,0.2515
2019-05-08,0.2515,0.2542,0.251,0.2542
2019-05-09,0.2541,0.2542,0.2518,0.253
2019-05-10,0.253,0.2541,0.2522,0.2523
2019-05-13,0.2527,0.2527,0.25,0.25
2019-05-14,0.2511,0.2517,0.2503,0.2512
2019-05-15,0.2512,0.2512,0.2491,0.2495
2019-05-16,0.2495,0.2499,0.2466,0.2466
2019-05-17,0.2471,0.2471,0.2434,0.2434
2019-05-20,0.2434,0.2447,0.2431,0.2434
2019-05-21,0.2434,0.2474,0.2434,0.2472
2019-05-22,0.2464,0.2489,0.2464,0.2471
2019-05-23,0.2471,0.2478,0.2462,0.247
2019-05-24,0.247,0.2489,0.247,0.2482
2019-05-27,0.248,0.2492,0.2469,0.2469
2019-05-28,0.2469,0.2488,0.2469,0.248
2019-05-29,0.2486,0.2515,0.2482,0.2512
2019-05-30,0.2512,0.2524,0.251,0.2517
2019-05-31,0.2517,0.2552,0.2511,0.2543
2019-06-03,0.2545,0.2571,0.2545,0.256
2019-06-04,0.256,0.2591,0.256,0.259
2019-06-05,0.259,0.26,0.2568,0.2573
2019-06-06,0.2573,0.2586,0.2573,0.2573
2019-06-07,0.2573,0.2591,0.2573,0.2574
2019-06-10,0.2575,0.2581,0.2569,0.2569
2019-06-11,0.2569,0.2597,0.2569,0.2589
2019-06-12,0.2589,0.2605,0.2582,0.2582
2019-06-13,0.2582,0.2603,0.2582,0.2594
2019-06-14,0.2594,0.2595,0.2562,0.2563
2019-06-17,0.2562,0.2571,0.2558,0.2568
2019-06-18,0.2568,0.2594,0.2568,0.2586
2019-06-19,0.2586,0.2601,0.258,0.2601
2019-06-20,0.2601,0.2601,0.2601,0.2601
2019-06-21,0.2601,0.2617,0.2601,0.2612
2019-06-24,0.2612,0.2621,0.2609,0.2609
2019-06-25,0.2609,0.2611,0.2595,0.2595
2019-06-26,0.2595,0.2604,0.2595,0.2597
2019-06-27,0.2597,0.2614,0.2588,0.2604
2019-06-28,0.2604,0.2616,0.2596,0.2596
2019-07-01,0.2596,0.262,0.2596,0.26
2019-07-02,0.26,0.2612,0.2582,0.2596
2019-07-03,0.2596,0.2615,0.2586,0.2609
2019-07-04,0.2609,0.2638,0.2609,0.2626
2019-07-05,0.2626,0.2628,0.261,0.2612
2019-07-08,0.2612,0.2627,0.2612,0.2624
2019-07-09,0.2626,0.264,0.2626,0.2627
2019-07-10,0.2627,0.2662,0.2627,0.266
2019-07-11,0.266,0.2673,0.2659,0.2659
2019-07-12,0.2659,0.2677,0.2659,0.2673
2019-07-15,0.2672,0.2675,0.2658,0.2658
2019-07-16,0.2659,0.266,0.2649,0.2649
2019-07-17,0.2649,0.2658,0.2649,0.2653
2019-07-18,0.2653,0.2685,0.2653,0.2685
2019-07-19,0.2685,0.2686,0.2664,0.2664
2019-07-22,0.2666,0.2676,0.2666,0.2669
2019-07-23,0.2669,0.2669,0.2646,0.2646
2019-07-24,0.2646,0.266,0.2646,0.2646
2019-07-25,0.2646,0.2659,0.2633,0.2642
2019-07-26,0.2641,0.2654,0.264,0.2644
2019-07-29,0.2645,0.265,0.2636,0.264
2019-07-30,0.264,0.2642,0.2634,0.2634
2019-07-31,0.2634,0.2662,0.2618,0.2618
2019-08-01,0.2619,0.2619,0.2599,0.26
2019-08-02,0.26,0.2611,0.2568,0.2568
2019-08-05,0.2569,0.2571,0.2512,0.2512
2019-08-06,0.2511,0.2534,0.2511,0.252
2019-08-07,0.252,0.2523,0.251,0.2515
2019-08-08,0.2515,0.2547,0.2515,0.2547
2019-08-09,0.2547,0.2548,0.2531,0.2531
2019-08-12,0.2534,0.2534,0.2496,0.2505
2019-08-13,0.2505,0.2529,0.2497,0.2519
2019-08-14,0.2519,0.2519,0.2464,0.2464
2019-08-15,0.2464,0.2506,0.2464,0.2501
2019-08-16,0.2501,0.2509,0.2494,0.2494
2019-08-19,0.2494,0.2501,0.245,0.245
2019-08-20,0.245,0.2479,0.245,0.2463
2019-08-21,0.2463,0.2487,0.2463,0.248
2019-08-22,0.248,0.2484,0.2452,0.2452
2019-08-23,0.2452,0.2459,0.2423,0.2423
2019-08-26,0.2419,0.2429,0.2401,0.2401
2019-08-27,0.2401,0.2422,0.239,0.242
2019-08-28,0.2419,0.242,0.2395,0.2395
2019-08-29,0.2395,0.2409,0.2395,0.2395
2019-08-30,0.2395,0.242,0.2395,0.2408
2019-09-02,0.2408,0.2409,0.2384,0.2384
2019-09-03,0.2384,0.2403,0.2384,0.2395
2019-09-04,0.2395,0.244,0.2395,0.2438
2019-09-05,0.2438,0.2452,0.243,0.243
2019-09-06,0.243,0.2461,0.243,0.2458
2019-09-09,0.2458,0.2465,0.2437,0.2437
2019-09-10,0.2437,0.2447,0.2427,0.2446
2019-09-11,0.2446,0.2463,0.2446,0.2454
2019-09-12,0.2454,0.2478,0.2454,0.2459
2019-09-13,0.2459,0.2467,0.2443,0.2443
2019-09-16,0.2444,0.2448,0.244,0.2446
2019-09-17,0.2446,0.245,0.2434,0.2448
2019-09-18,0.2448,0.2451,0.2429,0.2429
2019-09-19,0.2429,0.243,0.2395,0.2395
2019-09-20,0.2395,0.2407,0.2395,0.2407
2019-09-23,0.2406,0.2408,0.2395,0.2397
2019-09-24,0.2398,0.2403,0.2396,0.2398
2019-09-25,0.2398,0.2408,0.2388,0.2406
2019-09-26,0.2407,0.2421,0.2393,0.2393
2019-09-27,0.2394,0.2407,0.2394,0.2399
2019-09-30,0.2399,0.2409,0.2399,0.2402
2019-10-01,0.2402,0.2403,0.2395,0.24
2019-10-02,0.24,0.2418,0.24,0.2418
2019-10-03,0.2416,0.2449,0.2416,0.2444
2019-10-04,0.2444,0.2464,0.2444,0.2462
2019-10-07,0.2461,0.2463,0.2431,0.2431
2019-10-08,0.2431,0.2449,0.2431,0.2438
2019-10-09,0.2438,0.2458,0.2429,0.2429
2019-10-10,0.2429,0.2439,0.2422,0.2429
2019-10-11,0.2429,0.2445,0.2429,0.2429
2019-10-14,0.2429,0.2439,0.242,0.242
2019-10-15,0.242,0.2422,0.2388,0.2388
2019-10-16,0.2388,0.2407,0.2388,0.2403
2019-10-17,0.2403,0.2418,0.2396,0.2397
2019-10-18,0.2397,0.2428,0.2397,0.2428
2019-10-21,0.2427,0.2428,0.2414,0.2417
2019-10-22,0.2417,0.2457,0.2417,0.2447
2019-10-23,0.2447,0.2477,0.2447,0.2472
2019-10-24,0.2475,0.2495,0.2471,0.2471
2019-10-25,0.2471,0.2499,0.2471,0.2493
2019-10-28,0.2493,0.2511,0.2493,0.2501
2019-10-29,0.2501,0.2505,0.2497,0.2497
2019-10-30,0.2497,0.2507,0.2486,0.2503
2019-10-31,0.2502,0.2517,0.2484,0.2485
2019-11-01,0.2485,0.2514,0.2485,0.2502
2019-11-04,0.2502,0.2509,0.2487,0.2487
2019-11-05,0.2486,0.2505,0.2486,0.25
2019-11-06,0.25,0.251,0.2444,0.2444
2019-11-07,0.2445,0.2469,0.2435,0.2435
2019-11-08,0.2435,0.2435,0.2403,0.2408
2019-11-11,0.2398,0.2413,0.2398,0.2405
2019-11-12,0.2405,0.2407,0.2395,0.2395
2019-11-13,0.2395,0.2397,0.2391,0.2394
2019-11-14,0.2394,0.2396,0.238,0.238
2019-11-15,0.238,0.2384,0.2379,0.2379
2019-11-18,0.2379,0.2393,0.2367,0.2367
2019-11-19,0.2367,0.2384,0.2367,0.238
2019-11-20,0.238,0.2381,0.2379,0.2379
2019-11-21,0.2379,0.2383,0.2373,0.238
2019-11-22,0.2381,0.2392,0.2379,0.2379
2019-11-25,0.2384,0.2384,0.2362,0.2362
2019-11-26,0.2362,0.2362,0.2343,0.2358
2019-11-27,0.2358,0.236,0.2341,0.2341
2019-11-28,0.2341,0.2383,0.2341,0.2383
2019-11-29,0.2382,0.2384,0.2361,0.2361
2019-12-02,0.2356,0.2371,0.2356,0.2364
2019-12-03,0.2364,0.2384,0.2364,0.2374
2019-12-04,0.2373,0.2386,0.2372,0.2372
2019-12-05,0.2372,0.239,0.2371,0.2385
2019-12-06,0.2385,0.2414,0.2385,0.2411
2019-12-09,0.2407,0.2419,0.2407,0.241
2019-12-10,0.241,0.2415,0.2407,0.2407
2019-12-11,0.2407,0.2429,0.2407,0.2421
2019-12-12,0.2421,0.2444,0.2421,0.244
2019-12-13,0.2441,0.2448,0.2429,0.2429
2019-12-16,0.243,0.2462,0.243,0.2457
2019-12-17,0.2457,0.2464,0.2452,0.2452
2019-12-18,0.2452,0.2466,0.2452,0.2457
2019-12-19,0.2457,0.2463,0.2453,0.2453
2019-12-20,0.2453,0.2459,0.2433,0.2433
2019-12-23,0.2434,0.246,0.2434,0.2445
2019-12-24,0.2445,0.2449,0.2444,0.2444
2019-12-25,0.2445,0.2449,0.2445,0.2445
2019-12-26,0.2449,0.2466,0.2449,0.2461
2019-12-27,0.2461,0.2471,0.2461,0.2469
2019-12-30,0.2468,0.2489,0.2468,0.2483
2019-12-31,0.2484,0.2485,0.2484,0.2485
2020-01-01,0.2484,0.2485,0.2484,0.2484
2020-01-02,0.2484,0.2491,0.2479,0.248
2020-01-03,0.248,0.2481,0.2461,0.2467
2020-01-06,0.2467,0.2467,0.2458,0.2458
2020-01-07,0.2458,0.246,0.2449,0.2454
2020-01-08,0.2454,0.247,0.2454,0.2456
2020-01-09,0.2456,0.246,0.2439,0.2439
2020-01-10,0.2439,0.2457,0.2438,0.2438
2020-01-13,0.2439,0.2439,0.2407,0.2407
2020-01-14,0.2407,0.2421,0.2407,0.2416
2020-01-15,0.2416,0.2417,0.2391,0.2391
2020-01-16,0.2391,0.2399,0.2386,0.2386
2020-01-17,0.2385,0.24,0.2385,0.2397
2020-01-20,0.2399,0.24,0.2383,0.2383
2020-01-21,0.2382,0.2385,0.237,0.237
2020-01-22,0.237,0.2392,0.237,0.2387
2020-01-23,0.2387,0.2401,0.2387,0.2394
2020-01-24,0.2394,0.2395,0.2386,0.2386
2020-01-27,0.2387,0.2389,0.2368,0.2373
2020-01-28,0.2373,0.2384,0.2373,0.238
2020-01-29,0.238,0.2386,0.236,0.236
2020-01-30,0.236,0.236,0.2345,0.2353
2020-01-31,0.2352,0.2353,0.2332,0.2332
2020-02-03,0.2331,0.2359,0.2331,0.235
2020-02-04,0.235,0.2362,0.2346,0.2346
2020-02-05,0.2346,0.2361,0.2346,0.2357
2020-02-06,0.2357,0.2371,0.2331,0.2331
2020-02-07,0.2331,0.2332,0.2314,0.2314
2020-02-10,0.2311,0.2316,0.2308,0.2308
2020-02-11,0.2309,0.2323,0.2305,0.2305
2020-02-12,0.2302,0.231,0.2293,0.2293
2020-02-13,0.2292,0.2314,0.2287,0.2294
2020-02-14,0.23,0.2326,0.23,0.2323
2020-02-17,0.232,0.2326,0.2307,0.2307
2020-02-18,0.2307,0.2308,0.2292,0.2292
2020-02-19,0.2292,0.2292,0.2287,0.2287
2020-02-20,0.2287,0.2289,0.2272,0.2272
2020-02-21,0.2272,0.2282,0.2272,0.2274
2020-02-24,0.2274,0.2275,0.2274,0.2275
2020-02-25,0.2275,0.2275,0.2275,0.2275
2020-02-26,0.2275,0.2275,0.2243,0.2243
2020-02-27,0.2243,0.2244,0.2225,0.2225
2020-02-28,0.2225,0.2234,0.222,0.2232
2020-03-02,0.2231,0.2233,0.2224,0.2231
2020-03-03,0.2231,0.2238,0.2211,0.2211
2020-03-04,0.2211,0.2216,0.2177,0.2177
2020-03-05,0.2178,0.2184,0.215,0.2166
2020-03-06,0.2166,0.2167,0.2147,0.2156
2020-03-09,0.2156,0.2158,0.2092,0.2112
2020-03-10,0.2113,0.2153,0.2113,0.2149
2020-03-11,0.2149,0.2151,0.2073,0.2073
2020-03-12,0.2073,0.2093,0.2004,0.2083
2020-03-13,0.2083,0.2144,0.2056,0.2063
2020-03-16,0.2054,0.2055,0.1985,0.1996
2020-03-17,0.1996,0.2012,0.1973,0.1993
2020-03-18,0.1993,0.1993,0.1912,0.1954
2020-03-19,0.1954,0.1968,0.1926,0.1958
2020-03-20,0.1958,0.2002,0.1958,0.1971
2020-03-23,0.1975,0.1989,0.194,0.194
2020-03-24,0.194,0.1978,0.194,0.1957
2020-03-25,0.1957,0.2005,0.1957,0.1982
2020-03-26,0.1982,0.2006,0.1981,0.1987
2020-03-27,0.1987,0.1987,0.1956,0.1956
2020-03-30,0.1956,0.197,0.1921,0.1921
2020-03-31,0.1922,0.1929,0.1917,0.1917
2020-04-01,0.1917,0.1922,0.19,0.1901
2020-04-02,0.1901,0.191,0.1897,0.1898
2020-04-03,0.1899,0.1899,0.1865,0.1865
2020-04-06,0.1865,0.1909,0.1865,0.1888
2020-04-07,0.1888,0.1922,0.1888,0.1911
2020-04-08,0.1911,0.1952,0.1911,0.1948
2020-04-09,0.1948,0.1976,0.1946,0.1954
2020-04-10,0.1954,0.1959,0.1954,0.1954
2020-04-13,0.1954,0.1959,0.1919,0.1919
2020-04-14,0.1919,0.1935,0.1919,0.1933
2020-04-15,0.1933,0.1933,0.1903,0.1905
2020-04-16,0.1905,0.1917,0.1903,0.1907
2020-04-17,0.1906,0.1915,0.1901,0.1905
2020-04-20,0.1905,0.1906,0.1877,0.1877
2020-04-21,0.1877,0.1877,0.1877,0.1877
2020-04-22,0.1877,0.188,0.1828,0.1828
2020-04-23,0.1828,0.1849,0.1803,0.1803
2020-04-24,0.1803,0.1818,0.1746,0.1784
2020-04-27,0.1784,0.1801,0.1752,0.1765
2020-04-28,0.1764,0.182,0.1758,0.1815
2020-04-29,0.1815,0.187,0.1815,0.187
2020-04-30,0.187,0.1871,0.1818,0.1818
2020-05-01,0.1819,0.1819,0.1819,0.1819
2020-05-04,0.1818,0.1819,0.179,0.18
2020-05-05,0.18,0.1817,0.1788,0.1788
2020-05-06,0.1788,0.179,0.1746,0.1746
2020-05-07,0.1745,0.1757,0.1707,0.1711
2020-05-08,0.1711,0.1743,0.1673,0.1741
2020-05-11,0.174,0.1741,0.1715,0.1715
2020-05-12,0.1714,0.1735,0.1695,0.1695
2020-05-13,0.1695,0.1713,0.1688,0.1695
2020-05-14,0.1695,0.1719,0.1679,0.1717
2020-05-15,0.1717,0.173,0.1704,0.1704
2020-05-18,0.1703,0.1749,0.1703,0.1744
2020-05-19,0.1744,0.1754,0.1733,0.1733
2020-05-20,0.1733,0.1759,0.1733,0.1752
2020-05-21,0.1753,0.1797,0.1753,0.1797
2020-05-22,0.1797,0.1804,0.1783,0.1803
2020-05-25,0.1803,0.1836,0.1796,0.1833
2020-05-26,0.1833,0.1869,0.1833,0.1866
2020-05-27,0.1867,0.1893,0.1867,0.1893
2020-05-28,0.1892,0.1892,0.1846,0.1846
2020-05-29,0.1846,0.1876,0.1837,0.187
2020-06-01,0.187,0.1877,0.1851,0.1859
2020-06-02,0.1859,0.1919,0.1859,0.1919
2020-06-03,0.1919,0.1988,0.1919,0.1971
2020-06-04,0.1971,0.1983,0.1949,0.1949
2020-06-05,0.195,0.2021,0.195,0.2011
2020-06-08,0.2012,0.207,0.2012,0.2069
2020-06-09,0.2069,0.207,0.2033,0.2037
2020-06-10,0.2037,0.2055,0.2006,0.2006
2020-06-11,0.2007,0.2008,0.2006,0.2006
2020-06-12,0.2005,0.2006,0.1961,0.1976
2020-06-15,0.1976,0.1976,0.1919,0.1935
2020-06-16,0.1935,0.1973,0.1903,0.1903
2020-06-17,0.1903,0.1924,0.1903,0.1908
2020-06-18,0.1908,0.1909,0.1855,0.1855
2020-06-19,0.1856,0.1886,0.1856,0.1879
2020-06-22,0.1879,0.1917,0.1879,0.1899
2020-06-23,0.1899,0.1943,0.1899,0.1937
2020-06-24,0.1937,0.1941,0.1866,0.1866
2020-06-25,0.1866,0.1893,0.1861,0.1861
2020-06-26,0.1861,0.1862,0.182,0.182
2020-06-29,0.182,0.185,0.182,0.1847
2020-06-30,0.1847,0.1848,0.1821,0.1826
2020-07-01,0.1826,0.1881,0.1826,0.1876
2020-07-02,0.1877,0.1893,0.1861,0.1861
2020-07-03,0.1862,0.188,0.1862,0.1877
2020-07-06,0.1878,0.1891,0.1863,0.1863
2020-07-07,0.1863,0.1886,0.1855,0.1855
2020-07-08,0.1855,0.1876,0.1855,0.1867
2020-07-09,0.1867,0.1899,0.1865,0.1868
2020-07-10,0.1868,0.1877,0.186,0.1877
2020-07-13,0.1869,0.1876,0.1847,0.1847
2020-07-14,0.1847,0.1872,0.184,0.1859
2020-07-15,0.1859,0.1886,0.1857,0.1857
2020-07-16,0.1858,0.1879,0.1858,0.1872
2020-07-17,0.1872,0.1877,0.1852,0.1852
2020-07-20,0.1852,0.1873,0.1852,0.1873
2020-07-21,0.1873,0.1931,0.1873,0.193
2020-07-22,0.193,0.1961,0.1928,0.1949
2020-07-23,0.1949,0.1956,0.1915,0.1915
2020-07-24,0.1915,0.1932,0.1908,0.1908
2020-07-27,0.1907,0.194,0.1907,0.194
2020-07-28,0.194,0.1942,0.1928,0.1936
2020-07-29,0.1936,0.1949,0.193,0.193
2020-07-30,0.193,0.1939,0.1923,0.1937
2020-07-31,0.1936,0.1938,0.1911,0.1911
2020-08-03,0.1911,0.1914,0.1876,0.1876
2020-08-04,0.1876,0.1891,0.1866,0.1886
2020-08-05,0.1886,0.1906,0.1884,0.1886
2020-08-06,0.1886,0.1886,0.1866,0.1871
2020-08-07,0.1871,0.1872,0.1835,0.1835
2020-08-10,0.1835,0.1863,0.182,0.182
2020-08-11,0.182,0.1857,0.182,0.1854
2020-08-12,0.1854,0.1854,0.1825,0.1835
2020-08-13,0.1835,0.1864,0.1835,0.1859
2020-08-14,0.1859,0.1861,0.184,0.184
2020-08-17,0.184,0.1842,0.1811,0.1811
2020-08-18,0.1811,0.1839,0.1811,0.1825
2020-08-19,0.1825,0.1835,0.1795,0.1795
2020-08-20,0.1795,0.18,0.1768,0.1796
2020-08-21,0.1795,0.1796,0.1775,0.1775
2020-08-24,0.1775,0.1794,0.1775,0.1778
2020-08-25,0.1778,0.1811,0.1778,0.1811
2020-08-26,0.1811,0.1811,0.1779,0.1779
2020-08-27,0.1779,0.1798,0.1779,0.1791
2020-08-28,0.1791,0.1852,0.1791,0.1851
2020-08-31,0.1853,0.1853,0.1817,0.1817
2020-09-01,0.1817,0.1869,0.1817,0.1848
2020-09-02,0.1848,0.1869,0.1848,0.1868
2020-09-03,0.1868,0.1891,0.1867,0.1886
2020-09-04,0.1886,0.1899,0.1882,0.1882
2020-09-07,0.1882,0.1883,0.1882,0.1883
2020-09-08,0.1883,0.1883,0.1855,0.1861
2020-09-09,0.1861,0.1889,0.1861,0.1879
2020-09-10,0.1879,0.1893,0.1875,0.1875
2020-09-11,0.1875,0.1895,0.1875,0.1877
2020-09-14,0.1876,0.1896,0.1876,0.1894
2020-09-15,0.1893,0.1911,0.1891,0.1891
2020-09-16,0.1891,0.1911,0.1891,0.1905
2020-09-17,0.1905,0.1908,0.1896,0.1904
2020-09-18,0.1904,0.1905,0.1851,0.1851
2020-09-21,0.1851,0.1862,0.1824,0.1843
2020-09-22,0.1843,0.1852,0.1824,0.1824
2020-09-23,0.1824,0.1824,0.1784,0.1784
2020-09-24,0.1784,0.1815,0.1783,0.181
2020-09-25,0.181,0.1811,0.1794,0.1794
2020-09-28,0.1797,0.1807,0.1762,0.1762
2020-09-29,0.1762,0.1778,0.1762,0.1771
2020-09-30,0.1772,0.1784,0.177,0.1778
2020-10-01,0.1778,0.1788,0.1768,0.1768
2020-10-02,0.1768,0.1779,0.1756,0.1756
2020-10-05,0.1756,0.1796,0.1756,0.179
2020-10-06,0.179,0.1819,0.1782,0.1782
2020-10-07,0.1783,0.1796,0.1778,0.1778
2020-10-08,0.1778,0.1788,0.1776,0.1783
2020-10-09,0.1782,0.1809,0.1782,0.1804
2020-10-12,0.1804,0.1805,0.1804,0.1804
2020-10-13,0.1804,0.1804,0.1783,0.1791
2020-10-14,0.1789,0.1802,0.1784,0.1784
2020-10-15,0.1784,0.1784,0.1775,0.1778
2020-10-16,0.1778,0.1783,0.1767,0.1767
2020-10-19,0.1767,0.1791,0.1767,0.1779
2020-10-20,0.1779,0.1798,0.1779,0.178
2020-10-21,0.178,0.179,0.1779,0.1779
2020-10-22,0.1779,0.1792,0.1779,0.1784
2020-10-23,0.1784,0.1792,0.1776,0.1776
2020-10-26,0.1776,0.1777,0.1771,0.1774
2020-10-27,0.1774,0.1781,0.1749,0.1749
2020-10-28,0.1748,0.1759,0.1734,0.1736
2020-10-29,0.1736,0.174,0.1726,0.1726
2020-10-30,0.1726,0.1742,0.1726,0.1737
2020-11-02,0.1737,0.1738,0.1737,0.1737
2020-11-03,0.1736,0.1765,0.1732,0.1733
2020-11-04,0.1733,0.1766,0.1733,0.1762
2020-11-05,0.1761,0.1806,0.1761,0.1806
2020-11-06,0.1806,0.1862,0.18,0.186
2020-11-09,0.186,0.191,0.1849,0.1853
2020-11-10,0.1852,0.1869,0.1843,0.1843
2020-11-11,0.1843,0.1856,0.1838,0.1847
2020-11-12,0.1851,0.1864,0.1827,0.1828
2020-11-13,0.1828,0.1829,0.1814,0.1828
2020-11-16,0.1828,0.186,0.1828,0.1836
2020-11-17,0.1836,0.1874,0.1836,0.1873
2020-11-18,0.1873,0.189,0.1861,0.1861
2020-11-19,0.1861,0.1883,0.1861,0.1878
2020-11-20,0.1878,0.1885,0.1855,0.1855
2020-11-23,0.1855,0.1867,0.1834,0.1834
2020-11-24,0.1834,0.1857,0.1834,0.1855
2020-11-25,0.1855,0.1881,0.1855,0.1876
2020-11-26,0.1874,0.1883,0.187,0.187
2020-11-27,0.187,0.1875,0.1864,0.1867
2020-11-30,0.1867,0.189,0.1859,0.1871
2020-12-01,0.1871,0.1917,0.1871,0.1917
2020-12-02,0.1917,0.1917,0.1909,0.1912
2020-12-03,0.1913,0.1948,0.1908,0.1937
2020-12-04,0.1937,0.1949,0.1933,0.1935
2020-12-07,0.1935,0.1972,0.1935,0.1963
2020-12-08,0.1963,0.197,0.1949,0.1949
2020-12-09,0.1949,0.196,0.193,0.193
2020-12-10,0.1925,0.1989,0.1925,0.1986
2020-12-11,0.1985,0.1986,0.197,0.1971
2020-12-14,0.197,0.199,0.195,0.195
2020-12-15,0.195,0.1965,0.195,0.1964
2020-12-16,0.1963,0.1966,0.1949,0.1963
2020-12-17,0.1963,0.1977,0.1959,0.1974
2020-12-18,0.1973,0.1974,0.196,0.1962
2020-12-21,0.1956,0.1962,0.1919,0.195
2020-12-22,0.195,0.1952,0.1934,0.1934
2020-12-23,0.1934,0.1944,0.1913,0.1913
2020-12-24,0.1913,0.1919,0.1913,0.1919
2020-12-25,0.1919,0.1919,0.1913,0.1913
2020-12-28,0.1919,0.1931,0.1888,0.1902
2020-12-29,0.1902,0.1931,0.1902,0.1915
2020-12-30,0.1916,0.1934,0.1915,0.1921
2020-12-31,0.1919,0.1922,0.191,0.1921
2021-01-01,0.1921,0.1922,0.1921,0.1922
2021-01-04,0.1922,0.1948,0.1884,0.1884
2021-01-05,0.1884,0.1903,0.1873,0.1888
2021-01-06,0.1887,0.1905,0.1874,0.1877
2021-01-07,0.1878,0.1881,0.1844,0.1844
2021-01-08,0.1844,0.1874,0.1842,0.1842
2021-01-11,0.1842,0.1842,0.1817,0.1819
2021-01-12,0.1818,0.1878,0.1818,0.1875
2021-01-13,0.1875,0.1892,0.1874,0.1883
2021-01-14,0.1883,0.1921,0.1883,0.1921
2021-01-15,0.192,0.1921,0.1885,0.1885
2021-01-18,0.1885,0.1904,0.1884,0.1884
2021-01-19,0.1884,0.1902,0.1862,0.1862
2021-01-20,0.1862,0.1887,0.1862,0.1886
2021-01-21,0.1886,0.1905,0.1858,0.1865
2021-01-22,0.1865,0.1865,0.1825,0.1825
2021-01-25,0.1825,0.1826,0.1813,0.1825
2021-01-26,0.1825,0.1876,0.1813,0.1863
2021-01-27,0.1863,0.1864,0.1843,0.1843
2021-01-28,0.1843,0.1849,0.1834,0.1834
2021-01-29,0.1834,0.1838,0.1822,0.1827
2021-02-01,0.1826,0.1838,0.1826,0.1837
2021-02-02,0.1837,0.1865,0.1837,0.1859
2021-02-03,0.1859,0.1874,0.1857,0.1865
2021-02-04,0.1864,0.1864,0.1837,0.1839
2021-02-05,0.1839,0.1866,0.1839,0.1858
2021-02-08,0.1858,0.188,0.1851,0.1859
2021-02-09,0.186,0.1861,0.1841,0.1855
2021-02-10,0.1855,0.1863,0.1845,0.1853
2021-02-11,0.1853,0.1869,0.1853,0.1859
2021-02-12,0.1859,0.1863,0.1854,0.1858
2021-02-15,0.1858,0.1858,0.1857,0.1857
2021-02-16,0.1857,0.1859,0.1857,0.1857
2021-02-17,0.1858,0.1858,0.1844,0.1844
2021-02-18,0.1844,0.1853,0.1838,0.1839
2021-02-19,0.1839,0.1859,0.1835,0.1846
2021-02-22,0.1854,0.1854,0.1813,0.1826
2021-02-23,0.1826,0.1842,0.1826,0.1834
2021-02-24,0.1834,0.1851,0.1834,0.1847
2021-02-25,0.1846,0.1847,0.1804,0.1804
2021-02-26,0.1804,0.1816,0.1782,0.1782
2021-03-01,0.1784,0.1793,0.1768,0.1768
2021-03-02,0.1769,0.1769,0.1749,0.1757
2021-03-03,0.1757,0.1784,0.1737,0.1776
2021-03-04,0.1776,0.1795,0.176,0.176
2021-03-05,0.176,0.1762,0.1753,0.1753
2021-03-08,0.1753,0.1753,0.1698,0.1698
2021-03-09,0.1698,0.1727,0.1698,0.172
2021-03-10,0.172,0.1766,0.172,0.1759
2021-03-11,0.1758,0.1804,0.1758,0.1802
2021-03-12,0.1803,0.1803,0.1793,0.1793
2021-03-15,0.1793,0.1802,0.1774,0.1777
2021-03-16,0.1777,0.1795,0.1774,0.1774
2021-03-17,0.1774,0.1789,0.1766,0.1787
2021-03-18,0.1787,0.182,0.1787,0.1794
2021-03-19,0.1794,0.183,0.1794,0.1818
2021-03-22,0.1818,0.1823,0.1807,0.1812
2021-03-23,0.1812,0.1824,0.1807,0.1807
2021-03-24,0.1807,0.1816,0.1775,0.1775
2021-03-25,0.1775,0.1775,0.1765,0.1767
2021-03-26,0.1766,0.1767,0.1733,0.1733
2021-03-29,0.1733,0.1738,0.1725,0.1725
2021-03-30,0.1725,0.1743,0.1725,0.1728
2021-03-31,0.1728,0.1774,0.1728,0.1772
2021-04-01,0.1771,0.1779,0.1747,0.1747
2021-04-02,0.1747,0.1748,0.1747,0.1747
2021-04-05,0.1747,0.1771,0.1747,0.1762
2021-04-06,0.1762,0.1786,0.1762,0.1785
2021-04-07,0.1785,0.1798,0.1773,0.1777
2021-04-08,0.1778,0.1801,0.1778,0.1792
2021-04-09,0.1792,0.1792,0.1755,0.1755
2021-04-12,0.1756,0.177,0.174,0.174
2021-04-13,0.174,0.176,0.174,0.1745
2021-04-14,0.1745,0.1766,0.1745,0.1765
2021-04-15,0.1764,0.1781,0.1764,0.1776
2021-04-16,0.1776,0.1791,0.1766,0.1785
2021-04-19,0.1788,0.1804,0.1783,0.1799
2021-04-20,0.1799,0.1811,0.1791,0.1791
2021-04-21,0.1792,0.1798,0.1791,0.1791
2021-04-22,0.1791,0.1834,0.1791,0.1833
2021-04-23,0.1833,0.1839,0.1817,0.1822
2021-04-26,0.1822,0.1836,0.1822,0.1835
2021-04-27,0.1835,0.1841,0.183,0.183
2021-04-28,0.183,0.1868,0.183,0.1867
2021-04-29,0.1868,0.1872,0.1864,0.1869
2021-04-30,0.1869,0.1869,0.1835,0.1835
2021-05-03,0.1835,0.1855,0.1835,0.1835
2021-05-04,0.1834,0.1842,0.1828,0.1833
2021-05-05,0.1832,0.1864,0.1832,0.1864
2021-05-06,0.1864,0.1898,0.1864,0.1891
2021-05-07,0.189,0.1917,0.189,0.1906
2021-05-10,0.1907,0.1919,0.1907,0.1909
2021-05-11,0.191,0.1916,0.1898,0.1911
2021-05-12,0.1911,0.1914,0.188,0.188
2021-05-13,0.1881,0.1898,0.188,0.188
2021-05-14,0.188,0.1902,0.188,0.1893
2021-05-17,0.1892,0.1901,0.1884,0.1892
2021-05-18,0.1892,0.1906,0.1892,0.1897
2021-05-19,0.1897,0.1897,0.1879,0.1879
2021-05-20,0.1879,0.1893,0.1879,0.1889
2021-05-21,0.1889,0.1892,0.1859,0.1859
2021-05-24,0.1863,0.1878,0.1863,0.1876
2021-05-25,0.1875,0.1884,0.1873,0.1873
2021-05-26,0.1871,0.1886,0.1871,0.1879
2021-05-27,0.1879,0.1905,0.1879,0.1904
2021-05-28,0.1904,0.1915,0.1904,0.1914
2021-05-31,0.1914,0.1919,0.1905,0.1912
2021-06-01,0.1912,0.194,0.1912,0.1935
2021-06-02,0.1937,0.1969,0.1937,0.1965
2021-06-03,0.1966,0.1966,0.1965,0.1965
2021-06-04,0.1965,0.1983,0.1956,0.1978
2021-06-07,0.1978,0.1988,0.1977,0.1977
2021-06-08,0.1978,0.1986,0.1977,0.1981
2021-06-09,0.1981,0.1987,0.1971,0.1971
2021-06-10,0.1971,0.1982,0.1971,0.1974
2021-06-11,0.1974,0.1974,0.195,0.1951
2021-06-14,0.1951,0.1973,0.1951,0.1972
2021-06-15,0.1972,0.198,0.1964,0.1978
2021-06-16,0.1979,0.1998,0.1973,0.1974
2021-06-17,0.1974,0.1993,0.1974,0.1993
2021-06-18,0.1992,0.2002,0.1962,0.1971
2021-06-21,0.1971,0.199,0.1966,0.1988
2021-06-22,0.199,0.2013,0.1986,0.2013
2021-06-23,0.2013,0.202,0.2008,0.2008
2021-06-24,0.201,0.2037,0.201,0.2031
2021-06-25,0.2031,0.2037,0.2017,0.2023
2021-06-28,0.2023,0.2028,0.2018,0.2023
2021-06-29,0.2026,0.2027,0.2014,0.2014
2021-06-30,0.2013,0.2014,0.1996,0.2008
2021-07-01,0.2008,0.2015,0.1977,0.1977
2021-07-02,0.1976,0.2,0.1972,0.1972
2021-07-05,0.1973,0.198,0.1959,0.1959
2021-07-06,0.196,0.1965,0.192,0.192
2021-07-07,0.192,0.1929,0.1899,0.1907
2021-07-08,0.1907,0.1912,0.1892,0.1897
2021-07-09,0.1897,0.1907,0.1897,0.1897
2021-07-12,0.1898,0.1931,0.1898,0.1929
2021-07-13,0.1929,0.1937,0.192,0.1932
2021-07-14,0.1933,0.1968,0.1933,0.1968
2021-07-15,0.1968,0.1973,0.1952,0.1954
2021-07-16,0.1952,0.1965,0.1951,0.1951
2021-07-19,0.1951,0.1951,0.19,0.19
2021-07-20,0.19,0.1917,0.1894,0.1911
2021-07-21,0.1911,0.1925,0.19,0.1923
2021-07-22,0.1923,0.1933,0.1916,0.1916
2021-07-23,0.1919,0.1934,0.1917,0.1919
2021-07-26,0.1919,0.1935,0.1916,0.1928
2021-07-27,0.1928,0.1937,0.1928,0.193
2021-07-28,0.193,0.1954,0.193,0.195
2021-07-29,0.1951,0.1979,0.1951,0.1964
2021-07-30,0.1964,0.1975,0.1916,0.1916
2021-08-02,0.1916,0.1951,0.1916,0.1936
2021-08-03,0.1928,0.1936,0.1901,0.192
2021-08-04,0.192,0.193,0.1912,0.193
2021-08-05,0.193,0.1951,0.1902,0.1902
2021-08-06,0.1902,0.1915,0.1901,0.1907
2021-08-09,0.1904,0.1913,0.1892,0.1907
2021-08-10,0.1907,0.1923,0.1905,0.1923
2021-08-11,0.1923,0.1931,0.1912,0.1912
2021-08-12,0.1912,0.1914,0.1899,0.1899
2021-08-13,0.1899,0.191,0.1898,0.1902
2021-08-16,0.1903,0.1908,0.1893,0.1893
2021-08-17,0.1897,0.1904,0.1884,0.1884
2021-08-18,0.1884,0.1895,0.1855,0.1855
2021-08-19,0.1854,0.1863,0.184,0.1842
2021-08-20,0.1842,0.1859,0.1831,0.1855
2021-08-23,0.1855,0.1866,0.1855,0.1855
2021-08-24,0.1854,0.1902,0.1854,0.19
2021-08-25,0.1902,0.1916,0.1902,0.1914
2021-08-26,0.1914,0.1916,0.19,0.19
2021-08-27,0.1898,0.1923,0.1898,0.1917
2021-08-30,0.1919,0.1925,0.1906,0.1925
2021-08-31,0.1925,0.195,0.1925,0.1938
2021-09-01,0.1937,0.1939,0.1924,0.1924
2021-09-02,0.1924,0.1939,0.1924,0.1924
2021-09-03,0.1925,0.1942,0.1922,0.1922
2021-09-06,0.1924,0.1935,0.1924,0.193
2021-09-07,0.193,0.193,0.1928,0.193
2021-09-08,0.193,0.193,0.1875,0.1875
2021-09-09,0.1875,0.192,0.1875,0.192
2021-09-10,0.192,0.1926,0.1902,0.1902
2021-09-13,0.19,0.1918,0.19,0.1914
2021-09-14,0.1914,0.1917,0.1904,0.1904
2021-09-15,0.1904,0.1911,0.1899,0.1911
2021-09-16,0.1911,0.1912,0.1897,0.1897
2021-09-17,0.1898,0.1899,0.1876,0.1887
2021-09-20,0.1888,0.1888,0.1865,0.1874
2021-09-21,0.1874,0.1894,0.1869,0.1893
2021-09-22,0.1893,0.1898,0.1886,0.1887
2021-09-23,0.1879,0.1897,0.1879,0.1881
2021-09-24,0.1881,0.1882,0.187,0.187
2021-09-27,0.1869,0.1877,0.185,0.185
2021-09-28,0.1851,0.1854,0.1838,0.1838
2021-09-29,0.1838,0.1849,0.1838,0.1842
2021-09-30,0.1842,0.1857,0.1831,0.1833
2021-10-01,0.1833,0.1863,0.1833,0.1862
2021-10-04,0.1862,0.1862,0.1829,0.1829
2021-10-05,0.1833,0.1838,0.1822,0.1822
2021-10-06,0.1822,0.1825,0.1811,0.1816
2021-10-07,0.1816,0.1824,0.1812,0.1812
2021-10-08,0.1808,0.1818,0.1808,0.1811
2021-10-11,0.1812,0.1815,0.1802,0.1802
2021-10-12,0.1802,0.1807,0.1802,0.1807
2021-10-13,0.1803,0.1813,0.1799,0.1811
2021-10-14,0.181,0.1823,0.181,0.181
2021-10-15,0.181,0.1835,0.181,0.1828
2021-10-18,0.1829,0.1829,0.181,0.1812
2021-10-19,0.181,0.1812,0.1786,0.1786
2021-10-20,0.1787,0.1807,0.1782,0.1782
2021-10-21,0.1782,0.1802,0.1762,0.1763
2021-10-22,0.1763,0.1772,0.1743,0.1766
2021-10-25,0.1766,0.1802,0.1766,0.18
2021-10-26,0.1796,0.18,0.179,0.1792
2021-10-27,0.1792,0.1802,0.1792,0.1802
2021-10-28,0.1802,0.1802,0.1767,0.1767
2021-10-29,0.1767,0.178,0.1767,0.177
2021-11-01,0.177,0.1773,0.1757,0.1757
2021-11-02,0.1757,0.176,0.1757,0.1757
2021-11-03,0.1757,0.1797,0.1757,0.1797
2021-11-04,0.1797,0.1797,0.1781,0.1781
2021-11-05,0.1781,0.1813,0.1781,0.18
2021-11-08,0.18,0.181,0.1792,0.1797
2021-11-09,0.18,0.1825,0.18,0.182
2021-11-10,0.182,0.1835,0.1817,0.1817
2021-11-11,0.1817,0.185,0.1817,0.1846
2021-11-12,0.1848,0.1848,0.1829,0.1829
2021-11-15,0.1828,0.1831,0.1828,0.1828
2021-11-16,0.1828,0.1836,0.1813,0.1813
2021-11-17,0.1813,0.1823,0.1805,0.1805
2021-11-18,0.1804,0.1808,0.1791,0.1791
2021-11-19,0.1795,0.1805,0.178,0.178
2021-11-22,0.1777,0.1792,0.1777,0.178
2021-11-23,0.1786,0.1791,0.1771,0.1791
2021-11-24,0.1791,0.1794,0.1784,0.1785
2021-11-25,0.178,0.1798,0.178,0.1789
2021-11-26,0.1792,0.1793,0.1778,0.1779
2021-11-29,0.1779,0.1789,0.1778,0.178
2021-11-30,0.1781,0.1787,0.177,0.1774
2021-12-01,0.1774,0.1787,0.1752,0.1752
2021-12-02,0.1752,0.1776,0.1752,0.1766
2021-12-03,0.1766,0.178,0.1764,0.1765
2021-12-06,0.1765,0.1768,0.1752,0.1752
2021-12-07,0.1754,0.1778,0.1754,0.1773
2021-12-08,0.1777,0.1805,0.1777,0.1801
2021-12-09,0.1803,0.1808,0.1785,0.1785
2021-12-10,0.179,0.1794,0.1777,0.1777
2021-12-13,0.1778,0.178,0.1762,0.1762
2021-12-14,0.1756,0.1774,0.1752,0.1752
2021-12-15,0.1756,0.1761,0.175,0.1756
2021-12-16,0.1756,0.1763,0.1752,0.1754
2021-12-17,0.1754,0.1761,0.1752,0.1752
2021-12-20,0.1752,0.1756,0.174,0.174
2021-12-21,0.1737,0.1746,0.1737,0.1737
2021-12-22,0.1736,0.1765,0.1736,0.1765
2021-12-23,0.1765,0.1772,0.1753,0.1758
2021-12-24,0.1758,0.1762,0.1758,0.1758
2021-12-27,0.1758,0.1774,0.1757,0.177
2021-12-28,0.1774,0.1774,0.1771,0.1773
2021-12-29,0.1773,0.1773,0.1753,0.1753
2021-12-30,0.1749,0.1797,0.1749,0.1791
2021-12-31,0.1791,0.1796,0.1791,0.1791
2022-01-03,0.1791,0.1793,0.1762,0.1762
2022-01-04,0.1754,0.1769,0.1754,0.1754
2022-01-05,0.1757,0.1768,0.1748,0.1748
2022-01-06,0.1747,0.1758,0.1747,0.1754
2022-01-07,0.1755,0.1774,0.1755,0.1771
2022-01-10,0.177,0.1772,0.1757,0.1757
2022-01-11,0.1762,0.1793,0.1762,0.1785
2022-01-12,0.1791,0.1807,0.179,0.1803
2022-01-13,0.1803,0.1813,0.1803,0.1808
2022-01-14,0.1805,0.1811,0.1805,0.1805
2022-01-17,0.1803,0.1815,0.1803,0.1807
2022-01-18,0.1809,0.1811,0.1792,0.1792
2022-01-19,0.1792,0.1835,0.1792,0.1835
2022-01-20,0.1835,0.1852,0.1833,0.1841
2022-01-21,0.1841,0.1851,0.1828,0.1828
2022-01-24,0.183,0.183,0.1814,0.1814
2022-01-25,0.1818,0.1837,0.1816,0.1832
2022-01-26,0.1833,0.1847,0.1833,0.1837
2022-01-27,0.1837,0.1862,0.1837,0.1846
2022-01-28,0.1846,0.1859,0.1846,0.1859
2022-01-31,0.1852,0.1888,0.1852,0.1881
2022-02-01,0.1881,0.1895,0.1881,0.1892
2022-02-02,0.1895,0.1898,0.1886,0.1888
2022-02-03,0.1896,0.1896,0.1884,0.1884
2022-02-04,0.1888,0.1889,0.1873,0.1873
2022-02-07,0.1873,0.19,0.1873,0.1896
2022-02-08,0.1894,0.1899,0.1894,0.1897
2022-02-09,0.1895,0.1914,0.1895,0.1912
2022-02-10,0.1906,0.1927,0.1906,0.1906
2022-02-11,0.1906,0.1925,0.1903,0.1907
2022-02-14,0.1907,0.192,0.1903,0.1913
2022-02-15,0.1913,0.1934,0.1913,0.1934
2022-02-16,0.1934,0.1947,0.1934,0.1943
2022-02-17,0.1943,0.1945,0.1929,0.1929
2022-02-18,0.1929,0.1951,0.1929,0.1942
2022-02-21,0.1942,0.1965,0.1942,0.1958
2022-02-22,0.1955,0.1977,0.1955,0.197
2022-02-23,0.1973,0.1998,0.1973,0.1997
2022-02-24,0.1992,0.1997,0.1943,0.1943
2022-02-25,0.1948,0.1963,0.1933,0.1933
2022-02-28,0.1933,0.1934,0.1933,0.1934
2022-03-01,0.1932,0.1934,0.1931,0.1931
2022-03-02,0.1933,0.1963,0.1923,0.1957
2022-03-03,0.1956,0.1987,0.1956,0.1983
2022-03-04,0.1987,0.1987,0.1965,0.1971
2022-03-07,0.1966,0.1983,0.1952,0.1952
2022-03-08,0.1952,0.1977,0.1952,0.1972
2022-03-09,0.1973,0.2,0.1973,0.1991
2022-03-10,0.1991,0.1993,0.1976,0.1989
2022-03-11,0.1991,0.2001,0.1966,0.1966
2022-03-14,0.1966,0.1981,0.1944,0.1944
2022-03-15,0.1948,0.1959,0.1934,0.1934
2022-03-16,0.1932,0.1966,0.1932,0.1965
2022-03-17,0.1965,0.1983,0.1963,0.198
2022-03-18,0.198,0.1997,0.1975,0.1986
2022-03-21,0.1986,0.2022,0.1986,0.2022
2022-03-22,0.2018,0.2034,0.2018,0.2032
2022-03-23,0.2029,0.2068,0.2029,0.2062
2022-03-24,0.2062,0.2091,0.2062,0.2067
2022-03-25,0.2067,0.2108,0.2067,0.2104
2022-03-28,0.2101,0.2106,0.2081,0.2093
2022-03-29,0.2094,0.2114,0.2094,0.2096
2022-03-30,0.2096,0.211,0.2091,0.2092
2022-03-31,0.2092,0.2112,0.2092,0.2106
2022-04-01,0.2106,0.2144,0.2106,0.2142
2022-04-04,0.214,0.2173,0.214,0.2173
2022-04-05,0.2172,0.2175,0.2145,0.2145
2022-04-06,0.2144,0.2146,0.2116,0.2116
2022-04-07,0.2116,0.2123,0.21,0.2102
2022-04-08,0.21,0.2126,0.2093,0.2124
2022-04-11,0.2121,0.2132,0.2116,0.2132
2022-04-12,0.2126,0.2158,0.2126,0.2135
2022-04-13,0.2134,0.2142,0.2127,0.2127
2022-04-14,0.2127,0.2131,0.2113,0.2124
2022-04-15,0.2125,0.2125,0.2125,0.2125
2022-04-18,0.2125,0.2148,0.2125,0.2145
2022-04-19,0.2145,0.215,0.2139,0.2139
2022-04-20,0.2135,0.2165,0.2135,0.2161
2022-04-21,0.2159,0.2161,0.2159,0.2161
2022-04-22,0.216,0.2161,0.2073,0.2081
2022-04-25,0.208,0.2082,0.2026,0.205
2022-04-26,0.2046,0.205,0.1996,0.1996
2022-04-27,0.1997,0.2022,0.199,0.2015
2022-04-28,0.2011,0.2022,0.1987,0.2021
2022-04-29,0.2021,0.2052,0.2007,0.2007
2022-05-02,0.2007,0.2028,0.1964,0.1964
2022-05-03,0.1962,0.2012,0.1962,0.2011
2022-05-04,0.2012,0.2038,0.1992,0.2028
2022-05-05,0.2028,0.203,0.1981,0.1986
2022-05-06,0.1985,0.1992,0.1961,0.1964
2022-05-09,0.1965,0.1965,0.1933,0.1933
2022-05-10,0.1933,0.1952,0.1933,0.1948
2022-05-11,0.1944,0.1958,0.194,0.1946
2022-05-12,0.1942,0.1951,0.1927,0.1938
2022-05-13,0.1944,0.1977,0.1944,0.1972
2022-05-16,0.1972,0.1982,0.1965,0.1972
2022-05-17,0.1972,0.2024,0.1972,0.202
2022-05-18,0.2021,0.2025,0.2004,0.2008
2022-05-19,0.2008,0.2044,0.2008,0.2024
2022-05-20,0.2024,0.2056,0.2024,0.2052
2022-05-23,0.2045,0.2085,0.2045,0.2073
2022-05-24,0.2073,0.2089,0.2065,0.2071
2022-05-25,0.2071,0.2076,0.2062,0.2072
2022-05-26,0.2069,0.21,0.2069,0.2092
2022-05-27,0.21,0.2115,0.2097,0.211
2022-05-30,0.2107,0.2127,0.21,0.21
2022-05-31,0.21,0.2123,0.2098,0.2109
2022-06-01,0.2109,0.2112,0.2072,0.2072
2022-06-02,0.2072,0.2091,0.2072,0.2084
2022-06-03,0.2081,0.209,0.2075,0.209
2022-06-06,0.2086,0.2101,0.2081,0.2081
2022-06-07,0.2081,0.2082,0.2035,0.205
2022-06-08,0.2049,0.2058,0.2043,0.2043
2022-06-09,0.2037,0.205,0.2037,0.2037
2022-06-10,0.2035,0.2042,0.2,0.2002
2022-06-13,0.2002,0.2004,0.1951,0.1954
2022-06-14,0.1951,0.1961,0.1945,0.195
2022-06-15,0.195,0.1988,0.1949,0.1975
2022-06-16,0.1975,0.1975,0.1956,0.1974
2022-06-17,0.1975,0.1975,0.1936,0.1936
2022-06-20,0.1936,0.1944,0.1923,0.1923
2022-06-21,0.1923,0.1948,0.1923,0.1947
2022-06-22,0.1947,0.1947,0.1921,0.1921
2022-06-23,0.1921,0.193,0.1905,0.1905
2022-06-24,0.1905,0.1916,0.1901,0.1903
2022-06-27,0.1897,0.1918,0.1897,0.1909
2022-06-28,0.1905,0.1921,0.1894,0.1894
2022-06-29,0.1894,0.1927,0.1894,0.1926
2022-06-30,0.1926,0.1926,0.1899,0.1899
2022-07-01,0.19,0.191,0.1871,0.1871
2022-07-04,0.1871,0.1886,0.1871,0.1872
2022-07-05,0.1872,0.1875,0.1852,0.1852
2022-07-06,0.1852,0.1853,0.1835,0.1838
2022-07-07,0.1838,0.1871,0.1838,0.1866
2022-07-08,0.1869,0.1899,0.1868,0.1899
2022-07-11,0.1899,0.1899,0.1855,0.1855
2022-07-12,0.1855,0.1859,0.1837,0.1837
2022-07-13,0.1835,0.186,0.1835,0.1853
2022-07-14,0.185,0.1853,0.1826,0.1836
2022-07-15,0.184,0.1856,0.184,0.1849
2022-07-18,0.1849,0.1863,0.1835,0.1835
2022-07-19,0.1835,0.1858,0.1835,0.1843
2022-07-20,0.1843,0.1849,0.1828,0.1828
2022-07-21,0.1823,0.1834,0.1815,0.1815
2022-07-22,0.1814,0.1836,0.1814,0.1815
2022-07-25,0.1815,0.1863,0.1815,0.1862
2022-07-26,0.1863,0.1869,0.186,0.1865
2022-07-27,0.1865,0.1903,0.1865,0.1903
2022-07-28,0.1903,0.1934,0.1901,0.1925
2022-07-29,0.1925,0.1937,0.1925,0.1929
2022-08-01,0.1928,0.1944,0.1924,0.1924
2022-08-02,0.1924,0.1926,0.189,0.189
2022-08-03,0.189,0.1899,0.1887,0.1888
2022-08-04,0.1889,0.1918,0.1889,0.1914
2022-08-05,0.1915,0.1935,0.1903,0.1932
2022-08-08,0.1932,0.1955,0.1932,0.1952
2022-08-09,0.1952,0.1959,0.1945,0.1947
2022-08-10,0.1947,0.198,0.1947,0.196
2022-08-11,0.1959,0.197,0.1934,0.1934
2022-08-12,0.1935,0.197,0.1935,0.1967
2022-08-15,0.1968,0.1968,0.1951,0.1957
2022-08-16,0.1958,0.1958,0.1939,0.1939
2022-08-17,0.1939,0.194,0.1922,0.1931
2022-08-18,0.1932,0.1945,0.1925,0.1931
2022-08-19,0.1931,0.1932,0.1921,0.193
2022-08-22,0.193,0.1937,0.1927,0.1936
2022-08-23,0.1935,0.1965,0.1935,0.1955
2022-08-24,0.1955,0.1961,0.1952,0.1952
2022-08-25,0.1952,0.196,0.1949,0.1953
2022-08-26,0.1953,0.1973,0.1953,0.1971
2022-08-29,0.1972,0.1991,0.1971,0.1985
2022-08-30,0.1985,0.1991,0.1948,0.1948
2022-08-31,0.1948,0.1954,0.1924,0.1925
2022-09-01,0.1925,0.1937,0.1906,0.1906
2022-09-02,0.1904,0.1933,0.1904,0.1929
2022-09-05,0.1932,0.1937,0.1932,0.1936
2022-09-06,0.1936,0.1936,0.1901,0.1901
2022-09-07,0.1901,0.1905,0.1901,0.1901
2022-09-08,0.1901,0.1922,0.1901,0.1916
2022-09-09,0.1914,0.194,0.1914,0.1939
2022-09-12,0.1939,0.1962,0.1939,0.1962
2022-09-13,0.1959,0.1963,0.1923,0.1923
2022-09-14,0.1923,0.1936,0.1923,0.1932
2022-09-15,0.1932,0.1933,0.1901,0.1901
2022-09-16,0.1902,0.1905,0.1889,0.19
2022-09-19,0.1896,0.194,0.1892,0.193
2022-09-20,0.193,0.194,0.192,0.194
2022-09-21,0.194,0.1947,0.1929,0.1929
2022-09-22,0.1929,0.1954,0.1929,0.195
2022-09-23,0.195,0.195,0.1895,0.1895
2022-09-26,0.1897,0.1897,0.1851,0.1851
2022-09-27,0.1851,0.1882,0.1851,0.1855
2022-09-28,0.1855,0.1873,0.185,0.1856
2022-09-29,0.1856,0.1866,0.1848,0.1849
2022-09-30,0.1849,0.187,0.1844,0.1844
2022-10-03,0.1844,0.1935,0.1844,0.1932
2022-10-04,0.1932,0.1951,0.1922,0.1932
2022-10-05,0.1927,0.1932,0.1911,0.1921
2022-10-06,0.1921,0.1929,0.1911,0.1911
2022-10-07,0.1911,0.1919,0.1909,0.1919
2022-10-10,0.1915,0.1931,0.1915,0.1923
2022-10-11,0.1923,0.1925,0.1885,0.1885
2022-10-12,0.1885,0.1892,0.1885,0.1885
2022-10-13,0.1885,0.1908,0.1864,0.1897
2022-10-14,0.1897,0.1902,0.1874,0.1874
2022-10-17,0.1873,0.1899,0.1873,0.1889
2022-10-18,0.1889,0.1905,0.1889,0.1904
2022-10-19,0.1904,0.1905,0.1891,0.1891
2022-10-20,0.1893,0.1921,0.1893,0.1914
2022-10-21,0.1912,0.194,0.19,0.1933
2022-10-24,0.1932,0.1933,0.188,0.188
2022-10-25,0.188,0.1889,0.1872,0.1877
2022-10-26,0.1877,0.1887,0.1853,0.1853
2022-10-27,0.1853,0.1896,0.1853,0.1869
2022-10-28,0.1868,0.1888,0.1866,0.1885
2022-10-31,0.1885,0.1933,0.1855,0.1927
2022-11-01,0.1926,0.1958,0.1926,0.194
2022-11-02,0.194,0.1956,0.194,0.194
2022-11-03,0.194,0.1959,0.192,0.1951
2022-11-04,0.195,0.1988,0.195,0.1973
2022-11-07,0.1974,0.1983,0.1935,0.1935
2022-11-08,0.1935,0.1949,0.1912,0.194
2022-11-09,0.194,0.1942,0.1924,0.1924
2022-11-10,0.1924,0.1924,0.1853,0.1867
2022-11-11,0.1867,0.1898,0.1855,0.1866
2022-11-14,0.1866,0.1896,0.1866,0.1871
2022-11-15,0.1871,0.1877,0.1871,0.1871
2022-11-16,0.1871,0.1886,0.1848,0.1848
2022-11-17,0.1852,0.1852,0.1821,0.184
2022-11-18,0.184,0.1872,0.184,0.1857
2022-11-21,0.1857,0.1882,0.1857,0.1876
2022-11-22,0.1876,0.1888,0.1858,0.1861
2022-11-23,0.1861,0.1865,0.1854,0.1862
2022-11-24,0.1862,0.1882,0.1857,0.1875
2022-11-25,0.1879,0.188,0.1844,0.1844
2022-11-28,0.1844,0.1864,0.1844,0.186
2022-11-29,0.186,0.1893,0.186,0.1893
2022-11-30,0.1889,0.1927,0.1886,0.1924
2022-12-01,0.1925,0.1931,0.1919,0.1921
2022-12-02,0.1925,0.1932,0.1913,0.1913
2022-12-05,0.1913,0.1913,0.189,0.189
2022-12-06,0.189,0.1908,0.189,0.1906
2022-12-07,0.1906,0.1924,0.1902,0.1917
2022-12-08,0.1917,0.1921,0.1909,0.191
2022-12-09,0.191,0.1915,0.1898,0.1901
2022-12-12,0.1901,0.1905,0.1873,0.1876
2022-12-13,0.1873,0.1901,0.1873,0.1884
2022-12-14,0.1884,0.189,0.1867,0.189
2022-12-15,0.1888,0.1891,0.1875,0.188
2022-12-16,0.1878,0.1895,0.1878,0.1878
2022-12-19,0.1878,0.1886,0.1878,0.1881
2022-12-20,0.1885,0.1926,0.1882,0.1916
2022-12-21,0.1919,0.1934,0.1919,0.1919
2022-12-22,0.1919,0.1932,0.1919,0.1923
2022-12-23,0.1931,0.1949,0.193,0.1931
2022-12-26,0.1932,0.1933,0.1918,0.1918
2022-12-27,0.1912,0.1918,0.1885,0.1885
2022-12-28,0.1891,0.1908,0.1891,0.1894
2022-12-29,0.1902,0.1921,0.1886,0.1886
2022-12-30,0.1887,0.1888,0.1884,0.1884
2023-01-02,0.1887,0.1888,0.1863,0.1863
2023-01-03,0.1863,0.1866,0.1821,0.1821
2023-01-04,0.1822,0.1838,0.1822,0.1837
2023-01-05,0.1837,0.1865,0.1837,0.1865
2023-01-06,0.1861,0.1911,0.1861,0.1904
2023-01-09,0.1904,0.191,0.1889,0.1899
2023-01-10,0.1899,0.1919,0.1899,0.1915
2023-01-11,0.1915,0.1934,0.1915,0.1934
2023-01-12,0.1927,0.1966,0.1927,0.1954
2023-01-13,0.1954,0.1964,0.1945,0.1958
2023-01-16,0.1958,0.1962,0.1939,0.1939
2023-01-17,0.1938,0.1957,0.1938,0.1957
2023-01-18,0.1954,0.197,0.1924,0.1924
2023-01-19,0.1924,0.1934,0.1913,0.193
2023-01-20,0.193,0.1931,0.1915,0.1916
2023-01-23,0.1921,0.1931,0.1916,0.1916
2023-01-24,0.1916,0.1943,0.1916,0.1942
2023-01-25,0.1942,0.1969,0.1942,0.1967
2023-01-26,0.1967,0.197,0.196,0.1968
2023-01-27,0.1968,0.1973,0.1953,0.1953
2023-01-30,0.1953,0.1963,0.1952,0.1952
2023-01-31,0.1949,0.1968,0.1949,0.1965
2023-02-01,0.1967,0.1978,0.1962,0.1974
2023-02-02,0.1974,0.2014,0.1969,0.1983
2023-02-03,0.1976,0.1983,0.1937,0.1937
2023-02-06,0.1945,0.1946,0.1923,0.1939
2023-02-07,0.1939,0.1943,0.1919,0.1919
2023-02-08,0.1915,0.1931,0.1912,0.192
2023-02-09,0.1919,0.1928,0.1886,0.1886
2023-02-10,0.1886,0.1915,0.1886,0.1913
2023-02-13,0.1909,0.1934,0.1909,0.1934
2023-02-14,0.1934,0.1945,0.1918,0.1922
2023-02-15,0.1922,0.1922,0.1912,0.1912
2023-02-16,0.1912,0.1918,0.1907,0.1916
2023-02-17,0.1916,0.1936,0.1909,0.1931
2023-02-20,0.1934,0.194,0.1931,0.1931
2023-02-21,0.1931,0.1934,0.1931,0.1931
2023-02-22,0.1923,0.194,0.1923,0.1937
2023-02-23,0.1937,0.1952,0.1937,0.1942
2023-02-24,0.1943,0.195,0.1917,0.1917
2023-02-27,0.1917,0.193,0.1917,0.1919
2023-02-28,0.1919,0.1933,0.1905,0.1905
2023-03-01,0.1905,0.1927,0.1905,0.1927
2023-03-02,0.1927,0.1927,0.1917,0.192
2023-03-03,0.1919,0.1922,0.1918,0.1919
2023-03-06,0.1919,0.1936,0.1919,0.1929
2023-03-07,0.1936,0.1937,0.192,0.192
2023-03-08,0.192,0.1954,0.192,0.194
2023-03-09,0.1939,0.1952,0.1932,0.1932
2023-03-10,0.1932,0.1946,0.1913,0.1913
2023-03-13,0.1913,0.1914,0.1898,0.19
2023-03-14,0.19,0.191,0.1899,0.1899
2023-03-15,0.1901,0.1902,0.1881,0.1884
2023-03-16,0.1884,0.1909,0.1884,0.1903
2023-03-17,0.1908,0.1908,0.189,0.189
2023-03-20,0.1892,0.1906,0.1892,0.1902
2023-03-21,0.1905,0.1913,0.1905,0.1906
2023-03-22,0.1906,0.1916,0.1899,0.1905
2023-03-23,0.1905,0.1919,0.1886,0.1886
2023-03-24,0.1883,0.1904,0.1878,0.1902
2023-03-27,0.1899,0.1921,0.1899,0.192
2023-03-28,0.192,0.1937,0.192,0.1932
2023-03-29,0.1932,0.1945,0.1932,0.1943
2023-03-30,0.1943,0.1965,0.1943,0.1959
2023-03-31,0.1959,0.1973,0.1959,0.1971
2023-04-03,0.1967,0.1979,0.1967,0.1971
2023-04-04,0.1971,0.1975,0.1966,0.1967
2023-04-05,0.1967,0.1982,0.1967,0.1982
2023-04-06,0.1982,0.1983,0.1972,0.1972
2023-04-07,0.1974,0.1976,0.1974,0.1974
2023-04-10,0.1974,0.1979,0.1966,0.1966
2023-04-11,0.1966,0.1999,0.1966,0.1993
2023-04-12,0.1994,0.2029,0.1994,0.2029
2023-04-13,0.2029,0.2037,0.2025,0.2025
2023-04-14,0.2025,0.2035,0.2019,0.2029
2023-04-17,0.2029,0.2035,0.2022,0.2025
2023-04-18,0.202,0.2029,0.2,0.2
2023-04-19,0.2002,0.2002,0.1965,0.1965
2023-04-20,0.1966,0.1981,0.1966,0.1977
2023-04-21,0.1977,0.1978,0.1976,0.1976
2023-04-24,0.1976,0.1982,0.1972,0.1982
2023-04-25,0.1982,0.1988,0.1973,0.1975
2023-04-26,0.1975,0.199,0.1975,0.1978
2023-04-27,0.1978,0.2008,0.1978,0.2005
2023-04-28,0.2005,0.2005,0.1998,0.2002
2023-05-01,0.2001,0.2001,0.2,0.2
2023-05-02,0.2,0.2,0.198,0.198
2023-05-03,0.198,0.2003,0.198,0.1998
2023-05-04,0.1998,0.2005,0.1991,0.2002
2023-05-05,0.2002,0.2026,0.2002,0.2015
2023-05-08,0.2021,0.2021,0.1992,0.1992
2023-05-09,0.1992,0.2006,0.199,0.1997
2023-05-10,0.2001,0.202,0.2001,0.2014
2023-05-11,0.2018,0.2026,0.2011,0.2024
2023-05-12,0.2024,0.2032,0.2023,0.2026
2023-05-15,0.2026,0.2042,0.2026,0.2041
2023-05-16,0.2041,0.2041,0.202,0.202
2023-05-17,0.202,0.2026,0.2016,0.2021
2023-05-18,0.2021,0.2027,0.201,0.201
2023-05-19,0.201,0.2016,0.1995,0.1995
2023-05-22,0.1997,0.2014,0.1997,0.2012
2023-05-23,0.2009,0.2015,0.2005,0.2005
2023-05-24,0.2007,0.2022,0.2007,0.2012
2023-05-25,0.2012,0.2012,0.1981,0.1981
2023-05-26,0.1982,0.2003,0.1982,0.1998
2023-05-29,0.2002,0.2005,0.1988,0.1988
2023-05-30,0.1988,0.1995,0.1978,0.1979
2023-05-31,0.1981,0.1988,0.1956,0.1974
2023-06-01,0.1974,0.1994,0.1974,0.199
2023-06-02,0.199,0.2017,0.199,0.2013
2023-06-05,0.2011,0.2031,0.2011,0.2026
2023-06-06,0.2026,0.2036,0.2023,0.2031
2023-06-07,0.2033,0.2035,0.2029,0.2029
2023-06-08,0.2027,0.2032,0.2027,0.2027
2023-06-09,0.2027,0.2051,0.2027,0.2045
2023-06-12,0.2049,0.2053,0.2045,0.2053
2023-06-13,0.2053,0.2058,0.2052,0.2052
2023-06-14,0.2052,0.208,0.2052,0.2072
2023-06-15,0.2073,0.2081,0.2071,0.2075
2023-06-16,0.2075,0.208,0.2066,0.207
2023-06-19,0.2073,0.2094,0.2073,0.2089
2023-06-20,0.2089,0.2091,0.2083,0.2083
2023-06-21,0.2083,0.2095,0.2081,0.2094
2023-06-22,0.2095,0.21,0.2091,0.2091
2023-06-23,0.2091,0.2093,0.2085,0.2085
2023-06-26,0.2087,0.2097,0.2087,0.2093
2023-06-27,0.2093,0.2099,0.2074,0.2074
2023-06-28,0.2074,0.2081,0.2057,0.2057
2023-06-29,0.2057,0.2064,0.2055,0.2055
2023-06-30,0.2055,0.2085,0.2055,0.2083
2023-07-03,0.2083,0.2096,0.2076,0.2076
2023-07-04,0.2076,0.2086,0.2062,0.2062
2023-07-05,0.2062,0.2063,0.2058,0.206
2023-07-06,0.2059,0.206,0.2026,0.2029
2023-07-07,0.2028,0.2058,0.2028,0.2048
2023-07-10,0.2056,0.2056,0.2037,0.2037
2023-07-11,0.2037,0.2057,0.2036,0.2053
2023-07-12,0.2056,0.2084,0.2056,0.2071
2023-07-13,0.2071,0.2085,0.2071,0.2081
2023-07-14,0.2081,0.2089,0.2081,0.2084
2023-07-17,0.2084,0.2084,0.2067,0.2076
2023-07-18,0.2076,0.2081,0.2075,0.2075
2023-07-19,0.2075,0.2088,0.2075,0.2083
2023-07-20,0.2083,0.2093,0.208,0.208
2023-07-21,0.208,0.2096,0.208,0.2091
2023-07-24,0.2091,0.2112,0.2091,0.2112
2023-07-25,0.2111,0.2117,0.2101,0.2101
2023-07-26,0.2101,0.2112,0.2101,0.2107
2023-07-27,0.2107,0.2121,0.2102,0.2102
2023-07-28,0.2104,0.2125,0.2104,0.211
2023-07-31,0.211,0.2121,0.2106,0.211
2023-08-01,0.211,0.2113,0.2082,0.2082
2023-08-02,0.2082,0.2086,0.2074,0.2074
2023-08-03,0.2074,0.2077,0.2029,0.2029
2023-08-04,0.2029,0.2058,0.2029,0.2051
2023-08-07,0.2051,0.2052,0.2037,0.2037
2023-08-08,0.2038,0.204,0.2029,0.2036
2023-08-09,0.2037,0.2045,0.2035,0.2035
2023-08-10,0.2035,0.2061,0.2035,0.204
2023-08-11,0.204,0.2052,0.2037,0.2037
2023-08-14,0.2037,0.2039,0.2012,0.2012
2023-08-15,0.2012,0.2015,0.1999,0.1999
2023-08-16,0.1999,0.2015,0.1999,0.2003
2023-08-17,0.2003,0.2012,0.2,0.2
2023-08-18,0.2005,0.2013,0.2004,0.2008
2023-08-21,0.2009,0.2012,0.2004,0.2004
2023-08-22,0.2004,0.2025,0.2004,0.2021
2023-08-23,0.2023,0.2058,0.2023,0.2054
2023-08-24,0.2053,0.206,0.2048,0.2048
2023-08-25,0.2045,0.2052,0.2045,0.2049
2023-08-28,0.2052,0.2052,0.2041,0.2048
2023-08-29,0.2048,0.2058,0.2045,0.2054
2023-08-30,0.2057,0.2064,0.2041,0.2041
2023-08-31,0.2041,0.2061,0.2014,0.2014
2023-09-01,0.2014,0.2035,0.2014,0.2022
2023-09-04,0.2022,0.2033,0.2011,0.2021
2023-09-05,0.2021,0.2022,0.2005,0.2005
2023-09-06,0.2009,0.2013,0.2005,0.2005
2023-09-07,0.2002,0.2005,0.2002,0.2005
2023-09-08,0.2002,0.2009,0.2,0.2
2023-09-11,0.2002,0.2028,0.2002,0.2024
2023-09-12,0.2024,0.2027,0.2017,0.2017
2023-09-13,0.2017,0.2037,0.2017,0.203
2023-09-14,0.203,0.2052,0.203,0.205
2023-09-15,0.2048,0.2053,0.2048,0.205
2023-09-18,0.205,0.206,0.205,0.2058
2023-09-19,0.2058,0.2065,0.2048,0.2048
2023-09-20,0.2048,0.2061,0.2045,0.2045
2023-09-21,0.2052,0.2052,0.2021,0.2021
2023-09-22,0.2022,0.2033,0.2022,0.2022
2023-09-25,0.2024,0.2024,0.2008,0.2008
2023-09-26,0.2008,0.2015,0.1999,0.1999
2023-09-27,0.2001,0.2001,0.1974,0.1979
2023-09-28,0.1979,0.1988,0.1978,0.1982
2023-09-29,0.1982,0.2,0.1982,0.1982
2023-10-02,0.1983,0.1984,0.1971,0.1971
2023-10-03,0.1971,0.1972,0.1931,0.1931
2023-10-04,0.1931,0.1947,0.1931,0.1937
2023-10-05,0.1935,0.1937,0.193,0.193
2023-10-06,0.1931,0.1939,0.1922,0.1939
2023-10-09,0.1934,0.1947,0.1934,0.1943
2023-10-10,0.1945,0.1977,0.1945,0.197
2023-10-11,0.197,0.1982,0.197,0.1973
2023-10-12,0.1976,0.1979,0.1976,0.1977
2023-10-13,0.1973,0.1977,0.1957,0.1957
2023-10-16,0.1957,0.1983,0.1957,0.198
2023-10-17,0.198,0.1992,0.1979,0.1981
2023-10-18,0.1981,0.1986,0.1973,0.1973
2023-10-19,0.1973,0.1987,0.1971,0.1971
2023-10-20,0.1971,0.1985,0.1966,0.1983
2023-10-23,0.1983,0.1997,0.1983,0.1991
2023-10-24,0.199,0.2,0.199,0.1996
2023-10-25,0.1999,0.2001,0.1993,0.1993
2023-10-26,0.1993,0.2001,0.1993,0.2001
2023-10-27,0.1998,0.2023,0.199,0.199
2023-10-30,0.199,0.2006,0.1977,0.1977
2023-10-31,0.1977,0.1991,0.1977,0.1982
2023-11-01,0.1982,0.2015,0.1982,0.2014
2023-11-02,0.2014,0.2015,0.2013,0.2014
2023-11-03,0.2014,0.2046,0.2014,0.2036
2023-11-06,0.2039,0.2044,0.2039,0.2043
2023-11-07,0.2043,0.2053,0.2043,0.2048
2023-11-08,0.2048,0.2051,0.2032,0.2032
2023-11-09,0.2032,0.204,0.2027,0.2028
2023-11-10,0.2023,0.2035,0.2023,0.2034
2023-11-13,0.2031,0.2037,0.2028,0.2033
2023-11-14,0.2034,0.2057,0.2034,0.2053
2023-11-15,0.2051,0.2056,0.2051,0.2053
2023-11-16,0.2053,0.2062,0.205,0.2052
2023-11-17,0.2052,0.2055,0.2037,0.2037
2023-11-20,0.2037,0.2059,0.2037,0.2057
2023-11-21,0.2056,0.2058,0.2035,0.2035
2023-11-22,0.2037,0.2044,0.2034,0.2034
2023-11-23,0.2034,0.2042,0.2034,0.2035
2023-11-24,0.2035,0.2043,0.2035,0.2039
2023-11-27,0.2035,0.2048,0.2035,0.2038
2023-11-28,0.2035,0.2053,0.2035,0.2048
2023-11-29,0.2048,0.205,0.2035,0.2035
2023-11-30,0.2035,0.2044,0.2025,0.2025
2023-12-01,0.2028,0.205,0.2028,0.2045
2023-12-04,0.2049,0.2053,0.2019,0.2019
2023-12-05,0.2016,0.2027,0.2016,0.2024
2023-12-06,0.2024,0.2041,0.2024,0.2036
2023-12-07,0.2038,0.2045,0.2032,0.2032
2023-12-08,0.2034,0.204,0.2024,0.2024
2023-12-11,0.2026,0.2033,0.202,0.2021
2023-12-12,0.2023,0.2027,0.2009,0.2009
2023-12-13,0.201,0.203,0.201,0.2029
2023-12-14,0.2029,0.2046,0.2029,0.203
2023-12-15,0.2034,0.2034,0.202,0.202
2023-12-18,0.202,0.2038,0.202,0.2038
2023-12-19,0.2036,0.2055,0.2036,0.205
2023-12-20,0.2052,0.2054,0.203,0.203
2023-12-21,0.2038,0.205,0.2038,0.2044
2023-12-22,0.2042,0.2058,0.2042,0.2054
2023-12-25,0.2057,0.2057,0.2047,0.2057
2023-12-26,0.2057,0.2073,0.2048,0.2073
2023-12-27,0.2069,0.2081,0.2067,0.2067
2023-12-28,0.2065,0.2068,0.2057,0.2057
2023-12-29,0.2057,0.206,0.2057,0.2057
2024-01-01,0.2056,0.2057,0.2056,0.2056
2024-01-02,0.2056,0.2057,0.2027,0.2027
2024-01-03,0.2027,0.2034,0.2027,0.2027
2024-01-04,0.2029,0.2038,0.2029,0.2038
2024-01-05,0.2038,0.2053,0.2033,0.2047
2024-01-08,0.2047,0.2051,0.2045,0.2049
2024-01-09,0.2049,0.2049,0.2035,0.2035
2024-01-10,0.2035,0.2044,0.2035,0.204
2024-01-11,0.204,0.2053,0.204,0.2049
2024-01-12,0.2049,0.2065,0.2049,0.2056
2024-01-15,0.2056,0.2057,0.2051,0.2052
2024-01-16,0.2052,0.2053,0.2026,0.2026
2024-01-17,0.2026,0.2027,0.2022,0.2022
2024-01-18,0.2022,0.203,0.2022,0.2025
2024-01-19,0.2025,0.2034,0.2024,0.2024
2024-01-22,0.2024,0.2027,0.2,0.2
2024-01-23,0.2,0.2016,0.2,0.2015
2024-01-24,0.2015,0.2033,0.2015,0.2023
2024-01-25,0.2023,0.2032,0.2023,0.2029
2024-01-26,0.203,0.2035,0.203,0.203
2024-01-29,0.203,0.2033,0.2016,0.2016
2024-01-30,0.2015,0.2022,0.2013,0.2015
2024-01-31,0.2015,0.2025,0.2015,0.2015
2024-02-01,0.2016,0.2032,0.2016,0.203
2024-02-02,0.203,0.2033,0.2008,0.2008
2024-02-05,0.2008,0.2014,0.1998,0.2002
2024-02-06,0.2002,0.2015,0.2002,0.2011
2024-02-07,0.2011,0.2015,0.2008,0.2008
2024-02-08,0.2008,0.2013,0.1999,0.1999
2024-02-09,0.1999,0.2016,0.1999,0.2015
2024-02-12,0.2015,0.2015,0.2014,0.2014
2024-02-13,0.2014,0.2015,0.2014,0.2014
2024-02-14,0.2014,0.2015,0.2008,0.2008
2024-02-15,0.2008,0.2012,0.2006,0.2006
2024-02-16,0.2007,0.2011,0.2007,0.2009
2024-02-19,0.2009,0.2014,0.2009,0.2013
2024-02-20,0.2013,0.2026,0.2013,0.2025
2024-02-21,0.2025,0.2027,0.2022,0.2022
2024-02-22,0.2022,0.2027,0.2012,0.2012
2024-02-23,0.2012,0.2012,0.1998,0.1998
2024-02-26,0.1998,0.2007,0.1998,0.2004
2024-02-27,0.2002,0.2024,0.2002,0.2023
2024-02-28,0.2022,0.2023,0.2009,0.2009
2024-02-29,0.201,0.201,0.2005,0.2007
2024-03-01,0.2007,0.2018,0.2007,0.2014
2024-03-04,0.2014,0.2019,0.2014,0.2018
2024-03-05,0.2018,0.2019,0.2013,0.2013
2024-03-06,0.2013,0.2023,0.2013,0.2018
2024-03-07,0.2018,0.2023,0.2018,0.2022
2024-03-08,0.2022,0.2023,0.2004,0.2004
2024-03-11,0.2004,0.2011,0.2004,0.2004
2024-03-12,0.2004,0.2012,0.2004,0.2008
2024-03-13,0.2008,0.2009,0.2007,0.2007
2024-03-14,0.2007,0.2014,0.1998,0.1998
2024-03-15,0.1998,0.2002,0.1996,0.1996
2024-03-18,0.1997,0.2001,0.1984,0.1984
2024-03-19,0.1984,0.1991,0.1983,0.1983
2024-03-20,0.1983,0.2009,0.1983,0.2005
2024-03-21,0.2005,0.2014,0.2005,0.2006
2024-03-22,0.2006,0.2006,0.1994,0.1994
2024-03-25,0.1995,0.2007,0.1995,0.2006
2024-03-26,0.2006,0.2008,0.2005,0.2005
2024-03-27,0.2005,0.2006,0.2,0.2
2024-03-28,0.2005,0.2005,0.199,0.199
2024-03-29,0.1993,0.1996,0.199,0.199
2024-04-01,0.1993,0.1996,0.1974,0.1974
2024-04-02,0.1974,0.1986,0.197,0.197
2024-04-03,0.1973,0.1982,0.1968,0.198
2024-04-04,0.1981,0.1993,0.1973,0.1973
2024-04-05,0.1981,0.1982,0.1969,0.1969
2024-04-08,0.1968,0.1986,0.1968,0.1984
2024-04-09,0.1984,0.1995,0.1984,0.1993
2024-04-10,0.1993,0.1999,0.1969,0.1969
2024-04-11,0.1964,0.1972,0.196,0.196
2024-04-12,0.1961,0.1966,0.1945,0.1945
2024-04-15,0.1945,0.1952,0.1925,0.1926
2024-04-16,0.1926,0.1926,0.1887,0.1887
2024-04-17,0.1887,0.1911,0.1887,0.1903
2024-04-18,0.1903,0.191,0.1899,0.1899
2024-04-19,0.1899,0.1924,0.1899,0.1916
2024-04-22,0.1921,0.1932,0.1921,0.1931
2024-04-23,0.1929,0.1949,0.1929,0.1945
2024-04-24,0.1947,0.1947,0.1936,0.1936
2024-04-25,0.1938,0.1946,0.1933,0.1936
2024-04-26,0.1936,0.1953,0.1936,0.195
2024-04-29,0.1951,0.1956,0.1951,0.1953
2024-04-30,0.1953,0.1953,0.1923,0.1923
2024-05-01,0.1923,0.1927,0.1921,0.1921
2024-05-02,0.1926,0.1956,0.1926,0.1952
2024-05-03,0.1954,0.1976,0.1954,0.1967
2024-05-06,0.1969,0.1972,0.1966,0.1966
2024-05-07,0.1968,0.1976,0.1966,0.1966
2024-05-08,0.1968,0.1973,0.1961,0.1961
2024-05-09,0.1958,0.1965,0.1936,0.1942
2024-05-10,0.194,0.1948,0.1933,0.1933
2024-05-13,0.1936,0.1946,0.1936,0.1937
2024-05-14,0.1937,0.1947,0.1937,0.1946
2024-05-15,0.1945,0.1952,0.1941,0.1943
2024-05-16,0.1943,0.1954,0.1943,0.1945
2024-05-17,0.1945,0.1956,0.1945,0.1955
2024-05-20,0.1955,0.196,0.1954,0.1955
2024-05-21,0.1953,0.1962,0.1948,0.1948
2024-05-22,0.1951,0.1951,0.1937,0.1937
2024-05-23,0.1936,0.1946,0.1936,0.194
2024-05-24,0.1934,0.1945,0.193,0.193
2024-05-27,0.193,0.1935,0.1929,0.1929
2024-05-28,0.1929,0.1943,0.1929,0.1934
2024-05-29,0.1933,0.1935,0.1917,0.1917
2024-05-30,0.1918,0.1926,0.1918,0.1918
2024-05-31,0.1917,0.1926,0.1902,0.1902
2024-06-03,0.1902,0.1913,0.1901,0.1901
2024-06-04,0.1901,0.1915,0.1887,0.1887
2024-06-05,0.1886,0.1895,0.1882,0.1882
2024-06-06,0.1883,0.1904,0.1883,0.1898
2024-06-07,0.1903,0.1903,0.1864,0.1864
2024-06-10,0.1864,0.1877,0.1862,0.1864
2024-06-11,0.1863,0.187,0.1859,0.1859
2024-06-12,0.1861,0.1869,0.1847,0.1847
2024-06-13,0.1852,0.1861,0.1851,0.1858
2024-06-14,0.1858,0.1865,0.1855,0.1855
2024-06-17,0.1855,0.1862,0.184,0.184
2024-06-18,0.184,0.185,0.1834,0.1834
2024-06-19,0.1839,0.1839,0.1829,0.1839
2024-06-20,0.1839,0.1851,0.183,0.183
2024-06-21,0.1833,0.1839,0.1833,0.1838
2024-06-24,0.183,0.1855,0.183,0.1851
2024-06-25,0.1851,0.1851,0.1829,0.1829
2024-06-26,0.1831,0.1831,0.1807,0.1807
2024-06-27,0.1807,0.1817,0.1807,0.1813
2024-06-28,0.1812,0.1819,0.1783,0.1783
2024-07-01,0.1786,0.1792,0.1764,0.1764
2024-07-02,0.1764,0.1775,0.1758,0.1758
2024-07-03,0.1758,0.1801,0.1758,0.1796
2024-07-04,0.1796,0.1825,0.1796,0.1817
2024-07-05,0.1818,0.1828,0.1812,0.1828
2024-07-08,0.1827,0.183,0.1824,0.1824
2024-07-09,0.1822,0.1844,0.1822,0.1841
2024-07-10,0.1842,0.1856,0.1842,0.1842
2024-07-11,0.1845,0.1856,0.1835,0.1835
2024-07-12,0.1835,0.1842,0.1834,0.1838
2024-07-15,0.1838,0.1842,0.183,0.1831
2024-07-16,0.1834,0.1846,0.1834,0.1838
2024-07-17,0.1838,0.1843,0.1818,0.1818
2024-07-18,0.182,0.1825,0.1793,0.1799
2024-07-19,0.1799,0.1805,0.1778,0.1778
2024-07-22,0.1782,0.1802,0.1782,0.1792
2024-07-23,0.1792,0.1798,0.1786,0.1786
2024-07-24,0.1783,0.179,0.1764,0.1764
2024-07-25,0.1764,0.1775,0.1763,0.1766
2024-07-26,0.1767,0.1774,0.1761,0.1761
2024-07-29,0.1761,0.1777,0.1761,0.1777
2024-07-30,0.1771,0.1779,0.1771,0.1778
2024-07-31,0.1774,0.1779,0.1763,0.1763
2024-08-01,0.1763,0.1771,0.1739,0.1739
2024-08-02,0.1734,0.175,0.1732,0.1741
2024-08-05,0.1743,0.1745,0.1722,0.1744
2024-08-06,0.174,0.177,0.174,0.1764
2024-08-07,0.1767,0.1782,0.1767,0.177
2024-08-08,0.1773,0.1799,0.1773,0.1799
2024-08-09,0.1792,0.1816,0.1792,0.1811
2024-08-12,0.1812,0.1822,0.1812,0.1816
2024-08-13,0.1813,0.1831,0.1813,0.1829
2024-08-14,0.1829,0.1836,0.1824,0.1824
2024-08-15,0.1824,0.183,0.1819,0.1819
2024-08-16,0.1819,0.1834,0.1819,0.1822
2024-08-19,0.1823,0.1855,0.1823,0.1845
2024-08-20,0.1846,0.1852,0.1818,0.1818
2024-08-21,0.1818,0.1827,0.1818,0.182
2024-08-22,0.1819,0.1822,0.1784,0.1784
2024-08-23,0.1785,0.1822,0.1785,0.1819
2024-08-26,0.182,0.1822,0.1819,0.1819
2024-08-27,0.1819,0.1826,0.1811,0.1811
2024-08-28,0.1814,0.1814,0.1793,0.1793
2024-08-29,0.1793,0.1798,0.1771,0.1772
2024-08-30,0.1775,0.1788,0.1764,0.1778
2024-09-02,0.1778,0.1779,0.1771,0.1776
2024-09-03,0.1776,0.1789,0.1768,0.1768
2024-09-04,0.1768,0.1775,0.1768,0.1771
2024-09-05,0.1771,0.1792,0.1771,0.1792
2024-09-06,0.1792,0.1802,0.1782,0.1782
2024-09-09,0.1785,0.1789,0.1778,0.1787
2024-09-10,0.1787,0.1791,0.1761,0.1761
2024-09-11,0.1765,0.1779,0.176,0.176
2024-09-12,0.176,0.1776,0.176,0.1773
2024-09-13,0.1773,0.1799,0.1773,0.1793
2024-09-16,0.1792,0.1814,0.1779,0.1812
2024-09-17,0.1809,0.182,0.1809,0.182
2024-09-18,0.182,0.1841,0.182,0.1827
2024-09-19,0.1826,0.1847,0.1826,0.184
2024-09-20,0.1839,0.1845,0.1809,0.1809
2024-09-23,0.1809,0.1815,0.1793,0.1808
2024-09-24,0.1808,0.183,0.1808,0.1829
2024-09-25,0.1829,0.1837,0.1823,0.1823
2024-09-26,0.1821,0.1844,0.1821,0.1835
2024-09-27,0.1834,0.1842,0.1834,0.1836
2024-09-30,0.1836,0.1845,0.1831,0.1831
2024-10-01,0.1831,0.1839,0.1831,0.1839
2024-10-02,0.1839,0.1843,0.1834,0.1834
2024-10-03,0.1833,0.1835,0.1821,0.1822
2024-10-04,0.1825,0.183,0.1817,0.183
2024-10-07,0.1826,0.184,0.1816,0.1816
2024-10-08,0.1818,0.1818,0.1802,0.1802
2024-10-09,0.1805,0.1808,0.1782,0.1782
2024-10-10,0.1783,0.1791,0.1783,0.1787
2024-10-11,0.1787,0.1794,0.1774,0.178
2024-10-14,0.1772,0.1792,0.1772,0.1783
2024-10-15,0.1789,0.1789,0.1765,0.1765
2024-10-16,0.1763,0.177,0.176,0.176
2024-10-17,0.176,0.1766,0.176,0.176
2024-10-18,0.176,0.1772,0.1751,0.1751
2024-10-21,0.1754,0.177,0.1749,0.1753
2024-10-22,0.175,0.1757,0.1749,0.1749
2024-10-23,0.1753,0.1755,0.1749,0.1754
2024-10-24,0.1753,0.1762,0.1753,0.1761
2024-10-25,0.1754,0.1761,0.1748,0.1748
2024-10-28,0.1748,0.1754,0.1748,0.175
2024-10-29,0.175,0.175,0.1733,0.1733
2024-10-30,0.1733,0.1733,0.173,0.173
2024-10-31,0.173,0.1735,0.1723,0.1723
2024-11-01,0.1727,0.173,0.17,0.17
2024-11-04,0.17,0.1732,0.17,0.1722
2024-11-05,0.173,0.1738,0.1728,0.1735
2024-11-06,0.1734,0.176,0.1712,0.1757
2024-11-07,0.1757,0.177,0.1752,0.1752
2024-11-08,0.1752,0.1757,0.1732,0.1739
2024-11-11,0.1739,0.1739,0.1724,0.1733
2024-11-12,0.1733,0.1736,0.1729,0.1735
2024-11-13,0.1731,0.1742,0.1718,0.1718
2024-11-14,0.1716,0.1731,0.1711,0.1723
2024-11-15,0.1725,0.173,0.1721,0.1722
2024-11-18,0.1721,0.1739,0.1719,0.1736
2024-11-19,0.1739,0.1739,0.1727,0.1729
2024-11-20,0.1729,0.1729,0.1728,0.1728
2024-11-21,0.1728,0.1729,0.1716,0.1716
2024-11-22,0.1716,0.1722,0.1716,0.172
2024-11-25,0.1717,0.1726,0.1713,0.1721
2024-11-26,0.1718,0.1725,0.1717,0.1717
2024-11-27,0.1717,0.1717,0.168,0.168
2024-11-28,0.168,0.1685,0.1658,0.1658
2024-11-29,0.1658,0.1672,0.1642,0.167
2024-12-02,0.167,0.167,0.1646,0.1646
2024-12-03,0.1646,0.1653,0.1646,0.165
2024-12-04,0.1649,0.1656,0.1649,0.1651
2024-12-05,0.1652,0.1673,0.1652,0.1659
2024-12-06,0.1659,0.1665,0.1638,0.1638
2024-12-09,0.1638,0.1652,0.1638,0.1641
2024-12-10,0.1641,0.1656,0.1641,0.1646
2024-12-11,0.1646,0.1676,0.1646,0.1675
2024-12-12,0.1675,0.1696,0.1658,0.1665
2024-12-13,0.1664,0.1665,0.165,0.165
2024-12-16,0.165,0.1654,0.1622,0.1622
2024-12-17,0.1622,0.1642,0.1616,0.1634
2024-12-18,0.1634,0.1635,0.1586,0.1586
2024-12-19,0.1581,0.1633,0.1581,0.1621
2024-12-20,0.1621,0.1649,0.1621,0.1639
2024-12-23,0.1639,0.1649,0.161,0.161
2024-12-24,0.161,0.1611,0.161,0.1611
2024-12-25,0.1611,0.1616,0.156,0.156
2024-12-26,0.1612,0.1622,0.1612,0.1613
2024-12-27,0.1616,0.1616,0.161,0.161
2024-12-30,0.1608,0.162,0.1604,0.1614
2024-12-31,0.1614,0.1615,0.1613,0.1613
2025-01-01,0.1613,0.1616,0.1604,0.1604
2025-01-02,0.1602,0.1622,0.1577,0.1622
2025-01-03,0.1621,0.1625,0.1614,0.1614
2025-01-06,0.1614,0.1636,0.1604,0.1631
2025-01-07,0.1631,0.1647,0.1631,0.1635
2025-01-08,0.1635,0.1635,0.1629,0.1634
2025-01-09,0.1634,0.1653,0.1628,0.1653
2025-01-10,0.1652,0.1653,0.1635,0.1635
2025-01-13,0.1635,0.164,0.1616,0.1637
2025-01-14,0.1637,0.1651,0.1634,0.1647
2025-01-15,0.1649,0.1661,0.1641,0.166
2025-01-16,0.166,0.1663,0.1649,0.1649
2025-01-17,0.1649,0.1654,0.1643,0.1643
2025-01-20,0.1643,0.1657,0.1642,0.1654
2025-01-21,0.1654,0.1657,0.1654,0.1656
2025-01-22,0.1656,0.1685,0.1656,0.1679
2025-01-23,0.1678,0.1697,0.1677,0.1684
2025-01-24,0.1684,0.1699,0.1677,0.1687
2025-01-27,0.169,0.1693,0.1672,0.1693
2025-01-28,0.1687,0.1703,0.1687,0.1703
2025-01-29,0.1703,0.1707,0.1703,0.1704
2025-01-30,0.1704,0.1706,0.1692,0.1698
2025-01-31,0.1698,0.1716,0.1696,0.1708
2025-02-03,0.1708,0.172,0.1697,0.1718
2025-02-04,0.1718,0.1734,0.1707,0.1734
2025-02-05,0.1734,0.1734,0.1721,0.1721
2025-02-06,0.1721,0.1735,0.1721,0.1731
2025-02-07,0.1732,0.1739,0.1718,0.1718
2025-02-10,0.1721,0.1729,0.1711,0.1724
2025-02-11,0.1726,0.1733,0.1724,0.1731
2025-02-12,0.1729,0.1736,0.1729,0.173
2025-02-13,0.173,0.1732,0.1729,0.173
2025-02-14,0.1725,0.1752,0.1725,0.1746
2025-02-17,0.1746,0.1751,0.1746,0.1746
2025-02-18,0.1747,0.1757,0.1747,0.1754
2025-02-19,0.1753,0.1754,0.1744,0.1744
2025-02-20,0.1746,0.1753,0.1746,0.1749
2025-02-21,0.1749,0.1752,0.174,0.174
2025-02-24,0.1741,0.1748,0.1726,0.1726
2025-02-25,0.1726,0.1743,0.172,0.1735
2025-02-26,0.1738,0.1739,0.1719,0.1719
2025-02-27,0.1719,0.1723,0.1708,0.1708
2025-02-28,0.1713,0.1713,0.1694,0.1695
2025-03-03,0.169,0.1696,0.1663,0.1663
2025-03-04,0.1663,0.1697,0.1663,0.1695
2025-03-05,0.169,0.1738,0.169,0.1738
2025-03-06,0.1738,0.1739,0.1725,0.1732
2025-03-07,0.1731,0.1734,0.1724,0.1724
2025-03-10,0.1723,0.1728,0.1704,0.1704
2025-03-11,0.1702,0.1719,0.1695,0.1718
2025-03-12,0.1718,0.1724,0.1716,0.1721
2025-03-13,0.172,0.1723,0.1719,0.172
2025-03-14,0.172,0.1746,0.1699,0.1734
2025-03-17,0.1738,0.176,0.1728,0.1754
2025-03-18,0.1759,0.1763,0.1755,0.176
2025-03-19,0.176,0.177,0.1751,0.1766
2025-03-20,0.177,0.177,0.1758,0.1758
2025-03-21,0.1759,0.1763,0.1739,0.1739
2025-03-24,0.1739,0.1749,0.1732,0.1732
2025-03-25,0.1734,0.1757,0.173,0.175
2025-03-26,0.1752,0.1752,0.1739,0.1739
2025-03-27,0.174,0.1742,0.1738,0.1738
2025-03-28,0.1735,0.1741,0.1732,0.1732
2025-03-31,0.1733,0.175,0.1726,0.175
2025-04-01,0.175,0.1757,0.1744,0.1756
2025-04-02,0.1756,0.1763,0.1755,0.1761
2025-04-03,0.1761,0.1784,0.1745,0.1772
2025-04-04,0.1771,0.1773,0.1707,0.1707
2025-04-07,0.1708,0.1711,0.1687,0.1687
2025-04-08,0.1686,0.17,0.1658,0.1658
2025-04-09,0.1658,0.1714,0.164,0.1714
2025-04-10,0.1714,0.1715,0.1683,0.1695
2025-04-11,0.1693,0.1712,0.1693,0.1701
2025-04-14,0.1698,0.1711,0.1694,0.1703
2025-04-15,0.1704,0.171,0.1695,0.1695
2025-04-16,0.1695,0.1704,0.168,0.17
2025-04-17,0.17,0.172,0.17,0.1716
2025-04-18,0.172,0.1724,0.1718,0.1718
2025-04-21,0.172,0.1722,0.1691,0.1718
2025-04-22,0.1718,0.1744,0.1718,0.1744
2025-04-23,0.1744,0.1763,0.1744,0.1749
2025-04-24,0.1749,0.1761,0.1742,0.1756
2025-04-25,0.1756,0.1761,0.1754,0.1754
2025-04-28,0.1754,0.1767,0.1749,0.1765
2025-04-29,0.1765,0.1775,0.1765,0.1775
2025-04-30,0.1775,0.1779,0.1758,0.1758
2025-05-01,0.1762,0.1762,0.1759,0.1759
2025-05-02,0.1758,0.1773,0.1743,0.1763
2025-05-05,0.1765,0.1772,0.1748,0.1754
2025-05-06,0.1754,0.1755,0.1746,0.1746
2025-05-07,0.1746,0.175,0.1737,0.1737
2025-05-08,0.1736,0.1762,0.1736,0.1762
2025-05-09,0.1762,0.1769,0.1762,0.1766
2025-05-12,0.1766,0.1766,0.1744,0.176
2025-05-13,0.1759,0.1783,0.1759,0.1777
2025-05-14,0.1778,0.1787,0.1769,0.1769
2025-05-15,0.1769,0.1777,0.1756,0.1756
2025-05-16,0.1756,0.1762,0.1755,0.176
2025-05-19,0.176,0.177,0.176,0.1767
2025-05-20,0.1767,0.1768,0.1761,0.1761
2025-05-21,0.1762,0.1768,0.1761,0.1768
2025-05-22,0.1767,0.1783,0.1745,0.1745
2025-05-23,0.1745,0.1768,0.1731,0.1767
2025-05-26,0.1764,0.177,0.176,0.176
2025-05-27,0.176,0.177,0.176,0.1768
2025-05-28,0.1769,0.177,0.1753,0.1754
2025-05-29,0.1754,0.1768,0.1754,0.1761
2025-05-30,0.1761,0.1765,0.1741,0.1741
2025-06-02,0.1746,0.176,0.1732,0.1758
2025-06-03,0.1758,0.1773,0.1756,0.1769
2025-06-04,0.1769,0.1778,0.1769,0.1771
2025-06-05,0.1771,0.1787,0.1771,0.1786
2025-06-06,0.1786,0.1795,0.1785,0.1794
2025-06-09,0.1794,0.1797,0.1791,0.1795
2025-06-10,0.1795,0.1801,0.1791,0.1791
2025-06-11,0.1791,0.1806,0.1791,0.1802
2025-06-12,0.1801,0.1805,0.1801,0.1802
2025-06-13,0.1802,0.1803,0.1792,0.18
2025-06-16,0.1802,0.1819,0.1795,0.1815
2025-06-17,0.1817,0.1825,0.1813,0.1813
2025-06-18,0.1816,0.1822,0.1816,0.1817
2025-06-19,0.1813,0.1819,0.1813,0.1817
2025-06-20,0.1813,0.1822,0.181,0.181
2025-06-23,0.1807,0.1816,0.1803,0.1816
2025-06-24,0.1813,0.1822,0.181,0.181
2025-06-25,0.181,0.1811,0.1795,0.1795
2025-06-26,0.1795,0.1821,0.1795,0.1821
2025-06-27,0.1816,0.1827,0.1816,0.1821
2025-06-30,0.1819,0.1839,0.1819,0.1839
2025-07-01,0.1837,0.1839,0.183,0.183
2025-07-02,0.1829,0.1842,0.1827,0.1839
2025-07-03,0.1839,0.1847,0.1839,0.1845
2025-07-04,0.1845,0.1847,0.184,0.184
2025-07-07,0.184,0.1841,0.1819,0.1819
2025-07-08,0.1821,0.1835,0.1821,0.183
2025-07-09,0.1835,0.1835,0.1787,0.1787
2025-07-10,0.1787,0.1804,0.1784,0.1803
2025-07-11,0.1803,0.1804,0.1794,0.1794
2025-07-14,0.1799,0.1799,0.1785,0.1785
2025-07-15,0.1787,0.1801,0.1787,0.1797
2025-07-16,0.1794,0.1799,0.1792,0.1792
2025-07-17,0.1792,0.1801,0.1787,0.1798
2025-07-18,0.1798,0.1805,0.1788,0.1788
2025-07-21,0.1784,0.1797,0.1784,0.1792
2025-07-22,0.1792,0.1797,0.1792,0.1792
2025-07-23,0.1795,0.1809,0.1795,0.1808
2025-07-24,0.1808,0.1809,0.1807,0.1807
2025-07-25,0.1807,0.1811,0.1793,0.1793
2025-07-28,0.1792,0.1795,0.1785,0.1785
2025-07-29,0.1785,0.1794,0.1785,0.179
2025-07-30,0.1792,0.1798,0.1781,0.1788
2025-07-31,0.1789,0.1798,0.1781,0.1781
2025-08-01,0.1781,0.1804,0.1781,0.1801
2025-08-04,0.1797,0.1815,0.1786,0.1811
2025-08-05,0.1815,0.1815,0.1813,0.1813
2025-08-06,0.1813,0.1828,0.1813,0.1828
2025-08-07,0.1828,0.1843,0.1828,0.1842
2025-08-08,0.1842,0.1843,0.1837,0.1837
2025-08-11,0.1837,0.1838,0.1834,0.1834
2025-08-12,0.1834,0.1852,0.1834,0.1847
2025-08-13,0.1847,0.1854,0.1847,0.1851
2025-08-14,0.1847,0.1851,0.1844,0.1844
2025-08-15,0.1844,0.1852,0.1844,0.1847
2025-08-18,0.1848,0.1848,0.1835,0.1835
2025-08-19,0.1835,0.1836,0.1814,0.1814
2025-08-20,0.1817,0.1826,0.1817,0.1822
2025-08-21,0.1822,0.1825,0.1822,0.1825
2025-08-22,0.1825,0.1845,0.1825,0.184
2025-08-25,0.184,0.1846,0.1838,0.1844
2025-08-26,0.1844,0.1849,0.1837,0.1837
2025-08-27,0.1835,0.1842,0.1835,0.1842
2025-08-28,0.184,0.1848,0.184,0.1842
2025-08-29,0.1842,0.1846,0.1836,0.1836
2025-09-01,0.184,0.1842,0.1833,0.1833
2025-09-02,0.1834,0.1835,0.1823,0.1825
2025-09-03,0.1825,0.1835,0.1824,0.1831
2025-09-04,0.1831,0.1833,0.1831,0.1832
2025-09-05,0.1833,0.1853,0.1833,0.1842
2025-09-08,0.1844,0.1846,0.184,0.184
2025-09-09,0.184,0.1842,0.1836,0.1836
2025-09-10,0.1837,0.1847,0.1837,0.1847
2025-09-11,0.1847,0.1856,0.1847,0.1851
2025-09-12,0.1851,0.1866,0.1851,0.1866
2025-09-15,0.1864,0.1879,0.1864,0.1877
2025-09-16,0.1877,0.1885,0.1877,0.1884
2025-09-17,0.1884,0.1889,0.1879,0.1879
2025-09-18,0.1879,0.1893,0.1872,0.1881
2025-09-19,0.1882,0.1886,0.1876,0.1876
2025-09-22,0.1876,0.188,0.1868,0.187
2025-09-23,0.187,0.1891,0.187,0.1889
2025-09-24,0.1889,0.189,0.1873,0.1873
2025-09-25,0.1874,0.1878,0.186,0.186
2025-09-26,0.186,0.187,0.186,0.1865
2025-09-29,0.1869,0.188,0.1868,0.1874
2025-09-30,0.1874,0.188,0.1874,0.1877
2025-10-01,0.1876,0.1884,0.1872,0.1872
2025-10-02,0.1872,0.188,0.1867,0.1869
2025-10-03,0.1868,0.1874,0.1868,0.1868
2025-10-06,0.187,0.1879,0.1868,0.1879
2025-10-07,0.1879,0.1879,0.1864,0.1864
2025-10-08,0.1863,0.1872,0.1863,0.187
2025-10-09,0.187,0.1873,0.1855,0.1855
2025-10-10,0.1855,0.1861,0.1813,0.1813
2025-10-13,0.1813,0.1833,0.1803,0.1826
2025-10-14,0.1826,0.1831,0.1817,0.182
2025-10-15,0.182,0.1835,0.182,0.1829
2025-10-16,0.183,0.184,0.183,0.1832
2025-10-17,0.1832,0.1847,0.1832,0.1846
2025-10-20,0.1846,0.1859,0.1843,0.1857
2025-10-21,0.1857,0.1858,0.1852,0.1852
2025-10-22,0.1852,0.1855,0.1848,0.1848
2025-10-23,0.1847,0.1855,0.1847,0.1854
2025-10-24,0.1854,0.186,0.1852,0.1852
2025-10-27,0.1851,0.186,0.1851,0.1859
2025-10-28,0.1856,0.1864,0.1856,0.1862
2025-10-29,0.1862,0.187,0.1862,0.1863
2025-10-30,0.1863,0.1863,0.1854,0.1854
2025-10-31,0.1854,0.1857,0.1854,0.1856
2025-11-03,0.1856,0.1866,0.185,0.1862
2025-11-04,0.1863,0.1863,0.1848,0.1848
2025-11-05,0.1848,0.1863,0.1848,0.1862
2025-11-06,0.1862,0.1871,0.1862,0.1865
2025-11-07,0.1865,0.1872,0.1865,0.1872
2025-11-10,0.1869,0.1886,0.1869,0.1886
2025-11-11,0.1881,0.1895,0.1881,0.1892
2025-11-12,0.1892,0.1895,0.1885,0.1885
2025-11-13,0.1885,0.1892,0.1884,0.1884
2025-11-14,0.1883,0.1891,0.1883,0.1884
2025-11-17,0.1884,0.1885,0.1877,0.1877
2025-11-18,0.1872,0.1877,0.1872,0.1875
2025-11-19,0.1875,0.1875,0.1872,0.1872
2025-11-20,0.1872,0.1875,0.1871,0.1871
2025-11-21,0.1871,0.1872,0.1847,0.1847
2025-11-24,0.1847,0.1855,0.1847,0.1852
2025-11-25,0.185,0.1862,0.185,0.1854
2025-11-26,0.1856,0.1872,0.1856,0.1871
2025-11-27,0.1871,0.1877,0.1863,0.1863
2025-11-28,0.1863,0.1873,0.1862,0.187
2025-12-01,0.1872,0.1872,0.1859,0.1863
2025-12-02,0.1863,0.1873,0.1863,0.1873
2025-12-03,0.1871,0.1883,0.1871,0.1879
2025-12-04,0.188,0.1886,0.1879,0.1879
2025-12-05,0.1879,0.1883,0.1829,0.1835
2025-12-08,0.1835,0.1851,0.1834,0.1837
2025-12-09,0.1841,0.1841,0.1824,0.1836
2025-12-10,0.1835,0.184,0.1823,0.1823
2025-12-11,0.182,0.1849,0.182,0.1845
2025-12-12,0.1845,0.1854,0.1841,0.1841
2025-12-15,0.1841,0.1853,0.1841,0.1843
2025-12-16,0.1843,0.1843,0.1811,0.1811
2025-12-17,0.1811,0.1827,0.1807,0.1807
2025-12-18,0.1807,0.1813,0.1804,0.1807
2025-12-19,0.1807,0.1814,0.1804,0.1804
2025-12-22,0.18,0.1807,0.1785,0.1785
2025-12-23,0.1785,0.1808,0.1785,0.1807
2025-12-24,0.1808,0.1811,0.1807,0.1807
2025-12-25,0.1807,0.1807,0.1807,0.1807
2025-12-26,0.1808,0.1809,0.18,0.18
2025-12-29,0.18,0.1807,0.1791,0.1791
2025-12-30,0.1791,0.1822,0.1791,0.1822
2025-12-31,0.1822,0.1822,0.1816,0.1821
2026-01-01,0.1821,0.1821,0.1817,0.1821
2026-01-02,0.1821,0.1842,0.1812,0.1841
2026-01-05,0.184,0.1849,0.1838,0.1844
2026-01-06,0.1848,0.1859,0.1848,0.1857
2026-01-07,0.1857,0.1858,0.1851,0.1851
2026-01-08,0.1853,0.1855,0.1852,0.1852
2026-01-09,0.1852,0.1864,0.1852,0.1858
2026-01-12,0.186,0.1864,0.1854,0.1856
2026-01-13,0.1858,0.1859,0.1857,0.1857
2026-01-14,0.1855,0.186,0.185,0.185
2026-01-15,0.1849,0.1863,0.1849,0.1859
2026-01-16,0.1859,0.1864,0.1858,0.1859
2026-01-19,0.1858,0.1866,0.1858,0.1858
2026-01-20,0.1858,0.1862,0.1852,0.1856
2026-01-21,0.1853,0.1877,0.1853,0.1876
2026-01-22,0.1876,0.1889,0.1875,0.1888
2026-01-23,0.1888,0.1893,0.1886,0.1886
2026-01-26,0.1886,0.1896,0.1876,0.189
2026-01-27,0.1892,0.1926,0.1891,0.1926
2026-01-28,0.1926,0.1929,0.1919,0.1921
2026-01-29,0.1921,0.1931,0.1912,0.1921
2026-01-30,0.1922,0.1924,0.1898,0.1898
2026-02-02,0.1899,0.1905,0.1886,0.1897
2026-02-03,0.1897,0.1916,0.1897,0.1905
2026-02-04,0.1905,0.1913,0.1904,0.1904
2026-02-05,0.1904,0.1906,0.1893,0.1893
2026-02-06,0.19,0.1916,0.1891,0.1912
2026-02-09,0.1913,0.1928,0.1913,0.1921
2026-02-10,0.1922,0.1924,0.1922,0.1922
2026-02-11,0.1917,0.193,0.1917,0.1919
2026-02-12,0.1918,0.1936,0.1914,0.1914
2026-02-13,0.1915,0.192,0.1909,0.191
2026-02-16,0.191,0.1912,0.1904,0.1904
2026-02-17,0.191,0.1911,0.1907,0.191
2026-02-18,0.191,0.1919,0.1906,0.1906
2026-02-19,0.1906,0.1915,0.1906,0.1915
2026-02-20,0.1915,0.193,0.1915,0.1928
2026-02-23,0.1928,0.1941,0.1928,0.1929
2026-02-24,0.1932,0.194,0.1932,0.1936
2026-02-25,0.1938,0.1948,0.1938,0.1947
2026-02-26,0.1947,0.1948,0.194,0.1943
2026-02-27,0.1942,0.195,0.1939,0.1945
2026-03-02,0.1943,0.1946,0.1923,0.1929
2026-03-03,0.1929,0.193,0.1876,0.1891
2026-03-04,0.1891,0.192,0.1891,0.1907
2026-03-05,0.1914,0.1914,0.1893,0.1895
2026-03-06,0.1889,0.1907,0.1885,0.1903
2026-03-09,0.1895,0.1935,0.1895,0.193
2026-03-10,0.1917,0.1944,0.1916,0.1932
2026-03-11,0.1936,0.1938,0.1927,0.1935
2026-03-12,0.1934,0.1935,0.1901,0.1901
2026-03-13,0.1901,0.1913,0.1872,0.1872
2026-03-16,0.1872,0.1909,0.1861,0.1907
2026-03-17,0.1907,0.1928,0.1907,0.1921
2026-03-18,0.1922,0.1923,0.1896,0.1896
2026-03-19,0.1896,0.1916,0.1888,0.1911
2026-03-20,0.191,0.1912,0.1878,0.1878
2026-03-23,0.1876,0.1912,0.1869,0.1905
2026-03-24,0.1909,0.1911,0.1899,0.1907
2026-03-25,0.1906,0.1917,0.1905,0.1905
2026-03-26,0.1905,0.1913,0.1905,0.1905
2026-03-27,0.1906,0.1913,0.1899,0.1899
2026-03-30,0.1903,0.191,0.19,0.19
2026-03-31,0.19,0.1927,0.19,0.1922
2026-04-01,0.1922,0.1938,0.1922,0.1936
2026-04-02,0.1936,0.194,0.193,0.1935
2026-04-03,0.1935,0.1937,0.1934,0.1934
2026-04-06,0.1934,0.1941,0.1934,0.1939
2026-04-07,0.1941,0.1943,0.1937,0.1937
2026-04-08,0.1931,0.1968,0.1931,0.1957
2026-04-09,0.1956,0.1973,0.1952,0.1968
2026-04-10,0.1968,0.1994,0.196,0.1994
2026-04-13,0.199,0.2002,0.1986,0.1996
2026-04-14,0.1996,0.2007,0.1996,0.2001
2026-04-15,0.2001,0.2003,0.1999,0.1999
2026-04-16,0.1999,0.2001,0.1999,0.1999
2026-04-17,0.1999,0.2016,0.1999,0.2004
2026-04-20,0.2,0.2015,0.1986,0.2015
2026-04-21,0.2013,0.2015,0.2004,0.2004
2026-04-22,0.2005,0.2014,0.1998,0.2009
2026-04-23,0.2002,0.202,0.1983,0.1983
2026-04-24,0.1986,0.2004,0.1979,0.2004
2026-04-27,0.2004,0.201,0.1995,0.1995
2026-04-28,0.1996,0.2007,0.1996,0.1998
2026-04-29,0.1998,0.2007,0.1988,0.1988
2026-04-30,0.1988,0.2016,0.1988,0.2008
2026-05-01,0.2008,0.2017,0.2008,0.2013
2026-05-04,0.2013,0.2017,0.2002,0.2002
2026-05-05,0.2004,0.2034,0.2004,0.2025
2026-05-06,0.2027,0.2036,0.2021,0.2021
2026-05-07,0.2023,0.2038,0.2018,0.2018
2026-05-08,0.202,0.2042,0.202,0.204
2026-05-11,0.2039,0.2043,0.2033,0.2033
2026-05-12,0.2033,0.2044,0.2032,0.2032
2026-05-13,0.2032,0.2041,0.1986,0.1986
2026-05-14,0.1986,0.2006,0.1986,0.1994
2026-05-15,0.1994,0.2003,0.1968,0.1968
2026-05-18,0.1968,0.2001,0.1968,0.1991
2026-05-19,0.1991,0.2,0.1974,0.1974
2026-05-20,0.1974,0.1997,0.1974,0.199
2026-05-21,0.1991,0.2002,0.1988,0.1988
2026-05-22,0.1989,0.1996,0.198,0.198
2026-05-25,0.1988,0.1998,0.1988,0.1991
2026-05-26,0.1991,0.1994,0.1978,0.1978
2026-05-27,0.1978,0.1985,0.1966,0.1966
2026-05-28,0.1966,0.1986,0.1966,0.1975
2026-05-29,0.1983,0.1983,0.1975,0.1981
2026-06-01,0.1979,0.1991,0.1979,0.1981
2026-06-02,0.1981,0.1995,0.1981,0.1987
2026-06-03,0.1987,0.1994,0.1965,0.1965
2026-06-04,0.1965,0.1972,0.1965,0.1971
2026-06-05,0.1971,0.1973,0.193,0.193
2026-06-08,0.1937,0.1943,0.1925,0.1925
2026-06-09,0.1917,0.1937,0.1917,0.1922
2026-06-10,0.1922,0.1934,0.1922,0.1922
2026-06-11,0.1921,0.1959,0.1921,0.1951
2026-06-12,0.1951,0.1973,0.1951,0.1971
2026-06-15,0.1971,0.1984,0.1966,0.1966
2026-06-16,0.1966,0.1975,0.1955,0.1955
2026-06-17,0.1955,0.1975,0.1948,0.1948
2026-06-18,0.1948,0.1969,0.1928,0.1934
2026-06-19,0.1927,0.1944,0.1927,0.1938
2026-06-22,0.194,0.1948,0.1935,0.1935
2026-06-23,0.1941,0.1946,0.1919,0.1919
2026-06-24,0.192,0.1929,0.1917,0.1924
2026-06-25,0.1917,0.1931,0.1917,0.192
2026-06-26,0.1922,0.1935,0.1922,0.193
2026-06-29,0.193,0.1935,0.1923,0.1923
2026-06-30,0.1923,0.1935,0.1922,0.1928
2026-07-01,0.1928,0.1934,0.1916,0.1916
2026-07-02,0.1912,0.1932,0.191,0.191
2026-07-03,0.1912,0.1932,0.1912,0.1931