time,open,high,low,close
2005-03-09,200.065,200.35,199.585,200.125
2005-03-10,200.125,201.205,199.86,200.215
2005-03-11,200.215,200.505,199.595,200.265
2005-03-14,200.295,201.465,200.245,200.625
2005-03-15,200.625,200.945,199.73,200.015
2005-03-16,200.015,201.025,199.63,200.625
2005-03-17,200.625,201.415,200.275,201.245
2005-03-18,201.195,201.575,200.575,201.295
2005-03-21,201.15,201.23,199.175,199.5
2005-03-22,199.535,199.835,198.64,199.195
2005-03-23,198.995,199.135,197.53,198.02
2005-03-24,198.025,199.355,198.025,198.68
2005-03-25,198.895,199.125,198.575,198.895
2005-03-28,198.92,200.295,198.535,200.075
2005-03-29,200.155,201.85,200.045,201.625
2005-03-30,201.315,202.555,201.135,202.015
2005-03-31,201.845,202.75,200.805,202.555
2005-04-01,202.475,203.035,201.995,202.44
2005-04-04,202.21,203.225,202.135,203.1
2005-04-05,203.175,204.055,203.055,203.49
2005-04-06,203.465,204.47,203.005,204.415
2005-04-07,204.335,204.515,202.97,203.095
2005-04-08,203.245,204.265,202.685,204.105
2005-04-11,204.17,204.345,203.515,203.96
2005-04-12,203.905,204.675,203.325,203.91
2005-04-13,203.825,203.935,202.695,203.355
2005-04-14,203.295,203.795,203.095,203.535
2005-04-15,203.555,204.205,203.285,204.015
2005-04-18,203.86,204.82,203.555,204.625
2005-04-19,204.455,205.32,204.105,204.735
2005-04-20,204.825,205.365,204.375,205.115
2005-04-21,205.225,205.355,203.85,204.125
2005-04-22,204.015,204.075,202.44,202.935
2005-04-25,202.3,202.675,201.65,201.945
2005-04-26,202.135,202.425,201.635,202.045
2005-04-27,202.045,202.55,201.265,201.645
2005-04-28,201.625,202.495,201.255,202.245
2005-04-29,202.425,202.505,199.76,199.99
2005-05-02,200.27,200.865,198.735,198.995
2005-05-03,199.195,199.395,198.43,198.825
2005-05-04,198.655,199.27,197.935,198.905
2005-05-05,198.905,199.225,198.475,199.155
2005-05-06,198.885,199.235,198.125,198.645
2005-05-09,198.73,199.155,198.365,198.995
2005-05-10,199.255,199.305,198.285,198.725
2005-05-11,198.725,199.375,197.71,198.065
2005-05-12,198.135,199.27,197.755,199.165
2005-05-13,199.145,199.485,198.42,198.585
2005-05-16,198.455,199.07,196.145,196.205
2005-05-17,196.565,197.48,195.59,197.17
2005-05-18,197.16,197.435,196.435,196.885
2005-05-19,196.855,197.745,196.735,197.745
2005-05-20,197.515,197.995,197.265,197.615
2005-05-23,197.5,197.615,196.795,197.025
2005-05-24,196.995,197.205,196.36,196.695
2005-05-25,196.745,197.455,196.105,197.295
2005-05-26,197.125,197.705,196.365,196.485
2005-05-27,196.525,197.115,196.29,196.865
2005-05-30,197.03,197.24,196.515,196.915
2005-05-31,196.885,197.355,195.875,197.285
2005-06-01,197.175,197.425,196.27,196.775
2005-06-02,196.725,197.055,196.335,196.585
2005-06-03,196.585,196.645,195.235,195.515
2005-06-06,195.35,195.575,194.155,195.105
2005-06-07,194.985,195.7,194.645,195.635
2005-06-08,195.675,196.575,195.315,195.615
2005-06-09,195.565,196.175,195.415,195.605
2005-06-10,195.575,197.005,195.245,196.955
2005-06-13,196.86,198.06,196.335,197.955
2005-06-14,198.015,198.075,197.345,197.715
2005-06-15,197.635,199.32,197.345,199.035
2005-06-16,199.025,199.135,198.37,198.485
2005-06-17,198.585,199.1,197.945,198.78
2005-06-20,198.69,199.805,198.41,199.365
2005-06-21,199.565,199.605,197.775,197.905
2005-06-22,198.055,198.825,197.755,198.33
2005-06-23,198.27,198.33,197.425,197.755
2005-06-24,197.745,199.295,197.645,198.955
2005-06-27,199.1,200.175,199.04,199.805
2005-06-28,199.855,200.315,199.385,199.665
2005-06-29,199.605,200.415,198.845,199.485
2005-06-30,199.505,199.735,198.185,198.735
2005-07-01,198.385,200.62,197.055,197.585
2005-07-04,196.78,196.985,195.905,196.405
2005-07-05,196.215,196.765,195.93,196.255
2005-07-06,196.135,197.37,195.925,196.765
2005-07-07,196.625,196.955,194.515,195.555
2005-07-08,195.355,195.865,194.53,194.985
2005-07-11,194.89,196.75,194.785,196.555
2005-07-12,196.375,197.29,195.955,196.995
2005-07-13,197.175,197.465,196.365,197.405
2005-07-14,197.345,197.715,196.785,197.365
2005-07-15,197.185,197.565,196.455,196.495
2005-07-18,196.51,196.985,195.36,195.805
2005-07-19,195.675,196.625,195.395,196.125
2005-07-20,196.205,196.875,195.635,196.185
2005-07-21,196.415,196.855,192.65,193.155
2005-07-22,193.435,195.055,193,193.595
2005-07-25,192.51,195.145,192.21,194.655
2005-07-26,194.695,195.79,194.515,195.525
2005-07-27,195.455,196.355,195.205,196.185
2005-07-28,196.025,197.345,195.555,196.885
2005-07-29,196.915,197.845,196.485,197.745
2005-08-01,197.78,198.715,196.705,198.435
2005-08-02,198.535,198.635,196.925,197.385
2005-08-03,197.345,198.555,197.185,197.465
2005-08-04,197.555,198.57,196.895,198.075
2005-08-05,198.065,199.295,197.915,199.165
2005-08-08,199.31,200.26,199.19,200.205
2005-08-09,200.155,200.305,199.575,199.995
2005-08-10,199.995,200.035,198.27,198.645
2005-08-11,198.755,199.145,198.165,198.655
2005-08-12,198.725,199.045,198.395,198.505
2005-08-15,198.72,199.045,197.53,197.875
2005-08-16,197.875,198.405,197.365,198.395
2005-08-17,198.405,198.795,197.715,198.515
2005-08-18,198.285,199.365,198.185,198.425
2005-08-19,198.335,198.765,197.835,198.265
2005-08-22,198.47,198.565,196.785,197.615
2005-08-23,197.625,198.115,197.265,197.985
2005-08-24,198.015,198.63,197.845,198.495
2005-08-25,198.425,198.775,197.775,198.415
2005-08-26,198.425,198.69,197.62,198.345
2005-08-29,198.42,199.455,198.245,198.735
2005-08-30,198.645,199.265,198.455,198.745
2005-08-31,198.625,199.995,198.535,199.585
2005-09-01,199.535,201.6,199.435,201.435
2005-09-02,201.315,202.415,200.875,202.275
2005-09-05,201.92,202.08,201.095,201.33
2005-09-06,201.23,202.455,200.995,202.095
2005-09-07,201.915,202.7,201.195,202.215
2005-09-08,202.045,203.505,202.005,202.855
2005-09-09,202.845,203.425,201.595,201.745
2005-09-12,200.97,201.655,200.01,200.8
2005-09-13,200.82,202.285,200.58,201.645
2005-09-14,201.74,202.21,200.89,201.315
2005-09-15,201.2,201.595,199.085,199.81
2005-09-16,199.84,201.545,199.79,201.32
2005-09-19,200.735,201.29,196.605,201.01
2005-09-20,201.06,201.605,200.525,201.33
2005-09-21,201.4,201.88,200.96,201.415
2005-09-22,201.43,202.03,199.59,200.02
2005-09-23,199.93,200.18,198.87,199.715
2005-09-26,199.145,199.805,198.985,199.565
2005-09-27,199.605,200.5,199.275,200.13
2005-09-28,200.19,200.425,199.415,199.96
2005-09-29,199.9,200.07,198.985,199.04
2005-09-30,199.2,200.715,198.92,200.23
2005-10-03,200.32,200.69,199.84,200.295
2005-10-04,200.22,201.245,200.14,200.955
2005-10-05,200.97,201.205,200.245,200.92
2005-10-06,200.71,202.06,200.69,201.54
2005-10-07,201.54,201.66,200.1,200.45
2005-10-10,200.17,200.62,199.87,200.415
2005-10-11,200.35,200.48,199.17,200.055
2005-10-12,200,200.605,199.54,200.36
2005-10-13,200.28,201.445,200.2,201.15
2005-10-14,201.15,201.93,200.68,201.73
2005-10-17,201.75,202.035,201.2,201.59
2005-10-18,201.6,202.695,201.41,202.61
2005-10-19,202.62,203.81,202.045,203.775
2005-10-20,203.57,204.765,203.28,204.635
2005-10-21,204.59,205.625,204.355,204.97
2005-10-24,204.64,204.86,203.745,204.225
2005-10-25,204.21,205.435,203.755,205.27
2005-10-26,205.16,205.88,204.795,205.655
2005-10-27,205.6,206.415,205.28,205.86
2005-10-28,205.9,205.92,205.04,205.15
2005-10-31,205.385,206.66,205.165,206.015
2005-11-01,205.98,206.635,205.455,206.085
2005-11-02,206.11,207.71,205.825,207.675
2005-11-03,207.66,208.065,207.215,207.58
2005-11-04,207.5,208.16,206.405,207.04
2005-11-07,206.695,206.875,204.865,205.255
2005-11-08,205.3,205.33,203.9,204.605
2005-11-09,204.64,205.065,203.81,204.885
2005-11-10,204.99,206.28,204.885,205.83
2005-11-11,205.76,205.76,204.82,205.555
2005-11-14,205.625,207.155,205.32,206.37
2005-11-15,206.31,206.88,206.07,206.35
2005-11-16,206.33,206.98,204.17,204.585
2005-11-17,204.64,204.895,203.745,204.295
2005-11-18,204.3,204.87,203.82,204.59
2005-11-21,204.585,205.11,203.885,204.195
2005-11-22,204.2,204.805,203.485,204.515
2005-11-23,204.52,204.885,203.64,204.67
2005-11-24,204.59,205.275,204.285,204.87
2005-11-25,204.795,205.705,204.745,205.11
2005-11-28,205.135,205.725,204.35,205.53
2005-11-29,205.65,205.805,205.05,205.61
2005-11-30,205.58,207.585,205.22,207.19
2005-12-01,207.17,209.03,206.925,208.875
2005-12-02,208.7,209.7,208.01,209.005
2005-12-05,209.945,210.645,209.415,210.5
2005-12-06,210.545,211.425,209.795,210.385
2005-12-07,210.325,210.565,209.165,210.045
2005-12-08,210.205,211.09,208.865,210.965
2005-12-09,210.94,211.875,210.415,211.74
2005-12-12,211.665,212.93,211.555,212.745
2005-12-13,212.62,213.065,211.935,212.365
2005-12-14,212.23,212.765,206.935,208.135
2005-12-15,208.26,208.645,204.995,205.15
2005-12-16,205.22,206.38,203.955,205.03
2005-12-19,204.77,206.575,204.125,204.75
2005-12-20,204.63,206.045,204.475,205.73
2005-12-21,205.44,205.99,204.14,204.8
2005-12-22,204.75,205.235,202.365,202.63
2005-12-23,202.62,203,201.18,201.44
2005-12-27,202.435,203.545,202.22,202.825
2005-12-28,202.88,203.815,201.85,202.445
2005-12-29,202.52,203.555,202.245,203.28
2005-12-30,203.22,203.625,201.86,203.015
2006-01-03,202.825,203.17,202.275,202.845
2006-01-04,202.91,204.78,202.395,204.19
2006-01-05,204.12,204.6,202.945,203.535
2006-01-06,203.53,204.03,202.115,202.66
2006-01-09,202.635,202.745,201.135,202.085
2006-01-10,202.19,202.64,201.56,201.79
2006-01-11,201.69,202.37,200.565,201.405
2006-01-12,201.82,201.945,200.715,201.3
2006-01-13,201.45,203.23,201.41,202.92
2006-01-16,202.71,203.54,202.36,203.31
2006-01-17,203.39,204.375,202.43,204.12
2006-01-18,204.05,204.51,202.81,203.24
2006-01-19,203.15,203.39,202.05,203.06
2006-01-20,203.07,204.27,202.37,204.17
2006-01-23,204,204.93,203.415,204.52
2006-01-24,204.64,205.135,204.15,204.69
2006-01-25,204.87,207.18,204.81,206.67
2006-01-26,206.55,207.66,206.15,207.15
2006-01-27,207.27,208.2,206.58,207.34
2006-01-30,207.3,208.325,206.99,207.99
2006-01-31,208.05,209.06,207.36,208.54
2006-02-01,208.59,209.92,208.245,209.43
2006-02-02,209.52,211.17,209.3,211.12
2006-02-03,211.05,211.09,209.4,209.59
2006-02-06,209.37,209.58,207.565,208.05
2006-02-07,207.97,208.215,205.46,205.76
2006-02-08,205.7,206.735,205.22,206.41
2006-02-09,206.32,207.18,206.035,206.96
2006-02-10,206.89,207.36,204.785,205.58
2006-02-13,205.32,205.7,204.88,205.02
2006-02-14,205.08,205.11,202.94,203.83
2006-02-15,203.75,205.4,203.71,205.23
2006-02-16,205.05,205.31,204.145,204.51
2006-02-17,204.61,206.33,204.1,205.69
2006-02-20,205.95,206.405,205.685,206.19
2006-02-21,206.3,207.775,206.26,207.22
2006-02-22,207.36,207.5,206.065,206.715
2006-02-23,206.54,206.59,204.695,205.11
2006-02-24,204.755,204.925,203.665,204.05
2006-02-27,203.93,203.95,201.685,202.06
2006-02-28,202.13,203.455,201.985,202.97
2006-03-01,202.93,204.22,202.57,203.15
2006-03-02,202.96,203.535,202.52,203.19
2006-03-03,203.22,204.72,202.73,204.36
2006-03-06,204.41,206.095,204.05,205.81
2006-03-07,206.05,206.05,203.995,204.59
2006-03-08,204.44,205.12,203.81,204.92
2006-03-09,204.79,205.525,203.72,205.18
2006-03-10,205.16,205.98,204.81,205.8
2006-03-13,205.48,206.2,204.92,205.72
2006-03-14,205.87,206.1,204.67,205.34
2006-03-15,205.475,205.68,204.73,205.23
2006-03-16,205.08,205.845,205.05,205.29
2006-03-17,205.4,205.46,203.245,203.59
2006-03-20,203.76,204.44,202.79,204.39
2006-03-21,204.37,205.01,203.55,204.94
2006-03-22,204.9,205.25,203.905,204.46
2006-03-23,204.47,204.73,203.56,204.46
2006-03-24,204.47,205.755,204.27,204.65
2006-03-27,204.82,205.02,203.37,203.86
2006-03-28,203.9,205.83,203.18,205.57
2006-03-29,205.58,205.63,204.04,204.25
2006-03-30,204.32,205.185,203.915,204.88
2006-03-31,204.875,205.36,204.135,204.8
2006-04-03,204.55,205.305,204.095,204.675
2006-04-04,204.78,206.385,204.44,206.28
2006-04-05,206.26,206.31,205.24,205.93
2006-04-06,205.81,206.885,205.595,206.45
2006-04-07,206.41,206.625,205.135,206.09
2006-04-10,206,206.885,205.73,206.245
2006-04-11,206.23,207.355,206.115,206.87
2006-04-12,206.86,207.465,206.16,207.285
2006-04-13,207.315,207.965,207.12,207.74
2006-04-17,207.84,208.675,207.575,208.42
2006-04-18,208.48,209.295,208.305,208.83
2006-04-19,208.82,210.835,208.17,210.26
2006-04-20,210.225,210.535,208.8,209.07
2006-04-21,208.88,209.755,207.64,207.79
2006-04-24,206.6,207.145,204.455,204.98
2006-04-25,204.94,205.575,204.14,205.32
2006-04-26,205.28,205.89,204.585,204.735
2006-04-27,204.67,205.855,203.835,205.53
2006-04-28,205.445,207.73,205.39,207.66
2006-05-01,207.295,207.705,206.19,207.05
2006-05-02,207.06,208.845,206.84,208.52
2006-05-03,208.55,209.65,207.905,209.24
2006-05-04,209.29,210.695,209.08,210.43
2006-05-05,210.47,211.035,208.635,209.31
2006-05-08,208.735,208.94,206.905,207.55
2006-05-09,207.5,207.66,206.65,207.27
2006-05-10,207.285,207.535,205.43,205.955
2006-05-11,205.98,208.47,205.93,208.435
2006-05-12,208.26,209.015,207.19,208.45
2006-05-15,207.705,208.405,206.93,207.68
2006-05-16,207.745,208.095,206.96,207.19
2006-05-17,207.06,209.275,206.435,208.92
2006-05-18,208.93,209.98,208.2,209.81
2006-05-19,209.85,210.22,209.1,209.93
2006-05-22,210.84,211.06,210.06,210.52
2006-05-23,210.48,210.73,209.14,210.53
2006-05-24,210.48,211.28,210.12,211.06
2006-05-25,210.91,211.105,209.075,209.38
2006-05-26,209.36,209.815,208.59,209.45
2006-05-29,209.03,209.35,208.715,209.17
2006-05-30,209.11,211.43,208.89,211.29
2006-05-31,211.3,211.4,209.7,210.62
2006-06-01,210.49,210.885,209.87,210.27
2006-06-02,210.07,210.78,209.82,210.28
2006-06-05,210.355,210.93,209.6,210.14
2006-06-06,210.17,211.185,209.905,210.805
2006-06-07,210.73,210.99,210.395,210.62
2006-06-08,210.72,211.11,210.19,210.45
2006-06-09,210.61,210.64,209.63,209.76
2006-06-12,209.975,210.95,209.785,210.74
2006-06-13,210.7,212.11,210.535,211.54
2006-06-14,211.5,212.46,211.085,211.94
2006-06-15,212.04,212.795,211.695,212.24
2006-06-16,212.25,213.24,212.12,213.18
2006-06-19,213.195,213.73,211.94,212.76
2006-06-20,212.68,212.74,211.285,211.75
2006-06-21,211.7,212.175,211.25,211.98
2006-06-22,211.99,212.645,211.44,212.26
2006-06-23,212.37,212.465,210.915,211.82
2006-06-26,211.995,212.16,211.41,212
2006-06-27,212.1,212.375,211.395,211.81
2006-06-28,211.8,212.05,211.15,211.815
2006-06-29,211.725,211.945,209.945,210.555
2006-06-30,210.47,211.8,209.865,211.51
2006-07-03,211.225,211.905,210.825,211.28
2006-07-04,211.21,211.98,211.005,211.98
2006-07-05,211.87,212.52,211.525,212.29
2006-07-06,212.16,212.36,211.22,211.49
2006-07-07,211.48,211.815,210.74,210.99
2006-07-10,210.905,210.95,209.56,210.41
2006-07-11,210.39,210.98,210.05,210.94
2006-07-12,210.92,212.095,210.71,211.93
2006-07-13,211.87,212.79,211.43,212.79
2006-07-14,212.73,213.76,212.64,213.535
2006-07-17,213.605,213.925,212.77,213.18
2006-07-18,213.15,214.745,212.59,214.255
2006-07-19,214.135,215.44,213.905,215.265
2006-07-20,215.21,216.585,215,216.38
2006-07-21,216.33,216.42,214.94,215.9
2006-07-24,215.905,216.39,215.625,216
2006-07-25,215.98,216.24,215.485,215.62
2006-07-26,215.585,216.22,214.705,215.655
2006-07-27,215.63,215.855,214.96,215.01
2006-07-28,215.035,215.33,213.54,213.63
2006-07-31,213.6,214.4,213.005,214.175
2006-08-01,214.18,215.29,213.59,214.96
2006-08-02,214.94,215.41,214.37,215.225
2006-08-03,215.19,217.445,214.955,217.105
2006-08-04,217.04,218.56,216.94,218.34
2006-08-07,218.015,219.775,217.775,219.565
2006-08-08,219.445,219.99,218.95,219.95
2006-08-09,219.89,220.165,219.17,219.65
2006-08-10,219.62,219.955,218.025,218.23
2006-08-11,218.24,220.335,218.08,219.87
2006-08-14,219.96,220.57,219.825,220.305
2006-08-15,220.34,220.585,219.67,219.875
2006-08-16,219.88,220.275,219.27,219.595
2006-08-17,219.63,219.73,218.445,218.635
2006-08-18,218.6,218.89,217.485,217.88
2006-08-21,217.825,219.855,217.715,219.445
2006-08-22,219.41,220.375,219.265,220.04
2006-08-23,220.13,220.82,219.525,220.43
2006-08-24,220.3,220.545,219.765,219.865
2006-08-25,219.875,221.675,219.735,221.29
2006-08-28,221.33,222.365,221.21,221.86
2006-08-29,221.975,222.125,220.955,221.47
2006-08-30,221.435,223.26,221.355,223.115
2006-08-31,222.98,223.865,222.795,223.6
2006-09-01,223.54,223.635,222.24,223.095
2006-09-04,223.115,223.125,220.72,221.38
2006-09-05,221.26,221.45,219.35,219.94
2006-09-06,219.88,220.675,219.23,219.8
2006-09-07,219.83,220.37,217.615,218.4
2006-09-08,218.4,218.51,217.385,218.095
2006-09-11,218.165,219.575,217.63,219.56
2006-09-12,219.445,221.265,219.255,221.125
2006-09-13,221.04,221.165,220.19,220.77
2006-09-14,220.57,222.13,220.36,221.88
2006-09-15,221.75,222.1,220.22,221.14
2006-09-18,221.595,222.28,221.305,221.78
2006-09-19,222.055,222.115,220.82,221.66
2006-09-20,221.55,222.015,220.215,221.835
2006-09-21,221.51,222.025,221.085,221.37
2006-09-22,221.285,221.96,220.915,221.47
2006-09-25,221.26,222.1,221.09,221.525
2006-09-26,221.495,222.245,220.5,221.855
2006-09-27,221.835,222.075,221.08,221.98
2006-09-28,221.945,222.205,220.69,221.145
2006-09-29,220.975,221.3,219.955,221.26
2006-10-02,221.485,222.115,220.665,221.97
2006-10-03,221.99,222.73,221.66,222.6
2006-10-04,222.63,222.99,221.825,222.375
2006-10-05,222.285,222.37,220.505,221.18
2006-10-06,221.17,222.77,221.11,222.64
2006-10-09,222.385,223.16,222.01,222.395
2006-10-10,222.44,222.64,221.65,221.995
2006-10-11,221.995,222.185,221.53,222.025
2006-10-12,221.97,222.42,221.68,221.925
2006-10-13,221.935,222.42,221.655,222.01
2006-10-16,222.15,222.235,221.42,221.6
2006-10-17,221.57,222.595,221.26,222.14
2006-10-18,221.895,222.61,221.54,222.13
2006-10-19,222.075,222.34,221.37,221.88
2006-10-20,221.91,223.805,221.835,223.63
2006-10-23,223.685,223.705,223.05,223.62
2006-10-24,223.56,223.83,223.175,223.54
2006-10-25,223.62,223.81,223.295,223.63
2006-10-26,223.63,224.12,223.35,223.835
2006-10-27,223.86,224.39,222.605,223.185
2006-10-30,222.725,223.525,222.455,223.38
2006-10-31,223.43,224.07,222.57,223.12
2006-11-01,222.98,223.555,222.755,223.41
2006-11-02,223.415,223.77,222.67,223.565
2006-11-03,223.605,224.57,223.225,224.345
2006-11-06,224.555,224.69,224.035,224.495
2006-11-07,224.465,224.66,224.03,224.345
2006-11-08,224.365,224.62,223.96,224.55
2006-11-09,224.475,225.305,224.34,224.675
2006-11-10,224.675,225.07,224.26,224.755
2006-11-13,224.645,224.83,224.25,224.64
2006-11-14,224.71,224.72,222.65,222.965
2006-11-15,222.895,223.5,222.52,222.95
2006-11-16,222.855,223.45,222.56,223.245
2006-11-17,223.135,223.405,222.76,223.08
2006-11-20,223.385,224.23,223.175,224.025
2006-11-21,224.005,224.305,223.715,223.93
2006-11-22,223.885,224.02,223.02,223.51
2006-11-23,223.505,223.63,222.37,222.785
2006-11-24,222.76,223.965,222.63,223.91
2006-11-27,224.49,225.04,223.795,224.955
2006-11-28,224.965,226.785,224.77,226.695
2006-11-29,226.705,227.19,225.74,226.585
2006-11-30,226.435,227.83,226.195,227.665
2006-12-01,227.585,229.085,227.15,228.705
2006-12-04,228.135,229.02,228.07,228.435
2006-12-05,228.295,228.615,226.33,226.705
2006-12-06,226.665,226.895,225.73,226.63
2006-12-07,226.675,226.835,225.9,226.265
2006-12-08,226.275,227.805,225.945,227.395
2006-12-11,227.23,229.125,226.98,229.125
2006-12-12,228.975,230.36,228.79,230.225
2006-12-13,230.2,231.355,229.94,231.28
2006-12-14,231.17,231.43,230.69,230.995
2006-12-15,230.955,231.83,229.4,230.7
2006-12-18,230.41,230.91,229.43,230.1
2006-12-19,230.095,232.655,229.71,232.63
2006-12-20,232.6,233.265,232.425,232.735
2006-12-21,232.595,233.03,231.545,232.1
2006-12-22,232.11,232.995,231.965,232.77
2006-12-26,233,233.135,232.6,232.785
2006-12-27,232.79,232.985,231.575,232.54
2006-12-28,232.355,233.665,232.215,233.46
2006-12-29,233.42,233.915,232.945,233.165
2007-01-02,233.365,234.605,232.985,234.58
2007-01-03,234.535,234.85,232.685,232.975
2007-01-04,232.86,233.17,231.215,231.305
2007-01-05,231.285,231.355,228.61,228.86
2007-01-08,229.075,230.265,228.085,230.205
2007-01-09,230.25,231.91,230.215,231.565
2007-01-10,231.55,231.785,230.76,231.145
2007-01-11,231.195,234.905,230.88,234.385
2007-01-12,234.28,235.97,233.92,235.735
2007-01-15,235.965,237.025,235,236.605
2007-01-16,236.56,237.3,236.35,236.66
2007-01-17,236.745,237.905,236.58,237.7
2007-01-18,237.66,240.055,237.46,239.325
2007-01-19,239.225,239.85,238.99,239.29
2007-01-22,239.345,240.62,239.24,240.43
2007-01-23,240.465,241.525,240.31,241.015
2007-01-24,240.925,241.41,237.505,238.715
2007-01-25,238.515,238.665,236.36,238.165
2007-01-26,238.23,239.205,237.57,238.145
2007-01-29,238.035,239.205,238.015,238.75
2007-01-30,238.78,240.075,238.31,238.725
2007-01-31,238.765,238.94,236.38,237.225
2007-02-01,237.31,237.815,236.58,237.615
2007-02-02,237.45,238.815,237.32,238.17
2007-02-05,238.065,238.235,235.5,235.915
2007-02-06,235.965,237.325,235.38,236.725
2007-02-07,236.77,238.04,236.45,237.83
2007-02-08,237.635,238.9,236.945,237.09
2007-02-09,237.095,237.885,236.255,237.245
2007-02-12,237.685,238.57,236.68,237.435
2007-02-13,237.395,237.515,235.435,235.915
2007-02-14,235.81,237.225,235.675,237.095
2007-02-15,237.025,237.14,232.54,232.72
2007-02-16,232.805,233.51,232.17,232.84
2007-02-19,233.465,233.88,232.145,233.315
2007-02-20,233.475,235.175,233.375,234.68
2007-02-21,234.615,236.395,233.835,236.305
2007-02-22,236.26,238.03,235.725,237.865
2007-02-23,237.955,238.195,237.4,237.725
2007-02-26,237.7,237.87,236.295,236.905
2007-02-27,236.8,237.095,230.685,231.41
2007-02-28,231.525,233.05,230.99,232.855
2007-03-01,232.69,233.525,229.46,230.345
2007-03-02,230.43,230.63,226.59,226.995
2007-03-05,226.875,226.925,221.27,221.865
2007-03-06,221.875,225.48,221.105,225.225
2007-03-07,225.475,226.25,223.905,224.36
2007-03-08,224.275,226.895,222.875,225.955
2007-03-09,226.06,228.755,225.915,228.62
2007-03-12,228.815,229.71,225.85,227.525
2007-03-13,227.555,227.585,224.075,224.295
2007-03-14,224.11,226.85,222.64,226.695
2007-03-15,226.585,228.07,226.25,227.78
2007-03-16,227.665,227.75,226.4,226.725
2007-03-19,225.845,229.15,225.405,228.495
2007-03-20,228.445,230.8,228.13,230.055
2007-03-21,230.015,231.555,229.91,231.305
2007-03-22,231.375,232.245,230.685,232.09
2007-03-23,232.075,232.355,230.49,231.675
2007-03-26,231.345,232.755,230.87,232.655
2007-03-27,232.645,233.03,231.47,231.595
2007-03-28,231.405,231.93,228.78,229.24
2007-03-29,229.285,231.775,229.12,231.635
2007-03-30,231.635,231.97,230.57,231.875
2007-04-02,231.64,233.115,231.335,233.095
2007-04-03,233.065,235.125,232.865,234.855
2007-04-04,234.885,234.965,234.085,234.515
2007-04-05,234.525,234.825,233.545,233.975
2007-04-06,234.025,234.6,233.845,234.485
2007-04-09,234.475,234.56,233.775,234.185
2007-04-10,234.24,235.375,233.68,234.885
2007-04-11,234.89,236.315,234.615,235.765
2007-04-12,235.78,236.13,235.185,235.855
2007-04-13,235.83,237.005,234.775,236.885
2007-04-16,237.19,238.615,236.44,238.245
2007-04-17,238.175,239.45,237.185,238.645
2007-04-18,238.865,238.97,236.81,238.395
2007-04-19,238.325,238.325,235.245,237.375
2007-04-20,237.305,238.34,236.91,237.66
2007-04-23,238.08,238.355,236.31,237.415
2007-04-24,237.045,238.025,235.995,237.405
2007-04-25,237.395,237.99,236.91,237.665
2007-04-26,237.455,238.765,237.28,238.095
2007-04-27,237.995,239.43,237.335,238.995
2007-04-30,237.96,239.05,237.86,238.99
2007-05-01,238.835,239.78,238.605,239.55
2007-05-02,239.385,239.62,238.455,239.1
2007-05-03,239.065,239.575,238.935,239.29
2007-05-04,239.38,239.63,238.775,239.42
2007-05-07,239.465,239.625,239.15,239.355
2007-05-08,239.305,239.44,238.215,238.795
2007-05-09,238.735,239.54,238.07,239.43
2007-05-10,239.455,239.785,237.155,237.42
2007-05-11,237.275,238.46,236.445,238.175
2007-05-14,238.32,238.695,237.925,238.225
2007-05-15,238.24,239.035,237.755,238.855
2007-05-16,238.815,239.405,238.585,238.87
2007-05-17,238.775,239.645,238.64,239.545
2007-05-18,239.475,239.9,237.835,239.18
2007-05-21,239.14,239.615,239.04,239.475
2007-05-22,239.5,240.205,239.115,240.04
2007-05-23,240.015,241.875,239.92,241.71
2007-05-24,241.585,241.65,240.75,240.95
2007-05-25,240.875,241.795,239.69,241.555
2007-05-28,241.495,241.67,241.195,241.435
2007-05-29,241.395,241.555,240.53,241.04
2007-05-30,240.985,241.14,239.77,240.38
2007-05-31,240.355,241.2,239.905,241
2007-06-01,241.09,242.08,240.88,242.025
2007-06-04,241.945,242.665,241.675,242.49
2007-06-05,242.485,243.01,241.55,241.995
2007-06-06,241.955,242.28,240.935,241.285
2007-06-07,241.23,242.135,238.915,239.31
2007-06-08,239.365,240.145,237.665,239.805
2007-06-11,239.76,239.98,238.965,239.695
2007-06-12,239.69,240.865,239.565,240.265
2007-06-13,240.21,242.215,239.75,242.155
2007-06-14,242.05,242.385,241.71,242.08
2007-06-15,242.145,244.38,242.045,243.95
2007-06-18,244.015,245.525,243.925,245.295
2007-06-19,245.225,245.545,245.08,245.335
2007-06-20,245.31,246.64,244.725,246.3
2007-06-21,246.15,246.565,245.88,246.525
2007-06-22,246.545,247.95,246.395,247.695
2007-06-25,247.215,247.82,246.495,247.045
2007-06-26,247.045,247.175,245.25,246.39
2007-06-27,246.33,246.36,244.01,245.595
2007-06-28,245.575,246.775,245.38,246.715
2007-06-29,246.69,247.82,246.485,247.415
2007-07-02,247.21,247.625,246.055,246.94
2007-07-03,246.94,247.63,246.27,246.875
2007-07-04,246.945,247.43,246.595,247.42
2007-07-05,247.37,247.63,246.62,247.325
2007-07-06,247.385,248.205,247.055,248.015
2007-07-09,248.36,248.8,248.17,248.71
2007-07-10,248.635,248.77,246.855,246.89
2007-07-11,246.75,248.97,245.095,248.94
2007-07-12,248.605,248.79,247.705,248.545
2007-07-13,248.465,248.93,248,248.035
2007-07-16,247.9,248.66,247.645,248.193
2007-07-17,248.158,250.47,248.025,250.423
2007-07-18,250.303,250.528,249.625,250.355
2007-07-19,250.208,250.443,249.745,249.983
2007-07-20,250.145,251.115,248.625,249.365
2007-07-23,249.95,250.395,248.565,249.38
2007-07-24,249.35,249.468,247.315,248.045
2007-07-25,247.703,248.118,246.305,247.49
2007-07-26,247.43,247.745,242.835,243.205
2007-07-27,242.75,244.38,239.765,239.765
2007-07-30,239.653,241.44,238.305,241.055
2007-07-31,240.9,242.95,240.575,240.94
2007-08-01,240.408,241.863,237.645,241.77
2007-08-02,241.473,243.148,240.153,242.88
2007-08-03,242.683,242.953,240.653,240.915
2007-08-06,239.67,241.828,238.92,241.49
2007-08-07,241.55,241.55,238.61,240.195
2007-08-08,240.143,244.1,239.865,243.903
2007-08-09,243.73,244.063,239.025,239.09
2007-08-10,239.325,240.535,236.315,239.525
2007-08-13,238.99,239.733,236.495,237.97
2007-08-14,237.95,238.11,234.76,234.78
2007-08-15,234.753,234.885,231.705,231.918
2007-08-16,231.655,231.735,221.525,225.823
2007-08-17,226.395,229.015,219.358,226.56
2007-08-20,226.035,229.595,224.883,228.355
2007-08-21,228.32,229.11,225.36,226.8
2007-08-22,226.685,229.89,225.755,229.835
2007-08-23,229.875,234.908,229.763,233.045
2007-08-24,233.363,234.613,230.87,234.525
2007-08-27,234.275,235.533,233.113,233.125
2007-08-28,232.968,232.983,228.465,228.765
2007-08-29,228.345,234.555,227.43,234.39
2007-08-30,234.383,234.558,231.23,233.085
2007-08-31,233.415,235.53,232.765,233.52
2007-09-03,233.475,234.57,233.05,234.06
2007-09-04,233.93,234.445,231.975,234.19
2007-09-05,234.145,234.835,231.915,232.84
2007-09-06,234.02,234.02,231.923,233.498
2007-09-07,233.465,234.205,229.17,230.01
2007-09-10,228.82,231.515,228.263,230.58
2007-09-11,230.48,232.41,229.61,232.35
2007-09-12,232.435,232.55,231.065,231.85
2007-09-13,231.68,234.805,231.45,233.075
2007-09-14,232.335,233.33,230.225,231.585
2007-09-17,231.05,231.708,228.838,229.63
2007-09-18,229.61,234.27,228.228,233.698
2007-09-19,233.45,233.89,231.145,232.285
2007-09-20,232.03,232.28,229.505,230.393
2007-09-21,230.62,233.695,230.165,233.338
2007-09-24,233.28,233.58,231.75,232.29
2007-09-25,232.245,232.42,229.765,231.7
2007-09-26,231.645,233.285,231.245,232.938
2007-09-27,232.725,234.53,232.48,234.438
2007-09-28,234.425,235.295,232.41,235.03
2007-10-01,234.818,237.1,234.733,236.485
2007-10-02,236.525,236.805,234.955,236.32
2007-10-03,236.245,237.875,235.91,237.243
2007-10-04,237.155,237.875,236.185,237.44
2007-10-05,237.54,239.02,236.723,238.885
2007-10-08,239.13,239.735,238.59,239.043
2007-10-09,239.175,239.398,237.02,238.68
2007-10-10,238.725,240.39,238.505,239.473
2007-10-11,239.23,239.895,237.785,238.28
2007-10-12,238.335,239.498,237.415,239.46
2007-10-15,239.043,240.7,238.93,239.84
2007-10-16,239.78,240.028,236.66,237.675
2007-10-17,237.515,238.82,235.88,238.045
2007-10-18,237.655,238.123,236.18,236.39
2007-10-19,236.165,237.015,234.82,234.945
2007-10-22,234.19,234.485,230.31,232.89
2007-10-23,232.475,235.845,232.383,235.41
2007-10-24,235.365,235.733,232.845,234.215
2007-10-25,234.155,235.15,233.058,234.21
2007-10-26,234.3,235.395,233.655,234.345
2007-10-29,234.56,236.798,234.2,236.475
2007-10-30,236.685,237.73,235.285,237.038
2007-10-31,237.105,240.2,236.88,240.075
2007-11-01,240.125,241.39,237.933,238.515
2007-11-02,238.365,240.318,237.675,239.99
2007-11-05,239.7,239.743,237.13,238.33
2007-11-06,238.28,239.638,237.803,239.525
2007-11-07,239.423,239.683,236.66,236.82
2007-11-08,236.085,238.875,235.165,237.31
2007-11-09,237.345,238.085,231.103,231.365
2007-11-12,229.68,231.048,224.605,224.62
2007-11-13,224.76,229.88,224.75,229.673
2007-11-14,229.745,232.43,227.985,228.49
2007-11-15,228.385,229.725,225.155,225.585
2007-11-16,225.53,228.395,223.97,228.27
2007-11-19,227.69,228.38,224.585,225.06
2007-11-20,224.92,228.333,224.305,227.255
2007-11-21,227.09,227.293,222.45,223.91
2007-11-22,224.08,225.66,223.263,223.6
2007-11-23,223.66,224.82,221.305,223.353
2007-11-26,223.405,224.838,221.925,222.465
2007-11-27,222.445,225.81,221.945,225.415
2007-11-28,225.253,229.315,223.715,229.118
2007-11-29,228.655,229.193,225.76,226.605
2007-11-30,226.475,229.355,226.13,228.745
2007-12-03,227.88,228.495,226.555,228.21
2007-12-04,228.195,228.203,225.598,226.23
2007-12-05,226.145,227.41,223.725,224.76
2007-12-06,224.64,226.105,223.988,225.763
2007-12-07,225.61,227.09,224.87,226.765
2007-12-10,226.4,228.87,226.3,228.573
2007-12-11,228.49,229.85,224.81,225.115
2007-12-12,225.353,230.355,225.193,229.748
2007-12-13,229.5,229.643,227.47,229.075
2007-12-14,229.205,230.065,228.295,228.555
2007-12-17,228.685,229.14,227.405,228.205
2007-12-18,228.233,229.075,227.76,228.44
2007-12-19,228.335,228.585,225.99,226.623
2007-12-20,226.38,226.465,223.578,224.415
2007-12-21,224.43,226.57,224.275,226.18
2007-12-24,226.275,226.445,225.63,226.01
2007-12-26,226.03,226.91,225.625,226.818
2007-12-27,226.525,228.395,226.453,227
2007-12-28,226.895,227.65,224.09,224.195
2007-12-31,224.595,224.92,220.955,221.705
2008-01-02,221.875,222.81,216.43,217.203
2008-01-03,217.29,217.64,213.615,215.508
2008-01-04,215.625,216.82,213.508,214.39
2008-01-07,214.51,216.19,214.065,215.085
2008-01-08,214.98,217.34,214.475,214.878
2008-01-09,214.663,216.488,213.84,215.52
2008-01-10,215.37,216.06,213.588,214.47
2008-01-11,214.428,215.145,212.015,212.97
2008-01-14,212.713,213.465,210.765,211.57
2008-01-15,211.66,212.158,209.385,209.588
2008-01-16,209.42,212.03,207.03,211.35
2008-01-17,211.16,212.42,209.458,210.058
2008-01-18,210.13,211.555,208.24,208.953
2008-01-21,208.87,209.373,205.663,205.98
2008-01-22,205.7,210.015,204.755,208.7
2008-01-23,208.763,210.51,204.635,208.67
2008-01-24,208.3,211.935,207.13,211.848
2008-01-25,211.88,214.04,211.15,211.643
2008-01-28,212,212.76,209.403,212.11
2008-01-29,212.32,213.44,210.913,213.103
2008-01-30,213.11,213.725,211.018,211.018
2008-01-31,211.04,212.61,209.97,211.51
2008-02-01,211.52,212.378,208.86,209.26
2008-02-04,209.41,211.765,209.285,210.59
2008-02-05,210.57,212.115,209.485,209.878
2008-02-06,209.765,209.925,207.793,208.973
2008-02-07,208.735,209.395,205.9,208.768
2008-02-08,208.72,209.905,208.078,208.84
2008-02-11,209.25,209.535,206.825,208.69
2008-02-12,208.43,210.975,207.833,210.313
2008-02-13,210.215,212.825,209.38,212.645
2008-02-14,212.348,213.888,211.93,212.4
2008-02-15,212.33,213.32,210.358,211.455
2008-02-18,211.105,211.82,210.595,211.325
2008-02-19,211.198,211.26,208.783,210.015
2008-02-20,209.983,210.93,209.085,209.95
2008-02-21,209.92,211.98,209.713,210.808
2008-02-22,210.67,211.515,210.038,210.795
2008-02-25,211.185,212.91,210.49,212.598
2008-02-26,212.44,213.26,211.858,213.185
2008-02-27,213.19,213.515,210.675,211.03
2008-02-28,211,211.295,209.485,209.56
2008-02-29,209.58,209.608,205.98,206.345
2008-03-03,205.82,205.84,203.508,205.3
2008-03-04,205.26,205.715,203.71,205.32
2008-03-05,205.29,207.765,204.445,207.173
2008-03-06,206.97,207.635,205.87,206.295
2008-03-07,206.305,207.98,204.905,206.74
2008-03-10,206.685,206.86,204.325,204.46
2008-03-11,204.445,207.695,203.61,207.51
2008-03-12,207.52,208,205.97,206.328
2008-03-13,206.14,206.14,203.008,204.673
2008-03-14,204.43,205.153,199.93,200.095
2008-03-17,199.33,199.76,192.57,194.555
2008-03-18,194.48,200.538,193.445,200.215
2008-03-19,200.308,201.828,195.838,196.5
2008-03-20,195.76,198.35,195.13,197.513
2008-03-21,197.61,197.983,196.625,197.115
2008-03-24,196.91,200.43,196.788,200.05
2008-03-25,200.04,200.95,199,200.555
2008-03-26,200.66,201.058,197.595,199.275
2008-03-27,198.76,201.765,197.788,200.043
2008-03-28,200.03,200.495,197.55,197.943
2008-03-31,197.48,200.12,196.868,197.77
2008-04-01,197.77,201.713,197.05,201.225
2008-04-02,201.29,204.05,200.87,203.433
2008-04-03,203.47,204.58,202.675,204.18
2008-04-04,204.22,205.138,202.185,202.27
2008-04-07,202.495,204.455,202.368,203.615
2008-04-08,203.59,204.128,201.19,202.21
2008-04-09,202.12,202.595,200.6,201.168
2008-04-10,201.17,201.285,198.1,200.915
2008-04-11,200.8,201.915,198.465,198.86
2008-04-14,199.2,200.79,198.113,200.015
2008-04-15,200.075,200.318,198.52,199.855
2008-04-16,199.98,200.955,199.168,200.845
2008-04-17,200.905,204.435,200.555,204.075
2008-04-18,204.225,209.03,203.575,207.13
2008-04-21,207.39,208.13,203.96,204.515
2008-04-22,204.455,206.12,203.375,205.56
2008-04-23,205.468,206.09,204.145,204.708
2008-04-24,204.605,206.155,204.2,205.835
2008-04-25,205.71,207.64,205.43,207.36
2008-04-28,207.29,208.638,206.78,207.465
2008-04-29,207.325,207.65,203.485,204.89
2008-04-30,204.853,207.873,203.688,206.43
2008-05-01,206.32,207.16,204.84,206.205
2008-05-02,206.23,209.068,206.175,207.79
2008-05-05,207.6,208.31,206.49,206.775
2008-05-06,206.88,207.21,205.538,206.798
2008-05-07,206.76,206.933,204.26,204.625
2008-05-08,204.44,204.775,202.405,202.748
2008-05-09,202.68,203.3,199.81,200.995
2008-05-12,200.965,203.755,200.193,203.13
2008-05-13,203.208,204.18,201.548,203.79
2008-05-14,203.87,205.015,203.405,204.405
2008-05-15,204.343,204.85,203.125,203.975
2008-05-16,203.84,204.43,202.628,203.65
2008-05-19,203.575,204.105,202.945,203.33
2008-05-20,203.36,204.783,202.725,204.075
2008-05-21,203.96,204.01,202.63,203.35
2008-05-22,203.115,206.555,202.735,206.115
2008-05-23,206.255,206.263,204.165,204.663
2008-05-26,204.585,205.175,204.285,205.023
2008-05-27,204.938,206.175,204.678,206.015
2008-05-28,206.035,207.725,205.22,207.408
2008-05-29,207.35,208.97,206.81,208.545
2008-05-30,208.53,209.355,207.715,209.16
2008-06-02,208.175,208.378,204.675,205.428
2008-06-03,205.553,207.135,204.008,206.335
2008-06-04,206.278,206.645,204.528,205.77
2008-06-05,205.815,207.585,205.55,207.485
2008-06-06,207.495,208.09,206.655,206.785
2008-06-09,206.175,210.075,205.755,209.965
2008-06-10,209.97,210.785,208.613,210
2008-06-11,209.94,210.64,209.435,209.998
2008-06-12,209.77,210.31,209.555,210.13
2008-06-13,210.04,210.905,209.705,210.723
2008-06-16,210.625,212.833,210.36,212.46
2008-06-17,212.49,212.68,210.665,211.205
2008-06-18,211.158,211.505,210.443,211.443
2008-06-19,211.33,213.315,210.82,213.03
2008-06-20,213.07,213.145,211.73,212.093
2008-06-23,211.555,212.24,211.09,211.95
2008-06-24,211.915,212.875,211.655,212.5
2008-06-25,212.54,213.343,212.175,212.938
2008-06-26,213.008,213.935,211.94,212.458
2008-06-27,212.338,213,210.61,211.745
2008-06-30,211.735,212.345,209.425,211.62
2008-07-01,211.415,211.94,210.055,211.718
2008-07-02,211.57,212.08,210.835,211.138
2008-07-03,210.935,211.93,210.64,211.683
2008-07-04,211.655,212.08,211.275,211.725
2008-07-07,211.778,212.458,210.998,211.815
2008-07-08,211.765,211.845,210.255,211.733
2008-07-09,211.705,212.34,211.048,211.74
2008-07-10,211.668,212.163,211.173,211.78
2008-07-11,211.775,212.128,210.255,211.36
2008-07-14,211.153,212.278,211.103,211.763
2008-07-15,211.65,212.018,208.948,210.06
2008-07-16,210.02,210.285,208.015,210.165
2008-07-17,210.03,213.635,209.663,213.005
2008-07-18,212.783,213.853,211.585,213.78
2008-07-21,213.25,213.838,212.16,213.25
2008-07-22,213.22,213.85,212.86,213.795
2008-07-23,213.748,215.875,213.468,215.73
2008-07-24,215.735,215.75,212.803,213.27
2008-07-25,213.485,214.91,211.615,214.77
2008-07-28,214.73,214.895,213.708,214.27
2008-07-29,214.275,214.815,213.738,213.933
2008-07-30,213.955,214.39,213.278,214.288
2008-07-31,214.22,214.59,213.388,214.088
2008-08-01,213.98,213.99,212.023,212.72
2008-08-04,212.643,212.91,212.088,212.445
2008-08-05,212.35,212.385,210.598,211.795
2008-08-06,211.665,213.945,211.46,213.85
2008-08-07,213.653,213.753,212.435,212.735
2008-08-08,212.738,212.755,210.848,211.67
2008-08-11,210.915,211.555,209.725,210.318
2008-08-12,210.373,210.605,207.19,207.278
2008-08-13,207.195,207.358,202.533,204.865
2008-08-14,204.605,205.878,203.478,205.18
2008-08-15,205.135,206.525,204.415,206.225
2008-08-18,206.055,206.243,205.07,205.415
2008-08-19,205.345,205.403,203.905,204.858
2008-08-20,204.865,205.145,204.133,204.57
2008-08-21,204.45,204.64,201.8,203.66
2008-08-22,203.61,204.59,202.788,203.925
2008-08-25,203.715,203.8,202.375,202.573
2008-08-26,202.59,202.858,200.71,201.673
2008-08-27,201.585,202.29,200.523,200.97
2008-08-28,201.16,201.17,199.82,200.315
2008-08-29,200.215,200.35,197.635,198.16
2008-09-01,196.305,196.92,194.163,194.795
2008-09-02,194.59,194.9,192.66,193.75
2008-09-03,193.71,194.098,191.935,192.395
2008-09-04,192.518,193.623,189.23,189.355
2008-09-05,189.33,190.26,186.16,190.245
2008-09-08,194.023,195.67,188.508,190.37
2008-09-09,189.925,190.973,187.79,188.05
2008-09-10,188.18,190.125,187.205,188.78
2008-09-11,188.71,189.035,185.913,188.38
2008-09-12,188.52,193.73,187.603,193.62
2008-09-15,191.265,192.258,187.303,188.375
2008-09-16,188.38,190.05,184.523,188.39
2008-09-17,188.333,192.063,186.883,190.205
2008-09-18,189.27,192.1,188.86,191.685
2008-09-19,191.97,197.095,191.32,196.825
2008-09-22,195.883,197.16,194.313,195.64
2008-09-23,195.66,196.64,194.948,195.525
2008-09-24,195.325,197.458,195.255,195.943
2008-09-25,196.185,197.188,195.253,195.79
2008-09-26,195.63,196.875,193.17,195.55
2008-09-29,194.815,195.468,188.098,188.413
2008-09-30,188.03,191.018,186.428,188.933
2008-10-01,189.013,189.898,186.005,187.118
2008-10-02,187.143,188.13,184.733,185.8
2008-10-03,185.915,188.51,184.688,186.58
2008-10-06,185.915,186.083,174.093,177.543
2008-10-07,177.38,182.035,175.968,177.133
2008-10-08,176.813,178.975,171.538,171.558
2008-10-09,171.683,176.42,169.85,170.675
2008-10-10,170.123,172.695,166,172.083
2008-10-13,173.22,177.535,168.718,176.9
2008-10-14,177.108,181.398,176.923,177.56
2008-10-15,177.833,178.725,172.56,172.613
2008-10-16,171.785,176.278,170.403,175.765
2008-10-17,174.915,176.8,173.95,175.63
2008-10-20,175.98,179.22,172.625,174.728
2008-10-21,175.133,175.595,166.778,167.285
2008-10-22,167.16,168.028,157.748,158.853
2008-10-23,158.91,160.693,154.55,158.015
2008-10-24,159.815,159.973,139.038,149.925
2008-10-27,147.453,149.933,140.673,144.283
2008-10-28,143.743,156.288,142.873,155.868
2008-10-29,157.373,161.218,153.358,159.448
2008-10-30,159.78,165.078,158.235,162.203
2008-10-31,162.068,162.355,155.528,158.295
2008-11-03,158.443,163.35,155.63,156.803
2008-11-04,156.63,161.75,153.74,159.098
2008-11-05,159.05,160.838,155.235,155.805
2008-11-06,155.5,157.688,152.198,152.743
2008-11-07,152.398,156.2,150.323,153.763
2008-11-10,156.005,157.55,152.118,152.955
2008-11-11,152.968,154.29,149.793,150.23
2008-11-12,150.085,151.745,141.073,142.195
2008-11-13,141.42,145.88,138.905,144.995
2008-11-14,145.125,146.358,141.05,143.143
2008-11-17,140.958,146.488,140.71,144.543
2008-11-18,144.535,146.538,143.595,145.135
2008-11-19,145.375,147.913,143.048,143.135
2008-11-20,143.32,143.903,137.68,137.995
2008-11-21,138.235,143.248,137.948,143.218
2008-11-24,143.033,147.818,141.078,147.795
2008-11-25,147.655,148.618,143.755,147.378
2008-11-26,147.505,147.573,144.595,146.615
2008-11-27,146.643,147.925,145.718,146.975
2008-11-28,146.86,147.605,145.605,146.92
2008-12-01,146.898,147.095,138.085,138.708
2008-12-02,138.718,140.925,137.108,139.01
2008-12-03,138.92,139.803,136.318,137.918
2008-12-04,138.203,138.218,134.14,135.403
2008-12-05,135.305,137.538,133.303,136.37
2008-12-08,136.83,140.763,136.2,138.41
2008-12-09,138.305,138.525,135.495,135.91
2008-12-10,135.923,138.383,135.92,137.13
2008-12-11,137.31,138.688,135.838,137.515
2008-12-12,137.51,138.225,132.283,136.233
2008-12-15,136.058,139.23,135.31,138.758
2008-12-16,138.685,139.118,136.82,138.75
2008-12-17,138.45,139.09,134.908,135.535
2008-12-18,135.505,138.13,133.685,134.295
2008-12-19,134.635,135.953,132.335,133.328
2008-12-22,133.343,134.673,132.085,133.79
2008-12-23,133.81,134.423,132.913,133.983
2008-12-24,133.975,134.135,132.603,133.575
2008-12-25,133.575,133.575,133.575,133.575
2008-12-26,133.35,133.92,132.348,132.525
2008-12-29,132.963,133.508,130.225,130.475
2008-12-30,130.762,131.875,129.883,130.15
2008-12-31,130.155,133.295,130.075,132.19
2009-01-01,132.19,132.19,132.19,132.19
2009-01-02,133.425,134.763,131.398,132.83
2009-01-05,133.508,137.58,132.875,137.34
2009-01-06,137.16,140.88,135.448,139.71
2009-01-07,139.575,141.57,137.96,139.855
2009-01-08,140.005,140.125,137.303,138.775
2009-01-09,138.698,140.005,136.543,137.025
2009-01-12,136.228,136.313,131.763,132.24
2009-01-13,132.2,132.628,128.845,129.605
2009-01-14,129.713,132.09,129.06,130.125
2009-01-15,129.875,132.055,129.105,131.533
2009-01-16,131.678,135.74,131.555,133.36
2009-01-19,135.14,135.893,130.485,130.725
2009-01-20,130.18,130.98,124.673,125.01
2009-01-21,124.48,126.19,119.413,124.885
2009-01-22,124.65,125.343,121.12,123.39
2009-01-23,123.56,123.818,118.828,122.473
2009-01-26,121.583,125.11,119.715,124.673
2009-01-27,124.423,127.668,124.278,125.715
2009-01-28,125.78,129.697,125.65,128.673
2009-01-29,128.808,129.423,126.52,128.762
2009-01-30,128.705,130.875,126.723,130.755
2009-02-02,130.225,130.26,125.32,127.593
2009-02-03,127.4,129.395,126.708,129.31
2009-02-04,129.365,130.688,127.32,129.375
2009-02-05,129.253,135.63,128.508,133.313
2009-02-06,133.3,136.798,132.475,135.88
2009-02-09,135.718,137.35,133.638,136.3
2009-02-10,136.415,136.415,130.352,131.555
2009-02-11,131.388,131.813,128.893,130.148
2009-02-12,130.14,130.14,127.138,129.76
2009-02-13,129.765,133.893,129.23,131.865
2009-02-16,130.993,131.463,129.637,131.16
2009-02-17,130.985,132.235,129.702,131.583
2009-02-18,131.4,133.738,130.405,133.273
2009-02-19,133.385,136.378,132.91,134.63
2009-02-20,134.535,135.37,132.76,134.725
2009-02-23,134.533,139.153,133.858,137.058
2009-02-24,137.05,140.66,136.255,139.948
2009-02-25,139.94,141.785,137.69,138.308
2009-02-26,138.475,141.708,138.34,141.048
2009-02-27,140.89,141.12,136.72,139.67
2009-03-02,139.45,139.588,135.56,136.983
2009-03-03,136.64,138.653,136.073,137.938
2009-03-04,138.018,140.855,137.395,140.74
2009-03-05,140.665,141.508,138.028,138.425
2009-03-06,138.28,140.193,137.27,138.523
2009-03-09,138.598,139.345,135.943,136.175
2009-03-10,136.1,137.063,135.173,135.705
2009-03-11,135.76,136.295,133.948,134.963
2009-03-12,134.68,136.57,131.483,136.215
2009-03-13,136.185,138.38,135.323,137.245
2009-03-16,136.89,140.02,135.965,138.075
2009-03-17,138.055,139.37,137.925,138.403
2009-03-18,138.555,139.05,135.098,137.373
2009-03-19,137.243,137.98,135.26,137.1
2009-03-20,137.045,138.965,136.605,138.758
2009-03-23,138.268,141.89,138.213,141.295
2009-03-24,141.365,145.088,141.085,143.66
2009-03-25,143.555,144.623,140.975,141.94
2009-03-26,141.94,143.6,141.715,142.665
2009-03-27,142.76,142.95,139.045,140.153
2009-03-30,139.718,140.473,135.728,138.755
2009-03-31,138.775,142.553,138.593,141.745
2009-04-01,141.5,142.85,140.578,142.535
2009-04-02,142.635,146.933,142.31,146.54
2009-04-03,146.49,148.955,145.54,148.863
2009-04-06,148.805,151.54,147.703,149.155
2009-04-07,149.055,149.083,145.83,147.92
2009-04-08,148.005,148.545,145.743,146.795
2009-04-09,146.775,148.023,146.295,147.41
2009-04-10,147.365,147.585,146.66,146.945
2009-04-13,146.913,148.825,146.45,148.695
2009-04-14,148.535,149.285,147.015,147.4
2009-04-15,147.22,149.263,145.865,149.018
2009-04-16,149.145,149.87,146.588,148.14
2009-04-17,148.325,148.795,146.205,146.735
2009-04-20,146.765,147.1,142.02,142.32
2009-04-21,142.275,145.18,141.533,144.885
2009-04-22,144.885,144.965,140.625,142.055
2009-04-23,141.865,144.47,141.083,144.235
2009-04-24,144.335,144.535,141.165,142.605
2009-04-27,141.963,142.08,140.158,141.705
2009-04-28,141.515,141.975,139.035,141.14
2009-04-29,141.085,144.538,140.835,144.248
2009-04-30,144.08,146.965,143.653,145.885
2009-05-01,145.765,148.37,145.635,147.903
2009-05-04,148.165,149.133,147.345,148.37
2009-05-05,148.38,149.875,147.828,149.07
2009-05-06,149.12,149.333,146.985,148.815
2009-05-07,148.775,150.9,148.093,148.858
2009-05-08,149.37,150.165,148.195,149.998
2009-05-11,150.29,150.495,146.765,147.378
2009-05-12,147.38,149.493,146.335,147.298
2009-05-13,147.303,148.1,144.213,144.455
2009-05-14,144.555,146.145,143.385,145.97
2009-05-15,145.97,146.455,143.56,144.52
2009-05-18,144.01,147.915,143.053,147.808
2009-05-19,147.76,149.653,147.103,148.515
2009-05-20,148.51,149.863,147.563,149.465
2009-05-21,149.5,150.105,146.855,149.543
2009-05-22,149.608,151.09,148.193,150.993
2009-05-25,150.868,151.52,149.815,150.865
2009-05-26,151,151.58,149.585,151.33
2009-05-27,151.28,153.115,151.205,152.103
2009-05-28,152.11,154.9,152.003,154.423
2009-05-29,154.39,155.75,153.278,154.355
2009-06-01,154.073,159.195,153.52,158.87
2009-06-02,158.703,159.235,156.888,158.773
2009-06-03,158.695,160.478,155.723,156.623
2009-06-04,156.545,158.615,155.2,156.208
2009-06-05,156.325,158.515,154.888,157.67
2009-06-08,157.13,158.498,155.555,158.088
2009-06-09,158.1,159.228,156.643,158.788
2009-06-10,158.805,161.308,158.493,160.5
2009-06-11,160.563,162.075,159.95,161.993
2009-06-12,161.765,162.603,160.493,161.838
2009-06-15,161.74,161.87,158.883,159.63
2009-06-16,159.545,160.398,156.488,158.195
2009-06-17,158.055,159.385,155.633,157.033
2009-06-18,157.06,158.463,154.98,157.608
2009-06-19,157.77,159.638,157.408,158.803
2009-06-22,158.845,158.898,156.415,156.718
2009-06-23,156.695,156.858,154.078,156.675
2009-06-24,156.6,158.283,156.16,156.94
2009-06-25,157.013,158.553,155.96,157.058
2009-06-26,157.065,158.245,156.673,157.318
2009-06-29,157.215,159.32,156.73,159.155
2009-06-30,159.085,160.29,158.213,158.593
2009-07-01,158.645,159.995,158.215,159.278
2009-07-02,159.223,159.355,156.885,157.275
2009-07-03,157.185,157.875,156.428,156.863
2009-07-06,156.62,156.683,153.043,155.313
2009-07-07,155.32,155.375,152.738,153.15
2009-07-08,153.015,153.08,146.77,149.29
2009-07-09,149.265,152.375,148.125,151.913
2009-07-10,151.905,152.18,148.375,150.025
2009-07-13,149.685,151.003,147.15,150.888
2009-07-14,150.865,153.023,150.725,152.505
2009-07-15,152.735,155.18,152.418,154.773
2009-07-16,154.93,155.07,153.05,154.413
2009-07-17,154.355,154.638,152.413,153.85
2009-07-20,153.85,156.458,153.78,155.868
2009-07-21,156.003,156.038,153.13,154.285
2009-07-22,154.335,154.633,152.335,154.46
2009-07-23,154.253,157.633,153.855,156.435
2009-07-24,156.443,157.2,155.378,155.738
2009-07-27,156.25,157.49,155.183,156.92
2009-07-28,157.055,157.465,154.163,155.33
2009-07-29,155.385,156.35,153.883,155.59
2009-07-30,155.705,158.088,155.258,157.623
2009-07-31,157.635,158.595,156.935,158.233
2009-08-03,158.45,161.805,158.118,161.27
2009-08-04,161.35,162.193,160.055,161.305
2009-08-05,161.325,162.455,160.445,161.343
2009-08-06,161.258,162.4,159.98,160.205
2009-08-07,160.13,163.098,158.98,162.788
2009-08-10,163.025,163.025,159.398,160.128
2009-08-11,160.055,160.235,157.84,158.185
2009-08-12,158.205,159.76,155.988,158.303
2009-08-13,158.4,160.38,157.4,158.335
2009-08-14,158.145,158.415,156.023,157.043
2009-08-17,156.26,156.573,153.475,154.498
2009-08-18,154.535,157.095,154.065,156.785
2009-08-19,156.765,157.535,153.65,155.495
2009-08-20,155.53,156.75,154.565,155.493
2009-08-21,155.475,156.605,153.585,155.82
2009-08-24,155.695,156.835,154.845,155.25
2009-08-25,155.223,155.548,153.448,153.995
2009-08-26,153.935,154.125,152.24,153.165
2009-08-27,153.075,153.113,151.073,152.285
2009-08-28,152.22,153.638,152.025,152.288
2009-08-31,151.808,152.2,150.065,151.66
2009-09-01,151.585,152.775,149.843,150.163
2009-09-02,150.1,150.573,149.045,150.06
2009-09-03,150.1,151.78,149.425,151.178
2009-09-04,151.24,152.715,150.865,152.473
2009-09-07,152.343,153.258,151.608,152.185
2009-09-08,152.165,152.93,151.34,152.225
2009-09-09,152.32,153.035,151.66,152.3
2009-09-10,152.33,153.135,151.933,152.75
2009-09-11,152.795,152.9,150.515,151.095
2009-09-14,150.728,150.908,149.918,150.813
2009-09-15,150.693,151.763,149.478,150.13
2009-09-16,150.15,150.595,148.633,149.963
2009-09-17,149.88,151.213,149.603,149.855
2009-09-18,149.768,150.06,148.268,148.535
2009-09-21,148.158,149.62,148.088,149.065
2009-09-22,149.168,149.43,148.493,149.055
2009-09-23,149.06,150.378,148.258,149.168
2009-09-24,149.2,149.573,146.323,146.608
2009-09-25,146.67,146.67,142.76,142.97
2009-09-28,143.138,143.178,139.77,142.363
2009-09-29,142.378,143.965,142.055,143.805
2009-09-30,143.7,144.538,142.855,143.363
2009-10-01,143.635,144.238,142.848,142.975
2009-10-02,142.86,143.205,140.773,143.2
2009-10-05,142.563,143.97,142.355,142.69
2009-10-06,142.8,143.245,140.97,141.423
2009-10-07,141.295,142.02,139.723,141.5
2009-10-08,141.37,142.555,140.995,142.058
2009-10-09,142.13,143.13,141.675,142.268
2009-10-12,142.01,143.238,141.563,141.923
2009-10-13,141.845,143.228,141.198,142.868
2009-10-14,142.775,143.858,141.753,142.95
2009-10-15,142.865,147.598,142.863,147.348
2009-10-16,147.335,149.32,147.193,148.66
2009-10-19,148.318,149.153,147.09,148.695
2009-10-20,148.555,149.408,147.515,148.68
2009-10-21,148.725,151.56,148.458,151.108
2009-10-22,151.11,151.983,150.58,151.74
2009-10-23,151.795,153.245,149.99,150.115
2009-10-26,150.103,151.193,149.163,150.583
2009-10-27,150.513,151.175,149.918,150.248
2009-10-28,150.363,150.415,148.313,148.608
2009-10-29,148.425,151.64,147.678,151.233
2009-10-30,151.37,151.753,147.66,147.805
2009-11-02,146.59,148.938,145.803,148.02
2009-11-03,148.078,148.585,146.39,148.488
2009-11-04,148.378,151.325,147.825,150.178
2009-11-05,150.31,150.615,148.55,150.428
2009-11-06,150.545,150.785,148.43,149.31
2009-11-09,149.675,151.63,149.235,150.69
2009-11-10,150.74,151.028,149.035,150.378
2009-11-11,150.34,151.185,148.59,148.955
2009-11-12,148.938,150.045,148.27,149.798
2009-11-13,149.805,150.46,148.975,149.453
2009-11-16,149.695,150.385,149.135,149.773
2009-11-17,149.905,150.238,149.37,150.055
2009-11-18,150.178,150.345,149.4,149.593
2009-11-19,149.575,149.693,147.34,148.3
2009-11-20,148.275,148.418,146.458,146.695
2009-11-23,146.535,148.233,146.338,147.755
2009-11-24,147.753,147.935,146.258,146.8
2009-11-25,146.785,147.673,145.665,145.918
2009-11-26,146.068,146.235,142.555,143.123
2009-11-27,142.82,143.503,139.288,142.795
2009-11-30,143.42,143.923,141.05,142.055
2009-12-01,141.855,144.44,141.653,143.963
2009-12-02,143.97,145.745,143.813,145.32
2009-12-03,145.418,146.878,145.408,145.988
2009-12-04,145.973,149.198,145.44,149.17
2009-12-07,148.08,148.823,146.65,147.215
2009-12-08,146.983,147.13,143.603,144.043
2009-12-09,144.048,144.358,142.025,142.878
2009-12-10,143.215,144.41,142.5,143.58
2009-12-11,143.793,145.668,143.59,144.91
2009-12-14,144.59,145.088,143.15,144.56
2009-12-15,144.58,146.073,144.383,145.763
2009-12-16,145.793,146.94,145.268,146.65
2009-12-17,146.665,146.878,144.695,145.325
2009-12-18,145.415,146.57,143.808,146.025
2009-12-21,145.913,146.48,145.478,146.28
2009-12-22,146.248,147.068,146.033,146.57
2009-12-23,146.565,146.743,145.778,146.22
2009-12-24,146.295,146.455,145.725,146.175
2009-12-28,146.213,146.69,145.858,146.62
2009-12-29,146.695,147.143,145.998,146.32
2009-12-30,146.235,148.96,146.073,148.59
2009-12-31,148.58,150.703,148.27,150.4
2010-01-04,149.945,150.718,148.663,148.79
2010-01-05,148.935,149.158,146.14,146.66
2010-01-06,146.76,148.465,146.01,147.88
2010-01-07,147.945,148.768,147.073,148.76
2010-01-08,149.083,149.475,148.063,148.465
2010-01-11,148.58,149.603,148.08,148.395
2010-01-12,148.39,148.645,146.67,147.065
2010-01-13,147.175,149.053,146.718,148.763
2010-01-14,148.72,150.018,148.38,149
2010-01-15,148.978,149.23,147.175,147.63
2010-01-18,147.86,148.915,147.53,148.37
2010-01-19,148.348,149.47,148.003,149.135
2010-01-20,149.13,149.268,147.58,148.655
2010-01-21,148.66,149.103,146.105,146.468
2010-01-22,146.54,147.233,144.62,144.743
2010-01-25,144.598,146.73,144.598,146.65
2010-01-26,146.645,147.303,144.093,144.728
2010-01-27,144.825,145.698,143.653,145.535
2010-01-28,145.473,147.23,144.64,145.108
2010-01-29,145.07,146.28,144.223,144.303
2010-02-01,143.818,144.88,143.07,144.593
2010-02-02,144.653,145.198,143.865,144.385
2010-02-03,144.385,145.295,144.228,144.608
2010-02-04,144.568,144.793,139.353,140.253
2010-02-05,140.283,141.435,138.253,139.598
2010-02-08,139.323,139.94,138.648,139.098
2010-02-09,139.005,141.218,138.905,140.978
2010-02-10,141.095,141.43,139.455,140.258
2010-02-11,140.33,141.018,139.638,140.98
2010-02-12,140.843,141.905,139.793,141.21
2010-02-15,141.175,141.393,140.725,140.96
2010-02-16,140.95,142.59,140.74,142.35
2010-02-17,142.458,143.62,142.103,143.025
2010-02-18,142.995,143.09,140.99,142.585
2010-02-19,142.645,142.67,140.888,141.59
2010-02-22,141.673,142.183,140.803,141.11
2010-02-23,141.135,141.675,138.753,139.158
2010-02-24,139.248,139.605,138.36,138.91
2010-02-25,138.93,139.243,134.973,135.96
2010-02-26,136.02,136.723,134.658,135.523
2010-03-01,135.163,135.51,132.023,133.61
2010-03-02,133.61,133.768,132.5,133.01
2010-03-03,132.91,134.025,132.755,133.568
2010-03-04,133.56,134.833,132.583,133.82
2010-03-05,133.9,137.058,133.825,136.673
2010-03-08,136.81,137.383,135.683,136.065
2010-03-09,136.02,136.085,133.935,134.92
2010-03-10,134.92,135.898,133.925,135.565
2010-03-11,135.613,136.498,134.923,136.323
2010-03-12,136.35,138.08,136.11,137.693
2010-03-15,137.693,137.958,135.818,136.305
2010-03-16,136.283,137.87,135.19,137.655
2010-03-17,137.68,139.368,137.123,138.415
2010-03-18,138.403,138.58,137.033,137.765
2010-03-19,137.763,138.1,135.64,135.935
2010-03-22,135.865,136.213,134.558,136.103
2010-03-23,136.09,136.54,135.243,136.03
2010-03-24,136.05,137.435,135.51,137.215
2010-03-25,137.183,138.135,136.663,137.353
2010-03-26,137.315,138.058,137.06,137.818
2010-03-29,137.875,139.135,137.695,138.58
2010-03-30,138.54,140.553,138.033,139.785
2010-03-31,139.855,142.018,139.785,141.9
2010-04-01,141.97,143.635,141.763,143.48
2010-04-02,143.535,143.948,142.79,143.88
2010-04-05,144.815,144.898,143.77,144.353
2010-04-06,144.26,144.44,142.09,143.175
2010-04-07,143.155,143.858,141.79,142.3
2010-04-08,142.255,142.805,140.973,142.69
2010-04-09,142.69,144.33,142.598,143.208
2010-04-12,143.755,144.513,143.178,143.298
2010-04-13,143.325,143.79,142.078,143.35
2010-04-14,143.4,144.655,143.245,144.185
2010-04-15,144.195,145.04,143.28,144.148
2010-04-16,144.165,144.255,141.353,141.588
2010-04-19,140.255,141.778,139.388,141.713
2010-04-20,141.785,143.54,141.56,143.17
2010-04-21,143.34,144.173,142.638,143.613
2010-04-22,143.503,144.188,142.448,143.765
2010-04-23,143.8,144.765,143.1,144.473
2010-04-26,144.738,145.98,144.51,145.24
2010-04-27,145.233,145.413,141.595,142.375
2010-04-28,141.955,143.495,141.715,143.005
2010-04-29,142.98,144.375,142.213,144.053
2010-04-30,144.055,145.22,143.278,143.325
2010-05-03,143.868,144.64,143.003,144.14
2010-05-04,144.083,144.92,142.618,143.165
2010-05-05,143.298,144.05,141.228,141.67
2010-05-06,141.765,142.308,130.02,134.37
2010-05-07,134.078,138.205,133.145,135.603
2010-05-10,136.968,140.578,135.75,138.5
2010-05-11,138.525,139.673,135.918,138.56
2010-05-12,138.748,139.843,137.42,138.215
2010-05-13,138.153,139.528,135.335,135.54
2010-05-14,135.4,136.065,133.205,134.428
2010-05-17,134.033,134.365,131.103,134.015
2010-05-18,134.03,134.813,131.835,132.22
2010-05-19,131.865,132.6,129.758,132.45
2010-05-20,132.465,132.815,126.76,128.83
2010-05-21,128.542,130.83,127.75,130.113
2010-05-24,130.688,131.39,129.128,130.245
2010-05-25,129.952,130.09,127.658,129.998
2010-05-26,130.165,130.628,129.08,129.378
2010-05-27,129.128,132.983,129.08,132.748
2010-05-28,132.788,133.248,130.893,131.658
2010-05-31,131.325,132.935,131.32,132.673
2010-06-01,132.658,134.473,130.82,133.21
2010-06-02,133.293,135.425,133.053,134.99
2010-06-03,135.05,136.428,134.565,135.48
2010-06-04,135.415,136.268,132.153,132.858
2010-06-07,132.388,133.858,131.108,132.19
2010-06-08,132.178,133.405,130.433,132.325
2010-06-09,132.48,133.783,131.44,132.64
2010-06-10,132.685,134.445,132.253,134.38
2010-06-11,134.34,135.155,132.695,133.373
2010-06-14,133.77,135.893,133.42,135.005
2010-06-15,135.003,135.673,133.943,135.4
2010-06-16,135.355,135.978,134.538,134.7
2010-06-17,134.665,135.493,133.543,134.9
2010-06-18,134.875,135.2,134.01,134.45
2010-06-21,134.5,136.025,133.968,134.435
2010-06-22,134.24,134.788,133.093,134.183
2010-06-23,134.135,134.99,133.693,134.338
2010-06-24,134.46,134.87,133.47,133.845
2010-06-25,133.753,134.623,133.12,134.37
2010-06-28,134.503,135.263,134.21,134.998
2010-06-29,134.94,135.145,132.835,133.475
2010-06-30,133.375,133.605,132.01,132.17
2010-07-01,132.153,133.095,131.303,132.953
2010-07-02,132.978,133.895,132.718,133.335
2010-07-05,133.36,133.67,132.395,132.845
2010-07-06,132.845,133.685,131.88,132.595
2010-07-07,132.683,133.368,131.27,133.215
2010-07-08,133.19,134.605,133.028,134.008
2010-07-09,133.995,134.658,133.24,133.48
2010-07-12,133.635,134.005,132.585,133.188
2010-07-13,133.165,134.703,132.44,134.675
2010-07-14,134.563,135.818,134.31,134.978
2010-07-15,135.03,135.548,134.005,135.115
2010-07-16,135.188,135.21,132.035,132.485
2010-07-19,132.183,133.453,131.795,132.03
2010-07-20,132.045,133.763,131.485,133.57
2010-07-21,133.595,133.743,131.593,131.998
2010-07-22,132.07,133.31,130.85,132.688
2010-07-23,132.638,135.015,132.443,134.92
2010-07-26,134.9,135.583,134.413,134.58
2010-07-27,134.59,137.228,134.473,137.07
2010-07-28,137.038,137.553,135.89,136.443
2010-07-29,136.303,136.895,134.985,135.495
2010-07-30,135.48,136.05,134.208,135.653
2010-08-02,135.82,137.678,135.52,137.425
2010-08-03,137.39,137.78,136.338,136.86
2010-08-04,136.825,137.238,135.858,137.028
2010-08-05,137.033,137.495,135.793,136.428
2010-08-06,136.405,137.068,135.485,136.33
2010-08-09,136.368,136.995,136.215,136.565
2010-08-10,136.685,136.745,134.948,135.448
2010-08-11,135.443,135.48,132.813,133.598
2010-08-12,133.1,134.698,132.998,133.815
2010-08-13,133.79,134.833,133.365,134.385
2010-08-16,134.493,134.53,133.183,133.655
2010-08-17,133.678,133.948,133.083,133.308
2010-08-18,133.31,133.75,132.458,133.27
2010-08-19,133.313,134.053,132.803,133.23
2010-08-20,133.078,133.343,131.988,132.98
2010-08-23,132.955,133.34,132.028,132.1
2010-08-24,131.973,132.113,128.79,129.183
2010-08-25,129.473,131.048,129.33,130.78
2010-08-26,130.778,132.038,130.773,131.135
2010-08-27,131.195,132.56,130.465,132.365
2010-08-30,132.623,133.615,130.66,130.827
2010-08-31,130.838,130.98,128.673,129.225
2010-09-01,129.193,130.935,128.82,130.503
2010-09-02,130.51,130.61,129.183,129.783
2010-09-03,129.822,131.683,129.663,130.278
2010-09-06,129.985,130.667,129.27,129.628
2010-09-07,129.602,129.643,127.92,128.762
2010-09-08,128.758,130.335,128.072,129.77
2010-09-09,129.753,129.995,128.58,129.265
2010-09-10,129.348,130.068,129.012,129.238
2010-09-13,129.443,130.123,128.79,129.148
2010-09-14,129.155,129.435,127.668,129.033
2010-09-15,129.063,134.08,128.568,133.963
2010-09-16,133.913,134.268,132.988,134.018
2010-09-17,134.005,135.063,133.685,134.195
2010-09-20,134.27,134.455,133.208,133.213
2010-09-21,133.28,133.45,132.36,132.933
2010-09-22,132.88,133.415,131.738,132.343
2010-09-23,132.363,132.788,131.835,132.353
2010-09-24,132.278,133.778,132.278,133.265
2010-09-27,133.243,133.68,132.943,133.413
2010-09-28,133.38,133.77,131.935,132.528
2010-09-29,132.563,132.943,131.843,132.143
2010-09-30,132.158,132.74,130.878,131.263
2010-10-01,131.158,132.095,131.135,131.643
2010-10-04,131.603,132.393,131.183,131.955
2010-10-05,131.935,133.028,131.893,132.248
2010-10-06,132.233,132.445,131.46,131.79
2010-10-07,131.783,131.898,130.485,130.838
2010-10-08,130.735,131.118,130.123,130.773
2010-10-11,130.71,131.02,129.88,130.32
2010-10-12,130.38,130.762,128.995,129.193
2010-10-13,129.262,130.17,129.025,130.048
2010-10-14,130.01,130.515,129.67,130.458
2010-10-15,130.395,130.72,130.018,130.25
2010-10-18,129.998,130.253,128.718,129.012
2010-10-19,129.102,129.417,127.785,128.135
2010-10-20,128.23,128.783,127.37,128.512
2010-10-21,128.55,129.235,127.518,127.713
2010-10-22,127.77,127.928,127.1,127.648
2010-10-25,127.493,127.75,126.46,127.06
2010-10-26,127.115,129.165,126.828,129.048
2010-10-27,129.028,129.605,128.54,128.913
2010-10-28,128.885,129.38,128.088,129.197
2010-10-29,129.153,129.303,127.988,128.977
2010-11-01,128.845,130.325,128.788,129.102
2010-11-02,129.093,129.688,128.97,129.33
2010-11-03,129.375,131.29,129.045,130.373
2010-11-04,130.482,131.523,130.133,131.358
2010-11-05,131.313,132.02,130.508,131.485
2010-11-08,131.515,131.638,130.555,131.028
2010-11-09,131.073,131.088,129.848,130.583
2010-11-10,130.663,133.088,130.368,132.648
2010-11-11,132.633,133.253,132.265,132.973
2010-11-12,132.978,133.57,131,132.985
2010-11-15,133.108,133.795,132.918,133.363
2010-11-16,133.44,133.778,132.2,132.308
2010-11-17,132.378,132.988,132.238,132.323
2010-11-18,132.373,134.225,132.243,133.983
2010-11-19,133.98,134.208,133.058,133.51
2010-11-22,133.35,134.203,132.64,132.983
2010-11-23,132.913,133.388,130.86,131.183
2010-11-24,131.183,132.008,130.857,131.753
2010-11-25,131.868,132.035,131.375,131.753
2010-11-26,131.803,132.123,130.977,131.145
2010-11-29,131.015,131.38,130.878,131.208
2010-11-30,131.193,131.193,129.357,130.238
2010-12-01,130.115,131.62,129.933,131.528
2010-12-02,131.51,131.773,130.205,130.755
2010-12-03,130.785,131.08,129.473,130.223
2010-12-06,130.325,130.635,129.553,129.903
2010-12-07,129.893,131.798,129.545,131.568
2010-12-08,131.553,133.018,131.355,132.79
2010-12-09,132.768,132.928,131.758,132.08
2010-12-10,132.098,132.81,131.955,132.645
2010-12-13,132.77,133.06,131.823,132.278
2010-12-14,132.338,132.678,131.308,131.98
2010-12-15,131.853,132.313,130.792,130.958
2010-12-16,131.073,131.64,130.87,131.188
2010-12-17,131.303,131.413,130.025,130.463
2010-12-20,130.36,130.49,129.583,129.963
2010-12-21,129.928,130.327,129.278,129.55
2010-12-22,129.512,129.718,128.348,128.577
2010-12-23,128.602,128.765,127.47,127.903
2010-12-24,128.068,128.445,127.825,128.26
2010-12-27,128.012,128.063,127.398,127.695
2010-12-28,127.718,128.048,126.128,126.593
2010-12-29,126.66,126.818,126.125,126.503
2010-12-30,126.513,126.705,125.513,125.76
2010-12-31,125.75,127.03,125.713,126.535
2011-01-03,126.573,126.623,125.788,126.603
2011-01-04,126.57,128.602,126.358,127.865
2011-01-05,127.973,129.245,127.463,129.153
2011-01-06,129.135,129.303,128.435,128.933
2011-01-07,128.783,129.438,128.503,129.305
2011-01-10,129.202,129.357,128.325,128.803
2011-01-11,128.795,130.37,128.75,129.852
2011-01-12,129.98,131.155,129.623,130.833
2011-01-13,130.84,131.428,130.505,131.165
2011-01-14,131.098,131.88,130.458,131.528
2011-01-17,131.578,131.71,131,131.358
2011-01-18,131.338,132.51,131.298,131.775
2011-01-19,131.783,132.17,130.843,131.193
2011-01-20,131.175,132.133,130.685,131.948
2011-01-21,131.983,132.348,131.493,132.113
2011-01-24,132.12,132.355,131.703,131.943
2011-01-25,131.98,132.035,129.658,130.098
2011-01-26,130.023,131.093,129.523,130.943
2011-01-27,130.838,132.67,130.585,132.088
2011-01-28,132.045,132.088,129.813,130.265
2011-01-31,130.188,131.598,129.85,131.378
2011-02-01,131.453,131.988,130.945,131.328
2011-02-02,131.383,132.328,131.265,132.04
2011-02-03,132,132.95,131.475,131.718
2011-02-04,131.76,132.745,130.945,132.39
2011-02-07,132.308,133.263,132.245,132.623
2011-02-08,132.615,132.92,131.583,132.358
2011-02-09,132.333,133.008,132.123,132.608
2011-02-10,132.603,134.263,132.508,133.973
2011-02-11,134.033,134.233,133.265,133.568
2011-02-14,133.553,133.78,133.188,133.655
2011-02-15,133.633,135.455,133.515,135.098
2011-02-16,135.115,135.468,134.18,134.678
2011-02-17,134.603,134.96,134.368,134.738
2011-02-18,134.755,135.528,134.458,135.218
2011-02-21,135.118,135.188,134.708,134.91
2011-02-22,135.078,135.108,133.268,133.555
2011-02-23,133.675,134.648,133.385,133.768
2011-02-24,133.71,133.878,131.515,132.165
2011-02-25,132.173,132.485,131.13,131.663
2011-02-28,131.65,133.323,131.275,132.945
2011-03-01,133.068,134.14,132.95,133.158
2011-03-02,133.273,133.778,132.833,133.665
2011-03-03,133.648,134.21,132.945,134.198
2011-03-04,134.128,135.215,133.668,133.905
2011-03-07,134.045,134.083,132.938,133.238
2011-03-08,133.288,133.793,133.128,133.595
2011-03-09,133.643,134.298,133.575,134.063
2011-03-10,134.068,134.355,132.925,133.273
2011-03-11,133.248,133.745,130.883,131.625
2011-03-14,131.525,132.4,129.693,132.023
2011-03-15,132.04,132.558,129.2,129.783
2011-03-16,129.745,130.542,127.478,127.545
2011-03-17,125.088,128.038,122.338,127.303
2011-03-18,127.275,132.513,127.275,130.805
2011-03-21,131.115,132.34,130.95,132.138
2011-03-22,132.238,132.995,131.795,132.508
2011-03-23,132.53,132.713,131.16,131.37
2011-03-24,131.38,131.713,130.245,130.548
2011-03-25,130.498,131.068,130.195,130.495
2011-03-28,130.34,131.093,130.158,130.655
2011-03-29,130.675,132.063,130.325,132.048
2011-03-30,132.105,133.635,131.823,133.23
2011-03-31,133.208,133.85,132.483,133.24
2011-04-01,133.285,135.835,133.283,135.43
2011-04-04,135.59,136.133,135.2,135.603
2011-04-05,135.598,138.315,135.558,138.303
2011-04-06,138.328,139.695,138.128,139.618
2011-04-07,139.568,139.625,137.905,138.61
2011-04-08,138.53,140.028,138.48,138.89
2011-04-11,138.935,139.568,138.015,138.29
2011-04-12,138.348,138.608,135.755,135.883
2011-04-13,135.99,137.22,135.715,136.4
2011-04-14,136.385,136.768,135.303,136.54
2011-04-15,136.495,137.053,135.303,135.688
2011-04-18,135.678,135.89,133,134.463
2011-04-19,134.475,134.84,133.785,134.738
2011-04-20,134.74,135.828,134.683,135.465
2011-04-21,135.293,135.963,134.715,135.238
2011-04-22,135.205,135.78,134.805,135.178
2011-04-25,135.245,135.953,134.738,135.023
2011-04-26,135.06,135.183,134.265,134.42
2011-04-27,134.34,136.703,134.088,136.593
2011-04-28,136.685,137.055,135.53,135.598
2011-04-29,135.545,136.025,135.193,135.658
2011-05-02,135.768,136.118,135.13,135.27
2011-05-03,135.235,135.383,132.948,133.418
2011-05-04,133.465,134.268,132.765,132.925
2011-05-05,132.913,133.215,130.92,131.235
2011-05-06,131.323,132.848,131.323,131.953
2011-05-09,132.043,132.435,131.248,131.82
2011-05-10,131.628,132.505,131.47,132.355
2011-05-11,132.278,134.055,131.835,132.47
2011-05-12,132.535,133.183,131.24,131.868
2011-05-13,131.9,132.043,130.29,130.857
2011-05-16,130.913,131.498,130.4,130.818
2011-05-17,130.808,133.19,130.788,132.31
2011-05-18,132.295,132.525,130.783,132.068
2011-05-19,132.12,132.975,131.853,132.505
2011-05-20,132.495,132.985,132.14,132.62
2011-05-23,132.595,132.935,131.285,132.208
2011-05-24,132.173,133.14,131.435,132.603
2011-05-25,132.56,133.703,132.103,133.393
2011-05-26,133.438,133.805,132.64,133.335
2011-05-27,133.358,133.658,132.71,133.398
2011-05-30,133.17,133.508,133.008,133.333
2011-05-31,133.37,135.135,133.298,134.095
2011-06-01,134.158,134.368,132.073,132.22
2011-06-02,132.13,132.848,131.798,132.435
2011-06-03,132.445,132.585,130.675,131.86
2011-06-06,131.71,132.3,130.82,131.023
2011-06-07,131.03,132.085,130.895,131.735
2011-06-08,131.76,131.97,130.495,131.058
2011-06-09,131.04,131.973,130.923,131.52
2011-06-10,131.528,131.683,129.803,130.345
2011-06-13,130.403,131.453,130.26,131.415
2011-06-14,131.38,132.335,131.063,131.75
2011-06-15,131.765,132.045,130.693,131.11
2011-06-16,131.103,131.34,129.76,130.265
2011-06-17,130.26,130.365,129.36,129.618
2011-06-20,129.6,130.24,128.93,130.035
2011-06-21,130.045,130.363,129.68,130.3
2011-06-22,130.387,130.548,128.99,129.048
2011-06-23,129.053,129.35,128.488,128.86
2011-06-24,128.968,129.038,128.248,128.35
2011-06-27,128.278,129.545,128.253,129.352
2011-06-28,129.322,129.955,128.655,129.798
2011-06-29,129.75,130.088,129.107,129.76
2011-06-30,129.753,129.878,128.43,129.327
2011-07-01,129.28,130.072,129.063,129.898
2011-07-04,129.8,130.165,129.667,129.965
2011-07-05,129.977,130.852,129.755,130.2
2011-07-06,130.238,130.298,128.977,129.495
2011-07-07,129.512,130.12,129.085,129.775
2011-07-08,129.77,130.068,128.92,129.438
2011-07-11,129.068,129.438,127.44,127.665
2011-07-12,127.61,127.863,125.118,126.103
2011-07-13,125.048,127.393,125.028,127.198
2011-07-14,127.463,128.17,126.818,127.728
2011-07-15,127.798,128.038,127.185,127.68
2011-07-18,127.538,127.693,126.668,126.92
2011-07-19,126.868,127.875,126.81,127.67
2011-07-20,127.618,127.848,126.73,127.263
2011-07-21,127.288,128.232,127.018,127.873
2011-07-22,127.92,128.425,127.493,128.015
2011-07-25,127.693,128.058,127.113,127.423
2011-07-26,127.47,128.35,127.063,127.775
2011-07-27,127.86,128.133,127.198,127.34
2011-07-28,127.34,127.415,126.723,127.183
2011-07-29,127.29,127.403,126.04,126.153
2011-08-01,126.918,128.52,124.198,125.825
2011-08-02,125.898,126.978,125.328,125.743
2011-08-03,125.538,126.638,125.283,126.588
2011-08-04,126.605,130.845,126.55,128.248
2011-08-05,128.607,129.072,127.403,128.525
2011-08-08,128.545,128.887,126.483,126.883
2011-08-09,126.898,127.053,124.525,125.583
2011-08-10,125.728,126.24,123.31,124.013
2011-08-11,124.01,124.848,123.398,124.775
2011-08-12,124.733,125.19,123.975,124.895
2011-08-15,125.13,126.015,124.988,125.943
2011-08-16,125.975,126.44,125.305,126.38
2011-08-17,126.335,126.98,125.28,126.718
2011-08-18,126.703,126.795,125.67,126.473
2011-08-19,126.495,126.808,125.735,126.033
2011-08-22,126.408,127.335,126.158,126.348
2011-08-23,126.515,126.985,126.168,126.453
2011-08-24,126.5,126.763,125.613,126.045
2011-08-25,126.023,126.55,125.755,126.118
2011-08-26,126.19,126.218,124.503,125.49
2011-08-29,125.42,126.58,125.235,126.075
2011-08-30,126.13,126.36,124.668,125.075
2011-08-31,125.093,125.325,124.288,124.603
2011-09-01,124.565,125.345,124.138,124.463
2011-09-02,124.51,124.828,124.188,124.558
2011-09-05,124.193,124.428,123.533,123.925
2011-09-06,123.9,125.088,123.063,123.808
2011-09-07,123.723,123.893,123.203,123.55
2011-09-08,123.555,124.388,123.15,123.688
2011-09-09,123.69,124.248,122.375,123.275
2011-09-12,122.878,123.035,121.305,122.478
2011-09-13,122.465,122.508,121.278,121.413
2011-09-14,121.445,121.575,120.71,120.808
2011-09-15,120.878,122.275,120.683,121.183
2011-09-16,121.195,121.765,120.8,121.273
2011-09-19,121.16,121.193,119.48,120.273
2011-09-20,120.18,120.588,119.778,120.31
2011-09-21,120.29,120.558,118.378,118.503
2011-09-22,118.45,119.133,116.853,116.975
2011-09-23,117.01,118.905,116.97,118.425
2011-09-26,118.42,119.03,117.773,118.848
2011-09-27,118.868,120.455,118.518,120.095
2011-09-28,120.088,120.233,118.963,119.325
2011-09-29,119.295,120.848,118.783,120.075
2011-09-30,120.043,120.808,119.13,120.093
2011-10-03,119.973,120.363,118.208,118.248
2011-10-04,118.103,119.098,117.743,118.96
2011-10-05,118.99,119.123,118.098,118.72
2011-10-06,118.78,118.855,116.978,118.49
2011-10-07,118.403,120.003,118.263,119.375
2011-10-10,119.493,120.308,119.168,120.12
2011-10-11,120.055,120.165,119.37,119.4
2011-10-12,119.513,122.378,119.238,121.695
2011-10-13,121.648,121.703,120.345,121.243
2011-10-14,121.153,122.62,120.963,122.173
2011-10-17,121.995,122.645,120.83,120.968
2011-10-18,120.89,121.58,120,120.713
2011-10-19,120.593,121.705,120.458,121.163
2011-10-20,121.163,121.528,120.378,121.285
2011-10-21,121.268,122.088,120.795,121.703
2011-10-24,121.47,122.103,120.993,121.748
2011-10-25,121.693,122.04,120.953,121.773
2011-10-26,121.688,121.97,120.703,121.683
2011-10-27,121.678,122.528,121.133,122.278
2011-10-28,122.315,122.38,121.843,122.298
2011-10-31,122.135,127.32,121.888,125.755
2011-11-01,125.785,126.815,124.275,124.978
2011-11-02,124.988,125.303,124.358,124.478
2011-11-03,124.468,125.31,123.92,125.218
2011-11-04,125.22,125.568,124.625,125.435
2011-11-07,125.46,125.61,124.82,125.328
2011-11-08,125.315,125.623,124.988,125.063
2011-11-09,125.123,125.178,123.628,123.848
2011-11-10,123.843,124.095,123.088,123.738
2011-11-11,123.68,124.163,122.975,124.02
2011-11-14,124.13,124.17,122.338,122.613
2011-11-15,122.655,123.153,121.68,121.86
2011-11-16,121.915,121.943,121.138,121.213
2011-11-17,121.16,121.708,120.895,121.283
2011-11-18,121.268,121.765,121.053,121.54
2011-11-21,121.423,121.51,120.043,120.258
2011-11-22,120.253,120.935,120.138,120.338
2011-11-23,120.408,120.475,119.838,120.02
2011-11-24,119.993,120.17,119.383,119.495
2011-11-25,119.505,120.465,119.393,120.01
2011-11-28,120.158,121.68,119.963,120.96
2011-11-29,120.953,121.853,120.77,121.545
2011-11-30,121.57,122.518,121.04,121.898
2011-12-01,121.75,122.518,121.443,121.91
2011-12-02,121.97,122.678,121.308,121.625
2011-12-05,121.64,122.308,121.465,121.783
2011-12-06,121.765,121.81,120.985,121.265
2011-12-07,121.26,122.213,121.13,122.045
2011-12-08,122.028,122.065,120.933,121.33
2011-12-09,121.388,122.238,121.02,121.675
2011-12-12,121.458,121.793,120.723,121.435
2011-12-13,121.433,121.675,120.518,120.743
2011-12-14,120.753,121.135,120.3,120.75
2011-12-15,120.755,120.938,120.49,120.79
2011-12-16,120.773,121.153,120.433,120.898
2011-12-19,120.738,121.113,120.528,120.965
2011-12-20,120.963,122.173,120.915,122
2011-12-21,121.978,122.585,121.848,122.363
2011-12-22,122.395,122.77,122.228,122.555
2011-12-23,122.523,122.66,121.703,121.76
2011-12-26,121.773,122.043,121.623,121.878
2011-12-27,121.85,122.34,121.63,122.038
2011-12-28,122.008,122.038,120.33,120.485
2011-12-29,120.54,120.568,119.485,119.683
2011-12-30,119.663,120.055,119.273,119.565
2012-01-02,119.465,119.63,119.005,119.303
2012-01-03,119.26,120.173,119.22,120.078
2012-01-04,120.078,120.213,119.61,119.835
2012-01-05,119.845,119.963,119.185,119.495
2012-01-06,119.488,119.748,118.553,118.735
2012-01-09,118.625,118.883,118.27,118.773
2012-01-10,118.783,119.075,118.733,118.993
2012-01-11,119.003,119.123,117.728,117.813
2012-01-12,117.87,118.123,117.528,117.673
2012-01-13,117.728,118.2,117.3,117.895
2012-01-16,117.605,117.785,117.38,117.658
2012-01-17,117.62,118.28,117.588,117.828
2012-01-18,117.815,118.643,117.563,118.623
2012-01-19,118.498,119.728,118.323,119.428
2012-01-20,119.38,120.015,119.195,119.965
2012-01-23,119.805,120.208,119.495,119.903
2012-01-24,119.908,121.423,119.655,121.363
2012-01-25,121.39,122.055,121.235,121.798
2012-01-26,121.775,121.88,121.32,121.52
2012-01-27,121.5,121.6,120.023,120.63
2012-01-30,120.653,120.738,119.6,119.94
2012-01-31,119.968,120.635,119.778,120.193
2012-02-01,120.148,120.99,119.598,120.67
2012-02-02,120.703,120.775,120.233,120.473
2012-02-03,120.468,121.228,120.28,121.17
2012-02-06,121.09,121.253,120.49,121.118
2012-02-07,121.105,122.245,121.018,122.03
2012-02-08,122.053,122.868,121.415,121.868
2012-02-09,121.843,122.983,121.72,122.85
2012-02-10,122.883,123.175,122.05,122.293
2012-02-13,122.403,122.93,122.188,122.295
2012-02-14,122.34,123.173,121.683,123.078
2012-02-15,123.035,123.503,122.615,123.083
2012-02-16,123.043,124.813,122.83,124.71
2012-02-17,124.635,126.073,124.535,125.913
2012-02-20,126.598,126.84,125.785,126.225
2012-02-21,126.238,126.66,125.658,125.82
2012-02-22,125.78,126.628,125.605,125.8
2012-02-23,125.775,126.21,125.475,125.955
2012-02-24,125.91,128.98,125.815,128.885
2012-02-27,129.403,129.785,126.963,127.543
2012-02-28,127.528,128.245,126.693,127.935
2012-02-29,127.925,129.623,127.825,129.148
2012-03-01,129.248,129.602,128.758,129.438
2012-03-02,129.395,130.11,129.153,129.53
2012-03-05,129.505,129.663,128.227,129.385
2012-03-06,129.395,129.505,126.553,127.138
2012-03-07,127.14,127.848,126.648,127.655
2012-03-08,127.655,129.258,127.59,129.095
2012-03-09,129.107,129.758,128.653,129.26
2012-03-12,129.29,129.345,128.19,128.623
2012-03-13,128.68,130.393,128.265,130.28
2012-03-14,130.202,131.47,130.125,131.248
2012-03-15,131.188,131.72,130.218,131.303
2012-03-16,131.205,132.443,130.915,132.193
2012-03-19,132.07,132.675,131.46,132.463
2012-03-20,132.503,132.993,132.268,132.775
2012-03-21,132.76,133.488,132.195,132.393
2012-03-22,132.333,132.508,130.093,130.572
2012-03-23,130.593,131.568,130.008,130.685
2012-03-26,130.848,132.375,130.748,132.273
2012-03-27,132.275,133.388,132.03,132.68
2012-03-28,132.708,132.745,131.033,131.713
2012-03-29,131.68,131.848,130.15,131.59
2012-03-30,131.543,132.748,130.64,132.653
2012-04-02,133.085,133.26,131.193,131.518
2012-04-03,131.585,131.988,130.778,131.778
2012-04-04,131.843,131.855,130.268,131.03
2012-04-05,131.015,131.16,129.525,130.408
2012-04-06,130.325,130.887,129.165,129.613
2012-04-09,129.538,129.925,128.845,129.512
2012-04-10,129.585,130.235,127.888,127.97
2012-04-11,127.953,129.193,127.883,128.62
2012-04-12,128.66,129.355,128.58,129.095
2012-04-13,129.09,129.577,128.128,128.25
2012-04-16,128.355,128.365,127.125,127.863
2012-04-17,127.843,128.99,127.583,128.738
2012-04-18,128.773,130.455,128.73,130.185
2012-04-19,130.23,131.108,130.105,130.993
2012-04-20,131.068,131.808,130.87,131.433
2012-04-23,131.528,131.733,130.21,130.968
2012-04-24,130.94,131.425,130.338,131.273
2012-04-25,131.288,131.825,130.533,131.475
2012-04-26,131.445,131.61,130.525,131.095
2012-04-27,131.068,131.755,130.25,130.563
2012-04-30,130.623,130.868,129.383,129.572
2012-05-01,129.505,130.167,129.093,129.905
2012-05-02,129.89,130.775,129.498,129.827
2012-05-03,129.83,130.46,129.7,129.72
2012-05-04,129.762,129.995,128.86,128.955
2012-05-07,128.92,129.49,128.405,129.387
2012-05-08,129.365,129.588,128.635,129.055
2012-05-09,129.093,129.115,127.828,128.45
2012-05-10,128.447,129.408,128.13,129.055
2012-05-11,129.023,129.042,128.278,128.43
2012-05-14,128.415,128.873,128.045,128.49
2012-05-15,128.538,128.773,128.053,128.24
2012-05-16,128.268,128.518,127.685,127.805
2012-05-17,127.795,127.985,125.16,125.233
2012-05-18,125.28,125.658,124.655,124.975
2012-05-21,125.105,125.83,124.958,125.58
2012-05-22,125.528,126.465,125.443,126.033
2012-05-23,126.083,126.185,124.328,124.715
2012-05-24,124.71,124.97,124.153,124.738
2012-05-25,124.748,124.975,124.445,124.828
2012-05-28,124.99,125.008,124.4,124.635
2012-05-29,124.633,124.985,123.91,124.33
2012-05-30,124.355,124.395,122.353,122.388
2012-05-31,122.443,122.508,120.163,120.638
2012-06-01,120.718,121.053,118.795,119.848
2012-06-04,119.963,120.68,119.78,120.53
2012-06-05,120.525,121.348,119.765,121.143
2012-06-06,121.153,122.968,120.893,122.72
2012-06-07,122.728,124.348,122.325,123.655
2012-06-08,123.63,123.843,121.918,122.973
2012-06-11,123.425,124.073,122.953,123.01
2012-06-12,122.943,123.98,122.56,123.81
2012-06-13,123.918,124.283,123.088,123.248
2012-06-14,123.185,123.535,122.775,123.488
2012-06-15,123.48,123.848,122.138,123.715
2012-06-18,123.918,124.653,123.363,123.943
2012-06-19,124.005,124.518,123.248,124.155
2012-06-20,124.173,125.383,123.52,125.015
2012-06-21,125.005,125.835,124.625,125.178
2012-06-22,125.158,125.758,124.785,125.358
2012-06-25,125.323,125.673,123.605,124.068
2012-06-26,124.078,124.445,123.538,124.375
2012-06-27,124.315,124.558,123.878,124.1
2012-06-28,124.123,124.18,122.94,123.293
2012-06-29,123.275,125.48,122.883,125.318
2012-07-02,125.168,125.485,124.318,124.77
2012-07-03,124.745,125.458,124.61,125.188
2012-07-04,125.268,125.29,124.263,124.553
2012-07-05,124.535,124.873,123.86,124.065
2012-07-06,124.05,124.273,123.07,123.398
2012-07-09,123.265,123.688,122.98,123.533
2012-07-10,123.573,123.605,122.783,123.265
2012-07-11,123.258,123.993,122.963,123.655
2012-07-12,123.618,124.028,122.048,122.365
2012-07-13,122.298,123.518,122.183,123.355
2012-07-16,123.498,123.518,122.525,123.318
2012-07-17,123.303,123.868,122.975,123.775
2012-07-18,123.74,123.92,123.113,123.353
2012-07-19,123.33,123.68,122.933,123.585
2012-07-20,123.603,123.798,122.493,122.6
2012-07-23,122.498,122.57,121.145,121.563
2012-07-24,121.57,121.708,120.97,121.243
2012-07-25,121.258,121.703,120.933,121.138
2012-07-26,121.115,123.005,120.835,122.703
2012-07-27,122.713,123.778,122.468,123.543
2012-07-30,123.51,123.633,122.503,122.815
2012-07-31,122.85,123.05,122.238,122.475
2012-08-01,122.45,122.688,121.793,121.863
2012-08-02,121.868,122.62,121.158,121.388
2012-08-03,121.403,123.055,121.093,122.723
2012-08-06,122.813,123.188,121.745,122.088
2012-08-07,122.038,123.263,121.793,122.785
2012-08-08,122.758,122.975,121.91,122.81
2012-08-09,122.848,123.208,122.408,122.868
2012-08-10,122.865,122.953,121.803,122.785
2012-08-13,122.645,123.095,122.408,122.838
2012-08-14,122.838,123.925,122.783,123.435
2012-08-15,123.463,124.043,123.313,123.888
2012-08-16,123.823,124.938,123.76,124.833
2012-08-17,124.905,124.973,124.528,124.873
2012-08-20,124.905,125.018,124.595,124.785
2012-08-21,124.763,125.508,124.635,125.155
2012-08-22,125.153,125.518,124.085,124.788
2012-08-23,124.813,124.998,124.33,124.5
2012-08-24,124.553,124.815,124.13,124.385
2012-08-27,124.46,124.643,124.228,124.375
2012-08-28,124.36,124.408,123.708,124.195
2012-08-29,124.225,124.77,124.075,124.613
2012-08-30,124.628,124.81,123.925,124.115
2012-08-31,124.128,124.61,123.755,124.363
2012-09-03,124.398,124.565,123.965,124.313
2012-09-04,124.363,124.803,124.305,124.453
2012-09-05,124.475,124.955,124.04,124.66
2012-09-06,124.688,125.885,124.645,125.643
2012-09-07,125.665,126.203,125.045,125.278
2012-09-10,132.35,132.35,124.91,125.173
2012-09-11,125.15,125.395,124.698,124.978
2012-09-12,124.97,125.638,124.923,125.393
2012-09-13,125.358,125.445,124.46,125.183
2012-09-14,125.173,127.26,125.098,127.118
2012-09-17,127.148,128.245,126.848,127.91
2012-09-18,127.93,128.107,127.453,128.02
2012-09-19,128.01,128.84,126.958,127.13
2012-09-20,127.13,127.3,126.24,126.87
2012-09-21,126.88,127.63,126.788,126.863
2012-09-24,126.99,127.033,125.978,126.265
2012-09-25,126.27,126.703,125.823,125.948
2012-09-26,125.993,126.11,125.353,125.678
2012-09-27,125.63,126.11,125.6,125.995
2012-09-28,125.988,126.223,125.448,126.038
2012-10-01,125.9,126.318,125.52,125.81
2012-10-02,125.818,126.458,125.808,126.088
2012-10-03,126.083,126.47,125.808,126.185
2012-10-04,126.218,127.108,126.173,127.078
2012-10-05,127.123,127.82,126.763,126.948
2012-10-08,126.915,127.068,125.148,125.548
2012-10-09,125.493,125.843,124.95,125.23
2012-10-10,125.24,125.625,125.005,125.133
2012-10-11,125.095,126.135,124.75,125.69
2012-10-12,125.76,126.185,125.52,126.045
2012-10-15,126.068,126.708,125.55,126.393
2012-10-16,126.465,127.333,126.44,127.093
2012-10-17,127.098,127.675,126.775,127.475
2012-10-18,127.458,128.238,127.13,127.185
2012-10-19,127.188,127.528,126.788,126.938
2012-10-22,126.94,128.19,126.718,128.025
2012-10-23,128.05,128.185,126.955,127.383
2012-10-24,127.428,128.098,127.123,127.983
2012-10-25,127.993,129.655,127.948,129.43
2012-10-26,129.425,129.58,127.998,128.232
2012-10-29,128.18,128.313,127.568,127.943
2012-10-30,127.955,128.477,127.043,127.988
2012-10-31,127.985,128.913,127.878,128.66
2012-11-01,128.73,129.447,128.683,129.243
2012-11-02,129.248,129.607,128.702,128.843
2012-11-05,128.873,129.077,128.003,128.3
2012-11-06,128.275,128.727,127.865,128.538
2012-11-07,128.568,128.843,127.405,127.873
2012-11-08,127.86,127.885,126.73,127.023
2012-11-09,126.955,127.47,125.963,126.363
2012-11-12,126.373,126.548,125.983,126.213
2012-11-13,126.213,126.643,125.683,125.993
2012-11-14,126.04,127.515,126.013,127.125
2012-11-15,127.153,128.99,126.945,128.795
2012-11-16,128.74,129.29,128.262,129.163
2012-11-19,129.235,129.735,128.933,129.515
2012-11-20,129.47,130.195,129.028,130.083
2012-11-21,130.148,131.698,130.015,131.65
2012-11-22,131.67,132.33,131.088,131.435
2012-11-23,131.415,132.225,130.805,132.07
2012-11-26,132.075,132.453,131.135,131.545
2012-11-27,131.565,132.098,131.188,131.618
2012-11-28,131.623,131.693,130.468,131.443
2012-11-29,131.415,131.86,131.258,131.723
2012-11-30,131.7,132.808,131.585,132.063
2012-12-03,131.955,132.548,131.608,132.345
2012-12-04,132.36,132.365,131.565,131.858
2012-12-05,131.935,132.755,131.698,132.75
2012-12-06,132.675,132.913,132.063,132.255
2012-12-07,132.275,132.613,131.693,132.305
2012-12-10,132.335,132.475,131.678,132.408
2012-12-11,132.415,133.093,132.35,132.975
2012-12-12,132.95,134.628,132.885,134.465
2012-12-13,134.318,135.083,134.158,134.773
2012-12-14,134.798,135.408,134.31,135.06
2012-12-17,136.158,136.37,135.463,135.933
2012-12-18,135.945,136.923,135.828,136.855
2012-12-19,136.815,137.863,136.79,137.138
2012-12-20,136.755,137.553,136.228,137.36
2012-12-21,137.333,137.413,135.898,136.225
2012-12-24,136.31,136.943,136.258,136.823
2012-12-26,137.195,138.238,137.188,138.18
2012-12-27,138.138,139.178,137.918,138.628
2012-12-28,138.71,139.538,138.203,138.895
2012-12-31,138.94,140.955,138.62,140.83
2013-01-02,140.708,142.758,140.568,141.968
2013-01-03,141.905,141.983,140.18,140.523
2013-01-04,140.518,141.818,140.43,141.655
2013-01-07,141.795,142.083,140.505,141.485
2013-01-08,141.5,141.5,139.48,139.768
2013-01-09,139.868,141.038,139.408,140.81
2013-01-10,140.853,143.555,140.818,143.54
2013-01-11,143.5,144.425,143.013,143.865
2013-01-14,144.045,144.813,142.853,143.853
2013-01-15,143.945,144.19,141.655,142.645
2013-01-16,142.685,142.783,140.513,141.465
2013-01-17,141.53,144.273,140.873,143.733
2013-01-18,143.728,144.128,142.523,142.923
2013-01-21,143.068,143.075,141.765,141.873
2013-01-22,141.95,142.855,139.793,140.505
2013-01-23,140.56,140.848,139.265,140.41
2013-01-24,140.463,142.93,139.878,142.633
2013-01-25,142.598,144.25,142.488,143.633
2013-01-28,143.865,143.87,142.19,142.595
2013-01-29,142.355,143.148,141.898,143.01
2013-01-30,142.93,144.22,142.898,143.938
2013-01-31,143.908,145.523,143.448,145.438
2013-02-01,145.223,146.49,144.903,145.67
2013-02-04,145.71,146.618,145.205,145.59
2013-02-05,145.528,147.265,144.865,146.618
2013-02-06,146.725,147.258,145.95,146.623
2013-02-07,146.623,147.983,146.01,147.133
2013-02-08,147.22,147.308,145.063,146.453
2013-02-11,146.42,147.93,145.865,147.693
2013-02-12,147.668,147.888,145.28,146.418
2013-02-13,146.495,146.62,144.98,145.143
2013-02-14,144.838,145.398,143.585,143.903
2013-02-15,143.98,145.648,142.77,145.078
2013-02-18,145.598,145.898,145.033,145.305
2013-02-19,145.348,145.38,143.893,144.34
2013-02-20,144.333,144.743,142.505,142.538
2013-02-21,142.493,142.958,141.343,142.02
2013-02-22,142.015,143.078,141.558,141.653
2013-02-25,142.185,142.803,137.878,139.235
2013-02-26,139.668,140.595,137.838,139.1
2013-02-27,139.125,139.958,138.15,139.825
2013-02-28,139.923,140.9,139.473,140.343
2013-03-01,140.363,140.925,139.115,140.735
2013-03-04,140.38,141.313,140.218,141.283
2013-03-05,141.295,141.453,140.583,141.123
2013-03-06,141.245,141.503,140.703,141.27
2013-03-07,141.205,143.02,140.565,142.363
2013-03-08,142.315,144.8,142.305,143.275
2013-03-11,143.288,143.795,142.815,143.605
2013-03-12,143.618,144.145,142.008,143.198
2013-03-13,143.188,143.828,142.645,143.433
2013-03-14,143.408,145.025,143.028,144.965
2013-03-15,144.903,145.888,143.808,144
2013-03-18,142.765,144.995,142.363,143.828
2013-03-19,143.77,144.64,143.163,143.695
2013-03-20,143.568,145.275,143.238,144.975
2013-03-21,145.018,145.225,143.453,143.99
2013-03-22,144.01,144.553,143.03,143.92
2013-03-25,143.805,144.795,141.895,142.883
2013-03-26,142.83,143.55,142.483,143.173
2013-03-27,143.173,143.815,142.045,142.903
2013-03-28,142.94,143.105,142.205,143.018
2013-03-29,143.04,143.298,142.615,143.143
2013-04-01,143.213,143.415,141.82,141.99
2013-04-02,142.118,142.123,140.958,141.113
2013-04-03,141.1,141.535,140.468,140.775
2013-04-04,140.835,146.823,140.393,146.755
2013-04-05,146.76,150.053,145.955,149.62
2013-04-08,150.558,200.245,150.31,151.58
2013-04-09,151.638,152.398,150.57,151.733
2013-04-10,151.748,153.058,151.388,152.96
2013-04-11,152.908,153.873,152.305,153.345
2013-04-12,153.363,153.558,150.57,150.918
2013-04-15,150.768,151.74,147.19,147.893
2013-04-16,147.68,150.298,146.463,149.825
2013-04-17,149.913,151.173,148.118,149.535
2013-04-18,149.588,150.493,148.735,149.995
2013-04-19,150.048,152.528,149.883,151.593
2013-04-22,151.998,152.245,150.898,151.745
2013-04-23,151.773,152.03,149.973,151.59
2013-04-24,151.508,152.305,151.103,151.93
2013-04-25,151.96,153.778,151.428,153.195
2013-04-26,153.28,153.433,151.128,151.705
2013-04-29,151.685,152.22,151.05,151.533
2013-04-30,151.555,151.993,150.748,151.348
2013-05-01,151.358,152.248,150.858,151.488
2013-05-02,151.548,153.25,150.955,152.128
2013-05-03,152.155,154.69,152.06,154.173
2013-05-06,154.068,154.798,154.065,154.373
2013-05-07,154.36,154.503,153.013,153.288
2013-05-08,153.28,154.128,152.725,153.798
2013-05-09,153.778,155.825,153.27,155.405
2013-05-10,155.435,156.688,155.328,156.088
2013-05-13,156.203,156.773,155.568,155.783
2013-05-14,155.655,156.063,154.97,155.75
2013-05-15,155.65,156.47,155.395,155.785
2013-05-16,155.773,156.523,155.37,156.15
2013-05-17,156.233,156.708,155.688,156.6
2013-05-20,156.293,156.363,154.955,156.028
2013-05-21,156.068,156.555,155.14,155.323
2013-05-22,155.343,156.115,154.565,155.245
2013-05-23,155.165,155.595,151.785,154.113
2013-05-24,153.973,154.765,152.278,153.208
2013-05-27,153.088,153.268,152.368,152.448
2013-05-28,152.648,154.673,152.498,153.96
2013-05-29,153.888,154.048,152.24,153.07
2013-05-30,153.125,154.033,152.253,153.438
2013-05-31,153.473,154.243,152.383,152.72
2013-06-03,152.78,153.255,151.945,152.475
2013-06-04,152.413,153.818,152.296,153.18
2013-06-05,153.163,153.758,152.398,152.605
2013-06-06,152.635,153.592,150.328,151.28
2013-06-07,151.5,152.049,148.213,151.788
2013-06-10,152.088,154.207,151.898,153.808
2013-06-11,153.884,154.238,149.372,150.236
2013-06-12,150.255,152.039,149.296,150.569
2013-06-13,150.605,150.616,147.106,149.915
2013-06-14,149.975,150.588,147.416,147.824
2013-06-17,147.935,149.461,147.935,148.58
2013-06-18,148.693,149.614,148.442,149.123
2013-06-19,149.19,150.318,148.277,149.317
2013-06-20,149.198,151.931,148.884,150.909
2013-06-21,150.845,151.936,149.752,150.931
2013-06-24,150.703,151.752,149.722,150.852
2013-06-25,150.885,151.477,149.681,150.84
2013-06-26,150.94,151.398,149.256,149.695
2013-06-27,149.81,150.618,149.385,150.076
2013-06-28,150.143,151.189,150.1,150.803
2013-07-01,150.965,152.079,150.836,151.67
2013-07-02,151.592,152.743,151.26,152.497
2013-07-03,152.405,153.026,151.242,152.679
2013-07-04,152.622,152.883,150.296,150.771
2013-07-05,150.89,151.125,149.491,150.655
2013-07-08,150.66,151.144,150.205,150.957
2013-07-09,150.845,151.613,149.787,150.382
2013-07-10,150.394,150.423,148.786,149.69
2013-07-11,149.923,150.642,148.945,150.258
2013-07-12,150.3,150.678,149.429,149.878
2013-07-15,150.268,151.27,149.691,150.797
2013-07-16,150.818,151.118,149.805,150.234
2013-07-17,150.203,152.06,149.933,151.498
2013-07-18,151.541,153.11,151.371,152.912
2013-07-19,152.955,153.687,152.176,153.62
2013-07-22,153.428,153.623,152.367,153.091
2013-07-23,153.013,153.677,152.342,152.791
2013-07-24,152.883,154.057,152.827,153.552
2013-07-25,153.513,153.839,152.256,152.797
2013-07-26,152.778,152.926,150.725,151.139
2013-07-29,150.938,151.27,150.007,150.26
2013-07-30,150.258,150.927,149.194,149.387
2013-07-31,149.365,149.526,148.295,148.836
2013-08-01,148.833,150.691,148.257,150.513
2013-08-02,150.468,151.588,150.212,151.325
2013-08-05,151.473,151.509,150.332,150.925
2013-08-06,150.93,151.441,149.891,150.012
2013-08-07,150.095,150.706,147.619,149.213
2013-08-08,149.275,150.321,148.937,150.277
2013-08-09,150.248,150.66,149.088,149.115
2013-08-12,149.393,149.921,148.87,149.825
2013-08-13,149.853,152.106,149.76,151.725
2013-08-14,151.768,152.588,151.204,152.124
2013-08-15,152.095,153.245,151.497,152.285
2013-08-16,152.208,152.759,151.787,152.422
2013-08-19,152.49,153.582,152.214,152.649
2013-08-20,152.748,153.122,151.74,152.405
2013-08-21,152.391,153.648,152.126,152.971
2013-08-22,152.903,154.029,152.665,153.882
2013-08-23,153.873,154.709,153.419,153.673
2013-08-26,153.455,153.979,153.243,153.448
2013-08-27,153.408,153.493,150.707,150.839
2013-08-28,150.853,151.905,150.472,151.582
2013-08-29,151.66,152.672,151.511,152.478
2013-08-30,152.488,152.666,151.687,152.184
2013-09-02,152.795,154.935,152.407,154.403
2013-09-03,154.408,155.467,154.391,154.908
2013-09-04,154.976,156.005,154.759,155.87
2013-09-05,155.902,156.434,155.502,156.064
2013-09-06,156.088,156.221,154.139,154.935
2013-09-09,155.876,156.648,155.512,156.298
2013-09-10,156.293,158.062,156.178,157.94
2013-09-11,157.973,158.556,157.523,158.038
2013-09-12,158.021,158.233,156.698,157.323
2013-09-13,157.218,157.975,157.137,157.768
2013-09-16,157.429,157.937,157.013,157.459
2013-09-17,157.5,158.165,157.422,157.649
2013-09-18,157.67,158.256,157.334,158.121
2013-09-19,158.239,159.993,158.183,159.454
2013-09-20,159.475,159.694,158.958,159.03
2013-09-23,158.85,159.055,158.206,158.565
2013-09-24,158.57,158.968,157.351,158.034
2013-09-25,158.039,158.837,157.379,158.288
2013-09-26,158.308,159.274,158.028,158.772
2013-09-27,158.768,159.102,158.259,158.5
2013-09-30,157.92,159.426,157.402,158.978
2013-10-01,159.12,159.96,158.455,158.718
2013-10-02,158.723,158.819,157.506,157.938
2013-10-03,157.967,158.85,156.715,157.136
2013-10-04,157.169,157.378,155.73,156.058
2013-10-07,155.795,156.184,155.423,155.672
2013-10-08,155.731,156.669,155.401,155.813
2013-10-09,155.779,156.563,154.727,155.3
2013-10-10,155.417,157.008,155.291,156.728
2013-10-11,156.812,157.527,156.442,157.228
2013-10-14,157.038,157.633,156.715,157.545
2013-10-15,157.535,157.72,156.781,157.059
2013-10-16,156.651,158.039,156.651,157.532
2013-10-17,157.514,158.307,157.067,158.273
2013-10-18,158.177,158.679,158.022,158.058
2013-10-21,158.22,158.772,158.145,158.54
2013-10-22,158.662,159.533,158.302,159.32
2013-10-23,159.29,159.373,156.868,157.389
2013-10-24,157.395,158.21,157.056,157.619
2013-10-25,157.628,157.967,157.138,157.48
2013-10-28,157.993,158.312,157.587,157.657
2013-10-29,157.651,157.696,156.759,157.56
2013-10-30,157.527,158.192,157.35,158.002
2013-10-31,157.999,158.025,157.288,157.758
2013-11-01,157.737,157.82,156.828,157.169
2013-11-04,157.238,157.684,157.102,157.454
2013-11-05,157.495,158.258,156.636,158.046
2013-11-06,158.107,158.999,157.927,158.65
2013-11-07,158.673,159.282,157.266,157.899
2013-11-08,157.936,158.863,157.546,158.671
2013-11-11,158.728,158.83,158.349,158.534
2013-11-12,158.589,159.235,158.034,158.463
2013-11-13,158.45,159.437,157.988,159.357
2013-11-14,159.405,160.921,159.108,160.678
2013-11-15,160.668,161.656,160.658,161.493
2013-11-18,161.568,161.768,160.732,161.095
2013-11-19,161.051,161.622,160.408,161.413
2013-11-20,161.436,161.725,160.847,161.096
2013-11-21,161.101,163.889,161.027,163.881
2013-11-22,163.904,164.373,163.52,164.32
2013-11-25,164.394,165.291,163.828,164.247
2013-11-26,164.297,164.392,163.682,164.238
2013-11-27,164.233,166.461,164.025,166.384
2013-11-28,166.409,167.323,165.97,167.25
2013-11-29,167.203,167.904,166.857,167.67
2013-12-02,167.76,168.798,167.732,168.369
2013-12-03,168.345,169.146,167.336,168.022
2013-12-04,167.881,168.398,166.876,167.695
2013-12-05,167.704,167.78,165.874,166.281
2013-12-06,166.258,168.269,166.028,168.235
2013-12-09,168.358,169.738,168.128,169.658
2013-12-10,169.588,170.065,168.682,169.131
2013-12-11,169.12,169.359,167.523,167.708
2013-12-12,168.05,169.091,167.643,169.02
2013-12-13,169.07,169.833,167.715,168.242
2013-12-16,168.25,168.588,167.35,167.888
2013-12-17,167.881,168.176,166.583,166.979
2013-12-18,167.02,171.205,166.88,170.922
2013-12-19,170.694,171.092,169.914,170.649
2013-12-20,170.621,171.067,169.793,170.015
2013-12-23,169.913,170.365,169.774,170.271
2013-12-24,170.316,170.836,170.141,170.65
2013-12-26,170.905,172.205,170.905,171.994
2013-12-27,172.019,173.957,171.974,173.368
2013-12-30,173.41,173.863,173.108,173.494
2013-12-31,173.376,174.525,172.835,174.408
2014-01-02,174.581,174.848,171.838,172.396
2014-01-03,172.357,172.513,171.056,172.138
2014-01-06,171.97,172.237,170.414,170.974
2014-01-07,170.993,171.709,170.838,171.565
2014-01-08,171.586,172.844,171.509,172.511
2014-01-09,172.585,173.138,172.196,172.734
2014-01-10,172.654,173.034,171.252,171.705
2014-01-13,171.468,171.83,168.351,168.747
2014-01-14,168.798,171.452,168.75,171.321
2014-01-15,171.381,171.592,170.441,171.171
2014-01-16,171.26,171.793,170.203,170.657
2014-01-17,170.614,171.879,170.181,171.335
2014-01-20,171.175,171.492,170.309,171.147
2014-01-21,171.168,172.377,171.073,171.874
2014-01-22,171.823,173.316,171.33,173.233
2014-01-23,173.278,173.654,171.212,171.815
2014-01-24,171.88,172.318,168.582,168.788
2014-01-27,167.883,170.543,167.858,170.072
2014-01-28,169.966,171.322,169.923,170.676
2014-01-29,171.078,171.467,168.696,169.416
2014-01-30,169.335,169.785,168.175,169.333
2014-01-31,169.376,169.753,167.581,167.72
2014-02-03,167.775,168.228,164.292,164.638
2014-02-04,164.714,166.033,163.883,165.942
2014-02-05,165.977,166.157,163.955,165.456
2014-02-06,165.514,166.832,165.052,166.663
2014-02-07,166.638,168.049,166.159,167.934
2014-02-10,168.119,168.449,167.203,167.745
2014-02-11,167.7,169.089,167.517,168.841
2014-02-12,168.827,170.228,168.314,170.153
2014-02-13,170.181,170.439,169.24,170.205
2014-02-14,170.255,170.609,169.125,170.505
2014-02-17,170.457,171.077,169.902,170.356
2014-02-18,170.327,171.888,170.229,170.763
2014-02-19,170.751,171.169,169.608,170.64
2014-02-20,170.659,170.802,169.225,170.303
2014-02-21,170.399,171.74,170.12,170.328
2014-02-24,170.615,170.863,169.863,170.741
2014-02-25,170.707,171.091,170.063,170.536
2014-02-26,170.429,170.95,169.953,170.672
2014-02-27,170.656,170.834,169.053,170.427
2014-02-28,170.506,171.206,169.389,170.451
2014-03-03,169.968,170.113,168.831,169.072
2014-03-04,169.027,170.518,168.973,170.324
2014-03-05,170.447,171.397,170.154,171.064
2014-03-06,171.098,172.841,171.022,172.531
2014-03-07,172.641,173.59,172.048,172.61
2014-03-10,172.422,172.875,171.54,171.892
2014-03-11,171.931,172.126,170.944,171.19
2014-03-12,171.138,171.452,170.171,170.757
2014-03-13,170.807,171.637,168.715,169.301
2014-03-14,169.226,169.366,167.938,168.788
2014-03-17,168.575,169.614,168.479,169.313
2014-03-18,169.251,169.603,167.776,168.326
2014-03-19,168.213,169.702,168.08,169.227
2014-03-20,169.331,169.725,168.716,168.978
2014-03-21,169.078,169.116,168.103,168.613
2014-03-24,168.318,169.444,168.265,168.68
2014-03-25,168.653,169.291,168.383,169.026
2014-03-26,169.057,169.689,168.904,169.207
2014-03-27,169.183,170.334,168.637,169.729
2014-03-28,169.759,171.319,169.561,171.082
2014-03-31,171.35,172.123,170.992,171.992
2014-04-01,172.011,172.521,171.752,172.359
2014-04-02,172.387,173.01,172.305,172.716
2014-04-03,172.687,173.148,172.158,172.495
2014-04-04,172.492,172.507,171.015,171.203
2014-04-07,171.24,171.604,170.682,171.213
2014-04-08,171.249,171.566,170.018,170.506
2014-04-09,170.535,171.32,170.467,171.28
2014-04-10,171.213,171.638,170.086,170.416
2014-04-11,170.411,170.924,169.504,170.068
2014-04-14,169.945,170.516,169.587,170.379
2014-04-15,170.393,170.679,169.448,170.507
2014-04-16,170.441,172.109,170.307,171.712
2014-04-17,171.766,172.115,171.462,171.961
2014-04-18,171.934,172.192,171.802,172.048
2014-04-21,172.097,172.498,172.024,172.295
2014-04-22,172.358,172.748,172.021,172.643
2014-04-23,172.6,172.797,171.364,172.08
2014-04-24,172.057,172.248,171.48,171.913
2014-04-25,171.901,172.27,171.391,171.673
2014-04-28,171.674,172.588,171.268,172.258
2014-04-29,172.264,172.915,172.239,172.715
2014-04-30,172.714,172.744,171.944,172.509
2014-05-01,172.448,172.938,172.396,172.858
2014-05-02,172.831,173.573,172.384,172.436
2014-05-05,172.533,172.603,171.783,172.281
2014-05-06,172.293,172.953,172.207,172.608
2014-05-07,172.481,172.989,172.151,172.748
2014-05-08,172.772,172.86,171.872,172.14
2014-05-09,172.115,172.31,171.226,171.625
2014-05-12,171.59,172.511,171.548,172.259
2014-05-13,172.28,172.742,171.919,172.052
2014-05-14,172.097,172.363,170.609,170.844
2014-05-15,170.796,171.032,170.169,170.554
2014-05-16,170.55,171.031,170.235,170.675
2014-05-19,170.73,170.971,170.026,170.666
2014-05-20,170.624,170.975,170.383,170.633
2014-05-21,170.595,171.495,169.815,171.315
2014-05-22,171.373,171.866,171.225,171.644
2014-05-23,171.613,171.798,171.274,171.64
2014-05-26,171.653,171.806,171.483,171.679
2014-05-27,171.684,171.979,171.289,171.428
2014-05-28,171.451,171.512,169.898,170.19
2014-05-29,170.176,170.221,169.546,170.159
2014-05-30,170.085,170.715,169.796,170.513
2014-06-02,170.745,171.626,170.459,171.453
2014-06-03,171.46,171.823,171.276,171.688
2014-06-04,171.721,172.078,171.357,171.963
2014-06-05,171.952,172.318,171.611,172.262
2014-06-06,172.25,172.523,171.837,172.178
2014-06-09,172.375,172.547,172.004,172.274
2014-06-10,172.26,172.345,171.352,171.513
2014-06-11,171.475,171.807,170.965,171.365
2014-06-12,171.25,172.263,171.04,172.165
2014-06-13,172.304,173.374,172.126,173.125
2014-06-16,173.203,173.233,172.735,172.95
2014-06-17,172.951,173.452,172.817,173.287
2014-06-18,173.271,173.805,172.907,173.203
2014-06-19,173.185,173.791,173.014,173.706
2014-06-20,173.698,174.098,173.551,173.655
2014-06-23,173.765,173.831,173.181,173.564
2014-06-24,173.532,173.721,172.943,173.201
2014-06-25,173.165,173.209,172.734,173.01
2014-06-26,172.957,173.449,172.614,173.211
2014-06-27,173.158,173.176,172.463,172.803
2014-06-30,172.699,173.42,172.378,173.328
2014-07-01,173.343,174.292,173.286,174.107
2014-07-02,174.165,174.806,174.01,174.701
2014-07-03,174.708,175.371,174.506,175.304
2014-07-04,175.344,175.361,174.841,175.153
2014-07-07,175.193,175.262,174.282,174.47
2014-07-08,174.497,174.568,173.728,174.013
2014-07-09,173.98,174.411,173.812,174.386
2014-07-10,174.375,174.413,172.966,173.62
2014-07-11,173.625,173.81,173.097,173.33
2014-07-14,173.557,174.011,173.355,173.47
2014-07-15,173.476,174.555,173.288,174.319
2014-07-16,174.311,174.44,174.016,174.232
2014-07-17,174.264,174.273,172.996,173.013
2014-07-18,173.013,173.591,172.682,173.157
2014-07-21,173.185,173.273,172.803,173.14
2014-07-22,173.129,173.476,172.98,173.151
2014-07-23,173.13,173.336,172.608,172.963
2014-07-24,172.986,173.076,172.635,172.94
2014-07-25,172.968,173.175,172.655,172.869
2014-07-28,172.835,173.097,172.762,172.994
2014-07-29,173.005,173.213,172.729,173.025
2014-07-30,173.004,174.233,172.922,173.86
2014-07-31,173.89,174.004,173.407,173.58
2014-08-01,173.622,173.85,172.386,172.59
2014-08-04,172.53,173.005,172.449,172.96
2014-08-05,172.945,173.507,172.78,173.243
2014-08-06,173.23,173.282,171.567,172.088
2014-08-07,172.083,172.624,171.709,171.852
2014-08-08,171.853,171.916,170.708,171.13
2014-08-11,171.378,171.624,171.237,171.552
2014-08-12,171.552,171.974,171.389,171.921
2014-08-13,171.92,172.615,170.861,170.92
2014-08-14,170.962,171.235,170.661,170.957
2014-08-15,170.998,171.455,170.435,170.844
2014-08-18,171.095,171.682,171.027,171.575
2014-08-19,171.587,171.643,170.705,171.012
2014-08-20,171.034,172.318,170.97,172.196
2014-08-21,172.16,172.418,171.889,172.187
2014-08-22,172.176,172.634,171.623,172.216
2014-08-25,172.487,172.694,172.307,172.506
2014-08-26,172.497,172.594,172.111,172.123
2014-08-27,172.15,172.538,172.07,172.188
2014-08-28,172.156,172.298,171.68,172.037
2014-08-29,172.072,172.87,171.958,172.76
2014-09-01,172.893,173.417,172.739,173.295
2014-09-02,173.295,173.96,173.014,173.092
2014-09-03,173.095,173.377,172.383,172.494
2014-09-04,172.542,172.781,171.761,171.914
2014-09-05,171.821,172.263,170.955,171.572
2014-09-08,170.02,171.108,169.339,170.76
2014-09-09,170.801,171.533,170.531,171.046
2014-09-10,171.066,173.273,171.003,173.23
2014-09-11,173.166,174.253,172.782,174.09
2014-09-12,174.037,174.674,173.698,174.593
2014-09-15,174.453,174.613,173.845,173.988
2014-09-16,173.986,174.482,172.992,174.371
2014-09-17,174.304,176.455,174.148,176.393
2014-09-18,176.305,178.374,176.175,178.203
2014-09-19,178.208,180.723,177.472,177.621
2014-09-22,178.168,178.357,177.536,178.074
2014-09-23,178.041,178.745,176.646,178.456
2014-09-24,178.411,178.493,177.639,178.171
2014-09-25,178.093,178.499,177.139,177.452
2014-09-26,177.447,178.112,177.152,177.595
2014-09-29,177.523,178.188,177.364,177.838
2014-09-30,177.787,178.114,177.367,177.771
2014-10-01,177.748,178.134,176.19,176.25
2014-10-02,176.203,176.653,174.32,175.044
2014-10-03,175.048,175.912,174.971,175.303
2014-10-06,175.325,175.368,174.472,174.963
2014-10-07,174.978,175.15,173.693,173.877
2014-10-08,174.085,174.969,173.443,174.756
2014-10-09,174.823,175.011,173.584,173.807
2014-10-10,173.79,174.01,172.741,173.075
2014-10-13,172.668,173.024,171.736,171.845
2014-10-14,171.91,172.486,169.929,170.25
2014-10-15,170.343,171.15,168.023,169.674
2014-10-16,169.63,171.221,168.461,171.068
2014-10-17,170.973,172.067,170.202,172.022
2014-10-20,172.525,173.008,172.229,172.874
2014-10-21,172.908,172.913,171.799,172.405
2014-10-22,172.527,172.686,171.071,171.967
2014-10-23,171.96,173.665,171.71,173.558
2014-10-24,173.528,174.048,172.974,174.039
2014-10-27,174.183,174.293,173.393,173.802
2014-10-28,173.78,174.75,173.697,174.465
2014-10-29,174.51,174.693,174.014,174.355
2014-10-30,174.35,175.169,174.001,174.771
2014-10-31,174.831,179.825,174.674,179.651
2014-11-03,180.492,182.531,179.662,182.152
2014-11-04,182.065,182.076,181.129,181.79
2014-11-05,181.645,183.447,181.514,183.153
2014-11-06,183.125,184.332,181.874,182.395
2014-11-07,182.39,182.875,181.228,181.876
2014-11-10,181.728,182.261,181.084,181.965
2014-11-11,181.868,184.403,181.768,184.292
2014-11-12,184.368,184.682,181.974,182.218
2014-11-13,182.32,182.793,181.546,181.895
2014-11-14,181.908,182.668,181.61,182.163
2014-11-17,182.497,183.395,181.1,182.454
2014-11-18,182.463,183.344,182.251,182.686
2014-11-19,182.728,185.081,182.536,184.997
2014-11-20,184.903,186.136,184.902,185.495
2014-11-21,185.568,185.701,183.98,184.414
2014-11-24,184.365,185.96,184.065,185.758
2014-11-25,185.815,186.081,184.529,185.304
2014-11-26,185.245,186.117,184.778,185.921
2014-11-27,185.833,185.869,185.021,185.223
2014-11-28,185.326,185.93,185.235,185.535
2014-12-01,185.84,186.343,185.042,186.231
2014-12-02,186.135,186.934,186.038,186.423
2014-12-03,186.475,188.199,186.28,187.904
2014-12-04,187.95,188.24,187.601,187.738
2014-12-05,187.763,189.718,187.298,189.298
2014-12-08,189.455,189.689,188.435,188.919
2014-12-09,188.872,189.219,185.199,187.523
2014-12-10,187.491,187.835,184.974,185.158
2014-12-11,185.363,187.758,184.974,186.656
2014-12-12,186.912,187.373,185.612,186.669
2014-12-15,186.213,187.056,183.855,184.254
2014-12-16,184.518,185.105,181.624,183.341
2014-12-17,183.627,185.036,183.16,184.79
2014-12-18,185.015,186.738,184.429,186.229
2014-12-19,186.228,187.251,186.046,186.737
2014-12-22,186.717,187.549,186.511,187.156
2014-12-23,187.09,187.491,186.486,187.31
2014-12-24,187.311,187.463,186.636,187.389
2014-12-26,187.31,187.459,186.938,187.24
2014-12-29,187.31,187.81,187.054,187.245
2014-12-30,187.265,187.295,184.962,185.918
2014-12-31,185.941,187.01,185.713,186.674
2015-01-02,186.775,187.323,184.307,184.663
2015-01-05,183.805,184.438,181.717,182.439
2015-01-06,182.423,182.431,179.251,179.377
2015-01-07,179.485,180.778,179.261,180.205
2015-01-08,180.18,180.944,179.989,180.572
2015-01-09,180.59,180.926,179.47,179.658
2015-01-12,179.628,180.552,179.023,179.54
2015-01-13,179.51,180.097,178.111,178.778
2015-01-14,178.738,178.881,176.871,178.712
2015-01-15,178.652,179.583,176.346,176.39
2015-01-16,175.978,178.349,175.888,177.977
2015-01-19,177.653,178.372,176.997,177.673
2015-01-20,177.745,180.28,177.542,179.932
2015-01-21,179.915,179.915,177.066,178.627
2015-01-22,178.47,179.232,177.222,177.853
2015-01-23,177.77,178.533,176.162,176.557
2015-01-26,176.493,178.942,175.763,178.632
2015-01-27,178.673,179.428,177.852,179.129
2015-01-28,178.983,179.373,177.655,177.937
2015-01-29,178.008,178.944,177.706,178.234
2015-01-30,178.218,178.568,176.139,176.924
2015-02-02,176.635,177.735,176.123,176.846
2015-02-03,176.955,178.404,175.503,178.307
2015-02-04,178.21,179.294,177.601,178.035
2015-02-05,177.993,180.409,177.742,180.148
2015-02-06,180.162,181.809,179.591,181.554
2015-02-09,181.403,181.632,180.167,180.505
2015-02-10,180.48,182.266,180.262,182.173
2015-02-11,182.248,183.969,182.01,183.552
2015-02-12,183.418,184.186,181.093,183.239
2015-02-13,183.253,183.36,182.485,182.901
2015-02-16,182.9,183.222,181.534,182.008
2015-02-17,181.988,183.402,181.588,183.11
2015-02-18,183.061,184.213,182.594,183.363
2015-02-19,183.235,184.039,183.036,183.339
2015-02-20,183.413,183.674,181.669,183.283
2015-02-23,183.255,184.025,182.615,183.652
2015-02-24,183.648,184.882,183.547,183.86
2015-02-25,183.892,184.677,183.539,184.565
2015-02-26,184.522,185.034,183.604,183.964
2015-02-27,183.94,185.016,183.554,184.708
2015-03-02,184.68,184.927,184.171,184.599
2015-03-03,184.623,184.725,183.665,183.913
2015-03-04,183.926,184,182.536,182.692
2015-03-05,182.718,183.727,182.401,183.085
2015-03-06,183.19,183.259,181.492,181.674
2015-03-09,181.768,183.6,181.536,183.28
2015-03-10,183.313,183.931,182.357,182.554
2015-03-11,182.473,183.154,180.795,181.33
2015-03-12,181.383,181.795,180.205,180.515
2015-03-13,180.495,180.762,178.241,179.005
2015-03-16,179.018,180.206,178.835,179.931
2015-03-17,179.91,180.142,178.553,179.012
2015-03-18,178.95,181.067,177.161,179.913
2015-03-19,179.919,179.981,177.733,178.192
2015-03-20,178.15,180.102,177.947,179.45
2015-03-23,179.493,179.694,178.159,179.027
2015-03-24,179.029,179.223,177.512,177.84
2015-03-25,177.845,178.389,177.552,177.804
2015-03-26,177.817,177.929,176.491,176.986
2015-03-27,176.957,177.931,176.707,177.21
2015-03-30,177.333,178.209,176.687,177.821
2015-03-31,177.91,178.325,177.115,177.995
2015-04-01,177.965,178.442,176.791,177.526
2015-04-02,177.456,177.956,176.785,177.525
2015-04-03,177.595,177.998,177.056,177.527
2015-04-06,177.394,178.295,177.259,177.859
2015-04-07,177.828,179.193,177.777,178.104
2015-04-08,178.26,179.301,177.638,178.594
2015-04-09,178.629,179.093,177.113,177.409
2015-04-10,177.404,177.548,175.681,175.883
2015-04-13,175.955,176.541,175.305,176.286
2015-04-14,176.311,176.634,174.883,176.479
2015-04-15,176.485,176.965,175.708,176.838
2015-04-16,176.801,178.043,176.592,177.727
2015-04-17,177.798,178.759,177.45,177.866
2015-04-20,178.037,178.214,177.195,177.664
2015-04-21,177.696,178.906,177.49,178.612
2015-04-22,178.665,180.41,178.467,180.305
2015-04-23,180.373,180.466,179.318,180.062
2015-04-24,179.998,181.02,179.665,180.735
2015-04-27,180.5,181.588,180.313,181.389
2015-04-28,181.351,182.415,180.707,182.314
2015-04-29,182.333,184.129,182.126,183.728
2015-04-30,183.798,184.16,182.583,183.251
2015-05-01,183.323,184.48,181.789,182.134
2015-05-04,182.005,182.31,181.42,181.651
2015-05-05,181.628,182.798,181.457,181.944
2015-05-06,181.905,182.535,181.453,182.135
2015-05-07,182.18,182.997,180.96,182.522
2015-05-08,184.035,186.054,183.996,185.055
2015-05-11,184.955,187.4,184.585,187.154
2015-05-12,187.203,188.382,186.737,187.859
2015-05-13,187.693,188.614,187.03,187.603
2015-05-14,187.569,188.53,187.367,188.016
2015-05-15,188.058,188.626,187.48,187.495
2015-05-18,187.785,188.28,187.307,187.806
2015-05-19,187.835,187.976,185.977,187.221
2015-05-20,187.263,188.618,187.107,188.509
2015-05-21,188.453,190.023,187.959,189.588
2015-05-22,189.553,189.668,187.947,188.28
2015-05-25,188.183,188.615,187.807,188.05
2015-05-26,188.018,189.675,187.895,189.395
2015-05-27,189.388,190.354,189.248,189.882
2015-05-28,189.898,190.722,189.288,189.858
2015-05-29,189.775,190.014,188.703,189.847
2015-06-01,189.776,190.002,188.549,189.655
2015-06-02,189.735,190.545,189.134,190.445
2015-06-03,190.43,190.811,189.552,190.608
2015-06-04,190.535,191.7,189.837,191.056
2015-06-05,191.073,191.968,190.745,191.906
2015-06-08,191.695,191.871,190.688,191.07
2015-06-09,191.125,191.37,189.532,191.306
2015-06-10,191.28,191.623,188.985,190.523
2015-06-11,190.508,191.955,190.317,191.506
2015-06-12,191.572,192.222,191.249,192.001
2015-06-15,191.636,192.628,191.419,192.544
2015-06-16,192.575,193.161,192.078,193.041
2015-06-17,193.075,195.696,192.965,195.403
2015-06-18,195.396,195.845,194.35,195.274
2015-06-19,195.278,195.511,194.61,194.765
2015-06-22,195.188,195.58,194.627,195.21
2015-06-23,195.225,195.504,194.591,194.956
2015-06-24,194.908,195.89,194.262,194.516
2015-06-25,194.553,194.772,193.487,194.685
2015-06-26,194.718,195.26,193.942,195.08
2015-06-29,192.268,193.539,191.386,192.838
2015-06-30,192.858,193.028,191.727,192.472
2015-07-01,192.39,192.981,191.897,192.361
2015-07-02,192.355,192.945,191.933,192.086
2015-07-03,192.083,192.564,190.913,191.316
2015-07-06,189.794,191.667,189.484,191.286
2015-07-07,191.298,191.59,188.244,189.464
2015-07-08,189.481,189.494,185.002,185.425
2015-07-09,185.408,187.359,185.162,186.619
2015-07-10,186.583,190.81,186.539,190.63
2015-07-13,189.928,192.337,189.777,191.145
2015-07-14,191.225,192.957,190.577,192.939
2015-07-15,192.913,193.769,192.679,193.552
2015-07-16,193.573,193.946,193.048,193.787
2015-07-17,193.763,194.382,192.903,193.638
2015-07-20,193.548,193.951,193.056,193.437
2015-07-21,193.483,193.873,192.529,192.718
2015-07-22,192.716,193.989,192.31,193.551
2015-07-23,193.568,193.927,191.942,192.248
2015-07-24,192.205,192.469,191.658,192.04
2015-07-27,191.903,192.21,191.019,191.772
2015-07-28,191.79,193.239,191.459,192.928
2015-07-29,192.875,194.176,192.574,193.37
2015-07-30,193.448,194.596,193.328,193.686
2015-07-31,193.697,194.009,193.171,193.46
2015-08-03,193.587,194.249,193.054,193.327
2015-08-04,193.324,193.834,193.054,193.581
2015-08-05,193.598,195.228,193.207,194.829
2015-08-06,194.785,195.262,193.132,193.489
2015-08-07,193.455,193.805,191.985,192.263
2015-08-10,192.385,194.466,192.341,194.325
2015-08-11,194.261,195.003,194.001,194.837
2015-08-12,194.89,195.038,193.431,193.923
2015-08-13,193.935,194.742,193.676,194.249
2015-08-14,194.223,194.592,193.849,194.4
2015-08-17,194.465,195.173,193.782,193.877
2015-08-18,193.843,195.281,193.54,194.827
2015-08-19,194.75,195.038,194.032,194.107
2015-08-20,194.166,194.553,193.301,193.614
2015-08-21,193.595,193.774,191.329,191.495
2015-08-24,191.276,191.459,183.263,186.823
2015-08-25,186.865,189.998,186.09,186.423
2015-08-26,186.543,188.102,184.164,185.437
2015-08-27,185.55,186.843,185.45,186.413
2015-08-28,186.508,187.401,185.384,187.248
2015-08-31,187.365,187.447,185.868,186.028
2015-09-01,186.045,186.244,182.542,182.7
2015-09-02,182.563,184.293,182.497,184.108
2015-09-03,184.098,184.724,182.692,183.195
2015-09-04,183.263,183.348,180.484,180.605
2015-09-07,180.475,182.534,180.441,182.205
2015-09-08,182.24,184.963,181.823,184.467
2015-09-09,184.508,186.436,184.459,185.218
2015-09-10,185.121,187.333,184.233,186.301
2015-09-11,186.325,186.881,185.703,186.015
2015-09-14,186.033,186.647,184.615,185.479
2015-09-15,185.425,186.108,184.223,184.773
2015-09-16,184.758,187.202,184.248,186.778
2015-09-17,186.858,188.335,186.709,187.112
2015-09-18,187.073,187.383,185.947,186.4
2015-09-21,186.468,187.329,186.024,186.951
2015-09-22,186.998,187.035,184.109,184.625
2015-09-23,184.553,184.67,182.926,183.354
2015-09-24,183.348,183.567,181.623,183.036
2015-09-25,183.065,184.436,182.668,182.9
2015-09-28,183.063,183.336,181.649,181.968
2015-09-29,181.906,182.527,180.96,181.409
2015-09-30,181.543,183.055,180.848,181.359
2015-10-01,181.323,182.041,181.091,181.467
2015-10-02,181.43,182.608,180.666,182.04
2015-10-05,182.285,183.21,181.9,182.444
2015-10-06,182.393,183.277,181.982,183.09
2015-10-07,183.073,184.056,182.506,183.847
2015-10-08,183.842,184.28,183.012,184.078
2015-10-09,184.073,184.856,183.959,184.203
2015-10-12,184.16,184.701,183.946,184.229
2015-10-13,184.172,184.362,181.846,182.596
2015-10-14,182.616,184.341,182.339,183.921
2015-10-15,183.923,184.374,182.768,183.928
2015-10-16,184.06,184.736,183.645,184.437
2015-10-19,184.435,185.106,183.844,184.811
2015-10-20,184.815,185.596,184.709,185.086
2015-10-21,185.123,185.571,184.733,184.913
2015-10-22,184.866,185.907,184.502,185.797
2015-10-23,185.803,186.326,185.26,185.974
2015-10-26,186.087,186.096,185.188,185.927
2015-10-27,185.86,185.885,183.938,184.296
2015-10-28,184.35,185.044,183.902,184.815
2015-10-29,184.725,185.559,184.099,185.443
2015-10-30,185.453,186.733,184.338,186.13
2015-11-02,186.08,186.977,185.562,186.16
2015-11-03,186.205,186.897,185.883,186.702
2015-11-04,186.718,187.322,186.486,187.034
2015-11-05,187.078,187.713,184.971,185.158
2015-11-06,185.168,185.828,184.308,185.315
2015-11-09,185.555,186.613,185.383,186.181
2015-11-10,186.19,186.513,185.896,186.204
2015-11-11,186.21,187.055,185.961,186.888
2015-11-12,186.938,187.517,186.553,186.773
2015-11-13,186.8,187.041,186.416,186.806
2015-11-16,186.445,187.466,186.008,187.252
2015-11-17,187.275,187.989,186.868,187.789
2015-11-18,187.768,188.391,187.291,188.375
2015-11-19,188.333,188.811,187.673,187.885
2015-11-20,187.875,188.096,186.433,186.433
2015-11-23,186.651,186.98,185.656,185.779
2015-11-24,185.835,186.012,184.331,184.801
2015-11-25,184.865,185.807,184.507,185.657
2015-11-26,185.613,185.669,184.663,185.103
2015-11-27,185.15,185.327,184.253,184.56
2015-11-30,184.658,185.663,184.36,185.35
2015-12-01,185.34,186.027,184.954,185.306
2015-12-02,185.305,185.645,183.977,184.269
2015-12-03,184.253,185.909,184.014,185.672
2015-12-04,185.64,186.271,185.132,186.043
2015-12-07,186.153,186.35,185.473,185.74
2015-12-08,185.735,185.749,183.768,184.495
2015-12-09,184.541,185.4,183.699,184.361
2015-12-10,184.488,184.981,183.377,184.295
2015-12-11,184.34,185.064,183.571,183.848
2015-12-14,184.205,184.396,182.127,183.269
2015-12-15,183.506,184.23,182.592,182.987
2015-12-16,182.963,183.747,182.453,183.372
2015-12-17,183.32,183.71,182.379,182.633
2015-12-18,182.52,183.952,180.421,180.488
2015-12-21,180.77,181.233,179.957,180.388
2015-12-22,180.36,180.626,179.031,179.522
2015-12-23,179.48,180.165,179.323,179.819
2015-12-24,179.756,179.98,178.969,179.45
2015-12-28,179.462,180.055,178.981,179.167
2015-12-29,179.148,179.554,178.129,178.477
2015-12-30,178.465,179.045,178.256,178.563
2015-12-31,178.523,178.719,176.971,177.194
2016-01-04,177.298,177.374,174.963,175.748
2016-01-05,175.723,176.169,174.095,174.722
2016-01-06,174.673,174.933,173.11,173.322
2016-01-07,173.355,173.769,170.763,172.007
2016-01-08,171.913,173.377,170.158,170.258
2016-01-11,169.908,172.288,169.347,171.257
2016-01-12,171.386,171.715,169.174,169.971
2016-01-13,169.933,171.297,169.509,169.534
2016-01-14,169.55,170.525,168.839,170.152
2016-01-15,170.263,170.578,166.25,166.8
2016-01-18,166.636,168.162,166.417,167.11
2016-01-19,167.09,169.106,166.34,166.555
2016-01-20,166.443,166.835,163.983,165.945
2016-01-21,165.923,167.722,164.462,167.382
2016-01-22,167.498,170.367,167.083,169.474
2016-01-25,169.4,170.013,168.314,168.556
2016-01-26,168.535,170.277,166.982,169.947
2016-01-27,169.938,170.032,168.569,168.931
2016-01-28,168.933,171.154,168.682,170.644
2016-01-29,170.615,174.181,170.096,172.514
2016-02-01,172.738,175.021,172.425,174.618
2016-02-02,174.61,174.626,172.753,172.876
2016-02-03,172.853,173.76,171.058,172.172
2016-02-04,172.178,172.479,170.039,170.376
2016-02-05,170.358,170.54,168.988,169.479
2016-02-08,169.558,170.636,165.972,167.191
2016-02-09,167.178,167.203,164.558,166.608
2016-02-10,166.563,167.642,164.432,164.601
2016-02-11,164.785,165.082,159.816,162.767
2016-02-12,162.728,164.782,161.675,164.155
2016-02-15,164.375,165.763,164.247,165.414
2016-02-16,165.43,166.093,162.445,163.193
2016-02-17,163.165,163.887,161.574,163.084
2016-02-18,163.138,163.972,162.051,162.346
2016-02-19,162.37,162.513,160.737,162.054
2016-02-22,160.963,161.567,159.141,159.743
2016-02-23,159.715,159.928,156.967,157.187
2016-02-24,157.227,157.319,154.72,156.24
2016-02-25,156.322,157.911,155.787,157.769
2016-02-26,157.763,158.563,157.208,158.067
2016-02-29,157.97,157.983,156.206,156.829
2016-03-01,156.813,159.532,156.18,159.072
2016-03-02,159.166,160.58,158.743,159.754
2016-03-03,159.788,161.299,159.661,161.187
2016-03-04,161.148,162.448,160.433,161.947
2016-03-07,161.925,162.234,160.38,161.843
2016-03-08,161.835,161.876,159.602,160.108
2016-03-09,160.102,161.363,159.483,161.137
2016-03-10,161.183,162.893,160.732,161.639
2016-03-11,161.657,164.105,161.064,163.745
2016-03-14,163.848,163.992,162.596,162.788
2016-03-15,162.681,162.957,159.551,160.155
2016-03-16,160.112,160.928,159.651,160.484
2016-03-17,160.7,161.587,159.017,161.313
2016-03-18,161.285,161.79,160.36,161.456
2016-03-21,161.325,161.414,160.145,160.867
2016-03-22,160.875,161.502,158.453,159.659
2016-03-23,159.64,160.026,158.54,158.603
2016-03-24,158.62,159.862,158.46,159.765
2016-03-25,159.752,160.203,159.355,159.805
2016-03-28,160.246,161.738,160.135,161.711
2016-03-29,161.766,162.51,161.342,162.085
2016-03-30,162.088,162.587,161.351,161.652
2016-03-31,161.598,162.031,160.898,161.655
2016-04-01,161.688,161.737,158.72,158.85
2016-04-04,158.7,159.592,158.174,158.815
2016-04-05,158.75,158.867,155.732,156.257
2016-04-06,156.223,156.662,154.529,155.046
2016-04-07,155.038,155.345,151.655,152.112
2016-04-08,152.083,154.242,151.949,152.815
2016-04-11,152.526,154.467,151.974,153.718
2016-04-12,153.67,155.527,153.504,154.932
2016-04-13,154.883,155.762,154.751,155.314
2016-04-14,155.333,155.38,153.9,154.856
2016-04-15,154.835,155.32,154.087,154.489
2016-04-18,153.703,155.716,152.525,155.376
2016-04-19,155.37,157.721,155.337,157.24
2016-04-20,157.273,157.885,156.203,157.428
2016-04-21,157.465,158.385,156.613,156.783
2016-04-22,156.728,161.269,156.526,161.128
2016-04-25,161.795,161.799,160.032,161.052
2016-04-26,161.058,162.707,160.464,162.306
2016-04-27,162.21,162.818,161.647,162.089
2016-04-28,162.078,162.582,157.081,157.944
2016-04-29,157.853,158.056,155.282,155.455
2016-05-02,155.113,156.666,155.077,156.137
2016-05-03,156.108,156.177,154.429,154.939
2016-05-04,154.975,156.228,154.42,155.119
2016-05-05,155.113,155.867,154.873,155.361
2016-05-06,155.358,155.631,153.64,154.512
2016-05-09,154.57,156.442,154.437,156.058
2016-05-10,156.155,157.927,156.073,157.799
2016-05-11,157.82,158.007,156.411,156.633
2016-05-12,156.653,158.494,156.263,157.537
2016-05-13,157.638,157.674,155.953,156.012
2016-05-16,155.933,157.096,155.678,157.018
2016-05-17,157.05,158.985,156.967,157.85
2016-05-18,157.852,160.888,157.025,160.869
2016-05-19,160.901,161.647,160.139,160.673
2016-05-20,160.614,161.065,159.53,159.775
2016-05-23,159.823,159.836,158.05,158.222
2016-05-24,158.179,161.055,158.104,160.98
2016-05-25,160.961,162.529,160.444,161.944
2016-05-26,162.007,162.182,160.726,161.034
2016-05-27,160.98,161.43,160.163,161.204
2016-05-30,161.252,162.899,161.234,162.675
2016-05-31,162.693,163.902,159.856,160.348
2016-06-01,160.293,160.669,157.227,157.913
2016-06-02,157.835,157.971,156.585,157.027
2016-06-03,157.017,157.279,154.583,154.702
2016-06-06,153.952,155.653,152.963,155.339
2016-06-07,155.385,157.977,155.007,156.155
2016-06-08,156.11,156.265,154.955,155.181
2016-06-09,155.298,155.316,153.654,154.822
2016-06-10,154.75,155.044,151.51,152.501
2016-06-13,152.238,152.409,149.473,151.614
2016-06-14,151.092,151.271,149.196,149.764
2016-06-15,149.445,151.185,149.371,150.578
2016-06-16,150.63,150.666,145.4,148.091
2016-06-17,148.128,149.929,148.086,149.5
2016-06-20,151.67,153.649,150.926,152.758
2016-06-21,152.262,154.4,151.918,153.479
2016-06-22,153.477,154.584,152.854,153.604
2016-06-23,154.365,158.267,153.361,157.96
2016-06-24,160.033,160.166,133.291,139.531
2016-06-27,136.753,137.873,133.343,134.903
2016-06-28,134.915,137.459,134.291,137.092
2016-06-29,137.115,139.025,135.874,138.071
2016-06-30,138.27,138.852,135.904,137.41
2016-07-01,137.375,137.692,135.768,136.09
2016-07-04,136.04,136.833,135.854,136.241
2016-07-05,136.261,136.29,132.033,132.486
2016-07-06,132.518,132.538,128.792,131.03
2016-07-07,131.055,131.955,129.583,130.073
2016-07-08,130.113,130.931,129.655,130.256
2016-07-11,130.318,133.767,130.166,133.623
2016-07-12,133.622,139.479,133.008,138.674
2016-07-13,138.743,139.518,136.917,137.356
2016-07-14,137.303,142.273,136.404,140.562
2016-07-15,140.595,143.242,137.837,138.159
2016-07-18,139.048,141.314,138.981,140.715
2016-07-19,140.747,141.09,138.489,139.135
2016-07-20,139.058,141.494,138.344,141.182
2016-07-21,142.023,142.407,139.095,140.023
2016-07-22,139.955,141.114,138.44,139.245
2016-07-25,139.39,140.145,138.77,139.026
2016-07-26,139.066,139.124,135.978,137.465
2016-07-27,137.418,139.942,137.417,139.359
2016-07-28,139.395,139.406,137.482,138.569
2016-07-29,138.545,139.36,134.927,135.055
2016-08-01,134.938,136.271,134.51,134.956
2016-08-02,135.005,135.58,133.91,134.77
2016-08-03,134.705,135.45,134.18,134.91
2016-08-04,134.865,135.26,132.56,132.66
2016-08-05,132.65,133.535,132.245,133.075
2016-08-08,133.315,134.025,133.205,133.595
2016-08-09,133.645,133.72,132.1,132.475
2016-08-10,132.45,132.835,131.565,131.79
2016-08-11,131.655,132.255,131.015,132.1
2016-08-12,132.085,132.54,130.37,130.78
2016-08-15,130.71,131.22,129.98,130.41
2016-08-16,130.425,130.895,129.19,130.86
2016-08-17,130.84,131.815,130.285,130.77
2016-08-18,130.725,132.275,130.035,131.525
2016-08-19,131.48,132.025,130.345,131.065
2016-08-22,131.5,132.16,131.15,131.805
2016-08-23,131.77,132.33,131.455,132.3
2016-08-24,132.29,133.305,131.98,132.915
2016-08-25,132.93,133.295,132.385,132.62
2016-08-26,132.595,133.885,132.38,133.78
2016-08-29,133.76,134.395,133.43,133.55
2016-08-30,133.575,134.88,133.345,134.66
2016-08-31,134.685,135.905,134.605,135.89
2016-09-01,135.9,138.04,135.41,136.98
2016-09-02,137.055,138.835,136.915,138.115
2016-09-05,138.44,138.51,137.335,137.605
2016-09-06,137.66,138.325,136.87,137.11
2016-09-07,137.095,137.13,135.405,135.735
2016-09-08,135.72,136.44,135.02,136.26
2016-09-09,136.245,137.145,135.74,136.255
2016-09-12,136.155,136.235,135.085,135.84
2016-09-13,135.8,136.085,134.48,135.32
2016-09-14,135.305,136.63,134.92,135.58
2016-09-15,135.59,136.15,134.615,135.2
2016-09-16,135.185,135.26,132.925,132.955
2016-09-19,132.9,133.48,132.445,132.825
2016-09-20,132.81,133.11,131.655,132.095
2016-09-21,132.155,133.275,130.415,130.76
2016-09-22,130.82,132.275,130.555,131.775
2016-09-23,131.85,132.3,130.455,130.81
2016-09-26,130.95,131.24,129.7,130.165
2016-09-27,130.175,131.225,129.64,130.8
2016-09-28,130.72,131.285,130.48,131.075
2016-09-29,131.025,132.44,130.685,131.02
2016-09-30,131.04,131.97,130.43,131.455
2016-10-03,131.035,131.506,130.077,130.544
2016-10-04,130.44,131.361,130.306,130.97
2016-10-05,130.94,132.236,130.504,131.956
2016-10-06,131.911,132.077,131.09,131.125
2016-10-07,131.205,131.26,120.328,127.971
2016-10-10,128.285,128.615,127.487,128.084
2016-10-11,128.106,128.378,124.833,125.479
2016-10-12,125.513,127.71,125.312,127.224
2016-10-13,127.138,127.483,125.925,127.076
2016-10-14,127.033,127.935,126.679,126.95
2016-10-17,126.847,127.102,126.261,126.565
2016-10-18,126.573,128.175,126.473,127.731
2016-10-19,127.696,127.897,126.607,127.084
2016-10-20,127.1,127.592,126.6,127.38
2016-10-21,127.453,127.69,126.127,126.998
2016-10-24,126.918,127.582,126.623,127.504
2016-10-25,127.463,127.951,126.604,127.036
2016-10-26,126.958,127.992,126.638,127.953
2016-10-27,127.903,128.431,127.426,128.064
2016-10-28,128.008,128.289,127.437,127.635
2016-10-31,127.3,128.498,127.292,128.324
2016-11-01,128.34,129.04,127.134,127.519
2016-11-02,127.448,127.51,126.726,127.096
2016-11-03,127.143,128.92,126.496,128.321
2016-11-04,128.303,129.459,128.27,129.088
2016-11-07,129.583,130.267,129.334,129.505
2016-11-08,129.53,130.362,129.277,130.181
2016-11-09,130.143,131.723,126.727,131.096
2016-11-10,131.37,134.333,130.301,134.118
2016-11-11,134.065,134.924,133.437,134.473
2016-11-14,134.3,135.638,134.216,135.421
2016-11-15,135.46,136.577,134.19,136.035
2016-11-16,136.003,136.773,135.638,135.722
2016-11-17,135.656,136.918,135.001,136.731
2016-11-18,136.775,137.592,135.414,136.895
2016-11-21,137,138.873,136.288,138.467
2016-11-22,138.408,138.847,137.633,138.067
2016-11-23,138.02,140.355,137.277,139.986
2016-11-24,139.783,141.303,139.675,141.145
2016-11-25,141.138,141.752,139.971,141.171
2016-11-28,140.73,140.858,138.871,138.968
2016-11-29,138.945,141.376,138.515,140.4
2016-11-30,140.412,143.264,139.979,143.143
2016-12-01,143.171,145.197,142.651,143.654
2016-12-02,143.668,144.666,142.92,144.412
2016-12-05,143.28,146.043,142.554,144.955
2016-12-06,144.912,145.63,144.168,144.546
2016-12-07,144.583,144.806,143.004,143.637
2016-12-08,143.49,144.479,143.095,143.522
2016-12-09,143.467,145.135,143.412,145.011
2016-12-12,145.303,146.381,144.917,145.81
2016-12-13,145.695,146.715,145.516,145.805
2016-12-14,145.84,147.308,145.206,147.048
2016-12-15,146.978,148.463,146.355,146.768
2016-12-16,146.88,147.337,146.27,147.275
2016-12-19,147.34,147.368,144.532,145.126
2016-12-20,145.178,146.361,144.935,145.752
2016-12-21,145.835,145.879,144.894,145.242
2016-12-22,145.163,145.596,144.323,144.36
2016-12-23,144.323,144.506,143.501,144.036
2016-12-27,143.816,144.269,143.601,144.089
2016-12-28,144.08,144.711,143.011,143.35
2016-12-29,143.125,143.326,142.178,142.923
2016-12-30,142.96,144.623,142.698,144.06
2017-01-02,144.206,144.994,144.157,144.333
2017-01-03,144.016,145.403,143.529,144.118
2017-01-04,144.068,144.96,143.692,144.514
2017-01-05,144.463,144.666,142.5,143.283
2017-01-06,143.248,144.059,142.994,143.694
2017-01-09,143.526,143.862,141.061,141.133
2017-01-10,140.938,141.455,140.186,140.975
2017-01-11,140.93,141.483,139.95,140.948
2017-01-12,140.95,141.021,138.927,139.503
2017-01-13,139.5,140.585,139.175,139.623
2017-01-16,137.818,138.158,136.466,137.585
2017-01-17,137.525,140.146,137.066,139.832
2017-01-18,139.783,140.687,139.141,140.576
2017-01-19,140.473,142.181,140.387,141.76
2017-01-20,141.746,142.078,141.176,141.848
2017-01-23,141.62,142.091,140.767,141.269
2017-01-24,141.215,142.522,140.781,142.469
2017-01-25,142.534,143.719,141.831,143.112
2017-01-26,143.195,144.535,142.895,144.228
2017-01-27,144.328,144.792,144.008,144.535
2017-01-30,144.432,144.629,141.677,142.049
2017-01-31,142.088,142.471,140.454,141.895
2017-02-01,141.997,144.134,141.676,143.358
2017-02-02,143.34,143.544,140.767,141.316
2017-02-03,141.367,141.983,140.384,140.498
2017-02-06,140.513,140.769,139.222,139.313
2017-02-07,139.335,140.617,138.545,140.605
2017-02-08,140.576,140.688,139.81,140.369
2017-02-09,140.35,141.816,140.085,141.514
2017-02-10,141.563,142.384,141.025,141.431
2017-02-13,141.87,142.624,141.838,142.472
2017-02-14,142.495,142.723,141.023,142.455
2017-02-15,142.442,142.818,141.845,142.259
2017-02-16,142.258,142.471,141.256,141.419
2017-02-17,141.45,141.948,139.636,140.103
2017-02-20,140.121,141.26,140.109,140.958
2017-02-21,140.95,141.872,140.865,141.802
2017-02-22,141.783,142.044,140.484,141.053
2017-02-23,141.095,141.556,140.688,141.397
2017-02-24,141.393,141.775,139.421,139.55
2017-02-27,139.903,140.38,139.024,140.233
2017-02-28,140.185,140.325,138.837,139.611
2017-03-01,139.692,140.742,139.581,139.814
2017-03-02,139.846,140.757,139.779,140.358
2017-03-03,140.358,140.507,139.609,140.172
2017-03-06,140.123,140.316,139.285,139.362
2017-03-07,139.328,139.641,138.735,139.059
2017-03-08,139.11,139.671,138.444,139.176
2017-03-09,139.248,140.039,139.083,139.847
2017-03-10,139.698,140.542,139.568,139.727
2017-03-13,139.566,140.499,139.512,140.379
2017-03-14,140.363,140.429,139.164,139.455
2017-03-15,139.478,140.625,139.133,139.369
2017-03-16,139.372,140.19,138.568,140.067
2017-03-17,140.093,140.469,139.164,139.702
2017-03-20,139.58,140.149,138.899,139.098
2017-03-21,139.095,140.419,138.922,139.402
2017-03-22,139.37,139.523,137.765,138.793
2017-03-23,138.813,139.332,138.305,138.912
2017-03-24,138.91,139.166,138.311,138.865
2017-03-27,138.673,139.112,138.056,138.987
2017-03-28,138.964,139.398,138.047,138.374
2017-03-29,138.355,138.516,137.526,138.065
2017-03-30,138.041,139.611,137.752,139.532
2017-03-31,139.423,140.098,138.981,139.85
2017-04-03,139.793,139.907,138.31,138.464
2017-04-04,138.467,138.509,137.094,137.76
2017-04-05,137.805,139.051,137.46,138.198
2017-04-06,138.183,138.719,137.722,138.172
2017-04-07,138.197,138.347,137.005,137.538
2017-04-10,137.505,138.271,137.445,137.749
2017-04-11,137.685,137.744,136.848,136.921
2017-04-12,136.96,137.346,136.526,136.71
2017-04-13,136.903,137.123,136.348,136.412
2017-04-14,136.443,136.633,135.982,136.11
2017-04-17,136.091,136.984,135.604,136.846
2017-04-18,137.065,140.043,136.152,139.231
2017-04-19,139.31,140.193,138.935,139.091
2017-04-20,139.055,140.349,139.034,140.075
2017-04-21,140.107,140.159,139.198,139.843
2017-04-24,141.531,141.73,140.198,140.447
2017-04-25,140.335,142.687,140.061,142.665
2017-04-26,142.638,143.513,142.337,142.687
2017-04-27,142.65,143.896,142.611,143.567
2017-04-28,143.55,144.504,143.313,144.449
2017-05-01,144.09,144.631,143.809,144.134
2017-05-02,144.113,145.126,144.095,144.919
2017-05-03,144.927,145.364,144.519,145.089
2017-05-04,145.013,145.732,144.666,145.339
2017-05-05,145.352,146.456,144.816,146.273
2017-05-08,146.625,146.689,145.664,146.553
2017-05-09,146.553,147.881,146.451,147.43
2017-05-10,147.469,148.112,147.128,147.87
2017-05-11,147.923,147.953,146.144,146.721
2017-05-12,146.697,146.799,145.808,146.115
2017-05-15,145.898,147.009,145.863,146.728
2017-05-16,146.583,147.128,145.827,146.113
2017-05-17,146.07,146.119,143.651,143.758
2017-05-18,143.59,144.836,143.361,144.25
2017-05-19,144.267,145.39,143.832,145.036
2017-05-22,144.685,145.092,144.137,144.699
2017-05-23,144.66,145.151,143.77,144.879
2017-05-24,144.913,145.418,144.512,144.632
2017-05-25,144.678,145.449,144.554,144.748
2017-05-26,144.657,144.771,142.135,142.583
2017-05-29,142.5,143.085,142.384,142.871
2017-05-30,142.822,143.099,141.833,142.534
2017-05-31,142.528,142.913,141.493,142.793
2017-06-01,142.683,143.71,142.528,143.465
2017-06-02,143.503,143.958,142.026,142.385
2017-06-05,142.063,143.1,141.968,142.53
2017-06-06,142.551,142.668,140.722,141.263
2017-06-07,141.198,142.385,140.75,142.317
2017-06-08,142.378,142.773,141.748,142.502
2017-06-09,139.818,141.163,139.536,140.628
2017-06-12,140.613,140.807,138.675,139.173
2017-06-13,139.105,140.404,139.056,140.372
2017-06-14,140.338,140.908,139.112,139.736
2017-06-15,139.773,141.592,139.2,141.532
2017-06-16,141.47,142.344,141.357,141.632
2017-06-19,141.683,142.344,141.403,142.056
2017-06-20,142.073,142.55,140.593,140.763
2017-06-21,140.793,141.766,139.855,141.126
2017-06-22,141.086,141.255,140.477,141.18
2017-06-23,141.171,141.894,141.022,141.554
2017-06-26,141.679,142.374,141.642,142.322
2017-06-27,142.268,144.226,141.97,143.975
2017-06-28,143.918,145.525,143.27,145.169
2017-06-29,145.153,146.537,145.127,145.91
2017-06-30,145.813,146.555,145.143,146.401
2017-07-03,146.038,146.938,145.903,146.732
2017-07-04,146.808,146.887,145.989,146.352
2017-07-05,146.393,146.806,146.017,146.509
2017-07-06,146.498,147.279,146.058,146.864
2017-07-07,146.833,147.616,146.467,146.906
2017-07-10,146.808,147.455,146.712,146.895
2017-07-11,146.893,147.782,146.174,146.379
2017-07-12,146.383,146.432,145.272,145.807
2017-07-13,145.82,146.874,145.557,146.58
2017-07-14,146.61,147.59,146.016,147.419
2017-07-17,147.41,147.614,146.762,147.026
2017-07-18,147.051,147.33,145.401,146.138
2017-07-19,146.141,146.332,145.263,145.815
2017-07-20,145.703,146.291,144.702,145.183
2017-07-21,145.165,145.333,144.062,144.442
2017-07-24,144.402,145.025,144.032,144.736
2017-07-25,144.77,145.898,144.47,145.737
2017-07-26,145.753,146.422,145.495,145.881
2017-07-27,145.846,146.566,145.133,145.351
2017-07-28,145.373,145.783,145.021,145.334
2017-07-31,145.32,145.846,144.82,145.711
2017-08-01,145.648,146.172,145.411,145.718
2017-08-02,145.703,146.766,145.68,146.41
2017-08-03,146.424,146.805,144.39,144.585
2017-08-04,144.518,145.323,144.235,144.357
2017-08-07,144.392,144.722,144.191,144.368
2017-08-08,144.38,144.469,143.187,143.335
2017-08-09,143.338,143.386,142.279,143.146
2017-08-10,143.067,143.339,141.65,141.719
2017-08-11,141.66,142.106,141.256,142.094
2017-08-14,141.855,142.744,141.768,142.121
2017-08-15,142.148,143.197,141.979,142.432
2017-08-16,142.383,143.1,141.729,142.058
2017-08-17,141.995,142.046,140.861,140.98
2017-08-18,141,141.098,139.794,140.569
2017-08-21,140.581,140.853,140.111,140.571
2017-08-22,140.505,141.045,140.064,140.509
2017-08-23,140.505,140.801,139.44,139.575
2017-08-24,139.523,140.445,139.31,140.236
2017-08-25,140.205,140.892,140.151,140.871
2017-08-28,141.06,141.426,140.443,141.292
2017-08-29,140.923,142.004,140.016,141.745
2017-08-30,141.716,142.78,141.589,142.486
2017-08-31,142.506,142.909,141.552,142.193
2017-09-01,142.157,143.035,142.109,142.799
2017-09-04,141.978,142.507,141.59,141.913
2017-09-05,141.773,141.934,141.193,141.804
2017-09-06,141.688,142.685,141.373,142.46
2017-09-07,142.464,142.683,141.489,142.104
2017-09-08,142.04,142.552,141.346,142.308
2017-09-11,142.688,144.178,142.636,144.019
2017-09-12,144.015,146.541,143.919,146.344
2017-09-13,146.237,146.668,145.66,145.959
2017-09-14,145.915,148.347,145.201,147.703
2017-09-15,147.668,151.549,146.636,150.676
2017-09-18,150.64,151.519,150.149,150.567
2017-09-19,150.54,151.596,150.135,150.692
2017-09-20,150.643,152.181,150.471,151.424
2017-09-21,151.43,152.862,151.426,152.748
2017-09-22,152.754,152.796,150.682,151.195
2017-09-25,151.343,152.275,149.752,150.474
2017-09-26,150.437,151.08,149.99,151.066
2017-09-27,151.066,151.607,150.532,151.048
2017-09-28,151.024,151.581,150.471,151.013
2017-09-29,150.994,151.285,150.203,150.773
2017-10-02,150.583,150.973,149.281,149.721
2017-10-03,149.675,150.244,149.297,149.391
2017-10-04,149.438,149.909,149.042,149.375
2017-10-05,149.328,149.461,147.686,148.011
2017-10-06,148.025,148.047,147.047,147.213
2017-10-09,147.337,148.554,146.96,148.077
2017-10-10,148.052,148.524,147.74,148.466
2017-10-11,148.438,148.855,147.849,148.769
2017-10-12,148.725,149.166,147.299,148.902
2017-10-13,148.904,149.268,148.456,148.635
2017-10-16,148.867,148.971,148.172,148.672
2017-10-17,148.634,149.069,147.783,147.997
2017-10-18,147.943,149.136,147.904,149.132
2017-10-19,149.148,149.441,147.918,148.09
2017-10-20,148.11,149.833,148.003,149.708
2017-10-23,150.123,150.499,149.482,149.716
2017-10-24,149.673,150.094,149.138,149.612
2017-10-25,149.628,151.398,149.285,150.833
2017-10-26,150.8,150.904,149.771,150.018
2017-10-27,150.026,150.048,148.908,149.242
2017-10-30,149.338,150.018,149.178,149.493
2017-10-31,149.495,151.07,149.201,150.941
2017-11-01,150.975,151.945,150.957,151.239
2017-11-02,151.207,151.558,148.665,148.993
2017-11-03,149,149.539,148.711,149.135
2017-11-06,149.148,149.903,149.107,149.767
2017-11-07,149.801,150.33,149.659,150.12
2017-11-08,150.074,150.111,148.544,149.36
2017-11-09,149.291,149.698,148.449,149.158
2017-11-10,149.193,150.004,148.843,149.767
2017-11-13,149.623,149.703,148.059,149.034
2017-11-14,148.967,149.581,148.621,149.371
2017-11-15,149.302,149.396,148.106,148.682
2017-11-16,148.595,149.461,148.543,149.173
2017-11-17,149.167,149.322,147.936,148.2
2017-11-20,148.25,149.239,147.638,149.048
2017-11-21,149.103,149.374,148.619,148.858
2017-11-22,148.935,148.979,148.02,148.224
2017-11-23,148.183,148.483,147.816,148.043
2017-11-24,147.953,148.989,147.953,148.712
2017-11-27,148.645,148.872,147.842,147.972
2017-11-28,147.988,149.29,146.981,148.702
2017-11-29,148.705,150.443,148.677,150.07
2017-11-30,150.1,152.415,150.061,152.219
2017-12-01,152.288,152.486,150.589,151.245
2017-12-04,151.473,152.954,151.243,151.516
2017-12-05,151.557,151.818,150.528,151.381
2017-12-06,151.378,151.398,149.762,150.392
2017-12-07,150.372,152.471,150.154,152.368
2017-12-08,152.398,153.413,151.637,152.062
2017-12-11,151.925,152.349,151.24,151.495
2017-12-12,151.45,151.763,151.031,151.223
2017-12-13,151.235,151.517,150.465,151.019
2017-12-14,151.008,151.915,150.635,150.952
2017-12-15,150.955,151.027,149.419,149.999
2017-12-18,150.125,151.035,149.87,150.636
2017-12-19,150.652,151.275,150.373,151.105
2017-12-20,151.092,152.018,151.083,151.674
2017-12-21,151.643,151.922,151.275,151.703
2017-12-22,151.653,151.871,151.365,151.366
2017-12-26,151.536,151.592,151.193,151.444
2017-12-27,151.413,152.096,151.343,151.874
2017-12-28,151.833,152.006,151.502,151.747
2017-12-29,151.835,152.518,151.539,152.136
2018-01-02,152.359,152.745,151.87,152.593
2018-01-03,152.676,152.829,151.759,152.052
2018-01-04,152.043,152.983,152.021,152.788
2018-01-05,152.76,153.646,152.749,153.509
2018-01-08,153.34,153.678,152.877,153.47
2018-01-09,153.457,153.577,151.946,152.542
2018-01-10,152.52,152.605,150.365,150.528
2018-01-11,150.5,151.01,150.2,150.635
2018-01-12,150.624,152.68,150.571,152.465
2018-01-15,152.521,152.81,151.936,152.475
2018-01-16,152.473,153.105,152.052,152.346
2018-01-17,152.401,154.289,152.151,153.912
2018-01-18,153.925,154.584,153.625,154.382
2018-01-19,154.328,154.46,153.113,153.425
2018-01-22,153.651,155.26,153.504,155.158
2018-01-23,155.075,155.405,153.733,154.425
2018-01-24,154.428,155.74,154.133,155.55
2018-01-25,155.418,156.092,154.43,154.694
2018-01-26,154.795,155.86,153.434,153.757
2018-01-29,153.712,154.027,152.828,153.337
2018-01-30,153.34,154.094,151.975,153.876
2018-01-31,153.859,155.353,153.566,154.977
2018-02-01,154.991,156.451,154.957,156.052
2018-02-02,156.175,156.614,155.421,155.503
2018-02-05,155.52,155.553,152.244,152.244
2018-02-06,152.298,152.917,151.21,152.814
2018-02-07,152.814,153.125,151.328,151.754
2018-02-08,151.658,154.049,150.83,151.299
2018-02-09,151.396,152.757,148.924,150.45
2018-02-12,150.383,150.833,149.667,150.364
2018-02-13,150.316,150.626,148.983,149.807
2018-02-14,149.725,150.034,147.97,149.807
2018-02-15,149.837,150.187,148.935,149.625
2018-02-16,149.66,149.969,148.783,149.04
2018-02-19,149.128,149.474,148.883,149.225
2018-02-20,149.223,150.387,149.076,150.213
2018-02-21,150.176,150.937,149.424,150.003
2018-02-22,149.818,149.944,148.544,148.985
2018-02-23,149.001,149.522,148.651,149.28
2018-02-26,149.601,150.016,149,149.361
2018-02-27,149.355,149.82,148.845,149.284
2018-02-28,149.31,149.524,146.727,146.797
2018-03-01,146.76,147.49,146.013,146.358
2018-03-02,146.373,146.451,144.992,145.932
2018-03-05,145.854,147.123,145.086,147.084
2018-03-06,147.04,148.019,146.559,147.384
2018-03-07,147.435,147.575,146.234,147.416
2018-03-08,147.435,147.667,146.37,146.719
2018-03-09,146.653,148.549,146.651,147.982
2018-03-12,147.838,148.217,147.419,147.977
2018-03-13,147.984,149.385,147.772,148.801
2018-03-14,148.843,149.169,147.754,148.444
2018-03-15,148.433,148.508,147.45,148.217
2018-03-16,148.193,148.249,147.254,147.802
2018-03-19,147.75,149.691,147.054,148.795
2018-03-20,148.755,149.798,148.582,149.133
2018-03-21,149.138,150.316,148.958,149.966
2018-03-22,150.023,150.208,148.276,148.409
2018-03-23,148.54,148.976,147.678,147.983
2018-03-26,147.923,150.114,147.922,149.981
2018-03-27,150.003,150.502,148.939,149.129
2018-03-28,149.146,150.598,149.116,150.385
2018-03-29,150.388,150.466,149.029,149.174
2018-03-30,149.325,149.473,148.845,148.966
2018-04-02,149.192,149.679,148.388,148.722
2018-04-03,148.735,149.962,148.497,149.867
2018-04-04,149.945,150.433,148.804,150.354
2018-04-05,150.319,150.693,149.964,150.375
2018-04-06,150.365,151.229,149.893,150.627
2018-04-09,150.683,151.498,150.5,150.865
2018-04-10,150.9,152.141,150.714,151.97
2018-04-11,151.998,152.25,151.284,151.412
2018-04-12,151.445,152.885,151.174,152.706
2018-04-13,152.739,153.857,152.591,152.827
2018-04-16,153.15,153.765,152.657,153.583
2018-04-17,153.583,153.758,152.788,152.897
2018-04-18,152.917,153.633,152.065,152.305
2018-04-19,152.333,152.96,151.092,151.249
2018-04-20,151.24,151.706,150.693,150.794
2018-04-23,150.93,151.648,150.761,151.543
2018-04-24,151.551,152.607,151.412,152.107
2018-04-25,152.123,152.573,152.085,152.43
2018-04-26,152.387,152.733,151.978,152.129
2018-04-27,152.106,152.284,150.258,150.296
2018-04-30,150.276,150.847,149.842,150.466
2018-05-01,150.506,150.633,149.152,149.612
2018-05-02,149.595,150.131,149.012,149.136
2018-05-03,149.067,149.469,147.605,148.249
2018-05-04,148.233,148.299,147.066,147.611
2018-05-07,147.695,148.271,147.347,147.91
2018-05-08,147.893,148.084,147.055,147.841
2018-05-09,147.825,149.2,147.727,148.672
2018-05-10,148.635,149.313,147.483,147.898
2018-05-11,147.885,148.494,147.586,148.148
2018-05-14,148.163,149.073,147.998,148.647
2018-05-15,148.725,149.205,148.38,149.045
2018-05-16,149.045,149.081,148.188,148.921
2018-05-17,149.025,149.841,148.995,149.711
2018-05-18,149.693,150.015,149.093,149.116
2018-05-21,149.428,149.658,148.817,149.099
2018-05-22,149.145,149.731,148.77,148.975
2018-05-23,148.965,149.019,145.949,146.919
2018-05-24,146.873,147.274,145.693,146.197
2018-05-25,146.274,146.73,145.284,145.552
2018-05-28,146.05,146.206,145.324,145.639
2018-05-29,145.6,145.716,143.2,144.102
2018-05-30,144.14,145.06,143.602,144.697
2018-05-31,144.645,145.315,144.131,144.685
2018-06-01,144.643,146.309,144.497,146.205
2018-06-04,146.113,146.902,145.844,146.191
2018-06-05,146.185,147.109,146.043,147.046
2018-06-06,147.146,148.012,147.103,147.796
2018-06-07,147.784,148.12,146.909,147.257
2018-06-08,147.208,147.446,146.099,146.854
2018-06-11,146.665,147.849,146.595,147.227
2018-06-12,147.223,147.993,147.123,147.597
2018-06-13,147.628,147.899,147.215,147.59
2018-06-14,147.594,147.857,146.652,146.73
2018-06-15,146.735,147.074,146.299,146.933
2018-06-18,146.968,147.018,146.107,146.419
2018-06-19,146.438,146.475,144.388,144.993
2018-06-20,145.01,145.626,144.591,145.351
2018-06-21,145.383,146.224,144.597,145.619
2018-06-22,145.71,146.654,145.502,145.833
2018-06-25,145.78,146.193,144.701,145.798
2018-06-26,145.776,145.796,144.975,145.542
2018-06-27,145.462,145.663,144.524,144.597
2018-06-28,144.616,144.685,143.775,144.501
2018-06-29,144.495,146.335,144.348,146.307
2018-07-02,145.975,146.498,145.19,145.738
2018-07-03,145.725,146.389,145.288,145.896
2018-07-04,145.863,146.372,145.573,146.187
2018-07-05,146.233,146.876,145.844,146.305
2018-07-06,146.28,146.823,146.125,146.769
2018-07-09,147.065,147.619,146.104,146.978
2018-07-10,146.913,147.795,146.834,147.359
2018-07-11,147.348,148.137,146.807,147.903
2018-07-12,147.898,148.901,147.797,148.644
2018-07-13,148.591,148.737,147.646,148.684
2018-07-16,148.535,149.318,148.523,148.614
2018-07-17,148.651,149.096,147.59,148.049
2018-07-18,147.955,148.235,146.87,147.515
2018-07-19,147.488,147.613,146.17,146.377
2018-07-20,146.353,146.666,145.981,146.351
2018-07-23,146.21,146.44,145.681,145.898
2018-07-24,145.878,146.332,145.461,146.157
2018-07-25,146.113,146.527,145.775,146.373
2018-07-26,146.511,146.519,145.769,145.801
2018-07-27,145.808,145.825,145.274,145.517
2018-07-30,145.425,145.931,145.39,145.856
2018-07-31,145.84,147.015,145.369,146.793
2018-08-01,146.714,147.151,146.318,146.653
2018-08-02,146.646,146.663,145.003,145.345
2018-08-03,145.343,145.552,144.516,144.654
2018-08-06,144.56,144.741,144.048,144.202
2018-08-07,144.185,144.443,143.813,144.119
2018-08-08,144.123,144.283,142.733,142.958
2018-08-09,142.98,143.498,142.355,142.452
2018-08-10,142.487,142.566,140.943,141.422
2018-08-13,140.893,141.841,140.246,141.35
2018-08-14,141.235,142.484,141.01,141.42
2018-08-15,141.47,141.775,139.901,140.616
2018-08-16,140.591,141.331,140.212,141.063
2018-08-17,141.047,141.173,140.232,140.89
2018-08-20,140.92,141.227,140.725,140.858
2018-08-21,140.868,142.69,140.67,142.31
2018-08-22,142.248,142.804,142.006,142.74
2018-08-23,142.79,143.016,142.431,142.553
2018-08-24,142.646,143.246,142.529,142.914
2018-08-27,143.003,143.289,142.536,143.216
2018-08-28,143.229,143.672,143.051,143.118
2018-08-29,143.093,145.571,142.828,145.481
2018-08-30,145.457,145.69,144.387,144.417
2018-08-31,144.515,144.706,143.501,143.993
2018-09-03,143.538,143.724,142.844,142.949
2018-09-04,142.93,143.388,142.598,143.222
2018-09-05,143.26,144.97,142.659,143.938
2018-09-06,143.94,144.257,142.947,143.188
2018-09-07,143.12,144.438,142.613,143.423
2018-09-10,143.48,145.035,143.077,144.751
2018-09-11,144.75,145.926,144.351,145.473
2018-09-12,145.385,145.672,144.681,145.163
2018-09-13,145.158,146.821,145.022,146.704
2018-09-14,146.701,147.023,146.264,146.485
2018-09-17,146.468,147.469,146.321,147.19
2018-09-18,147.188,147.919,146.787,147.739
2018-09-19,147.756,148.542,147.202,147.587
2018-09-20,147.603,149.294,147.349,149.283
2018-09-21,149.308,149.719,146.991,147.129
2018-09-24,147.11,148.305,146.951,147.975
2018-09-25,147.958,149.028,147.814,148.93
2018-09-26,148.883,149.1,148.286,148.409
2018-09-27,148.408,148.736,147.598,148.295
2018-09-28,148.298,148.649,147.545,148.16
2018-10-01,148.308,149.433,148.181,148.587
2018-10-02,148.643,148.727,147.199,147.51
2018-10-03,147.458,148.591,147.273,148.221
2018-10-04,148.265,148.64,147.707,148.337
2018-10-05,148.303,149.274,148.084,149.196
2018-10-08,149.33,149.516,147.5,148.233
2018-10-09,148.133,148.757,147.352,148.467
2018-10-10,148.453,149.308,148.065,148.13
2018-10-11,148.057,148.785,147.818,148.387
2018-10-12,148.323,149.011,147.167,147.583
2018-10-15,146.985,147.429,146.513,147.005
2018-10-16,147.022,148.41,146.979,148.018
2018-10-17,147.98,148.257,147.059,147.745
2018-10-18,147.68,147.75,145.817,146.068
2018-10-19,146.078,147.341,146.038,147.115
2018-10-22,147.133,147.586,146.051,146.294
2018-10-23,146.283,146.411,145.294,145.993
2018-10-24,145.958,146.31,144.438,144.589
2018-10-25,144.521,145.039,144.03,144.09
2018-10-26,144.131,144.163,142.775,143.556
2018-10-29,143.518,144.409,143.346,143.758
2018-10-30,143.807,144.397,143.22,143.761
2018-10-31,143.765,145.139,143.625,144.178
2018-11-01,144.165,146.898,144.03,146.555
2018-11-02,146.573,147.262,146.291,146.769
2018-11-05,147.24,147.813,146.856,147.613
2018-11-06,147.641,148.713,147.305,148.574
2018-11-07,148.513,149.235,148.334,149.013
2018-11-08,149.07,149.493,148.61,148.986
2018-11-09,149.063,149.063,147.504,147.623
2018-11-12,147.18,147.583,146.076,146.281
2018-11-13,146.25,148.736,145.998,147.682
2018-11-14,147.525,148.432,146.33,147.619
2018-11-15,147.637,147.932,144.256,145.165
2018-11-16,145.073,145.453,144.605,144.76
2018-11-19,144.915,145.323,144.299,144.649
2018-11-20,144.673,144.921,144.024,144.219
2018-11-21,144.138,144.895,144.071,144.488
2018-11-22,144.485,145.96,144.263,145.456
2018-11-23,145.428,145.535,144.354,144.773
2018-11-26,144.834,145.745,144.648,145.583
2018-11-27,145.538,145.58,144.602,145.047
2018-11-28,144.975,145.843,144.867,145.796
2018-11-29,145.803,145.818,144.52,145.11
2018-11-30,145.073,145.295,144.633,144.669
2018-12-03,144.823,145.518,144.183,144.622
2018-12-04,144.555,144.766,142.846,143.435
2018-12-05,143.41,144.545,143.278,144.138
2018-12-06,144.095,144.174,143.254,144.026
2018-12-07,144.03,144.228,143.24,143.442
2018-12-10,143.248,143.719,141.179,142.37
2018-12-11,142.348,142.94,141.517,141.597
2018-12-12,141.663,143.454,141.528,143.066
2018-12-13,142.96,143.941,142.951,143.734
2018-12-14,143.792,143.895,142.383,142.704
2018-12-17,142.694,143.245,142.162,142.384
2018-12-18,142.423,142.662,141.94,142.22
2018-12-19,142.278,142.541,141.587,141.842
2018-12-20,141.918,142.117,140.586,140.87
2018-12-21,140.894,141.171,140.245,140.593
2018-12-24,140.383,140.854,140.088,140.372
2018-12-26,140.113,140.877,139.751,140.692
2018-12-27,140.67,140.857,139.731,140.385
2018-12-28,140.36,140.383,139.504,140.054
2018-12-31,140.088,140.884,139.53,139.73
2019-01-02,139.897,139.897,137.267,137.285
2019-01-03,137.178,137.2,130.334,136.003
2019-01-04,136.049,138.309,135.814,138.111
2019-01-07,138.063,138.964,137.614,138.923
2019-01-08,138.916,139.446,137.979,138.279
2019-01-09,138.252,139.111,137.761,138.338
2019-01-10,138.388,138.536,137.452,138.24
2019-01-11,138.31,139.49,137.643,139.305
2019-01-14,139.485,140.063,138.606,139.187
2019-01-15,139.168,140.438,137.372,139.772
2019-01-16,139.8,140.71,138.992,140.55
2019-01-17,140.474,142.223,139.518,141.878
2019-01-18,141.848,142.087,141.095,141.317
2019-01-21,141.309,141.536,140.689,141.395
2019-01-22,141.39,141.938,140.629,141.723
2019-01-23,141.725,143.565,141.641,143.247
2019-01-24,143.222,143.554,142.718,143.249
2019-01-25,143.223,144.848,143.1,144.601
2019-01-28,144.585,144.738,143.605,143.897
2019-01-29,143.81,144.491,142.742,142.957
2019-01-30,142.828,143.604,142.737,143.02
2019-01-31,142.945,143.219,142.245,142.744
2019-02-01,142.678,143.503,142.08,143.25
2019-02-04,143.253,144.18,143.112,143.275
2019-02-05,143.28,143.573,142.039,142.39
2019-02-06,142.303,142.521,141.758,142.244
2019-02-07,142.443,142.633,141.133,142.239
2019-02-08,142.348,142.525,141.851,142.073
2019-02-11,142.038,142.563,141.866,141.902
2019-02-12,141.932,142.641,141.875,142.427
2019-02-13,142.468,143.338,142.392,142.595
2019-02-14,142.583,143.038,141.301,141.447
2019-02-15,141.425,142.408,141.012,142.35
2019-02-18,142.57,143.03,142.493,142.978
2019-02-19,142.919,144.705,142.483,144.516
2019-02-20,144.49,145.051,144.129,144.671
2019-02-21,144.598,144.934,144.085,144.366
2019-02-22,144.278,144.755,143.786,144.509
2019-02-25,144.576,145.675,144.462,145.454
2019-02-26,145.76,147.065,145.407,146.544
2019-02-27,146.518,148.049,146.168,147.722
2019-02-28,147.713,148.27,146.986,147.73
2019-03-01,147.745,148.574,147.524,147.766
2019-03-04,148.165,148.313,147.11,147.295
2019-03-05,147.246,147.791,146.605,147.456
2019-03-06,147.405,147.419,146.701,147.206
2019-03-07,147.155,147.285,145.79,145.998
2019-03-08,146.035,146.187,144.32,144.687
2019-03-11,144.21,146.506,143.732,146.246
2019-03-12,146.293,147.803,144.585,145.577
2019-03-13,145.403,148.738,145.368,148.272
2019-03-14,148.161,148.88,147.39,147.91
2019-03-15,147.745,148.382,147.429,148.196
2019-03-18,148.235,148.393,147.022,147.699
2019-03-19,147.665,148.06,147.526,147.812
2019-03-20,147.738,148.091,145.887,146.124
2019-03-21,146.028,146.399,144.14,145.218
2019-03-22,145.338,145.755,144.538,145.206
2019-03-25,145.393,145.808,144.635,145.104
2019-03-26,145.025,146.474,145.006,146.125
2019-03-27,146.075,146.515,145.532,145.758
2019-03-28,145.81,145.97,144.249,144.295
2019-03-29,144.319,145.497,143.828,144.469
2019-04-01,144.82,146.355,144.393,145.903
2019-04-02,145.348,146.449,144.935,146.192
2019-04-03,146.28,147.198,146.031,146.713
2019-04-04,146.713,146.964,145.683,146.003
2019-04-05,145.96,146.559,145.109,145.631
2019-04-08,145.52,145.781,145.106,145.616
2019-04-09,145.6,146.062,144.79,145.037
2019-04-10,145.04,145.728,144.962,145.299
2019-04-11,145.236,145.958,145.12,145.771
2019-04-12,145.768,147.017,145.714,146.42
2019-04-15,146.568,147.003,146.354,146.764
2019-04-16,146.67,146.76,146.015,146.169
2019-04-17,146.165,146.306,145.843,146.092
2019-04-18,146.133,146.139,145.293,145.421
2019-04-19,145.458,145.582,145.351,145.459
2019-04-22,145.416,145.516,145.222,145.31
2019-04-23,145.288,145.632,144.59,144.725
2019-04-24,144.685,145.025,144.404,144.752
2019-04-25,144.722,144.883,143.786,144.042
2019-04-26,143.98,144.462,143.774,144.173
2019-04-29,144.183,144.722,144.05,144.455
2019-04-30,144.455,145.385,144.053,145.285
2019-05-01,145.27,145.703,145.221,145.401
2019-05-02,145.343,145.92,145.092,145.341
2019-05-03,145.328,146.511,144.811,146.378
2019-05-06,145.599,145.948,144.993,145.081
2019-05-07,144.885,145.371,143.867,144.165
2019-05-08,144.11,144.203,143.041,143.19
2019-05-09,143.159,143.25,142.234,142.773
2019-05-10,142.848,143.243,142.516,142.954
2019-05-13,142.779,142.874,141.208,141.637
2019-05-14,141.631,142.179,141.372,141.444
2019-05-15,141.528,141.649,140.206,140.751
2019-05-16,140.693,140.796,140.205,140.56
2019-05-17,140.568,140.687,139.551,139.986
2019-05-20,140.238,140.535,139.703,140.033
2019-05-21,140.12,141.747,139.654,140.392
2019-05-22,140.415,140.706,139.318,139.737
2019-05-23,139.64,139.725,138.535,138.731
2019-05-24,138.78,139.496,138.513,138.945
2019-05-27,139.125,139.646,138.682,138.876
2019-05-28,138.843,139.016,138.293,138.389
2019-05-29,138.398,138.586,137.874,138.38
2019-05-30,138.428,138.738,138.062,138.206
2019-05-31,138.151,138.246,136.636,136.774
2019-06-03,136.825,137.125,136.62,136.862
2019-06-04,136.835,137.475,136.562,137.324
2019-06-05,137.325,137.788,137.205,137.587
2019-06-06,137.558,137.813,136.995,137.609
2019-06-07,137.558,138.169,137.484,137.808
2019-06-10,138.044,138.262,137.483,137.563
2019-06-11,137.555,138.33,137.502,138.077
2019-06-12,138.038,138.247,137.563,137.682
2019-06-13,137.636,137.787,137.107,137.366
2019-06-14,137.378,137.428,136.517,136.721
2019-06-17,136.653,136.937,136.007,136.053
2019-06-18,136.045,136.253,135.381,136.185
2019-06-19,136.153,137.01,135.787,136.665
2019-06-20,136.593,137.188,136.203,136.32
2019-06-21,136.283,136.844,135.947,136.781
2019-06-24,136.711,137.134,136.49,136.691
2019-06-25,136.64,136.847,135.811,135.988
2019-06-26,136.043,136.898,135.917,136.772
2019-06-27,136.768,137.339,136.424,136.601
2019-06-28,136.578,137.207,136.277,136.936
2019-07-01,137.345,137.793,136.742,137.065
2019-07-02,137.075,137.139,135.869,135.876
2019-07-03,135.896,135.938,135.175,135.55
2019-07-04,135.663,135.721,135.444,135.619
2019-07-05,135.635,136.048,135.489,135.904
2019-07-08,135.838,136.135,135.547,136.084
2019-07-09,136.067,136.284,135.396,135.662
2019-07-10,135.655,136.058,135.49,135.613
2019-07-11,135.598,136.057,135.087,135.886
2019-07-12,135.911,136.026,135.507,135.731
2019-07-15,135.555,135.85,134.955,135.067
2019-07-16,135.025,135.265,133.969,134.314
2019-07-17,134.342,134.626,133.974,134.214
2019-07-18,134.153,134.83,133.855,134.616
2019-07-19,134.643,135.008,134.563,134.668
2019-07-22,134.715,135.092,134.414,134.583
2019-07-23,134.542,134.987,134.317,134.654
2019-07-24,134.628,135.282,134.252,135.053
2019-07-25,134.998,135.672,134.716,135.291
2019-07-26,135.305,135.397,134.55,134.579
2019-07-29,134.585,134.586,132.855,132.91
2019-07-30,132.88,133.073,131.616,131.969
2019-07-31,132,132.997,131.852,132.275
2019-08-01,132.155,132.556,130.164,130.26
2019-08-02,130.165,130.422,129.082,129.614
2019-08-05,129.526,129.64,128.175,128.648
2019-08-06,128.693,130.072,128.119,129.541
2019-08-07,129.493,129.577,128.224,129.056
2019-08-08,129.04,129.337,128.283,128.715
2019-08-09,128.315,128.752,126.972,127.061
2019-08-12,127.248,127.522,126.553,127.164
2019-08-13,127.145,129.23,126.806,128.737
2019-08-14,128.745,128.764,127.496,127.709
2019-08-15,127.65,128.992,127.485,128.239
2019-08-16,128.325,129.577,128.158,129.213
2019-08-19,129.315,129.543,128.976,129.312
2019-08-20,129.332,129.649,128.268,129.28
2019-08-21,129.313,129.676,128.888,129.262
2019-08-22,129.23,130.705,128.765,130.433
2019-08-23,130.413,130.566,128.997,129.487
2019-08-26,128.798,130.153,128.202,129.656
2019-08-27,129.72,130.389,129.008,129.958
2019-08-28,129.943,130.074,128.476,129.589
2019-08-29,129.495,130.037,128.974,129.749
2019-08-30,129.762,129.824,129.085,129.278
2019-09-02,128.879,129.322,127.877,128.158
2019-09-03,128.223,128.256,126.676,128.017
2019-09-04,128.143,130.44,127.944,130.354
2019-09-05,130.425,132.168,129.92,131.906
2019-09-06,131.867,132.132,131.273,131.372
2019-09-09,131.153,132.565,130.813,132.411
2019-09-10,132.468,132.92,132.025,132.84
2019-09-11,132.853,133.369,132.677,132.955
2019-09-12,132.93,133.648,132.176,133.322
2019-09-13,133.36,135.201,133.28,135.143
2019-09-16,134.423,134.878,133.879,134.397
2019-09-17,134.388,135.432,133.994,135.138
2019-09-18,135.2,135.665,134.598,135.254
2019-09-19,135.363,135.523,134.273,135.295
2019-09-20,135.35,135.754,134.09,134.167
2019-09-23,134.366,134.553,133.353,133.721
2019-09-24,133.697,134.616,133.554,133.763
2019-09-25,133.715,134.014,132.844,133.103
2019-09-26,133.08,133.296,132.386,132.897
2019-09-27,132.883,133.285,132.32,132.629
2019-09-30,132.778,133.342,132.48,132.894
2019-10-01,132.868,133.36,131.787,132.595
2019-10-02,132.547,132.57,131.58,131.835
2019-10-03,131.738,132.553,131.486,131.859
2019-10-04,131.857,131.997,131.286,131.872
2019-10-07,131.395,132.247,131.315,131.85
2019-10-08,131.865,132.123,130.433,130.847
2019-10-09,130.868,131.83,130.652,131.193
2019-10-10,131.208,134.563,130.734,134.308
2019-10-11,134.407,137.9,133.989,137.058
2019-10-14,137.018,137.174,135.504,136.671
2019-10-15,136.95,139.321,136.457,139.182
2019-10-16,139.125,140.104,137.522,139.564
2019-10-17,139.538,141.514,138.624,140.073
2019-10-18,140.019,140.765,139.353,140.698
2019-10-21,140.355,141.365,139.485,140.766
2019-10-22,140.808,141.126,139.523,139.645
2019-10-23,139.665,140.435,139.087,140.363
2019-10-24,140.278,140.744,138.876,139.614
2019-10-25,139.578,139.808,139.029,139.404
2019-10-28,139.508,140.263,139.33,140.105
2019-10-29,140.131,140.541,139.471,140.13
2019-10-30,140.083,140.513,139.964,140.42
2019-10-31,140.345,140.693,139.611,139.819
2019-11-01,139.84,140.175,139.648,140.015
2019-11-04,139.965,140.242,139.848,139.881
2019-11-05,139.88,140.756,139.847,140.627
2019-11-06,140.675,140.679,139.875,140.099
2019-11-07,140.086,140.537,139.495,140.041
2019-11-08,140.133,140.213,139.419,139.591
2019-11-11,139.598,140.493,139.373,140.178
2019-11-12,140.232,140.593,139.949,140.024
2019-11-13,139.868,140.261,139.444,139.847
2019-11-14,139.748,139.879,139.404,139.665
2019-11-15,139.66,140.467,139.632,140.37
2019-11-18,140.415,141.578,140.332,140.769
2019-11-19,140.83,140.94,140.11,140.302
2019-11-20,140.358,140.491,139.683,140.35
2019-11-21,140.275,140.929,139.978,140.219
2019-11-22,140.24,140.525,139.325,139.448
2019-11-25,139.7,140.63,139.611,140.523
2019-11-26,140.548,140.91,139.988,140.311
2019-11-27,140.242,141.558,140.05,141.552
2019-11-28,141.588,141.866,141.253,141.394
2019-11-29,141.413,141.705,141.117,141.628
2019-12-02,141.526,141.824,140.947,141.048
2019-12-03,141.083,141.717,140.924,141.186
2019-12-04,141.165,142.793,140.836,142.664
2019-12-05,142.668,143.256,142.612,143.111
2019-12-06,143.178,143.178,142.372,142.624
2019-12-09,142.715,143.111,142.564,142.698
2019-12-10,142.688,143.67,142.628,143.03
2019-12-11,142.748,143.384,142.563,143.24
2019-12-12,143.273,144.157,142.482,143.968
2019-12-13,147.462,147.962,145.458,145.757
2019-12-16,145.906,146.816,145.81,146.071
2019-12-17,146.047,146.094,143.483,143.751
2019-12-18,143.703,143.868,143.08,143.278
2019-12-19,143.221,143.87,141.983,142.287
2019-12-20,142.262,143.059,142.095,142.316
2019-12-23,142.198,142.544,141.168,141.505
2019-12-24,141.49,141.868,141.321,141.514
2019-12-26,141.857,142.734,141.841,142.486
2019-12-27,142.648,143.648,142.045,143.277
2019-12-30,143.341,143.433,142.6,142.786
2019-12-31,142.805,144.37,142.433,143.953
2020-01-02,144.069,144.197,142.273,142.673
2020-01-03,142.665,142.788,141.004,141.43
2020-01-06,141.08,142.793,140.818,142.706
2020-01-07,142.713,143.299,142.023,142.309
2020-01-08,142.298,143.108,141.128,142.888
2020-01-09,142.905,143.462,142.43,143.117
2020-01-10,143.091,143.501,142.891,142.947
2020-01-13,142.903,142.973,142.368,142.817
2020-01-14,142.818,143.437,142.452,143.23
2020-01-15,143.215,143.392,142.665,143.293
2020-01-16,143.41,144.143,143.244,144.085
2020-01-17,144.041,144.534,143.267,143.339
2020-01-20,143.295,143.373,142.805,143.347
2020-01-21,143.355,143.978,142.866,143.368
2020-01-22,143.342,144.613,143.298,144.328
2020-01-23,144.406,144.406,143.211,143.718
2020-01-24,143.676,144.441,142.727,142.853
2020-01-27,142.498,142.751,142.065,142.189
2020-01-28,142.215,142.459,141.483,142.197
2020-01-29,142.19,142.35,141.712,141.952
2020-01-30,141.823,142.714,141.261,142.684
2020-01-31,142.645,143.291,142.466,143.123
2020-02-03,142.874,143.11,141.072,141.242
2020-02-04,141.198,142.845,140.926,142.72
2020-02-05,142.718,143.379,142.229,142.785
2020-02-06,142.752,142.826,142.093,142.222
2020-02-07,142.261,142.378,141.409,141.43
2020-02-10,141.408,142.096,141.243,141.783
2020-02-11,141.758,142.463,141.701,142.201
2020-02-12,142.228,142.891,142.21,142.665
2020-02-13,142.618,143.479,142.149,143.231
2020-02-14,143.216,143.41,142.768,143.231
2020-02-17,143.172,143.374,142.852,142.894
2020-02-18,142.838,143.236,142.322,142.813
2020-02-19,142.825,144.172,142.803,143.895
2020-02-20,143.895,144.61,143.605,144.417
2020-02-21,144.375,144.965,143.726,144.595
2020-02-24,144.388,144.629,142.635,143.154
2020-02-25,143.09,143.649,142.965,143.316
2020-02-26,143.218,143.728,142.24,142.466
2020-02-27,142.46,142.555,141.184,141.227
2020-02-28,141.118,141.42,137.529,138.186
2020-03-02,137.859,139.188,137.157,138.162
2020-03-03,138.13,138.578,136.942,137.236
2020-03-04,137.2,138.443,137.046,138.425
2020-03-05,138.395,138.689,137.379,137.499
2020-03-06,137.472,137.744,136.442,137.489
2020-03-09,136.435,136.91,132.587,134.375
2020-03-10,134.215,137.214,133.711,136.393
2020-03-11,136.083,136.563,133.808,134.013
2020-03-12,133.808,134.313,131.332,131.5
2020-03-13,131.83,134.322,131.234,132.278
2020-03-16,131.68,133.115,128.909,129.887
2020-03-17,129.917,131.235,128.599,129.802
2020-03-18,130.067,130.339,124.077,125.671
2020-03-19,124.693,129.578,124.661,127.165
2020-03-20,126.973,132.066,126.438,129.05
2020-03-23,129.268,129.483,127.355,128.404
2020-03-24,128.223,131.434,127.755,130.784
2020-03-25,131.028,133.406,129.863,132.079
2020-03-26,132.356,133.827,130.565,133.749
2020-03-27,133.575,134.765,132.131,134.614
2020-03-30,134.156,134.42,132.759,133.781
2020-03-31,133.663,134.622,133.062,133.556
2020-04-01,133.69,133.796,132.501,132.599
2020-04-02,132.826,133.96,132.551,133.757
2020-04-03,133.785,134.101,132.547,133.076
2020-04-06,132.625,134.534,132.547,133.571
2020-04-07,133.61,134.985,132.938,134.147
2020-04-08,134.173,135.03,133.7,134.768
2020-04-09,134.795,135.753,134.647,135.209
2020-04-10,135.235,135.414,134.94,135.061
2020-04-13,134.997,135.188,134.52,134.788
2020-04-14,134.803,135.507,134.577,135.388
2020-04-15,135.298,135.38,133.641,134.538
2020-04-16,134.508,134.894,133.714,134.425
2020-04-17,134.438,134.98,133.902,134.467
2020-04-20,134.415,134.731,133.792,133.882
2020-04-21,133.908,134.068,131.91,132.42
2020-04-22,132.455,133.3,132.051,132.893
2020-04-23,132.948,133.689,132.401,132.837
2020-04-24,132.945,133.156,132.397,132.98
2020-04-27,133.08,133.583,132.829,133.329
2020-04-28,133.271,133.56,132.734,132.782
2020-04-29,132.773,133.024,131.941,133.024
2020-04-30,132.996,135.456,132.672,134.953
2020-05-01,134.996,135.095,133.368,133.704
2020-05-04,133.405,133.459,132.521,132.791
2020-05-05,132.805,133.186,132.451,132.489
2020-05-06,132.561,132.683,130.839,131.027
2020-05-07,130.857,132.03,130.663,131.346
2020-05-08,131.368,132.69,131.312,132.349
2020-05-11,132.253,133.194,131.886,132.812
2020-05-12,132.76,132.869,131.313,131.344
2020-05-13,131.38,131.941,130.651,130.93
2020-05-14,130.95,131.31,130.147,131.146
2020-05-15,131.133,131.422,129.564,129.642
2020-05-18,129.39,131.285,129.243,130.908
2020-05-19,130.945,132.512,130.785,131.98
2020-05-20,131.848,132.425,131.442,131.647
2020-05-21,131.603,131.955,131.221,131.51
2020-05-22,131.621,131.784,130.679,131.004
2020-05-25,130.982,131.412,130.941,131.265
2020-05-26,131.317,133.042,131.282,132.64
2020-05-27,132.67,133.01,131.634,132.077
2020-05-28,132.083,132.884,131.832,132.608
2020-05-29,132.573,133.463,131.782,133.122
2020-06-01,132.958,134.536,132.786,134.409
2020-06-02,134.51,136.523,134.223,136.402
2020-06-03,136.403,137.396,136.255,136.938
2020-06-04,136.958,137.814,135.959,137.497
2020-06-05,137.557,139.743,137.276,138.835
2020-06-08,139.106,139.585,137.426,137.96
2020-06-09,137.895,138.246,136.232,137.154
2020-06-10,137.143,137.424,136.474,136.556
2020-06-11,136.543,136.605,134.47,134.673
2020-06-12,134.593,136.049,133.801,134.668
2020-06-15,134.388,135.322,133.502,135.306
2020-06-16,135.265,136.36,134.729,134.926
2020-06-17,134.925,135.23,134.062,134.35
2020-06-18,134.268,134.53,132.394,132.919
2020-06-19,132.908,133.256,131.942,131.971
2020-06-22,131.902,133.424,131.771,133.294
2020-06-23,133.303,133.994,132.606,133.367
2020-06-24,133.258,133.622,132.681,132.937
2020-06-25,133.01,133.614,132.793,133.124
2020-06-26,133.185,133.262,132.042,132.268
2020-06-29,132.3,132.694,131.955,132.305
2020-06-30,132.273,133.889,132.024,133.84
2020-07-01,133.813,134.226,132.95,134.071
2020-07-02,134.1,134.71,133.786,134.03
2020-07-03,134.053,134.292,133.703,134.2
2020-07-06,134.068,134.677,134.024,134.113
2020-07-07,134.113,135.418,134.079,134.844
2020-07-08,135.008,135.427,134.583,135.256
2020-07-09,135.32,135.924,135.054,135.147
2020-07-10,135.15,135.208,134.287,134.985
2020-07-13,135.033,135.487,134.592,134.701
2020-07-14,134.763,134.786,133.984,134.617
2020-07-15,134.653,135.088,134.47,134.611
2020-07-16,134.599,135.173,134.059,134.64
2020-07-17,134.719,134.914,134.127,134.521
2020-07-20,134.427,135.913,134.35,135.815
2020-07-21,135.75,136.444,135.713,135.975
2020-07-22,135.976,136.628,135.285,136.456
2020-07-23,136.483,136.627,135.846,136.155
2020-07-24,136.095,136.156,135.002,135.799
2020-07-27,135.633,135.832,135.147,135.737
2020-07-28,135.843,136.132,135.324,135.906
2020-07-29,135.938,136.472,135.681,136.36
2020-07-30,136.363,137.39,136.068,137.151
2020-07-31,137.043,139.204,136.793,138.53
2020-08-03,138.335,139.034,137.75,138.529
2020-08-04,138.53,138.885,137.809,138.199
2020-08-05,138.179,139.007,138.044,138.488
2020-08-06,138.554,139.24,138.439,138.712
2020-08-07,138.649,138.752,137.85,138.252
2020-08-10,138.303,138.65,138.105,138.52
2020-08-11,138.424,139.503,138.421,138.95
2020-08-12,139.056,139.626,138.88,139.35
2020-08-13,139.343,140.212,139.243,139.731
2020-08-14,139.738,140.019,139.346,139.571
2020-08-17,139.682,139.691,138.738,138.905
2020-08-18,139.035,139.643,138.6,139.554
2020-08-19,139.62,139.958,138.797,139.018
2020-08-20,139.045,139.875,138.573,139.81
2020-08-21,139.81,139.948,138.255,138.495
2020-08-24,138.473,139.008,138.292,138.441
2020-08-25,138.473,140.034,138.44,139.92
2020-08-26,139.807,140.306,139.639,140
2020-08-27,139.99,140.861,139.699,140.673
2020-08-28,140.703,141.62,140.018,140.654
2020-08-31,140.706,142.042,140.504,141.588
2020-09-01,141.623,142.718,141.334,141.809
2020-09-02,141.933,141.972,141.02,141.772
2020-09-03,141.708,141.881,140.481,141.023
2020-09-04,140.936,141.439,140.119,141.088
2020-09-07,141.008,141.152,139.598,139.914
2020-09-08,139.885,140.005,137.622,137.628
2020-09-09,137.725,138.366,136.74,138.054
2020-09-10,138.028,138.36,135.572,135.897
2020-09-11,135.875,136.599,135.578,135.843
2020-09-14,135.615,136.59,135.564,135.824
2020-09-15,135.833,136.441,135.422,135.909
2020-09-16,135.843,136.471,135.562,136.094
2020-09-17,136.08,136.222,134.576,135.891
2020-09-18,135.888,136.165,134.955,135.076
2020-09-21,135.104,135.335,133.541,134.121
2020-09-22,134.228,134.391,133.045,133.608
2020-09-23,133.585,134.621,133.14,134.082
2020-09-24,134.103,134.676,133.613,134.319
2020-09-25,134.395,134.828,133.834,134.543
2020-09-28,134.765,136.234,134.368,135.403
2020-09-29,135.456,136.26,135.356,135.928
2020-09-30,136.07,136.546,135.19,136.311
2020-10-01,136.26,137.014,135.366,136.017
2020-10-02,136.003,136.395,135.055,136.303
2020-10-05,136.095,137.352,136.012,137.275
2020-10-06,137.215,137.45,135.962,136.018
2020-10-07,136.032,136.998,135.91,136.885
2020-10-08,136.87,137.41,136.685,137.18
2020-10-09,137.061,137.834,136.788,137.78
2020-10-12,137.815,137.852,137.225,137.615
2020-10-13,137.596,137.779,136.377,136.444
2020-10-14,136.508,137.333,135.666,136.851
2020-10-15,136.793,137.178,135.771,136.119
2020-10-16,136.093,136.42,135.401,136.163
2020-10-19,135.985,137.256,135.929,136.508
2020-10-20,136.431,137.035,136.331,136.62
2020-10-21,136.525,137.669,136.483,137.505
2020-10-22,137.42,137.592,136.969,137.23
2020-10-23,137.115,137.331,136.367,136.595
2020-10-26,136.655,137.068,136.301,136.542
2020-10-27,136.528,136.596,136.153,136.218
2020-10-28,136.178,136.286,134.888,135.448
2020-10-29,135.483,135.953,134.647,135.256
2020-10-30,135.208,135.806,134.408,135.533
2020-11-02,135.195,135.439,134.875,135.272
2020-11-03,135.295,136.696,135.163,136.461
2020-11-04,136.522,137.388,135.372,135.749
2020-11-05,135.785,136.31,135.085,136.066
2020-11-06,136.11,136.244,135.469,135.986
2020-11-09,135.993,138.916,135.766,138.743
2020-11-10,138.692,139.777,138.169,139.746
2020-11-11,139.715,140.318,139.207,139.407
2020-11-12,139.405,139.449,137.751,137.914
2020-11-13,137.915,138.514,137.546,138.079
2020-11-16,137.918,138.872,137.669,138.018
2020-11-17,138,138.358,137.816,138.03
2020-11-18,138.11,138.199,137.697,137.797
2020-11-19,137.748,138.01,137.198,137.58
2020-11-20,137.568,138.059,137.46,138.005
2020-11-23,137.978,139.345,137.938,139.287
2020-11-24,139.223,139.847,139.121,139.536
2020-11-25,139.53,139.864,139.003,139.81
2020-11-26,139.77,139.851,138.93,139.257
2020-11-27,139.26,139.274,138.278,138.585
2020-11-30,138.633,139.469,138.425,138.996
2020-12-01,139.043,140.311,138.963,140.01
2020-12-02,140.078,140.451,138.893,139.563
2020-12-03,139.597,140.289,139.531,139.682
2020-12-04,139.745,140.71,139.448,140.013
2020-12-07,139.703,139.884,137.906,139.234
2020-12-08,139.155,139.382,138.41,139.117
2020-12-09,139.168,140.335,139.075,139.691
2020-12-10,139.773,139.773,138.389,138.579
2020-12-11,138.62,138.749,136.793,137.625
2020-12-14,138.713,139.437,138.271,138.662
2020-12-15,138.708,139.619,138.284,139.568
2020-12-16,139.545,140.074,139.153,139.765
2020-12-17,139.818,140.454,139.581,140.107
2020-12-18,140.11,140.327,139.321,139.712
2020-12-21,138.851,139.532,136.971,139.087
2020-12-22,139.13,139.155,138.005,138.475
2020-12-23,138.476,140.325,138.406,139.763
2020-12-24,139.773,141.216,139.694,140.324
2020-12-28,140.33,140.581,139.48,139.655
2020-12-29,139.613,140.178,139.574,139.895
2020-12-30,139.893,140.669,139.715,140.598
2020-12-31,140.465,141.228,140.368,141.208
2021-01-04,140.885,141.318,139.694,139.983
2021-01-05,139.953,140.155,139.513,140.009
2021-01-06,139.94,140.577,139.771,140.227
2021-01-07,140.222,140.999,140.111,140.853
2021-01-08,140.805,141.379,140.743,141.048
2021-01-11,140.963,141.05,140.34,140.912
2021-01-12,140.863,142.033,140.755,141.809
2021-01-13,141.745,142.264,141.531,141.69
2021-01-14,141.703,142.242,141.625,142.078
2021-01-15,142.115,142.134,140.958,141.179
2021-01-18,141.153,141.199,140.359,140.874
2021-01-19,140.875,141.74,140.776,141.649
2021-01-20,141.58,142.337,141.081,141.392
2021-01-21,141.385,142.223,141.374,142.14
2021-01-22,142.148,142.208,141.515,141.966
2021-01-25,142.023,142.328,141.656,141.877
2021-01-26,141.859,142.458,141.284,142.329
2021-01-27,142.305,142.864,142.203,142.532
2021-01-28,142.547,143.274,142.192,143.016
2021-01-29,143.16,143.957,142.998,143.479
2021-02-01,143.628,144.103,143.323,143.375
2021-02-02,143.408,143.778,143.134,143.484
2021-02-03,143.485,143.691,143.117,143.316
2021-02-04,143.238,144.368,142.84,144.299
2021-02-05,144.282,144.895,144.221,144.731
2021-02-08,144.625,144.936,144.411,144.595
2021-02-09,144.563,144.675,144.038,144.51
2021-02-10,144.541,145.073,144.376,144.679
2021-02-11,144.615,144.906,144.579,144.701
2021-02-12,144.775,145.48,144.499,145.395
2021-02-15,145.405,146.64,145.318,146.514
2021-02-16,146.393,147.469,146.335,147.428
2021-02-17,147.453,147.571,146.42,146.686
2021-02-18,146.77,147.791,146.553,147.714
2021-02-19,147.635,148.162,147.288,147.811
2021-02-22,147.822,148.295,147.546,147.778
2021-02-23,147.813,148.613,147.665,148.54
2021-02-24,148.543,150.142,148.471,149.693
2021-02-25,149.707,150.445,148.481,148.865
2021-02-26,148.875,149.177,147.404,148.4
2021-03-01,148.512,149.299,148.34,148.679
2021-03-02,148.655,149.195,148.117,148.887
2021-03-03,148.966,149.702,148.861,149.312
2021-03-04,149.325,150.735,149.051,150.027
2021-03-05,150.033,150.371,149.363,149.888
2021-03-08,149.899,150.703,149.685,150.536
2021-03-09,150.55,151.284,150.463,150.693
2021-03-10,150.828,151.193,150.646,151.001
2021-03-11,150.985,151.839,150.976,151.812
2021-03-12,151.817,152.238,151.232,151.727
2021-03-15,151.783,152.123,151.206,151.678
2021-03-16,151.685,151.756,150.788,151.403
2021-03-17,151.405,152.072,151.345,151.979
2021-03-18,152.045,152.555,151.461,151.617
2021-03-19,151.69,151.81,150.567,151.023
2021-03-22,150.408,150.94,150.284,150.909
2021-03-23,150.872,150.91,149.082,149.348
2021-03-24,149.363,149.449,148.531,148.807
2021-03-25,148.86,150.059,148.743,149.959
2021-03-26,150.137,151.547,149.934,151.243
2021-03-29,151.42,151.813,150.586,151.122
2021-03-30,151.177,151.946,151.099,151.636
2021-03-31,151.59,152.785,151.559,152.583
2021-04-01,152.6,153.074,152.295,153.01
2021-04-02,153,153.207,152.707,153.066
2021-04-05,153.071,153.368,152.887,153.187
2021-04-06,153.158,153.417,151.69,151.697
2021-04-07,151.71,152.077,150.659,150.917
2021-04-08,150.935,151.093,149.888,150.068
2021-04-09,150.053,150.938,149.592,150.302
2021-04-12,150.478,150.591,149.76,150.36
2021-04-13,150.313,150.833,149.673,149.975
2021-04-14,149.962,150.462,149.592,150.072
2021-04-15,150.133,150.204,149.689,149.919
2021-04-16,149.91,150.625,149.387,150.603
2021-04-19,150.355,151.326,149.893,151.273
2021-04-20,151.278,151.984,150.564,150.632
2021-04-21,150.695,150.974,150.048,150.545
2021-04-22,150.561,150.652,149.397,149.409
2021-04-23,149.388,149.955,149.064,149.781
2021-04-26,149.718,150.385,149.537,150.268
2021-04-27,150.23,151.269,150.151,151.245
2021-04-28,151.173,151.573,151.014,151.365
2021-04-29,151.34,152.411,151.292,151.858
2021-04-30,151.793,152.117,150.875,151.132
2021-05-03,150.933,151.935,150.933,151.723
2021-05-04,151.711,152.061,151.004,151.795
2021-05-05,151.85,152.236,151.763,151.853
2021-05-06,151.832,152.127,151.247,151.5
2021-05-07,151.661,152.122,151.263,151.888
2021-05-10,152.07,154.03,151.948,153.637
2021-05-11,153.628,153.964,153.146,153.62
2021-05-12,153.683,154.436,153.524,154.108
2021-05-13,154.161,154.339,153.472,153.839
2021-05-14,153.785,154.289,153.616,154.15
2021-05-17,154.113,154.472,153.735,154.431
2021-05-18,154.375,154.833,154.343,154.503
2021-05-19,154.471,154.815,153.543,154.172
2021-05-20,154.171,154.416,153.623,154.356
2021-05-21,154.355,154.679,154.013,154.129
2021-05-24,154.244,154.246,153.774,153.964
2021-05-25,153.89,154.455,153.778,153.924
2021-05-26,153.943,154.35,153.777,154.107
2021-05-27,154.083,156.077,153.844,155.993
2021-05-28,156.013,156.063,155.59,155.861
2021-05-31,155.748,155.941,155.302,155.716
2021-06-01,155.678,155.94,154.86,154.92
2021-06-02,154.945,155.506,154.855,155.263
2021-06-03,155.266,155.818,155.247,155.594
2021-06-04,155.55,155.759,155.033,155.091
2021-06-07,155.076,155.285,154.553,154.914
2021-06-08,154.975,155.093,154.557,155.036
2021-06-09,154.922,155.318,154.485,154.764
2021-06-10,154.713,155.22,154.135,154.987
2021-06-11,154.995,155.209,154.643,154.721
2021-06-14,154.675,155.348,154.32,155.293
2021-06-15,155.335,155.486,154.541,155
2021-06-16,154.95,155.384,154.675,154.835
2021-06-17,154.855,155.017,153.14,153.461
2021-06-18,153.477,153.776,151.998,152.069
2021-06-21,152.265,153.733,151.319,153.678
2021-06-22,153.72,154.471,153.102,154.366
2021-06-23,154.345,155.158,154.239,154.928
2021-06-24,155.005,155.146,153.829,154.375
2021-06-25,154.37,154.538,153.602,153.82
2021-06-28,153.93,154.23,153.391,153.577
2021-06-29,153.536,153.577,152.617,152.981
2021-06-30,153.03,153.754,152.668,153.687
2021-07-01,153.645,153.974,153.357,153.543
2021-07-02,153.495,153.745,153.084,153.486
2021-07-05,153.498,153.751,153.464,153.613
2021-07-06,153.623,154.075,152.36,152.659
2021-07-07,152.678,153.175,152.292,152.734
2021-07-08,152.712,152.75,150.671,151.288
2021-07-09,151.318,153.164,151.176,153.097
2021-07-12,153.095,153.347,152.413,153.259
2021-07-13,153.258,153.487,152.414,152.812
2021-07-14,152.895,153.3,152.341,152.429
2021-07-15,152.42,152.808,151.61,151.881
2021-07-16,151.881,152.615,151.434,151.529
2021-07-19,151.615,151.615,149.333,149.674
2021-07-20,149.68,149.98,148.459,149.69
2021-07-21,149.718,151.344,149.292,151.238
2021-07-22,151.22,151.916,150.744,151.659
2021-07-23,151.528,152.165,151.48,152.03
2021-07-26,151.97,152.611,151.405,152.529
2021-07-27,152.571,152.629,151.577,152.346
2021-07-28,152.373,152.996,152.183,152.826
2021-07-29,152.86,153.447,152.517,152.823
2021-07-30,152.85,153.219,152.447,152.517
2021-08-02,152.518,152.861,151.54,151.746
2021-08-03,151.753,152.202,151.17,151.735
2021-08-04,151.778,152.515,151.518,152.064
2021-08-05,152.048,153.031,152.013,152.91
2021-08-06,152.893,153.252,152.659,152.941
2021-08-09,153.068,153.093,152.581,152.764
2021-08-10,152.773,153.318,152.626,153.053
2021-08-11,152.978,153.298,152.87,153.112
2021-08-12,153.13,153.204,152.333,152.469
2021-08-13,152.47,152.557,151.932,151.997
2021-08-16,152.03,152.211,150.925,151.263
2021-08-17,151.245,151.341,150.356,150.628
2021-08-18,150.39,151.414,150.39,150.997
2021-08-19,151.027,151.219,149.632,149.682
2021-08-20,149.651,149.888,149.189,149.584
2021-08-23,149.464,150.761,149.432,150.492
2021-08-24,150.515,151.016,150.059,150.526
2021-08-25,150.585,151.462,150.449,151.395
2021-08-26,151.353,151.597,150.616,150.82
2021-08-27,150.763,151.525,150.466,151.214
2021-08-30,151.176,151.288,150.952,151.234
2021-08-31,151.235,151.595,151.068,151.331
2021-09-01,151.308,151.954,151.277,151.491
2021-09-02,151.553,152.199,151.353,152.063
2021-09-03,152.123,152.299,151.791,152.137
2021-09-06,152.148,152.259,151.802,151.965
2021-09-07,151.953,152.224,151.503,152.028
2021-09-08,152.028,152.097,151.465,151.84
2021-09-09,151.823,152.173,151.426,151.824
2021-09-10,151.84,152.643,151.789,152.134
2021-09-13,152.138,152.329,151.91,152.225
2021-09-14,152.202,152.853,151.328,151.486
2021-09-15,151.458,151.608,150.831,151.398
2021-09-16,151.373,151.579,150.875,151.36
2021-09-17,151.325,151.933,150.966,151.09
2021-09-20,151.11,151.133,149.182,149.436
2021-09-21,149.39,150.14,148.957,149.187
2021-09-22,149.201,149.964,149.02,149.508
2021-09-23,149.632,151.485,149.5,151.369
2021-09-24,151.388,151.736,151.004,151.457
2021-09-27,151.273,152.201,151.126,152.058
2021-09-28,152.07,152.574,150.543,150.939
2021-09-29,150.945,151.197,149.912,150.326
2021-09-30,150.325,150.956,149.805,149.933
2021-10-01,149.941,150.746,149.23,150.409
2021-10-04,150.531,151.529,150.22,150.971
2021-10-05,150.923,152.055,150.748,151.906
2021-10-06,151.932,152.164,150.816,151.319
2021-10-07,151.338,152.092,151.033,152.004
2021-10-08,152.003,152.942,151.955,152.817
2021-10-11,152.736,154.514,152.728,154.029
2021-10-12,154.051,154.831,153.687,154.361
2021-10-13,154.356,154.958,154.115,154.698
2021-10-14,154.68,155.747,154.678,155.427
2021-10-15,155.432,157.423,155.418,157.037
2021-10-18,157.06,157.377,156.618,156.925
2021-10-19,156.955,158.06,156.878,157.764
2021-10-20,157.815,158.219,157.014,158.036
2021-10-21,158,158.207,156.781,157.233
2021-10-22,157.283,157.667,155.931,156.14
2021-10-25,156.14,156.823,156.068,156.561
2021-10-26,156.528,157.778,156.476,157.127
2021-10-27,157.133,157.271,155.705,156.422
2021-10-28,156.45,156.709,155.92,156.641
2021-10-29,156.691,157.105,155.789,156.028
2021-11-01,156.16,156.501,155.613,155.785
2021-11-02,155.805,155.895,154.664,155.13
2021-11-03,155.146,156.076,154.968,156.051
2021-11-04,156.053,156.251,153.123,153.566
2021-11-05,153.534,153.783,152.814,153.004
2021-11-08,153.045,153.66,152.711,153.58
2021-11-09,153.586,153.641,152.74,153.024
2021-11-10,153.04,153.75,152.581,152.695
2021-11-11,152.748,153.018,152.394,152.497
2021-11-12,152.471,152.94,152.379,152.805
2021-11-15,152.887,153.286,152.63,153.098
2021-11-16,153.127,154.207,153.033,154.186
2021-11-17,154.135,154.752,153.744,153.94
2021-11-18,153.956,154.281,153.711,154.207
2021-11-19,154.213,154.453,152.525,153.322
2021-11-22,153.185,154.062,153.127,153.893
2021-11-23,153.878,154.219,153.284,154.054
2021-11-24,153.924,154.158,153.37,153.838
2021-11-25,153.85,154.067,153.416,153.694
2021-11-26,153.665,153.72,150.713,151.246
2021-11-29,151.373,151.932,150.698,151.163
2021-11-30,151.158,151.634,149.731,150.504
2021-12-01,150.48,151.446,149.622,149.731
2021-12-02,149.735,150.802,149.683,150.515
2021-12-03,150.53,150.763,148.975,149.281
2021-12-06,149.525,150.61,149.357,150.51
2021-12-07,150.513,151.132,150.125,150.418
2021-12-08,150.405,150.708,149.362,150.076
2021-12-09,150.151,150.32,149.489,150.051
2021-12-10,150.003,150.516,149.674,150.476
2021-12-13,150.26,150.762,149.875,150.112
2021-12-14,150.131,150.587,149.77,150.435
2021-12-15,150.426,151.315,150.28,151.245
2021-12-16,151.25,152.637,151.097,151.438
2021-12-17,151.463,151.722,150.432,150.512
2021-12-20,150.535,150.581,149.536,150.069
2021-12-21,150.128,151.42,149.894,151.388
2021-12-22,151.355,152.586,151.108,152.315
2021-12-23,152.352,153.713,152.294,153.431
2021-12-24,153.42,153.567,153.162,153.358
2021-12-27,153.163,154.47,153.163,154.401
2021-12-28,154.408,154.584,154.008,154.233
2021-12-29,154.218,155.13,154.062,155.079
2021-12-30,155.045,155.67,154.922,155.32
2021-12-31,155.375,156.021,155.002,155.672
2022-01-03,155.73,155.927,154.891,155.46
2022-01-04,155.425,157.431,155.382,157.135
2022-01-05,157.135,157.773,156.581,157.376
2022-01-06,157.403,157.474,156.091,156.752
2022-01-07,156.753,157.193,156.746,157.045
2022-01-10,157.02,157.381,155.95,156.408
2022-01-11,156.35,157.315,156.35,157.21
2022-01-12,157.2,157.716,156.765,157.063
2022-01-13,157.085,157.465,156.315,156.507
2022-01-14,156.573,156.624,155.464,156.136
2022-01-17,156.133,156.723,156.077,156.412
2022-01-18,156.428,156.911,155.482,155.804
2022-01-19,155.843,156.238,155.408,155.63
2022-01-20,155.602,156.068,155.144,155.165
2022-01-21,155.128,155.241,153.91,154.071
2022-01-24,154.063,154.495,152.906,153.699
2022-01-25,153.768,154.019,153.122,153.715
2022-01-26,153.845,154.748,153.678,154.368
2022-01-27,154.328,154.723,153.826,154.387
2022-01-28,154.332,154.962,154.098,154.392
2022-01-31,154.453,155.336,154.388,154.779
2022-02-01,154.773,155.212,154.492,155.107
2022-02-02,155.041,155.442,154.812,155.38
2022-02-03,155.36,156.509,155.051,156.336
2022-02-04,156.35,156.51,155.567,155.844
2022-02-07,156.078,156.172,155.138,155.777
2022-02-08,155.715,156.725,155.693,156.49
2022-02-09,156.47,156.861,156.199,156.342
2022-02-10,156.39,158.068,156.252,157.268
2022-02-11,157.281,157.726,155.866,156.455
2022-02-14,156.463,156.867,155.305,156.345
2022-02-15,156.313,156.828,155.97,156.541
2022-02-16,156.525,157.117,156.355,156.89
2022-02-17,156.895,157.061,156.055,156.512
2022-02-18,156.468,157.293,156.218,156.257
2022-02-21,156.328,156.752,156.018,156.062
2022-02-22,155.981,156.514,155.518,156.33
2022-02-23,156.357,156.781,155.61,155.763
2022-02-24,155.765,155.894,153.372,154.569
2022-02-25,154.543,155.184,154.154,154.961
2022-02-28,154.27,154.998,153.954,154.304
2022-03-01,154.385,154.694,152.664,153.105
2022-03-02,153.133,154.925,152.821,154.88
2022-03-03,154.866,155.233,153.869,154.119
2022-03-04,154.133,154.229,151.471,152.063
2022-03-07,152.095,152.311,151.04,151.099
2022-03-08,151.123,152.014,150.983,151.514
2022-03-09,151.49,152.792,151.447,152.713
2022-03-10,152.688,152.998,151.882,151.982
2022-03-11,151.973,153.405,151.952,152.913
2022-03-14,153.038,154.195,152.914,153.662
2022-03-15,153.693,154.693,153.229,154.283
2022-03-16,154.308,156.164,154.229,156.109
2022-03-17,156.125,156.712,155.461,155.938
2022-03-18,155.955,157.23,155.864,157.054
2022-03-21,156.983,157.514,156.381,157.321
2022-03-22,157.305,160.252,157.251,160.231
2022-03-23,160.193,161.107,159.039,159.987
2022-03-24,159.988,161.412,159.592,161.338
2022-03-25,161.328,161.502,159.856,160.919
2022-03-28,160.895,164.648,160.775,162.161
2022-03-29,162.078,162.722,160.263,160.904
2022-03-30,160.862,161.374,159.049,160.015
2022-03-31,160.033,160.886,159.442,159.915
2022-04-01,159.918,161.191,159.882,160.648
2022-04-04,160.768,161.311,160.284,161.04
2022-04-05,161.01,161.975,160.51,161.584
2022-04-06,162.142,162.282,161.554,161.78
2022-04-07,161.711,162.274,161.406,162.065
2022-04-08,162.115,162.365,161.651,162.055
2022-04-11,161.722,163.854,161.722,163.352
2022-04-12,163.385,163.633,162.793,162.975
2022-04-13,163.007,164.847,162.968,164.757
2022-04-14,164.795,164.873,164.033,164.615
2022-04-15,164.588,165.435,164.573,165.166
2022-04-18,165.31,165.417,164.646,165.231
2022-04-19,165.25,167.615,165.217,167.583
2022-04-20,167.588,168.438,166.432,167.054
2022-04-21,167.015,167.916,166.979,167.278
2022-04-22,167.271,167.595,164.803,165.006
2022-04-25,165.085,165.326,162.058,163.25
2022-04-26,163.296,163.605,159.964,159.97
2022-04-27,160.025,161.395,159.648,161.082
2022-04-28,161.213,164.261,160.89,162.963
2022-04-29,163.023,163.995,162.387,163.091
2022-05-02,163.328,163.902,162.292,162.595
2022-05-03,162.568,163.419,162.358,162.655
2022-05-04,162.627,163.203,161.792,163.09
2022-05-05,163.156,163.585,160.473,160.885
2022-05-06,161.023,161.611,160.324,161.109
2022-05-09,160.998,162.192,160.165,160.674
2022-05-10,160.773,161.522,160.043,160.668
2022-05-11,160.693,161.316,158.843,159.221
2022-05-12,159.24,159.306,155.601,156.542
2022-05-13,156.62,158.517,156.552,158.453
2022-05-16,158.482,159.282,157.425,159.097
2022-05-17,159.075,161.855,158.799,161.659
2022-05-18,161.607,161.781,158.061,158.246
2022-05-19,158.298,159.929,157.884,159.317
2022-05-20,159.467,160.203,158.739,159.803
2022-05-23,159.613,161.022,159.415,161.003
2022-05-24,160.957,161.024,157.998,158.981
2022-05-25,158.973,160.308,158.392,160.125
2022-05-26,160.05,160.833,159.019,160.193
2022-05-27,159.926,160.657,159.827,160.558
2022-05-30,160.371,161.524,160.344,161.453
2022-05-31,161.392,162.362,160.946,162.187
2022-06-01,162.175,163.323,161.976,162.466
2022-06-02,162.468,163.425,162.122,163.325
2022-06-03,163.323,164.106,163.065,163.396
2022-06-06,163.41,165.473,162.912,165.257
2022-06-07,165.261,167.112,165.232,166.963
2022-06-08,166.987,168.538,166.874,168.335
2022-06-09,168.29,168.734,166.692,167.886
2022-06-10,167.843,168.053,165.172,165.513
2022-06-13,165.565,166.131,162.254,163.123
2022-06-14,163.095,164.325,161.342,162.512
2022-06-15,162.48,163.168,161.732,162.967
2022-06-16,162.855,163.803,160.004,163.316
2022-06-17,163.373,166.229,163.012,165.083
2022-06-20,165.023,165.665,164.477,165.492
2022-06-21,165.415,167.832,165.347,167.8
2022-06-22,167.818,167.853,165.775,167.036
2022-06-23,167.085,167.085,164.658,165.464
2022-06-24,165.417,166.309,164.809,165.981
2022-06-27,165.763,166.535,165.13,166.141
2022-06-28,166.12,166.942,165.727,165.841
2022-06-29,165.84,166.345,165.408,165.597
2022-06-30,165.555,165.83,164.809,165.3
2022-07-01,165.213,165.35,161.577,163.575
2022-07-04,163.726,164.754,163.007,164.329
2022-07-05,164.165,165.285,161.586,162.413
2022-07-06,162.296,162.585,160.396,162.078
2022-07-07,161.988,163.629,161.588,163.52
2022-07-08,163.523,163.938,161.824,163.771
2022-07-11,163.665,164.476,163.034,163.436
2022-07-12,163.51,163.556,161.834,162.705
2022-07-13,162.828,164.126,162.358,163.355
2022-07-14,163.388,165.197,163.086,164.304
2022-07-15,164.273,164.712,163.65,164.375
2022-07-18,164.453,166.098,164.172,165.128
2022-07-19,165.278,165.984,164.724,165.756
2022-07-20,165.845,166.257,165.137,165.591
2022-07-21,165.623,165.994,164.541,164.741
2022-07-22,164.813,165.151,163.006,163.35
2022-07-25,163.45,165.094,163.004,164.604
2022-07-26,164.6,164.971,163.475,164.693
2022-07-27,164.733,166.336,164.691,166.068
2022-07-28,166.1,166.122,162.867,163.524
2022-07-29,163.508,163.906,161.538,162.31
2022-08-01,162.153,162.508,161.042,161.236
2022-08-02,161.498,162.013,159.447,161.982
2022-08-03,162.028,163.064,161.216,162.632
2022-08-04,162.563,163.973,161.123,161.643
2022-08-05,161.675,163.372,161.116,163
2022-08-08,162.95,163.852,162.569,163.11
2022-08-09,163.175,163.678,162.628,163.183
2022-08-10,163.165,163.679,161.684,162.33
2022-08-11,162.378,162.458,161.27,162.353
2022-08-12,162.295,162.799,161.804,161.99
2022-08-15,161.913,162.088,160.351,160.706
2022-08-16,160.688,162.749,160.094,162.367
2022-08-17,162.338,163.57,162.181,162.669
2022-08-18,162.728,163.25,161.687,162.126
2022-08-19,162.163,162.845,161.637,162
2022-08-22,161.849,162.532,161.163,161.777
2022-08-23,161.748,162.313,160.807,161.9
2022-08-24,161.832,161.9,160.838,161.765
2022-08-25,161.845,162,161.323,161.469
2022-08-26,161.495,162.698,161.22,161.626
2022-08-29,161.535,162.652,161.396,162.428
2022-08-30,162.355,162.594,161.499,161.772
2022-08-31,161.757,161.91,160.902,161.507
2022-09-01,161.508,161.886,160.977,161.872
2022-09-02,161.838,162.497,161.155,161.357
2022-09-05,160.973,161.999,160.667,161.913
2022-09-06,161.908,165.102,161.894,164.492
2022-09-07,164.523,166.017,164.193,165.77
2022-09-08,165.903,166.324,164.892,165.787
2022-09-09,165.76,166.249,164.31,165.138
2022-09-12,165.21,167.042,165.21,166.901
2022-09-13,166.83,168.15,166.007,166.151
2022-09-14,166.16,166.52,164.76,165.161
2022-09-15,165.218,165.736,164.475,164.576
2022-09-16,164.605,164.612,162.744,163.195
2022-09-19,163.252,163.843,162.942,163.687
2022-09-20,163.672,164.445,163.143,163.596
2022-09-21,163.5,163.947,162.239,162.388
2022-09-22,162.568,164.444,159.126,160.367
2022-09-23,160.296,160.465,155.34,155.513
2022-09-26,155.373,157.22,148.745,154.689
2022-09-27,154.621,156.375,154.148,155.399
2022-09-28,155.403,157.095,152.555,156.973
2022-09-29,156.853,160.603,155.616,160.579
2022-09-30,160.656,162.182,159.436,161.681
2022-10-03,161.745,163.901,160.583,163.688
2022-10-04,163.618,165.551,163.431,165.383
2022-10-05,165.371,165.72,162.608,163.844
2022-10-06,163.668,164.457,161.088,162.011
2022-10-07,162.033,162.606,160.777,161.049
2022-10-10,161.255,161.569,160.471,161.062
2022-10-11,161.147,162.68,159.733,159.926
2022-10-12,160.008,163.33,159.738,163.059
2022-10-13,163.015,167.293,162.327,166.699
2022-10-14,166.845,167.225,165.029,166.119
2022-10-17,166.678,170.099,166.56,169.26
2022-10-18,169.27,169.812,167.568,168.949
2022-10-19,168.973,169.383,167.636,168.175
2022-10-20,168.108,169.734,167.427,168.66
2022-10-21,168.705,169.585,164.965,166.924
2022-10-24,168.267,169.815,165.47,167.943
2022-10-25,168.038,169.959,167.843,169.705
2022-10-26,169.745,170.605,169.324,170.191
2022-10-27,170.228,170.274,168.733,169.179
2022-10-28,169.175,171.401,168.875,171.392
2022-10-31,171.18,172.133,170.336,170.528
2022-11-01,170.658,170.958,169.487,170.268
2022-11-02,170.325,170.349,168.316,168.509
2022-11-03,168.49,168.587,165.092,165.442
2022-11-04,165.5,166.981,165.143,166.838
2022-11-07,166.133,169.093,166.133,168.83
2022-11-08,168.83,169.082,167.306,168.181
2022-11-09,168.102,168.326,165.967,166.317
2022-11-10,166.318,167.481,164.381,165.16
2022-11-11,165.313,166.104,163.059,164.239
2022-11-14,165.018,165.719,163.696,164.469
2022-11-15,164.403,166.213,164.388,165.279
2022-11-16,165.235,166.405,164.71,166.224
2022-11-17,166.2,166.386,165.197,166.313
2022-11-18,166.392,167.322,166.135,166.902
2022-11-21,166.901,168.067,166.106,168.054
2022-11-22,168.04,168.31,167.347,167.892
2022-11-23,167.85,169.029,167.749,168.262
2022-11-24,168.353,168.353,167.165,167.891
2022-11-25,167.868,168.804,167.64,168.232
2022-11-28,167.991,168.215,165.848,166.151
2022-11-29,166.045,166.674,165.53,165.65
2022-11-30,165.84,167.414,165.461,166.508
2022-12-01,166.393,167.235,164.519,165.725
2022-12-02,165.876,165.993,164.044,164.97
2022-12-05,165.078,166.842,164.92,166.725
2022-12-06,166.633,167.498,166.143,166.214
2022-12-07,166.199,167.431,165.964,166.752
2022-12-08,166.718,167.355,166.288,167.257
2022-12-09,167.217,168.066,166.265,167.356
2022-12-12,167.367,169.03,167.114,168.908
2022-12-13,168.902,169.283,167.1,167.65
2022-12-14,167.69,168.391,166.729,168.344
2022-12-15,168.333,168.847,167.628,167.787
2022-12-16,167.85,168.012,165.819,165.905
2022-12-19,165.568,166.905,165.436,166.308
2022-12-20,166.25,167.028,158.599,160.47
2022-12-21,160.448,161.044,159.474,160.041
2022-12-22,159.963,160.253,158.803,159.308
2022-12-23,159.213,160.534,159.069,160.07
2022-12-26,160.172,160.866,159.603,160.358
2022-12-27,160.32,160.953,160.198,160.528
2022-12-28,160.483,162.345,160.423,161.582
2022-12-29,161.513,161.61,160.063,160.37
2022-12-30,160.523,160.523,157.84,158.413
2023-01-03,157.778,157.913,155.36,156.794
2023-01-04,156.8,160.18,156.508,159.875
2023-01-05,159.901,160.046,158.515,158.878
2023-01-06,158.924,160.025,158.745,159.727
2023-01-09,159.62,161.24,159.315,160.65
2023-01-10,161.085,161.085,160.045,160.71
2023-01-11,160.586,161.217,160.513,160.831
2023-01-12,160.913,160.977,157.727,157.857
2023-01-13,157.876,158.093,155.648,156.358
2023-01-16,156.222,157.081,156.188,156.814
2023-01-17,156.783,158.031,156.399,157.409
2023-01-18,157.393,161.529,157.391,159.164
2023-01-19,159.091,159.229,157.574,159.114
2023-01-20,159.135,161.293,159.044,160.652
2023-01-23,160.695,161.808,160.369,161.735
2023-01-24,161.827,161.827,159.997,160.533
2023-01-25,160.543,160.933,159.507,160.738
2023-01-26,160.705,161.738,160.015,161.589
2023-01-27,161.616,161.616,160.413,160.836
2023-01-30,160.856,161.427,160.208,161.041
2023-01-31,161.085,161.205,159.767,160.294
2023-02-01,160.293,160.674,158.915,159.593
2023-02-02,159.587,159.617,157.185,157.314
2023-02-03,157.395,158.755,156.734,158.153
2023-02-06,158.735,159.956,158.547,159.445
2023-02-07,159.495,159.583,157.434,157.887
2023-02-08,157.758,158.837,157.618,158.624
2023-02-09,158.618,159.513,158.144,159.493
2023-02-10,159.498,159.636,157.534,158.427
2023-02-13,158.394,161.198,158.394,160.744
2023-02-14,160.7,162.182,160.11,162.074
2023-02-15,162.035,162.071,160.789,161.407
2023-02-16,161.36,161.517,160.473,160.653
2023-02-17,160.587,161.649,160.5,161.491
2023-02-20,161.507,161.733,161.17,161.658
2023-02-21,161.61,163.76,161.439,163.527
2023-02-22,163.47,163.569,162.385,162.385
2023-02-23,162.401,162.856,161.676,161.83
2023-02-24,161.873,163.124,161.207,163.01
2023-02-27,163.12,164.351,162.61,164.308
2023-02-28,164.24,166.014,163.694,163.697
2023-03-01,163.673,164.514,162.871,163.817
2023-03-02,163.778,163.939,163.072,163.388
2023-03-03,163.384,163.659,163.102,163.653
2023-03-06,163.6,163.792,162.984,163.411
2023-03-07,163.391,163.864,162.053,162.231
2023-03-08,162.238,162.987,161.712,162.688
2023-03-09,162.521,162.702,161.616,162.38
2023-03-10,162.308,164.254,161.953,162.456
2023-03-13,162.454,163.08,160.047,162.271
2023-03-14,162.285,164.087,161.872,163.183
2023-03-15,163.209,164.145,159.214,160.841
2023-03-16,160.943,162.114,158.567,161.953
2023-03-17,161.918,162.195,160.118,160.538
2023-03-20,160.708,161.742,158.965,161.244
2023-03-21,161.208,162.267,160.763,161.895
2023-03-22,161.859,163.342,160.794,161.253
2023-03-23,161.224,161.86,159.94,160.748
2023-03-24,160.75,160.856,158.264,159.909
2023-03-27,159.73,161.849,159.674,161.651
2023-03-28,161.598,161.785,160.737,161.525
2023-03-29,161.556,163.69,161.354,163.629
2023-03-30,163.435,164.458,162.981,164.342
2023-03-31,164.343,165.474,163.628,163.919
2023-04-03,164.167,164.905,163.428,164.411
2023-04-04,164.355,166.414,164.184,164.649
2023-04-05,164.643,164.68,162.776,163.562
2023-04-06,163.568,164.118,162.903,163.884
2023-04-07,163.9,164.372,163.566,164.093
2023-04-10,164.209,165.5,163.993,165.445
2023-04-11,165.415,166.197,165.195,166.1
2023-04-12,166.1,166.6,165.389,166.231
2023-04-13,166.154,166.851,165.404,166.027
2023-04-14,165.993,166.233,165.413,166.074
2023-04-17,166.17,166.636,165.694,166.429
2023-04-18,166.465,167.012,166.169,166.639
2023-04-19,166.716,167.976,166.492,167.575
2023-04-20,167.65,167.71,166.844,167.043
2023-04-21,166.96,167.099,165.52,166.798
2023-04-24,166.524,167.724,166.524,167.606
2023-04-25,167.406,167.961,165.425,165.99
2023-04-26,166.017,167.015,165.655,166.669
2023-04-27,166.613,167.507,166.319,167.422
2023-04-28,167.285,171.203,166.463,171.178
2023-05-01,171.18,172.099,170.996,171.821
2023-05-02,171.778,172.331,169.955,170.249
2023-05-03,170.311,170.405,169.146,169.243
2023-05-04,169.157,169.544,168.06,168.847
2023-05-05,168.758,170.622,168.673,170.285
2023-05-08,170.445,171.073,170.185,170.472
2023-05-09,170.45,170.713,169.86,170.644
2023-05-10,170.623,171.182,169.108,169.625
2023-05-11,169.596,169.761,167.844,168.273
2023-05-12,168.353,169.136,168.192,169.051
2023-05-15,169.026,170.625,168.927,170.53
2023-05-16,170.514,170.844,169.401,170.333
2023-05-17,170.313,172.012,170.114,171.94
2023-05-18,171.913,172.164,171.194,172.123
2023-05-19,172.105,172.512,171.251,171.74
2023-05-22,171.81,172.583,171.201,172.379
2023-05-23,172.325,172.63,171.291,172.049
2023-05-24,172.096,172.798,171.234,172.436
2023-05-25,172.435,172.783,171.695,172.565
2023-05-26,172.568,173.738,172.209,173.502
2023-05-29,173.476,173.98,172.951,173.514
2023-05-30,173.49,174.281,172.995,173.537
2023-05-31,173.475,173.657,172.531,173.354
2023-06-01,173.273,174.223,172.968,173.868
2023-06-02,173.983,174.683,173.746,174.21
2023-06-05,174.315,174.369,172.858,173.608
2023-06-06,173.457,173.781,172.68,173.49
2023-06-07,173.547,174.439,172.672,174.278
2023-06-08,174.177,174.523,173.909,174.49
2023-06-09,174.479,175.549,174.306,175.259
2023-06-12,175.24,175.773,174.355,174.661
2023-06-13,174.693,176.867,174.461,176.84
2023-06-14,176.895,177.424,176.448,177.409
2023-06-15,177.36,179.405,177.261,179.339
2023-06-16,179.362,182.05,178.832,181.698
2023-06-19,181.677,182.132,181.224,181.621
2023-06-20,181.605,182.096,179.926,180.59
2023-06-21,180.507,181.615,179.928,181.174
2023-06-22,181.077,182.564,180.711,182.436
2023-06-23,182.382,182.952,181.259,182.683
2023-06-26,182.697,182.999,181.688,182.428
2023-06-27,182.425,183.767,182.24,183.673
2023-06-28,183.7,183.718,182.149,182.568
2023-06-29,182.638,182.883,182.219,182.616
2023-06-30,182.538,183.88,182.208,183.274
2023-07-03,183.246,183.763,183.099,183.662
2023-07-04,183.661,183.915,183.235,183.677
2023-07-05,183.792,184.019,183.156,183.788
2023-07-06,183.72,184.011,182.503,183.553
2023-07-07,183.509,183.607,182.02,182.573
2023-07-10,182.473,183.227,181.101,181.749
2023-07-11,181.759,181.997,180.801,181.543
2023-07-12,181.505,181.524,179.472,179.851
2023-07-13,179.908,181.468,179.498,181.339
2023-07-14,181.258,182.295,180.204,181.754
2023-07-17,181.777,182.151,180.577,181.344
2023-07-18,181.381,181.848,180.367,180.985
2023-07-19,181.225,181.674,179.824,180.697
2023-07-20,180.673,180.723,179.734,180.244
2023-07-21,180.232,182.532,179.913,182.156
2023-07-24,182.16,182.348,180.762,181.478
2023-07-25,181.348,182.018,181.155,181.798
2023-07-26,181.925,182.01,180.915,181.485
2023-07-27,181.502,181.931,177.421,178.459
2023-07-28,178.52,181.498,176.319,181.43
2023-07-31,181.23,183.197,180.875,182.625
2023-08-01,182.677,183.258,182.588,183.133
2023-08-02,183.063,183.143,181.757,182.181
2023-08-03,182.238,182.769,180.423,181.185
2023-08-04,181.108,181.749,180.657,180.732
2023-08-07,180.855,182.196,180.583,182.173
2023-08-08,182.058,182.962,181.384,182.787
2023-08-09,182.61,183.025,182.371,182.808
2023-08-10,182.763,184.252,182.688,183.467
2023-08-11,183.528,184.247,183.407,184.024
2023-08-14,184.03,184.859,183.467,184.614
2023-08-15,184.603,185.332,184.347,184.946
2023-08-16,184.855,186.347,184.7,186.327
2023-08-17,186.128,186.474,185.562,185.898
2023-08-18,185.888,185.938,184.557,185.121
2023-08-21,185.142,186.663,184.888,186.529
2023-08-22,186.523,186.772,185.533,185.75
2023-08-23,185.678,185.951,183.373,184.32
2023-08-24,184.23,184.775,183.605,183.73
2023-08-25,183.755,184.415,183.355,184.19
2023-08-28,184.335,184.71,184.18,184.66
2023-08-29,184.685,185.27,184.075,184.45
2023-08-30,184.425,186.07,184.375,186.04
2023-08-31,185.955,186.015,184.08,184.45
2023-09-01,184.475,184.565,183.54,184.09
2023-09-04,184.135,185.09,183.845,184.935
2023-09-05,184.885,185.785,184.07,185.6
2023-09-06,185.58,185.65,184.252,184.685
2023-09-07,184.583,184.775,183.376,183.723
2023-09-08,183.75,184.47,183.069,184.309
2023-09-11,183.256,183.915,182.684,183.365
2023-09-12,183.438,183.948,182.948,183.698
2023-09-13,183.723,184.393,183.196,184.179
2023-09-14,184.093,184.132,182.519,183
2023-09-15,182.975,183.916,182.781,183.071
2023-09-18,183.043,183.349,182.724,182.777
2023-09-19,182.915,183.497,182.722,183.226
2023-09-20,183.18,183.355,182.467,183.113
2023-09-21,183.033,183.079,180.8,181.489
2023-09-22,181.488,182.311,181.209,181.624
2023-09-25,181.7,181.96,181.408,181.81
2023-09-26,181.75,181.815,181.049,181.228
2023-09-27,181.225,181.681,180.889,181.585
2023-09-28,181.645,182.428,181.056,182.153
2023-09-29,182.242,183.026,181.888,182.225
2023-10-02,182.445,182.822,181.126,181.131
2023-10-03,181.072,181.378,178.064,179.968
2023-10-04,180.028,181.262,179.566,180.957
2023-10-05,180.96,181.084,180.289,181.066
2023-10-06,181.067,182.984,180.847,182.743
2023-10-09,181.933,182.32,181.256,181.736
2023-10-10,181.785,182.789,181.547,182.717
2023-10-11,182.65,183.755,182.485,183.675
2023-10-12,183.577,183.823,182.336,182.384
2023-10-13,182.471,182.952,181.273,181.632
2023-10-16,181.598,182.74,181.319,182.66
2023-10-17,182.71,182.809,181.001,182.522
2023-10-18,182.55,182.817,181.848,182.019
2023-10-19,182.005,182.529,181.177,181.901
2023-10-20,181.848,182.375,181.3,182.284
2023-10-23,182.295,183.43,182.09,183.376
2023-10-24,183.34,183.758,182.058,182.286
2023-10-25,182.249,182.456,181.631,181.948
2023-10-26,181.78,182.593,181.12,182.406
2023-10-27,182.43,182.516,181.046,181.364
2023-10-30,181.284,181.88,180.768,181.438
2023-10-31,181.397,184.391,181.3,184.337
2023-11-01,184.245,184.294,182.947,183.444
2023-11-02,183.415,183.73,182.739,183.591
2023-11-03,183.579,185.022,183.228,184.976
2023-11-06,184.77,185.966,184.77,185.247
2023-11-07,185.3,185.465,184.652,184.942
2023-11-08,184.974,185.677,184.552,185.471
2023-11-09,185.402,185.897,184.849,184.998
2023-11-10,184.956,185.343,184.643,185.261
2023-11-13,185.251,186.322,185.035,186.303
2023-11-14,186.19,188.29,186.092,187.958
2023-11-15,187.958,188.24,187.195,187.919
2023-11-16,187.872,187.92,186.83,187.119
2023-11-17,187.123,187.163,185.323,186.456
2023-11-20,186.403,186.796,184.635,185.554
2023-11-21,185.506,186.098,184.469,186.062
2023-11-22,186.003,187.035,185.64,186.842
2023-11-23,186.79,187.678,186.286,187.451
2023-11-24,187.47,188.666,187.108,188.331
2023-11-27,188.438,188.532,187.608,187.754
2023-11-28,187.639,187.879,187.056,187.216
2023-11-29,187.203,187.539,186.626,186.926
2023-11-30,186.833,187.568,186.236,187.083
2023-12-01,187.018,187.524,186.196,186.726
2023-12-04,186.51,186.608,185.077,185.97
2023-12-05,185.905,186.193,185.066,185.352
2023-12-06,185.293,185.815,184.993,185.018
2023-12-07,184.94,184.995,178.566,181.514
2023-12-08,181.546,182.047,179.557,181.767
2023-12-11,181.955,184.332,181.716,183.5
2023-12-12,183.485,183.578,182.275,182.723
2023-12-13,182.618,183.156,180.196,180.285
2023-12-14,180.32,181.221,178.338,181.135
2023-12-15,181.188,181.745,179.828,180.219
2023-12-18,180.048,181.181,180,180.571
2023-12-19,180.612,184.181,180.043,183.131
2023-12-20,183.08,183.34,181.275,181.452
2023-12-21,181.235,181.479,179.786,180.325
2023-12-22,180.384,181.342,179.95,180.93
2023-12-26,180.697,181.302,180.514,181.202
2023-12-27,181.208,182.196,181.096,181.509
2023-12-28,181.313,181.4,179.003,180.063
2023-12-29,180.092,180.539,179.31,179.728
2024-01-02,179.609,180.654,178.74,179.143
2024-01-03,179.154,181.756,179.109,181.481
2024-01-04,181.476,183.786,181.015,183.426
2024-01-05,183.359,184.31,183.333,183.931
2024-01-08,183.838,184.235,183.025,183.872
2024-01-09,183.91,183.927,182.754,183.629
2024-01-10,183.621,185.757,183.417,185.731
2024-01-11,185.548,186.167,185.177,185.356
2024-01-12,185.388,185.665,184.478,184.698
2024-01-15,184.733,185.76,184.685,185.468
2024-01-16,185.521,186.19,184.982,186.001
2024-01-17,185.978,188.127,185.859,187.809
2024-01-18,187.786,188.269,187.322,188.249
2024-01-19,188.214,188.939,187.413,188.17
2024-01-22,188.266,188.4,187.763,188.224
2024-01-23,188.098,188.927,187.346,188.204
2024-01-24,188.185,188.477,187.125,187.711
2024-01-25,187.714,188.194,187.157,187.643
2024-01-26,187.595,188.569,187.338,188.229
2024-01-29,188.095,188.296,187.117,187.457
2024-01-30,187.442,187.528,186.52,187.446
2024-01-31,187.438,187.627,185.963,186.4
2024-02-01,186.298,186.657,185.231,186.62
2024-02-02,186.601,187.739,186.44,187.415
2024-02-05,187.398,187.647,186.174,186.392
2024-02-06,186.333,186.787,186.182,186.374
2024-02-07,186.407,187.269,186.187,187.097
2024-02-08,187.008,188.49,186.871,188.398
2024-02-09,188.345,188.871,188.238,188.538
2024-02-12,188.537,188.728,187.858,188.609
2024-02-13,188.598,190.08,188.441,189.903
2024-02-14,189.84,189.918,188.756,189.21
2024-02-15,189.093,189.23,187.994,188.895
2024-02-16,188.936,189.521,188.822,189.279
2024-02-19,189.123,189.393,188.91,189.069
2024-02-20,189.088,189.729,189.041,189.344
2024-02-21,189.275,189.951,189.158,189.95
2024-02-22,189.896,190.844,189.856,190.581
2024-02-23,190.595,191.145,190.404,190.703
2024-02-26,190.623,191.322,190.34,191.172
2024-02-27,191.136,191.193,190.369,190.922
2024-02-28,190.935,190.949,190.267,190.807
2024-02-29,190.658,190.774,189.047,189.343
2024-03-01,189.286,190.398,189.286,189.967
2024-03-04,189.917,191.194,189.784,191.058
2024-03-05,191.054,191.056,190.314,190.644
2024-03-06,190.65,190.704,189.862,190.188
2024-03-07,190.133,190.238,188.235,189.63
2024-03-08,189.549,189.72,188.387,189.143
2024-03-11,189.283,189.283,187.962,188.299
2024-03-12,188.29,189.204,187.983,188.926
2024-03-13,188.909,189.55,188.415,189.09
2024-03-14,189.045,189.52,188.594,189.165
2024-03-15,189.152,190.03,188.593,189.806
2024-03-18,189.743,190.163,189.539,189.861
2024-03-19,189.863,192.173,189.635,191.915
2024-03-20,191.902,193.536,191.809,193.391
2024-03-21,193.358,193.51,191.844,191.928
2024-03-22,191.973,192.243,190.389,190.795
2024-03-25,190.765,191.572,190.348,191.338
2024-03-26,191.363,191.681,191.102,191.391
2024-03-27,191.285,191.536,190.506,191.164
2024-03-28,191.06,191.33,190.568,191.033
2024-03-29,191.068,191.232,190.783,191.039
2024-04-01,191.211,191.359,190.182,190.341
2024-04-02,190.387,190.721,190.046,190.63
2024-04-03,190.585,191.936,190.428,191.926
2024-04-04,191.877,192.25,191.02,191.33
2024-04-05,191.265,191.641,190.678,191.62
2024-04-08,191.495,192.195,191.376,192.138
2024-04-09,192.127,192.857,192.089,192.407
2024-04-10,192.363,193.021,191.472,192.068
2024-04-11,191.865,192.586,191.566,192.401
2024-04-12,192.351,192.407,189.991,190.754
2024-04-15,190.485,192.72,190.386,192.017
2024-04-16,191.983,192.817,191.648,192.264
2024-04-17,192.283,192.843,191.683,192.28
2024-04-18,192.26,192.787,191.904,192.317
2024-04-19,192.356,192.731,190.305,191.27
2024-04-22,191.365,191.703,190.32,191.231
2024-04-23,191.213,192.852,190.832,192.747
2024-04-24,192.756,193.644,192.418,193.624
2024-04-25,193.405,194.951,193.355,194.779
2024-04-26,194.695,197.937,193.966,197.803
2024-04-29,197.067,200.567,193.599,196.409
2024-04-30,196.173,197.378,196.082,197.127
2024-05-01,197.096,197.428,191.796,193.657
2024-05-02,194.005,195.758,191.861,192.614
2024-05-03,192.6,192.729,191.364,192.008
2024-05-06,191.813,193.673,191.721,193.36
2024-05-07,193.308,194.136,192.994,193.499
2024-05-08,193.498,194.514,193.338,194.384
2024-05-09,194.288,194.865,193.837,194.71
2024-05-10,194.657,195.345,194.485,195.11
2024-05-13,194.953,196.284,194.744,196.2
2024-05-14,196.148,197.061,195.724,196.96
2024-05-15,196.91,197.095,195.859,196.465
2024-05-16,196.353,196.928,195.05,196.874
2024-05-17,196.877,197.861,196.798,197.705
2024-05-20,197.545,198.647,197.393,198.556
2024-05-21,198.486,198.912,198.269,198.477
2024-05-22,198.432,199.548,198.389,199.404
2024-05-23,199.33,199.898,199.023,199.269
2024-05-24,199.203,200.068,199.046,199.918
2024-05-27,200.02,200.437,199.614,200.321
2024-05-28,200.34,200.651,200.157,200.576
2024-05-29,200.567,200.746,200.049,200.222
2024-05-30,200.164,200.248,198.755,199.662
2024-05-31,199.625,200.517,199.239,200.464
2024-06-03,200.27,200.652,199.226,199.892
2024-06-04,199.873,200.425,197.206,197.793
2024-06-05,197.793,199.752,197.676,199.613
2024-06-06,199.525,199.943,198.833,199.031
2024-06-07,199.03,199.816,198.398,199.398
2024-06-10,199.5,200.05,198.938,199.923
2024-06-11,199.809,200.403,199.685,200.189
2024-06-12,200.17,200.947,199.944,200.571
2024-06-13,200.492,201.32,199.694,200.413
2024-06-14,200.365,201.619,198.924,199.601
2024-06-17,199.62,200.458,199.063,200.405
2024-06-18,200.32,200.848,200.024,200.621
2024-06-19,200.575,201.133,200.42,201.104
2024-06-20,201.013,201.395,200.819,201.155
2024-06-21,201.16,202.087,200.475,202.073
2024-06-24,201.967,202.707,201.127,202.485
2024-06-25,202.445,202.731,201.965,202.586
2024-06-26,202.531,203.154,202.423,202.974
2024-06-27,202.938,203.389,202.505,203.2
2024-06-28,203.208,203.598,202.567,203.4
2024-07-01,203.588,204.784,203.306,204.266
2024-07-02,204.363,204.867,203.879,204.798
2024-07-03,204.715,206.173,204.68,206.017
2024-07-04,206.019,206.1,205.293,205.787
2024-07-05,205.861,206.45,204.984,206.006
2024-07-08,205.725,206.672,205.294,205.958
2024-07-09,205.973,206.589,205.867,206.272
2024-07-10,206.252,207.821,206.158,207.748
2024-07-11,207.676,208.115,203.834,205.134
2024-07-12,205.11,206.344,203.843,204.955
2024-07-15,205.178,205.41,204.149,205.004
2024-07-16,204.926,205.792,204.852,205.445
2024-07-17,205.398,205.695,203.022,203.205
2024-07-18,203.195,203.874,202.104,203.705
2024-07-19,203.721,204.231,202.956,203.361
2024-07-22,203.313,203.614,201.89,203.094
2024-07-23,202.938,203.163,200.75,200.82
2024-07-24,200.795,201.19,197.775,198.63
2024-07-25,198.622,198.804,195.868,197.822
2024-07-26,197.813,199.143,196.896,197.881
2024-07-29,197.81,198.614,196.789,198.098
2024-07-30,198.008,199.477,195.952,196.095
2024-07-31,196.076,197.617,192.174,192.813
2024-08-01,192.825,193.263,190.177,190.298
2024-08-02,190.263,190.514,187.383,187.667
2024-08-05,187.615,187.706,180.106,184.209
2024-08-06,184.175,187.102,182.808,183.181
2024-08-07,183.173,188.089,183.126,186.162
2024-08-08,186.118,187.885,184.484,187.683
2024-08-09,187.673,188.426,186.474,187.125
2024-08-12,187.145,189.334,187.145,187.997
2024-08-13,187.893,189.521,187.588,188.874
2024-08-14,188.845,189.438,187.868,189.015
2024-08-15,188.933,192.024,188.758,191.911
2024-08-16,191.976,192.01,190.377,191.126
2024-08-19,191.133,191.631,188.241,190.451
2024-08-20,190.469,191.274,189.232,189.332
2024-08-21,189.315,191.482,188.944,190.032
2024-08-22,190.127,191.945,189.642,191.472
2024-08-23,191.423,192.038,190.274,190.79
2024-08-26,190.611,190.792,189.508,190.593
2024-08-27,190.601,191.927,190.246,190.907
2024-08-28,191.005,191.453,190.358,190.725
2024-08-29,190.7,191.55,190.254,190.922
2024-08-30,190.833,192.023,190.492,191.867
2024-09-02,191.76,193.487,191.337,193.138
2024-09-03,193.088,193.364,190.324,190.781
2024-09-04,190.767,190.854,188.942,188.981
2024-09-05,188.92,189.788,188.07,189.075
2024-09-06,189.03,189.568,186.517,186.912
2024-09-09,186.903,188.132,186.433,187.195
2024-09-10,187.135,188.101,185.728,186.332
2024-09-11,186.215,186.375,183.721,185.684
2024-09-12,185.661,186.74,185.291,186.122
2024-09-13,186.105,186.225,184.367,184.829
2024-09-16,184.783,186.044,183.767,185.841
2024-09-17,185.862,187.459,185.295,187.428
2024-09-18,187.35,188.059,185.83,188.008
2024-09-19,187.881,190.395,187.44,189.464
2024-09-20,189.432,191.996,188.704,191.597
2024-09-23,191.643,192.445,190.135,191.689
2024-09-24,191.573,193.326,191.341,192.104
2024-09-25,192.068,193.268,191.761,192.869
2024-09-26,192.782,194.359,192.511,194.275
2024-09-27,194.155,195.976,190.008,190.201
2024-09-30,190.318,192.318,189.566,192.105
2024-10-01,192.03,193.363,189.859,190.734
2024-10-02,190.773,194.426,190.417,194.322
2024-10-03,194.147,195.18,192.134,192.848
2024-10-04,192.765,195.53,191.739,195.156
2024-10-07,195.05,195.625,193.343,193.877
2024-10-08,193.845,194.378,192.888,194.197
2024-10-09,194.15,195.254,193.594,195.161
2024-10-10,195.066,195.504,193.577,194.021
2024-10-11,193.933,195.238,193.866,194.905
2024-10-14,194.798,195.716,194.635,195.581
2024-10-15,195.665,195.734,194.65,195.064
2024-10-16,195.05,195.307,193.706,194.379
2024-10-17,194.281,195.606,193.836,195.441
2024-10-18,195.37,196.053,194.759,195.178
2024-10-21,195.14,195.9,194.572,195.867
2024-10-22,195.81,196.525,195.105,196.165
2024-10-23,196.125,198.44,195.991,197.393
2024-10-24,197.375,197.637,196.428,197.001
2024-10-25,196.921,197.79,196.392,197.415
2024-10-28,198.63,199.364,197.8,198.853
2024-10-29,198.831,199.72,198.041,199.598
2024-10-30,199.603,199.812,198.207,198.863
2024-10-31,198.868,198.949,195.373,196.114
2024-11-01,196.137,198.389,195.784,197.75
2024-11-04,197.693,197.871,196.498,197.123
2024-11-05,197.103,197.876,197.011,197.753
2024-11-06,197.51,199.53,197.338,199.163
2024-11-07,199.151,199.562,198.325,198.623
2024-11-08,198.593,198.93,196.744,197.199
2024-11-11,196.975,198.467,196.975,197.811
2024-11-12,197.795,198.061,196.886,197.104
2024-11-13,197.108,197.817,196.658,197.577
2024-11-14,197.51,198.247,197.075,197.936
2024-11-15,197.937,198.456,194.297,194.799
2024-11-18,195.098,196.154,194.365,196.093
2024-11-19,196.078,196.223,193.571,196.143
2024-11-20,196.118,197.788,195.956,196.661
2024-11-21,196.532,196.663,194.372,194.556
2024-11-22,194.598,194.815,192.853,193.94
2024-11-25,194.246,194.631,193.271,193.83
2024-11-26,193.82,193.875,192.042,192.422
2024-11-27,192.443,192.625,190.697,191.59
2024-11-28,191.575,192.476,191.37,192.255
2024-11-29,192.23,192.314,190.151,190.648
2024-12-02,190.553,191.295,188.477,189.323
2024-12-03,189.283,190.382,188.086,189.601
2024-12-04,189.569,191.531,189.362,191.27
2024-12-05,191.273,192.218,190.346,191.509
2024-12-06,191.447,192.375,190.724,191.119
2024-12-09,191.18,193.415,190.603,192.79
2024-12-10,192.68,194.124,192.458,194.059
2024-12-11,194.021,194.843,192.526,194.397
2024-12-12,194.373,195,192.935,193.432
2024-12-13,193.44,194.464,192.86,194.001
2024-12-16,193.915,195.891,193.655,195.488
2024-12-17,195.498,195.904,194.658,194.999
2024-12-18,195.043,195.777,194.08,194.501
2024-12-19,194.63,198.958,194.067,196.828
2024-12-20,196.842,197.308,195.755,196.318
2024-12-23,196.53,197.079,196.448,197.02
2024-12-24,196.893,197.635,196.611,196.966
2024-12-26,197.085,198.018,197.026,197.85
2024-12-27,197.693,198.717,197.218,198.501
2024-12-30,198.483,198.964,196.329,196.84
2024-12-31,196.904,197.198,195.748,196.994
2025-01-02,197.45,197.49,194.196,195.022
2025-01-03,194.935,195.547,194.647,195.385
2025-01-06,195.382,197.415,195.193,197.367
2025-01-07,197.294,198.258,196.878,197.205
2025-01-08,197.165,197.553,195.126,195.77
2025-01-09,195.67,195.817,193.485,194.618
2025-01-10,194.61,194.777,192.209,192.564
2025-01-13,192.568,192.763,190.079,192.155
2025-01-14,192.215,193.008,191.494,192.95
2025-01-15,192.973,193.032,191.098,191.54
2025-01-16,191.452,191.513,189.775,189.867
2025-01-17,189.93,190.611,189.334,190.188
2025-01-20,190.326,192.021,189.892,191.846
2025-01-21,191.895,192.208,190.481,192.052
2025-01-22,191.955,193.015,191.698,192.792
2025-01-23,192.717,193.011,192.286,192.776
2025-01-24,192.779,194.755,192.072,194.674
2025-01-27,194.2,194.653,192.158,193.119
2025-01-28,193.088,194.03,192.712,193.541
2025-01-29,193.488,193.753,192.489,193.294
2025-01-30,193.115,193.304,191.455,191.619
2025-01-31,191.528,193.037,191.196,192.326
2025-02-03,190.912,192.853,190.028,192.674
2025-02-04,192.497,193.176,191.775,192.608
2025-02-05,192.597,192.773,190.294,190.859
2025-02-06,190.763,190.968,188.071,188.305
2025-02-07,188.305,189.585,187.054,187.765
2025-02-10,187.28,189.147,187.115,187.977
2025-02-11,187.911,189.926,187.253,189.791
2025-02-12,189.735,192.684,189.622,192.16
2025-02-13,192.16,193.062,191.179,192.014
2025-02-14,191.978,192.508,191.411,191.716
2025-02-17,191.655,191.768,190.637,191.26
2025-02-18,191.215,191.952,190.844,191.797
2025-02-19,191.985,192.194,190.455,190.655
2025-02-20,190.558,190.622,188.685,189.581
2025-02-21,189.47,190.946,188.149,188.639
2025-02-24,188.567,189.595,188.229,189.031
2025-02-25,189.047,189.748,188.165,188.782
2025-02-26,188.755,189.864,188.398,189.005
2025-02-27,189.003,190.111,188.577,188.774
2025-02-28,188.716,190.322,187.687,189.568
2025-03-03,189.64,191.987,188.82,189.879
2025-03-04,189.98,191.78,188.251,191.638
2025-03-05,191.58,192.331,190.879,191.986
2025-03-06,191.892,192.562,189.887,190.631
2025-03-07,190.491,191.434,189.664,191.266
2025-03-10,191.153,191.153,189.186,189.654
2025-03-11,189.66,191.689,188.796,191.384
2025-03-12,191.51,193.112,191.246,192.189
2025-03-13,192.193,192.349,190.743,191.443
2025-03-14,191.386,192.753,191.297,192.26
2025-03-17,192.385,193.97,191.97,193.847
2025-03-18,193.843,194.906,193.714,194.082
2025-03-19,194.063,194.712,193.246,193.346
2025-03-20,193.298,193.601,192.061,192.918
2025-03-21,192.983,193.592,192.012,192.908
2025-03-24,192.576,194.778,192.576,194.759
2025-03-25,194.716,195.008,193.631,194.047
2025-03-26,194.112,194.792,193.472,194.072
2025-03-27,194.078,195.979,193.507,195.584
2025-03-28,195.518,195.724,193.736,193.843
2025-03-31,193.918,194.003,192.738,193.719
2025-04-01,193.875,193.939,192.213,193.353
2025-04-02,193.338,195.789,192.988,194.168
2025-04-03,193.63,193.673,191.151,191.331
2025-04-04,191.295,191.765,187.532,189.346
2025-04-07,186.785,190.094,186.121,188.085
2025-04-08,188.335,188.955,186.547,186.732
2025-04-09,186.75,189.832,184.377,189.47
2025-04-10,189.508,189.689,186.357,187.339
2025-04-11,187.458,188.207,186.025,187.746
2025-04-14,188.418,189.207,186.584,188.666
2025-04-15,188.633,189.598,188.525,189.474
2025-04-16,189.44,189.669,187.57,187.838
2025-04-17,187.818,189.369,187.467,188.915
2025-04-18,188.868,189.168,188.747,189.022
2025-04-21,188.535,188.85,188.005,188.464
2025-04-22,188.568,188.872,187.468,188.774
2025-04-23,188.71,190.32,188.239,190.133
2025-04-24,190.052,190.395,189.304,190.285
2025-04-25,190.235,191.727,190.06,191.299
2025-04-28,191.145,191.559,190.666,190.905
2025-04-29,190.93,191.351,190.398,190.827
2025-04-30,190.587,191.266,189.977,190.685
2025-05-01,190.57,193.464,190.344,193.072
2025-05-02,193.328,193.756,191.484,192.38
2025-05-05,192.043,192.314,191.033,191.068
2025-05-06,191.09,191.353,190.324,190.436
2025-05-07,190.573,191.671,190.429,191.164
2025-05-08,191.075,193.506,190.997,193.273
2025-05-09,193.215,193.481,192.355,193.37
2025-05-12,193.921,195.807,193.634,195.606
2025-05-13,195.61,196.384,194.785,196.256
2025-05-14,196.292,196.412,194.244,194.614
2025-05-15,194.5,194.64,193.44,193.82
2025-05-16,193.855,193.879,193.04,193.404
2025-05-19,192.938,194.076,192.775,193.549
2025-05-20,193.51,194.218,192.926,193.535
2025-05-21,193.648,193.648,192.581,192.816
2025-05-22,192.733,193.602,191.9,193.248
2025-05-23,193.26,193.564,192.073,193.039
2025-05-26,192.73,194.045,192.681,193.748
2025-05-27,193.735,195.628,193.064,194.946
2025-05-28,195.043,195.416,194.383,195.075
2025-05-29,195.04,196.323,194.294,194.531
2025-05-30,194.528,194.666,193.398,193.87
2025-06-02,193.718,193.906,193.009,193.289
2025-06-03,193.204,194.785,192.733,194.604
2025-06-04,194.75,195.238,193.444,193.519
2025-06-05,193.513,195.506,193.267,194.791
2025-06-06,194.88,196.193,194.716,195.953
2025-06-09,195.892,196.154,195.449,195.906
2025-06-10,195.763,196.448,194.777,195.569
2025-06-11,195.75,196.245,195.294,195.824
2025-06-12,195.79,195.865,194.717,195.322
2025-06-13,195.39,195.982,193.769,195.566
2025-06-16,195.293,196.695,195.125,196.515
2025-06-17,196.463,196.851,194.909,195.102
2025-06-18,195.656,195.656,194.338,194.78
2025-06-19,194.763,195.958,194.022,195.854
2025-06-20,195.718,196.709,195.682,196.532
2025-06-23,196.566,198.204,196.199,197.652
2025-06-24,197.548,197.745,196.953,197.329
2025-06-25,197.408,198.582,197.049,198.458
2025-06-26,198.315,198.604,197.715,198.249
2025-06-27,198.158,198.813,198.015,198.355
2025-06-30,198.07,198.465,197.216,197.803
2025-07-01,197.57,197.845,196.278,197.146
2025-07-02,197.133,197.554,195.361,195.889
2025-07-03,196.015,198.11,195.759,197.906
2025-07-04,197.953,197.953,196.907,197.267
2025-07-07,197.223,199.01,196.789,198.674
2025-07-08,198.81,199.479,198.518,199.195
2025-07-09,199.136,199.832,198.737,198.82
2025-07-10,198.848,199.257,198.382,198.595
2025-07-11,198.598,199.454,198.237,198.917
2025-07-14,198.558,198.991,198.105,198.344
2025-07-15,198.378,199.527,198.21,199.239
2025-07-16,199.298,199.741,197.946,198.479
2025-07-17,198.396,199.559,198.244,199.348
2025-07-18,199.357,199.976,199.18,199.674
2025-07-21,198.63,199.431,198.525,198.83
2025-07-22,198.655,199.294,197.436,198.431
2025-07-23,198.448,199.089,197.756,198.983
2025-07-24,198.911,199.016,198.135,198.635
2025-07-25,198.571,199.086,198.13,198.515
2025-07-28,198.377,199.219,198.322,198.369
2025-07-29,198.373,198.522,197.737,198.229
2025-07-30,198.288,198.429,197.449,197.891
2025-07-31,197.905,199.521,196.968,199.093
2025-08-01,199.122,199.308,195.339,195.711
2025-08-04,195.648,196.536,195.03,195.393
2025-08-05,195.46,196.462,195.039,196.321
2025-08-06,196.273,197.104,196.1,196.811
2025-08-07,196.948,198.026,196.243,197.822
2025-08-08,197.795,198.832,197.383,198.73
2025-08-11,198.547,199.071,198.184,199
2025-08-12,198.99,200.087,198.892,199.58
2025-08-13,199.505,200.288,199.432,200.067
2025-08-14,200.002,200.166,198.599,199.929
2025-08-15,200.145,200.163,198.914,199.398
2025-08-18,199.52,200.273,199.379,199.697
2025-08-19,199.585,199.869,198.822,199.225
2025-08-20,199.087,199.451,197.863,198.273
2025-08-21,198.24,199.234,198.128,198.974
2025-08-22,198.915,199.536,198.323,198.723
2025-08-25,198.643,199.3,198.47,198.831
2025-08-26,198.853,199.062,198.277,198.718
2025-08-27,198.644,199.193,198.586,198.986
2025-08-28,198.902,199.144,198.402,198.542
2025-08-29,198.167,198.667,197.951,198.57
2025-09-01,198.493,199.567,198.47,199.355
2025-09-02,199.331,200.272,198.321,198.727
2025-09-03,198.628,199.729,198.487,199.106
2025-09-04,199.07,199.825,198.774,199.472
2025-09-05,199.508,199.778,198.672,199.147
2025-09-08,200.183,200.353,199.363,199.796
2025-09-09,199.825,199.89,198.796,199.417
2025-09-10,199.335,199.81,199.249,199.523
2025-09-11,199.461,200.143,199.334,199.817
2025-09-12,199.799,200.488,199.672,200.199
2025-09-15,200.09,200.753,199.928,200.467
2025-09-16,200.383,200.722,199.789,199.906
2025-09-17,199.927,200.359,199.483,200.286
2025-09-18,200.373,201.27,200.049,200.605
2025-09-19,200.503,200.614,199.217,199.327
2025-09-22,199.225,199.796,199.189,199.633
2025-09-23,199.57,199.973,199.152,199.698
2025-09-24,199.655,200.254,199.463,200.22
2025-09-25,200.228,200.35,199.611,199.902
2025-09-26,199.858,200.52,199.7,200.389
2025-09-29,200.322,200.427,199.339,199.532
2025-09-30,199.615,199.778,198.583,198.84
2025-10-01,198.753,199.222,197.917,198.223
2025-10-02,198.195,198.619,197.491,197.91
2025-10-03,197.935,198.871,197.749,198.778
2025-10-06,200.966,202.826,200.239,202.761
2025-10-07,202.511,204.072,202.12,203.92
2025-10-08,204.012,205.328,203.753,204.665
2025-10-09,204.695,204.884,203.312,203.646
2025-10-10,203.505,203.755,201.869,202.026
2025-10-13,202.705,203.246,202.49,203.033
2025-10-14,203.017,203.519,201.333,202.264
2025-10-15,202.208,202.721,201.596,202.461
2025-10-16,202.478,203.435,201.72,202.085
2025-10-17,202.011,202.27,200.686,202.212
2025-10-20,202.028,203.113,201.83,202.067
2025-10-21,202.127,203.533,201.821,203.14
2025-10-22,203.155,203.263,201.928,203.006
2025-10-23,202.985,203.797,202.824,203.304
2025-10-24,203.325,203.991,203.09,203.443
2025-10-27,203.625,204.249,203.544,203.866
2025-10-28,203.895,203.929,201.671,201.862
2025-10-29,201.845,201.977,200.567,201.525
2025-10-30,201.33,203.267,200.993,202.648
2025-10-31,202.645,202.929,201.849,202.531
2025-11-03,202.391,202.812,201.941,202.66
2025-11-04,202.705,202.741,199.88,200.096
2025-11-05,200.128,201.247,199.07,201.142
2025-11-06,201.081,201.385,200.304,201.08
2025-11-07,200.964,202.1,200.655,201.94
2025-11-10,202.346,203.242,201.791,203.089
2025-11-11,202.993,203.284,202.331,202.729
2025-11-12,202.698,203.573,202.608,203.303
2025-11-13,203.253,204.076,202.97,203.894
2025-11-14,204.03,204.03,202.346,203.588
2025-11-17,203.413,204.529,203.139,204.247
2025-11-18,204.258,204.748,203.698,204.425
2025-11-19,204.452,205.375,203.982,205.226
2025-11-20,205.175,206.864,204.805,205.881
2025-11-21,205.88,206.054,204.294,204.86
2025-11-24,204.971,205.913,204.947,205.586
2025-11-25,205.633,205.998,205.007,205.433
2025-11-26,205.615,207.231,205.345,207.179
2025-11-27,207.156,207.199,206.434,206.952
2025-11-28,206.86,207.211,206.154,206.67
2025-12-01,206.475,206.768,205.202,205.433
2025-12-02,205.427,206.26,205.336,205.932
2025-12-03,205.823,207.346,205.787,207.306
2025-12-04,207.18,207.361,206.35,206.692
2025-12-05,206.597,207.301,206.191,207.041
2025-12-08,206.858,207.81,206.595,207.709
2025-12-09,207.68,208.948,207.596,208.648
2025-12-10,208.758,208.901,208.239,208.78
2025-12-11,208.594,208.815,207.908,208.302
2025-12-12,208.317,208.748,207.883,208.352
2025-12-15,208.563,208.563,207.095,207.596
2025-12-16,207.579,208.007,206.774,207.699
2025-12-17,207.647,208.41,207.061,208.252
2025-12-18,208.212,209.016,207.872,208.148
2025-12-19,208.035,211.065,208.013,211.048
2025-12-22,210.975,211.595,210.618,211.402
2025-12-23,211.346,211.41,210.293,211.131
2025-12-24,211.023,211.118,210.048,210.387
2025-12-26,210.874,211.515,210.631,211.375
2025-12-29,211.221,211.382,210.44,210.876
2025-12-30,210.787,211.099,210.43,210.625
2025-12-31,210.579,211.101,210.262,210.983
2026-01-02,211.172,211.446,210.753,211.104
2026-01-05,211.023,211.844,210.516,211.743
2026-01-06,211.69,212.159,211.316,211.482
2026-01-07,211.405,211.757,210.939,210.967
2026-01-08,211.005,211.165,210.307,210.83
2026-01-09,210.71,212.067,210.677,211.733
2026-01-12,211.72,213.016,211.642,212.931
2026-01-13,212.837,214.297,212.67,213.596
2026-01-14,213.67,214.116,212.553,213.029
2026-01-15,212.97,213.315,212,212.273
2026-01-16,212.248,212.311,211.384,211.544
2026-01-19,210.771,212.399,210.707,212.234
2026-01-20,212.327,213.499,211.852,212.55
2026-01-21,212.585,212.767,211.593,212.56
2026-01-22,212.555,213.961,212.385,213.853
2026-01-23,213.808,214.86,212.092,212.357
2026-01-26,211.973,212.085,209.611,210.944
2026-01-27,210.977,211.764,209.794,210.853
2026-01-28,210.436,212.036,210.07,211.861
2026-01-29,211.726,212.169,210.047,211.435
2026-01-30,211.313,212.473,211.137,211.794
2026-02-02,212.038,212.785,211.293,212.684
2026-02-03,212.661,213.469,212.498,213.331
2026-02-04,213.369,215.012,213.287,214.192
2026-02-05,214.118,214.238,211.787,212.481
2026-02-06,212.449,214.063,211.609,213.97
2026-02-09,213.643,214.442,212.128,213.458
2026-02-10,213.375,213.73,210.496,210.638
2026-02-11,210.629,210.741,208.184,208.866
2026-02-12,208.815,209.56,207.566,208.078
2026-02-13,208.03,209.333,207.928,208.455
2026-02-16,208.325,209.686,208.279,209.168
2026-02-17,209.268,209.497,207.24,208.04
2026-02-18,207.895,209.219,207.628,208.927
2026-02-19,208.892,209.54,208.087,208.729
2026-02-20,208.76,209.695,208.39,209.024
2026-02-23,208.937,209.231,208.142,208.658
2026-02-24,208.619,210.85,208.544,210.265
2026-02-25,210.32,212.124,210.013,212.046
2026-02-26,211.968,212.032,210.269,210.504
2026-02-27,210.447,210.836,209.802,210.403
2026-03-02,209.59,211.386,209.354,211.039
2026-03-03,211.009,211.365,209.225,210.685
2026-03-04,210.515,210.698,209.489,210.06
2026-03-05,210.021,210.628,209.187,210.501
2026-03-06,210.32,211.715,210.255,211.612
2026-03-09,211.04,212.19,210.606,211.874
2026-03-10,211.904,212.42,211.6,212.077
2026-03-11,212.075,213.309,212.038,213.193
2026-03-12,213.18,213.191,212.412,212.636
2026-03-13,212.597,212.883,211.075,211.325
2026-03-16,211.228,212.124,210.812,211.91
2026-03-17,211.913,212.487,211.637,212.372
2026-03-18,212.445,212.733,211.902,211.951
2026-03-19,211.848,212.357,210.802,211.834
2026-03-20,211.755,212.778,211.686,212.43
2026-03-23,212.16,213.314,211.584,212.829
2026-03-24,212.698,212.988,212.261,212.846
2026-03-25,212.755,213.218,212.595,213.138
2026-03-26,213.02,213.312,212.706,213.032
2026-03-27,212.915,213.11,212.231,212.562
2026-03-30,212.511,212.716,210.203,210.615
2026-03-31,210.586,211.227,209.621,209.953
2026-04-01,209.976,211.445,209.796,211.228
2026-04-02,211.265,211.298,210.345,211.008
2026-04-03,210.998,211.328,210.446,210.729
2026-04-06,210.69,211.552,210.608,211.345
2026-04-07,211.46,212.311,211.241,212.177
2026-04-08,212.238,213.156,212.133,212.387
2026-04-09,212.435,213.855,212.39,213.601
2026-04-10,213.6,214.59,213.55,214.449
2026-04-13,213.73,215.377,213.693,215.361
2026-04-14,215.243,215.791,214.914,215.425
2026-04-15,215.389,215.909,215.195,215.612
2026-04-16,215.536,215.745,215.121,215.295
2026-04-17,215.285,215.699,214.01,214.403
2026-04-20,214.203,215.106,214.157,214.97
2026-04-21,214.89,215.423,214.605,215.279
2026-04-22,215.176,215.664,214.927,215.329
2026-04-23,215.36,215.738,214.952,215.077
2026-04-24,215.081,215.784,214.949,215.678
2026-04-27,215.568,216.057,215.481,215.754
2026-04-28,215.765,215.839,214.951,215.76
2026-04-29,215.778,216.285,215.489,216.125
2026-04-30,216.067,216.602,210.444,213.016
2026-05-01,213.033,214.045,211.806,213.233
2026-05-04,213.235,213.623,211.773,212.751
2026-05-05,212.746,214.078,212.558,213.803
2026-05-06,213.771,214.236,210.761,212.579
2026-05-07,212.499,213.124,212.295,212.692
2026-05-08,212.708,213.72,212.425,213.585
2026-05-11,212.443,214.426,212.398,213.926
2026-05-12,214.148,214.207,212.747,213.418
2026-05-13,213.369,213.704,212.887,213.474
2026-05-14,213.468,213.71,211.883,212.268
2026-05-15,212.206,212.292,211.297,211.513
2026-05-18,211.308,213.555,211.308,213.364
2026-05-19,213.28,213.517,212.651,213.073
2026-05-20,213.211,213.629,212.635,213.491
2026-05-21,213.465,213.829,213.291,213.519
2026-05-22,213.526,214.051,213.433,213.788
2026-05-25,213.76,214.688,213.696,214.618
2026-05-26,214.548,214.68,214.078,214.208
2026-05-27,214.214,214.482,214.008,214.192
2026-05-28,214.059,214.219,213.33,214.109
2026-05-29,214.049,214.64,213.589,214.247
2026-06-01,214.525,215.01,214.172,214.814
2026-06-02,215.025,215.531,214.745,215.325
2026-06-03,215.397,215.408,214.426,214.762
2026-06-04,214.818,215.163,214.358,214.801
2026-06-05,214.824,215.615,213.529,213.799
2026-06-08,213.64,214.051,212.933,213.664
2026-06-09,213.718,214.798,213.5,214.552
2026-06-10,214.61,215.239,214.374,214.624
2026-06-11,214.615,214.947,213.873,214.579
2026-06-12,214.587,215.027,214.502,214.769
2026-06-15,214.71,215.377,214.403,215.065
2026-06-16,215.175,215.565,214.528,215.4
2026-06-17,215.355,215.46,213.221,213.533
2026-06-18,213.787,214.065,212.413,213.079
2026-06-19,213.098,213.604,212.466,213.479
2026-06-22,212.765,214.681,212.744,214.082
2026-06-23,214.046,214.214,212.984,213.305
2026-06-24,213.258,213.509,212.544,213.028
2026-06-25,213.085,213.732,212.815,213.43
2026-06-26,213.504,213.819,213.217,213.476
2026-06-29,213.612,214.776,213.406,214.701
2026-06-30,214.674,215.78,214.18,215.576
2026-07-01,215.618,215.946,215.116,215.827
2026-07-02,215.933,216.076,214.623,215.01
2026-07-03,215.03,215.529,214.705,215.419