time,open,high,low,close
1970-01-05,120.75,120.875,120.25,120.375
1970-01-06,120.5,120.75,120.125,120.625
1970-01-07,121,121.25,120.75,121.125
1970-01-08,121.5,121.875,121.25,121.75
1970-01-09,121.5,121.5,120.875,120.875
1970-01-12,120.75,121.5,120.375,121.25
1970-01-13,121.5,121.875,120.75,120.875
1970-01-14,120.875,121.375,120.75,121.125
1970-01-15,121.125,121.5,121,121.375
1970-01-16,121.625,121.875,121.125,121.625
1970-01-19,121.5,122.375,121.5,122.125
1970-01-20,122.375,122.5,121.75,121.75
1970-01-21,121.75,122,121.5,121.625
1970-01-22,121.625,122,121.625,121.75
1970-01-23,122.125,122.25,121.5,121.625
1970-01-26,121.25,121.25,120.625,120.625
1970-01-27,120.25,120.5,120.125,120.125
1970-01-28,120.25,120.875,120.125,120.625
1970-01-29,120.75,121.25,120.125,120.125
1970-01-30,120.375,120.5,120.25,120.375
1970-02-02,120.625,121.5,120.625,121.25
1970-02-03,121.25,121.375,120.5,120.5
1970-02-04,120.375,120.75,120.25,120.5
1970-02-05,120.375,120.75,120.125,120.75
1970-02-06,120.625,120.75,120.375,120.5
1970-02-09,120.5,120.75,120.125,120.625
1970-02-10,120.875,120.875,120.375,120.875
1970-02-11,120.625,121.25,120.375,121.125
1970-02-12,121.875,122,121.25,122
1970-02-13,121.75,122,121.25,121.375
1970-02-16,121.625,122.25,121.5,122
1970-02-17,122,122.125,121.25,121.375
1970-02-18,121.5,122.875,121.375,122.875
1970-02-19,122.875,122.875,122.375,122.5
1970-02-20,122.375,123.125,122.25,122.625
1970-02-24,122.75,123.25,122,122
1970-02-25,121.625,122,121.375,121.75
1970-02-26,121.625,121.625,121.125,121.25
1970-02-27,121.375,122.25,121.375,122
1970-03-02,122,122,121.25,121.25
1970-03-03,121.625,121.625,121.25,121.375
1970-03-04,121.5,121.5,121.25,121.375
1970-03-05,122.875,123.125,122.75,123
1970-03-06,123.125,123.75,123,123.375
1970-03-09,123.25,123.25,122.875,123
1970-03-10,122.75,123,122.625,122.875
1970-03-11,122.875,123,122.625,122.875
1970-03-12,122.75,123.125,122.75,122.875
1970-03-13,122.875,123,122.75,122.75
1970-03-16,122.75,123.75,122.625,123.125
1970-03-17,123,123.375,123,123.375
1970-03-18,123.375,123.375,123,123.125
1970-03-19,123.25,123.5,122.25,122.5
1970-03-20,122.5,122.75,122.375,122.625
1970-03-23,122.875,123.375,122.625,122.875
1970-03-24,122.625,122.75,122.5,122.5
1970-03-25,122.625,122.75,122.375,122.75
1970-03-26,123,123.25,122.75,123.125
1970-03-30,123,123,122.625,122.75
1970-03-31,122.875,122.875,122.625,122.875
1970-04-01,123.125,123.625,123,123.625
1970-04-02,123.625,124.75,123.625,124.375
1970-04-03,124.625,125.5,124.625,124.875
1970-04-06,125.125,125.5,124.875,125.375
1970-04-07,125.25,125.75,125,125.625
1970-04-08,125.625,125.625,124.25,124.875
1970-04-09,125.125,125.25,124.625,124.75
1970-04-10,124.25,125.5,124.25,125.125
1970-04-13,125.375,126,125.375,125.875
1970-04-14,126,127,126,126.75
1970-04-15,126.5,126.5,125.5,125.75
1970-04-16,125.875,126,125.25,125.75
1970-04-17,126,126.125,125.625,125.625
1970-04-20,126,126.375,126,126
1970-04-21,126.25,126.5,126.125,126.375
1970-04-22,126.5,126.625,125.75,125.875
1970-04-23,125.875,126.5,125.75,126.25
1970-04-24,128.25,128.875,128,128.375
1970-04-27,128.25,128.875,128,128.375
1970-04-28,128.25,128.875,128.25,128.5
1970-04-29,128.5,128.5,127.75,128
1970-04-30,128.5,128.625,128.125,128.5
1970-05-01,128.625,128.875,128.5,128.625
1970-05-04,128.25,128.625,128.25,128.25
1970-05-05,128.5,128.875,128.25,128.75
1970-05-06,128.625,128.75,128.25,128.25
1970-05-07,128,128.625,128,128.5
1970-05-08,128.625,129.125,128.625,128.875
1970-05-11,129.125,129.375,128.75,128.875
1970-05-12,129.125,129.125,128.75,128.875
1970-05-13,128.875,129.375,128.75,129.25
1970-05-14,129.625,130,129.375,129.5
1970-05-15,129.75,129.75,128.5,128.5
1970-05-18,128.5,129,128.25,128.5
1970-05-19,128.75,128.875,128.5,128.625
1970-05-20,128.5,128.875,128.375,128.75
1970-05-21,129,129.75,128.875,129.625
1970-05-22,129.75,130.375,129.75,130.25
1970-05-25,130.375,130.5,129.75,129.875
1970-05-26,129.75,129.875,128.625,129.125
1970-05-27,129.25,129.625,129,129.375
1970-05-28,129.75,130,129.125,129.375
1970-06-01,129.625,129.625,129,129.625
1970-06-02,130,130,129.625,129.625
1970-06-03,130,130.5,129.75,130
1970-06-04,130,131.125,130,130.875
1970-06-05,131.125,131.25,130.5,130.625
1970-06-08,130.375,130.5,129,130.25
1970-06-09,130.375,130.875,130.25,130.375
1970-06-10,130.75,131.5,130.625,131.375
1970-06-11,131.875,132.25,131.625,131.875
1970-06-12,132,132.25,131.625,131.75
1970-06-15,132,132.5,131.625,132.125
1970-06-16,132.5,132.875,132,132.375
1970-06-17,132.125,133.25,132.125,133.125
1970-06-18,132.875,133.25,132.625,132.625
1970-06-19,132.875,133.5,132.875,133
1970-06-22,133.25,133.5,133,133.25
1970-06-23,133.25,134,133.25,133.875
1970-06-24,134.25,134.5,133.75,133.875
1970-06-25,134.5,136.125,134.375,136.125
1970-06-26,136.5,137,135.75,136.25
1970-06-29,136.75,140.75,136.75,137.5
1970-06-30,138.5,139.25,137.5,138.125
1970-07-01,137.875,138.25,136,137
1970-07-02,135.625,137,135,136.5
1970-07-06,136.25,136.5,133.5,134
1970-07-07,134.125,135.25,134.125,134.875
1970-07-08,136,137.5,135.5,137.375
1970-07-09,137.75,137.75,136.75,136.75
1970-07-10,136.75,137.5,136.5,137.25
1970-07-13,137.25,137.25,135.125,135.125
1970-07-14,134.5,135,134,134.125
1970-07-15,133.5,135,133,134.375
1970-07-16,135,135.5,134.625,134.875
1970-07-17,135.25,135.75,135,135.25
1970-07-20,134,134.125,133.5,133.625
1970-07-21,133.875,134.25,133.75,133.875
1970-07-22,133.875,135,133.75,135
1970-07-23,134.75,135.5,134.5,135
1970-07-24,136.5,136.75,134.875,134.875
1970-07-27,134.75,134.875,133.75,133.875
1970-07-28,133.5,133.5,129.75,130
1970-07-29,130.75,132.5,130,130.875
1970-07-30,131.5,131.875,130.625,130.625
1970-07-31,131,131.75,130.25,130.875
1970-08-03,131.375,132.5,131,132
1970-08-04,132.25,132.75,131.75,131.75
1970-08-05,131.375,132.625,130.5,132.5
1970-08-06,133,133,132.125,132.625
1970-08-07,133.25,133.5,132.5,133.25
1970-08-10,133.5,134.25,132,134.25
1970-08-11,134.375,134.5,133.5,133.5
1970-08-12,136,137.625,135.5,137.625
1970-08-13,138,141.375,137.5,140.25
1970-08-14,140.25,143.5,140,143.375
1970-08-17,151.375,151.375,151.375,151.375
1970-08-18,158.75,159.25,145.5,149
1970-08-19,155,156.75,154,156.75
1970-08-20,157,159.25,153.75,156
1970-08-21,151,153,149.5,151
1970-08-24,152.5,152.5,148.75,150.75
1970-08-25,152.5,155.5,152,154.75
1970-08-26,154.75,155.5,152,152.25
1970-08-27,152,156,151.5,154.25
1970-08-28,154.5,156.5,154.5,156.25
1970-08-31,156.875,160.75,156.5,158.25
1970-09-01,156.875,157.75,154.75,154.75
1970-09-02,156.5,156.5,153.75,155.75
1970-09-03,157,157.5,154,154
1970-09-04,153,156.25,153,155.75
1970-09-08,154,154,152,152.75
1970-09-09,151,153.875,151,153.5
1970-09-10,153.75,154,152.625,152.75
1970-09-11,152,153.5,151.5,152.75
1970-09-14,152,157.5,151.75,157.25
1970-09-15,158.75,159.75,155.5,155.75
1970-09-16,156.5,157.375,154.75,155.25
1970-09-17,155.75,156,150.625,151
1970-09-18,152,154,150.5,153.5
1970-09-21,153.25,153.25,148,148.5
1970-09-22,151.5,153.25,150.75,152.75
1970-09-23,153.25,154.5,151.75,152.5
1970-09-24,152.25,153.25,151.125,151.125
1970-09-25,150.75,151.75,150,151.25
1970-09-28,151.5,151.75,150.5,151.375
1970-09-29,151,151.25,150,150.125
1970-09-30,149.5,149.75,147.875,149.5
1970-10-01,149,149.5,148,149
1970-10-02,148.75,151.5,148.75,150.75
1970-10-05,153.5,155.5,153,153.25
1970-10-06,153,153.375,151.375,151.75
1970-10-07,151.75,152.875,151.25,152.625
1970-10-08,153.25,154,152,152.125
1970-10-09,152.625,153,151.375,151.875
1970-10-12,152.25,153.5,151.875,153.125
1970-10-13,151.75,151.875,149.25,150
1970-10-14,150.625,150.875,147,148.5
1970-10-15,147.75,149.25,147.75,148.75
1970-10-16,148,148.5,146.5,146.5
1970-10-19,145.25,145.25,143.5,143.5
1970-10-20,143.5,146.875,143.5,146.625
1970-10-21,146.75,148.5,145.75,146.625
1970-10-22,146.125,147.75,146,147
1970-10-23,146.375,150.75,146,150.625
1970-10-26,149.5,151.75,149.125,149.875
1970-10-27,150,150.25,148.5,149.625
1970-10-28,150.25,150.25,146.75,146.75
1970-10-29,145,146.75,144.5,144.625
1970-10-30,145,146.5,145,145.875
1970-11-02,146.5,147.875,146.5,147.625
1970-11-04,148,149.75,147.625,149.625
1970-11-05,149.75,152,148.75,151.375
1970-11-06,151.75,152.625,148.75,149
1970-11-09,149.25,150,148.25,149.125
1970-11-10,149.25,149.5,148,148.25
1970-11-11,148.5,149.5,146.375,147.875
1970-11-12,148,148.5,147.25,147.625
1970-11-13,147.75,148.375,147,147.75
1970-11-16,147.5,148.25,145.25,145.25
1970-11-17,144.75,146,143.125,145.875
1970-11-18,145.75,146.375,144.75,144.75
1970-11-19,144.25,145.875,143.875,145.25
1970-11-20,145.75,146.375,145,145
1970-11-23,145,145.875,144.625,145.125
1970-11-24,145.75,146.5,145,145
1970-11-25,146.25,146.5,144,144
1970-11-27,144,145.625,142.75,144.875
1970-11-30,145.25,148,144.625,146
1970-12-01,145.75,148.75,145.625,148.25
1970-12-02,148,149.25,147.5,147.5
1970-12-03,147.5,150,146.75,149.5
1970-12-04,150,151.5,150,150.625
1970-12-07,155.75,156.25,154.75,154.875
1970-12-08,154,155,154,154
1970-12-09,153,153.75,152.375,153.625
1970-12-10,153.625,153.75,151.625,152
1970-12-11,152.375,153.625,152.125,153.25
1970-12-14,152.5,153,152.125,152.875
1970-12-15,153.5,154.5,153,154.5
1970-12-16,155,156.125,155,155.625
1970-12-17,155.875,155.875,154.5,154.625
1970-12-18,154.375,155.25,154.375,155.125
1970-12-21,154,154,153,153
1970-12-22,152.875,155.25,152.125,155
1970-12-23,154.75,155.25,154.125,154.25
1970-12-24,155.5,156.875,155.25,156.5
1970-12-28,156.25,156.875,155.75,155.875
1970-12-29,155.875,156.125,155.375,155.625
1970-12-30,155.5,155.5,154.625,155
1970-12-31,154.75,155.5,154.625,155.5
1971-01-04,156.25,157.125,155.75,156.875
1971-01-05,156.75,157.125,156.5,156.875
1971-01-06,156.875,157.375,156.375,156.875
1971-01-07,156.75,156.875,155.375,155.75
1971-01-08,156.125,157.5,155.625,157.125
1971-01-11,157,157.75,156.625,156.875
1971-01-12,157.5,157.5,155.75,156.5
1971-01-13,157,157.5,156,156.125
1971-01-14,155.75,157.25,155.75,157.125
1971-01-15,156.75,157.75,156.625,157.5
1971-01-18,156.75,157.75,156.5,156.625
1971-01-19,156.25,157,156.25,156.875
1971-01-20,156.875,157.375,156.75,157.125
1971-01-21,157.5,157.5,156.625,156.625
1971-01-22,156.875,157.375,156.625,157.25
1971-01-25,157,157,154.375,155
1971-01-26,154.375,155.125,153.375,155.125
1971-01-27,155.25,155.25,154,154.125
1971-01-28,154,154.25,152.5,153.125
1971-01-29,153.375,154.25,153.125,153.875
1971-02-01,154,154.125,152.875,153.125
1971-02-02,153.125,154.5,153.125,154.25
1971-02-03,154.5,154.5,153.25,153.5
1971-02-04,153.25,154,152.625,154
1971-02-05,154,154.625,153.625,153.625
1971-02-08,153.75,154.375,153.375,154.25
1971-02-09,154.25,154.25,153,153
1971-02-10,152.875,153.375,152.375,153.125
1971-02-11,152.875,154,152.75,152.75
1971-02-12,152.75,153,152.25,152.5
1971-02-16,152.5,152.5,151,151.125
1971-02-17,150.75,151,150.5,150.875
1971-02-18,150.75,151.5,150.75,151.375
1971-02-19,151.25,151.875,151,151.75
1971-02-22,152.125,152.25,151.25,151.25
1971-02-23,151,151.375,150.625,150.75
1971-02-24,150.625,150.75,149,149.25
1971-02-25,149.125,150.125,149,149.375
1971-02-26,149.375,149.875,149.375,149.5
1971-03-01,149.5,149.75,149.25,149.375
1971-03-02,149,151.875,149,151.875
1971-03-03,151.75,152.375,151.625,152.125
1971-03-04,152,152.25,151.5,151.75
1971-03-05,152,152.25,151.875,151.875
1971-03-08,153.75,154.25,153.75,154.125
1971-03-09,154.125,154.375,153.5,153.625
1971-03-10,153.5,154.125,153.375,153.875
1971-03-11,153.875,153.875,153.25,153.375
1971-03-12,152.875,153.5,152.75,152.875
1971-03-15,152.625,153.125,152.625,153.125
1971-03-16,153.25,153.75,153.125,153.5
1971-03-17,152.625,152.875,150.25,150.625
1971-03-18,150.125,150.875,148.5,149.875
1971-03-19,150.125,150.375,149.125,149.25
1971-03-22,149,149,148.25,148.375
1971-03-23,147.875,148.75,147.75,147.875
1971-03-24,147.625,150.25,147.5,149.125
1971-03-25,148.75,149.25,147.875,148.375
1971-03-26,148.25,148.75,148,148.375
1971-03-29,148,148.625,147.875,147.875
1971-03-30,148.5,148.5,145.5,146.375
1971-03-31,146.25,146.875,145.375,146.125
1971-04-01,145.75,147,145.75,146.25
1971-04-02,146.5,147.625,146.375,147.125
1971-04-05,147.375,147.5,145.75,146.125
1971-04-06,145.875,146.875,145.375,146.625
1971-04-07,147.5,147.625,146.125,146.25
1971-04-08,146,147.75,145.75,146.875
1971-04-12,147.75,149.75,147.75,149.25
1971-04-13,149.5,149.5,148.375,148.5
1971-04-14,148.75,150,148.5,149.625
1971-04-15,149,149.375,148.375,149.25
1971-04-16,148.375,148.5,147,147
1971-04-19,146.875,147.5,146.75,146.875
1971-04-20,146.75,146.875,146.25,146.625
1971-04-21,146.5,146.875,146.25,146.5
1971-04-22,146.75,147.125,146.375,146.5
1971-04-23,146.125,146.125,143.25,143.5
1971-04-26,143.25,143.375,141,141.25
1971-04-27,140.5,142.25,140.25,142.125
1971-04-28,141.25,141.75,140.75,141.375
1971-04-29,141,141.875,141,141.5
1971-04-30,141.875,143.25,141.75,143.125
1971-05-03,143.75,144.625,142.75,143.5
1971-05-04,143.375,143.625,141.5,141.75
1971-05-05,143.75,144.25,142.25,143.625
1971-05-06,143,144.875,143,144.75
1971-05-07,145,145,143.625,143.75
1971-05-10,143.25,143.5,142.625,143.125
1971-05-11,143,143.5,142.5,143.125
1971-05-12,143.5,144.25,143.125,144.125
1971-05-13,144.25,144.5,143.375,143.875
1971-05-14,144,145.375,144,145
1971-05-17,145,146.125,145,145.625
1971-05-18,145.5,145.5,143.375,144.25
1971-05-19,143.875,144.5,143,144.375
1971-05-20,144.5,146,144.25,144.75
1971-05-21,145.25,146.375,144.875,146.25
1971-05-24,146,146.25,145.5,145.75
1971-05-25,146.5,148,146.125,147.75
1971-05-26,147.875,149.25,147.375,148
1971-05-27,148,149,147.875,148.875
1971-05-28,149.375,150.25,149.125,149.875
1971-06-01,149.375,150,149,149.875
1971-06-02,149.5,149.5,148.25,148.75
1971-06-03,148.875,151.5,148.375,150.875
1971-06-04,150.25,152.75,150.25,151
1971-06-07,150.5,151.125,149.75,150.25
1971-06-08,149.875,151.5,149.5,150.75
1971-06-09,151.875,154.625,151.875,154.5
1971-06-10,159,160.5,158,159.25
1971-06-11,158.5,160.5,157,159.25
1971-06-14,160,160,157.625,157.875
1971-06-15,157.5,157.5,155.875,157.125
1971-06-16,158,160.75,158,160.375
1971-06-17,160.5,160.5,158.5,158.75
1971-06-18,158,160.25,156.75,158.75
1971-06-21,157,157.75,154.25,154.5
1971-06-22,155.75,157.25,155,156.875
1971-06-23,157,157.5,155.625,155.75
1971-06-24,155.5,156,154.125,155.75
1971-06-25,156.5,157.875,156.25,157.25
1971-06-28,157.5,158.25,154.75,155
1971-06-29,155,156.375,154,154.125
1971-06-30,153.75,154.5,151.875,152
1971-07-01,154.5,154.5,152,153.125
1971-07-02,153.75,154.375,153,153
1971-07-06,151,151.25,149.5,149.5
1971-07-07,148,148,145.5,146.5
1971-07-08,146.75,147.5,146.375,147.125
1971-07-09,147.5,147.5,144.25,144.5
1971-07-12,141.75,143.25,141.25,142.75
1971-07-13,142.75,144.75,142.5,144.375
1971-07-14,146.5,148.875,146.25,147.75
1971-07-15,148,148.75,145.25,145.25
1971-07-16,146.5,146.75,144.5,146.375
1971-07-19,146.75,147,145.75,145.75
1971-07-20,145.5,146,143.5,143.875
1971-07-21,142.25,142.75,140,140.75
1971-07-22,142.25,142.25,140,140.25
1971-07-23,140.5,140.5,137.75,139.25
1971-07-26,139.75,140.75,139.625,139.625
1971-07-27,139.75,139.875,135,136
1971-07-28,134,134.875,133,133.75
1971-07-29,133.5,134.875,131.75,133.125
1971-07-30,133.25,133.625,132.375,132.5
1971-08-02,133,133,129.25,129.25
1971-08-03,129,130.5,127.25,128.75
1971-08-04,129.125,129.125,126.875,127.875
1971-08-05,127,127,123.75,124.375
1971-08-06,121,125.125,120.5,123.5
1971-08-09,124.5,126.25,124.25,125.375
1971-08-10,125.75,126,124.625,124.75
1971-08-11,124,124.375,122.625,123.625
1971-08-12,122,124.25,121.5,124.125
1971-08-13,125.125,125.75,124,125.5
1971-08-16,127,127.5,123.5,124
1971-08-17,123.5,125.875,123.25,125.625
1971-08-18,125.75,127.25,125.375,125.875
1971-08-19,124.75,125.5,124.625,125.125
1971-08-20,124.75,125.75,124.375,125.5
1971-08-23,124.75,125.25,124,124
1971-08-24,122.125,123,121.75,122.375
1971-08-25,121.75,122,120.5,120.75
1971-08-26,119.75,120,118,118.25
1971-08-27,118.125,119.25,118,118.375
1971-08-30,118.125,118.125,117.25,117.875
1971-08-31,118.25,119.75,117.875,119
1971-09-01,118.875,120.875,118.75,120.25
1971-09-02,121.25,122.25,120.75,121.875
1971-09-03,122,122.125,120.75,121
1971-09-07,120.75,121,119.75,119.875
1971-09-08,118.25,118.75,117.875,118.125
1971-09-09,118,118.875,117.875,118.5
1971-09-10,118.625,118.75,118,118.125
1971-09-13,116.75,117.25,116,116
1971-09-14,115.75,116.25,115.75,116.125
1971-09-15,116.125,116.125,115.125,115.125
1971-09-16,115.25,115.25,114.375,114.375
1971-09-17,114.375,114.5,113.5,113.5
1971-09-20,113.625,113.75,113,113.125
1971-09-21,112.875,114.375,112.375,114.125
1971-09-22,114.25,115,113.375,114.25
1971-09-23,113.75,113.75,112.875,113.25
1971-09-24,113.125,113.625,112.75,113.125
1971-09-27,113.5,114,113.25,113.5
1971-09-28,113.125,113.25,112.5,113
1971-09-29,113,113.25,112.625,113
1971-09-30,112.625,113.25,112.375,112.875
1971-10-01,112.625,113.5,112.5,113.375
1971-10-04,112.875,113.375,112.625,112.875
1971-10-05,112.875,113.25,112.75,113.125
1971-10-06,113,114.75,113,114.5
1971-10-07,113.75,114,113.25,113.875
1971-10-08,113.5,114.25,113,114.25
1971-10-11,113.75,114.875,113.75,114.5
1971-10-12,114.625,115.125,114.375,114.75
1971-10-13,114,115.125,113.75,113.75
1971-10-14,113.375,114.375,113.25,114.375
1971-10-15,114.75,116.375,114.5,116.125
1971-10-18,116,117.625,115.875,116.75
1971-10-19,116.5,116.75,115.75,116.375
1971-10-20,116.75,119,116.75,118.375
1971-10-21,119.5,120,118.75,119.5
1971-10-22,119.375,119.625,118.125,118.25
1971-10-25,118.5,118.625,117.125,117.375
1971-10-26,116.875,117.125,115.875,116
1971-10-27,115.875,116.625,115.375,115.625
1971-10-28,115.75,116.5,115.75,116.125
1971-10-29,116.5,117.25,115.75,115.75
1971-11-01,115.25,115.375,114.75,114.75
1971-11-02,115,115.375,114.5,114.625
1971-11-03,114.25,114.875,114.25,114.75
1971-11-04,114.5,115.5,114.5,114.875
1971-11-05,115.25,117,115.25,116.125
1971-11-08,117.125,117.625,116.375,116.375
1971-11-09,115.75,116.125,115.5,115.625
1971-11-10,115.625,115.75,114.875,115
1971-11-11,115,115.5,114.75,115.25
1971-11-12,114.75,115.625,114.625,115.5
1971-11-15,114.875,115.5,114.5,114.625
1971-11-16,114.5,114.875,114.125,114.125
1971-11-17,114.5,115.25,114.5,115
1971-11-18,114.875,115.25,114.625,114.75
1971-11-19,115,115,114.5,114.625
1971-11-22,114.625,115,114.5,114.75
1971-11-23,114.875,115.5,114.875,115.375
1971-11-24,115.125,116.25,115.125,115.875
1971-11-26,116.375,116.75,115.75,115.75
1971-11-29,116,116,115,115
1971-11-30,114.875,114.875,114.375,114.625
1971-12-01,114.375,115.25,114.375,115.25
1971-12-02,115.5,116.5,115.5,116.25
1971-12-03,117.5,118.75,117.125,118.25
1971-12-06,123.75,124,123,123.25
1971-12-07,123.25,123.25,122.25,122.375
1971-12-08,122.25,122.25,121.375,122.25
1971-12-09,124,125,123.25,123.875
1971-12-10,124,124.25,123.5,124.125
1971-12-13,124.125,125.25,124.125,124.75
1971-12-14,124.75,124.75,123.25,123.625
1971-12-15,123.625,124.125,123.125,124
1971-12-16,124,124.5,123.25,123.25
1971-12-17,123.25,123.875,123,123.75
1971-12-20,124.25,124.25,123.125,123.125
1971-12-21,123.125,123.125,122.25,122.375
1971-12-22,122.25,122.5,122,122.125
1971-12-23,122,122.5,121.875,122.375
1971-12-27,122.25,122.25,121.875,122.25
1971-12-28,122.125,122.5,122,122.5
1971-12-29,122.5,123,122.5,122.875
1971-12-30,122.875,123.375,122.75,123.375
1972-01-03,123.25,123.25,122.25,122.25
1972-01-04,122.25,122.625,122.125,122.125
1972-01-05,122.375,122.75,122.25,122.625
1972-01-06,122.625,122.75,122.375,122.5
1972-01-07,122.75,122.875,122.5,122.625
1972-01-10,122.25,122.5,122.125,122.125
1972-01-11,122.25,122.25,121.75,121.875
1972-01-12,121.75,121.75,120,120.125
1972-01-13,120,120.5,120,120.375
1972-01-14,120.75,121.125,120.75,120.875
1972-01-17,121.625,122.5,121.625,121.75
1972-01-18,121.75,121.875,121.125,121.125
1972-01-19,121.125,121.5,121,121.25
1972-01-20,121.375,121.875,121.25,121.375
1972-01-21,121.5,121.5,121,121
1972-01-24,121.125,121.125,120.75,120.875
1972-01-25,121.375,122,121,121.875
1972-01-26,121.5,121.625,120.375,120.625
1972-01-27,120.625,120.75,120.25,120.625
1972-01-28,120.125,121.5,119.875,121.25
1972-01-31,121,121.25,120.75,120.75
1972-02-01,121.125,121.25,121,121.125
1972-02-02,121.125,122,120.875,121.75
1972-02-03,122,122,121.125,121.125
1972-02-04,121.125,121.375,120.625,120.875
1972-02-07,120.875,120.875,120.5,120.5
1972-02-08,120.5,120.625,119.875,119.875
1972-02-09,120.125,120.125,119.75,119.75
1972-02-10,120,120,119.75,119.75
1972-02-11,119.75,119.875,119.625,119.625
1972-02-14,119.625,119.625,119.375,119.625
1972-02-15,119.625,119.75,119,119.125
1972-02-16,119.125,119.5,119.125,119.25
1972-02-17,119.375,119.625,119.375,119.375
1972-02-18,119.375,119.5,119.125,119.125
1972-02-22,119.125,119.25,118.875,119
1972-02-23,118.875,119,118.5,118.5
1972-02-24,118.625,118.875,118.5,118.625
1972-02-25,118.5,118.875,118.375,118.5
1972-02-28,118.625,118.625,118.25,118.375
1972-02-29,118.375,118.375,117.125,117.125
1972-03-01,117,118,116.875,118
1972-03-02,117.875,119.25,117.75,118.875
1972-03-03,119,119.125,118.375,118.5
1972-03-06,118.625,119.5,118.5,119.125
1972-03-07,123.125,123.25,122.75,123
1972-03-08,123.125,123.25,122.875,123.125
1972-03-09,123.5,124.75,123.375,124.25
1972-03-10,124.75,125.25,124.5,124.875
1972-03-13,125.25,125.25,124.5,124.75
1972-03-14,124.5,124.5,123.875,123.875
1972-03-15,124,124.625,124,124.5
1972-03-16,124.5,124.625,123.75,124.25
1972-03-17,123.75,124.125,123.625,123.875
1972-03-20,124.125,124.125,123.375,123.5
1972-03-21,123.625,124.125,123.5,123.5
1972-03-22,123.75,123.875,123.5,123.5
1972-03-23,124.125,124.375,124,124.25
1972-03-24,124.75,125,124.625,124.875
1972-03-27,125.125,125.125,124.5,124.5
1972-03-28,124.5,124.5,124.125,124.375
1972-03-29,124.625,124.75,124.25,124.375
1972-03-30,124.375,124.5,124,124.25
1972-04-03,124.375,124.375,123.75,123.75
1972-04-04,124,124.375,123.75,124.25
1972-04-05,124.625,125.25,124.5,124.625
1972-04-06,125.125,125.25,124.625,124.875
1972-04-07,125,125.75,124.875,125.625
1972-04-10,125.625,126,125.25,125.5
1972-04-11,125.5,125.5,125,125.375
1972-04-12,125.5,125.75,125.25,125.25
1972-04-13,125.5,125.75,125.375,125.5
1972-04-14,125.5,125.625,124.5,124.5
1972-04-17,124.25,125.25,124,125
1972-04-18,125.25,125.375,124.5,124.625
1972-04-19,124.75,124.75,123.5,123.5
1972-04-20,123.625,124,123.625,123.875
1972-04-21,124.25,124.75,124.25,124.375
1972-04-24,124.625,124.75,124.125,124.125
1972-04-25,124.125,124.625,123.5,123.625
1972-04-26,123.625,123.625,123,123.125
1972-04-27,123.125,123.375,122.25,122.375
1972-04-28,122.25,123.125,122.25,122.625
1972-05-01,122.75,123.25,122.75,123
1972-05-02,123.125,123.375,122.875,122.875
1972-05-03,122.625,122.625,122.125,122.125
1972-05-04,122,122.125,121.75,121.75
1972-05-05,126.25,127.25,126.25,127
1972-05-08,127.25,127.375,127,127.125
1972-05-09,126.875,127.125,126.625,126.75
1972-05-10,126.625,127,126.5,126.875
1972-05-11,127,127.25,126.875,127
1972-05-12,126.875,127,126.25,126.375
1972-05-15,126.5,126.625,125.875,126.25
1972-05-16,126.125,126.5,125.875,126.375
1972-05-17,126.5,126.75,126,126.375
1972-05-18,126.5,127.125,126.375,126.75
1972-05-19,127.125,127.25,127,127.125
1972-05-22,127.125,127.25,126.875,127.125
1972-05-23,127.125,127.5,127.125,127.125
1972-05-24,127.125,127.75,127.125,127.5
1972-05-25,127.625,127.875,127.375,127.5
1972-05-26,127.375,127.375,126.5,126.75
1972-05-30,126.375,126.375,125.5,125.5
1972-05-31,125.625,125.875,125.375,125.375
1972-06-01,125.5,125.625,124.75,125.5
1972-06-02,125.5,125.5,125,125.25
1972-06-05,124.875,125,124.25,124.25
1972-06-06,124.5,124.5,124,124.375
1972-06-07,124.375,124.75,124.375,124.375
1972-06-08,124.375,124.5,124.125,124.25
1972-06-09,124.125,124.25,123.75,123.75
1972-06-12,123.875,123.875,123.25,123.25
1972-06-13,123.125,123.125,122.5,122.625
1972-06-14,122.375,122.375,121.75,121.75
1972-06-15,121.625,121.875,120.875,121
1972-06-16,121,121.375,120.875,121.125
1972-06-19,121.125,121.375,120.875,121.25
1972-06-20,121.25,121.375,120.75,120.75
1972-06-21,120.75,120.875,120.25,120.25
1972-06-22,120.125,120.5,120.125,120.375
1972-06-23,120.375,120.75,120.375,120.625
1972-06-26,120.5,120.5,119.5,119.625
1972-06-27,119.25,119.625,119.125,119.125
1972-06-28,119.125,119.125,118.125,118.25
1972-06-29,118,119.5,117.875,118.75
1972-06-30,119.125,121.625,119.125,121.5
1972-07-03,122.75,123.25,121.875,122.875
1972-07-05,123,123,121.75,122.375
1972-07-06,125.25,126.5,125.125,126.25
1972-07-07,126.625,126.625,126,126.5
1972-07-10,127.375,127.75,125.375,125.75
1972-07-11,125.375,127.125,125.375,126.5
1972-07-12,126.875,126.875,125.875,126
1972-07-13,127.25,127.375,126,126.5
1972-07-14,126.75,127,126.25,126.25
1972-07-17,126,126,125.375,125.5
1972-07-18,125.5,126.125,125.5,125.75
1972-07-19,126,126.75,126,126.25
1972-07-20,126.625,127,125.625,125.75
1972-07-21,126,126.5,125.625,126.375
1972-07-24,126.5,126.75,126.25,126.5
1972-07-25,126.625,128.125,126.625,128
1972-07-26,128,128,125.75,126.375
1972-07-27,126.5,126.5,124.625,124.625
1972-07-28,125,126.5,125,126.375
1972-07-31,126.25,127.625,126,127.625
1972-08-01,127.5,127.5,126.625,126.625
1972-08-02,126.75,127,126.375,126.625
1972-08-03,127.375,128.875,127.375,128.125
1972-08-04,127.875,129,127.5,128.5
1972-08-07,129,129.625,128.5,129.25
1972-08-08,128.875,129,127.75,128.125
1972-08-09,127.75,127.75,126.25,126.625
1972-08-10,126.375,127,126.375,126.875
1972-08-11,129.5,129.75,127.5,127.625
1972-08-14,127.75,128,127.25,127.625
1972-08-15,127.625,127.625,127.25,127.5
1972-08-16,127.5,127.625,127.25,127.375
1972-08-17,127.375,127.625,127,127.125
1972-08-18,127,127.125,126.75,126.875
1972-08-21,126.875,126.875,126.5,126.625
1972-08-22,126.625,127.875,126.375,126.875
1972-08-23,127,127.75,126.75,127.25
1972-08-24,127.875,129.875,127.875,129.75
1972-08-25,130,130,129,129.25
1972-08-28,129,130,128.875,129.5
1972-08-29,129.25,129.5,129,129.25
1972-08-30,129.25,131,129.25,129.875
1972-08-31,130,132.125,130,131.625
1972-09-01,132.25,134.75,132.125,134.25
1972-09-05,135.5,137.625,135.5,137.5
1972-09-06,140,140,136.5,136.5
1972-09-07,136,137.875,135.125,136.625
1972-09-08,136.875,137.5,136.125,136.875
1972-09-11,136.25,137.75,135.875,137.125
1972-09-12,137.25,139.25,137.25,138.625
1972-09-13,138.25,139.25,136,136.125
1972-09-14,137,139.5,136.375,138.875
1972-09-15,140,145,140,142.75
1972-09-18,143,147.75,142.25,144.5
1972-09-19,145,145.25,141,142.125
1972-09-20,141.25,142,140.5,140.875
1972-09-21,141.5,143.25,140.375,143
1972-09-22,143.25,145,142.25,142.25
1972-09-25,143.875,144.5,142.75,144.25
1972-09-26,145.5,145.5,142,142.375
1972-09-27,142.25,142.5,139.5,139.5
1972-09-28,140.25,141.5,137.875,140.875
1972-09-29,141.5,142.25,139.625,140.125
1972-10-02,138.75,138.75,136.375,136.375
1972-10-03,136.5,137.125,135.875,136.5
1972-10-04,137,137.125,135.375,135.5
1972-10-05,136.125,136.875,135.125,136
1972-10-06,136.375,136.5,135.375,135.75
1972-10-09,135,135.875,134.625,134.625
1972-10-10,135,135.875,134.875,135.5
1972-10-11,136.125,137.5,136.125,137
1972-10-12,137.875,138.5,136.375,136.875
1972-10-13,133,134,132.5,133
1972-10-16,133,133.875,132.25,133.625
1972-10-17,133.75,133.875,132.25,132.25
1972-10-18,132.5,134.625,132,133.75
1972-10-19,134.125,135,133.625,133.75
1972-10-20,133.625,134.875,133,134.375
1972-10-23,135.5,136.25,134.625,134.75
1972-10-24,134.625,136.375,134.25,135.75
1972-10-25,135,135.375,134.375,134.5
1972-10-26,134.875,135.875,134.75,135.5
1972-10-27,135.125,139,135.125,136.875
1972-10-30,137.375,139.5,137.375,139.25
1972-10-31,139.375,139.375,136.625,136.75
1972-11-01,137.25,138.5,137.125,137.875
1972-11-02,137.625,137.625,136.125,136.125
1972-11-03,136,136.25,135.25,136
1972-11-06,134.25,135,133.375,133.375
1972-11-08,133.5,135.25,133.5,134.5
1972-11-09,135,135.375,134.625,134.75
1972-11-10,133.875,134.125,133.125,133.25
1972-11-13,134.75,137.75,134.75,136.5
1972-11-14,138.25,139.25,137.125,137.125
1972-11-15,137.25,139.5,137,139.25
1972-11-16,140.5,141.25,138.75,138.75
1972-11-17,138,139.5,137.125,138.75
1972-11-20,138.5,138.5,136.125,136.125
1972-11-21,136.625,137.5,136.125,136.625
1972-11-22,136.25,137.125,135.625,136.625
1972-11-24,135.75,139,135.75,137
1972-11-27,138.75,141,138.75,139.625
1972-11-28,139.25,142.125,138.875,139.5
1972-11-29,138.625,139.375,137.75,137.875
1972-11-30,137.75,140,137.75,138.875
1972-12-01,143,146,142,145.25
1972-12-04,146,152.875,145,152.625
1972-12-05,159.75,160,157.375,158.25
1972-12-06,158.5,159.25,154.25,154.25
1972-12-07,155,157.875,153.75,156
1972-12-08,163,164,160,162.5
1972-12-11,163.5,164.75,156.75,158.75
1972-12-12,162.25,164,160.5,163.25
1972-12-13,163.75,164.75,156.75,159.75
1972-12-14,158.5,163.25,158,160.75
1972-12-15,162,163,159.25,159.25
1972-12-18,157.5,157.5,151.375,151.375
1972-12-19,150.75,152.75,148.5,150
1972-12-20,151.5,155,151.5,154.25
1972-12-21,156.5,157.75,155.25,155.75
1972-12-22,154.5,155.5,153.5,153.75
1972-12-26,155.5,155.75,153.5,153.625
1972-12-27,153,154.5,152,152.75
1972-12-29,154,155,153.75,154.75
1973-01-02,154.75,154.75,151.75,151.75
1973-01-03,152.75,155.125,152.375,154.625
1973-01-04,155.25,156.875,154.625,155
1973-01-05,154.5,157,154,155.75
1973-01-08,154,155.5,152.875,152.875
1973-01-09,153.25,156.5,153,155.875
1973-01-10,160,161.25,158,160.5
1973-01-11,160,160.25,157.125,157.25
1973-01-12,159,159.5,156.625,157.75
1973-01-15,157.25,157.375,154.875,155
1973-01-16,156.25,158,153.5,157.375
1973-01-17,159,159,156.5,156.75
1973-01-18,157,158.5,156.625,157.75
1973-01-19,158.5,160,155.625,156.75
1973-01-22,156.75,158.5,156,158.25
1973-01-23,158.75,159.5,157.75,159.25
1973-01-24,159.25,159.625,156.75,158.25
1973-01-26,162,163.5,160.75,161.75
1973-01-29,162.5,162.5,160,161.25
1973-01-30,161,162.75,160,162
1973-01-31,161.5,162,158.75,161.5
1973-02-01,160.5,161.5,159.5,160.125
1973-02-02,159.75,160,155.75,159
1973-02-05,158.5,160,156.75,160
1973-02-06,160.375,160.75,155.625,156
1973-02-07,154.75,154.875,150.75,150.875
1973-02-08,149.5,154.25,148.5,152.625
1973-02-09,153.25,155.75,153,155.25
1973-02-12,155.5,159.5,154.25,159.25
1973-02-13,163,163.25,158.25,159.875
1973-02-14,159,159.5,155.5,156.875
1973-02-15,157.75,160.5,157.5,159.25
1973-02-16,160,164.5,160,161.875
1973-02-20,162,166.25,161.625,165.75
1973-02-21,166.75,171,165,170.875
1973-02-22,173,176,169,172.75
1973-02-23,171,173,167.5,167.75
1973-02-26,166.25,168.25,164,167.625
1973-02-27,168,168.875,165.25,165.625
1973-02-28,164.75,165.25,162.5,163.875
1973-03-01,165,168.5,162,167.375
1973-03-02,170,170.125,163.25,164.375
1973-03-05,163,168.75,162.5,168.375
1973-03-06,170,172,169.5,170.75
1973-03-07,163.75,166.75,162.25,164.75
1973-03-08,165,165,161,161.375
1973-03-09,159,162.75,157.75,162.375
1973-03-12,161.5,163,158.5,158.625
1973-03-13,157.5,158,153.25,154
1973-03-14,153.75,157.75,153.25,156.25
1973-03-15,158.75,159.5,157.75,158.75
1973-03-16,157.5,159.5,157.5,158.125
1973-03-19,157.5,158,155.25,155.625
1973-03-20,155.75,157.5,155.5,155.875
1973-03-21,156.25,158,156,157.375
1973-03-22,157.75,163,157.75,162.375
1973-03-23,161.75,162.375,158.25,159.375
1973-03-26,159.75,160.25,158.5,158.5
1973-03-27,157.5,157.875,156,156.375
1973-03-28,156,159,155.625,157.75
1973-03-29,158.125,158.5,155.875,156.125
1973-03-30,158,158.5,154.875,155.5
1973-04-02,156.5,159.5,156,159.125
1973-04-03,160,160,157.75,157.875
1973-04-04,159.25,161,158.5,160.375
1973-04-05,159.75,160.5,159.25,159.375
1973-04-06,159.25,160,158.25,158.75
1973-04-09,160.75,161.25,159.5,160.875
1973-04-10,162,162,158.75,159.375
1973-04-11,158.5,158.875,158,158.25
1973-04-12,159.25,160.5,158.875,159.75
1973-04-13,159.25,160.875,158.75,159.75
1973-04-16,160.5,161,159.375,160.125
1973-04-17,160.25,160.25,159,159.375
1973-04-18,159,159.875,158.125,159
1973-04-19,159.25,160.25,159.125,159.5
1973-04-23,160.25,161.875,159.75,161.5
1973-04-24,159.5,161.75,159.5,161.75
1973-04-25,161.25,164.5,161.25,163.875
1973-04-26,163.25,164.625,161.625,161.75
1973-04-27,161,161.5,160.125,160.625
1973-04-30,162,165.75,161.5,165.625
1973-05-01,169.75,173.625,169.25,173.5
1973-05-02,173.25,173.5,170.5,170.625
1973-05-03,170,178,168.5,176.5
1973-05-04,175.5,177.5,175,176.375
1973-05-07,174,177.75,174,176.875
1973-05-08,178,184.75,177,182.375
1973-05-09,185,187.25,179.75,182.375
1973-05-10,181,182.25,174.5,174.75
1973-05-11,173.75,175.5,171,175.125
1973-05-14,173,179,172,179
1973-05-15,182,185,181,183.5
1973-05-16,182,183,176,177.75
1973-05-17,175.5,177.25,173.25,177
1973-05-18,176,182.5,176,181.75
1973-05-21,185,189.5,183.75,189.375
1973-05-22,187.5,194.75,185.75,190
1973-05-23,191,197.5,186,191.5
1973-05-24,192,196.625,191,196.625
1973-05-25,203,204.625,201.25,204.625
1973-05-29,212.625,212.625,212.625,212.625
1973-05-30,220.625,220.625,209.5,210.375
1973-05-31,207,218.375,204.25,218.375
1973-06-01,221,226,219,223.25
1973-06-04,230,233.25,227.5,233.25
1973-06-05,243.25,243.25,236,242
1973-06-06,239,241.5,232,232
1973-06-07,222,222,222,222
1973-06-08,218,222.25,212,220.75
1973-06-11,222,230.75,222,230.75
1973-06-12,238.5,240.75,235.75,238
1973-06-13,233,236,228.5,232.5
1973-06-14,229,238,222.5,222.5
1973-06-15,221,224,212.5,212.5
1973-06-18,212,222.5,212,222.5
1973-06-19,222,232.5,222,232.5
1973-06-20,236,237.5,230.25,232
1973-06-21,233,242,229,242
1973-06-22,250,250,237,240
1973-06-25,239,241,233,238
1973-06-26,229,232,228,228
1973-06-27,219,229,218,223.5
1973-06-28,221,221,213.75,213.75
1973-06-29,210,221,209,214.75
1973-07-02,216,224.75,214.5,222.75
1973-07-03,223,230,220,229.875
1973-07-05,233,233,219.875,219.875
1973-07-06,202.5,204,196,201.25
1973-07-09,202,205,200.25,203.5
1973-07-10,199,201.25,196.5,199
1973-07-11,201,209,201,209
1973-07-12,213,219,212,214.5
1973-07-13,218,224.5,218,222.5
1973-07-16,229,232,225,231.25
1973-07-17,230,232,222.5,223.75
1973-07-18,220,227.5,218,226.875
1973-07-19,236.875,236.875,236.875,236.875
1973-07-20,246.875,246.875,244,246.875
1973-07-23,256.875,256.875,256.875,256.875
1973-07-24,265,266.875,254,261.75
1973-07-25,271.75,271.75,271.75,271.75
1973-07-26,281.75,281.75,270,278
1973-07-27,270,275,268,268
1973-07-30,258,278,258,278
1973-07-31,284,288,280.5,288
1973-08-01,296,296,278,278
1973-08-02,270,280.25,269,271.25
1973-08-03,276,281.25,276,281.25
1973-08-06,290,291.25,290,291.25
1973-08-07,301.25,301.25,301.25,301.25
1973-08-08,311.25,311.25,311.25,311.25
1973-08-09,321.25,321.25,314.5,317.75
1973-08-10,327.75,327.75,327.75,327.75
1973-08-13,337.75,337.75,337.75,337.75
1973-08-14,347.75,347.75,347.75,347.75
1973-08-15,347,347.75,337.75,337.75
1973-08-16,327.75,327.75,327.75,327.75
1973-08-17,317.75,337.75,317.75,320.5
1973-08-20,330,330.5,311,311.5
1973-08-21,304,305,301.5,301.5
1973-08-22,295,297.5,291.5,291.5
1973-08-23,281.5,281.5,281.5,281.5
1973-08-24,279,291,271.5,290
1973-08-27,298,298,280,280
1973-08-28,270,270,270,270
1973-08-29,260,275,260,264.5
1973-08-30,267,269.5,254.5,254.5
1973-08-31,250,257,244.5,249.75
1973-09-04,247,251.5,239.75,239.75
1973-09-05,230.5,230.5,230.5,230.5
1973-09-06,220.5,240.5,220.5,237
1973-09-07,245,247,242,247
1973-09-10,239,250,238,244
1973-09-11,241,249.5,241,248.75
1973-09-12,248,252.5,238.75,238.75
1973-09-13,233,242,232.5,241.5
1973-09-14,247,250,244,249.75
1973-09-17,259,259.75,255,259.75
1973-09-18,254,258.5,249.75,249.75
1973-09-19,245,250,241,249.5
1973-09-20,255,255,247.5,250
1973-09-21,250,252,247,248.5
1973-09-24,249.5,258.5,246,258.5
1973-09-25,261,264,254.5,260.25
1973-09-26,260,261,251.5,251.75
1973-09-27,251,257,246.75,251
1973-09-28,253.5,256,250.5,252.25
1973-10-01,255,255,244,247.5
1973-10-02,245,246.5,238.5,242.75
1973-10-03,244,252.5,243.5,251.25
1973-10-04,250,250,243.5,243.75
1973-10-05,242,246,240.25,245.5
1973-10-09,251,255.5,248,255.5
1973-10-10,259.5,265.5,258,262
1973-10-11,261,266.5,257,263.5
1973-10-12,259,259.5,253.5,253.5
1973-10-15,243.5,246,243.5,243.75
1973-10-16,242,247,235,239.625
1973-10-17,239,246,236,244.75
1973-10-18,240,251,240,246
1973-10-19,243.5,243.5,240.5,241.25
1973-10-22,241,245.5,239,239.75
1973-10-23,238.5,242.5,237,239.5
1973-10-24,242,245.5,241,244.75
1973-10-25,250,253,245,250.25
1973-10-26,251,251,244,244.5
1973-10-29,242,242,234.5,234.5
1973-10-30,229.5,239.5,229,236
1973-10-31,238,243,237.5,238.5
1973-11-01,239.5,240.5,236.5,239.75
1973-11-02,240,240,236,236.25
1973-11-05,235,240,232.5,237.25
1973-11-06,237.5,238.5,234,234.5
1973-11-07,233.5,235.5,232.5,234
1973-11-08,235,240,235,237.25
1973-11-09,238,238.5,236,238
1973-11-12,244,248,242,248
1973-11-13,252,258,251.5,253.5
1973-11-14,248,256.5,247,256.25
1973-11-15,256,261,254.5,255.5
1973-11-16,254,258,253.25,257.25
1973-11-19,259,261,256.75,258.75
1973-11-20,260.5,268.75,258.75,268.75
1973-11-21,274,278.75,270,277.25
1973-11-23,274.5,281,272,272.5
1973-11-26,269.5,273.5,262.5,262.5
1973-11-27,252.5,256.5,252.5,253.75
1973-11-28,259,263.75,256.5,263.75
1973-11-29,262,267,258,259.5
1973-11-30,253,260,253,259.25
1973-12-03,259,262,256,256.75
1973-12-04,263.5,273,263.5,272.75
1973-12-05,273,275.25,262.75,262.75
1973-12-06,264,269.75,263.5,268.25
1973-12-07,268.5,271,266,268.25
1973-12-10,268,268.5,265,266.25
1973-12-11,268.5,275,267.5,274.25
1973-12-12,273,276.75,270,270.25
1973-12-13,271,275.25,267.25,271
1973-12-14,270,271,265.5,268.125
1973-12-17,267.25,274.5,266.25,274
1973-12-18,274,274.5,268.5,269
1973-12-19,269,271.5,268,271.5
1973-12-20,272,272.5,270.25,272
1973-12-21,272.25,272.75,271,271.25
1973-12-26,270.5,271.75,267,267.25
1973-12-27,268.5,271.5,266.5,270.25
1973-12-28,272,272,270,271.25
1973-12-31,271,271.75,268,268.75
1974-01-02,269.5,275,267.5,273.5
1974-01-03,274.5,275.5,271.75,272
1974-01-04,272,274,271.25,273.25
1974-01-07,274,283,274,281.25
1974-01-08,282,284,279.5,282.5
1974-01-09,282.5,286.25,273.5,276.75
1974-01-10,280,286.75,279,286.5
1974-01-11,286,288,283.75,284.75
1974-01-14,290,290,286.5,289
1974-01-15,287.5,288.5,286,287.25
1974-01-16,285,289.25,282.75,288.5
1974-01-17,289,293.5,289,291.75
1974-01-18,291,292,289,289.5
1974-01-21,288,293,287,292.75
1974-01-22,289,291,286.5,286.75
1974-01-23,288,288,280,280.75
1974-01-24,282.5,284.75,279.5,284.25
1974-01-25,294.25,294.25,294.25,294.25
1974-01-28,302,304.25,296.5,298.75
1974-01-29,292,299.25,292,294.75
1974-01-30,297,298.75,295.25,298.25
1974-01-31,299,302,297.25,301.75
1974-02-01,302,303,299.5,301.5
1974-02-04,301,310.5,296.5,300
1974-02-05,300,300.5,297,298.75
1974-02-06,297.5,298.75,295,296.25
1974-02-07,297,297.75,294,297.25
1974-02-08,297.5,304.25,296.75,303.25
1974-02-11,304,312,303.5,306.75
1974-02-13,307,312,302.5,304.25
1974-02-14,307,310,304,308.75
1974-02-15,311,313,310,311.5
1974-02-19,311.5,320.75,311,320.5
1974-02-20,322,329.75,321.5,323
1974-02-21,325.5,325.5,319.25,320.75
1974-02-22,320.5,329.25,320,328.75
1974-02-25,332,338.75,331,338.75
1974-02-26,340,343,334.5,336.25
1974-02-27,339,340,326.25,326.25
1974-02-28,316.25,320,316.25,316.25
1974-03-01,318.5,325,312,324.75
1974-03-04,327,327,314.75,314.75
1974-03-05,308,309,304.75,304.75
1974-03-06,306,316,300.5,309.25
1974-03-07,314,316.5,309,314.75
1974-03-08,315,315,304.75,304.75
1974-03-11,302,302.5,295,299.5
1974-03-12,299.5,305.5,297,303.75
1974-03-13,303.5,306,300.5,304.25
1974-03-14,301.5,303,299.5,301.25
1974-03-15,300.5,302.5,291.25,291.25
1974-03-18,293,301.25,290.5,301
1974-03-19,306,310.75,305,307.25
1974-03-20,306,306,297.75,298.25
1974-03-21,298.5,299.5,294,298.25
1974-03-22,301,303.5,300.5,303.25
1974-03-25,303,303,293.25,293.25
1974-03-26,286,290,283.25,289.5
1974-03-27,288.5,288.5,281,282.5
1974-03-28,281,283,278,278.75
1974-03-29,281,284,277.5,278
1974-04-01,277.5,277.5,268,268
1974-04-02,267,267.5,258,258
1974-04-03,261,268,256,267.5
1974-04-04,267,272.5,257.5,257.75
1974-04-05,253,254.5,249,251.75
1974-04-08,251.5,260,248.5,254
1974-04-09,257,264,256.5,264
1974-04-10,266,269,263,267.25
1974-04-11,265,266,257.25,257.25
1974-04-15,258,267,258,264.25
1974-04-16,263.5,264,260.5,262
1974-04-17,260,264,258.25,261
1974-04-18,259.5,262.75,258.5,262.25
1974-04-19,263,268.75,262.25,267.5
1974-04-22,271,277,269,271.25
1974-04-23,271,274,267.5,270.25
1974-04-24,271,272.5,270,271.75
1974-04-25,281.75,281.75,281.75,281.75
1974-04-26,291.75,291.75,283,284.5
1974-04-29,280,281,274.25,274.5
1974-04-30,277,279,273.5,276.75
1974-05-01,275,276,268.25,272.25
1974-05-02,273.5,274.5,268.5,270
1974-05-03,272,272,260,261.5
1974-05-06,256,256,251.5,251.5
1974-05-07,248,252.5,247,251.75
1974-05-08,254,258.5,252.5,258
1974-05-09,254,257,252.5,255
1974-05-10,256.5,264,256.5,261.25
1974-05-13,263,266.5,259.25,265.25
1974-05-14,267,268,263,264
1974-05-15,262,267.5,260.5,267
1974-05-16,271,273,268.5,271
1974-05-17,270,272,269,269.75
1974-05-20,270.5,272.75,260,260.25
1974-05-21,262,265,253,264.5
1974-05-22,265,266.5,261,261.5
1974-05-23,259,263,257.5,261
1974-05-24,261,263,260,261.25
1974-05-28,261,263,258.25,262.75
1974-05-29,267,272.75,267,270.5
1974-05-30,269,272.5,268.25,268.75
1974-05-31,269,272.5,265,266
1974-06-03,262,264,261,261.75
1974-06-04,262,264.5,259.75,263.25
1974-06-05,265,273.25,264.5,273.25
1974-06-06,274,278,271.25,276.25
1974-06-07,278,280.5,275,277.5
1974-06-10,281,281,276.5,277.25
1974-06-11,277,277,271,276.75
1974-06-12,276,280,274,279.5
1974-06-13,278,282.5,278,279
1974-06-14,277.5,277.5,275,275.25
1974-06-17,273,284.5,272.25,282.25
1974-06-18,283,286,279.5,280.75
1974-06-19,281,290.75,279.5,289.75
1974-06-20,290.5,297,286.25,286.75
1974-06-21,288.5,295,287,294.25
1974-06-24,299,304.25,298,304.25
1974-06-25,299,299,294.25,294.25
1974-06-26,292.5,304,292,301
1974-06-27,297,304,292.5,294.25
1974-06-28,292.5,300.5,290.5,298.25
1974-07-01,299,308.25,299,308.25
1974-07-02,304,308,300.25,302.5
1974-07-03,306,307.5,301.5,305.75
1974-07-05,303,306.5,301.5,306
1974-07-08,310.25,310.25,308.5,310.25
1974-07-09,307,312,304,305.5
1974-07-10,302,304,296.5,297.75
1974-07-11,299.5,302.5,296,302
1974-07-12,312,312,308,310.75
1974-07-15,310,320.75,310,320.75
1974-07-16,321,326.5,316,318
1974-07-17,317,320,312.5,314.25
1974-07-18,317,324.25,317,324.25
1974-07-19,334.25,334.25,325,332.25
1974-07-22,322.25,331,322.25,327.5
1974-07-23,328,337,325.5,333.25
1974-07-24,338,343.25,338,343.25
1974-07-25,353.25,353.25,353.25,353.25
1974-07-26,363.25,363.25,363.25,363.25
1974-07-29,373.25,373.25,373.25,373.25
1974-07-30,383.25,383.25,363.25,369.5
1974-07-31,378,379.5,374,379.5
1974-08-01,380,380,369.5,369.5
1974-08-02,359.5,359.5,359.5,359.5
1974-08-05,352,367,349.5,349.5
1974-08-06,352,359.5,346,359.5
1974-08-07,369.5,369.5,365,369.5
1974-08-08,377,377,359.5,364
1974-08-09,360,360,354,354
1974-08-12,344,345,344,344
1974-08-13,354,354,354,354
1974-08-14,364,364,364,364
1974-08-15,364,370,355.5,357.5
1974-08-16,360,367.5,359.5,367.25
1974-08-19,370,372,363,364.75
1974-08-20,364,367.5,354.75,354.75
1974-08-21,350,354.75,345,352.5
1974-08-22,355.5,362.5,353,362.5
1974-08-23,367,369,359.5,366.75
1974-08-26,367,367,356.75,356.75
1974-08-27,351,352,346.75,350.25
1974-08-28,350,355,344.5,353.5
1974-08-29,355,356,348,349.25
1974-08-30,350,350,344,344.5
1974-09-03,346,349,334.5,334.5
1974-09-04,324.5,328,324.5,325.5
1974-09-05,327,336,325,334.5
1974-09-06,333,340.5,331,338
1974-09-09,335,348,333,348
1974-09-10,348,350,342.5,344.75
1974-09-11,344,350,343,349.5
1974-09-12,359.5,359.5,355,356.5
1974-09-13,353,357.5,350,350.75
1974-09-16,343,343,340.75,340.75
1974-09-17,338,343.5,331,336.5
1974-09-18,339,341,336,339.25
1974-09-19,339,344,337.5,343.5
1974-09-20,343.5,348.5,341,341.5
1974-09-23,351.5,351.5,348.5,351.5
1974-09-24,352,361.5,352,361.5
1974-09-25,364,365,357,357.5
1974-09-26,358,367.5,357,367.5
1974-09-27,377.5,377.5,372,377.5
1974-09-30,381,387.5,381,387.5
1974-10-01,397.5,397.5,377.5,377.5
1974-10-02,382,386.5,378,385
1974-10-03,394,395,392.5,395
1974-10-04,400,400,385.5,393.75
1974-10-07,383.75,383.75,383.75,383.75
1974-10-08,373.75,380,373.75,373.75
1974-10-09,376,381,374.5,379
1974-10-10,380,386.5,378,385.75
1974-10-11,388,392.5,375.75,378.5
1974-10-14,378,388.5,371,388
1974-10-15,391,396,384,388.25
1974-10-16,387,393.5,386,386.25
1974-10-17,382.5,388,376.5,380.5
1974-10-18,384,384.5,380,380.25
1974-10-21,382,383.5,378.5,382.75
1974-10-22,382.5,386,381,382.25
1974-10-23,382,383.5,376,377.5
1974-10-24,377,377,370,372
1974-10-25,365,368.5,362,362.75
1974-10-28,363,367,362,363.75
1974-10-29,368,373.75,367.25,373.75
1974-10-30,375,376.5,368,374.75
1974-10-31,374.5,381,373.5,380.75
1974-11-01,378,379.5,376,376.5
1974-11-04,378,382.5,377.5,378.25
1974-11-06,380,383.25,378,379
1974-11-07,377.5,380,376,378.25
1974-11-08,378,380.75,377.5,379.5
1974-11-11,389.5,389.5,379,379.5
1974-11-12,377,382,372,372.5
1974-11-13,372,374,367,373.5
1974-11-14,375.5,377,372,373.25
1974-11-15,371,371,363.5,364
1974-11-18,357,357,354,354
1974-11-19,344,349.5,344,346.5
1974-11-20,350,356.5,350,356.5
1974-11-21,352,354.5,346.5,346.5
1974-11-22,340.5,351,340.5,347.75
1974-11-25,349,352.5,347.5,348
1974-11-26,346.5,356.5,346.5,355.75
1974-11-27,359,362.75,357,358.75
1974-11-29,360,366,358.75,364.5
1974-12-02,365,365,359.5,362.25
1974-12-03,359,372,359,370.25
1974-12-04,368,368,361.5,362.75
1974-12-05,372.5,377.5,372.5,374.75
1974-12-06,372,373.5,364.75,365
1974-12-09,363,364,355.25,361.75
1974-12-10,365,367.5,363,363.75
1974-12-11,363,366.5,362.5,363.25
1974-12-12,364.5,367,363.5,365.25
1974-12-13,365.5,368,362,363.75
1974-12-16,364.5,366,358.5,359
1974-12-17,358.5,359.25,351.5,352.25
1974-12-18,353,358.5,352,358
1974-12-19,359,362,357,357.25
1974-12-20,355,356.5,352.5,355
1974-12-23,352,353.5,347,347.25
1974-12-24,344,346,342.5,342.75
1974-12-26,342.75,345,333.5,334
1974-12-27,334,340,334,339.5
1974-12-30,339,340,335,338.25
1974-12-31,337,343.5,337,341.75
1975-01-02,343,348,343,346.75
1975-01-03,347.5,349.25,343.25,343.5
1975-01-06,343,352.5,339,350.75
1975-01-07,349,349,341,341.5
1975-01-08,338,340.75,334,338.75
1975-01-09,340,342.5,336.5,337.5
1975-01-10,336.5,342.25,336.5,341.25
1975-01-13,344,346,338.75,339.75
1975-01-14,340,342.5,337,340.5
1975-01-15,337.5,341,337,337.25
1975-01-16,335,336.5,329.25,330.25
1975-01-17,320.25,320.25,320.25,320.25
1975-01-20,310.25,310.25,310.25,310.25
1975-01-21,314,316.25,310.5,312.25
1975-01-22,310,310.5,302.25,302.25
1975-01-23,295,312.25,295,312.25
1975-01-24,310,319.5,308,318.75
1975-01-27,315.5,318,309.5,311
1975-01-28,309,316.5,307,314.5
1975-01-29,313,322,311,317.75
1975-01-30,317.5,319.5,314,316.25
1975-01-31,316,316,308.5,311.25
1975-02-03,309.5,309.5,303.5,307.75
1975-02-04,311,317,310.25,313.75
1975-02-05,312,313.5,310,310.75
1975-02-06,310,313.5,309.5,312.25
1975-02-07,312,315.5,312,313.5
1975-02-10,313.5,314,309,309.25
1975-02-11,307.5,312,307.5,311.75
1975-02-12,312,314.25,309,309.75
1975-02-13,308,312,307.25,311
1975-02-14,310,312,309,310.25
1975-02-18,307,308.5,301.5,301.75
1975-02-19,296,297.5,291.75,291.75
1975-02-20,290,291,282.25,285.75
1975-02-21,287,288.25,280.25,280.5
1975-02-24,278.5,280.5,274.5,278.25
1975-02-25,280,280.5,272,272.5
1975-02-26,267,273.75,266,271.5
1975-02-27,272,274,266.5,267
1975-02-28,263.5,263.5,257,258.25
1975-03-03,256,267,248.25,263.5
1975-03-04,264,270.5,261,264.75
1975-03-05,270.5,275.5,270,274.5
1975-03-06,276.5,284.5,276.25,283.25
1975-03-07,287,289,276,278
1975-03-10,278.5,281,274.75,280.5
1975-03-11,281,290.5,280,290.5
1975-03-12,292,297,287,296.5
1975-03-13,295,295.5,286.5,287
1975-03-14,282,286.25,282,283
1975-03-17,283,292,283,287.5
1975-03-18,289.5,289.75,282,282.5
1975-03-19,280,287,278,286.5
1975-03-20,288,291,282,284.5
1975-03-21,286,294.5,285.5,294
1975-03-24,292,297,288.5,290.5
1975-03-25,291.5,293.5,288,292
1975-03-26,295,301.5,293.5,300.5
1975-03-27,297,298.75,293.5,294.5
1975-03-31,297,303.25,297,298.75
1975-04-01,302,303.5,297.5,303
1975-04-02,302,303.25,299.25,300
1975-04-03,300,300,294.5,294.75
1975-04-04,295,298,293.5,297.5
1975-04-07,298,298.5,294,296.5
1975-04-08,295.5,299,294.5,295.25
1975-04-09,295.25,297.25,292.25,295.5
1975-04-10,294.5,294.5,285.5,285.5
1975-04-11,282.5,286.5,282.5,284.25
1975-04-14,283,286.75,281.75,282.75
1975-04-15,282.5,285.5,279.5,279.75
1975-04-16,280.5,281.75,276.75,278.5
1975-04-17,279,287,279,286.5
1975-04-18,286.5,286.5,281,281.25
1975-04-21,280.5,284,278,282.25
1975-04-22,281.25,284.25,280,280.5
1975-04-23,280.75,284.5,280.25,282.5
1975-04-24,284.25,288,284.25,286.75
1975-04-25,290,295.5,289,294.75
1975-04-28,297,300,291.5,293.25
1975-04-29,290,291,286.5,287.5
1975-04-30,287,291.25,285,286.5
1975-05-01,284,284,276.5,276.5
1975-05-02,277.5,283,275,280.5
1975-05-05,280,280,274.5,275
1975-05-06,270.5,273.5,269.5,272
1975-05-07,274.5,275.5,268,268.25
1975-05-08,269,271.75,267.25,271.5
1975-05-09,271,273,268.25,270.5
1975-05-12,270.5,274,268,274
1975-05-13,274.5,278,273,277.5
1975-05-14,277,278.5,275,275.25
1975-05-15,270,273.75,270,271.25
1975-05-16,269,270.25,268,268.75
1975-05-19,267,275.25,266,272.75
1975-05-20,272,282,272,275
1975-05-21,275.25,282,273,280.5
1975-05-22,281,282.5,275.5,276
1975-05-23,275,275.75,274,274
1975-05-27,271,271,266.75,266.75
1975-05-28,266,269.5,265,267.75
1975-05-29,268,271,267.25,268.25
1975-05-30,269.25,271,268.25,270.5
1975-06-02,270,273.5,268.5,270
1975-06-03,270.5,274,269.75,273.5
1975-06-04,274.5,279,272.75,275.25
1975-06-05,275,277.5,274.5,275.25
1975-06-06,274.5,274.5,272,272.25
1975-06-09,272.5,277.5,272.5,276.5
1975-06-10,278.5,279.5,275.75,276.5
1975-06-11,277,280,275.5,279.25
1975-06-12,278.5,280,277,277.25
1975-06-13,276.25,278.5,275.75,278
1975-06-16,277,283.5,277,281.75
1975-06-17,284,289,283.5,286
1975-06-18,286.75,288,283.5,286.25
1975-06-19,285.5,285.5,283,284.75
1975-06-20,285,291,285,290.5
1975-06-23,288.5,292,287,287.25
1975-06-24,287,289.25,285.5,288.75
1975-06-25,290,291,285,285
1975-06-26,285,286.75,282.5,282.75
1975-06-27,283,284.25,274.75,276
1975-06-30,273,275.25,272.25,275
1975-07-01,275.5,278.5,271,273.5
1975-07-02,274,276,273.5,275.5
1975-07-03,276,280.5,276,279.75
1975-07-07,279.5,282.25,276.25,277
1975-07-08,257,266.25,257,266.25
1975-07-09,267,273,262.25,265.75
1975-07-10,266,274,264,265.25
1975-07-11,266.5,275,264.75,274
1975-07-14,273.5,277.5,268,268.75
1975-07-15,268,277,267,275.5
1975-07-16,277,281,274,280.25
1975-07-17,284,284,272,272.5
1975-07-18,270.5,271.5,263,263.25
1975-07-21,263.5,273.25,263.5,273.25
1975-07-22,278,278,271,272.5
1975-07-23,270,272,268.5,269
1975-07-24,270,279,270,278.75
1975-07-25,284,287.5,281,282.25
1975-07-28,288,292.25,285.5,292.25
1975-07-29,299.5,299.5,293.75,298.75
1975-07-30,295,295,288.75,288.75
1975-07-31,287,293.5,284.5,287
1975-08-01,290,290.75,286.5,290.25
1975-08-04,293,300.25,293,299.25
1975-08-05,297,299,295,297.5
1975-08-06,296.5,305.25,294.5,303.25
1975-08-07,307,313.25,307,313.25
1975-08-08,307.5,313,306,308.5
1975-08-11,308,308.5,304.5,306.75
1975-08-12,303,316.5,303,313
1975-08-13,313.5,319,313.5,316.5
1975-08-14,313,322.5,312,318
1975-08-15,322,326,319,320.5
1975-08-18,320,322.75,311.5,313.5
1975-08-19,313,320,313,319.25
1975-08-20,325,329.25,324.5,327.25
1975-08-21,325.25,330.75,321.25,322.5
1975-08-22,324,325,317,321.75
1975-08-25,323,323,316,319.75
1975-08-26,319,319,309.75,310
1975-08-27,308,314.5,305.25,313.25
1975-08-28,313.5,316,308,308
1975-08-29,308,310,302,302.5
1975-09-02,301,302,292.5,295.75
1975-09-03,300,300.75,294.75,299.25
1975-09-04,301,304.75,299.5,302.75
1975-09-05,296,300.5,295.5,300
1975-09-08,297.5,299.5,294.5,296.75
1975-09-09,294,294.25,287,288.75
1975-09-10,296,296,290.5,292.75
1975-09-11,291,292,289,290.5
1975-09-12,297,300.5,296,300.5
1975-09-15,300.5,304.5,297.5,300.75
1975-09-16,301.5,307.75,299,306.75
1975-09-17,308,316.75,304.75,315.75
1975-09-18,315,316.25,310.5,311.25
1975-09-19,312,319.5,308.5,309.25
1975-09-22,307.5,309,300,305.25
1975-09-23,306,306,300.5,301.25
1975-09-24,300,304,300,303
1975-09-25,304.5,307.25,303.5,305.25
1975-09-26,306,308.5,304.75,306.5
1975-09-29,305.5,305.75,302.75,303
1975-09-30,302.5,304.5,301.25,303.25
1975-10-01,304.5,307.75,303.25,306.25
1975-10-02,305,305.75,296.25,296.75
1975-10-03,297,299.5,296.75,298.75
1975-10-06,298,298.75,295,297.5
1975-10-07,298.5,301.5,298.25,299
1975-10-08,300,304,297.25,300.25
1975-10-09,299.25,300.75,297.25,300
1975-10-10,301,301,298.5,300.25
1975-10-13,295,295.75,291.75,292.75
1975-10-14,291,297.75,290.75,296.25
1975-10-15,296,296.75,292,292.75
1975-10-16,292,296.75,292,295.25
1975-10-17,296,296.5,291.5,291.75
1975-10-20,290,295,289,292.75
1975-10-21,294,295.5,283,285.5
1975-10-22,287,287,283.25,284.25
1975-10-23,284.5,284.5,281,283
1975-10-24,283.5,287.5,281.25,281.5
1975-10-27,277.5,279,275,275.25
1975-10-28,275,277,273.5,275.25
1975-10-29,277,279,276.75,277.25
1975-10-30,277.5,281.5,277,281.25
1975-10-31,281.25,282,277.5,277.75
1975-11-03,277,277,273,273.75
1975-11-04,274.5,276.5,272.75,274.75
1975-11-05,275.5,278.5,275.25,277.5
1975-11-06,278,278.5,274.5,275.25
1975-11-07,275,275.75,273,273.25
1975-11-10,270,271,267.75,269.25
1975-11-11,271,273,267,267.25
1975-11-12,265.5,266.75,262.75,265
1975-11-13,266,267.25,263.25,264.75
1975-11-14,265,267,265,265.25
1975-11-17,265,267,264.75,265.5
1975-11-18,265.5,266,261.25,261.75
1975-11-19,260,260.75,257.25,259.75
1975-11-20,260.5,262,260.5,261
1975-11-21,261.5,265.5,261.5,265.25
1975-11-24,267.5,275.25,267.5,275.25
1975-11-25,277,277,271,271.5
1975-11-26,271.75,273.5,270.5,273.25
1975-11-28,274.5,276,271,271
1975-12-01,270.75,272.5,269.25,271.75
1975-12-02,271,274,270,271.25
1975-12-03,271,271,269,269
1975-12-04,282,284,278,278.25
1975-12-05,277,277,275,276
1975-12-08,275,275,268,268.25
1975-12-09,268,271.75,265.5,271.25
1975-12-10,270.75,271,269.25,269.75
1975-12-11,270,270.5,268.5,270.25
1975-12-12,268.5,268.5,262,262
1975-12-15,260,260.75,256.5,259.5
1975-12-16,261.5,263.5,259.75,262.75
1975-12-17,263,264.75,261.75,264.5
1975-12-18,264.75,265.5,262.5,264.25
1975-12-19,264,268,263,267.75
1975-12-22,267.5,268.25,266,266.75
1975-12-23,266,266,263.5,263.5
1975-12-24,263,264.75,262.5,263
1975-12-29,263,263,260,260
1975-12-30,259.5,262.25,258.75,260.25
1975-12-31,259.25,262,259,261.5
1976-01-02,262.5,262.5,259.75,261.5
1976-01-05,262,267,262,265
1976-01-06,264.5,267,263.75,264.5
1976-01-07,265,272.5,264.5,269
1976-01-08,270,271.25,268.25,268.75
1976-01-09,268,269,266.5,266.75
1976-01-12,266.75,270,265.75,269.75
1976-01-13,270,271.5,269.5,270.5
1976-01-14,269.75,270.5,268.75,270.25
1976-01-15,271,271.5,269,269.25
1976-01-16,271,271.5,269.25,270.5
1976-01-19,271,273.5,270.25,272.75
1976-01-20,273,274,272.5,273.25
1976-01-21,272.5,272.5,270.5,270.5
1976-01-22,270.25,270.25,267,268.5
1976-01-23,268.5,271.5,267.5,271.25
1976-01-26,263,263,261.25,261.25
1976-01-27,261,262,258.5,261.75
1976-01-28,262.5,263.5,261,263.25
1976-01-29,263.5,264.75,263,264
1976-01-30,264.5,265.5,264,265
1976-02-02,266,269,266,268
1976-02-03,266.5,268,265.25,267.75
1976-02-04,268.5,269,266.5,266.75
1976-02-05,266.25,267.5,265.25,266
1976-02-06,265.75,267.5,265.5,266.5
1976-02-09,266.5,267,265.5,265.5
1976-02-10,265.75,268.5,265.75,267.5
1976-02-11,268,271,267.25,268.25
1976-02-12,270,274,269.5,271.75
1976-02-13,271,271,269.5,269.75
1976-02-17,270.75,271.5,269.5,270.25
1976-02-18,270.5,271.25,269,269.25
1976-02-19,271,271,269.5,269.75
1976-02-20,269.5,269.75,268.5,268.75
1976-02-23,269.5,270.25,269.25,269.5
1976-02-24,269.25,269.5,268.25,268.5
1976-02-25,268.5,269.75,268.5,269.5
1976-02-26,269.75,270.75,268.75,269
1976-02-27,271,273.5,271,271.5
1976-03-01,271.75,271.75,270.5,270.75
1976-03-02,270,270,267.25,267.75
1976-03-03,268,269,267.25,268.75
1976-03-04,268.25,270.5,268,270
1976-03-05,270.25,271.5,269.5,270.75
1976-03-08,274.75,275.25,274,274.25
1976-03-09,274.5,275.75,274.5,275
1976-03-10,275,276,274.25,274.5
1976-03-11,274.5,274.75,273.5,273.5
1976-03-12,272.5,273,271.5,271.75
1976-03-15,271.5,271.75,269,269
1976-03-16,268.75,269.5,268,268
1976-03-17,268.5,271.25,268.25,271
1976-03-18,272,273.75,272,273.25
1976-03-19,273,275,272.5,273
1976-03-22,273.5,274,272.5,273.75
1976-03-23,273.75,273.75,269.5,269.5
1976-03-24,269.5,270.5,268.75,269.75
1976-03-25,270.5,271.25,268.5,268.75
1976-03-26,269,269.25,267.25,268
1976-03-29,267.5,267.5,265,265.25
1976-03-30,265.5,267,265.5,267
1976-03-31,267.75,267.75,265.5,265.5
1976-04-01,265.5,265.75,264.25,265.25
1976-04-02,266,266.75,265.5,265.75
1976-04-05,265.25,267.25,264.5,267
1976-04-06,267.25,269,267,268
1976-04-07,267.5,269,267,267.25
1976-04-08,266.75,268,265.5,267.25
1976-04-09,266.75,267.75,266.25,266.5
1976-04-12,265.5,267.25,265,266
1976-04-13,265.5,265.75,264.25,264.25
1976-04-14,263.75,265.25,263.75,264.25
1976-04-15,264.25,267.5,264.25,267
1976-04-19,265.75,267,265.5,266.5
1976-04-20,265.75,269.5,265.75,266.5
1976-04-21,266,267,265.5,267
1976-04-22,267.25,268,266.75,268
1976-04-23,269.75,269.75,267.5,268
1976-04-26,267,267.75,266,267.25
1976-04-27,268.5,268.5,267.25,267.5
1976-04-28,267.5,271.5,267.25,271.25
1976-04-29,272.5,272.75,269,269.25
1976-04-30,268.75,271,268.75,270.25
1976-05-03,270.5,272.25,270.5,272
1976-05-04,272.25,273.25,271.75,272.25
1976-05-05,274,275.5,274,274.75
1976-05-06,275.5,276.75,274.5,276.5
1976-05-07,277.5,278.75,276.75,278.25
1976-05-10,279,281.5,278.5,280
1976-05-11,281.5,282,279.5,280.25
1976-05-12,281,284.25,280.25,282.5
1976-05-13,281.5,286,281.5,285.75
1976-05-14,288,291,286.75,287.75
1976-05-17,287.5,288.75,284,284.25
1976-05-18,284,285,282.75,283.25
1976-05-19,283,283.5,281.75,282
1976-05-20,283,285.25,283,283
1976-05-21,284,287,282.75,286.25
1976-05-24,287.5,295,287.5,292.25
1976-05-25,292.5,293.5,288.5,290
1976-05-26,290,292.25,290,291
1976-05-27,294,297,292,293.25
1976-05-28,291.5,291.5,288.75,290.75
1976-06-01,290,293,289,291.75
1976-06-02,293.5,295,291.5,292.75
1976-06-03,293,296.75,293,295
1976-06-04,296,298,296,296.75
1976-06-07,301,306.75,301,305.75
1976-06-08,309.5,314.5,300.75,302.25
1976-06-09,306,306.25,301.25,305
1976-06-10,311.25,314,306.5,309
1976-06-11,308.5,308.5,302,303.75
1976-06-14,303,306.5,300.5,300.75
1976-06-15,301,301,295,296.5
1976-06-16,297,300.5,294.5,294.75
1976-06-17,295,296.75,286.5,289.75
1976-06-18,289.5,293,289,289.5
1976-06-21,290,299.5,290,299.5
1976-06-22,305,308,301,304.75
1976-06-23,300,300.5,294.75,296.25
1976-06-24,295.5,301,292.5,299.5
1976-06-25,302,304.75,299.25,302
1976-06-28,302,303.5,299,299.5
1976-06-29,298.75,298.75,292,292.25
1976-06-30,290,293.5,287.5,288.75
1976-07-01,288.5,298.75,288,295.5
1976-07-02,300,302,297,297.5
1976-07-06,301,307,301,306.75
1976-07-07,305,305,294.75,294.75
1976-07-08,297,299.5,294,298.5
1976-07-09,300,301,297,299
1976-07-12,298.5,300.5,292.5,295.5
1976-07-13,295,297.5,292,296.75
1976-07-14,299,306.75,298.5,306.75
1976-07-15,306,306,296.75,299
1976-07-16,299,299,296,298.25
1976-07-19,298.5,299.5,289,290.75
1976-07-20,291,297,289.25,294.25
1976-07-21,293,296.5,290.25,290.75
1976-07-22,289,289,280.75,281
1976-07-23,281.25,286,281.25,284
1976-07-26,284.5,284.5,279,279.25
1976-07-27,279,283,278,280
1976-07-28,280,284,279.5,281
1976-07-29,281,282.75,280.5,281.5
1976-07-30,282.25,283.5,280,280.25
1976-08-02,280,280,275,275.25
1976-08-03,274.5,277.5,274.25,276.5
1976-08-04,277.5,282,277.5,280.25
1976-08-05,280,280.75,278,279.75
1976-08-06,278.5,279.75,277.5,278
1976-08-09,277.5,278.5,276,276
1976-08-10,276.5,277.5,273,274.25
1976-08-11,273.25,274,272.5,272.75
1976-08-12,273,274.75,272.25,273.25
1976-08-13,277,282.75,276,280
1976-08-16,279.5,280.5,278.5,278.5
1976-08-17,277.5,278.5,273.75,273.75
1976-08-18,272.75,277.75,272.75,277.25
1976-08-19,278.5,283.75,278.5,282.5
1976-08-20,283.5,284.5,280,280.25
1976-08-23,283,285,282,284.25
1976-08-24,284,284,281,282.25
1976-08-25,281,282,279.5,279.75
1976-08-26,277.5,281,277.5,281
1976-08-27,280.5,284.25,280,283.25
1976-08-30,283.5,284,278.25,278.5
1976-08-31,281,282.5,279.25,281.75
1976-09-01,282.75,288.25,282.5,286.25
1976-09-02,289,295,288,290.25
1976-09-03,290,292,288,290.75
1976-09-07,294.25,300.25,294.25,300.25
1976-09-08,300,300,293.5,295.5
1976-09-09,294,295.75,293.5,294.25
1976-09-10,295.5,295.5,293.25,293.5
1976-09-13,293.5,296.5,287.5,291
1976-09-14,290,292.5,288,288
1976-09-15,288.5,290,287,289
1976-09-16,291,292,289,289.25
1976-09-17,290,290,283,283.25
1976-09-20,282.5,284,278.75,283
1976-09-21,284.5,286,280.25,280.75
1976-09-22,279,280,276,276.25
1976-09-23,275,276.25,273.5,275.75
1976-09-24,275.5,275.5,271,271.25
1976-09-27,271.5,272,267.25,269.75
1976-09-28,270,272,268.75,271.5
1976-09-29,271.5,271.75,267.25,267.5
1976-09-30,266.5,267.75,265,266.75
1976-10-01,267.5,267.5,264.25,264.75
1976-10-04,263.75,271.5,263.25,269.75
1976-10-05,270,274.5,267.75,270.25
1976-10-06,270,273.25,270,272
1976-10-07,273.75,277,272.5,275.5
1976-10-08,276,276,270.75,271
1976-10-11,269.5,269.5,266,266
1976-10-12,265.5,267,264.75,266.5
1976-10-13,273,276,271.75,274.75
1976-10-14,271,272.5,265.5,265.75
1976-10-15,265.5,265.5,263,263.5
1976-10-18,263,266,262.25,263.5
1976-10-19,264.5,266.75,264.5,265.75
1976-10-20,266,266,264.25,264.75
1976-10-21,265,265.75,264,264.25
1976-10-22,262.5,264.5,261,263.75
1976-10-25,264.5,265.5,263,263.25
1976-10-26,264,264,260.5,261.25
1976-10-27,260,262,257.25,258.25
1976-10-28,257.5,257.5,251.5,251.75
1976-10-29,250,253.5,250,252.25
1976-11-01,253,254.5,251.25,252.75
1976-11-03,254,254.5,249.75,250.25
1976-11-04,250.5,254,250,253
1976-11-05,254,254,252,252.25
1976-11-08,251,252.5,247.5,248
1976-11-09,247,248,243.75,244.75
1976-11-10,245.25,246.25,243.5,245.75
1976-11-11,239,239.5,235.75,235.75
1976-11-12,236,236.5,233,233.25
1976-11-15,234.5,234.5,230.5,232
1976-11-16,234,237.75,233.25,236.75
1976-11-17,237,242.75,236.75,240
1976-11-18,239.5,240.5,237.25,238
1976-11-19,238.5,243.25,237.5,240
1976-11-22,240.5,242.75,240.25,242.75
1976-11-23,244,246.25,242.5,244.75
1976-11-24,245,245.75,244,244
1976-11-26,243.75,243.75,242,242.25
1976-11-29,241.5,242,238.25,239.25
1976-11-30,238.25,241.75,238.25,240.75
1976-12-01,241,241.75,239.75,239.75
1976-12-02,239.75,240,238,238.25
1976-12-03,238.5,240.75,238.5,240.75
1976-12-06,250,254.5,250,253.75
1976-12-07,255.5,256.5,252.75,253
1976-12-08,252.75,256,252,255.75
1976-12-09,255.5,256,253.75,254
1976-12-10,254,254,252.25,253
1976-12-13,252,253,251.5,252
1976-12-14,251.75,253.75,251.75,253.5
1976-12-15,253.25,253.5,251,251
1976-12-16,250.75,251,250.5,250.75
1976-12-17,250.5,250.75,248.5,248.5
1976-12-20,249,249.75,248.5,249.25
1976-12-21,249.75,249.75,248.25,249
1976-12-22,249.5,251,249,250.75
1976-12-23,251,251.75,250.25,251.75
1976-12-27,251.75,255.75,251.75,255
1976-12-28,255,256.5,254.5,256.25
1976-12-29,257.5,257.75,256.25,256.5
1976-12-30,256.5,257,255.75,256.5
1977-01-03,256,256,254.5,255
1977-01-04,254.5,257.5,254,257
1977-01-05,257,259.5,256,258.75
1977-01-06,259.5,262,258.75,262
1977-01-07,262,263,260.75,261.25
1977-01-10,262,264.75,262,264.5
1977-01-11,265.5,265.5,262.75,263.5
1977-01-12,263,265.25,263,264.25
1977-01-13,265,265,261.25,262
1977-01-14,261.5,262,260,261
1977-01-17,261.5,262.5,260.75,262.25
1977-01-18,259.5,260.75,258,258.75
1977-01-19,259.5,261,258.75,260.75
1977-01-20,261.25,261.75,258.75,259
1977-01-21,259,260,258,259.5
1977-01-24,258.5,261,257.25,260.75
1977-01-25,261,261,259.75,260.5
1977-01-26,257,258,255.5,256
1977-01-27,256.5,257.25,254.5,254.5
1977-01-28,255,256,252.5,253
1977-01-31,253,254.25,253,253.5
1977-02-01,253.25,253.25,251.5,252.75
1977-02-02,252,252,251,251
1977-02-03,252.25,254.75,252,252.75
1977-02-04,252.25,256,252.25,255.5
1977-02-07,255.25,257.5,254.5,256.25
1977-02-08,255.5,256,254.5,255.75
1977-02-09,255.75,256.75,255,256.5
1977-02-10,256.25,257.25,256,256.75
1977-02-11,256.75,256.75,255,255
1977-02-14,255,255,254,254.25
1977-02-15,254,255.25,253.5,254.25
1977-02-16,254.25,257.5,254.25,257
1977-02-17,257.25,259.25,257.25,258.5
1977-02-18,258.25,259,257.5,259
1977-02-22,257.5,258,256.5,256.75
1977-02-23,256.75,259,256.5,257.5
1977-02-24,257,258.5,257,258
1977-02-25,257.5,257.5,256,256.25
1977-02-28,255.25,257.5,254.5,254.75
1977-03-01,254.5,255.25,253.5,254.25
1977-03-02,255,255,253.25,253.75
1977-03-03,253.75,254.75,252.5,253
1977-03-04,253,253.25,252.25,253
1977-03-07,253.25,255.5,253.25,253.5
1977-03-08,264,264.5,261.25,263
1977-03-09,263,263,261.75,262.5
1977-03-10,262.25,262.25,260.5,261
1977-03-11,261,261.25,260,260.75
1977-03-14,260,260,258,258.5
1977-03-15,259.5,259.5,258,258.75
1977-03-16,259.5,260.75,259.25,260.75
1977-03-17,261.5,261.5,258.5,258.75
1977-03-18,258.5,259.75,258,259
1977-03-21,259.25,260.75,259,260.5
1977-03-22,259.75,260,258.75,259.25
1977-03-23,259,259.75,258.5,259
1977-03-24,258.75,259,258.25,258.5
1977-03-25,258.5,259.25,258,259
1977-03-28,257.5,258,256.25,256.25
1977-03-29,256.75,256.75,255.25,255.5
1977-03-30,255.25,255.75,253.25,253.25
1977-03-31,253,253.25,251.5,251.75
1977-04-01,253.5,254,252.75,253.25
1977-04-04,252.75,252.75,250.5,250.5
1977-04-05,250.5,251.5,249.25,249.5
1977-04-06,250,251,249.25,250.75
1977-04-07,250.75,252.75,250,252.25
1977-04-11,252,254,251.5,253.75
1977-04-12,254.5,259.75,254.25,257.5
1977-04-13,258.5,262,255.25,255.5
1977-04-14,255.5,258,255,256.25
1977-04-15,255.75,257.25,255,257
1977-04-18,258,259.5,257.25,258.25
1977-04-19,259,260.5,258,258
1977-04-20,257.75,257.75,256.5,257
1977-04-21,256.75,257.75,255.25,255.5
1977-04-22,255,255,250.5,251.25
1977-04-25,250,250,247.5,247.5
1977-04-26,247.25,248.75,246.25,248.25
1977-04-27,248,249.25,246,246
1977-04-28,245.25,249,245,247.25
1977-04-29,247.5,249.5,247.5,248.5
1977-05-03,249.25,249.5,247.5,247.75
1977-05-04,246.75,246.75,242.75,243.25
1977-05-05,245.5,246.5,244.75,246
1977-05-06,246.25,248,246,247.5
1977-05-09,246.5,247,244,245
1977-05-10,243.5,243.75,239.5,239.75
1977-05-11,239.25,242.5,239.25,241
1977-05-12,242,244.75,241,244.5
1977-05-13,247,247,242,242.25
1977-05-16,241,241.75,240,240.25
1977-05-17,241,241.5,239.25,239.75
1977-05-18,239.25,242.75,239,242
1977-05-19,242.75,244,242.25,242.25
1977-05-20,241.75,242,238.75,239.75
1977-05-23,240,243.5,240,243
1977-05-24,244.5,247,244.25,246.75
1977-05-25,246.5,246.75,244.5,245.75
1977-05-26,245.25,245.75,244.25,245.25
1977-05-27,244.75,245,244,245
1977-05-31,245.25,249.75,245.25,249.5
1977-06-01,249.5,251.5,248.5,249.25
1977-06-02,248.75,249.5,247.25,248.75
1977-06-03,248.75,250.5,248.75,250
1977-06-06,250,251.5,248.75,249.25
1977-06-07,249.5,250.25,247.75,248.75
1977-06-08,247,247,243.25,243.5
1977-06-09,242.5,242.75,239.5,242
1977-06-10,240.5,240.5,235,235.25
1977-06-13,233,233.75,231.25,232.75
1977-06-14,232.75,235,232.5,232.75
1977-06-15,232.75,237,231,233.25
1977-06-16,233,233.5,231.5,231.5
1977-06-17,230.75,230.75,229,229
1977-06-20,229,232.5,229,231.5
1977-06-21,230,230.5,226.25,226.5
1977-06-22,224.5,225.5,223,223.75
1977-06-23,225,227,222.5,224.5
1977-06-24,220.5,224.5,220,224.25
1977-06-27,224.5,229,224.5,227.5
1977-06-28,227.5,229.5,227,228.75
1977-06-29,228,228,225.75,226
1977-06-30,223,223.25,220.75,220.75
1977-07-01,214,216.75,214,216.25
1977-07-05,218,225,218,223.5
1977-07-06,229,231,226.5,230.25
1977-07-07,224.5,227,223.75,224.25
1977-07-08,224,226,222.75,224.5
1977-07-11,221,221,216,216
1977-07-12,213.5,217,213.5,214.25
1977-07-13,215.5,218.5,215.5,216.25
1977-07-14,219,220,218.5,219
1977-07-15,219,219.25,215.5,216.25
1977-07-18,211,212,209.5,210.5
1977-07-19,212,214.25,212,213
1977-07-20,212,212.5,209.5,209.75
1977-07-21,209,212,209,210.25
1977-07-22,212,212.5,210,210.75
1977-07-25,209,209.5,208.25,208.5
1977-07-26,208.25,209,205.75,205.75
1977-07-27,206,206.25,203,203.25
1977-07-28,202,202.75,198,199
1977-07-29,196.5,197,194,194.25
1977-08-01,193,195.5,191.5,195
1977-08-02,196.5,198,194.5,194.75
1977-08-03,194.75,198.25,194.75,197.25
1977-08-04,198.5,201,198.25,198.5
1977-08-05,197.75,200.5,197,200.25
1977-08-08,195,196,194,195.75
1977-08-09,195.25,196,194.75,195.25
1977-08-10,195.5,196.25,195.25,196
1977-08-11,195.25,195.75,194,194.5
1977-08-12,193.5,194.75,193.25,194
1977-08-15,193.25,193.5,188.25,188.25
1977-08-16,186,188.5,185.5,187
1977-08-17,187.75,188.25,186,186.25
1977-08-18,184,185.25,184,184.5
1977-08-19,184,185.5,183,183.25
1977-08-22,182,182.25,181,181.25
1977-08-23,181,182,180.75,181.25
1977-08-24,182.5,184.5,182.25,183.75
1977-08-25,185.5,186.75,184.75,185
1977-08-26,184.75,185,183.75,184
1977-08-29,183.25,184,181.75,182
1977-08-30,183,183.5,181.75,183
1977-08-31,183.25,184.25,182.25,182.25
1977-09-01,182.5,184,182.25,183.75
1977-09-02,186,186.75,184.5,186.5
1977-09-06,187,190.75,186.5,190.5
1977-09-07,197,198,196.25,197.75
1977-09-08,197.25,200,196.75,199.5
1977-09-09,199.5,202.5,198.5,201
1977-09-12,200,203.5,199.5,203.25
1977-09-13,200.5,203.25,199.75,202.75
1977-09-14,202.5,202.5,200,200.25
1977-09-15,201.25,202,199.25,199.75
1977-09-16,200,200,198.75,199.5
1977-09-19,199.5,202.5,198.75,201.25
1977-09-20,202.25,205,202.25,204
1977-09-21,204.5,209,204.5,208.75
1977-09-22,207,207.75,205,205
1977-09-23,205,206.75,205,205.5
1977-09-26,205,205,203.25,204
1977-09-27,202.75,203,200,200.25
1977-09-28,201,201.75,200,200.5
1977-09-29,201.75,204,201.5,203.75
1977-09-30,204.25,205.25,202.75,203
1977-10-03,203,206.5,201.75,205.75
1977-10-04,206,212.75,206,210.25
1977-10-05,209.5,211.5,207.75,208
1977-10-06,209.5,212.5,209.5,212.25
1977-10-07,211,214.5,210.75,213.25
1977-10-10,214,214,210.5,210.5
1977-10-11,209.5,209.75,208,208
1977-10-12,207.5,208.25,206.25,207.5
1977-10-13,205,205,203.25,204.25
1977-10-14,203.75,206.25,203.25,205.5
1977-10-17,206.5,207.5,205.5,206.5
1977-10-18,207,207.5,206.25,207.25
1977-10-19,208,208.5,207.25,207.5
1977-10-20,206.75,206.75,204.5,204.75
1977-10-21,204.25,205.25,204.25,204.75
1977-10-24,207.5,211.5,206.5,209.25
1977-10-25,209.5,210.25,208,208
1977-10-26,208.5,212,208.25,211.25
1977-10-27,211.5,211.75,209.25,209.5
1977-10-28,210,213.5,210,210.75
1977-10-31,212.5,215,212.5,214
1977-11-01,215,218.5,214.25,218.25
1977-11-02,222.5,225,220.25,221.25
1977-11-03,219.25,219.75,217.75,218.25
1977-11-04,217.5,220.75,217.25,217.5
1977-11-07,218,220.75,218,220.25
1977-11-08,220.25,223.5,219.5,219.75
1977-11-09,222.5,222.75,220.25,221.75
1977-11-10,222.25,222.5,220.5,222
1977-11-11,221,221.5,219.25,219.5
1977-11-14,218.5,220.75,217.5,219.75
1977-11-15,222.5,224.5,221.5,222.25
1977-11-16,223.5,227,222.75,226.25
1977-11-17,224.5,226.25,224,225.25
1977-11-18,225.5,227,224.75,226.25
1977-11-21,227,227.25,224,224
1977-11-22,223.5,223.75,220.5,220.5
1977-11-23,220.5,222,219.5,221.5
1977-11-25,223,225.25,223,225
1977-11-28,226,226.75,222.5,222.5
1977-11-29,222.75,223.5,220.25,221.75
1977-11-30,221.5,223.5,221.25,221.5
1977-12-01,220.75,221.5,219.75,220
1977-12-02,220.5,223,220.5,220.5
1977-12-05,221,221.25,217.25,217.5
1977-12-06,225.5,226.75,224.5,226.25
1977-12-07,226.75,227.5,225.5,226.5
1977-12-08,227,228.25,225.75,226.75
1977-12-09,227.25,227.75,225.5,225.75
1977-12-12,224.75,224.75,221.25,221.25
1977-12-13,221.5,224.25,221,224
1977-12-14,225.25,225.25,222.5,223
1977-12-15,223,223.5,222,223.25
1977-12-16,223.5,224,222.75,223.25
1977-12-19,223,223.75,221.75,223.5
1977-12-20,224.25,225.75,223.75,225.75
1977-12-21,226,226.25,225.25,225.5
1977-12-22,225.5,226.75,225,226.5
1977-12-23,227,227.5,226,226.25
1977-12-27,226.5,227.75,225,225.25
1977-12-28,225,225.5,224.25,225
1977-12-29,224.5,225.5,224.25,224.75
1977-12-30,224.5,224.5,223.5,223.75
1978-01-03,223.5,224.25,222.75,223
1978-01-04,222.75,223.5,222.5,223
1978-01-05,223.25,223.25,221,221.75
1978-01-06,222,222.75,221,222.5
1978-01-09,223,223.5,222.25,223.25
1978-01-10,223.5,225,223.25,224.75
1978-01-11,225.5,225.5,224,224.25
1978-01-12,223.75,225,223.5,224.25
1978-01-13,224.25,225,223.5,223.75
1978-01-16,223.5,223.5,222,222.25
1978-01-17,221.25,222.5,220.25,221.75
1978-01-18,222.75,223,221.5,221.75
1978-01-19,221.5,222.75,221.5,222.75
1978-01-20,223,224.75,222.75,224.75
1978-01-23,224,226.75,224,226
1978-01-24,226.5,226.5,224.5,225.25
1978-01-25,225.25,227.5,225.25,226.5
1978-01-26,226.75,227.75,225.5,226.25
1978-01-27,227,228.5,226,228
1978-01-30,227.75,228.25,226.75,226.75
1978-01-31,226.5,226.5,225.5,226.25
1978-02-01,226.5,226.75,226,226.25
1978-02-02,226.75,227.25,226.25,226.75
1978-02-03,226.5,226.75,226,226.5
1978-02-06,226.75,227.5,226.75,227
1978-02-07,227.25,227.25,226.5,227
1978-02-08,226.75,226.75,225.5,225.75
1978-02-09,225.5,226.5,225,226
1978-02-10,226.5,226.5,225.75,226
1978-02-13,226,226.75,226,226.5
1978-02-14,226.75,226.75,226,226.5
1978-02-15,226.25,226.5,226,226.25
1978-02-16,226,226,225.5,225.75
1978-02-17,226,227.25,226,226.75
1978-02-21,226.5,227.25,226,226.75
1978-02-22,227,227.5,226.75,226.75
1978-02-23,227,227,226.5,226.5
1978-02-24,226.25,227,226.25,226.5
1978-02-27,226.25,226.5,224.75,225
1978-02-28,224,224.5,224,224.5
1978-03-01,224.75,226.5,224.5,225.75
1978-03-02,225.75,230.25,225.5,227.75
1978-03-03,228.25,230.25,228.25,228.75
1978-03-06,229.25,231,228.25,228.5
1978-03-07,233,236.5,233,236
1978-03-08,237,240.25,237,237.5
1978-03-09,240,240,236.5,237.75
1978-03-10,236.5,236.5,235.25,236
1978-03-13,236,240.75,235.5,239.75
1978-03-14,240.5,242.75,239,242.5
1978-03-15,243,249.5,242.25,243.75
1978-03-16,244.25,246,243.25,245.75
1978-03-17,251,254.75,250,253
1978-03-20,252.5,253.5,248.25,248.5
1978-03-21,249.5,250.75,246.5,246.75
1978-03-22,248.75,250.75,248,248.5
1978-03-23,248.5,251.25,248.25,251
1978-03-27,253,257,253,256
1978-03-28,255.5,257.25,254,256.25
1978-03-29,254.5,254.75,246.25,251.5
1978-03-30,250.5,254,248.25,251.5
1978-03-31,254.5,257,254,256.25
1978-04-03,257.5,257.5,253.25,254.5
1978-04-04,254.5,257.75,253.5,256.25
1978-04-05,257.5,263,257.25,259
1978-04-06,259,259.75,257.25,259.25
1978-04-07,260,264.5,260,263.25
1978-04-10,263.5,267.75,263.5,265.75
1978-04-11,266.75,267.5,262.25,264
1978-04-12,263,263.75,261.5,262
1978-04-13,260.5,261.25,256.25,257.25
1978-04-14,258,262,255.5,259.25
1978-04-17,260,263.25,259.75,260.25
1978-04-18,261.5,261.5,257.75,260
1978-04-19,261.5,261.75,258,258.25
1978-04-20,257,257.5,254.5,256.5
1978-04-21,256.5,256.75,254.25,254.5
1978-04-24,253.5,253.5,245,245.5
1978-04-25,246,251.5,246,250.5
1978-04-26,252.5,252.75,246.5,247
1978-04-27,246,248.75,245.25,248.25
1978-04-28,249.25,251.75,249.25,250.75
1978-05-01,251.25,251.25,247.5,248.75
1978-05-02,249.5,249.5,246.25,246.5
1978-05-03,245.5,246.75,245.25,246.75
1978-05-04,247,251.5,247,251.25
1978-05-05,250.5,252,250.25,251.75
1978-05-08,253.5,253.5,248.5,248.75
1978-05-09,248.25,251,247.25,251
1978-05-10,251,251,249.25,251
1978-05-11,252.25,254.5,251.5,254.25
1978-05-12,254.5,254.75,252.75,253.5
1978-05-15,255.5,258,254.25,257
1978-05-16,257,260.5,256,256.25
1978-05-17,255,258,255,256.25
1978-05-18,256.5,258,255.5,257.75
1978-05-19,258.25,259,257,257
1978-05-22,256,257.5,255.25,257
1978-05-23,259,264,259,263
1978-05-24,263,264.5,261.5,262
1978-05-25,261,267.5,261,267
1978-05-26,266.5,267,265,266.75
1978-05-30,266,271.5,265.75,270
1978-05-31,271.5,271.5,268.5,269.5
1978-06-01,268.5,269,265.25,265.5
1978-06-02,264.75,265.25,259,261
1978-06-05,261,264,259.5,264
1978-06-06,264.25,264.75,260.75,262.75
1978-06-07,261.25,262.5,258,258.75
1978-06-08,258,258.5,255.75,257.75
1978-06-09,258,259.25,255.5,256
1978-06-12,256,258.5,255.75,257.75
1978-06-13,258.5,258.75,256.75,257.5
1978-06-14,257.5,258.5,255,255.5
1978-06-15,255,256.25,251.75,254
1978-06-16,254,254.25,252.25,253.5
1978-06-19,253.5,257.5,253,257.25
1978-06-20,258.25,259,256.5,258.75
1978-06-21,259.5,260.25,257,257.25
1978-06-22,256,259.75,255.25,259.5
1978-06-23,259,260.5,257.25,257.75
1978-06-26,257.75,258.25,256,256.25
1978-06-27,256,256.5,253.5,253.75
1978-06-28,252.75,252.75,247,247.25
1978-06-29,246,247.5,245,245.75
1978-06-30,246.5,248.5,246.5,248
1978-07-03,245,245,243,244
1978-07-05,245,247.25,244.75,247
1978-07-06,250,251.5,248.5,250.5
1978-07-07,250,250.25,247.5,248
1978-07-10,247,248.75,246.75,247
1978-07-11,246,246,242.75,244.25
1978-07-12,242.5,242.75,240,240
1978-07-13,239,240,238,238.25
1978-07-14,237.75,240,237.75,238.75
1978-07-17,238.25,238.5,234.25,234.75
1978-07-18,234.25,234.5,229,229.25
1978-07-19,228.25,231.75,226.75,231.25
1978-07-20,232,233.25,231.25,232.5
1978-07-21,232.5,234,229.5,232.75
1978-07-24,231.75,231.75,229,229
1978-07-25,227.75,228.75,227.25,227.75
1978-07-26,227.5,230.75,227.5,230.25
1978-07-27,230.75,230.75,228,228.5
1978-07-28,229,230,227.75,227.75
1978-07-31,228,228.5,226.25,228
1978-08-01,227.5,227.75,225.25,225.5
1978-08-02,224.5,224.5,221,221
1978-08-03,220.5,221.75,220,220.25
1978-08-04,218.5,220.25,218.25,218.5
1978-08-07,217.5,218.25,214,214
1978-08-08,214,218.75,213.5,216.5
1978-08-09,217.5,219.75,217,218.75
1978-08-10,218.75,219.75,218.75,219
1978-08-11,212,215.25,211,213.5
1978-08-14,214.5,218.5,214.5,216.5
1978-08-15,216.75,226.5,216.25,222.75
1978-08-16,220,222.25,218.5,218.5
1978-08-17,218,223.25,218,220
1978-08-18,220.5,224,220.5,223.25
1978-08-21,224.5,225.5,223,224
1978-08-22,225,226,224,224.25
1978-08-23,223,223,221.25,221.75
1978-08-24,221.75,225.5,219.5,222.5
1978-08-25,223.5,223.5,221.25,221.75
1978-08-28,220,220.25,218.5,219
1978-08-29,218,218.25,214,214.5
1978-08-30,214,217,214,215.5
1978-08-31,215.5,216.25,214,214.25
1978-09-01,213.5,214.25,213,213.75
1978-09-05,213.25,213.25,212,212
1978-09-06,219.75,221,219.75,220.5
1978-09-07,221,223.75,220.5,221.5
1978-09-08,221.25,222.75,220.5,222
1978-09-11,222.25,225.75,222.25,224
1978-09-12,224,224.75,223.5,224.5
1978-09-13,221,224,221,222.5
1978-09-14,222.5,223.75,221,221.25
1978-09-15,220.5,220.5,217,217.25
1978-09-18,218.5,220.25,217.75,218.25
1978-09-19,218.5,221.75,218.25,221.25
1978-09-20,223,224,222,223.5
1978-09-21,221.5,222.5,220,220.25
1978-09-22,219.5,221.75,218.75,219.25
1978-09-25,218.5,220.75,218.25,220.25
1978-09-26,220.5,221.5,219.75,220.75
1978-09-27,221.5,224,221.25,223.25
1978-09-28,224,226.5,223.5,226
1978-09-29,226,226.75,225.25,226.25
1978-10-02,226.5,230,226.5,229.5
1978-10-03,230,230.25,227.5,228.5
1978-10-04,229.5,230,228.5,229
1978-10-05,228.5,229.75,228.5,229
1978-10-06,228.75,228.75,226,226
1978-10-09,226.25,230.5,226.25,229.75
1978-10-10,231,233,229.25,229.25
1978-10-11,229.25,230,228.25,229.75
1978-10-12,227.5,234.25,227,233.5
1978-10-13,233.5,234.25,231,231.25
1978-10-16,231.5,233.5,230.5,232.75
1978-10-17,233,233.5,229.75,230
1978-10-18,229.5,229.5,227.25,227.5
1978-10-19,227.5,229.75,226.25,226.25
1978-10-20,225.5,226.25,224.75,225.75
1978-10-23,225.5,228.75,225.5,228
1978-10-24,228.5,230.25,228.5,230
1978-10-25,232,233.25,231,232.5
1978-10-26,232.5,237.75,232,236.75
1978-10-27,236.5,240.25,235.5,239
1978-10-30,239.5,240.5,235.25,235.5
1978-10-31,234.5,235,233.25,234.25
1978-11-01,231.5,236,231.5,232.5
1978-11-02,233.5,235.25,233,234.25
1978-11-03,234.5,235.5,232.75,234.25
1978-11-06,234,235,231,231
1978-11-08,232,233.75,230.5,231.5
1978-11-09,231,231.25,228.25,228.75
1978-11-10,229.5,231,228.75,229.25
1978-11-13,229,230.5,227.5,230
1978-11-14,229.75,230.5,228.5,229
1978-11-15,228.5,228.75,225,226.25
1978-11-16,226,227,224.75,226.5
1978-11-17,226.5,228.25,226.25,226.75
1978-11-20,226.75,227.75,225.5,226
1978-11-21,225.5,228,225,227.5
1978-11-22,228,229.5,227.5,229.25
1978-11-24,229.5,231.5,229.5,229.75
1978-11-27,229.5,229.5,227,227.25
1978-11-28,226.75,227.25,224.25,224.75
1978-11-29,224,225.5,223.75,224.25
1978-11-30,225.25,227.5,225.25,226.75
1978-12-01,226,227.25,225.5,227
1978-12-04,226.5,227,224.5,224.75
1978-12-05,236.75,237,235.25,235.25
1978-12-06,235,236.25,234.75,235.25
1978-12-07,235.75,236.5,234.5,236.25
1978-12-08,236.5,237,235.25,237
1978-12-11,236.5,237.5,234.5,234.5
1978-12-12,234,234.25,231.5,231.75
1978-12-13,232.25,233,231.75,231.75
1978-12-14,231.75,231.75,230.5,231
1978-12-15,231.5,232,230.5,231.5
1978-12-18,233.5,234.5,232.75,233.75
1978-12-19,232.75,233.75,232.5,233
1978-12-20,232.5,232.75,231.25,231.5
1978-12-21,231.25,231.25,230,230.75
1978-12-22,231.25,232,231,231.25
1978-12-26,231,232,230.75,231.75
1978-12-27,231.75,232,231.25,231.5
1978-12-28,231.75,233.25,231.5,232.5
1978-12-29,233,233,231.5,231.75
1979-01-02,232.25,232.75,231.5,231.75
1979-01-03,231.25,231.25,229.25,229.5
1979-01-04,229.75,230.5,228.5,228.5
1979-01-05,228.75,229,228,228.25
1979-01-08,229.5,230.25,229,229.5
1979-01-09,229.5,230.5,229.5,229.5
1979-01-10,229.5,230,229.25,229.75
1979-01-11,229.25,230.25,229.25,230
1979-01-12,231,233.75,230.5,232.5
1979-01-15,233.5,234.5,233.25,233.75
1979-01-16,233.5,233.5,231.5,231.75
1979-01-17,229.25,230.25,229,230
1979-01-18,230.5,231,230,230.75
1979-01-19,230.5,232.5,230.5,232
1979-01-22,232.75,234,232.5,233
1979-01-23,233,234.5,232.75,234.25
1979-01-24,235,235.75,234.25,235
1979-01-25,234.75,235.25,233.75,234
1979-01-26,234,234.25,233.25,233.75
1979-01-29,233,234,233,233.5
1979-01-30,233.75,234.75,233.75,234.5
1979-01-31,235,235.5,234,234.25
1979-02-01,234,234.25,233.25,233.5
1979-02-02,234.25,234.5,233.5,234.25
1979-02-05,235.5,236.5,235,235.5
1979-02-06,235.5,235.75,234.25,234.75
1979-02-07,236.25,236.5,235,236.25
1979-02-08,235.5,236.25,235.25,235.75
1979-02-09,236,238,236,237.25
1979-02-12,236.25,236.75,235.75,236
1979-02-13,235.75,235.75,234.25,235
1979-02-14,235.5,237.75,235.5,237.5
1979-02-15,237.5,238,237,237.25
1979-02-16,238,238.75,237.25,237.5
1979-02-20,237,238,236,237.75
1979-02-21,237.5,238.75,237.25,238.5
1979-02-22,239,240,239,239.25
1979-02-23,238.75,239.5,238.25,238.5
1979-02-26,238,238,236.5,236.75
1979-02-27,236.5,237.25,235.25,236.25
1979-02-28,235.75,237,235.5,235.75
1979-03-01,235.25,236.5,235,236.25
1979-03-02,237,237.75,236.25,236.5
1979-03-05,236,237.5,235.5,237.25
1979-03-06,238,238.75,237.75,238
1979-03-07,247.75,248,246.75,247.5
1979-03-08,247.5,247.75,246,246.25
1979-03-09,246.25,246.5,245.75,246
1979-03-12,245.75,245.75,243.75,244.25
1979-03-13,244,244.75,243,243.25
1979-03-14,243,243.5,242.5,243
1979-03-15,243.25,245,243.25,244.75
1979-03-16,245,246.5,244.75,245
1979-03-19,245,245.5,244,244.75
1979-03-20,245,247.25,245,247
1979-03-21,246.75,247.25,246.25,246.75
1979-03-22,247.25,248,246.75,247.5
1979-03-23,247.75,249.25,247.5,248.5
1979-03-26,249.25,250.5,249.25,249.75
1979-03-27,249,249.25,247.75,249
1979-03-28,249,251.75,249,251.5
1979-03-29,250.5,251.75,250,250.25
1979-03-30,250.5,252,250.25,251.5
1979-04-02,251.75,253,251.5,252
1979-04-03,251.25,251.75,249.5,249.5
1979-04-04,249.75,250.75,249.25,250.75
1979-04-05,250.75,251.75,250.25,251.75
1979-04-06,251.5,254,251.5,254
1979-04-09,253.25,254.5,253,254
1979-04-10,253.25,253.25,252.25,252.75
1979-04-11,252.75,254,252.5,254
1979-04-12,254.25,255,252.75,254.25
1979-04-16,253,253.5,252.75,253
1979-04-17,253.5,256,253.5,255.75
1979-04-18,256,256,253.75,254.25
1979-04-19,253.5,253.75,252.25,252.5
1979-04-20,252,252.5,251.5,252.25
1979-04-23,251.75,253.5,251.5,253.5
1979-04-24,253.75,256,253.75,256
1979-04-25,255.75,257.5,255,257.5
1979-04-26,256.5,257,255.75,256.25
1979-04-27,256,259.5,256,258.25
1979-04-30,258,260,257.75,259.25
1979-05-01,259.5,261.25,259,261
1979-05-02,261.5,270.75,261.5,265.25
1979-05-03,268,268.5,265,265.25
1979-05-04,266.5,268.25,265.5,267
1979-05-07,269,269,265,265.25
1979-05-08,266,267.25,264.25,267
1979-05-09,268.5,271.25,268,270
1979-05-10,272,273.75,269.75,270
1979-05-11,272,272,267.25,268
1979-05-14,267.25,268,266,266.25
1979-05-15,265.75,265.75,263.5,264
1979-05-16,264,264.25,261.25,262.75
1979-05-17,261.5,265.5,260.75,265
1979-05-18,265.5,266.25,264,264.25
1979-05-21,264,268,263.75,267.5
1979-05-22,268.25,268.25,266.25,267.25
1979-05-23,267,268.25,266,266.5
1979-05-24,266.75,267,265.25,265.75
1979-05-25,266.25,266.5,265,265.25
1979-05-29,265.5,268.5,265.5,268.5
1979-05-30,268,269.5,267.25,268
1979-05-31,268.5,269.25,267.75,268
1979-06-01,267.25,268.25,266.25,267
1979-06-04,267.75,270,267.75,269.25
1979-06-05,269.5,269.75,268,268
1979-06-06,267.25,271,266.5,270
1979-06-07,269.25,272.25,268.5,269.75
1979-06-08,270,275,269.5,273.75
1979-06-11,276,281.75,274.75,277.25
1979-06-12,276.75,277,273.5,273.75
1979-06-13,274.25,279,274.25,277.75
1979-06-14,280,285.5,280,284
1979-06-15,287,291,282,290
1979-06-18,289,290.5,286,286.5
1979-06-19,286.5,289.5,285.5,288.25
1979-06-20,289.5,298.25,289,298.25
1979-06-21,303,308,302,307.5
1979-06-22,317.25,317.5,313.5,317.5
1979-06-25,316,316,307.5,311.75
1979-06-26,313.25,315,307,311.75
1979-06-27,310.5,312,301.75,301.75
1979-06-28,298.5,302.5,293.75,294.75
1979-06-29,291,300.5,288.75,296.5
1979-07-02,297.5,306.5,297.5,306.5
1979-07-03,308.5,312.5,307,311.75
1979-07-05,314,319,312,317.75
1979-07-06,320,323.25,313,313.5
1979-07-09,315.5,320,314,319
1979-07-10,319.5,319.5,310,313
1979-07-11,313,317.25,311.5,317
1979-07-12,315,316.5,307.25,307.75
1979-07-13,309,314,306.5,313.25
1979-07-16,314,315,308.75,309.75
1979-07-17,311,312.5,309.5,312.25
1979-07-18,315,318,314.5,317
1979-07-19,316,316,308.75,310
1979-07-20,310,315.5,310,315.25
1979-07-23,314.5,314.5,305.25,306.75
1979-07-24,307,307,299,302.75
1979-07-25,302,302,295.25,295.5
1979-07-26,294,299.5,292.5,295.5
1979-07-27,297.5,300.5,285.75,285.75
1979-07-30,282,283,275.75,277.5
1979-07-31,281,286.5,278.25,281.5
1979-08-01,285.5,289.5,283.5,288.5
1979-08-02,290,290,278.5,278.5
1979-08-03,278.5,281,275.5,280
1979-08-06,279,279,274,277.25
1979-08-07,276.5,281,276.5,277.75
1979-08-08,279,282,276,281.75
1979-08-09,283,284.5,278.25,281.25
1979-08-10,282,282.5,278.5,279.75
1979-08-13,274.5,274.5,269.75,273
1979-08-14,275.5,282.5,275.5,281.75
1979-08-15,281,284.25,275.5,280.25
1979-08-16,278.5,283.5,277.5,283.25
1979-08-17,283.75,285,281.5,282.75
1979-08-20,282,282.5,280,281
1979-08-21,282,287,280,286.75
1979-08-22,287,289,283.5,283.75
1979-08-23,281,282.75,280,280.25
1979-08-24,281.5,284.25,280.75,282.5
1979-08-27,282.5,285,281.75,283.5
1979-08-28,283,284.25,279.5,281.5
1979-08-29,281.5,286.75,280.5,284.75
1979-08-30,285.75,288,285.75,287
1979-08-31,286,287.5,285.75,287.25
1979-09-04,287.25,287.25,277.25,277.25
1979-09-05,273,277,270.5,276.75
1979-09-06,276.5,276.5,271.5,271.75
1979-09-07,271.75,273,268,272.5
1979-09-10,271.5,278.5,269.5,277.5
1979-09-11,275,277.25,273.5,273.75
1979-09-12,273.5,275,272.75,274.25
1979-09-13,277,284.25,277,282.75
1979-09-14,280,283.25,277.5,277.75
1979-09-17,276.5,283,275.5,278.25
1979-09-18,281.5,285.5,279.25,280
1979-09-19,281,281.75,277.5,278.5
1979-09-20,280,283.25,280,281.5
1979-09-21,281,281,277.75,280
1979-09-24,281,282.5,279.75,281.25
1979-09-25,281.5,281.5,276,276.5
1979-09-26,276,278.5,275.25,276.5
1979-09-27,280,286.25,280,285.5
1979-09-28,285.5,285.5,282,282.5
1979-10-01,285.5,292.5,285.5,290.5
1979-10-02,297,297,282,287.5
1979-10-03,285.5,290.25,283.5,289.75
1979-10-04,289,295,287,290.75
1979-10-05,291,292.5,288.5,288.5
1979-10-08,286.5,286.75,285,285.75
1979-10-09,288,288.5,281.25,282
1979-10-10,284,284,278.5,281.5
1979-10-11,281,281.75,279.75,280.75
1979-10-12,281,282.5,280.25,281.25
1979-10-15,280,280.5,276,276
1979-10-16,276.5,277.75,272.5,277
1979-10-17,278,279.75,276.25,279.5
1979-10-18,280.5,280.5,277.5,278.25
1979-10-19,279,284,278,281.75
1979-10-22,280,281.25,279.5,280
1979-10-23,280.5,281,277,277.25
1979-10-24,274.5,274.5,271,271.5
1979-10-25,272,272,265,265.25
1979-10-26,263,264,258.5,259
1979-10-29,257,263.5,256,261.75
1979-10-30,262.75,264.25,260.75,262.5
1979-10-31,263.75,266.75,263.75,264.5
1979-11-01,264,264,257.5,258
1979-11-02,256.5,261.5,255.75,261
1979-11-05,261.75,265.25,261.75,263.25
1979-11-06,264,264.75,261,261.25
1979-11-07,260.5,263,259.25,262.5
1979-11-08,263.5,263.75,261,261.25
1979-11-09,262,263.25,261.25,262
1979-11-12,262,268.5,262,265.75
1979-11-13,267,269.5,265.75,269
1979-11-14,270.5,274.75,270.5,274.25
1979-11-15,274,274,269.5,271.75
1979-11-16,271,272,270,270.75
1979-11-19,270,270.5,268.5,270.25
1979-11-20,270.5,275.5,269.5,272.75
1979-11-21,275.5,277.5,274.5,276.75
1979-11-23,276.75,277.25,275.75,276.25
1979-11-26,275,275,270.75,272.5
1979-11-27,271.75,273.5,271.5,271.75
1979-11-28,273.5,274.25,269.25,271.5
1979-11-29,270,270,268,269.5
1979-11-30,269.5,273.5,268.75,273.25
1979-12-03,274,275.5,271.5,272.25
1979-12-04,288,291,286.25,290.25
1979-12-05,288.5,289.5,286.5,287.5
1979-12-06,286,287.25,284.5,284.75
1979-12-07,284.75,286.5,284.75,285.5
1979-12-10,284.5,285.25,283,285
1979-12-11,286.5,289,286.25,288.25
1979-12-12,287.5,287.75,286.75,287
1979-12-13,287.5,289,286,286
1979-12-14,285,287,284.5,286.5
1979-12-17,285.75,286,284,284.25
1979-12-18,284,284.75,283.25,283.75
1979-12-19,284.5,285.5,283.75,285.25
1979-12-20,285,286.75,284,286.25
1979-12-21,287.25,287.25,286.5,287.25
1979-12-26,287.5,294.75,287.5,294
1979-12-27,292.75,294,288.75,289.25
1979-12-28,289.75,293,289.25,291.25
1979-12-31,291.5,291.75,288.25,289.25
1980-01-02,289.25,290.75,286.25,286.5
1980-01-03,286,287,283.75,286.5
1980-01-04,286,287,284,284.25
1980-01-09,274.25,274.25,274.25,274.25
1980-01-10,264.25,267.5,264.25,265.25
1980-01-11,269,273.5,266.25,272.75
1980-01-14,271,271.25,267.5,270.5
1980-01-15,271.5,272.25,270,271.25
1980-01-16,268,274.25,268,269.5
1980-01-17,270,278,269,276.75
1980-01-18,276.5,276.75,273,273.25
1980-01-21,274,276,271,271.25
1980-01-22,270.75,272.75,269.25,270.5
1980-01-23,271.5,275.5,271.5,274.75
1980-01-24,274,274,272,272.25
1980-01-25,272.5,273.25,270.25,270.5
1980-01-28,271.75,274.75,270.75,272.5
1980-01-29,273.5,274,272.5,273.25
1980-01-30,274.5,277,274.25,275.5
1980-01-31,275,275,273,274.75
1980-02-01,276,277.25,274.75,276.75
1980-02-04,278,280,277.5,278.75
1980-02-05,279.5,279.5,277,277.75
1980-02-06,278.5,281,275.75,275.75
1980-02-07,276,276.75,274.5,275.5
1980-02-08,276.5,276.5,274.5,274.75
1980-02-11,274.5,277.25,274.5,275.75
1980-02-12,275.5,275.5,274,274.25
1980-02-13,274,276,274,275.75
1980-02-14,275.75,276.25,273.25,273.5
1980-02-15,273.5,274.25,272.25,272.5
1980-02-19,273,273,269,269.5
1980-02-20,270,270.5,269,270
1980-02-21,271,271,269,269.25
1980-02-22,269.75,269.75,267,267.25
1980-02-25,268.25,269.5,267.75,268.5
1980-02-26,269.5,269.5,267.5,267.75
1980-02-27,267,267.5,265,265.25
1980-02-28,265,266.5,264.25,264.25
1980-02-29,264,265.25,262.75,263
1980-03-03,261.5,263.25,261,261.75
1980-03-04,263.5,267.5,263.5,265.5
1980-03-05,266.5,266.5,265,265.5
1980-03-06,277.75,279.5,275.75,275.75
1980-03-07,275,276.25,274.25,274.75
1980-03-10,274.5,275,269.75,271.75
1980-03-11,272.75,272.75,270.75,271
1980-03-12,272.5,274,270,273.25
1980-03-13,273,273,270,270.5
1980-03-14,269.5,273.5,269.5,273.25
1980-03-17,270.5,272.5,269.25,271.75
1980-03-18,272.25,273.25,270.5,270.75
1980-03-19,272,273.75,272,273
1980-03-20,273.5,274.75,269.75,270.25
1980-03-21,270,271,268,268
1980-03-24,266,268.75,265,265.75
1980-03-25,266.5,267.5,265.5,265.75
1980-03-26,265.5,266,264,264
1980-03-27,261.5,262,256.5,258.5
1980-03-28,259.5,262.25,258.5,259.75
1980-03-31,260.25,261.75,257.25,258.25
1980-04-01,258.5,262.25,257.75,261.75
1980-04-02,263.5,265,262.75,264.5
1980-04-03,265.5,269.75,265,268.75
1980-04-07,269,269.75,267.5,268
1980-04-08,269.5,273,269,272.5
1980-04-09,274.5,276,272.75,275.75
1980-04-10,274,274,270,270.5
1980-04-11,269.5,270.75,268,270
1980-04-14,270.5,271,266,266.25
1980-04-15,265.5,268.25,264,268
1980-04-16,270,271.25,268.75,269.25
1980-04-17,269.5,269.5,267,267.25
1980-04-18,265.5,266.5,264.75,265.75
1980-04-21,265.75,269.5,264.5,268.75
1980-04-22,267.5,269,267.5,268
1980-04-23,267,268.75,267,267.5
1980-04-24,267,268,267,267.75
1980-04-25,271,272.25,269.5,269.5
1980-04-28,268.5,268.5,266.25,266.5
1980-04-29,267.25,267.75,265.25,265.5
1980-04-30,265,266.75,264.5,265.75
1980-05-01,266,267.75,265.25,266.25
1980-05-02,266.5,269,266,268.75
1980-05-05,270,277,270,273.75
1980-05-06,283,284.75,282.5,282.75
1980-05-07,283,284,281.5,281.75
1980-05-08,283.5,287,282.75,284.75
1980-05-09,284,284.5,282.5,283.25
1980-05-12,278,280,276.5,276.75
1980-05-13,278.75,279.5,277.5,279
1980-05-14,279.5,281.25,279.25,279.75
1980-05-15,280.5,282.25,278.75,282
1980-05-16,280,280.75,278.25,278.5
1980-05-19,279,280.5,278.5,279.25
1980-05-20,280.5,280.75,278.75,279.75
1980-05-21,280.25,281,278.25,279
1980-05-22,279.75,280.75,279,279.5
1980-05-23,279.5,279.75,278.25,279.5
1980-05-27,279.75,281.5,279.25,281.5
1980-05-28,282,282.5,279,279.25
1980-05-29,278.75,278.75,275,275.25
1980-05-30,275.25,277.25,274.75,276.75
1980-06-02,276.75,276.75,273.5,273.75
1980-06-03,274.25,275.75,273,275.5
1980-06-04,276,276.5,274.75,275.5
1980-06-05,275,275.75,273.5,273.75
1980-06-06,273.5,274.5,273.25,273.75
1980-06-09,274.25,275.75,273.75,274
1980-06-10,275.25,276,274.25,275
1980-06-11,275.75,277.25,275.5,276.25
1980-06-12,276.75,277.5,275.75,277.25
1980-06-13,277.5,279,277,278.75
1980-06-16,280.5,281,278,280.5
1980-06-17,279.75,281.75,279.5,279.75
1980-06-18,280,281.5,279.25,280.5
1980-06-19,281,282,279.75,280
1980-06-20,281,281.75,280,280.75
1980-06-23,281.5,283.5,281.5,283.25
1980-06-24,284,284.75,282,283.75
1980-06-25,284,284.75,283,284.75
1980-06-26,285.25,285.25,283.75,284
1980-06-27,283,283.5,282.25,282.75
1980-06-30,282,284.5,281,284.5
1980-07-01,284.5,289,284.5,288.75
1980-07-02,290,296.75,290,294.5
1980-07-03,293.5,296,291.75,296
1980-07-07,299.5,303.75,294.5,295
1980-07-08,303.5,306,302,305.75
1980-07-09,303,304.75,301.25,301.25
1980-07-10,304,308.75,304,307.25
1980-07-11,312,313,310.25,312.25
1980-07-14,322.25,322.25,322.25,322.25
1980-07-15,332.25,332.25,313,319.25
1980-07-16,324,325.5,318,323.75
1980-07-17,328.5,332,326,328.25
1980-07-18,326,326.5,323.5,325.5
1980-07-21,322,323.5,315.5,318.25
1980-07-22,318.5,322.5,316,318.75
1980-07-23,321.5,328,321.5,327.75
1980-07-24,332.5,335,323,326.25
1980-07-25,326,326,320.5,321
1980-07-28,319,324.75,318.75,323.75
1980-07-29,326.5,327,323.25,326.75
1980-07-30,325.5,329,324.75,325.25
1980-07-31,330,335.25,328,335.25
1980-08-01,334.5,343,332,339.75
1980-08-04,334.5,335,329.75,333.5
1980-08-05,334,341,332.5,338.75
1980-08-06,340,344,340,341.5
1980-08-07,342.5,346,342.5,344.25
1980-08-08,346,346,339,340.25
1980-08-11,336.5,339.5,335.5,336.75
1980-08-12,344,346.75,342,346.5
1980-08-13,346,346.5,341.25,343.25
1980-08-14,341.5,342.5,336.5,337
1980-08-15,336,336,332,333.25
1980-08-18,334,337,332,336.5
1980-08-19,337.25,339.5,335.5,338.75
1980-08-20,340,341,338,339.75
1980-08-21,339,344.75,338.5,344.25
1980-08-22,344.5,345,341.5,342.25
1980-08-25,342.5,346.5,341,346.5
1980-08-26,350,352.5,346.25,352
1980-08-27,351,352.75,348,348.75
1980-08-28,348,350.5,348,350.25
1980-08-29,354,359,354,358.5
1980-09-02,359.5,363,357.25,362.75
1980-09-03,361.5,361.5,357,359.5
1980-09-04,359.5,359.75,355.25,357.75
1980-09-05,356,358.75,356,358
1980-09-08,360,364,360,361.5
1980-09-09,360,360,355.5,357.25
1980-09-10,357,357.75,355.25,355.25
1980-09-11,355.25,357.25,354.25,356.75
1980-09-12,354,359.25,348,349.25
1980-09-15,349,351.75,348.25,348.5
1980-09-16,349,352,345.25,351.5
1980-09-17,353.5,354.25,350.75,351.5
1980-09-18,351,352.25,349.5,352
1980-09-19,353,358,353,357.25
1980-09-22,359.5,360.5,355.5,355.75
1980-09-23,355.5,357.25,352.75,356.5
1980-09-24,356.5,357.5,352,353
1980-09-25,351.5,353,350,351
1980-09-26,350.5,350.5,344.5,345
1980-09-29,344.5,346,340,345.5
1980-09-30,346,349,345.25,348.75
1980-10-01,349.5,349.5,345.5,348.5
1980-10-02,347.5,347.5,343,343.25
1980-10-03,342,346.25,341,346
1980-10-06,347.5,351.75,347.5,351.5
1980-10-07,352,352,349,349.75
1980-10-08,352,352.5,350.25,350.75
1980-10-09,351,353.5,350.5,352.5
1980-10-10,355,355.25,353.5,354
1980-10-13,364,364,361.25,364
1980-10-14,361,363.25,360,361
1980-10-15,363,363,358,360.5
1980-10-16,359,359,356.75,357.25
1980-10-17,355.5,360,355.5,359.75
1980-10-20,362,362.5,358.25,359.75
1980-10-21,358.75,362,358,361.5
1980-10-22,368,370,366,368.5
1980-10-23,368,368.75,366.5,367.5
1980-10-24,372,376,370.5,373.75
1980-10-27,371.5,372,368.75,370.25
1980-10-28,371.5,379,371,377.75
1980-10-29,377,380,374.5,376.25
1980-10-30,374.75,379.25,373.75,374.25
1980-10-31,375.5,376,371.75,373.5
1980-11-03,374,378,373,377.25
1980-11-05,380,382.75,378,382.5
1980-11-06,380.5,380.5,372.5,376
1980-11-07,374.25,375.75,372,375.5
1980-11-10,375.5,376,370.75,373.75
1980-11-11,373,375,371.5,372
1980-11-12,373,378.5,372.5,378
1980-11-13,377.25,380.25,376,376.5
1980-11-14,375.25,382.5,374.75,381.75
1980-11-17,380.75,382.5,378.75,379.25
1980-11-18,382,385,380.75,382.75
1980-11-19,383,384,381.5,382.75
1980-11-20,381.75,390.5,381.75,388.75
1980-11-21,388,389.25,386.25,389
1980-11-24,387,388.25,379.25,382.5
1980-11-25,383,387,380.75,386.5
1980-11-26,385,387.75,383.5,386.75
1980-11-28,388,395.75,388,393.75
1980-12-01,395.5,396,388.5,389
1980-12-02,387.75,388.5,381.5,386
1980-12-03,387,387,380,380
1980-12-04,393,394.25,387,387.5
1980-12-05,388,391.5,380.75,387.25
1980-12-08,386,389.5,383.25,383.75
1980-12-09,382,382,373.75,374
1980-12-10,371,375,366.5,368.5
1980-12-11,367.5,368,358.5,358.5
1980-12-12,351,368.5,349,367.5
1980-12-15,374,377.5,373,377.5
1980-12-16,372.5,377,371,373.75
1980-12-17,375,379.75,374.75,379.5
1980-12-18,379.5,380,376,378.25
1980-12-19,377.5,379,374,375.75
1980-12-22,377,380,375.5,379.5
1980-12-23,381,382.5,380.25,381.75
1980-12-24,380,380.5,377.25,377.75
1980-12-29,376.5,377,373.5,375.25
1980-12-30,373,374.5,371.25,372.25
1980-12-31,370,382.25,369,378
1981-01-02,377.5,384.5,376.5,381.75
1981-01-05,383,384.75,380.25,381.75
1981-01-06,380,382,378,381.5
1981-01-07,380,380.75,377.25,378.5
1981-01-08,377,377.75,374.5,374.5
1981-01-09,372.5,377.25,372,373.25
1981-01-12,373.5,376.5,373.5,376
1981-01-13,375.5,377.5,375,375.25
1981-01-14,375,378.5,375,376.25
1981-01-15,372.5,373.25,367.5,372.5
1981-01-16,376,379.75,374.25,378.75
1981-01-19,378,378.75,374.5,374.75
1981-01-20,374.5,376.5,373.5,376.25
1981-01-21,377,377.25,373.5,373.75
1981-01-22,373,373,365.5,368
1981-01-23,367,368.25,360,360
1981-01-26,359,365,355.25,362.5
1981-01-27,364.5,367.25,363.25,365.5
1981-01-28,364,365.25,361.5,361.75
1981-01-29,359.5,359.5,353,355
1981-01-30,355,358.25,351.75,355.5
1981-02-02,357,358.5,355,356.75
1981-02-03,360,364.5,359,364.25
1981-02-04,363.5,365,361.25,361.5
1981-02-05,360,364.5,358,364
1981-02-06,364,369.5,362.25,367.5
1981-02-09,363,363.5,357.5,357.75
1981-02-10,356.75,360.5,355.75,359.75
1981-02-11,360.5,363.5,360,363
1981-02-12,361,362,358,360.5
1981-02-13,359.25,364.25,359,363.5
1981-02-17,363,366.25,362,363.75
1981-02-18,362.5,362.5,358.25,359.5
1981-02-19,360,363.25,360,362.25
1981-02-20,363.5,364.25,361.25,362.25
1981-02-23,359.5,360,357.75,359.25
1981-02-24,360,363,359.25,359.5
1981-02-25,359,360.25,358,359
1981-02-26,357.5,358.25,356.75,357.5
1981-02-27,357,361,357,359.5
1981-03-02,357.5,357.5,350.75,351
1981-03-03,353,354,350,352.25
1981-03-04,352.5,353,346.5,348.75
1981-03-05,350,350.5,347.25,348.25
1981-03-06,355.5,358.5,355.25,356.75
1981-03-09,358,361.5,358,359.75
1981-03-10,361,362,355.5,355.75
1981-03-11,353,354.5,350.25,354.25
1981-03-12,354.25,358.25,351.75,357
1981-03-13,358,359.25,355.25,357.25
1981-03-16,357.25,360,354.75,357.5
1981-03-17,356.5,363.25,355.25,362.5
1981-03-18,361,363,360,362.25
1981-03-19,361,366,360.75,362.5
1981-03-20,360,361,358.25,359
1981-03-23,358.5,369,358,364.5
1981-03-24,364.5,367,363,366.5
1981-03-25,363,366.75,361.75,366
1981-03-26,364.5,366.75,362,362.25
1981-03-27,361.5,363.25,360,361.25
1981-03-30,358,362.5,357.25,362.25
1981-03-31,363,365,361.5,364.75
1981-04-01,364,366,362,362
1981-04-02,362,366,362,363.5
1981-04-03,361.5,361.75,358.75,361.5
1981-04-06,360.75,364.75,360.5,362.75
1981-04-07,364.5,372.5,364.5,371.5
1981-04-08,370,371,367.75,370.25
1981-04-09,370.25,372,368.75,370.5
1981-04-10,367.5,368.75,365,365.75
1981-04-13,360.5,364,360.5,363.75
1981-04-14,363.5,365.5,362.5,363
1981-04-15,362.5,365,362.25,364.25
1981-04-16,365.75,367.5,364.5,366.5
1981-04-20,368,370.5,367.5,369
1981-04-21,368.5,369.5,367.75,368
1981-04-22,368,369,367,367
1981-04-23,368,369.75,365.75,366.25
1981-04-24,361,366.25,361,363
1981-04-27,364,365,361.5,361.5
1981-04-28,360,360,356.5,356.75
1981-04-29,357,358.75,355.5,357.75
1981-04-30,358.25,361.75,358.25,361
1981-05-01,361.5,363.5,361.25,361.5
1981-05-04,359.25,359.75,355.5,355.75
1981-05-05,361.5,363.25,360.5,361.75
1981-05-06,363.5,365,363,363.25
1981-05-07,364,366.5,362,365.25
1981-05-08,365,365.5,363.5,363.75
1981-05-11,364,364.5,358.5,358.75
1981-05-12,355,355.5,349.25,350.25
1981-05-13,351,352,349.25,351.25
1981-05-14,352,355.5,351,354.75
1981-05-15,355,356.25,353,353.25
1981-05-18,355.5,357.5,354.5,356
1981-05-19,355.5,355.5,351.75,353.75
1981-05-20,352.75,356,352.25,355.75
1981-05-21,354.5,355,346,346.5
1981-05-22,348.5,350,345,345
1981-05-26,343.25,346,342,346
1981-05-27,347,348.5,345.75,347.5
1981-05-28,349.75,351.5,348.25,348.25
1981-05-29,350,352,348.25,351.75
1981-06-01,353.5,354,349,349.25
1981-06-02,348.5,350,346,346.5
1981-06-03,347.5,347.5,342,342.5
1981-06-04,342.5,342.75,338.25,340.25
1981-06-05,340.25,342.5,339.5,339.75
1981-06-08,342.5,345.25,340.25,341.25
1981-06-09,341.25,345,340,344.75
1981-06-10,346.5,350.5,346,350.25
1981-06-11,348,348.75,344.5,345.25
1981-06-12,345,348,343.75,347.5
1981-06-15,349,352.5,348.5,350.75
1981-06-16,350.5,350.5,347.75,348
1981-06-17,347.75,348.5,344.25,344.75
1981-06-18,343,344.5,342.25,342.75
1981-06-19,343.5,345,342.5,343.75
1981-06-22,345.5,346,341.5,341.75
1981-06-23,342.5,343.5,340.75,341
1981-06-24,341,342,338,338.5
1981-06-25,337.5,338.25,331.75,332.5
1981-06-26,331.5,332.5,327.5,327.75
1981-06-29,326,326.25,321.25,321.5
1981-06-30,321.5,326.25,320.5,323
1981-07-01,324.5,329.75,324,329.5
1981-07-02,331,335,329.25,334.25
1981-07-06,333.25,344.25,332.75,344.25
1981-07-07,345.5,347.5,341.5,341.75
1981-07-08,355.5,361,353.75,354.75
1981-07-09,355,355.5,352,352.75
1981-07-10,353,358,353,357
1981-07-13,362,366.5,360.75,366.25
1981-07-14,361,361.5,356.25,357
1981-07-15,354,354.75,350.5,351.75
1981-07-16,352,353.75,348.5,351
1981-07-17,351.25,354,348.75,348.75
1981-07-20,341,343,338.75,338.75
1981-07-21,337.5,339.75,334,338.75
1981-07-22,340,344,339.75,342.25
1981-07-23,340.75,344.75,340,342.25
1981-07-24,342.5,344.5,341.25,341.75
1981-07-27,342,342,337,337.25
1981-07-28,336.5,341.25,335,338.75
1981-07-29,339,339.5,336.5,336.75
1981-07-30,337.25,340.5,335.25,335.25
1981-07-31,337,340.25,336.25,338.5
1981-08-03,336,336,333.5,334.5
1981-08-04,334.25,335.25,332.25,332.5
1981-08-05,331.5,334.75,327.5,327.75
1981-08-06,330,330.75,327.25,328.75
1981-08-07,332,334.75,326.25,326.5
1981-08-10,321,322.5,316.75,319.75
1981-08-11,321.5,321.5,318.5,319.25
1981-08-12,321,322.25,320,320.25
1981-08-13,310.25,311,310.25,310.25
1981-08-14,311.5,312.25,307.25,308.5
1981-08-17,311.5,314,311,313
1981-08-18,317,317,309,309.25
1981-08-19,309.25,312.25,307.25,311.75
1981-08-20,312.5,313,309.5,310.75
1981-08-21,309,309.5,303.5,303.75
1981-08-24,302,303,296,297.5
1981-08-25,294.5,298,290.5,291
1981-08-26,293,294.75,291.75,293.75
1981-08-27,293,293,288,288.75
1981-08-28,290,294.25,290,291.75
1981-08-31,293,295.5,288.5,294.25
1981-09-01,290.25,295,290.25,291.5
1981-09-02,292,295.25,292,293.5
1981-09-03,294.5,297.5,294.25,297
1981-09-04,296.5,297.25,291.25,291.5
1981-09-08,301,301.75,294.75,297
1981-09-09,296,297.75,293.5,296.25
1981-09-10,297.5,298.5,295.5,297.25
1981-09-11,296.25,296.25,293,293.25
1981-09-14,293,298.5,292,296.75
1981-09-15,297.5,299.25,295.75,299
1981-09-16,298.25,299.5,296.75,297.25
1981-09-17,296,297.75,293.75,296.25
1981-09-18,294.5,295.25,292.5,293
1981-09-21,291.5,293.75,289.75,290
1981-09-22,291,292,289.5,290.75
1981-09-23,290,290.5,288.75,288.75
1981-09-24,288.5,290.75,287.25,289.5
1981-09-25,289.5,290.5,286.75,287
1981-09-28,285.5,288,283.25,285.5
1981-09-29,286.5,288.5,286.5,288.5
1981-09-30,288.5,289.25,287,288
1981-10-01,289,290,286,286.5
1981-10-02,287,289.25,286.75,288.5
1981-10-05,290.75,295.5,290.75,294.75
1981-10-06,293.75,298.5,292.5,297.25
1981-10-07,297,297.5,294.25,294.5
1981-10-08,293,293.75,291.5,291.75
1981-10-09,291.75,292.25,290.5,291.75
1981-10-12,291,295.75,289.75,295.5
1981-10-13,296,298.5,293.75,298.5
1981-10-14,298.5,299.5,296.5,297
1981-10-15,296.75,296.75,293.5,293.5
1981-10-16,292.75,293,290.5,290.75
1981-10-19,289.5,292.75,288.5,291.25
1981-10-20,291.5,291.75,288,288.25
1981-10-21,286.5,290.25,286.5,288.5
1981-10-22,289.25,289.75,287,287
1981-10-23,287,288,285.75,287.25
1981-10-26,285.5,286.5,285,285
1981-10-27,285.25,286.5,285,285.25
1981-10-28,286.25,288,285.25,287.25
1981-10-29,288.25,289.5,287.5,288
1981-10-30,288.25,289.5,287.5,287.5
1981-11-02,287.75,290.5,287.75,288.75
1981-11-03,288.75,288.75,287.5,287.5
1981-11-04,287.5,288.25,286.5,286.5
1981-11-05,286.25,287.5,286.25,286.25
1981-11-06,286.5,286.5,284,284
1981-11-09,284.25,286,283.25,283.5
1981-11-10,283,283.25,280.5,280.75
1981-11-11,280.25,281.5,279.5,280
1981-11-12,281.25,283,280.25,281.5
1981-11-13,282.75,283.25,278.25,278.5
1981-11-16,277,277.75,275.5,276.25
1981-11-17,276.5,277,274,274.25
1981-11-18,274.25,276.75,273,273.25
1981-11-19,273.25,275,273.25,274.75
1981-11-20,276,277.25,275,275.25
1981-11-23,275.25,275.25,272,272.5
1981-11-24,272,272.75,265.75,266
1981-11-25,266.5,268,265.5,265.75
1981-11-27,266,266.5,262.5,263.25
1981-11-30,264,265,261,261.25
1981-12-01,261.5,268,260,266.5
1981-12-02,266.25,267.75,264.5,264.75
1981-12-03,264.75,266.25,263.75,264.5
1981-12-04,266.5,268.5,265.25,265.75
1981-12-07,284.5,284.5,276,277.5
1981-12-08,276.5,278.25,272.75,273.25
1981-12-09,274.5,275.5,270.75,273.5
1981-12-10,273.5,274.75,268.25,269.5
1981-12-11,270.5,273,270.25,272.5
1981-12-14,268,271.25,264.5,266.75
1981-12-15,267,267.25,262.5,263
1981-12-16,261,271,253,266.5
1981-12-17,267,271.5,267,269.75
1981-12-18,268.75,269.5,264.75,266.5
1981-12-21,265.5,269,264,265.75
1981-12-22,265.5,266.5,264.25,266.25
1981-12-23,264,265,263,264.25
1981-12-24,266,268.75,266,268.25
1981-12-28,269,276,269,275.5
1981-12-29,272.5,273,269,271
1981-12-30,270.75,271.5,269,270.75
1981-12-31,271.5,272.75,270.25,270.5
1982-01-04,272.5,273.5,271,272.25
1982-01-05,271.5,273,270.5,272.75
1982-01-06,275,276.5,274,276.25
1982-01-07,276,277.25,275,276.25
1982-01-08,277,277,274.5,274.75
1982-01-11,275.5,277,272.5,273
1982-01-12,271.75,272,270,271.5
1982-01-13,272.5,273,270.5,271.25
1982-01-14,271.75,272.25,270.75,271.5
1982-01-15,271.5,273.5,271.25,272.5
1982-01-18,272.5,273.75,271.5,273
1982-01-19,271.5,271.5,269.25,269.75
1982-01-20,270,270.75,268,270.5
1982-01-21,271,272.75,270.5,272.25
1982-01-22,272,274,271.25,272.5
1982-01-25,271.5,271.5,270.5,270.75
1982-01-26,272.25,273,271.25,272
1982-01-27,272.5,275.5,271.75,275
1982-01-28,273.5,275,272.5,272.75
1982-01-29,273.25,275,273,274
1982-02-01,273.75,279,273,277.25
1982-02-02,276.5,276.75,275.5,275.5
1982-02-03,275.75,275.75,274,274.75
1982-02-04,274.5,275.75,274.25,274.5
1982-02-05,274.25,274.5,273,273
1982-02-08,272.5,273,270.75,271.25
1982-02-09,270.5,271.25,269,269.25
1982-02-10,270.5,271.5,269.75,271.25
1982-02-11,272.25,273,271,271.25
1982-02-12,270.5,271.25,269,270
1982-02-16,268.5,269,266.5,268.25
1982-02-17,268.75,269.5,266,266.75
1982-02-18,267.5,267.5,266.25,266.25
1982-02-19,265,265.25,263.25,263.25
1982-02-22,264.25,265,263.25,263.5
1982-02-23,262.25,262.75,261,261.25
1982-02-24,262,262.5,260,260.25
1982-02-25,259.5,259.75,256.5,256.75
1982-02-26,256,257.75,255.25,256.75
1982-03-01,257,258.25,256,256.5
1982-03-02,257.5,257.75,255.5,257.5
1982-03-03,258,260,257.5,258.75
1982-03-04,258.5,259.25,257.75,259.25
1982-03-05,260,260.5,258.75,258.75
1982-03-08,270.25,270.25,267.5,268.25
1982-03-09,268,269,266.5,267
1982-03-10,267.75,269,267.5,268.5
1982-03-11,268.5,271.5,267.75,270
1982-03-12,269,269,266.5,266.75
1982-03-15,266,269,265.25,267.5
1982-03-16,267.75,269.75,267,267.25
1982-03-17,268.5,270,268.25,269.25
1982-03-18,270,272.75,270,271.25
1982-03-19,270.25,271.75,269.5,271.5
1982-03-22,272.25,273.25,272,272.25
1982-03-23,272.75,272.75,270.25,270.5
1982-03-24,270.25,272.5,269.5,272
1982-03-25,271.5,273,271,271.75
1982-03-26,270.75,272.25,270.25,272
1982-03-29,271.5,274.75,270.75,274
1982-03-30,274,275.5,273.5,274.25
1982-03-31,274,274.75,273.5,274.25
1982-04-01,275,275.25,274.25,274.5
1982-04-02,274.75,276.5,274.25,275.75
1982-04-05,277.25,279.5,276.75,279.25
1982-04-06,278.75,281.75,278.75,280.75
1982-04-07,280,280.25,278.25,278.5
1982-04-08,279.75,282.75,279.5,280.25
1982-04-12,279.5,280.25,278.5,280.25
1982-04-13,281,283.75,280.25,280.5
1982-04-14,282,282.25,279.5,280
1982-04-15,280,281,279.5,280
1982-04-16,280,281,279.5,279.75
1982-04-19,280,280.25,277.5,278.5
1982-04-20,279.25,280.5,279.25,279.75
1982-04-21,280.75,280.75,278.5,278.5
1982-04-22,278,278,276.75,276.75
1982-04-23,279,279,277.75,278.5
1982-04-26,279,279.5,277.75,278.5
1982-04-27,277.75,278,276.25,276.5
1982-04-28,276.5,277,275,275.25
1982-04-29,274.25,275.75,274,275.25
1982-04-30,276.5,280.5,276,276
1982-05-03,277.25,277.25,273,273.25
1982-05-04,273,273,270.5,270.75
1982-05-05,281.75,283.25,281,282
1982-05-06,281,281.75,279.5,281.25
1982-05-07,282,282.5,281,281.5
1982-05-10,281.25,281.25,279,279.5
1982-05-11,280.5,280.5,279.25,280
1982-05-12,279.75,280,279,279.5
1982-05-13,279.25,279.25,277.5,277.75
1982-05-14,278.25,279,277.75,278.25
1982-05-17,278.25,279,277.25,277.75
1982-05-18,278,278.75,277.5,278
1982-05-19,279.25,279.5,278,279
1982-05-20,279.75,281.5,279.25,281.25
1982-05-21,281,283.5,280.25,281.25
1982-05-24,280.75,281,279,279.5
1982-05-25,279,279.5,275.5,275.75
1982-05-26,276,277.25,275.5,276.75
1982-05-27,277,277.25,275.25,275.5
1982-05-28,275.75,276,274.5,275
1982-06-01,274.75,274.75,269,270.75
1982-06-02,271,272,269.25,271.25
1982-06-03,272,273.5,271.5,271.5
1982-06-04,271.25,272.5,269.75,270.5
1982-06-07,270.5,274.5,270.25,274.25
1982-06-08,274,275.25,273,273.25
1982-06-09,273.25,275.25,272.75,274.25
1982-06-10,274.25,276.5,274,275.75
1982-06-11,276.75,278,276.25,277.5
1982-06-14,275.75,276.5,274,274.25
1982-06-15,273.75,275.25,273.75,274.5
1982-06-16,275,276,274,274
1982-06-17,273,275.25,272.25,274.25
1982-06-18,275,275.25,273.75,274
1982-06-21,272.75,274,272,274
1982-06-22,274.25,275.5,273.5,275.5
1982-06-23,275.5,275.5,273.5,274.5
1982-06-24,275.25,275.75,272.75,273
1982-06-25,272.25,273,271.25,271.5
1982-06-28,270.5,270.5,268.5,268.5
1982-06-29,268.5,269.5,267.25,267.75
1982-06-30,266.5,267.75,265.5,265.75
1982-07-01,265.25,266,264.25,265.25
1982-07-02,265.75,266,263.75,264.25
1982-07-06,263.75,264,260.5,261
1982-07-07,260.75,263,260.5,261
1982-07-08,262,263,261.5,262.5
1982-07-09,264.25,264.25,263,263.25
1982-07-12,264,264.5,262.25,263
1982-07-13,263,264,262.5,263.75
1982-07-14,263.75,265,263.25,264.25
1982-07-15,265.5,266,264.25,264.5
1982-07-16,265.25,265.5,264,264.75
1982-07-19,264.5,264.5,262,262.5
1982-07-20,262.25,262.75,260,261.25
1982-07-21,262.25,262.75,261,261.25
1982-07-22,260.25,260.25,258,258.75
1982-07-23,260,260,256.5,256.75
1982-07-26,255,255.25,252.25,252.75
1982-07-27,251.75,253.5,250.75,251
1982-07-28,250,250,246.5,246.75
1982-07-29,243.25,247,241.75,246.25
1982-07-30,247,248.75,245.75,245.75
1982-08-02,247.25,247.75,246,247.75
1982-08-03,247,249.75,247,248.75
1982-08-04,247.75,250.5,247.75,249.5
1982-08-05,247.75,247.75,245.25,246
1982-08-06,244.5,244.75,242,242
1982-08-09,239.5,240,238.25,239.75
1982-08-10,240,240.5,236.5,237.75
1982-08-11,236.75,237.5,235.5,235.75
1982-08-12,226.5,226.75,225.75,225.75
1982-08-13,226.25,228,225.5,227.25
1982-08-16,228.5,229,221.75,222
1982-08-17,222.25,222.75,218.75,220.75
1982-08-18,224,228,223.5,225.25
1982-08-19,224,225.25,222.75,223
1982-08-20,224.75,227,224.75,225.5
1982-08-23,225.5,231.75,225.5,229.25
1982-08-24,231,231.5,229,230.75
1982-08-25,230.5,234.75,229.25,234.25
1982-08-26,235.5,236,229.75,230
1982-08-27,229,230,227.5,227.5
1982-08-30,227.5,227.5,225.5,226.25
1982-08-31,227,228,225.75,226.5
1982-09-01,226,228.5,225.25,227
1982-09-02,228,229.75,227.5,229.25
1982-09-03,231,231.25,228,228.25
1982-09-07,229.5,229.5,223.75,224
1982-09-08,223.5,224.25,222,222.5
1982-09-09,222,223,221.25,221.5
1982-09-10,221.25,221.5,219,219.25
1982-09-13,221.5,225.5,221,224.75
1982-09-14,224.75,227,222.75,226.5
1982-09-15,227,227.75,224.75,225.75
1982-09-16,225.75,226,222.25,224.25
1982-09-17,223,224,221,221.25
1982-09-20,219.5,222.5,218,222.25
1982-09-21,222,223.5,220.25,221.5
1982-09-22,222,222,219.25,219.5
1982-09-23,218,225,217.5,222
1982-09-24,223,226,221.5,225.5
1982-09-27,226,229,225.75,226.5
1982-09-28,228,228,224.25,224.5
1982-09-29,224,224.5,222,223.75
1982-09-30,223.25,224,222,222
1982-10-01,221.5,222,220,220
1982-10-04,218.5,219.5,217.25,217.5
1982-10-05,218.25,219.25,217.75,218.25
1982-10-06,219.5,220.75,219,219.25
1982-10-07,221.5,224,221.5,223.75
1982-10-08,223.5,224.5,221.25,221.5
1982-10-11,223,226,222.25,225.75
1982-10-12,224.5,224.5,221.5,221.75
1982-10-13,220.5,225.5,219.5,225.25
1982-10-14,224,227.5,222.25,222.25
1982-10-15,222,224,220.25,220.5
1982-10-18,220,222.25,219.75,220
1982-10-19,221.75,223.25,220.75,221
1982-10-20,222.5,223.5,221.75,223
1982-10-21,223,223,220,220.75
1982-10-22,219,219,217.25,217.25
1982-10-25,216,216,214,214
1982-10-26,215.25,216.5,214.5,216
1982-10-27,216.25,217.5,215.5,216.5
1982-10-28,217.75,219.75,217.5,217.5
1982-10-29,217.25,217.75,215,215.25
1982-11-01,217.5,218.75,216.5,217.25
1982-11-03,219,221.75,219,220.75
1982-11-04,220.5,222.75,220.5,222
1982-11-05,222.25,232,221.5,230.25
1982-11-08,229,235.5,227.75,230.5
1982-11-09,233,233,229.25,232
1982-11-10,234.5,235.25,231.25,233
1982-11-11,233.25,238.5,233.25,237.25
1982-11-12,237.5,237.5,234.75,235.25
1982-11-15,234.5,234.5,232.25,232.5
1982-11-16,233,236,232.5,234.5
1982-11-17,236,237.75,234.5,234.75
1982-11-18,235.5,237.5,234.25,237
1982-11-19,239.5,241.25,238.75,239.5
1982-11-22,240,240.5,237.5,238.75
1982-11-23,238.5,239,237,238
1982-11-24,239,240,238.75,239.25
1982-11-26,239.75,239.75,238,238.5
1982-11-29,239,239.75,234.25,234.75
1982-11-30,236,237,235,235.5
1982-12-01,234.5,235,231.5,232
1982-12-02,232.75,233.5,230,230.75
1982-12-03,231.5,232.5,230.5,231
1982-12-06,238,239.25,236.5,239
1982-12-07,240.5,243.25,239.5,243
1982-12-08,240.75,241.75,239.5,240.5
1982-12-09,240.25,243.5,239.5,242.5
1982-12-10,242,242.25,240,241.25
1982-12-13,241.5,243,241.5,242.5
1982-12-14,244,244,242,242
1982-12-15,242,242.5,240.25,242
1982-12-16,241.5,241.5,240.5,240.75
1982-12-17,240.5,242,240.5,241.25
1982-12-20,241,242,240.75,241.5
1982-12-21,242,242.25,241.5,241.75
1982-12-22,242,242,241.25,241.75
1982-12-23,242,242.5,241.5,242.25
1982-12-27,243,245.25,242.25,244.25
1982-12-28,245.25,247,244.5,246.5
1982-12-29,246.5,246.5,244.5,245.25
1982-12-30,244.75,245.25,244.5,244.75
1983-01-03,244.75,244.75,243.5,244.25
1983-01-04,244,244,242.25,242.75
1983-01-05,243,245.5,242.25,244.25
1983-01-06,243.5,245.5,243.5,245.5
1983-01-07,247,249.5,246.5,247.75
1983-01-10,248.5,251.75,248.5,250.25
1983-01-11,249.75,251.25,249.75,250.5
1983-01-12,251,256.25,250.75,256
1983-01-13,254.5,255.5,253.25,254.25
1983-01-14,253,257.25,252,256
1983-01-17,257.5,258.75,254.75,256.5
1983-01-18,255.5,256.25,253.5,255.75
1983-01-19,255,257.75,254.25,255.25
1983-01-20,255.75,256.75,254.75,255.75
1983-01-21,255,258.75,254.5,257.5
1983-01-24,255.5,261.75,255.5,259.5
1983-01-25,261,262.25,259.25,261.25
1983-01-26,261.75,264,261.25,263.5
1983-01-27,265,266.5,264.5,266.5
1983-01-28,265,265,263,263.25
1983-01-31,263.25,268.5,263.25,267.75
1983-02-01,269,270.5,268,269.5
1983-02-02,269,270.75,267.25,267.75
1983-02-03,267.75,269.5,267.25,268.25
1983-02-04,268.5,269.25,267.75,268.25
1983-02-07,267.75,268.25,264.75,265.25
1983-02-08,266,266.75,264.5,264.75
1983-02-09,264.75,268,264.25,267.75
1983-02-10,269.25,277.75,269.25,273.25
1983-02-11,275,275,273.5,274.75
1983-02-14,275.5,280,274.5,279.75
1983-02-15,280.75,280.75,277.5,278.25
1983-02-16,278.5,278.5,274.5,275.5
1983-02-17,275.25,278.25,274.75,277.75
1983-02-18,279,279,275.5,278.25
1983-02-22,277,279,275,275
1983-02-23,273.5,278,273.5,277.5
1983-02-24,278,280.5,278,279.5
1983-02-25,279.5,279.75,277.5,277.5
1983-02-28,273,274.25,269.5,272.5
1983-03-01,273.75,275.25,273.25,274
1983-03-02,276.25,278,275.25,277.75
1983-03-03,278.25,280.5,277.75,280.25
1983-03-04,279,281,278.5,280.75
1983-03-07,282,282.25,279,279.5
1983-03-08,287.75,287.75,285.75,286
1983-03-09,286.5,287.5,285.25,287.25
1983-03-10,288.5,289,283.5,283.75
1983-03-11,284,284.25,282.25,282.75
1983-03-14,283.75,287.5,283,287
1983-03-15,287,288,285.5,287
1983-03-16,286.25,294.5,286.25,292.25
1983-03-17,292.75,296.75,292.25,295.75
1983-03-18,295.5,296.5,294,295.75
1983-03-21,295.75,300.25,295.75,299.75
1983-03-22,300.5,301,298,300.75
1983-03-23,308.5,310.5,306,308.75
1983-03-24,308.5,308.5,303.5,305.5
1983-03-25,306,306,303.75,304.25
1983-03-28,305,311.75,305,311
1983-03-29,312.5,315.5,312.25,313.75
1983-03-30,313.5,313.5,309.25,310.25
1983-03-31,311,313,310.25,312.75
1983-04-04,315,317.25,315,316.25
1983-04-05,316.25,316.25,312.5,313
1983-04-06,312.25,312.75,308,309.75
1983-04-07,309,311.25,307.5,311
1983-04-08,311.75,314.75,311.5,314.75
1983-04-11,316.5,318.75,314,315
1983-04-12,314,314.25,311.75,313
1983-04-13,313,315.75,313,315.25
1983-04-14,316.5,317,311.25,312.25
1983-04-15,311.75,313.5,310.25,310.75
1983-04-18,311,312,308.25,310.5
1983-04-19,311.5,312.25,309.5,310.25
1983-04-20,309.75,310,305.25,305.75
1983-04-21,305,307.25,304.25,306
1983-04-22,311,315.25,311,314.25
1983-04-25,313.75,313.75,311.5,312.25
1983-04-26,311.75,314.25,310.75,314
1983-04-27,315.5,317.5,314.5,315.25
1983-04-28,314.5,316,314,314.5
1983-04-29,316.5,318,316.25,317.25
1983-05-02,319,319,317,317.75
1983-05-03,316.75,319.25,316.75,317
1983-05-04,317,318.25,316,318
1983-05-05,318.75,319.25,317,318.25
1983-05-06,318.5,318.5,317,317.25
1983-05-09,316.75,316.75,315,315.25
1983-05-10,315.25,317,315,316.75
1983-05-11,313,313.75,306.75,306.75
1983-05-12,303.75,306,300.5,302.25
1983-05-13,304,305,301.25,302.25
1983-05-16,301.75,303.5,299.5,302.5
1983-05-17,304.5,307.25,304.25,306.5
1983-05-18,307,308.75,306,307.75
1983-05-19,309,309.5,306.5,307.75
1983-05-20,306.5,306.5,302,304.25
1983-05-23,303.25,307,303.25,306.75
1983-05-24,309,310.5,307.75,310.25
1983-05-25,309,309.5,307,307.25
1983-05-26,307.25,307.75,304.75,305.75
1983-05-27,305.25,305.75,302,302.25
1983-05-31,301.75,305,301.75,304.5
1983-06-01,304.25,305.5,302.25,302.5
1983-06-02,305,307,303.75,306.75
1983-06-03,307,307.5,305,307.25
1983-06-06,306.75,307,305.25,306.25
1983-06-07,304.5,305.25,303.5,304.25
1983-06-08,303,306,302.25,305.5
1983-06-09,307.5,309.75,307.5,309.25
1983-06-10,309,309.25,307.75,309
1983-06-13,309,312.5,307.25,311
1983-06-14,309.5,313.5,309.5,311.5
1983-06-15,311,311,309,310
1983-06-16,310,310,307.75,309.75
1983-06-17,309.75,310.25,308,308.75
1983-06-20,308.5,312.25,308,311.75
1983-06-21,313.5,314.75,312,314
1983-06-22,314,316,314,314.75
1983-06-23,316.5,318.5,315,318.5
1983-06-24,318.5,319.5,316.5,318.25
1983-06-27,316,318.25,314.25,317.25
1983-06-28,317.5,320,317,319
1983-06-29,319.25,320,317.25,317.75
1983-06-30,319.5,320.5,317.5,318
1983-07-01,318.75,320,317.5,319
1983-07-05,318.5,320,317.25,319.5
1983-07-06,301.5,304.75,300.75,304
1983-07-07,303.5,304.5,303,304.25
1983-07-08,303.75,305,302.75,305
1983-07-11,310,312.5,307.5,310.5
1983-07-12,312,312,308.5,309.75
1983-07-13,308,309,304.25,305.75
1983-07-14,305,307.75,305,306.25
1983-07-15,308,310,306,309.5
1983-07-18,309.5,309.5,306.5,309.25
1983-07-19,310,314.25,309.25,313.75
1983-07-20,319.5,323.75,317,323.75
1983-07-21,333.75,333.75,315,321.5
1983-07-22,324.5,327.5,321.5,325.5
1983-07-25,320,323.75,318,323.25
1983-07-26,325,325.5,316,318.75
1983-07-27,318,320,314.75,316.75
1983-07-28,324,324,320,322.75
1983-07-29,323,323.5,319.5,320.25
1983-08-01,322.5,330.25,320.5,330.25
1983-08-02,335,337.5,333.5,334.5
1983-08-03,337,342.5,334,342.25
1983-08-04,345,345,338.5,341.25
1983-08-05,341.5,350.5,340.5,349.75
1983-08-08,351,354.5,342.25,347.75
1983-08-09,346.5,347.75,343.75,345
1983-08-10,347.5,355,347.5,355
1983-08-11,356.5,359,354,357.75
1983-08-12,358.5,363.5,355,357.75
1983-08-15,362,367.75,361,367.75
1983-08-16,375.5,376,359,362.75
1983-08-17,363,364.5,355.75,357.5
1983-08-18,356,356,347.5,349.75
1983-08-19,346,353.25,345.75,352.75
1983-08-22,362.5,362.75,361,362.75
1983-08-23,371,372,365,365.75
1983-08-24,364,365.75,359,360.75
1983-08-25,369.5,369.5,355,355.5
1983-08-26,352,361,352,360.5
1983-08-29,359,361,354,356.75
1983-08-30,354.75,354.75,346.75,346.75
1983-08-31,347,356.5,347,356.25
1983-09-01,358.5,359,348,351.25
1983-09-02,354,358.25,353,358
1983-09-06,361,365,359,364.75
1983-09-07,365,366,362,363.25
1983-09-08,362.5,365,360.25,364.75
1983-09-09,367.5,370,366.75,367.75
1983-09-12,367.5,367.75,365,365.25
1983-09-13,371,372.75,357,360.25
1983-09-14,358,360,353.5,356.75
1983-09-15,356.75,359.5,347,348.25
1983-09-16,348,353.5,344.5,352.25
1983-09-19,355.5,361.5,354.25,361.25
1983-09-20,361.25,361.5,357,359.25
1983-09-21,369.25,369.25,369.25,369.25
1983-09-22,364.5,367,359.5,360.25
1983-09-23,359,359.25,352.25,354.25
1983-09-26,354.5,354.5,345.5,349
1983-09-27,349.5,354.75,348.75,354.5
1983-09-28,357.25,358.25,348,348.5
1983-09-29,347.5,352,342,351.5
1983-09-30,352,355,350.75,354.75
1983-10-03,352,353.75,349,352.75
1983-10-04,353.5,354,346.5,346.75
1983-10-05,345.5,351.5,343.5,351
1983-10-06,354,355.75,351,352.5
1983-10-07,352.5,353,349.25,349.25
1983-10-10,347.5,348.5,344,348
1983-10-11,347,351,346.5,350.25
1983-10-12,350,351.5,348.5,348.75
1983-10-13,353,358,351.5,357.75
1983-10-14,358.75,358.75,352.25,353.75
1983-10-17,353,353.5,350.25,350.5
1983-10-18,350,350,346.5,347.25
1983-10-19,345.5,346.75,342.5,342.75
1983-10-20,341,341.25,335.5,337.5
1983-10-21,338,342.25,336.25,340.75
1983-10-24,340.75,343.5,339.5,341.25
1983-10-25,347,350,346.75,348
1983-10-26,347,348,339.5,341.5
1983-10-27,340.5,346.25,340.25,345.5
1983-10-28,347,348.5,345.25,347.75
1983-10-31,346,347.5,344.25,344.75
1983-11-01,346.5,347.5,345,346.75
1983-11-02,349.5,353,349,350.75
1983-11-03,348,351.5,347.75,350.75
1983-11-04,350.5,354.75,350.5,354.5
1983-11-07,354.5,358,352.75,357.75
1983-11-08,357.5,358.5,355.25,357.25
1983-11-09,356.5,360.75,356,358
1983-11-10,357.75,359.5,357.5,359.25
1983-11-11,359.5,360.5,355.5,357
1983-11-14,356,356.5,352.5,355.5
1983-11-15,356.5,359,356,358.25
1983-11-16,356.5,356.5,348.25,351.75
1983-11-17,351.5,352.5,346,351.5
1983-11-18,350.75,351.25,346,346.75
1983-11-21,344.5,345.5,342,342.25
1983-11-22,344.5,345.5,336,336.5
1983-11-23,335,336,333.25,335.5
1983-11-25,337,340,337,339.75
1983-11-28,342.5,344.5,341,343.25
1983-11-29,342.5,343.5,341.25,341.5
1983-11-30,343.5,345,340.25,340.5
1983-12-01,341,341.25,337.5,340.75
1983-12-02,340.25,340.25,336.25,336.5
1983-12-05,335,335,330,330.75
1983-12-06,332.25,333.5,328.5,329.5
1983-12-07,329,334,328,333.75
1983-12-08,333.5,336.5,333.5,334.25
1983-12-09,333,334,331,332
1983-12-12,333,334,330.25,331.75
1983-12-13,330.75,330.75,327.75,329.25
1983-12-14,328.25,330.25,326.75,329.25
1983-12-15,329.75,331.5,328,329
1983-12-16,329,331,327.5,331
1983-12-19,332.5,340.5,332.5,337.75
1983-12-20,338,338.75,336,336.75
1983-12-21,336.75,337.75,336,337.25
1983-12-22,338.25,341,338.25,340.75
1983-12-23,343,343.5,342,343.25
1983-12-27,344,345,342,344.25
1983-12-28,343.5,343.5,340,340.25
1983-12-29,340.25,341,337.5,337.75
1983-12-30,337,338,336.5,337.25
1984-01-03,335,335,329.25,329.75
1984-01-04,328,330.75,327.75,329.75
1984-01-05,331.5,333.5,330.25,333.25
1984-01-06,333.5,333.5,330,330.5
1984-01-09,329.25,332,327,331
1984-01-10,334,334.75,332.75,334
1984-01-11,333.25,334.75,332.5,334.25
1984-01-12,334.5,336.75,334.25,335
1984-01-13,335.5,335.75,334,335.25
1984-01-16,329,329,325.75,326.75
1984-01-17,327.25,329.75,327,329.75
1984-01-18,330.5,330.75,326,328.5
1984-01-19,330.5,331.25,326.5,327
1984-01-20,326,326,323,323.25
1984-01-23,324,324.75,322,324.5
1984-01-24,334.5,334.5,334.5,334.5
1984-01-25,335.5,336.5,332.5,332.75
1984-01-26,331.25,331.5,326.75,328.25
1984-01-27,331,332,328,329
1984-01-30,330.25,330.25,326.5,328.5
1984-01-31,329,329.75,327.75,329.25
1984-02-01,329,330.25,328.25,329.5
1984-02-02,332.25,332.5,330.5,331.25
1984-02-03,329.75,330.5,329,330.25
1984-02-06,328.5,330,327.25,329.5
1984-02-07,329,330.5,328.25,329
1984-02-08,329.5,330.5,328.75,329.75
1984-02-09,329.5,329.5,326,327.25
1984-02-10,327.25,327.25,324.5,324.75
1984-02-13,323.75,323.75,318.75,320.25
1984-02-14,319.75,320.25,316,316.5
1984-02-15,317.5,319.5,317.25,318.75
1984-02-16,319.75,320,318,318.75
1984-02-17,318,320.75,316.75,319.25
1984-02-21,318.5,319,316.75,318.5
1984-02-22,320.75,326,320,324.75
1984-02-23,324.25,326.25,322.75,324.25
1984-02-24,324.75,326,323.5,324.75
1984-02-27,323.75,324.75,323,324.75
1984-02-28,325,326.25,323,323.25
1984-02-29,323.25,331.25,323.25,330.75
1984-03-01,331,333,329.75,331.25
1984-03-02,333.25,334.75,333,334.25
1984-03-05,335,336.5,333.25,336.5
1984-03-06,336.5,340.75,336,340
1984-03-07,338.5,341,337.75,340.75
1984-03-08,339.25,340.75,338.5,340.5
1984-03-09,341.25,346,341.25,344.25
1984-03-12,344,345.5,342.5,343
1984-03-13,345,346,343.75,344
1984-03-14,344,347.75,343.75,346.75
1984-03-15,347.75,349.5,346.25,349.25
1984-03-16,349.5,350,347.25,348
1984-03-19,347,348,346.25,348
1984-03-20,347.75,350.5,344.75,350
1984-03-21,350,353,349,351.5
1984-03-22,351.5,354.75,350.75,353.25
1984-03-23,354.25,354.75,351.75,353.25
1984-03-26,354.5,356.75,354.25,356.25
1984-03-27,357.25,357.25,354.5,354.75
1984-03-28,354,354,352,352.5
1984-03-29,352.75,353.25,350.25,350.5
1984-03-30,350,353.5,349.5,353.25
1984-04-02,353.25,359,353.25,357.75
1984-04-03,358.5,359.25,356.75,358.75
1984-04-04,359.5,362.25,359.5,361.75
1984-04-05,360.25,360.5,357.75,358.25
1984-04-06,358.5,359.5,356.75,358.75
1984-04-09,360,361.25,360,360.25
1984-04-10,359.75,359.75,357,358.25
1984-04-11,358,358,352.5,354
1984-04-12,353,354.25,351.75,352.75
1984-04-13,352.75,355,352.75,354.25
1984-04-16,353.75,353.75,351.5,352.75
1984-04-17,353.5,354,351,351.75
1984-04-18,351,354.5,349.75,354.5
1984-04-19,354.5,357.75,354.5,357.5
1984-04-23,358.5,361.75,358.5,361.25
1984-04-24,355.5,357.5,351.25,351.5
1984-04-25,352.75,353,347.25,347.5
1984-04-26,345,346,341.5,342.75
1984-04-27,342.75,344.75,342,344.5
1984-04-30,344,346.5,340,341.5
1984-05-01,341.5,342.75,338.5,342.75
1984-05-02,344.25,348,344,347.75
1984-05-03,346,348,345.25,346
1984-05-04,346.5,347.5,344,346
1984-05-07,344.75,348,344,347.75
1984-05-08,347.5,351.5,347.5,349
1984-05-09,349,350.5,346.5,347.25
1984-05-10,347.25,347.75,344.25,345.25
1984-05-11,347.25,348.5,344.5,344.5
1984-05-14,344.25,344.25,342,342.75
1984-05-15,343.5,345.25,343.25,344
1984-05-16,344.25,348.5,344.25,347.5
1984-05-17,347.5,349.75,346.5,347
1984-05-18,347.25,351,346.5,350
1984-05-21,351,356,350.25,354.25
1984-05-22,354,357,352.75,355.25
1984-05-23,354,354.5,352.5,354
1984-05-24,354,355,349.75,353.25
1984-05-25,354.5,354.75,351.25,353
1984-05-29,351.75,353.75,349.25,353.5
1984-05-30,353,354.25,351,353.75
1984-05-31,353.75,354.25,349.75,350.5
1984-06-01,351,351.5,348.25,348.5
1984-06-04,348.5,350.25,347.5,348.75
1984-06-05,348.25,348.25,345,345.75
1984-06-06,346.25,347,345,346.75
1984-06-07,346.75,350,346,349.75
1984-06-08,349,349.75,346.5,347
1984-06-11,346,348.75,344,348.75
1984-06-12,347.75,348.25,344.75,346.25
1984-06-13,345.25,347.75,344.75,347.5
1984-06-14,346.5,348.75,346,346.75
1984-06-15,346,347.5,345,347.25
1984-06-18,347.25,349,346,348.75
1984-06-19,349.5,354,349.5,352.25
1984-06-20,351,354,350.5,351.5
1984-06-21,352.75,353.25,350.75,353
1984-06-22,351,355,351,353.25
1984-06-25,354.5,355.5,353,353.5
1984-06-26,353.75,353.75,349,350
1984-06-27,349.5,350,347.75,348.5
1984-06-28,348,350,347,347.25
1984-06-29,351.5,353,351,352.25
1984-07-02,353,353,351,351.25
1984-07-03,351,351.5,347.25,348.5
1984-07-05,347,348,343.5,344.25
1984-07-06,313,315,311.5,313
1984-07-09,315,318.5,314.5,318.25
1984-07-10,315.25,318.75,314.5,314.75
1984-07-11,313.5,314.25,311.5,312
1984-07-12,314,314.5,311.5,313.25
1984-07-13,316,317.5,311.75,312.5
1984-07-16,312.5,313.5,311.75,313
1984-07-17,314.5,317,311.75,312.75
1984-07-18,311.5,312.5,305,312.25
1984-07-19,315,315.5,311,311.25
1984-07-20,309.25,309.5,307,307.5
1984-07-23,306.25,306.75,299.75,302.5
1984-07-24,303.25,304.25,299,299.25
1984-07-25,297.5,299.25,294,296.25
1984-07-26,295.75,298.75,293,293.25
1984-07-27,291.5,291.75,286,287.25
1984-07-30,285.5,286.75,285.5,286
1984-07-31,288.5,294.75,288.5,294.25
1984-08-01,296.5,296.5,291,293.25
1984-08-02,294.75,299,294.75,298
1984-08-03,300.5,301,295.5,297.5
1984-08-06,297.75,300,297,299.75
1984-08-07,299.75,301,296.25,297.75
1984-08-08,296.25,296.25,293.25,293.5
1984-08-09,294,296,292,295.75
1984-08-10,296,296,293.5,293.75
1984-08-13,295,295,290,292.5
1984-08-14,292.75,296,292.75,296
1984-08-15,296.5,299.5,295.75,298.25
1984-08-16,299,301,298.25,300.75
1984-08-17,298.5,299,295,295.25
1984-08-20,293,293.25,288.25,289.5
1984-08-21,289,292.5,289,292.25
1984-08-22,294,302.25,294,301.75
1984-08-23,301.75,303.5,298.75,300.5
1984-08-24,300.25,306,300,305.25
1984-08-27,306,308.5,304.25,305.5
1984-08-28,304,304,299.25,300.25
1984-08-29,300.25,301,296,296.25
1984-08-30,296.25,299.5,295.75,299.25
1984-08-31,300.5,301,295.5,296.5
1984-09-04,294,294,290,293.25
1984-09-05,285.25,287.5,284.75,287.5
1984-09-06,287.5,287.75,285.75,287.25
1984-09-07,286.5,287.75,285.75,286.75
1984-09-10,286.75,292,286,291.75
1984-09-11,291,292,289.75,291.75
1984-09-12,291.5,292,290.5,291
1984-09-13,287.5,288,285.25,287.25
1984-09-14,288,291.25,287,289.25
1984-09-17,287.75,287.75,284,284
1984-09-18,284,285,283,284.75
1984-09-19,286,287.25,285.5,286.75
1984-09-20,286.5,286.5,285,285.5
1984-09-21,283,288,282,285
1984-09-24,286,286.5,283.5,284.25
1984-09-25,284.25,284.75,282.5,283.25
1984-09-26,283,284.5,281,281.25
1984-09-27,281.5,282,280,281
1984-09-28,280,280,278,278.5
1984-10-01,278.25,278.25,277,277.5
1984-10-02,277.5,280.75,277.5,279.75
1984-10-03,280.25,280.75,279.25,280
1984-10-04,280,282,279.75,280.25
1984-10-05,280.25,281.5,280,280.5
1984-10-08,280.75,282,278.5,278.75
1984-10-09,278.75,278.75,277.5,278.5
1984-10-10,278.5,280,278.5,280
1984-10-11,279.75,280,278.25,278.5
1984-10-12,280,283,280,283
1984-10-15,282.5,283.75,280.75,281
1984-10-16,281,282.25,280.25,282
1984-10-17,281.5,281.5,278.75,278.75
1984-10-18,278.5,279,277.5,278.25
1984-10-19,278.25,279.25,278.25,278.75
1984-10-22,278,279,276,276.25
1984-10-23,275.75,276.75,275,276.25
1984-10-24,277,278.25,276.25,277.25
1984-10-25,277.75,278.5,277.5,278.25
1984-10-26,277.75,278.25,277,277.25
1984-10-29,275.5,275.5,273.75,274
1984-10-30,274.5,274.75,273,273.5
1984-10-31,274.25,275.25,274,274.5
1984-11-01,275.75,279.75,275.75,278.25
1984-11-02,276.5,277.5,275.25,275.5
1984-11-05,274,274,272.75,273.25
1984-11-06,273.5,275.75,273.5,274
1984-11-07,274.5,276.5,273.5,276
1984-11-08,275.5,277.25,274.75,275.75
1984-11-09,276.25,277.5,276,276.75
1984-11-12,279,279,278,278.25
1984-11-13,278.5,278.5,276.25,276.5
1984-11-14,275.75,276,275,275.25
1984-11-15,275,275.75,274.5,275.5
1984-11-16,276,276.5,275.25,276
1984-11-19,275.75,276,275.5,276
1984-11-20,276,276.5,274.5,274.75
1984-11-21,274.5,274.75,273.25,273.5
1984-11-23,273,273.5,270,270.25
1984-11-26,269,269,266,266.5
1984-11-27,267,268,265.5,266.25
1984-11-28,267,267.5,266,267
1984-11-29,267,268.25,265,265.25
1984-11-30,265,266.75,264.5,265.75
1984-12-03,266.5,266.5,262.5,263
1984-12-04,263.25,264,261.25,261.75
1984-12-05,276.75,277,275.5,275.75
1984-12-06,275.25,276.25,275.25,275.75
1984-12-07,275.25,275.25,271.25,271.5
1984-12-10,271.5,273,269.5,272.75
1984-12-11,273.75,274,272,272.25
1984-12-12,270.25,270.5,267.75,268
1984-12-13,266,268.5,266,266.25
1984-12-14,267.25,268.5,267,267.75
1984-12-17,267.25,269.75,266.5,269.75
1984-12-18,269.75,270.5,268,268.75
1984-12-19,268.75,269.5,267.75,268.25
1984-12-20,267.75,268.75,267.25,267.5
1984-12-21,267.5,267.75,265,265.25
1984-12-24,265.25,266,265,265.75
1984-12-26,266.25,269,266,268.25
1984-12-27,268,268,266.25,266.5
1984-12-28,266.75,268.25,266.75,267.5
1984-12-31,268,269.25,267.25,269.25
1985-01-02,269.25,272,269,270.75
1985-01-03,271,272.25,270.75,271.5
1985-01-04,271.75,272.25,269.25,269.5
1985-01-07,269,270.5,268,270.25
1985-01-08,269.75,270.25,268,268.25
1985-01-09,268.5,270,268.25,269.5
1985-01-10,269,271.5,268.75,269.5
1985-01-11,269.75,270.75,269,269.5
1985-01-14,269,269.5,268.25,269.25
1985-01-15,270.5,271.25,270,271
1985-01-16,272,273.25,271,271.75
1985-01-17,271.75,272,271,271.75
1985-01-18,272,273.25,271.5,272.75
1985-01-21,273,274,272.25,273.75
1985-01-22,273.75,273.75,271,271
1985-01-23,270.75,271,269.5,270.5
1985-01-24,270.25,272,269.5,270.5
1985-01-25,270.5,271.75,270.25,271.5
1985-01-28,270.75,271,269.5,270.5
1985-01-29,270,271.5,269.5,270.5
1985-01-30,270.5,272.5,270.25,272
1985-01-31,273,273.25,272.5,272.5
1985-02-01,271.75,271.75,270.5,271.5
1985-02-04,271,272,270.75,272
1985-02-05,272.25,274.5,272.25,274.5
1985-02-06,273.75,274.25,273,273.25
1985-02-07,272.5,273.25,272.25,272.5
1985-02-08,272.5,272.5,271.5,272
1985-02-11,271.5,271.75,269.75,270.25
1985-02-12,270.25,271,269,269.75
1985-02-13,269.25,270.25,269.25,269.5
1985-02-14,269.75,269.75,268.5,269
1985-02-15,269.25,270,269.25,269.75
1985-02-19,268.25,268.75,267.5,267.75
1985-02-20,267.5,268,266.5,266.75
1985-02-21,266.5,266.75,265.25,265.75
1985-02-22,265.75,266.25,264.75,265.25
1985-02-25,264.5,264.5,261.5,262
1985-02-26,262,263.25,261.75,262.75
1985-02-27,264,264.25,263,263.25
1985-02-28,263.5,264.5,263.5,264.25
1985-03-01,264.25,265,263.75,264.25
1985-03-04,264.5,266.25,263.75,266
1985-03-05,266.75,269,266.75,268.25
1985-03-06,273,274.5,272.75,273.75
1985-03-07,273.25,273.5,271,271.25
1985-03-08,271.75,272.25,270.5,271.5
1985-03-11,271.75,273.25,271.75,273
1985-03-12,272.25,274.25,272,273
1985-03-13,274,275.5,273.25,273.75
1985-03-14,274,274.75,273.5,274.5
1985-03-15,274.5,274.75,273.5,274
1985-03-18,274.5,275,274,274.5
1985-03-19,275.25,276.75,274.25,276.5
1985-03-20,276,276.75,275.5,276.25
1985-03-21,277,278.75,276.5,278
1985-03-22,277.75,281,276.75,280
1985-03-25,279.5,279.5,278.25,278.5
1985-03-26,279.25,279.75,277.5,278
1985-03-27,279.75,280,279,279.5
1985-03-28,279.25,280,278.75,279.75
1985-03-29,281,282,280,281.25
1985-04-01,281.5,283.75,280.5,283.5
1985-04-02,283.75,283.75,281.5,283
1985-04-03,282.5,283.75,282.5,283.25
1985-04-04,282.75,283,282,282.5
1985-04-08,282.5,283.75,281.5,283.5
1985-04-09,283,283.75,282.5,282.75
1985-04-10,283,283.25,282,282.25
1985-04-11,282.75,283,282.25,282.25
1985-04-12,282,282,280.5,281
1985-04-15,281.5,281.75,280.5,280.75
1985-04-16,281,282.5,280.25,282
1985-04-17,282.5,283.25,281.75,282.75
1985-04-18,282.75,283.75,282,283.25
1985-04-19,283.5,286,283.25,285.5
1985-04-22,285.5,286,284.25,285
1985-04-23,283.5,284,282.5,283
1985-04-24,282.75,285,282.75,284.5
1985-04-25,284.5,285,283,283.5
1985-04-26,283.75,285,283.5,284.25
1985-04-29,284.25,286,284,284.75
1985-04-30,284.75,285.25,281.75,283.25
1985-05-01,283.75,284,282.25,282.75
1985-05-02,282.5,283.5,282.25,282.75
1985-05-03,283.5,283.5,281.25,281.5
1985-05-06,281.75,284.25,281.5,284
1985-05-07,279.25,279.75,278.25,278.75
1985-05-08,278.25,278.25,277,277.25
1985-05-09,277.5,278.25,276.75,278
1985-05-10,277.75,279,277.75,279
1985-05-13,279,279.5,278.25,279
1985-05-14,278.5,279.5,277.5,277.75
1985-05-15,277.5,278.5,277.25,277.5
1985-05-16,277.5,277.5,276.75,277
1985-05-17,277.75,278,276.5,276.5
1985-05-20,276.5,277,275.25,276
1985-05-21,276.25,276.25,275,275
1985-05-22,275,275,274.25,275
1985-05-23,275,276,274.75,275.5
1985-05-24,275.5,275.5,274.25,274.5
1985-05-28,273.75,274,272,272
1985-05-29,272,273,272,272.5
1985-05-30,272.75,273.5,272.5,273.25
1985-05-31,273.75,274.75,273,274.5
1985-06-03,274.75,275,274,274.25
1985-06-04,273.75,274,273.5,273.75
1985-06-05,274.25,275.75,274.25,275.75
1985-06-06,276.25,278,275.25,277.75
1985-06-07,277.75,279.5,277.75,279
1985-06-10,278,278,276.5,277
1985-06-11,275.75,277,275.75,276.75
1985-06-12,276.75,278.25,276.75,278
1985-06-13,278,279.5,277.25,279
1985-06-14,279,279,277,277.25
1985-06-17,276,276.5,275.25,275.75
1985-06-18,276.5,277,275,276.75
1985-06-19,276.5,277.75,275.75,277.5
1985-06-20,276.25,276.25,274.5,274.75
1985-06-21,274.25,274.75,273.75,274
1985-06-24,274,274,272.5,273.75
1985-06-25,274,275,273.75,273.75
1985-06-26,274.25,274.75,273.25,273.5
1985-06-27,273,273.5,272,272.25
1985-06-28,271.75,272,268.75,269
1985-07-01,268.75,269.25,267.5,267.5
1985-07-02,268.25,270.5,268,269.25
1985-07-03,270,270,269,269.25
1985-07-05,270.5,271.5,270,271
1985-07-08,255,255.5,253.75,254
1985-07-09,253.5,253.75,252.5,252.5
1985-07-10,252.5,253.25,251.75,252.25
1985-07-11,252,253,251,252.5
1985-07-12,254.5,256.5,254.5,255.25
1985-07-15,253,253.25,251.5,251.75
1985-07-16,252,252,249.5,249.75
1985-07-17,250.5,251.5,249,250.75
1985-07-18,251,252,249.75,251
1985-07-19,250.5,250.5,244,245.25
1985-07-22,246,248,244.5,244.75
1985-07-23,247,247,242,243.25
1985-07-24,243,243.75,240.75,241
1985-07-25,240.5,240.75,239,239.75
1985-07-26,239.5,241.5,238,240.25
1985-07-29,240.75,242.25,239.25,240.25
1985-07-30,239.5,239.75,234.5,235
1985-07-31,234.75,234.75,230,231
1985-08-01,231.5,232.5,231.25,232
1985-08-02,232.25,232.75,229.25,229.75
1985-08-05,228.75,228.75,225.75,226.75
1985-08-06,226.25,228,225.25,226.75
1985-08-07,228,231.5,227.75,228.25
1985-08-08,228.5,229.5,227,227.25
1985-08-09,227.5,229.75,227.5,228.25
1985-08-12,228.5,229,226.25,227.5
1985-08-13,226.5,227.75,226,227.25
1985-08-14,228.25,232,228,230.25
1985-08-15,231.25,235,231.25,234.5
1985-08-16,235,235,230.5,232
1985-08-19,231.5,231.75,230.5,231.25
1985-08-20,231,232,230.5,230.75
1985-08-21,231.75,232,229.75,231.25
1985-08-22,231.75,235,231,234.75
1985-08-23,234.75,234.75,232.75,233
1985-08-26,232,232,230.5,230.5
1985-08-27,230,230,228,228.25
1985-08-28,228.5,228.75,227,227
1985-08-29,227.75,230.5,227,230
1985-08-30,231,231,229,230
1985-09-03,229.25,229.25,224.25,224.5
1985-09-04,224.25,225.5,223,225.25
1985-09-05,217.25,221.25,216.25,221
1985-09-06,218.75,219.5,216.5,216.75
1985-09-09,216,216.5,214.75,215.25
1985-09-10,215.5,216.5,214.5,216.25
1985-09-11,216.5,218.75,216.25,217.75
1985-09-12,216.5,220.5,216.25,218.75
1985-09-13,219,220,216.5,216.75
1985-09-16,216,223,216,222
1985-09-17,222,223,220.75,222.25
1985-09-18,221.25,222,219,219.5
1985-09-19,218.5,220,218,218.25
1985-09-20,218.5,218.75,217,217.75
1985-09-23,221,222.5,219.5,221.5
1985-09-24,221.5,227,220.5,226.25
1985-09-25,225.5,228,224.75,225
1985-09-26,224.75,224.75,222.5,223.25
1985-09-27,222.75,223,221.5,222.5
1985-09-30,222.25,226,222.25,224.75
1985-10-01,224.25,225.75,223.75,225.5
1985-10-02,225.25,225.5,224,224.75
1985-10-03,224.5,226,224.25,224.5
1985-10-04,225.25,225.75,224.25,224.5
1985-10-07,222.75,223,221,221.5
1985-10-08,222.5,224.25,222.5,224
1985-10-09,225.5,228,225.25,227
1985-10-10,228,229.5,224.25,224.5
1985-10-11,225.25,225.75,222.5,223.5
1985-10-14,222.75,223,222.25,222.75
1985-10-15,222,222.25,220.5,220.75
1985-10-16,219,219.75,218.5,218.75
1985-10-17,219,220,218.25,219.75
1985-10-18,220.5,221.75,219.75,220
1985-10-21,220.5,222,219.75,220.75
1985-10-22,220.75,225.5,220.75,225
1985-10-23,224,224.25,222,222.25
1985-10-24,221.5,222.5,220.75,221.25
1985-10-25,220.5,221,220.25,220.75
1985-10-28,220.25,224.5,220.25,222.75
1985-10-29,224.25,226.5,224.25,226.25
1985-10-30,226.5,227,225.25,225.5
1985-10-31,226.5,233,226.5,232.75
1985-11-01,232.25,234.5,232,233.5
1985-11-04,232.75,234,231.25,231.5
1985-11-05,231.5,236,231.25,235.25
1985-11-06,236.25,237.25,233.75,233.75
1985-11-07,235,237.5,234.5,236.5
1985-11-08,237.5,238.25,237,237.25
1985-11-11,238,238.5,237.25,237.75
1985-11-12,237.75,238,235.75,237.25
1985-11-13,239,241,238.5,239.25
1985-11-14,239.5,240.75,238.25,240
1985-11-15,239.5,239.5,237,238
1985-11-18,238,239.75,237.75,238.75
1985-11-19,241,242,239.25,241.5
1985-11-20,243.5,244.25,242.25,242.5
1985-11-21,240.75,241.25,238.5,239.5
1985-11-22,238.5,239,237,237.75
1985-11-25,236.75,237.5,235.25,237
1985-11-26,239,240.75,238.5,240.25
1985-11-27,240.75,242.5,240.5,242.25
1985-11-29,244,245.5,242,244
1985-12-02,244.75,245,242,245
1985-12-03,244.25,245.25,242.25,244.75
1985-12-04,245,245,243.25,244.25
1985-12-05,244.75,245.75,244,244.25
1985-12-06,244.25,245.75,243.75,244.5
1985-12-09,244.5,245,244,245
1985-12-10,245.5,245.5,244.5,245
1985-12-11,244,244.5,243.5,244
1985-12-12,244,248,243.5,247
1985-12-13,246.25,249.5,246.25,249
1985-12-16,249,251,248.25,250.75
1985-12-17,250.75,251.5,249.75,250.5
1985-12-18,250.25,252,249.5,249.75
1985-12-19,249.5,250,248.5,249
1985-12-20,249.25,250.5,248.25,248.75
1985-12-23,248.75,249.5,248.25,248.5
1985-12-24,248.5,249,248,248.5
1985-12-26,249,249.5,249,249.25
1985-12-27,249.75,250,249.5,249.75
1985-12-30,249.75,250,249,249.25
1985-12-31,248.75,249,248,248.25
1986-01-02,247.5,247.75,247,247.5
1986-01-03,246.75,247.25,246.5,246.5
1986-01-06,247,247.5,246.75,246.75
1986-01-07,247.5,249.5,247.5,249
1986-01-08,248.5,249.25,248.25,248.5
1986-01-09,248.75,249.25,248,249
1986-01-10,249,249.25,248.25,248.25
1986-01-13,247.75,248.25,246,246.25
1986-01-14,245.5,247.25,244.75,246.75
1986-01-15,247.75,250,247.5,249.25
1986-01-16,249.75,251.25,248.5,248.5
1986-01-17,248,250,247.5,248.5
1986-01-20,247.75,249.75,247.5,249.25
1986-01-21,249,249.5,247.5,247.75
1986-01-22,249,249.75,247.75,247.75
1986-01-23,248,248.75,247.5,247.75
1986-01-24,248,248,240,242
1986-01-27,242.75,243.5,240.75,241.25
1986-01-28,242.5,244.5,242,243.75
1986-01-29,244.75,245,242.5,243.25
1986-01-30,244.5,246.5,243.5,244
1986-01-31,243.5,244,242.5,244
1986-02-03,243.75,244.75,243,244
1986-02-04,243.25,244.25,243,243.5
1986-02-05,243.75,245,243.75,245
1986-02-06,245,245,242,242.25
1986-02-07,241.5,242,240.25,240.75
1986-02-10,240.75,242,240.25,242
1986-02-11,240.5,241.75,239.75,240.5
1986-02-12,240.75,241,237.75,238.25
1986-02-13,238,238.75,237.25,237.75
1986-02-14,237.5,239,236.75,238.25
1986-02-18,237.5,240.5,237.5,240.25
1986-02-19,241,241.25,238.75,239.25
1986-02-20,239,239.5,238,238.25
1986-02-21,237.75,239.25,237.5,239
1986-02-24,240,240.25,238.5,239.5
1986-02-25,239,239,236.25,237
1986-02-26,236,236,233.75,234
1986-02-27,234,234.5,230.25,231.75
1986-02-28,231.75,232.25,227.75,228
1986-03-03,228.25,230.5,228.25,229.75
1986-03-04,230.25,230.5,225,225.5
1986-03-05,224,227.5,222.5,227
1986-03-06,227.75,229.75,227.25,229.5
1986-03-07,229.25,231.25,228.75,229.5
1986-03-10,229,232,228.25,232
1986-03-11,232.25,233.25,230.25,230.5
1986-03-12,230.25,230.25,228.25,229.5
1986-03-13,228.75,231.5,228.75,231.5
1986-03-14,232.25,234,231.75,234
1986-03-17,233.75,235.75,232.25,234.25
1986-03-18,233.75,235.25,232.75,235
1986-03-19,232,233.75,231.5,233.5
1986-03-20,233.5,234.25,232,232.75
1986-03-21,232,234.25,231,231.25
1986-03-24,230.25,231.5,229,231.5
1986-03-25,231.5,232.75,231,232.5
1986-03-26,233,234.75,232.5,234.25
1986-03-27,234.5,234.5,232.5,233
1986-03-31,232,235,232,234.75
1986-04-01,235,237,233.75,236.75
1986-04-02,236,236.5,234.25,236.25
1986-04-03,235,235.75,233.5,234
1986-04-04,233.75,235,232.5,233.5
1986-04-07,233,235.25,232.5,235
1986-04-08,235.75,235.75,232.5,233.25
1986-04-09,232.5,232.75,228,228.25
1986-04-10,228.25,229.5,227,228
1986-04-11,228.25,229,227,227.75
1986-04-14,227.25,228,226,227.5
1986-04-15,228,228.25,226,226.25
1986-04-16,226.25,227.25,225.25,225.5
1986-04-17,225.5,227.75,225.25,227.75
1986-04-18,228.25,228.75,226.5,227.25
1986-04-21,226.75,226.75,224.75,226.75
1986-04-22,227.75,231,227.75,229
1986-04-23,229.5,231.5,228.25,231
1986-04-24,231.75,231.75,230.25,231
1986-04-25,229.5,229.75,228.5,229.5
1986-04-28,229.5,230.25,228.75,230
1986-04-29,230,233.75,229.5,231
1986-04-30,232.5,241,232.5,238.25
1986-05-01,239,240,233.25,235.5
1986-05-02,233,238,233,234.75
1986-05-05,235.25,237.5,234.75,237.5
1986-05-06,228.5,230.75,227.25,230.5
1986-05-07,231,232.5,228.75,232.25
1986-05-08,234,242.25,234,237.75
1986-05-09,241,242,237.25,239.75
1986-05-12,238.5,239,234.25,235.5
1986-05-13,238,243.25,238,239.5
1986-05-14,240,243,238.75,240
1986-05-15,240.5,242,235.5,237.75
1986-05-16,235.5,238.5,234.5,236.25
1986-05-19,235.75,237.5,234.5,237.5
1986-05-20,239,239.75,237.5,238.5
1986-05-21,239.25,241,238.5,239
1986-05-22,239.5,239.5,235.75,236
1986-05-23,235,235.75,233.5,233.75
1986-05-26,235.875,238.25,233.25,237
1986-05-27,233.5,236.5,233.25,235.75
1986-05-28,236.5,238.25,236.25,238.25
1986-05-29,236.75,237.5,235.5,236.5
1986-05-30,236.25,237,235.5,237
1986-06-02,237,239.5,235.75,239
1986-06-03,239.75,239.75,235,235.5
1986-06-04,235.5,237.5,234.75,237
1986-06-05,236.75,237.5,236,237.25
1986-06-06,237.75,238,236.25,237.5
1986-06-09,237.25,238,236.5,237
1986-06-10,236.75,237.25,236.25,236.5
1986-06-11,236.25,236.25,233.25,234.25
1986-06-12,234,234,230.25,230.5
1986-06-13,230.5,231.5,229.25,230.25
1986-06-16,231,232.5,229.75,230
1986-06-17,230,233,229.5,231.5
1986-06-18,231.5,234,231.5,233
1986-06-19,234,234,232.25,234
1986-06-20,233,235,232.5,234.75
1986-06-23,234.5,234.75,233.5,234.75
1986-06-24,234,234.25,231.75,232
1986-06-25,231.5,231.5,226.5,227.25
1986-06-26,226.5,227,224,224.25
1986-06-27,224.25,226,219.5,225
1986-06-30,222.5,223,216,217.25
1986-07-01,214,214.75,207.25,207.75
1986-07-02,207.5,210.5,202,209.5
1986-07-03,209,209,201,201.25
1986-07-04,210.625,220,201,201.25
1986-07-07,198,198,191.25,191.25
1986-07-08,175.5,178.25,175,175.25
1986-07-09,179.5,179.5,175.5,175.75
1986-07-10,174,174.5,170.5,172.75
1986-07-11,173.5,175.25,173,173.5
1986-07-14,173,175,172,173.5
1986-07-15,177,179.25,176.75,178
1986-07-16,181,181,177.25,179.75
1986-07-17,179,179.25,175.5,175.75
1986-07-18,174.75,175.25,172.125,172.75
1986-07-21,172.5,174.75,170.25,170.5
1986-07-22,170,171.25,168,168.5
1986-07-23,172,173,170.25,171.75
1986-07-24,173,175.25,172.5,173.5
1986-07-25,173.25,174.5,173,174.25
1986-07-28,174.25,175.5,172.75,174.25
1986-07-29,172.75,173,168.75,169
1986-07-30,167,169.25,166.5,167.25
1986-07-31,166,166.25,165,165.25
1986-08-01,164.5,172,162,168.5
1986-08-04,163.5,167.5,163,164
1986-08-05,162.5,162.5,161,161.5
1986-08-06,160.75,161.5,160,161
1986-08-07,162.5,163,161,162
1986-08-08,164,164,162.75,163.25
1986-08-11,163.25,165.75,162.75,165.75
1986-08-12,165,165.25,164,164.5
1986-08-13,162,165,161.5,164.5
1986-08-14,165.5,167,165,166.5
1986-08-15,167,167.25,164.5,164.75
1986-08-18,164.25,167,163.5,166
1986-08-19,165.25,165.75,163,163.75
1986-08-20,163,163,161.5,161.75
1986-08-21,161,161.5,159.75,160.25
1986-08-22,160,160.5,158.5,158.75
1986-08-25,157.75,158,155.25,155.75
1986-08-26,154.75,155,152.75,153
1986-08-27,151.5,155,151.5,154.25
1986-08-28,154,156.5,153.75,155
1986-08-29,155.75,156.75,153.5,154.25
1986-09-02,152.5,152.75,150.5,151
1986-09-03,150.5,151.5,149.75,150.25
1986-09-04,151,151.5,149.25,149.5
1986-09-05,163.5,165,162.5,164
1986-09-08,163.25,165.5,162.75,165.5
1986-09-09,166,166.75,163.5,165.25
1986-09-10,164.25,164.75,162.25,162.75
1986-09-11,162,163.25,161.5,162.5
1986-09-12,163.5,163.5,161.25,162.25
1986-09-15,161.25,162,161,161.5
1986-09-16,161,163,161,162.75
1986-09-17,163.25,164.75,162.75,164.75
1986-09-18,165.25,166.75,164.75,165
1986-09-19,166,166.25,164.25,164.75
1986-09-22,165,168,165,166.25
1986-09-23,166.75,171.75,166.5,171.25
1986-09-24,173.25,175.5,172.25,172.75
1986-09-25,170.5,171,169,170
1986-09-26,170.5,172.5,169.75,172.25
1986-09-29,174.75,179.5,174,179
1986-09-30,181.5,181.5,176,176.75
1986-10-01,176.75,177.75,175.5,177
1986-10-02,175.75,176.5,173.75,174
1986-10-03,173.75,174.75,169.5,169.75
1986-10-06,168,168,164,164.25
1986-10-07,164,165.75,163.75,164.25
1986-10-08,164,165,163.75,165
1986-10-09,165,167.75,165,165.75
1986-10-10,165.75,167.25,165.5,167
1986-10-13,166,166.75,165.5,165.75
1986-10-14,165.25,165.5,164.75,165.25
1986-10-15,165,165,163,163.25
1986-10-16,162.75,164.25,162.25,163.25
1986-10-17,163.25,164.5,163.25,164
1986-10-20,163.5,169.75,163.5,168
1986-10-21,168,172,167.5,171.5
1986-10-22,173,174,172,173.25
1986-10-23,172.25,172.25,169,169.75
1986-10-24,170,174,170,173.75
1986-10-27,174,176.75,173.25,175.75
1986-10-28,178,178,174,175.5
1986-10-29,174,174.25,171.25,171.5
1986-10-30,170.5,177,170.5,174.5
1986-10-31,174,176.5,172.75,173.25
1986-11-03,172.25,175.75,172.25,175.25
1986-11-04,176,176.75,175,175.25
1986-11-05,174.75,175,172.5,173.5
1986-11-06,172.5,173,171.25,172.75
1986-11-07,172.5,173.5,171.5,173.25
1986-11-10,173,174,172,172.25
1986-11-11,171.25,172.5,170.25,170.5
1986-11-12,170.25,174.5,170.25,173.25
1986-11-13,173,174.5,172,172.25
1986-11-14,173,173.25,171,171.25
1986-11-17,170.75,170.75,168.5,168.75
1986-11-18,168.5,168.75,167,167.75
1986-11-19,168,169,166.5,168.75
1986-11-20,169.5,170.5,168.5,169
1986-11-21,169,169.75,167.5,167.75
1986-11-24,167.25,167.75,165,165.25
1986-11-25,164.75,165.75,164.5,165
1986-11-26,165,167.25,165,167.25
1986-11-28,168.5,169.25,168,168.75
1986-12-01,170,171.75,169.5,171
1986-12-02,171.5,171.75,167.75,168
1986-12-03,168,169.25,166.25,166.75
1986-12-04,166.25,166.5,160.5,161.25
1986-12-05,171,172.25,170.5,170.75
1986-12-08,171,172.5,171,172
1986-12-09,171.75,172,170,170.25
1986-12-10,170.25,171,169.5,170.5
1986-12-11,169.25,169.75,167.25,167.5
1986-12-12,166.75,167,165,165.25
1986-12-15,165,166.5,165,165.75
1986-12-16,166,166.5,165.75,166
1986-12-17,166.25,166.5,164,164.5
1986-12-18,164.5,164.75,163.5,163.75
1986-12-19,164,164.25,162,162.25
1986-12-22,162.25,164,162.25,163.75
1986-12-23,164.25,164.25,162,162.25
1986-12-24,162.75,163.75,162,163
1986-12-26,163.25,164,163.25,164
1986-12-29,164.25,164.5,161,161.25
1986-12-30,160.25,160.5,159,160
1986-12-31,160,160.25,159.25,160
1987-01-02,160.25,160.25,157,157.25
1987-01-05,156.25,156.25,153.25,154.5
1987-01-06,154.75,155,152.75,153
1987-01-07,153,156.25,152.75,155.5
1987-01-08,156.75,157.25,155,155.25
1987-01-09,155,157.25,154.75,156.75
1987-01-12,158,160,158,160
1987-01-13,160.75,160.75,155,156.25
1987-01-14,156.5,160,155.75,159.75
1987-01-15,159.25,160,157.5,157.75
1987-01-16,157.25,162,157.25,158.5
1987-01-19,160,161.5,159.75,161
1987-01-20,161,162.75,158.25,158.75
1987-01-21,158.5,160,157.5,160
1987-01-22,161.5,161.5,158.75,159.25
1987-01-23,158.75,159.5,158.5,159.5
1987-01-26,159.5,159.75,158,159.25
1987-01-27,159,159,156.5,156.75
1987-01-28,156,156.5,155.25,155.75
1987-01-29,155.75,157,155.25,156
1987-01-30,155.75,157.25,155.25,157
1987-02-02,157.75,159,157.25,158.75
1987-02-03,159,159.5,157.75,158.5
1987-02-04,158.5,159,157.5,157.75
1987-02-05,157.25,157.25,155,155.25
1987-02-06,154.75,155.75,154.5,154.75
1987-02-09,154.5,155,153.25,153.75
1987-02-10,153.25,154,152.5,152.75
1987-02-11,152.25,152.25,148.5,148.75
1987-02-12,148.25,148.5,144,144.25
1987-02-13,144.5,146,142.5,142.75
1987-02-17,143,145.25,142,145.25
1987-02-18,145.75,146,144,144.25
1987-02-19,144.25,145.5,144.25,145.25
1987-02-20,148.25,152,148.25,149.5
1987-02-23,150,150,148,148.5
1987-02-24,148.75,149,146.75,147
1987-02-25,146,146.5,144,144.25
1987-02-26,144.25,146.5,144.25,145
1987-02-27,144.5,148.25,144,147.25
1987-03-02,149.5,151.25,149,150.75
1987-03-03,151,152.75,148.25,149.5
1987-03-04,150.5,152.5,149.75,151.5
1987-03-05,153,154,151.5,153.5
1987-03-06,157,157.75,156,156.75
1987-03-09,157,159,155.5,158.75
1987-03-10,158.75,158.75,155.5,156
1987-03-11,156,156.75,155,156.75
1987-03-12,157.25,158,156.5,157.25
1987-03-13,159.5,160.5,158.5,159
1987-03-16,158.75,159,158,159
1987-03-17,159.5,162.5,159.25,162.25
1987-03-18,161.75,162.25,160.25,161
1987-03-19,161.5,162,160.5,160.75
1987-03-20,160.75,160.75,159,159.25
1987-03-23,158.75,161.5,158.25,161.25
1987-03-24,161.75,164,161.25,164
1987-03-25,164,165,162.75,165
1987-03-26,164.25,166,163.5,164.25
1987-03-27,161.5,164.5,160.75,163.25
1987-03-30,163.5,164,162,163.5
1987-03-31,163,163.25,162,162.5
1987-04-01,162.75,163.5,161.25,161.5
1987-04-02,160.5,160.5,157.75,158.5
1987-04-03,158.75,159.75,157.5,157.75
1987-04-06,158,158.5,157.25,158.25
1987-04-07,159.5,160.5,159,159.5
1987-04-08,159.75,162,159.5,162
1987-04-09,163,165.25,162.25,164.5
1987-04-10,163.5,166,163.5,165.5
1987-04-13,164.5,168,164.5,168
1987-04-14,173,175,169.75,171
1987-04-15,169,169.75,168.25,168.5
1987-04-16,168,170,167.75,169.75
1987-04-20,170.5,174,170.5,173.75
1987-04-21,175,175,171.75,173.75
1987-04-22,173.25,173.25,171.5,172.5
1987-04-23,172.75,175.5,172.75,175.5
1987-04-24,177,178,175.25,175.75
1987-04-27,178,179,172.5,174.5
1987-04-28,175,175,172.75,173.75
1987-04-29,173.5,175.75,173.25,175.75
1987-04-30,176,179,175.75,179
1987-05-01,179.5,180,178.25,179.75
1987-05-04,179,182,178.25,181.5
1987-05-05,187.5,189,186.25,187.25
1987-05-06,187.25,188.75,185.25,188.25
1987-05-07,188.75,192,188.5,190.25
1987-05-08,190.25,193,189,192.75
1987-05-11,194.75,202,194.25,198.5
1987-05-12,197.5,201,188.75,192.25
1987-05-13,189.5,193,188,191.5
1987-05-14,192.5,196,192,195.5
1987-05-15,196.5,197.5,194,195.75
1987-05-18,188.5,191,185.75,185.75
1987-05-19,185,188.5,185,186.75
1987-05-20,187,189,184.25,184.75
1987-05-21,185.5,189.5,184,188.75
1987-05-22,189.5,191,189,191
1987-05-26,190,191,186,190.75
1987-05-27,191.5,192.5,190.25,191.75
1987-05-28,193,193,191,191.25
1987-05-29,191,191.75,188.5,188.75
1987-06-01,187.75,187.75,184,186.25
1987-06-02,187.25,188.75,186.25,187.5
1987-06-03,186.75,190,186.25,189.75
1987-06-04,189.5,190.75,188,188.5
1987-06-05,188.25,189.5,187.5,189.25
1987-06-08,190.25,191.25,188.5,188.75
1987-06-09,188.75,189.25,187.5,187.75
1987-06-10,186,187,184.75,185
1987-06-11,185.5,187.5,184.5,186.5
1987-06-12,186.5,190.75,186.5,190.25
1987-06-15,196,199,194.75,197.5
1987-06-16,199,202.75,197,202.25
1987-06-17,198.5,199,195.25,197.5
1987-06-18,196.5,197,191.75,192.5
1987-06-19,192,192.5,190,192.25
1987-06-22,188.5,188.5,182.5,182.75
1987-06-23,184.5,188.75,183.25,187.75
1987-06-24,191,193,190,192.25
1987-06-25,191,191,186.5,187
1987-06-26,187,188.75,185,185.25
1987-06-29,182,182.5,178,178.25
1987-06-30,178.75,180,178.5,179.5
1987-07-01,179.5,179.5,172.5,172.75
1987-07-02,176,177,173.25,173.75
1987-07-06,173.5,173.5,170,172.5
1987-07-07,173.5,176,172.75,174.75
1987-07-08,180,180,173,173.5
1987-07-09,174.75,174.75,170.25,172
1987-07-10,174,174.25,171.75,172.75
1987-07-13,170.5,171.25,169,169.75
1987-07-14,171,171.25,169.75,171.25
1987-07-15,172.25,172.25,170,170.75
1987-07-16,171,171.25,167.5,168.25
1987-07-17,168,168.5,164.25,164.25
1987-07-20,168.5,169.75,167.25,168.75
1987-07-21,168.5,168.5,163.75,165
1987-07-22,164.75,165.5,161,164.75
1987-07-23,165.75,166,162.5,164.5
1987-07-24,163.75,164.25,162.5,163.75
1987-07-27,163.5,165.25,162.75,164.5
1987-07-28,165.75,167.75,165.75,166.75
1987-07-29,167.75,168,162,162.25
1987-07-30,163.25,163.75,160.5,162.5
1987-07-31,163.25,164,162.5,163.5
1987-08-03,163.5,163.5,160,161.25
1987-08-04,160.25,160.25,154.75,155.5
1987-08-05,155.25,156,154,156
1987-08-06,156.5,156.5,154.5,154.75
1987-08-07,153.75,153.75,152.25,152.5
1987-08-10,152.75,154,152.5,153
1987-08-11,154,154,153.25,153.75
1987-08-12,152,153,150.75,153
1987-08-13,154,156,153.5,155
1987-08-14,154.5,158.5,154.5,158.5
1987-08-17,158.75,160,155.75,156.5
1987-08-18,156.25,156.75,155,156
1987-08-19,157,162,156.5,160.5
1987-08-20,160.5,161.5,158.25,158.5
1987-08-21,158.5,160.75,157.5,159.25
1987-08-24,159.75,159.75,157.5,158
1987-08-25,157.25,159.25,157,158
1987-08-26,159,162.5,159,161.75
1987-08-27,162.75,163.5,161.25,163.25
1987-08-28,163.75,163.75,160,160.75
1987-08-31,161,161,158.75,159
1987-09-01,158.5,158.75,156.5,156.75
1987-09-02,157.25,158.75,156,158.5
1987-09-03,158,158,156.5,157
1987-09-04,157,158.25,156,158.25
1987-09-08,166.5,172,166.25,172
1987-09-09,172,174,171,173.75
1987-09-10,173.5,175,172.75,175
1987-09-11,175.5,176.5,173.5,174.25
1987-09-14,174,177.5,172.5,177
1987-09-15,177.5,178.5,176.25,176.5
1987-09-16,177,180.5,175.5,180.25
1987-09-17,180.5,181,179.25,180.75
1987-09-18,180.25,182.25,180,180.5
1987-09-21,179,179.75,178,178.25
1987-09-22,177.5,177.75,175.5,175.75
1987-09-23,174.5,176.75,174,176.5
1987-09-24,176.5,176.5,174.5,174.75
1987-09-25,174.25,175.5,173.75,175.25
1987-09-28,175.25,180,175.25,179.5
1987-09-29,179.5,182,178.5,182
1987-09-30,181.5,182,179.5,179.75
1987-10-01,182,184.5,181.25,184.25
1987-10-02,184,186.25,183.25,185
1987-10-05,184.25,186,183.5,185
1987-10-06,184.25,185,181.75,182.5
1987-10-07,181.25,183,180.5,183
1987-10-08,183.25,185,182.25,184.75
1987-10-09,186.5,187,183,183.25
1987-10-12,182,182.75,180.5,182.25
1987-10-13,181.75,185,181.75,184.75
1987-10-14,185.5,188.75,184.75,187.25
1987-10-15,187.5,188.5,186.25,187.5
1987-10-16,186.5,186.5,184.75,185.25
1987-10-19,187.25,188,176,178.5
1987-10-20,183.5,185,179,184.25
1987-10-21,185,185.25,183,183.25
1987-10-22,181,183,180.25,182
1987-10-23,181.75,183.75,181,181.25
1987-10-26,181,181,178.25,180.5
1987-10-27,182,182.75,180.25,182
1987-10-28,182,182.25,180.25,180.75
1987-10-29,180.25,181.25,177.75,181
1987-10-30,180.5,182,179,179.5
1987-11-02,179.5,179.75,177.5,178.25
1987-11-03,177.75,177.75,175,175.75
1987-11-04,175.5,177.5,175.25,177.25
1987-11-05,178.5,181.25,178,180
1987-11-06,179.75,180.75,178.75,180.25
1987-11-09,180.75,181,179.75,180
1987-11-10,180.75,181.5,179.75,181.5
1987-11-11,181.25,184,181.25,181.75
1987-11-12,182.75,182.75,180,180.75
1987-11-13,182.5,183,181.5,182.5
1987-11-16,182,183,181,183
1987-11-17,183.5,186,183,186
1987-11-18,186.75,186.75,184.5,185.25
1987-11-19,185,186.5,184,185.75
1987-11-20,186.5,187.5,186,187
1987-11-23,186.5,187.5,185.5,187
1987-11-24,186.75,187.25,185.75,187.25
1987-11-25,187.75,189.25,186.75,189.25
1987-11-27,190.5,192.5,189.25,190
1987-11-30,190,190,186.75,188.75
1987-12-01,188.75,189.75,188,188.25
1987-12-02,189.75,189.75,185.5,186.5
1987-12-03,185.5,188,182.5,187.75
1987-12-04,188.25,188.5,184,184.5
1987-12-07,189.75,191.75,188.5,191.75
1987-12-08,192,192.75,190,191
1987-12-09,191.25,193,190.5,193
1987-12-10,193,193.75,192.25,193.5
1987-12-11,193,193.75,191.75,192.5
1987-12-14,192.5,193,191,191.5
1987-12-15,190.5,191,188.25,188.5
1987-12-16,187,187,184.5,186.25
1987-12-17,185,187.5,183.75,187.5
1987-12-18,187,188.25,185.5,186
1987-12-21,185.5,186,185,185.75
1987-12-22,186,189.25,185.75,189
1987-12-23,188.5,190,187.25,189.75
1987-12-24,190.25,190.5,189,189.5
1987-12-28,191,191,187.25,187.75
1987-12-29,186.75,187.5,185.75,186.5
1987-12-30,186.25,186.75,185,185.25
1987-12-31,185,185.25,184.5,184.75
1988-01-04,185,188,184.25,187.5
1988-01-05,187.25,188.25,186.5,187.5
1988-01-06,188.25,193,188.25,191
1988-01-07,190,194,190,192.75
1988-01-08,192.75,192.75,191.25,192.5
1988-01-11,192.75,195.5,191.5,195.25
1988-01-12,194.75,196.75,193,193.5
1988-01-13,194,195.25,191.75,195
1988-01-14,194.75,196,194.25,195
1988-01-15,199,199,197,197.5
1988-01-18,196.75,201,196,200.75
1988-01-19,200,201,199,200.75
1988-01-20,201.5,201.5,198.75,199
1988-01-21,197.75,198.75,197,198
1988-01-22,197.75,199.75,197.5,199.75
1988-01-25,201.5,202.75,200.75,202
1988-01-26,202,202.75,199.5,202.5
1988-01-27,202,202.5,201,201.75
1988-01-28,201.5,201.75,198,198.5
1988-01-29,198.25,198.75,196,196.75
1988-02-01,197,198.25,195.5,197.75
1988-02-02,197.25,198.5,196.5,198.25
1988-02-03,198,199.25,197.25,198.75
1988-02-04,199,203,198.5,202.75
1988-02-05,202.25,203.75,200.75,201.25
1988-02-08,200.75,202.5,200.5,202.25
1988-02-09,202.25,203.75,201.5,203.5
1988-02-10,203.5,204,200.75,202.75
1988-02-11,202.5,203,201.5,202.5
1988-02-12,201.75,202,199.5,201
1988-02-16,200,200.25,198,198.25
1988-02-17,197.5,202.25,197,201.75
1988-02-18,200,201.25,199.75,200.75
1988-02-19,200.5,203,200,200.5
1988-02-22,201,201.5,198.75,199.25
1988-02-23,198.5,199,196,196.5
1988-02-24,199.5,199.5,197.75,199
1988-02-25,198.5,199,197,198.5
1988-02-26,198.25,201,198,200.75
1988-02-29,201,204.5,201,203.75
1988-03-01,203.25,205,203.25,203.75
1988-03-02,203.5,203.5,201.5,202
1988-03-03,201.25,202.25,200.5,200.75
1988-03-04,200,201,198.5,199.25
1988-03-07,199.75,201.25,199,200.75
1988-03-08,208.25,208.75,207,207.75
1988-03-09,207.25,208,205.75,206
1988-03-10,206,206.5,204,204.25
1988-03-11,204.5,204.5,202,203.75
1988-03-14,204.75,206,203.75,205.75
1988-03-15,206,206.25,204.5,205.5
1988-03-16,205.5,205.75,204,204.25
1988-03-17,203.75,207,203.75,205.75
1988-03-18,205.25,205.75,204.25,204.75
1988-03-21,205.25,208,204.75,207.25
1988-03-22,206.5,207.25,205.75,206.5
1988-03-23,206.75,207.25,205.75,206.25
1988-03-24,205.75,207,205.75,207
1988-03-25,207,210,207,209.75
1988-03-28,209,210.75,208.5,210.5
1988-03-29,211.5,212,210.75,211.5
1988-03-30,211,211.25,208.75,209.5
1988-03-31,209.25,209.75,208.75,209.75
1988-04-04,211.25,213,208.5,208.75
1988-04-05,208.25,209,207.25,208.5
1988-04-06,208.75,209.25,207.25,207.5
1988-04-07,207,208,205.75,207.5
1988-04-08,207.75,209.25,207.75,209
1988-04-11,209,209.25,207.25,207.75
1988-04-12,206.75,207,205.75,206.25
1988-04-13,205.75,206,204.5,204.75
1988-04-14,204.25,204.75,201.25,204.25
1988-04-15,204,204.5,201.5,202.75
1988-04-18,203.25,203.75,202,203.75
1988-04-19,203.5,205.5,203.5,205.5
1988-04-20,205,205.25,204,204.25
1988-04-21,203.75,203.75,202,202.25
1988-04-22,202,202,201,201.25
1988-04-25,201.5,201.75,199.5,199.75
1988-04-26,199,200.75,198.5,200.5
1988-04-27,200.5,202,200,201
1988-04-28,201.5,202.25,200,200.25
1988-04-29,199.25,202.5,199,202.25
1988-05-02,203,206.25,203,205.25
1988-05-03,205.25,205.75,204.25,204.75
1988-05-04,204.25,205.25,204,205
1988-05-05,212.75,212.75,211,211.25
1988-05-06,211.25,212,210.25,210.5
1988-05-09,210,211,209,209.5
1988-05-10,209.75,210,208.5,208.75
1988-05-11,209.25,209.5,205.75,206
1988-05-12,205.75,206,204.25,204.75
1988-05-13,204.5,206,204.25,206
1988-05-16,208.25,216,208.25,214.75
1988-05-17,214.25,216.5,213.25,215.5
1988-05-18,213.5,216.5,213.25,216
1988-05-19,218,225.5,217,217.5
1988-05-20,217.5,221.5,217.25,221.25
1988-05-23,216.5,217,212.25,215.5
1988-05-24,216.75,220.25,216,219.25
1988-05-25,219.5,220.5,214.5,214.75
1988-05-26,214.25,215.25,212,212.75
1988-05-27,214,217,213.5,216.5
1988-05-31,224.5,226,223.5,224.25
1988-06-01,223.5,224,218.75,220.75
1988-06-02,219.25,227.25,219.25,224.75
1988-06-03,228.5,234.75,228.5,234.5
1988-06-06,244.5,244.5,244.5,244.5
1988-06-07,259.5,259.5,249.5,257.25
1988-06-08,252,256,246.5,251
1988-06-09,250,254,244.5,253.75
1988-06-10,262,262,255,257.75
1988-06-13,261,261,254.5,259.5
1988-06-14,260.75,269.5,260.75,269.5
1988-06-15,279.5,279.5,279.5,279.5
1988-06-16,294.5,294.5,294.5,294.5
1988-06-17,293,309.5,292,309.5
1988-06-20,324.5,324.5,324.5,324.5
1988-06-21,334.5,334.5,334.5,334.5
1988-06-22,344.5,344.5,335,344.5
1988-06-23,351,354.5,347,348
1988-06-24,341,345.5,338,342.5
1988-06-27,352.5,352.5,352.5,352.5
1988-06-28,350,353,337.5,337.5
1988-06-29,315,316,306,309
1988-06-30,315,332.5,315,327
1988-07-01,341,348,337,342
1988-07-05,355,359,328,344
1988-07-06,351,353,339,348.75
1988-07-07,352.5,352.5,333.75,333.75
1988-07-08,328,332,318.75,318.75
1988-07-11,303.75,308,303.75,303.75
1988-07-12,302,318,302,316.25
1988-07-13,326.25,326.25,326.25,326.25
1988-07-14,341.25,341.25,341.25,341.25
1988-07-15,340,348,339,343
1988-07-18,328,328,328,328
1988-07-19,313,317,313,313
1988-07-20,315,317,298,311.75
1988-07-21,315.5,319,310,317
1988-07-22,315.5,318,312,312.5
1988-07-25,310.5,310.5,302.5,302.5
1988-07-26,290,293,287.5,287.5
1988-07-27,285.5,293,278,279.75
1988-07-28,277.5,279.75,264.75,265
1988-07-29,264.5,275,264.5,275
1988-08-01,290,290,290,290
1988-08-02,303,305,295,301
1988-08-03,299.5,301,293.5,297.5
1988-08-04,302,307.5,300.5,304.5
1988-08-05,305.5,307,302,306.75
1988-08-08,299,301,296.75,296.75
1988-08-09,294,300,291.5,299
1988-08-10,300,302,298,300.75
1988-08-11,300.5,301.5,296.5,297.25
1988-08-12,306.5,307,287.25,287.25
1988-08-15,289,297.25,284,297.25
1988-08-16,297,298,286.5,287
1988-08-17,284.5,286,278,284.75
1988-08-18,286,289.5,283.75,287.75
1988-08-19,288.5,289,285,287.25
1988-08-22,283.5,283.5,277.25,277.25
1988-08-23,277,281,272.25,273.75
1988-08-24,275.5,283.75,275.5,283.75
1988-08-25,283.5,285.25,279.5,280.75
1988-08-26,280.5,281.5,276.75,277.25
1988-08-29,275.5,276,270,274.5
1988-08-30,274.5,279.5,273,279
1988-08-31,276,284,276,283
1988-09-01,287.5,294.5,287.5,289
1988-09-02,289,291,287.75,290.5
1988-09-06,292,294.5,289.5,293.5
1988-09-07,302.5,305.5,299.25,302.5
1988-09-08,300.5,303,298.5,302
1988-09-09,301,301.25,298.25,298.5
1988-09-12,296.75,299.5,296.5,299
1988-09-13,296.5,303.5,294.5,299.5
1988-09-14,300,302.5,298.5,300.5
1988-09-15,300,300,295,295.5
1988-09-16,294.5,295.5,290,290.5
1988-09-19,288,289,283,284
1988-09-20,286,288,283.75,286.5
1988-09-21,286.5,289,286.25,287.75
1988-09-22,287.75,291.75,283.5,291.25
1988-09-23,291,291.5,285.5,286.25
1988-09-26,284.5,284.5,280.5,280.75
1988-09-27,280.5,288.25,280,286.5
1988-09-28,287,291,284.75,286.5
1988-09-29,286,288.25,285.25,286.5
1988-09-30,286.5,289.75,285.25,285.75
1988-10-03,286.25,290.5,286,290
1988-10-04,290.25,295,290,294.5
1988-10-05,294,297,292.5,293.5
1988-10-06,292.5,298.5,291,298
1988-10-07,297.25,297.25,294,294.25
1988-10-10,293.75,294.25,291.75,292.75
1988-10-11,293.25,295.5,292.25,295
1988-10-12,296,297.25,295.25,296.25
1988-10-13,297,299.5,294.25,297.25
1988-10-14,295.75,296.25,292.75,293.75
1988-10-17,293.75,295,292.25,295
1988-10-18,295,295.75,292,292.25
1988-10-19,290.75,291.5,288.75,290.75
1988-10-20,290.25,290.5,285.75,286.25
1988-10-21,286.5,286.5,283,283.5
1988-10-24,282.5,282.5,276.5,277.5
1988-10-25,279,279.5,274.5,274.75
1988-10-26,274.5,280.75,272.75,280.5
1988-10-27,279,280.5,274.5,274.75
1988-10-28,272.5,279.5,272.5,278.75
1988-10-31,278.5,283,278,282.25
1988-11-01,282,285,280.5,284.75
1988-11-02,285.25,288.75,284.75,286.5
1988-11-03,286,286,282.25,282.5
1988-11-04,284.5,285,276,278
1988-11-07,276.5,278.75,274,278.75
1988-11-08,279,279.25,274.75,278.75
1988-11-09,277.5,280,276.75,279.25
1988-11-10,277.25,278.25,272.25,274.5
1988-11-11,275.25,275.5,268,269.75
1988-11-14,268.5,272.25,265.75,271.5
1988-11-15,270.5,271.75,265.75,266
1988-11-16,265.5,266.5,263.75,264.25
1988-11-17,263.5,263.5,257.25,259.25
1988-11-18,258,260.5,258,258.25
1988-11-21,258,261.5,257,261
1988-11-22,262,264,261.25,262.75
1988-11-23,263,264.25,262,263.25
1988-11-25,265.5,266,264.25,265
1988-11-28,263.75,263.75,257,257.25
1988-11-29,257,259,251.75,256.75
1988-11-30,257.5,261.5,256.75,261.25
1988-12-01,262,262,257,257.25
1988-12-02,256.75,261,256,258.75
1988-12-05,259.5,259.75,252,252.5
1988-12-06,264,270,263.5,269.5
1988-12-07,268,271,267.5,268.25
1988-12-08,269.25,272.25,267.75,269.5
1988-12-09,268.75,271.5,268.25,270.75
1988-12-12,270,274.5,269.75,272.25
1988-12-13,271.5,275.75,269.75,275.5
1988-12-14,275.25,278.25,274.75,277.75
1988-12-15,278.25,281.25,277.75,279
1988-12-16,278,283.5,277.75,282.75
1988-12-19,282,283.75,281.5,283.25
1988-12-20,282,282,279,280
1988-12-21,277.5,285,277,284.75
1988-12-22,284.5,286.5,283,283.25
1988-12-23,283.25,284.5,282.75,284.25
1988-12-27,285,286,283.5,285.25
1988-12-28,284.75,285,283.5,284
1988-12-29,283.75,285,281.5,282.5
1988-12-30,282.5,285,282.25,284.5
1989-01-03,284,286.5,280.5,280.75
1989-01-04,280.25,285.25,279.75,283.5
1989-01-05,283.5,288.5,283.25,286.75
1989-01-06,286.75,289.75,286.5,289
1989-01-09,288.5,292.75,288.25,289.25
1989-01-10,289.25,290.75,287.75,289.5
1989-01-11,288.5,289.25,286.5,286.75
1989-01-12,286.5,286.5,284.75,286
1989-01-13,286,288.5,285.75,288.25
1989-01-16,278.25,279,278.25,278.25
1989-01-17,272,272,264.75,267.75
1989-01-18,270,271,265.25,270.5
1989-01-19,270.25,270.75,267,267.75
1989-01-20,266.75,268.5,265,267.75
1989-01-23,268,270.75,268,270.25
1989-01-24,271.5,273,271.25,272.25
1989-01-25,272,272,269.25,270.25
1989-01-26,271.5,273.25,268.75,271.75
1989-01-27,271.25,273,270,271.75
1989-01-30,271,272.75,270.25,271
1989-01-31,272,275,272,274.75
1989-02-01,274.75,275.25,273,273.5
1989-02-02,272.75,273.25,272,273
1989-02-03,272.75,273.25,271.25,271.75
1989-02-06,271,271,264.75,266.5
1989-02-07,266.75,268,265.75,267.75
1989-02-08,267.75,268.5,263,264.75
1989-02-09,265.5,266.5,262.75,265
1989-02-10,265.5,266.25,262.75,266
1989-02-13,265.5,265.5,263.25,265.25
1989-02-14,266,270.5,265.75,269.75
1989-02-15,269.75,271.25,268.75,271
1989-02-16,271,271.5,268.5,269
1989-02-17,268,270.75,267,269.75
1989-02-21,269,270,268,269.75
1989-02-22,270.5,273.5,269.5,273.25
1989-02-23,272.75,273.25,271,272
1989-02-24,272,273,271.25,271.5
1989-02-27,271.5,271.75,269.5,270
1989-02-28,270.75,273,270.75,272.5
1989-03-01,271.5,272.25,270.5,271.75
1989-03-02,271.5,276,271.25,275.5
1989-03-03,276,278.25,274.75,278.25
1989-03-06,278.25,280,277.75,279.75
1989-03-07,283.5,283.5,281.25,282.5
1989-03-08,281.75,282,279,279.75
1989-03-09,279.25,282.5,279.25,281.75
1989-03-10,282,284.25,279,279.5
1989-03-13,279,281,278.25,280.75
1989-03-14,281.25,282.5,280.25,282
1989-03-15,282.25,282.5,281,282.25
1989-03-16,281.75,283,281.5,282.5
1989-03-17,283,283.25,281.5,282.25
1989-03-20,281.75,284.25,281.5,283.75
1989-03-21,283.75,284,280,280.25
1989-03-22,279.5,280,277,279.25
1989-03-23,279,279.5,277,277.75
1989-03-27,277.25,277.25,271,271.5
1989-03-28,273.5,274.25,272,273.75
1989-03-29,273.5,273.75,272.5,273.25
1989-03-30,273.5,273.5,264.5,265
1989-03-31,265.5,268.75,264.75,268.5
1989-04-03,263,263,258.5,259
1989-04-04,261.5,262.5,261,262
1989-04-05,261.5,265,261.5,264
1989-04-06,263.5,266,262.75,265.5
1989-04-07,266.5,266.75,264.75,266
1989-04-10,265.75,267.5,264.5,266.5
1989-04-11,266.25,266.5,264.75,265.5
1989-04-12,267,268,266.25,267.75
1989-04-13,267.75,268.75,266.75,268.75
1989-04-14,269.25,272.5,269,270.75
1989-04-17,271.75,280.75,271.5,276.75
1989-04-18,275,275.75,272.5,275.5
1989-04-19,276,276.75,269.5,273
1989-04-20,273,273.5,271.25,272.75
1989-04-21,275,277.5,274.25,275.25
1989-04-24,269.5,270.75,268.75,269
1989-04-25,268,268,263.75,264
1989-04-26,265.5,265.75,263.75,265.75
1989-04-27,267,269.5,267,268.75
1989-04-28,267,270,266.5,269.25
1989-05-01,271.5,274.25,271.5,274
1989-05-02,273.5,274.5,272.5,273.5
1989-05-03,274.5,276.25,273,276
1989-05-04,276.5,279,275,275.75
1989-05-05,274,277.75,273.5,277
1989-05-08,277,277.75,275,275.25
1989-05-09,276,276,272.75,274
1989-05-10,275,275.25,274,275
1989-05-11,274.25,274.5,272,272.5
1989-05-12,273,274.75,271.75,274.5
1989-05-15,275.25,276.5,275,276
1989-05-16,275.5,275.5,270,271.5
1989-05-17,271,271.25,268.5,270.5
1989-05-18,272.5,272.5,270.5,271.75
1989-05-19,271.25,272.5,270.25,271.75
1989-05-22,269.5,269.5,261.75,266
1989-05-23,266.5,267.5,264,265
1989-05-24,262.5,266.25,261.25,262
1989-05-25,262.5,265.25,261,264.75
1989-05-26,266,266.5,264,264.25
1989-05-30,260.5,262,258.5,261.75
1989-05-31,263.25,263.25,260.5,260.75
1989-06-01,259.5,260.5,256,260
1989-06-02,261.5,263,261.25,262.25
1989-06-05,261.25,265.5,260.25,264.75
1989-06-06,264.5,265,260.75,261.25
1989-06-07,260,260.5,256.75,257.25
1989-06-08,255.75,256.75,253,253.25
1989-06-09,253.5,255,251.5,251.75
1989-06-12,250,251.75,249,249.5
1989-06-13,250.25,253.5,249.75,252.5
1989-06-14,255,259.25,255,256.75
1989-06-15,257.5,259.75,255.75,259.25
1989-06-16,260.75,265,260,262.75
1989-06-19,268,272.75,268,272.25
1989-06-20,268,269,266,266.75
1989-06-21,266.5,270.25,264.5,265.5
1989-06-22,263,265,260.75,262.25
1989-06-23,263.5,263.5,260.5,262
1989-06-26,258,259.5,256.5,257.75
1989-06-27,259.5,263.25,258.75,262.75
1989-06-28,265,266.5,263.5,264.75
1989-06-29,264.5,264.75,263,264.5
1989-06-30,266,267,264.75,266.75
1989-07-03,269,272.5,267,272
1989-07-05,282,284,278.75,283.75
1989-07-06,276.5,277.75,270.5,271.25
1989-07-07,271.5,271.75,264.25,266.5
1989-07-10,265,265.5,254,254.5
1989-07-11,253,254.75,249,249.75
1989-07-12,248,251.5,246,248.5
1989-07-13,250.25,251,246,249
1989-07-14,249,252.5,248.5,252.25
1989-07-17,246.5,246.5,242.25,242.25
1989-07-18,237.5,239.25,234.5,238.25
1989-07-19,240,242.5,239.75,242
1989-07-20,241,243.25,239,240
1989-07-21,239.5,240.5,238.25,239.5
1989-07-24,238,238,229.5,230.75
1989-07-25,229.5,231,227.75,228.75
1989-07-26,230,231.75,228.5,229.5
1989-07-27,231.5,233,230.5,232.5
1989-07-28,233,233,228.75,229
1989-07-31,225,225,222.25,222.5
1989-08-01,222,224.5,220.25,222.5
1989-08-02,222.5,223,221,221.5
1989-08-03,220,220.5,217,217.25
1989-08-04,218.25,220.75,218.25,219.5
1989-08-07,221.25,227.25,221.25,224.75
1989-08-08,227.5,227.5,223.25,224.25
1989-08-09,222.5,224.25,222,223
1989-08-10,224.5,225.25,223.75,225
1989-08-11,235,235,231.5,234
1989-08-14,231.5,231.5,227.25,227.75
1989-08-15,230,234.5,230,234.25
1989-08-16,234,235.75,232.5,235
1989-08-17,234,236,233.5,235.75
1989-08-18,238,239,234.5,234.75
1989-08-21,232.5,237,231.75,234.75
1989-08-22,235,239,234,238.25
1989-08-23,237.75,239,235.5,236
1989-08-24,235.25,236,234,234.25
1989-08-25,233.75,234,232,232.75
1989-08-28,231.5,232.5,229.75,232.25
1989-08-29,233.5,234,231.25,232
1989-08-30,233,233,231.25,231.75
1989-08-31,232.5,235,232.25,234.5
1989-09-01,234.5,234.5,232.25,232.75
1989-09-05,232.25,233,231.5,232.25
1989-09-06,233,238,232.25,237.75
1989-09-07,238.25,240,237.5,238
1989-09-08,237.25,239.75,237.25,239.25
1989-09-11,239,240,238,238.25
1989-09-12,237.5,237.5,234.5,235
1989-09-13,235,235.5,229,229.5
1989-09-14,230,232.25,229,232
1989-09-15,232,232.75,229.5,230.25
1989-09-18,228.5,228.5,227.25,228
1989-09-19,227.25,228.5,226.5,227.25
1989-09-20,228,229.75,228,228.5
1989-09-21,229,232.5,228.75,231.5
1989-09-22,231.5,231.75,229,230
1989-09-25,229.75,230.75,228.5,230.5
1989-09-26,230.5,231.25,229.5,229.75
1989-09-27,229.75,229.75,228.25,228.75
1989-09-28,229.5,234.75,229.5,233.75
1989-09-29,232,234.5,231.5,233
1989-10-02,237,243,236,241.5
1989-10-03,240,241.75,238.25,240.5
1989-10-04,240.25,241.5,238.5,239
1989-10-05,239,244,237.75,243.25
1989-10-06,243,243,238.5,238.75
1989-10-09,238,238,234.75,235
1989-10-10,234.75,234.75,233,233.25
1989-10-11,234,235.25,233.25,235
1989-10-12,235.5,236,234.75,235.25
1989-10-13,234,236.5,233.5,234
1989-10-16,233,237,231.5,236.25
1989-10-17,237,239.25,237,238.75
1989-10-18,239.5,239.75,237.75,238.25
1989-10-19,245,246.5,242.5,244
1989-10-20,241.5,243,241,241.5
1989-10-23,242.5,242.5,240.25,241.25
1989-10-24,240.5,241,239.5,240
1989-10-25,240.75,243.75,240,242.25
1989-10-26,243.25,245.5,242.5,244.75
1989-10-27,243.75,243.75,241.25,241.75
1989-10-30,241,242.75,240.5,241
1989-10-31,241,241.25,237.25,237.5
1989-11-01,237,238.25,236.5,237.5
1989-11-02,239,241.5,239,240.5
1989-11-03,240,241.5,239.5,240
1989-11-06,240,240.25,238,238.25
1989-11-07,238.75,239.5,237.75,238
1989-11-08,238,238.25,237.5,238
1989-11-09,238,238,236.25,236.5
1989-11-10,237,242,236.5,238
1989-11-13,239,239.5,238,238.25
1989-11-14,238,240.25,237.5,240
1989-11-15,241.5,241.75,239,239.75
1989-11-16,239.75,241,239.25,240.25
1989-11-17,240.75,240.75,239.25,240
1989-11-20,239.75,239.75,237,237.25
1989-11-21,237.75,238.5,236.5,238
1989-11-22,238.5,239,237.5,238.5
1989-11-24,239,239.75,237.75,238
1989-11-27,237.5,237.5,233,233.25
1989-11-28,233.75,234.5,232.75,234.25
1989-11-29,234,235,233,234.75
1989-11-30,239,239.5,237.25,238.25
1989-12-01,238.25,238.25,234.25,234.5
1989-12-04,233.5,233.5,231.75,232.5
1989-12-05,238,239.5,237.5,239.25
1989-12-06,239.5,243,238.75,241
1989-12-07,240.5,241.5,239.75,241
1989-12-08,241,241,240,240.75
1989-12-11,241,242,239.75,240
1989-12-12,239.5,240,238.5,239.75
1989-12-13,240,241,239.5,241
1989-12-14,241.5,242,240.5,241
1989-12-15,241,241.75,240.25,240.75
1989-12-18,240.75,240.75,239,239.25
1989-12-19,238.5,239.25,238.5,238.75
1989-12-20,238.25,238.75,238,238.5
1989-12-21,238,239,238,238.75
1989-12-22,238.75,239,238.5,239
1989-12-26,238.5,238.75,238.25,238.5
1989-12-27,238.25,239,238.25,239
1989-12-28,238.75,240,238.5,240
1989-12-29,239.75,240,239.25,239.75
1990-01-02,239,239,237.5,237.75
1990-01-03,237.5,238.5,237,238.5
1990-01-04,238.75,239.5,237.75,238.25
1990-01-05,237.75,238.5,237.5,237.75
1990-01-08,238.25,239,237.5,239
1990-01-09,238.75,239,238,238.75
1990-01-10,238.5,238.5,237.5,238
1990-01-11,238,238.5,237.75,238.5
1990-01-12,242,244,241.25,242.25
1990-01-15,242.25,244.25,241.5,243.75
1990-01-16,243,243.25,242,242.5
1990-01-17,241.75,242.5,241.25,241.5
1990-01-18,241.5,242.25,241.25,242
1990-01-19,241.5,242,241.5,241.75
1990-01-22,241.5,241.5,240.25,240.5
1990-01-23,240.5,241,239.75,241
1990-01-24,240.75,241.75,240.25,240.75
1990-01-25,240.5,240.5,239,239.25
1990-01-26,239.25,239.5,238,238.25
1990-01-29,237.5,239.75,236,239.5
1990-01-30,239.75,239.75,238.25,238.5
1990-01-31,238.25,238.75,237.75,238.25
1990-02-01,238.5,238.5,237.25,237.5
1990-02-02,237.5,237.75,236.5,236.75
1990-02-05,236.5,237.25,236.25,236.5
1990-02-06,236.75,238.5,236.5,237.75
1990-02-07,238.5,239.5,238,239.25
1990-02-08,239.25,239.75,238.5,239
1990-02-09,239,240,238.5,239.5
1990-02-12,240.25,242.5,240.25,242
1990-02-13,241.25,242.75,241.25,241.75
1990-02-14,241.5,243,241.25,243
1990-02-15,243,244.25,242.5,242.75
1990-02-16,242.25,242.75,241,241.25
1990-02-20,241.25,241.75,240.5,241.5
1990-02-21,241.5,243.25,241,243
1990-02-22,242.75,246.75,242,245
1990-02-23,245.25,246.25,244.5,245.75
1990-02-26,245.25,246.25,245,246
1990-02-27,245.75,246,244.75,245
1990-02-28,244.5,247.25,244.5,247
1990-03-01,247.75,248.75,246,246.25
1990-03-02,246,246.25,245.25,245.75
1990-03-05,245.5,245.5,244.5,244.75
1990-03-06,244.5,245.5,243.75,244
1990-03-07,250.5,251.25,249,249.25
1990-03-08,249,250,248,249.5
1990-03-09,249.25,251.5,249,250.5
1990-03-12,250,254,249,253.75
1990-03-13,252.75,254,251.25,251.5
1990-03-14,250,251.5,249.5,250.75
1990-03-15,250,253.75,249.75,253.25
1990-03-16,253,254,252.5,253.75
1990-03-19,253.5,257.5,253.5,257
1990-03-20,258,259.5,255.75,259.25
1990-03-21,259,259.25,257,257.25
1990-03-22,257.5,260.75,256.75,258.75
1990-03-23,258,258.75,257.25,258.5
1990-03-26,257.75,261.5,257.25,260.75
1990-03-27,261,261.75,260.5,261.25
1990-03-28,260.75,261.25,258.75,259.25
1990-03-29,260,260.5,258.25,260
1990-03-30,260.25,261.5,260,261.25
1990-04-02,263,264.75,262.25,263.5
1990-04-03,263.5,266.5,262.75,266.5
1990-04-04,267.25,269,266.5,268.25
1990-04-05,268,270.25,267.5,270.25
1990-04-06,271.5,273,268,269.25
1990-04-09,269,270.25,268.25,269.5
1990-04-10,269.75,273,269.25,272.75
1990-04-11,274,274,270.5,271.25
1990-04-12,270.75,270.75,268.75,269.5
1990-04-16,268.75,272.5,267.5,272.25
1990-04-17,272,275,271.5,274
1990-04-18,274.5,275.5,273.5,273.75
1990-04-19,273.25,277.5,272.75,277
1990-04-20,277,279,276.25,277.25
1990-04-23,277,279.25,276.25,278
1990-04-24,277.25,277.5,275.5,276
1990-04-25,275.75,279,275.5,278.75
1990-04-26,279,281,277.75,280.75
1990-04-27,279.75,283,279,280
1990-04-30,280,281.5,278.75,281.25
1990-05-01,281.5,289.25,279.75,283.75
1990-05-02,284,288,282.75,287.75
1990-05-03,287.25,287.75,284,285.5
1990-05-04,288,288.5,285.5,287.25
1990-05-07,288.25,293.75,286.75,291.25
1990-05-08,293,293.25,288.5,289.5
1990-05-09,288,291.5,287.75,290.75
1990-05-10,291.5,293.25,290.5,291.75
1990-05-11,290.75,293.75,287,290
1990-05-14,289.75,291.75,287.5,290.75
1990-05-15,290.25,291,283.5,284.75
1990-05-16,284,284,280.5,282.25
1990-05-17,282,285.25,281.5,284.75
1990-05-18,285.5,285.75,281.5,282.25
1990-05-21,280.5,280.5,276.5,277
1990-05-22,277,278.25,274.25,274.75
1990-05-23,274,277,273.5,276.25
1990-05-24,277,281.25,277,280.5
1990-05-25,282,284.5,281.5,284
1990-05-29,285.5,286.5,282.5,284.25
1990-05-30,283.75,284,279.25,279.5
1990-05-31,278.25,279,275.5,278
1990-06-01,278.5,279,275.25,275.75
1990-06-04,274.5,274.5,271,273.75
1990-06-05,274.5,278.5,274.5,278.25
1990-06-06,279.25,282,278.5,279.75
1990-06-07,281,286,281,285.5
1990-06-08,289.5,290,284,284.75
1990-06-11,283,290,281.5,289.75
1990-06-12,290.25,292.75,289.75,292.25
1990-06-13,292.75,293.5,289.25,290.25
1990-06-14,288.75,288.75,282.5,287
1990-06-15,286.75,287.25,282,283
1990-06-18,281.75,287,280.5,286.5
1990-06-19,287.5,287.5,282.75,286.5
1990-06-20,288,289.75,284.5,285.25
1990-06-21,283.5,286,283.25,285
1990-06-22,285,285,281.5,282
1990-06-25,281,288,281,287
1990-06-26,285,286.5,284.5,285.75
1990-06-27,286,290,286,287
1990-06-28,287,298,287,295.25
1990-06-29,294,297,293,295.5
1990-07-02,297,302.25,295.25,296.25
1990-07-03,296,296.25,292.75,294.25
1990-07-05,290,290,285.25,286
1990-07-06,280.5,280.5,272,273
1990-07-09,274.5,275,271.5,274.5
1990-07-10,274.5,276.75,274,276
1990-07-11,275.5,275.5,270.75,272.75
1990-07-12,271.75,272.5,269.5,269.75
1990-07-13,271.25,271.75,269.25,270.75
1990-07-16,269.5,269.5,264.5,265.5
1990-07-17,263,267.5,263,263.25
1990-07-18,263.5,265,261.5,261.75
1990-07-19,262,262.75,260,260.75
1990-07-20,260,261,259,259.25
1990-07-23,258.5,264.5,255,264
1990-07-24,265.5,265.5,261,261.5
1990-07-25,261.5,262.5,260.25,260.75
1990-07-26,260.5,263.75,259.25,263.5
1990-07-27,266,266,261.25,262.5
1990-07-30,260.75,261.75,259.5,261
1990-07-31,261.75,262.75,259.25,260.25
1990-08-01,260.5,260.5,255.25,255.5
1990-08-02,255,256.5,252.5,252.75
1990-08-03,252,253.75,249.25,249.5
1990-08-06,248,254.5,248,254.25
1990-08-07,254.5,254.75,252.25,254
1990-08-08,253.75,253.75,251.75,252.25
1990-08-09,251.5,252.25,250,250.25
1990-08-10,252.5,254,249.75,250.25
1990-08-13,249.5,249.5,244,245.25
1990-08-14,244.25,245.5,243.75,245.5
1990-08-15,246.25,247.75,244.5,247.5
1990-08-16,248,250,247.5,249
1990-08-17,248.75,254,247.75,250.75
1990-08-20,251,254,251,252.25
1990-08-21,252,253.75,250.25,251.75
1990-08-22,252.5,254.75,251.5,253.75
1990-08-23,255,260,255,259
1990-08-24,258,260,257.25,257.75
1990-08-27,256,256.5,251.5,252
1990-08-28,251,254,251,253.75
1990-08-29,254.75,255.5,249.75,250
1990-08-30,249.25,249.5,245,245.25
1990-08-31,246,248,241.5,243.25
1990-09-04,243,243,239.5,240.75
1990-09-05,235,236.25,234.5,236
1990-09-06,237.25,237.75,236,237.75
1990-09-07,236,236,233.75,234
1990-09-10,232,235.75,230,234.25
1990-09-11,235,236,233.75,236
1990-09-12,235,235.25,234,234.25
1990-09-13,228,228,224.75,225.75
1990-09-14,225.75,226.5,223.75,224
1990-09-17,224,226,223.25,225.5
1990-09-18,225.75,227,225.25,226
1990-09-19,225,225.5,222,222.25
1990-09-20,221.5,226.5,221.5,223.75
1990-09-21,223,226.25,223,225.75
1990-09-24,224.5,228.75,222.5,228.75
1990-09-25,229,230,226.75,227.75
1990-09-26,227,229,226,228.25
1990-09-27,228.25,228.75,227.25,227.5
1990-09-28,227.5,228.25,227,228
1990-10-01,226.75,226.75,222.75,223
1990-10-02,223,226.25,222.75,225.25
1990-10-03,226.25,232,226.25,229
1990-10-04,229,231.5,229,230.75
1990-10-05,230.5,233.25,228.5,228.75
1990-10-08,229.75,234.25,229.25,234
1990-10-09,233.5,235,232.25,234.25
1990-10-10,233.75,236.5,232,235.5
1990-10-11,234.5,235.25,232.5,232.75
1990-10-12,234.5,234.75,230,230.25
1990-10-15,228.5,229.25,227,228
1990-10-16,228,229.25,226.5,226.75
1990-10-17,227,229.5,226.5,228.75
1990-10-18,229.5,229.75,227.75,228
1990-10-19,228,228.5,227.25,228.25
1990-10-22,228,231.5,227.5,230.25
1990-10-23,230,231.75,229.25,231.75
1990-10-24,232.5,234,231.75,233
1990-10-25,232,232,230.25,230.5
1990-10-26,229.25,229.5,227.5,227.75
1990-10-29,226.25,229.5,226.25,228.5
1990-10-30,229.25,232,228.75,231
1990-10-31,231.25,232,229,229.25
1990-11-01,229.25,232.25,229.25,229.75
1990-11-02,230.25,232,230,230.25
1990-11-05,229.75,231,229,230.75
1990-11-06,230.75,231.5,229.75,230.25
1990-11-07,230,230.5,229.25,230.25
1990-11-08,230.25,233.25,229.75,233
1990-11-09,232.75,235,230.5,231
1990-11-12,229.75,231,229.75,230.75
1990-11-13,231,232.25,230,230.25
1990-11-14,230,230,223.5,224
1990-11-15,225,225,221.75,222
1990-11-16,222.5,225.75,221.25,225
1990-11-19,225.5,228,225.5,227.5
1990-11-20,226.75,226.75,221.5,221.75
1990-11-21,222.5,224,219.75,220.5
1990-11-23,221.25,223.5,220.5,222.5
1990-11-26,223.25,223.25,218,218.75
1990-11-27,218.5,218.5,215.5,218.25
1990-11-28,218.5,220.5,218.5,220.5
1990-11-29,220.5,227,218.25,225
1990-11-30,226,229.25,224.75,227.75
1990-12-03,228,230.5,227.5,230.25
1990-12-04,231.5,231.5,227,228.25
1990-12-05,237.25,237.75,236.25,236.75
1990-12-06,235.75,237.75,235.25,237.25
1990-12-07,236.25,237.25,235.5,237
1990-12-10,237.25,238,236.75,238
1990-12-11,239,239.25,237.75,238.75
1990-12-12,239,240.75,237.75,239.25
1990-12-13,236,236.5,234.75,235.25
1990-12-14,235.5,237,234.75,236.5
1990-12-17,238,239.75,237.75,239.25
1990-12-18,238.5,239,237.75,238
1990-12-19,237,237.5,235,235.25
1990-12-20,234,235,233.25,234.5
1990-12-21,234.75,235,233.75,234
1990-12-24,233.5,233.75,232,233.25
1990-12-26,234,235,233.25,235
1990-12-27,234.75,235,232.75,233
1990-12-28,232.75,233.75,231.75,232.75
1990-12-31,232.75,233.25,231.5,231.75
1991-01-02,231.25,231.75,230.25,231.75
1991-01-03,232.25,233,231.75,232.25
1991-01-04,231.5,234.25,231.25,233.75
1991-01-07,233.75,236.25,233.25,235.5
1991-01-08,235.5,236,232.25,232.75
1991-01-09,232.5,232.75,230.75,231.75
1991-01-10,232,232.75,231.25,232.5
1991-01-11,232,232,230.5,230.75
1991-01-14,230.75,234,230.25,233.5
1991-01-15,234,235.25,233.25,234.75
1991-01-16,234.75,239,234.25,238.75
1991-01-17,235.75,242.5,235.5,240.25
1991-01-18,240.5,242.25,239,240.25
1991-01-21,240,240.75,239,240
1991-01-22,239.5,241.25,238.5,239.25
1991-01-23,238.75,240,238.25,238.5
1991-01-24,237.25,240,237,239.75
1991-01-25,239.75,242.75,239.5,242.5
1991-01-28,242,247,242,244.25
1991-01-29,243.5,246,243.25,245
1991-01-30,245,245.5,243.25,243.5
1991-01-31,243.25,244.75,242.75,244.25
1991-02-01,245,245.75,242.5,244
1991-02-04,243,244.75,242.5,244.75
1991-02-05,245,245.25,243,243.25
1991-02-06,242.75,243.25,241.5,241.75
1991-02-07,241,241.25,238.75,239.25
1991-02-08,239.5,240.75,238.75,240.25
1991-02-11,240.25,242.75,239.75,241.25
1991-02-12,238.75,239.5,237.5,238
1991-02-13,239,239.75,237.75,239.25
1991-02-14,239,240,238.25,238.75
1991-02-15,239,239.75,238.25,239.5
1991-02-19,239.5,240.5,239.5,239.75
1991-02-20,240,240,238.5,239
1991-02-21,239,239.75,238.25,238.75
1991-02-22,238.75,238.75,238,238.25
1991-02-25,238.5,239.5,238.5,239.5
1991-02-26,240,241.5,240,240.5
1991-02-27,240.5,240.75,239.5,239.75
1991-02-28,239.5,241.5,239.25,241.25
1991-03-01,242,244.5,241,244
1991-03-04,245,247.5,244,246
1991-03-05,255.5,256.75,254.75,256.5
1991-03-06,257.5,258,255.5,256
1991-03-07,255.5,255.75,254.75,255.5
1991-03-08,255.75,257,255.75,257
1991-03-11,257.5,257.5,254,254.5
1991-03-12,254.5,259.75,252.75,258.25
1991-03-13,257.75,259.25,257,258.5
1991-03-14,257,258,256.5,256.75
1991-03-15,256,256.25,249,249.75
1991-03-18,248.5,250.25,246.75,249
1991-03-19,250.25,252,249.25,251.5
1991-03-20,252,253.5,250.75,251.75
1991-03-21,251,254.5,250.75,252.75
1991-03-22,253.75,254.25,252,253.75
1991-03-25,253.5,254,252.25,253
1991-03-26,252.75,252.75,250,250.25
1991-03-27,249.75,251.5,249.5,251
1991-03-28,251.75,253,251.5,252.75
1991-04-01,255,258,254.75,257.25
1991-04-02,256.5,257.5,256,256.5
1991-04-03,256.25,259.5,256.25,257
1991-04-04,256.75,257.25,256,257
1991-04-05,256.75,259,256.25,258.25
1991-04-08,258.75,261.25,258.75,259
1991-04-09,259,259,254.75,255
1991-04-10,255,257.25,254.5,256.75
1991-04-11,256,258.25,254.5,257.25
1991-04-12,258.25,259.25,257.25,258.75
1991-04-15,259.75,261,256.5,257
1991-04-16,256.5,257.5,256,256.75
1991-04-17,257,258,253.75,254
1991-04-18,254.75,254.75,253.25,254
1991-04-19,254.5,257,254,256.75
1991-04-22,257,258,254.25,255
1991-04-23,255,256.75,254,256.5
1991-04-24,257,257.75,255,255.5
1991-04-25,255,256.5,254.5,255.75
1991-04-26,255.25,255.5,253,253.25
1991-04-29,252,252,248,248.25
1991-04-30,249,249,246.25,246.5
1991-05-01,246.75,247.5,244.5,244.75
1991-05-02,245.25,246.25,243.75,245.25
1991-05-03,245.25,247,245,245.75
1991-05-06,247,247.75,246.25,247.25
1991-05-07,255.75,255.75,253.25,253.75
1991-05-08,252,252,248.75,249
1991-05-09,249,250.5,248.75,249.75
1991-05-10,248.75,249.5,246,246.5
1991-05-13,244.75,245.75,244,245.25
1991-05-14,245.75,247.5,244,247.25
1991-05-15,248,248.5,245,245.5
1991-05-16,246.5,247.5,245.5,246.5
1991-05-17,247,247.75,245.5,246
1991-05-20,246.5,247.5,245.75,247.5
1991-05-21,247,251,247,250.75
1991-05-22,250.75,252.5,249,249.75
1991-05-23,249.25,251.25,248.25,251
1991-05-24,251,252.25,248.75,250.25
1991-05-28,248,249.5,243.25,246.75
1991-05-29,247,247.5,244.5,245
1991-05-30,244,244.75,242.75,243.5
1991-05-31,244.5,246.75,244,245.75
1991-06-03,247.25,250.25,247.25,249.75
1991-06-04,249,249.5,246.5,246.75
1991-06-05,246,246.75,245.25,245.75
1991-06-06,245.5,248.25,244.25,245
1991-06-07,245,246.25,243,245.75
1991-06-10,245.25,245.75,238,238.75
1991-06-11,238.25,239.25,235.5,236.75
1991-06-12,243,245,238.5,238.75
1991-06-13,237.75,241,237.75,240.75
1991-06-14,240.75,242,240.5,241.75
1991-06-17,241,241.25,237.25,238.25
1991-06-18,239,239.25,237.25,237.75
1991-06-19,239,241.5,238.5,241.25
1991-06-20,242.5,242.5,238.5,239
1991-06-21,238.25,239,234.25,234.75
1991-06-24,235,237.5,235,237.25
1991-06-25,238,238.5,236,237.5
1991-06-26,237.5,239.75,236.75,237.25
1991-06-27,235.5,236.25,231.25,231.75
1991-06-28,227.75,228,223,225
1991-07-01,228,231.5,226.5,231.25
1991-07-02,234.5,237.25,228.5,232.75
1991-07-03,232.75,235,231.25,234.5
1991-07-05,233.5,234.25,230,231
1991-07-08,224.5,226,219,219.5
1991-07-09,220,222.5,219,220.5
1991-07-10,219.5,224.25,218.5,223
1991-07-11,221.5,223.25,221,221.25
1991-07-12,222,225.25,222,224.25
1991-07-15,227,229,226,228
1991-07-16,232,238,231.5,238
1991-07-17,239.5,244.5,237.75,238.75
1991-07-18,236,236,230.25,232
1991-07-19,230,232,228.25,229
1991-07-22,232,238.5,232,236.75
1991-07-23,246.75,246.75,244.75,246.75
1991-07-24,246,246.5,241.5,244.75
1991-07-25,246,250.25,245,245.75
1991-07-26,245,249.75,244.5,249.5
1991-07-29,259.5,259.5,255,256.75
1991-07-30,255.5,256.5,253,253.5
1991-07-31,251.75,259.75,250.75,258
1991-08-01,260.25,266,260.25,262.5
1991-08-02,263,264.75,260.5,262.25
1991-08-05,258,258,252.25,252.25
1991-08-06,247.5,253,244,252.5
1991-08-07,254.5,254.5,247.5,248.5
1991-08-08,245,251.25,245,250
1991-08-09,252.25,253,250.5,250.75
1991-08-12,251.5,253,250.5,253
1991-08-13,251.5,253.25,248.75,251.25
1991-08-14,252.25,253.5,243,243.5
1991-08-15,244,246.75,241.75,246.5
1991-08-16,247,249.5,245.75,247.5
1991-08-19,237.5,238.5,237.5,237.5
1991-08-20,237,237.75,232,233.5
1991-08-21,243.5,243.5,243.5,243.5
1991-08-22,246.5,251,245.75,250.5
1991-08-23,249,250,248.25,249.5
1991-08-26,253.5,257,250.25,254.5
1991-08-27,254,254.25,251.5,251.75
1991-08-28,250.75,253.75,249.75,250
1991-08-29,249,249.25,246.75,247
1991-08-30,248.25,249.5,248.25,249
1991-09-03,249,250.75,248.5,249
1991-09-04,248.5,249,246.25,248.75
1991-09-05,253.5,254,252.5,252.75
1991-09-06,251.5,252.5,250.5,251
1991-09-09,250,252.5,249.5,250.25
1991-09-10,249.25,250.5,249,249.75
1991-09-11,251,253,250.5,252.25
1991-09-12,253.75,256.75,253.75,255.25
1991-09-13,256.5,258,253.5,254
1991-09-16,255.25,257,255,255.5
1991-09-17,256.75,256.75,254,255
1991-09-18,256,257.25,254.25,257
1991-09-19,254.5,255.25,253.25,253.5
1991-09-20,256.25,256.25,249.5,250
1991-09-23,248.5,249.25,248,248.75
1991-09-24,249.5,250.5,248.25,248.5
1991-09-25,250.25,250.5,247,247.25
1991-09-26,246,246.75,245.25,245.5
1991-09-27,245,246.75,244.75,246.25
1991-09-30,245.5,250.25,245.5,249.25
1991-10-01,251.5,255,250,254.75
1991-10-02,255.5,255.5,253.25,253.75
1991-10-03,253.25,253.25,251,251.25
1991-10-04,251.75,254.5,251.25,253.75
1991-10-07,251.5,252.75,249.75,252.25
1991-10-08,251.5,251.5,249.25,249.5
1991-10-09,248.25,250,248.25,248.75
1991-10-10,248.25,250,248.25,249.75
1991-10-11,244,250,242,249
1991-10-14,247.5,249.5,247.25,248.25
1991-10-15,248,248,246,246.25
1991-10-16,245.75,247.5,245,246
1991-10-17,247.25,249.25,246.75,248
1991-10-18,247.75,252,247,251.25
1991-10-21,251.75,252.75,250.25,250.5
1991-10-22,250,255,249.5,254.25
1991-10-23,252.5,255.75,252.5,252.75
1991-10-24,252.25,253.75,251.75,253.5
1991-10-25,252.5,253.5,250.25,250.5
1991-10-28,249.5,251.75,248.5,250.5
1991-10-29,250.25,254,249.75,253.25
1991-10-30,253.25,253.5,251,251.25
1991-10-31,252,254.5,250.75,251
1991-11-01,251,255,251,254
1991-11-04,254.25,254.25,249.5,251.75
1991-11-05,252,252.25,249,249.25
1991-11-06,247.5,248,245.75,246.5
1991-11-07,246,246.5,244.25,245
1991-11-08,246,246.25,244.5,245
1991-11-11,244.5,245,242.5,243
1991-11-12,243.25,244,242.75,243.25
1991-11-13,244.75,246,244,246
1991-11-14,245,245.75,243,244.25
1991-11-15,243.75,243.75,239.5,239.75
1991-11-18,238.5,242.5,237.75,242.25
1991-11-19,242.25,242.75,239.25,239.75
1991-11-20,240,244.25,240,241.75
1991-11-21,241.25,243.25,240.75,241.25
1991-11-22,241.25,242,240.25,240.5
1991-11-25,240,240.75,238.75,239.5
1991-11-26,239,240.25,238.75,239
1991-11-27,239,239.75,238.25,238.5
1991-11-29,239.5,240,238.5,238.75
1991-12-02,238.75,242.25,238.75,242.25
1991-12-03,243.5,243.5,238.5,238.75
1991-12-04,238,240,237.25,239.5
1991-12-05,249,250,247.75,248
1991-12-06,247.75,249,246.25,246.5
1991-12-09,245.75,247.75,245.5,247.5
1991-12-10,248,248.5,246.5,246.75
1991-12-11,246.75,247.25,245.75,247
1991-12-12,248.5,248.5,247,247.75
1991-12-13,248,254.75,247.5,252.75
1991-12-16,251.75,253.75,251.25,253.5
1991-12-17,252.75,254.5,252.25,253.25
1991-12-18,253,256.5,252.5,256
1991-12-19,255.75,256.25,253,253.25
1991-12-20,253,254,252.25,253.75
1991-12-23,253.5,255,253,254.75
1991-12-24,254.5,254.75,253.5,254
1991-12-26,254.75,255.5,254,255
1991-12-27,255,255.5,254,254.25
1991-12-30,253.75,253.75,251.25,251.75
1991-12-31,251,252.25,251,251.5
1992-01-02,251.25,252,250.25,250.5
1992-01-03,250,250.75,248.5,248.75
1992-01-06,248.5,251,248,249.75
1992-01-07,249.75,250.25,249,250
1992-01-08,250,253.25,249.75,253
1992-01-09,252.5,254.25,250.5,252.75
1992-01-10,251.75,253.25,251.75,252.75
1992-01-13,253.75,256.5,253.5,256.25
1992-01-14,260,261,257.5,259.25
1992-01-15,258.5,262.25,257.25,261.75
1992-01-16,261.5,261.75,258.75,259
1992-01-17,259,261.25,258.5,259.5
1992-01-20,259.5,261.5,259.25,261.25
1992-01-21,260.75,261,258.75,259.5
1992-01-22,260.25,261,259.25,260.75
1992-01-23,260.25,261.75,259.5,261
1992-01-24,261.25,264,260.25,263.75
1992-01-27,262.5,263.75,261.75,262
1992-01-28,261.5,264.5,261,264.25
1992-01-29,264.75,265,263,263.25
1992-01-30,263,264.75,260.5,263.5
1992-01-31,264,264.25,262,264.25
1992-02-03,263,268,262.75,267.75
1992-02-04,268.25,269,266.5,268.25
1992-02-05,268,268.75,266.25,267
1992-02-06,266.75,267.5,265.25,265.5
1992-02-07,265.5,265.75,264.25,264.75
1992-02-10,264.25,271.25,264,270.5
1992-02-11,269.5,270.5,261,261.75
1992-02-12,262,264.75,260.75,264.25
1992-02-13,263.5,264.5,262,263
1992-02-14,262.75,263.25,259.75,262.5
1992-02-18,262.5,264,262,263.75
1992-02-19,263.75,265.5,261,264.5
1992-02-20,265,265,263.25,264.25
1992-02-21,265,265,263,263.75
1992-02-24,263,264.75,262.75,263.5
1992-02-25,263.5,264,262.25,262.75
1992-02-26,261.75,263.25,260.75,261.25
1992-02-27,261.25,262,260,261.75
1992-02-28,263,265,261,264.75
1992-03-02,265,267.25,264.25,267
1992-03-03,267.5,267.75,265.75,267
1992-03-04,266.75,268,266.25,267.5
1992-03-05,268,268.75,266,267
1992-03-06,274.75,277,274.75,275.75
1992-03-09,275.75,279,275.25,278.75
1992-03-10,279.75,279.75,274.75,276
1992-03-11,275.25,275.5,272.75,275.5
1992-03-12,275.25,275.5,273.5,273.75
1992-03-13,273.5,275,270.25,271.5
1992-03-16,271.25,272,269,269.25
1992-03-17,269.75,272,269.5,270
1992-03-18,271,272.25,270.5,271.5
1992-03-19,271.5,271.75,269.5,271
1992-03-20,272,274.25,270,270.25
1992-03-23,270.5,271.5,269,271.25
1992-03-24,271.5,272,271,271.5
1992-03-25,271.25,271.25,269,270.25
1992-03-26,270.75,271.75,268.75,271.5
1992-03-27,271,271.25,269.25,270
1992-03-30,270.25,270.25,266,266.5
1992-03-31,266.25,266.75,264,264.25
1992-04-01,265,265,259.75,260
1992-04-02,259.75,260.75,259,259.25
1992-04-03,259.25,260.5,259,260.25
1992-04-06,260.25,262,260,262
1992-04-07,262.5,262.75,256.25,257.25
1992-04-08,256,256.5,252.75,253
1992-04-09,253.25,254.5,252.5,253.5
1992-04-10,253.25,254.5,252.75,253.5
1992-04-15,253,253.75,252.25,253.25
1992-04-16,254.25,254.25,252.75,253.5
1992-04-20,253.75,255.5,253,255.25
1992-04-21,256,256.5,255.25,256.5
1992-04-22,256.5,256.5,250.5,251.25
1992-04-23,251,252.5,250.5,252
1992-04-24,252,252.25,248,249.5
1992-04-27,249,249.75,246.75,247
1992-04-28,247,248.5,245.75,246
1992-04-29,245.75,246,244.25,244.5
1992-04-30,245,246.75,243.75,244
1992-05-01,243.75,249.25,243.5,247.75
1992-05-04,248.25,257,248.25,253.25
1992-05-05,257.75,259.25,256.75,257.75
1992-05-06,258.25,260.25,256.75,260
1992-05-07,261,264,260,263.25
1992-05-08,262.5,262.5,258.25,261.25
1992-05-11,259,259.75,257.5,258
1992-05-12,259.25,260,257.25,259.5
1992-05-13,260.5,264.25,259.5,261
1992-05-14,258.5,263.5,258.5,263.25
1992-05-15,263,267.25,260.5,261.75
1992-05-18,261.25,262.5,259.75,262.25
1992-05-19,260,260,253.5,254.25
1992-05-20,254.5,255.5,253,255
1992-05-21,254,254,251.5,252.25
1992-05-22,252.75,254,252,253
1992-05-26,252.75,256.5,252.25,256.25
1992-05-27,255.75,264,255.25,259
1992-05-28,258.75,260.25,256.5,257
1992-05-29,258,261.5,258,259.5
1992-06-01,265,266.5,258,258.75
1992-06-02,262.75,263.25,260,263
1992-06-03,261.5,263.75,260.5,262.75
1992-06-04,261.75,263.75,261.5,262.75
1992-06-05,259.75,260.25,257.5,258.75
1992-06-08,259.5,263.75,259.5,263.5
1992-06-09,265,266,262.75,264
1992-06-10,263.25,264,262.25,263.75
1992-06-11,264.5,264.5,260.5,261.75
1992-06-12,260.25,260.25,259,259.25
1992-06-15,256,256,247.25,247.5
1992-06-16,249,251.5,249,249.75
1992-06-17,253.25,254.25,250.25,251.5
1992-06-18,249.5,250.5,248.5,249.75
1992-06-19,251,251.5,249.5,251.25
1992-06-22,251,251,247.75,248
1992-06-23,246.5,251.5,246,251.25
1992-06-24,251.25,252.25,248.25,249.75
1992-06-25,251,254,251,253.5
1992-06-26,255,255.25,253.5,254
1992-06-29,251,251.5,248,250.5
1992-06-30,249.5,250.5,248,248.25
1992-07-01,248,254,246.5,252.5
1992-07-02,252,252.75,248.5,249.75
1992-07-06,245,245,241.25,243.5
1992-07-07,243,244.25,242.25,243.75
1992-07-08,244.25,244.25,241,242
1992-07-09,241.75,242,240.75,241.25
1992-07-10,241.25,242.5,241,241.25
1992-07-13,240,240,236,237.75
1992-07-14,237.75,237.75,233.75,234
1992-07-15,233,233.25,231.5,232.25
1992-07-16,231.5,233,230.25,230.75
1992-07-17,230.5,232.75,228.75,229
1992-07-20,228.25,228.5,225.25,226.5
1992-07-21,227,227.75,226.25,227
1992-07-22,227,227.5,225.5,225.75
1992-07-23,225.5,225.75,223.25,223.5
1992-07-24,223,223.25,220.75,221
1992-07-27,220.5,223,219.75,222.25
1992-07-28,223,224.75,223,223.25
1992-07-29,224.25,225.25,223,223.75
1992-07-30,224,225,221.5,221.75
1992-07-31,221.75,222,220,220.25
1992-08-03,219.75,220.25,218.5,219.5
1992-08-04,220.25,220.75,218.5,219.25
1992-08-05,218.75,219.5,217.5,217.75
1992-08-06,217.25,217.5,215.5,215.75
1992-08-07,213.5,214,212,212.25
1992-08-10,211.5,214.25,211.5,213.75
1992-08-11,215,216.75,214.75,216.5
1992-08-12,217,217,214.5,214.75
1992-08-13,215,218,214.75,217.75
1992-08-14,218.75,219.75,217,219.5
1992-08-17,219.25,223.5,219,223.25
1992-08-18,221.5,221.5,218.25,220
1992-08-19,219.5,220,217.5,218.25
1992-08-20,219.5,222.25,219,220
1992-08-21,221,223,219.75,222.75
1992-08-24,222.75,225,221.75,224.75
1992-08-25,226,227.25,225,226.25
1992-08-26,225.75,225.75,224.25,224.5
1992-08-27,223.5,223.75,220.75,221
1992-08-28,220,220.25,216.25,217
1992-08-31,216.5,219,215.25,218.75
1992-09-01,220,221.25,218.5,220.75
1992-09-02,223.5,223.75,220.5,223.5
1992-09-03,223.5,227,223,225.25
1992-09-04,225,226,223.75,225.75
1992-09-08,223.75,226.75,222.75,226
1992-09-09,225,225,221.5,222
1992-09-10,220.5,220.5,218.5,218.75
1992-09-11,218.75,220.75,216.75,218.75
1992-09-14,218,218,216,217.5
1992-09-15,220.5,222,219.25,221
1992-09-16,219,220.75,217.75,220.5
1992-09-17,221,221.25,217,217.25
1992-09-18,216.5,217,215.5,216
1992-09-21,215.5,216.5,215,216.25
1992-09-22,216.75,217,214,214.5
1992-09-23,213.75,214.5,212.75,213
1992-09-24,213.5,216.75,213.5,215.25
1992-09-25,216,217.75,215.25,216.25
1992-09-28,214.75,214.75,213.25,213.5
1992-09-29,213.75,216,213,215.5
1992-09-30,215.25,217,215,215.25
1992-10-01,214.5,214.5,213.25,213.75
1992-10-02,213.25,213.25,211,211.25
1992-10-05,209.5,211,209.25,210.25
1992-10-06,210.25,211.75,209.75,210.75
1992-10-07,211,212,210.5,210.75
1992-10-08,210.25,210.25,208.75,209
1992-10-09,209.5,210.25,208,208.25
1992-10-12,208.25,210.25,208,209.75
1992-10-13,210.5,210.5,209,210.25
1992-10-14,210.75,212.5,210.5,212
1992-10-15,211.75,212.5,209.75,210
1992-10-16,209.25,209.25,207.5,207.75
1992-10-19,206.75,209,206.75,208
1992-10-20,207.75,211.75,207.75,210.25
1992-10-21,210.25,210.5,207.5,207.75
1992-10-22,207.25,209.75,206.75,209.25
1992-10-23,208.5,208.5,206.5,206.75
1992-10-26,205.75,206.5,205.25,205.5
1992-10-27,205.75,206.75,205,205.5
1992-10-28,205.5,205.75,204.75,205
1992-10-29,205.25,207,205.25,206.75
1992-10-30,207.5,208.25,206.75,207.25
1992-11-02,208,213.5,208,211.25
1992-11-03,211.5,211.75,209.75,211
1992-11-04,208.75,210,207.5,207.75
1992-11-05,206.5,207.75,206,206.5
1992-11-06,206.75,209,206.75,208
1992-11-09,207.75,208,206,206.5
1992-11-10,206.5,207,206,206.5
1992-11-11,205.5,209.5,204.5,208.75
1992-11-12,208.5,210.75,208,210.25
1992-11-13,210,212.75,209.25,212.5
1992-11-16,212.5,212.5,210.5,211
1992-11-17,211,216.75,211,215.75
1992-11-18,216.25,217.25,214.75,215.25
1992-11-19,215.75,218,215.5,217.25
1992-11-20,217.75,217.75,213.5,213.75
1992-11-23,213.5,218,213.5,217.25
1992-11-24,217,217.75,215.25,216.5
1992-11-25,216,216.25,215,215.25
1992-11-27,214.25,214.5,212.75,213
1992-11-30,212.25,213.75,212.25,212.5
1992-12-01,212,212,210.5,210.75
1992-12-02,211,212.25,210,210.25
1992-12-03,210.75,212.5,210,211.75
1992-12-04,212,212,210.5,210.75
1992-12-07,219,220.75,218.5,218.75
1992-12-08,218.5,219.5,218.25,218.75
1992-12-09,219,220.5,218.75,219
1992-12-10,219,220,218.5,219.75
1992-12-11,219.75,222.5,219.75,222
1992-12-14,222,223,221.75,222.25
1992-12-15,222,222.75,221.75,222.5
1992-12-16,222,222.25,221.25,221.75
1992-12-17,221.5,222,220.25,220.5
1992-12-18,219.75,220.25,219,219.5
1992-12-21,219.25,219.5,218.5,219
1992-12-22,218.75,219,218.5,219
1992-12-23,219,220,218.75,219.75
1992-12-24,220,220.25,219.5,219.75
1992-12-28,220,220.25,219,219.25
1992-12-29,218.75,218.75,217.25,217.5
1992-12-30,217.25,217.5,216,216.25
1992-12-31,216.5,217,216,216.5
1993-01-04,216,216.5,215.5,215.75
1993-01-05,216,217.5,215.5,216.75
1993-01-06,217.25,218,216.75,217.75
1993-01-07,218.5,219,218,218.5
1993-01-08,218.5,218.75,218,218.5
1993-01-11,218,218.75,218,218.5
1993-01-12,218.5,222,218.5,221.25
1993-01-13,219,219.5,218.25,218.5
1993-01-14,218.5,219.25,217.25,217.5
1993-01-15,217,217.5,216.5,217
1993-01-18,217,218.25,216.5,218
1993-01-19,218.5,220,218.5,219.75
1993-01-20,219.5,219.5,218.25,218.5
1993-01-21,218.25,219.25,217.75,218.5
1993-01-22,218.5,218.75,218,218.5
1993-01-25,218,218,217,217.25
1993-01-26,217,217.5,216.25,216.5
1993-01-27,216.5,217,216.25,216.75
1993-01-28,217,217,214.75,215
1993-01-29,215,215.5,214,214.5
1993-02-01,214,214.25,213,213.5
1993-02-02,213.75,214.5,212.5,212.75
1993-02-03,212.75,213.5,212,213
1993-02-04,213.5,213.75,212.25,212.5
1993-02-05,212.25,213,211.75,212
1993-02-08,211.5,211.75,211,211.75
1993-02-09,212.25,214,212,213.5
1993-02-10,214,214.25,212.75,213.5
1993-02-11,213,214,212.25,212.5
1993-02-12,212.25,212.5,211.75,212.25
1993-02-16,212.25,212.75,211.75,212
1993-02-17,212,213.25,211.75,212.5
1993-02-18,212.5,214,212.5,212.75
1993-02-19,213,213,212.5,212.75
1993-02-22,212.5,213,211.5,211.75
1993-02-23,211.5,212.5,211.5,211.75
1993-02-24,211.75,212.5,211.75,211.75
1993-02-25,211.75,211.75,210,210.25
1993-02-26,210.5,211.5,210.25,211.25
1993-03-01,211.25,214.25,210.5,213.5
1993-03-02,213.25,214,212.5,213.5
1993-03-03,212.75,213.5,212.5,213.5
1993-03-04,213.25,214.75,213.25,214.5
1993-03-05,214.75,215,213.25,213.75
1993-03-08,220.75,221.5,220.5,221
1993-03-09,220.75,221.25,220.5,220.75
1993-03-10,220.5,222.75,220.25,222.25
1993-03-11,221.5,222,220.75,221
1993-03-12,220.75,221.5,219.25,219.5
1993-03-15,219.5,221.5,219.5,220.25
1993-03-16,221,222.25,220.75,221
1993-03-17,221.25,224.5,221.25,223.25
1993-03-18,224,225.25,223.75,225
1993-03-19,224.75,226,224,225.75
1993-03-22,224.5,225.75,224,224.75
1993-03-23,224.75,229.25,224.75,227.5
1993-03-24,227.25,229,226.75,228.75
1993-03-25,229.25,231,227.5,228.75
1993-03-26,229,229.25,228,228.75
1993-03-29,229.25,230.5,228.25,230.25
1993-03-30,230.25,231,229.25,230.25
1993-03-31,230,230.5,229.5,230.25
1993-04-01,230.5,231.5,229.75,230
1993-04-02,230,231,229.5,230.75
1993-04-05,230.25,230.25,228.75,229.75
1993-04-06,229.25,230,228.75,229.25
1993-04-07,229.25,231.75,228.25,231.5
1993-04-08,231.75,232.5,231,231.75
1993-04-12,232.25,233.25,231.75,233
1993-04-13,233.5,233.5,232.5,233
1993-04-14,232.5,232.5,229.75,231
1993-04-15,232.5,233,231.25,231.75
1993-04-16,231.25,231.75,227,227.75
1993-04-19,228,230,228,229.5
1993-04-20,230.5,231.5,230.25,231.25
1993-04-21,230.25,230.25,227.5,228
1993-04-22,227,227,225.5,226.25
1993-04-23,226.25,227,223.75,224.25
1993-04-26,224,226,223.75,225.5
1993-04-27,225.5,225.75,222.5,223
1993-04-28,223.5,223.75,222.5,223.25
1993-04-29,223.75,224.5,223.5,224.25
1993-04-30,226,228.75,226,228
1993-05-03,229.5,230,227,228.75
1993-05-04,228.75,229.25,227,227.75
1993-05-05,230,231,229.25,230.25
1993-05-06,229.75,231.75,229.75,231.5
1993-05-07,231.75,232,230,230.25
1993-05-10,228.5,228.5,226,227.5
1993-05-11,228.25,229.5,227.5,229
1993-05-12,229.75,233,229.75,232.75
1993-05-13,233.5,233.5,229.5,229.75
1993-05-14,228.25,229.25,228.25,228.75
1993-05-17,228,228,226,227.25
1993-05-18,227.75,229.5,227.5,229.25
1993-05-19,229.75,230.75,225.5,226.25
1993-05-20,226.75,230,226.75,228.25
1993-05-21,228,229,226.75,228.25
1993-05-24,227.75,227.75,226.25,227.25
1993-05-25,226.25,226.75,224,224.75
1993-05-26,225,227,223.5,226
1993-05-27,226,226,224.25,224.5
1993-05-28,224,224.75,223.5,224.5
1993-06-01,223.75,223.75,218.75,219.5
1993-06-02,219.75,220.25,218.75,219.25
1993-06-03,220,221,218.5,219
1993-06-04,219,219.75,216,219.25
1993-06-07,220,222.25,220,222
1993-06-08,223,223.25,220,220.25
1993-06-09,219.75,220.5,219,219.25
1993-06-10,219,219.5,217.25,217.5
1993-06-11,217.5,218.25,214.75,215
1993-06-14,214.25,216.25,213.75,214.5
1993-06-15,214.75,215.5,212.5,212.75
1993-06-16,212.5,213.75,211.5,213.5
1993-06-17,214.25,216.75,214.25,215
1993-06-18,214.5,216.75,214.5,216.25
1993-06-21,216.75,221.75,216.75,218
1993-06-22,216.75,219.25,215.75,218.5
1993-06-23,220.75,221,219,219.75
1993-06-24,220,220.5,218.25,220
1993-06-25,220,220,218.5,219
1993-06-28,219,220,218.75,219
1993-06-29,218.5,219.75,217.5,217.75
1993-06-30,219.5,224.75,218.75,222.75
1993-07-01,223.5,232.5,223,231
1993-07-02,232,235,230.75,231.5
1993-07-06,235.5,242.5,235.5,240.5
1993-07-07,251,251,242.5,247.75
1993-07-08,247,247.5,242.25,242.75
1993-07-09,248,250,239.5,241.5
1993-07-12,242,242,229.5,236
1993-07-13,236,238.75,232.5,235.25
1993-07-14,234.5,237.5,233,237.25
1993-07-15,240.5,242.5,235,235.25
1993-07-16,234.75,242,234,241.25
1993-07-19,247,248,241,243
1993-07-20,241.5,244.25,240.25,241.75
1993-07-21,243.5,243.5,238.75,240.5
1993-07-22,239.75,242.75,239.75,242.5
1993-07-23,244.5,246.5,243.5,244
1993-07-26,241.5,244,238,243.5
1993-07-27,243.5,245.5,241,244.5
1993-07-28,243.5,244.25,240.25,241.25
1993-07-29,240.25,241,238.75,239
1993-07-30,238.5,239.25,235.5,235.75
1993-08-02,237,240.5,235,240
1993-08-03,239.75,241.5,239,241.25
1993-08-04,241.5,242.25,239.5,241
1993-08-05,240.5,241.5,238.5,239.25
1993-08-06,239.75,241.75,236,241
1993-08-09,240.25,240.75,236.25,236.5
1993-08-10,236.5,239,236.25,238.75
1993-08-11,238.5,241.25,237.75,240.75
1993-08-12,243,243.5,236,237.75
1993-08-13,238.25,240.75,237.25,238.75
1993-08-16,238,238.75,236,236.5
1993-08-17,236.75,238.25,236,238
1993-08-18,238.5,239.5,236.25,236.5
1993-08-19,236.75,239.5,235.75,237.75
1993-08-20,237,239,236,236.75
1993-08-23,237.25,239,237.25,238.5
1993-08-24,239,239.5,237,237.25
1993-08-25,236.75,238,236.5,236.75
1993-08-26,236.5,237,232.25,233
1993-08-27,233,234.5,230.75,234
1993-08-30,234,234.5,231.25,231.75
1993-08-31,232,232.75,228,229.75
1993-09-01,229.75,229.75,225.25,225.5
1993-09-02,226.5,228,226.25,227
1993-09-03,228.25,229.75,226.5,229.5
1993-09-07,237.75,237.75,232.5,233
1993-09-08,234.25,237,233.75,234.5
1993-09-09,235,236,234.75,235.75
1993-09-10,235.75,238,234.75,235
1993-09-13,236.5,239,236,238.75
1993-09-14,237.75,239.5,236.5,236.75
1993-09-15,236.75,239.5,234.75,238.75
1993-09-16,238.25,239.5,237,238.5
1993-09-17,240,244.5,240,243.75
1993-09-20,242,244.5,240.75,244.25
1993-09-21,245,246.25,241.5,242.75
1993-09-22,243,246.75,243,246
1993-09-23,248.5,249.25,247,248.75
1993-09-24,248.5,249,247.75,248.75
1993-09-27,249.5,250.5,245.5,246.25
1993-09-28,245,245.75,242.75,243.25
1993-09-29,242,242.5,239.75,240.75
1993-09-30,242.5,245,242,244.75
1993-10-01,243.75,244,239.5,242.75
1993-10-04,239.75,240.25,236.75,237
1993-10-05,237.75,238.5,236.25,236.5
1993-10-06,238.25,239.25,237.5,238.25
1993-10-07,238.25,242,238.25,241.5
1993-10-08,242.25,243,240.5,241.75
1993-10-11,242.5,244.75,242.25,244.5
1993-10-12,245,245.25,243.25,244.25
1993-10-13,247,249.5,246.5,249.25
1993-10-14,248.75,250,247,249
1993-10-15,248.25,249.25,247,248.75
1993-10-18,248.75,253.5,248.25,253
1993-10-19,253.75,255.25,252.75,254
1993-10-20,252.75,253.5,251.75,252.5
1993-10-21,252.25,256,251.25,255.75
1993-10-22,255.25,256,253.25,253.5
1993-10-25,252.5,257.5,251.75,256.5
1993-10-26,256.75,257.5,254,256
1993-10-27,256,257,254.5,254.75
1993-10-28,254,255.25,253,253.25
1993-10-29,252.5,258.25,252.5,257.75
1993-11-01,259,261.75,258,260.75
1993-11-02,261.75,263,260.5,262.75
1993-11-03,261.75,263,260.5,261.75
1993-11-04,262,265,261.25,264.5
1993-11-05,264.5,264.75,262.5,263.75
1993-11-08,263,263,260.5,260.75
1993-11-09,260,262.25,259.75,261.5
1993-11-10,273.5,273.5,273.5,273.5
1993-11-11,288,288,277.5,277.75
1993-11-12,276.25,278,275.25,277.75
1993-11-15,278.25,282.25,275.75,279
1993-11-16,279.25,280.75,278.25,279
1993-11-17,279,283.75,278.5,283.5
1993-11-18,284.5,285,281.25,282.75
1993-11-19,282,282.5,280.25,281.75
1993-11-22,281.75,282,278,278.25
1993-11-23,277.75,278.5,277,277.75
1993-11-24,278,279.25,277.25,279
1993-11-26,279,283,279,282.75
1993-11-29,282.75,283.5,281,282.25
1993-11-30,282,282.5,279.25,279.5
1993-12-01,278.75,281.5,278.5,279.75
1993-12-02,280,286,277.5,285.25
1993-12-03,284.5,286.5,283.75,285
1993-12-06,290.5,292,289.75,291.5
1993-12-07,292.5,295,292.25,294.75
1993-12-08,295.5,297,295,296.5
1993-12-09,295,296,294,295.25
1993-12-10,295,295,292.5,293.5
1993-12-13,292.5,292.75,290.5,291.25
1993-12-14,291.25,295.5,288.75,293.5
1993-12-15,294.5,295,293,293.5
1993-12-16,293,294.75,292.5,294.5
1993-12-17,296,296.5,293.5,296
1993-12-20,297,298.5,296.25,298.25
1993-12-21,297.75,299,297.5,298.75
1993-12-22,299.5,300.25,299,299.75
1993-12-23,299.25,299.25,298.5,299
1993-12-27,299,302.5,298.5,301.75
1993-12-28,301.5,303,300.75,302.75
1993-12-29,303.75,304,302,303.75
1993-12-30,304.75,306.75,303.75,306
1994-01-03,304.75,307,303.5,306.75
1994-01-04,306.25,308.5,305.75,306.25
1994-01-05,305.25,306,304.25,305.5
1994-01-06,307.5,309.75,306.5,308.5
1994-01-07,307.5,309.25,307.25,309
1994-01-10,307.5,307.75,303,303.75
1994-01-11,303.25,306.5,303.25,306
1994-01-12,305.5,306,304.5,304.75
1994-01-13,310,311.75,307.5,310
1994-01-14,308.75,310.75,308.25,310
1994-01-17,309.5,310,306,307.25
1994-01-18,307.75,308,300.75,301.25
1994-01-19,298,300,295.25,295.5
1994-01-20,295,298,293.5,297.75
1994-01-21,295.75,298.25,294.75,297.75
1994-01-24,296.5,301.25,296.5,300.5
1994-01-25,301,301.25,298,299.5
1994-01-26,300,300.25,299,299.5
1994-01-27,299.75,300,294.5,295
1994-01-28,293.5,294.25,289.5,290
1994-01-31,289.25,290.5,287.5,290.25
1994-02-01,291,292.25,289.5,290.5
1994-02-02,289.75,292.5,287.75,292.25
1994-02-03,292.5,293.75,290.75,291
1994-02-04,290,290.5,288.25,288.5
1994-02-07,287.5,292,287.25,291.5
1994-02-08,291.5,292.25,290.75,291.5
1994-02-09,290.75,295.75,290.75,295.5
1994-02-10,295.5,296,293.5,295
1994-02-11,295.75,298.5,295,298.25
1994-02-14,298.5,299,296.25,298
1994-02-15,296.5,296.75,293.25,293.5
1994-02-16,293,294.75,292.75,294.25
1994-02-17,294.5,295,288,288.25
1994-02-18,287.5,289.75,287.5,288.25
1994-02-22,287,289.5,284.5,289
1994-02-23,289.25,290.25,287.5,287.75
1994-02-24,287.5,290.25,286.25,286.75
1994-02-25,285,285.75,283.25,284.25
1994-02-28,283.5,286,283,285.5
1994-03-01,285,286,283.5,284.75
1994-03-02,284.25,285.75,283,283.5
1994-03-03,282.75,282.75,276,278.75
1994-03-04,278.75,279.5,277.75,278.25
1994-03-07,279,281,278.75,280.75
1994-03-08,288,288,282.5,283.25
1994-03-09,282.5,284.5,280.25,284
1994-03-10,284,284.75,281.25,281.75
1994-03-11,281,282.75,280.25,282
1994-03-14,283,287.5,283,287
1994-03-15,285.75,287,284,284.25
1994-03-16,284,288,283.5,286.25
1994-03-17,286.5,287,285.5,286
1994-03-18,285.25,289,285,286.75
1994-03-21,286.25,286.75,285,285.75
1994-03-22,285,285.75,282.5,282.75
1994-03-23,283,285.25,281.25,284
1994-03-24,285.25,286,284,285.5
1994-03-25,285,285.5,282.75,283.25
1994-03-28,284.25,287,282.75,286.5
1994-03-29,286,286.25,284.5,285
1994-03-30,284.5,284.75,283.25,284
1994-03-31,283.75,283.75,272.5,274.75
1994-04-04,277,277,271.25,272
1994-04-05,272.75,277,272.75,276.5
1994-04-06,276.5,278,274.75,277.75
1994-04-07,278,278.75,274.25,275
1994-04-08,274.5,275,273,274
1994-04-11,272.75,273.5,268,268.25
1994-04-12,269,270,266.75,269.75
1994-04-13,272,273.25,270,270.25
1994-04-14,269.75,270,264.75,265
1994-04-15,264.75,266.75,263,265
1994-04-18,264,264.75,260.75,261.75
1994-04-19,261.5,262.5,257.75,259.75
1994-04-20,260.5,261.5,259.5,260.5
1994-04-21,261,262,260.25,261.75
1994-04-22,262,262.75,258.75,259
1994-04-25,257.75,259,255,258.5
1994-04-26,259,261,257.5,260.5
1994-04-28,261,264.5,261,263.5
1994-04-29,265,269.5,263.25,269
1994-05-02,269.5,270.5,268,269.25
1994-05-03,267.75,267.75,260.75,261.75
1994-05-04,260.75,265,258,264.5
1994-05-05,267.75,267.75,257.75,258.25
1994-05-06,258.5,263,258.5,260
1994-05-09,258.5,259,256,257
1994-05-10,258.5,259.75,257,257.5
1994-05-11,256.5,259,255.75,258.5
1994-05-12,258.75,262.25,258.75,261.5
1994-05-13,259.75,261,259.25,261
1994-05-16,262.5,268.25,262.5,267.25
1994-05-17,265,267.5,265,267
1994-05-18,268,275,268,269.25
1994-05-19,269.25,270.5,267,268
1994-05-20,267,271.75,267,268.75
1994-05-23,274,278,271,275.25
1994-05-24,268,270,266.25,267.25
1994-05-25,267,270.5,263.5,266.75
1994-05-26,266,266.25,261.25,264.5
1994-05-27,266,267.5,264.25,266.75
1994-05-31,278.75,278.75,275.5,278.75
1994-06-01,275,285,274.5,281
1994-06-02,275,281.5,275,281
1994-06-03,279,279,272,273.5
1994-06-06,268.75,268.75,261.5,265.5
1994-06-07,266,269.5,264,268
1994-06-08,268,273,266.75,271.5
1994-06-09,272.25,274.75,270.75,271.25
1994-06-10,273,275,272.5,273.25
1994-06-13,271.5,277,269,274.75
1994-06-14,275,276,272.5,275.25
1994-06-15,282,284,280,280
1994-06-16,284,284,278,281.75
1994-06-17,284,285.75,282.75,283.25
1994-06-20,274,276,271.25,271.25
1994-06-21,267,268,261.75,265.25
1994-06-22,264.5,265.5,258.5,259
1994-06-23,259,260,256,257.25
1994-06-24,257.25,257.75,255,255.5
1994-06-27,255,255,245,248.5
1994-06-28,252,259.25,251.5,258
1994-06-29,253,253,246,246.25
1994-06-30,247,250,246.25,249.25
1994-07-01,247,248.25,243.25,248
1994-07-05,241,243,236.5,237
1994-07-06,232.25,233.25,229.75,230.25
1994-07-07,229.5,232,229.25,230.25
1994-07-08,231,231.75,230.25,231
1994-07-11,230.75,231.5,228.5,228.75
1994-07-12,227,227,224.25,225.25
1994-07-13,226.25,227.5,226,227.25
1994-07-14,227.5,228.75,225,225.5
1994-07-15,225,225.75,224,224.25
1994-07-18,224.5,226,224,225.25
1994-07-19,224,224.25,221.5,221.75
1994-07-20,220.75,221.75,218,218.25
1994-07-21,217,217,214.75,215
1994-07-22,217,217.25,215,215.25
1994-07-25,215.25,217.5,215.25,217
1994-07-26,218,219.25,217.25,219
1994-07-27,219.5,220.5,217,217.25
1994-07-28,217,217.25,214.75,216
1994-07-29,217,219,217,218.75
1994-08-01,217.5,218.5,214.75,217.75
1994-08-02,217.25,219,216.5,217.75
1994-08-03,215.75,216.5,215,215.25
1994-08-04,214.75,215.25,214,215
1994-08-05,214.75,217.5,214.5,217.25
1994-08-08,216.25,222.5,215.5,219.75
1994-08-09,220,220,217.75,218.25
1994-08-10,218,219.5,217.5,219.25
1994-08-11,219.5,220.75,218.25,219
1994-08-12,219,219,217.25,217.5
1994-08-15,217,217.5,216.25,217.5
1994-08-16,217.75,219.25,217.75,219
1994-08-17,218.5,221,218.5,220.75
1994-08-18,220.75,221.5,220,220.25
1994-08-19,221,221.5,220.25,221
1994-08-22,221.25,222.25,220.25,221.5
1994-08-23,222.25,222.5,219,221
1994-08-24,220.75,224,220,223.5
1994-08-25,223,223,221.5,221.75
1994-08-26,221.25,221.5,220.25,220.5
1994-08-29,219.5,219.75,218.75,219
1994-08-30,220,220.25,218.25,218.5
1994-08-31,219.5,221,219.5,220.75
1994-09-01,222,222,219.75,221.75
1994-09-02,222,223,221.75,222.75
1994-09-06,223.5,227.5,222,226.5
1994-09-07,226.5,228,226,227.75
1994-09-08,226.75,227.5,225.5,225.75
1994-09-09,225,225.5,223.75,224
1994-09-12,222,227.25,222,226.75
1994-09-13,225.5,227,224.75,225.75
1994-09-14,224.75,224.75,222,222.25
1994-09-15,221,221,218,218.25
1994-09-16,218,218.75,215.75,217.75
1994-09-19,217,218,216.25,217.25
1994-09-20,217,218.5,216.75,217.5
1994-09-21,218,218.75,217,217.75
1994-09-22,218.75,218.75,216.75,217.25
1994-09-23,217.5,217.75,216.5,217
1994-09-26,217,217.25,216.25,216.75
1994-09-27,216.25,216.5,215.5,215.75
1994-09-28,215.25,215.5,214.5,214.75
1994-09-29,214.5,215,214,214.75
1994-09-30,215,217,214.5,215.75
1994-10-03,215,219,215,217.5
1994-10-04,217.5,217.5,215.5,217.5
1994-10-05,216.5,218.75,216.5,217.75
1994-10-06,215,216,214.25,215.75
1994-10-07,216,216.25,214,214.25
1994-10-10,214,214,213.25,213.75
1994-10-11,213.75,214.75,213.5,213.75
1994-10-12,213.5,216,213.5,215
1994-10-13,215.5,215.75,214.5,215.5
1994-10-14,215.75,220,215.75,217.5
1994-10-17,217.25,218.5,216.25,216.5
1994-10-18,216,216.5,214.75,215
1994-10-19,214.5,214.75,214,214.5
1994-10-20,214.25,218.25,214.25,217.5
1994-10-21,217.25,217.75,214.5,214.75
1994-10-24,214,217.75,213.5,217.25
1994-10-25,216.75,217.5,215,215.5
1994-10-26,215,216,214.75,215.25
1994-10-27,215.5,219.5,215.5,218
1994-10-28,217.5,217.5,216.5,216.75
1994-10-31,216.25,216.5,215.5,215.75
1994-11-01,215.75,216.5,215.25,215.75
1994-11-02,215.75,217,215.5,215.75
1994-11-03,216,216,215,215.25
1994-11-04,215.75,216.25,215.25,215.75
1994-11-07,216,217,215.5,216.5
1994-11-08,216.75,217.5,216.5,217
1994-11-09,217,219.25,215,219
1994-11-10,219,222,218.5,219.75
1994-11-11,220,220,217,217.5
1994-11-14,217,217.25,216.5,217
1994-11-15,216.75,218.75,216.5,216.75
1994-11-16,216.75,217.75,216.25,216.75
1994-11-17,217.75,218,216.5,217.75
1994-11-18,217.75,218.25,217,217.25
1994-11-21,217,217,216,216.25
1994-11-22,216,216.75,214.75,215
1994-11-23,215,215,210.5,211.75
1994-11-25,212.25,213.25,212.25,212.25
1994-11-28,212.5,213.75,212,212.25
1994-11-29,212.25,212.75,211.25,211.5
1994-11-30,212,213.25,211.5,213
1994-12-01,213.25,216.5,213.25,214
1994-12-02,216.25,217,214.75,215.5
1994-12-05,215.75,218.25,215.25,217.75
1994-12-06,227.5,227.5,226,226.25
1994-12-07,226,230.5,226,228.25
1994-12-08,227.75,229.75,227.75,229.5
1994-12-09,230.5,231,228.5,230.5
1994-12-12,231,232,230.5,231.5
1994-12-13,230.75,231.75,230.5,230.75
1994-12-14,229.5,229.75,227.5,228
1994-12-15,227.5,228,227,227.75
1994-12-16,228,229.75,228,229.5
1994-12-19,229.5,229.75,226.5,226.75
1994-12-20,226.5,229.75,226.25,228.75
1994-12-21,230,231.25,229.25,229.5
1994-12-22,229,230.75,229,229.5
1994-12-23,229.5,231.5,229.5,231.25
1994-12-27,231.5,235,231.5,232.5
1994-12-28,232.75,234,232.5,233.25
1994-12-29,232.5,233,231.25,231.5
1994-12-30,231.75,231.75,230.75,231
1995-01-03,231,231,228,228.5
1995-01-04,228.5,229.5,227.75,228.75
1995-01-05,230,231,229.5,230.75
1995-01-06,231.75,232,230.25,231.75
1995-01-09,231.75,233.25,230.75,232.75
1995-01-10,231.75,232.5,231.5,232.25
1995-01-11,232.75,232.75,232,232.5
1995-01-12,235,236.75,234.25,234.25
1995-01-13,234.5,235,233,234
1995-01-16,233.5,235,232.5,234.5
1995-01-17,235,236.5,234.5,235.5
1995-01-18,235.5,235.5,234.25,234.75
1995-01-19,234.25,234.75,233.5,234.25
1995-01-20,234.25,235,232.75,233.5
1995-01-23,232.75,233,231.5,233
1995-01-24,233.25,233.75,232.5,233.25
1995-01-25,233.5,233.5,232.75,233.25
1995-01-26,233,234,232.5,233
1995-01-27,232.5,233,232,232.25
1995-01-30,231.5,231.5,228.75,229.5
1995-01-31,229.25,230.5,229,229.5
1995-02-01,229.5,231.5,229.25,231
1995-02-02,230.5,232.25,230.5,231.75
1995-02-03,232,233,232,232.5
1995-02-06,232.75,236.5,232.25,235.75
1995-02-07,234.75,235.5,233.5,233.75
1995-02-08,233.5,234,233,233.75
1995-02-09,232.5,234,231.5,233.75
1995-02-10,234.5,235.5,233.5,234.5
1995-02-13,234.25,234.5,233.5,234
1995-02-14,233.75,235,233.5,234.75
1995-02-15,234.5,234.75,233.25,234.25
1995-02-16,233.75,233.75,233,233.25
1995-02-17,232.75,233.25,232.25,232.75
1995-02-21,232.25,232.5,231.25,232.25
1995-02-22,232.5,233,232,232.5
1995-02-23,232.75,233.75,232.25,233.5
1995-02-24,233.25,233.75,232.75,233.25
1995-02-27,233,233.5,232.75,233.25
1995-02-28,233.25,234.5,233.25,234.25
1995-03-01,234.25,235.5,233.75,235.25
1995-03-02,235.5,235.5,234.5,234.75
1995-03-03,234.75,234.75,233,233.5
1995-03-06,233.5,239,233.25,236.75
1995-03-07,236.75,239,236.25,238
1995-03-08,244.25,245,243.5,244.5
1995-03-09,244.25,245.25,244,244.75
1995-03-10,245,246.25,244.25,245.25
1995-03-13,245.75,247.75,245.75,247.5
1995-03-14,247.25,248,246.75,247.25
1995-03-15,247.75,249,246.75,248.5
1995-03-16,247.75,248.75,246.5,247
1995-03-17,247,248.5,246.5,247.25
1995-03-20,246.75,248,246.25,246.5
1995-03-21,246.75,247,245.25,245.75
1995-03-22,245.5,246,244.5,245.75
1995-03-23,246.25,247.75,246.25,247.25
1995-03-24,248,249,246.5,246.75
1995-03-27,246,248.75,245.75,248.25
1995-03-28,247.75,250,247.25,249.25
1995-03-29,249.5,250,246.25,248.75
1995-03-30,247.75,249.5,247,249
1995-03-31,251.75,252.25,249.75,250
1995-04-03,250,254,249.75,253.25
1995-04-04,252.75,252.75,251.5,252
1995-04-05,251.5,251.5,250.25,250.75
1995-04-06,250,250.25,249.25,249.75
1995-04-07,250.5,251.25,249.5,250
1995-04-10,250,252,248.75,251.5
1995-04-11,251.25,252.5,250.5,252
1995-04-12,250.75,251.25,250,250.25
1995-04-13,249.75,250,242,246.75
1995-04-17,246.25,247,244.5,245
1995-04-18,244.5,244.75,243,243.75
1995-04-19,244.25,245,243.5,244.25
1995-04-20,244.5,246.25,244.5,246
1995-04-21,246.5,247.25,245.5,246.75
1995-04-24,246.5,247.25,245.75,247
1995-04-25,247,249.75,247,248.5
1995-04-26,248.5,249.5,248.25,249.25
1995-04-27,249,250.25,248.5,248.75
1995-04-28,248.75,250,248.25,249
1995-05-01,250,251.75,249.75,251.5
1995-05-02,253,253.5,251.25,252.75
1995-05-03,251.75,252,250.5,251
1995-05-04,251.75,252.75,251.75,252
1995-05-05,256,256,254.75,255.5
1995-05-08,256,259,256,257.75
1995-05-09,259.25,259.5,255.25,257.5
1995-05-10,258,258.5,255.75,258.25
1995-05-11,257.75,258.75,256.5,258
1995-05-12,257,258,256.75,258
1995-05-15,256.25,257,253,254.75
1995-05-16,255,256.75,253.5,256.5
1995-05-17,258,261,258,259.5
1995-05-18,259.75,261.5,259.25,261.25
1995-05-19,261.25,261.25,258,258.5
1995-05-22,259.5,264,259.5,262.25
1995-05-23,265,269.75,265,268
1995-05-24,267.75,269.5,265.75,267.25
1995-05-25,266.75,267.25,265,267
1995-05-26,267.75,271.25,266.75,271
1995-05-30,266.5,268,265,266.75
1995-05-31,266.5,266.75,265,266
1995-06-01,268,269.75,268,269.25
1995-06-02,273.5,273.5,269.75,272.25
1995-06-05,271,271,268.5,268.75
1995-06-06,270,270.75,266.5,267.5
1995-06-07,267.5,267.5,264.5,265.5
1995-06-08,267.75,271.5,265.75,271
1995-06-09,270.75,271,268.5,269.5
1995-06-12,270.75,271.75,267.75,268.5
1995-06-13,267.5,271.5,267.25,271.25
1995-06-14,271.25,276.75,271.25,276.25
1995-06-15,276.5,280.75,276,278
1995-06-16,276.5,278,275.25,277.25
1995-06-19,282.5,285,280.5,283.75
1995-06-20,281.75,283.25,280.25,280.75
1995-06-21,278.5,282.5,278.25,282
1995-06-22,281.5,281.75,278.5,279.25
1995-06-23,279,280.5,277.5,279
1995-06-26,274,274,267,267.25
1995-06-27,267.25,267.25,260,263.5
1995-06-28,266,270.25,265.5,270
1995-06-29,270,271,267.5,268.25
1995-06-30,273,275,271.5,272
1995-07-03,273.5,277.25,273.5,275.5
1995-07-05,272.75,277,272,276.75
1995-07-06,285.5,288,282,283.25
1995-07-07,281.5,282.5,280.25,282
1995-07-10,282,284,279.75,281.5
1995-07-11,280,283.5,279.5,283.25
1995-07-12,289,291.5,286.75,287
1995-07-13,289,289.25,286,286.25
1995-07-14,286,288.75,285.75,287.5
1995-07-17,293,299.5,293,294
1995-07-18,294.25,296.5,293.5,294.25
1995-07-19,290,291.5,287.25,290.5
1995-07-20,290.5,291.75,289,289.25
1995-07-21,291.5,294.25,291.5,293.5
1995-07-24,290.5,293.5,289,293
1995-07-25,297,297.75,294.75,296
1995-07-26,295,295,292.5,294.5
1995-07-27,294.5,294.5,289.75,290.5
1995-07-28,289,290.5,286.5,289
1995-07-31,284.5,284.5,277,281.75
1995-08-01,283,283,281,282.5
1995-08-02,282,282,277.25,279
1995-08-03,276.25,279.75,276.25,279
1995-08-04,279,279.25,276,276.25
1995-08-07,273.5,275.5,271.25,273.25
1995-08-08,275.5,279,275,278.25
1995-08-09,278.25,279,277.25,278.25
1995-08-10,278,279.25,277,277.25
1995-08-11,270,280,268.25,278.75
1995-08-14,280,283.25,280,281.25
1995-08-15,279.5,281,278.5,281
1995-08-16,283,284.5,281,281.25
1995-08-17,281,282.5,280.5,281.75
1995-08-18,283.25,284.25,281.25,281.75
1995-08-21,284,286.25,283.25,286
1995-08-22,285.5,286.75,285,286
1995-08-23,284.75,285.5,284,284.5
1995-08-24,284.5,287,284.5,286.25
1995-08-25,286.5,289,285.5,288.75
1995-08-28,290,292.75,290,291.75
1995-08-29,291,292.5,290,290.25
1995-08-30,289.5,292.5,289.5,291.75
1995-08-31,293.5,296,293.5,295.5
1995-09-01,295.75,296.25,294.25,296
1995-09-05,295.5,296.5,292.75,293.25
1995-09-06,292.75,293,289.75,291
1995-09-07,291.75,293.5,289.75,293.25
1995-09-08,293,294.75,292.75,293.5
1995-09-11,292.75,293,291.25,292.75
1995-09-12,294.75,298.75,293.75,298.5
1995-09-13,298.25,302,297.75,299.5
1995-09-14,298,300,297.5,299.75
1995-09-15,301.75,304.75,301.75,303.75
1995-09-18,312.5,314.75,308.75,314.5
1995-09-19,311.25,313,308,310.75
1995-09-20,310.5,311.5,309,309.75
1995-09-21,311.25,314.25,310.75,311
1995-09-22,309,310.75,305.5,310
1995-09-25,312.5,312.5,304,306.5
1995-09-26,306.25,308,305.25,306.25
1995-09-27,305.5,307.75,304.25,307.5
1995-09-28,308,309.5,307.5,309.25
1995-09-29,312,313,310.25,311.75
1995-10-02,311.25,315.25,310,312.25
1995-10-03,310.5,311.5,309.25,310.5
1995-10-04,310.5,310.75,308.25,309.25
1995-10-05,309,310,306.5,309.75
1995-10-06,310.5,311.75,310,310.75
1995-10-09,309.5,313.5,309.5,313.25
1995-10-10,313.75,318,313.75,317.75
1995-10-11,325,326.5,322,322.75
1995-10-12,321.5,324.25,320.25,320.75
1995-10-13,320.25,326,320.25,325.25
1995-10-16,328,329.75,326,327.75
1995-10-17,327.75,330.75,324.5,325
1995-10-18,324,326,322.75,325.75
1995-10-19,328.5,332.5,327.5,332
1995-10-20,332.25,333.5,330.25,332.75
1995-10-23,334,334,329.75,330
1995-10-24,330,331.5,328.25,329.5
1995-10-25,328.75,330,326.5,328.5
1995-10-26,330,332.25,329.25,329.5
1995-10-27,328.75,329.5,327.75,328.5
1995-10-30,327.75,329.5,327,329
1995-10-31,330.5,333,330.25,332.5
1995-11-01,333,336.75,332.5,336.5
1995-11-02,338.25,339,336.25,336.75
1995-11-03,335.5,335.75,331.25,332
1995-11-06,330.75,334,330.25,333.75
1995-11-07,334.5,335,330.5,331.75
1995-11-08,331,331.25,329.5,331
1995-11-09,336,337,326.5,327.25
1995-11-10,325,329.5,324,327.75
1995-11-13,328.5,329.75,324.75,325.25
1995-11-14,323.5,323.5,319.5,321.75
1995-11-15,322.5,323.75,320.25,320.75
1995-11-16,321.25,323.5,319.5,323.25
1995-11-17,324,328.5,324,328
1995-11-20,327.75,328.75,325.75,326.5
1995-11-21,325.5,326.25,323.25,323.5
1995-11-22,323.5,325.5,323.25,325.25
1995-11-24,326.25,328.25,326.25,328
1995-11-27,328,329,324.5,324.75
1995-11-28,324,326,323.25,324.75
1995-11-29,324.75,329.5,324.5,328.75
1995-11-30,329,331.75,328.75,330.75
1995-12-01,331,333,330.25,331.25
1995-12-04,332,332.5,329.25,329.5
1995-12-05,336,341.25,335.5,341
1995-12-06,340.5,343,340,342.25
1995-12-07,343,344.75,340.5,340.75
1995-12-08,340.5,345,340.25,344
1995-12-11,346.5,348.5,346.25,347.25
1995-12-12,347,348.25,345.5,346.5
1995-12-13,347,349.25,346.25,348
1995-12-14,349,349.5,347.5,348
1995-12-15,347,347.75,346,347.25
1995-12-18,350,352,349.5,351.75
1995-12-19,354,355,350.75,354.75
1995-12-20,355.5,356.25,353.75,354.5
1995-12-21,350,353,350,352.5
1995-12-22,352.25,358.75,352.25,358.25
1995-12-26,356.5,363.5,356.5,363
1995-12-27,362,362.5,359.5,360.75
1995-12-28,360.25,364,360.25,363.75
1995-12-29,369,370.5,367.5,369.25
1996-01-02,371,375.25,370.25,373.25
1996-01-03,373,374.5,370.25,374
1996-01-04,373.5,373.75,365,369
1996-01-05,366.75,369,365.5,366.5
1996-01-08,364.5,364.5,360,360.5
1996-01-09,359,367,359,366.75
1996-01-10,367.5,367.5,362,362.25
1996-01-11,362.25,362.25,356,357.5
1996-01-12,357.75,363,357.75,362.75
1996-01-15,362,365.25,361.5,365
1996-01-16,368.5,368.5,353.5,354
1996-01-17,355,356.25,347.5,351.25
1996-01-18,353,355.25,352.5,355
1996-01-19,358.5,361.25,357,360.75
1996-01-22,360.75,362,355.75,357.75
1996-01-23,357,361,354,360.75
1996-01-24,361,361.75,358.25,358.75
1996-01-25,358.75,360.5,355.5,356.25
1996-01-26,356,358.25,354,357.5
1996-01-29,360,364.75,358.75,363.75
1996-01-30,364,368,362,367.75
1996-01-31,367.25,369.5,365.25,369
1996-02-01,367.5,370.25,365.5,366.5
1996-02-02,366.25,369,364.25,366.75
1996-02-05,365,365,361,361.5
1996-02-06,360.5,363.75,359.25,363.5
1996-02-07,363,365,360.25,361
1996-02-08,360,362,358.5,359.25
1996-02-09,361,364,360.5,363
1996-02-12,363.25,366,363.25,365
1996-02-13,365.75,372,365,371.5
1996-02-14,373,381.25,373,378.5
1996-02-15,377.25,379.75,376.75,378.25
1996-02-16,377.5,382.25,377.5,380
1996-02-20,379.5,380.5,375.75,379.75
1996-02-21,379.5,380.75,376.75,377.25
1996-02-22,374.5,377,372.5,375
1996-02-23,377.5,381.25,377.5,380.5
1996-02-26,380.25,385.5,380.25,385
1996-02-27,385.75,391,384.5,388
1996-02-28,388,392.25,385.5,391.75
1996-02-29,392,395.5,389.5,395
1996-03-01,395,395,391,393.25
1996-03-04,391.5,391.5,385.25,389.25
1996-03-05,387.75,388.75,381.5,383.25
1996-03-06,382,383.75,378.25,381
1996-03-07,384.5,388.5,384,388
1996-03-08,388.5,390.5,385.75,388.5
1996-03-11,385,390,385,389.5
1996-03-12,387.75,390.5,385,386.25
1996-03-13,386,389.75,385.75,389.25
1996-03-14,391.5,394.75,389.5,390.25
1996-03-15,387.5,388,383,383.25
1996-03-18,380,386,380,385.75
1996-03-19,386,389.25,383.75,385.5
1996-03-20,386,387.75,383.75,387
1996-03-21,387.25,388.5,384.75,387.75
1996-03-22,387.5,391,387.5,390
1996-03-25,389.5,394.25,389.5,393.5
1996-03-26,395.5,398.5,394,396.75
1996-03-27,395,400,395,399.25
1996-03-28,398.5,399.75,398,399.25
1996-03-29,406,410.5,404,409
1996-04-01,409.5,417.5,409,416.5
1996-04-02,418,419.5,413.5,414.25
1996-04-03,414,425,413,424.25
1996-04-04,424,428.25,420,426.5
1996-04-08,426,437.75,426,435.75
1996-04-09,435,438.5,430.75,435
1996-04-10,435.75,446.5,435.75,444.5
1996-04-11,454,455.25,439,444.5
1996-04-12,441,453,439,451
1996-04-15,451,459,447,455.5
1996-04-16,453.5,457,443.5,444.5
1996-04-17,436,450,436,448.5
1996-04-18,453,460.5,453,460.5
1996-04-19,465,465.5,457,458
1996-04-22,465.5,470,465,470
1996-04-23,477,479,469.5,478.5
1996-04-24,474,488,471,487
1996-04-25,498,499,494,499
1996-04-26,496.5,509,495,507.5
1996-04-29,497,502,473,473.75
1996-04-30,470,481,460,462.5
1996-05-01,472,489,472,488
1996-05-02,495,507,475,476.75
1996-05-03,477,480.5,468,471
1996-05-06,478.5,479.5,462.5,472.5
1996-05-07,453,463.5,453,462.75
1996-05-08,470,474.75,468.5,474.75
1996-05-09,482,485,475,483.5
1996-05-10,480,486.5,477,482.25
1996-05-13,492,494,484.5,492.25
1996-05-14,486,488.5,480.25,487.25
1996-05-15,488,491,482.25,487.5
1996-05-16,492,499.5,491,499.5
1996-05-17,503,509.5,499.5,504.5
1996-05-20,496,506,492.5,503
1996-05-21,510,513.5,500.5,501.25
1996-05-22,499,502,484,486.5
1996-05-23,489.375,494,483,493.25
1996-05-24,492.5,493,487,488.75
1996-05-28,495,498.5,476.75,478.5
1996-05-29,474,476,466.5,466.5
1996-05-30,464,473.5,462.5,472.75
1996-05-31,473,479,467,477.25
1996-06-03,473,473,465.25,465.25
1996-06-04,463,465.25,447.25,447.25
1996-06-05,448,449,429.25,435
1996-06-06,435,447,434,447
1996-06-07,459,459,457,459
1996-06-10,471,471,471,471
1996-06-11,489,489,464,471
1996-06-12,470,479,465,477.5
1996-06-13,477.5,480,474.5,476.75
1996-06-14,476,476,464.75,464.75
1996-06-17,469.5,469.5,456,459.5
1996-06-18,461.5,471.5,459.5,471.5
1996-06-19,473,476.5,469.5,473.5
1996-06-20,471,474.5,467,474
1996-06-21,475,475,469.5,470
1996-06-24,459,467,458,466.25
1996-06-25,462,471,462,470.5
1996-06-26,470,480,470,477.25
1996-06-27,477,485,474,481.5
1996-06-28,500,518.5,497,516.25
1996-07-01,532,541,525,538.5
1996-07-02,533,537,518,518.5
1996-07-03,519,532,516,529.5
1996-07-05,525,538.5,523.375,531
1996-07-08,407,410,401.5,402
1996-07-09,405.5,408,400,406.75
1996-07-10,407.5,413.5,406,409.25
1996-07-11,417,421.25,416,421.25
1996-07-12,425,438,424,428.5
1996-07-15,417,427.5,415,416.5
1996-07-16,415,416.5,404.5,404.5
1996-07-17,392,392,386.5,386.5
1996-07-18,377,385,368.5,372.5
1996-07-19,376,377.5,363.5,367.75
1996-07-22,360,362.5,355.75,355.75
1996-07-23,360.5,366,359.5,361.5
1996-07-24,358.5,365.75,357.5,358
1996-07-25,354.5,355.5,348.25,351
1996-07-26,354,355.5,347.25,350
1996-07-29,350,360,349.5,359.25
1996-07-30,370,370,356.5,357.75
1996-07-31,355,356.75,350.25,354.25
1996-08-01,358,361.5,356,360.5
1996-08-02,358.5,360,355.5,358.25
1996-08-05,352,352.5,346.25,348.25
1996-08-06,347.5,348,341.25,346
1996-08-07,345.5,356,344,344.75
1996-08-08,348.5,356,348,353
1996-08-09,355.5,364.5,355.5,363
1996-08-12,375,375,375,375
1996-08-13,387,389,371,373
1996-08-14,375.5,384,374.25,377.75
1996-08-15,378,380.75,374,375.5
1996-08-16,370,374,367,367.5
1996-08-19,355.5,364.75,355.5,364
1996-08-20,363,364.75,361.5,362.25
1996-08-21,363.5,366.5,363,366.25
1996-08-22,364,370,364,367.5
1996-08-23,365,367,362.5,365.5
1996-08-26,363.5,370.5,362,369.5
1996-08-27,368,370.5,366.5,369.75
1996-08-28,369.5,372,367.5,367.75
1996-08-29,364.5,371.5,364.5,370.5
1996-08-30,369,372.5,366.25,370.5
1996-09-03,371,372,365.5,366.75
1996-09-04,362,364.75,358.25,358.75
1996-09-05,333.25,335.25,332.75,334.75
1996-09-06,333,335,331,332.5
1996-09-09,330,332,329,330.75
1996-09-10,332.5,335.5,332,334.25
1996-09-11,331,332,326.5,326.75
1996-09-12,326.75,330.5,326.75,330
1996-09-13,327.5,327.5,321.25,321.5
1996-09-16,319,320,311.5,314.5
1996-09-17,316,318,314,314.5
1996-09-18,312,316.25,309.5,315.5
1996-09-19,317.5,319,312.5,313.5
1996-09-20,314,316.25,313.25,314.25
1996-09-23,313,314.25,311.5,313.25
1996-09-24,312,312,309.75,310.5
1996-09-25,311.25,312.5,310,312.25
1996-09-26,310.75,311,305.75,306
1996-09-27,307,307.5,303,303.25
1996-09-30,299,299,294,296.75
1996-10-01,294.5,299.25,292.5,296
1996-10-02,300,300.5,292.25,292.75
1996-10-03,292.75,294,291.5,292
1996-10-04,293,293,288,289.5
1996-10-07,291,293.25,290.5,292.75
1996-10-08,292.5,297.25,291.75,296.5
1996-10-09,297,297,292.75,293.75
1996-10-10,292.75,294,289.5,290
1996-10-11,284.5,286.25,283,283.75
1996-10-14,283.25,287.75,282.25,286.5
1996-10-15,288,288.5,284.75,286.5
1996-10-16,288,288.75,282.75,283.25
1996-10-17,282.75,283.75,280.75,283.25
1996-10-18,283,285.25,279.5,280.25
1996-10-21,281,281.25,278,279
1996-10-22,278.25,279.75,276.25,279.5
1996-10-23,280.75,283.25,280.75,282.75
1996-10-24,282,282.75,277.75,278
1996-10-25,277,277.25,275,275.25
1996-10-28,276.5,276.5,274.25,275.25
1996-10-29,275.25,275.5,272.25,274.5
1996-10-30,274.75,275,270,270.25
1996-10-31,269,269.25,265.5,266
1996-11-01,265,266.25,262.5,263
1996-11-04,262,265.75,261.25,261.75
1996-11-05,259.5,260.75,257.75,258.5
1996-11-06,261,262,259.25,260
1996-11-07,261.25,266,261.25,264.5
1996-11-08,265,268.25,263.75,267.5
1996-11-11,268,269.75,268,268.25
1996-11-12,263,273.5,262.25,268
1996-11-13,269.5,272,266.75,271.75
1996-11-14,272,273.25,269.75,271.25
1996-11-15,271,275,269,269.5
1996-11-18,269,269,265.5,266
1996-11-19,265.5,267.5,264.5,265.25
1996-11-20,265,270.5,265,270
1996-11-21,272,273.5,270.75,272.5
1996-11-22,271,273,270.75,272.5
1996-11-25,274,277.5,273.75,274.75
1996-11-26,274,274.25,272,273.25
1996-11-27,274,274,271.75,272
1996-11-29,273,273,269.25,270.75
1996-12-02,269,269,265.5,266.5
1996-12-03,266.5,267.75,264.25,265
1996-12-04,265.25,267,265,266
1996-12-05,262,267.5,260.5,267
1996-12-06,266.25,268,265.5,266
1996-12-09,266,267.75,264.25,264.5
1996-12-10,263.25,264.5,262.5,263.75
1996-12-11,264.5,265,263,264.5
1996-12-12,264.5,265.25,262.75,264.25
1996-12-13,263.75,264.5,262.5,262.75
1996-12-16,263.25,264,261.75,263.5
1996-12-17,263.5,266.75,263.5,265.5
1996-12-18,267.25,270,263.5,264.75
1996-12-19,264.25,266.5,263.5,266
1996-12-20,265.5,267.75,264.75,266.75
1996-12-23,265.75,266.5,265,266.5
1996-12-24,265.75,267,265.25,266.75
1996-12-26,267,270.5,265.75,267
1996-12-27,268.5,268.75,264.25,264.5
1996-12-30,262,262,258,258.25
1996-12-31,258.25,259,257.75,258.25
1997-01-02,257.75,260.5,256.75,258.5
1997-01-03,257.5,258,256,256.5
1997-01-06,257.5,258.5,256.75,257
1997-01-07,257.5,258.5,256.75,258.25
1997-01-08,258,259.75,257.5,259.25
1997-01-09,259.25,259.5,258,258.25
1997-01-10,270.25,270.25,264.5,265.5
1997-01-13,266.5,268,265.5,267.25
1997-01-14,266.75,272.5,266.5,270.75
1997-01-15,271.25,274,270.25,273.75
1997-01-16,274,274.25,271.25,273.5
1997-01-17,272,273.25,271.25,273.25
1997-01-20,270.5,275.5,269.75,271.75
1997-01-21,271,272.25,270.5,271
1997-01-22,271.75,272,269.5,270.5
1997-01-23,270,271.5,269.25,270.25
1997-01-24,272.25,273,271,272.75
1997-01-27,273,275.5,271.75,275
1997-01-28,274.75,277.25,274.25,274.75
1997-01-29,274.25,277,274,275
1997-01-30,276,276.25,273.5,273.75
1997-01-31,272.5,273,269.5,270.25
1997-02-03,268.75,269.75,268.25,269.5
1997-02-04,269.75,271.5,268,270.5
1997-02-05,271,272.75,270,272.5
1997-02-06,272.75,272.75,268.5,268.75
1997-02-07,268.75,272.25,268.25,271
1997-02-10,271.5,272.25,270.75,272
1997-02-11,271.75,272.75,271,272.5
1997-02-12,273.5,274,271.25,273.75
1997-02-13,273.25,274.75,272.5,274.5
1997-02-14,274,276.25,273.75,274
1997-02-18,275,283,275,282.75
1997-02-19,281.75,289.25,281.5,283.5
1997-02-20,283,288,282.75,287
1997-02-21,289.5,292.5,286,291.75
1997-02-24,291.5,292.25,288.5,289
1997-02-25,289.5,293.5,287.25,293.25
1997-02-26,292,294.75,291.25,292.75
1997-02-27,292.5,297.75,291.75,296
1997-02-28,295,297.5,293.25,296.75
1997-03-03,303,303,299.5,302.75
1997-03-04,302,308.75,301.75,303.75
1997-03-05,301.25,302.75,298.25,298.75
1997-03-06,300,305.25,297.25,304.5
1997-03-07,305.5,308.25,299.25,304
1997-03-10,304,313,302,309.75
1997-03-11,306,307.75,304.25,305.75
1997-03-12,305,305.5,293.75,294.5
1997-03-13,294,299,292.25,298.25
1997-03-14,299.25,306.75,299,304.5
1997-03-17,306.5,308,301.25,306.75
1997-03-18,303.5,304.75,300,301
1997-03-19,301.5,303.5,299.25,303.25
1997-03-20,305.5,309,304,304.75
1997-03-21,300,302.5,299,300.25
1997-03-24,297.5,299.5,295.75,299
1997-03-25,301,303.25,299.75,302.25
1997-03-26,303,305.75,302,305.25
1997-03-27,307.25,308.75,306.25,308.25
1997-03-31,306.75,311,304.5,310
1997-04-01,318,320,312,313
1997-04-02,311.25,312.5,307.75,308.5
1997-04-03,306.5,306.5,300,301
1997-04-04,299.5,299.5,293.5,294.25
1997-04-07,297.5,301.75,296.5,300.75
1997-04-08,301.25,302.5,299,299.5
1997-04-09,298.75,301,295.25,299
1997-04-10,303,304.5,301.5,303.75
1997-04-11,309,309,298.75,299.5
1997-04-14,305.5,307.5,302,303.75
1997-04-15,302,303,299,302.75
1997-04-16,302.5,302.625,297,297.25
1997-04-17,298.25,301,296.25,297
1997-04-18,297.25,301,296.5,300.25
1997-04-21,299.75,301.75,298,299.75
1997-04-22,299.25,301.75,298.5,301.25
1997-04-23,300.25,300.75,298.25,298.5
1997-04-24,298,298.25,292,293
1997-04-25,294,299.25,294,294.5
1997-04-28,292,293.5,290.5,290.75
1997-04-29,290.5,293.5,290.25,291.5
1997-04-30,294,297.25,293.25,295
1997-05-01,294.75,299.75,294.5,298.5
1997-05-02,297,300.25,294.5,294.75
1997-05-05,296,297.25,292,293
1997-05-06,289.75,290,285.25,285.5
1997-05-07,285,287.75,285,285.25
1997-05-08,285,285.25,282.5,284.5
1997-05-09,285.75,288.5,285.5,288
1997-05-12,285.5,285.5,282.75,283
1997-05-13,281.75,284.75,280.25,284.5
1997-05-14,285,285.25,281,283.5
1997-05-15,283,284,281.25,281.75
1997-05-16,280.5,285.75,280.5,284.5
1997-05-19,283,285,281.5,284.5
1997-05-20,284.25,284.5,276,276.25
1997-05-21,276,277.75,275,276.75
1997-05-22,277.75,279.25,273,273.25
1997-05-23,272.75,273.75,270.25,270.5
1997-05-27,269.25,270,264,264.25
1997-05-28,264,269.75,264,269.5
1997-05-29,270.5,274.5,268.25,269.25
1997-05-30,273,273.25,269.5,270.75
1997-06-02,273,274.25,270.5,274
1997-06-03,275.25,278.25,274,277.5
1997-06-04,275,275.5,271,271.25
1997-06-05,270.75,275,270.75,274.25
1997-06-06,275,276.5,273.75,274
1997-06-09,271,274.5,268.25,274
1997-06-10,275.25,276.25,271.5,271.75
1997-06-11,272,274,270.5,272.5
1997-06-12,272.25,273.75,270.75,271.25
1997-06-13,272.25,273,270.5,271.5
1997-06-16,270.25,271,268.25,268.5
1997-06-17,268.5,270.5,268.25,270.25
1997-06-18,271,271.25,266.25,266.5
1997-06-19,266.25,266.5,265,265.25
1997-06-20,264.5,266.5,264,265.5
1997-06-23,263.25,263.25,259,260.5
1997-06-24,260.75,261.25,258.5,260.25
1997-06-25,259.25,259.25,255.75,256.25
1997-06-26,255,255.25,250,250.25
1997-06-27,249,250.75,245.5,246.25
1997-06-30,244.5,248.5,240,248
1997-07-01,246.75,247.5,243,243.25
1997-07-02,244.5,246.5,242.75,245.75
1997-07-03,246,246.5,244.5,244.75
1997-07-07,242.5,243.5,240,240.5
1997-07-08,231.5,234,229.5,229.75
1997-07-09,230.5,237.5,230.5,237.25
1997-07-10,237,237.5,233.5,234.5
1997-07-11,232,237.75,231.5,236.75
1997-07-14,248.75,248.75,245,248.5
1997-07-15,248.5,258,247.5,256
1997-07-16,251.5,252.75,249,250
1997-07-17,250,252.75,245.5,247.25
1997-07-18,250.5,255,250.5,252.5
1997-07-21,241,245.75,240.5,245.25
1997-07-22,247,248.5,244.75,247.5
1997-07-23,248.5,250.25,245.5,247.25
1997-07-24,245.25,246,243,243.5
1997-07-25,243.5,245,243,243.25
1997-07-28,250,255.25,245,250.5
1997-07-29,254.5,260.25,254.5,258
1997-07-30,262,263.5,257.75,262.25
1997-07-31,261,266.5,260.5,265.5
1997-08-01,266,270,263.5,268.5
1997-08-04,274,275,262.5,263.75
1997-08-05,262.5,263.25,254,254.5
1997-08-06,256,259.75,255.75,259
1997-08-07,257,257,249.5,250
1997-08-08,250.5,254,249.25,253.5
1997-08-11,248,250,246,249.75
1997-08-12,261.75,261.75,261.75,261.75
1997-08-13,270.5,270.5,261.75,262.25
1997-08-14,260.75,265,260.5,264.25
1997-08-15,262.75,263.25,259.75,260
1997-08-18,258,261,257.5,260.75
1997-08-19,263.5,264,262,263.5
1997-08-20,263,264,261.75,262.25
1997-08-21,265,274,265,273
1997-08-22,272,272.5,270.5,271.75
1997-08-25,270,271.75,268.5,271.25
1997-08-26,268.75,269,263.5,263.75
1997-08-27,263.5,268.75,263.5,268.5
1997-08-28,268,268.5,264.5,265.75
1997-08-29,265.5,269.25,265.25,265.75
1997-09-02,266.5,270,264.5,269.75
1997-09-03,271,272,268.5,270
1997-09-04,267.75,270,267,270
1997-09-05,269,270.5,264,264.25
1997-09-08,262,263.5,260.5,263
1997-09-09,264.25,265.5,262.25,264.75
1997-09-10,266,268,264.5,267.75
1997-09-11,267,273,266.25,272.5
1997-09-12,272,273.25,264,264.25
1997-09-15,264.5,266,262.25,265.75
1997-09-16,267.25,268.75,263.25,263.5
1997-09-17,263,265.25,262.25,263.75
1997-09-18,265.75,266.25,263.25,264.5
1997-09-19,262.75,264.25,260.5,261.75
1997-09-22,260,262.5,257.5,262.25
1997-09-23,262.75,263,260,262.25
1997-09-24,262.25,263.25,260.75,261
1997-09-25,262,263,258,259.5
1997-09-26,257.75,258.75,257.25,257.5
1997-09-29,256,259.75,255.5,258.75
1997-09-30,258.5,259.5,257.5,257.75
1997-10-01,258.5,259.25,255.75,256.25
1997-10-02,256.5,258.25,255.5,257.25
1997-10-03,257.75,266,256.5,264.75
1997-10-06,263.5,268.5,261.75,267.75
1997-10-07,268.5,279.75,267.25,279.75
1997-10-08,278,285,277.75,282.75
1997-10-09,281,284,279.5,283.75
1997-10-10,290,293.5,286.25,288.25
1997-10-13,289.75,295,287.75,291
1997-10-14,288,289.25,285.25,285.75
1997-10-15,285.5,290.5,285,290
1997-10-16,290,290.75,286.5,287
1997-10-17,285,286,281.5,282
1997-10-20,280.5,286,280.5,283
1997-10-21,283.5,288.5,282.75,287.5
1997-10-22,289.5,294,289.25,293.75
1997-10-23,288,291.5,287,288
1997-10-24,290.75,291,286,289.75
1997-10-27,291.5,292.25,285,287.5
1997-10-28,284.5,286,282,284.25
1997-10-29,284.5,286.25,281,281.25
1997-10-30,277,280.5,275.5,279.75
1997-10-31,279.5,280.75,277.75,279.75
1997-11-03,280.25,289.5,280,285.25
1997-11-04,285,285.25,280,280.25
1997-11-05,279.25,281.5,278.25,278.5
1997-11-06,279.25,283.5,278.25,283
1997-11-07,281.25,284.75,281,284
1997-11-10,278,278.5,275,275.75
1997-11-11,276.25,279.5,275.25,276.5
1997-11-12,275.5,275.5,273,274.25
1997-11-13,274.5,276,273,273.25
1997-11-14,274.25,274.5,271.25,272
1997-11-17,272.25,278.5,271.25,277.75
1997-11-18,276.75,278.25,275.75,276.75
1997-11-19,275.75,275.75,273.5,273.75
1997-11-20,274.75,276,271.5,271.75
1997-11-21,271.75,276,271.75,275.5
1997-11-24,276.5,276.5,271.75,273.25
1997-11-25,272.5,273,270,270.25
1997-11-26,271.25,273.75,270,272.75
1997-11-28,272.5,273.25,270.75,271.5
1997-12-01,271.5,275,271.25,272.75
1997-12-02,272.75,273.25,271.25,271.5
1997-12-03,271,272.25,270.5,271.25
1997-12-04,271.25,271.75,267.25,267.75
1997-12-05,277,280,277,279.25
1997-12-08,279.75,284.25,279.5,284
1997-12-09,282.75,285,281.5,281.75
1997-12-10,282.25,283.25,281,281.5
1997-12-11,281,281,276.25,277
1997-12-12,277.5,277.75,273,273.25
1997-12-15,272.25,272.75,271,271.75
1997-12-16,273,273.5,270.75,271
1997-12-17,272.5,273.5,271.5,272.5
1997-12-18,273,273.25,267,267.25
1997-12-19,267.25,267.25,262.5,266
1997-12-22,265.5,266,263,263.25
1997-12-23,263.5,268,262,267
1997-12-24,266.5,269.5,266.5,269
1997-12-26,270,270.75,268.75,269.25
1997-12-29,270,270.75,266.75,267.25
1997-12-30,267.25,268,266,266.75
1997-12-31,266.75,267,264.75,265
1998-01-02,263.5,264.25,261,262.75
1998-01-05,262.5,266,261.75,265.75
1998-01-06,264.25,265.5,262,262.25
1998-01-07,261,264.25,260.75,263.5
1998-01-08,263,263,258.25,258.5
1998-01-09,259.25,261.5,258.5,259.75
1998-01-12,258.25,260.75,257,258.25
1998-01-13,268,270.25,267,270.25
1998-01-14,271,278,270.25,273.75
1998-01-15,271,279.25,270,277.25
1998-01-16,277.5,279.5,276.25,277
1998-01-20,277,279,275.75,278.25
1998-01-21,277.25,277.5,275.25,276
1998-01-22,275.75,277.25,273.5,276
1998-01-23,278.25,279.25,275.25,275.5
1998-01-26,276.25,279.75,276,279
1998-01-27,279.75,283.5,275.5,276.5
1998-01-28,276.5,279,275.75,277.5
1998-01-29,276.5,277,275,275.5
1998-01-30,274.75,275.25,272.75,273
1998-02-02,274.5,276.25,272,275.5
1998-02-03,275.25,277.75,274.75,275
1998-02-04,274.5,275.5,272.25,272.75
1998-02-05,272.25,275,271,271.75
1998-02-06,272,272.25,269.5,270
1998-02-09,270.75,272.5,269.75,272
1998-02-10,272.75,274,271.25,273.75
1998-02-11,271.75,271.75,268,268.25
1998-02-12,268.75,271,267,270.5
1998-02-13,270.5,270.75,269.5,270.25
1998-02-17,269.25,269.5,266,268
1998-02-18,268.25,269,266.5,267.75
1998-02-19,267.75,270,266.5,268.5
1998-02-20,268.5,269.75,266.25,266.5
1998-02-23,266.25,267.5,265.25,265.75
1998-02-24,265.5,266,263,263.25
1998-02-25,263.5,264,262.5,263.75
1998-02-26,263.5,264.25,262,262.25
1998-02-27,262.25,263.25,261.25,261.5
1998-03-02,262.5,266.5,262.5,265.5
1998-03-03,264.5,266.5,264,264.25
1998-03-04,265.75,267.5,265,266
1998-03-05,267.25,268.5,265.75,266.25
1998-03-06,275.75,277.25,274,276.75
1998-03-09,279.75,279.75,278,278.75
1998-03-10,278.5,281.25,278.25,281
1998-03-11,281,282.5,280.25,282
1998-03-12,280.25,282.25,279.25,281.75
1998-03-13,279.75,280,274.5,274.75
1998-03-16,275,275.5,271.5,271.75
1998-03-17,272.25,275,272.25,272.25
1998-03-18,273,274.5,272,272.25
1998-03-19,271.5,271.5,269,269.25
1998-03-20,267.5,267.75,263.5,264
1998-03-23,264.75,267,263.5,266.75
1998-03-24,266.25,266.75,264.25,265.5
1998-03-25,265.25,266.5,264.75,265
1998-03-26,265,265.5,261.25,261.5
1998-03-27,261.25,263,261.25,262.25
1998-03-30,263.5,270,262,267.75
1998-03-31,265,265,258.5,259
1998-04-01,258.75,259,253.5,254.5
1998-04-02,255,256.5,253.75,256
1998-04-03,255.75,255.75,252,253
1998-04-06,252.75,252.75,246.75,248
1998-04-07,248.5,250.5,246.75,247
1998-04-08,247.25,248.75,247.25,247.75
1998-04-09,247,250,246.75,249.5
1998-04-13,250.25,251,243.75,245.25
1998-04-14,246,248,245.75,246.5
1998-04-15,248.25,254,248,251
1998-04-16,249.5,251,245,250.5
1998-04-17,250.25,253,249.25,250.5
1998-04-20,249,249.5,247,248.75
1998-04-21,248,252,248,251
1998-04-22,250.75,251,245.75,246.25
1998-04-23,246,249.5,246,248.5
1998-04-24,248.75,258,248.75,251
1998-04-27,249.75,249.75,244.75,246.25
1998-04-28,246.75,248,244.5,246.5
1998-04-29,246.5,247.75,243.25,244.25
1998-04-30,244,246,243.5,243.75
1998-05-01,243.5,244.75,241,243
1998-05-04,244,248,243.75,244
1998-05-05,251.75,256.75,251.5,256.5
1998-05-06,256.5,261.25,256.25,261
1998-05-07,260.75,263.25,257,260.25
1998-05-08,260,260,255.5,255.75
1998-05-11,252.75,252.75,246.25,247.75
1998-05-12,247.5,248.5,244.5,245
1998-05-13,245,251,245,248.75
1998-05-14,249.75,251.25,247.75,248
1998-05-15,248,248.5,245.5,246.25
1998-05-18,245.25,249.5,245,247
1998-05-19,245.75,246.75,244.75,245
1998-05-20,245,247.5,243.5,246.75
1998-05-21,246.75,249.25,246,246.5
1998-05-22,246.5,247.5,245.75,247.25
1998-05-26,245.5,245.5,240.25,240.5
1998-05-27,240.25,241,235.25,237
1998-05-28,237.25,240,237.25,238.25
1998-05-29,238,242,237,238.5
1998-06-01,237.5,239,236,238.75
1998-06-02,238.5,241.25,238,240.5
1998-06-03,240.5,242.5,237.5,238
1998-06-04,237.75,240,237.5,239.75
1998-06-05,239.5,239.75,236.5,237
1998-06-08,236.5,236.5,231.25,232.5
1998-06-09,232.5,233,230.75,232
1998-06-10,231.75,233,231,231.75
1998-06-11,231.75,234.25,231.5,232
1998-06-12,232,237,231.5,236.25
1998-06-15,234.5,234.5,232,232.75
1998-06-16,232.75,239.5,232.75,237.25
1998-06-17,238.25,247,238.25,244.5
1998-06-18,243,251,243,245.5
1998-06-19,244.5,255.5,243.75,253.5
1998-06-22,250.5,252.5,248.5,250.75
1998-06-23,249.5,260.5,249.25,256.5
1998-06-24,255.5,260,253.5,259.75
1998-06-25,258.25,258.25,254,254.25
1998-06-26,253.5,256.5,250,250.5
1998-06-29,247.5,247.5,237,238.5
1998-06-30,238.75,245.5,237.5,245.25
1998-07-01,245,247.5,236,239.5
1998-07-02,240,240,236.5,237
1998-07-06,236.5,239,230,234.25
1998-07-07,238,242.5,238,241.5
1998-07-08,245.75,258,245,249
1998-07-09,247.25,250.75,243.75,244.5
1998-07-10,243.25,243.25,235.5,236.5
1998-07-13,238.5,241,237,239.5
1998-07-14,237,237.25,233,233.25
1998-07-15,233.25,234.25,229.25,229.75
1998-07-16,229.75,234.75,229.25,230.75
1998-07-17,230.75,239,230.75,237
1998-07-20,233,233,229.75,232.25
1998-07-21,232.75,233,229.75,230.25
1998-07-22,230,230.5,225.5,227.5
1998-07-23,226.5,227.25,225.5,226.75
1998-07-24,226.5,226.75,224.5,224.75
1998-07-27,224.5,224.5,222.5,222.75
1998-07-28,222.25,223,220.5,221
1998-07-29,220.5,222,218.75,220
1998-07-30,220,220.5,218.5,220.25
1998-07-31,220,220.25,217.25,217.5
1998-08-03,216.5,216.5,213.25,213.5
1998-08-04,213,215,212.75,213.5
1998-08-05,213,214.5,211,211.5
1998-08-06,211.25,211.5,209,210.25
1998-08-07,210,213,210,211.25
1998-08-10,211,215,210.25,214.5
1998-08-11,214,215.5,211.75,214
1998-08-12,213.75,214,209,209.25
1998-08-13,209.25,211,206.5,206.75
1998-08-14,206.5,207.75,206,206.5
1998-08-17,206.25,211.75,206.25,208.5
1998-08-18,208,209.5,206.25,208.75
1998-08-19,208.25,210.5,208.25,209.75
1998-08-20,209.5,210.25,207.75,208.25
1998-08-21,208,208,205.25,205.5
1998-08-24,205,206,203.75,205.75
1998-08-25,205,205.75,203,203.5
1998-08-26,203,203.25,198,198.25
1998-08-27,198,198.25,193.25,195.5
1998-08-28,194.5,196,189.5,189.75
1998-08-31,189,192.25,187,187.25
1998-09-01,185.75,190.75,185,190
1998-09-02,189.75,195.25,189.25,192.25
1998-09-03,191.5,196.5,190,195.5
1998-09-04,195,197.75,194.25,195.5
1998-09-08,207.75,213.75,207.75,213
1998-09-09,213,213.5,208.25,210.75
1998-09-10,210.25,215,209,213
1998-09-11,212.75,214,204.5,207.75
1998-09-14,207.75,208.75,205.25,208
1998-09-15,208,212,207,210.25
1998-09-16,210.25,213,208.5,208.75
1998-09-17,208.5,209,205.75,207
1998-09-18,206.5,207.5,204.75,205
1998-09-21,204.5,207.25,202,205.25
1998-09-22,205,207.25,204.5,206.5
1998-09-23,206.5,208.5,204.25,205.5
1998-09-24,205.25,208.75,204.5,208.5
1998-09-25,208,212.25,207.25,210.5
1998-09-28,210,213.5,208.75,212.75
1998-09-29,212.5,214,211.25,211.75
1998-09-30,211.25,212.75,208.25,209
1998-10-01,208.5,209,204.5,204.75
1998-10-02,204.75,207.25,204.75,206.5
1998-10-05,207.25,214.25,207.25,209.75
1998-10-06,209,211,208.75,210.25
1998-10-07,210.5,219,210.5,217.25
1998-10-08,215.5,217.75,215,217.25
1998-10-09,217,227,216.75,221.5
1998-10-12,219.5,221.5,219,220
1998-10-13,220,229.25,219.75,228
1998-10-14,227.5,228.75,225.5,228
1998-10-15,227.5,228.25,224.25,227.25
1998-10-16,227.75,231,225,225.5
1998-10-19,225,225.5,221.75,222
1998-10-20,221.5,222.5,218.75,219
1998-10-21,219,222,218,219
1998-10-22,219,221.5,218.25,221.25
1998-10-23,221,222.25,218.25,218.75
1998-10-26,218,219.75,216.25,219
1998-10-27,218.5,220.5,217.5,219
1998-10-28,218.5,221,218,219
1998-10-29,219,222,218.25,218.75
1998-10-30,218.25,220.25,218.25,219
1998-11-02,218.5,219.25,216,216.75
1998-11-03,216.25,218,215.25,216.75
1998-11-04,216.25,217,215.25,215.5
1998-11-05,215.25,218.75,215,217.25
1998-11-06,216.75,218,216.25,216.75
1998-11-09,216.25,217.5,216.25,217
1998-11-10,217,222.75,214.25,222.25
1998-11-11,221.75,225.5,221.25,225.25
1998-11-12,224.5,225.5,223.25,224.5
1998-11-13,224,224,220.25,220.5
1998-11-16,220.5,221.25,218.5,219.25
1998-11-17,219.25,220.75,218.5,219
1998-11-18,218.75,221.5,218.75,221.25
1998-11-19,221.25,223,218.75,220.25
1998-11-20,220.75,220.75,219.25,220
1998-11-23,219.75,219.75,216.75,217.25
1998-11-24,217,217.5,216.5,216.75
1998-11-25,216.5,217.5,216.5,216.75
1998-11-27,217.5,220,216.75,217.5
1998-11-30,217.5,220.75,217.5,218.75
1998-12-01,218.5,218.5,217.5,217.75
1998-12-02,217.5,218.75,216.75,217.5
1998-12-03,217.5,217.5,215.25,215.5
1998-12-04,215.25,217,213.75,214
1998-12-07,223.5,225.5,223,224.5
1998-12-08,223.75,224,222,222.75
1998-12-09,222.75,224.25,221.75,222
1998-12-10,222,223.25,221.75,222.25
1998-12-11,222,225.5,221.5,224.5
1998-12-14,223.75,224.5,222,223.5
1998-12-15,223.25,225.25,223,223.25
1998-12-16,223,224.25,222.5,223.25
1998-12-17,223.25,225,220.25,220.75
1998-12-18,221,221.5,218.75,219.25
1998-12-21,219,219.75,218,219
1998-12-22,219,220.5,218.5,219
1998-12-23,219.25,219.75,218.75,219.25
1998-12-24,219.25,221.25,219,220.75
1998-12-28,220.5,221.75,218.5,219.25
1998-12-29,219,219.5,218.25,218.75
1998-12-30,218.5,218.5,213,213.5
1998-12-31,213.5,214.5,213.25,213.5
1999-01-04,214,215.75,214,214.75
1999-01-05,215.5,218,215,217.25
1999-01-06,217.25,224,217,223.75
1999-01-07,223,223.75,219.5,219.75
1999-01-08,219.5,224.5,219.5,221.5
1999-01-11,221.5,223,219.5,219.75
1999-01-12,219.5,220,216.25,217.5
1999-01-13,217.25,217.75,214.25,215.25
1999-01-14,215,216.25,215,215.75
1999-01-15,215,217.25,215,215.75
1999-01-19,215.5,215.5,211,213.75
1999-01-20,213.75,216,213.5,215.25
1999-01-21,215,218,213.75,215.75
1999-01-22,215.25,217,215.25,216.25
1999-01-25,215.75,215.75,212.25,215.5
1999-01-26,215.25,215.75,215.25,215.5
1999-01-27,215.25,216,214.75,215.75
1999-01-28,215.25,219,214.5,216.25
1999-01-29,216,217.5,214,214.75
1999-02-01,214,216,213.5,215.75
1999-02-02,215.5,218.25,215.25,217.5
1999-02-03,217.25,223,215.25,216
1999-02-04,215.25,217.5,215,217.5
1999-02-05,217.5,218.75,217,218.5
1999-02-08,218.25,219,217.25,217.75
1999-02-09,217.75,218,216.25,216.75
1999-02-10,216.75,220.75,215.5,220.75
1999-02-11,220,220.75,215.5,215.75
1999-02-12,216,217,214.25,215
1999-02-16,215,216.25,213.5,214.25
1999-02-17,214,214.25,212,213.5
1999-02-18,213.5,215.5,213,215.25
1999-02-19,215,215.75,213.75,215
1999-02-22,215,215,212,214
1999-02-23,214,215.5,214,214.75
1999-02-24,215,215,208.5,208.75
1999-02-25,209,209.25,206.5,206.75
1999-02-26,206.25,207.5,204,204.5
1999-03-01,204.25,209.25,201.75,206.5
1999-03-02,206,210.75,205,210.25
1999-03-03,210,211,208,209
1999-03-04,208.75,212.25,208.75,210.5
1999-03-05,210,210,208.5,209
1999-03-08,216,222,215.75,220.75
1999-03-09,220.5,225.5,219.25,221.25
1999-03-10,221.25,224.25,221,223.5
1999-03-11,223.25,225,222.75,224.75
1999-03-12,224.5,224.75,222,222.75
1999-03-15,222,222,219.25,220.25
1999-03-16,220,224,219.75,223.5
1999-03-17,223.5,226.75,223,225.75
1999-03-18,225,228,224,224.25
1999-03-19,224.25,229.5,224,229.5
1999-03-22,227.5,232.75,227.5,232
1999-03-23,231.75,231.75,228.25,228.5
1999-03-24,228.5,230.75,227,228
1999-03-25,228,231.75,226.25,230
1999-03-26,230,233,229,232.25
1999-03-29,231.25,232.25,229.25,232
1999-03-30,231.75,234.25,230.25,232.25
1999-03-31,232,233.5,225,225.5
1999-04-01,226,226.5,221.25,222
1999-04-05,232.25,232.25,232.25,232.25
1999-04-06,232.25,232.25,232.25,232.25
1999-04-07,216.25,218.25,215.5,217.75
1999-04-08,217.75,218.25,215.75,216.5
1999-04-09,216.5,218,215.5,217.75
1999-04-12,217.5,219,214,214.25
1999-04-13,214.5,216.75,214.25,216
1999-04-14,216,220,216,217.5
1999-04-15,217.5,220,217.25,219.75
1999-04-16,219.75,220.5,217.75,218
1999-04-19,218,221.75,217.75,220.5
1999-04-20,220.25,224.5,220.25,224
1999-04-21,224,224.25,223,224
1999-04-22,223.75,225,219,219.5
1999-04-23,219.5,222,219.5,220.25
1999-04-26,220.25,220.25,216,216.25
1999-04-27,217,218,215,215.25
1999-04-28,215.5,217.5,213.5,214.75
1999-04-29,215.25,216.25,213,213.25
1999-04-30,213.25,215.5,213.25,214.75
1999-05-03,214,217,213.5,216.75
1999-05-04,216.25,219.75,216.25,218.75
1999-05-05,223,223,220.75,221.75
1999-05-06,221.75,221.75,219.5,219.75
1999-05-07,219.75,221,217.25,218.5
1999-05-10,218.75,222,218.5,221.75
1999-05-11,220.75,223,219.25,222.25
1999-05-12,222.25,226.25,221.75,223.25
1999-05-13,223,226.25,222.5,224
1999-05-14,224,226,220.75,221.75
1999-05-17,222,225,222,223.75
1999-05-18,222.75,223.25,219.75,221.25
1999-05-19,221,222.25,219.5,219.75
1999-05-20,219.75,221.5,218.75,219.25
1999-05-21,219.25,219.5,218.25,218.5
1999-05-24,218.25,218.5,211.5,211.75
1999-05-25,212,215,212,214.75
1999-05-26,214.5,216.25,213.75,214.75
1999-05-27,214.75,216.75,214.75,216.5
1999-05-28,216.75,220.5,216.75,219.75
1999-06-01,215.5,216.5,214,216.25
1999-06-02,216.5,217.25,214.75,216.75
1999-06-03,217.5,224,217.25,223.25
1999-06-04,217.5,223,217.25,220.75
1999-06-07,221.25,226.5,221.25,222.5
1999-06-08,223.25,224,219.5,223
1999-06-09,222.75,223,220,220.75
1999-06-10,220.5,221.25,219.5,220.25
1999-06-11,219.75,220.5,216.25,217.25
1999-06-14,216.25,218.75,214.5,218.25
1999-06-15,218,218,214,214.25
1999-06-16,214.25,218,214,217.75
1999-06-17,217,220,216.25,217
1999-06-18,217,222,216.75,220.5
1999-06-21,220.5,223.75,217.5,219.25
1999-06-22,218.5,219.75,216,216.25
1999-06-23,216.25,218.5,215.5,217.5
1999-06-24,217.5,218,213.5,214.5
1999-06-25,214.5,215.75,213.75,214.25
1999-06-28,213.5,214,210.75,211.25
1999-06-29,211,214.5,210,210.25
1999-06-30,210.25,212.5,209.5,211.5
1999-07-01,212.75,213.75,203.25,203.25
1999-07-02,204,205.5,196,196.5
1999-07-06,195,195,184.5,185.75
1999-07-07,195,196.25,191.75,191.75
1999-07-08,194.25,196.5,191.5,193.25
1999-07-09,189.75,190,186,187
1999-07-12,187.5,189.75,186.5,187.5
1999-07-13,186,186.5,184,186.5
1999-07-14,186,189,186,188
1999-07-15,188.75,195,188,192.75
1999-07-16,193.5,196.5,187.5,189.25
1999-07-19,190.25,193.5,190.25,191.25
1999-07-20,193,197,191,196.25
1999-07-21,195.75,203.5,195,202.5
1999-07-22,203.5,210,202,204.5
1999-07-23,204,216,204,212
1999-07-26,212.5,213.5,202,204.25
1999-07-27,203.5,205,197.25,197.25
1999-07-28,197,199,197,198
1999-07-29,194.5,200,194,198.75
1999-07-30,199.5,202.5,199,202.5
1999-08-02,205,215.25,204,214.75
1999-08-03,218,233.25,217.5,222.5
1999-08-04,219,224,215.5,222.25
1999-08-05,222,225,219.5,220.25
1999-08-06,222.25,223.25,219.25,222.75
1999-08-09,223,225.25,219.75,222.75
1999-08-10,226,227.5,225,226.5
1999-08-11,227.75,227.75,223.5,223.75
1999-08-12,222,222.75,210.25,210.25
1999-08-13,206.75,209.25,206.75,208.75
1999-08-16,209.5,214,209.5,213.25
1999-08-17,215.5,219.75,215.5,217.5
1999-08-18,216,216.25,213,216
1999-08-19,215,218,212.5,213.5
1999-08-20,213.5,214,211,211.5
1999-08-23,208.5,208.5,205,205.5
1999-08-24,208,208.5,204.5,204.75
1999-08-25,203,206.5,202.75,206.25
1999-08-26,206,206.25,202.5,202.75
1999-08-27,202.5,203.75,201.5,202
1999-08-30,201.5,204.75,201.25,203
1999-08-31,203,206.5,203,205.25
1999-09-01,204.5,207.75,204.5,207.75
1999-09-02,207.5,209,206.5,208.75
1999-09-03,209.5,210.75,208.5,209
1999-09-07,222.75,226.5,222.75,225.25
1999-09-08,224,224,220.75,221
1999-09-09,221,221.75,218.75,219
1999-09-10,219,220,215.75,217.75
1999-09-13,217.5,218.5,215.5,216
1999-09-14,216,216.5,214.25,214.75
1999-09-15,214.5,215,212,212.25
1999-09-16,212.25,213,210.25,212.75
1999-09-17,213,214.5,210,210.25
1999-09-20,210.25,211,209.25,210.25
1999-09-21,210.25,211.5,209,211
1999-09-22,210.5,211.75,210,210.25
1999-09-23,210,210.5,208,208.25
1999-09-24,208.25,212.5,207.75,208.75
1999-09-27,208.75,212.5,208,212
1999-09-28,211.75,215.75,211.5,214
1999-09-29,213.25,215,212.75,213.75
1999-09-30,213,213.5,208,208.25
1999-10-01,208,208.5,204.75,204.75
1999-10-04,204.75,205,203,204.5
1999-10-05,204,205,203.25,203.5
1999-10-06,203.25,205,203.25,204.75
1999-10-07,204,204.75,203,203.25
1999-10-08,203,203.5,198.25,198.25
1999-10-11,198,199,197.5,198.75
1999-10-12,199,202.75,198.75,201.25
1999-10-13,200,201.75,200,200.5
1999-10-14,200,201.75,200,201
1999-10-15,201,201.5,199,199.25
1999-10-18,199,204.25,198.25,202.25
1999-10-19,202,202.25,200.75,201
1999-10-20,201,203.75,200.25,200.5
1999-10-21,200.25,201,199.5,199.75
1999-10-22,199.5,200,199.25,199.25
1999-10-25,199.25,202.25,199,202
1999-10-26,201.25,206,200.75,201.75
1999-10-27,201,201.5,200,200.5
1999-10-28,200.25,202,199.25,199.25
1999-10-29,199.5,200.5,199,199.5
1999-11-01,200,200.75,198,198.25
1999-11-02,199,200.25,198.5,199
1999-11-03,198.75,203,198.25,201.5
1999-11-04,201,202.75,201,201.75
1999-11-05,201.5,203,200.5,201
1999-11-08,201,203.75,201,201.75
1999-11-09,201.75,202.25,200.5,200.75
1999-11-10,200.5,200.5,195,195
1999-11-11,195.25,196.5,194.25,195.25
1999-11-12,195.25,195.5,193.75,194.25
1999-11-15,194,196.5,193.75,196
1999-11-16,196,198.5,195.75,196.25
1999-11-17,196,196.5,194.25,194.5
1999-11-18,194.25,195,192.25,192.5
1999-11-19,192.5,193,191,192.25
1999-11-22,192,194.25,192,194
1999-11-23,193.75,195.25,192,194
1999-11-24,194,194.5,193,193.25
1999-11-26,192.5,193.5,191,191.25
1999-11-29,191.25,192.25,187.5,188
1999-11-30,187.75,189.5,187,187.75
1999-12-01,187.5,190.5,187.25,189.25
1999-12-02,189.5,190.5,188.25,189
1999-12-03,189,191.75,188.25,189.25
1999-12-06,201,205.5,200.25,204.5
1999-12-07,204,204.5,203,203.25
1999-12-08,202.75,203,199.5,200
1999-12-09,200,200.75,197,197.25
1999-12-10,197.25,199,196,198
1999-12-13,197.5,197.5,195.25,195.75
1999-12-14,196,199.5,195.5,199.25
1999-12-15,198.5,199.75,197.5,198.75
1999-12-16,198.5,202,198.5,200
1999-12-17,199.75,202.5,199.75,201.5
1999-12-20,202.25,204.25,202,203.25
1999-12-21,203,203.25,202,202.25
1999-12-22,202,203.75,201.5,203.75
1999-12-23,203.5,204.75,203,204.25
1999-12-27,204.75,206.75,202.75,204
1999-12-28,204,205,203,204.75
1999-12-29,204.5,204.75,203.5,203.5
1999-12-30,203.75,205,203.5,204.5
2000-01-03,204.5,205.75,200.5,200.75
2000-01-04,200.75,203.5,200.75,203
2000-01-05,202.5,203.25,201,203.25
2000-01-06,203,205.75,203,204
2000-01-07,203.25,207.75,202.5,207
2000-01-10,206.25,209.25,204.75,208.5
2000-01-11,208,209.25,206.25,207
2000-01-12,207,216.75,206.75,215.25
2000-01-13,214.5,221.5,214.5,220.75
2000-01-14,220,221.75,218.25,219.25
2000-01-18,217,220.5,215.5,220.5
2000-01-19,220,221,218.75,221
2000-01-20,220.25,221.5,218.75,220.75
2000-01-21,220.75,223,219.75,222.75
2000-01-24,223,227.5,223,227.25
2000-01-25,226.75,228.25,226,227.5
2000-01-26,227,227,222.75,223
2000-01-27,223,226.5,221.25,225.75
2000-01-28,226,226.75,222.75,223.5
2000-01-31,221.75,221.75,218.5,220
2000-02-01,220,222.25,219.5,222
2000-02-02,222,223,220.5,220.75
2000-02-03,220.5,220.5,217.25,218
2000-02-04,217.5,220.25,214.5,220
2000-02-07,220,222,220,221.5
2000-02-08,221,222.5,219.25,221.25
2000-02-09,220.75,222.75,219.5,222.5
2000-02-10,222,226,222,225.75
2000-02-11,225.5,226.5,221.25,221.75
2000-02-14,221.25,225,221.25,222.25
2000-02-15,221.75,223.75,219.75,222.25
2000-02-16,221.75,223.75,221.25,223
2000-02-17,223,223.75,221,221.25
2000-02-18,221.25,221.25,220,220.5
2000-02-22,220,222,219,219
2000-02-23,219,219.5,215,215
2000-02-24,215,216.75,214,216.5
2000-02-25,216.25,216.5,212.75,213
2000-02-28,213,214,211.75,212.25
2000-02-29,220.75,224.5,220,223.75
2000-03-01,223.75,224.75,222.75,223
2000-03-02,222.75,224.5,222,224.25
2000-03-03,224,226.25,224,225.5
2000-03-06,225,229,224.5,228.75
2000-03-07,228.75,229,225,225.25
2000-03-08,224.75,228,224.25,226.5
2000-03-09,226.25,229.25,226.25,227.25
2000-03-10,227,228,225.5,226.75
2000-03-13,227,231.75,226.75,230.75
2000-03-14,230.75,238.25,230.75,238
2000-03-15,237.75,238.75,235.75,235.75
2000-03-16,235.5,239.75,234.25,235.25
2000-03-17,238,241.75,237.5,241
2000-03-20,237,237.25,233.5,235.75
2000-03-21,235,236.5,231.25,232
2000-03-22,232.75,234.75,231.75,234.5
2000-03-23,234.25,234.5,229.5,230.25
2000-03-24,229.75,233.75,229.25,232
2000-03-27,232.5,234.75,229.75,232.5
2000-03-28,231.5,232.25,224.75,225.25
2000-03-29,226,227.5,224,227
2000-03-30,227,233.5,226,233
2000-03-31,232.5,238.5,232,235.75
2000-04-03,236,239.5,233.75,234.25
2000-04-04,234,235.25,230,232
2000-04-05,232.75,234,229.75,232
2000-04-06,232.25,232.5,226.75,227
2000-04-07,227.5,229.5,225.25,229.25
2000-04-10,227,227.5,225.5,227
2000-04-11,226.75,227,223,223.25
2000-04-12,223.25,226.25,222.5,225.5
2000-04-13,225.5,228.5,225,227.5
2000-04-14,229.75,232.25,225.75,225.75
2000-04-17,225.75,226.75,223.25,223.75
2000-04-18,224.25,225.75,223.5,225
2000-04-19,224.5,228,224.5,228
2000-04-20,228,228.75,224.75,226.5
2000-04-24,226.5,228.5,225,227.75
2000-04-25,228,230.75,228,230.5
2000-04-26,230.5,231.75,227.25,227.5
2000-04-27,227.5,227.75,225,225.25
2000-04-28,234.5,235,231.5,231.5
2000-05-01,236,244,235.25,244
2000-05-02,244,249,241.25,246
2000-05-03,246,258.25,245.5,250.75
2000-05-04,250.5,254.5,248.5,250.25
2000-05-05,249.5,250.25,246,248.5
2000-05-08,252,252.5,240.25,241
2000-05-09,240.75,241.75,237.75,238.75
2000-05-10,239,246,239,244.25
2000-05-11,244,246,242,244.75
2000-05-12,244.75,246.5,240.75,245.75
2000-05-15,242.5,242.75,234,239
2000-05-16,239.5,240.25,235.25,235.5
2000-05-17,235,237.25,232,235.5
2000-05-18,241,242,237,238
2000-05-19,238,241,237.5,240.25
2000-05-22,238.25,243.5,236.5,241
2000-05-23,240.5,241.25,238,238.5
2000-05-24,238,238.5,234,235
2000-05-25,234.5,236,229,230.5
2000-05-26,230.75,234,230.25,233.5
2000-05-30,228,228,222.5,224.25
2000-05-31,224.5,226,223.25,225.5
2000-06-01,229,229.5,224.75,225.5
2000-06-02,225.5,229.5,224,229
2000-06-05,231,232.75,223.25,224.25
2000-06-06,224.75,226,222.75,225.75
2000-06-07,228,228,219,219.75
2000-06-08,220,220.75,217.25,219
2000-06-09,219,221,218,219.5
2000-06-12,216,216,208,208.25
2000-06-13,208.75,210,207.5,207.75
2000-06-14,207.25,207.5,200.25,203.25
2000-06-15,203.25,207.25,203.25,205.75
2000-06-16,206.25,209.75,206.25,207.25
2000-06-19,208.25,208.25,203.5,205.5
2000-06-20,204,206,200.75,202.25
2000-06-21,202.25,205,201.25,203.5
2000-06-22,202.5,206,202.5,202.75
2000-06-23,202.5,203,199,199.5
2000-06-26,198.25,198.25,192.5,194.25
2000-06-27,193.5,197.75,193.25,196.75
2000-06-28,196.75,197,192.5,192.75
2000-06-29,192.75,196,192.75,194.75
2000-06-30,203.5,204,195,195.75
2000-07-03,196.5,197,187.75,190.25
2000-07-05,191,193,189.5,192.5
2000-07-06,192,192,187.75,188.5
2000-07-07,188.5,193.75,188.5,190.75
2000-07-10,188.75,188.75,184.5,187
2000-07-11,187.25,188.25,184.75,185
2000-07-12,185,186,181.25,185.75
2000-07-13,185.75,187.75,184.75,186
2000-07-14,185.75,186,181.25,182.5
2000-07-17,182.25,182.25,178.25,179.25
2000-07-18,179,183.25,179,180.75
2000-07-19,180,182.75,178.75,182
2000-07-20,181.5,187,181,186
2000-07-21,185.5,188,185,187.75
2000-07-24,187.75,189.5,183.75,184.5
2000-07-25,183.75,184.5,181.5,182.75
2000-07-26,182.5,183.25,179.25,180.5
2000-07-27,180.5,183,180,181
2000-07-28,181,182.5,180,180.25
2000-07-31,178.25,182,177,180.25
2000-08-01,180.25,181.5,179,179.75
2000-08-02,179.75,182,179.5,180.5
2000-08-03,180.25,182.25,178.5,180
2000-08-04,179.5,180.5,178.5,178.75
2000-08-07,178.75,180,177.5,177.75
2000-08-08,178,179.75,177.5,179.5
2000-08-09,179,179.25,177.75,178.25
2000-08-10,178,179.5,177,177.25
2000-08-11,177,177.5,174,174.75
2000-08-14,174.5,176.25,174,175.75
2000-08-15,175.75,176.25,174.75,175.75
2000-08-16,175.5,179.25,175.5,178.5
2000-08-17,178.5,180.5,177.75,178.5
2000-08-18,178.25,178.75,177,177.5
2000-08-21,177.25,177.25,175.5,176.25
2000-08-22,176.25,177.5,175.25,175.5
2000-08-23,175,175.75,174.5,175.25
2000-08-24,175.25,176.75,174.5,176
2000-08-25,175.75,178.25,175.75,176.5
2000-08-28,180.25,181.5,178,179.5
2000-08-29,181,185,181,184.25
2000-08-30,183.25,184.75,181.25,181.5
2000-08-31,189.5,192.75,189.5,192.75
2000-09-05,189.5,194,189.5,194
2000-09-06,189.5,189.5,189.5,189.5
2000-09-07,189.5,189.5,189.25,189.25
2000-09-08,189.5,192,189.5,192
2000-09-11,189.5,192.25,189.5,192.25
2000-09-12,189.5,190,189.5,190
2000-09-14,188,188,187.75,187.75
2000-09-18,188,188,184,184
2000-09-19,185,185,185,185
2000-09-20,185,185,183.5,183.5
2000-09-21,185,185,183.75,183.75
2000-09-22,185,186.25,185,186.25
2000-09-25,185,186.25,185,186.25
2000-09-26,190,190,190,190
2000-09-27,190,190.5,190,190.5
2000-09-28,190,190.5,190,190.5
2000-09-29,190,192,190,192
2000-10-02,190,192,190,192
2000-10-03,190,195.25,190,195.25
2000-10-04,190,199.5,190,199.5
2000-10-05,190,200.5,190,200.5
2000-10-06,190,199.5,190,199.5
2000-10-09,190,199.5,190,199.5
2000-10-10,190,197.5,190,197.5
2000-10-11,190,199.75,190,199.75
2000-10-12,190,200.5,190,200.5
2000-10-13,190,204,190,204
2000-10-16,190,204,190,204
2000-10-17,203.25,203.25,203.25,203.25
2000-10-18,203.25,203.25,202,202
2000-10-19,203.25,203.25,203,203
2000-10-23,200.75,200.75,200.75,200.75
2000-10-25,200.75,200.75,199.5,199.5
2000-10-26,200.75,200.75,198,198
2000-10-27,200.75,200.75,196.25,196.25
2000-10-30,196,196,196,196
2000-10-31,200.25,200.75,199.75,199.75
2000-11-02,206.5,209.75,206.5,208.5
2000-11-03,211.75,212.5,211.75,212
2000-11-06,213,213.75,213,213.25
2000-11-07,213.5,213.5,213.25,213.5
2000-11-08,214.75,215,214.5,215
2000-11-09,215.75,216,215.25,215.25
2000-11-10,213.5,213.75,213.25,213.25
2000-11-13,212,212,211.5,211.75
2000-11-14,211,211.5,211,211.5
2000-11-15,208.75,209,208.5,208.5
2000-11-16,207.5,208.25,207.25,208.25
2000-11-17,208.5,210.5,208.5,209.25
2000-11-20,211,212.25,210.5,212.25
2000-11-21,210.5,211,210.25,210.25
2000-11-22,210.5,210.75,210.25,210.25
2000-11-24,211,211,210.5,210.75
2000-11-27,211.25,212.5,210.75,212.5
2000-11-28,210.5,210.5,209.75,209.75
2000-11-29,207.75,207.75,207,207.5
2000-12-01,213,213,213,213
2000-12-04,213,213,212.75,212.75
2000-12-14,211.5,211.5,211.5,211.5
2000-12-18,211.5,215.5,211.5,215.5
2000-12-21,218,218,218,218
2000-12-26,220.25,220.5,219.5,220
2000-12-27,218,220.5,217,220.25
2000-12-28,221,221,221,221
2000-12-29,230,230,229.5,230
2001-01-02,231.5,231.75,230.5,231.75
2001-01-03,227,227.5,227,227.25
2001-01-04,230,231,230,230
2001-01-05,230,230,229,229.75
2001-01-08,225.75,225.75,224.5,224.75
2001-01-09,225.5,226,225,226
2001-01-10,227.5,228,227.5,228
2001-01-11,229.5,231,229.25,230.5
2001-01-12,222.25,223,222,223
2001-01-16,219,219,217.5,218.5
2001-01-17,216,217,215.5,216.25
2001-01-18,217.5,219,217.5,218.75
2001-01-19,218.25,219.5,218,218.5
2001-01-22,215,215,214.5,214.5
2001-01-23,215.75,216.75,215.5,216.5
2001-01-24,214,215,214,214.25
2001-01-25,215,215.5,214,214.5
2001-01-26,213.5,214,213,214
2001-01-29,209.5,210,208.75,208.75
2001-01-30,208.25,209.5,208.25,208.75
2001-01-31,209.25,209.75,208.5,208.5
2001-02-01,209,209.25,208.5,208.5
2001-02-02,211,211.75,211,211.5
2001-02-05,213,213.5,212.75,213
2001-02-06,211.75,212,211.5,211.5
2001-02-07,213.5,214,213,214
2001-02-08,212,212,211.25,211.25
2001-02-09,210,210.25,209.5,210.25
2001-02-12,210,210.5,209.75,209.75
2001-02-14,209.75,211,209.75,210.25
2001-02-15,212.5,214,212.5,213.5
2001-02-16,212,213,211.75,213
2001-02-20,212,213.25,211.75,212.5
2001-02-21,212.25,213,212,212
2001-02-22,210.5,210.75,210,210
2001-02-26,209,210,209,209.75
2001-02-27,209.25,209.5,209.25,209.5
2001-02-28,218.5,219.75,218.5,219.75
2001-03-01,222,222.5,221.75,222.5
2001-03-02,223.75,224.75,223.5,224.5
2001-03-06,222.5,222.75,222.5,222.5
2001-03-07,223,224.25,223,224.25
2001-03-08,220.5,221,220.25,220.25
2001-03-09,220.25,221.5,220.25,221.25
2001-03-12,220,220,219,219
2001-03-13,221,222.25,220.5,222.25
2001-03-14,220.5,220.75,220,220.75
2001-03-15,217.5,217.75,216,216
2001-03-16,211,213,211,211.5
2001-03-19,208,209.5,208,208.75
2001-03-20,209,209.75,209,209.75
2001-03-21,212,212,211.75,211.75
2001-03-22,210,210,208.5,208.5
2001-03-23,205.75,206.25,204.75,206
2001-03-26,208.5,209,207.5,208.5
2001-03-27,209.75,210.25,209.75,210.25
2001-03-28,210.75,210.75,210,210.5
2001-03-29,209.25,210,209,209.5
2001-03-30,207.25,207.25,206,206.5
2001-04-02,208,209.75,208,209.25
2001-04-04,209,210.25,208.25,210.25
2001-04-05,211.5,212.75,211.5,212.75
2001-04-06,212,214,212,213.75
2001-04-09,210.25,212.5,210.25,212.25
2001-04-10,211.25,211.75,211,211
2001-04-11,209.25,209.5,208.75,209.25
2001-04-12,210.5,210.75,210,210.5
2001-04-16,212.5,214,212.5,213.5
2001-04-17,212,213,211.75,212.75
2001-04-18,209.25,209.75,209.25,209.75
2001-04-19,209,209.75,209,209
2001-04-20,204.5,205.5,204.25,204.25
2001-04-23,202.25,203.25,201.5,201.5
2001-04-24,196.75,198,196.75,198
2001-04-25,194.5,195,194.5,194.5
2001-04-26,195.75,197,195.75,197
2001-04-27,199.25,199.25,198.25,198.25
2001-04-30,203.75,204.25,203,203
2001-05-01,207.5,208,207.25,208
2001-05-02,207.5,207.75,207,207.25
2001-05-03,208.75,209.25,208.75,209
2001-05-04,207.5,208,207,208
2001-05-07,210,211.5,208.75,209.5
2001-05-08,208,209.25,207.25,207.25
2001-05-09,205,205.25,203,205.25
2001-05-10,204.75,205,204.25,205
2001-05-11,198.25,199.5,198.25,198.25
2001-05-14,197,198,197,197.5
2001-05-15,201.5,202,201.25,201.5
2001-05-16,201.75,201.75,200.75,201.25
2001-05-17,201.25,201.5,200.75,201
2001-05-18,201,201.5,200.75,201.5
2001-05-21,198.25,198.75,198.25,198.5
2001-05-22,194,194.75,194,194
2001-05-23,191.25,192.75,191.25,192.5
2001-05-24,192.25,193,192.25,193
2001-05-25,194,194,193.25,193.25
2001-05-29,191,192.5,189.5,190.75
2001-05-30,189.5,190.5,189.25,189.25
2001-05-31,190,190.25,188.5,190.25
2001-06-01,192.25,193.5,192,193.5
2001-06-04,197.5,197.75,196.5,196.5
2001-06-05,196.25,197.5,196.25,197
2001-06-06,202.5,202.75,202,202
2001-06-07,206.5,207.75,206.5,207.5
2001-06-08,205.5,205.5,204,205.5
2001-06-12,206.5,206.75,206,206.5
2001-06-13,204.75,206,204.25,206
2001-06-14,204,204.5,204,204
2001-06-15,202.5,202.5,202,202
2001-06-18,199.25,199.5,197.25,199.5
2001-06-19,198.5,200.25,198.5,200.25
2001-06-20,200.5,201,200,200.5
2001-06-21,197.75,198,197.75,197.75
2001-06-22,195.5,197,195.5,197
2001-06-25,195.75,195.75,194.25,194.25
2001-06-26,192.25,192.75,192.25,192.5
2001-06-27,193.25,194.5,193.25,194.5
2001-06-28,196,197.25,195.75,197.25
2001-06-29,197,197.25,196,197.25
2001-07-02,197,197,196.25,196.5
2001-07-03,198.5,199.25,198.5,198.5
2001-07-05,202,202.25,199,201.5
2001-07-06,205.25,206,205,206
2001-07-09,205,206,204.25,205.5
2001-07-10,211,214.5,210.25,213
2001-07-11,216,220,216,220
2001-07-12,223.75,226,222.5,225.5
2001-07-13,233.5,236,230.75,230.75
2001-07-16,222,223.5,218.5,219.25
2001-07-17,217,226.5,217,225
2001-07-18,224.5,225,215,216
2001-07-19,216,219.25,215.75,216.75
2001-07-20,216,217,214.5,214.5
2001-07-23,207.75,207.75,203.5,207.5
2001-07-24,215,218.75,213.25,213.25
2001-07-25,214.5,218.75,214.5,217.5
2001-07-26,219.5,221,219.5,221
2001-07-27,218,219.5,216.75,219
2001-07-30,218.75,220.25,218,218.5
2001-07-31,213.75,213.75,211.5,213
2001-08-01,218.5,220,215.75,219
2001-08-02,215.75,217.5,215.75,217.5
2001-08-03,213.5,215.75,213.5,214.5
2001-08-06,211,212,210.5,211
2001-08-07,215.75,217,215.75,216.5
2001-08-08,216,216.5,216,216
2001-08-09,217,218,217,218
2001-08-10,219.25,222,219.25,222
2001-08-13,222,223.5,222,222
2001-08-14,224,224,221.75,221.75
2001-08-15,221.5,222.5,221.5,222.5
2001-08-16,219.25,220.5,219.25,220
2001-08-17,217,218,216.25,216.5
2001-08-20,211,213.25,211,212.25
2001-08-21,214.5,215.5,214,215.5
2001-08-22,215,215.5,214.75,215.5
2001-08-23,215,215.5,215,215
2001-08-24,217.75,218,217.25,217.5
2001-08-27,214.5,215.25,214,214.25
2001-08-28,218.5,219.75,218.5,219.75
2001-08-29,216,216.5,216,216
2001-08-30,217.5,218,217.5,217.5
2001-09-04,227.25,227.25,227.25,227.25
2001-09-05,227.25,227.25,225.25,225.25
2001-09-07,221.25,221.25,221.25,221.25
2001-09-10,221.75,221.75,221.75,221.75
2001-09-11,221.75,221.75,221.75,221.75
2001-09-12,221.75,221.75,221.75,221.75
2001-09-13,221.75,225,221.75,225
2001-09-18,217.25,217.25,217.25,217.25
2001-09-19,214.25,214.25,214.25,214.25
2001-09-20,211.25,211.25,211.25,211.25
2001-09-21,214,214,214,214
2001-09-25,210.5,210.5,210.5,210.5
2001-09-26,210.75,210.75,210.75,210.75
2001-09-27,212.5,212.5,212.5,212.5
2001-09-28,211.75,211.75,211.75,211.75
2001-10-01,211.75,211.75,211.75,211.75
2001-10-02,205.75,205.75,205.75,205.75
2001-10-03,204.5,204.5,204.5,204.5
2001-10-04,206,206,206,206
2001-10-05,206.75,206.75,206.75,206.75
2001-10-08,209.5,209.5,209.5,209.5
2001-10-09,211,211,211,211
2001-10-10,208.5,208.5,208.5,208.5
2001-10-11,209.5,209.5,209.5,209.5
2001-10-12,208.25,208.25,208.25,208.25
2001-10-15,200.75,200.75,200.75,200.75
2001-10-17,201.75,201.75,201.75,201.75
2001-10-18,202.75,202.75,202.75,202.75
2001-10-19,200.5,200.5,200.5,200.5
2001-10-22,200.5,200.5,200.5,200.5
2001-10-23,199,199,199,199
2001-10-24,199.25,199.25,199.25,199.25
2001-10-26,202,202,202,202
2001-10-29,202,202,200.25,200.5
2001-10-30,202,202,198.5,198.5
2001-10-31,205.5,206,205.25,205.5
2001-11-01,205,205.25,204.5,205
2001-11-02,203.75,204.5,203.5,203.75
2001-11-05,202,202.25,201.5,201.75
2001-11-06,202.5,203,202.5,202.75
2001-11-07,202,202.5,202,202.25
2001-11-08,202.25,202.5,202.25,202.5
2001-11-09,202.25,202.75,202,202.75
2001-11-12,205.5,206,205.25,205.5
2001-11-13,206,206.25,205.75,206
2001-11-14,204.75,205.75,204.75,205
2001-11-15,206.5,207,206.5,207
2001-11-16,206,206.5,206,206
2001-11-19,206.75,209,206.5,208.75
2001-11-20,209,209.5,209,209
2001-11-21,208.25,209.5,208.25,209.5
2001-11-23,208.75,209,208.5,209
2001-11-26,208.5,208.5,208,208
2001-11-27,204,204,203.5,203.5
2001-11-28,203.75,204,203.25,203.75
2001-11-29,199,199.5,198.75,199.25
2001-11-30,206,206,204,204
2001-12-03,212.5,212.5,212.5,212.5
2001-12-04,213.75,213.75,213.75,213.75
2001-12-05,211.75,211.75,211.75,211.75
2001-12-06,209,209,209,209
2001-12-07,211.25,211.25,211.25,211.25
2001-12-10,212,212,212,212
2001-12-12,211.5,211.5,211.5,211.5
2001-12-13,208.75,208.75,208.75,208.75
2001-12-14,209.75,209.75,209.75,209.75
2001-12-17,208,208,208,208
2001-12-18,206.5,206.5,206.5,206.5
2001-12-19,206.75,206.75,206.75,206.75
2001-12-20,204.75,204.75,204.75,204.75
2001-12-21,203.5,203.5,203.5,203.5
2001-12-24,203.5,203.5,203.5,203.5
2001-12-26,199.75,199.75,199.75,199.75
2001-12-27,202,202,201,202
2001-12-28,202,202,200.75,200.75
2001-12-31,209.5,209.75,209.25,209.5
2002-01-02,209,210,209,210
2002-01-03,208.25,208.5,208.25,208.5
2002-01-04,210,211,210,211
2002-01-07,210,211.5,210,210.5
2002-01-08,211.25,211.75,211,211.75
2002-01-09,211.25,211.5,210.75,210.75
2002-01-10,210,210.5,209.5,209.5
2002-01-11,208.75,209,208.5,208.75
2002-01-14,213,214,212.75,214
2002-01-15,211,211.75,211,211.5
2002-01-16,212.5,213.5,212.5,213
2002-01-17,214.5,215.75,214.5,215.25
2002-01-18,213.5,214.25,213.25,213.5
2002-01-22,211.5,212,211.25,211.25
2002-01-23,209.5,209.75,209.25,209.75
2002-01-24,208.75,209.5,208.75,209
2002-01-25,209.5,210.75,209.25,210.25
2002-01-28,208.5,208.5,207.25,207.5
2002-01-29,207.25,207.75,207,207.5
2002-01-30,206.25,206.5,205.25,205.5
2002-01-31,205.75,206.5,205.5,206.5
2002-02-01,205.75,206,205.5,205.5
2002-02-04,204.5,207,204.5,206
2002-02-05,206,206.5,205.75,206
2002-02-06,206.25,206.75,206.25,206.5
2002-02-07,204.25,204.75,204.25,204.25
2002-02-08,204.5,205.25,204.5,205
2002-02-11,205,205.25,204.75,205.25
2002-02-12,205.25,205.75,205.25,205.25
2002-02-13,205.5,206.25,205.5,206
2002-02-14,208.25,209.5,208.25,209.25
2002-02-15,206.5,207,206.25,206.75
2002-02-19,205,205.75,205,205.5
2002-02-20,206,206.75,206,206.75
2002-02-21,206.75,207.5,206.75,207.5
2002-02-22,206.75,207.5,206.25,207.5
2002-02-25,205,205.25,204.5,204.75
2002-02-26,202,202.5,202,202.5
2002-02-27,199,200.25,199,200
2002-02-28,207,207.5,207,207
2002-03-01,207,207.5,206.75,206.75
2002-03-04,208.5,209.5,208.25,209
2002-03-05,208.25,208.5,207.75,208
2002-03-06,209.5,209.75,209.25,209.5
2002-03-07,208.25,210,208,210
2002-03-08,207.5,209,207.5,207.5
2002-03-11,208,208.75,207.75,208
2002-03-12,209.75,210.75,209.75,210.5
2002-03-13,210.5,210.5,210,210.5
2002-03-14,207.75,209,207.75,208.75
2002-03-15,207.75,208,207,207
2002-03-18,205.25,206,205,205.25
2002-03-19,206,206.25,205.5,205.5
2002-03-20,206.25,206.75,206.25,206.75
2002-03-21,205.75,206,205.75,206
2002-03-22,205.5,206.25,205,206.25
2002-03-25,204.75,205,204.5,204.75
2002-03-26,203.75,205,203.75,205
2002-03-27,204.5,205.25,204.5,204.5
2002-03-28,206,207.25,205.75,207
2002-04-01,202.5,202.75,202.5,202.5
2002-04-02,203.5,205,203.5,204.25
2002-04-03,203.75,204,203.75,204
2002-04-04,201.25,201.5,201,201.25
2002-04-05,201.5,201.75,201.25,201.5
2002-04-08,200.5,200.75,200.25,200.75
2002-04-09,201.5,202,201.5,202
2002-04-10,201.25,201.5,201,201.25
2002-04-11,199.75,200.25,198.75,198.75
2002-04-12,198.75,198.75,197.75,197.75
2002-04-15,197,198,196,196
2002-04-16,196,197.75,195.5,197.75
2002-04-17,197.75,199.75,197.75,199.75
2002-04-18,199.75,200.5,198.25,198.25
2002-04-19,198.25,198.75,197.25,197.25
2002-04-22,197.25,198.75,197.25,198.75
2002-04-23,198.5,198.75,198.5,198.75
2002-04-24,198.75,199.25,197.75,197.75
2002-04-25,198,198.75,197,197
2002-04-26,197,198.5,196.25,196.25
2002-04-29,196.25,197.75,192.5,192.5
2002-04-30,200.25,201.25,200.25,200.5
2002-05-01,200.75,203,200.75,203
2002-05-02,203,203.75,200.5,200.5
2002-05-03,200.5,201,200.25,201
2002-05-06,200,200.5,198.75,200.5
2002-05-07,201,204.75,200.5,204.75
2002-05-08,204.5,205,203.5,204.5
2002-05-09,204.25,205.5,203.75,205.5
2002-05-10,205.5,206,205.25,206
2002-05-13,208,215,208,215
2002-05-14,212.5,215.5,212.5,215.5
2002-05-15,215.5,216.75,215.5,216.25
2002-05-16,216,216,213.25,213.25
2002-05-17,213.25,213.75,209,209
2002-05-20,208.75,211.5,208.5,211.5
2002-05-21,212.25,213.5,210.75,210.75
2002-05-22,210.75,212,207.5,207.5
2002-05-23,208.25,208.25,207.5,207.75
2002-05-24,207.75,208,207,207
2002-05-28,205,207.5,204.25,207.5
2002-05-29,208.25,211.5,207.75,211.5
2002-05-30,211.25,212.5,211,212.5
2002-05-31,212,214,211.25,214
2002-06-03,212,212,209.5,209.5
2002-06-04,209,210.5,209,210.5
2002-06-05,210.25,210.5,210,210.25
2002-06-06,210,210.5,209,209
2002-06-07,209,209.25,206.75,206.75
2002-06-10,205.5,206.75,204,206.75
2002-06-11,206.5,206.75,204.25,204.25
2002-06-12,204,206.75,204,206.75
2002-06-13,206.75,211.75,206,211.75
2002-06-14,211.5,211.75,209.25,209.25
2002-06-17,208,208.75,207.5,208
2002-06-18,208,209,206.75,206.75
2002-06-19,206.75,208.75,206.75,208.75
2002-06-20,208.75,211,208.75,210
2002-06-21,210,210.75,210,210.25
2002-06-24,213.25,218,213.25,218
2002-06-25,217.25,219.75,217,219.75
2002-06-26,219.25,221.5,218.25,221.5
2002-06-27,221,226,221,226
2002-06-28,233,236.25,233,233
2002-07-01,233,240.5,233,240.5
2002-07-02,240.75,243,235.5,235.5
2002-07-03,235,236,231,231.25
2002-07-05,231.5,236.5,228,236.5
2002-07-08,232.5,232.75,229,229.25
2002-07-09,231,235.5,231,232.5
2002-07-10,232,232,228.5,228.75
2002-07-11,228.75,231.25,223.75,223.75
2002-07-12,223.75,225,222.5,222.5
2002-07-15,224,227.25,224,227.25
2002-07-16,232,235,232,234.75
2002-07-17,234.5,234.5,231.5,231.5
2002-07-18,230,232.75,228.25,232.75
2002-07-19,231.5,234.75,229.75,234.75
2002-07-22,239,246,239,246
2002-07-23,248.75,249.5,241.5,241.5
2002-07-24,241.25,249.25,241.25,249.25
2002-07-25,248.75,249,244.25,244.25
2002-07-26,244.75,246.5,243,243
2002-07-29,238,238.75,231,231
2002-07-30,232.75,236,232,236
2002-07-31,236,247.25,236,247.25
2002-08-01,247.75,251,247.75,249.25
2002-08-02,249.25,252.75,249.25,252.75
2002-08-05,248.75,253.5,244,253.5
2002-08-06,253.5,255.5,251.25,251.25
2002-08-07,250.75,250.75,248.75,249
2002-08-08,248.5,250.25,246.25,246.25
2002-08-09,246.25,250.25,246,250.25
2002-08-12,250,260.75,250,260.75
2002-08-13,260.75,267.75,260.75,267.75
2002-08-14,266.5,273,266,273
2002-08-15,273,276,272.25,272.25
2002-08-16,272,274,270.75,270.75
2002-08-19,270,272,266,266
2002-08-20,265.25,265.5,259.5,259.5
2002-08-21,259,261.25,258.75,261.25
2002-08-22,261.5,262,260,260.5
2002-08-23,261,262.5,260.25,262.5
2002-08-26,262.5,264.75,262.5,263.25
2002-08-27,263,263.5,261.25,261.25
2002-08-28,261,263.5,259.5,259.5
2002-08-29,259.25,259.5,256.5,256.5
2002-08-30,266.75,268,266,268
2002-09-03,268.5,274.25,268.5,274.25
2002-09-04,275,278.5,274.25,278.5
2002-09-05,278,280.5,277.25,280.5
2002-09-06,280.5,283.25,280.25,283.25
2002-09-09,283.75,289.25,283.75,289.25
2002-09-10,288.5,291.5,287.5,287.5
2002-09-11,287,292.5,286,292.5
2002-09-12,292,293,283.25,283.25
2002-09-13,282.75,282.75,275.25,276.25
2002-09-16,275.75,278,275,278
2002-09-17,277.75,278.75,276,276.5
2002-09-18,276.25,276.75,272.5,272.5
2002-09-19,272,272.25,266.75,266.75
2002-09-20,266.25,266.75,260.75,260.75
2002-09-23,260.75,260.75,254.25,254.25
2002-09-24,254.5,259.5,254.25,259.5
2002-09-25,259.75,261,258.5,258.5
2002-09-26,258.5,260.5,258.25,260.5
2002-09-27,260.5,261,258.75,258.75
2002-09-30,258,258.25,251.5,251.5
2002-10-01,251.75,255.75,251.5,255.75
2002-10-02,256,257,255.75,257
2002-10-03,257,257,254.5,254.5
2002-10-04,253.75,257.75,253.75,257.75
2002-10-07,257.75,260,257.25,260
2002-10-08,260,260,257.5,257.5
2002-10-09,257.5,257.5,256,256
2002-10-10,255.75,256,251.5,251.5
2002-10-11,251.5,252.75,246.75,246.75
2002-10-14,246.75,247,245.25,245.5
2002-10-15,245.5,254,245.5,254
2002-10-16,254,257.5,253.25,253.25
2002-10-17,252.75,255.5,252,255.5
2002-10-18,255.25,257.5,254.25,254.25
2002-10-21,253.5,255.25,253.5,254.25
2002-10-22,253.75,253.75,251.5,251.5
2002-10-23,251,252.5,250.25,250.25
2002-10-24,250.25,250.5,250,250.25
2002-10-25,250,250.25,249.5,250.25
2002-10-28,250.25,250.25,247.5,247.5
2002-10-29,247.25,249,247,249
2002-10-30,249,251,246,246
2002-10-31,246,247.5,245,247.5
2002-11-01,247.75,247.75,246,247.5
2002-11-04,247,248,244.25,244.25
2002-11-05,244.25,244.5,242,242
2002-11-06,242.25,243,242,243
2002-11-07,243,243.5,241,241
2002-11-08,241,241,235.75,235.75
2002-11-11,235.75,235.75,235.25,235.75
2002-11-12,235.75,238.25,235,238.25
2002-11-13,237.75,240.5,237,240.5
2002-11-14,240.5,244,240.5,244
2002-11-15,244,244.5,242,242
2002-11-18,242,243.75,241.75,243.75
2002-11-19,243.25,247.5,243.25,247.5
2002-11-20,247.25,248,246.75,248
2002-11-21,248,248,246.5,246.5
2002-11-22,246.5,247.75,246.25,247.75
2002-11-25,247.5,247.5,243.25,243.25
2002-11-26,244,244,242.25,242.25
2002-11-27,242.25,242.75,240.75,240.75
2002-11-29,235.25,235.25,235.25,235.25
2002-12-02,235.25,235.25,235.25,235.25
2002-12-03,235.25,235.25,235.25,235.25
2002-12-04,235.25,235.25,235.25,235.25
2002-12-05,235.25,235.25,235.25,235.25
2002-12-06,235.25,235.25,235.25,235.25
2002-12-09,235.25,235.25,235.25,235.25
2002-12-10,235.25,235.25,235.25,235.25
2002-12-11,235.25,235.25,235.25,235.25
2002-12-12,235.25,235.25,235.25,235.25
2002-12-13,235.25,235.25,235.25,235.25
2002-12-16,235.25,235.25,235.25,235.25
2002-12-17,235.25,235.25,235.25,235.25
2002-12-18,235.25,235.25,235.25,235.25
2002-12-19,240,240.5,239.5,239.75
2002-12-20,239.75,240.25,239.25,239.25
2002-12-23,239,242.75,239,242.75
2002-12-24,242.75,242.75,242.75,242.75
2002-12-26,242.75,242.75,242.75,242.75
2002-12-27,242.75,242.75,239.75,239.75
2002-12-30,239,239.5,235.75,235.75
2002-12-31,235.75,236.25,235.75,235.75
2003-01-02,235.75,237,235.5,237
2003-01-03,237,237,236,236
2003-01-06,236,237,235.5,235.75
2003-01-07,235.75,240,235.75,240
2003-01-08,240,245.25,240,245.25
2003-01-09,245,245.25,243.5,243.5
2003-01-10,243,244,234.75,234.75
2003-01-13,235,235,230.5,230.5
2003-01-14,230.75,232,230.75,231.25
2003-01-15,231.75,232,231,231.25
2003-01-16,231,231.5,230.75,230.75
2003-01-17,230.5,232.5,229.75,232.5
2003-01-21,232,233.75,231.75,233.75
2003-01-22,233.5,234.75,233.5,234.75
2003-01-23,235,235.5,234.75,235.5
2003-01-24,234.75,235.5,234.5,235.5
2003-01-27,235,238.25,235,235
2003-01-28,235,238.5,234.75,238.5
2003-01-29,238,239,235.5,235.5
2003-01-30,235.5,237,235.5,237
2003-01-31,236.75,238.25,236.5,238.25
2003-02-03,237.25,237.25,236,236.75
2003-02-04,236.25,237.75,236.25,237.75
2003-02-05,237.75,238,236.75,236.75
2003-02-06,236.5,239,236,239
2003-02-07,238.75,239.75,238.75,239.75
2003-02-10,239.75,242.5,239.5,241.5
2003-02-11,241,241.75,241,241.5
2003-02-12,241.75,243,239.25,239.25
2003-02-13,239.5,240,239.5,239.75
2003-02-14,239.5,240.25,239.5,240.25
2003-02-18,239.5,240,238.25,238.25
2003-02-19,238,238,235.25,235.25
2003-02-20,235,235.5,234.25,235.5
2003-02-21,235.5,236.75,231.75,231.75
2003-02-24,232,232,230.75,230.75
2003-02-25,230.75,232,230.75,232
2003-02-26,231.75,232.5,231.75,231.75
2003-02-27,231.5,232.5,230.25,230.25
2003-02-28,232.25,233.25,232.25,233.25
2003-03-03,234,234.5,233.75,234.5
2003-03-04,234.75,236.25,234.5,236.25
2003-03-05,236.5,237.5,236.5,237.25
2003-03-06,237,240.25,236,240.25
2003-03-07,240,240.25,239.5,240
2003-03-10,239.5,239.75,237,237
2003-03-11,236.75,237,236,236
2003-03-12,235,235.5,235,235.5
2003-03-13,235.5,236.5,235.5,235.5
2003-03-14,235.25,235.25,233,233
2003-03-17,232.75,233.5,229.75,229.75
2003-03-18,229.75,230.5,229.5,229.75
2003-03-19,230,231.5,230,231.5
2003-03-20,231.5,233.75,231.5,233.75
2003-03-21,233.5,233.75,231.5,231.5
2003-03-24,231,231,229,229
2003-03-25,229,229.5,228.25,228.25
2003-03-26,228.25,229.5,228,228
2003-03-27,228.25,229,228.25,228.75
2003-03-28,228.75,229.5,227.75,227.75
2003-03-31,227.75,236.5,227.75,236.5
2003-04-01,236.25,239.5,236.25,239.5
2003-04-02,239.25,240.25,238.5,240.25
2003-04-03,239.75,239.75,238.75,238.75
2003-04-04,238.5,239,238,239
2003-04-07,238.5,243.25,238.5,243.25
2003-04-08,243,243,242.5,242.75
2003-04-09,242.25,242.5,241.75,242
2003-04-10,242,242.25,238.75,238.75
2003-04-11,238.5,239.25,238.25,239.25
2003-04-14,239.25,240.5,239.25,239.25
2003-04-15,239.25,241.75,239.25,241.75
2003-04-16,241.75,242.5,239.25,239.25
2003-04-17,239.25,240.75,238.25,240.75
2003-04-21,240.5,240.5,238.75,238.75
2003-04-22,238.75,239.25,238.5,238.75
2003-04-23,238.75,239,238.75,238.75
2003-04-24,238.5,239.5,237.25,237.25
2003-04-25,237,237.25,234.75,234.75
2003-04-28,234.75,235.25,231.75,231.75
2003-04-29,232,233,231.75,231.75
2003-04-30,231.5,232,231.25,231.25
2003-05-01,231,231.5,230.5,231.5
2003-05-02,231.5,232.5,231.5,232.5
2003-05-05,233.5,237.25,233.5,237.25
2003-05-06,236,237.5,235.5,237.5
2003-05-07,237.5,242.5,237.5,242.5
2003-05-08,242,242.5,241.5,242.5
2003-05-09,242.5,252,241.75,252
2003-05-12,248.75,252.25,248.25,252.25
2003-05-13,252,252.75,251,252.75
2003-05-14,252.25,253,252.25,252.75
2003-05-15,251,255.75,251,255.75
2003-05-16,255,255.5,254,254.25
2003-05-19,252.25,252.5,246.75,246.75
2003-05-20,246.75,247.25,246,246.75
2003-05-21,246.75,247.75,245.5,245.5
2003-05-22,245.5,246,243.75,243.75
2003-05-23,243.75,244.5,243.5,243.75
2003-05-27,243,243,240.25,242
2003-05-28,242.25,243.75,241.25,241.25
2003-05-29,241,245,240.5,245
2003-05-30,245,245.5,244.25,244.25
2003-06-02,243.25,243.25,241.5,241.5
2003-06-03,240.75,240.75,239.5,240
2003-06-04,239.75,240.25,237.5,237.5
2003-06-05,237.5,238.5,235.75,235.75
2003-06-06,235.75,238.75,235.75,238.75
2003-06-09,236.25,237.25,236,236.25
2003-06-10,236,239.25,236,239.25
2003-06-11,238.5,244,238.5,244
2003-06-12,243.75,247,243.5,247
2003-06-13,246,246.25,241.75,241.75
2003-06-16,240.5,241,239.25,240.5
2003-06-17,239.75,242,239.25,242
2003-06-18,242,244.25,242,244.25
2003-06-19,244,245.5,244,244.5
2003-06-20,243.5,243.5,241.5,242.75
2003-06-23,242,242.5,239.5,239.5
2003-06-24,239.5,240,239,239.25
2003-06-25,239.25,239.75,238.75,238.75
2003-06-26,238.5,238.5,233,233
2003-06-27,233.5,234,233,233.5
2003-06-30,229.25,229.75,223.75,223.75
2003-07-01,224,225.25,223.5,225.25
2003-07-02,225.25,225.5,223.25,223.25
2003-07-03,223.25,225,222.25,222.25
2003-07-07,220.5,221,218.5,219.5
2003-07-08,220,223.25,220,223.25
2003-07-09,223.25,225,220.75,220.75
2003-07-10,221,221.5,215,215
2003-07-11,215,215,213.25,213.25
2003-07-14,213,214.5,212,212
2003-07-15,211.5,212.75,208.5,208.5
2003-07-16,208.5,208.75,208,208
2003-07-17,208,209,207.25,207.25
2003-07-18,207,207.25,206,206
2003-07-21,206,208.25,206,208.25
2003-07-22,208,209.5,208,208.5
2003-07-23,208.25,209,205.5,205.5
2003-07-24,205.5,206.5,205.5,205.5
2003-07-25,205.5,206.5,205,206.5
2003-07-28,207,209.75,207,209.75
2003-07-29,210.25,212,210,210
2003-07-30,210,210,207.75,207.75
2003-07-31,207.75,208.5,206,206
2003-08-01,206,207,206,206.75
2003-08-04,207.25,209.5,206.5,209.5
2003-08-05,209.75,211.25,209.5,209.5
2003-08-06,209.75,211.5,209.5,211.5
2003-08-07,211.5,212.25,211.25,212.25
2003-08-08,212.25,213,212.25,212.75
2003-08-11,212.25,212.25,209.5,209.5
2003-08-12,209,219.75,209,219.75
2003-08-13,219.25,220.25,218.75,220
2003-08-14,219,220.5,219,220
2003-08-15,220,220.25,219.75,220.25
2003-08-18,222,228.75,222,228.75
2003-08-19,228.75,228.75,223,223
2003-08-20,223,226.75,223,226.75
2003-08-21,226.5,229,224.5,224.5
2003-08-22,224.5,226.75,224,226.75
2003-08-25,227,227.75,224.75,227.25
2003-08-26,231,234.5,227.75,227.75
2003-08-27,227,229,227,229
2003-08-28,228.75,230,228,230
2003-08-29,238,241.75,237.25,241.75
2003-09-02,238.5,240,236.5,240
2003-09-03,241,244.25,240.5,244.25
2003-09-04,244,247,243.5,247
2003-09-05,246.5,247,243,243
2003-09-08,242.5,244.25,240.25,240.25
2003-09-09,240.25,242.75,240.25,242.75
2003-09-10,242.5,242.75,241.75,242.25
2003-09-11,242,242,233,233
2003-09-12,232.75,232.75,228,228
2003-09-15,228,228.5,227,227
2003-09-16,227,228.25,224.25,224.25
2003-09-17,224,225,223.75,223.75
2003-09-18,223.75,224.75,223.75,223.75
2003-09-19,223.75,226,223.5,226
2003-09-22,225.5,228,225.5,227.75
2003-09-23,227.75,227.75,223.75,223.75
2003-09-24,223.75,224.25,222.75,224.25
2003-09-25,224.25,226.25,224.25,226.25
2003-09-26,226,227.5,225,226.25
2003-09-29,226,228,225.5,226
2003-09-30,226,226,220.25,220.25
2003-10-01,220.25,220.5,219.5,220.25
2003-10-02,220,223.5,220,220.25
2003-10-03,220,223,219.75,223
2003-10-06,221.5,222,221,221.25
2003-10-07,221,223.5,221,223.5
2003-10-08,223.25,224,221.5,221.5
2003-10-09,221.5,222,221.25,221.75
2003-10-10,221.25,221.5,216.25,216.25
2003-10-13,216,217.5,215.5,217.5
2003-10-14,217.5,218.5,217.5,218.5
2003-10-15,218,218.5,216.5,216.5
2003-10-16,216.25,216.75,214.75,214.75
2003-10-17,215,215.5,214.25,214.25
2003-10-20,214,214.5,213.75,213.75
2003-10-21,213.5,215.75,213.25,215.75
2003-10-22,215,220.25,215,220.25
2003-10-23,220.25,235,220.25,235
2003-10-24,233.5,235,233,235
2003-10-27,234.75,240,234.5,235.25
2003-10-28,234.5,240.25,233.75,240.25
2003-10-29,240,248.25,239.5,248.25
2003-10-30,248,249.75,246.75,247.75
2003-10-31,247,248,246,247.25
2003-11-03,246,247.25,240,240
2003-11-04,239,239.75,232.25,232.25
2003-11-05,231.75,236.75,229,236.75
2003-11-06,237.25,239,234.25,234.25
2003-11-07,233.25,235.25,232.75,235.25
2003-11-10,234.25,235,232.75,232.75
2003-11-11,232.5,234.25,232.5,232.5
2003-11-12,232,240.25,232,240.25
2003-11-13,240.25,243.5,240.25,240.75
2003-11-14,240.5,241.5,240,240.5
2003-11-17,240,241.75,238.25,238.25
2003-11-18,237.5,239.25,235.75,235.75
2003-11-19,235.5,236.25,231.25,231.25
2003-11-20,231.25,235.25,230.5,235.25
2003-11-21,234.5,236.5,234.5,236
2003-11-24,234.75,236.25,233.75,234.75
2003-11-25,234,240,233.25,239.5
2003-11-26,240.5,243.25,240.25,242.5
2003-11-28,249.5,249.75,247,248.75
2003-12-01,250.75,251,248,249.25
2003-12-02,249,249.5,247.25,248.25
2003-12-03,249,253,248.5,252.25
2003-12-04,252,253.75,248.5,249
2003-12-05,247.5,249,245.75,248.5
2003-12-08,247,250.25,246.75,248
2003-12-09,249.5,250,246.75,249.75
2003-12-10,250,250,248.5,249.75
2003-12-11,249.75,253,245.75,251
2003-12-12,251,253,249.75,252.5
2003-12-15,253.75,254.5,248.5,253.5
2003-12-16,253,254,249.75,252
2003-12-17,251.5,252.25,250,251.5
2003-12-18,251,251,248.25,249.5
2003-12-19,251.5,251.75,246.5,249.25
2003-12-22,248,248,246,246.25
2003-12-23,245,245.5,243.5,243.75
2003-12-24,229,238.5,229,235.75
2003-12-26,234,240.5,232.75,239.75
2003-12-29,241,244,239.5,242.75
2003-12-30,240.5,242.25,240.5,241
2003-12-31,240.5,246,240.5,246
2004-01-02,246,253.25,245.75,253.25
2004-01-05,252,253,250.5,253
2004-01-06,252.75,254.25,251.5,251.5
2004-01-07,251,251.75,250,250
2004-01-08,249.75,251.75,248.5,251.75
2004-01-09,251.25,252.75,251,251
2004-01-12,251,265.5,249.25,265.5
2004-01-13,263.75,268.5,263.75,268.5
2004-01-14,268,268.75,266.5,268.75
2004-01-15,268,268.75,267.75,268.75
2004-01-16,268.5,272.5,266.5,272.5
2004-01-20,272,275.25,270.75,275.25
2004-01-21,274.75,277.25,273.5,277.25
2004-01-22,277.5,278.5,276,276
2004-01-23,275,277,273.25,277
2004-01-26,276.25,281.25,276.25,281.25
2004-01-27,281,281,276.25,276.25
2004-01-28,276,276,270.75,270.75
2004-01-29,269.75,270.75,269.75,270
2004-01-30,270.25,276.25,270.25,276.25
2004-02-02,274.75,275.5,271.25,271.25
2004-02-03,271.5,273,270.75,273
2004-02-04,273.25,273.75,270.25,270.25
2004-02-05,270.25,275.25,269.75,275.25
2004-02-06,275,279,274.75,279
2004-02-09,276.5,284.25,273.5,284.25
2004-02-10,284,284.75,280,280
2004-02-11,279.75,284.25,278.75,284.25
2004-02-12,284,285.75,281.25,281.25
2004-02-13,281.25,282.5,279.25,282.5
2004-02-17,282.5,285.25,282.5,284
2004-02-18,284,284,279.75,279.75
2004-02-19,279.75,284.75,279.5,284.75
2004-02-20,284.25,286.75,284,284.75
2004-02-23,285.5,288.25,285.5,287.25
2004-02-24,287.25,290.75,285.5,290.75
2004-02-25,290,294,290,291.75
2004-02-26,291.25,296,291,296
2004-02-27,301.5,303,300.5,303
2004-03-01,303,305,302.75,302.75
2004-03-02,302.5,303.5,295.75,295.75
2004-03-03,295,297.75,294,297.75
2004-03-04,297.5,300.25,297,297
2004-03-05,296.75,298,296.25,297.25
2004-03-08,297.25,297.75,292.5,292.5
2004-03-09,292,301.5,292,301.5
2004-03-10,301.5,303,298.25,298.25
2004-03-11,298.75,300,298.5,299
2004-03-12,299,301.25,299,301.25
2004-03-15,300.25,307.5,300.25,307.5
2004-03-16,307,307.25,305.25,305.25
2004-03-17,305.25,308.25,303.75,308.25
2004-03-18,308,312,307.5,312
2004-03-19,311.75,312,310.75,312
2004-03-22,313.25,318.5,313.25,318.5
2004-03-23,318,318,315.75,315.75
2004-03-24,315.25,318.25,309.5,309.5
2004-03-25,309.5,310.25,306.75,306.75
2004-03-26,307,308.75,305.5,305.5
2004-03-29,305,306.5,304.5,305
2004-03-30,305,312.25,304.75,312.25
2004-03-31,311.5,320,311.25,320
2004-04-01,319.75,325.75,319.25,325.75
2004-04-02,325.25,330.5,325.25,330.5
2004-04-05,330.75,335,329.5,329.5
2004-04-06,329,329.5,326.75,326.75
2004-04-07,327,331.5,327,330
2004-04-08,330.5,333,330.5,330.5
2004-04-12,330,331.25,322.25,322.25
2004-04-13,322.25,322.25,311.75,311.75
2004-04-14,311.25,316.5,310.25,316.5
2004-04-15,317,319.5,307.5,307.5
2004-04-16,307.5,314.5,307,314.5
2004-04-19,314.75,317,311.25,311.25
2004-04-20,311.25,311.5,309.25,309.25
2004-04-21,309.5,309.75,304,304
2004-04-22,304,306,304,304
2004-04-23,304,307,303.5,303.5
2004-04-26,303,303,301,301.25
2004-04-27,301,309.25,301,309.25
2004-04-28,309,310.5,308.25,308.25
2004-04-29,308.25,314,307,314
2004-04-30,319.5,322.5,319.5,320.25
2004-05-03,321.25,325,319.75,324
2004-05-04,323.75,323.75,321.5,323.75
2004-05-05,323.25,324,319.75,319.75
2004-05-06,319.25,320,310.25,310.25
2004-05-07,310.75,311,308.25,311
2004-05-10,311.5,312,298.5,298.5
2004-05-11,299.25,300.5,298.75,299.25
2004-05-12,299.25,303,297.5,297.5
2004-05-13,298,299.75,295.25,295.25
2004-05-14,295.75,296.75,292.25,292.25
2004-05-17,291.25,295.25,288.25,295.25
2004-05-18,295.5,298,292,292
2004-05-19,292.5,298.5,292,298.5
2004-05-20,298.5,300,292.25,292.25
2004-05-21,292.25,293.5,290,290
2004-05-24,290.25,296,290.25,296
2004-05-25,296,303.75,296,303.75
2004-05-26,304,305,300.75,300.75
2004-05-27,299.75,301.75,298.25,298.75
2004-05-28,298.75,304,296.25,304
2004-06-01,307.5,324,307.5,324
2004-06-02,325.5,326.5,321.75,321.75
2004-06-03,320,320.5,310.75,310.75
2004-06-04,310,313,308.25,308.25
2004-06-07,304,304,297.25,300.25
2004-06-08,299.75,301.25,297,297
2004-06-09,297.75,299,296,297.5
2004-06-10,298.75,298.75,285.75,285.75
2004-06-11,287.25,287.25,284.75,285.75
2004-06-14,288.25,289,284.25,288.25
2004-06-15,286.25,287.25,280.25,280.25
2004-06-16,280.75,283,280.75,281.5
2004-06-17,281.5,283.5,277.75,277.75
2004-06-18,277,277,274.5,274.5
2004-06-21,272.75,274.5,270,274.5
2004-06-22,274.75,275.5,267.75,267.75
2004-06-23,267.5,274.5,265.5,274.5
2004-06-24,275.5,277.5,273.25,273.25
2004-06-25,273,276.25,273,276.25
2004-06-28,274.75,274.75,271.25,271.25
2004-06-29,271.25,274,268,268
2004-06-30,272,273,262.5,262.5
2004-07-01,262.5,264.25,262.5,263
2004-07-02,262.5,262.5,259.25,259.25
2004-07-06,256.5,256.5,252.75,254
2004-07-07,254,255.25,253.5,253.75
2004-07-08,254,254.5,248.5,248.5
2004-07-09,248,249,246.25,246.25
2004-07-12,245.5,248,244.75,248
2004-07-13,248,248.25,244.75,244.75
2004-07-14,244.75,246.5,244.25,246.5
2004-07-15,246.5,246.75,242.5,242.5
2004-07-16,242,242,239,239
2004-07-19,238.25,238.5,236.75,237
2004-07-20,236.5,237.5,234,234
2004-07-21,233.5,234,226.25,226.25
2004-07-22,226,226.25,219.25,219.25
2004-07-23,219.25,223.75,219.25,223.75
2004-07-26,223.5,223.5,219.5,223.25
2004-07-27,223,223,221.25,222.25
2004-07-28,222,223.25,218.5,218.5
2004-07-29,218.5,219.5,218.5,218.5
2004-07-30,218.75,219.75,217.25,217.25
2004-08-02,218,219,217.25,218.25
2004-08-03,218.5,219.5,218.5,219.25
2004-08-04,219,221.25,219,221.25
2004-08-05,221.25,224,220.5,224
2004-08-06,224.5,226,224,225.75
2004-08-09,226.25,228.25,226,227
2004-08-10,226.75,226.75,224,224.5
2004-08-11,224.5,225.75,220.75,220.75
2004-08-12,221,222.5,218,218
2004-08-13,218,218,216.5,217.75
2004-08-16,217,222.25,215.5,222.25
2004-08-17,223,228.5,223,228.5
2004-08-18,228,228,225.5,225.5
2004-08-19,225.5,229.25,225,229.25
2004-08-20,229,231.25,228,231.25
2004-08-23,230.75,234.25,228.75,234.25
2004-08-24,233.25,234,232.25,232.25
2004-08-25,231.75,232.5,228,228
2004-08-26,227.5,228.5,225.25,225.25
2004-08-27,225,226.75,220.25,220.25
2004-08-30,220,224.5,219.75,224.5
2004-08-31,236.25,238,235.5,237.75
2004-09-01,237,242.75,236.25,242.75
2004-09-02,242.5,243.5,236.25,236.25
2004-09-03,236,236,231,231
2004-09-07,229,229,225.5,226.5
2004-09-08,226.75,227.5,226.5,226.75
2004-09-09,226.5,227,226.5,226.5
2004-09-10,226,226.25,222.25,222.25
2004-09-13,221,222,220.25,220.5
2004-09-14,220,220.25,218,218
2004-09-15,217.5,218.5,217.5,218.5
2004-09-16,218.25,219.5,216.25,216.25
2004-09-17,216.25,217.5,215.25,215.25
2004-09-20,215,215.25,212.75,212.75
2004-09-21,212.5,214,212.5,212.75
2004-09-22,212.75,213.75,210.25,210.25
2004-09-23,210,210.25,207.75,207.75
2004-09-24,207.75,208,205.25,205.25
2004-09-27,205,207.75,205,207.75
2004-09-28,207.25,208.5,206.5,208.5
2004-09-29,208.5,209.5,207.25,207.25
2004-09-30,207,207,205.5,205.5
2004-10-01,205.5,206,205,206
2004-10-04,205.25,206,202.75,202.75
2004-10-05,203,204.5,202.5,204.5
2004-10-06,204.25,207.25,203,207.25
2004-10-07,207,208.25,206,206
2004-10-08,205.75,206,204.5,204.5
2004-10-11,204,204.75,203.75,204.75
2004-10-12,204.5,204.75,202.5,202.5
2004-10-13,202.5,205.25,202,205.25
2004-10-14,205,207.25,204.25,204.25
2004-10-15,204,206.75,203,206.75
2004-10-18,206,206,204,204
2004-10-19,204,207,203.25,207
2004-10-20,206.75,207.5,206,206
2004-10-21,206.25,207.25,204.25,204.25
2004-10-22,204.25,204.5,201.75,201.75
2004-10-25,201.5,205.25,201,205.25
2004-10-26,204.75,206.75,204.5,206.75
2004-10-27,206.5,207,205.75,206.25
2004-10-28,206,207.25,206,206.25
2004-10-29,206,207.25,202.5,202.5
2004-11-01,202,202.25,200,200
2004-11-02,200,200.5,199.75,199.75
2004-11-03,199.75,200,199,199
2004-11-04,199,199,197.5,197.5
2004-11-05,197.75,199.5,197.25,199.5
2004-11-08,198.5,199,197.25,198
2004-11-09,198,198,197.5,198
2004-11-10,198,198.5,198,198.25
2004-11-11,198,198.5,197.25,197.25
2004-11-12,197,200,196.5,200
2004-11-15,199.25,202.5,199.25,202.5
2004-11-16,202.25,203,202,203
2004-11-17,203,205.75,203,205.75
2004-11-18,205.25,205.75,204,204
2004-11-19,203.5,204,199.25,199.25
2004-11-22,199.5,200.5,197.5,197.5
2004-11-23,197.5,198.25,197.5,198
2004-11-24,198,198.75,197.75,197.75
2004-11-26,197.75,199,197,197
2004-11-29,197,197,193.25,193.25
2004-11-30,204.5,205,203.75,203.75
2004-12-01,204,205,203.25,203.25
2004-12-02,203,204,203,204
2004-12-03,204.25,207.25,204,207.25
2004-12-06,207.25,209,207.25,209
2004-12-07,208.5,209,203.25,203.25
2004-12-08,203,204,202.5,204
2004-12-09,204,204.75,203,203
2004-12-10,202.5,203,201.25,201.25
2004-12-13,201,204.75,201,204.75
2004-12-14,204.25,206,204,206
2004-12-15,205.5,207,205,205
2004-12-16,205,205,203.5,203.5
2004-12-17,203.25,204.5,202.5,204.5
2004-12-20,204.5,206.5,204.5,206.5
2004-12-21,206,206,205.25,205.75
2004-12-22,205.25,205.5,204.75,205.5
2004-12-23,205.25,207,205.25,207
2004-12-27,206.75,208.25,206.75,207.5
2004-12-28,207,207.25,205.25,207
2004-12-29,206.75,206.75,203.25,203.25
2004-12-30,203.25,204.75,203,204.75
2004-12-31,204.75,204.75,204.75,204.75
2005-01-03,203.5,203.5,201.75,201.75
2005-01-04,201.25,201.25,200.25,201
2005-01-05,201,201.5,200.5,201.5
2005-01-06,201.5,208.75,201.5,208.75
2005-01-07,207.5,208.75,206.75,206.75
2005-01-10,206.5,206.75,204.5,206.75
2005-01-11,206.75,207.5,206.25,206.75
2005-01-12,206.25,206.5,200.5,200.5
2005-01-13,200.5,201,199.5,200
2005-01-14,200,200.25,197.25,197.25
2005-01-18,197.5,197.5,195.25,196
2005-01-19,196,196.75,196,196.75
2005-01-20,196.75,197.75,196.5,197.75
2005-01-21,198,198.25,197,197
2005-01-24,197,198.5,197,197.75
2005-01-25,197.5,199,197.25,199
2005-01-26,199,199.75,198.75,198.75
2005-01-27,198,198.25,195.75,195.75
2005-01-28,195.5,196.5,195.5,195.75
2005-01-31,195.5,197,195,197
2005-02-01,197.25,197.5,197,197
2005-02-02,196.5,196.75,195.25,195.25
2005-02-03,195,195.5,194.75,195
2005-02-04,195,195.25,194.75,195
2005-02-07,194.75,196.25,194.75,196.25
2005-02-08,196,196.75,194.75,194.75
2005-02-09,194.5,195,194,195
2005-02-10,195.25,198.25,195.25,198.25
2005-02-11,197.75,198.5,197.5,198.25
2005-02-14,198,200.75,198,200.5
2005-02-15,200.25,200.5,200,200
2005-02-16,199.75,200,197,197
2005-02-17,197,199.25,196.75,199.25
2005-02-18,198.75,200,198.5,200
2005-02-22,200.25,207.5,200.25,207.5
2005-02-23,205.5,205.75,204.5,205.75
2005-02-24,205.75,206,205,205.75
2005-02-25,205,211.5,205,211.5
2005-02-28,220.5,225,220,222.75
2005-03-01,220.75,220.75,218.75,219.25
2005-03-02,218.75,223,218.75,219
2005-03-03,217.5,218,216.5,218
2005-03-04,217.75,218.75,216.5,217
2005-03-07,217,218,213.25,213.25
2005-03-08,212.75,214.25,212,214.25
2005-03-09,214.25,216.25,214.25,216.25
2005-03-10,215.5,220,215,220
2005-03-11,219.25,224.75,219.25,224.75
2005-03-14,222,224,221,221
2005-03-15,221,228.5,220.75,228.5
2005-03-16,228,229.75,225.5,225.5
2005-03-17,225.25,226.25,221,223.5
2005-03-18,223.75,225.5,219.75,219.75
2005-03-21,218.75,219.5,214.5,214.5
2005-03-22,214.75,215.5,214,214
2005-03-23,214,214,210.25,210.75
2005-03-24,210.75,210.75,209.5,210.5
2005-03-28,210,212.75,209.25,212.75
2005-03-29,212.25,213,211.75,213
2005-03-30,212.75,214,212.5,212.5
2005-03-31,212,213,210.75,213
2005-04-01,213.75,214.5,212.75,212.75
2005-04-04,212,213,209.75,209.75
2005-04-05,209.75,209.75,205.5,205.5
2005-04-06,205.75,207.25,205.5,207.25
2005-04-07,207,208,205.5,205.5
2005-04-08,205.75,206.5,204,204
2005-04-11,204,205.75,204,205.75
2005-04-12,206,208,206,206.75
2005-04-13,206.5,206.75,205.75,205.75
2005-04-14,206.5,207.5,206,207.5
2005-04-15,207.25,208.25,206.25,206.25
2005-04-18,206.25,206.25,204.25,204.25
2005-04-19,204.75,209.5,204.5,209.5
2005-04-20,209,210.75,208.75,210.75
2005-04-21,210.5,211.5,209.5,211.25
2005-04-22,210.75,211.25,209.25,209.25
2005-04-25,210.25,214.75,210.25,213.25
2005-04-26,212.25,213.5,212.25,213
2005-04-27,213,213.75,208.25,208.25
2005-04-28,208.25,210,204.5,204.5
2005-04-29,213,213.5,212.75,213.5
2005-05-02,214.25,214.25,209,209
2005-05-03,209,209.5,205,205
2005-05-04,205.25,206.5,205,206
2005-05-05,206.75,208,206.5,208
2005-05-06,208.5,208.75,206.5,208.25
2005-05-09,209,210.25,207,207.75
2005-05-10,208,208.5,207.5,208.25
2005-05-11,208.5,209,206.5,206.5
2005-05-12,206.25,206.5,204.25,204.25
2005-05-13,204.25,204.5,203.5,203.5
2005-05-16,204,207,204,207
2005-05-17,207.25,207.75,206,207.5
2005-05-18,207.5,210.75,206.75,210.75
2005-05-19,210.75,212.5,209.5,209.5
2005-05-20,208.75,213.25,208.75,213.25
2005-05-23,214,224.5,214,224.5
2005-05-24,223,223.5,221.25,221.25
2005-05-25,220.75,223,220.75,222.75
2005-05-26,222,225,220.75,225
2005-05-27,225,227,221.25,221.25
2005-05-31,226,228,222,222
2005-06-01,221.25,224.5,220.25,224.5
2005-06-02,223,223.75,217,217
2005-06-03,216.5,218.5,215.25,218.25
2005-06-06,220.75,224,220.75,220.75
2005-06-07,219.25,222.75,218.75,220.25
2005-06-08,218.75,219.25,216,216
2005-06-09,213.25,215.5,212.5,215.5
2005-06-10,215,216.5,210,210
2005-06-13,211.75,215,211.5,215
2005-06-14,213,219,212.25,219
2005-06-15,219,224.25,218.25,224.25
2005-06-16,223.75,226.75,223.75,225.75
2005-06-17,225.25,229,225,229
2005-06-20,231.25,235.5,231,235.5
2005-06-21,234,235,231,232.25
2005-06-22,232.5,237.5,229.5,229.5
2005-06-23,229,230.5,226.5,226.5
2005-06-24,226.25,232.75,225.5,232.75
2005-06-27,233.25,233.5,221.5,221.5
2005-06-28,222,222.25,217.5,218.5
2005-06-29,218.25,221,216.5,216.5
2005-06-30,225.75,225.75,222.25,222.25
2005-07-01,222,225.5,222,225.5
2005-07-05,227.75,240,227,240
2005-07-06,239,243,238.5,239.75
2005-07-07,239.75,241.75,228.25,241.75
2005-07-08,240.75,240.75,234.75,234.75
2005-07-11,229.75,235.25,226.75,235.25
2005-07-12,236.5,237,234.5,235.5
2005-07-13,235.5,244.75,233.5,244.75
2005-07-14,243.75,250.5,242.5,250.5
2005-07-15,249.5,257.75,248.5,257.75
2005-07-18,260,263.25,251.75,260
2005-07-19,258.5,260,248.5,248.5
2005-07-20,248,249,241.5,241.5
2005-07-21,241.75,243,234,234
2005-07-22,234.25,238,233.5,233.5
2005-07-25,233.75,234.25,230,230.5
2005-07-26,231.5,235,230.75,234.25
2005-07-27,233.25,236.5,232,236.5
2005-07-28,236.5,241,236.5,241
2005-07-29,241,243,236.5,236.5
2005-08-01,238,239.5,231.75,231.75
2005-08-02,233.75,235.5,232.5,232.5
2005-08-03,232.5,232.5,227,227
2005-08-04,227,227,224.25,224.5
2005-08-05,224.5,226.25,220.5,220.5
2005-08-08,225.75,227,222,222
2005-08-09,222.5,223,218.75,218.75
2005-08-10,219,223,218.75,223
2005-08-11,223,225,223,225
2005-08-12,224.25,225,217.75,217.75
2005-08-15,217.25,217.5,210.5,210.5
2005-08-16,210.5,211.5,209.5,209.5
2005-08-17,209.25,213,209,213
2005-08-18,212.75,214.25,211.25,211.25
2005-08-19,211.25,211.25,210,210.25
2005-08-22,210.75,212.5,210.25,212.5
2005-08-23,212.75,215.75,210.5,210.5
2005-08-24,210.5,210.5,208.75,208.75
2005-08-25,208.5,208.75,206.25,206.25
2005-08-26,206,206.5,203.75,203.75
2005-08-29,203.75,208.75,203.75,204.75
2005-08-30,204.25,204.25,203.25,203.5
2005-08-31,218.5,219.5,216.5,216.5
2005-09-01,216.5,222.25,216.5,222.25
2005-09-02,221.75,222.75,217.25,217.25
2005-09-06,217,221.25,217,221.25
2005-09-07,220.75,221,217.5,217.5
2005-09-08,217.5,218,216.25,216.25
2005-09-09,216.25,217.25,216,216
2005-09-12,215.75,216,211.5,211.5
2005-09-13,211,211.5,210,210
2005-09-14,209.75,210,207.75,207.75
2005-09-15,207.5,207.75,206.25,206.5
2005-09-16,206,206.5,206,206.25
2005-09-19,205.75,206.5,205.5,206.25
2005-09-20,206.25,207,206,206.75
2005-09-21,206.75,206.75,206.25,206.5
2005-09-22,206.5,208.25,205.5,208.25
2005-09-23,208,209,207.25,207.25
2005-09-26,206.5,207,204.5,204.5
2005-09-27,204.5,204.5,203.25,203.25
2005-09-28,203,203.5,203,203.25
2005-09-29,203.5,204,203.25,203.5
2005-09-30,203.25,205.5,203,205.5
2005-10-03,205.25,208.75,205,208.75
2005-10-04,207.75,208.25,205.75,205.75
2005-10-05,205.75,207.75,204.75,204.75
2005-10-06,204.75,206.75,204.25,204.25
2005-10-07,204.25,205,202.5,202.5
2005-10-10,202.5,202.75,202,202
2005-10-11,202,204.5,201.75,202.5
2005-10-12,202.5,205.75,201.75,205.75
2005-10-13,205,205.5,203.5,203.5
2005-10-14,203,203.75,202.75,203.5
2005-10-17,203,203.75,202.5,203.75
2005-10-18,203.25,204.25,202,202
2005-10-19,202,202.25,201.75,201.75
2005-10-20,201.75,202.75,201,202.75
2005-10-21,202.25,202.5,201.25,201.5
2005-10-24,201.25,201.25,199.5,199.5
2005-10-25,199.5,199.5,199,199.5
2005-10-26,199,199.5,198.25,198.25
2005-10-27,198.25,198.5,197.75,197.75
2005-10-28,197.5,198.25,197,197
2005-10-31,197,197.25,196.25,196.25
2005-11-01,196.25,196.75,196,196.75
2005-11-02,196.25,196.5,195.5,196
2005-11-03,196,197,196,196.25
2005-11-04,196.25,197,195.5,195.5
2005-11-07,195.25,195.5,194.75,194.75
2005-11-08,194.5,195.25,194.25,195.25
2005-11-09,195,195.5,194.75,195.25
2005-11-10,195,195.5,193.75,193.75
2005-11-11,193.75,195.5,193.5,195.5
2005-11-14,195.75,197.75,195.75,196.75
2005-11-15,196.5,197.5,195.75,195.75
2005-11-16,195.75,196.5,192.75,192.75
2005-11-17,192.5,192.75,192,192.25
2005-11-18,192,192,191.25,191.25
2005-11-21,191.25,192,191.25,191.5
2005-11-22,191.5,192.75,191.25,191.5
2005-11-23,191.5,191.5,190.75,190.75
2005-11-24,190.75,190.75,190.75,190.75
2005-11-25,190.75,191.25,189.75,189.75
2005-11-28,190,190.25,187.75,187.75
2005-11-29,187.75,188,186.25,186.25
2005-11-30,200.5,201.75,200.25,201.75
2005-12-01,202.25,203.75,202.25,203.75
2005-12-02,203.25,204.5,203,203.25
2005-12-05,203,206.75,202.5,206.75
2005-12-06,206,207,204.25,204.25
2005-12-07,203.75,204.25,201,201
2005-12-08,201,202,200.5,201.75
2005-12-09,201.5,203.75,201.25,203.75
2005-12-12,203.75,207.75,203.75,207.75
2005-12-13,207,208.75,206.5,208.75
2005-12-14,208.25,209.5,207.25,207.25
2005-12-15,206.5,206.75,204.75,204.75
2005-12-16,204.5,207.5,204,207.5
2005-12-19,207,209,207,208.75
2005-12-20,208.5,209.75,208.25,209.75
2005-12-21,209.25,210,208.5,210
2005-12-22,209.5,212.75,209.5,212.75
2005-12-23,212.5,214,212,214
2005-12-27,213.25,215.5,213.25,215.5
2005-12-28,215,216.25,215,216.25
2005-12-29,216,216,211,211
2005-12-30,210.75,215.75,210.25,215.75
2006-01-03,215.25,220,215,220
2006-01-04,219,219.5,218.25,218.25
2006-01-05,218,218,215.5,215.5
2006-01-06,215,216.5,214.25,214.25
2006-01-09,213,213,211,211
2006-01-10,211.5,213.25,211.5,213.25
2006-01-11,213,214.5,212.75,214.5
2006-01-12,214,214,212.75,212.75
2006-01-13,212.75,213.5,211.75,213.5
2006-01-17,210.25,213.5,208.75,208.75
2006-01-18,208.75,208.75,205.75,205.75
2006-01-19,206,206.75,205,205
2006-01-20,205,205.75,205,205
2006-01-23,204.75,208.25,204.75,208.25
2006-01-24,208.5,213.25,208,213.25
2006-01-25,212.5,216.5,212.5,216.5
2006-01-26,215.5,217,214.5,217
2006-01-27,216.25,218.75,216.25,218.75
2006-01-30,218.25,222,217.75,217.75
2006-01-31,217.25,218.75,216.5,218.75
2006-02-01,217.75,218.5,216.5,216.5
2006-02-02,216,220.5,215.5,220.5
2006-02-03,220,225.25,220,225.25
2006-02-06,224,227,222.75,222.75
2006-02-07,222.5,224.75,218,218
2006-02-08,218,221.25,216,221.25
2006-02-09,222,225.5,222,225.5
2006-02-10,226,226.75,221.25,221.25
2006-02-13,222,223.5,219.75,220.75
2006-02-14,221,221.25,218.75,218.75
2006-02-15,218.5,222,217.75,222
2006-02-16,221.5,223.5,221,223.5
2006-02-17,223,226.5,222.75,226.5
2006-02-21,225.5,227,225.25,226
2006-02-22,226,227,221.5,221.5
2006-02-23,221.5,223,221,223
2006-02-24,223,227.75,222.5,227.75
2006-02-27,228,228.5,225.5,227.5
2006-02-28,238.75,239,238,238.75
2006-03-01,237.75,238.5,234.75,234.75
2006-03-02,234.5,239.25,234,239.25
2006-03-03,238.75,239.5,237.75,239.5
2006-03-06,238.5,238.5,232.75,232.75
2006-03-07,232.75,233.25,230.5,230.5
2006-03-08,230.5,231.25,228,228
2006-03-09,228,232,227.5,232
2006-03-10,232.25,234.5,230.5,234.5
2006-03-13,233.25,233.5,228.75,228.75
2006-03-14,228.75,231.75,228,231.75
2006-03-15,231.5,232,229.25,229.25
2006-03-16,229,229.5,224.5,224.5
2006-03-17,224.75,225.25,221.5,221.5
2006-03-20,221.5,222,218.25,218.25
2006-03-21,218.25,223.5,217.75,223.5
2006-03-22,223,224.5,222.5,222.5
2006-03-23,222,222.25,219.25,219.25
2006-03-24,219.5,220.25,218.75,218.75
2006-03-27,219,221.75,218.25,221.75
2006-03-28,221.25,222.75,221,222.25
2006-03-29,222,224.25,222,224.25
2006-03-30,224,227.75,223.75,227.75
2006-03-31,227.25,236,226.75,236
2006-04-03,235.25,236.75,234,236.5
2006-04-04,236,236.25,234.5,234.5
2006-04-05,234,236.25,233.5,236.25
2006-04-06,236.25,241.5,236,241.5
2006-04-07,241.25,243,240,243
2006-04-10,243,244,241.25,241.25
2006-04-11,240.75,242,240,242
2006-04-12,242,242.5,237,237
2006-04-13,237,237.25,235,236.25
2006-04-17,237.5,240.75,236.5,236.5
2006-04-18,236.5,239.25,236,239.25
2006-04-19,239.25,242.25,238.5,238.5
2006-04-20,238.25,239.25,235.75,235.75
2006-04-21,235.25,236.5,234.5,236.5
2006-04-24,236.5,240,232.75,232.75
2006-04-25,232.5,233,231,231
2006-04-26,231,231.5,230.75,231.5
2006-04-27,231.5,232,229.75,231.25
2006-04-28,242.75,249,242,249
2006-05-01,248.5,250.75,247.25,248
2006-05-02,247,247.75,243.5,243.5
2006-05-03,243.5,246.5,242.5,242.5
2006-05-04,242.25,242.5,239.25,239.25
2006-05-05,239.75,242,239.5,240.5
2006-05-08,240,241.5,237,237
2006-05-09,237,240.75,237,238
2006-05-10,238.25,240.75,238.25,240
2006-05-11,240,247,239.5,247
2006-05-12,246,258.25,246,258.25
2006-05-15,259.25,261.5,256.75,260
2006-05-16,259.5,260,256.5,259
2006-05-17,259,263,258.75,263
2006-05-18,263.5,264.25,260.25,260.25
2006-05-19,259.5,259.75,252.75,252.75
2006-05-22,254.25,255,248,254.5
2006-05-23,254,255.75,253,253
2006-05-24,252,252.25,249.5,249.5
2006-05-25,250,253.25,247.5,253.25
2006-05-26,253.25,257.25,253.25,254
2006-05-30,254,257.25,252.5,254.5
2006-05-31,254.25,255.25,250,251.25
2006-06-01,251.25,254.5,248.5,254.5
2006-06-02,254.5,259.5,252.25,259.5
2006-06-05,255.5,258,253,253
2006-06-06,252,252.75,247.75,247.75
2006-06-07,247.75,251,245.5,251
2006-06-08,251,251.75,245.5,245.5
2006-06-09,245.75,246.75,242,242
2006-06-12,249,250,246.5,247.5
2006-06-13,247.75,248,243.25,243.25
2006-06-14,244,245.25,237,237
2006-06-15,237.5,238.5,233,233
2006-06-16,234,237.25,234,235.5
2006-06-19,234,235,229.75,229.75
2006-06-20,230.25,231,227.75,229.75
2006-06-21,229.75,232.75,229.5,232.75
2006-06-22,232.75,234,230.5,230.5
2006-06-23,230.5,231.25,228.25,228.25
2006-06-26,227,227,223,223
2006-06-27,223.25,225.25,221.5,225.25
2006-06-28,225.25,226,222.75,226
2006-06-29,225.5,228.5,225.25,228.5
2006-06-30,240.25,246,240.25,246
2006-07-03,250,253.5,249,253.5
2006-07-05,257,257.75,249.5,249.5
2006-07-06,249.25,255,249,255
2006-07-07,255,256.75,248,251
2006-07-10,253.25,257.25,252.5,257.25
2006-07-11,257.5,264.75,257.5,264
2006-07-12,263.5,268.25,262.25,268.25
2006-07-13,265.75,266.5,260.25,260.25
2006-07-14,258,260.75,255.75,260.75
2006-07-17,259.5,259.5,251.75,251.75
2006-07-18,252,253.75,246.5,246.5
2006-07-19,246.75,247.25,242.75,244.75
2006-07-20,243.25,248.25,242.5,242.5
2006-07-21,242,243.25,237.25,237.25
2006-07-24,237.25,239,235.25,239
2006-07-25,240.5,243.5,239.5,239.5
2006-07-26,240,242.25,236,236
2006-07-27,236,237.75,235.5,237.75
2006-07-28,238,239,237.25,237.25
2006-07-31,239.25,240,238,239
2006-08-01,239.75,242,237.25,240.5
2006-08-02,240.75,248.5,240.75,247.25
2006-08-03,246,247.25,244,245
2006-08-04,245,248.75,244,245
2006-08-07,243,243,238.75,239.75
2006-08-08,239.25,239.5,235,235.75
2006-08-09,236,240.25,235.5,239.75
2006-08-10,240,240.75,238.5,238.75
2006-08-11,238.75,240,224.25,224.75
2006-08-14,224.75,224.75,218,222
2006-08-15,222,223.25,216.75,222
2006-08-16,222,225.25,221.5,221.5
2006-08-17,221.25,223.75,217.75,219
2006-08-18,219,220.75,217,219.75
2006-08-21,219.75,221.5,219,221
2006-08-22,221,221.75,218.5,219.5
2006-08-23,219.5,225,218.75,223.5
2006-08-24,223.5,228,223.5,227.5
2006-08-25,227,228,223.5,225
2006-08-28,225,227.5,224,224.5
2006-08-29,224,225.5,222.5,222.75
2006-08-30,222.5,229.25,222,228.5
2006-08-31,244.75,248.25,243,248
2006-09-01,247.75,248,245.25,245.75
2006-09-05,245.5,249.75,243.5,244.25
2006-09-06,244.25,247,240.5,240.75
2006-09-07,240.75,246.5,238.25,245.75
2006-09-08,245.5,248.25,244.5,246
2006-09-11,246.25,247,239.75,243.5
2006-09-12,243,243.25,237,237.75
2006-09-13,237.75,240.5,236,237.75
2006-09-14,237.75,240.25,236.75,237.25
2006-09-15,236,242.75,236,241.75
2006-09-18,242.75,248.75,242.25,247.75
2006-09-19,247.25,249.5,244.5,246.5
2006-09-20,246.5,249.75,245.5,249
2006-09-21,248.75,257.75,248.25,257.25
2006-09-22,256.5,257.75,254.5,255.25
2006-09-25,253.5,255.75,252.75,254.75
2006-09-26,254.5,260,254.5,259
2006-09-27,259,261,253.5,253.75
2006-09-28,254,265,253.75,264.25
2006-09-29,264,268,261.5,262.5
2006-10-02,263.25,270,263.25,267.75
2006-10-03,267.25,267.25,261.75,264
2006-10-04,264,276,261.5,274.25
2006-10-05,273,276.25,269.25,271.75
2006-10-06,271,276,269.75,271
2006-10-09,271.25,291,270,289.5
2006-10-10,288.5,293,275.25,275.5
2006-10-11,275.5,289.5,275.25,284
2006-10-12,284,304,279.5,298.25
2006-10-13,298.25,317,298.25,314.5
2006-10-16,313.75,317.75,309.25,316.75
2006-10-17,316.5,324.5,315.75,321
2006-10-18,319.75,320.5,313.75,315.5
2006-10-19,315,321.75,314,316
2006-10-20,316,319,311.5,312.75
2006-10-23,311.5,320.5,307,318.25
2006-10-24,318,326.75,316,324.25
2006-10-25,324.75,334,324.25,327
2006-10-26,326,328.25,321.75,327
2006-10-27,327,334,326.5,332.5
2006-10-30,330,333,327.25,329.5
2006-10-31,329.25,330.25,320.25,320.75
2006-11-01,320.75,335,320.5,333.5
2006-11-02,335.25,353.5,335.25,344.75
2006-11-03,343.75,347.75,339.75,342.25
2006-11-06,342.25,346.5,338.75,343.5
2006-11-07,344,352.5,341.25,351
2006-11-08,351.25,367,350.75,357.75
2006-11-09,358.75,362.25,349,350
2006-11-10,349.5,350.25,342,343.25
2006-11-13,341,352.25,340.25,342.5
2006-11-14,342,361.75,341.5,357.75
2006-11-15,358,366,354,358.25
2006-11-16,356.75,365,349.5,351.5
2006-11-17,351.25,355.75,345.5,355.25
2006-11-20,356.75,371.5,356.75,360
2006-11-21,359.5,362,357,361.25
2006-11-22,361.5,365.75,357.5,362.75
2006-11-23,362.75,362.75,362.75,362.75
2006-11-24,362.5,370,362,369.25
2006-11-27,369.25,376.75,366.5,371.5
2006-11-28,371.5,373.5,364.5,368.75
2006-11-29,368.5,371.5,361.25,370.25
2006-11-30,386,392.75,377,390.5
2006-12-01,389.75,392,384.5,387
2006-12-04,382.5,383.5,372.25,375.5
2006-12-05,374.75,379,370.5,378
2006-12-06,377,377.75,364.5,366
2006-12-07,365,373.75,362,372.5
2006-12-08,372.75,375,368,368.5
2006-12-11,368,374.5,363.5,370.75
2006-12-12,371.75,376,370.75,372.75
2006-12-13,372,372.75,365.5,368.25
2006-12-14,368,374,366,371.75
2006-12-15,371.75,372.5,366.5,369
2006-12-18,368.75,369.75,362,365.75
2006-12-19,365.25,373.25,364,373
2006-12-20,372.75,376,370,372.75
2006-12-21,373,378.5,372.75,377.75
2006-12-22,377.75,384.25,377.75,384
2006-12-26,385,389,384.5,388
2006-12-27,388,389,383.5,386.75
2006-12-28,386.25,392,385.5,388.5
2006-12-29,388.25,391,387.5,390.25
2007-01-03,388,388.25,370.25,370.5
2007-01-04,371,372.5,360.5,362.25
2007-01-05,361.25,368.75,359,368.25
2007-01-08,369,369.75,361.25,363.5
2007-01-09,362,363,354,354.5
2007-01-10,354,363.5,352.5,360.25
2007-01-11,362,380.25,362,376.5
2007-01-12,377,396.5,374.25,396.5
2007-01-16,416.5,416.5,403,403
2007-01-17,402.75,420.5,402.5,408
2007-01-18,411.5,418,405.25,412.25
2007-01-19,412.5,414.5,405.75,406.75
2007-01-22,405,409.25,399,404.25
2007-01-23,404.75,410.75,404.75,409
2007-01-24,409,411,397.25,400.75
2007-01-25,402.25,407.5,398.75,407
2007-01-26,407.75,408.75,402,405.5
2007-01-29,406,407.75,396,400
2007-01-30,400,405.75,396,404.75
2007-01-31,405.25,409.25,402.5,404
2007-02-01,404.25,408.5,396.5,398
2007-02-02,398,405.75,394.5,402
2007-02-05,404,407,397.75,402
2007-02-06,402,403.25,396.25,396.5
2007-02-07,396.5,399.75,391.5,392.25
2007-02-08,393,401.25,392.75,399.75
2007-02-09,400.25,409.5,397.25,406.25
2007-02-12,406.25,409.5,403,404.75
2007-02-13,404.25,411.75,403.25,411
2007-02-14,412,414,405.25,408.25
2007-02-15,408.75,412.75,404.75,407.5
2007-02-16,408.75,417.75,405.75,417
2007-02-20,416.75,420,414,415.25
2007-02-21,415.5,428.25,413.25,426.25
2007-02-22,425.5,435.25,425,434.5
2007-02-23,433,434.5,428,430.25
2007-02-26,430.25,437.25,425.25,425.5
2007-02-27,425.25,425.75,405.75,411
2007-02-28,423.75,436.5,421.75,435.5
2007-03-01,436.5,439.75,416.75,428
2007-03-02,428,430,418.5,421
2007-03-05,419.75,427.5,412.5,426.75
2007-03-06,427.25,430.5,421.25,422
2007-03-07,421,427.75,419,424.5
2007-03-08,425,429.5,420.75,421.5
2007-03-09,422,423.75,416.25,417.5
2007-03-12,418.5,419,407,409.25
2007-03-13,409.5,412.5,402,406.75
2007-03-14,406.25,406.75,396.25,404.75
2007-03-15,405,408.75,397.25,397.75
2007-03-16,397,405.5,392.25,399.5
2007-03-19,400.25,404,393.25,398
2007-03-20,398.5,406,395,405.25
2007-03-21,406.25,411.5,403.75,409.75
2007-03-22,409.75,410.5,406,409.5
2007-03-23,410,412.5,402.5,403.25
2007-03-26,400.5,403,385,391
2007-03-27,391.75,394,388,392.5
2007-03-28,392.75,396.25,384.5,388.5
2007-03-29,388,398,385,394.5
2007-03-30,394,397.75,374.5,374.5
2007-04-02,357,359.5,354.5,354.75
2007-04-03,356,359.25,343,346.25
2007-04-04,347,363.75,347,359.25
2007-04-05,359.75,367.5,357.25,366
2007-04-09,375.5,385.25,360.75,363.5
2007-04-10,364.75,374.25,357.25,369
2007-04-11,368.25,372.5,359,360.75
2007-04-12,359.5,361.5,349,358.75
2007-04-13,360.75,369.75,355,369
2007-04-16,366.5,369,360.75,364.25
2007-04-17,369,369.75,352.25,353.25
2007-04-18,354,366.5,351,363.5
2007-04-19,363.75,373,361.5,371.25
2007-04-20,371,376,358.5,360.5
2007-04-23,358.25,358.5,349.25,352.25
2007-04-24,354.5,361.75,352,360.5
2007-04-25,361,380.5,361,371.25
2007-04-26,373.5,378.75,359.5,364.75
2007-04-27,365.75,366,357.25,364.25
2007-04-30,369.75,372.25,362.5,367.5
2007-05-01,373.5,378.25,364,377.5
2007-05-02,379.5,383.75,374.5,382
2007-05-03,381.5,396.75,379.75,389.25
2007-05-04,389.75,393,385.75,390.75
2007-05-07,398,401,376.75,379
2007-05-08,373,373,362.5,363.5
2007-05-09,365,368,361.25,366.25
2007-05-10,367.5,369.5,354,354.5
2007-05-11,354.75,370.25,352,369.25
2007-05-14,368.75,372.25,362.75,363.25
2007-05-15,358.5,374.5,355.25,371.5
2007-05-16,370.5,377.75,368.5,376
2007-05-17,376.5,378.75,371.25,373
2007-05-18,377.25,381.25,370.25,371.25
2007-05-21,370.25,382.75,368.25,381
2007-05-22,377,380.5,367.75,369.5
2007-05-23,369.25,374.75,367.25,368.5
2007-05-24,369.5,378.25,369.25,376.5
2007-05-25,376,379.75,370.75,376
2007-05-29,374.25,376,363.25,364.75
2007-05-30,364,384.75,363.5,382.25
2007-05-31,383,395.75,380.5,390.25
2007-06-01,390,395,385.5,386.75
2007-06-04,388.25,389.5,383.25,383.75
2007-06-05,384,390,377,380.25
2007-06-06,380.25,384,371.25,374.75
2007-06-07,375.25,386.5,372,384.75
2007-06-08,385.5,388.5,376.5,382
2007-06-11,396.75,400.75,389.5,396
2007-06-12,393.5,397.25,387.5,393.5
2007-06-13,393.5,406.5,389.5,404.5
2007-06-14,404,414,402.5,409.5
2007-06-15,409,423.5,409,419
2007-06-18,424.25,428.75,414,416
2007-06-19,416.5,417.5,396,396
2007-06-20,392,401,388,394.25
2007-06-21,397,402,382.5,385
2007-06-22,386,387.75,366,367.5
2007-06-25,366,367.75,357,357.75
2007-06-26,358.75,363.75,356,356.5
2007-06-27,356,359,340.75,343.75
2007-06-28,344,346.25,338,339.5
2007-06-29,350,357.5,333.5,340
2007-07-02,340.25,348.75,334.75,339.75
2007-07-03,340,341.5,326.5,328.5
2007-07-04,328.5,328.5,328.5,328.5
2007-07-05,333.5,336.75,329.75,332.5
2007-07-06,333,342.75,332,341.5
2007-07-09,342.5,345.25,332.5,339.25
2007-07-10,339,348,334.25,345.5
2007-07-11,345.5,346.75,341.5,343
2007-07-12,343,352,337.5,351.5
2007-07-13,351,357,346.75,354.75
2007-07-16,347,348.25,334.75,334.75
2007-07-17,331.5,334.5,317.5,322.5
2007-07-18,322.75,328.25,321.5,327
2007-07-19,327.5,329.5,316.25,321.25
2007-07-20,322,327.5,315.25,318.25
2007-07-23,317,317,308.5,310
2007-07-24,311.5,316.5,309.5,311.5
2007-07-25,311.5,316.5,310.75,311.5
2007-07-26,312.25,326,311.5,317.5
2007-07-27,318,322.25,315,321
2007-07-30,323.5,324.75,313.5,323.5
2007-07-31,324.75,326.5,321.5,325.75
2007-08-01,327,328,316.75,319
2007-08-02,324,328,322.25,324
2007-08-03,324,330,322,326.5
2007-08-06,323.5,327,316.5,325.75
2007-08-07,324.75,335.75,323.5,335.25
2007-08-08,334.75,342.75,333.25,341
2007-08-09,339.25,342.5,330.75,332.25
2007-08-10,331,337,324.75,333
2007-08-13,336.5,340.5,330.5,331
2007-08-14,331,335,324.25,327.5
2007-08-15,327.75,333.5,324.25,328
2007-08-16,326.75,326.75,309.5,321.5
2007-08-17,320,329.5,317.25,328.5
2007-08-20,327,332.5,324.5,331.75
2007-08-21,329.75,340.75,329.75,338.5
2007-08-22,338,348,337.25,347.5
2007-08-23,346.5,353,344,345.25
2007-08-24,344.5,345.5,341,341.5
2007-08-27,338.5,340.75,323,335.75
2007-08-28,334.25,336.5,325.25,327.25
2007-08-29,326.25,329.5,321.75,322.75
2007-08-30,322.75,331,316,322.75
2007-08-31,339.25,346.75,337.5,340
2007-09-04,342.5,357.25,341.5,353.25
2007-09-05,353.25,358,345,345.75
2007-09-06,345.75,348,337.25,339.25
2007-09-07,339.25,349.25,335.5,347.5
2007-09-10,347.25,353.75,342.5,346
2007-09-11,344.75,347,338.5,341.25
2007-09-12,341,358.75,338.25,356.5
2007-09-13,355.5,358.75,343.75,346.75
2007-09-14,346.75,354.25,345.5,349
2007-09-17,348.25,354.25,347.75,352.25
2007-09-18,351.75,354.25,344.25,352.25
2007-09-19,352,358.75,347,358.25
2007-09-20,357.5,375.5,357,369.25
2007-09-21,369.25,377,367.75,376.5
2007-09-24,375.25,380.5,370.5,373.5
2007-09-25,372.5,375.5,370.75,371.75
2007-09-26,370.75,376,368.25,375
2007-09-27,376,389.5,374.5,386.75
2007-09-28,386.25,387.5,370,373
2007-10-01,373,376.5,368,368.75
2007-10-02,368.25,368.75,348.75,348.75
2007-10-03,347.25,351.5,342.25,344.5
2007-10-04,346,349.75,341,342.25
2007-10-05,342.25,343.75,339.5,342.25
2007-10-08,342.25,342.5,335,339.75
2007-10-09,339,348.75,338.25,342.5
2007-10-10,343.5,348.5,343.25,347.25
2007-10-11,347,349.75,341.25,343.75
2007-10-12,343,358,340.75,351
2007-10-15,351.25,362.5,350,362
2007-10-16,361.75,362,354.75,360.5
2007-10-17,360,360.75,355.75,358
2007-10-18,357.75,367.5,356.5,367.25
2007-10-19,366.5,371.25,363.75,370.25
2007-10-22,367.75,368.75,359,364.5
2007-10-23,364.25,368.75,359.5,361
2007-10-24,361,362.5,355.75,356.5
2007-10-25,356.5,367.5,356.25,366.25
2007-10-26,365.75,374.5,365,372
2007-10-29,372,379,371.25,376
2007-10-30,375.25,375.75,368.75,370.25
2007-10-31,369.25,380,368,375.5
2007-11-01,375.5,379.5,366.5,368.75
2007-11-02,368.75,380.75,368.25,377
2007-11-05,374.5,377.75,372,375.25
2007-11-06,374.75,387.75,374.25,385.75
2007-11-07,385.25,393,382.25,384.25
2007-11-08,383.75,390,382.5,389.5
2007-11-09,388.75,389.5,380.5,386.75
2007-11-12,385.25,385.5,377.75,379
2007-11-13,378.25,382,374,374.75
2007-11-14,374.5,385,373.75,383
2007-11-15,382.5,383.5,374.25,374.75
2007-11-16,374.75,381.5,374.25,379.5
2007-11-19,379.25,385,376.5,377.5
2007-11-20,377.5,386.25,374,381.25
2007-11-21,381.25,383,377.5,382
2007-11-23,381.75,389.75,381,389
2007-11-26,388.75,394,382,385.75
2007-11-27,384.75,386,381.25,383.5
2007-11-28,383.5,387.75,380,387.25
2007-11-29,388,390,382.5,383.5
2007-11-30,400.25,405,395.5,401.5
2007-12-03,401,410,399.75,403.5
2007-12-04,403.5,414,403.5,411.25
2007-12-05,410.25,413.25,408.25,411.25
2007-12-06,409.5,413,408,412
2007-12-07,412,418,411.5,417.25
2007-12-10,415.75,419.75,414.5,417.75
2007-12-11,416.75,425,415.5,424
2007-12-12,421.75,433.75,419.5,433.25
2007-12-13,432.25,438.75,428.75,435
2007-12-14,434.25,440,433,438.25
2007-12-17,437.75,443.25,431.5,438.75
2007-12-18,438,438.5,431.25,432
2007-12-19,430.5,436.5,430.25,434.75
2007-12-20,434.25,438,431.75,437.5
2007-12-21,437,447.75,436.5,443.5
2007-12-24,442.75,444.5,440.25,444
2007-12-26,446.75,455,446.75,452.25
2007-12-27,451.75,455,450.5,454.75
2007-12-28,453.5,457,451.75,452
2007-12-31,450,457,447.75,455.5
2008-01-02,456.25,469.5,456,462.5
2008-01-03,462.5,469,460.75,466
2008-01-04,466,469,459,466.75
2008-01-07,466,468.5,462,466.25
2008-01-08,465.5,480,465.5,478.75
2008-01-09,477.75,482,475.5,477.25
2008-01-10,476.25,478.25,471,475
2008-01-11,474,495,473.5,495
2008-01-14,505,515,503,512
2008-01-15,510.25,519.25,505,509
2008-01-16,507.25,509,496,502.5
2008-01-17,502.5,513.75,500.25,502
2008-01-18,500.75,502.5,494.75,498.25
2008-01-22,491.5,498.5,478.25,489
2008-01-23,487.75,493.75,469,469.25
2008-01-24,474.25,489.25,473.25,489.25
2008-01-25,491.25,504.5,491.25,498.25
2008-01-28,496.75,503.75,490,502.25
2008-01-29,503.25,507.5,497,501
2008-01-30,501.5,502.5,494.25,498.5
2008-01-31,497.75,505.25,492,501.25
2008-02-01,503,509.75,499.25,500.5
2008-02-04,501.25,511,501.25,510.5
2008-02-05,510,512,505,509.25
2008-02-06,510,528.75,500,501.5
2008-02-07,500,504.5,491,499.5
2008-02-08,502,519,501.5,508
2008-02-11,510.5,512.75,491.25,503.5
2008-02-12,503.5,506.5,495,497.75
2008-02-13,496,498.75,492.5,497
2008-02-14,497,512.5,496.5,511
2008-02-15,511.75,517,509.75,514.75
2008-02-19,514.5,524.75,514.25,520
2008-02-20,520,524,513.25,523.5
2008-02-21,523.5,529,516.5,524.5
2008-02-22,524,525,518.75,522.25
2008-02-25,522,542,521.25,533.25
2008-02-26,533,539.25,513.25,530.5
2008-02-27,530.25,532.5,518,525
2008-02-28,525,544,520.5,543.25
2008-02-29,554,559.75,552,556.5
2008-03-03,556,573.75,555,566.5
2008-03-04,566.25,572.25,546.5,554.5
2008-03-05,555.75,574.25,551.25,567
2008-03-06,569.5,574,557.25,567.25
2008-03-07,565.75,566.5,547.25,547.25
2008-03-10,542,566.5,527.25,565.75
2008-03-11,566.25,579.5,558,572.5
2008-03-12,570.5,572.75,561,567.25
2008-03-13,566.75,579.5,563,569.5
2008-03-14,568,575,549.5,559.25
2008-03-17,559,567.25,539.25,539.25
2008-03-18,533.25,549.5,528,547.25
2008-03-19,547,548.75,527.25,527.25
2008-03-20,525,526.5,507.25,507.5
2008-03-24,509.75,525.5,503.25,524.75
2008-03-25,526,544.75,524.75,544.75
2008-03-26,548,561,541.5,552.25
2008-03-27,550.25,557.5,546.5,555.5
2008-03-28,553.75,562.75,547.25,560.5
2008-03-31,561.25,588,557,567.25
2008-04-01,570.5,587.75,561.25,584
2008-04-02,584.25,599.25,582,595.75
2008-04-03,595.75,602.75,590.25,600
2008-04-04,599.75,601.5,595.5,598
2008-04-07,595.25,601,587,590
2008-04-08,588.25,594.25,586.5,591.25
2008-04-09,592.75,616,592,605
2008-04-10,605,612.25,593,594.25
2008-04-11,595.25,598,583,584.25
2008-04-14,587.5,594.75,579.25,591.75
2008-04-15,593.25,609.5,592.75,606
2008-04-16,606,609,599.75,603.5
2008-04-17,603.5,609.5,598.5,603.5
2008-04-18,603.25,606,590.5,599.5
2008-04-21,597,597.5,569.5,580.25
2008-04-22,582.75,601.25,577.25,594.25
2008-04-23,594.75,597,586,587.75
2008-04-24,587.75,590.75,572.25,576.25
2008-04-25,576.25,593,566,577.25
2008-04-28,585.25,601,583,600
2008-04-29,606,610.25,586.75,591.25
2008-04-30,606.25,615.75,603.5,612.25
2008-05-01,614,618.75,603,617.25
2008-05-02,615,624.25,611.25,613.5
2008-05-05,616.25,618.75,584,594
2008-05-06,597.5,622.25,595,606.25
2008-05-07,606.25,618,606.25,613
2008-05-08,613.5,633.75,612.5,630.25
2008-05-09,629.5,639,623.25,629.25
2008-05-12,627.25,631.5,614,614.75
2008-05-13,614.25,614.75,595.25,607.25
2008-05-14,607.75,607.75,595.25,596.25
2008-05-15,596.25,599.75,585.25,599
2008-05-16,599.5,608.5,587.5,591
2008-05-19,587,593.5,582,586.75
2008-05-20,590,603.5,586.25,589.75
2008-05-21,589.25,608.75,589,607.25
2008-05-22,608,611.25,595.25,595.75
2008-05-23,594.75,602,593,599.75
2008-05-27,604.75,607,592.5,598
2008-05-28,593,596.75,585,592.5
2008-05-29,592.5,594.75,572.75,582.25
2008-05-30,580,603.25,577,599.25
2008-06-02,597,618,595.75,615.75
2008-06-03,610,618.75,601.75,608
2008-06-04,608.5,615,602.25,614.5
2008-06-05,615,643.5,614.5,643.25
2008-06-06,643,663.25,641.75,650.75
2008-06-09,660.75,673,650,657.25
2008-06-10,657,673.75,655.25,673.25
2008-06-11,674,703.25,673.25,703.25
2008-06-12,715.5,725.5,696.5,709
2008-06-13,712,737.5,701,731.75
2008-06-16,737.75,758,724,732.5
2008-06-17,730,743.75,725.25,742.25
2008-06-18,745,755,732.75,746.25
2008-06-19,746.5,754,717.75,727.75
2008-06-20,728,738,717.75,721.25
2008-06-23,715,726.5,703.5,724.25
2008-06-24,725.5,728.75,709,712.5
2008-06-25,711,731,708.5,730
2008-06-26,732,760,730.5,753.75
2008-06-27,753.25,765,746,754.75
2008-06-30,766.5,773,737.75,737.75
2008-07-01,733,735.5,716.25,732.25
2008-07-02,733,762.25,727.5,761
2008-07-03,761,763.5,742.25,757.75
2008-07-07,745.25,745.25,727.75,727.75
2008-07-08,714,714,684,704.5
2008-07-09,705,707.75,687,694.75
2008-07-10,695,697.25,683.5,686.5
2008-07-11,689,697.5,677,691
2008-07-14,678,696,662,663.75
2008-07-15,661.5,672.5,643.25,648.25
2008-07-16,647.25,660.25,639,658.5
2008-07-17,658.5,663.5,629.25,631.25
2008-07-18,630.5,637.25,608.25,609.5
2008-07-21,606.25,610,584,589.25
2008-07-22,589,594,571.25,573.5
2008-07-23,574,589,543.75,571.5
2008-07-24,571.5,584,561.75,573
2008-07-25,573.25,585.5,569,577.25
2008-07-28,584.5,590.75,574.75,582
2008-07-29,582.5,596.75,570.75,594
2008-07-30,598.5,605,586.75,601.5
2008-07-31,602.5,603.25,585,587.5
2008-08-01,589,589.5,561.5,565
2008-08-04,560.75,565.25,535,535.5
2008-08-05,532.5,547.5,516.5,525.25
2008-08-06,524.75,529.75,502.75,508
2008-08-07,509.75,524.75,503.5,522.25
2008-08-08,523.5,526.5,494.25,498.5
2008-08-11,500.75,504.75,492.75,497.25
2008-08-12,498.25,516,485.25,509
2008-08-13,511,539,509.5,539
2008-08-14,548,559.5,530,557.75
2008-08-15,556.5,557,527.75,529.75
2008-08-18,536,559.25,529,553
2008-08-19,551.25,573.75,541.5,564.75
2008-08-20,564,577.75,564,575.25
2008-08-21,575.5,605.25,574.25,597.75
2008-08-22,597.25,597.25,581.75,586.5
2008-08-25,595,608.75,578.5,580.25
2008-08-26,581,583.25,568.25,575.25
2008-08-27,575,585.25,567.25,577.5
2008-08-28,578,578.5,563.75,570
2008-08-29,587.25,599.75,580.75,585
2008-09-02,576,577.25,555,569.25
2008-09-03,572,576.75,550,562.25
2008-09-04,562.75,572.25,555.25,564.5
2008-09-05,562.5,562.75,542.5,548.5
2008-09-08,559,561,544,549
2008-09-09,545,550,531,544.5
2008-09-10,540.75,548,535.25,536.75
2008-09-11,536.25,538.75,531,533.25
2008-09-12,533.5,563.25,531.75,563.25
2008-09-15,570,579.75,545.75,562
2008-09-16,561.5,565,532,532.25
2008-09-17,532.25,560,526,554
2008-09-18,552.5,560,524,527.25
2008-09-19,530.25,548,527.25,542.25
2008-09-22,541.25,564.5,535.25,558.5
2008-09-23,557.75,561.75,549.5,560.25
2008-09-24,561,574,555,563
2008-09-25,563,565.5,555,558.25
2008-09-26,557.75,559,539.25,543
2008-09-29,541.25,542.25,513,513
2008-09-30,507,524.75,485.5,487.5
2008-10-01,494,500,482.75,484
2008-10-02,485,488,454,454
2008-10-03,454,468.5,453,454
2008-10-06,444,460,424,424
2008-10-07,418.5,429.75,412.75,417
2008-10-08,417.75,432.5,407,427.5
2008-10-09,426.5,442.5,425,438.25
2008-10-10,427.75,429,408.25,408.25
2008-10-13,405,423,398.25,411.5
2008-10-14,418.25,428.5,410.5,411.25
2008-10-15,412,416,384.75,388
2008-10-16,385.25,391.75,371,384.5
2008-10-17,392,410,387,403
2008-10-20,404,420,404,418.5
2008-10-21,421.75,427.75,406.5,411
2008-10-22,412.5,414,381.75,385
2008-10-23,386.25,401.75,379,390.25
2008-10-24,395.25,407.5,372,372.75
2008-10-27,380,387,364,385.25
2008-10-28,387,409.75,385.75,390.75
2008-10-29,400.5,420.75,396.25,420.75
2008-10-30,420.75,433,402.25,409.5
2008-10-31,408.5,410.5,395.5,401.5
2008-11-03,398,418,394.5,403
2008-11-04,401,422,398,413
2008-11-05,412.5,416,390,390.25
2008-11-06,390.25,391.5,374.5,378
2008-11-07,379.25,388,375,375.5
2008-11-10,383.25,390,372.75,383.5
2008-11-11,383,384,360.25,374.25
2008-11-12,370.5,389.5,363.25,369.5
2008-11-13,365.75,379,363,377
2008-11-14,384.75,386.25,370.5,380.25
2008-11-17,375,389.5,375,385.75
2008-11-18,384.25,386.75,378.5,380
2008-11-19,379.75,385,375,378.75
2008-11-20,372.5,375,360.25,363.75
2008-11-21,357.75,362.5,336.5,338.5
2008-11-24,343.5,361.75,337.25,354.5
2008-11-25,354.25,357,347,353.5
2008-11-26,353.5,358,350.25,354
2008-11-28,370,375.75,362.25,365.75
2008-12-01,366.25,368.5,345,348.75
2008-12-02,346.25,354,345,348.25
2008-12-03,348,354.5,345,348.25
2008-12-04,348.75,349,333.25,334
2008-12-05,333.25,333.25,305.5,309.25
2008-12-08,311,334.75,311,330
2008-12-09,330,336.75,324,327.75
2008-12-10,327.5,344.5,327,342
2008-12-11,341.25,357.75,338.5,351.5
2008-12-12,349,379.5,337,373.5
2008-12-15,374,393.25,371,375.25
2008-12-16,373,399,370.25,394
2008-12-17,397.75,402.75,381.75,389.5
2008-12-18,388,394.5,380,389.5
2008-12-19,385.5,385.75,375.25,380.75
2008-12-22,380,386.25,376.25,381.75
2008-12-23,380.5,395,377.75,394.75
2008-12-24,393,398.25,391.25,398
2008-12-26,398.75,414.5,398.25,412.25
2008-12-29,413.75,423.75,390,393.5
2008-12-30,392.25,400.75,385,396.25
2008-12-31,395.25,407.75,389,407
2009-01-02,404,415.5,399.5,412.25
2009-01-05,412.25,416,402,411.25
2009-01-06,410.25,429,407.25,427.5
2009-01-07,424.25,427,413.25,416.5
2009-01-08,413.5,418.5,405.75,406.75
2009-01-09,408,418.25,407.5,410.75
2009-01-12,411,415.75,380.75,380.75
2009-01-13,373,379.25,361.75,362.5
2009-01-14,364.75,369.5,358.75,366.5
2009-01-15,366.5,369.25,359.75,365.25
2009-01-16,365.25,393,365.25,391
2009-01-20,389,407,376.25,383.5
2009-01-21,382.25,391.75,378,390.25
2009-01-22,389.75,394.75,378.5,387.5
2009-01-23,385,401,380.5,390.5
2009-01-26,393.75,402.5,383.75,393.75
2009-01-27,392.75,396.25,376.75,377.5
2009-01-28,378,386,372.5,384.5
2009-01-29,384,384.25,378,381.75
2009-01-30,382,385.75,377.5,379
2009-02-02,378,378,363,370.5
2009-02-03,370,372.25,356,361.75
2009-02-04,361.25,369.25,355.75,358.25
2009-02-05,358,372.25,356.5,371.25
2009-02-06,370.75,380.75,369.75,377.25
2009-02-09,375,383,372.5,377.5
2009-02-10,374.5,380,368,376.75
2009-02-11,373.25,376.5,368,368.5
2009-02-12,368.75,377.75,366,366.25
2009-02-13,367.25,371,363,363.25
2009-02-17,362.75,365.5,346.25,349.25
2009-02-18,349,352.25,346,349.25
2009-02-19,349,356.25,348.5,353.25
2009-02-20,353.25,354.75,342,350.25
2009-02-23,350,359.75,349.5,351.75
2009-02-24,350.5,354.75,345.25,354.25
2009-02-25,354.25,369,351,363.75
2009-02-26,362.5,372,357.25,362
2009-02-27,369.25,369.5,357,359
2009-03-02,357.25,362.75,344.5,350.25
2009-03-03,349,354.25,347.25,350.5
2009-03-04,349,365,347,363.5
2009-03-05,363.25,364.75,355.5,358.5
2009-03-06,358,366.25,358,361.5
2009-03-09,363.75,370,357,365.5
2009-03-10,364.5,384,364.25,375.5
2009-03-11,374.5,381,362,364.5
2009-03-12,364,386.75,362.75,385.25
2009-03-13,383.25,389.75,383,388.5
2009-03-16,384.5,397.5,381.5,391.5
2009-03-17,389,395.25,388,390.5
2009-03-18,389.5,391.25,384.75,388.25
2009-03-19,395.25,402.5,393.5,396.5
2009-03-20,395,398,393.5,396.5
2009-03-23,395.75,403.75,392.5,395.5
2009-03-24,395.5,398,392,393.75
2009-03-25,393.5,394.25,384.5,385.75
2009-03-26,386,392,386,390.75
2009-03-27,390.5,390.75,385,387
2009-03-30,387.75,389.5,376.75,386.25
2009-03-31,386,406,381.25,404.75
2009-04-01,401.5,402.25,393,396
2009-04-02,395,407.5,394.5,402.5
2009-04-03,401,405,397.5,404.5
2009-04-06,404.5,407.25,399.75,405.5
2009-04-07,403.75,404.75,395.5,396.25
2009-04-08,396,402.5,390,397
2009-04-09,396.5,405,389.25,390.25
2009-04-13,390,390.5,383,387.5
2009-04-14,387,399,385.25,394.25
2009-04-15,394,394.75,384,384.5
2009-04-16,385.25,389.5,380.75,385.75
2009-04-17,385.75,387.75,376,376.25
2009-04-20,374.75,384,360.5,369.5
2009-04-21,370,379,368.5,374
2009-04-22,374.5,378.25,370,373.5
2009-04-23,373.5,381.75,369.5,381
2009-04-24,380,386.25,374.5,377
2009-04-27,375,375.5,362,372.25
2009-04-28,372,377.75,368.25,375
2009-04-29,375,394,375,393
2009-04-30,399,408.5,396,403.5
2009-05-01,401.5,415.75,401.25,413.75
2009-05-04,407.75,413.75,400.5,405.5
2009-05-05,405.75,409.75,396.5,405.25
2009-05-06,404,409.5,402.5,407.5
2009-05-07,407,420,406.25,412
2009-05-08,410.75,421.25,410.25,421
2009-05-11,420,425,413,421.25
2009-05-12,421.25,431.75,420,427.5
2009-05-13,427.5,434,421.25,426.5
2009-05-14,425,429.25,419.75,428.25
2009-05-15,427.25,431,416,417.25
2009-05-18,413.25,428.5,406.25,421.5
2009-05-19,421.25,429,420.75,425.75
2009-05-20,425,434.75,423,426
2009-05-21,425.5,429,417.25,424
2009-05-22,424,434,423.5,430.25
2009-05-26,426.25,433.75,421.75,427.5
2009-05-27,428,432.25,424.25,426
2009-05-28,425,434.75,422.5,428.75
2009-05-29,428.25,437,427,436.25
2009-06-01,434.25,445.75,434.25,445.75
2009-06-02,443.25,450,440.5,449.5
2009-06-03,448.5,450,430.25,432.5
2009-06-04,433.75,449,430,448.5
2009-06-05,447.5,448.5,440,444
2009-06-08,443,446.75,433.25,435
2009-06-09,435.5,445.75,434.5,444
2009-06-10,442.75,449.75,434.75,435.75
2009-06-11,437.25,447.5,436,441
2009-06-12,439.5,442.75,420.75,425.5
2009-06-15,422.5,424.75,405.5,406
2009-06-16,406.75,411,403,404
2009-06-17,404.5,408.75,397.75,407.75
2009-06-18,408,408.75,401.75,403.25
2009-06-19,403,407.5,398,399.25
2009-06-22,396,399,380,385.25
2009-06-23,387,389.75,380.5,389
2009-06-24,387.75,391,381,386.5
2009-06-25,386.75,389,381,382.5
2009-06-26,382,386.75,379.75,384.25
2009-06-29,390.5,391.75,383.25,384.5
2009-06-30,384,388.75,354.5,354.5
2009-07-01,351.5,361,349,356.5
2009-07-02,356.5,357,345,345.75
2009-07-06,342,346,334,334.75
2009-07-07,336.25,341.75,324.75,325.5
2009-07-08,327,331,321,325.25
2009-07-09,325.75,331.5,325.75,329.5
2009-07-10,331.5,334.25,318.5,328.25
2009-07-13,327.25,332.25,320.5,331.75
2009-07-14,332.5,339,332.5,338.5
2009-07-15,338.5,342.25,328,329.5
2009-07-16,330,330.75,316.25,316.75
2009-07-17,317.25,322.75,316,322.25
2009-07-20,322,325,318.25,323.25
2009-07-21,323,324.5,310.25,311.5
2009-07-22,311.25,312.75,304,308
2009-07-23,311.5,327.75,311.5,327
2009-07-24,326.75,328.25,314.75,316.25
2009-07-27,317,323,311.25,322.25
2009-07-28,322,327,320.25,320.5
2009-07-29,321.5,322.5,315.25,320.75
2009-07-30,321,336.25,320.75,332.25
2009-07-31,331.75,340,329.5,339.5
2009-08-03,342,365,338,358
2009-08-04,355.75,361.25,352.75,354.5
2009-08-05,354,359,339.25,347
2009-08-06,346.5,347.5,331.5,332.5
2009-08-07,332,334,321.5,322
2009-08-10,318.75,334.5,317.25,324.25
2009-08-11,324,329,323.75,326.5
2009-08-12,325.5,335.5,319,330.75
2009-08-13,330,338.5,324.5,324.5
2009-08-14,325,328,318,319.25
2009-08-17,317.25,318,304.25,314.25
2009-08-18,313.5,317.5,311,314.5
2009-08-19,315.25,321.75,310.25,320
2009-08-20,320,321.5,316.5,318.5
2009-08-21,318.25,328.5,317.75,321.75
2009-08-24,321.75,329.75,319.75,329.5
2009-08-25,325,331.75,317.75,321.5
2009-08-26,321.25,324,318,320.5
2009-08-27,320,324.5,315,323
2009-08-28,329,332.5,324.25,329
2009-08-31,327.5,332,320.25,329.75
2009-09-01,328.25,329,316.5,319.25
2009-09-02,319,319.5,315.5,319.25
2009-09-03,318.75,321.5,311.5,315.75
2009-09-04,315.25,316,306,306.25
2009-09-08,305.5,310.75,302,307.5
2009-09-09,307,312,304.75,309.75
2009-09-10,309.25,319,308.5,315.25
2009-09-11,314.5,320.25,308.75,319.75
2009-09-14,318.25,320,315.25,317.75
2009-09-15,317,347.75,316,346.5
2009-09-16,344.25,347.75,324,336.25
2009-09-17,335.25,341.5,322.75,329
2009-09-18,328,329.25,316.75,318
2009-09-21,316,317.5,310,316
2009-09-22,316.25,326.25,315.25,325.75
2009-09-23,325,337,319,330.25
2009-09-24,327,338,322.5,336.5
2009-09-25,334.75,340.75,328.75,334
2009-09-28,334,340.75,329,338.75
2009-09-29,338.75,347,336.25,341
2009-09-30,340.5,344.25,335.5,344
2009-10-01,341.25,346,337.5,340.5
2009-10-02,339.25,340.5,331.75,333.5
2009-10-05,332.75,350,327.5,341.5
2009-10-06,342,370,342,358.25
2009-10-07,357.5,364,354,359.75
2009-10-08,359,370,358.75,364
2009-10-09,363,373,358.75,362.25
2009-10-12,364.75,383.5,361.75,381.25
2009-10-13,379,386.75,374.25,381.75
2009-10-14,381.25,388.75,377.5,383
2009-10-15,382,383,368.5,373
2009-10-16,372.5,377.75,369,372
2009-10-19,371.5,387.75,369.25,386.25
2009-10-20,386,389.5,379.25,384.5
2009-10-21,384.25,403.75,381.25,398.25
2009-10-22,396.25,405,393.25,403.5
2009-10-23,403.25,413.5,397,397.75
2009-10-26,397.75,402.75,376.5,378
2009-10-27,378.25,380.75,369.25,370.75
2009-10-28,371.5,375,363.75,369
2009-10-29,369,381.75,367,379.5
2009-10-30,379.25,383.5,363,366
2009-11-02,362,383.75,359.25,382.25
2009-11-03,380.25,396.5,375.25,390
2009-11-04,388.25,398.75,383,384
2009-11-05,383.75,387.5,376,376.5
2009-11-06,376.25,378.75,366,367
2009-11-09,365.5,388.25,365.25,386
2009-11-10,384,397,379.25,394.5
2009-11-11,393.25,403,391.5,394
2009-11-12,392,398.25,382.5,390.5
2009-11-13,390,394.75,385.5,390.5
2009-11-16,393,402.5,390.75,402.25
2009-11-17,400.5,404.25,396.75,402
2009-11-18,401.25,409.5,397.5,398
2009-11-19,398,400.5,390,395
2009-11-20,394.75,399,390.25,391
2009-11-23,391,403,385,387.25
2009-11-24,386,387.25,374.5,376
2009-11-25,377.25,393.75,377,392
2009-11-27,386,398.5,379,397.25
2009-11-30,412,420.25,407.25,417.5
2009-12-01,415.25,421.25,412,414.5
2009-12-02,413,413.75,404.5,406.5
2009-12-03,406.5,413,400.5,400.75
2009-12-04,400.5,403,388,388.5
2009-12-07,388.75,393.25,382.5,383.75
2009-12-08,384.25,390.5,382.5,385
2009-12-09,385.5,388.75,379,383.5
2009-12-10,383.5,396,380.75,393
2009-12-11,393,406.25,390.25,404.5
2009-12-14,404,410,399.5,408.5
2009-12-15,407.5,410,405,407.5
2009-12-16,406.5,413.75,403.25,410.25
2009-12-17,409.5,410,393.25,397
2009-12-18,397,401.25,391,397.75
2009-12-21,397.75,406.75,395.75,400
2009-12-22,399.25,402,393.5,398.75
2009-12-23,398,405.25,397.25,404.75
2009-12-24,403.25,409,403,408.5
2009-12-28,409,418.75,408,416
2009-12-29,415,418,413.25,417
2009-12-30,416,416.75,400.5,413.75
2009-12-31,413,418.25,412,414.5
2010-01-04,415.75,426.25,413.25,418.5
2010-01-05,417.25,420,415.25,418.75
2010-01-06,418,422,416,421.75
2010-01-07,421,424,414.5,417.5
2010-01-08,417.5,423.75,415,423
2010-01-11,421.75,425,418,422.5
2010-01-12,419,419,392.5,392.5
2010-01-13,384.5,385.25,368,384
2010-01-14,382.25,382.75,376.5,381
2010-01-15,379,379.75,369.5,371.5
2010-01-19,371.5,375.25,367.75,369.25
2010-01-20,369.25,370.5,362.25,368
2010-01-21,369,372,364,372
2010-01-22,372.5,372.75,363.5,364.75
2010-01-25,366.75,369.25,365.25,367.75
2010-01-26,367.75,369,360.25,362.25
2010-01-27,362.25,363.5,358.25,358.25
2010-01-28,359,363,357.75,361.75
2010-01-29,361.75,363.5,355.25,356.5
2010-02-01,356.25,360.75,355.5,359
2010-02-02,359,367.25,358.75,365
2010-02-03,365,368.25,352.75,353
2010-02-04,355.75,359,349,354
2010-02-05,354.25,355.5,347.5,351.5
2010-02-08,354,362,353.5,356
2010-02-09,355.75,363.5,354.75,358.5
2010-02-10,358.75,365.5,355.25,361.75
2010-02-11,361.75,365,359.5,363.25
2010-02-12,363.5,364.25,357.5,361.5
2010-02-16,362.25,368.75,362,367.25
2010-02-17,367,368,359.5,360
2010-02-18,360.5,361.5,355.5,357.25
2010-02-19,355,360.5,353.25,360
2010-02-22,360,376.75,360,371.5
2010-02-23,370,373,367.25,367.75
2010-02-24,367.75,376,367.5,375.25
2010-02-25,374.75,375,369.25,372.25
2010-02-26,383,391,383,389
2010-03-01,389,392,380.25,381.75
2010-03-02,382,384.5,376,381.5
2010-03-03,381,389,380.75,386.75
2010-03-04,385.75,386,380.25,383
2010-03-05,383,388,375,375.5
2010-03-08,377,378.5,372.75,375
2010-03-09,375,375.25,368.25,369
2010-03-10,369,370.75,362.5,365.5
2010-03-11,366,368,361.5,365.25
2010-03-12,366.25,367.25,362,364.25
2010-03-15,365,366.25,362,363.25
2010-03-16,363.75,369,363,366.75
2010-03-17,367.75,374.5,365,374
2010-03-18,373,376.5,369,376
2010-03-19,375.25,376.25,371.5,374.5
2010-03-22,373.5,376.25,370.5,370.75
2010-03-23,371,372.25,362.5,362.75
2010-03-24,363.25,366.5,359,365
2010-03-25,364.5,366.5,354,355
2010-03-26,355.25,358,355,356.25
2010-03-29,356,360,354.75,357
2010-03-30,356.5,359,351.75,354.5
2010-03-31,353.75,354.5,344.25,345
2010-04-01,345.25,349,343.5,344.5
2010-04-05,344.75,347.25,343.75,345.75
2010-04-06,345.75,349.75,344.25,346.5
2010-04-07,346.75,359,343.75,356.5
2010-04-08,355,355.75,346.25,348.25
2010-04-09,348.25,352,344,345.75
2010-04-12,346.5,351.25,345.5,348.25
2010-04-13,347.75,353.5,345.25,352.5
2010-04-14,352,363.75,351.5,358
2010-04-15,357.5,363.75,356,363.25
2010-04-16,362,365,358.5,364
2010-04-19,362.5,363,347.75,347.75
2010-04-20,349.25,356.5,349.25,355.5
2010-04-21,355.25,363.25,355.25,359.25
2010-04-22,358.75,363,356,362.25
2010-04-23,360.75,362.5,352,353
2010-04-26,353,359.5,352,352.25
2010-04-27,352.25,353.5,345,347.5
2010-04-28,348.5,361.75,348.25,357
2010-04-29,356.75,370,356.75,360.5
2010-04-30,368.5,376,368,375.25
2010-05-03,374.5,378.5,368.75,371.5
2010-05-04,371,371.5,362.5,369
2010-05-05,369,373.25,362.5,373
2010-05-06,372.5,380,368,371.25
2010-05-07,368.5,375,367.25,372
2010-05-10,372,377,369.25,370.5
2010-05-11,370,377.75,365,377
2010-05-12,376.25,385,374.5,378.25
2010-05-13,377.5,380,372,373
2010-05-14,373,374.5,362,363
2010-05-17,364,364.5,355.5,356
2010-05-18,358,362.75,357,359.75
2010-05-19,359.75,363.25,353.5,359.25
2010-05-20,360,363,354.25,362
2010-05-21,362,372.5,359,369
2010-05-24,368.5,372.75,367.75,371
2010-05-25,369,370.25,362.5,364.25
2010-05-26,367.25,372,366.25,371.5
2010-05-27,369.5,373.75,368.25,373.25
2010-05-28,372,373,358.25,359
2010-06-01,358.75,361,353,354
2010-06-02,354.25,357.5,347.75,348.5
2010-06-03,349,351.5,344.5,349.5
2010-06-04,350,350.75,339.75,340
2010-06-07,340.75,341,335.5,335.75
2010-06-08,336.5,340.25,335,337.25
2010-06-09,338,341.25,336.5,338.25
2010-06-10,338,348,336,343.25
2010-06-11,343.25,349.75,342.75,349.5
2010-06-14,349,354.5,348.5,353.75
2010-06-15,352,355,350.75,353.75
2010-06-16,353.5,360.5,352.75,356.25
2010-06-17,356.25,360,354.25,357.5
2010-06-18,356.75,364.25,355.75,360.75
2010-06-21,363,367.25,351.25,355
2010-06-22,355,356.25,348.25,351.5
2010-06-23,351.25,351.75,345.75,346.5
2010-06-24,346.5,348.75,342.25,344.75
2010-06-25,344.75,346.25,339.5,340.5
2010-06-28,339.5,339.75,332,333.75
2010-06-29,342.25,343,332.75,333.25
2010-06-30,333.25,363.25,333.25,362.75
2010-07-01,362.75,375.25,359.75,373.25
2010-07-02,372,375,370,372.5
2010-07-06,370,380,367.5,368
2010-07-07,368,379,367.5,378.25
2010-07-08,377.5,386.5,376.75,385.5
2010-07-09,383.5,386.5,381,383.5
2010-07-12,383,386,378.75,379.75
2010-07-13,377.75,383.25,374.25,375.25
2010-07-14,374,385,374,384.25
2010-07-15,383.5,397.75,383,392.5
2010-07-16,391.25,395.75,387.5,394.75
2010-07-19,386.25,391.25,376.75,381.5
2010-07-20,379.75,380.25,373.25,374
2010-07-21,374,381.5,373.25,379.75
2010-07-22,379,387,374,376.5
2010-07-23,375.25,379.5,369.75,371.25
2010-07-26,369,371.75,361.75,364
2010-07-27,363.5,369.5,362,362.75
2010-07-28,362.75,379.5,362.25,376.25
2010-07-29,376,385.5,375.5,379.25
2010-07-30,378.5,393,378.25,392.75
2010-08-02,391.5,404.25,389.25,390.5
2010-08-03,390,394.5,385.25,389.5
2010-08-04,388.75,402,387.5,400.25
2010-08-05,398.75,425,395.5,403.5
2010-08-06,401.25,408.25,392,405
2010-08-09,402.75,411,401,403
2010-08-10,402.5,402.75,392.75,393.5
2010-08-11,393.5,400.5,390.5,395.5
2010-08-12,394.75,414,394.75,406.25
2010-08-13,406,413.75,406,411.75
2010-08-16,409,417.5,405.75,407.25
2010-08-17,407,416.25,406.25,414.75
2010-08-18,414,419.75,409,418.5
2010-08-19,417.5,422.75,411.25,414.25
2010-08-20,414,422,409,421.25
2010-08-23,420,422.25,415,417.25
2010-08-24,416,416,399.75,405.25
2010-08-25,404.75,408.75,400.25,404.75
2010-08-26,405,419.75,405,416.5
2010-08-27,416,425,416,421
2010-08-30,438.75,445.25,438,441.5
2010-08-31,440.25,444.75,432,439.25
2010-09-01,438.75,447.25,437.75,446.75
2010-09-02,446.75,447.75,443,447.5
2010-09-03,446.75,467,445.5,464.5
2010-09-07,464,469,456.75,466.25
2010-09-08,465.25,468.25,461.75,462.5
2010-09-09,462.25,472,459.5,470.75
2010-09-10,470,479.5,467.25,478.25
2010-09-13,477.25,486.5,476.25,483.5
2010-09-14,483.75,495.5,480.25,495
2010-09-15,494,498.5,491.75,495.25
2010-09-16,495,497.5,489.5,496
2010-09-17,497,517.25,496.5,513.25
2010-09-20,513.25,523.75,507.75,508.25
2010-09-21,507.5,517.25,503.5,505.25
2010-09-22,504.5,512,500.25,505
2010-09-23,506.25,507,495.25,499.25
2010-09-24,498.75,523.5,496.5,521.75
2010-09-27,522,528.75,511.25,512.75
2010-09-28,512,513.5,499.5,500
2010-09-29,500,506,486,505
2010-09-30,505,508.25,478.5,495.75
2010-10-01,494.75,494.75,465.75,465.75
2010-10-04,460.5,473.75,454.25,471.5
2010-10-05,471.25,493.5,464.75,491
2010-10-06,491,496,487.25,488.5
2010-10-07,488.25,502.5,487.75,498.25
2010-10-08,497.75,528.25,496,528.25
2010-10-11,573.25,573.25,555,555.75
2010-10-12,555,584.25,554.5,579
2010-10-13,578,588,565.5,569.25
2010-10-14,569,579.75,565.75,567.25
2010-10-15,568,575,562,563
2010-10-18,561.5,563,553,557.25
2010-10-19,557.25,562,542.75,546
2010-10-20,546,576,544,573.5
2010-10-21,573,579.5,561.75,564.25
2010-10-22,564,571,559.5,560
2010-10-25,561,575.5,560.5,568.75
2010-10-26,567,577.25,562,571
2010-10-27,571.75,579,561.5,577.25
2010-10-28,576,585.25,575.25,579
2010-10-29,579,583,571,582
2010-11-01,585,590.75,572,577.25
2010-11-02,577.75,583,572.25,575.75
2010-11-03,576.25,582.25,568.75,581
2010-11-04,581,595.75,580.5,590
2010-11-05,590,591.75,583,587.75
2010-11-08,587.5,592,584.5,585.25
2010-11-09,585.5,605,571,576.25
2010-11-10,575,580.25,565,566.75
2010-11-11,567,574.25,557.5,564
2010-11-12,564,566.5,534,534
2010-11-15,541.75,567,539,555.5
2010-11-16,555,556.25,525.5,526.5
2010-11-17,527.5,536,509,525.75
2010-11-18,527,546.5,526,541.75
2010-11-19,542.75,548.25,518.5,520.75
2010-11-22,515.25,532.25,511.75,515.25
2010-11-23,518.5,531.5,506.25,528.5
2010-11-24,528.5,539.5,528.5,538.75
2010-11-26,540,543.5,530.75,538.25
2010-11-29,542.5,545,535.25,538.25
2010-11-30,554,556,543.25,544
2010-12-01,544.5,567.5,542.5,566.25
2010-12-02,564.5,568,555,555.5
2010-12-03,555.75,574,555.5,573.5
2010-12-06,573.5,575.25,562.5,568
2010-12-07,568.5,575.75,556.75,561.75
2010-12-08,560.75,575,552.25,574.5
2010-12-09,574.25,578.75,569.25,574.25
2010-12-10,574.75,579.25,567.25,574.25
2010-12-13,574,589,569,588.5
2010-12-14,587,589,583.5,587.25
2010-12-15,586,594.5,580,584.25
2010-12-16,583.25,590,581.5,587.5
2010-12-17,587,599,585.5,596.5
2010-12-20,597,604,596.5,599.5
2010-12-21,599,604,598,602.25
2010-12-22,602.5,609.75,600,609
2010-12-23,608.5,614.75,606.5,614
2010-12-27,610,619,609.25,615.25
2010-12-28,614.5,624.25,612.5,623.25
2010-12-29,622.5,626.5,619,624
2010-12-30,623,625,612.5,616
2010-12-31,616.25,630,615.75,629
2011-01-03,626.25,634,620,620.5
2011-01-04,620,623.5,603.25,608.5
2011-01-05,609,619.75,600.25,619.25
2011-01-06,618.75,621.5,600.25,602
2011-01-07,600.5,604.5,595,595
2011-01-10,597.5,614,597.25,607
2011-01-11,608,615.5,606,607
2011-01-12,608,637,605.5,631
2011-01-13,633.5,649.5,633.25,642.5
2011-01-14,645,649.75,636.25,648.75
2011-01-18,647.25,662.75,645.5,659.5
2011-01-19,659.5,666.25,637.25,641.25
2011-01-20,641.25,654.75,627.5,654
2011-01-21,656,667,650.5,657.25
2011-01-24,659.5,661.5,650.5,655.25
2011-01-25,654.75,655,639.25,644
2011-01-26,644,662,640.25,657.75
2011-01-27,658.5,661.75,647.5,650.75
2011-01-28,652,657.75,642.5,644
2011-01-31,642.25,659.5,642.25,659.5
2011-02-01,658.75,666.75,655.75,666
2011-02-02,665.5,674.5,663.25,669.25
2011-02-03,669,673.75,658.5,662.5
2011-02-04,664,679.5,659.5,678.5
2011-02-07,677,682.5,669.5,674.75
2011-02-08,674,675,666.25,673.75
2011-02-09,673.5,700.75,673.25,698
2011-02-10,698,704.25,694.25,698.5
2011-02-11,698.75,706.75,695,706.5
2011-02-14,706.25,710.5,695,695.75
2011-02-15,697,699.75,680.25,690.5
2011-02-16,691.5,695,682.75,690.5
2011-02-17,692,712.75,692,712.75
2011-02-18,712,715,701.75,709.75
2011-02-22,714.5,724.25,679.75,679.75
2011-02-23,672.5,693.75,656.5,691.5
2011-02-24,693,698,680,685.75
2011-02-25,685,722.25,683.25,712
2011-02-28,723.5,731.75,716.25,731
2011-03-01,730.5,736.25,725.25,735.5
2011-03-02,734,740.75,707,721.5
2011-03-03,721,736.75,718,736.75
2011-03-04,735.5,742,723.25,728
2011-03-07,728.5,733.5,710.25,717.5
2011-03-08,717.5,719.5,700.25,705.5
2011-03-09,705.5,711.5,691.25,701
2011-03-10,701.5,703,681,682.75
2011-03-11,684,684.75,652.75,664.25
2011-03-14,665.5,674.25,655,666
2011-03-15,667.25,667.75,636,636
2011-03-16,630,647.75,608,616.5
2011-03-17,618.25,646.5,616,646.5
2011-03-18,656,691.5,652.25,683.5
2011-03-21,685.75,698.5,676,686.5
2011-03-22,686.75,687,673,686.75
2011-03-23,687.5,691.25,678.25,681
2011-03-24,681,703.5,676.25,702.5
2011-03-25,702.75,717.25,688.25,689.5
2011-03-28,692.75,694.75,668.25,671
2011-03-29,671,677,661.25,671.75
2011-03-30,672.25,675,661.5,663.25
2011-03-31,663.25,693.25,659.25,693.25
2011-04-01,730,738.25,725,736
2011-04-04,736,765,734,760.25
2011-04-05,758.25,770.75,754.5,766.75
2011-04-06,765,767,757.5,763
2011-04-07,762.75,773.25,752.75,759
2011-04-08,759,769.25,751.25,768
2011-04-11,772.75,783.75,760,776
2011-04-12,775.25,775.5,746.75,752.5
2011-04-13,753.25,768.5,746.5,755.5
2011-04-14,757.5,760.25,741.25,754.25
2011-04-15,755,758.25,739.5,742
2011-04-18,740.5,753.25,733.75,751.75
2011-04-19,752.25,757.25,747.5,749
2011-04-20,749,768,728.75,732.75
2011-04-21,733.25,741.5,728.5,737.25
2011-04-25,748.25,765.25,746,762.5
2011-04-26,765.5,771,751.25,766.25
2011-04-27,766.75,767.75,750,752.25
2011-04-28,757,761.25,715.5,723
2011-04-29,729.5,761.5,726,756.5
2011-05-02,752.75,761.5,731.75,734.5
2011-05-03,739.25,743,721.25,723.75
2011-05-04,724.25,734.75,716.25,729.5
2011-05-05,732,737.5,701,708.75
2011-05-06,708.5,719.75,680.5,686.25
2011-05-09,690,711,685.75,707.5
2011-05-10,707.5,723.75,702,707.25
2011-05-11,708.75,712.25,677.25,677.25
2011-05-12,672,692.25,659,680.5
2011-05-13,682,690,676.5,682
2011-05-16,689,708,688.75,697.5
2011-05-17,697.5,721,695.5,720.25
2011-05-18,721.75,750.25,721.5,749.75
2011-05-19,749.25,760.25,742.5,748.25
2011-05-20,748,765,743.25,759.5
2011-05-23,769,775,750,754
2011-05-24,754.25,759,726.75,733.25
2011-05-25,735,747,732.25,742.25
2011-05-26,744,758.5,743.5,745.5
2011-05-27,747.5,759,740.75,758.5
2011-05-31,749,763.75,743,747.5
2011-06-01,751,760.5,741,758.5
2011-06-02,757.5,770,754.5,766.5
2011-06-03,765.5,769,751,754
2011-06-06,754,758,731.5,732
2011-06-07,732,737.75,729.25,736.5
2011-06-08,738.75,766.5,734.5,764
2011-06-09,764,793,759.5,785.5
2011-06-10,785,799.75,777.25,787
2011-06-13,786,792.5,777.25,782.5
2011-06-14,779.25,779.5,752.5,755.5
2011-06-15,760.25,762.25,725.5,725.75
2011-06-16,725.75,728.5,698.75,701.5
2011-06-17,700.5,714.5,691.25,700.25
2011-06-20,703.25,707.75,695.5,700.5
2011-06-21,703,719.25,702.25,707.5
2011-06-22,709,714,677.5,677.5
2011-06-23,675,683.75,639,680.5
2011-06-24,687,697.75,669,670
2011-06-27,669,669.5,650,660.75
2011-06-28,667.75,684.25,661,683
2011-06-29,674.75,697,666,678
2011-06-30,678.25,685.75,648,648
2011-07-01,605,622.75,603,606.75
2011-07-05,615.5,629.5,614.25,625.5
2011-07-06,625.75,629.75,618,618.75
2011-07-07,618,633.5,616,625
2011-07-08,626,646.5,626,642.25
2011-07-11,644,645,631.25,643
2011-07-12,643,669.75,623.75,664
2011-07-13,664.75,694,661.5,686.75
2011-07-14,686.25,695,673.75,690.75
2011-07-15,690.75,711,686.75,701.25
2011-07-18,701.75,703.25,683,696.25
2011-07-19,703.25,723.5,696.5,698
2011-07-20,698.25,708.75,685.75,688
2011-07-21,687.5,690.5,670.75,679.25
2011-07-22,679.25,690.5,672.75,690
2011-07-25,678.25,683.75,671.75,678.75
2011-07-26,682.25,690.5,675.5,689.75
2011-07-27,689.5,693,677,691.5
2011-07-28,690.25,690.5,680,682.25
2011-07-29,684,684.5,662.25,665.5
2011-08-01,668.5,684,665.25,681.25
2011-08-02,680.25,711.25,677,711.25
2011-08-03,711,714.25,700.5,706
2011-08-04,705.25,706,681.75,693.75
2011-08-05,688,699.75,679,693
2011-08-08,680.75,691,670.5,675.25
2011-08-09,673,687.75,658.5,678.25
2011-08-10,682.75,689.25,676.25,678
2011-08-11,676.75,708,676,702.5
2011-08-12,702,707.75,697.5,701.75
2011-08-15,703.75,711.75,702.75,707.25
2011-08-16,707,715,700,714
2011-08-17,713,720.5,708.25,711.5
2011-08-18,710.5,711,695,699
2011-08-19,699,714.25,693,711
2011-08-22,715.5,722.25,711.5,720.5
2011-08-23,723.5,731,720,730.25
2011-08-24,730,737,727.5,731.75
2011-08-25,730.5,736,723.5,732.25
2011-08-26,731,754.75,729.25,752.5
2011-08-29,751.75,765.5,751.5,756.25
2011-08-30,770.25,777.25,760.25,775.25
2011-08-31,774.5,775.5,767,767.5
2011-09-01,766,767.5,737.5,738.5
2011-09-02,743.75,764.25,739.25,760
2011-09-06,751,759,742.75,755.75
2011-09-07,755.75,765,743.75,748
2011-09-08,749,751.5,731.25,734
2011-09-09,734,740.5,730.25,736.5
2011-09-12,737,748.5,726.25,745.5
2011-09-13,746.25,749.25,716.75,723
2011-09-14,724.5,728.5,716.5,724.25
2011-09-15,725,725,700.25,701
2011-09-16,701.75,707.25,691.75,692
2011-09-19,691.5,694,676.5,692.25
2011-09-20,697.25,704.5,690.25,690.25
2011-09-21,690,697.5,685.25,685.75
2011-09-22,682,682,647.5,650
2011-09-23,652.75,658.75,638,638.5
2011-09-26,645.75,653.25,630,648
2011-09-27,653,666.25,646,652.25
2011-09-28,650,650.75,628.75,630.75
2011-09-29,631,638.25,623,632.5
2011-09-30,634.25,636,592.5,592.5
2011-10-03,590,598.5,572.25,592.5
2011-10-04,592.5,593.75,577,587.75
2011-10-05,592.25,607.75,591,605.5
2011-10-06,605.5,617,604,605.5
2011-10-07,605.5,607.5,596.25,600
2011-10-10,599.25,618.5,598.5,605
2011-10-11,606.75,645,599.75,645
2011-10-12,646.25,655,628.75,640.75
2011-10-13,640.75,643,622,638.25
2011-10-14,638,648.5,632.25,640
2011-10-17,641.75,647,635.25,640.5
2011-10-18,639.75,646.75,630.25,644
2011-10-19,645,651.25,637.5,638.5
2011-10-20,638.25,651,632,649.5
2011-10-21,649,665.5,648.5,649.25
2011-10-24,647,661.75,646.5,651
2011-10-25,650,658.5,647,650.75
2011-10-26,649.5,655.5,633,637.25
2011-10-27,637.75,657.5,637.75,651.5
2011-10-28,651,657,645.25,655
2011-10-31,653.75,655.75,638,647
2011-11-01,646.25,660.25,631.5,654.25
2011-11-02,653.25,659.5,640.5,645
2011-11-03,644.75,658.5,640.75,653.5
2011-11-04,653,657.5,644.5,655.75
2011-11-07,655.75,656.5,648,653.25
2011-11-08,653,664,652,660.5
2011-11-09,660.25,666,646.75,656
2011-11-10,654.5,662,645.25,645.5
2011-11-11,646,650.5,636.5,638.5
2011-11-14,638,644.75,630.25,633.5
2011-11-15,633.5,645.75,631.25,645.5
2011-11-16,644.25,648,636.75,642.75
2011-11-17,641,641.75,610.25,614.5
2011-11-18,614.5,617.25,601.5,610.25
2011-11-21,610,611.25,593.25,597.75
2011-11-22,598.25,601.5,594.25,599
2011-11-23,600,601.25,584.25,588.75
2011-11-25,588.25,594.5,582,582.5
2011-11-28,586,596.25,586,591.75
2011-11-29,591.75,605.5,588.25,598
2011-11-30,604.75,616,595,608
2011-12-01,608.75,612.5,597.5,601.5
2011-12-02,602,605.75,593.75,595.25
2011-12-05,597.5,602.75,589.5,591
2011-12-06,591,597,580,596.5
2011-12-07,596.5,600,588.25,592.75
2011-12-08,591.75,602,585,600.25
2011-12-09,600,603.25,585.25,594.25
2011-12-12,592.75,597.25,585,594
2011-12-13,594,601.5,591.5,594.5
2011-12-14,593.5,598,580.25,580.75
2011-12-15,580.75,584,576.25,579
2011-12-16,578.5,587.5,577.5,583
2011-12-19,586.25,604,584.25,601
2011-12-20,600,608.5,596.25,607
2011-12-21,606,619,601,616.5
2011-12-22,615.5,625,611.5,617.5
2011-12-23,616.25,621.75,614.25,619.5
2011-12-27,625,636.75,624.75,633.25
2011-12-28,632,646.25,630.25,642.5
2011-12-29,640,645.75,635.25,638
2011-12-30,637.25,648.5,635.25,646.5
2012-01-03,662,664.25,653,658.5
2012-01-04,658,661.75,653.5,658.5
2012-01-05,658,659.75,639.5,643.5
2012-01-06,642,649.5,640.25,643.5
2012-01-09,643,663,642.75,652
2012-01-10,651.5,657.5,648,652
2012-01-11,651.5,655.5,646,651.5
2012-01-12,651,659.5,611.5,611.5
2012-01-13,608.5,614.75,598.5,599.5
2012-01-17,601.25,611.75,601.25,604
2012-01-18,605.25,606.5,592.5,593.5
2012-01-19,594,607,593.75,606
2012-01-20,606,613.75,601.25,611.5
2012-01-23,613.5,621.25,612,620
2012-01-24,619.5,636,614.5,630.25
2012-01-25,629.5,637.75,625.5,634.5
2012-01-26,634.25,645.75,633.25,634.5
2012-01-27,633.5,642.25,631,641.75
2012-01-30,639.5,642.75,627.5,631.75
2012-01-31,632.25,642,631,639
2012-02-01,639,650,638,642
2012-02-02,641.75,647,634.25,643
2012-02-03,642.5,646.5,638,644.5
2012-02-06,641,648.5,639.25,644.25
2012-02-07,643,645,639.25,642.25
2012-02-08,642,648.75,632,642.5
2012-02-09,641.75,652,632.75,637
2012-02-10,636.5,638.75,628.25,631.75
2012-02-13,634.5,643.5,632.75,639.5
2012-02-14,639,640.5,631.5,633.5
2012-02-15,633.5,638.5,625.25,627
2012-02-16,627,637,621.75,636.25
2012-02-17,635.5,646.75,635.25,641.75
2012-02-21,643.25,645,625.25,629.5
2012-02-22,630,639.5,625.75,638.25
2012-02-23,638.25,643.5,633.25,639.5
2012-02-24,638.5,641.5,634.5,640.75
2012-02-27,638.5,645.75,633,644.5
2012-02-28,642.5,654,642,653.5
2012-02-29,656,661.5,653.25,658
2012-03-01,656,658,650.5,654
2012-03-02,653.25,655.5,647,655
2012-03-05,654,665.25,652.25,660.75
2012-03-06,659,659.75,649.5,654
2012-03-07,653.5,656,637.5,638.75
2012-03-08,638,644.75,631.75,635.5
2012-03-09,635,652,631.75,645
2012-03-12,644.25,661.5,641.75,659.5
2012-03-13,657.75,666.75,656,662
2012-03-14,660.75,665,654.25,658.75
2012-03-15,658.75,673,658,669
2012-03-16,668,673.75,665.75,673
2012-03-19,673,675.75,662,663.5
2012-03-20,663.25,663.5,643.25,647.5
2012-03-21,647.25,651,641.5,642
2012-03-22,643.5,647.5,636.75,644.5
2012-03-23,645.5,652,642.25,646.5
2012-03-26,646.25,656,637.25,637.75
2012-03-27,638,644.5,630.5,630.75
2012-03-28,630.5,634.75,619,620.25
2012-03-29,620.25,623.5,603,604
2012-03-30,605,644,604,644
2012-04-02,649.5,659.5,646.5,655
2012-04-03,654,665.75,652,658.25
2012-04-04,661,663.75,650.75,656.75
2012-04-05,657,663.25,654.75,658.25
2012-04-09,656,664.25,648.5,649
2012-04-10,649.5,653.75,634.5,634.75
2012-04-11,636.5,639.75,631,636
2012-04-12,637,644.5,636.5,637.5
2012-04-13,640,641.75,624.25,629.25
2012-04-16,626.75,629,621,623.25
2012-04-17,623,628,615.75,616.75
2012-04-18,617,618.25,599.5,601.75
2012-04-19,603.75,623,603.5,621
2012-04-20,621,628.5,609.5,612.5
2012-04-23,613.25,622.5,610.25,622.5
2012-04-24,622.25,632,615.5,618.25
2012-04-25,617.25,627.25,610.5,611
2012-04-26,614,625,609.75,624
2012-04-27,625.25,655.5,624.25,653
2012-04-30,625,634.75,620.5,634.25
2012-05-01,632,634.25,625.25,629
2012-05-02,627.75,629,610,611.5
2012-05-03,611.75,616.75,607.5,614.5
2012-05-04,614,626,604,620.25
2012-05-07,615.75,621.25,612.25,620
2012-05-08,620.5,632,618.5,623
2012-05-09,622.5,623,605.5,607.25
2012-05-10,609,612.25,585.5,587.5
2012-05-11,589.5,592.5,572.25,581
2012-05-14,582,586.75,576.25,583
2012-05-15,582.5,597.75,581.5,597.25
2012-05-16,597,620.75,590.75,620
2012-05-17,619,626.5,616.25,625
2012-05-18,622.75,638.5,619.5,635.5
2012-05-21,638.25,644.5,628.75,633
2012-05-22,629,634.75,595,597
2012-05-23,601.25,611,588.5,603.5
2012-05-24,605.25,609,576.75,578.5
2012-05-25,583,589.5,573.25,578.5
2012-05-29,580,583.75,557,562.5
2012-05-30,563.75,568.25,553.5,559.5
2012-05-31,560,564,553.75,555.25
2012-06-01,557.75,579.5,551,551.5
2012-06-04,560.25,569.25,557.75,568
2012-06-05,568,575.75,560.5,567.5
2012-06-06,569.25,586.5,569,586.25
2012-06-07,585.75,601.5,584.5,594
2012-06-08,593,605.5,585.25,598
2012-06-11,598.5,603.75,588.75,592
2012-06-12,595,599,575.5,584
2012-06-13,582.25,601.75,575.5,592.5
2012-06-14,592,608.5,591.75,601.5
2012-06-15,600,605,579.25,579.5
2012-06-18,584.75,607.25,576.25,599.5
2012-06-19,602.75,617,600.25,612.5
2012-06-20,610.5,616.75,605,611.75
2012-06-21,610,611.5,586.5,586.5
2012-06-22,589,600.5,588,591
2012-06-25,602.75,631,602.75,631
2012-06-26,633.75,652.25,629.5,646
2012-06-27,645.5,670,641.25,649.5
2012-06-28,627,642.75,620.25,626.25
2012-06-29,626,648,615.5,628.5
2012-07-02,642.5,657.5,640.75,652.25
2012-07-03,665,675.25,657.25,674
2012-07-05,690,714,687,708.75
2012-07-06,708,708,689.25,695.25
2012-07-09,709.5,735.25,709.5,732
2012-07-10,731,734,713.5,718.5
2012-07-11,718,749,685.5,704
2012-07-12,709.5,738.5,704.5,731.25
2012-07-13,730,748,726.5,740.5
2012-07-16,750,780.25,749.25,776.75
2012-07-17,790,796.5,767,779.5
2012-07-18,780,797,763.5,795
2012-07-19,793,816.75,790.25,807.75
2012-07-20,806.75,828.75,799.5,824.5
2012-07-23,823,824,795.25,814
2012-07-24,814,815.5,774,790
2012-07-25,790,805.75,781.75,794.5
2012-07-26,790.5,799.5,776.25,781.25
2012-07-27,781.25,801,776.5,798.5
2012-07-30,801,823,799.75,820
2012-07-31,819,825,805.25,806.5
2012-08-01,806.5,818,782.25,800.5
2012-08-02,803,808.5,784.25,794
2012-08-03,794,817.5,787,810
2012-08-06,803.25,807.75,793,803
2012-08-07,801,807.25,792.25,796
2012-08-08,795.25,811.75,787.75,810.75
2012-08-09,810,826,810,818.25
2012-08-10,817.5,843.75,799.25,800
2012-08-13,799,804.5,776.75,782.75
2012-08-14,784.75,790.5,777.75,779.75
2012-08-15,780,796.25,778,794
2012-08-16,793.5,801,789.5,797.75
2012-08-17,796,804.5,793.5,798.5
2012-08-20,799,817.5,798.75,815.25
2012-08-21,814.75,832.5,813.5,831.25
2012-08-22,830.25,834,822.75,830.25
2012-08-23,829.5,833.75,805,808.75
2012-08-24,808.5,817,800,802.25
2012-08-27,806.25,811,794,794.5
2012-08-28,795,798.75,788.25,789.5
2012-08-29,789.75,812,787.75,810.25
2012-08-30,813.75,817.5,807.5,808.5
2012-08-31,808,809.75,793.25,799.75
2012-09-04,802.75,815,797,805
2012-09-05,804.75,806.5,789.5,790.75
2012-09-06,792.5,802,788,798.5
2012-09-07,797.5,804.75,792.25,799.5
2012-09-10,798.25,806.5,781,783.25
2012-09-11,783.5,788.5,775.25,777.75
2012-09-12,777.75,785,759.25,769.5
2012-09-13,770,775,764.25,773.75
2012-09-14,773.75,789.5,772.5,782
2012-09-17,780.75,781,747,748
2012-09-18,748.25,754,739,740
2012-09-19,740.25,759.25,739.5,756.5
2012-09-20,755,757.5,739,746
2012-09-21,745.5,754.5,744.5,748.25
2012-09-24,746.75,751.25,736.5,744.75
2012-09-25,743.5,749.25,739,743.75
2012-09-26,743.25,744.75,722.5,724.75
2012-09-27,725,726.75,711.75,716.25
2012-09-28,716.5,756.25,705,756.25
2012-10-01,760.25,768.5,751.5,756.75
2012-10-02,756.5,760,746,758.25
2012-10-03,757.75,763.5,747,756.75
2012-10-04,756.5,767.5,753,757
2012-10-05,756.5,758.25,746.25,748
2012-10-08,747,748,740,742
2012-10-09,741.75,748.5,740.25,742
2012-10-10,742,743.5,732.25,736.75
2012-10-11,736.5,776,733.75,773.25
2012-10-12,772,772.75,749.5,752.75
2012-10-15,751.5,751.5,732.5,737.25
2012-10-16,737.75,745.25,735.25,738.25
2012-10-17,738,746.25,736.25,745.5
2012-10-18,745.25,762,744.5,760.75
2012-10-19,760.75,769,758.25,761.5
2012-10-22,761,767,758.75,761.25
2012-10-23,761,762.5,749.5,756
2012-10-24,756,763.5,751.5,754.5
2012-10-25,753.5,757.5,740.75,742
2012-10-26,742,744.75,737,737.75
2012-10-29,737,746,732.5,737
2012-10-30,737.25,743.75,736,741.75
2012-10-31,741.75,757.75,741.75,755.75
2012-11-01,755.5,763.25,750,751
2012-11-02,750,751.5,736,739.5
2012-11-05,737.5,745,733,735.5
2012-11-06,735.5,741.5,735.5,741
2012-11-07,740.5,751.75,734,744.25
2012-11-08,744.5,748,740.5,741.25
2012-11-09,741,755,733.5,738.75
2012-11-12,736.75,743.5,712.5,718
2012-11-13,717.5,725.75,710.5,723.5
2012-11-14,723,729.25,720.25,725.75
2012-11-15,725.75,727.75,720.25,721.25
2012-11-16,721.25,729.75,711,727
2012-11-19,726.5,741.25,726.25,738.75
2012-11-20,738.75,747.25,734.25,743.25
2012-11-21,743,747,738,741
2012-11-23,746.25,749,743.25,745.5
2012-11-26,744.75,753,741.75,747.25
2012-11-27,746.5,760.25,746.5,760
2012-11-28,758.75,763.25,754.75,760.25
2012-11-29,759,763,751,751.5
2012-11-30,758.75,758.75,748,752.75
2012-12-03,756.25,764,749.5,754.75
2012-12-04,754.5,757,746.75,752
2012-12-05,752,759.25,750.25,757.75
2012-12-06,757,759,748,751.5
2012-12-07,751,752.75,735,737.25
2012-12-10,735,736.25,725.25,730
2012-12-11,730,734.75,723.75,728
2012-12-12,728,731.75,719,725.5
2012-12-13,725,728,715,720.25
2012-12-14,719.5,731.75,717.75,730.75
2012-12-17,732,734.75,721.25,724
2012-12-18,724,725.75,715.25,720
2012-12-19,721.25,723,701.5,703
2012-12-20,704,705,687.5,696.5
2012-12-21,697,704.75,696.75,702
2012-12-24,703,707.25,700.5,704.25
2012-12-26,705,706.25,692.25,693.25
2012-12-27,693.25,695.5,689.25,691.5
2012-12-28,691.75,696.25,688.75,694
2012-12-31,694,700,689.25,698.25
2013-01-02,706.25,707.25,687.75,690.75
2013-01-03,690.75,694.75,685,689.25
2013-01-04,688,692.25,679.5,680.25
2013-01-07,680.5,690,678,685.5
2013-01-08,685.5,694.5,683.75,688.75
2013-01-09,688,696,686.5,694.25
2013-01-10,694.75,700.5,694.5,698.75
2013-01-11,698.5,723.75,686.25,708.75
2013-01-14,713.75,726.75,713,724
2013-01-15,723.5,734.5,722,730.5
2013-01-16,730,735,724.5,731.25
2013-01-17,731.25,734,722.5,724.5
2013-01-18,724.5,729.5,723,727.5
2013-01-22,730.25,734.75,726.25,728.5
2013-01-23,728,730.5,719.25,720.75
2013-01-24,720.25,726,714.5,724.25
2013-01-25,725,727.5,717.5,720.75
2013-01-28,722.75,729.75,719,729.25
2013-01-29,728.5,732.5,727.5,729.5
2013-01-30,729,741,725.5,740.25
2013-01-31,739.25,744.5,734.25,740.5
2013-02-01,740.25,746.25,735,736
2013-02-04,738.5,741.75,730.75,734.25
2013-02-05,734,735,724,729
2013-02-06,729.25,729.5,720.5,722.5
2013-02-07,721.25,722.25,710,710.75
2013-02-08,710.5,720.75,706.75,709
2013-02-11,709,713.75,701,702.25
2013-02-12,702.25,703.25,691.5,696.25
2013-02-13,696.5,701,687.25,695.5
2013-02-14,695.75,699.25,690,694.75
2013-02-15,695,703.25,694,698.75
2013-02-19,701,703.25,691,695.25
2013-02-20,696.75,701.5,693.25,700.5
2013-02-21,700,701.25,690,690.75
2013-02-22,692,697.75,690,690.25
2013-02-25,690,695.5,687.5,693.5
2013-02-26,693.5,705.75,691.75,705
2013-02-27,705,711.25,702.5,709.5
2013-02-28,695,706,693.5,703.5
2013-03-01,703.5,709.75,699.25,708.5
2013-03-04,707.5,712.75,695.25,703.25
2013-03-05,703,711.25,702.5,709
2013-03-06,709,709.75,688,688.5
2013-03-07,688.75,693,682,691.25
2013-03-08,691,705,689.75,703.5
2013-03-11,703,716.25,702.5,711.25
2013-03-12,710,717.75,708.75,714.25
2013-03-13,713.75,717.75,700.5,710.25
2013-03-14,710.75,717,708.25,716.5
2013-03-15,716,719.75,712.25,717
2013-03-18,715.5,721,710,720
2013-03-19,719,728.75,718.5,728.5
2013-03-20,727,733,724.5,732.5
2013-03-21,731.25,734.5,726.5,733
2013-03-22,732.25,733,720,726.25
2013-03-25,725.5,734,721.5,733.25
2013-03-26,731.5,732.75,725.5,730.25
2013-03-27,730,737.75,727.75,735.25
2013-03-28,734,736.25,695.25,695.25
2013-04-01,679,679,636.5,642.25
2013-04-02,647,653.75,634,640.5
2013-04-03,641.5,647,635.75,641.5
2013-04-04,642.5,644,627,630
2013-04-05,630,635.75,626.5,629
2013-04-08,627.5,635.5,627.5,633.5
2013-04-09,634.25,646,634,644.25
2013-04-10,644,666.75,634.25,649
2013-04-11,649,661.5,647,651.25
2013-04-12,651.25,659.75,651.25,658.5
2013-04-15,660.5,661,644.5,646.75
2013-04-16,645,664,641,663.25
2013-04-17,662.75,665.25,656.5,660.5
2013-04-18,659,664.5,643,644.5
2013-04-19,645.25,652.75,642.75,652
2013-04-22,649.5,649.5,640.5,645.75
2013-04-23,647.5,647.5,638,638.5
2013-04-24,638.5,644.75,636,639.5
2013-04-25,639.5,647,638.5,645.25
2013-04-26,645,645,638.5,644
2013-04-29,649,688.75,649,684
2013-04-30,660,669,647.75,650
2013-05-01,647,652.75,639.5,646.75
2013-05-02,646,662.5,645,662
2013-05-03,660.5,667,657.75,661.25
2013-05-06,650.5,652,633.25,636.5
2013-05-07,638.5,645.75,633.75,640
2013-05-08,639,643,626.5,633
2013-05-09,633,652.5,629,648.75
2013-05-10,647.25,648.5,625,636.25
2013-05-13,632.5,661,632.5,655.5
2013-05-14,655,657.75,646.5,652.5
2013-05-15,652,659.75,645,650.75
2013-05-16,650.25,652,640.25,641.5
2013-05-17,641.75,656,638.25,652.75
2013-05-20,652,660.75,642.75,649.5
2013-05-21,644.75,647,632.5,640
2013-05-22,640.25,659.25,637.75,658.5
2013-05-23,658,669.75,653,662
2013-05-24,660.5,664.75,655.5,657.25
2013-05-28,659,669.5,655,666.5
2013-05-29,666,668.25,651.5,665
2013-05-30,663.75,667.25,649.5,654.25
2013-05-31,654,665.75,652.25,662
2013-06-03,661.25,669,643.75,655.75
2013-06-04,655.5,664.25,648,660.5
2013-06-05,660.75,667,658.5,660.75
2013-06-06,660,664.5,655.5,663.25
2013-06-07,662.75,674,659.5,666.25
2013-06-10,661.25,664.5,648.5,650
2013-06-11,650.5,661.25,647.25,659.5
2013-06-12,659,662,646.25,650.75
2013-06-13,652,653,640.5,643.5
2013-06-14,644,658,643.75,655
2013-06-17,652.5,672,651.5,668.5
2013-06-18,667.75,677.25,662.5,673.25
2013-06-19,672,683.5,665.25,682.25
2013-06-20,679.75,679.75,667.5,673.25
2013-06-21,673,673.75,660.25,661.75
2013-06-24,660,660.25,650.5,653.25
2013-06-25,654,660.75,652,656.75
2013-06-26,658.5,667,658.5,664.5
2013-06-27,575,575.25,570,572.25
2013-06-28,571.75,574.25,540.5,547.25
2013-07-01,546,546,531,531.5
2013-07-02,532,535.25,527.25,533
2013-07-03,535,539.25,527.5,532.25
2013-07-05,534,539,525.5,525.75
2013-07-08,525.75,536,525,533.25
2013-07-09,534.75,554.75,534.5,551.75
2013-07-10,551,558,548.25,553.75
2013-07-11,553.75,563.5,545.5,560.75
2013-07-12,560,560.75,543.5,545.5
2013-07-15,542.5,543.75,534.5,536.25
2013-07-16,540,549.75,539,545.25
2013-07-17,546.25,549,537.75,538.5
2013-07-18,537.5,542.5,532,541
2013-07-19,539.75,545.5,536.75,544
2013-07-22,544.25,545,536.25,540.75
2013-07-23,539.25,539.25,521.5,522.5
2013-07-24,522.5,524.25,507.75,508.25
2013-07-25,508.5,510.75,492.25,496
2013-07-26,495.25,499.75,490.75,492
2013-07-29,492,497.5,488.25,489.25
2013-07-30,489.75,497.25,489.5,495.5
2013-07-31,495.5,499.5,493,499
2013-08-01,499,499.75,486.5,487.5
2013-08-02,487.5,489.25,475.25,476
2013-08-05,473,475,465.5,469.25
2013-08-06,469,475.5,465.5,472.25
2013-08-07,472,476.25,467.25,468.25
2013-08-08,468,475.5,468,473.5
2013-08-09,473,476.75,464,465.75
2013-08-12,465.5,480,457,472
2013-08-13,472,476.5,453.75,455.25
2013-08-14,455.25,465.75,455,464.75
2013-08-15,465,485,464.25,481.5
2013-08-16,481,483.75,468.5,473.75
2013-08-19,483.25,493.75,478.25,493.25
2013-08-20,492.75,494.25,482.5,483.75
2013-08-21,483.5,499.5,482,498
2013-08-22,497.25,498.75,486.5,487.5
2013-08-23,487.5,500,487,495.5
2013-08-26,500.75,522.75,500.75,515.75
2013-08-27,515,519.25,498.75,499.75
2013-08-28,500,506.75,495.5,504.25
2013-08-29,481.75,483.75,477,481.5
2013-08-30,480.25,484,476.25,482
2013-09-03,491,493.75,470.25,475.25
2013-09-04,475.25,475.25,466.25,469.5
2013-09-05,469,469.25,457,461
2013-09-06,461,469,460.25,468.25
2013-09-09,468.5,471,461.75,463.5
2013-09-10,462.25,469.5,460.75,469
2013-09-11,468.75,473.5,466.25,472.5
2013-09-12,472,472.75,456.25,466.25
2013-09-13,464.75,465.75,458,459
2013-09-16,457.5,462,454,456.5
2013-09-17,457,468.5,453.25,454
2013-09-18,454,457,452,456.25
2013-09-19,457,463.25,455.5,459.5
2013-09-20,459.5,460,450.5,451
2013-09-23,450,455,448.25,453.25
2013-09-24,452.5,457,448,448.75
2013-09-25,448.25,456.75,448.25,454.75
2013-09-26,454.5,457.75,451,456.75
2013-09-27,456.5,459,453,454
2013-09-30,452.5,462,440.75,441.5
2013-10-01,441.25,444.75,435.25,439
2013-10-02,438.75,441,435,439
2013-10-03,438.75,443.75,438,439.25
2013-10-04,439.5,443.75,438.75,443.25
2013-10-07,442.75,449.5,441.5,449.25
2013-10-08,448.5,449.75,439.75,441.75
2013-10-09,441.5,447,440.5,443.5
2013-10-10,443,446.5,436.5,438.25
2013-10-11,436.5,437,432.5,433.25
2013-10-14,432.75,437.5,432,437
2013-10-15,436.5,444,436,443.5
2013-10-16,443,446,439,442.75
2013-10-17,442,446.5,441.5,443
2013-10-18,442.5,447.75,440.75,441.5
2013-10-21,440.5,444.5,438,444
2013-10-22,443.25,444.5,437.5,438.25
2013-10-23,438,446.25,437.5,442.75
2013-10-24,442,444.5,438.5,440.25
2013-10-25,440,442,439.5,440
2013-10-28,439,440,430.25,430.75
2013-10-29,430.25,434,428.25,432
2013-10-30,431.5,435,429.5,430.25
2013-10-31,430,436.25,427,428.25
2013-11-01,427.75,429.75,425.75,427.25
2013-11-04,426.25,428.75,425.25,426.25
2013-11-05,425.5,427,424,425
2013-11-06,424.5,426,420.75,421.25
2013-11-07,421,424.25,420,420.5
2013-11-08,419.5,429.5,415.5,426.75
2013-11-11,427.25,437.25,427.25,434.75
2013-11-12,434.25,438,430.25,432.25
2013-11-13,432,434.5,428.75,429.75
2013-11-14,429.75,431.25,425.5,426.5
2013-11-15,426,430,421.5,422
2013-11-18,421.5,422.5,411.5,412
2013-11-19,411.75,419,410.75,417.75
2013-11-20,417.5,419,415,417
2013-11-21,417,424,416.75,423
2013-11-22,422.25,426.75,420.5,422.25
2013-11-25,422.5,426.5,422.25,424.75
2013-11-26,424.75,425,415.75,418.5
2013-11-27,418,422.25,416.25,417.25
2013-11-29,426.5,427,421.75,424.5
2013-12-02,422.75,425,418.5,424.5
2013-12-03,424.5,432.25,423,431.25
2013-12-04,430.75,439.5,426.5,436.5
2013-12-05,435.75,437.75,431,433.5
2013-12-06,433.25,436.75,430,434.25
2013-12-09,433.75,438.5,432.5,438
2013-12-10,437,440.75,430.75,436
2013-12-11,436,439.75,434.25,439.25
2013-12-12,438.5,439,428,434.25
2013-12-13,433.5,435,425,425.5
2013-12-16,425.75,426.5,420.5,423.25
2013-12-17,423,429,422,426.75
2013-12-18,426,429.75,423,425
2013-12-19,425,431,424.25,430.5
2013-12-20,429.75,434.25,427.5,433.25
2013-12-23,433,436,431.75,434.25
2013-12-24,433.5,435.75,431.75,434.5
2013-12-26,433,433,426,426.25
2013-12-27,426.25,429,426,427.5
2013-12-30,426.5,426.75,423,423.5
2013-12-31,423.5,423.5,421.25,422
2014-01-02,422,427.25,418.5,420.5
2014-01-03,420.5,424,417,423.5
2014-01-06,423.5,428,423.5,427.75
2014-01-07,427,430,425.25,426
2014-01-08,425.25,427.75,414.75,417
2014-01-09,416,416.75,408,412
2014-01-10,411.5,433,406.25,432.75
2014-01-13,431.75,435.5,430.5,434.5
2014-01-14,433.5,434,427.25,431.5
2014-01-15,431,431.5,425.5,425.75
2014-01-16,425.75,430,425,428
2014-01-17,427,428,422.25,424
2014-01-21,424,425.75,421,425
2014-01-22,425,429,424.5,426.25
2014-01-23,426,431.25,425.75,429
2014-01-24,428.5,430.25,425.5,429.5
2014-01-27,428.75,432.75,427,431.75
2014-01-28,431,433.75,430.75,432
2014-01-29,431.25,431.75,427,427.5
2014-01-30,427.5,434.5,427.25,433.5
2014-01-31,432.5,434.5,431.25,434
2014-02-03,433.5,438.75,433.25,435.75
2014-02-04,435.5,442,434.5,441.75
2014-02-05,441,444,439,443.25
2014-02-06,442.5,447.25,441.25,443
2014-02-07,442.5,445,440.5,444.25
2014-02-10,442.75,449,440,443
2014-02-11,442.75,444,437.25,441.5
2014-02-12,440.75,445.75,439.25,440
2014-02-13,439.75,442,439,440.5
2014-02-14,440.25,446,438,445.25
2014-02-18,445,450,444.5,449.5
2014-02-19,448.5,454.5,448.25,453.75
2014-02-20,453.25,456.5,451,455.75
2014-02-21,455.5,456.5,450.25,453
2014-02-24,451.5,452.75,445.5,451.5
2014-02-25,451,456.25,448.25,455.75
2014-02-26,454.75,459,453.75,455.5
2014-02-27,455,458,447,448
2014-02-28,454,465,453.5,463.5
2014-03-03,464.75,482.75,464,470.5
2014-03-04,469.5,485,465.25,484.25
2014-03-05,483,488,479.25,482
2014-03-06,480.25,492.5,478.5,491
2014-03-07,490,502.5,484.5,489
2014-03-10,486.5,487.75,475.5,478.25
2014-03-11,477,485,473.25,483.25
2014-03-12,483,489,476.5,488.5
2014-03-13,487,493.25,482.25,485
2014-03-14,484,489,478.5,486
2014-03-17,484.5,487.5,476.5,479
2014-03-18,478.25,487,477,486.25
2014-03-19,485.75,491.75,482.25,487.75
2014-03-20,487,487.5,478,478.5
2014-03-21,478.5,481,476,479
2014-03-24,479,491,478.5,490
2014-03-25,489.5,490,485,486.5
2014-03-26,486,487.75,482.5,484.5
2014-03-27,484,492.75,482,492
2014-03-28,491,496.25,489,492
2014-03-31,490.25,503.75,475.5,502
2014-04-01,501.5,512.5,501.25,507.5
2014-04-02,506.75,507.5,490.5,495.75
2014-04-03,497,501,494,500
2014-04-04,498.5,502.5,492.75,501.75
2014-04-07,500.25,502.5,494.5,499.25
2014-04-08,498.5,507.5,496.25,507
2014-04-09,506.25,519,500,502.25
2014-04-10,502,503,494,501.25
2014-04-11,499,505.25,497.5,498.5
2014-04-14,498.25,507,497.5,503
2014-04-15,502.75,506.75,497.5,503.75
2014-04-16,502.5,505,495.25,497.5
2014-04-17,497.5,501.25,493,494.75
2014-04-21,494,494,485.5,488.5
2014-04-22,489,500,487.25,496.25
2014-04-23,495.75,504.25,494.5,503.5
2014-04-24,502.75,507.5,499.5,501.25
2014-04-25,501.25,510.75,500.75,507
2014-04-28,506.25,512.5,505.25,507.75
2014-04-29,509,516,508.25,515.75
2014-04-30,520.75,521.5,514.5,519
2014-05-01,518,521,504.5,507
2014-05-02,507,509.75,497.75,499.5
2014-05-05,499,509.5,497.5,508
2014-05-06,507.25,519,502,517.5
2014-05-07,516.25,519,510.25,514
2014-05-08,513.75,517,508,516.5
2014-05-09,515.5,522.75,505.75,507.5
2014-05-12,505.25,506.25,498.5,499.5
2014-05-13,499,503.5,497.5,502.75
2014-05-14,502,504.5,495.25,495.5
2014-05-15,495.5,497.25,481.75,484.25
2014-05-16,484.5,487,480.25,483.5
2014-05-19,481.75,482.5,476.25,477.25
2014-05-20,477.75,481.25,473,473.5
2014-05-21,473.5,476,472.5,474.5
2014-05-22,474.5,482.5,472.5,476.75
2014-05-23,477.5,480.5,475.5,478
2014-05-27,474.5,475,469.25,469.75
2014-05-28,469.75,473,466.5,472.5
2014-05-29,472.5,472.75,467.25,469.5
2014-05-30,469.75,473.5,465,465.75
2014-06-02,465,470.5,460.25,465.5
2014-06-03,463.25,465,456,458.25
2014-06-04,458.5,460.5,454.25,456.25
2014-06-05,457,458,448.5,449
2014-06-06,449,459.75,447,459
2014-06-09,457,457.5,445.5,451
2014-06-10,450.5,455,444.75,445.5
2014-06-11,445.5,449.75,439.25,441
2014-06-12,440.5,445,439.5,444
2014-06-13,444,449.75,443.75,447
2014-06-16,444.25,449.5,440.25,441
2014-06-17,440.75,441.5,435.5,438.75
2014-06-18,438.5,443.75,438.5,441.5
2014-06-19,441,450.75,441,450.5
2014-06-20,449.75,453.75,446.25,453.25
2014-06-23,453,457.75,444,444.5
2014-06-24,444.75,445,439.5,443
2014-06-25,443,443,440,441
2014-06-26,441.5,446,440.75,442.75
2014-06-27,438.25,442.5,436.25,442.25
2014-06-30,441.75,441.75,417,418.75
2014-07-01,418,418.5,410.25,416
2014-07-02,416,416.5,410,412.25
2014-07-03,412.5,414,409,409.5
2014-07-07,405.75,406,397,400.5
2014-07-08,400.5,402.25,396.75,398.25
2014-07-09,397.75,398,388.5,391.25
2014-07-10,390.25,394.25,385.25,386.25
2014-07-11,386,388.5,375.75,378.25
2014-07-14,377.25,382.75,374,381.5
2014-07-15,381,381.25,371,374
2014-07-16,374,386.25,373.75,378.25
2014-07-17,378,387.75,374.5,379.5
2014-07-18,379,381.25,370.75,371.25
2014-07-21,369,369,363,364
2014-07-22,363.5,367,360,360.25
2014-07-23,360,363.5,357.5,362.5
2014-07-24,361.75,369,356.5,361.5
2014-07-25,361,363.5,357,363
2014-07-28,363,369.25,363,367.75
2014-07-29,367.5,368.5,358.5,361.5
2014-07-30,361,364.25,357.75,361.75
2014-07-31,360.5,361.5,356.75,357
2014-08-01,357,358.75,351.5,352.5
2014-08-04,351.5,361.25,351.5,358.75
2014-08-05,358,358.25,353,356.25
2014-08-06,355.75,364,355.5,363.25
2014-08-07,362,362.75,355.75,359.5
2014-08-08,358.75,359.5,351.25,351.75
2014-08-11,351,357.75,350.5,356.75
2014-08-12,355.5,362,347.75,358.5
2014-08-13,358,361,354.5,358
2014-08-14,357.75,362.75,355,362
2014-08-15,361,368,360.5,365.75
2014-08-18,365.5,370,359.75,360.75
2014-08-19,360,363.25,356.5,362.5
2014-08-20,361.5,362,356.25,359.5
2014-08-21,358.75,366,358,362.25
2014-08-22,361.25,367,361.25,365.5
2014-08-25,363.5,364.25,358.75,360
2014-08-26,359,359.5,353.5,356
2014-08-27,355,356.5,352.5,356
2014-08-28,364.25,370,363.5,369.25
2014-08-29,368,369,362.5,364.75
2014-09-02,363.25,367.5,362.25,363.75
2014-09-03,362.75,362.75,351.25,352
2014-09-04,352,353.25,343.75,346.5
2014-09-05,346.75,357.5,346.75,356
2014-09-08,354.5,358,346.25,348.25
2014-09-09,348.25,348.25,343,344.25
2014-09-10,344,347.25,343,345.75
2014-09-11,345.5,345.5,335.75,341
2014-09-12,341,344,337.25,338.5
2014-09-15,337,343.5,335.75,343
2014-09-16,342.5,350.5,338.75,343.75
2014-09-17,343.25,344.25,339.25,341.75
2014-09-18,341,341.75,338,338.25
2014-09-19,338,338.25,331.5,331.5
2014-09-22,331,331.5,326.75,330.25
2014-09-23,329.5,331,325.25,325.5
2014-09-24,325.5,330,324.75,329.5
2014-09-25,329.25,330.75,325.25,326
2014-09-26,326,327,322.75,323
2014-09-29,322.25,326.5,322,325.75
2014-09-30,325.5,326.25,319.5,320.75
2014-10-01,320.25,323.5,318.25,321.25
2014-10-02,320.5,323.25,319.25,322.75
2014-10-03,322.75,325.75,321,323.25
2014-10-06,323.25,332.75,323.25,332.5
2014-10-07,331.75,342.25,330.5,340.5
2014-10-08,340,343.5,337.5,343.25
2014-10-09,342.5,348,340.75,344.75
2014-10-10,343.25,348.5,332.5,334
2014-10-13,333.5,347.5,330.5,346
2014-10-14,345.5,357.5,343,357
2014-10-15,356,358.25,346.5,347.5
2014-10-16,347.75,353,345,352.25
2014-10-17,351.75,355.75,346.5,348
2014-10-20,345.25,349,342,348.25
2014-10-21,347.5,358.75,347,356
2014-10-22,355.5,361,352.25,353
2014-10-23,352,360.25,351,359.75
2014-10-24,359.25,365,352.25,353
2014-10-27,351.75,363.75,348.5,363
2014-10-28,362.5,371.75,361.25,364.5
2014-10-29,364.25,376,362.5,375.25
2014-10-30,374.75,381,371.5,374
2014-10-31,372.75,378,368,376.75
2014-11-03,374.5,375.25,370.5,373.5
2014-11-04,372.5,372.5,364,364.5
2014-11-05,364,371.75,359,370.25
2014-11-06,369.5,374.5,366.5,371.25
2014-11-07,370,371.75,364.25,367.5
2014-11-10,366,378.75,364.75,369.25
2014-11-11,368.25,374.5,365.5,373.75
2014-11-12,373.5,385,372.75,377.75
2014-11-13,377,389,377,386.25
2014-11-14,385.5,387,380.5,381.75
2014-11-17,381.5,384.25,374.25,377.5
2014-11-18,377.5,378.75,371.25,372
2014-11-19,371.75,372,362.75,363.25
2014-11-20,363,374.75,362.5,373.25
2014-11-21,372.75,381.5,369.75,372.75
2014-11-24,372.25,372.75,365.5,367.5
2014-11-25,367.5,375.25,366.25,374.25
2014-11-26,374,378.75,373.75,378.25
2014-11-28,390,393.75,382.75,388.75
2014-12-01,386,391.5,383,389.75
2014-12-02,389,391,381,381.25
2014-12-03,381.5,382.5,377.25,382
2014-12-04,381.75,390.5,380.25,389.75
2014-12-05,388.75,396,386,395
2014-12-08,394,399.75,389.5,390.25
2014-12-09,389.5,396,387.5,395.25
2014-12-10,394.25,398.25,389.25,393.75
2014-12-11,393.75,401,392.25,398.5
2014-12-12,397.25,410,397.25,407.5
2014-12-15,407.5,412.5,405,408.5
2014-12-16,407.75,411.5,404,406
2014-12-17,405.75,410,403.5,408.25
2014-12-18,408,414,407,411
2014-12-19,410.75,411.25,405,410.5
2014-12-22,409.75,414.25,408.5,411.75
2014-12-23,411,415.75,410.5,414
2014-12-24,413.5,415,405.75,407.75
2014-12-26,410.25,415,405.75,414.75
2014-12-29,414,417,410.75,412.75
2014-12-30,411.75,412.75,406,406.5
2014-12-31,406,406.5,396,397
2015-01-02,396.25,398.5,391.5,395.75
2015-01-05,395.75,406.75,394.5,406
2015-01-06,405.5,409.5,402.25,405
2015-01-07,404.75,407.25,396,396.25
2015-01-08,396.5,398.75,392.75,394.25
2015-01-09,394.75,401.5,393,400.25
2015-01-12,399,407,390,402
2015-01-13,402,406.5,384.5,385.75
2015-01-14,386,386.25,376,381
2015-01-15,382.75,388,376,380
2015-01-16,380.5,388,379.5,387
2015-01-20,385.25,391,382.25,390.25
2015-01-21,390,392.5,386.25,388
2015-01-22,387.75,390.5,382.5,383.75
2015-01-23,384,388.5,382,386.75
2015-01-26,385.75,388.25,382.25,384
2015-01-27,383.5,386,380,381.25
2015-01-28,380.75,381.5,373,373.25
2015-01-29,373.5,373.5,368,371.5
2015-01-30,372.75,373,365.75,370
2015-02-02,369.75,378.5,367.5,369.75
2015-02-03,370,388.5,370,385.75
2015-02-04,385,388.25,379.5,383.5
2015-02-05,382.5,387.5,381.5,385.25
2015-02-06,385,389.5,380,385.75
2015-02-09,385.25,391.75,383.5,391.25
2015-02-10,390.75,391.5,384.5,388
2015-02-11,388,389.75,384,385.75
2015-02-12,385.25,387.75,381.25,383
2015-02-13,383,388.5,382.25,387.25
2015-02-17,387,391,385,389.5
2015-02-18,389,390.5,383,383.75
2015-02-19,383.75,391.25,382.25,389.75
2015-02-20,389,389.5,383.5,385.25
2015-02-23,385.25,386,377.5,378.75
2015-02-24,379,387,377.5,377.5
2015-02-25,378,379.5,371.5,375.75
2015-02-26,376,382.25,375,380
2015-02-27,387.5,396.25,385.5,393.25
2015-03-02,392.25,395,386.5,388
2015-03-03,388.5,391.75,384.5,391
2015-03-04,390.5,392,386.25,389.5
2015-03-05,389,393,387.75,390.5
2015-03-06,389,389.75,383.25,386
2015-03-09,386,391.5,385.75,388.75
2015-03-10,388,391.25,383.25,388
2015-03-11,387.5,393.75,386.5,391
2015-03-12,390.5,392,386.25,388.5
2015-03-13,388.5,389.75,380.25,380.5
2015-03-16,380.75,382.25,375.5,379
2015-03-17,379,379.75,370,371
2015-03-18,371.5,375.25,367,374.75
2015-03-19,377.5,380.5,370.5,373.5
2015-03-20,373.5,387.5,372.75,385
2015-03-23,385,391.75,385,390.25
2015-03-24,389.25,393.75,388.5,393.25
2015-03-25,392.75,395.75,391.5,395
2015-03-26,394,397,389.25,391.25
2015-03-27,391,393.5,389.25,391
2015-03-30,391.5,395,390,394.5
2015-03-31,394,398.5,375.5,376.25
2015-04-01,377,382.25,374,381.75
2015-04-02,381.75,388.5,378.25,386.5
2015-04-06,386.25,390,383.5,385
2015-04-07,385,387.25,382,383
2015-04-08,383.25,385,376.75,379.25
2015-04-09,379,380,375,378
2015-04-10,378.25,379.5,374.25,377
2015-04-13,375,376,370.25,370.5
2015-04-14,371,374.75,370,373.5
2015-04-15,372.75,379,370.5,376
2015-04-16,375.75,377.75,373,376.25
2015-04-17,376.25,380.75,375,379.75
2015-04-20,379.5,381.75,375.75,378
2015-04-21,377,377,371.25,373
2015-04-22,373,374,369.25,372.5
2015-04-23,372.5,378,370.25,370.75
2015-04-24,371,371.25,363.75,364.5
2015-04-27,363.75,365.25,360.5,360.75
2015-04-28,360.5,363.5,359,361
2015-04-29,361,364.5,359.5,363.75
2015-04-30,368,370,364,366.25
2015-05-01,366,366.5,360.75,363
2015-05-04,362,363.5,360,361.25
2015-05-05,360,363,355.75,362.75
2015-05-06,363,369.5,362.75,366.75
2015-05-07,366.5,366.75,360.5,361.5
2015-05-08,361,364.5,359.5,363
2015-05-11,362.75,364.5,359,360.5
2015-05-12,359.5,365.75,357.25,361
2015-05-13,360.25,363.75,357.25,362.25
2015-05-14,361.75,368.5,361.25,368
2015-05-15,367.75,371.5,362,365.5
2015-05-18,365.25,371.25,364,368
2015-05-19,367.25,368.5,360.25,362
2015-05-20,362.25,362.5,358.5,360
2015-05-21,360,366.5,359.75,365
2015-05-22,364,367.75,359.75,360
2015-05-26,361,362.5,354,355
2015-05-27,355,356.5,348.75,349.5
2015-05-28,349.5,355,348.25,353.5
2015-05-29,353.25,357,350,351.5
2015-06-01,350.5,354.25,348.25,352.25
2015-06-02,352,359.5,351.75,359
2015-06-03,359,364,357,359
2015-06-04,358.5,364.5,356.5,363.5
2015-06-05,362.75,367.25,359.75,360.5
2015-06-08,360.5,366.25,360.5,365.25
2015-06-09,364.75,368.5,362.5,365
2015-06-10,364.75,366.5,356.75,357.25
2015-06-11,357.5,360,354.5,356.5
2015-06-12,356,356.75,352.25,353
2015-06-15,353,353.25,346.75,348.25
2015-06-16,349,354.25,347.5,354
2015-06-17,353.75,361.25,353.75,359.25
2015-06-18,359,361.25,356,358
2015-06-19,357.75,358,351.75,353.25
2015-06-22,352.75,360.5,350.5,360
2015-06-23,361,368.75,360.5,367.5
2015-06-24,367,371,363.25,366.5
2015-06-25,366,377,363.5,376.5
2015-06-26,376,390,375.5,385
2015-06-29,390.5,399.5,390.5,392
2015-06-30,391.5,422,390.5,422
2015-07-01,420,426.5,412,422.5
2015-07-02,422,430.75,418.5,428.5
2015-07-06,427,428,417,426.5
2015-07-07,420.25,424.5,415,423.25
2015-07-08,422.5,429,418.5,424.5
2015-07-09,424.5,433,424,428.75
2015-07-10,428,439.25,424.25,434.75
2015-07-13,434.75,442,431,440.75
2015-07-14,440,443.25,427.25,428.25
2015-07-15,427,431.75,421,429.5
2015-07-16,430.25,438.75,428.25,430
2015-07-17,428,429.5,418.25,420.25
2015-07-20,418.5,418.5,404.5,405
2015-07-21,406.5,410.25,402.5,406.5
2015-07-22,407.25,407.5,399.75,402.75
2015-07-23,403.5,405.25,398.5,403.25
2015-07-24,403.25,403.5,392,392.5
2015-07-27,389,389.25,372.5,373
2015-07-28,373.5,376,370,375
2015-07-29,377.5,377.75,367,367.75
2015-07-30,367.75,374.5,365.75,373.25
2015-07-31,374.75,377.5,369.25,371
2015-08-03,370,370.5,365,366.5
2015-08-04,368,372.75,366.75,368.75
2015-08-05,368.75,373.75,367.5,372.75
2015-08-06,372.5,375,369.25,369.75
2015-08-07,370,375,366.5,372.75
2015-08-10,374,391.5,373.75,390.25
2015-08-11,388.5,388.5,376,376.5
2015-08-12,377,382.75,346.5,357.25
2015-08-13,358.25,364.75,355.25,363.75
2015-08-14,363.75,365.75,359.75,364
2015-08-17,363.5,368,361.25,363.25
2015-08-18,363,368.25,361.75,366.25
2015-08-19,366,372,365.75,367.25
2015-08-20,367,371.75,367,371
2015-08-21,370.25,372.5,364,365.25
2015-08-24,365,370.25,354,368.75
2015-08-25,368,375,363.75,365.5
2015-08-26,365.25,369,361.5,361.75
2015-08-27,362.5,367.25,360.25,363.75
2015-08-28,374.25,380,374,375
2015-08-31,373.5,377,370.5,375.25
2015-09-01,374.5,374.5,367.5,369
2015-09-02,369,371.5,364.25,367.5
2015-09-03,367.25,368,361.25,361.5
2015-09-04,361.75,364.75,360.5,363
2015-09-08,364.75,368.5,364,368.25
2015-09-09,367.5,372.5,366,369
2015-09-10,368.75,374.75,366.75,374.25
2015-09-11,374,387.5,364.5,387
2015-09-14,387,394,386.25,393.5
2015-09-15,392.75,395,388.75,390.5
2015-09-16,390,391,383,386
2015-09-17,385.25,385.5,379.25,379.75
2015-09-18,380,382.5,376.5,377.25
2015-09-21,376.5,385.5,375,384.5
2015-09-22,384,384.5,377.25,380.5
2015-09-23,379.5,384.5,379,383.25
2015-09-24,382.75,384,379.25,381.5
2015-09-25,381.25,389.5,381,389
2015-09-28,388.75,392.5,383.75,386.75
2015-09-29,387.25,389.5,385,389
2015-09-30,389,394.5,383.5,387.75
2015-10-01,387.75,393,385,388.75
2015-10-02,388,391.5,384,389.25
2015-10-05,389.25,394,388.75,393.5
2015-10-06,392.75,399,391.75,398.25
2015-10-07,397.5,399.75,393.75,395.75
2015-10-08,394.75,395.75,390.5,391.25
2015-10-09,391,394.25,381.5,382.75
2015-10-12,381.5,385.25,380.25,380.75
2015-10-13,381,384.75,379,384.5
2015-10-14,384.5,386.75,378.5,379
2015-10-15,378.75,379.5,375,375.5
2015-10-16,375.5,378,372.5,376.75
2015-10-19,377.25,377.5,372.5,373
2015-10-20,372.75,377.75,372,376.75
2015-10-21,377,381,375.5,380.75
2015-10-22,380.25,383.5,377.5,378.25
2015-10-23,377.75,380,375,379.75
2015-10-26,380,385.75,378,384.5
2015-10-27,384,387.5,379,380
2015-10-28,379.75,380.75,375.75,376
2015-10-29,376,380.5,375.5,380
2015-10-30,379.75,383.75,378.75,382.25
2015-11-02,381.25,381.75,376,376.5
2015-11-03,376.5,382.25,375.75,380.5
2015-11-04,379.5,383.5,376.5,380.5
2015-11-05,379.5,379.75,373.75,374.5
2015-11-06,374.75,375.25,370,373
2015-11-09,372.75,375.5,366.5,366.75
2015-11-10,367,367.75,356,359
2015-11-11,360.5,363.5,359.5,362.25
2015-11-12,361.75,363.5,359.25,362
2015-11-13,361.5,362.25,358,358.25
2015-11-16,358.25,360.75,357.25,360
2015-11-17,360,362.5,358.25,362
2015-11-18,362,364.25,358.5,361.75
2015-11-19,361.75,365.5,360.25,364.25
2015-11-20,363.5,366.5,362,363.25
2015-11-23,362.5,367.5,360,367.25
2015-11-24,367,367.25,364,364.25
2015-11-25,364.25,366.5,364,366
2015-11-27,365.25,365.75,358.75,359.25
2015-11-30,367,374,366.25,372.25
2015-12-01,372.25,375.5,371,373.75
2015-12-02,373.5,373.75,370,370.25
2015-12-03,370,378,367.75,377
2015-12-04,376.75,381.75,376.25,381.5
2015-12-07,380.75,382,372.5,373
2015-12-08,373.25,375.25,372.5,373.5
2015-12-09,373.5,379.25,370.25,373.75
2015-12-10,373.75,379.75,372.25,379.25
2015-12-11,378.75,380.25,374.5,375.25
2015-12-14,375,379.75,374.25,379
2015-12-15,378.25,379.5,375.75,377.25
2015-12-16,377,377.75,369.25,369.75
2015-12-17,370.25,375,362.5,374.25
2015-12-18,374.25,379.5,372.75,374.5
2015-12-21,374,377,369.75,372
2015-12-22,372,374.5,366,366.25
2015-12-23,366.5,367.75,364.5,365.5
2015-12-24,365,365.75,363.5,364.5
2015-12-28,363.75,365.5,360.5,361
2015-12-29,361,363,357,362.5
2015-12-30,362.5,364,358,359
2015-12-31,358.5,360.25,357.5,358.75
2016-01-04,359.5,360,350.5,351.5
2016-01-05,352.75,356,351.75,353
2016-01-06,353.5,354.75,350.25,353.25
2016-01-07,353.25,354.25,348.5,353
2016-01-08,353,357.75,352.75,357
2016-01-11,357,357.25,349.5,351.75
2016-01-12,352,363.75,349.5,356.75
2016-01-13,356,360.75,355.5,358
2016-01-14,357.75,360.25,355.5,358
2016-01-15,358,363.5,356,363.25
2016-01-19,364,369.5,364,367.75
2016-01-20,367.5,369.25,365.25,368.75
2016-01-21,368.75,372,365.5,367
2016-01-22,366.75,371.5,366.5,370.25
2016-01-25,370,372.5,368,369.75
2016-01-26,369.25,372,367,369.25
2016-01-27,368.75,371,367.5,369.25
2016-01-28,368.75,370.25,365,365.5
2016-01-29,365.25,372.5,365,372
2016-02-01,371,371.75,367.75,371.25
2016-02-02,371.25,373.75,369,372.5
2016-02-03,372,373.25,370.25,371
2016-02-04,371,373.5,368,368.5
2016-02-05,369,369.5,365.5,365.75
2016-02-08,366,367,361.5,362.25
2016-02-09,362.25,362.75,359.25,361
2016-02-10,361,361.75,359.25,360.25
2016-02-11,360,363.25,358.5,360.25
2016-02-12,361,362,358.25,358.75
2016-02-16,359.75,363.5,359,363
2016-02-17,362.75,367.5,362,367.25
2016-02-18,367,368,365.25,365.5
2016-02-19,365.25,367.5,364.75,365.5
2016-02-22,366.5,369.25,366.25,367.5
2016-02-23,367,367.25,361.5,362
2016-02-24,362,362.75,358.75,359.75
2016-02-25,359.75,361.5,355,355.5
2016-02-26,355.5,356.25,352.5,354.5
2016-02-29,360,361.75,356.75,357
2016-03-01,357,358.75,355.75,355.75
2016-03-02,355.75,357.5,355,356.25
2016-03-03,356,357.5,354.5,356.5
2016-03-04,356.5,360.75,356,358.25
2016-03-07,361,362.25,358.25,359
2016-03-08,358.5,362.5,356,360.5
2016-03-09,360,361.5,357.25,359.5
2016-03-10,359,363.5,358,362.75
2016-03-11,362,365.25,362,365
2016-03-14,366,369.25,365.5,368.75
2016-03-15,367.75,369.25,366.25,368.5
2016-03-16,367.75,368.5,366,368.25
2016-03-17,368.25,372,366.5,368.5
2016-03-18,368,369.25,366,367
2016-03-21,366.5,370,365.75,369.5
2016-03-22,369,371.75,368.75,370
2016-03-23,369.75,370,366,368.5
2016-03-24,368.75,370.25,367.25,370
2016-03-28,369.5,372,367.75,370.5
2016-03-29,370.5,373,368.5,373
2016-03-30,372.5,374,366.75,367
2016-03-31,366.75,367.25,347.5,351.5
2016-04-01,351.75,354.5,347.25,354
2016-04-04,353.75,355,350.75,354.5
2016-04-05,354.5,357,353.5,356.75
2016-04-06,356.75,359,355,358
2016-04-07,357.75,362,357.5,361.5
2016-04-08,361.5,362.75,359,362.25
2016-04-11,362,362.25,356,356.75
2016-04-12,357,365.5,356.75,362.75
2016-04-13,363,374.75,363,373.5
2016-04-14,373,374.5,369.75,374
2016-04-15,373.5,380.5,372,378.5
2016-04-18,375.25,384,375,381
2016-04-19,380,386,380,384.5
2016-04-20,384.5,395.5,383.25,394.75
2016-04-21,394,402,383.25,384.5
2016-04-22,384.25,384.25,370.5,371.75
2016-04-25,371.25,385,368.5,377
2016-04-26,377.25,383,374,382.25
2016-04-27,382,382.75,377,380.75
2016-04-28,379.75,390.75,378.75,387
2016-04-29,390.75,395.25,388.25,391.75
2016-05-02,390.25,392.25,385.25,391.75
2016-05-03,391.75,395,377,379.75
2016-05-04,379.75,382,376.25,376.75
2016-05-05,376.75,379.5,371.25,373.75
2016-05-06,373.75,379,373.5,377.5
2016-05-09,378.25,381,368.25,369
2016-05-10,368.75,386,368,381
2016-05-11,380.75,383.25,375.25,377.5
2016-05-12,378,389.25,377.5,389
2016-05-13,388.5,391.25,385.25,390.75
2016-05-16,390.25,394.25,386.25,394
2016-05-17,392.5,398,391.75,397
2016-05-18,397,400.5,394,399.5
2016-05-19,397.5,397.75,385.5,390
2016-05-20,390,396.75,389,394.5
2016-05-23,394,399.25,391,397.75
2016-05-24,397.25,403.25,394.5,397.5
2016-05-25,396.5,405,395.75,404.75
2016-05-26,404,409.25,400,408.25
2016-05-27,408,413.5,406.5,412.75
2016-05-31,412.5,413,404,404.75
2016-06-01,404.25,414,401,413.75
2016-06-02,413.75,419.5,412.5,415.25
2016-06-03,414,419.25,410.5,418.25
2016-06-06,419.75,427.5,419.25,427.25
2016-06-07,426.25,428,422.5,427.75
2016-06-08,427.25,439.25,426.5,431.25
2016-06-09,430.25,430.25,423.25,426.5
2016-06-10,426.5,437,420,423
2016-06-13,427.5,438,427.5,430
2016-06-14,429.5,436.75,423.5,436.5
2016-06-15,435.75,439,428.5,429
2016-06-16,426.25,429.75,420.5,425.25
2016-06-17,425,438.25,423.5,437.75
2016-06-20,435.5,435.75,420.5,421.25
2016-06-21,420.5,422.25,396.25,396.25
2016-06-22,396.5,401,392.25,393
2016-06-23,392,392.75,384,387.25
2016-06-24,387.5,390,373.5,384.5
2016-06-27,384.25,392,383,385.25
2016-06-28,383,398.25,382.5,385.25
2016-06-29,385.5,387.25,372.25,372.75
2016-06-30,379.75,382.25,360.25,365.5
2016-07-01,367.5,368.75,358.75,360
2016-07-05,356.25,356.5,341,350.75
2016-07-06,350.75,352.5,339,341.5
2016-07-07,342.75,353.75,340.5,341.75
2016-07-08,343,355.75,342,355
2016-07-11,360,360.75,344,348.25
2016-07-12,349,355,342.5,352.25
2016-07-13,353.25,367.5,352,362
2016-07-14,362,373,355.5,357.75
2016-07-15,356.5,361,343,352.25
2016-07-18,352.25,357.5,348.25,357
2016-07-19,356.5,356.5,341.5,341.75
2016-07-20,344.25,346.5,335,337.5
2016-07-21,337.75,341.75,332.75,334.25
2016-07-22,334.5,336.75,326.75,335
2016-07-25,335,338.25,330.25,334.75
2016-07-26,333.5,336.5,331,332.5
2016-07-27,332.5,338,331.75,335.75
2016-07-28,335.75,338.5,329,331.25
2016-07-29,331.25,335,328.75,334.5
2016-08-01,332.25,333.75,325.5,325.75
2016-08-02,325.25,327.5,319.5,324.25
2016-08-03,323.75,328.75,322.25,325
2016-08-04,325,326.75,320.5,320.75
2016-08-05,320.5,325,320,324.25
2016-08-08,324.25,328,322.5,325.25
2016-08-09,325.25,326.75,322,322.25
2016-08-10,322,325.5,321.25,322.5
2016-08-11,322.25,323.75,320.5,321
2016-08-12,320.5,323,312,322.25
2016-08-15,321.25,329,321,326.5
2016-08-16,326.75,329,324.25,327.5
2016-08-17,327.25,330.75,327,330.25
2016-08-18,330,333,326.5,332
2016-08-19,332.25,334.75,330,334.25
2016-08-22,333.75,334.5,330.5,333.25
2016-08-23,333,333,326.5,328.5
2016-08-24,328.25,330.5,325.5,327.5
2016-08-25,327,328.5,322.25,323.5
2016-08-26,323.5,325.25,315.75,316.25
2016-08-29,316.25,318.75,310.75,311.75
2016-08-30,320.75,322,315.5,315.75
2016-08-31,315.75,319.5,314.75,315.5
2016-09-01,315.5,325,315,323.75
2016-09-02,323.75,329.75,323.5,328.5
2016-09-06,327.75,329.5,323.25,328.5
2016-09-07,327.5,334,326.25,333.25
2016-09-08,333.5,338.75,332.5,338.5
2016-09-09,338,342,334.5,341
2016-09-12,340.5,343.25,335.5,339.5
2016-09-13,339.25,341.5,329.5,330
2016-09-14,330,332.25,326.5,331.75
2016-09-15,331.5,334.75,327.5,330
2016-09-16,329,338.25,327.5,337
2016-09-19,337.25,340,332.25,337.25
2016-09-20,336,342.25,335,340.5
2016-09-21,339,341,338,340
2016-09-22,339.25,341.5,334.75,336.75
2016-09-23,336,338.5,333.75,336.5
2016-09-26,334,336.5,328.5,329
2016-09-27,329.25,332.5,327.25,331.75
2016-09-28,331.75,332.5,328.75,329.25
2016-09-29,329.75,333.5,328,329.25
2016-09-30,329,337.5,325,336.75
2016-10-03,336.25,347.75,335.25,346
2016-10-04,345,349,343.5,348.25
2016-10-05,347.75,349.25,345.25,347.75
2016-10-06,347.25,347.75,338.5,340.5
2016-10-07,340.75,344.75,339.5,339.75
2016-10-10,339.5,344.25,339.25,343.25
2016-10-11,343,347,341,345.5
2016-10-12,345,348.5,336.5,337
2016-10-13,337.5,349.75,337.25,349.5
2016-10-14,349.5,358.75,348.75,354.25
2016-10-17,353,357.75,350.25,354
2016-10-18,354.25,357.5,351.5,353.75
2016-10-19,353.5,358,351,357.5
2016-10-20,357.5,359.25,349.25,351
2016-10-21,351.25,354.25,350.5,352.5
2016-10-24,351.5,354.5,346.25,348.25
2016-10-25,348.25,352.25,347.25,349.25
2016-10-26,349.25,355.75,349,354
2016-10-27,353.75,358.5,352.25,357.5
2016-10-28,357.5,358.25,354.25,355
2016-10-31,355,358,352.25,354.75
2016-11-01,354.75,354.75,347.25,349
2016-11-02,348.75,350.5,344.25,346.25
2016-11-03,346.25,348.75,345,348
2016-11-04,348,349.75,345.5,348.75
2016-11-07,348,349.5,345,346.25
2016-11-08,346,356.5,345,354.25
2016-11-09,353,355,340.5,340.75
2016-11-10,341.5,346.5,340.25,343.5
2016-11-11,343.25,345,339,340.25
2016-11-14,340.5,341,335.5,337.25
2016-11-15,337,342.25,335.75,341.5
2016-11-16,341.5,343.5,338.5,338.5
2016-11-17,339,343.5,338.25,342
2016-11-18,342,346.75,340.5,345.5
2016-11-21,345.25,350,344.75,349.75
2016-11-22,349.5,351.75,346,351
2016-11-23,350.25,351,346.5,350.75
2016-11-25,349.75,350.75,348.5,349.25
2016-11-28,349.25,353,346.75,348.5
2016-11-29,348,348.25,335.5,336.75
2016-11-30,349,353,347.75,348.5
2016-12-01,348.5,349.75,341.75,342.5
2016-12-02,344,347.75,343,347.25
2016-12-05,347,359.75,347,359.25
2016-12-06,358,364,357.5,360.5
2016-12-07,359.25,360.5,356,358
2016-12-08,357.75,360,350.25,353.5
2016-12-09,354,359.75,351.25,359.5
2016-12-12,359,361,356,360.5
2016-12-13,360,364.75,359.25,361
2016-12-14,360.75,362,358.25,362
2016-12-15,361.5,363,356.25,356.5
2016-12-16,356,359,353.5,356.25
2016-12-19,356,356.75,351.5,353.25
2016-12-20,353.25,353.75,349.25,350.25
2016-12-21,350,351.25,346.75,347.25
2016-12-22,347.25,348,346,347.25
2016-12-23,347,347.75,345.5,345.75
2016-12-27,346.5,356,346.25,355
2016-12-28,354.25,354.75,347.25,348.25
2016-12-29,348.25,351,347.5,349.75
2016-12-30,349.5,353,347.75,352
2017-01-03,352,358.5,351.5,355.75
2017-01-04,355,360,354.75,359.75
2017-01-05,359.5,362.75,358.5,361.25
2017-01-06,360.75,362.5,356.75,358
2017-01-09,359,360.75,355.25,360
2017-01-10,359.25,359.5,357.25,358.25
2017-01-11,357.75,358.25,352,357.25
2017-01-12,357,360,353,358.25
2017-01-13,357.5,359.5,355.25,358.5
2017-01-17,359,366.5,358.5,365.5
2017-01-18,364.5,367.75,362.75,365
2017-01-19,364,367.5,362.75,366.25
2017-01-20,366,370,365,369.75
2017-01-23,369.5,370,367.5,369.5
2017-01-24,369.25,371,362.25,363.25
2017-01-25,363.25,366.75,361,366.25
2017-01-26,366,366.75,362,363.75
2017-01-27,363.25,364.25,360.5,362.5
2017-01-30,361.5,361.75,355.75,357.75
2017-01-31,358.5,361.25,357.75,359.75
2017-02-01,360,368.5,358,368.25
2017-02-02,367.5,369.75,366.25,367.5
2017-02-03,365.75,367.75,364,365.25
2017-02-06,364,368.75,362.5,363.75
2017-02-07,363.75,369,362.5,368.5
2017-02-08,368,371,366.5,370.75
2017-02-09,369.5,372.75,367.5,369.5
2017-02-10,368.5,375.5,368.5,374.5
2017-02-13,373.5,376.75,371.75,375.5
2017-02-14,375,375.25,373,374.25
2017-02-15,374,379,371.75,378.75
2017-02-16,378,380,373,373.5
2017-02-17,373.25,373.25,368,368.25
2017-02-21,368.5,370.75,366.5,369.25
2017-02-22,369.25,372.75,369.25,371
2017-02-23,370.5,371.75,365.25,365.5
2017-02-24,365.75,366.75,362.5,364
2017-02-27,364.25,365.5,359.5,360.25
2017-02-28,368.75,386.25,368.5,373.75
2017-03-01,373,382.25,372.25,382
2017-03-02,381.5,382.25,376.75,379.5
2017-03-03,378,381.75,377.5,380.75
2017-03-06,380.5,383,376.5,378.5
2017-03-07,378.5,379.75,373.25,376
2017-03-08,376,376.5,371.75,372.25
2017-03-09,372.75,374,366,367
2017-03-10,367.25,367.75,362.5,364.25
2017-03-13,364,365,360.5,361
2017-03-14,361,364.5,360,362.25
2017-03-15,362.25,364.75,362,363.5
2017-03-16,363.5,367,363.5,366
2017-03-17,366.25,367.75,364.5,367.5
2017-03-20,369,370.75,363,363.5
2017-03-21,363.5,364,359.25,361.25
2017-03-22,361.25,361.75,358.25,358.75
2017-03-23,358.5,359.75,356.25,356.75
2017-03-24,357,358,355.25,356.25
2017-03-27,356.75,358.25,354.25,355.75
2017-03-28,356,358.75,355.75,357.75
2017-03-29,357.25,360.75,356.5,358.5
2017-03-30,358.25,358.75,356.75,357.5
2017-03-31,358,366.75,355,364.25
2017-04-03,365.75,371.75,365.5,367.75
2017-04-04,367,369.75,362.75,363
2017-04-05,363,365.75,361.5,364.75
2017-04-06,364.25,365.5,360,360.75
2017-04-07,360.5,361.75,357.25,359.5
2017-04-10,360,367,359,367
2017-04-11,366,369,362.25,366.5
2017-04-12,366.5,371.5,366.25,369
2017-04-13,368.75,373,368.5,371
2017-04-17,371,372,365.5,366.5
2017-04-18,366.5,368,360.75,361.75
2017-04-19,361.25,365.25,360.5,361.75
2017-04-20,361.75,363.75,357.25,357.75
2017-04-21,357.5,358.75,354.25,357
2017-04-24,358,360.5,356.25,359.25
2017-04-25,359.25,368.25,356.25,365
2017-04-26,365,367.25,358.25,359
2017-04-27,358.75,364,358.5,362
2017-04-28,367.75,369,363.5,366.5
2017-05-01,371.5,379,369.5,377.5
2017-05-02,376.75,378.25,370.25,372.25
2017-05-03,372,375.75,370,374.75
2017-05-04,374.25,376,366,366.5
2017-05-05,367.5,373.75,366.75,370.75
2017-05-08,369.25,371.25,365,366
2017-05-09,366,369.5,365.75,366.5
2017-05-10,366.5,374,366,373.75
2017-05-11,373,373.75,368.75,369.25
2017-05-12,369.25,371.5,368,371
2017-05-15,370.5,371.75,367.25,367.75
2017-05-16,367.25,368.75,365.25,367.75
2017-05-17,367,372.25,366.25,371.5
2017-05-18,371.5,371.5,364.25,366
2017-05-19,366,373,366,372.5
2017-05-22,372.75,377.5,371.75,375
2017-05-23,374.75,375.75,369,369.5
2017-05-24,370,371.5,368.75,371.25
2017-05-25,371,373,368.75,369.25
2017-05-26,369.25,374.75,368.75,374.25
2017-05-30,373.5,373.75,366.25,367
2017-05-31,370.25,376.5,369,372
2017-06-01,371.5,373.75,367.5,370.5
2017-06-02,370.5,374.75,369.5,372.75
2017-06-05,373.75,375.5,372,373
2017-06-06,372,379.75,371.25,377.25
2017-06-07,378.25,387,378.25,384.75
2017-06-08,385,391.75,384.25,385.75
2017-06-09,384.25,389.5,380.75,387.75
2017-06-12,386,387.25,376.25,377.25
2017-06-13,379.25,383.75,377.5,381
2017-06-14,381,385,376.75,377
2017-06-15,376.75,382,370,379.5
2017-06-16,378.75,384.5,377,384
2017-06-19,378.25,381.5,375.25,375.25
2017-06-20,376.25,377.5,369.25,370
2017-06-21,369.5,373.5,368.25,368.75
2017-06-22,368.75,369.25,362.5,362.75
2017-06-23,362.75,364.75,356.5,357.75
2017-06-26,358.5,361.75,357.25,359
2017-06-27,361.25,364.25,359.25,359.25
2017-06-28,359.5,360.5,356.75,356.75
2017-06-29,356.75,362.25,356.25,359.75
2017-06-30,370,383,369.5,381
2017-07-03,384,396,383.25,388.5
2017-07-05,390,394.25,385.25,392
2017-07-06,390.25,391.5,382,390.5
2017-07-07,389.5,397,388.25,392.5
2017-07-10,397,402.5,396.5,402
2017-07-11,403,404.75,394.5,401.75
2017-07-12,400,400.75,384.5,385.5
2017-07-13,385,385.25,368.5,369.75
2017-07-14,370.25,378.5,370,376.25
2017-07-17,375.75,378.75,370.5,375
2017-07-18,380.75,388.75,375.25,377
2017-07-19,376.5,389,374.25,382.5
2017-07-20,382.5,393.25,380.5,391
2017-07-21,390.5,391,378.5,379.75
2017-07-24,375.5,377.5,371,377.25
2017-07-25,382,383.75,368.5,368.75
2017-07-26,368.5,373.25,366,372.75
2017-07-27,374,377.25,373,374.25
2017-07-28,373.75,377,373,374.25
2017-07-31,371,372.25,367.5,370.75
2017-08-01,369.25,371.5,362,362.5
2017-08-02,364.5,367.25,363.75,365
2017-08-03,365,367.25,361.25,363.5
2017-08-04,363.5,368,363.25,366.5
2017-08-07,368.75,372.5,368.25,372.25
2017-08-08,372.5,374.25,368.25,369.75
2017-08-09,369,372.5,368.75,372.25
2017-08-10,371.75,375.5,356.5,357.25
2017-08-11,358.75,361.5,357.25,360.75
2017-08-14,358.75,363,356,362.75
2017-08-15,361,361,354,355.25
2017-08-16,355,356.75,349.25,352.5
2017-08-17,352.5,353.75,349.5,350.5
2017-08-18,350,352.5,349.75,352
2017-08-21,350.5,350.75,346.5,349
2017-08-22,349,351,346,346
2017-08-23,346.25,348.75,341.5,342
2017-08-24,341.5,342.75,340.25,342
2017-08-25,342,342.75,338,338.75
2017-08-28,338.75,340.25,335.5,336
2017-08-29,335.5,336,332,333.5
2017-08-30,348.25,349.25,345,345.5
2017-08-31,345,358.5,344.25,357.75
2017-09-01,357,360.75,353.25,355.25
2017-09-05,354.75,360.5,354.75,358.5
2017-09-06,357.5,362,356,361
2017-09-07,360,360.25,354.75,355.25
2017-09-08,355.25,358.75,355,356.75
2017-09-11,356.5,359.25,354.75,357.5
2017-09-12,357,357.25,345.5,351.5
2017-09-13,351,356.75,350.25,351.5
2017-09-14,353,356.25,352.5,354.25
2017-09-15,353.5,355.5,352.5,354.75
2017-09-18,353.25,355.5,350.5,351.5
2017-09-19,351,353.25,346.5,348.25
2017-09-20,348,351.5,347.25,350
2017-09-21,349.5,351.25,348.5,350.25
2017-09-22,349.75,356.25,349.5,353.5
2017-09-25,352.75,355,351.25,353.75
2017-09-26,352.75,355.5,351.5,352.25
2017-09-27,352,354.5,348.5,354
2017-09-28,353.25,353.75,350.5,352.5
2017-09-29,352.25,358,350,355.25
2017-10-02,354.75,356.25,351,351.5
2017-10-03,351.5,351.5,348.75,349.5
2017-10-04,349.25,349.5,346,348.25
2017-10-05,348.25,351.25,347.5,349.5
2017-10-06,349.25,351,348.5,350
2017-10-09,350.5,351.75,348,349.5
2017-10-10,349,351.25,348.25,349.25
2017-10-11,348.75,349,345.5,346
2017-10-12,346,354,342.5,349
2017-10-13,348.5,353.5,348.25,352.75
2017-10-16,352.75,353.25,349.75,350.5
2017-10-17,350.25,351.75,348.5,350
2017-10-18,350.25,350.5,347.75,348.5
2017-10-19,348.75,351.5,348.5,349
2017-10-20,349,350,344.25,344.5
2017-10-23,344.25,351.75,343,351.25
2017-10-24,351,353,349.5,352.75
2017-10-25,352.5,355.25,350.5,351
2017-10-26,350.75,352,349.5,350.5
2017-10-27,350.25,350.25,347.5,348.75
2017-10-30,348.5,349.75,347.25,348.75
2017-10-31,348,348.75,345.5,345.75
2017-11-01,345.75,349.25,345.25,348.25
2017-11-02,347.75,352,347.5,350.5
2017-11-03,350.25,351,347.5,348.25
2017-11-06,348.5,350.25,347.75,348
2017-11-07,347.75,348.25,346.25,347.75
2017-11-08,347.5,349,345.75,348.25
2017-11-09,347.5,349.75,340.75,341.5
2017-11-10,341.75,344,341,343.5
2017-11-13,343.5,344,341.5,342.25
2017-11-14,342,342.25,337.25,337.5
2017-11-15,337.25,339,337,338.25
2017-11-16,338.25,339,336.25,336.5
2017-11-17,336.5,343.5,336.5,343
2017-11-20,342.5,345.25,341.5,345
2017-11-21,344,345.75,342.75,345
2017-11-22,344.25,347,344,345.25
2017-11-24,344.25,345.75,339.75,342.25
2017-11-27,342.5,342.5,338.5,338.75
2017-11-28,339,339.5,335.75,336.25
2017-11-29,335.75,340,335.5,339
2017-11-30,353.5,357,352,355.75
2017-12-01,355.5,359.5,354.75,358.75
2017-12-04,359,360.5,352.5,353.5
2017-12-05,353.5,357,352.75,353.75
2017-12-06,353,356,351,352.75
2017-12-07,352.25,353.5,350.5,351.5
2017-12-08,351.5,354,351.25,352.75
2017-12-11,352,352.25,348.25,349
2017-12-12,349.25,353,347.5,347.75
2017-12-13,348,350,347.75,349
2017-12-14,349,350.75,348,348.5
2017-12-15,348.75,350.75,346.5,347.5
2017-12-18,347.25,348.75,346.5,347
2017-12-19,346.75,348.75,346.5,347.5
2017-12-20,347.5,349.75,347.25,349.25
2017-12-21,349,351.75,348.5,351.25
2017-12-22,350.75,352.5,350.5,352
2017-12-26,352,353.25,351,352.75
2017-12-27,352,354.25,351.75,353.75
2017-12-28,353,353.5,350,352
2017-12-29,351.25,351.5,350.25,350.75
2018-01-02,351.25,354,350.5,353.25
2018-01-03,353,354.75,352.25,353
2018-01-04,353,353.5,350.25,351
2018-01-05,350.75,352.25,350.25,351.25
2018-01-08,350.75,351.5,346.75,347.25
2018-01-09,347.5,350,347.25,349
2018-01-10,348.75,350,348,349
2018-01-11,349,350.5,348,348.75
2018-01-12,348.75,350,345.5,346.25
2018-01-16,347.25,349.25,346,348.25
2018-01-17,348.5,353.25,348.25,353
2018-01-18,352.5,354,350.5,351.5
2018-01-19,351.5,354,351.25,352.5
2018-01-22,353.5,354.5,351.25,352
2018-01-23,351.75,352,349.5,351.25
2018-01-24,351.25,357,349.75,356.5
2018-01-25,356,358,354.5,355.25
2018-01-26,355,357,354.5,356.5
2018-01-29,356.75,359.25,356.75,358.75
2018-01-30,359.5,362.25,359,361.5
2018-01-31,361.5,362,359.5,361.5
2018-02-01,360.75,362,358.5,361.75
2018-02-02,361,362.5,359.5,361.5
2018-02-05,359.5,360.75,357.25,358.75
2018-02-06,358.75,364,356.25,363.5
2018-02-07,363.75,365.75,362.5,365.25
2018-02-08,365,367.75,364.5,365.75
2018-02-09,364.75,365.5,361.5,362
2018-02-12,365,367,364.25,367
2018-02-13,366.5,368.5,366,366.75
2018-02-14,366.5,368.5,364.75,367.25
2018-02-15,367,368.75,365.5,367.75
2018-02-16,368,368.5,366.5,367.5
2018-02-20,369,370,365.25,365.5
2018-02-21,365.75,368.5,364.25,365.75
2018-02-22,365.5,367,364.25,366.75
2018-02-23,366.25,367.75,365.25,366.25
2018-02-26,366.5,370,366.5,368.5
2018-02-27,368.25,371,367.75,370.5
2018-02-28,379,384.75,378.25,382
2018-03-01,381.5,386.5,379.5,386.25
2018-03-02,385.75,388,383.5,385.25
2018-03-05,385,387.5,384,387.25
2018-03-06,386.5,388.5,385.5,388.25
2018-03-07,387.75,389,386.75,387.25
2018-03-08,386.25,393.75,385.75,393.5
2018-03-09,392.75,393.25,389.75,390.5
2018-03-12,389.5,391.25,387,390.75
2018-03-13,390,395.25,389.75,391.75
2018-03-14,391,393.25,388,388.75
2018-03-15,388.25,390.75,385.5,386.75
2018-03-16,386.25,387.5,382.5,382.75
2018-03-19,382,382,374.75,375
2018-03-20,375.25,377,373.25,374.5
2018-03-21,375,375.75,373.75,375
2018-03-22,375.5,377.5,374,376
2018-03-23,376.25,378.25,369.25,377.25
2018-03-26,378.5,380.75,373.5,374
2018-03-27,374,376,372.25,374
2018-03-28,374.25,375,372,373.5
2018-03-29,373.75,389.25,373.75,387.75
2018-04-02,389.25,392.5,387,387.25
2018-04-03,387,392,386.75,388.5
2018-04-04,388,389,372,381
2018-04-05,382,389.5,380.75,389.5
2018-04-06,382,390,382,388.5
2018-04-09,389.75,392.5,388.75,390.75
2018-04-10,390,392.25,388.5,389.25
2018-04-11,389.25,390.5,385.75,387
2018-04-12,386.5,389.25,385,388.75
2018-04-13,388.5,389.25,385,386.25
2018-04-16,385,386.25,382,382.5
2018-04-17,383,384.5,379.75,380.25
2018-04-18,380.75,383.5,380,383
2018-04-19,382.75,383.5,380.75,382
2018-04-20,381.25,381.75,376.25,376.5
2018-04-23,376.5,379.25,376.25,378.5
2018-04-24,378.5,381.5,377,381.25
2018-04-25,381,387.25,380.5,386.5
2018-04-26,386,387,384,386
2018-04-27,385.25,390.5,385.25,389.5
2018-04-30,399.25,404,399,400.75
2018-05-01,401,406,399.75,405.75
2018-05-02,405,406.25,403.75,405
2018-05-03,404.75,408.25,403.25,408
2018-05-04,407.75,408.25,405.5,406.25
2018-05-07,405,405.75,400.25,400.75
2018-05-08,400.5,404,399.25,403.25
2018-05-09,403.75,404.75,402,402.75
2018-05-10,403,407,400,402
2018-05-11,401.25,401.75,395.75,396.5
2018-05-14,396.25,397.5,394.25,396.5
2018-05-15,396.25,402.5,396,402.25
2018-05-16,401.75,404.75,398,399.25
2018-05-17,399,402,395,395.25
2018-05-18,395.25,403.5,395,402.5
2018-05-21,405.5,407.5,401.25,402.75
2018-05-22,402.25,407,401,404.75
2018-05-23,404.5,409,403,408.5
2018-05-24,408.25,412.25,403.75,404.25
2018-05-25,404,406.75,403.25,406
2018-05-29,408.75,410,397.5,400
2018-05-30,398.25,398.5,390.75,393.5
2018-05-31,393.5,398.5,393.25,394
2018-06-01,393.75,397,390.75,391.5
2018-06-04,389.75,389.75,380.5,380.75
2018-06-05,380.75,385.25,380,383.75
2018-06-06,384.25,386.5,378,378.25
2018-06-07,379,382,374.25,376.25
2018-06-08,376.25,379,373.5,377.75
2018-06-11,376.5,379,366.75,367.25
2018-06-12,368,379.5,367.25,377.5
2018-06-13,377.5,379.75,373.25,376
2018-06-14,374,374.75,362.5,363
2018-06-15,374,374.75,355.25,361.25
2018-06-18,359.5,362,354,356
2018-06-19,355.75,357.75,338.75,353.75
2018-06-20,354,357,347.5,354.25
2018-06-21,354.25,359,349.25,357
2018-06-22,358,359.75,355,357.25
2018-06-25,358.5,359.5,349.25,350.5
2018-06-26,350.5,355.5,348,352.5
2018-06-27,352,356.5,351.5,352.5
2018-06-28,360.5,361.75,354,354.25
2018-06-29,355.25,365,354.75,359.5
2018-07-02,360.75,362.25,346.75,347
2018-07-03,349,354.5,348,352
2018-07-05,354,357.75,350.25,352.25
2018-07-06,350.5,361.25,349.5,360.25
2018-07-09,359.25,359.25,350.5,354
2018-07-10,352.5,354,344.25,347.75
2018-07-11,345.25,347.5,339.75,340
2018-07-12,342,349.75,337.25,345.75
2018-07-13,345.5,346.5,339,341.25
2018-07-16,340,345.75,338.75,341.75
2018-07-17,345,348.75,344.25,346.25
2018-07-18,346.25,349,346,347.25
2018-07-19,347,352,345,351.25
2018-07-20,351.25,355.75,349.75,355.25
2018-07-23,356,358.5,354.5,357.25
2018-07-24,355.25,356.5,351.5,352
2018-07-25,352.25,360,352,359.25
2018-07-26,361,365.75,360.25,361.5
2018-07-27,361,363.75,359.5,362
2018-07-30,364,369.25,363.5,367.25
2018-07-31,367,374.25,366.25,372.25
2018-08-01,372,373,364,365
2018-08-02,365,372.75,364.75,366.75
2018-08-03,366.75,371.25,364.75,369.75
2018-08-06,370,371.75,368.25,371
2018-08-07,371,373.25,368.75,370.75
2018-08-08,370.5,373.75,370,371.25
2018-08-09,371,372.75,366.5,369.25
2018-08-10,368.5,369.75,357,357.75
2018-08-13,357.5,358,352.25,356.5
2018-08-14,356.5,363,356.5,362.25
2018-08-15,362.25,363.5,359,361.5
2018-08-16,361.5,367.5,360.5,365.25
2018-08-17,365,367.75,361.75,364.25
2018-08-20,365.25,366,359.5,362
2018-08-21,362.75,363.75,358.5,359.75
2018-08-22,359.25,359.25,352.25,352.5
2018-08-23,353,355,346.25,346.75
2018-08-24,346.5,350,346.25,348.5
2018-08-27,348.5,348.75,343,346.75
2018-08-28,345.75,347.75,340.75,341
2018-08-29,341,344,340.25,341.25
2018-08-30,356.5,359,356,356.5
2018-08-31,356,366,356,365
2018-09-04,365.5,368.75,361,368.25
2018-09-05,368.5,369.75,364,365.25
2018-09-06,365.5,367.75,363.5,366.25
2018-09-07,366.25,368.5,363.5,367
2018-09-10,366.75,368,364.25,367.25
2018-09-11,367.25,369,365.5,366.75
2018-09-12,366.25,366.25,350.75,352.5
2018-09-13,354.5,355.75,348.75,350.5
2018-09-14,350.75,352.5,349.5,351.75
2018-09-17,351,351.75,347.75,348
2018-09-18,348,348.75,342.5,343.25
2018-09-19,343,346.75,343,345.75
2018-09-20,345.25,356.25,344.75,352.5
2018-09-21,352.5,357.75,352.25,357.25
2018-09-24,357.25,362,355.75,360.5
2018-09-25,360.25,364.25,357.5,363.75
2018-09-26,363.5,364.75,361.25,363
2018-09-27,363,365.75,361.25,364.75
2018-09-28,364.5,366.75,354.5,356.25
2018-10-01,356.75,366.5,356.5,365.75
2018-10-02,365,369,363.25,367.5
2018-10-03,367.75,369,364.5,364.75
2018-10-04,364.75,368.5,364.75,367.5
2018-10-05,367.5,369.5,363,368.25
2018-10-08,368.5,369.5,364.25,366.5
2018-10-09,366.5,368,363.75,364.5
2018-10-10,364.5,365.25,362,362.75
2018-10-11,362,373,360.25,369.25
2018-10-12,369,374,368.5,373.75
2018-10-15,373,378.5,371.75,378.25
2018-10-16,377.25,377.5,373.5,375.25
2018-10-17,375,376.25,373.25,374.25
2018-10-18,373,373.25,369.5,370.75
2018-10-19,370.5,371,366,367
2018-10-22,365.5,370.5,365.5,369.5
2018-10-23,369.25,372.5,368,370.25
2018-10-24,369.5,369.75,367.75,368.25
2018-10-25,367.75,368.25,360.5,361
2018-10-26,361.75,369.75,361.75,367.75
2018-10-29,368,371.5,365.5,366.75
2018-10-30,366.75,368,364.25,364.75
2018-10-31,364.75,365.25,362.5,363.25
2018-11-01,363.25,371,363,366.75
2018-11-02,366.25,373,365.25,371.25
2018-11-05,371,374.25,369.5,374
2018-11-06,373.75,374.5,372,373.25
2018-11-07,372.25,373.25,371,372.25
2018-11-08,372,379,366,373.5
2018-11-09,372.75,374,368.25,369.75
2018-11-12,369,372.5,368,371.25
2018-11-13,369.5,370.75,365.5,366.5
2018-11-14,366,368,365.75,367
2018-11-15,366.75,371.75,366.5,367.5
2018-11-16,367.25,368.75,363.25,364.75
2018-11-19,364.75,366.25,361.25,362.25
2018-11-20,362.75,363.5,361.25,361.25
2018-11-21,361.25,363.25,360,361.75
2018-11-23,361,361.75,358.75,359
2018-11-26,359.5,360.5,355.25,356
2018-11-27,356,358.5,355.5,356.5
2018-11-28,356.25,361.5,356,360.5
2018-11-29,360.5,363,359,360.25
2018-11-30,373,378,372.75,377.75
2018-12-03,383.5,385.25,380.75,382
2018-12-04,381,384.75,380,384.75
2018-12-05,383.75,386.75,382.75,384.25
2018-12-06,384.25,384.75,380,382.75
2018-12-07,382.5,385.75,382.25,385.5
2018-12-10,384.5,386,383.25,384
2018-12-11,383.25,386,381.25,384.75
2018-12-12,384.75,387.75,384.25,385.25
2018-12-13,384.5,386.25,382.75,384.25
2018-12-14,383.75,387.5,383,384.75
2018-12-17,384.25,386,383.25,384
2018-12-18,383.75,386.5,383.25,385.5
2018-12-19,385,385.25,381.5,381.75
2018-12-20,381.75,382.75,375,375.25
2018-12-21,375.5,379.5,374.75,378.5
2018-12-24,378.25,379,375.25,377.75
2018-12-26,378.25,379.25,372.5,373.25
2018-12-27,373.25,376.5,373.25,374.5
2018-12-28,374.5,377.5,374.5,375.5
2018-12-31,375.5,377,372.75,375
2019-01-02,375.25,377.75,374,375.75
2019-01-03,375.5,380.5,374.75,379.75
2019-01-04,380,383.5,379.75,383
2019-01-07,382.25,384,381.75,382.25
2019-01-08,382.5,384.5,379,380
2019-01-09,380.5,383.5,380.5,382
2019-01-10,381.5,382.75,376,376.25
2019-01-11,377,379.25,376.75,378.25
2019-01-14,378.5,381,377,378.5
2019-01-15,379.5,381,371,371.25
2019-01-16,372.75,375,372.5,374
2019-01-17,374,381.5,373.75,380
2019-01-18,379.75,383,377.75,381.75
2019-01-22,380.75,382.25,376.75,379
2019-01-23,379.5,381.75,378,378.75
2019-01-24,378.75,379.75,375.75,377
2019-01-25,377,380.5,376,380.25
2019-01-28,379.5,381,378,379.75
2019-01-29,379.75,380.75,376,377.25
2019-01-30,377.75,381.5,377.5,381.25
2019-01-31,381,381.5,375.75,376.5
2019-02-01,376.5,380.75,376.5,378.25
2019-02-04,377.75,379.75,376.5,379.25
2019-02-05,379.5,381.25,377,380.75
2019-02-06,380.5,380.75,379,380
2019-02-07,379.75,380.25,376.25,376.5
2019-02-08,376.5,381.75,374,374.25
2019-02-11,374.5,375,371.75,372.75
2019-02-12,373.5,378.75,373,378.25
2019-02-13,377.5,379,376.25,378.75
2019-02-14,378.75,379,374,374.75
2019-02-15,374.75,376.5,373,374.75
2019-02-19,374.25,376.25,369,369.75
2019-02-20,371.5,373.5,368.5,370.75
2019-02-21,371,378.5,370.5,375.5
2019-02-22,374.75,377.75,374.5,375.25
2019-02-25,377.75,378.5,370,370.5
2019-02-26,370.75,371.25,365.5,366.25
2019-02-27,366,368.25,362.5,363.75
2019-02-28,373.5,374.5,370,370.75
2019-03-01,370.75,373.5,366,373
2019-03-04,373.5,377.75,373.5,374.75
2019-03-05,375.5,377.25,373.75,375.75
2019-03-06,376,376.5,370.5,372.5
2019-03-07,371.75,372,364.5,365.25
2019-03-08,365.25,367.5,362.25,364.25
2019-03-11,366,367.25,361.5,362
2019-03-12,362,367.5,361,365.75
2019-03-13,365.5,370,363.25,366.5
2019-03-14,366.75,372.25,366.25,370.25
2019-03-15,369.25,373.75,369,373.25
2019-03-18,374,375.5,370.25,371.5
2019-03-19,372,373.75,367.75,371.25
2019-03-20,371.5,372.5,368.75,371.5
2019-03-21,371,377.5,370.5,376.25
2019-03-22,375.75,380.75,375.5,378.25
2019-03-25,378.75,380.75,376.75,379.75
2019-03-26,379.25,380.5,375.5,377.25
2019-03-27,376.75,377,372,373.75
2019-03-28,373.75,374.75,372,374
2019-03-29,373.75,375,356,356.5
2019-04-01,356.5,363,356.5,361.75
2019-04-02,362.25,363.5,359.25,361.5
2019-04-03,361.25,364.75,360.5,362.75
2019-04-04,362.75,366.25,362.75,365.25
2019-04-05,364.5,364.75,360.5,362.5
2019-04-08,362.25,363.5,359.5,360
2019-04-09,359.75,362.25,355.25,360
2019-04-10,360.25,362.75,360,361.75
2019-04-11,361.25,363,358.5,360
2019-04-12,360.25,361.5,358.5,361
2019-04-15,361.25,364.25,361,362.75
2019-04-16,362.5,362.5,357.25,359
2019-04-17,358.25,360,356.75,358.25
2019-04-18,358,359.25,357,358.5
2019-04-22,359,359,354.25,354.75
2019-04-23,354.75,355,350.25,351.25
2019-04-24,351,352.5,345.5,346.75
2019-04-25,346,351,342.25,347.5
2019-04-26,347.25,353.5,347,351.25
2019-04-29,353.25,356,351.25,352
2019-04-30,361.25,363.25,358.5,362.5
2019-05-01,362.5,369,362.5,368.5
2019-05-02,369.25,371,366.5,370.5
2019-05-03,370.25,371.75,366,370.75
2019-05-06,359.5,365,355.5,364.25
2019-05-07,365.25,368.25,363,366.5
2019-05-08,367,368.25,361.5,364.25
2019-05-09,362.5,363,352.5,353.25
2019-05-10,354,355.5,345.5,351.75
2019-05-13,351,357.25,343,356.5
2019-05-14,360.5,370.75,360.25,368.75
2019-05-15,369,380,368,369.5
2019-05-16,368.75,380.75,368.75,379
2019-05-17,380,384.75,380,383.25
2019-05-20,386,391.5,385.75,389
2019-05-21,393.25,399,391.25,394.25
2019-05-22,393.25,396.5,386.25,394.5
2019-05-23,394,399,387,389.75
2019-05-24,390.5,404.75,389.75,404.25
2019-05-28,408,421,407.5,420.25
2019-05-29,429.25,438,412.25,418.75
2019-05-30,416.5,436.75,413.25,436.25
2019-05-31,435,437.5,423.25,427
2019-06-03,426.25,430.75,418.25,424.25
2019-06-04,435,436,421.25,425.25
2019-06-05,424.25,424.75,412.25,414.75
2019-06-06,414.5,421.5,407,420.5
2019-06-07,421,423.5,415,415.75
2019-06-10,413,416.5,409,415.75
2019-06-11,415,430.25,408.25,427.75
2019-06-12,427.75,434.5,424,430
2019-06-13,429.75,442.75,429.5,442
2019-06-14,442,457.25,441.75,453
2019-06-17,458.25,464.25,450.5,454.75
2019-06-18,455.5,458,442.75,449.75
2019-06-19,449.75,451.75,438.25,441
2019-06-20,441.5,450.75,436.5,450
2019-06-21,452,454,441.75,442.25
2019-06-24,442.25,447.75,440.25,446.75
2019-06-25,451,453,446.5,447.5
2019-06-26,447,447.25,440.75,443.25
2019-06-27,449.25,451.5,445.25,445.75
2019-06-28,445.5,460,420.75,424.75
2019-07-01,429,429.5,413.5,415.5
2019-07-02,416,421,413.25,419
2019-07-03,420.25,437,419.75,436.75
2019-07-05,436.5,439.75,430,438.75
2019-07-08,443.5,445.25,433.5,439.5
2019-07-09,439.25,439.5,429,432.5
2019-07-10,432,436.5,427,435
2019-07-11,434.25,444.75,426.5,444.25
2019-07-12,444,455.75,441.75,454.25
2019-07-15,459.25,460,439.75,441
2019-07-16,437.75,440.75,429,435.25
2019-07-17,435.25,441.5,431.5,436
2019-07-18,435,436,423.25,424.5
2019-07-19,425.5,434,423.75,430.75
2019-07-22,430.75,432.25,421,422.25
2019-07-23,423.75,426.5,418.25,425.5
2019-07-24,425,430.5,421.5,424
2019-07-25,424,425.75,418,418.5
2019-07-26,418.25,419.5,413,414.5
2019-07-29,413.25,419.5,412,417
2019-07-30,417,417,410.25,411.25
2019-07-31,410.75,413.75,400,400.25
2019-08-01,401.75,403,387.25,392.75
2019-08-02,394.75,400,393.5,399.5
2019-08-05,400,406.75,391,405.25
2019-08-06,405.75,408,400.75,404
2019-08-07,404.75,407.5,400.5,406.5
2019-08-08,407.25,412,405.5,411
2019-08-09,410.75,417,407.25,410.25
2019-08-12,409.75,410,385.25,385.25
2019-08-13,379,379,365.5,366
2019-08-14,366.25,370.5,358.5,359
2019-08-15,360.25,363.75,358.25,360.75
2019-08-16,361.5,371.25,361.25,371
2019-08-19,367.25,368.25,363.25,365
2019-08-20,366.5,370.25,359.25,359.5
2019-08-21,360,364,357,362.5
2019-08-22,363,366.5,359,363.25
2019-08-23,362.75,363,357.5,359.75
2019-08-26,358,362,357,358.5
2019-08-27,359,360,356.75,357
2019-08-28,357.25,365.5,355.25,362.75
2019-08-29,371.5,377,370,371.25
2019-08-30,370.75,374.5,368.75,369.75
2019-09-03,369.5,370,360.5,361
2019-09-04,361,363,356.5,358.5
2019-09-05,358.5,362.75,358.25,358.75
2019-09-06,359.5,360.25,353,355.5
2019-09-09,354.75,357.75,352.25,354.25
2019-09-10,356,362.5,355.75,361.5
2019-09-11,362.75,363.5,356.75,360
2019-09-12,360.75,367.5,353.25,367.25
2019-09-13,367.5,372.25,365.5,368.75
2019-09-16,372,374.75,367.5,374
2019-09-17,374,374.25,366,368
2019-09-18,367.75,372,365.75,371.25
2019-09-19,371.5,373.75,369.5,372.75
2019-09-20,372.75,374.5,369.5,370.75
2019-09-23,371.25,374.5,371,373.25
2019-09-24,372,376,370.25,374.75
2019-09-25,375.25,377.5,372.25,374.25
2019-09-26,373.5,375.75,368.25,372.5
2019-09-27,371.25,373,369.75,371.5
2019-09-30,372,388.25,371.5,388
2019-10-01,386.75,392.75,385.25,392.5
2019-10-02,390.5,391.75,385.5,387.75
2019-10-03,387,390.75,385.5,388.75
2019-10-04,388,389,383.75,384.75
2019-10-07,387.5,387.75,385,387
2019-10-08,387.5,396.5,386,395.75
2019-10-09,395.5,397.25,393,394.25
2019-10-10,392.75,395,378.25,380.25
2019-10-11,380.75,398.75,380.5,397.75
2019-10-14,401.25,402.5,393.25,397.75
2019-10-15,397,398.5,392.5,393.25
2019-10-16,392,392.75,387.5,391.75
2019-10-17,391.75,397.25,391.5,394.75
2019-10-18,394,395.75,389.75,391
2019-10-21,390,393.75,386.5,387.25
2019-10-22,387,392.5,385,388
2019-10-23,387.75,389.5,384,387.75
2019-10-24,388.5,390.75,385.25,386.75
2019-10-25,387,390,385.75,386.75
2019-10-28,386,386.5,383.25,384
2019-10-29,383.5,387.5,382,386.25
2019-10-30,385.75,391.25,385.25,390.75
2019-10-31,390.25,391,384.75,390
2019-11-01,389.25,391.75,386.25,389.25
2019-11-04,386.75,387.75,383,383.25
2019-11-05,383.25,384.75,380.5,381.75
2019-11-06,382.25,385,377.5,378.75
2019-11-07,379.25,380,373.75,375.25
2019-11-08,375.25,383.75,372.5,377.25
2019-11-11,376,377,372.5,373.25
2019-11-12,373.5,378,372.75,377.75
2019-11-13,377,377.75,375,375.25
2019-11-14,375.25,377.5,374.5,375.75
2019-11-15,375.5,376.5,370.75,371.25
2019-11-18,371,371.75,367.5,367.75
2019-11-19,367.75,373,367.75,370
2019-11-20,369.75,370.5,365.75,366.75
2019-11-21,366.75,369.75,366.25,368.5
2019-11-22,368,370.25,367.5,368.75
2019-11-25,368.75,372.75,368.25,370.5
2019-11-26,369.75,370.5,367,367.5
2019-11-27,367.25,368.75,362.25,362.75
2019-11-29,375.25,382,374.25,381.25
2019-12-02,381.5,384.75,379.25,382
2019-12-03,382,384.75,380.25,381.25
2019-12-04,380.75,383,377.25,378.5
2019-12-05,378,379.5,376.25,376.75
2019-12-06,376.5,379.5,375,376.75
2019-12-09,375.75,378.25,375.25,375.75
2019-12-10,376,378,375,377
2019-12-11,376.5,377,371,371.25
2019-12-12,371.5,380.25,371.25,377.75
2019-12-13,381.5,385.5,377.5,381
2019-12-16,383.5,389.5,383.25,388
2019-12-17,387.5,390.5,386.25,390
2019-12-18,389.25,390,385.75,387
2019-12-19,387,389,385,386.5
2019-12-20,386.5,389.5,386,387.75
2019-12-23,388,390.25,387.25,388.75
2019-12-24,388.5,389,387,387.5
2019-12-26,388,389,386.5,388.5
2019-12-27,388,391,388,390
2019-12-30,389.25,392,386.75,388.25
2019-12-31,388.25,389.75,386.25,387.75
2020-01-02,387.75,392,387.25,391.5
2020-01-03,391.5,392,385.5,386.5
2020-01-06,386.25,387.75,382.75,384.75
2020-01-07,385,385.75,383.5,384.5
2020-01-08,384,385.5,382.25,384.25
2020-01-09,383.75,387,382.25,383.25
2020-01-10,383.25,386.75,376.5,385.75
2020-01-13,386.5,389.5,385.5,389.5
2020-01-14,389.25,390.5,388.25,389
2020-01-15,388.75,390.25,386.5,387.5
2020-01-16,387.25,387.75,375.25,375.5
2020-01-17,377,389.5,376.75,389.25
2020-01-21,389,389.25,384.25,387.5
2020-01-22,387.5,391,386.75,388.75
2020-01-23,388.5,394,387.5,393.75
2020-01-24,393.25,393.25,386.5,387.25
2020-01-27,384.25,384.75,377.25,380.5
2020-01-28,382.5,387,378.5,386.5
2020-01-29,385.5,388.25,382.75,384.25
2020-01-30,384.5,385,378.5,379.5
2020-01-31,381.5,382.75,378.75,381.25
2020-02-03,380.5,382,376.5,378.75
2020-02-04,378.25,383.5,378.25,382.25
2020-02-05,381.5,383.25,379.5,380.75
2020-02-06,380.25,381.75,376,379.25
2020-02-07,380.25,385,380,383.5
2020-02-10,383.25,383.5,379,381.75
2020-02-11,381,382,378,379.75
2020-02-12,379.75,383.75,378.25,383
2020-02-13,382.25,382.75,379,379.5
2020-02-14,379.5,381.5,376.25,377.75
2020-02-18,378.5,383.25,378,383
2020-02-19,382.25,382.75,378.5,380.5
2020-02-20,380.75,381.25,378,378.5
2020-02-21,378.25,380.5,376.25,377
2020-02-24,376.25,376.25,370,372.25
2020-02-25,373,374.75,371.25,372.5
2020-02-26,372,374,368.25,370.5
2020-02-27,369.75,370,361.75,364.5
2020-02-28,368,369.75,365.75,368.25
2020-03-02,368.25,376.25,367.25,375.5
2020-03-03,376.5,384.5,376,381.25
2020-03-04,380.75,386.75,379,385
2020-03-05,384,384.5,379.5,381.75
2020-03-06,381,382.75,375,376
2020-03-09,370.25,375.25,366.75,372.75
2020-03-10,374.75,379.75,374,377.5
2020-03-11,377.25,377.5,372.25,374.5
2020-03-12,373,373,365,365.75
2020-03-13,365.25,371.75,363.5,365.75
2020-03-16,362.5,367.75,354,354.75
2020-03-17,355.25,356.75,342.75,344
2020-03-18,344,345.25,332,335.25
2020-03-19,336.5,354.75,336.5,345.5
2020-03-20,346.5,356.75,342.25,343.75
2020-03-23,340.25,345.5,338.25,343.5
2020-03-24,343.5,350.5,338,347.25
2020-03-25,347.5,352.75,345.75,348.5
2020-03-26,348.25,349.25,343.75,348.75
2020-03-27,348.5,350,342.5,346
2020-03-30,343,346.75,340,341.25
2020-03-31,341.75,344.75,333.5,340.75
2020-04-01,341.25,342.75,333.5,334.75
2020-04-02,335,343.25,333,333.5
2020-04-03,334.5,338.5,328,330.75
2020-04-06,329.75,331.75,325.5,327.75
2020-04-07,328,335.5,328,331.5
2020-04-08,332,334,328.25,330
2020-04-09,330.75,333.5,328,331.75
2020-04-13,332.25,334,326.5,331.5
2020-04-14,331.25,332,325.75,326
2020-04-15,326,326.75,317.5,319.25
2020-04-16,318.75,323,317.75,319.75
2020-04-17,319.75,325.5,319.5,322.25
2020-04-20,322.5,323.25,313.5,314.25
2020-04-21,314.25,316.25,301,309.25
2020-04-22,310,320.25,308.25,317.5
2020-04-23,317,323.5,315,319.25
2020-04-24,319.25,320.75,312,315.75
2020-04-27,315,315.75,304.25,305.5
2020-04-28,305,308.5,301.25,302.75
2020-04-29,302.75,308.75,300.25,304.5
2020-04-30,315,322.25,312.5,320
2020-05-01,319.5,320.25,315.5,318.5
2020-05-04,317,317.25,312.25,315.5
2020-05-05,315.25,318.5,314,317
2020-05-06,318,318.25,313.25,314.25
2020-05-07,314,320.5,314,318
2020-05-08,318,323,317.25,319.25
2020-05-11,320.75,322.75,317.25,318.5
2020-05-12,318.25,324,314.5,322.25
2020-05-13,322,322,317.75,318.25
2020-05-14,318.25,319.25,315.5,317.5
2020-05-15,317.75,320.5,316.75,319.25
2020-05-18,320,322,318,320.75
2020-05-19,320.75,325.5,320.5,321.25
2020-05-20,321.25,321.5,317.25,319.5
2020-05-21,319,320.25,316.25,317.75
2020-05-22,317.75,319,316,318
2020-05-26,316.75,323,316.5,319
2020-05-27,320,321.75,319.25,320.5
2020-05-28,320.25,330.75,319.5,327.5
2020-05-29,327.5,329.5,323.25,325.75
2020-06-01,325.5,327.75,319.25,323.25
2020-06-02,323.5,325.25,322,324.25
2020-06-03,324.25,324.5,321.25,324
2020-06-04,324.25,329.5,324,329
2020-06-05,328.75,332.5,328.25,331.25
2020-06-08,333.5,334.75,331,333.75
2020-06-09,332.25,334,326.75,327.5
2020-06-10,327.25,328,324.25,326.25
2020-06-11,326,331,325.25,329.75
2020-06-12,329.5,333,328.25,330
2020-06-15,329.25,330,325.5,329.25
2020-06-16,331.75,334.5,328,329
2020-06-17,328,331.25,325,330.25
2020-06-18,329.75,333.75,328.75,331
2020-06-19,329.75,333.75,327.5,332.5
2020-06-22,332,332.25,328,328.25
2020-06-23,327.5,327.5,321.25,325
2020-06-24,324.5,329,323.75,324.25
2020-06-25,323.5,324.25,315,317.25
2020-06-26,317,319.75,313.5,317
2020-06-29,318.5,329,317.5,328.75
2020-06-30,327.5,345.75,326,341.5
2020-07-01,340.75,353.75,340.25,350.5
2020-07-02,349.5,353.5,343,343.5
2020-07-06,349.25,350,345.5,346.5
2020-07-07,347,348,340.25,343.5
2020-07-08,342.75,346.75,339,346.25
2020-07-09,346,355,345.75,348.75
2020-07-10,348.75,351.5,336.25,337.25
2020-07-13,334.5,334.5,326.75,328.75
2020-07-14,329.25,332,325.75,326
2020-07-15,326,328.75,322.75,326.25
2020-07-16,326,333.25,326,330.25
2020-07-17,330.25,334.75,330.25,333
2020-07-20,333,333.5,326,328.25
2020-07-21,327.75,327.75,322,322.75
2020-07-22,323,328,322.25,327.5
2020-07-23,327.25,329.5,325,328
2020-07-24,328,329.75,325.5,326.25
2020-07-27,325.25,327.5,323.25,325
2020-07-28,323,323.5,320,320
2020-07-29,320,321.5,315.25,315.5
2020-07-30,315.5,319.25,315.25,315.75
2020-07-31,315.75,317.5,314.5,316
2020-08-03,315,318.25,315,317.5
2020-08-04,316.5,316.75,308.25,308.25
2020-08-05,309,311.25,309,311
2020-08-06,310.5,312.75,309.5,311.25
2020-08-07,311,311.75,307.25,307.75
2020-08-10,307.5,311.75,307.5,310.5
2020-08-11,311.25,315,310.25,311.5
2020-08-12,311.25,315,308,314.5
2020-08-13,315,327.5,314.75,325.25
2020-08-14,324.5,325.25,321.5,324.5
2020-08-17,327,331,326.5,331
2020-08-18,330,332,325.75,327
2020-08-19,326,327.25,323.5,325
2020-08-20,324.25,325.75,320.75,324.5
2020-08-21,324.75,327.75,324.25,327
2020-08-24,328,332.5,327.5,331.75
2020-08-25,335,341.5,334.75,340.75
2020-08-26,340.25,341.25,337.25,340.5
2020-08-27,340,344.75,339,344.25
2020-08-28,357.5,360,355,359.25
2020-08-31,360,364.25,356.25,357.75
2020-09-01,356.25,358.75,351,358
2020-09-02,358,359.5,354.25,358.75
2020-09-03,358.25,359,353.25,353.75
2020-09-04,354,359.25,353.75,358
2020-09-08,358,363.5,356.5,361.75
2020-09-09,360.75,361.25,358,360.25
2020-09-10,360,366.75,359.5,365
2020-09-11,365,369.5,363.75,368.5
2020-09-14,368.5,371,367.25,369.5
2020-09-15,369,369.5,365.25,366
2020-09-16,365.5,372,361.75,371.75
2020-09-17,371.5,377.25,368,375.25
2020-09-18,374.25,379.25,373.25,378.5
2020-09-21,377.5,378.25,368.25,369.75
2020-09-22,369.75,373.25,365.75,369.25
2020-09-23,368.25,370.25,365.75,368.5
2020-09-24,368,368.25,363,363.5
2020-09-25,363.25,367.5,363,365.25
2020-09-28,364.25,369.75,360.5,366.75
2020-09-29,366.75,367.75,361,364.75
2020-09-30,364.25,382.75,362,379
2020-10-01,379,385.5,378,382.75
2020-10-02,381.5,383.25,377.25,379.75
2020-10-05,378.75,382.5,377.75,379.5
2020-10-06,378.5,389.25,378.5,385
2020-10-07,384.5,392,384,388.75
2020-10-08,389,394.5,386.5,387
2020-10-09,387,398.25,386.5,395
2020-10-12,395.5,399.25,387.25,389
2020-10-13,389,392.75,388,391.25
2020-10-14,391,397.5,388,396.5
2020-10-15,396,404.25,393.5,403.75
2020-10-16,403.25,409,401.75,402
2020-10-19,401.75,406.75,400.75,405.25
2020-10-20,404.25,409.75,403.5,408.75
2020-10-21,408.25,415.25,407.75,413.75
2020-10-22,413.75,419,410.75,416.25
2020-10-23,415,420,414,419.25
2020-10-26,419.25,419.75,412.75,417.75
2020-10-27,416.75,422.25,415.5,416
2020-10-28,415,415.25,400.5,401.5
2020-10-29,401,404.25,393,398.5
2020-10-30,397.25,400,394.25,398.5
2020-11-02,396,397.75,393,397.5
2020-11-03,396.25,403.25,395.25,401
2020-11-04,400,406,396.5,405.25
2020-11-05,405,417.25,404,409.25
2020-11-06,409,412,405.75,406.75
2020-11-09,405.75,410,401.75,407.5
2020-11-10,407,427.25,406.25,423
2020-11-11,422.5,428,416.25,417.25
2020-11-12,417.25,418.5,406.25,408.25
2020-11-13,407.5,413.25,403.75,410.5
2020-11-16,409,416.75,409,416.25
2020-11-17,417.5,422,417.25,420.25
2020-11-18,419,428.5,418.5,425.75
2020-11-19,424.5,425.5,418.75,422.5
2020-11-20,422.25,428,421.5,423.25
2020-11-23,427.5,429.75,423.5,426.5
2020-11-24,425.75,426.5,416.5,425.75
2020-11-25,426,427.5,420,420
2020-11-27,420.25,426.25,418.5,425.5
2020-11-30,435.25,439.5,424.25,426
2020-12-01,426.5,429,420.25,420.75
2020-12-02,420.75,424.75,414.5,423.75
2020-12-03,424,427.5,422,426.5
2020-12-04,426,426.75,419.25,420.5
2020-12-07,419.5,425.25,415.25,424
2020-12-08,422.5,424.5,418.5,419.75
2020-12-09,420,424.5,419.75,423.75
2020-12-10,423.75,427.5,420.5,421.25
2020-12-11,422,424.5,418,423.5
2020-12-14,423.5,428.5,421.25,424
2020-12-15,424,425.25,420.5,424.75
2020-12-16,425.25,429.25,423.75,427.25
2020-12-17,426.25,433,424.25,432.5
2020-12-18,432.25,438.5,432,437.5
2020-12-21,438,440.75,430.25,440
2020-12-22,440,444.25,437.25,443.5
2020-12-23,442.75,449.75,441.5,447.25
2020-12-24,446.75,451.5,446.5,451
2020-12-28,452,457.5,448,456.5
2020-12-29,455.75,467.25,453.5,466
2020-12-30,466,476,462,474.5
2020-12-31,474,485.75,473,484
2021-01-04,487.25,497.75,479.5,483.75
2021-01-05,484.5,496,482.5,491.75
2021-01-06,492.5,502.75,491.5,495
2021-01-07,495,496,487.25,494
2021-01-08,494,499.5,492.5,496.25
2021-01-11,496.5,500.5,490.25,492.25
2021-01-12,491.5,517.25,489.25,517.25
2021-01-13,524,541.5,522.25,524.5
2021-01-14,523,536.5,519,534.25
2021-01-15,534,536.5,527.75,531.5
2021-01-19,531.5,534.25,523.25,526
2021-01-20,525,526.5,512.75,522
2021-01-21,521,531.5,519.25,524.25
2021-01-22,522.5,522.75,499.25,500.5
2021-01-25,500,515.5,492.5,511.5
2021-01-26,513,534.25,508,532.25
2021-01-27,532.5,543.75,529.5,534
2021-01-28,533.25,550.5,529,534.5
2021-01-29,534.5,553.75,533.25,547
2021-02-01,549,555.75,539,549.25
2021-02-02,549.75,552.5,540.25,543
2021-02-03,543.25,552.5,536.5,552
2021-02-04,552,558,547,550
2021-02-05,548.5,552.25,545.5,548.5
2021-02-08,548.75,565.75,548.75,563.75
2021-02-09,565,574.25,545,556.25
2021-02-10,556,556.25,531.75,534.5
2021-02-11,532.25,546.5,524.75,541
2021-02-12,541,546.25,536.75,538.75
2021-02-16,547,552.75,538.5,552.25
2021-02-17,552,554.75,547.5,553
2021-02-18,552.75,554.5,548,550.25
2021-02-19,549.25,555.5,540.75,542.75
2021-02-22,544.25,551.5,543.5,551
2021-02-23,550.75,559.5,550,553.75
2021-02-24,553.5,560.75,552,559.25
2021-02-25,559,560.5,542.5,554.75
2021-02-26,548.75,549,540,547.5
2021-03-01,552.75,554.25,537,538.25
2021-03-02,537.75,548.5,531.5,545
2021-03-03,544,544.25,532.75,535.25
2021-03-04,535,541,529.25,532.5
2021-03-05,531,547.5,530,545.5
2021-03-08,549.5,556.25,537,547
2021-03-09,547,547.5,536.5,545.75
2021-03-10,545.25,545.75,531.25,534
2021-03-11,533,541.75,531.25,538.5
2021-03-12,537.5,540.5,531,539
2021-03-15,537,550.75,532.75,549.5
2021-03-16,549.5,555.5,546.75,554.25
2021-03-17,554,558.5,552,558
2021-03-18,556.75,558,545.25,546.5
2021-03-19,546.25,559,545.5,557.75
2021-03-22,558,558.75,546.75,549
2021-03-23,551.25,556,547.75,551.25
2021-03-24,551,553.75,548.25,553.25
2021-03-25,552.25,552.5,541.5,546.5
2021-03-26,546.5,554,544,552.5
2021-03-29,551.75,552,542.25,546.75
2021-03-30,546.25,547.5,533.75,539.25
2021-03-31,538.25,564.25,536.25,564.25
2021-04-01,575,585,556.5,559.75
2021-04-05,561.25,564.5,549.75,553.25
2021-04-06,553.75,561.5,552.25,554.25
2021-04-07,555.75,562.25,553.75,560.5
2021-04-08,560.75,583,559.25,579.75
2021-04-09,579,595,575.5,577.25
2021-04-12,577.75,586,567.25,569
2021-04-13,569,584.5,565.5,580
2021-04-14,579.75,597.75,578.75,594
2021-04-15,594.25,601.5,587.75,590
2021-04-16,590.5,594.75,583.25,585.5
2021-04-19,588.75,596.75,588.25,592
2021-04-20,593,611.75,592.75,606.5
2021-04-21,609.5,628.5,604.5,625.5
2021-04-22,624.25,650.5,623.5,650.5
2021-04-23,653,658.5,638.25,655.5
2021-04-26,661,680.5,661,680.5
2021-04-27,688.5,720.5,680.5,695.5
2021-04-28,697.75,720.5,676.25,686.25
2021-04-29,683.75,704.5,681,702
2021-04-30,648,673.25,645.25,673.25
2021-05-03,685,698,674,679.5
2021-05-04,681.25,704,676,696.75
2021-05-05,698,712,691.25,708.5
2021-05-06,709.5,722.5,705.5,718.75
2021-05-07,719,735.25,715.5,732.25
2021-05-10,726.5,730.75,708.5,711.75
2021-05-11,711,732.5,703.25,722.25
2021-05-12,723.75,731.25,703.5,714.75
2021-05-13,712.75,714,674.75,674.75
2021-05-14,670,687,641.75,643.75
2021-05-17,642.25,656.75,633,652.5
2021-05-18,653.5,669.5,652.5,658.25
2021-05-19,660.5,663,637,658.25
2021-05-20,662.25,671.25,656.5,664.5
2021-05-21,664.75,666.75,653.5,659.5
2021-05-24,652.25,658.5,645.5,657.25
2021-05-25,660,661.75,617.25,620.25
2021-05-26,621,629,602.75,624.5
2021-05-27,626,664.5,621.25,664.5
2021-05-28,666.25,672.75,651.25,656.75
2021-06-01,666,696.75,660.75,688.75
2021-06-02,683.25,694.25,666,675
2021-06-03,675.5,685,652.75,662
2021-06-04,663.5,685.75,660.75,682.75
2021-06-07,695,706.25,674.5,679.25
2021-06-08,682,698,677.5,680
2021-06-09,682.5,695.5,669.5,690.75
2021-06-10,691,717.5,687.75,699
2021-06-11,699.5,703,673,684.5
2021-06-14,675.75,676.25,653,659.25
2021-06-15,662.75,668.5,646.75,667.5
2021-06-16,670,687.75,663.75,673
2021-06-17,672.75,674.25,633,633
2021-06-18,631,663.5,629.5,655.25
2021-06-21,640.25,665,636,659.25
2021-06-22,662.75,668,653.75,659.75
2021-06-23,660.5,666.25,659.25,664.25
2021-06-24,664,664,650.75,653.25
2021-06-25,653.25,659.5,634,636.5
2021-06-28,637.75,676.5,636.75,675.5
2021-06-29,560,569.75,551.75,559.25
2021-06-30,558.5,599.25,540.75,599.25
2021-07-01,605,626,597.5,601.75
2021-07-02,601,611.75,588,592
2021-07-06,570,570,552,552
2021-07-07,551,558,531.5,542.75
2021-07-08,544.75,549.75,534.5,536.75
2021-07-09,537,538,520.75,529.5
2021-07-12,528.25,546.25,526.75,545.25
2021-07-13,543.75,558.25,539,551.25
2021-07-14,551,572,547,568.25
2021-07-15,568.5,571.5,561,564.25
2021-07-16,564,570.5,553.25,556
2021-07-19,570,571.5,548.75,556
2021-07-20,558,576.25,557.25,571.75
2021-07-21,572,579,567.75,571.75
2021-07-22,571.5,571.75,555,564.5
2021-07-23,564.75,569.25,544.5,547.25
2021-07-26,549.25,551.25,536.75,549.75
2021-07-27,554,564,544.25,548.75
2021-07-28,554,554.25,545,549.25
2021-07-29,549.25,559,546.5,558
2021-07-30,557,557.75,546.5,547
2021-08-02,547.25,559.25,540.25,558.75
2021-08-03,555.75,563.5,546.75,550.5
2021-08-04,550.5,555.25,540.25,545.75
2021-08-05,546.75,560.75,545.75,555.75
2021-08-06,555,560.5,548.75,555
2021-08-09,554,556,547,550.25
2021-08-10,548.5,550.25,544,549.25
2021-08-11,548.75,558.5,548.25,556.25
2021-08-12,554.75,589.5,548.5,567
2021-08-13,566.75,575,559,568.25
2021-08-16,568.25,572,561,564.75
2021-08-17,567.5,569.5,556.25,558.25
2021-08-18,559,563.5,556.5,561.75
2021-08-19,560.5,560.5,546.75,550
2021-08-20,550.25,554.25,533.25,538.75
2021-08-23,536,544.25,531.5,538
2021-08-24,539.5,546.5,537,544.5
2021-08-25,544.5,555,541.25,551.25
2021-08-26,550,555.75,548,552.75
2021-08-27,553,558.75,548.75,558
2021-08-30,553,558,536.75,542.75
2021-08-31,542.75,545.5,525.25,534.25
2021-09-01,534.75,536.25,518.25,522.75
2021-09-02,522.75,528.25,516.75,525.5
2021-09-03,524.75,528,520,524
2021-09-07,524,526.25,510.25,510.75
2021-09-08,510.75,516.75,507.75,510.25
2021-09-09,510.25,513,504.25,510
2021-09-10,510,524,497.5,517.5
2021-09-13,517.5,519.75,507.5,513.25
2021-09-14,514,521.5,513,520.25
2021-09-15,520.75,534.5,520.5,533.5
2021-09-16,533.5,537.5,528,529.5
2021-09-17,529,530.5,521.75,527.25
2021-09-20,527,527,515.25,521.75
2021-09-21,522,522.75,512.75,517
2021-09-22,517,526.25,516,525.5
2021-09-23,524.5,531,520.25,529.25
2021-09-24,528.5,528.75,524,526.75
2021-09-27,524.75,540,524,539.5
2021-09-28,538.75,541.75,532,532.5
2021-09-29,533.5,541,533.5,539
2021-09-30,539,548.5,527.25,536.75
2021-10-01,536.75,545.25,532,541.5
2021-10-04,540,547.5,536,540.75
2021-10-05,540,543,535.25,537.5
2021-10-06,537,544.75,531.5,532.25
2021-10-07,532.75,535.25,527.5,534
2021-10-08,533.25,538.75,530,530.5
2021-10-11,530,534,528.75,533
2021-10-12,532.75,533,519.25,522.5
2021-10-13,523,525.25,506.75,512.25
2021-10-14,512.25,518.25,511,516.75
2021-10-15,516.25,528.5,514.25,525.75
2021-10-18,525.75,533.75,523,532.75
2021-10-19,532,537,529.5,530.25
2021-10-20,530,540,528.5,539.25
2021-10-21,539,540,530.75,532.25
2021-10-22,533,540,532,538
2021-10-25,537,542,535,538
2021-10-26,538,547.25,533,543.5
2021-10-27,542.5,563.25,539.5,557.25
2021-10-28,556.5,568.75,554,562.75
2021-10-29,562.5,569.25,558.75,568.25
2021-11-01,568,582,565.25,579
2021-11-02,578.25,586,572,573
2021-11-03,572,573.25,563,564
2021-11-04,563.75,569.75,556.5,559.25
2021-11-05,560,562.75,552.25,553
2021-11-08,552,554.75,549.5,551.5
2021-11-09,551,564,547.75,554.75
2021-11-10,555.5,571.75,555,569.25
2021-11-11,567.75,579,566,569.5
2021-11-12,569.25,582,566.75,577.25
2021-11-15,576.25,578.75,569.75,576.5
2021-11-16,576,577.5,570,571
2021-11-17,570.75,584,570,575.25
2021-11-18,575,583,572,573
2021-11-19,573,576,568,570.75
2021-11-22,570.5,579,569.75,576.75
2021-11-23,576.25,581,572.5,580.5
2021-11-24,580.25,589,575.5,579.75
2021-11-26,571.5,588,566.75,586.75
2021-11-29,586,588.25,576.5,581
2021-11-30,582.5,583.25,562.5,567.5
2021-12-01,568.75,576.25,567.25,571.5
2021-12-02,571,581.5,569.5,576.75
2021-12-03,576.75,586.75,575.25,584
2021-12-06,585,585.5,575.75,583.5
2021-12-07,584,588.75,578.5,586
2021-12-08,585.5,589.5,583.25,587.25
2021-12-09,587,593.25,582.5,591.75
2021-12-10,590.75,594,587,590
2021-12-13,590,590.25,582.25,585
2021-12-14,585,594,581.5,590.25
2021-12-15,590,596.5,582,585.75
2021-12-16,587.5,592,584.5,591.25
2021-12-17,591,598.75,589.25,593.25
2021-12-20,595,595.75,587,591
2021-12-21,591,599,589.5,598.25
2021-12-22,597.5,606.75,597,602.5
2021-12-23,601.5,607,600.5,605.75
2021-12-27,608.25,615.5,607,614.75
2021-12-28,614.25,617.75,603.75,604.75
2021-12-29,604,610.75,599.5,605.5
2021-12-30,605.5,606,592.75,596
2021-12-31,595.75,599.25,592.5,593.25
2022-01-03,599,603.5,584.75,589.25
2022-01-04,591.75,611.25,591.5,609.5
2022-01-05,608.5,609.75,601.25,602.25
2022-01-06,601.25,605.75,596,603.75
2022-01-07,605.25,608.25,599,606.75
2022-01-10,605.25,608,596.25,599.75
2022-01-11,599.75,604.75,598,601
2022-01-12,601,604,591,599
2022-01-13,599,599.75,585.25,587.5
2022-01-14,587.5,598.25,585.25,596.25
2022-01-18,592.75,600.75,588.25,599.5
2022-01-19,600,614.5,600,610.5
2022-01-20,609,614.25,606.25,611
2022-01-21,607.5,618.5,604.25,616.25
2022-01-24,617.5,621.5,609.25,621
2022-01-25,620,631,618.5,620
2022-01-26,619,627.75,615,627
2022-01-27,625,627.75,621.25,625.25
2022-01-28,623.25,637.25,623,636
2022-01-31,635.75,642.5,622.5,626
2022-02-01,626,639.5,624.5,634.75
2022-02-02,634.5,640.75,616.75,622.5
2022-02-03,622.5,624.25,610.25,616.75
2022-02-04,618.5,623.25,613.25,620.5
2022-02-07,628.75,636.75,624.75,635.25
2022-02-08,636.5,636.75,627.25,632.25
2022-02-09,632.25,647.75,630.5,646.75
2022-02-10,646,662.75,638.75,641.75
2022-02-11,641,657.75,637.75,651
2022-02-14,651.25,656.75,642.5,655.75
2022-02-15,655,655.5,635.5,638
2022-02-16,637.75,647.75,636.25,647
2022-02-17,645.5,652,642.75,650
2022-02-18,648.5,658,647,654.25
2022-02-22,657.75,676.75,657.75,674.75
2022-02-23,674,685,669.25,683.75
2022-02-24,683.5,718.75,682,695
2022-02-25,696.75,707,657,659.5
2022-02-28,685,690.75,673.5,690.75
2022-03-01,694.25,725.75,692.75,725.75
2022-03-02,730,747.75,711.5,725
2022-03-03,725,760,722,747.75
2022-03-04,755,782.75,733.75,754.25
2022-03-07,774.25,780.25,736.25,750.75
2022-03-08,750,760.75,728.75,753
2022-03-09,753.25,759.5,731,733
2022-03-10,732.75,765.5,729,755.75
2022-03-11,753.5,764.5,744,762.5
2022-03-14,762,767.5,740,748.25
2022-03-15,745.25,759,736,758
2022-03-16,756.75,757,726.75,730
2022-03-17,730,757.5,728.5,754.5
2022-03-18,753.75,755,736.5,741.75
2022-03-21,746.5,765,743,756.25
2022-03-22,756.75,761,744,753
2022-03-23,752.25,770.5,749,757.75
2022-03-24,757,762.5,745,748.25
2022-03-25,748.5,755.25,742.5,754
2022-03-28,749,750.25,740.5,748.5
2022-03-29,746.25,747.5,713.5,726.25
2022-03-30,727,748.75,726.75,738
2022-03-31,739.25,770,732.5,748.75
2022-04-01,748.5,751.5,730.25,735
2022-04-04,737,752.25,734.75,750.5
2022-04-05,750.75,768,749.25,759.75
2022-04-06,759.75,761.5,750.25,756.5
2022-04-07,755.75,759.25,748.5,757.75
2022-04-08,757,773,752.75,768.75
2022-04-11,767,778,762,764.5
2022-04-12,765.5,779,765,776.25
2022-04-13,775,786.25,767.25,783.5
2022-04-14,783.5,793,781,790.25
2022-04-18,791,816.75,790.25,813.25
2022-04-19,813.25,819.75,799.75,804
2022-04-20,803.5,816.5,796.75,815.75
2022-04-21,814,814.25,797.5,799.25
2022-04-22,798.75,807.5,783.5,793
2022-04-25,796.75,802,784.75,800.25
2022-04-26,800.25,812.25,795,803.25
2022-04-27,802.75,820.25,797.5,815.5
2022-04-28,816.25,823.5,811,816
2022-04-29,813,824.5,809.5,813.5
2022-05-02,805,808.5,790.5,803.5
2022-05-03,809,813.75,792,793
2022-05-04,793,803.75,789.5,794.25
2022-05-05,794.25,802,791,797.5
2022-05-06,796.25,796.75,776.5,784.75
2022-05-09,781.25,785,769,772
2022-05-10,773.5,778.75,769.25,775.25
2022-05-11,776.5,790.5,775.5,788.5
2022-05-12,788.5,800.75,782.75,791.5
2022-05-13,790.5,797,777.5,781.25
2022-05-16,795,810.25,792.75,809.5
2022-05-17,808,809.25,797.25,800.75
2022-05-18,800.75,802.25,778,781.5
2022-05-19,782,789.75,773.25,783.25
2022-05-20,781.25,782,774.5,778.75
2022-05-23,780.25,788,774.5,786.25
2022-05-24,785,787,762,771.75
2022-05-25,770,773,755,772.25
2022-05-26,762.75,772.5,757.5,765
2022-05-27,765,780.5,761,777.25
2022-05-31,777,777.25,747.25,753.5
2022-06-01,753.75,756.25,720.5,731.25
2022-06-02,731.25,739.25,726.25,730.25
2022-06-03,730.25,736,725.75,727
2022-06-06,732.25,744.25,731.5,742.5
2022-06-07,739,765,735,757
2022-06-08,757,774,756,764.5
2022-06-09,764.5,782.75,758,773
2022-06-10,772.25,781,765.75,773.25
2022-06-13,781,782.25,758.5,769.25
2022-06-14,765.75,771,759,768.25
2022-06-15,767,779.75,762,774
2022-06-16,774,792,773,788.25
2022-06-17,787.5,800,782.25,784.5
2022-06-21,777.5,778.25,752.25,760.75
2022-06-22,762,770.5,754.5,768
2022-06-23,767.25,767.25,734.5,746.75
2022-06-24,745,762.25,735,750.25
2022-06-27,740,746.25,731,744.25
2022-06-28,747.5,762.75,744.25,759.5
2022-06-29,667.25,672.25,662.25,664
2022-06-30,664,664.75,627.75,628.75
2022-07-01,633.75,636.75,616.5,619.75
2022-07-05,616,616.25,582.5,592.25
2022-07-06,595.25,601.5,582,599.75
2022-07-07,601.5,623.5,601.25,609
2022-07-08,610.5,635.75,609,633.25
2022-07-11,655,667,634.25,637
2022-07-12,637,641.75,591.25,594
2022-07-13,594,612.75,584.75,600
2022-07-14,602.25,613,595.5,605
2022-07-15,606.75,612,596,604.25
2022-07-18,610.75,623.5,601.5,612.25
2022-07-19,610.5,611,585.75,596.75
2022-07-20,595.5,600.5,589,592.25
2022-07-21,592.75,593.5,572.75,575.75
2022-07-22,575,582.75,561.5,564.25
2022-07-25,574.25,580.75,566.25,580
2022-07-26,587.75,599.75,586.25,597
2022-07-27,597,604.25,591.75,600.25
2022-07-28,603.75,618,601.25,615
2022-07-29,615,632,611.5,616.25
2022-08-01,619.75,621.5,594.25,607
2022-08-02,604,605.25,589.25,591.25
2022-08-03,587,597,583,591.5
2022-08-04,591.5,607,585.75,602.25
2022-08-05,602,614,597,610.25
2022-08-08,603,616,601.75,608.5
2022-08-09,614.5,626,613.5,615.5
2022-08-10,615,632.5,613,621.25
2022-08-11,621,630.75,618.75,629.25
2022-08-12,629.25,640.5,616,639.75
2022-08-15,630.5,635.25,616.5,626.75
2022-08-16,624,628.25,608,611
2022-08-17,611,618.5,608,615
2022-08-18,615,624,608.25,619.75
2022-08-19,619,627.75,616,626
2022-08-22,622.75,635.25,618,633.5
2022-08-23,637,666.75,635.75,660
2022-08-24,659.75,675.5,655.75,665.75
2022-08-25,665,674.25,656.75,657.5
2022-08-26,657,671,654.75,668.75
2022-08-29,675,684.25,668.5,683.75
2022-08-30,681.25,682.75,671,677.25
2022-08-31,677.5,680.5,661,670.5
2022-09-01,670,672.75,654,658
2022-09-02,658,669.5,656.5,665.75
2022-09-06,665.75,676.5,661.5,676
2022-09-07,675,688,669,671
2022-09-08,671,675.25,659,668.5
2022-09-09,669,685.75,669,685
2022-09-12,681.5,699.5,675.75,696
2022-09-13,695.5,698.25,688.25,692.75
2022-09-14,690.75,692.75,681.5,682.25
2022-09-15,681.75,690,676.25,677.5
2022-09-16,676.25,680.5,667.5,677.25
2022-09-19,675.75,680,668.25,678.25
2022-09-20,677.75,693.5,677.5,692
2022-09-21,692,698.5,679.25,685.5
2022-09-22,683.5,691,681.5,688.25
2022-09-23,687,688,669.5,676.75
2022-09-26,673.25,679,665.5,666.25
2022-09-27,666.25,678,666.25,667.5
2022-09-28,668.25,673.25,661.5,670.5
2022-09-29,670.5,676.75,666,669.5
2022-09-30,669.5,696.25,669.25,677.5
2022-10-03,680,687.5,672.5,680.75
2022-10-04,680.75,691.5,676.5,683
2022-10-05,683,687.5,675.75,684
2022-10-06,683.75,685.75,672,675.5
2022-10-07,675.5,684.5,671.5,683.25
2022-10-10,683.75,706.5,683.5,698.25
2022-10-11,697,702,690.75,693
2022-10-12,693.25,700,680,693
2022-10-13,692.25,699.5,684,697.75
2022-10-14,697,699.5,688.5,689.75
2022-10-17,689,692.25,681.25,683.5
2022-10-18,683,683.75,674.5,681
2022-10-19,681,684.5,674,678.25
2022-10-20,678,687,676.75,684
2022-10-21,683.5,688,677.75,684.25
2022-10-24,682.25,686.5,677.25,681.5
2022-10-25,681.5,687.5,677.75,686.25
2022-10-26,684.25,689.75,683.25,685
2022-10-27,685,689.25,679.25,682.25
2022-10-28,681.25,683.75,676.25,680.75
2022-10-31,696.5,700,684.25,691.5
2022-11-01,689,698.5,687.25,697.75
2022-11-02,696.5,697.25,680,687.5
2022-11-03,686,686.5,678.5,679.25
2022-11-04,679.25,685.25,678.5,681
2022-11-07,679,680.75,675.25,675.75
2022-11-08,675.75,677,666.25,667.5
2022-11-09,667,671.75,658,664.5
2022-11-10,664.5,667.25,652.75,653.25
2022-11-11,653.75,661,653.5,658
2022-11-14,657,662,652.25,657.25
2022-11-15,657,675,651.25,666.75
2022-11-16,665.25,666,657.5,665.25
2022-11-17,665,668.25,654.75,667.5
2022-11-18,667.5,672.75,665.25,667.75
2022-11-21,666.5,666.75,657.25,659.5
2022-11-22,659.5,663,656.25,656.75
2022-11-23,657.75,663.75,655.75,663.25
2022-11-25,661.25,669.75,661,668
2022-11-28,665,670,661,668.75
2022-11-29,667.5,671.25,665.25,665.75
2022-11-30,669,672.5,664.25,667
2022-12-01,666.75,669,659.25,660.5
2022-12-02,660.25,660.5,645.75,646.25
2022-12-05,646.5,649,637.75,640.5
2022-12-06,640.5,645.5,635.75,637.25
2022-12-07,637.5,645.75,635,641.25
2022-12-08,643.5,645.25,638.25,642.5
2022-12-09,642.5,649.75,642,644
2022-12-12,644.5,655.25,644.5,654
2022-12-13,654,660,652.25,653.5
2022-12-14,653,653.5,646.75,650.5
2022-12-15,650.25,654.25,647.75,653.5
2022-12-16,653.5,655.75,650,653
2022-12-19,650.5,650.75,644,647.25
2022-12-20,647.75,654.25,646.75,652
2022-12-21,651.5,663,651,662.25
2022-12-22,662,664.75,658.75,660.5
2022-12-23,659.5,667.75,659.25,666.25
2022-12-27,669,675.75,667.25,674.75
2022-12-28,673.25,683.5,672.75,682.75
2022-12-29,681.75,682.25,677.25,679.5
2022-12-30,679.5,685,676.5,678.5
2023-01-03,677.25,681.25,668,670.5
2023-01-04,670.75,671.75,652.5,653.75
2023-01-05,654.5,657.75,648.5,652.75
2023-01-06,653.75,659.5,651.75,654
2023-01-09,655.5,657,650.75,652.75
2023-01-10,651.75,664,648.25,655
2023-01-11,654.5,659,652.75,656
2023-01-12,656,673.5,649.25,671
2023-01-13,670.75,676.75,669.75,675
2023-01-17,671.5,687,668.75,685.25
2023-01-18,684.25,688.75,678,681.25
2023-01-19,680,685.25,676,677.25
2023-01-20,675.5,678,672.5,676.25
2023-01-23,674,674.75,661.25,666.25
2023-01-24,667,677.5,666.25,677
2023-01-25,676.75,681,673.75,674.75
2023-01-26,674,685.5,673,682.5
2023-01-27,681.75,686,678.25,683
2023-01-30,685,687.25,678.5,683.75
2023-01-31,683.5,688.5,678,679.75
2023-02-01,679.25,682,672.75,681
2023-02-02,681,686,674.25,675.25
2023-02-03,674.25,680,671.5,677.5
2023-02-06,677.25,679.25,672.25,679
2023-02-07,677,678.5,673.5,674
2023-02-08,673.75,679.5,672.75,678.5
2023-02-09,678.25,681,670.25,670.75
2023-02-10,670.75,682.75,669.25,680.5
2023-02-13,680,686.5,676.75,685
2023-02-14,684,688.25,681.75,682.25
2023-02-15,682,682.5,675.5,676.25
2023-02-16,676.5,677.25,673.25,676
2023-02-17,676,679,675,677.75
2023-02-21,678.5,683,675.5,680.5
2023-02-22,680,681.5,673.75,674
2023-02-23,674.5,676.25,658.5,660.25
2023-02-24,660.5,662.5,649.75,650
2023-02-27,650.75,654,642.25,642.75
2023-02-28,643.25,646.75,630,630.25
2023-03-01,631,637.75,622.25,635.75
2023-03-02,637,641.5,630.75,633.75
2023-03-03,634,642.75,632.25,639.75
2023-03-06,639,640.25,634,637
2023-03-07,637.5,638.75,633.25,634.25
2023-03-08,635,637.5,624.5,625.5
2023-03-09,625.5,629.75,610.25,611.5
2023-03-10,612.5,619,606.75,617.25
2023-03-13,619,620.25,608.5,613.5
2023-03-14,612.75,621.75,609.25,620.75
2023-03-15,623.75,629,619.25,626.5
2023-03-16,626,635,624.75,632.75
2023-03-17,633.25,638.75,630.25,634.25
2023-03-20,633,634,625,633
2023-03-21,632.75,638.25,628.75,630
2023-03-22,631.25,636,623.25,633.5
2023-03-23,633,644,627.25,631.75
2023-03-24,631,645,627.5,643
2023-03-27,643,648.75,637,648.25
2023-03-28,646.75,651.25,644.5,647.25
2023-03-29,646.25,655.5,645.75,650.5
2023-03-30,649.75,654.75,648,649.5
2023-03-31,648.75,664.5,647.25,660.5
2023-04-03,659.5,668.5,656,657.75
2023-04-04,657,657.5,648.5,653.75
2023-04-05,653.75,660,646.5,652.75
2023-04-06,652.25,652.5,641.75,643.5
2023-04-10,644.5,655,640.25,654
2023-04-11,653.5,657.75,646.75,651
2023-04-12,651,658.5,648.75,656
2023-04-13,656,661.75,651.5,652.25
2023-04-14,653.75,668,651,666.25
2023-04-17,666,677,662.25,676.5
2023-04-18,676,682.5,669.75,677.5
2023-04-19,675.75,680,671,672.25
2023-04-20,672,674,661.5,663.75
2023-04-21,664.25,665.5,656.5,663.25
2023-04-24,663.25,667.5,648.5,651.25
2023-04-25,651.25,653,641.5,646.5
2023-04-26,648,652.25,641,641.5
2023-04-27,642,644.25,621.75,627
2023-04-28,581.25,587.75,572,585
2023-05-01,584.5,587.5,577.5,584.5
2023-05-02,584.5,590.5,578.25,580
2023-05-03,579,590.75,569.25,588.5
2023-05-04,588.5,592,579,589
2023-05-05,588.75,599.25,588.5,596.5
2023-05-08,596.5,600,593.75,596.5
2023-05-09,595,595,581,584.75
2023-05-10,585.25,596,579,594
2023-05-11,591,592.75,580.75,582.25
2023-05-12,581,593.75,572.75,586.25
2023-05-15,581.5,598.75,581.5,592.5
2023-05-16,592,593,578.25,581.25
2023-05-17,581.75,582.75,554.25,561.5
2023-05-18,561.25,561.75,547,555.25
2023-05-19,555,571.75,551.5,554.5
2023-05-22,554.75,575.5,553.25,571
2023-05-23,570.25,580.75,564,577.5
2023-05-24,577,589.75,574,587.25
2023-05-25,587.5,593,583.5,590.75
2023-05-26,590.25,606.75,588.25,604
2023-05-30,603.75,605,591.5,594
2023-05-31,594.25,594.75,577.5,594
2023-06-01,594,606,591.75,592.5
2023-06-02,592.5,610.5,581.25,609
2023-06-05,609,614,595,597.5
2023-06-06,599.75,610.75,599.75,608
2023-06-07,605,612.5,601.75,604.25
2023-06-08,600,613.25,595.25,610.25
2023-06-09,608.25,609,597.5,604.25
2023-06-12,609,623.75,608.75,617.25
2023-06-13,617,625,610.75,612.5
2023-06-14,610.25,618.75,601.5,607.75
2023-06-15,608,626.5,607.25,623.25
2023-06-16,623,641,622.25,640.25
2023-06-20,640.75,647,635.5,643.75
2023-06-21,650,672.5,647.25,671
2023-06-22,668.25,670.25,653,660.5
2023-06-23,655.75,657.5,629,630.75
2023-06-26,634.5,649.75,621,637.25
2023-06-27,643,644.5,622.25,623
2023-06-28,625,630.75,582,590
2023-06-29,534.75,538.25,521,523.5
2023-06-30,525.25,532.25,486.5,488.5
2023-07-03,486.25,499,483.25,488
2023-07-05,498,498.25,479,485.25
2023-07-06,487.75,500.75,484.5,499
2023-07-07,500,502.25,486.25,487.25
2023-07-10,490,497,487.5,492.25
2023-07-11,490,499.75,487,494.5
2023-07-12,493.75,499.25,474,476.25
2023-07-13,476.25,494.5,474,493.5
2023-07-14,493.25,508.5,491,506.5
2023-07-17,512,519.75,496.25,499.25
2023-07-18,497.75,534.75,495.25,528.75
2023-07-19,526.75,557.5,525.75,545.5
2023-07-20,545,554.5,533,537.25
2023-07-21,536.5,538.75,522.5,527
2023-07-24,534,564.5,531.5,560.5
2023-07-25,559.75,563.75,545.5,557.5
2023-07-26,557,557.25,536.75,540.25
2023-07-27,540.25,547,532.25,533.25
2023-07-28,533,538.5,516.75,521
2023-07-31,516.25,516.25,498.5,504
2023-08-01,504,508,496.5,497
2023-08-02,497.25,512.25,485.75,488.25
2023-08-03,486.25,489.75,480.25,480.75
2023-08-04,482.5,493.5,480.25,484.25
2023-08-07,484.75,488.5,476,482.25
2023-08-08,482,488.75,477.25,485.75
2023-08-09,485.75,490,479,481
2023-08-10,481.5,485.5,480,483.25
2023-08-11,483,494.75,470.5,474.5
2023-08-14,476.25,479.75,468.75,475.75
2023-08-15,474,474,462,464
2023-08-16,463,473,462,469.5
2023-08-17,470,475,464.75,473
2023-08-18,473.75,482.5,472.5,479.5
2023-08-21,486,493,468,469.25
2023-08-22,469.25,472.5,461,466.5
2023-08-23,467,478.25,465.5,476.25
2023-08-24,476.25,480.5,468.5,472.25
2023-08-25,471.25,477,469,470.75
2023-08-28,476.25,480,472.25,478.5
2023-08-29,476.5,483,468.5,469.5
2023-08-30,486.75,491.75,479.5,480.75
2023-08-31,481,486.5,476.75,478.25
2023-09-01,478,485.25,477.5,481.5
2023-09-05,482.25,488.75,478.5,486
2023-09-06,488,490.25,483.25,485.75
2023-09-07,485,488.5,483.25,486.25
2023-09-08,486,488.75,482,483.75
2023-09-11,483,486.75,480.75,485.75
2023-09-12,485,486.75,473.5,476.5
2023-09-13,476.5,482.75,474.5,482.25
2023-09-14,482,484.75,478.25,480.5
2023-09-15,480,483.5,475,476.25
2023-09-18,475.25,478.75,469,471.5
2023-09-19,471.25,477,467.75,476.25
2023-09-20,476,483,474.5,482.25
2023-09-21,481,482.5,474,475.25
2023-09-22,475,478.5,474.25,477.25
2023-09-25,475.25,482.5,473.75,481.25
2023-09-26,481,483.5,476.5,479.75
2023-09-27,479.75,486.75,479,483.25
2023-09-28,483.75,489.25,481,488.5
2023-09-29,487.5,490,475.5,476.75
2023-10-02,477,489.75,476,488.75
2023-10-03,488,489.25,484.25,487.5
2023-10-04,487.5,489.75,482.5,486
2023-10-05,486,498.5,482.5,497.5
2023-10-06,496,499,491.5,492
2023-10-09,492,497,487.25,488.25
2023-10-10,488,488.25,484.25,485.5
2023-10-11,485.5,488.5,483.5,488
2023-10-12,487.75,498.75,482.25,496
2023-10-13,495,498.75,490.5,493.25
2023-10-16,493.5,496.75,489.5,490
2023-10-17,490,492.75,487.75,489
2023-10-18,488.5,494,488.5,492
2023-10-19,492,505.5,490.25,505
2023-10-20,504,509.5,495,495.5
2023-10-23,494.25,497,490.25,490.25
2023-10-24,490.75,491.5,482.75,484
2023-10-25,483.5,486,476.75,480
2023-10-26,480,484.25,477.5,479.25
2023-10-27,479.25,484,478.25,480.75
2023-10-30,480,484.25,477.5,478.25
2023-10-31,478.25,483,477.5,478.75
2023-11-01,478.75,480,472.5,475
2023-11-02,475,477,469.5,470
2023-11-03,470,481.25,468,477.25
2023-11-06,477.25,480.75,476.75,477.25
2023-11-07,477,477.5,468,468.5
2023-11-08,469,480.5,468.5,476
2023-11-09,475,476,466.5,468
2023-11-10,468,469,461.75,464
2023-11-13,463.25,477.75,461,477.25
2023-11-14,477,480,473,478.25
2023-11-15,477.75,480.5,467.25,470.75
2023-11-16,471,476.25,465.25,474.75
2023-11-17,474.5,475,466.75,467
2023-11-20,467,470.25,464.5,469.5
2023-11-21,469.25,475,468,470
2023-11-22,468.75,473.75,467.75,468.75
2023-11-24,468,470.5,462.5,463.25
2023-11-27,464.25,465.75,453.75,455.5
2023-11-28,455.5,456.75,450.25,451.5
2023-11-29,451,453.5,447,449.75
2023-11-30,475.25,484.5,475,482.75
2023-12-01,482,489.5,478.75,484.75
2023-12-04,483.75,488.5,481.25,485.5
2023-12-05,485,490.75,483.5,490.5
2023-12-06,489.75,493.75,483.5,484.25
2023-12-07,484,489.25,483,488
2023-12-08,487.5,492,484,485.5
2023-12-11,486.5,487.5,479.75,481.5
2023-12-12,482,488,481.75,485.25
2023-12-13,484,485,477.5,479.5
2023-12-14,481,484.25,479,479.25
2023-12-15,479.25,484,477.75,483
2023-12-18,482.5,482.75,475.5,477
2023-12-19,477.25,478.25,471.5,472.75
2023-12-20,472.75,475.5,468.25,469.75
2023-12-21,470,474,469.25,472.5
2023-12-22,472.5,474,471.5,473
2023-12-26,473,481,471.5,480.25
2023-12-27,479.75,480.25,474.5,476.5
2023-12-28,476,478.75,474,474.25
2023-12-29,473.75,475,470.5,471.25
2024-01-02,470.5,470.75,462.5,463.75
2024-01-03,464.75,466,461.75,465.25
2024-01-04,465,469,463.5,466.5
2024-01-05,466.5,467.75,460,460.75
2024-01-08,461,462.5,452,455
2024-01-09,454.75,460.5,451.75,459.25
2024-01-10,459,461.75,454.5,459.5
2024-01-11,459,461.5,455.75,457.75
2024-01-12,457,460,441,447
2024-01-16,447.75,451.25,442,443.5
2024-01-17,443.5,448.25,440,442.25
2024-01-18,442,445,436.75,444
2024-01-19,443.5,449.5,443,445.5
2024-01-22,445.5,448,444,445.75
2024-01-23,445.75,450.5,444,446.5
2024-01-24,446.5,452.75,446.25,452.25
2024-01-25,451.5,453.25,447.5,451.75
2024-01-26,451,451.75,445.5,446.25
2024-01-29,446.25,447.5,437.5,440.25
2024-01-30,439.75,448.25,436.5,447.75
2024-01-31,447.25,448.75,443.25,448.25
2024-02-01,448,448,443.5,447.25
2024-02-02,446.5,448.75,442,442.75
2024-02-05,442.75,445,439.5,442.75
2024-02-06,442.75,445.5,438.25,438.75
2024-02-07,438.5,439.25,432.75,434.25
2024-02-08,434.5,437,429.75,433.25
2024-02-09,433,437,428.25,429
2024-02-12,430.25,432.75,427.75,430.5
2024-02-13,430.25,434.75,428.75,430.75
2024-02-14,430.75,431,422.25,424.25
2024-02-15,424,425,417.25,417.75
2024-02-16,417.5,421.5,415,416.5
2024-02-20,416.25,421.5,414.75,418.75
2024-02-21,418.5,419.5,410,411
2024-02-22,410,415.5,404.25,406
2024-02-23,406,409.25,398.5,399.75
2024-02-26,399.75,407.75,394.5,407
2024-02-27,406.5,411.5,406.25,408.25
2024-02-28,408.25,414.75,406.5,413.25
2024-02-29,429.25,432,423.75,429.5
2024-03-01,429.25,431,422,424.75
2024-03-04,424,433.5,424,430
2024-03-05,430,431,425,426.25
2024-03-06,426.25,429.5,423.25,428.75
2024-03-07,428.75,438.75,428.25,438
2024-03-08,437.25,440,431.5,439.75
2024-03-11,438.5,443,433.25,441.75
2024-03-12,441,445,438,441.75
2024-03-13,441.75,444.5,438.25,441.25
2024-03-14,441,442.25,433,433.75
2024-03-15,433.75,440,431.75,436.75
2024-03-18,437,440.5,434,436
2024-03-19,436.5,440,435,439.5
2024-03-20,439,439.5,435.5,439
2024-03-21,439,445.75,437.5,440.75
2024-03-22,440.25,441.5,436,439.25
2024-03-25,439,441.25,437,437.75
2024-03-26,437.25,440.75,432,432.5
2024-03-27,432,432.25,426.25,426.75
2024-03-28,426.75,448,426,442
2024-04-01,441.75,442,432.25,435.5
2024-04-02,435.75,436.75,424.5,426.5
2024-04-03,428.25,433,425.75,431.75
2024-04-04,432.25,436,429.75,435.25
2024-04-05,435,438.5,432.25,434.25
2024-04-08,433.75,437.5,431.5,435.5
2024-04-09,435,435.75,429.75,431.25
2024-04-10,431,435.75,430.75,434.25
2024-04-11,434,437.5,427.5,428.75
2024-04-12,428.25,437.5,427,435.5
2024-04-15,434.5,435,430.25,431.5
2024-04-16,431.25,432.25,428.5,431
2024-04-17,431,433,429.5,430.25
2024-04-18,429.5,431,426.25,426.75
2024-04-19,427.25,434,426.75,433.5
2024-04-22,432.25,441,431,439.75
2024-04-23,439.25,443.75,438.5,443
2024-04-24,442.75,444.5,437.25,437.75
2024-04-25,437.75,442,436,441
2024-04-26,441,442.75,439,440
2024-04-29,440,441.5,435,439.25
2024-04-30,449,450,444.5,446.75
2024-05-01,446.75,451.5,443.75,450.75
2024-05-02,450,460.5,449.75,459.75
2024-05-03,459.5,468,457.25,460.25
2024-05-06,459,470,454.25,469
2024-05-07,468.5,472,466,467
2024-05-08,467,467,457.5,458.5
2024-05-09,458.5,462,454.25,456.5
2024-05-10,457,470,456.75,469.75
2024-05-13,468,475.5,465.5,472.5
2024-05-14,471.75,475.5,466.5,467.5
2024-05-15,467.75,473.25,461.5,462.5
2024-05-16,462.25,465.25,456,457
2024-05-17,457.25,460.5,451,452.5
2024-05-20,452.75,463.5,452.25,460.5
2024-05-21,460,461.25,455,458
2024-05-22,458.5,463.25,458,461.25
2024-05-23,461.25,467.25,458.5,464
2024-05-24,464.5,466.75,460.75,464.75
2024-05-28,467,471,460,462.5
2024-05-29,462.5,463,454.25,455.25
2024-05-30,455.25,457,447.5,448.75
2024-05-31,449,453.75,445.5,446.25
2024-06-03,445.75,449,439,443.5
2024-06-04,442.5,448.25,440,442.5
2024-06-05,442.5,444.25,438.25,439.25
2024-06-06,439.25,453.25,438.75,452
2024-06-07,452,454.25,444.25,448.75
2024-06-10,448.75,452.75,447.75,451.75
2024-06-11,450.75,456.25,449,449.5
2024-06-12,449,455,448.5,454.25
2024-06-13,453.5,460.5,453.5,458.5
2024-06-14,458,459.5,448,450
2024-06-17,448,450,443.25,443.75
2024-06-18,444.25,452,443.75,450
2024-06-20,448.25,449.5,439.25,439.75
2024-06-21,440,442.5,434.25,435
2024-06-24,435,436,425,433.5
2024-06-25,433.5,434.5,423.5,425.5
2024-06-26,425,430,418.75,420
2024-06-27,425.5,427.5,422.25,422.5
2024-06-28,422.5,429,399.5,407.5
2024-07-01,407.5,410,401,407
2024-07-02,408,413.75,405.75,408
2024-07-03,407.75,409.75,404,405.5
2024-07-05,405.5,412.25,405,410.5
2024-07-08,409.5,410,391.25,393.25
2024-07-09,393.5,398.75,391.75,394
2024-07-10,393.75,398,390.75,395.75
2024-07-11,395.25,403,394.75,400.25
2024-07-12,400,404.75,391,402
2024-07-15,403,403,389.5,390.5
2024-07-16,390,398,390,395.75
2024-07-17,395.75,400,395,398
2024-07-18,398,399,390,391.25
2024-07-19,391,396.25,390,390.5
2024-07-22,391,401,391,400.25
2024-07-23,399,407,397.25,402.5
2024-07-24,401.5,409.5,399,403.75
2024-07-25,403,408.75,402,406
2024-07-26,405.75,406.5,394,394.5
2024-07-29,392.75,397,390,396.25
2024-07-30,396,396.75,387.25,388.75
2024-07-31,387.75,390.5,381,382.75
2024-08-01,382.5,384,378,382
2024-08-02,383,387.75,381.75,386.5
2024-08-05,385.75,391.75,378.75,390.75
2024-08-06,390.75,393,385.75,388.75
2024-08-07,387.75,388,381.75,383.25
2024-08-08,383,386.5,378.5,379.25
2024-08-09,379,381.25,375.25,376.75
2024-08-12,376.25,385.25,372.5,383.25
2024-08-13,382.75,385,376.25,377.75
2024-08-14,377.25,382,376,381
2024-08-15,380.75,383.5,374.5,375
2024-08-16,374.5,375.75,367.75,370.5
2024-08-19,370.25,378.5,370,378
2024-08-20,377.75,378.5,374.75,375
2024-08-21,374.75,378,374,375.5
2024-08-22,375.5,376.5,370.75,371.5
2024-08-23,371,374,367.25,367.75
2024-08-26,367.25,367.5,360.5,362
2024-08-27,361.5,369.25,360.75,367.25
2024-08-28,367,367.75,362.25,365.25
2024-08-29,390,396.25,389.25,396
2024-08-30,395,401.75,394.5,401
2024-09-03,400.5,410,398.5,409.25
2024-09-04,408.75,413.5,407.5,412.75
2024-09-05,412.75,413.25,406.75,410.75
2024-09-06,410,416,405.5,406.25
2024-09-09,405.5,408,403.25,407.25
2024-09-10,407,407.5,403.25,404.25
2024-09-11,404,407.5,401.25,404.75
2024-09-12,404.75,409.75,397,406
2024-09-13,406.25,414,406.25,413.25
2024-09-16,413,413,408.5,410.75
2024-09-17,410,413,408.5,412.5
2024-09-18,412,415,411,412.75
2024-09-19,412.25,413,405.25,405.75
2024-09-20,406,407.25,401.5,401.75
2024-09-23,401.5,414.25,401.25,413.5
2024-09-24,413,418.25,410,411.75
2024-09-25,411.75,415.5,408.5,415.25
2024-09-26,414.75,419.25,412.5,413.25
2024-09-27,413,419.75,410.75,418
2024-09-30,416.5,427.75,415.5,424.75
2024-10-01,423.5,432.5,421.75,429
2024-10-02,428.5,434.25,428.5,432.5
2024-10-03,431.5,433.25,427.5,428.25
2024-10-04,427.5,427.5,423,424.75
2024-10-07,424,427,421.25,426
2024-10-08,426,428,419.25,420.75
2024-10-09,420.25,423.5,420,421
2024-10-10,421,424,418,418.5
2024-10-11,418.5,422.75,415.25,415.75
2024-10-14,415,415.25,407.5,408.25
2024-10-15,408,408,400.5,401.25
2024-10-16,401.25,406.75,401,404.75
2024-10-17,404.5,407.5,399,406.75
2024-10-18,406.75,409.5,403.75,404.75
2024-10-21,403.75,411.75,403,409.5
2024-10-22,409,417,408.25,416.5
2024-10-23,416,420,414,419
2024-10-24,418.75,424,418.25,421.5
2024-10-25,420.5,421,414.5,415.25
2024-10-28,413.25,414.75,410,410.75
2024-10-29,410,414.75,410,413.75
2024-10-30,413.25,414.25,411,411.5
2024-10-31,411.5,412.75,409.25,410.75
2024-11-01,410.75,415.75,410.5,414.5
2024-11-04,414,420,413,416.5
2024-11-05,416.25,419.75,415.25,418.5
2024-11-06,418,426.75,414.25,426.25
2024-11-07,425.75,428.5,422.25,427.5
2024-11-08,427.5,434.75,426.75,431
2024-11-11,430,432,426.5,430
2024-11-12,429.75,433.5,426.75,428.5
2024-11-13,428.5,429.75,424.25,426.5
2024-11-14,426,428,418.25,419
2024-11-15,418.75,425,417,424
2024-11-18,423.75,429.5,422.25,429.25
2024-11-19,428.75,431.5,426.5,427.25
2024-11-20,427,432,424.75,430.25
2024-11-21,430,432,426.25,426.75
2024-11-22,426.75,429.5,425,425.5
2024-11-25,425.25,426.25,422.25,424.75
2024-11-26,424.25,425.75,417.75,420
2024-11-27,420,422.25,414.75,415.75
2024-11-29,428,433.75,427.25,433
2024-12-02,433,435,429.75,432.5
2024-12-03,433,436,431,432.25
2024-12-04,432,433.5,429.5,430
2024-12-05,429.5,436,428.25,435
2024-12-06,435,440.5,434.5,440
2024-12-09,439.25,442,437.5,441.75
2024-12-10,441,450,440.75,449
2024-12-11,448,451.25,447.75,448.25
2024-12-12,447.75,448,442.5,443.5
2024-12-13,443.5,444.25,440,442
2024-12-16,441.25,445.75,441.25,445
2024-12-17,445,446.75,441.25,443.5
2024-12-18,443.75,446.5,437,437.25
2024-12-19,437,441,435.75,440.75
2024-12-20,439.75,447.5,439.5,446.25
2024-12-23,446,448.25,445.25,447.75
2024-12-24,447.25,448.75,446.75,448.5
2024-12-26,448.5,454.25,448.5,453.75
2024-12-27,453.25,455,452.25,454
2024-12-30,453.75,458.5,449.75,452.25
2024-12-31,452.25,459,452,458.5
2025-01-02,457.25,459.75,456.25,459.5
2025-01-03,459.5,459.75,449.25,450.75
2025-01-06,451.5,460.25,451.5,457.75
2025-01-07,456,458.5,453,458
2025-01-08,457.75,459.25,453.5,454
2025-01-09,454,457.25,453.5,456
2025-01-10,456,472.5,455.75,470.5
2025-01-13,469.75,477,469.25,476.5
2025-01-14,475.5,479.75,473.5,474.5
2025-01-15,474.25,479.5,474,478.75
2025-01-16,478.75,479,473.25,474.5
2025-01-17,474,485,474,484.25
2025-01-21,484.25,490.5,482.5,490
2025-01-22,489.5,492.25,482.5,484.25
2025-01-23,484.25,494.5,480.5,489.75
2025-01-24,487,489.5,483.5,486.5
2025-01-27,484.5,484.75,477.75,482
2025-01-28,482.25,489.25,481,485.25
2025-01-29,485,497.5,485,497
2025-01-30,496.25,497,490,490.25
2025-01-31,488.25,488.75,479.25,482
2025-02-03,476.75,491,472.5,488.75
2025-02-04,488,497.25,487.25,494.5
2025-02-05,494,498.5,489.75,493.25
2025-02-06,493.25,496.5,486,495.25
2025-02-07,495.5,496.5,485.5,487.5
2025-02-10,485.75,492.75,482.25,491.5
2025-02-11,491.75,497,483.25,484
2025-02-12,483.75,492.25,481.5,490.25
2025-02-13,489.75,494.25,485.25,493.5
2025-02-14,493,499.75,492.5,496.25
2025-02-18,496.25,504.25,493.25,502
2025-02-19,502,504.5,496.25,497.5
2025-02-20,497.75,503.25,497.5,498
2025-02-21,498,499.5,490,491.25
2025-02-24,490,491,481.5,482.5
2025-02-25,483.25,484.5,474.25,479.75
2025-02-26,480.25,485,477,478.25
2025-02-27,478.25,481.25,463.75,464.75
2025-02-28,481.25,483.75,469,469.5
2025-03-03,469.75,472.75,454.5,456.25
2025-03-04,456,459.25,442.5,451.5
2025-03-05,454.5,460.5,448.5,455.75
2025-03-06,457,473.5,452.75,464
2025-03-07,464.75,471,460.75,469.25
2025-03-10,469.5,474.75,466.5,472
2025-03-11,472,477.5,469,470.25
2025-03-12,469.25,472,456.25,460.75
2025-03-13,461.5,470,459.5,465.25
2025-03-14,463.25,463.5,456.5,458.5
2025-03-17,460,465.5,457.25,461
2025-03-18,461,462.5,455.25,458.75
2025-03-19,458.25,463,455.75,462
2025-03-20,462,470.25,462,469
2025-03-21,467.25,469.75,461.25,464.25
2025-03-24,465,466.25,459.5,464.5
2025-03-25,464.5,464.75,457,457.75
2025-03-26,458.75,461,450.75,451.25
2025-03-27,451.75,452.75,447.25,450
2025-03-28,450.25,454,442,453.25
2025-03-31,453,459.25,444,457.25
2025-04-01,457.75,465,454,461.75
2025-04-02,460.25,460.75,454,457.75
2025-04-03,450,462.25,447.5,457.5
2025-04-04,457.75,462.5,449.25,460.25
2025-04-07,456,467.5,454.25,464.5
2025-04-08,464.5,469.75,462.75,469
2025-04-09,468,475.5,465.75,474
2025-04-10,473.25,484,473,483
2025-04-11,482,490.75,481.75,490.25
2025-04-14,489,490.25,484.25,485
2025-04-15,485,488.75,479,481.25
2025-04-16,481.25,487,479.25,484.25
2025-04-17,483.25,486.5,481.5,482.25
2025-04-21,483.25,487.25,481.25,481.75
2025-04-22,481.75,483,475,475.75
2025-04-23,476.25,477,470.25,472
2025-04-24,472.25,478.5,472.25,477.25
2025-04-25,477,480.75,476.75,478.75
2025-04-28,477,478.75,469.5,475.5
2025-04-29,475.5,477.25,460.25,460.5
2025-04-30,470.75,478.5,468.5,475.5
2025-05-01,475,480,470,472.25
2025-05-02,472.25,477,468.25,469
2025-05-05,469,470.75,453.25,454.25
2025-05-06,454.75,457.25,452.5,455.5
2025-05-07,457,463.5,448.5,449.25
2025-05-08,450,452,442.25,447.5
2025-05-09,449,455,447,449.75
2025-05-12,453,458.75,445.75,448
2025-05-13,448,448,436.5,442.5
2025-05-14,443,447.75,438.5,445.5
2025-05-15,444.75,450.5,443.5,448.5
2025-05-16,449,451.5,442.75,443.5
2025-05-19,443.5,449.75,443,447.5
2025-05-20,446.75,455.5,444.75,454.5
2025-05-21,454.5,462,453.5,461
2025-05-22,459.25,464.75,456.5,463
2025-05-23,462.75,464.5,455,459.5
2025-05-27,459,463,456,459.5
2025-05-28,459.5,463,450,451
2025-05-29,452.25,453,443.5,447
2025-05-30,447,449.5,443,444
2025-06-02,444,451,437.75,438.25
2025-06-03,438.25,442.5,434.25,438.5
2025-06-04,438.5,446,437.5,438.75
2025-06-05,438.5,442.75,433.25,439.5
2025-06-06,438.25,445,435,442.5
2025-06-09,442.25,445.75,432.75,433.5
2025-06-10,433.5,439.5,429.25,438.75
2025-06-11,439,444.75,436,437
2025-06-12,436.5,441.75,435.25,438.5
2025-06-13,438.25,445.25,435,444.5
2025-06-16,444,446.5,431.25,434.75
2025-06-17,434.75,437.5,429.5,431.5
2025-06-18,431.5,434.5,430,433.5
2025-06-20,433,435,428.25,428.75
2025-06-23,430,430.75,417.25,419.25
2025-06-24,419,422.5,415,416.25
2025-06-25,415.5,417.5,408,410.25
2025-06-26,410,414.5,408,409.5
2025-06-27,404.25,412.25,404.25,411.5
2025-06-30,411,413.75,405.5,409.25
2025-07-01,408.25,408.75,400.25,406
2025-07-02,405.75,418.75,402,418
2025-07-03,417.25,426.25,417.25,420.25
2025-07-07,412.25,413,402.5,403.5
2025-07-08,403.5,403.75,396.75,398
2025-07-09,398,401,396.25,399.25
2025-07-10,399,400.5,396.25,399.25
2025-07-11,398.5,401.5,394.5,396
2025-07-14,394.5,401,391.25,400
2025-07-15,399.5,406.25,395,401.25
2025-07-16,400,407.25,400,405.25
2025-07-17,405,407,400.25,402
2025-07-18,403,411,402.5,408.5
2025-07-21,406.5,408.75,400.25,403.75
2025-07-22,404.5,406,398.5,399.25
2025-07-23,399.25,401.75,397.25,398.5
2025-07-24,398.25,404.25,398.25,401.75
2025-07-25,401.5,403,398.25,399.5
2025-07-28,399,400,392,393.75
2025-07-29,392,394.25,387.75,389.25
2025-07-30,389,393.5,388.25,391.75
2025-07-31,391.25,394.75,388,394
2025-08-01,394,396.25,388.75,389.5
2025-08-04,389.5,392.5,386.5,387
2025-08-05,386.25,386.75,380.5,381.5
2025-08-06,381,381.25,375,379.75
2025-08-07,379.75,386,379.75,384.5
2025-08-08,384,389.25,382,382.75
2025-08-11,382.5,387,380.5,385
2025-08-12,384.5,384.75,368.75,371.5
2025-08-13,371.5,376,370.75,374
2025-08-14,373.25,376.75,369.5,375
2025-08-15,375.5,384.25,374.5,383.75
2025-08-18,383,384.75,379.25,383
2025-08-19,383,383,377.75,379.5
2025-08-20,379.5,382.25,378.25,380
2025-08-21,379.75,389.5,379.25,387.25
2025-08-22,387.25,389.25,385.5,388.25
2025-08-25,389.25,394,388.25,389.25
2025-08-26,389,392,386.75,387.5
2025-08-27,387,387.5,381.75,382.5
2025-08-28,406,411,403.5,410
2025-08-29,410,420.5,409.75,420.25
2025-09-02,418,423.5,414,423
2025-09-03,423,424.25,416.25,418
2025-09-04,418,421,414.25,419.75
2025-09-05,420,424.75,417.25,418
2025-09-08,417,422.25,415,421.75
2025-09-09,420.75,422.5,419,419.75
2025-09-10,419.25,420,416.75,417
2025-09-11,417,421.25,416.5,419.75
2025-09-12,419.75,430.25,417,430
2025-09-15,426.25,428.5,422,423.25
2025-09-16,423,431.25,423,429.5
2025-09-17,428.75,431.25,425.5,426.75
2025-09-18,426.5,428,423.5,423.75
2025-09-19,424,429.75,422.25,424
2025-09-22,424,424.75,418.25,421.75
2025-09-23,421.75,426.5,418.75,426.25
2025-09-24,425,427.5,423.5,424.25
2025-09-25,423.75,428.25,423.5,425.75
2025-09-26,425.25,425.75,421.25,422
2025-09-29,421,422.75,418.75,421.5
2025-09-30,421.25,421.5,414,415.5
2025-10-01,415.75,419.5,410.5,416.5
2025-10-02,417.25,422.5,414.75,421.75
2025-10-03,420.75,423,418.5,419
2025-10-06,419,422.5,417.25,421.75
2025-10-07,421.5,424.5,419,419.75
2025-10-08,419.25,422.75,418.5,422
2025-10-09,422,423.25,418,418.25
2025-10-10,418.25,419.25,412.25,413
2025-10-13,413,415,410.5,410.75
2025-10-14,410.75,413.5,409.25,413
2025-10-15,412.75,418.5,411.25,416.75
2025-10-16,416.75,423.5,416.25,421.75
2025-10-17,421.25,424.75,421,422.5
2025-10-20,422.5,424,419.5,423.25
2025-10-21,423.25,424.5,418.5,419.75
2025-10-22,419.75,424,418.5,423
2025-10-23,423,428.5,421,428
2025-10-24,427.25,427.5,423,423.25
2025-10-27,427,431.75,426,428.75
2025-10-28,428,436.25,427.25,432
2025-10-29,431.25,435,430,434
2025-10-30,434,437,427.75,430.25
2025-10-31,429.25,432.25,426.5,431.5
2025-11-03,431,435,427.75,434.25
2025-11-04,434,434.5,429.25,431.5
2025-11-05,430.5,436,428.75,435.25
2025-11-06,434.5,434.75,428.25,428.75
2025-11-07,428.5,430.5,426.75,427.25
2025-11-10,426.75,431.25,426.25,429.75
2025-11-11,429,432.75,428.5,432
2025-11-12,431.5,436,431,435.25
2025-11-13,434.75,442.75,434,441.5
2025-11-14,441.5,442.75,429.5,430.25
2025-11-17,429.75,437.25,428.5,434.75
2025-11-18,434.75,438.5,433.25,436.75
2025-11-19,435.5,436.25,428.25,429.75
2025-11-20,429.75,431.25,425.75,426.5
2025-11-21,426.25,427.75,424,425.5
2025-11-24,426,426.5,422.25,423.75
2025-11-25,423.75,426,422.25,423.5
2025-11-26,423,433.5,423,431.75
2025-11-28,445.25,448.5,443.5,447.75
2025-12-01,447.25,449,444,445
2025-12-02,445,452.25,442.25,450
2025-12-03,449.25,450,442.75,443.5
2025-12-04,443,448,441.75,447.25
2025-12-05,446.25,448,444,444.75
2025-12-08,444.75,447.25,442.5,443.75
2025-12-09,443.75,449,443.5,448
2025-12-10,447.5,448.75,443.5,444.25
2025-12-11,444,448,443.5,446.5
2025-12-12,446.5,447.25,440,440.75
2025-12-15,440.25,441.25,436.75,439.75
2025-12-16,439.75,440,435.5,436.5
2025-12-17,436,441.5,436,440.5
2025-12-18,440.5,446,440.5,444.5
2025-12-19,444,444.75,442.5,443.75
2025-12-22,443.25,447.75,443,447
2025-12-23,446.5,449,446.25,447.5
2025-12-24,447,451.25,446.75,451
2025-12-26,451,453,448.75,450
2025-12-29,450,451,442,442.25
2025-12-30,442,443,439.75,440.5
2025-12-31,440.5,442.5,439,440.25
2026-01-02,440.75,440.75,437,437.5
2026-01-05,437.25,445.5,436.25,444.5
2026-01-06,444,447,443.5,444
2026-01-07,443.75,447.25,443.75,446.75
2026-01-08,446,448,445.5,446
2026-01-09,445.25,447.5,443.75,445.75
2026-01-12,445,448.75,420,421.5
2026-01-13,421.75,422.75,417.25,419.75
2026-01-14,420,425,419.5,422
2026-01-15,422.5,425,420,420.25
2026-01-16,420.25,427.25,420,424.75
2026-01-20,423.5,425.5,422,423.75
2026-01-21,423.75,427.75,421.25,421.75
2026-01-22,422.5,424.25,421,424
2026-01-23,423.75,431.25,422.5,430.5
2026-01-26,430,431.5,427.25,428.25
2026-01-27,428.25,429.75,426,426.5
2026-01-28,427,433.25,426.75,430
2026-01-29,430,434,428,430.75
2026-01-30,430.75,431.75,425.25,428.25
2026-02-02,428.25,428.25,424,425.75
2026-02-03,425.75,429.25,425.5,428.5
2026-02-04,428.5,432.75,425.25,429.5
2026-02-05,429,435.75,427,435
2026-02-06,434.5,436,428.75,430.25
2026-02-09,428.75,430,427.25,428.75
2026-02-10,428,431,427.75,428.75
2026-02-11,428.75,429.5,425.25,427.5
2026-02-12,428,431.5,427,431.25
2026-02-13,431,432.75,429.5,431.75
2026-02-17,431,431.25,426,426.25
2026-02-18,426.25,428.5,425.25,427
2026-02-19,426.75,427.75,424,425.75
2026-02-20,425.75,428.75,424,427.5
2026-02-23,427.25,431.5,425.25,427.5
2026-02-24,427.5,429,426,427.75
2026-02-25,428,431.25,426.75,430.5
2026-02-26,430,433.75,428,433.25
2026-02-27,443,450,442,448.5
2026-03-02,451,452.5,443.5,445.75
2026-03-03,445.75,451.75,444.25,446.5
2026-03-04,446,447,440.25,443.75
2026-03-05,442.5,454.5,442.5,453.5
2026-03-06,452.75,462,452.25,460.5
2026-03-09,464,476,453,453.75
2026-03-10,450,454,445.5,452.25
2026-03-11,453.25,462,451.5,460.25
2026-03-12,462.5,469.5,461,462.5
2026-03-13,462.25,467.5,458.5,467.25
2026-03-16,464.75,466,452,454
2026-03-17,453.75,459,449.25,454
2026-03-18,454.75,464.5,451.5,463.25
2026-03-19,463.25,470,463.25,469.75
2026-03-20,469,469.25,464,465.5
2026-03-23,465.25,473.75,456.5,459.5
2026-03-24,460,465.75,459,462.5
2026-03-25,461.25,468.5,458,467.25
2026-03-26,466.75,468.75,462,467
2026-03-27,466,470.5,460.75,462
2026-03-30,462.75,465.75,455,455.75
2026-03-31,455.5,462,451.25,457.75
2026-04-01,457.5,460,448.5,454.25
2026-04-02,454,460.5,451.25,452.25
2026-04-06,453,454.5,448.25,454
2026-04-07,454,455,448.25,449
2026-04-08,447,448.25,442.25,447.25
2026-04-09,447.25,450.25,442.25,444
2026-04-10,444.75,446.25,438,441
2026-04-13,446,446,440,440.25
2026-04-14,440.5,446,440.25,443
2026-04-15,443,452,442.75,451.25
2026-04-16,451,452.75,447.5,448.5
2026-04-17,448.25,451,443.25,448.75
2026-04-20,449,454,446.75,452
2026-04-21,452,455.25,450.75,453.75
2026-04-22,453.5,457,452.75,454.25
2026-04-23,453.5,456.75,452.5,455.5
2026-04-24,455.5,457.75,453.5,455
2026-04-27,454.25,461.25,454.25,460.75
2026-04-28,460.25,465.5,460,465.25
2026-04-29,464.25,468.25,462.75,466.5
2026-04-30,477,480,471.25,474.75
2026-05-01,473.75,483.5,472.75,480.25
2026-05-04,479,486.25,477.25,485.75
2026-05-05,485,487.5,477.25,480
2026-05-06,478.25,479.5,467.5,468.5
2026-05-07,468.25,469.75,461,467.5
2026-05-08,466.75,473,465.25,471.25
2026-05-11,471,476.25,470.75,475.25
2026-05-12,475,481.75,472.75,480
2026-05-13,478.25,484.5,477.5,480.75
2026-05-14,479.25,483.5,465.25,467.5
2026-05-15,468.25,473.75,455,455.75
2026-05-18,469,478,464,477
2026-05-19,476.75,481.75,472,475.25
2026-05-20,475.75,477,462.75,465.75
2026-05-21,465,469.25,460,462.25
2026-05-22,462.5,467.75,461,463.25
2026-05-26,458.25,463,456.5,457.5
2026-05-27,458.5,459.75,451.75,452.5
2026-05-28,452.25,458.25,451.5,455.75
2026-05-29,457.75,459,445,446.75
2026-06-01,446,449.25,440,444
2026-06-02,444.75,445.75,439,440.5
2026-06-03,440.75,442,430.25,431.5
2026-06-04,431,431.5,421.5,424.5
2026-06-05,424,424.5,416,417.5
2026-06-08,420.5,421,412.5,418.75
2026-06-09,419,425.5,417.5,419.5
2026-06-10,419.75,425.75,418.25,419
2026-06-11,419.75,420,410.5,411.75
2026-06-12,411.75,417,408.5,412.75
2026-06-15,411.75,416.75,406.25,415.5
2026-06-16,415,421,412.5,413.75
2026-06-17,414.25,421.75,412.25,421
2026-06-18,419.75,422,415,417.5
2026-06-22,417.5,418,411.25,411.5
2026-06-23,411.5,414.5,407,409.75
2026-06-24,410,412.5,405.75,407
2026-06-25,406,416,403.75,414.75
2026-06-26,414.25,417.5,411.25,412.75
2026-06-29,421.25,421.25,407,410.25
2026-06-30,410,422.5,406.25,416.75
2026-07-01,416.75,424.75,415.75,422.75
2026-07-02,423.25,427,421.5,423