time,open,high,low,close
1971-10-04,4.83,4.91,4.83,4.83
1971-10-05,4.81,4.81,4.6,4.6
1971-10-06,4.9,4.95,4.9,4.91
1971-10-07,4.96,5.01,4.94,4.94
1971-10-08,4.95,4.95,4.91,4.92
1971-10-12,4.97,4.99,4.97,4.98
1971-10-13,5.05,5.05,5.05,5.05
1971-10-14,5,5,4.94,4.94
1971-10-15,4.9,4.9,4.9,4.9
1971-10-18,4.89,4.89,4.89,4.89
1971-10-19,4.9,4.9,4.9,4.9
1971-10-20,4.94,4.94,4.94,4.94
1971-10-21,5,5.08,5,5
1971-10-22,5.04,5.07,5.04,5.04
1971-10-26,4.95,4.99,4.95,4.95
1971-10-27,5.01,5.06,5.01,5.06
1971-10-28,5.04,5.04,5.01,5.02
1971-10-29,4.97,4.97,4.97,4.97
1971-11-01,5,5,5,5
1971-11-03,5,5.03,5,5
1971-11-04,5.04,5.04,5.04,5.04
1971-11-05,4.94,4.94,4.94,4.94
1971-11-08,4.93,4.93,4.93,4.93
1971-11-09,4.99,4.99,4.99,4.99
1971-11-10,4.96,4.96,4.96,4.96
1971-11-11,4.94,4.94,4.94,4.94
1971-11-12,4.96,4.96,4.96,4.96
1971-11-15,4.92,4.92,4.9,4.91
1971-11-16,5.01,5.01,5.01,5.01
1971-11-17,5.03,5.03,5.03,5.03
1971-11-18,5.02,5.02,5.02,5.02
1971-11-19,4.99,4.99,4.99,4.99
1971-11-22,5.04,5.09,5.04,5.09
1971-11-23,5.08,5.08,5.08,5.08
1971-11-24,5.15,5.18,5.15,5.15
1971-11-26,5.2,5.2,5.17,5.18
1971-11-29,5.2,5.25,5.2,5.2
1971-11-30,5.23,5.25,5.21,5.23
1971-12-01,5.27,5.28,5.27,5.27
1971-12-02,5.21,5.23,5.19,5.19
1971-12-03,5.21,5.39,5.21,5.39
1971-12-06,5.21,5.21,5.2,5.2
1971-12-07,5.2,5.21,5.17,5.21
1971-12-08,5.24,5.27,5.24,5.24
1971-12-09,5.31,5.33,5.31,5.32
1971-12-10,5.33,5.45,5.33,5.45
1971-12-13,5.62,5.7,5.62,5.65
1971-12-14,5.72,5.99,5.72,5.97
1971-12-15,6.1,6.2,6,6.19
1971-12-16,6.04,6.19,6.04,6.07
1971-12-17,6.5,6.5,6.5,6.5
1971-12-20,6.9,6.9,6.69,6.69
1971-12-21,6.84,6.84,6.73,6.73
1971-12-22,7,7.23,7,7.15
1971-12-23,7.03,7.45,7.03,7.45
1971-12-27,7.24,7.48,6.95,6.95
1971-12-28,7.15,7.15,6.9,6.9
1971-12-29,6.85,7,6.85,6.91
1971-12-30,7.01,7.35,7.01,7.35
1972-01-03,7.7,7.84,7.7,7.74
1972-01-04,7.5,7.68,7.5,7.6
1972-01-05,7.75,7.85,7.69,7.69
1972-01-06,7.51,7.53,7.19,7.19
1972-01-07,7.05,7.05,7.05,7.05
1972-01-10,7.33,7.51,7.29,7.47
1972-01-11,7.54,7.54,7.01,7.01
1972-01-12,6.81,6.81,6.55,6.55
1972-01-13,6.85,7.05,6.85,7.05
1972-01-14,7.23,7.25,7.06,7.25
1972-01-17,7.4,7.4,7.4,7.4
1972-01-18,7.51,7.55,7.25,7.3
1972-01-19,7.25,7.45,7.25,7.45
1972-01-20,7.5,7.62,7.5,7.6
1972-01-21,7.8,7.9,7.75,7.8
1972-01-24,7.71,7.85,7.61,7.61
1972-01-25,7.7,7.75,7.61,7.61
1972-01-26,7.6,7.68,7.6,7.6
1972-01-27,7.69,7.69,7.67,7.67
1972-01-28,7.75,7.82,7.7,7.78
1972-01-31,7.85,7.85,7.85,7.85
1972-02-01,7.73,7.85,7.73,7.84
1972-02-02,8,8.35,8,8.3
1972-02-03,8.32,8.45,8.29,8.3
1972-02-04,8.28,8.37,8.26,8.26
1972-02-07,8.1,8.15,7.92,7.93
1972-02-08,8.1,8.1,8.03,8.03
1972-02-09,7.96,8.03,7.75,7.75
1972-02-10,7.95,8,7.94,7.98
1972-02-11,8,8.05,8,8.04
1972-02-14,8.01,8.02,7.78,7.79
1972-02-15,7.88,7.9,7.85,7.88
1972-02-16,7.8,7.84,7.56,7.8
1972-02-17,7.78,7.86,7.78,7.85
1972-02-18,7.88,8.06,7.88,7.92
1972-02-22,7.95,8,7.95,7.98
1972-02-23,7.97,8.06,7.97,8.05
1972-02-24,8.07,8.1,8.03,8.05
1972-02-25,7.97,8.02,7.97,7.99
1972-02-28,8,8.1,8,8.1
1972-02-29,8.18,8.25,8.15,8.19
1972-03-01,8.35,8.35,8.18,8.18
1972-03-02,8.27,8.3,8.23,8.24
1972-03-03,8.35,8.46,8.35,8.4
1972-03-06,8.6,8.7,8.55,8.7
1972-03-07,8.9,8.9,8.55,8.55
1972-03-08,8.49,8.68,8.48,8.63
1972-03-09,8.75,8.85,8.75,8.84
1972-03-10,8.77,8.8,8.7,8.7
1972-03-13,8.52,8.58,8.46,8.5
1972-03-14,8.56,9.54,8.18,8.18
1972-03-15,7.9,8.2,7.9,8.12
1972-03-16,8.11,8.13,7.7,7.7
1972-03-17,7.55,7.63,7.2,7.2
1972-03-20,7.35,7.58,7.35,7.54
1972-03-21,7.86,7.96,7.8,7.83
1972-03-22,7.51,7.53,7.34,7.34
1972-03-23,6.84,7.1,6.84,6.84
1972-03-24,6.99,7.2,6.5,6.65
1972-03-27,7.2,7.2,7.09,7.2
1972-03-28,7.1,7.19,7.08,7.11
1972-03-29,7.3,7.44,7.29,7.35
1972-03-30,7.25,7.58,7.21,7.57
1972-04-04,7.5,7.65,7.08,7.65
1972-04-05,7.6,7.75,7.56,7.62
1972-04-06,7.6,7.63,7.13,7.14
1972-04-07,7,7.3,6.81,7.3
1972-04-10,6.9,6.95,6.8,6.8
1972-04-11,6.83,6.88,6.43,6.66
1972-04-12,6.69,6.87,6.59,6.85
1972-04-13,6.87,7.02,6.85,6.85
1972-04-14,6.75,6.88,6.55,6.79
1972-04-17,6.97,7.1,6.94,7.06
1972-04-18,7.35,7.51,7.3,7.5
1972-04-19,7.6,7.71,7.53,7.6
1972-04-20,7.51,7.64,7.38,7.42
1972-04-21,7.25,7.42,7.17,7.27
1972-04-24,7.17,7.43,7.17,7.35
1972-04-25,7.39,7.52,7.06,7.06
1972-04-26,7.06,7.06,7.06,7.06
1972-04-27,7.1,7.11,6.97,7.02
1972-04-28,7.23,7.45,7.21,7.45
1972-05-01,7.56,7.59,7.34,7.35
1972-05-02,7.3,7.48,7.23,7.44
1972-05-03,7.42,7.48,7.15,7.15
1972-05-04,7.08,7.18,6.96,7.18
1972-05-05,7.16,7.24,7.09,7.17
1972-05-08,7.12,7.2,7.11,7.12
1972-05-09,7.08,7.24,7.08,7.1
1972-05-10,7.2,7.26,6.91,6.91
1972-05-11,6.68,6.79,6.53,6.53
1972-05-12,6.54,6.7,6.54,6.65
1972-05-15,6.58,6.76,6.56,6.75
1972-05-16,6.82,6.88,6.72,6.83
1972-05-17,6.79,6.84,6.73,6.73
1972-05-18,6.71,6.83,6.71,6.73
1972-05-19,6.95,7.03,6.92,6.98
1972-05-22,7.05,7.13,7.05,7.05
1972-05-23,7.1,7.21,7.1,7.17
1972-05-24,7.25,7.34,7.21,7.21
1972-05-25,7.25,7.28,7.13,7.18
1972-05-26,7.26,7.26,6.97,7.06
1972-05-30,6.88,6.92,6.64,6.64
1972-05-31,6.71,7.03,6.71,7
1972-06-01,6.99,7.07,6.92,6.96
1972-06-02,6.9,6.99,6.9,6.95
1972-06-05,7.01,7.02,6.87,6.9
1972-06-06,6.89,7,6.84,6.85
1972-06-07,6.88,7.04,6.88,6.97
1972-06-08,7,7.05,6.96,6.97
1972-06-09,6.98,7,6.96,7
1972-06-12,6.99,7.03,6.93,6.94
1972-06-13,6.85,6.9,6.71,6.8
1972-06-14,6.6,6.65,6.55,6.59
1972-06-15,6.45,6.69,6.45,6.67
1972-06-16,6.61,6.65,6.33,6.33
1972-06-19,6.33,6.56,6.33,6.54
1972-06-20,6.48,6.48,6.38,6.45
1972-06-21,6.39,6.45,6.25,6.27
1972-06-22,6.18,6.25,6.05,6.13
1972-06-23,6.16,6.2,6.04,6.09
1972-06-26,6.06,6.09,5.75,5.75
1972-06-27,5.83,6.05,5.83,5.94
1972-06-28,6.09,6.17,5.95,5.95
1972-06-29,5.87,5.96,5.79,5.93
1972-06-30,5.89,5.89,5.68,5.83
1972-07-03,5.89,5.89,5.78,5.83
1972-07-05,5.8,6.05,5.79,5.99
1972-07-06,6.08,6.27,6.05,6.25
1972-07-07,6.06,6.1,5.75,5.75
1972-07-10,5.58,5.85,5.58,5.72
1972-07-11,5.67,5.91,5.67,5.82
1972-07-12,5.8,5.99,5.77,5.96
1972-07-13,6.09,6.11,5.83,5.88
1972-07-14,6.11,6.2,6,6
1972-07-17,5.95,6.09,5.94,5.96
1972-07-18,6.02,6.12,5.99,6.06
1972-07-19,6,6.02,5.88,5.92
1972-07-20,5.88,5.96,5.73,5.77
1972-07-21,5.77,5.84,5.72,5.81
1972-07-24,5.75,5.8,5.73,5.74
1972-07-25,5.63,5.66,5.46,5.5
1972-07-26,5.5,5.65,5.5,5.57
1972-07-27,5.53,5.59,5.47,5.51
1972-07-28,5.47,5.57,5.41,5.43
1972-07-31,5.62,5.7,5.57,5.59
1972-08-01,5.75,5.9,5.65,5.87
1972-08-02,5.88,5.98,5.8,5.93
1972-08-03,5.99,6.1,5.85,6.06
1972-08-04,6.5,6.57,6.37,6.54
1972-08-07,6.67,6.9,6.59,6.75
1972-08-08,6.7,6.76,6.58,6.61
1972-08-09,6.42,6.48,6.31,6.42
1972-08-10,6.6,6.76,6.6,6.68
1972-08-11,6.65,7.02,6.58,6.93
1972-08-14,7.04,7.18,6.85,6.9
1972-08-15,6.75,6.85,6.65,6.74
1972-08-16,6.96,7,6.81,6.89
1972-08-17,6.95,6.95,6.76,6.8
1972-08-18,6.97,7.22,6.95,7.2
1972-08-21,7.51,7.59,7.42,7.52
1972-08-22,7.65,7.65,7.28,7.35
1972-08-23,7.5,7.86,7.35,7.86
1972-08-24,7.84,7.96,7.65,7.67
1972-08-25,7.85,7.9,7.73,7.82
1972-08-28,7.82,8.1,7.8,8.09
1972-08-29,8.12,8.28,7.89,7.89
1972-08-30,8.15,8.39,8.12,8.35
1972-08-31,8.25,8.33,8.08,8.26
1972-09-01,8.36,8.41,8.25,8.36
1972-09-05,8.48,8.48,7.89,7.89
1972-09-06,7.85,8.2,7.64,8.08
1972-09-07,7.89,7.95,7.58,7.58
1972-09-08,7.29,7.42,7.12,7.12
1972-09-11,7.2,7.43,7.2,7.25
1972-09-12,7.26,7.26,6.9,7
1972-09-13,7.25,7.51,7.18,7.51
1972-09-14,7.83,7.85,7.33,7.33
1972-09-15,7.52,7.6,7.16,7.34
1972-09-18,7.52,7.55,7.31,7.31
1972-09-19,7.3,7.35,7.11,7.31
1972-09-20,7.25,7.82,7.22,7.75
1972-09-21,7.55,7.73,7.51,7.54
1972-09-22,7.63,7.89,7.61,7.67
1972-09-25,7.6,7.65,7.48,7.5
1972-09-26,7.58,7.75,7.42,7.72
1972-09-27,7.68,7.79,7.63,7.63
1972-09-28,7.8,8.07,7.8,8.02
1972-09-29,8.07,8.1,7.9,7.95
1972-10-02,8.05,8.15,7.78,7.88
1972-10-03,7.8,7.89,7.75,7.85
1972-10-04,7.77,7.84,7.71,7.79
1972-10-05,7.5,7.59,7.36,7.51
1972-10-06,7.6,7.69,7.53,7.6
1972-10-10,7.75,7.85,7.68,7.83
1972-10-11,7.95,7.95,7.7,7.75
1972-10-12,7.68,7.78,7.62,7.7
1972-10-13,7.86,7.95,7.79,7.79
1972-10-16,7.93,8.1,7.92,8.07
1972-10-17,8.05,8.08,7.82,7.82
1972-10-18,7.9,7.98,7.8,7.87
1972-10-19,8.01,8.06,7.8,7.8
1972-10-20,7.83,7.95,7.73,7.86
1972-10-24,7.75,7.88,7.73,7.75
1972-10-25,7.7,7.72,7.35,7.4
1972-10-26,7.45,7.52,7.27,7.27
1972-10-27,7.28,7.46,7.28,7.37
1972-10-30,7.35,7.35,7.05,7.07
1972-10-31,7.16,7.3,7.1,7.21
1972-11-01,7.28,7.61,7.28,7.55
1972-11-02,7.65,7.67,7.47,7.47
1972-11-03,7.5,7.57,7.41,7.47
1972-11-06,7.55,7.59,7.49,7.52
1972-11-08,7.55,7.79,7.54,7.72
1972-11-09,7.61,7.64,7.5,7.5
1972-11-10,7.55,7.74,7.54,7.65
1972-11-13,7.5,7.5,7.36,7.38
1972-11-14,7.2,7.34,7.16,7.32
1972-11-15,7.37,7.48,7.36,7.43
1972-11-16,7.5,7.51,7.4,7.43
1972-11-17,7.45,7.56,7.36,7.49
1972-11-20,7.4,7.42,7.23,7.36
1972-11-21,7.2,7.26,7.13,7.24
1972-11-22,7.18,7.35,7.16,7.32
1972-11-24,7.39,7.5,7.37,7.44
1972-11-27,7.56,7.6,7.47,7.47
1972-11-28,7.6,7.7,7.6,7.6
1972-11-29,7.7,7.74,7.62,7.66
1972-11-30,7.7,7.93,7.7,7.91
1972-12-01,8.01,8.37,7.95,8.24
1972-12-04,8.5,8.74,8.4,8.7
1972-12-05,8.78,9.08,8.55,9.02
1972-12-06,8.86,9.1,8.72,8.85
1972-12-07,9.25,9.35,9.15,9.21
1972-12-08,9.15,9.4,9.14,9.32
1972-12-11,9.39,9.78,9.39,9.7
1972-12-12,10.05,10.12,9.25,9.25
1972-12-13,9.55,9.65,9.04,9.59
1972-12-14,9.6,9.77,9.34,9.57
1972-12-15,9.9,9.94,9.71,9.8
1972-12-18,9.7,9.75,9.39,9.41
1972-12-19,9.53,9.73,9.45,9.59
1972-12-20,9.65,9.75,9.56,9.62
1972-12-21,9.64,9.89,9.48,9.8
1972-12-26,9.9,10,9.8,9.8
1972-12-27,9.9,9.91,9.52,9.54
1972-12-29,9.76,10,9.75,9.96
1973-01-02,10,10.05,9.65,9.74
1973-01-03,9.6,9.67,9.3,9.45
1973-01-04,9.6,9.7,9.49,9.65
1973-01-05,9.73,9.73,9.48,9.48
1973-01-08,9.41,9.73,9.3,9.65
1973-01-09,9.82,9.99,9.82,9.87
1973-01-10,9.99,10.17,9.84,9.92
1973-01-11,10.05,10.13,9.92,10.11
1973-01-12,10.3,10.47,10.2,10.4
1973-01-15,10.45,10.5,10.29,10.31
1973-01-16,10.06,10.24,9.92,10.05
1973-01-17,10.01,10.04,9.77,9.81
1973-01-18,9.5,9.69,9.31,9.31
1973-01-19,9.2,9.37,8.81,8.85
1973-01-22,9.15,9.2,9.06,9.1
1973-01-23,8.99,8.99,8.6,8.6
1973-01-24,8.8,8.85,8.53,8.73
1973-01-26,9.09,9.23,9.03,9.23
1973-01-29,9.23,9.38,9.12,9.2
1973-01-30,9.23,9.38,9.06,9.16
1973-01-31,9.35,9.54,9.35,9.48
1973-02-01,9.65,9.74,9.53,9.66
1973-02-02,9.72,9.81,9.71,9.8
1973-02-05,9.79,9.79,9.37,9.57
1973-02-06,9.35,9.38,9.12,9.26
1973-02-07,9.16,9.33,8.96,9.24
1973-02-08,9.14,9.23,8.87,8.89
1973-02-09,8.7,9.11,8.7,9.07
1973-02-13,9.2,9.31,8.8,8.8
1973-02-14,8.7,8.96,8.54,8.59
1973-02-15,8.83,8.83,8.4,8.55
1973-02-16,8.65,8.7,8.3,8.39
1973-02-20,8.6,8.89,8.54,8.89
1973-02-21,8.83,9.19,8.83,9.04
1973-02-22,9.03,9.34,8.99,8.99
1973-02-23,9.05,9.05,8.75,8.9
1973-02-26,8.75,8.85,8.5,8.55
1973-02-27,8.5,8.88,8.5,8.87
1973-02-28,9,9.25,8.97,9.1
1973-03-01,8.95,9.4,8.95,9.32
1973-03-02,9.32,9.39,8.82,8.82
1973-03-05,8.7,8.74,8.55,8.61
1973-03-06,8.73,8.88,8.71,8.87
1973-03-07,9,9.16,8.99,9.11
1973-03-08,9.06,9.25,8.92,8.94
1973-03-09,9.07,9.11,8.77,8.98
1973-03-12,8.95,9.04,8.85,8.87
1973-03-13,8.75,8.75,8.55,8.62
1973-03-14,8.62,8.96,8.5,8.87
1973-03-15,8.83,8.88,8.75,8.78
1973-03-16,8.82,8.95,8.8,8.83
1973-03-19,8.8,8.89,8.4,8.63
1973-03-20,8.6,8.8,8.56,8.74
1973-03-21,8.7,8.7,8.46,8.53
1973-03-22,8.62,8.8,8.61,8.76
1973-03-23,8.86,9.26,8.86,9.2
1973-03-26,9.3,9.39,9.07,9.12
1973-03-27,9.18,9.28,9,9.13
1973-03-28,9.15,9.32,9.03,9.11
1973-03-29,9.25,9.46,9.18,9.44
1973-03-30,9.55,9.55,9.31,9.46
1973-04-02,9.4,9.4,9.05,9.06
1973-04-03,9.1,9.2,9.09,9.16
1973-04-04,9,9.14,8.98,9.11
1973-04-05,9.18,9.3,9,9.15
1973-04-06,9.15,9.16,9.06,9.08
1973-04-09,9.05,9.06,8.8,8.81
1973-04-10,8.83,8.86,8.66,8.74
1973-04-11,8.8,8.85,8.68,8.74
1973-04-12,8.78,8.9,8.69,8.88
1973-04-13,8.94,9.05,8.88,9.02
1973-04-16,9.09,9.18,9.06,9.08
1973-04-17,9.05,9.1,8.92,8.93
1973-04-18,9.05,9.22,9.05,9.2
1973-04-19,9.16,9.28,9.1,9.22
1973-04-23,9.25,9.35,9.25,9.32
1973-04-24,9.3,9.3,9.09,9.1
1973-04-25,9,9.05,8.95,9.03
1973-04-26,9.1,9.24,9.1,9.23
1973-04-27,9.5,9.51,9.37,9.46
1973-04-30,9.24,9.29,9.05,9.07
1973-05-01,9.08,9.21,8.93,8.99
1973-05-02,8.9,8.99,8.66,8.95
1973-05-03,8.99,9.15,8.97,9.04
1973-05-04,9.1,9.12,8.98,9
1973-05-07,9.05,9.08,8.86,8.94
1973-05-08,8.88,9.09,8.86,9.08
1973-05-09,9.1,9.39,9.06,9.3
1973-05-10,9.38,9.57,9.22,9.29
1973-05-11,9.2,9.22,8.91,8.98
1973-05-14,9.05,9.3,9.05,9.29
1973-05-15,9.4,9.45,9.1,9.12
1973-05-16,9.17,9.34,9.1,9.24
1973-05-17,9.39,9.44,9.27,9.42
1973-05-18,9.62,9.92,9.57,9.92
1973-05-21,10.15,10.42,10.1,10.29
1973-05-22,10.48,10.65,10.14,10.63
1973-05-23,10.68,10.9,10.42,10.6
1973-05-24,10.3,10.67,10.3,10.66
1973-05-25,10.68,10.92,10.51,10.92
1973-05-29,11.08,11.34,10.85,11.03
1973-05-30,10.8,10.94,10.53,10.53
1973-05-31,10.6,10.61,10.15,10.54
1973-06-01,10.43,10.67,10.43,10.47
1973-06-04,10.3,10.4,9.97,10.36
1973-06-05,10.35,10.49,9.9,10
1973-06-06,9.7,9.8,9.5,9.5
1973-06-07,9.5,9.66,9.25,9.65
1973-06-08,9.55,9.73,9.47,9.52
1973-06-11,9.62,9.66,9.29,9.29
1973-06-12,9.2,9.45,9.1,9.13
1973-06-13,9.42,9.49,9.35,9.4
1973-06-14,9.6,9.66,9.55,9.63
1973-06-15,9.79,10.1,9.75,9.94
1973-06-18,9.92,10.24,9.92,10.1
1973-06-19,10,10.13,9.9,9.94
1973-06-20,10.03,10.03,9.75,9.91
1973-06-21,9.8,9.9,9.73,9.74
1973-06-22,9.76,9.81,9.61,9.65
1973-06-25,9.51,9.9,9.5,9.89
1973-06-26,9.98,9.98,9.85,9.88
1973-06-27,9.88,10.13,9.88,9.95
1973-06-28,9.95,9.95,9.48,9.54
1973-06-29,8.93,9.08,8.88,9.05
1973-07-02,9.07,9.28,9,9.25
1973-07-03,9.25,9.29,9.16,9.2
1973-07-05,9.42,9.65,9.35,9.61
1973-07-06,9.63,9.75,9.47,9.6
1973-07-09,9.51,9.54,9.4,9.52
1973-07-10,9.45,9.49,9.32,9.34
1973-07-11,9.28,9.6,9.28,9.58
1973-07-12,9.53,9.64,9.08,9.11
1973-07-13,9.1,9.18,8.9,9.07
1973-07-16,9.08,9.43,8.88,9.38
1973-07-17,9.3,9.35,9.09,9.11
1973-07-18,9.17,9.28,9.16,9.24
1973-07-19,9.41,9.45,9.31,9.37
1973-07-20,9.4,9.47,9.37,9.44
1973-07-23,9.4,9.94,9.31,9.94
1973-07-24,9.9,10.11,9.61,9.65
1973-07-25,9.72,9.93,9.69,9.84
1973-07-26,10,10.07,9.64,9.65
1973-07-27,9.6,9.63,9.25,9.27
1973-07-30,9.29,9.44,9.19,9.43
1973-07-31,9.5,9.65,9.47,9.53
1973-08-01,9.6,9.65,9.41,9.48
1973-08-02,9.36,9.43,9.21,9.24
1973-08-03,9.3,9.55,9.25,9.54
1973-08-06,9.58,9.6,9.44,9.54
1973-08-07,9.44,9.68,9.04,9.07
1973-08-08,9.25,9.32,9.01,9.25
1973-08-09,9.2,9.34,9.09,9.29
1973-08-10,9.2,9.41,9.11,9.14
1973-08-13,9.01,9.04,8.64,8.64
1973-08-14,8.62,8.72,8.38,8.43
1973-08-15,8.52,8.62,8.25,8.34
1973-08-16,8.5,8.7,8.49,8.64
1973-08-17,8.7,8.74,8.45,8.61
1973-08-20,8.61,8.66,8.5,8.52
1973-08-21,8.6,8.63,8.46,8.59
1973-08-22,8.65,8.76,8.49,8.7
1973-08-23,8.78,8.84,8.7,8.8
1973-08-24,8.92,8.98,8.85,8.86
1973-08-27,8.83,8.83,8.65,8.68
1973-08-28,8.64,8.67,8.55,8.66
1973-08-29,8.63,8.8,8.61,8.78
1973-08-30,8.7,8.75,8.62,8.63
1973-08-31,8.6,8.75,8.6,8.73
1973-09-04,8.66,8.69,8.41,8.45
1973-09-05,8.35,8.55,8.28,8.51
1973-09-06,8.52,8.55,8.3,8.34
1973-09-07,8.36,8.48,8.33,8.44
1973-09-10,8.54,8.63,8.46,8.52
1973-09-11,8.59,8.59,8.42,8.57
1973-09-12,8.62,8.63,8.45,8.52
1973-09-13,8.4,8.52,8.36,8.51
1973-09-14,8.65,8.95,8.55,8.93
1973-09-17,8.99,9.12,8.98,9.11
1973-09-18,9.2,9.3,9.08,9.27
1973-09-19,9.5,9.65,9.37,9.62
1973-09-20,9.8,9.81,9.22,9.31
1973-09-21,9.33,9.4,9.28,9.34
1973-09-24,9.4,9.4,9.31,9.34
1973-09-25,9.25,9.34,9.2,9.34
1973-09-26,9.45,9.67,9.45,9.66
1973-09-27,9.56,9.7,9.5,9.69
1973-09-28,9.12,9.12,8.83,8.87
1973-10-01,8.89,8.95,8.75,8.78
1973-10-02,8.76,9.22,8.72,9.18
1973-10-03,9.16,9.3,9.12,9.21
1973-10-04,9.23,9.3,9.12,9.21
1973-10-05,9.25,9.34,9.18,9.27
1973-10-09,9.5,9.55,9.35,9.53
1973-10-10,9.56,9.75,9.52,9.62
1973-10-11,9.52,9.52,9.27,9.29
1973-10-12,9.15,9.28,8.94,8.96
1973-10-15,8.85,8.97,8.79,8.85
1973-10-16,8.84,9.18,8.84,9.1
1973-10-17,9.09,9.11,8.89,8.98
1973-10-18,8.93,9.19,8.92,9.11
1973-10-19,9.2,9.28,9.14,9.17
1973-10-23,9.2,9.23,9,9.18
1973-10-24,9.25,9.6,9.22,9.55
1973-10-25,9.7,9.7,9.47,9.5
1973-10-26,9.45,9.78,9.32,9.7
1973-10-29,9.8,9.95,9.74,9.93
1973-10-30,9.93,9.94,9.73,9.76
1973-10-31,9.7,9.89,9.67,9.86
1973-11-01,10.05,10.21,10.04,10.19
1973-11-02,10.14,10.16,9.93,9.94
1973-11-05,9.96,10.01,9.75,9.79
1973-11-07,9.95,10.11,9.92,10.08
1973-11-08,10.04,10.07,9.93,9.96
1973-11-09,10.01,10.17,9.99,10.12
1973-11-12,10.3,10.3,10.2,10.26
1973-11-13,10.29,10.35,10.25,10.28
1973-11-14,10.2,10.2,10.05,10.11
1973-11-15,10.02,10.17,9.95,10.09
1973-11-16,10.25,10.59,10.24,10.59
1973-11-19,10.74,10.84,10.65,10.74
1973-11-20,10.64,10.64,10.24,10.24
1973-11-21,9.95,10.24,9.9,10.18
1973-11-23,10.2,10.27,10.16,10.2
1973-11-26,10.05,10.05,9.7,9.7
1973-11-27,9.3,9.55,9.23,9.37
1973-11-28,9.55,9.8,9.52,9.76
1973-11-29,9.95,10,9.82,9.86
1973-11-30,10.02,10.02,9.82,9.88
1973-12-03,9.75,9.85,9.66,9.82
1973-12-04,9.92,10.14,9.88,10.01
1973-12-05,10.2,10.24,9.83,9.86
1973-12-06,9.95,10.36,9.94,10.36
1973-12-07,10.35,10.52,10.25,10.27
1973-12-10,10.5,10.74,10.48,10.7
1973-12-11,10.89,10.89,10.65,10.72
1973-12-12,10.95,11.22,10.84,11.22
1973-12-13,11.62,11.72,10.91,11.08
1973-12-14,11.1,11.29,10.87,11.26
1973-12-17,11.6,11.76,11.5,11.76
1973-12-18,11.95,11.99,11.57,11.7
1973-12-19,12.05,12.2,11.83,12.2
1973-12-20,12.3,12.68,12.11,12.5
1973-12-21,12.65,12.69,12.36,12.54
1973-12-26,12.55,13.04,12.4,13.04
1973-12-27,13.2,13.53,13.09,13.33
1973-12-28,12.83,12.9,12.83,12.83
1973-12-31,12.33,12.33,12.33,12.33
1974-01-02,11.83,12.83,11.83,12.83
1974-01-03,13,13,12.33,12.33
1974-01-04,12.35,12.6,11.85,12.48
1974-01-07,12.21,12.8,12.21,12.58
1974-01-08,12.65,12.7,12.31,12.41
1974-01-09,12.8,12.89,12.55,12.89
1974-01-10,13.3,13.39,13.2,13.39
1974-01-11,13.88,13.89,13.54,13.89
1974-01-14,14.39,14.39,14.39,14.39
1974-01-15,14.89,14.89,14.7,14.89
1974-01-16,14.84,14.95,14.39,14.39
1974-01-17,14.85,14.89,14.75,14.89
1974-01-18,15.39,15.39,15.32,15.39
1974-01-21,15.75,15.89,15.12,15.48
1974-01-22,15.25,15.97,15,15.01
1974-01-23,14.87,15.39,14.62,15.04
1974-01-24,15.54,15.54,15.54,15.54
1974-01-25,16.04,16.04,16.04,16.04
1974-01-28,17.04,17.04,16.9,17.04
1974-01-29,16.55,18,16.5,17.9
1974-01-30,18,18.3,17.7,18.04
1974-01-31,18.25,18.85,17.92,18.52
1974-02-01,18.4,18.75,17.9,18.1
1974-02-04,17.26,17.75,17.2,17.35
1974-02-05,18,18.89,18,18.76
1974-02-06,19.25,19.25,18.27,18.5
1974-02-07,18.4,18.7,18.02,18.1
1974-02-08,18.3,18.5,18.24,18.4
1974-02-11,18.8,19.75,18.5,19.28
1974-02-13,20,20.69,20,20.42
1974-02-14,20.25,21,20.15,20.8
1974-02-15,21.25,21.52,21,21.24
1974-02-19,23.75,23.8,22.5,23.78
1974-02-20,24.1,24.65,23.9,24.63
1974-02-21,25,27,25,26.96
1974-02-22,27.5,28,25.25,25.55
1974-02-25,24,24,22.65,22.67
1974-02-26,21.95,22.1,21.6,21.65
1974-02-27,21.25,21.25,20.2,20.49
1974-02-28,20.46,20.46,20.46,20.46
1974-03-01,19.95,21.46,19.5,21.28
1974-03-04,21.7,22.28,21.7,22.28
1974-03-05,21.9,22.99,21.28,21.95
1974-03-06,21.25,21.6,20.95,20.95
1974-03-07,20.25,20.4,19.95,19.95
1974-03-08,19,20.95,18.95,19.76
1974-03-11,20.45,20.76,20.45,20.76
1974-03-12,21.76,21.76,21.76,21.76
1974-03-13,22.76,22.76,20.76,20.76
1974-03-14,20,21.76,19.9,20.39
1974-03-15,20.52,21.2,19.8,21
1974-03-18,22,22,21.9,22
1974-03-19,23,23,21.95,22.31
1974-03-20,21.7,22.5,21.5,22.22
1974-03-21,21.22,21.5,21.22,21.22
1974-03-22,21.3,21.65,20.95,21.18
1974-03-25,21.05,21.05,20.18,20.18
1974-03-26,19.5,19.6,19.18,19.25
1974-03-27,20,20.05,18.25,18.31
1974-03-28,17.81,19.31,17.55,19.23
1974-03-29,19.7,20.23,19.43,20.23
1974-04-01,20.73,20.73,18.3,18.92
1974-04-02,18.85,20.2,18.55,18.88
1974-04-03,18.85,20.05,18.75,19.68
1974-04-04,20.25,21.15,19.8,21
1974-04-05,21,21.7,20.5,21.6
1974-04-08,21.05,21.15,19.8,19.9
1974-04-09,19.5,20.65,19.4,20.37
1974-04-10,20.9,21.8,20.8,21.75
1974-04-11,21.6,21.9,21.46,21.54
1974-04-15,21.6,22.1,21.6,22.05
1974-04-16,21.8,22.08,21.73,21.82
1974-04-17,22.25,22.8,22.25,22.72
1974-04-18,23.2,24.1,22.95,23.9
1974-04-19,23,23.88,22.95,23.88
1974-04-22,22.9,24.7,22.9,23.75
1974-04-23,23,23.5,20.95,21.35
1974-04-24,22.5,23.3,21.9,21.94
1974-04-25,22.5,23.1,22.5,22.61
1974-04-26,22.7,22.78,22.58,22.78
1974-04-29,23.2,23.5,22.1,22.3
1974-04-30,22.01,22.5,21.9,22.44
1974-05-01,23.1,23.44,22.9,23.44
1974-05-02,23.55,24,23.35,23.94
1974-05-03,24,24.85,24,24.45
1974-05-06,24.6,24.6,23.45,23.45
1974-05-07,23.2,24.45,22.71,24.45
1974-05-08,24.75,25.15,24.21,25.08
1974-05-09,25.45,25.6,24.4,24.5
1974-05-10,25.3,25.3,24.75,24.92
1974-05-13,24.4,24.5,23.96,24
1974-05-14,24.7,24.95,23.5,23.82
1974-05-15,23.4,24,23.25,23.58
1974-05-16,22.8,24.58,22.63,24.58
1974-05-17,24.2,24.5,23.75,23.95
1974-05-20,23.2,23.35,22.95,22.95
1974-05-21,21.95,22.4,21.95,22.07
1974-05-22,21.3,21.95,21.1,21.9
1974-05-23,21.99,22.22,21.44,22.14
1974-05-24,22.35,22.68,22.2,22.46
1974-05-28,21.47,21.7,21.46,21.46
1974-05-29,21.95,22.46,21.35,22.46
1974-05-30,22.5,23.16,22.3,23.08
1974-05-31,22.75,23.5,22.65,23.47
1974-06-03,23,24.49,22.85,24.31
1974-06-04,24.5,25.25,24.4,24.53
1974-06-05,24.5,24.8,23.75,24.2
1974-06-06,25.2,25.3,24.75,25.12
1974-06-07,24.9,26.05,24.8,25.79
1974-06-10,25.89,26.19,24.8,24.98
1974-06-11,24.6,24.6,23.55,23.6
1974-06-12,23.31,24.05,22.5,22.62
1974-06-13,22.75,22.75,21.9,22.49
1974-06-14,22.91,23.95,22.89,23.8
1974-06-17,24.35,24.69,24.1,24.48
1974-06-18,24.2,24.4,23.2,23.45
1974-06-19,22.98,23.15,22.35,22.53
1974-06-20,22,23.6,21.92,23.54
1974-06-21,23.25,23.5,22.75,22.77
1974-06-24,22,22.3,21.2,21.31
1974-06-25,21.8,22.7,21.75,22.6
1974-06-26,22.6,23.1,22.35,22.47
1974-06-27,22.5,23.6,22.38,23.52
1974-06-28,21.4,21.55,20.75,20.96
1974-07-01,20.7,21.49,20.61,21.32
1974-07-02,20.9,21,20.55,20.9
1974-07-03,21.05,21.35,20.9,21.23
1974-07-05,21.7,21.85,21.46,21.78
1974-07-08,21.8,22.06,21.6,21.8
1974-07-09,21.65,21.75,21.45,21.47
1974-07-10,21.55,22.25,21.5,22.2
1974-07-11,22.2,22.35,21.65,21.7
1974-07-12,21.85,22.7,21.85,22.7
1974-07-15,23.3,23.65,23.13,23.37
1974-07-16,23.65,23.77,22.95,23.47
1974-07-17,23.25,23.3,22.81,23.15
1974-07-18,23.45,24.15,23.4,24.15
1974-07-19,25.15,25.15,24.66,25.15
1974-07-22,24.9,26.1,24.85,25.85
1974-07-23,25.6,25.9,24.85,24.85
1974-07-24,25.25,25.85,25.15,25.85
1974-07-25,26.85,26.85,25.55,25.7
1974-07-26,26.6,26.7,26.19,26.7
1974-07-29,26.45,27.1,25.7,25.7
1974-07-30,26,26.5,25,26
1974-07-31,25.7,26.6,25.7,25.82
1974-08-01,26.6,26.82,26.2,26.82
1974-08-02,27.4,27.82,27.4,27.69
1974-08-05,28,28.05,27.2,27.94
1974-08-06,28.7,28.94,28.6,28.94
1974-08-07,29.94,29.94,29.65,29.94
1974-08-08,29.4,29.6,28.94,28.94
1974-08-09,29.35,29.35,27.95,28.02
1974-08-12,27.5,27.51,27.02,27.36
1974-08-13,28.36,28.36,28.36,28.36
1974-08-14,29.36,29.36,27.36,27.36
1974-08-15,27.96,28.3,27.45,27.92
1974-08-16,28.5,28.92,28.35,28.89
1974-08-19,29.25,29.89,28.8,29.89
1974-08-20,30.89,30.89,30.1,30.5
1974-08-21,30.5,31.2,30.25,31.05
1974-08-22,31.5,32.05,31.35,32.05
1974-08-23,32.4,33.05,31.05,31.2
1974-08-26,31.35,32.2,31.35,32.2
1974-08-27,33.2,33.2,33.2,33.2
1974-08-28,33.35,34.2,33.35,34.2
1974-08-29,35.2,35.2,35.2,35.2
1974-08-30,34.2,35.2,34.2,34.2
1974-09-03,36,37.35,35.85,37.31
1974-09-04,36.8,36.8,34.7,35.45
1974-09-05,34.5,35.1,32.8,33
1974-09-06,32.1,33.95,32.1,33.03
1974-09-09,35,35.75,34.6,34.98
1974-09-10,35.25,35.25,31.75,32.07
1974-09-11,32,33.6,31.1,33.48
1974-09-12,33.75,33.9,30.86,31
1974-09-13,30.8,32.45,30.8,32.35
1974-09-16,31.75,32.75,31.75,32.12
1974-09-17,33.45,33.65,32.25,33.05
1974-09-18,33.4,33.5,32.7,33.05
1974-09-19,33.15,35.2,33.1,35.13
1974-09-20,35.25,36.55,34.8,36.16
1974-09-23,36.3,37.2,35.5,35.56
1974-09-24,35.75,36.61,35.05,35.93
1974-09-25,35.95,36.75,35.6,35.97
1974-09-26,36.4,36.4,35.5,35.98
1974-09-27,35.97,36.85,35.95,36.72
1974-09-30,31.9,32.65,31.9,32.6
1974-10-01,32.6,33,31.85,32.44
1974-10-02,32,33.44,31.95,33.44
1974-10-03,33.7,34.4,33.4,34.02
1974-10-04,34.9,35,34.5,34.88
1974-10-07,34.2,35.88,34.01,35.47
1974-10-08,36.4,36.47,35.9,36.47
1974-10-09,36.4,37.46,36.12,37.22
1974-10-10,36.4,37.15,36.35,36.51
1974-10-11,37.46,37.51,37.3,37.51
1974-10-15,38.51,38.51,38.51,38.51
1974-10-16,39.51,39.51,39.51,39.51
1974-10-17,38.85,40.05,38.7,39.94
1974-10-18,40.7,40.9,39.2,39.54
1974-10-21,40.2,40.54,40.1,40.54
1974-10-22,41,41.4,40.9,41.15
1974-10-23,40.5,40.95,40.15,40.15
1974-10-24,40.35,41.15,39.25,41.15
1974-10-25,42.15,42.15,41.65,41.97
1974-10-28,42.97,42.97,42.97,42.97
1974-10-29,43.97,43.97,43.97,43.97
1974-10-30,44.5,44.97,44.4,44.97
1974-10-31,45.97,45.97,45.97,45.97
1974-11-01,46.97,46.97,46.97,46.97
1974-11-04,48.97,48.97,48.97,48.97
1974-11-06,50.97,50.97,50.97,50.97
1974-11-07,52.97,52.97,52.97,52.97
1974-11-08,53.1,54.97,53.1,54.97
1974-11-12,56.97,56.97,56.97,56.97
1974-11-13,58.97,58.97,54.97,55.43
1974-11-14,56,57.43,53.9,57.2
1974-11-15,58.2,59.2,58,59.2
1974-11-18,61.2,61.2,61.1,61.2
1974-11-19,63.2,63.2,63.2,63.2
1974-11-20,65.2,65.2,65.2,65.2
1974-11-21,63.2,66,63.2,63.2
1974-11-22,61.2,61.2,61.2,61.2
1974-11-25,59.2,59.2,59.2,59.2
1974-11-26,57.2,57.2,57.2,57.2
1974-11-27,56,56.75,55.2,55.2
1974-11-29,53.2,53.2,53.2,53.2
1974-12-02,51.2,51.2,51.2,51.2
1974-12-03,49.2,49.2,49.2,49.2
1974-12-04,47.2,47.2,47.2,47.2
1974-12-05,45.2,48.4,45.2,47.95
1974-12-06,49.79,49.95,47.3,49.9
1974-12-09,48.6,48.75,47.9,47.9
1974-12-10,45.9,45.9,45.9,45.9
1974-12-11,43.9,43.9,43.9,43.9
1974-12-12,41.9,44.05,41.9,42.75
1974-12-13,44.25,44.75,43.5,44.37
1974-12-16,42.37,42.37,42.37,42.37
1974-12-17,40.37,40.37,40.37,40.37
1974-12-18,39.4,42,38.5,40.7
1974-12-19,40.7,41.75,40.5,40.72
1974-12-20,41.25,42.72,41.25,42.72
1974-12-23,44.72,44.72,44.72,44.72
1974-12-27,45.72,45.72,45.72,45.72
1974-12-30,46.72,46.72,46.72,46.72
1974-12-31,47.72,47.75,46.8,47.2
1975-01-02,45.2,45.7,45.2,45.2
1975-01-03,43.25,45.7,43.25,45.6
1975-01-06,44.3,44.3,43.6,43.6
1975-01-07,41.6,41.75,41.6,41.6
1975-01-08,39.6,40.5,39.6,39.6
1975-01-09,37.6,37.6,37.6,37.6
1975-01-10,35.6,39.5,35.6,36.95
1975-01-13,35.15,36.6,34.95,35.15
1975-01-14,35,36.9,34.9,36.4
1975-01-15,37.5,38.35,37.4,38.35
1975-01-16,39.95,40.35,37.5,38.32
1975-01-17,37,39,37,38.8
1975-01-20,37.5,38.35,37.3,38.05
1975-01-21,37.8,37.9,36.05,36.05
1975-01-22,34.8,35.1,34.05,34.8
1975-01-23,35.25,36.7,35.25,35.8
1975-01-24,36.6,37.75,36.2,37.2
1975-01-27,39.2,39.2,38.9,39.2
1975-01-28,39.25,39.8,37.2,37.2
1975-01-29,36.6,37.3,35.2,37
1975-01-30,36.25,36.85,35.8,36.3
1975-01-31,35.3,36,34.75,35.65
1975-02-03,35.1,35.7,33.3,33.47
1975-02-04,33.5,34.6,33,34.35
1975-02-05,34,34.1,33.2,33.7
1975-02-06,35.71,36.1,35.3,35.98
1975-02-07,35.5,36.4,35.5,35.74
1975-02-10,36.8,37.2,36.5,37.1
1975-02-11,37.4,38,36.85,36.94
1975-02-13,37,37,36.2,36.4
1975-02-14,36.75,36.75,36.1,36.2
1975-02-18,35.9,36.72,35.9,36.7
1975-02-19,36.9,37.05,34.8,35.15
1975-02-20,35.4,35.4,34.4,34.7
1975-02-21,34.8,34.8,33.3,33.4
1975-02-24,33,33,31.15,31.2
1975-02-25,29.2,30.3,29,29.7
1975-02-26,29.71,30.8,29.7,30.8
1975-02-27,30,30,28.75,28.78
1975-02-28,28.4,29.25,27.75,28.4
1975-03-03,29,29.5,28,28.37
1975-03-04,28.1,28.2,27.2,27.45
1975-03-05,26.45,27.25,26,27.15
1975-03-06,27.1,28.5,27.05,28.15
1975-03-07,28.15,28.75,26.3,27
1975-03-10,26.25,26.4,25.76,26.2
1975-03-11,27.2,28.2,26.95,28.2
1975-03-12,28,29.4,26.65,28.75
1975-03-13,29.5,29.5,27.85,28.09
1975-03-14,27.5,28.55,27.35,28.43
1975-03-17,29,29.2,28.45,28.63
1975-03-18,28.5,28.65,26.63,26.63
1975-03-19,25.5,25.55,24.63,24.63
1975-03-20,24.2,25.35,23.8,24
1975-03-21,24.8,24.86,24.1,24.6
1975-03-24,24.8,25.14,24.5,24.88
1975-03-25,24.4,25.25,24.4,24.93
1975-03-26,24.05,25.3,23.6,25.2
1975-03-27,25.2,26.2,24.9,25.65
1975-03-31,25.75,25.8,25.32,25.4
1975-04-01,25,25.16,24.85,25.01
1975-04-02,25.3,25.8,24.3,24.39
1975-04-03,24.6,24.65,23.95,24.25
1975-04-04,23.5,23.8,23.35,23.68
1975-04-07,23.2,23.2,22.71,23.07
1975-04-08,23.95,25.05,23.95,24.7
1975-04-09,24.2,24.45,23.7,24.3
1975-04-10,24.5,24.8,24.2,24.3
1975-04-11,24,24.4,23.9,24.35
1975-04-14,25,25.9,25,25.67
1975-04-15,26.3,26.65,25.9,26.2
1975-04-16,26.2,26.2,25.5,25.6
1975-04-17,25.6,25.6,24.75,24.92
1975-04-18,25.9,25.9,25.41,25.55
1975-04-21,26.8,27,26.2,26.48
1975-04-22,26.1,26.49,25.8,26.05
1975-04-23,25.5,25.55,24.85,25.25
1975-04-24,24.6,24.6,24.01,24.06
1975-04-25,23.36,23.45,22.45,22.47
1975-04-28,20,20.35,19.55,20.1
1975-04-29,20,20.6,19.55,20.29
1975-04-30,19.7,19.7,18.5,18.9
1975-05-01,18.6,19.81,18.5,19.1
1975-05-02,19.3,19.45,19.1,19.25
1975-05-05,18,18.1,17.3,17.43
1975-05-06,17.6,17.8,17.02,17.19
1975-05-07,17.8,18.3,17.6,18.05
1975-05-08,18.2,18.2,17.85,18.08
1975-05-09,18.5,18.5,17.1,17.19
1975-05-12,17,17.55,16.7,17.5
1975-05-13,17.5,17.75,17.2,17.6
1975-05-14,17.2,17.65,16.75,16.82
1975-05-15,16.55,16.64,16.35,16.48
1975-05-16,16.15,16.95,16.15,16.48
1975-05-19,16.4,17,16.4,16.88
1975-05-20,17.3,17.85,17.3,17.55
1975-05-21,17.5,17.65,16.85,16.9
1975-05-22,17,17.34,16.8,17.05
1975-05-23,17.4,17.6,17.25,17.4
1975-05-27,17.25,17.3,16.65,16.7
1975-05-28,16.05,16.3,15.89,15.92
1975-05-29,15.85,15.93,15.22,15.58
1975-05-30,15.2,15.3,14.92,15.2
1975-06-02,14.6,14.7,14.46,14.58
1975-06-03,14.9,15.27,14.8,15.13
1975-06-04,14.8,15.35,14.75,15.12
1975-06-05,15.05,15.35,15.05,15.31
1975-06-06,15.55,16,15.5,15.85
1975-06-09,16.25,16.9,16.25,16.3
1975-06-10,15.9,15.95,14.8,14.87
1975-06-11,14.1,14.1,13.85,13.87
1975-06-12,13.4,13.9,13.2,13.48
1975-06-13,13.75,13.8,12.6,12.7
1975-06-16,12.8,13,12.55,12.94
1975-06-17,13.2,13.3,12.3,12.42
1975-06-18,12.1,12.2,11.85,11.92
1975-06-19,12.2,12.34,11.9,12.02
1975-06-20,11.8,12.2,11.6,12.2
1975-06-23,12.15,12.8,12.1,12.65
1975-06-24,12.8,13.29,12.75,13.18
1975-06-25,13.35,13.38,12.25,12.34
1975-06-26,12.1,12.75,11.9,12.59
1975-06-27,13.35,13.6,13,13.55
1975-06-30,13.3,13.55,13.3,13.55
1975-07-01,13.2,13.5,12.76,13.25
1975-07-02,13.1,13.45,12.85,13.11
1975-07-03,13.25,13.5,12.85,13.44
1975-07-07,14.25,14.3,13.85,13.98
1975-07-08,14.45,14.98,14.37,14.98
1975-07-09,15.95,15.98,15.6,15.98
1975-07-10,15.9,16.98,15.3,16.74
1975-07-11,17.74,17.74,17.15,17.6
1975-07-14,16.75,17.15,16.6,16.6
1975-07-15,15.8,15.9,15.6,15.6
1975-07-16,15,16.6,14.95,16.2
1975-07-17,17.15,17.2,15.2,16.5
1975-07-18,15.6,15.96,15.5,15.73
1975-07-21,16.5,16.73,16.23,16.73
1975-07-22,17.1,17.6,16.9,16.96
1975-07-23,17,17.4,16.5,17.35
1975-07-24,17.7,17.8,17,17.18
1975-07-25,17.41,17.63,17.15,17.5
1975-07-28,18.05,18.5,17.96,18.45
1975-07-29,18.95,18.95,18.45,18.54
1975-07-30,18.1,18.2,17.54,17.54
1975-07-31,16.54,16.54,16.54,16.54
1975-08-01,16.2,16.8,15.6,16.38
1975-08-04,17.38,17.38,17.3,17.38
1975-08-05,17.25,17.55,16.9,16.93
1975-08-06,17.15,17.75,16.78,17.5
1975-08-07,17.8,18.5,17.8,18.5
1975-08-08,19.5,19.5,19.3,19.5
1975-08-11,19.5,19.88,18.9,19.01
1975-08-12,18.7,19.85,18.6,19.75
1975-08-13,20.5,20.75,20.35,20.6
1975-08-14,21,21,19.85,20.05
1975-08-15,20.5,21,20.1,20.33
1975-08-18,19.85,19.9,19.33,19.33
1975-08-19,18.8,19.9,18.56,19.85
1975-08-20,20.15,20.35,18.85,18.85
1975-08-21,18.2,18.7,17.85,17.85
1975-08-22,17.35,17.7,16.85,16.85
1975-08-25,16.7,17.1,16.3,16.99
1975-08-26,17.6,17.6,15.99,16
1975-08-27,15.8,16.49,15.21,16.33
1975-08-28,16.8,17.03,16.2,16.4
1975-08-29,16.5,17.1,16.4,17.05
1975-09-02,16.7,16.8,15.8,15.96
1975-09-03,15.8,16.1,15.5,15.82
1975-09-04,15.75,15.83,15.2,15.57
1975-09-05,15.7,16.5,15.4,16.48
1975-09-08,16.64,16.7,16.27,16.45
1975-09-09,16,16.05,15.7,15.95
1975-09-10,16.2,16.25,16.02,16.03
1975-09-11,15.85,15.98,15.75,15.78
1975-09-12,15.9,16.03,15.75,15.77
1975-09-15,15.8,15.9,15.6,15.82
1975-09-16,15.9,15.9,15.46,15.6
1975-09-17,15.4,15.5,15.3,15.47
1975-09-18,15.45,16.15,15.37,15.57
1975-09-19,15.4,15.79,15.34,15.71
1975-09-22,15.85,16,15.65,15.75
1975-09-23,15.4,15.44,14.89,14.92
1975-09-24,14.8,14.8,14.36,14.53
1975-09-25,14.4,14.61,14.27,14.36
1975-09-26,14.3,14.36,14.12,14.31
1975-09-29,13.79,13.83,13.68,13.78
1975-09-30,13.4,14,13.4,13.75
1975-10-01,13.5,14.43,13.49,14.4
1975-10-02,14.25,14.3,13.87,13.95
1975-10-03,14.1,14.34,13.97,14.03
1975-10-06,14.7,14.75,14.4,14.43
1975-10-07,14.55,14.55,14.03,14.1
1975-10-08,13.95,13.98,13.8,13.89
1975-10-09,13.8,13.88,13.63,13.71
1975-10-10,13.8,14.09,13.8,13.9
1975-10-14,13.9,14,13.68,13.75
1975-10-15,13.6,13.77,13.51,13.73
1975-10-16,13.95,14.29,13.9,14.26
1975-10-17,14.05,14.25,13.92,14.05
1975-10-20,13.95,14.03,13.8,13.82
1975-10-21,13.95,14.08,13.83,14
1975-10-22,14.15,14.42,13.95,13.98
1975-10-23,14.1,14.18,13.97,14.14
1975-10-24,14.35,15.14,14.3,15.14
1975-10-27,15.05,15.3,14.82,14.91
1975-10-28,14.6,14.84,14.52,14.56
1975-10-29,14.55,14.65,14.25,14.33
1975-10-30,14.4,14.44,14.1,14.25
1975-10-31,14.21,14.62,14.15,14.22
1975-11-03,14.4,14.57,14.32,14.41
1975-11-05,14.9,14.9,14.45,14.5
1975-11-06,14.7,15.07,14.64,14.92
1975-11-07,14.85,14.89,14.56,14.76
1975-11-10,14.4,14.43,14.05,14.08
1975-11-12,13.6,13.83,13.5,13.53
1975-11-13,13.47,13.61,13.4,13.6
1975-11-14,13.55,13.63,13.45,13.57
1975-11-17,13,13.18,13,13.09
1975-11-18,13.15,13.34,13.15,13.32
1975-11-19,13.3,13.34,13.16,13.26
1975-11-20,13.35,13.4,13.25,13.27
1975-11-24,13.35,13.35,13.17,13.23
1975-11-25,13.03,13.2,13.03,13.18
1975-11-26,13.15,13.35,13.15,13.28
1975-11-28,13.3,13.33,13.07,13.13
1975-12-01,12.85,12.92,12.75,12.76
1975-12-02,12.5,12.65,12.48,12.63
1975-12-03,12.53,12.62,12.45,12.56
1975-12-04,12.8,12.89,12.64,12.66
1975-12-05,12.6,12.6,12.47,12.58
1975-12-08,12.6,12.83,12.5,12.74
1975-12-09,13,13.04,12.64,12.66
1975-12-10,12.81,12.9,12.67,12.89
1975-12-11,12.95,13.52,12.9,13.27
1975-12-12,13.18,13.71,13.12,13.49
1975-12-15,13.6,13.99,13.54,13.97
1975-12-16,13.85,14.06,13.65,13.69
1975-12-17,13.65,13.79,13.36,13.65
1975-12-18,13.75,13.89,13.52,13.61
1975-12-19,13.58,13.83,13.42,13.8
1975-12-22,13.75,14,13.65,13.74
1975-12-23,13.74,13.81,13.3,13.42
1975-12-24,13.38,13.54,13.33,13.35
1975-12-29,13.35,13.35,13.24,13.34
1975-12-30,13.51,13.69,13.48,13.61
1975-12-31,13.9,14.45,13.9,14.4
1976-01-05,14.6,14.63,14.05,14.08
1976-01-06,14,14.27,13.85,14
1976-01-07,14,14.2,13.94,14.18
1976-01-08,14.4,14.4,14.24,14.35
1976-01-09,14.55,14.57,14.06,14.09
1976-01-12,14.25,14.25,13.97,14.16
1976-01-13,14.06,14.07,13.8,14.04
1976-01-14,14.1,14.27,14.05,14.24
1976-01-15,14.35,14.35,13.97,14.08
1976-01-16,14.1,14.3,14.06,14.28
1976-01-19,14.17,14.18,14.02,14.07
1976-01-20,13.6,13.73,13.6,13.62
1976-01-21,13.35,13.57,13.28,13.43
1976-01-22,13.45,13.45,13.28,13.39
1976-01-23,13.39,13.61,13.35,13.53
1976-01-26,13.5,13.58,13.42,13.57
1976-01-27,13.57,13.73,13.52,13.72
1976-01-28,13.8,13.92,13.8,13.89
1976-01-29,13.95,13.95,13.64,13.66
1976-01-30,13.6,13.6,13.32,13.35
1976-02-02,13.25,13.4,13.21,13.34
1976-02-03,13.25,13.3,13.19,13.24
1976-02-04,13.2,13.32,13.09,13.1
1976-02-05,13.1,13.45,13.07,13.38
1976-02-06,13.32,13.47,13.3,13.38
1976-02-09,13.37,13.82,13.37,13.7
1976-02-10,13.6,13.63,13.36,13.39
1976-02-11,13.35,13.48,13.31,13.43
1976-02-13,13.65,13.71,13.58,13.65
1976-02-17,13.47,13.55,13.45,13.54
1976-02-18,13.6,13.72,13.46,13.48
1976-02-19,13.46,13.55,13.38,13.43
1976-02-20,13.47,13.53,13.37,13.45
1976-02-23,13.65,13.7,13.59,13.66
1976-02-24,13.95,14.24,13.9,14.23
1976-02-25,14.15,14.19,13.85,13.9
1976-02-26,13.75,13.78,13.54,13.57
1976-02-27,13.7,13.76,13.61,13.73
1976-03-01,14,14.14,13.96,14.12
1976-03-02,14.15,14.15,13.89,13.93
1976-03-03,13.98,14.22,13.97,14.21
1976-03-04,14.4,15.03,14.32,14.78
1976-03-05,14.95,15.22,14.85,14.97
1976-03-08,15.4,15.56,15.1,15.19
1976-03-09,14.85,15.09,14.85,14.91
1976-03-10,14.74,15.13,14.74,14.84
1976-03-11,14.95,15.01,14.67,14.95
1976-03-12,15.3,15.3,15.02,15.03
1976-03-15,14.75,14.8,14.43,14.52
1976-03-16,14.58,14.87,14.58,14.81
1976-03-17,14.99,15.25,14.94,15.22
1976-03-18,15.17,15.4,15.08,15.15
1976-03-19,15.35,15.41,15.23,15.3
1976-03-22,15.45,15.49,14.91,15.04
1976-03-23,15.17,15.22,14.95,15.11
1976-03-24,15.1,15.1,14.73,14.79
1976-03-25,14.9,14.9,14.54,14.6
1976-03-26,14.7,14.76,14.48,14.71
1976-03-29,14.6,14.6,14.1,14.16
1976-03-30,13.75,14.1,13.75,14.03
1976-03-31,14.08,14.18,13.85,14.06
1976-04-01,13.9,14.1,13.67,14.05
1976-04-02,14.05,14.1,13.89,14.06
1976-04-05,14.15,14.29,14.12,14.28
1976-04-06,14.2,14.23,14.06,14.13
1976-04-07,13.85,14.15,13.8,14.12
1976-04-08,14.05,14.11,13.97,14.03
1976-04-09,13.96,13.96,13.87,13.92
1976-04-12,13.75,13.83,13.75,13.82
1976-04-13,13.78,14.02,13.77,13.93
1976-04-14,13.88,14.04,13.88,14
1976-04-15,14.02,14.35,14.01,14.29
1976-04-19,14.28,14.37,14.22,14.28
1976-04-20,14.21,14.32,14.02,14.06
1976-04-21,14.02,14.02,13.75,13.76
1976-04-22,13.76,13.88,13.75,13.87
1976-04-23,13.9,13.96,13.76,13.79
1976-04-26,13.99,14.03,13.9,13.99
1976-04-27,14.15,14.2,13.8,13.83
1976-04-28,13.83,13.92,13.78,13.8
1976-04-29,13.7,13.92,13.55,13.91
1976-04-30,14.22,14.4,14.21,14.26
1976-05-03,14.45,14.53,14.41,14.47
1976-05-04,14.62,14.63,14.43,14.45
1976-05-05,14.5,14.64,14.4,14.44
1976-05-06,14.59,14.75,14.56,14.74
1976-05-07,15.2,15.74,15.15,15.74
1976-05-10,15.65,15.75,15.16,15.2
1976-05-11,15.3,15.41,14.89,15.17
1976-05-12,15.06,15.25,14.89,14.92
1976-05-13,14.7,14.7,14.35,14.39
1976-05-14,14.2,14.47,14.15,14.4
1976-05-17,14.45,14.53,14.3,14.32
1976-05-18,14.1,14.2,13.97,14
1976-05-19,14.15,14.2,14.01,14.14
1976-05-20,14.14,14.4,14.12,14.39
1976-05-21,14.45,14.51,14.24,14.27
1976-05-24,14.14,14.27,14.1,14.16
1976-05-25,14.2,14.28,14.06,14.1
1976-05-26,14.15,14.15,13.92,14.07
1976-05-27,14.12,14.15,13.8,13.87
1976-05-28,13.82,13.86,13.55,13.74
1976-06-01,13.47,13.62,13.39,13.4
1976-06-02,13.1,13.15,12.86,12.9
1976-06-03,12.75,12.75,12.23,12.5
1976-06-04,12.35,12.5,12.3,12.39
1976-06-07,12.4,12.7,12.36,12.7
1976-06-08,12.9,12.9,12.48,12.65
1976-06-09,12.65,12.9,12.5,12.53
1976-06-10,12.55,12.7,12.5,12.64
1976-06-11,12.7,12.95,12.65,12.84
1976-06-14,13.2,13.55,13.05,13.51
1976-06-15,13.3,13.38,12.79,12.9
1976-06-16,12.85,13.15,12.8,13.03
1976-06-17,13.08,13.29,12.75,13.13
1976-06-18,13.33,13.41,13.16,13.23
1976-06-21,13.1,13.16,13.01,13.02
1976-06-22,13.05,13.05,12.66,12.7
1976-06-23,12.75,12.85,12.66,12.77
1976-06-24,12.82,12.98,12.75,12.9
1976-06-25,13,13.06,12.93,12.95
1976-06-28,13.25,13.51,13.2,13.46
1976-06-29,13.45,13.49,13.24,13.3
1976-06-30,14.1,14.22,14,14.12
1976-07-01,14.05,15.07,14.05,15.02
1976-07-02,15,15.12,14.6,14.78
1976-07-06,15.35,15.75,15.32,15.68
1976-07-07,16,16,14.68,14.75
1976-07-08,14.85,15.15,14.34,14.72
1976-07-09,14.52,14.7,14.4,14.46
1976-07-12,14.6,14.6,14.09,14.17
1976-07-13,13.95,14.25,13.9,14.05
1976-07-14,14.3,14.5,14.25,14.41
1976-07-15,14.32,14.35,13.6,13.75
1976-07-16,13.45,13.6,13.38,13.42
1976-07-19,13.2,13.33,13.14,13.19
1976-07-20,13.25,13.59,13.15,13.56
1976-07-21,13.47,13.48,13.25,13.28
1976-07-22,13.05,13.15,12.86,13.09
1976-07-23,13.05,13.2,12.98,13.09
1976-07-26,13.05,13.29,13.05,13.15
1976-07-27,13.05,13.05,12.82,12.84
1976-07-28,12.5,12.62,12.45,12.51
1976-07-29,12.5,12.59,12.31,12.42
1976-07-30,12.1,12.45,12.08,12.42
1976-08-02,12.2,12.33,12.08,12.12
1976-08-03,11.65,11.8,11.55,11.78
1976-08-04,11.88,12.36,11.88,12.3
1976-08-05,12.15,12.2,11.83,11.85
1976-08-06,11.6,11.8,11.5,11.53
1976-08-09,11.35,11.4,11.08,11.34
1976-08-10,11.55,11.55,11.32,11.35
1976-08-11,11.2,11.65,11.17,11.61
1976-08-12,11.6,11.8,11.32,11.7
1976-08-13,11.42,11.45,11.23,11.32
1976-08-16,11.35,11.67,11.28,11.64
1976-08-17,11.52,11.72,11.3,11.32
1976-08-18,11.2,11.27,10.84,10.87
1976-08-19,10.57,10.7,10.37,10.4
1976-08-20,10.1,10.52,10.1,10.49
1976-08-23,10.25,10.25,9.65,9.7
1976-08-24,9.48,9.63,9.36,9.38
1976-08-25,9.7,9.95,9.55,9.67
1976-08-26,9.9,9.98,9.63,9.74
1976-08-27,9.9,10.11,9.9,10.04
1976-08-30,10,10,9.78,9.82
1976-08-31,9.77,9.97,9.77,9.85
1976-09-01,9.65,9.65,9.26,9.28
1976-09-02,8.85,9.03,8.75,8.88
1976-09-03,8.92,9,8.55,8.59
1976-09-07,8.9,8.99,8.75,8.78
1976-09-08,8.73,8.77,8.52,8.58
1976-09-09,8.46,8.5,8.24,8.49
1976-09-10,8.65,8.7,8.45,8.65
1976-09-13,8.78,8.97,8.69,8.78
1976-09-14,8.65,8.67,8.48,8.59
1976-09-15,8.5,8.6,8.25,8.3
1976-09-16,7.95,8.09,7.93,7.98
1976-09-17,8.1,8.2,7.9,7.99
1976-09-20,7.95,8.43,7.9,8.38
1976-09-21,8.55,8.75,8.12,8.25
1976-09-22,8.07,8.09,7.62,7.64
1976-09-23,7.85,7.9,7.69,7.86
1976-09-24,8,8.18,7.95,8.12
1976-09-27,8.15,8.3,7.99,8.25
1976-09-28,8.26,9.28,8.26,9.25
1976-09-29,9.3,9.39,8.06,8.15
1976-09-30,8.7,9,8.65,8.81
1976-10-01,8.78,9.05,8.74,8.91
1976-10-04,8.75,9.26,8.75,9.12
1976-10-05,9.33,9.43,9.1,9.13
1976-10-06,9.1,9.2,8.8,9.14
1976-10-07,9.14,9.47,9.1,9.32
1976-10-08,9.5,9.7,9.37,9.46
1976-10-12,9.4,9.4,9.15,9.26
1976-10-13,9.1,9.15,8.96,8.98
1976-10-14,8.81,8.81,8.62,8.71
1976-10-15,8.74,8.88,8.63,8.75
1976-10-18,8.8,8.8,8.64,8.67
1976-10-19,8.55,8.55,8.27,8.31
1976-10-20,8.1,8.24,8,8.08
1976-10-21,7.97,8.22,7.94,8.19
1976-10-22,8.09,8.16,8.06,8.11
1976-10-25,7.95,8.33,7.95,8.3
1976-10-26,8.21,8.45,8.18,8.4
1976-10-27,8.5,8.58,8.31,8.48
1976-10-28,8.35,8.45,8.28,8.32
1976-10-29,8.26,8.3,8.17,8.21
1976-11-01,8.15,8.19,8.04,8.15
1976-11-03,8.07,8.16,7.98,8.11
1976-11-04,8.16,8.48,8.16,8.46
1976-11-05,8.65,8.68,8.33,8.36
1976-11-08,8.4,8.45,8.26,8.35
1976-11-09,8.45,8.66,8.45,8.62
1976-11-10,8.85,8.85,8.69,8.83
1976-11-12,9.1,9.1,8.55,8.59
1976-11-15,8.75,8.76,8.57,8.59
1976-11-16,8.6,8.89,8.45,8.85
1976-11-17,8.82,8.89,8.75,8.82
1976-11-18,8.74,8.83,8.68,8.79
1976-11-19,8.87,9,8.83,8.88
1976-11-22,8.95,9.1,8.95,9.09
1976-11-23,8.99,8.99,8.65,8.7
1976-11-24,8.65,8.75,8.6,8.62
1976-11-26,8.65,8.73,8.61,8.72
1976-11-29,8.72,8.76,8.57,8.58
1976-11-30,8.57,8.65,8.5,8.51
1976-12-01,8.5,8.52,8.38,8.5
1976-12-02,8.43,8.47,8.3,8.45
1976-12-03,8.45,8.53,8.42,8.45
1976-12-06,8.35,8.35,8.25,8.28
1976-12-07,8.15,8.28,8.13,8.27
1976-12-08,8.23,8.35,8.2,8.34
1976-12-09,8.32,8.42,8.32,8.39
1976-12-10,8.47,8.59,8.37,8.38
1976-12-13,8.38,8.4,8.25,8.27
1976-12-14,8.25,8.32,8.23,8.25
1976-12-15,8.25,8.27,8.1,8.1
1976-12-16,8.06,8.1,7.98,8.06
1976-12-17,8.04,8.14,8.03,8.04
1976-12-20,8,8.01,7.85,7.86
1976-12-21,7.74,7.85,7.69,7.83
1976-12-22,7.88,7.99,7.86,7.97
1976-12-23,7.92,7.95,7.75,7.77
1976-12-27,7.65,7.66,7.58,7.65
1976-12-28,7.65,7.8,7.62,7.71
1976-12-29,7.71,7.91,7.68,7.78
1976-12-30,7.8,8.05,7.79,8.04
1977-01-03,8,8.21,8,8.15
1977-01-04,8.1,8.1,7.7,7.73
1977-01-05,7.66,7.68,7.48,7.48
1977-01-06,7.43,7.65,7.43,7.57
1977-01-07,7.55,7.64,7.51,7.53
1977-01-10,7.9,8.11,7.8,8.11
1977-01-11,8.5,8.5,8.1,8.32
1977-01-12,8.4,8.55,8.33,8.42
1977-01-13,8.4,8.48,8.33,8.38
1977-01-14,8.72,9.1,8.67,8.95
1977-01-17,9.25,9.37,8.8,8.83
1977-01-18,8.85,9.01,8.61,8.8
1977-01-19,9,9.2,9,9.03
1977-01-20,9.05,9.24,9.05,9.17
1977-01-21,9.18,9.32,9.18,9.25
1977-01-24,9.2,9.25,8.55,8.76
1977-01-25,8.73,8.98,8.68,8.95
1977-01-26,9.15,9.18,8.94,9.03
1977-01-27,9.1,9.12,8.91,8.92
1977-01-28,8.85,8.89,8.75,8.82
1977-01-31,8.85,9.03,8.8,8.89
1977-02-01,8.82,8.92,8.8,8.87
1977-02-02,9,9.06,8.9,8.9
1977-02-03,8.95,8.95,8.71,8.77
1977-02-04,8.7,8.74,8.61,8.67
1977-02-07,8.53,8.67,8.51,8.62
1977-02-08,8.61,8.78,8.6,8.77
1977-02-09,8.82,8.87,8.71,8.72
1977-02-10,8.72,8.78,8.68,8.75
1977-02-11,8.8,8.82,8.67,8.75
1977-02-14,8.74,8.82,8.74,8.8
1977-02-15,8.76,8.83,8.75,8.79
1977-02-16,8.8,8.8,8.66,8.69
1977-02-17,8.67,8.67,8.55,8.56
1977-02-18,8.56,8.58,8.51,8.55
1977-02-22,8.4,8.41,8.25,8.26
1977-02-23,8.13,8.15,7.97,7.98
1977-02-24,8.1,8.26,8.1,8.25
1977-02-25,8.22,8.48,8.2,8.47
1977-02-28,8.7,8.76,8.45,8.75
1977-03-01,8.74,8.87,8.74,8.75
1977-03-02,8.75,8.77,8.61,8.72
1977-03-03,8.8,8.91,8.8,8.81
1977-03-04,8.81,8.92,8.81,8.82
1977-03-07,8.87,9.08,8.87,8.97
1977-03-08,8.95,8.95,8.81,8.82
1977-03-09,8.75,8.98,8.68,8.97
1977-03-10,9.2,9.2,8.99,9
1977-03-11,8.95,8.98,8.92,8.93
1977-03-14,9.04,9.1,8.98,9
1977-03-15,8.98,9.06,8.98,9.06
1977-03-16,9.1,9.15,9.04,9.09
1977-03-17,9.15,9.19,9.14,9.17
1977-03-18,9.19,9.26,9.18,9.23
1977-03-21,9.3,9.47,9.3,9.46
1977-03-22,9.38,9.5,9.33,9.45
1977-03-23,9.42,9.59,9.42,9.46
1977-03-24,9.48,9.48,9.27,9.28
1977-03-25,9.25,9.26,9.13,9.17
1977-03-28,9.23,9.29,9.12,9.13
1977-03-29,9.17,9.3,9.15,9.27
1977-03-30,9.33,9.38,9.23,9.37
1977-03-31,9.39,9.4,9.3,9.37
1977-04-01,9.35,9.44,9.33,9.43
1977-04-04,9.45,9.53,9.42,9.45
1977-04-05,9.55,9.61,9.52,9.6
1977-04-06,9.6,9.7,9.6,9.7
1977-04-07,9.65,9.68,9.62,9.68
1977-04-11,9.6,9.95,9.6,9.94
1977-04-12,9.94,9.95,9.85,9.9
1977-04-13,9.91,10.14,9.91,10.14
1977-04-14,10.1,10.13,9.89,9.91
1977-04-15,9.95,10.35,9.95,10.34
1977-04-18,10.34,10.75,10.23,10.71
1977-04-19,11.05,11.1,10.73,10.75
1977-04-20,11,11.02,10.58,10.71
1977-04-21,10.55,10.81,10.47,10.77
1977-04-22,11.05,11.05,10.83,10.84
1977-04-25,10.75,10.81,10.58,10.68
1977-04-26,10.55,10.55,10.11,10.23
1977-04-27,10.25,10.25,9.6,9.61
1977-04-28,9.3,9.8,9.3,9.78
1977-04-29,9.95,10.25,9.94,10.23
1977-05-02,10.02,10.15,9.82,9.82
1977-05-03,9.65,9.77,9.5,9.57
1977-05-04,9.65,9.69,9.42,9.52
1977-05-05,9.62,9.72,9.47,9.49
1977-05-06,9.5,9.5,9.23,9.25
1977-05-09,9.15,9.47,9.06,9.38
1977-05-10,9.47,9.47,9.24,9.28
1977-05-11,9.32,9.34,9.2,9.25
1977-05-12,9.35,9.53,9.35,9.51
1977-05-13,9.6,9.6,9.27,9.33
1977-05-16,9.24,9.24,9.08,9.09
1977-05-17,9.06,9.24,9.03,9.23
1977-05-18,9.22,9.28,9.14,9.15
1977-05-19,9.12,9.2,9.06,9.2
1977-05-20,9.2,9.27,9.14,9.15
1977-05-23,9.06,9.18,9,9.16
1977-05-24,9.1,9.14,9.05,9.08
1977-05-25,8.95,9.03,8.8,8.8
1977-05-26,8.81,8.95,8.75,8.91
1977-05-27,8.95,9.02,8.81,8.84
1977-05-31,8.71,8.75,8.6,8.63
1977-06-01,8.59,8.75,8.56,8.59
1977-06-02,8.65,8.71,8.61,8.65
1977-06-03,8.7,8.76,8.66,8.74
1977-06-06,8.65,8.76,8.65,8.72
1977-06-07,8.7,8.74,8.65,8.67
1977-06-08,8.64,8.65,8.54,8.56
1977-06-09,8.53,8.53,8.29,8.32
1977-06-10,8.32,8.32,8.03,8.09
1977-06-13,7.99,7.99,7.72,7.75
1977-06-14,7.7,7.95,7.67,7.93
1977-06-15,8,8.07,7.82,7.93
1977-06-16,7.93,8,7.79,8
1977-06-17,7.98,8.25,7.98,8.25
1977-06-20,8.15,8.28,8.05,8.26
1977-06-21,8.18,8.28,8.05,8.14
1977-06-22,8,8,7.83,7.84
1977-06-23,7.74,7.74,7.58,7.63
1977-06-24,7.63,7.79,7.6,7.78
1977-06-27,7.75,7.82,7.63,7.64
1977-06-28,7.61,7.68,7.54,7.6
1977-06-29,7.61,7.7,7.61,7.69
1977-06-30,8.6,8.74,8.6,8.65
1977-07-01,8.6,8.6,8.3,8.3
1977-07-05,8.05,8.09,7.88,7.9
1977-07-06,7.85,7.91,7.73,7.81
1977-07-07,7.83,7.89,7.75,7.85
1977-07-08,7.81,7.95,7.78,7.89
1977-07-11,7.88,7.88,7.65,7.67
1977-07-12,7.45,7.5,7.38,7.41
1977-07-13,7.41,7.65,7.41,7.62
1977-07-15,7.84,7.84,7.7,7.83
1977-07-18,7.84,8.02,7.73,7.73
1977-07-19,7.77,7.79,7.64,7.72
1977-07-20,7.7,7.76,7.55,7.73
1977-07-21,7.75,7.91,7.75,7.9
1977-07-22,7.89,8.08,7.89,8.03
1977-07-25,8.16,8.16,7.91,7.92
1977-07-26,7.95,8.05,7.79,8.05
1977-07-27,8.11,8.14,7.99,8.02
1977-07-28,7.98,8.06,7.93,8
1977-07-29,8.09,8.22,8.07,8.21
1977-08-01,8.27,8.4,8.26,8.26
1977-08-02,8.16,8.25,8.06,8.09
1977-08-03,8.04,8.05,7.8,7.88
1977-08-04,7.91,7.97,7.84,7.86
1977-08-05,7.76,7.92,7.71,7.86
1977-08-08,7.8,7.97,7.8,7.95
1977-08-09,7.99,8.06,7.92,7.95
1977-08-10,7.87,8,7.85,7.96
1977-08-11,7.98,8.05,7.87,7.9
1977-08-12,7.94,7.95,7.84,7.94
1977-08-15,7.8,7.84,7.68,7.69
1977-08-16,7.6,7.67,7.6,7.64
1977-08-17,7.6,7.69,7.6,7.66
1977-08-18,7.73,7.83,7.73,7.82
1977-08-19,7.84,8.02,7.84,8
1977-08-22,7.99,8.01,7.9,7.96
1977-08-23,7.96,8.02,7.96,7.97
1977-08-24,7.92,7.93,7.75,7.75
1977-08-25,7.73,7.81,7.7,7.78
1977-08-26,7.73,7.81,7.72,7.77
1977-08-29,7.75,7.76,7.67,7.7
1977-08-30,7.68,7.71,7.65,7.67
1977-08-31,7.75,7.8,7.72,7.72
1977-09-01,7.75,7.83,7.68,7.8
1977-09-02,7.85,7.88,7.77,7.78
1977-09-06,7.82,7.83,7.73,7.74
1977-09-07,7.7,7.74,7.66,7.73
1977-09-08,7.7,7.7,7.5,7.5
1977-09-09,7.46,7.46,7.21,7.22
1977-09-12,7.2,7.35,7.12,7.35
1977-09-13,7.45,7.56,7.44,7.52
1977-09-14,7.49,7.7,7.49,7.68
1977-09-15,7.74,7.9,7.52,7.71
1977-09-16,7.68,7.8,7.65,7.73
1977-09-19,7.75,7.75,7.55,7.56
1977-09-20,7.56,7.58,7.16,7.19
1977-09-21,7.12,7.32,7.12,7.3
1977-09-22,7.28,7.3,7.19,7.19
1977-09-23,7.1,7.1,6.75,6.82
1977-09-26,6.82,7.09,6.82,6.96
1977-09-27,6.97,7.03,6.4,6.9
1977-09-28,6.95,7.05,6.6,6.86
1977-09-29,6.75,7.18,6.68,7.13
1977-09-30,8.56,8.56,8.25,8.33
1977-10-03,8.55,8.8,8.52,8.69
1977-10-04,8.4,8.46,8.24,8.32
1977-10-05,8.82,9,8.67,8.83
1977-10-06,8.8,8.85,8.69,8.7
1977-10-07,8.5,8.6,8.48,8.59
1977-10-11,8.75,8.75,8.55,8.62
1977-10-12,8.5,8.6,8.45,8.6
1977-10-13,8.64,8.65,8.52,8.54
1977-10-14,8.45,8.62,8.42,8.54
1977-10-17,8.48,8.49,8.38,8.42
1977-10-18,8.3,8.39,8.26,8.32
1977-10-19,8.28,8.32,8.25,8.27
1977-10-20,8.3,8.42,8.26,8.27
1977-10-21,8.35,8.4,8.31,8.38
1977-10-24,8.43,8.57,8.41,8.56
1977-10-25,8.61,8.61,8.52,8.56
1977-10-26,8.55,8.6,8.51,8.59
1977-10-27,8.6,8.75,8.6,8.73
1977-10-28,8.7,8.73,8.56,8.56
1977-10-31,8.62,8.66,8.59,8.63
1977-11-01,8.69,8.7,8.56,8.6
1977-11-02,8.6,8.6,8.44,8.47
1977-11-03,8.4,8.4,8.33,8.35
1977-11-04,8.33,8.42,8.32,8.41
1977-11-07,8.37,8.37,8.24,8.25
1977-11-09,8.1,8.32,8.1,8.32
1977-11-10,8.38,8.65,8.37,8.64
1977-11-14,8.7,8.98,8.55,8.97
1977-11-15,9.05,9.13,8.8,9.12
1977-11-16,9,9.23,8.95,9.01
1977-11-17,9.01,9.03,8.87,8.88
1977-11-18,8.87,9,8.81,8.87
1977-11-21,8.82,8.94,8.8,8.89
1977-11-22,8.99,9.08,8.98,9.04
1977-11-23,9.1,9.19,9.1,9.18
1977-11-25,9.07,9.15,9.02,9.1
1977-11-28,9.06,9.07,9.01,9.06
1977-11-29,9,9.07,8.94,9.06
1977-11-30,9.07,9.28,9.07,9.27
1977-12-01,9.28,9.38,9.24,9.27
1977-12-02,9.2,9.34,9.17,9.28
1977-12-05,9.33,9.4,9.29,9.29
1977-12-06,9.34,9.34,9.23,9.32
1977-12-07,9.43,9.45,9.39,9.44
1977-12-08,9.49,9.58,9.42,9.56
1977-12-09,9.52,9.56,9.47,9.54
1977-12-12,9.58,9.6,9.49,9.51
1977-12-13,9.42,9.43,9.3,9.3
1977-12-14,9.28,9.46,9.27,9.45
1977-12-15,9.43,9.43,9.33,9.4
1977-12-16,9.35,9.37,9.28,9.31
1977-12-19,9.4,9.4,9.32,9.35
1977-12-20,9.37,9.41,9.33,9.39
1977-12-21,9.35,9.36,8.95,9.01
1977-12-22,9.05,9.09,9,9.02
1977-12-23,8.96,9.06,8.96,9.03
1977-12-27,9,9.04,8.99,8.99
1977-12-28,9.04,9.15,8.99,9.15
1977-12-29,9.25,9.49,9.2,9.48
1977-12-30,9.41,9.47,9.36,9.4
1978-01-03,9.45,9.51,9.39,9.39
1978-01-04,9.43,9.43,9.03,9.11
1978-01-05,9.04,9.25,9.02,9.15
1978-01-06,9.17,9.2,9.07,9.18
1978-01-09,9.16,9.21,9.13,9.19
1978-01-10,9.23,9.3,9.22,9.29
1978-01-11,9.4,9.43,9.32,9.37
1978-01-12,9.36,9.39,9.29,9.34
1978-01-13,9.32,9.35,9.22,9.35
1978-01-16,9.3,9.32,9.25,9.32
1978-01-17,9.36,9.5,9.34,9.47
1978-01-18,9.4,9.54,9.37,9.49
1978-01-19,9.49,9.54,9.42,9.43
1978-01-23,9.46,9.59,9.42,9.58
1978-01-24,9.6,9.6,9.46,9.51
1978-01-25,9.4,9.46,9.35,9.4
1978-01-26,9.37,9.48,9.37,9.47
1978-01-27,9.46,9.47,9.38,9.39
1978-01-30,9.5,9.56,9.47,9.49
1978-01-31,9.45,9.47,9.4,9.41
1978-02-01,9.4,9.4,9.34,9.4
1978-02-02,9.37,9.37,9.18,9.22
1978-02-03,9.16,9.25,9.14,9.24
1978-02-06,9.22,9.23,9.14,9.17
1978-02-08,9.14,9.14,8.9,8.92
1978-02-09,8.93,9.03,8.88,9.02
1978-02-10,9,9.05,8.96,8.97
1978-02-14,8.94,8.94,8.82,8.84
1978-02-15,8.82,8.82,8.75,8.79
1978-02-16,8.65,8.68,8.55,8.6
1978-02-17,8.45,8.74,8.45,8.69
1978-02-21,8.75,8.84,8.73,8.76
1978-02-22,8.81,8.81,8.49,8.54
1978-02-23,8.48,8.67,8.48,8.61
1978-02-24,8.56,8.65,8.56,8.59
1978-02-27,8.5,8.57,8.46,8.53
1978-02-28,8.83,8.84,8.75,8.79
1978-03-01,8.75,8.86,8.7,8.82
1978-03-02,8.87,8.88,8.77,8.79
1978-03-03,8.79,8.8,8.65,8.66
1978-03-06,8.48,8.51,8.43,8.48
1978-03-07,8.3,8.43,8.28,8.37
1978-03-08,8.23,8.29,8.18,8.25
1978-03-09,8.2,8.3,8.12,8.13
1978-03-10,8,8.1,7.85,7.85
1978-03-13,7.6,7.65,7.35,7.39
1978-03-14,7.2,7.75,7.14,7.68
1978-03-15,7.71,7.75,7.53,7.66
1978-03-16,7.61,7.85,7.61,7.78
1978-03-17,7.74,7.76,7.69,7.71
1978-03-20,7.61,7.65,7.49,7.53
1978-03-21,7.47,7.7,7.46,7.61
1978-03-22,7.6,7.73,7.6,7.73
1978-03-23,7.82,8.02,7.82,8.01
1978-03-27,8,8.2,8,8.07
1978-03-28,8.02,8.18,8.02,8.15
1978-03-29,8.16,8.26,8.02,8.09
1978-03-30,8.01,8.07,7.91,7.91
1978-03-31,7.85,8.05,7.85,7.98
1978-04-03,8.03,8.03,7.81,7.81
1978-04-04,7.67,7.71,7.55,7.67
1978-04-05,7.6,7.78,7.56,7.77
1978-04-06,7.8,7.92,7.8,7.86
1978-04-07,7.85,7.88,7.77,7.83
1978-04-10,7.82,7.99,7.82,7.99
1978-04-11,8.02,8.18,7.91,7.92
1978-04-12,7.81,8.01,7.81,7.93
1978-04-13,7.83,8,7.82,7.91
1978-04-14,7.95,7.97,7.82,7.84
1978-04-17,7.8,7.84,7.71,7.72
1978-04-18,7.63,7.67,7.59,7.61
1978-04-19,7.53,7.62,7.49,7.52
1978-04-20,7.55,7.63,7.54,7.58
1978-04-21,7.65,7.75,7.62,7.74
1978-04-24,7.8,7.81,7.62,7.63
1978-04-25,7.55,7.58,7.5,7.52
1978-04-26,7.48,7.65,7.43,7.65
1978-04-27,7.68,7.73,7.52,7.53
1978-04-28,7.86,7.96,7.86,7.91
1978-05-01,7.9,7.99,7.9,7.93
1978-05-02,7.88,7.88,7.73,7.74
1978-05-03,7.7,7.73,7.6,7.6
1978-05-04,7.57,7.63,7.52,7.53
1978-05-05,7.59,7.63,7.5,7.55
1978-05-08,7.55,7.65,7.55,7.64
1978-05-09,7.61,7.62,7.54,7.56
1978-05-10,7.48,7.51,7.4,7.4
1978-05-11,7.35,7.72,7.35,7.36
1978-05-12,7.32,7.38,7.14,7.23
1978-05-15,7.25,7.29,7.18,7.27
1978-05-16,7.21,7.32,7.21,7.24
1978-05-17,7.19,7.19,7.1,7.17
1978-05-18,7.18,7.28,7.18,7.27
1978-05-19,7.21,7.37,7.16,7.32
1978-05-22,7.28,7.36,7.28,7.32
1978-05-23,7.4,7.49,7.27,7.29
1978-05-24,7.34,7.43,7.32,7.35
1978-05-25,7.42,7.46,7.34,7.42
1978-05-26,7.42,7.52,7.42,7.52
1978-05-30,7.55,7.58,7.45,7.5
1978-05-31,7.45,7.51,7.39,7.51
1978-06-01,7.51,7.75,7.51,7.74
1978-06-02,7.69,7.7,7.62,7.66
1978-06-05,7.56,7.59,7.51,7.56
1978-06-06,7.5,7.59,7.32,7.32
1978-06-07,7.37,7.37,7.21,7.3
1978-06-08,7.35,7.45,7.29,7.44
1978-06-09,7.4,7.47,7.36,7.39
1978-06-12,7.28,7.34,7.25,7.29
1978-06-13,7.2,7.21,7.1,7.11
1978-06-14,7.11,7.15,7.07,7.08
1978-06-15,7.12,7.17,6.99,7
1978-06-16,6.92,7.05,6.92,7.04
1978-06-19,6.93,6.96,6.88,6.91
1978-06-20,6.81,6.89,6.81,6.83
1978-06-21,6.83,6.95,6.83,6.95
1978-06-22,6.94,7.02,6.87,6.93
1978-06-23,6.92,6.93,6.89,6.92
1978-06-26,6.89,7,6.88,6.99
1978-06-27,7.01,7.11,7.01,7.09
1978-06-28,7.05,7.1,7,7.04
1978-06-29,6.95,6.98,6.9,6.97
1978-06-30,7.04,7.1,7,7.06
1978-07-03,6.98,6.99,6.9,6.93
1978-07-05,6.8,6.82,6.65,6.65
1978-07-06,6.71,6.79,6.71,6.79
1978-07-07,6.87,6.89,6.8,6.81
1978-07-10,6.72,6.75,6.6,6.6
1978-07-11,6.55,6.71,6.55,6.7
1978-07-12,6.68,6.69,6.55,6.6
1978-07-13,6.53,6.58,6.5,6.54
1978-07-14,6.44,6.47,6.36,6.46
1978-07-17,6.43,6.44,6.29,6.32
1978-07-18,6.25,6.34,6.23,6.27
1978-07-19,6.32,6.47,6.28,6.43
1978-07-20,6.41,6.53,6.39,6.5
1978-07-21,6.45,6.46,6.24,6.25
1978-07-24,6.12,6.19,6.1,6.15
1978-07-25,6.1,6.13,6.05,6.12
1978-07-26,6.1,6.21,6.1,6.16
1978-07-27,6.26,6.43,6.26,6.43
1978-07-28,6.54,6.92,6.52,6.9
1978-07-31,6.99,7.01,6.44,6.45
1978-08-01,6.48,6.56,6.39,6.41
1978-08-02,6.47,6.77,6.47,6.66
1978-08-03,6.86,6.98,6.8,6.97
1978-08-04,6.96,7.14,6.85,7.11
1978-08-07,7.14,7.22,7.1,7.11
1978-08-08,6.98,7.1,6.87,7.09
1978-08-09,7.24,7.27,7.12,7.23
1978-08-10,7.35,7.46,7.31,7.4
1978-08-11,7.36,7.46,7.19,7.45
1978-08-14,7.49,7.53,7.2,7.21
1978-08-15,7.09,7.26,7,7.26
1978-08-16,7.31,7.36,7.11,7.12
1978-08-17,7.05,7.19,6.98,7.03
1978-08-18,7.01,7.06,6.88,6.91
1978-08-21,6.84,6.96,6.83,6.95
1978-08-22,7.02,7.1,6.99,7.04
1978-08-23,7.07,7.1,6.99,6.99
1978-08-24,6.95,7.1,6.92,7.08
1978-08-25,7.12,7.22,7.12,7.19
1978-08-28,7.2,7.25,7.12,7.21
1978-08-29,7.23,7.24,7.12,7.21
1978-08-30,7.19,7.24,7.14,7.23
1978-08-31,7.25,7.43,7.24,7.39
1978-09-01,7.48,7.72,7.48,7.7
1978-09-05,7.65,7.74,7.6,7.66
1978-09-06,7.61,7.96,7.56,7.91
1978-09-07,8,8.05,7.82,7.83
1978-09-08,8,8.1,7.96,8.04
1978-09-11,8.1,8.13,7.9,7.9
1978-09-12,8.03,8.12,7.89,7.9
1978-09-13,7.87,8.05,7.85,7.99
1978-09-14,8.1,8.29,8.1,8.28
1978-09-15,8.26,8.41,8.24,8.29
1978-09-18,8.26,8.34,8.2,8.21
1978-09-19,8.15,8.19,8.05,8.17
1978-09-20,8.08,8.13,8.03,8.03
1978-09-21,8.07,8.19,7.99,8.15
1978-09-22,8.08,8.25,8.06,8.24
1978-09-25,8.3,8.6,8.3,8.59
1978-09-26,8.63,8.86,8.59,8.62
1978-09-27,8.65,8.87,8.65,8.8
1978-09-28,8.9,9.09,8.86,9.06
1978-09-29,9.24,9.38,9.2,9.23
1978-10-02,9.29,9.36,9.25,9.32
1978-10-03,9.31,9.5,9.3,9.5
1978-10-04,9.41,9.45,9.21,9.35
1978-10-05,9.18,9.31,9.16,9.29
1978-10-06,9.33,9.52,9.33,9.49
1978-10-10,9.6,9.75,9.6,9.72
1978-10-11,9.62,9.64,9.54,9.57
1978-10-12,9.63,9.85,9.62,9.66
1978-10-13,9.8,9.81,9.55,9.64
1978-10-16,9.14,9.14,9.14,9.14
1978-10-17,8.75,9.16,8.75,8.98
1978-10-18,9.1,9.16,8.87,8.89
1978-10-19,8.8,8.91,8.7,8.88
1978-10-20,8.95,9.05,8.93,9
1978-10-23,9.11,9.23,9.05,9.07
1978-10-24,9,9.1,8.97,9.1
1978-10-25,9.25,9.52,9.23,9.5
1978-10-26,9.65,9.72,9.47,9.51
1978-10-27,9.51,9.7,9.48,9.7
1978-10-30,9.75,9.88,9.73,9.75
1978-10-31,9.57,9.6,9.35,9.42
1978-11-01,9,9.27,9,9.2
1978-11-02,9.1,9.38,9.1,9.36
1978-11-03,9.21,9.37,9.21,9.34
1978-11-06,9.3,9.34,9.18,9.19
1978-11-08,8.96,9.04,8.69,8.69
1978-11-09,8.72,8.77,8.51,8.51
1978-11-10,8.61,8.83,8.6,8.73
1978-11-13,8.68,8.77,8.62,8.65
1978-11-14,8.58,8.76,8.58,8.65
1978-11-15,8.63,8.93,8.63,8.91
1978-11-16,8.85,9.01,8.85,8.91
1978-11-17,8.85,8.9,8.8,8.82
1978-11-20,8.73,8.75,8.64,8.7
1978-11-21,8.62,8.69,8.56,8.64
1978-11-22,8.7,8.76,8.64,8.67
1978-11-24,8.71,8.77,8.65,8.66
1978-11-27,8.52,8.57,8.37,8.37
1978-11-28,8.42,8.5,8.42,8.47
1978-11-29,8.51,8.59,8.49,8.55
1978-11-30,8.59,8.62,8.47,8.48
1978-12-01,8.45,8.47,8.31,8.44
1978-12-04,8.49,8.53,8.39,8.41
1978-12-05,8.34,8.38,8.3,8.35
1978-12-06,8.32,8.49,8.29,8.46
1978-12-07,8.45,8.74,8.45,8.73
1978-12-08,8.71,8.75,8.61,8.67
1978-12-11,8.63,8.93,8.63,8.92
1978-12-12,8.9,8.93,8.75,8.76
1978-12-13,8.68,8.71,8.61,8.63
1978-12-14,8.63,8.69,8.61,8.66
1978-12-15,8.68,8.75,8.65,8.74
1978-12-18,8.9,9,8.85,8.99
1978-12-19,8.99,9.04,8.91,8.99
1978-12-20,8.9,8.9,8.75,8.75
1978-12-21,8.66,8.79,8.66,8.78
1978-12-22,8.73,8.73,8.5,8.5
1978-12-26,8.38,8.47,8.27,8.37
1978-12-27,8.44,8.48,8.35,8.36
1978-12-28,8.28,8.38,8.28,8.33
1978-12-29,8.29,8.44,8.29,8.43
1979-01-02,8.37,8.4,8.33,8.38
1979-01-03,8.36,8.56,8.28,8.49
1979-01-04,8.51,8.58,8.47,8.49
1979-01-05,8.38,8.5,8.38,8.42
1979-01-08,8.36,8.46,8.36,8.42
1979-01-09,8.36,8.41,8.18,8.19
1979-01-10,8.15,8.22,8.13,8.14
1979-01-11,8.1,8.18,8.04,8.05
1979-01-12,8.13,8.26,8.13,8.24
1979-01-15,8.23,8.24,8.08,8.1
1979-01-16,8.08,8.18,8.05,8.07
1979-01-17,8.1,8.15,8.03,8.15
1979-01-18,8.18,8.24,8.16,8.2
1979-01-19,8.21,8.24,8.15,8.23
1979-01-22,8.1,8.15,8.06,8.06
1979-01-23,8.03,8.1,8.03,8.04
1979-01-24,8.01,8.03,7.95,7.96
1979-01-25,7.91,8,7.91,7.95
1979-01-26,7.99,8.04,7.94,8.01
1979-01-29,7.96,8.01,7.92,8.01
1979-01-30,7.98,8.09,7.98,8.07
1979-01-31,8.11,8.23,8.11,8.22
1979-02-01,8.34,8.35,8.18,8.23
1979-02-02,8.28,8.29,8.21,8.29
1979-02-05,8.32,8.39,8.27,8.3
1979-02-06,8.2,8.26,8.2,8.22
1979-02-07,8.2,8.24,8.15,8.23
1979-02-08,8.28,8.45,8.28,8.44
1979-02-09,8.4,8.49,8.37,8.48
1979-02-12,8.47,8.5,8.34,8.37
1979-02-13,8.33,8.37,8.24,8.25
1979-02-14,8.23,8.42,8.2,8.38
1979-02-15,8.39,8.57,8.39,8.48
1979-02-16,8.53,8.57,8.5,8.54
1979-02-20,8.53,8.63,8.53,8.62
1979-02-21,8.73,8.74,8.58,8.64
1979-02-22,8.6,8.7,8.53,8.54
1979-02-23,8.53,8.67,8.52,8.58
1979-02-26,8.6,8.61,8.3,8.3
1979-02-27,8.23,8.25,8.02,8.04
1979-02-28,8.72,8.9,8.72,8.88
1979-03-01,8.88,8.93,8.7,8.73
1979-03-02,8.6,8.63,8.38,8.39
1979-03-05,8.42,8.53,8.41,8.51
1979-03-06,8.57,8.65,8.49,8.65
1979-03-07,8.63,8.65,8.51,8.6
1979-03-08,8.65,8.75,8.63,8.74
1979-03-09,8.78,8.78,8.62,8.63
1979-03-12,8.6,8.61,8.55,8.6
1979-03-13,8.66,8.74,8.66,8.68
1979-03-14,8.68,8.8,8.68,8.7
1979-03-15,8.62,8.67,8.56,8.67
1979-03-16,8.61,8.66,8.59,8.61
1979-03-19,8.55,8.6,8.51,8.56
1979-03-20,8.55,8.59,8.48,8.49
1979-03-21,8.51,8.7,8.51,8.65
1979-03-22,8.68,8.69,8.63,8.65
1979-03-23,8.66,8.68,8.58,8.6
1979-03-26,8.59,8.7,8.59,8.63
1979-03-27,8.58,8.6,8.55,8.57
1979-03-28,8.6,8.68,8.6,8.62
1979-03-29,8.61,8.61,8.57,8.57
1979-03-30,8.58,8.6,8.49,8.51
1979-04-02,8.4,8.42,8.31,8.34
1979-04-03,8.34,8.4,8.31,8.38
1979-04-04,8.4,8.44,8.37,8.38
1979-04-05,8.43,8.47,8.39,8.39
1979-04-06,8.38,8.39,8.31,8.34
1979-04-09,8.28,8.3,8.26,8.28
1979-04-10,8.2,8.29,8.2,8.24
1979-04-11,8.2,8.21,8.1,8.11
1979-04-12,8.1,8.15,7.95,7.96
1979-04-16,7.94,7.95,7.81,7.81
1979-04-17,7.72,7.77,7.68,7.76
1979-04-18,7.81,7.92,7.81,7.86
1979-04-19,7.85,7.9,7.78,7.78
1979-04-20,7.68,7.72,7.62,7.64
1979-04-23,7.55,7.57,7.5,7.51
1979-04-24,7.45,7.66,7.45,7.61
1979-04-25,7.6,7.65,7.5,7.52
1979-04-26,7.51,8.06,7.5,7.74
1979-04-27,7.76,7.87,7.45,7.45
1979-04-30,8.1,8.25,8.1,8.2
1979-05-01,8.21,8.3,8.16,8.2
1979-05-02,8.24,8.4,8.23,8.38
1979-05-03,8.45,8.53,8.41,8.52
1979-05-04,8.54,8.56,8.41,8.43
1979-05-07,8.46,8.48,8.33,8.38
1979-05-08,8.31,8.34,8.21,8.25
1979-05-09,8.25,8.33,8.22,8.28
1979-05-10,8.28,8.37,8.16,8.17
1979-05-11,8.19,8.23,8.13,8.13
1979-05-14,8.14,8.15,8.02,8.02
1979-05-15,8.04,8.18,8.04,8.17
1979-05-16,8.15,8.15,8.08,8.09
1979-05-17,8.14,8.17,8.05,8.06
1979-05-18,7.98,8.04,7.86,7.88
1979-05-21,7.88,7.88,7.75,7.75
1979-05-22,7.75,7.82,7.72,7.8
1979-05-23,7.83,7.96,7.83,7.95
1979-05-24,8,8.08,7.98,8.05
1979-05-25,8.01,8.02,7.9,7.91
1979-05-29,7.86,7.93,7.83,7.85
1979-05-30,7.76,7.87,7.64,7.8
1979-05-31,7.85,7.89,7.82,7.88
1979-06-01,7.85,8.03,7.81,8.02
1979-06-04,8.07,8.5,8.07,8.42
1979-06-05,8.3,8.43,8.3,8.35
1979-06-06,8.38,8.5,8.25,8.27
1979-06-07,8.23,8.37,8.1,8.13
1979-06-08,8.18,8.29,8.13,8.29
1979-06-11,8.38,8.48,8.36,8.47
1979-06-12,8.41,8.42,8.3,8.35
1979-06-13,8.38,8.47,8.3,8.46
1979-06-14,8.29,8.33,8.2,8.26
1979-06-15,8.21,8.32,8.2,8.27
1979-06-18,8.24,8.26,7.9,7.93
1979-06-19,8.03,8.25,8.01,8.12
1979-06-20,8.2,8.25,8.12,8.25
1979-06-21,8.3,8.35,8.21,8.32
1979-06-22,8.34,8.44,8.34,8.43
1979-06-25,8.51,8.55,8.25,8.35
1979-06-26,8.28,8.4,8.26,8.36
1979-06-27,8.42,8.54,8.38,8.51
1979-06-28,8.57,8.59,8.35,8.41
1979-06-29,8.95,9.09,8.93,9.04
1979-07-02,9.03,9.1,8.97,9.05
1979-07-03,9.05,9.19,8.95,9.19
1979-07-05,9.24,9.54,9.24,9.53
1979-07-06,9.4,9.47,9.36,9.43
1979-07-09,9.28,9.49,9.26,9.48
1979-07-10,9.44,9.5,9.26,9.29
1979-07-11,9.2,9.43,9.2,9.4
1979-07-12,9.42,9.46,9.23,9.25
1979-07-13,9.07,9.19,9.07,9.15
1979-07-16,9.17,9.3,9.17,9.24
1979-07-17,9.34,9.4,9.31,9.32
1979-07-18,9.27,9.27,9.1,9.2
1979-07-19,9.22,9.25,9.15,9.2
1979-07-20,9.2,9.25,9.1,9.1
1979-07-23,8.75,8.9,8.67,8.67
1979-07-24,8.56,8.69,8.55,8.56
1979-07-25,8.64,8.8,8.64,8.75
1979-07-26,8.8,8.83,8.63,8.68
1979-07-27,8.65,8.87,8.65,8.86
1979-07-30,8.89,8.89,8.65,8.76
1979-07-31,8.68,8.81,8.66,8.78
1979-08-01,8.85,8.95,8.85,8.91
1979-08-02,9.01,9.1,8.98,9.09
1979-08-03,9.21,9.26,9.17,9.18
1979-08-06,9.2,9.22,8.96,8.99
1979-08-07,9.03,9.05,8.91,9.04
1979-08-08,9.1,9.23,9.1,9.22
1979-08-09,9.21,9.27,9.13,9.16
1979-08-10,9.19,9.23,9.07,9.08
1979-08-13,9.05,9.09,9.01,9.02
1979-08-14,9.02,9.22,9.01,9.18
1979-08-15,9.14,9.16,9.08,9.13
1979-08-16,9.17,9.22,9.14,9.21
1979-08-17,9.23,9.26,9.16,9.19
1979-08-20,9.13,9.16,9.06,9.08
1979-08-21,9.06,9.2,9.06,9.2
1979-08-22,9.23,9.23,9.11,9.14
1979-08-23,9.1,9.42,9.1,9.4
1979-08-24,9.42,9.57,9.39,9.55
1979-08-27,9.54,9.6,9.42,9.52
1979-08-28,9.47,9.51,9.44,9.45
1979-08-29,9.4,9.55,9.38,9.55
1979-08-30,9.6,9.76,9.59,9.68
1979-08-31,9.85,9.88,9.64,9.69
1979-09-04,9.88,9.9,9.6,9.61
1979-09-05,9.63,9.96,9.58,9.93
1979-09-06,9.95,9.97,9.8,9.83
1979-09-07,9.7,9.8,9.69,9.77
1979-09-10,9.76,9.77,9.66,9.73
1979-09-11,9.79,10.02,9.79,10.01
1979-09-12,10.04,10.1,9.9,9.96
1979-09-13,9.89,10.2,9.8,10.19
1979-09-14,10.15,10.34,10.08,10.14
1979-09-17,10.12,10.27,10.08,10.1
1979-09-18,10.2,10.27,9.68,9.75
1979-09-19,9.8,9.87,9.68,9.86
1979-09-20,9.93,9.96,9.68,9.69
1979-09-21,9.55,9.88,9.55,9.8
1979-09-24,9.75,9.8,9.61,9.65
1979-09-25,9.45,9.54,9.41,9.43
1979-09-26,9.35,9.98,9.35,9.86
1979-09-27,9.95,10.48,9.95,10.45
1979-09-28,12,12.1,11.45,11.56
1979-10-01,11.86,12.06,11.86,12.06
1979-10-02,12.56,12.56,11.56,11.94
1979-10-03,11.8,11.97,11.61,11.84
1979-10-04,11.75,11.93,11.69,11.89
1979-10-05,12.39,12.39,12.39,12.39
1979-10-08,12.29,12.89,12.29,12.64
1979-10-09,13.02,13.05,12.42,12.72
1979-10-10,12.84,12.9,12.52,12.61
1979-10-11,12.4,12.57,12.28,12.29
1979-10-12,12.4,12.79,12.38,12.79
1979-10-15,13.1,13.29,12.9,13.29
1979-10-16,13.33,13.75,13.17,13.6
1979-10-17,13.3,13.54,13.25,13.26
1979-10-18,13.46,13.64,13.43,13.51
1979-10-19,13.99,14.01,13.85,14.01
1979-10-22,13.87,14.37,13.77,14.35
1979-10-23,14.1,14.41,13.85,13.85
1979-10-24,13.35,13.86,13.35,13.67
1979-10-25,14.14,14.17,14.07,14.17
1979-10-26,14.6,14.64,13.7,14.13
1979-10-29,14.33,14.33,13.92,13.96
1979-10-30,13.7,13.9,13.51,13.87
1979-10-31,13.82,14.14,13.7,14.08
1979-11-01,14.25,14.52,14.16,14.43
1979-11-02,14.58,14.9,14.47,14.86
1979-11-05,14.87,15.27,14.72,15.2
1979-11-06,15,15.27,14.8,14.84
1979-11-07,15.04,15.07,14.78,14.88
1979-11-08,14.72,15,14.66,14.99
1979-11-09,15.35,15.49,15.33,15.49
1979-11-12,15.63,15.99,15.63,15.99
1979-11-13,15.79,16.15,15.61,15.64
1979-11-14,15.73,15.95,15.47,15.91
1979-11-15,15.93,15.96,15.41,15.41
1979-11-16,15.05,15.8,15.05,15.73
1979-11-19,15.75,15.8,15.23,15.23
1979-11-20,14.73,15.51,14.73,15.02
1979-11-21,15.5,15.6,15.35,15.52
1979-11-23,15.9,16.02,15.8,16.02
1979-11-26,15.85,16.19,15.52,15.52
1979-11-27,15.64,15.72,15.35,15.62
1979-11-28,15.97,16,15.81,15.91
1979-11-29,16.05,16.41,15.78,16.41
1979-11-30,16.6,16.91,16.2,16.86
1979-12-03,16.75,17.23,16.7,16.9
1979-12-04,16.6,16.94,16.5,16.86
1979-12-05,16.68,16.98,16.6,16.8
1979-12-06,16.82,17.03,16.3,16.3
1979-12-07,16.25,16.5,15.8,15.8
1979-12-10,15.85,15.9,15.3,15.49
1979-12-11,15.55,15.86,15.55,15.75
1979-12-12,15.78,15.9,15.25,15.26
1979-12-13,14.85,15.55,14.85,15.52
1979-12-14,15.51,16.02,15.45,16.02
1979-12-17,16.29,16.52,16.29,16.52
1979-12-18,16.65,16.96,16.43,16.86
1979-12-19,16.9,16.9,16.36,16.36
1979-12-20,16.4,16.46,16.06,16.11
1979-12-21,16.19,16.5,16.15,16.48
1979-12-26,16.68,16.98,16.65,16.98
1979-12-27,17.35,17.4,16.61,16.68
1979-12-28,16.7,16.9,16.48,16.8
1979-12-31,16.8,16.8,16.25,16.31
1980-01-02,16.65,16.71,15.5,15.64
1980-01-03,15.35,15.82,15.14,15.37
1980-01-04,15.25,15.8,15.25,15.8
1980-01-07,15.3,15.51,15.1,15.38
1980-01-08,15.4,15.64,15.35,15.46
1980-01-09,15.8,16.1,15.8,16.02
1980-01-10,15.8,15.95,15.46,15.81
1980-01-11,16.1,16.7,16.1,16.68
1980-01-14,17.08,17.5,16.92,17.49
1980-01-15,17.55,17.75,17.2,17.35
1980-01-16,17.38,17.88,17.38,17.8
1980-01-17,17.75,18.41,17.75,18.34
1980-01-18,18.85,19,18.28,18.31
1980-01-21,18.71,18.9,18.59,18.88
1980-01-22,18.5,19.72,18.4,19.7
1980-01-23,19.95,20.48,19.94,20.3
1980-01-24,20.25,20.88,20.2,20.63
1980-01-25,20.31,20.6,19.6,19.73
1980-01-28,18.4,18.9,17.95,18.11
1980-01-29,18.75,20.3,18.75,20.24
1980-01-30,21.25,21.75,20.85,21.06
1980-01-31,20.9,22.05,20.9,22.01
1980-02-01,21.75,22.75,21.65,22.38
1980-02-04,23,23.49,22.7,23.17
1980-02-05,21.7,23.3,21.5,21.61
1980-02-06,22.1,22.6,21.2,21.91
1980-02-07,21.98,22.65,21.75,22.59
1980-02-08,24.8,26,24.4,24.79
1980-02-11,26.5,27.79,24.5,26.6
1980-02-13,27.75,29.45,27.75,29.39
1980-02-14,28.2,28.5,26.45,26.55
1980-02-15,27.75,27.75,25.1,25.44
1980-02-19,22.5,23.75,21.5,21.63
1980-02-20,20.8,23.7,20.7,23.32
1980-02-21,24.25,25,23.8,24.35
1980-02-22,23.75,24,21,21.1
1980-02-25,20.25,21.85,20.1,20.62
1980-02-26,21.55,22.45,21.25,21.93
1980-02-27,22.9,23.25,20.2,20.26
1980-02-28,19.75,21.95,19.75,20.96
1980-02-29,24.4,24.88,24.4,24.88
1980-03-03,27.25,27.5,26.55,26.99
1980-03-04,26.75,27,25.4,25.65
1980-03-05,26.5,26.8,25.5,25.82
1980-03-06,24.8,25.3,24,24.45
1980-03-07,23.5,23.9,22.7,22.74
1980-03-10,21.75,22.1,18.8,19.83
1980-03-11,18.8,21.95,18.8,21.89
1980-03-12,21.7,22,20,20.24
1980-03-13,19,19.8,18.8,18.82
1980-03-14,19.25,20,18.8,18.94
1980-03-17,18,18.5,17.45,18.01
1980-03-18,18.65,19.55,18.25,19.52
1980-03-19,20.5,20.75,20,20.27
1980-03-20,20.55,20.69,19.75,19.87
1980-03-21,19.9,21.2,19.9,21.16
1980-03-24,20.8,21.8,19.9,20.03
1980-03-25,19.7,20.5,19.5,19.59
1980-03-26,19.85,21.75,19.85,21.36
1980-03-27,20.25,20.65,18.95,19.54
1980-03-28,19.5,19.95,18.85,19.23
1980-03-31,18.4,19.78,18.4,19.7
1980-04-01,19.9,20,19,19.11
1980-04-02,19,19.95,18.7,19.89
1980-04-03,19.7,21.7,19.7,20.9
1980-04-07,21.15,21.8,21.1,21.52
1980-04-08,21.5,21.75,20.2,20.38
1980-04-09,20.95,21.3,20.57,20.9
1980-04-10,21.01,22,21.01,21.88
1980-04-11,22.4,22.9,22.25,22.86
1980-04-14,22.55,22.75,21.75,21.93
1980-04-15,22,23.35,22,23.27
1980-04-16,23,23.5,22.5,22.83
1980-04-17,23.3,23.85,23.15,23.81
1980-04-18,23.6,24.6,23.6,23.66
1980-04-21,23.3,23.4,22.6,22.66
1980-04-22,23.15,23.48,22.7,23.16
1980-04-23,23.38,23.6,22.7,22.76
1980-04-24,22.9,23.15,22.25,22.85
1980-04-25,23.6,23.95,23.4,23.75
1980-04-28,23.65,23.9,22.9,23.04
1980-04-29,22.75,24.95,22.75,24.1
1980-04-30,24.98,25.39,24.3,24.81
1980-05-01,25.5,26.38,25.5,26.35
1980-05-02,26.2,27.4,26.2,27.4
1980-05-05,27.6,28.2,27.45,27.96
1980-05-06,28.21,28.6,27.65,27.75
1980-05-07,27.9,29.8,27.85,29.73
1980-05-08,31,31.5,30.3,30.39
1980-05-09,30.9,32.25,30.5,32.23
1980-05-12,33.8,34.3,33.6,33.73
1980-05-13,32.75,33.85,32.33,32.97
1980-05-14,34,34.75,34,34.45
1980-05-15,35,35.25,32,33.6
1980-05-16,32.3,34.05,32.3,33.91
1980-05-19,34.25,34.85,33.4,33.73
1980-05-20,32.4,32.95,30.7,30.99
1980-05-21,31.4,32.25,30.9,31.66
1980-05-22,33.15,34.85,33.05,34.81
1980-05-23,36.2,36.65,35.6,36.58
1980-05-27,35.5,37.35,35.3,37.3
1980-05-28,36.6,36.8,34.7,34.86
1980-05-29,34,36.4,34,35.91
1980-05-30,36.2,36.65,34.8,35.17
1980-06-02,34.75,34.9,33.5,33.55
1980-06-03,32.1,32.6,30.8,31.1
1980-06-04,31.75,33.05,31.75,32.48
1980-06-05,31.4,31.6,30,30.02
1980-06-06,29.5,32.2,29.5,31.58
1980-06-09,31.7,31.9,29.8,30.06
1980-06-10,29,30.25,28.75,29.97
1980-06-11,30.5,32.25,30.5,32.17
1980-06-12,32.8,34.5,32.5,34.36
1980-06-13,35.5,35.7,34.85,35.09
1980-06-16,33.5,34,32.6,32.65
1980-06-17,32.7,34,32.4,32.68
1980-06-18,33.6,36.8,32.6,33.47
1980-06-19,34.5,34.9,34.25,34.64
1980-06-20,34.2,34.45,33.6,33.84
1980-06-23,33.65,34.5,33.65,34.01
1980-06-24,33.3,33.5,32.85,33.31
1980-06-25,34,34.25,33.35,33.45
1980-06-26,33.4,33.45,31.5,31.83
1980-06-27,31.5,33.25,31.5,32.9
1980-06-30,35.9,36.4,35.15,36.2
1980-07-01,36.2,36.35,35.4,35.47
1980-07-02,35.15,35.4,34.47,34.47
1980-07-03,33.47,33.65,33.47,33.47
1980-07-07,32.47,32.47,32.47,32.47
1980-07-08,31.65,32.8,30.97,30.97
1980-07-09,29.47,29.47,29.47,29.47
1980-07-10,30.25,30.6,27.97,27.97
1980-07-11,26.05,27.65,26.05,27.34
1980-07-14,28.84,29.34,28.75,29.34
1980-07-15,30,30.1,28.2,29.13
1980-07-16,27.5,28.1,27.13,27.13
1980-07-17,27.75,29.13,27.6,29.05
1980-07-18,29.35,30.7,28,28.03
1980-07-21,29.3,29.6,28.45,29
1980-07-22,28.7,29.8,28.45,29.69
1980-07-23,29.4,30,28.9,29.21
1980-07-24,29.2,30.1,29.15,30.04
1980-07-25,30.3,31.8,30.2,31.73
1980-07-28,31.35,31.9,30.55,30.72
1980-07-29,31.35,31.6,30.2,31.33
1980-07-30,31.8,31.95,30.3,30.43
1980-07-31,30.85,31.1,29.6,30.62
1980-08-01,30.8,32.12,30.4,32.12
1980-08-04,33.1,33.62,32.85,33.62
1980-08-05,34.85,35,33.85,34.45
1980-08-06,34.4,34.75,33.8,34.4
1980-08-07,33.9,34.3,33.3,33.34
1980-08-08,34.1,34.84,33.9,34.82
1980-08-11,34.82,35,33.75,33.91
1980-08-12,33.55,35.41,33.5,35.41
1980-08-13,35.5,35.75,34.85,34.93
1980-08-14,35.75,36.43,35.2,35.2
1980-08-15,35.3,35.55,33.7,33.94
1980-08-18,33.4,34.25,33.4,33.95
1980-08-19,33.1,33.4,32.45,32.49
1980-08-20,32.9,33.75,32.9,33.69
1980-08-21,33.75,34.15,33.2,33.55
1980-08-22,32.95,33,32.05,32.05
1980-08-25,31.2,31.5,30.6,30.6
1980-08-26,30.8,32.1,30.8,32.1
1980-08-27,32.65,32.75,31.05,31.86
1980-08-28,31.3,32.35,30.85,32.28
1980-08-29,32,33.35,32,33.18
1980-09-02,33.05,33.05,31.1,32.75
1980-09-03,31.95,33.15,31.8,32.96
1980-09-04,32.75,33.36,32.2,32.53
1980-09-05,32.15,34.45,31.9,32.06
1980-09-08,32.25,33.05,32.25,33
1980-09-09,33.1,33.85,32.35,33.77
1980-09-10,33.9,34,33.2,33.28
1980-09-11,34.75,36.3,34.4,36.22
1980-09-12,37.5,38.85,37.5,37.77
1980-09-15,36.9,38.2,36.65,37.08
1980-09-16,37.4,38.6,36,36.24
1980-09-17,36.4,37.5,36.4,36.93
1980-09-18,38.5,38.9,37.7,38.55
1980-09-19,37.6,38.3,37.25,37.34
1980-09-22,37.75,38.55,37.25,37.41
1980-09-23,36.5,37.15,36.4,36.51
1980-09-24,37.2,37.37,36.35,37.11
1980-09-25,37.41,38.25,37.41,38.1
1980-09-26,38.5,38.9,37.5,37.74
1980-09-29,37.2,37.75,35.8,36.24
1980-09-30,40.2,41.16,40.2,41.16
1980-10-01,42.66,42.66,42.3,42.66
1980-10-02,41.8,42.65,41.65,42.4
1980-10-03,42,43.2,41.7,43.05
1980-10-06,42.9,43.55,42.3,42.85
1980-10-07,43.15,43.9,42.5,43.45
1980-10-08,43.35,43.65,42.8,43.56
1980-10-09,44.3,44.56,44.25,44.56
1980-10-10,44.9,45.3,44.55,44.72
1980-10-13,44.2,44.95,44.2,44.89
1980-10-14,45.3,45.5,44.45,44.51
1980-10-15,43.9,44.3,42.7,42.86
1980-10-16,43.1,45,43.1,44.96
1980-10-17,45.2,45.35,43.65,44.47
1980-10-20,44.95,45.05,44.25,44.94
1980-10-21,43.7,44.1,43.25,44.06
1980-10-22,43.65,44.44,42.9,43.07
1980-10-23,41.2,44.25,41.2,43.91
1980-10-24,43.2,43.6,42.75,43
1980-10-27,42.2,42.65,41.6,41.64
1980-10-28,40.85,42.4,40.85,42.1
1980-10-29,42.55,42.75,41.95,42.5
1980-10-30,42,43.8,41.95,43.72
1980-10-31,43.3,44.25,43.25,43.34
1980-11-03,43.8,44.95,43.47,44.91
1980-11-05,45.5,45.75,45.1,45.64
1980-11-06,45.15,45.3,43.3,43.43
1980-11-07,42.75,43.95,42.75,43.57
1980-11-10,42.7,42.8,40.7,40.81
1980-11-11,40,41.65,39.65,39.95
1980-11-12,40.9,41.1,39.37,40.52
1980-11-13,39.7,39.9,38.3,38.74
1980-11-14,39.15,39.65,38.05,38.86
1980-11-17,38.95,39.35,38.6,38.64
1980-11-18,38.85,39.85,38.7,39.71
1980-11-19,39.95,40,39.35,39.39
1980-11-20,39.65,40.25,39.25,40.03
1980-11-21,39.8,39.9,39.3,39.4
1980-11-24,38.6,38.75,35.8,36.25
1980-11-25,36.45,36.75,35.3,35.43
1980-11-26,36.2,36.45,35.7,36.11
1980-11-28,36.3,36.4,35.05,35.11
1980-12-01,33.5,33.75,31.2,31.6
1980-12-02,32.1,33.1,31.15,32.48
1980-12-03,33.15,33.65,32.65,32.93
1980-12-04,31.5,32.05,30.8,31.37
1980-12-05,31.2,31.4,29.2,29.76
1980-12-08,28.8,29.9,28.3,29.38
1980-12-09,29.9,30.35,29.2,29.55
1980-12-10,30.05,30.15,29.15,29.5
1980-12-11,26,27.15,25.85,26.43
1980-12-12,24.5,27.22,24.5,27.22
1980-12-15,28.6,30.1,28.5,30.05
1980-12-16,29.5,30.1,28.9,30.03
1980-12-17,31.2,32.2,31.1,31.57
1980-12-18,32,32.4,31.25,31.37
1980-12-19,30.75,31.85,30.45,31.59
1980-12-22,32.05,32.55,32.05,32.43
1980-12-23,32.75,32.95,32.15,32.24
1980-12-24,32.5,32.5,31.5,31.6
1980-12-29,31.6,31.65,29.7,29.78
1980-12-30,28.6,29.9,28.55,29.58
1980-12-31,29.65,30.7,29.5,30.58
1981-01-05,31.8,33.3,31.8,33.23
1981-01-06,33.75,33.85,32.8,33.78
1981-01-07,33.1,33.45,32.2,33.26
1981-01-08,32.1,32.5,31.7,31.8
1981-01-09,31.95,32.1,31.3,31.95
1981-01-12,30.8,31.25,30.1,30.16
1981-01-13,29.7,30.5,29.4,30.08
1981-01-14,29.95,30.75,29.9,30.72
1981-01-15,30.4,30.65,28.6,28.71
1981-01-16,27.4,27.7,26.6,26.65
1981-01-19,26.2,27.3,26.15,27.02
1981-01-20,27.5,28.15,27.4,27.93
1981-01-21,27.35,28.3,27.35,27.82
1981-01-22,26.55,27.3,26.35,27.16
1981-01-23,27.75,29.8,27.75,29.72
1981-01-26,28.65,29.4,28.5,29.34
1981-01-27,29.65,29.95,28.3,28.4
1981-01-28,27.9,28.5,27.85,27.94
1981-01-29,27.45,27.6,26.2,26.26
1981-01-30,26.4,27,26.3,26.79
1981-02-02,25.25,25.65,24.9,25.42
1981-02-03,25.05,26.8,24.9,26.55
1981-02-04,26.3,26.9,25.3,25.35
1981-02-05,25.15,25.9,24.3,25.72
1981-02-06,26.65,28.45,26.65,28.25
1981-02-09,28.4,28.6,26.85,26.96
1981-02-10,26.9,27.05,26.4,26.54
1981-02-11,26.95,27.9,26.85,27.79
1981-02-12,27.35,27.45,26.4,26.43
1981-02-13,26.2,26.3,25.7,25.85
1981-02-17,24.6,24.9,23.4,23.42
1981-02-18,23.4,24.55,23.4,23.87
1981-02-19,23.55,25,23,24.97
1981-02-20,25.25,25.55,24.1,24.42
1981-02-23,23.9,24.8,23.56,24.79
1981-02-24,25.15,25.4,24.3,24.79
1981-02-25,24.2,24.45,23.8,24.43
1981-02-26,23.75,24.15,23.65,23.86
1981-02-27,23.8,24.6,23.8,24.03
1981-03-02,23.25,23.5,23.15,23.48
1981-03-03,23.5,23.9,23.35,23.88
1981-03-04,23.9,24,22.7,23.01
1981-03-05,22.3,22.5,21.95,22.26
1981-03-06,22.3,22.75,22.25,22.33
1981-03-09,21.85,22,21.67,21.85
1981-03-10,21.5,21.95,21.3,21.38
1981-03-11,20.83,21.25,20.65,20.66
1981-03-12,20.95,21.68,20.95,21.53
1981-03-13,21.75,22.15,21,21.01
1981-03-16,21.5,21.65,21.35,21.57
1981-03-17,21.75,22.6,21.75,22.56
1981-03-18,22.65,23,22.15,22.37
1981-03-19,22.85,23.15,22.05,22.16
1981-03-20,22.3,22.75,21.9,22.66
1981-03-23,22.55,22.85,22.4,22.79
1981-03-24,22.6,23.2,22.55,23.15
1981-03-25,23.2,23.3,22.4,22.53
1981-03-26,22.45,22.7,22.1,22.4
1981-03-27,22.1,22.45,22,22.2
1981-03-30,21.75,21.85,20.75,21.06
1981-03-31,20.85,21.3,20.51,21.12
1981-04-01,20.6,21.35,20.45,21.02
1981-04-02,20.6,20.75,20.18,20.24
1981-04-03,20,20.45,19.85,19.96
1981-04-06,19.45,19.75,19.3,19.4
1981-04-07,19,19.45,18.9,19.36
1981-04-08,19.05,19.35,18.9,18.95
1981-04-09,18.6,18.9,18.5,18.67
1981-04-10,18.8,19,18.75,18.81
1981-04-13,18.45,18.55,18.2,18.29
1981-04-14,18,18.3,17.7,17.76
1981-04-15,17.3,17.45,16.7,16.78
1981-04-16,16.6,16.85,16.45,16.46
1981-04-20,16.49,16.65,16.38,16.59
1981-04-21,16.4,17.35,16.4,17.24
1981-04-22,17.05,17.75,17,17.56
1981-04-23,17.95,18.35,17.85,18.12
1981-04-24,18.1,18.3,16.95,17.25
1981-04-27,16.95,17,16.39,16.49
1981-04-28,16,16.1,15.55,15.6
1981-04-29,15.2,15.3,14.2,14.31
1981-04-30,16.25,16.9,16.15,16.78
1981-05-01,16.15,16.2,15.5,16.13
1981-05-04,15.8,15.95,15.05,15.27
1981-05-05,14.9,15,14.55,14.81
1981-05-06,15.25,15.85,15.1,15.2
1981-05-07,15.5,15.75,14.9,14.94
1981-05-08,15.45,15.68,15.25,15.63
1981-05-11,15.6,15.7,14.55,14.58
1981-05-12,14.3,14.4,14.1,14.27
1981-05-13,14.5,14.83,14.34,14.76
1981-05-14,14.35,14.55,14.25,14.46
1981-05-15,14.6,15,14.55,14.94
1981-05-18,15.25,15.4,14.85,15.18
1981-05-19,15.3,15.35,14.4,14.52
1981-05-20,14.55,15.2,14.51,15.18
1981-05-21,14.85,16,14.8,15.97
1981-05-22,16,16.1,15.6,15.65
1981-05-26,15.65,16.5,15.5,16.47
1981-05-27,16.3,17.05,16.3,16.84
1981-05-28,16.8,17.1,16.45,16.65
1981-05-29,17.15,18.15,17.1,17.99
1981-06-01,18.4,19.05,18.35,18.82
1981-06-02,18.45,19,18.3,18.85
1981-06-03,18.3,18.5,17.1,17.32
1981-06-04,16.8,16.9,16.2,16.89
1981-06-05,16.5,17.3,16.25,17.1
1981-06-08,17.2,18,17.15,17.21
1981-06-09,16.85,16.95,16.45,16.77
1981-06-10,16.75,17.5,16.65,16.84
1981-06-11,16.42,16.5,15.85,15.86
1981-06-12,15.4,15.9,15.4,15.66
1981-06-15,16.25,16.45,15.5,15.62
1981-06-16,15.75,16.2,15.55,16.12
1981-06-17,16.2,16.45,15.8,16.29
1981-06-18,16,16.5,15.95,16.43
1981-06-19,16.45,16.65,16.1,16.55
1981-06-22,16.6,16.75,15.9,16.03
1981-06-23,16.05,16.25,15.75,16.15
1981-06-24,15.75,15.85,15.48,15.66
1981-06-25,15.7,16,15.45,15.85
1981-06-26,15.8,16.05,15.7,15.9
1981-06-29,15.7,15.75,15.35,15.42
1981-06-30,15.55,15.95,15.45,15.49
1981-07-01,15.43,15.55,15.21,15.26
1981-07-02,15.35,15.85,15.25,15.81
1981-07-06,15.75,16.25,15.7,16.17
1981-07-07,16.4,16.55,16.23,16.25
1981-07-08,16.05,16.2,15.77,15.84
1981-07-09,16.05,16.35,15.9,16.31
1981-07-10,16.7,17.15,16.6,17.07
1981-07-13,17.2,17.9,17,17.82
1981-07-14,17.65,17.75,16.9,17.09
1981-07-15,16.85,17.05,16.6,16.98
1981-07-16,16.98,17,16.67,16.77
1981-07-17,16.52,16.58,16.15,16.21
1981-07-20,15.91,16.2,15.75,16.1
1981-07-21,16.05,16.49,16.05,16.43
1981-07-22,16.33,16.5,16.28,16.44
1981-07-23,16.65,16.85,16.53,16.61
1981-07-24,16.95,17.1,16.83,17.1
1981-07-27,17.25,17.35,16.65,16.74
1981-07-28,16.7,17,16.68,16.96
1981-07-29,16.93,17.15,16.85,17.07
1981-07-30,16.93,17,16.59,16.64
1981-07-31,16.41,16.8,16.35,16.74
1981-08-03,16.45,16.6,16.1,16.21
1981-08-04,16.2,16.38,16.06,16.08
1981-08-05,15.9,16.08,15.85,16.02
1981-08-06,15.7,16.28,15.7,16.25
1981-08-07,16.12,16.21,16.03,16.09
1981-08-10,15.95,16.41,15.92,16.39
1981-08-11,16.35,16.5,15.85,15.9
1981-08-12,15.95,16.12,15.5,15.57
1981-08-13,15.65,15.7,15.35,15.53
1981-08-14,15.6,15.67,15.5,15.5
1981-08-17,15.35,15.4,15.25,15.32
1981-08-18,15.32,15.54,15.27,15.54
1981-08-19,15.6,15.74,14.8,14.89
1981-08-20,14.9,14.95,14.45,14.46
1981-08-21,14.65,14.68,14.03,14.18
1981-08-24,13.85,13.93,13.25,13.41
1981-08-25,13.4,13.55,13.15,13.49
1981-08-26,13.3,13.35,12.85,12.86
1981-08-27,12.7,13.21,12.68,13.07
1981-08-28,13.08,13.25,13,13.01
1981-08-31,12.7,12.85,12.38,12.42
1981-09-01,12.14,12.2,11.52,11.66
1981-09-02,11.45,12.3,11.38,12.08
1981-09-03,11.98,12.25,11.45,11.48
1981-09-04,11.38,11.69,11.1,11.16
1981-09-08,11.24,11.3,10.88,11
1981-09-09,10.8,11.1,10.73,11.1
1981-09-10,11.3,11.62,11.26,11.55
1981-09-11,11.81,11.88,11.2,11.75
1981-09-14,12.1,12.2,11.85,11.89
1981-09-15,11.75,11.85,11.5,11.55
1981-09-16,11.05,11.22,10.87,10.95
1981-09-17,10.65,10.9,10.41,10.76
1981-09-18,11.1,11.16,10.91,11.08
1981-09-21,11.3,11.48,11.21,11.41
1981-09-22,11.45,11.66,11.45,11.51
1981-09-23,11.6,12.2,11.6,12.19
1981-09-24,12.05,12.45,11.7,11.75
1981-09-25,11.8,12.05,11.8,11.98
1981-09-28,11.99,13.2,11.97,13.03
1981-09-29,13.4,13.52,12.75,12.8
1981-09-30,12.9,13.15,12.75,13.11
1981-10-01,12.95,13.2,12.82,13.19
1981-10-02,13.05,13.25,13,13.18
1981-10-05,13.04,13.28,12.97,13.16
1981-10-06,13.12,13.36,12.8,12.84
1981-10-07,12.65,12.9,12.55,12.72
1981-10-08,12.61,12.7,12.45,12.46
1981-10-09,12.48,12.56,12.4,12.46
1981-10-12,12.46,12.48,12.38,12.45
1981-10-13,12.43,12.89,12.43,12.83
1981-10-14,12.75,12.93,12.7,12.92
1981-10-15,12.81,12.9,12.48,12.5
1981-10-16,12.3,12.43,12.26,12.41
1981-10-19,12.25,12.28,12,12.05
1981-10-20,12.01,12.19,11.78,11.85
1981-10-21,11.75,12.07,11.68,12.05
1981-10-22,12.1,12.18,11.86,11.9
1981-10-23,11.85,11.9,11.73,11.86
1981-10-26,11.6,11.66,11.5,11.61
1981-10-27,11.6,11.77,11.52,11.76
1981-10-28,11.96,12.65,11.95,12.63
1981-10-29,12.43,12.73,12.28,12.43
1981-10-30,12.36,12.6,12.25,12.52
1981-11-02,12.45,12.57,12.35,12.47
1981-11-03,12.58,12.8,12.5,12.52
1981-11-04,12.52,12.58,12.18,12.26
1981-11-05,12.25,12.35,12.15,12.22
1981-11-06,12.28,12.35,12.18,12.32
1981-11-09,12.42,12.63,12.42,12.51
1981-11-10,12.45,12.48,12.19,12.25
1981-11-11,12.22,12.3,12.11,12.29
1981-11-12,12.3,12.43,12.3,12.39
1981-11-13,12.43,12.45,12.25,12.39
1981-11-16,12.32,12.5,12.1,12.16
1981-11-17,12.05,12.1,11.8,11.81
1981-11-18,11.71,11.83,11.67,11.77
1981-11-19,11.88,12.1,11.87,12.08
1981-11-20,12.1,12.24,12.05,12.1
1981-11-23,12.2,12.22,11.94,11.98
1981-11-24,11.95,12.28,11.93,12.15
1981-11-25,12.45,13.05,12.38,13
1981-11-27,13.03,13.28,12.88,13.27
1981-11-30,13.1,13.2,12.89,13.01
1981-12-01,12.87,13,12.84,12.97
1981-12-02,12.88,12.9,12.52,12.8
1981-12-03,12.63,12.77,12.52,12.61
1981-12-04,12.72,13,12.72,12.98
1981-12-07,12.83,13.25,12.75,13.24
1981-12-08,13.09,13.29,13.03,13.15
1981-12-09,12.96,13,12.79,12.79
1981-12-10,12.82,13.45,12.75,13.05
1981-12-11,13.28,13.48,13.05,13.16
1981-12-14,13.1,13.32,13.06,13.15
1981-12-15,13.13,13.24,13.08,13.09
1981-12-16,13.07,13.6,13.03,13.57
1981-12-17,13.62,13.74,13.37,13.44
1981-12-18,13.33,13.53,13.31,13.49
1981-12-21,13.5,13.77,13.45,13.71
1981-12-22,13.82,14.06,13.79,14.05
1981-12-23,13.94,13.95,13.65,13.78
1981-12-28,13.78,13.95,13.7,13.87
1981-12-29,13.75,13.8,13.1,13.22
1981-12-30,13.06,13.33,13.06,13.15
1981-12-31,13.16,13.28,13.16,13.18
1982-01-04,13.05,13.1,12.73,12.74
1982-01-05,12.72,12.82,12.64,12.8
1982-01-06,12.8,13.25,12.8,13.01
1982-01-07,12.75,13.04,12.71,12.96
1982-01-08,12.96,13.27,12.89,13.05
1982-01-11,12.85,13.08,12.82,13.05
1982-01-12,13.1,13.2,13.05,13.14
1982-01-13,13.22,13.34,13.16,13.3
1982-01-14,13.19,13.4,13.12,13.38
1982-01-15,13.31,13.45,13.28,13.35
1982-01-18,13.3,13.35,13.2,13.29
1982-01-19,13.27,13.35,13.24,13.3
1982-01-20,13.27,13.45,13.27,13.33
1982-01-21,13.45,13.64,13.45,13.62
1982-01-22,13.65,13.71,13.53,13.59
1982-01-25,13.78,13.84,13.63,13.67
1982-01-26,13.8,13.92,13.77,13.87
1982-01-27,13.99,14.1,13.94,13.99
1982-01-28,13.84,13.86,13.67,13.68
1982-01-29,13.65,13.73,13.48,13.58
1982-02-01,13.46,13.69,13.43,13.68
1982-02-02,13.75,13.85,13.65,13.68
1982-02-03,13.57,13.57,13.35,13.4
1982-02-04,13.49,13.58,13.36,13.57
1982-02-05,13.62,13.67,13.5,13.56
1982-02-08,13.48,13.52,13.4,13.41
1982-02-09,13.2,13.39,13.2,13.36
1982-02-10,13.4,13.46,13.35,13.42
1982-02-11,13.5,13.63,13.48,13.51
1982-02-12,13.52,13.6,13.5,13.57
1982-02-16,13.75,13.91,13.75,13.88
1982-02-17,13.97,13.98,13.75,13.78
1982-02-18,13.65,13.76,13.58,13.75
1982-02-19,13.7,13.73,13.57,13.58
1982-02-22,13.48,13.5,13.08,13.09
1982-02-23,12.95,12.98,12.46,12.53
1982-02-24,12.56,12.6,12.23,12.26
1982-02-25,12.38,12.72,12.36,12.71
1982-02-26,12.52,12.73,12.46,12.58
1982-03-01,12.6,12.64,12.45,12.46
1982-03-02,12.4,12.4,12.13,12.24
1982-03-03,12.06,12.1,11.92,12.06
1982-03-04,11.85,12.06,11.83,11.99
1982-03-05,12.1,12.2,11.89,11.91
1982-03-08,11.75,11.78,11.41,11.42
1982-03-09,11.46,11.55,11.35,11.42
1982-03-10,11.4,11.62,11.4,11.58
1982-03-11,11.67,11.73,11.6,11.65
1982-03-12,11.32,11.35,11.1,11.14
1982-03-15,10.98,11.18,10.93,11.16
1982-03-16,11.32,11.34,11.09,11.18
1982-03-17,11.12,11.35,11.12,11.22
1982-03-18,11.35,11.61,11.35,11.58
1982-03-19,11.4,11.46,11.32,11.45
1982-03-22,11.45,11.5,11.4,11.4
1982-03-23,11.55,11.65,11.53,11.58
1982-03-24,11.67,11.71,11.37,11.37
1982-03-25,11.23,11.27,11.06,11.15
1982-03-26,10.98,11.06,10.85,10.86
1982-03-29,10.8,11.22,10.8,11.04
1982-03-30,11.2,11.24,10.95,11.07
1982-03-31,10.86,10.98,10.81,10.97
1982-04-01,11.08,11.1,10.95,11
1982-04-02,10.93,10.95,10.85,10.88
1982-04-05,10.87,10.89,10.65,10.65
1982-04-06,10.55,10.64,10.5,10.54
1982-04-07,10.56,10.63,10.38,10.5
1982-04-08,10.46,10.5,10.36,10.44
1982-04-12,10.36,10.39,10.27,10.29
1982-04-13,10.18,10.35,10.18,10.27
1982-04-14,10.35,10.42,10.28,10.31
1982-04-15,10.31,10.42,10.2,10.23
1982-04-16,10,10.07,9.93,9.94
1982-04-19,9.55,9.59,9.19,9.2
1982-04-20,8.85,8.99,8.73,8.92
1982-04-21,8.98,9.17,8.95,9.07
1982-04-22,8.96,9,8.58,8.69
1982-04-23,9.06,9.06,8.72,8.88
1982-04-26,9.01,9.06,8.87,9.05
1982-04-27,9,9.01,8.81,8.97
1982-04-28,9,9.38,8.97,9.3
1982-04-29,9.3,9.45,9.16,9.21
1982-04-30,9.3,9.33,8.98,9.12
1982-05-03,9.05,9.12,8.87,8.88
1982-05-04,8.6,8.75,8.35,8.71
1982-05-05,8.43,8.82,8.39,8.71
1982-05-06,8.7,8.8,8.57,8.75
1982-05-07,8.85,8.95,8.81,8.85
1982-05-10,8.67,8.76,8.62,8.72
1982-05-11,8.76,8.87,8.7,8.73
1982-05-12,8.54,8.56,8.39,8.4
1982-05-13,8.11,8.17,8.05,8.11
1982-05-14,8.05,8.32,8.01,8.22
1982-05-17,8.28,8.38,8.17,8.22
1982-05-18,8.21,8.22,8.02,8.07
1982-05-19,8.03,8.2,7.97,8.13
1982-05-20,7.95,8.07,7.95,8.02
1982-05-21,8.04,8.25,8.03,8.25
1982-05-24,8.17,8.22,8.1,8.2
1982-05-25,8.1,8.4,8.08,8.37
1982-05-26,8.47,8.5,8.26,8.34
1982-05-27,8.25,8.29,8.16,8.22
1982-05-28,8.05,8.08,7.79,7.8
1982-06-01,7.45,7.5,7.38,7.46
1982-06-02,7.41,7.62,7.41,7.61
1982-06-03,7.55,7.57,7.33,7.35
1982-06-04,7.21,7.24,7.12,7.14
1982-06-07,7.22,7.33,7.22,7.3
1982-06-08,7.39,7.44,7.23,7.24
1982-06-09,7.15,7.15,6.83,6.84
1982-06-10,6.93,6.95,6.73,6.8
1982-06-11,6.88,7.13,6.88,7.02
1982-06-14,6.78,6.99,6.66,6.78
1982-06-15,6.73,6.89,6.73,6.85
1982-06-16,6.65,6.7,6.58,6.66
1982-06-17,6.7,6.75,6.63,6.68
1982-06-18,6.7,6.79,6.67,6.77
1982-06-21,6.83,6.86,6.6,6.83
1982-06-22,7,7.31,7,7.3
1982-06-23,7.2,7.35,7.13,7.16
1982-06-24,7.11,7.16,6.94,7.02
1982-06-25,6.8,6.9,6.79,6.87
1982-06-28,6.96,6.98,6.69,6.84
1982-06-29,7.15,7.27,7.15,7.23
1982-06-30,7.8,8.14,7.8,8.1
1982-07-01,8.19,8.34,7.9,8.31
1982-07-02,8.17,8.5,8.06,8.37
1982-07-06,8.57,8.72,8.47,8.59
1982-07-07,8.35,8.45,8.26,8.33
1982-07-08,8.18,8.25,8.08,8.23
1982-07-09,8.31,8.6,8.31,8.52
1982-07-12,8.65,8.82,8.63,8.78
1982-07-13,9.45,9.77,9.33,9.74
1982-07-14,9.7,9.83,9.15,9.19
1982-07-15,9.05,9.35,8.95,9.34
1982-07-16,9.35,9.44,8.88,8.95
1982-07-19,8.75,8.82,8.24,8.27
1982-07-20,8.05,8.44,7.93,8.42
1982-07-21,8.27,8.43,7.99,8.01
1982-07-22,7.8,7.97,7.75,7.75
1982-07-23,7.92,8.16,7.55,7.58
1982-07-26,7.58,7.74,7.56,7.68
1982-07-27,7.56,7.67,7.45,7.64
1982-07-28,7.47,7.49,7.3,7.31
1982-07-29,7.34,7.58,7.25,7.53
1982-07-30,7.73,7.81,7.59,7.72
1982-08-02,7.77,8,7.77,7.99
1982-08-03,8,8.02,7.46,7.49
1982-08-04,7.4,7.6,7.35,7.5
1982-08-05,7.42,7.66,7.36,7.62
1982-08-06,7.52,7.62,7.43,7.54
1982-08-09,7.26,7.64,7.26,7.46
1982-08-10,7.56,7.59,7.32,7.44
1982-08-11,7.3,7.39,7.29,7.3
1982-08-12,7.3,7.55,7.3,7.51
1982-08-13,7.5,7.55,7.35,7.37
1982-08-16,7.4,7.43,7.14,7.15
1982-08-17,7.15,7.2,6.91,6.93
1982-08-18,7.22,7.3,7.05,7.23
1982-08-19,7.08,7.42,7,7.41
1982-08-20,7.49,7.67,7.2,7.23
1982-08-23,7.25,7.33,7.12,7.18
1982-08-24,7.2,7.27,7.12,7.24
1982-08-25,7,7.11,6.75,6.78
1982-08-26,6.88,6.99,6.85,6.95
1982-08-27,6.88,6.92,6.83,6.91
1982-08-30,6.95,6.96,6.65,6.68
1982-08-31,6.61,6.73,6.55,6.63
1982-09-01,6.62,6.9,6.57,6.86
1982-09-02,6.95,7.05,6.66,6.68
1982-09-03,6.78,6.86,6.62,6.68
1982-09-07,6.73,6.77,6.5,6.51
1982-09-08,6.36,6.4,6.25,6.3
1982-09-09,6.35,6.48,6.27,6.4
1982-09-10,6.39,6.45,6.25,6.28
1982-09-13,6.24,6.29,6.18,6.2
1982-09-14,6.15,6.21,6.01,6.02
1982-09-15,5.95,6.01,5.85,5.99
1982-09-16,6.01,6.15,5.98,5.99
1982-09-17,5.97,6.21,5.97,6.18
1982-09-20,6.11,6.19,6.1,6.16
1982-09-21,6.22,6.34,6.2,6.26
1982-09-22,6.36,6.5,6.36,6.45
1982-09-23,6.34,6.41,6.31,6.35
1982-09-24,6.36,6.41,6.31,6.34
1982-09-27,6.16,6.25,5.8,5.85
1982-09-28,5.7,5.85,5.58,5.75
1982-09-29,5.74,5.98,5.74,5.8
1982-09-30,7.2,7.31,7.1,7.11
1982-10-01,7.2,7.26,7.08,7.09
1982-10-04,6.99,7.02,6.78,6.79
1982-10-05,6.62,6.84,6.6,6.83
1982-10-06,6.88,6.9,6.68,6.77
1982-10-07,6.85,6.93,6.72,6.92
1982-10-08,7.07,7.13,6.91,6.93
1982-10-11,7.08,7.45,7.08,7.45
1982-10-12,7.5,7.63,7.35,7.46
1982-10-13,7.3,7.33,7.15,7.2
1982-10-14,7.33,7.57,6.7,6.76
1982-10-15,6.75,6.99,6.75,6.84
1982-10-18,6.95,7.1,6.95,7.09
1982-10-19,7.19,7.21,6.85,6.88
1982-10-20,6.8,6.89,6.65,6.8
1982-10-21,6.74,6.99,6.74,6.99
1982-10-22,7.05,7.3,7.05,7.29
1982-10-25,7.2,7.31,7.03,7.06
1982-10-26,7.04,7.24,7.03,7.15
1982-10-27,7.35,7.45,7.14,7.18
1982-10-28,7.3,7.44,7.23,7.42
1982-10-29,7.67,7.85,7.51,7.84
1982-11-01,7.8,8.04,7.71,7.95
1982-11-03,7.7,7.99,7.66,7.94
1982-11-04,7.9,7.91,7.69,7.76
1982-11-05,7.57,7.84,7.55,7.83
1982-11-08,7.75,7.78,7.55,7.72
1982-11-09,7.61,7.87,7.57,7.73
1982-11-10,7.77,7.83,7.5,7.51
1982-11-11,7.39,7.54,7.3,7.32
1982-11-12,7.34,7.61,7.27,7.59
1982-11-15,7.55,7.67,7.46,7.59
1982-11-16,7.47,7.7,7.4,7.69
1982-11-17,7.8,7.85,7.62,7.78
1982-11-18,7.83,7.87,7.7,7.72
1982-11-19,7.84,7.94,7.79,7.9
1982-11-22,7.98,8.01,7.74,7.75
1982-11-23,7.65,7.83,7.6,7.61
1982-11-24,7.63,7.72,7.5,7.54
1982-11-26,7.6,7.75,7.56,7.74
1982-11-29,7.9,7.98,7.84,7.95
1982-11-30,8.09,8.33,8.09,8.32
1982-12-01,8.24,8.28,8.06,8.07
1982-12-02,8.13,8.15,7.76,7.77
1982-12-03,7.8,7.9,7.66,7.67
1982-12-06,7.73,7.9,7.68,7.89
1982-12-07,7.96,7.99,7.9,7.94
1982-12-08,7.78,7.8,7.3,7.34
1982-12-09,7.05,7.31,7.05,7.18
1982-12-10,7.05,7.18,6.84,6.85
1982-12-13,6.94,6.98,6.8,6.82
1982-12-14,6.95,7,6.87,6.94
1982-12-15,6.96,7.03,6.81,6.85
1982-12-16,6.87,7.03,6.82,7.01
1982-12-17,7.07,7.2,7.06,7.2
1982-12-20,7.13,7.15,6.97,6.98
1982-12-21,6.94,7.11,6.9,7.02
1982-12-22,7.03,7.09,6.96,6.98
1982-12-23,6.95,6.98,6.82,6.83
1982-12-27,6.85,6.91,6.85,6.85
1982-12-28,6.85,6.89,6.81,6.85
1982-12-29,6.95,7.05,6.9,6.93
1982-12-30,6.94,6.97,6.8,6.85
1983-01-03,6.81,6.84,6.68,6.7
1983-01-04,6.63,6.65,6.41,6.43
1983-01-05,6.5,6.6,6.47,6.59
1983-01-06,6.38,6.55,6.36,6.5
1983-01-07,6.43,6.55,6.36,6.37
1983-01-10,6.33,6.46,6.32,6.46
1983-01-11,6.5,6.58,6.3,6.31
1983-01-12,6.17,6.21,6.08,6.1
1983-01-13,6.05,6.21,6.05,6.17
1983-01-14,6.13,6.27,6.13,6.26
1983-01-17,6.35,6.49,6.35,6.46
1983-01-18,6.43,6.46,6.28,6.31
1983-01-19,6.18,6.25,6.16,6.23
1983-01-20,6.17,6.25,6.16,6.24
1983-01-21,6.21,6.51,6.21,6.46
1983-01-24,6.4,6.48,6.32,6.32
1983-01-25,6.4,6.68,6.37,6.68
1983-01-26,6.66,6.74,6.54,6.72
1983-01-27,6.63,6.8,6.5,6.59
1983-01-28,6.52,6.54,6.37,6.39
1983-01-31,6.31,6.35,6.16,6.2
1983-02-01,6.18,6.35,6.17,6.32
1983-02-02,6.38,6.5,6.34,6.4
1983-02-03,6.45,6.5,6.37,6.4
1983-02-04,6.4,6.5,6.34,6.48
1983-02-07,6.56,6.72,6.54,6.65
1983-02-08,6.78,6.8,6.57,6.71
1983-02-09,6.78,6.82,6.69,6.71
1983-02-10,6.65,6.81,6.65,6.79
1983-02-11,6.83,7.02,6.83,7.01
1983-02-14,7.07,7.22,6.95,6.96
1983-02-15,6.94,7.11,6.89,7.09
1983-02-16,7.2,7.34,6.88,6.96
1983-02-17,6.9,7,6.86,6.94
1983-02-18,6.87,6.94,6.85,6.86
1983-02-22,6.6,6.65,6.34,6.36
1983-02-23,6.38,6.47,6.34,6.4
1983-02-24,6.5,6.63,6.5,6.55
1983-02-25,6.55,6.59,6.39,6.41
1983-02-28,6.2,6.35,6.15,6.32
1983-03-01,6.3,6.32,6.18,6.18
1983-03-02,6.27,6.42,6.26,6.38
1983-03-03,6.43,6.48,6.28,6.34
1983-03-04,6.28,6.45,6.26,6.4
1983-03-07,6.48,6.53,6.42,6.43
1983-03-08,6.37,6.4,6.25,6.32
1983-03-09,6.38,6.47,6.38,6.43
1983-03-10,6.52,6.55,6.48,6.52
1983-03-11,6.45,6.65,6.45,6.64
1983-03-14,6.68,6.84,6.65,6.83
1983-03-15,6.77,6.8,6.53,6.56
1983-03-16,6.41,6.48,6.39,6.4
1983-03-17,6.43,6.61,6.42,6.54
1983-03-18,6.6,6.63,6.46,6.47
1983-03-21,6.47,6.68,6.47,6.67
1983-03-22,6.66,6.7,6.54,6.7
1983-03-23,6.63,6.77,6.56,6.71
1983-03-24,6.64,6.9,6.64,6.84
1983-03-25,6.92,6.97,6.6,6.76
1983-03-28,6.8,7,6.8,7
1983-03-29,7.01,7.08,6.9,7.07
1983-03-30,7.03,7.1,6.94,7.08
1983-03-31,6.92,7.12,6.85,7.09
1983-04-04,7.09,7.24,7.09,7.23
1983-04-05,7.23,7.28,7.13,7.18
1983-04-06,7.06,7.14,6.91,6.94
1983-04-07,6.93,7.11,6.93,7.1
1983-04-08,7.08,7.15,7.03,7.05
1983-04-11,7.02,7.12,7.01,7.12
1983-04-12,7.14,7.2,7.02,7.03
1983-04-13,6.93,6.97,6.69,6.73
1983-04-14,6.75,6.89,6.73,6.88
1983-04-15,6.83,6.99,6.83,6.99
1983-04-18,7.08,7.4,7.04,7.34
1983-04-19,7.37,7.46,7.25,7.45
1983-04-20,7.32,7.43,7.25,7.37
1983-04-21,7.27,7.34,7.27,7.3
1983-04-22,7.2,7.66,7.2,7.65
1983-04-25,7.8,7.96,7.8,7.88
1983-04-26,7.81,7.98,7.79,7.98
1983-04-27,7.5,7.97,7.5,7.64
1983-04-28,7.65,7.91,7.65,7.88
1983-04-29,8.01,8.03,7.85,7.98
1983-05-02,8.01,8.25,8.01,8.24
1983-05-03,8.45,8.49,8.31,8.47
1983-05-04,8.54,8.58,8.3,8.42
1983-05-05,8.33,8.58,8.31,8.56
1983-05-06,8.6,8.82,8.57,8.81
1983-05-09,8.86,9.06,8.67,9.03
1983-05-10,8.88,8.96,8.77,8.78
1983-05-11,8.63,9.1,8.61,9.08
1983-05-12,9.21,9.33,8.87,8.94
1983-05-13,9.04,9.25,9.04,9.23
1983-05-16,9.38,9.66,9.32,9.63
1983-05-17,9.67,10.13,9.67,10
1983-05-18,9.82,10.25,9.75,10.18
1983-05-19,10.25,10.26,9.9,9.91
1983-05-20,9.73,10.45,9.73,10.38
1983-05-23,10.52,11.05,10.5,11
1983-05-24,11.08,11.48,10.75,10.78
1983-05-25,11.2,11.29,11,11.2
1983-05-26,11.63,12.25,11.55,12.15
1983-05-27,12.4,12.55,11.85,12.47
1983-05-31,12.9,13.47,12.7,13.36
1983-06-01,11.9,12.1,11.12,11.16
1983-06-02,11.3,11.5,10.6,11.48
1983-06-03,11.48,12.04,11.48,11.66
1983-06-06,11.42,11.45,10.3,10.35
1983-06-07,10.4,10.86,10.17,10.56
1983-06-08,10.45,10.9,10.35,10.88
1983-06-09,11.18,11.98,11.18,11.76
1983-06-10,11.94,12.08,11.54,11.61
1983-06-13,11.53,11.83,11,11.11
1983-06-14,10.92,11.32,10.92,11.31
1983-06-15,11.07,11.1,10.7,10.79
1983-06-16,10.53,10.88,9.85,9.92
1983-06-17,10,10.25,9.76,9.93
1983-06-20,10.25,10.43,10.2,10.29
1983-06-21,10.37,10.45,10.03,10.28
1983-06-22,10.55,11.18,10.52,11.1
1983-06-23,11.15,11.47,11.15,11.39
1983-06-24,11.3,11.45,11,11.13
1983-06-27,11.22,11.3,10.77,11.26
1983-06-28,11.37,11.54,10.9,10.97
1983-06-29,11,11.15,10.85,11.12
1983-06-30,11.91,11.95,11.52,11.55
1983-07-01,11.4,11.66,11.33,11.63
1983-07-05,11.63,11.74,11.07,11.1
1983-07-06,11.12,11.3,10.85,10.87
1983-07-07,10.81,11.4,10.74,11.35
1983-07-08,11.25,11.49,11.01,11.11
1983-07-11,10.99,11.38,10.89,11.12
1983-07-12,11.2,11.45,11.12,11.23
1983-07-13,11.14,11.3,11.07,11.16
1983-07-14,11.19,11.21,10.7,10.71
1983-07-15,10.6,10.8,10.15,10.16
1983-07-18,10.06,10.1,9.75,9.84
1983-07-19,10.05,10.28,10.01,10.17
1983-07-20,10.39,10.56,10.29,10.36
1983-07-21,10.37,10.7,10.31,10.65
1983-07-22,10.84,11.45,10.74,11.42
1983-07-25,11.65,12.05,11.39,12.02
1983-07-26,11.8,12.23,11.7,11.75
1983-07-27,11.65,11.9,11.55,11.66
1983-07-28,11.59,11.81,11.45,11.79
1983-07-29,11.75,11.91,11.46,11.68
1983-08-01,11.57,12.11,11.45,12.08
1983-08-02,12.23,12.49,12.12,12.4
1983-08-03,12.37,12.43,12.05,12.11
1983-08-04,11.86,11.92,11.57,11.82
1983-08-05,11.6,12.01,11.6,11.88
1983-08-08,11.8,12.18,11.67,12.12
1983-08-09,12.16,12.18,11.05,11.13
1983-08-10,11.2,11.39,10.8,11.21
1983-08-11,11.2,11.25,10.9,11.01
1983-08-12,11,11.13,10.62,10.65
1983-08-15,10.53,11.4,10.53,11.39
1983-08-16,11.33,11.54,10.85,11.09
1983-08-17,11.06,11.22,10.9,11.03
1983-08-18,11.16,11.31,11.09,11.15
1983-08-19,11.23,11.26,10.7,10.76
1983-08-22,10.95,11.39,10.95,11.29
1983-08-23,11.37,11.4,10.81,10.83
1983-08-24,10.6,10.9,10.6,10.7
1983-08-25,10.92,11.01,10.64,10.66
1983-08-26,10.43,10.66,10.34,10.37
1983-08-29,10.2,10.4,10.2,10.22
1983-08-30,10.41,10.55,10.37,10.53
1983-08-31,10.45,10.58,10.37,10.39
1983-09-01,10.43,10.6,10.39,10.55
1983-09-02,10.43,10.55,10.43,10.48
1983-09-06,10.56,10.64,10.2,10.24
1983-09-07,10.05,10.14,9.96,10.01
1983-09-08,10.03,10.21,10.03,10.08
1983-09-09,10.12,10.18,10.07,10.16
1983-09-12,10.2,10.43,10.18,10.22
1983-09-13,10.3,10.33,10.11,10.16
1983-09-14,9.95,9.98,9.76,9.8
1983-09-15,9.75,9.83,9.64,9.76
1983-09-16,9.55,9.6,9.35,9.41
1983-09-19,9.55,9.85,9.51,9.85
1983-09-20,9.77,9.8,9.25,9.33
1983-09-21,9.09,9.19,9,9.06
1983-09-22,9.16,9.41,9.16,9.4
1983-09-23,9.4,9.47,9.08,9.22
1983-09-26,8.95,9.32,8.95,9.31
1983-09-27,9.64,9.94,9.55,9.76
1983-09-28,9.83,10.23,9.83,10
1983-09-29,10,10.11,9.56,9.59
1983-09-30,10.84,11.08,10.75,10.94
1983-10-03,10.88,11.25,10.82,11.23
1983-10-04,11.3,11.57,11.3,11.44
1983-10-05,11.49,11.55,11.21,11.44
1983-10-06,11.42,11.8,11.29,11.78
1983-10-07,11.78,11.9,11.67,11.88
1983-10-10,11.85,11.94,11.62,11.67
1983-10-11,11.5,11.59,11.32,11.33
1983-10-12,11.22,11.43,11.05,11.05
1983-10-13,10.95,11.23,10.87,11.09
1983-10-14,11.22,11.37,11.11,11.35
1983-10-17,11.2,11.34,11.12,11.27
1983-10-18,11.08,11.27,10.96,11
1983-10-19,10.86,10.94,10.75,10.76
1983-10-20,10.68,10.76,10.53,10.54
1983-10-21,10.62,10.69,10.55,10.68
1983-10-24,10.66,10.78,10.05,10.09
1983-10-25,9.95,10.02,9.77,9.89
1983-10-26,9.95,10.06,9.82,10.04
1983-10-27,9.75,9.8,9.48,9.63
1983-10-28,9.68,9.75,9.64,9.66
1983-10-31,9.42,9.5,9.33,9.36
1983-11-01,9.28,9.39,9.13,9.37
1983-11-02,9.4,9.54,9.06,9.1
1983-11-03,8.97,9.45,8.97,9.43
1983-11-04,9.37,9.65,9.27,9.52
1983-11-07,9.78,9.96,9.76,9.81
1983-11-08,9.96,10.02,9.87,9.91
1983-11-09,9.65,9.82,9.62,9.76
1983-11-10,9.66,10.08,9.66,9.96
1983-11-11,9.98,10.04,9.25,9.26
1983-11-14,9.13,9.4,9.13,9.4
1983-11-15,9.3,9.47,9.2,9.22
1983-11-16,9.19,9.34,9.12,9.2
1983-11-17,9.05,9.4,8.82,9.37
1983-11-18,9.32,9.45,9.28,9.35
1983-11-21,9.27,10.1,9.27,10.08
1983-11-22,9.96,10,9.75,9.77
1983-11-23,9.62,9.65,9.33,9.51
1983-11-25,9.61,9.83,9.61,9.75
1983-11-28,9.9,9.99,9.52,9.53
1983-11-29,9.55,9.67,9.39,9.66
1983-11-30,9.74,9.76,9.4,9.57
1983-12-01,9.41,9.49,9.3,9.35
1983-12-02,9.31,9.4,9.21,9.24
1983-12-05,9.13,9.55,9.13,9.53
1983-12-06,9.47,9.62,9.4,9.43
1983-12-07,9.26,9.35,9.21,9.22
1983-12-08,9.23,9.39,9.11,9.12
1983-12-09,9.05,9.28,9.05,9.23
1983-12-12,9.27,9.35,9.08,9.13
1983-12-13,9.1,9.13,8.58,8.59
1983-12-14,8.45,8.72,8.45,8.54
1983-12-15,8.57,8.72,8.52,8.6
1983-12-16,8.62,8.75,8.62,8.67
1983-12-19,8.6,8.73,8.56,8.59
1983-12-20,8.55,8.59,8.16,8.32
1983-12-21,8.35,8.45,8.27,8.44
1983-12-22,8.4,8.44,8.28,8.35
1983-12-23,8.21,8.28,8.13,8.27
1983-12-27,8.35,8.45,8.09,8.1
1983-12-28,8.03,8.15,7.99,8.01
1983-12-29,8.1,8.22,8.09,8.15
1983-12-30,8.18,8.21,8.13,8.18
1984-01-03,8.04,8.08,7.86,7.87
1984-01-04,7.81,7.98,7.81,7.89
1984-01-05,7.92,7.96,7.79,7.8
1984-01-06,7.77,7.84,7.68,7.76
1984-01-09,7.66,7.71,7.53,7.57
1984-01-10,7.62,7.72,7.61,7.69
1984-01-11,7.61,7.68,7.52,7.67
1984-01-12,7.77,8.15,7.77,8.15
1984-01-13,7.87,8.04,7.75,7.79
1984-01-16,7.67,7.79,7.62,7.65
1984-01-17,7.59,7.68,7.5,7.59
1984-01-18,7.53,7.92,7.53,7.8
1984-01-19,7.87,8.01,7.68,7.88
1984-01-20,7.93,8.05,7.82,8.04
1984-01-23,8.06,8.29,7.65,7.72
1984-01-24,7.72,7.78,7.26,7.28
1984-01-25,7.37,7.54,7.35,7.5
1984-01-26,7.39,7.57,7.35,7.56
1984-01-27,7.58,7.66,7.35,7.42
1984-01-30,7.39,7.58,7.32,7.54
1984-01-31,7.54,7.61,7.42,7.5
1984-02-01,7.44,7.52,7.37,7.4
1984-02-02,7.4,7.54,7.4,7.52
1984-02-03,7.61,7.66,7.55,7.59
1984-02-06,7.48,7.5,7.34,7.35
1984-02-07,7.2,7.23,7.04,7.05
1984-02-08,7.12,7.18,6.97,7.04
1984-02-09,7.14,7.17,7.02,7.06
1984-02-10,7.08,7.11,7.02,7.06
1984-02-13,7,7.04,6.77,6.8
1984-02-14,6.68,6.73,6.64,6.66
1984-02-15,6.58,6.84,6.58,6.77
1984-02-16,6.82,6.89,6.74,6.78
1984-02-17,6.73,6.8,6.58,6.6
1984-02-21,6.55,6.75,6.55,6.75
1984-02-22,6.83,6.9,6.67,6.86
1984-02-23,6.83,6.86,6.7,6.7
1984-02-24,6.58,6.77,6.58,6.68
1984-02-27,6.65,6.73,6.61,6.61
1984-02-28,6.5,6.57,6.08,6.1
1984-02-29,6.7,6.8,6.68,6.71
1984-03-01,6.81,6.92,6.8,6.91
1984-03-02,6.91,6.99,6.91,6.99
1984-03-05,6.97,7.07,6.93,6.95
1984-03-06,6.91,6.96,6.74,6.76
1984-03-07,6.64,6.65,6.55,6.56
1984-03-08,6.54,6.77,6.54,6.74
1984-03-09,6.68,7.4,6.68,7.36
1984-03-12,7.15,7.35,7.15,7.15
1984-03-13,7.03,7.24,6.95,7.15
1984-03-14,7.2,7.23,6.75,6.78
1984-03-15,6.8,7.15,6.8,7.06
1984-03-16,6.95,7.2,6.93,7.04
1984-03-19,7.02,7.15,6.96,7.03
1984-03-20,7.1,7.25,7.06,7.16
1984-03-21,7.25,7.33,7.17,7.18
1984-03-22,7.18,7.2,6.7,6.75
1984-03-23,6.81,6.94,6.65,6.88
1984-03-26,6.93,7.02,6.83,7
1984-03-27,6.97,7.04,6.76,6.79
1984-03-28,6.73,7,6.73,6.99
1984-03-29,6.95,7.01,6.85,7
1984-03-30,6.92,6.96,6.78,6.86
1984-04-02,6.83,6.94,6.8,6.81
1984-04-03,6.76,6.8,6.53,6.54
1984-04-04,6.6,6.7,6.53,6.7
1984-04-05,6.6,6.62,6.33,6.34
1984-04-06,6.42,6.45,6.26,6.29
1984-04-09,6.38,6.4,6.29,6.29
1984-04-10,6.25,6.27,6.18,6.21
1984-04-11,6.2,6.27,6.13,6.14
1984-04-12,6.14,6.26,6.09,6.1
1984-04-13,6.15,6.29,6.15,6.21
1984-04-16,6.2,6.22,6.05,6.08
1984-04-17,6.05,6.17,6.01,6.15
1984-04-18,6.04,6.07,5.96,6.05
1984-04-19,6,6.07,5.91,5.91
1984-04-23,5.9,6.02,5.88,5.98
1984-04-24,5.95,6.02,5.92,5.93
1984-04-25,5.97,6,5.94,5.97
1984-04-26,6,6.06,5.95,5.96
1984-04-27,6.01,6.03,5.73,5.88
1984-04-30,6.31,6.49,6.31,6.48
1984-05-01,6.45,6.47,6.32,6.33
1984-05-02,6.28,6.3,6.1,6.11
1984-05-03,6.08,6.17,6.05,6.06
1984-05-04,6,6.04,5.87,5.87
1984-05-07,5.85,5.88,5.6,5.62
1984-05-08,5.58,5.7,5.48,5.6
1984-05-09,5.65,5.9,5.65,5.71
1984-05-10,5.67,5.81,5.55,5.59
1984-05-11,5.54,5.62,5.51,5.56
1984-05-14,5.52,5.79,5.52,5.76
1984-05-15,5.71,5.82,5.66,5.76
1984-05-16,5.72,5.78,5.67,5.68
1984-05-17,5.66,5.75,5.63,5.71
1984-05-18,5.7,5.85,5.68,5.84
1984-05-21,5.9,6.12,5.9,6.11
1984-05-22,6.09,6.11,5.88,5.89
1984-05-23,5.83,5.85,5.6,5.66
1984-05-24,5.65,5.8,5.61,5.8
1984-05-25,5.83,5.96,5.68,5.85
1984-05-29,5.75,5.82,5.7,5.72
1984-05-30,5.67,5.76,5.67,5.75
1984-05-31,5.71,5.88,5.7,5.88
1984-06-01,5.96,6.02,5.78,5.83
1984-06-04,5.81,5.83,5.67,5.71
1984-06-05,5.86,5.9,5.72,5.73
1984-06-06,5.9,6,5.85,5.98
1984-06-07,6.02,6.04,5.85,5.87
1984-06-08,5.85,5.88,5.81,5.83
1984-06-11,5.83,5.84,5.7,5.73
1984-06-12,5.68,5.72,5.52,5.53
1984-06-13,5.56,5.66,5.5,5.64
1984-06-14,5.66,5.7,5.57,5.6
1984-06-15,5.63,5.64,5.57,5.62
1984-06-18,5.63,5.68,5.62,5.65
1984-06-19,5.67,5.71,5.65,5.68
1984-06-20,5.63,5.69,5.59,5.59
1984-06-21,5.56,5.6,5.38,5.4
1984-06-22,5.41,5.48,5.41,5.42
1984-06-25,5.39,5.42,5.15,5.16
1984-06-26,5.16,5.25,5.15,5.17
1984-06-27,5.22,5.25,5.16,5.19
1984-06-28,5.19,5.24,4.95,4.97
1984-06-29,5.47,5.6,5.44,5.58
1984-07-02,5.58,5.61,5.23,5.29
1984-07-03,5.28,5.3,5.02,5.04
1984-07-05,5.04,5.09,4.95,5.09
1984-07-06,5.03,5.15,4.96,5.07
1984-07-09,5,5.1,5,5.08
1984-07-10,5.12,5.29,5.12,5.28
1984-07-11,5.22,5.28,4.96,4.97
1984-07-12,4.9,5,4.88,4.93
1984-07-13,5.01,5.12,4.92,4.95
1984-07-16,4.96,4.99,4.82,4.82
1984-07-17,4.81,4.83,4.62,4.64
1984-07-18,4.64,4.78,4.6,4.69
1984-07-19,4.72,4.8,4.64,4.65
1984-07-20,4.59,4.87,4.57,4.85
1984-07-23,4.69,4.85,4.69,4.81
1984-07-24,4.87,4.99,4.83,4.91
1984-07-25,4.88,4.95,4.65,4.66
1984-07-26,4.66,4.73,4.58,4.7
1984-07-27,4.65,4.72,4.6,4.69
1984-07-30,4.62,4.65,4.52,4.55
1984-07-31,4.56,4.59,4.52,4.55
1984-08-01,4.6,4.68,4.5,4.53
1984-08-02,4.52,4.57,4.35,4.41
1984-08-03,4.45,4.5,4.33,4.43
1984-08-06,4.38,4.45,4.34,4.44
1984-08-07,4.4,4.48,4.29,4.36
1984-08-08,4.37,4.4,4.27,4.28
1984-08-09,4.26,4.28,4.19,4.24
1984-08-10,4.16,4.19,3.99,4
1984-08-13,4.04,4.08,3.97,4.04
1984-08-14,4.08,4.16,4.05,4.09
1984-08-15,4.03,4.05,3.9,3.93
1984-08-16,3.9,4.35,3.9,4.32
1984-08-17,4.25,4.42,4.2,4.36
1984-08-20,4.3,4.32,4.18,4.23
1984-08-21,4.13,4.2,4.05,4.18
1984-08-22,4.19,4.44,4.1,4.39
1984-08-23,4.45,4.47,4.34,4.36
1984-08-24,4.35,4.4,4.23,4.28
1984-08-27,4.28,4.82,4.26,4.71
1984-08-28,4.78,4.96,4.72,4.78
1984-08-29,4.7,4.78,4.58,4.62
1984-08-30,4.57,4.69,4.51,4.66
1984-08-31,4.75,4.82,4.55,4.62
1984-09-04,4.68,4.76,4.5,4.74
1984-09-05,4.9,4.92,4.65,4.66
1984-09-06,4.57,4.7,4.39,4.41
1984-09-07,4.4,4.42,4.28,4.33
1984-09-10,4.28,4.43,4.21,4.38
1984-09-11,4.43,4.54,4.4,4.43
1984-09-12,4.38,4.43,4.35,4.42
1984-09-13,4.49,4.5,4.35,4.38
1984-09-14,4.39,4.41,4.15,4.15
1984-09-17,4.1,4.12,3.79,3.8
1984-09-18,3.8,3.93,3.8,3.9
1984-09-19,3.93,3.98,3.82,3.97
1984-09-20,3.96,4.07,3.94,4.04
1984-09-21,4.05,4.18,4.03,4.12
1984-09-24,4.1,4.12,3.97,4.01
1984-09-25,3.88,4.05,3.87,4.04
1984-09-26,3.98,4.2,3.98,4.14
1984-09-27,4.2,4.27,4.1,4.23
1984-09-28,5.47,5.52,5.41,5.44
1984-10-01,5.4,5.47,5.33,5.46
1984-10-02,5.46,5.9,5.46,5.9
1984-10-03,5.98,6.02,5.85,6
1984-10-04,5.95,5.98,5.78,5.87
1984-10-05,5.81,6.05,5.76,6.04
1984-10-08,6.16,6.2,5.92,5.93
1984-10-09,5.87,6.13,5.87,6.13
1984-10-10,6.16,6.27,5.88,5.91
1984-10-11,5.96,6.04,5.85,5.99
1984-10-12,6.08,6.1,5.87,5.88
1984-10-15,5.9,6.2,5.83,6.18
1984-10-16,6.15,6.2,5.98,6.09
1984-10-17,6.02,6.12,5.95,6.1
1984-10-18,6.06,6.11,6.01,6.04
1984-10-19,6.01,6.03,5.9,5.92
1984-10-22,5.92,5.94,5.55,5.56
1984-10-23,5.57,5.7,5.56,5.69
1984-10-24,5.71,5.76,5.63,5.75
1984-10-25,5.73,5.78,5.67,5.7
1984-10-26,5.68,5.72,5.66,5.7
1984-10-29,5.66,5.67,5.51,5.57
1984-10-30,5.51,5.85,5.46,5.83
1984-10-31,5.77,5.89,5.74,5.83
1984-11-01,5.76,5.94,5.76,5.92
1984-11-02,5.97,6.01,5.86,6
1984-11-05,6,6.05,5.94,5.95
1984-11-06,5.91,5.98,5.88,5.97
1984-11-07,5.96,5.97,5.8,5.81
1984-11-08,5.79,5.95,5.78,5.95
1984-11-09,5.92,6.01,5.87,5.88
1984-11-12,5.81,5.89,5.75,5.75
1984-11-13,5.71,5.73,5.6,5.61
1984-11-14,5.6,5.68,5.58,5.59
1984-11-15,5.58,5.66,5.58,5.6
1984-11-16,5.63,5.66,5.37,5.38
1984-11-19,5.33,5.37,5.28,5.35
1984-11-20,5.33,5.37,5.28,5.29
1984-11-21,5.27,5.29,5.19,5.28
1984-11-23,5.31,5.35,5.15,5.15
1984-11-26,5.1,5.2,5.08,5.19
1984-11-27,5.22,5.4,5.22,5.39
1984-11-28,5.32,5.43,5.19,5.41
1984-11-29,5.35,5.44,5.28,5.3
1984-11-30,5.26,5.36,5.23,5.28
1984-12-03,5.26,5.34,5.26,5.27
1984-12-04,5.24,5.35,5.24,5.33
1984-12-05,5.3,5.34,5.2,5.21
1984-12-06,5.2,5.22,5.1,5.1
1984-12-07,5.1,5.15,5.1,5.12
1984-12-10,5.05,5.08,4.76,4.77
1984-12-11,4.74,4.77,4.57,4.59
1984-12-12,4.61,4.73,4.61,4.7
1984-12-13,4.66,4.68,4.6,4.61
1984-12-14,4.65,4.67,4.51,4.52
1984-12-17,4.42,4.43,4.33,4.37
1984-12-18,4.34,4.44,4.33,4.42
1984-12-19,4.45,4.47,4.31,4.32
1984-12-20,4.31,4.35,4.15,4.17
1984-12-21,4.22,4.24,4.08,4.1
1984-12-26,4.07,4.08,4.02,4.07
1984-12-27,4.02,4.18,4.02,4.14
1984-12-28,4.13,4.22,4.12,4.19
1984-12-31,4.18,4.22,4.16,4.16
1985-01-02,4.14,4.28,4.14,4.16
1985-01-03,4.15,4.16,4.06,4.08
1985-01-04,4.02,4.15,4.01,4.13
1985-01-07,4.08,4.25,4.08,4.24
1985-01-08,4.26,4.3,4.22,4.29
1985-01-09,4.2,4.36,4.2,4.33
1985-01-10,4.34,4.43,4.28,4.36
1985-01-11,4.39,4.7,4.37,4.69
1985-01-14,4.78,4.84,4.52,4.59
1985-01-15,4.61,4.69,4.54,4.67
1985-01-16,4.58,4.66,4.51,4.58
1985-01-17,4.54,4.56,4.22,4.23
1985-01-18,4.18,4.2,4.02,4.09
1985-01-21,4.13,4.35,4.13,4.34
1985-01-22,4.36,4.38,4.11,4.12
1985-01-23,4.08,4.3,4.05,4.29
1985-01-24,4.28,4.35,4.14,4.2
1985-01-25,4.22,4.6,4.19,4.54
1985-01-28,4.54,4.62,4.46,4.6
1985-01-29,4.54,4.55,4.41,4.42
1985-01-30,4.39,4.6,4.35,4.56
1985-01-31,4.52,4.54,4.28,4.32
1985-02-01,4.27,4.45,4.27,4.43
1985-02-04,4.37,4.43,4.25,4.29
1985-02-05,4.28,4.3,4.12,4.13
1985-02-06,4.13,4.21,4.07,4.11
1985-02-07,4.08,4.13,4.07,4.12
1985-02-08,4.13,4.15,3.85,3.91
1985-02-11,3.9,3.97,3.87,3.92
1985-02-12,3.9,3.91,3.8,3.84
1985-02-13,3.81,3.88,3.78,3.79
1985-02-14,3.76,3.91,3.76,3.85
1985-02-15,3.9,4.15,3.9,4.14
1985-02-19,4.15,4.22,4.08,4.16
1985-02-20,4.12,4.13,3.82,3.98
1985-02-21,3.94,4.01,3.86,3.98
1985-02-22,3.97,3.99,3.85,3.86
1985-02-25,3.8,3.89,3.74,3.87
1985-02-26,3.85,3.97,3.85,3.9
1985-02-27,3.95,4.18,3.95,4.09
1985-02-28,4.12,4.17,4.05,4.12
1985-03-01,4.16,4.3,4.16,4.29
1985-03-04,4.31,4.39,4.28,4.35
1985-03-05,4.22,4.28,4.08,4.16
1985-03-06,4.15,4.23,4.12,4.19
1985-03-07,4.15,4.17,4.09,4.14
1985-03-08,4.07,4.1,3.82,3.83
1985-03-11,3.88,3.96,3.85,3.87
1985-03-12,3.88,3.95,3.85,3.86
1985-03-13,3.86,4.1,3.86,4.08
1985-03-14,4.03,4.08,3.89,3.95
1985-03-15,3.97,4.04,3.85,3.86
1985-03-18,3.93,3.96,3.86,3.86
1985-03-19,4,4.1,3.95,4.07
1985-03-20,3.96,4.02,3.91,3.94
1985-03-21,3.97,4.03,3.96,4
1985-03-22,4.01,4.03,3.91,3.95
1985-03-25,3.92,3.96,3.88,3.94
1985-03-26,3.98,4.02,3.93,3.93
1985-03-27,4.01,4.04,3.88,3.9
1985-03-28,3.88,3.92,3.8,3.8
1985-03-29,3.82,3.9,3.82,3.85
1985-04-01,3.82,4.02,3.82,4
1985-04-02,3.98,4.02,3.77,3.78
1985-04-03,3.83,3.86,3.75,3.8
1985-04-04,3.76,3.81,3.73,3.79
1985-04-08,3.79,3.8,3.74,3.74
1985-04-09,3.76,3.78,3.69,3.7
1985-04-10,3.69,3.8,3.69,3.76
1985-04-11,3.76,3.85,3.75,3.83
1985-04-12,3.77,3.84,3.77,3.83
1985-04-15,3.82,3.85,3.61,3.61
1985-04-16,3.61,3.65,3.55,3.61
1985-04-17,3.54,3.63,3.53,3.55
1985-04-18,3.56,3.59,3.52,3.52
1985-04-19,3.52,3.56,3.48,3.49
1985-04-22,3.43,3.47,3.34,3.35
1985-04-23,3.31,3.31,3.21,3.27
1985-04-24,3.2,3.38,3.16,3.35
1985-04-25,3.27,3.34,3.25,3.3
1985-04-26,3.19,3.27,3.19,3.25
1985-04-29,3.27,3.29,3.13,3.15
1985-04-30,3.46,3.59,3.46,3.55
1985-05-01,3.5,3.57,3.48,3.56
1985-05-02,3.52,3.55,3.35,3.41
1985-05-03,3.33,3.35,3.25,3.26
1985-05-06,3.26,3.27,3.09,3.15
1985-05-07,3.11,3.12,2.93,2.94
1985-05-08,3,3.1,2.99,3.06
1985-05-09,3.01,3.09,3.01,3.05
1985-05-10,3.1,3.15,3.06,3.07
1985-05-13,3.07,3.15,2.92,3.13
1985-05-14,3.05,3.15,3.05,3.1
1985-05-15,3.07,3.1,3.05,3.05
1985-05-16,3.04,3.08,3,3
1985-05-17,2.96,3.12,2.92,3.11
1985-05-20,3.06,3.22,3.06,3.21
1985-05-21,3.21,3.24,3.06,3.1
1985-05-22,3.06,3.08,2.98,3.04
1985-05-23,3.02,3.1,2.96,3.07
1985-05-24,3.05,3.08,3,3
1985-05-28,2.99,3.05,2.98,3.02
1985-05-29,2.98,3.02,2.97,2.97
1985-05-30,3,3.02,2.96,2.97
1985-05-31,3.07,3.15,3.06,3.14
1985-06-03,3.12,3.16,2.98,3.04
1985-06-04,2.97,3.01,2.92,2.93
1985-06-05,2.85,2.92,2.84,2.91
1985-06-06,2.92,2.98,2.84,2.85
1985-06-07,2.85,2.89,2.78,2.79
1985-06-10,2.8,2.82,2.75,2.77
1985-06-11,2.82,2.88,2.79,2.82
1985-06-12,2.85,2.91,2.84,2.9
1985-06-13,3,3.08,2.97,3
1985-06-14,2.96,3,2.95,2.99
1985-06-17,3.01,3.04,2.93,2.96
1985-06-18,2.97,2.99,2.91,2.98
1985-06-19,2.97,2.99,2.68,2.71
1985-06-20,2.78,2.8,2.63,2.7
1985-06-21,2.74,2.78,2.7,2.71
1985-06-24,2.75,2.82,2.75,2.77
1985-06-25,2.76,2.77,2.67,2.7
1985-06-26,2.71,2.73,2.67,2.69
1985-06-27,2.7,2.74,2.64,2.67
1985-06-28,2.98,3.1,2.94,2.95
1985-07-01,2.97,2.99,2.89,2.9
1985-07-02,2.85,2.87,2.79,2.8
1985-07-03,2.83,2.84,2.75,2.83
1985-07-08,2.78,2.85,2.77,2.83
1985-07-09,2.82,2.9,2.82,2.86
1985-07-10,2.89,2.99,2.89,2.98
1985-07-11,2.95,2.99,2.92,2.97
1985-07-12,2.95,2.96,2.87,2.94
1985-07-15,2.95,2.96,2.88,2.95
1985-07-16,2.92,3.07,2.92,3.06
1985-07-17,3.12,3.25,3.1,3.24
1985-07-18,3.21,3.4,3.21,3.38
1985-07-19,3.39,3.43,3.34,3.43
1985-07-22,3.38,3.79,3.37,3.77
1985-07-23,3.8,3.94,3.63,3.79
1985-07-24,3.68,3.79,3.57,3.66
1985-07-25,3.7,4.2,3.7,4.13
1985-07-26,4.65,4.85,4.33,4.76
1985-07-29,4.57,4.83,4.31,4.34
1985-07-30,4.35,4.5,4.25,4.28
1985-07-31,4.41,4.57,4.3,4.5
1985-08-01,4.67,4.88,4.56,4.74
1985-08-02,4.73,4.8,4.56,4.79
1985-08-05,4.95,5,4.88,4.91
1985-08-06,4.92,4.94,4.65,4.73
1985-08-07,4.78,4.8,4.22,4.33
1985-08-08,4.36,4.4,4.26,4.32
1985-08-09,4.4,4.69,4.27,4.3
1985-08-12,4.25,4.55,4.11,4.53
1985-08-13,4.67,4.72,4.52,4.59
1985-08-14,4.48,4.74,4.48,4.53
1985-08-15,4.55,4.6,4.31,4.32
1985-08-16,4.25,4.48,4.25,4.35
1985-08-19,4.41,4.52,4.22,4.24
1985-08-20,4.18,4.32,4.18,4.31
1985-08-21,4.28,4.36,4.05,4.12
1985-08-22,4.05,4.17,3.98,4.15
1985-08-23,4.2,4.6,4.17,4.59
1985-08-26,4.62,4.69,4.41,4.44
1985-08-27,4.48,4.65,4.47,4.56
1985-08-28,4.62,4.9,4.6,4.9
1985-08-29,4.88,4.93,4.78,4.83
1985-08-30,4.8,4.83,4.6,4.75
1985-09-03,4.81,5.34,4.81,5.27
1985-09-04,5.25,5.45,5.11,5.23
1985-09-05,5.3,5.37,5.15,5.29
1985-09-06,5.1,5.18,5,5.17
1985-09-09,5.23,5.45,5.2,5.34
1985-09-10,5.45,5.65,5.45,5.63
1985-09-11,5.48,5.58,5.31,5.32
1985-09-12,5.34,5.35,5.16,5.17
1985-09-13,5.1,5.48,5.05,5.41
1985-09-16,5.55,5.63,5.35,5.36
1985-09-17,5.33,5.47,5.21,5.26
1985-09-18,5.16,5.3,5.1,5.29
1985-09-19,5.28,5.34,5.1,5.17
1985-09-20,5.11,5.37,5.11,5.3
1985-09-23,5.4,5.53,5.17,5.22
1985-09-24,5.23,5.35,5.19,5.34
1985-09-25,5.33,5.48,5.28,5.45
1985-09-26,5.35,5.37,4.86,4.91
1985-09-30,5.48,5.66,5.46,5.65
1985-10-01,5.61,5.75,5.55,5.65
1985-10-02,5.58,5.71,5.57,5.6
1985-10-03,5.53,5.71,5.47,5.7
1985-10-04,5.68,5.7,5.5,5.55
1985-10-07,5.45,5.49,5.29,5.3
1985-10-08,5.37,5.44,5.34,5.36
1985-10-09,5.27,5.66,5.27,5.64
1985-10-10,5.6,5.79,5.54,5.55
1985-10-11,5.56,5.64,5.54,5.57
1985-10-15,5.5,5.73,5.5,5.72
1985-10-16,5.68,5.74,5.33,5.34
1985-10-17,5.43,5.5,5.36,5.38
1985-10-18,5.38,5.6,5.25,5.37
1985-10-21,5.34,5.45,5.34,5.39
1985-10-22,5.36,5.51,5.36,5.49
1985-10-23,5.5,5.62,5.4,5.41
1985-10-24,5.46,5.52,5.38,5.51
1985-10-25,5.54,5.55,5.47,5.5
1985-10-28,5.5,5.67,5.48,5.62
1985-10-29,5.72,5.98,5.65,5.95
1985-10-30,5.99,6.03,5.81,5.88
1985-10-31,5.93,6.15,5.91,6.14
1985-11-01,6.15,6.3,6.08,6.27
1985-11-04,6.2,6.25,6.09,6.15
1985-11-05,6.1,6.37,6.1,6.33
1985-11-06,6.38,6.39,6.21,6.22
1985-11-07,6.13,6.19,5.91,5.93
1985-11-08,5.93,6.08,5.93,6.02
1985-11-11,6,6.15,5.99,6.12
1985-11-12,6.16,6.2,6.02,6.07
1985-11-13,5.97,6.02,5.82,5.97
1985-11-14,6.03,6.09,5.9,5.93
1985-11-15,5.92,6.01,5.85,5.88
1985-11-18,5.82,5.87,5.73,5.73
1985-11-19,5.79,5.87,5.73,5.83
1985-11-20,5.87,5.96,5.87,5.93
1985-11-21,5.95,6.32,5.87,6.32
1985-11-22,6.28,6.34,6.12,6.18
1985-11-25,6.25,6.29,6.12,6.17
1985-11-26,6.1,6.23,6.06,6.08
1985-11-27,6.08,6.22,5.98,6.18
1985-11-29,6.16,6.22,6.12,6.13
1985-12-02,6.2,6.56,6.19,6.5
1985-12-03,6.49,6.51,6.33,6.34
1985-12-04,6.41,6.53,6.28,6.33
1985-12-05,6.37,6.52,6.32,6.51
1985-12-06,6.53,6.55,6.36,6.4
1985-12-09,6.31,6.35,6.21,6.32
1985-12-10,6.25,6.47,6.25,6.26
1985-12-11,6.18,6.23,6.06,6.09
1985-12-12,6.11,6.22,6.07,6.07
1985-12-13,6.15,6.36,6.15,6.35
1985-12-16,6.35,6.45,6.26,6.33
1985-12-17,6.38,6.5,6.23,6.26
1985-12-18,6.17,6.25,6.15,6.18
1985-12-19,6.02,6.06,5.88,5.92
1985-12-20,5.95,6.04,5.88,5.9
1985-12-23,5.88,5.96,5.6,5.61
1985-12-26,5.5,5.55,5.38,5.44
1985-12-27,5.52,5.65,5.51,5.55
1985-12-30,5.55,5.62,5.48,5.51
1985-12-31,5.56,5.67,5.54,5.62
1986-01-02,5.68,5.71,5.54,5.55
1986-01-03,5.51,5.56,5.45,5.51
1986-01-06,5.58,5.63,5.54,5.62
1986-01-07,5.69,5.89,5.68,5.88
1986-01-08,5.75,5.83,5.64,5.66
1986-01-09,5.65,5.75,5.55,5.6
1986-01-10,5.6,5.68,5.6,5.65
1986-01-13,5.61,5.63,5.32,5.34
1986-01-14,5.3,5.34,5.07,5.13
1986-01-15,5.22,5.28,5.14,5.19
1986-01-16,5.25,5.31,5.11,5.14
1986-01-17,5.18,5.24,5.16,5.2
1986-01-20,5.19,5.26,5.07,5.1
1986-01-21,5.06,5.16,4.97,5.15
1986-01-22,5.16,5.42,5.16,5.39
1986-01-23,5.47,6.08,5.47,6.07
1986-01-24,5.95,6.13,5.85,5.93
1986-01-27,5.9,6.02,5.86,5.94
1986-01-28,5.95,6.07,5.79,5.86
1986-01-29,5.93,6.02,5.78,5.8
1986-01-30,5.77,5.82,5.65,5.76
1986-01-31,5.8,5.94,5.72,5.92
1986-02-03,6.03,6.12,5.77,5.78
1986-02-04,5.62,6.02,5.6,5.79
1986-02-05,5.82,5.89,5.69,5.71
1986-02-06,5.75,5.87,5.69,5.86
1986-02-07,5.84,6,5.81,5.94
1986-02-10,5.96,5.99,5.89,5.91
1986-02-11,5.83,5.89,5.76,5.81
1986-02-12,5.78,5.97,5.74,5.96
1986-02-13,5.88,5.96,5.88,5.92
1986-02-14,5.83,5.89,5.65,5.67
1986-02-18,5.67,5.78,5.66,5.67
1986-02-19,5.7,5.79,5.67,5.68
1986-02-20,5.7,5.88,5.7,5.87
1986-02-21,5.91,5.93,5.8,5.81
1986-02-24,5.84,5.88,5.8,5.82
1986-02-25,5.78,5.98,5.74,5.9
1986-02-26,5.88,5.94,5.83,5.85
1986-02-27,5.9,5.92,5.81,5.85
1986-02-28,6.11,6.31,6.11,6.3
1986-03-03,6.33,7,6.3,6.89
1986-03-04,6.88,6.96,6.82,6.94
1986-03-05,6.76,6.85,6.66,6.75
1986-03-06,6.85,6.91,6.68,6.8
1986-03-07,6.73,6.85,6.73,6.78
1986-03-10,6.74,6.77,6.65,6.73
1986-03-11,6.72,7.19,6.71,7.15
1986-03-12,7.14,7.22,7.04,7.09
1986-03-13,7.05,7.13,6.98,7.09
1986-03-14,7.25,7.35,7.19,7.31
1986-03-17,7.25,7.27,7.2,7.25
1986-03-18,7.32,7.47,7.32,7.33
1986-03-19,7.28,7.33,7.12,7.19
1986-03-20,7.29,7.4,7.23,7.24
1986-03-21,7.3,7.6,7.3,7.6
1986-03-24,7.65,8.15,7.65,8.14
1986-03-25,8.45,8.47,8.05,8.19
1986-03-26,8.25,8.9,8.25,8.75
1986-03-27,8.65,8.83,8.45,8.75
1986-03-31,8.88,9.22,8.88,9.18
1986-04-01,8.95,9.26,8.85,8.92
1986-04-02,8.6,8.9,8.52,8.71
1986-04-03,8.73,8.85,8.55,8.69
1986-04-04,8.7,8.9,8.57,8.86
1986-04-07,9.15,9.49,9.15,9.39
1986-04-08,9.55,9.58,9.21,9.22
1986-04-09,9.01,9.39,9.01,9.37
1986-04-10,9.43,9.45,8.85,8.91
1986-04-11,8.4,8.5,7.85,8
1986-04-14,7.95,8.28,7.85,8.26
1986-04-15,8.34,8.51,7.8,7.83
1986-04-16,7.62,8.2,7.62,7.98
1986-04-17,8.14,8.4,8,8.36
1986-04-18,8.52,8.84,8.15,8.21
1986-04-21,8.1,8.24,8,8.22
1986-04-22,8.18,8.33,7.75,8.27
1986-04-23,8.21,8.26,8.02,8.18
1986-04-24,8.17,8.41,8.1,8.4
1986-04-25,8.2,8.49,8.2,8.47
1986-04-28,8.5,8.54,8.15,8.2
1986-04-29,8.22,8.6,8.16,8.5
1986-04-30,9.37,9.5,9.06,9.24
1986-05-01,9.15,9.19,8.55,8.75
1986-05-02,8.9,8.94,8.65,8.75
1986-05-05,8.72,8.92,8.7,8.73
1986-05-06,8.63,9.25,8.61,9.2
1986-05-07,9,9.05,8.3,8.46
1986-05-08,8.53,8.85,8.53,8.62
1986-05-09,8.85,8.89,8.57,8.85
1986-05-12,8.62,8.74,8.52,8.68
1986-05-13,8.5,8.57,8.22,8.27
1986-05-14,8.18,8.19,7.7,7.73
1986-05-15,7.69,7.95,7.63,7.76
1986-05-16,7.78,7.91,7.78,7.86
1986-05-19,7.82,7.97,7.22,7.29
1986-05-20,7.11,7.27,6.98,7.01
1986-05-21,7.2,7.41,7.07,7.12
1986-05-22,7.22,7.32,7.14,7.25
1986-05-23,7.37,7.44,7.31,7.43
1986-05-27,7.38,7.55,7.35,7.41
1986-05-28,7.26,7.31,7.08,7.12
1986-05-29,7.05,7.3,6.96,7.27
1986-05-30,7.26,7.58,7.25,7.32
1986-06-02,7.3,7.66,7.3,7.65
1986-06-03,7.67,7.7,7.31,7.38
1986-06-04,7.31,7.44,7.25,7.29
1986-06-05,7.21,7.25,7.09,7.15
1986-06-06,7.2,7.38,7.2,7.3
1986-06-09,7.33,7.39,6.85,6.99
1986-06-10,6.89,6.98,6.65,6.86
1986-06-11,6.9,7,6.85,6.96
1986-06-12,6.78,6.82,6.56,6.62
1986-06-13,6.68,6.71,6.35,6.43
1986-06-16,6.36,6.46,6.31,6.34
1986-06-17,6.36,6.44,6.31,6.32
1986-06-18,6.35,6.56,6.3,6.53
1986-06-19,6.54,6.63,6.12,6.14
1986-06-20,6.07,6.24,5.95,5.97
1986-06-23,5.93,6.15,5.86,6.05
1986-06-24,6.01,6.15,5.96,6
1986-06-25,5.9,5.97,5.74,5.91
1986-06-26,5.9,6.12,5.9,6.09
1986-06-27,6.1,6.2,6,6.19
1986-06-30,6.69,6.95,6.56,6.85
1986-07-01,6.86,6.94,6.28,6.29
1986-07-02,6.15,6.38,6.05,6.25
1986-07-03,6.18,6.31,5.91,6.05
1986-07-07,6.21,6.24,5.77,5.85
1986-07-08,5.95,6.06,5.58,5.61
1986-07-09,5.7,5.97,5.7,5.95
1986-07-10,5.86,5.92,5.67,5.72
1986-07-11,5.66,5.84,5.53,5.61
1986-07-14,5.53,5.65,5.41,5.63
1986-07-15,5.67,5.75,5.37,5.46
1986-07-16,5.47,5.6,5.43,5.45
1986-07-17,5.52,6.02,5.52,5.94
1986-07-18,5.96,6.17,5.88,6.1
1986-07-21,6,6.3,5.92,6.27
1986-07-22,6.35,6.53,6.17,6.2
1986-07-23,6.13,6.24,5.94,6.04
1986-07-24,5.91,6.36,5.91,6.32
1986-07-25,6.57,6.78,6.52,6.77
1986-07-28,6.8,6.85,6.6,6.8
1986-07-29,6.53,6.72,6.53,6.58
1986-07-30,6.52,6.8,6.52,6.79
1986-07-31,6.87,6.93,6.55,6.57
1986-08-01,6.63,6.68,6.42,6.49
1986-08-04,6.42,6.47,6.35,6.4
1986-08-05,6.47,6.73,6.47,6.73
1986-08-06,6.6,6.68,6.52,6.67
1986-08-07,6.75,6.84,6.65,6.82
1986-08-08,6.74,6.79,6.7,6.78
1986-08-11,6.88,6.98,6.46,6.81
1986-08-12,6.88,6.89,6.5,6.54
1986-08-13,6.46,6.51,6.25,6.27
1986-08-14,6.15,6.25,5.95,5.97
1986-08-15,5.85,5.92,5.62,5.64
1986-08-18,5.7,5.88,5.7,5.85
1986-08-19,5.75,5.88,5.57,5.62
1986-08-20,5.57,5.78,5.48,5.76
1986-08-21,5.7,5.8,5.6,5.8
1986-08-22,5.88,5.95,5.78,5.94
1986-08-25,5.89,5.94,5.62,5.74
1986-08-26,5.67,5.9,5.63,5.9
1986-08-27,5.79,5.85,5.71,5.77
1986-08-28,5.64,5.72,5.56,5.57
1986-08-29,5.5,5.52,5.22,5.22
1986-09-02,5.22,5.32,5.01,5.07
1986-09-03,5.15,5.25,4.97,5.23
1986-09-04,5.14,5.18,5.04,5.1
1986-09-05,4.96,5,4.86,4.89
1986-09-08,4.8,4.9,4.79,4.88
1986-09-09,4.88,5.13,4.88,5.08
1986-09-10,5.15,5.49,5.15,5.38
1986-09-11,5.28,5.34,5.11,5.13
1986-09-12,5.2,5.36,5.2,5.36
1986-09-15,5.26,5.37,5.06,5.2
1986-09-16,5.25,5.3,5.1,5.12
1986-09-17,5.09,5.22,4.83,4.85
1986-09-18,4.75,4.91,4.75,4.9
1986-09-19,4.85,4.88,4.79,4.81
1986-09-22,4.82,4.88,4.75,4.78
1986-09-23,4.72,5.32,4.72,5.29
1986-09-24,5.22,5.32,5.08,5.11
1986-09-25,5.06,5.15,5.04,5.1
1986-09-26,5.1,5.3,4.92,4.93
1986-09-29,4.9,4.92,4.61,4.64
1986-09-30,5.97,6.43,5.92,6.28
1986-10-01,6.29,6.34,5.96,5.99
1986-10-02,5.94,6.09,5.75,6.07
1986-10-03,6.1,6.24,5.98,6.07
1986-10-06,6.04,6.22,6.04,6.22
1986-10-07,6.2,6.23,6.06,6.2
1986-10-08,6.2,6.28,6.14,6.23
1986-10-09,6.38,6.76,6.32,6.72
1986-10-10,6.72,6.9,6.66,6.87
1986-10-13,6.82,6.89,6.7,6.77
1986-10-14,6.78,6.85,6.57,6.58
1986-10-15,6.53,6.77,6.48,6.69
1986-10-16,6.68,6.8,6.61,6.79
1986-10-17,6.8,7.05,6.76,7.01
1986-10-20,6.87,6.92,6.67,6.74
1986-10-21,6.65,6.89,6.61,6.87
1986-10-22,6.95,7.1,6.7,6.74
1986-10-23,6.77,6.89,6.72,6.83
1986-10-24,6.83,6.95,6.73,6.75
1986-10-27,6.77,6.94,6.71,6.93
1986-10-28,6.94,7.03,6.83,6.84
1986-10-29,6.83,7.01,6.72,6.74
1986-10-30,6.74,6.85,6.66,6.84
1986-10-31,6.86,6.99,6.86,6.9
1986-11-03,6.95,7.24,6.95,7.24
1986-11-04,7.3,7.3,7.09,7.19
1986-11-05,7.17,7.2,7.12,7.17
1986-11-06,7.09,7.14,7.03,7.06
1986-11-07,7.07,7.19,7.04,7.18
1986-11-10,7.23,7.28,7.07,7.09
1986-11-11,7.11,7.12,6.7,6.72
1986-11-12,6.73,6.9,6.7,6.86
1986-11-13,6.73,6.84,6.73,6.78
1986-11-14,6.7,6.72,6.48,6.49
1986-11-17,6.55,6.6,6.45,6.57
1986-11-18,6.6,6.71,6.6,6.69
1986-11-19,6.68,6.8,6.53,6.56
1986-11-20,6.57,6.79,6.52,6.79
1986-11-21,6.78,6.86,6.6,6.6
1986-11-24,6.57,6.6,6.53,6.57
1986-11-25,6.56,6.64,6.47,6.6
1986-11-26,6.54,6.63,6.54,6.6
1986-11-28,6.6,6.6,6.6,6.6
1986-12-01,6.71,6.97,6.68,6.95
1986-12-02,6.98,7,6.83,6.99
1986-12-03,6.95,7.07,6.93,7.01
1986-12-04,6.96,7,6.86,6.93
1986-12-05,6.91,6.99,6.9,6.99
1986-12-08,6.94,7.01,6.89,6.96
1986-12-09,6.88,6.9,6.5,6.51
1986-12-10,6.55,6.62,6.54,6.57
1986-12-11,6.48,6.61,6.46,6.59
1986-12-12,6.51,6.6,6.5,6.54
1986-12-15,6.48,6.5,6.24,6.25
1986-12-16,6.15,6.2,5.99,6.04
1986-12-17,6.1,6.15,6.04,6.12
1986-12-18,6.15,6.2,6.12,6.18
1986-12-19,6.18,6.2,6.01,6.04
1986-12-22,6.02,6.12,6.02,6.11
1986-12-23,6.14,6.22,6.12,6.17
1986-12-24,6.18,6.24,6.17,6.22
1986-12-29,6.24,6.25,6.19,6.21
1986-12-30,6.14,6.16,6.05,6.1
1986-12-31,6.07,6.17,6.05,6.16
1987-01-02,6.12,6.18,6.04,6.13
1987-01-05,6.18,6.19,6.03,6.1
1987-01-06,6.05,6.07,5.83,5.84
1987-01-07,5.78,5.91,5.77,5.9
1987-01-08,5.9,6.49,5.9,6.43
1987-01-09,6.39,6.78,6.33,6.63
1987-01-12,6.55,6.75,6.53,6.56
1987-01-13,6.51,6.75,6.48,6.74
1987-01-14,6.85,7.13,6.85,6.93
1987-01-15,6.8,6.92,6.7,6.76
1987-01-16,6.73,6.83,6.68,6.76
1987-01-19,6.8,6.9,6.69,6.71
1987-01-20,6.63,6.77,6.63,6.76
1987-01-21,6.76,7.02,6.75,7.01
1987-01-22,7.35,7.45,7.3,7.44
1987-01-23,7.47,8.08,7.42,8
1987-01-26,8.09,8.32,7.75,8.22
1987-01-27,7.87,8,7.75,7.78
1987-01-28,7.85,8.15,7.72,7.91
1987-01-29,7.88,7.93,7.75,7.85
1987-01-30,7.62,7.75,7.4,7.74
1987-02-02,7.7,7.8,7.58,7.59
1987-02-03,7.48,7.88,7.43,7.85
1987-02-04,7.88,8.12,7.63,7.65
1987-02-05,7.65,7.77,7.47,7.61
1987-02-06,7.68,7.79,7.39,7.43
1987-02-09,7.44,7.73,7.36,7.72
1987-02-10,7.93,7.98,7.66,7.88
1987-02-11,7.82,7.94,7.81,7.93
1987-02-12,7.86,8,7.69,7.7
1987-02-13,7.7,7.86,7.62,7.86
1987-02-17,7.9,7.94,7.55,7.6
1987-02-18,7.5,7.55,7.13,7.19
1987-02-19,7.26,7.44,7.26,7.43
1987-02-20,7.48,7.52,7.36,7.51
1987-02-23,7.45,7.48,7.25,7.29
1987-02-24,7.15,7.48,7.09,7.46
1987-02-25,7.47,7.53,7.25,7.26
1987-02-26,7.35,7.81,7.35,7.63
1987-02-27,8,8.25,8,8.24
1987-03-02,8.4,8.51,8.36,8.49
1987-03-03,8.38,8.42,8.27,8.29
1987-03-04,8.45,8.47,8.31,8.33
1987-03-05,8.32,8.37,8.23,8.24
1987-03-06,8.29,8.42,8.22,8.39
1987-03-09,8.33,8.37,8.15,8.19
1987-03-10,8.24,8.39,8.24,8.33
1987-03-11,8.27,8.33,8.06,8.07
1987-03-12,8.07,8.16,8.01,8.11
1987-03-13,8.06,8.28,7.98,8.14
1987-03-16,8.07,8.12,7.75,7.76
1987-03-17,7.73,7.89,7.73,7.88
1987-03-18,7.74,7.83,7.6,7.64
1987-03-19,7.68,7.83,7.59,7.77
1987-03-20,7.71,7.8,7.68,7.75
1987-03-23,7.72,7.78,7.67,7.71
1987-03-24,7.75,7.77,7.15,7.16
1987-03-25,7.1,7.24,7.06,7.18
1987-03-26,7.24,7.35,7.19,7.21
1987-03-27,7.22,7.31,6.65,6.75
1987-03-30,6.82,6.91,6.75,6.9
1987-03-31,6.86,6.91,6.69,6.72
1987-04-01,6.62,6.94,6.62,6.74
1987-04-02,6.74,6.85,6.7,6.79
1987-04-03,6.87,6.96,6.87,6.9
1987-04-06,6.83,6.93,6.75,6.79
1987-04-07,6.7,6.95,6.52,6.94
1987-04-08,6.84,6.92,6.75,6.75
1987-04-09,6.75,6.91,6.73,6.87
1987-04-10,6.92,7.13,6.7,6.77
1987-04-13,6.86,6.97,6.86,6.91
1987-04-14,7.02,7.08,6.81,6.85
1987-04-15,6.81,7,6.77,6.98
1987-04-16,6.95,7.03,6.87,6.94
1987-04-20,6.98,7,6.86,6.91
1987-04-21,6.88,6.89,6.56,6.56
1987-04-22,6.44,6.48,6.35,6.38
1987-04-23,6.5,6.61,6.48,6.56
1987-04-24,6.57,7.1,6.57,6.94
1987-04-27,7,7.12,6.78,6.8
1987-04-28,6.8,6.91,6.75,6.82
1987-04-29,6.76,7.1,6.76,7.09
1987-04-30,7.32,7.46,7.15,7.31
1987-05-01,7.19,7.24,6.75,6.76
1987-05-04,6.79,6.94,6.79,6.93
1987-05-05,6.84,6.97,6.75,6.8
1987-05-06,6.79,7.06,6.74,7.04
1987-05-07,6.94,7.06,6.83,6.92
1987-05-08,6.86,6.99,6.85,6.96
1987-05-11,6.94,7.36,6.91,7.35
1987-05-12,7.3,7.32,6.93,6.98
1987-05-13,7.01,7.11,6.91,7.08
1987-05-14,7.03,7.18,7.01,7.17
1987-05-15,7.29,7.38,7.23,7.34
1987-05-18,7.3,7.32,7.02,7.03
1987-05-19,7.12,7.2,7.03,7.14
1987-05-20,7,7.15,6.96,6.96
1987-05-21,6.93,7.23,6.87,7.19
1987-05-22,7.06,7.14,7.02,7.03
1987-05-26,6.95,6.98,6.53,6.55
1987-05-27,6.63,6.79,6.63,6.72
1987-05-28,6.68,6.77,6.65,6.72
1987-05-29,6.71,6.73,6.57,6.72
1987-06-01,6.65,6.67,6.43,6.44
1987-06-02,6.5,6.76,6.5,6.57
1987-06-03,6.58,6.64,6.53,6.63
1987-06-04,6.56,6.64,6.48,6.55
1987-06-05,6.63,6.72,6.53,6.56
1987-06-08,6.61,6.74,6.59,6.64
1987-06-09,6.58,6.68,6.57,6.6
1987-06-10,6.63,6.66,6.47,6.47
1987-06-11,6.63,6.66,6.56,6.65
1987-06-12,6.67,6.7,6.5,6.59
1987-06-15,6.75,6.95,6.7,6.82
1987-06-16,6.75,6.79,6.67,6.69
1987-06-17,6.8,6.87,6.71,6.72
1987-06-18,6.72,6.8,6.6,6.65
1987-06-19,6.69,6.7,6.59,6.61
1987-06-22,6.62,6.65,6.54,6.62
1987-06-23,6.61,6.65,6.58,6.62
1987-06-24,6.6,6.64,6.58,6.63
1987-06-25,6.61,6.65,6.58,6.64
1987-06-26,6.69,6.9,6.68,6.89
1987-06-29,6.83,6.88,6.59,6.6
1987-06-30,6.86,6.98,6.72,6.97
1987-07-01,6.97,6.99,6.9,6.91
1987-07-02,6.96,6.98,6.94,6.96
1987-07-06,6.94,6.98,6.91,6.98
1987-07-07,7,7.18,6.91,6.95
1987-07-08,6.97,6.98,6.87,6.94
1987-07-09,6.91,7.04,6.86,7.03
1987-07-10,7.08,7.1,6.96,6.96
1987-07-13,6.98,6.99,6.93,6.95
1987-07-14,6.92,6.95,6.82,6.83
1987-07-15,6.83,6.85,6.46,6.52
1987-07-16,6.58,6.63,6.32,6.49
1987-07-17,6.53,6.55,6.37,6.44
1987-07-20,6.49,6.53,6.44,6.51
1987-07-21,6.48,6.51,6.07,6.12
1987-07-22,6.13,6.25,6.13,6.24
1987-07-23,6.2,6.22,5.92,5.95
1987-07-24,5.96,6.1,5.96,6.03
1987-07-27,6.05,6.19,6.05,6.07
1987-07-28,6.09,6.1,5.8,5.83
1987-07-29,5.91,5.99,5.89,5.97
1987-07-30,5.86,6.03,5.85,5.95
1987-07-31,5.95,5.98,5.93,5.94
1987-08-03,6.05,6.09,5.89,5.97
1987-08-04,5.96,5.99,5.92,5.99
1987-08-05,6.01,6.09,5.87,5.95
1987-08-06,6,6.02,5.91,5.97
1987-08-07,5.94,6.17,5.94,6.06
1987-08-10,6,6.21,6,6.17
1987-08-11,6.15,6.19,6.11,6.12
1987-08-12,6.11,6.13,5.98,6
1987-08-13,6.04,6.22,6.04,6.19
1987-08-14,6.23,6.29,6.07,6.16
1987-08-17,6.12,6.18,6.12,6.18
1987-08-18,6.25,6.28,6.19,6.24
1987-08-19,6.22,6.27,5.97,6.05
1987-08-20,6.05,6.08,6.01,6.02
1987-08-21,5.98,6.06,5.98,6.05
1987-08-24,6,6.03,5.7,5.72
1987-08-25,5.7,5.74,5.53,5.63
1987-08-26,5.71,5.72,5.46,5.62
1987-08-27,5.64,5.66,5.58,5.64
1987-08-28,5.65,5.73,5.6,5.6
1987-08-31,5.58,5.66,5.52,5.63
1987-09-01,5.69,5.81,5.66,5.8
1987-09-02,5.9,5.96,5.77,5.83
1987-09-03,5.83,5.87,5.68,5.7
1987-09-04,5.73,5.75,5.58,5.63
1987-09-08,5.64,5.86,5.61,5.85
1987-09-09,6.05,6.14,5.94,6.1
1987-09-10,6.13,6.2,6.05,6.15
1987-09-11,6.09,6.13,5.95,6
1987-09-14,5.94,5.96,5.87,5.88
1987-09-15,5.85,6.06,5.83,6.04
1987-09-16,6.01,6.18,5.99,6.17
1987-09-17,6.17,6.39,6.17,6.39
1987-09-18,6.35,6.8,6.3,6.37
1987-09-21,6.39,6.44,6.28,6.29
1987-09-22,6.26,6.36,6.18,6.28
1987-09-23,6.24,6.27,6.06,6.07
1987-09-24,6.06,6.17,6.02,6.06
1987-09-25,6.03,6.17,6.01,6.15
1987-09-28,6.19,6.25,6.15,6.18
1987-09-29,6.16,6.38,6.1,6.16
1987-09-30,7.1,7.14,6.95,6.96
1987-10-01,6.94,7.11,6.79,7.09
1987-10-02,7.08,7.14,7.06,7.09
1987-10-05,7.08,7.18,7.05,7.18
1987-10-06,7.25,7.52,7.23,7.51
1987-10-07,7.48,7.58,7.41,7.42
1987-10-08,7.36,7.44,7.32,7.35
1987-10-09,7.4,7.55,7.35,7.38
1987-10-12,7.39,7.53,7.34,7.51
1987-10-13,7.52,7.64,7.4,7.42
1987-10-14,7.42,7.52,7.39,7.44
1987-10-15,7.52,7.58,7.41,7.43
1987-10-16,7.46,7.6,7.45,7.59
1987-10-19,7.67,7.73,7.49,7.55
1987-10-20,7.2,7.33,7.11,7.25
1987-10-21,7.34,7.44,7.34,7.36
1987-10-22,7.42,7.54,7.42,7.52
1987-10-23,7.54,7.7,7.45,7.7
1987-10-26,7.6,7.68,7.56,7.63
1987-10-27,7.58,7.65,7.48,7.51
1987-10-28,7.55,7.65,7.52,7.6
1987-10-29,7.65,7.66,7.49,7.5
1987-10-30,7.54,7.61,7.53,7.59
1987-11-02,7.58,7.61,7.53,7.53
1987-11-03,7.56,7.57,7.42,7.44
1987-11-04,7.38,7.4,7.31,7.34
1987-11-05,7.42,7.67,7.41,7.55
1987-11-06,7.48,7.6,7.45,7.59
1987-11-09,7.59,7.94,7.59,7.93
1987-11-10,7.83,7.9,7.77,7.81
1987-11-11,7.79,7.9,7.75,7.76
1987-11-12,7.83,7.85,7.75,7.76
1987-11-13,7.78,7.8,7.64,7.71
1987-11-16,7.66,7.71,7.6,7.61
1987-11-17,7.56,7.67,7.52,7.66
1987-11-18,7.74,7.87,7.72,7.86
1987-11-19,7.82,7.87,7.68,7.77
1987-11-20,7.78,7.83,7.73,7.81
1987-11-23,7.82,7.83,7.68,7.72
1987-11-24,7.64,7.8,7.63,7.75
1987-11-25,7.79,7.98,7.79,7.93
1987-11-30,8.03,8.12,7.93,8.01
1987-12-01,7.96,8.24,7.91,8.18
1987-12-02,8.12,8.16,8.03,8.09
1987-12-03,8.05,8.07,7.95,7.97
1987-12-04,7.99,8.03,7.94,7.95
1987-12-07,7.93,8.15,7.93,8.12
1987-12-08,8.08,8.11,7.93,7.94
1987-12-09,7.86,8.08,7.86,8.07
1987-12-10,8.11,8.19,8.08,8.17
1987-12-11,8.15,8.18,8.03,8.09
1987-12-14,7.98,8.12,7.98,8.04
1987-12-15,8.11,8.36,8.1,8.28
1987-12-16,8.27,8.39,8.23,8.36
1987-12-17,8.5,8.88,8.5,8.79
1987-12-18,8.74,8.85,8.68,8.84
1987-12-21,8.82,8.86,8.71,8.73
1987-12-22,8.73,8.79,8.71,8.77
1987-12-23,8.74,9.12,8.74,9.08
1987-12-24,9.33,9.55,9.3,9.32
1987-12-28,9.27,9.46,9.22,9.39
1987-12-29,9.31,9.4,9.19,9.28
1987-12-30,9.32,9.35,9.26,9.34
1987-12-31,9.36,9.49,9.35,9.49
1988-01-04,9.59,9.84,9.59,9.75
1988-01-05,9.6,9.82,9.56,9.73
1988-01-06,9.45,9.6,9.16,9.18
1988-01-07,9.21,9.44,9.21,9.29
1988-01-08,9.38,9.61,9.33,9.59
1988-01-11,9.66,9.81,9.24,9.35
1988-01-12,9.12,9.6,9.12,9.22
1988-01-13,9.18,9.3,9.06,9.27
1988-01-14,9.41,9.47,9.23,9.45
1988-01-15,9.38,9.73,9.33,9.55
1988-01-18,9.47,9.6,9.43,9.45
1988-01-19,9.52,10.2,9.52,10.18
1988-01-20,10.25,10.35,10.07,10.13
1988-01-21,10.06,10.2,9.97,10.07
1988-01-22,9.97,10.42,9.85,10.4
1988-01-25,10.3,10.83,10.3,10.52
1988-01-26,10.28,10.47,10.15,10.38
1988-01-27,10.21,10.58,10.2,10.42
1988-01-28,10.42,10.54,9.94,9.98
1988-01-29,9.92,10.18,9.55,9.64
1988-02-01,9.66,9.74,8.7,8.94
1988-02-02,8.85,8.93,8.52,8.76
1988-02-03,8.9,9,8.7,8.71
1988-02-04,8.47,9,8.41,8.98
1988-02-05,8.92,9.09,8.79,8.79
1988-02-08,8.55,8.65,7.95,8.15
1988-02-09,7.97,8.38,7.97,8.19
1988-02-10,8.38,8.7,8.38,8.44
1988-02-11,8.39,8.76,8.39,8.62
1988-02-12,8.78,8.89,8.42,8.49
1988-02-16,8.53,8.71,8.46,8.7
1988-02-17,8.65,8.76,8.61,8.63
1988-02-18,8.68,8.88,8.65,8.8
1988-02-19,8.74,8.85,8.52,8.7
1988-02-22,8.69,8.86,8.55,8.77
1988-02-23,8.77,8.89,8.33,8.45
1988-02-24,8.3,8.47,8.18,8.2
1988-02-25,8.2,8.2,7.68,7.8
1988-02-26,7.67,7.86,7.56,7.64
1988-02-29,7.81,7.93,7.79,7.91
1988-03-01,8.04,8.12,7.98,8.07
1988-03-02,8.15,8.3,8.13,8.3
1988-03-03,8.28,8.33,8.05,8.13
1988-03-04,8.2,8.53,8.2,8.43
1988-03-07,8.48,8.53,8.33,8.45
1988-03-08,8.55,8.61,8.38,8.4
1988-03-09,8.3,8.44,8.25,8.43
1988-03-10,8.37,8.42,8.33,8.39
1988-03-11,8.29,8.47,8.21,8.44
1988-03-14,8.39,8.44,8.25,8.26
1988-03-15,8.21,8.27,8.17,8.19
1988-03-16,8.16,8.64,8.16,8.63
1988-03-17,8.58,8.84,8.52,8.81
1988-03-18,8.7,8.85,8.6,8.8
1988-03-21,8.7,8.77,8.62,8.68
1988-03-22,8.59,9.09,8.59,9.08
1988-03-23,9,9.12,8.86,8.87
1988-03-24,9,9.08,8.73,8.82
1988-03-25,8.78,8.96,8.73,8.9
1988-03-28,8.91,9.16,8.81,9.14
1988-03-29,9.05,9.22,8.99,8.99
1988-03-30,9.04,9.08,8.87,9.04
1988-03-31,8.98,9.03,8.87,8.88
1988-04-04,8.95,9.02,8.47,8.51
1988-04-05,8.6,8.63,8.53,8.57
1988-04-06,8.45,8.67,8.45,8.55
1988-04-07,8.62,8.64,8.5,8.56
1988-04-08,8.65,8.84,8.65,8.7
1988-04-11,8.75,8.77,8.61,8.65
1988-04-12,8.72,8.77,8.64,8.74
1988-04-13,8.78,8.83,8.72,8.78
1988-04-14,8.78,8.8,8.45,8.58
1988-04-15,8.65,8.69,8.58,8.6
1988-04-18,8.56,8.67,8.54,8.66
1988-04-19,8.63,8.73,8.6,8.72
1988-04-20,8.73,8.73,8.63,8.7
1988-04-21,8.63,8.65,8.5,8.52
1988-04-22,8.5,8.67,8.45,8.67
1988-04-25,8.67,8.98,8.67,8.97
1988-04-26,8.94,8.97,8.64,8.66
1988-04-27,8.65,8.7,8.46,8.47
1988-04-28,8.47,8.48,8.17,8.32
1988-04-29,8.67,8.74,8.5,8.51
1988-05-02,8.5,8.54,8.1,8.12
1988-05-03,8.2,8.46,8.2,8.38
1988-05-04,8.37,8.47,8.21,8.29
1988-05-05,8.3,8.47,8.3,8.43
1988-05-06,8.4,8.49,8.35,8.47
1988-05-09,8.48,8.89,8.48,8.87
1988-05-10,8.86,8.92,8.75,8.91
1988-05-11,8.84,9.2,8.81,9.17
1988-05-12,9.08,9.33,9.07,9.25
1988-05-13,9.11,9.34,9.07,9.31
1988-05-16,9.32,9.5,9.23,9.24
1988-05-17,9.25,9.35,9.16,9.27
1988-05-18,9.22,9.32,9.16,9.19
1988-05-19,9.11,9.53,9.11,9.49
1988-05-20,9.45,9.52,9.37,9.49
1988-05-23,9.45,9.6,9.18,9.41
1988-05-24,9.36,9.4,9.22,9.34
1988-05-25,9.25,9.34,9.16,9.22
1988-05-26,9.15,9.3,9.07,9.19
1988-05-27,9.21,9.69,9.21,9.37
1988-05-31,9.56,9.64,9.42,9.47
1988-06-01,9.68,9.98,9.66,9.96
1988-06-02,9.75,9.97,9.73,9.78
1988-06-03,9.72,10.05,9.72,10
1988-06-06,10.2,10.38,10.2,10.32
1988-06-07,10.19,10.29,10.1,10.16
1988-06-08,9.95,10,9.8,9.85
1988-06-09,9.68,9.98,9.58,9.96
1988-06-10,10.06,10.15,9.88,10
1988-06-13,9.98,10.01,9.67,9.68
1988-06-14,9.63,9.89,9.63,9.87
1988-06-15,9.83,9.99,9.75,9.77
1988-06-16,9.81,9.93,9.65,9.69
1988-06-17,9.67,10.38,9.67,10.34
1988-06-20,10.58,10.93,10.53,10.87
1988-06-21,10.9,11.1,10.64,11.08
1988-06-22,11.03,11.17,10.85,11.15
1988-06-23,10.85,11.18,10.85,10.94
1988-06-24,10.82,10.9,10.75,10.86
1988-06-27,11.15,11.98,11.15,11.96
1988-06-28,13.2,13.45,12.5,12.62
1988-06-29,12.15,12.7,11.75,12.65
1988-06-30,12.51,12.8,12.26,12.63
1988-07-01,12.75,13.3,12.75,13.27
1988-07-05,13.25,13.48,12.7,12.82
1988-07-06,13.12,14.1,12.92,13.99
1988-07-07,14.13,14.4,13.51,13.54
1988-07-08,13.35,13.97,13.32,13.93
1988-07-11,13.2,13.62,13.08,13.39
1988-07-12,13.25,14.08,13.17,14.05
1988-07-13,14.12,14.68,14.04,14.56
1988-07-14,14.98,15.64,14.98,15.27
1988-07-15,15.5,15.55,14.9,15.23
1988-07-18,14.6,14.89,14.3,14.61
1988-07-19,14.4,15.42,14.32,15.3
1988-07-20,15.26,15.39,14,14.17
1988-07-21,13.8,14.58,13.2,13.51
1988-07-22,13.7,14.21,13.55,14.16
1988-07-25,14.65,14.78,14.13,14.47
1988-07-26,13.72,13.85,11.8,12.06
1988-07-27,12.15,12.44,11.25,11.35
1988-07-28,11.1,11.72,10.75,10.82
1988-07-29,11.15,11.75,11.15,11.54
1988-08-01,11.8,12.19,11.47,11.63
1988-08-02,11.45,12.3,10.53,12.26
1988-08-03,11.79,12.19,11.45,11.51
1988-08-04,11.9,12.1,11.52,12.05
1988-08-05,11.75,11.95,11.65,11.94
1988-08-08,11.73,11.77,11.07,11.55
1988-08-09,11.58,11.7,11.36,11.59
1988-08-10,11.42,11.77,11.3,11.69
1988-08-11,11.5,11.7,11.3,11.4
1988-08-12,11.8,12.05,10.5,10.77
1988-08-15,10.43,10.82,10.29,10.8
1988-08-16,10.8,10.88,10.45,10.49
1988-08-17,10.34,10.39,9.85,9.86
1988-08-18,10.15,10.34,10.04,10.18
1988-08-19,10.3,10.32,9.95,10.23
1988-08-22,10.04,10.25,9.98,10.13
1988-08-23,10.16,10.52,10.14,10.27
1988-08-24,10.17,10.46,10.17,10.42
1988-08-25,10.47,10.54,10.25,10.28
1988-08-26,10.32,10.35,10.18,10.19
1988-08-29,10.15,10.24,9.98,10.03
1988-08-30,10.01,10.2,9.98,10.15
1988-08-31,10.05,10.29,9.89,10.25
1988-09-01,10.25,10.65,10.25,10.64
1988-09-02,10.55,10.68,10.38,10.54
1988-09-06,10.6,10.64,10.31,10.38
1988-09-07,10.41,10.47,9.95,9.97
1988-09-08,9.91,10.05,9.76,10.01
1988-09-09,9.95,10.01,9.81,9.96
1988-09-12,9.87,9.95,9.83,9.92
1988-09-13,9.88,10.33,9.88,10.3
1988-09-14,10.23,10.53,10.22,10.52
1988-09-15,10.46,10.64,10.45,10.62
1988-09-16,10.55,10.72,9.85,10.06
1988-09-19,9.95,9.97,9.32,9.33
1988-09-20,9.67,9.78,9.43,9.71
1988-09-21,9.65,9.88,9.65,9.72
1988-09-22,9.8,10.02,9.8,9.9
1988-09-23,10.04,10.18,9.95,9.99
1988-09-26,10.01,10.04,9.47,9.49
1988-09-27,9.55,9.95,9.28,9.86
1988-09-28,9.75,9.82,9.45,9.46
1988-09-29,9.47,10,9.44,9.94
1988-09-30,9.27,9.65,9.23,9.64
1988-10-03,9.45,9.55,9.12,9.27
1988-10-04,9.22,9.42,9.22,9.35
1988-10-05,9.41,9.53,9.22,9.45
1988-10-06,9.48,9.57,9.33,9.38
1988-10-07,9.34,9.57,9.31,9.42
1988-10-10,9.44,9.48,9.17,9.21
1988-10-11,9.16,9.34,9.1,9.33
1988-10-12,9.4,9.76,9.4,9.73
1988-10-13,9.68,9.94,9.68,9.79
1988-10-14,9.78,9.91,9.6,9.63
1988-10-17,9.65,9.85,9.59,9.85
1988-10-18,9.9,10.13,9.64,9.66
1988-10-19,9.68,9.79,9.5,9.69
1988-10-20,9.74,9.93,9.67,9.92
1988-10-21,10.1,10.28,10.02,10.26
1988-10-24,10.25,10.44,10.09,10.36
1988-10-25,10.26,10.38,10.15,10.15
1988-10-26,10.17,10.45,10.11,10.4
1988-10-27,10.35,10.54,10.28,10.33
1988-10-28,10.38,10.48,10.24,10.29
1988-10-31,10.22,10.61,10.22,10.59
1988-11-01,10.54,10.56,10.33,10.36
1988-11-02,10.48,10.67,10.4,10.57
1988-11-03,10.61,10.65,10.44,10.47
1988-11-04,10.46,10.5,10.12,10.19
1988-11-07,10.17,10.25,10.1,10.19
1988-11-08,10.24,10.32,10.1,10.11
1988-11-09,10.08,10.38,10.07,10.36
1988-11-10,10.25,10.37,10.17,10.33
1988-11-11,10.26,10.28,10.07,10.08
1988-11-14,10.08,10.5,10.04,10.46
1988-11-15,10.36,10.44,10.17,10.21
1988-11-16,10.22,10.28,10.15,10.16
1988-11-17,10.1,10.11,9.92,9.92
1988-11-18,9.94,10.29,9.91,10.26
1988-11-21,10.16,10.22,10.11,10.16
1988-11-22,10.17,10.67,10.1,10.65
1988-11-23,10.64,11.08,10.64,10.94
1988-11-28,11.11,11.34,10.91,10.97
1988-11-29,11.01,11.33,10.9,11.3
1988-11-30,11.25,11.27,11,11.07
1988-12-01,11.14,11.45,11.07,11.44
1988-12-02,11.52,11.67,11.42,11.54
1988-12-05,11.5,11.54,11.37,11.43
1988-12-06,11.32,11.39,11.13,11.17
1988-12-07,11.05,11.53,11.03,11.47
1988-12-08,11.35,11.55,11.16,11.31
1988-12-09,11.28,11.88,11.17,11.86
1988-12-12,11.89,12,11.73,11.83
1988-12-13,11.72,11.74,11.54,11.64
1988-12-14,11.63,11.69,11.49,11.6
1988-12-15,11.52,11.55,10.8,10.84
1988-12-16,10.82,11.09,10.82,11.04
1988-12-19,11.02,11.18,10.94,10.99
1988-12-20,10.84,11.43,10.72,11.26
1988-12-21,11.17,11.33,11.05,11.06
1988-12-22,10.98,11.28,10.95,11.09
1988-12-23,11.03,11.33,11.02,11.08
1988-12-27,11.16,11.32,11.07,11.16
1988-12-28,11.11,11.29,11.08,11.15
1988-12-29,11.19,11.21,11.07,11.1
1988-12-30,11.11,11.19,11.11,11.15
1989-01-03,11,11.03,10.25,10.37
1989-01-04,10.44,10.55,10.35,10.46
1989-01-05,10.38,10.42,10.1,10.19
1989-01-06,10.15,10.45,10.08,10.41
1989-01-09,10.35,10.38,10.22,10.27
1989-01-10,10.35,10.44,10.1,10.1
1989-01-11,10.04,10.19,9.86,9.88
1989-01-12,9.78,10.13,9.65,10.03
1989-01-13,9.9,9.93,9.78,9.85
1989-01-16,9.84,10.14,9.81,10.03
1989-01-17,10.16,10.24,9.73,9.81
1989-01-18,9.86,9.92,9.77,9.89
1989-01-19,9.95,10.23,9.88,9.91
1989-01-20,9.96,9.99,9.87,9.96
1989-01-23,9.86,9.89,9.68,9.82
1989-01-24,9.68,9.71,9.4,9.4
1989-01-25,9.37,9.53,9.26,9.51
1989-01-26,9.46,9.59,9.4,9.43
1989-01-27,9.43,9.76,9.41,9.67
1989-01-30,9.67,9.85,9.58,9.75
1989-01-31,9.84,10.5,9.84,10.49
1989-02-01,10.38,10.45,10.15,10.28
1989-02-02,10.39,10.55,10.19,10.26
1989-02-03,10.17,10.22,9.88,10.1
1989-02-06,9.99,10.36,9.87,10.32
1989-02-07,10.3,10.34,10.15,10.22
1989-02-08,10.13,10.38,10.02,10.28
1989-02-09,10.42,10.67,10.38,10.65
1989-02-10,10.62,10.64,10.27,10.34
1989-02-13,10.34,10.45,10.21,10.26
1989-02-14,10.15,10.45,10.15,10.43
1989-02-15,10.5,10.55,10.42,10.48
1989-02-16,10.6,11,10.6,10.97
1989-02-17,10.95,11.7,10.9,11.68
1989-02-21,11.63,11.64,11.27,11.33
1989-02-22,11.34,11.52,11.16,11.4
1989-02-23,11.21,11.26,11,11.15
1989-02-24,11.02,11.35,10.9,10.95
1989-02-27,11.1,11.13,10.65,10.9
1989-02-28,11.7,11.82,11.47,11.63
1989-03-01,11.53,11.6,11.26,11.32
1989-03-02,11.08,11.37,11.02,11.11
1989-03-03,11.05,11.28,11.05,11.21
1989-03-06,11.38,11.52,11.35,11.39
1989-03-07,11.36,11.46,11.31,11.32
1989-03-08,11.35,11.79,11.35,11.75
1989-03-09,11.98,12.25,11.95,11.98
1989-03-10,12.02,12.38,11.88,11.91
1989-03-13,11.96,12.26,11.96,12.23
1989-03-14,12.29,12.38,12,12.13
1989-03-15,12.35,12.39,11.85,12.08
1989-03-16,12.08,12.61,11.98,12.59
1989-03-17,12.35,12.55,12.28,12.31
1989-03-20,12.24,12.53,12.14,12.49
1989-03-21,12.35,12.39,12.1,12.26
1989-03-22,12.05,12.1,11.49,11.63
1989-03-23,11.4,11.46,11.09,11.11
1989-03-27,11.2,11.35,11.1,11.15
1989-03-28,11.19,11.35,11.14,11.31
1989-03-29,11.44,12.33,11.4,12.2
1989-03-30,12.02,12.28,11.9,11.95
1989-03-31,11.84,12.68,11.65,12.62
1989-04-03,12.55,13.05,12.45,12.99
1989-04-04,12.75,12.85,12.4,12.61
1989-04-05,12.32,12.6,12.2,12.36
1989-04-06,12.4,12.77,12.4,12.66
1989-04-07,12.72,12.85,11.75,12.37
1989-04-10,12.24,12.26,11.86,11.88
1989-04-11,11.84,12.18,11.84,11.94
1989-04-12,12.15,12.42,11.85,12.01
1989-04-13,11.93,12.17,11.76,11.99
1989-04-14,12.06,12.09,11.94,11.95
1989-04-17,11.8,12.39,11.68,12.25
1989-04-18,12.23,12.45,12.15,12.26
1989-04-19,12.35,12.6,12.35,12.55
1989-04-20,12.68,12.74,12.36,12.51
1989-04-21,12.65,12.75,12.41,12.54
1989-04-24,12.53,12.63,12.4,12.6
1989-04-25,12.66,12.69,12.46,12.5
1989-04-26,12.46,12.5,12.15,12.21
1989-04-27,12.05,12.28,12.05,12.11
1989-04-28,12.1,12.12,11.51,11.54
1989-05-01,11.6,12.2,11.38,12.19
1989-05-02,12.33,12.35,12.02,12.13
1989-05-03,12.13,12.21,11.95,12.18
1989-05-04,12.16,12.48,12.14,12.44
1989-05-05,12.44,12.52,12.25,12.32
1989-05-08,12.23,12.47,12.15,12.45
1989-05-09,12.38,12.6,12.3,12.31
1989-05-10,12.27,12.48,12.17,12.45
1989-05-11,12.6,12.77,12.54,12.72
1989-05-12,12.8,12.84,12.55,12.67
1989-05-15,12.45,12.53,12.34,12.35
1989-05-16,12.45,12.61,12.33,12.54
1989-05-17,12.62,12.67,12.1,12.48
1989-05-18,12.43,12.48,12.31,12.33
1989-05-19,12.33,12.35,12.18,12.19
1989-05-22,12.06,12.1,11.65,11.71
1989-05-23,11.77,11.83,11.53,11.54
1989-05-24,11.43,11.48,11.19,11.2
1989-05-25,11.25,11.38,11.14,11.15
1989-05-26,11.35,11.4,11.09,11.14
1989-05-30,11.12,11.26,11,11.06
1989-05-31,11.07,11.12,10.85,10.86
1989-06-01,10.96,11.41,10.94,11.39
1989-06-02,11.46,11.49,11.3,11.42
1989-06-05,11.22,11.26,10.98,11.25
1989-06-06,11.01,11.28,10.98,11.17
1989-06-07,11.25,11.43,11.22,11.33
1989-06-08,11.55,11.82,11.5,11.72
1989-06-09,11.75,11.82,11.46,11.57
1989-06-12,11.57,11.82,11.48,11.81
1989-06-13,11.93,11.98,11.83,11.86
1989-06-14,11.9,12.31,11.9,12.3
1989-06-15,12.35,12.8,12.35,12.73
1989-06-16,12.7,13.1,12.7,13.06
1989-06-19,13.3,13.37,12.99,13
1989-06-20,12.98,13.05,12.75,12.9
1989-06-21,13.07,13.2,12.87,13.05
1989-06-22,13.65,14.03,13.58,13.99
1989-06-23,13.8,13.9,13.64,13.72
1989-06-26,13.48,13.7,13.48,13.69
1989-06-27,13.71,13.75,13.52,13.7
1989-06-28,14,14.1,13.65,13.68
1989-06-29,13.64,13.95,13.64,13.92
1989-06-30,14.17,14.45,14.03,14.43
1989-07-03,14.53,14.55,14.2,14.47
1989-07-05,14.65,14.7,13.3,13.46
1989-07-06,13.02,14.2,13.02,13.12
1989-07-07,13.45,13.73,13.06,13.08
1989-07-10,13.05,13.35,12.87,12.89
1989-07-11,13.1,13.32,12.4,12.5
1989-07-12,12.55,12.88,12.47,12.59
1989-07-13,12.74,13.75,12.74,13.67
1989-07-14,13.65,14.13,13.53,14.09
1989-07-17,13.83,14.03,13.55,13.97
1989-07-18,13.86,14.27,13.77,14.25
1989-07-19,14.39,14.65,14.33,14.4
1989-07-20,14.6,14.62,13.85,14.33
1989-07-21,14.43,14.47,14.06,14.26
1989-07-24,14.26,14.32,13.91,13.94
1989-07-25,13.66,14.23,13.64,14.09
1989-07-26,14.25,14.67,14.2,14.22
1989-07-27,14.3,14.54,14.03,14.47
1989-07-28,14.7,14.79,14.05,14.67
1989-07-31,14.65,14.7,14.33,14.65
1989-08-01,14.22,14.48,14.11,14.12
1989-08-02,14.17,14.47,14.11,14.43
1989-08-03,14.45,14.65,14.31,14.6
1989-08-04,14.56,14.57,14.14,14.18
1989-08-07,14.1,14.25,13.9,13.94
1989-08-08,13.95,14.1,13.75,13.81
1989-08-09,13.75,14.19,13.75,14.07
1989-08-10,14.08,14.17,13.83,13.85
1989-08-11,13.87,14.44,13.78,14.42
1989-08-14,14.28,14.37,13.57,13.63
1989-08-15,13.57,13.75,13.42,13.44
1989-08-16,13.5,14.05,13.5,13.65
1989-08-17,13.67,13.84,13.56,13.69
1989-08-18,13.56,13.63,13.35,13.38
1989-08-21,13.43,13.49,13.33,13.35
1989-08-22,13.55,14,13.55,13.95
1989-08-23,13.97,14.15,13.79,14.13
1989-08-24,13.96,14.18,13.82,13.9
1989-08-25,13.88,13.94,13.82,13.84
1989-08-28,13.78,13.84,13.06,13.14
1989-08-29,13.3,13.35,13.04,13.21
1989-08-30,13.13,13.32,13.13,13.27
1989-08-31,13.39,13.47,13.11,13.39
1989-09-01,13.26,13.36,13.16,13.32
1989-09-05,13.22,13.45,13.13,13.38
1989-09-06,13.38,13.44,13.26,13.28
1989-09-07,13.13,13.65,13.13,13.61
1989-09-08,13.55,13.67,13.45,13.58
1989-09-11,13.4,13.58,13.4,13.43
1989-09-12,13.62,14,13.62,13.95
1989-09-13,13.87,14.1,13.83,14.07
1989-09-14,13.87,13.94,13.65,13.66
1989-09-15,13.7,13.98,13.7,13.97
1989-09-18,14.03,14.4,14.03,14.36
1989-09-19,14.12,14.44,14.12,14.27
1989-09-20,14.38,14.45,14.1,14.19
1989-09-21,14.25,14.48,14.2,14.46
1989-09-22,14.5,14.65,14.4,14.61
1989-09-25,14.7,14.88,14.65,14.82
1989-09-26,14.75,14.82,14.49,14.68
1989-09-27,14.84,14.98,14.77,14.88
1989-09-28,14.96,14.99,14.51,14.52
1989-09-29,13.67,14.17,13.67,14.16
1989-10-02,14.09,14.18,13.91,13.92
1989-10-03,14.05,14.1,13.86,13.93
1989-10-04,13.88,14.42,13.88,14.37
1989-10-05,14.22,14.34,14.06,14.1
1989-10-06,13.96,14.02,13.58,13.61
1989-10-09,13.61,13.85,13.61,13.75
1989-10-10,13.8,13.91,13.66,13.7
1989-10-11,13.79,13.97,13.69,13.71
1989-10-12,13.67,13.85,13.66,13.85
1989-10-13,13.92,14.3,13.92,14.29
1989-10-16,13.89,14.22,13.89,13.97
1989-10-17,13.99,14.24,13.88,14.11
1989-10-18,14.17,14.3,14.07,14.27
1989-10-19,14.23,14.34,14.16,14.27
1989-10-20,14.19,14.25,14.09,14.16
1989-10-23,13.92,13.97,13.74,13.79
1989-10-24,13.83,13.88,13.76,13.83
1989-10-25,13.82,14.07,13.82,14.06
1989-10-26,14,14.08,13.9,14
1989-10-27,14.07,14.2,14.06,14.07
1989-10-30,14.03,14.18,13.94,14.09
1989-10-31,13.99,14.06,13.96,13.97
1989-11-01,13.96,14.54,13.96,14.53
1989-11-02,14.5,14.65,14.49,14.61
1989-11-03,14.54,14.68,14.51,14.52
1989-11-06,14.42,14.49,14.36,14.39
1989-11-07,14.65,14.85,14.65,14.79
1989-11-08,14.66,14.89,14.66,14.84
1989-11-09,14.78,15.03,14.78,15.01
1989-11-10,15.14,15.2,15.06,15.19
1989-11-13,14.91,15.03,14.83,14.87
1989-11-14,15.03,15.26,14.97,15.24
1989-11-15,15.14,15.2,14.99,15
1989-11-16,14.89,14.99,14.87,14.89
1989-11-17,14.9,15.38,14.76,15.36
1989-11-20,15.33,15.35,15.05,15.07
1989-11-21,15.02,15.17,14.85,14.89
1989-11-22,14.82,14.92,14.7,14.9
1989-11-27,15.13,15.17,14.6,14.6
1989-11-28,14.5,14.74,14.46,14.56
1989-11-29,14.25,14.39,14.11,14.14
1989-11-30,14.14,14.27,13.98,14.15
1989-12-01,14.19,14.32,14.01,14.01
1989-12-04,13.77,13.8,13.43,13.46
1989-12-05,13.6,13.71,13.47,13.48
1989-12-06,13.73,13.98,13.7,13.92
1989-12-07,13.8,13.87,13.7,13.74
1989-12-08,13.76,13.87,13.61,13.71
1989-12-11,13.7,13.75,13.56,13.59
1989-12-12,13.54,13.86,13.53,13.72
1989-12-13,13.81,13.93,13.75,13.76
1989-12-14,13.8,13.98,13.69,13.7
1989-12-15,13.69,13.86,13.67,13.68
1989-12-18,13.72,13.77,13.7,13.73
1989-12-19,13.76,13.82,13.62,13.62
1989-12-20,13.57,13.58,13.04,13.07
1989-12-21,13.02,13.05,12.78,12.86
1989-12-22,12.87,13.07,12.87,13.04
1989-12-26,13.1,13.17,12.79,12.8
1989-12-27,12.85,13.22,12.81,13.17
1989-12-28,13.17,13.38,13.08,13.21
1989-12-29,13.31,13.35,13.14,13.16
1990-01-02,13.19,13.28,13,13.02
1990-01-03,12.98,14.25,12.98,14.22
1990-01-04,14.05,14.25,13.93,14.17
1990-01-05,14.12,14.27,14.02,14.16
1990-01-08,14.2,14.37,14.05,14.06
1990-01-09,14.13,14.34,14.04,14.33
1990-01-10,14.5,14.59,14.35,14.54
1990-01-11,14.5,14.58,14.44,14.52
1990-01-12,14.53,14.76,14.49,14.56
1990-01-15,14.48,14.7,14.48,14.65
1990-01-16,14.25,14.64,14.18,14.48
1990-01-17,14.5,14.73,14.28,14.3
1990-01-18,14.3,14.44,14.27,14.41
1990-01-19,14.4,14.43,14.25,14.26
1990-01-22,14.2,14.66,14.2,14.6
1990-01-23,14.68,14.9,14.68,14.71
1990-01-24,14.65,14.85,14.59,14.85
1990-01-25,14.98,15.25,14.88,15.16
1990-01-26,15.14,15.17,14.86,14.86
1990-01-29,14.93,14.96,14.77,14.87
1990-01-30,14.93,15.05,14.43,14.44
1990-01-31,14.47,14.75,14.41,14.73
1990-02-01,14.85,15.12,14.5,14.8
1990-02-02,14.82,14.92,14.67,14.81
1990-02-05,14.7,14.91,14.7,14.86
1990-02-06,14.75,14.77,14.58,14.6
1990-02-07,14.45,15,14.45,14.97
1990-02-08,14.88,14.96,14.8,14.86
1990-02-09,14.88,15.15,14.84,15.12
1990-02-12,15.05,15.17,14.91,14.94
1990-02-13,14.85,14.87,14.55,14.56
1990-02-14,14.69,14.84,14.65,14.7
1990-02-15,14.62,14.78,14.59,14.74
1990-02-16,14.69,14.83,14.68,14.78
1990-02-20,14.78,14.8,14.44,14.49
1990-02-21,14.45,14.58,14.45,14.57
1990-02-22,14.48,14.78,14.38,14.73
1990-02-23,14.64,14.73,14.45,14.46
1990-02-26,14.35,14.58,14.35,14.42
1990-02-27,14.29,14.38,14.13,14.36
1990-02-28,14.4,14.53,14.38,14.46
1990-03-01,14.44,14.52,14.22,14.23
1990-03-02,14.28,14.51,14.18,14.47
1990-03-05,14.58,15,14.53,14.98
1990-03-06,14.94,15.04,14.84,14.86
1990-03-07,15.03,15.1,14.96,15.06
1990-03-08,15.12,15.57,15.12,15.52
1990-03-09,15.55,15.76,15.55,15.75
1990-03-12,15.48,15.68,15.44,15.57
1990-03-13,15.52,15.75,15.52,15.73
1990-03-14,15.86,15.9,15.53,15.54
1990-03-15,15.57,16.02,15.56,15.93
1990-03-16,16.2,16.28,16.12,16.13
1990-03-19,15.86,15.97,15.73,15.87
1990-03-20,16,16.05,15.73,15.83
1990-03-21,15.67,15.98,15.67,15.79
1990-03-22,15.67,15.7,15.46,15.48
1990-03-23,15.58,15.65,15.49,15.54
1990-03-26,15.42,15.6,15.42,15.55
1990-03-27,15.4,15.54,15.27,15.35
1990-03-28,15.34,15.68,15.34,15.59
1990-03-29,15.47,15.72,15.47,15.7
1990-03-30,15.8,15.87,15.67,15.69
1990-04-02,15.55,15.65,15.08,15.09
1990-04-03,15.14,15.38,15.14,15.25
1990-04-04,15.18,15.3,15.08,15.2
1990-04-05,15.18,15.29,15.03,15.12
1990-04-06,15.05,15.27,15.04,15.16
1990-04-09,15.05,15.47,15.05,15.46
1990-04-10,15.45,15.52,15.33,15.5
1990-04-11,15.52,15.54,15.39,15.47
1990-04-12,15.52,15.54,15.34,15.35
1990-04-16,15.31,15.33,14.92,14.98
1990-04-17,14.99,15.14,14.91,14.92
1990-04-18,14.9,15.49,14.9,15.4
1990-04-19,15.34,15.37,15.08,15.16
1990-04-20,15.2,15.33,15.15,15.28
1990-04-23,15.3,15.32,15.22,15.31
1990-04-24,15.3,15.5,15.3,15.4
1990-04-25,15.6,15.9,15.6,15.77
1990-04-26,15.7,15.84,15.66,15.78
1990-04-27,15.97,16.05,15.92,15.96
1990-04-30,16,16.05,15.86,16.02
1990-05-01,16,16.27,15.72,15.96
1990-05-02,15.9,16.04,15.78,15.9
1990-05-03,15.76,15.89,15.59,15.6
1990-05-04,15.51,15.58,14.25,14.44
1990-05-07,14.52,14.78,14.4,14.6
1990-05-08,14.68,14.79,14.6,14.78
1990-05-09,14.81,14.85,14.44,14.66
1990-05-10,14.53,14.73,14.5,14.65
1990-05-11,14.8,14.94,14.8,14.88
1990-05-14,14.89,15.05,14.67,14.79
1990-05-15,14.71,14.75,14.45,14.6
1990-05-16,14.5,14.79,14.5,14.68
1990-05-17,14.68,14.73,14.37,14.46
1990-05-18,14.41,14.5,14.26,14.3
1990-05-21,14.12,14.58,14.09,14.52
1990-05-22,14.53,14.65,14.42,14.56
1990-05-23,14.48,14.56,14.31,14.35
1990-05-24,14.35,14.82,14.3,14.8
1990-05-25,14.69,14.8,14.66,14.69
1990-05-29,14.63,14.63,13.9,14.03
1990-05-30,14.05,14.11,13.53,13.71
1990-05-31,13.78,13.88,13.59,13.68
1990-06-01,13.54,13.57,12.95,13.29
1990-06-04,13.39,13.6,13.36,13.58
1990-06-05,13.49,13.61,13.33,13.44
1990-06-06,13.53,13.6,13.41,13.58
1990-06-07,13.63,13.7,13.52,13.54
1990-06-08,13.55,13.61,13.4,13.42
1990-06-11,13.38,13.61,13.38,13.51
1990-06-12,13.59,13.65,12.91,12.93
1990-06-13,12.79,13.2,12.79,12.92
1990-06-14,12.86,12.9,12.15,12.25
1990-06-15,12.35,12.82,12.35,12.67
1990-06-18,12.53,12.61,12.32,12.55
1990-06-19,12.56,12.8,12.55,12.7
1990-06-20,12.75,12.89,12.68,12.74
1990-06-21,12.65,12.66,12.38,12.58
1990-06-22,12.5,12.61,12.45,12.49
1990-06-25,12.3,12.57,12.3,12.52
1990-06-26,12.49,12.58,12.35,12.38
1990-06-27,12.45,12.7,12.45,12.66
1990-06-28,12.53,12.72,12.53,12.63
1990-06-29,12.8,12.87,12.3,12.77
1990-07-02,12.9,13.35,12.81,13.26
1990-07-03,13.18,13.29,13.1,13.28
1990-07-05,13.21,13.25,12.94,13.1
1990-07-06,12.9,12.93,12.45,12.59
1990-07-09,12.35,12.42,11.7,11.9
1990-07-10,11.79,12.14,11.75,12.1
1990-07-11,11.88,12.05,11.84,11.97
1990-07-12,11.88,12.19,11.59,12.17
1990-07-13,12.13,12.22,12.08,12.14
1990-07-16,11.96,11.99,11.64,11.72
1990-07-17,11.41,11.47,11.13,11.19
1990-07-18,11.05,11.08,10.9,10.99
1990-07-19,11.23,11.55,11.21,11.43
1990-07-20,11.4,11.55,11.4,11.53
1990-07-23,11.35,11.43,10.93,11.14
1990-07-24,11.41,11.45,11.22,11.27
1990-07-25,11.35,11.48,11.27,11.45
1990-07-26,11.45,11.49,11.34,11.37
1990-07-27,11.37,11.45,11.37,11.38
1990-07-30,11.38,11.4,11.23,11.28
1990-07-31,11.26,11.32,11.04,11.09
1990-08-01,10.83,10.9,10.45,10.55
1990-08-02,10.6,10.62,10.32,10.39
1990-08-03,9.97,10.09,9.78,9.9
1990-08-06,10.18,10.51,10.18,10.42
1990-08-07,10.37,10.56,10.37,10.5
1990-08-08,10.25,10.51,10.25,10.39
1990-08-09,10.52,10.72,10.45,10.47
1990-08-10,10.45,10.58,10.45,10.49
1990-08-13,10.53,10.56,10.35,10.49
1990-08-14,10.48,10.98,10.44,10.78
1990-08-15,10.85,11.05,10.82,10.9
1990-08-16,10.82,11.19,10.82,11.14
1990-08-17,11.3,11.48,11.2,11.4
1990-08-20,11.18,11.41,11.18,11.28
1990-08-21,11.15,11.28,11.05,11.09
1990-08-22,10.98,11.03,10.87,11.02
1990-08-23,11.21,11.44,11.21,11.31
1990-08-24,11.28,11.71,11.28,11.67
1990-08-27,11.54,11.65,11.43,11.44
1990-08-28,11.47,11.49,11.36,11.47
1990-08-29,11.46,11.49,10.94,11.05
1990-08-30,11.08,11.1,10.75,10.83
1990-08-31,10.7,10.73,10.27,10.33
1990-09-04,10.45,10.71,10.39,10.52
1990-09-05,10.62,10.88,10.62,10.77
1990-09-06,10.78,11.33,10.78,11.24
1990-09-07,11.1,11.19,11.07,11.16
1990-09-10,10.95,11.2,10.78,11.2
1990-09-11,11.3,11.4,11.23,11.33
1990-09-12,11.13,11.15,10.85,11
1990-09-13,11.06,11.1,10.87,10.91
1990-09-14,10.94,11.02,10.85,10.98
1990-09-17,11,11.24,10.92,11.15
1990-09-18,11.18,11.22,10.75,10.92
1990-09-19,10.88,11.06,10.88,11.05
1990-09-20,11.03,11.15,11.03,11.14
1990-09-21,11.06,11.08,10.76,10.9
1990-09-24,10.8,11.22,10.76,10.96
1990-09-25,10.8,11.11,10.8,11.08
1990-09-26,10.98,11.05,10.8,10.82
1990-09-27,10.65,10.82,10.43,10.52
1990-09-28,10.45,10.49,10.1,10.11
1990-10-01,10.1,10.33,9.97,10.13
1990-10-02,10.15,10.26,10.09,10.1
1990-10-03,10.09,10.12,9.76,9.82
1990-10-04,9.63,9.92,9.63,9.82
1990-10-05,9.95,10.14,9.83,9.94
1990-10-08,9.94,10.2,9.94,10.15
1990-10-09,10.19,10.2,9.89,9.95
1990-10-10,9.92,10.07,9.78,9.99
1990-10-11,10.02,10.05,9.66,9.81
1990-10-12,9.63,9.7,9.53,9.63
1990-10-15,9.36,9.4,9.08,9.13
1990-10-16,9.16,9.27,9.11,9.21
1990-10-17,9.25,9.52,9.25,9.49
1990-10-18,9.8,10,9.58,9.63
1990-10-19,9.55,9.68,9.46,9.66
1990-10-22,9.77,9.99,9.72,9.92
1990-10-23,9.81,9.91,9.62,9.78
1990-10-24,9.76,9.87,9.74,9.83
1990-10-25,9.7,9.72,9.53,9.6
1990-10-26,9.43,9.54,9.2,9.33
1990-10-29,9.36,9.4,9.29,9.39
1990-10-30,9.3,9.54,9.19,9.47
1990-10-31,9.56,9.6,9.41,9.42
1990-11-01,9.4,9.78,9.4,9.73
1990-11-02,9.69,9.81,9.57,9.71
1990-11-05,9.62,9.65,9.47,9.55
1990-11-06,9.57,9.91,9.57,9.9
1990-11-07,9.82,9.84,9.65,9.66
1990-11-08,9.77,9.9,9.77,9.81
1990-11-09,9.72,10.19,9.72,10.17
1990-11-12,10.08,10.22,10.03,10.15
1990-11-13,10.13,10.33,10.09,10.32
1990-11-14,10.21,10.29,10.11,10.2
1990-11-15,10.23,10.25,9.99,10.06
1990-11-16,9.99,10.29,9.98,10.07
1990-11-19,9.98,10,9.75,9.85
1990-11-20,9.75,9.84,9.72,9.77
1990-11-21,9.64,10.03,9.6,9.83
1990-11-23,9.83,9.83,9.83,9.83
1990-11-26,9.96,10.16,9.96,10
1990-11-27,9.94,10,9.89,9.98
1990-11-28,9.88,9.99,9.82,9.98
1990-11-29,9.98,10.03,9.96,9.97
1990-11-30,9.86,9.9,9.65,9.82
1990-12-03,9.95,9.98,9.75,9.76
1990-12-04,9.81,9.86,9.7,9.71
1990-12-05,9.68,9.92,9.68,9.87
1990-12-06,9.8,9.82,9.53,9.54
1990-12-07,9.58,9.68,9.52,9.6
1990-12-10,9.54,9.74,9.54,9.73
1990-12-11,9.67,9.92,9.67,9.89
1990-12-12,9.88,9.92,9.77,9.84
1990-12-13,9.81,9.82,9.66,9.69
1990-12-14,9.7,9.79,9.65,9.67
1990-12-17,9.67,9.72,9.64,9.7
1990-12-18,9.71,9.78,9.6,9.7
1990-12-19,9.71,9.73,9.63,9.67
1990-12-20,9.6,9.68,9.6,9.67
1990-12-21,9.65,9.69,9.62,9.67
1990-12-24,9.67,9.67,9.67,9.67
1990-12-26,9.66,9.9,9.65,9.9
1990-12-27,9.89,10.01,9.68,9.7
1990-12-28,9.42,9.64,9.33,9.37
1990-12-31,9.37,9.37,9.37,9.37
1991-01-02,9.34,9.37,9.02,9.12
1991-01-03,9.17,9.25,9.05,9.11
1991-01-04,9.2,9.27,9.16,9.2
1991-01-07,9.26,9.33,9.22,9.32
1991-01-08,9.27,9.31,9.08,9.1
1991-01-09,8.93,9.21,8.92,9.15
1991-01-10,8.95,9.1,8.95,8.97
1991-01-11,9.03,9.2,9.03,9.14
1991-01-14,9.03,9.08,8.91,9.03
1991-01-15,9.1,9.17,9.05,9.16
1991-01-16,9.14,9.16,8.95,8.95
1991-01-17,9.05,9.09,8.84,9.03
1991-01-18,9,9.06,8.96,8.99
1991-01-21,8.94,8.97,8.85,8.89
1991-01-22,8.81,8.97,8.81,8.86
1991-01-23,8.88,8.93,8.85,8.91
1991-01-24,8.91,8.96,8.86,8.93
1991-01-25,8.95,8.97,8.88,8.92
1991-01-28,8.91,8.94,8.75,8.76
1991-01-29,8.67,8.75,8.67,8.69
1991-01-30,8.69,8.72,8.65,8.69
1991-01-31,8.65,8.8,8.65,8.79
1991-02-01,8.79,9,8.79,9
1991-02-04,9.01,9.06,8.92,9.05
1991-02-05,8.98,9.01,8.87,8.88
1991-02-06,8.81,8.85,8.5,8.5
1991-02-07,8.53,8.65,8.47,8.61
1991-02-08,8.57,8.69,8.52,8.54
1991-02-11,8.52,8.55,8.06,8.2
1991-02-12,8.27,8.32,8.21,8.29
1991-02-13,8.18,8.29,8.16,8.28
1991-02-14,8.19,8.59,8.12,8.5
1991-02-15,8.43,8.52,8.35,8.41
1991-02-19,8.46,8.78,8.46,8.72
1991-02-20,8.76,8.8,8.55,8.63
1991-02-21,8.61,8.71,8.42,8.5
1991-02-22,8.48,8.5,8.13,8.22
1991-02-25,8.26,8.53,8.2,8.52
1991-02-26,8.56,9.25,8.53,9.14
1991-02-27,9.25,9.97,9.14,9.68
1991-02-28,8.75,8.83,8.61,8.78
1991-03-01,8.88,9.19,8.85,9.18
1991-03-04,9.19,9.34,8.98,9.29
1991-03-05,9.22,9.42,9.15,9.39
1991-03-06,9.29,9.35,9.17,9.33
1991-03-07,9.21,9.52,9.2,9.46
1991-03-08,9.35,9.47,9.28,9.3
1991-03-11,9.15,9.33,9.05,9.21
1991-03-12,9.09,9.19,9.05,9.11
1991-03-13,8.99,9.09,8.96,8.96
1991-03-14,8.94,9.27,8.94,9.19
1991-03-15,9.21,9.32,9.06,9.07
1991-03-18,9.08,9.23,8.93,9.2
1991-03-19,9.14,9.23,9.11,9.11
1991-03-20,9.04,9.1,8.85,8.86
1991-03-21,8.83,9.02,8.82,8.92
1991-03-22,8.94,9.17,8.9,9.07
1991-03-25,9.03,9.15,9.03,9.15
1991-03-26,9.2,9.25,9.15,9.19
1991-03-27,9.17,9.22,8.99,9.03
1991-03-28,8.98,9.08,8.89,8.9
1991-04-01,8.9,9.02,8.9,9.01
1991-04-02,9,9.15,9,9.01
1991-04-03,8.95,9.06,8.87,9.02
1991-04-04,9,9.16,8.99,9.05
1991-04-05,9.06,9.14,8.95,8.98
1991-04-08,8.91,9.3,8.91,9.28
1991-04-09,9.18,9.29,9.18,9.27
1991-04-10,9.2,9.22,9,9.11
1991-04-11,9.03,9.09,8.92,8.93
1991-04-12,8.94,8.98,8.62,8.71
1991-04-15,8.67,8.75,8.64,8.66
1991-04-16,8.69,8.7,8.6,8.64
1991-04-17,8.62,8.67,8.51,8.51
1991-04-18,8.37,8.39,7.94,8.06
1991-04-19,8.02,8.09,7.88,7.9
1991-04-22,7.9,8.16,7.9,8.06
1991-04-23,8.02,8.05,7.88,7.88
1991-04-24,7.9,8.25,7.88,8.24
1991-04-25,8.24,8.36,8.2,8.31
1991-04-26,8.31,8.42,8.25,8.29
1991-04-29,8.28,8.29,7.87,7.92
1991-04-30,7.65,7.78,7.63,7.73
1991-05-01,7.7,8.23,7.68,8.05
1991-05-02,7.98,8.09,7.94,7.96
1991-05-03,7.74,7.85,7.74,7.8
1991-05-06,7.78,7.8,7.55,7.72
1991-05-07,7.8,7.84,7.64,7.67
1991-05-08,7.69,7.79,7.64,7.64
1991-05-09,7.6,7.94,7.59,7.82
1991-05-10,7.78,7.81,7.59,7.63
1991-05-13,7.65,7.89,7.59,7.87
1991-05-14,7.73,7.79,7.69,7.75
1991-05-15,7.76,7.93,7.76,7.89
1991-05-16,7.86,7.93,7.84,7.89
1991-05-17,7.82,7.87,7.76,7.85
1991-05-20,7.82,8.08,7.82,8.07
1991-05-21,8.01,8.1,7.9,7.99
1991-05-22,7.92,8.08,7.85,7.93
1991-05-23,7.92,8.06,7.91,7.99
1991-05-24,8.06,8.13,8.03,8.1
1991-05-28,8.13,8.22,8.05,8.05
1991-05-29,8.06,8.13,7.97,8.01
1991-05-30,8.01,8.08,7.92,8.03
1991-05-31,8.04,8.08,7.95,8.05
1991-06-03,8,8.52,8,8.47
1991-06-04,8.5,8.78,8.4,8.71
1991-06-05,8.55,8.71,8.53,8.58
1991-06-06,8.8,8.85,8.53,8.57
1991-06-07,8.7,8.78,8.63,8.73
1991-06-10,8.68,8.92,8.58,8.88
1991-06-11,8.85,8.92,8.75,8.79
1991-06-12,8.78,8.9,8.78,8.88
1991-06-13,8.92,9.4,8.88,9.39
1991-06-14,9.44,9.63,9.23,9.24
1991-06-17,9.3,9.62,9.3,9.58
1991-06-18,9.7,10.02,9.65,9.9
1991-06-19,9.97,10.08,9.8,9.97
1991-06-20,9.94,10,9.77,9.9
1991-06-21,9.95,9.98,9.74,9.88
1991-06-24,9.85,9.93,9.68,9.7
1991-06-25,9.8,10.05,9.7,9.96
1991-06-26,10.1,10.52,10.1,10.4
1991-06-27,10.55,10.72,10.3,10.65
1991-06-28,8.75,8.8,8.4,8.52
1991-07-01,8.5,8.59,8.41,8.46
1991-07-02,8.45,8.53,8.36,8.44
1991-07-03,8.46,8.71,8.46,8.61
1991-07-05,8.61,8.61,8.61,8.61
1991-07-08,8.8,9.55,8.8,9.51
1991-07-09,9.57,9.58,9.4,9.49
1991-07-10,9.22,9.25,9.01,9.14
1991-07-11,9.16,9.2,9.07,9.19
1991-07-12,9.15,9.24,9.07,9.24
1991-07-15,9.16,9.29,9.05,9.05
1991-07-16,8.98,9.01,8.65,8.81
1991-07-17,8.9,8.95,8.78,8.91
1991-07-18,9.2,9.54,9.19,9.46
1991-07-19,9.28,9.33,9.16,9.18
1991-07-22,9.11,9.45,9.11,9.3
1991-07-23,9.22,9.32,9.15,9.2
1991-07-24,9.26,9.36,9.07,9.07
1991-07-25,9.1,9.16,9.06,9.09
1991-07-26,9.17,9.35,9.17,9.33
1991-07-29,9.25,9.32,9.2,9.28
1991-07-30,9.28,9.42,9.2,9.39
1991-07-31,9.4,9.73,9.38,9.68
1991-08-01,9.58,9.77,9.58,9.76
1991-08-02,9.79,9.87,9.34,9.59
1991-08-05,9.51,9.62,9.49,9.56
1991-08-06,9.56,9.6,9.3,9.45
1991-08-07,9.32,9.38,9.18,9.32
1991-08-08,9.24,9.28,9.12,9.15
1991-08-09,9.23,9.27,8.65,8.68
1991-08-12,8.69,8.75,8.1,8.28
1991-08-13,8.29,8.47,8.23,8.36
1991-08-14,8.4,8.55,8.4,8.54
1991-08-15,8.51,8.54,8.38,8.48
1991-08-16,8.45,8.48,8.31,8.32
1991-08-19,7.9,8.13,7.9,7.97
1991-08-20,8.02,8.06,7.93,7.98
1991-08-21,8.37,8.68,8.35,8.67
1991-08-22,8.55,8.75,8.53,8.69
1991-08-23,8.65,8.75,8.61,8.62
1991-08-26,8.57,8.85,8.54,8.83
1991-08-27,8.83,8.93,8.78,8.88
1991-08-28,8.9,9,8.77,8.91
1991-08-29,8.83,8.87,8.58,8.73
1991-08-30,8.65,8.85,8.65,8.83
1991-09-03,8.78,8.84,8.71,8.73
1991-09-04,8.68,8.76,8.61,8.75
1991-09-05,8.73,9.25,8.53,9.23
1991-09-06,9.11,9.31,9.08,9.2
1991-09-09,9.19,9.22,8.97,9.03
1991-09-10,9.02,9.16,8.86,8.9
1991-09-11,8.88,9.07,8.83,9.04
1991-09-12,8.93,9.03,8.85,9
1991-09-13,8.95,9.02,8.87,8.91
1991-09-16,8.81,8.9,8.55,8.7
1991-09-17,8.64,8.99,8.64,8.98
1991-09-18,8.94,9.08,8.89,9.06
1991-09-19,9.03,9.08,8.94,8.99
1991-09-20,8.96,9.01,8.8,8.93
1991-09-23,8.95,9.07,8.89,9.01
1991-09-24,8.96,9.5,8.93,9.49
1991-09-25,9.45,9.59,9.41,9.47
1991-09-26,9.45,9.64,9.4,9.61
1991-09-27,9.64,9.71,9.5,9.59
1991-09-30,9.12,9.15,8.95,9.01
1991-10-01,8.98,9.02,8.75,8.89
1991-10-02,8.85,8.96,8.79,8.85
1991-10-03,8.83,8.87,8.53,8.55
1991-10-04,8.6,8.7,8.57,8.66
1991-10-07,8.65,8.76,8.65,8.75
1991-10-08,8.77,8.79,8.61,8.75
1991-10-09,8.69,8.73,8.59,8.7
1991-10-10,8.66,8.71,8.62,8.66
1991-10-11,8.52,8.55,8.4,8.48
1991-10-14,8.5,8.61,8.49,8.57
1991-10-15,8.57,8.7,8.56,8.66
1991-10-16,8.7,8.87,8.7,8.82
1991-10-17,8.79,8.89,8.79,8.8
1991-10-18,8.76,8.92,8.63,8.65
1991-10-21,8.65,8.74,8.63,8.67
1991-10-22,8.66,8.98,8.66,8.95
1991-10-23,8.93,9.09,8.76,8.79
1991-10-24,8.76,8.93,8.65,8.8
1991-10-25,8.76,8.85,8.68,8.69
1991-10-28,8.74,8.87,8.67,8.85
1991-10-29,8.86,8.94,8.82,8.93
1991-10-30,8.97,9.02,8.91,9
1991-10-31,8.95,8.99,8.82,8.98
1991-11-01,8.95,9,8.9,8.95
1991-11-04,8.94,9,8.9,8.95
1991-11-05,8.94,8.96,8.85,8.86
1991-11-06,8.79,8.82,8.55,8.57
1991-11-07,8.62,8.68,8.57,8.62
1991-11-08,8.6,8.72,8.52,8.65
1991-11-11,8.59,8.64,8.54,8.61
1991-11-12,8.61,8.64,8.54,8.55
1991-11-13,8.5,8.51,8.22,8.27
1991-11-14,8.32,8.35,8.23,8.24
1991-11-15,8.18,8.33,8.12,8.32
1991-11-18,8.3,8.32,8.19,8.28
1991-11-19,8.25,8.29,8.2,8.23
1991-11-20,8.19,8.35,8.19,8.34
1991-11-21,8.37,8.49,8.37,8.44
1991-11-22,8.42,8.64,8.41,8.63
1991-11-25,8.63,9.03,8.63,8.94
1991-11-26,8.86,8.93,8.76,8.92
1991-11-27,8.82,8.94,8.81,8.92
1991-11-29,8.92,8.92,8.92,8.92
1991-12-02,8.84,8.94,8.8,8.93
1991-12-03,8.96,9.27,8.94,9.07
1991-12-04,9.05,9.2,9.05,9.11
1991-12-05,9.06,9.17,9.04,9.06
1991-12-06,9.01,9.04,8.8,8.83
1991-12-09,8.75,9.1,8.75,9.09
1991-12-10,9.03,9.05,8.89,8.92
1991-12-11,8.84,8.92,8.69,8.7
1991-12-12,8.68,8.74,8.55,8.6
1991-12-13,8.65,8.67,8.59,8.61
1991-12-16,8.63,8.82,8.63,8.81
1991-12-17,8.79,8.81,8.68,8.74
1991-12-18,8.74,8.84,8.67,8.69
1991-12-19,8.67,8.78,8.64,8.77
1991-12-20,8.72,8.9,8.72,8.88
1991-12-23,8.92,8.99,8.84,8.91
1991-12-24,8.91,8.92,8.87,8.88
1991-12-26,8.84,8.88,8.8,8.81
1991-12-27,8.76,9.01,8.71,9
1991-12-30,9,9.03,8.93,8.96
1991-12-31,8.95,9.01,8.94,9
1992-01-02,9,9.07,8.57,8.59
1992-01-03,8.58,8.6,8.4,8.4
1992-01-06,8.43,8.6,8.43,8.49
1992-01-07,8.42,8.45,8.35,8.36
1992-01-08,8.36,8.53,8.35,8.43
1992-01-09,8.4,8.52,8.35,8.46
1992-01-10,8.48,8.58,8.33,8.56
1992-01-13,8.49,8.54,8.42,8.44
1992-01-14,8.43,8.48,8.28,8.3
1992-01-15,8.27,8.31,8.25,8.25
1992-01-16,8.33,8.4,8.24,8.31
1992-01-17,8.28,8.65,8.28,8.59
1992-01-20,8.5,8.54,8.38,8.4
1992-01-21,8.38,8.49,8.34,8.41
1992-01-22,8.43,8.62,8.39,8.62
1992-01-23,8.58,8.75,8.51,8.63
1992-01-24,8.65,8.72,8.56,8.63
1992-01-27,8.56,8.63,8.53,8.56
1992-01-28,8.45,8.5,8.31,8.35
1992-01-29,8.33,8.39,8.26,8.34
1992-01-30,8.39,8.44,8.32,8.33
1992-01-31,8.22,8.24,7.96,8.18
1992-02-03,8.12,8.14,7.99,8
1992-02-04,8.1,8.14,7.98,8.05
1992-02-05,8.15,8.23,8.08,8.16
1992-02-06,8.21,8.24,8.15,8.17
1992-02-07,8.17,8.23,8.12,8.18
1992-02-10,8.2,8.22,8.09,8.11
1992-02-11,8.08,8.12,7.85,7.88
1992-02-12,7.9,7.96,7.84,7.94
1992-02-13,7.96,8.05,7.96,8.02
1992-02-14,7.99,8.05,7.98,8.02
1992-02-18,7.98,8.6,7.98,8.58
1992-02-19,8.48,8.5,8.35,8.46
1992-02-20,8.41,8.49,8.38,8.46
1992-02-21,8.45,8.5,8.05,8.15
1992-02-24,8.1,8.16,8.06,8.12
1992-02-25,8.15,8.18,8,8.16
1992-02-26,8.18,8.19,7.86,7.87
1992-02-27,7.81,7.9,7.66,7.8
1992-02-28,7.97,8.12,7.97,8.02
1992-03-02,8.04,8.14,7.99,8.04
1992-03-03,8.07,8.29,8.07,8.27
1992-03-04,8.22,8.28,8.21,8.23
1992-03-05,8.12,8.18,8.05,8.12
1992-03-06,8.12,8.21,8.11,8.12
1992-03-09,8.13,8.28,8.13,8.24
1992-03-10,8.29,8.42,8.28,8.39
1992-03-11,8.41,8.45,8.3,8.37
1992-03-12,8.34,8.38,8.3,8.36
1992-03-13,8.31,8.39,8.25,8.31
1992-03-16,8.27,8.44,8.27,8.43
1992-03-17,8.39,8.45,8.22,8.33
1992-03-18,8.33,8.45,8.31,8.41
1992-03-19,8.39,8.44,8.34,8.43
1992-03-20,8.44,8.45,8.4,8.44
1992-03-23,8.39,8.42,8.24,8.29
1992-03-24,8.28,8.34,8.22,8.33
1992-03-25,8.33,8.34,8.3,8.32
1992-03-26,8.3,8.35,8.22,8.25
1992-03-27,8.23,8.4,8.23,8.38
1992-03-30,8.39,8.59,8.39,8.53
1992-03-31,8.55,8.69,8.51,8.68
1992-04-01,8.68,8.77,8.6,8.77
1992-04-02,8.77,9.15,8.77,9.13
1992-04-03,9.08,9.2,8.98,9.18
1992-04-06,9.18,9.2,8.99,9
1992-04-07,9.04,9.83,9.04,9.8
1992-04-08,9.8,9.9,9.43,9.82
1992-04-09,9.6,9.75,9.47,9.73
1992-04-10,9.59,9.65,9.5,9.56
1992-04-13,9.4,9.9,9.4,9.67
1992-04-14,9.55,9.7,9.4,9.43
1992-04-15,9.33,9.64,9.32,9.47
1992-04-16,9.47,9.66,9.46,9.59
1992-04-20,9.63,9.67,9.48,9.48
1992-04-21,9.5,9.59,9.44,9.54
1992-04-22,9.52,9.75,9.42,9.72
1992-04-23,9.75,10.34,9.75,10.28
1992-04-24,10.25,10.34,9.96,9.99
1992-04-27,10.02,10.07,9.74,9.83
1992-04-28,9.76,9.82,9.63,9.75
1992-04-29,9.78,9.93,9.75,9.91
1992-04-30,9.74,9.78,9.3,9.36
1992-05-01,9.42,9.54,9.15,9.45
1992-05-04,9.48,9.55,9.35,9.49
1992-05-05,9.43,9.63,9.43,9.6
1992-05-06,9.61,9.64,9.46,9.54
1992-05-07,9.48,9.71,9.38,9.7
1992-05-08,9.7,9.84,9.46,9.67
1992-05-11,9.56,9.69,9.5,9.68
1992-05-12,9.63,9.72,9.61,9.67
1992-05-13,9.63,9.71,9.56,9.7
1992-05-14,9.72,9.75,9.61,9.61
1992-05-15,9.62,9.69,9.6,9.65
1992-05-18,9.69,9.74,9.26,9.35
1992-05-19,9.36,9.49,9.32,9.39
1992-05-20,9.42,9.46,9.36,9.42
1992-05-21,9.35,9.38,9.25,9.35
1992-05-22,9.34,9.47,9.34,9.47
1992-05-26,9.53,9.58,9.49,9.54
1992-05-27,9.55,10.01,9.55,9.9
1992-05-28,9.92,9.94,9.83,9.85
1992-05-29,9.83,10.04,9.83,10.03
1992-06-01,10.01,10.04,9.64,9.73
1992-06-02,9.79,9.97,9.74,9.89
1992-06-03,9.94,10.12,9.91,10.03
1992-06-04,10.05,10.36,9.96,10.34
1992-06-05,10.26,10.44,10.21,10.23
1992-06-08,10.15,10.3,10.1,10.15
1992-06-09,10.1,10.12,9.97,10.01
1992-06-10,9.94,10.27,9.92,10.23
1992-06-11,10.22,10.26,10.1,10.1
1992-06-12,10.12,10.29,10.04,10.27
1992-06-15,10.28,10.6,10.28,10.51
1992-06-16,10.57,10.68,10.5,10.53
1992-06-17,10.6,11.14,10.6,11.05
1992-06-18,10.98,11.04,10.7,10.81
1992-06-19,10.71,10.79,10.55,10.76
1992-06-22,10.75,10.96,10.61,10.94
1992-06-23,10.89,11.01,10.73,10.96
1992-06-24,10.95,11.05,10.8,10.91
1992-06-25,10.88,11,10.85,10.97
1992-06-26,11,11.08,10.81,10.99
1992-06-29,10.95,11.05,10.86,10.98
1992-06-30,10,10.06,9.45,9.76
1992-07-01,9.69,9.72,9.18,9.3
1992-07-02,9.25,9.45,9.25,9.3
1992-07-06,9.31,9.39,9.21,9.33
1992-07-07,9.35,9.51,9.33,9.47
1992-07-08,9.52,9.56,9.45,9.52
1992-07-09,9.48,9.54,9.22,9.3
1992-07-10,9.35,9.42,9.25,9.41
1992-07-13,9.4,9.62,9.4,9.55
1992-07-14,9.5,9.72,9.5,9.62
1992-07-15,9.65,9.68,9.6,9.65
1992-07-16,9.67,10.07,9.67,10.06
1992-07-17,10.11,10.29,10.06,10.28
1992-07-20,10.23,10.25,9.87,9.99
1992-07-21,10.01,10.1,9.92,9.97
1992-07-22,9.91,10.13,9.85,10.02
1992-07-23,9.99,10.1,9.9,9.91
1992-07-24,9.91,9.95,9.82,9.92
1992-07-27,9.92,10.07,9.92,10.03
1992-07-28,10.04,10.11,9.97,10.06
1992-07-29,10.01,10.03,9.33,9.39
1992-07-30,9.41,9.5,9.36,9.48
1992-07-31,9.5,9.57,9.45,9.51
1992-08-03,9.47,9.61,9.47,9.56
1992-08-04,9.58,9.68,9.43,9.44
1992-08-05,9.41,9.61,9.41,9.59
1992-08-06,9.63,9.66,9.55,9.62
1992-08-07,9.67,9.75,9.5,9.6
1992-08-10,9.62,9.67,9.51,9.66
1992-08-11,9.65,9.84,9.55,9.83
1992-08-12,9.76,9.9,9.73,9.86
1992-08-13,9.8,9.85,9.25,9.39
1992-08-14,9.35,9.56,9.35,9.46
1992-08-17,9.38,9.54,9.38,9.53
1992-08-18,9.46,9.53,9.4,9.41
1992-08-19,9.3,9.35,9.08,9.19
1992-08-20,9.19,9.24,9.08,9.09
1992-08-21,9.1,9.15,8.77,8.81
1992-08-24,8.87,9.05,8.8,8.99
1992-08-25,9.05,9.09,8.96,9.05
1992-08-26,9.06,9.09,8.82,8.93
1992-08-27,8.95,9.21,8.87,9.2
1992-08-28,9.15,9.18,9.06,9.15
1992-08-31,9.1,9.27,9.08,9.23
1992-09-01,9.19,9.21,8.87,8.95
1992-09-02,8.95,9,8.89,9
1992-09-03,8.96,9.08,8.75,9
1992-09-04,9,9.14,8.98,9.13
1992-09-08,9.03,9.25,8.95,9.19
1992-09-09,9.23,9.37,9.23,9.31
1992-09-10,9.33,9.7,9.3,9.64
1992-09-11,9.62,9.7,9.58,9.6
1992-09-14,9.52,9.61,9.36,9.48
1992-09-15,9.47,9.52,9.38,9.45
1992-09-16,9.36,9.4,9.15,9.23
1992-09-17,9.11,9.15,8.98,9.09
1992-09-18,9.1,9.15,9.04,9.1
1992-09-21,9.04,9.05,8.64,8.69
1992-09-22,8.7,8.81,8.59,8.68
1992-09-23,8.6,8.75,8.6,8.73
1992-09-24,8.75,8.84,8.69,8.8
1992-09-25,8.8,8.85,8.55,8.75
1992-09-28,8.65,8.75,8.57,8.68
1992-09-29,8.45,8.62,8.44,8.49
1992-09-30,8.72,8.74,8.66,8.71
1992-10-01,8.76,8.81,8.74,8.8
1992-10-02,8.81,8.88,8.78,8.88
1992-10-05,8.85,8.89,8.61,8.69
1992-10-06,8.66,8.71,8.55,8.56
1992-10-07,8.52,8.65,8.5,8.63
1992-10-08,8.6,8.71,8.58,8.67
1992-10-09,8.65,8.71,8.64,8.66
1992-10-12,8.63,8.7,8.58,8.7
1992-10-13,8.71,8.78,8.68,8.77
1992-10-14,8.78,9.03,8.78,9.02
1992-10-15,9,9.02,8.83,8.98
1992-10-16,8.87,8.95,8.82,8.87
1992-10-19,8.79,8.86,8.76,8.83
1992-10-20,8.78,8.93,8.74,8.91
1992-10-21,8.88,8.94,8.8,8.93
1992-10-22,8.88,8.95,8.85,8.86
1992-10-23,8.78,8.85,8.62,8.71
1992-10-26,8.66,8.7,8.61,8.64
1992-10-27,8.62,8.69,8.62,8.64
1992-10-28,8.65,8.82,8.65,8.81
1992-10-29,8.76,8.84,8.74,8.75
1992-10-30,8.71,8.79,8.7,8.77
1992-11-02,8.77,9,8.77,8.97
1992-11-03,8.94,8.96,8.87,8.94
1992-11-04,8.84,8.89,8.78,8.82
1992-11-05,8.75,8.79,8.63,8.69
1992-11-06,8.66,8.8,8.66,8.79
1992-11-09,8.77,8.85,8.75,8.84
1992-11-10,8.8,8.81,8.72,8.74
1992-11-11,8.72,8.75,8.64,8.71
1992-11-12,8.68,8.74,8.68,8.73
1992-11-13,8.72,8.79,8.71,8.73
1992-11-16,8.73,8.79,8.64,8.64
1992-11-17,8.61,8.74,8.55,8.73
1992-11-18,8.72,8.75,8.67,8.68
1992-11-19,8.65,8.7,8.65,8.66
1992-11-20,8.63,8.67,8.6,8.62
1992-11-23,8.58,8.6,8.31,8.34
1992-11-24,8.35,8.42,8.32,8.41
1992-11-25,8.44,8.47,8.41,8.43
1992-11-30,8.43,8.44,8.37,8.41
1992-12-01,8.4,8.49,8.39,8.48
1992-12-02,8.49,8.53,8.46,8.52
1992-12-03,8.45,8.54,8.45,8.54
1992-12-04,8.51,8.55,8.32,8.37
1992-12-07,8.37,8.41,8.27,8.29
1992-12-08,8.25,8.27,8.21,8.25
1992-12-09,8.27,8.29,8.22,8.26
1992-12-10,8.27,8.32,8.23,8.26
1992-12-11,8.28,8.31,8.25,8.3
1992-12-14,8.28,8.29,8.25,8.27
1992-12-15,8.24,8.27,8.15,8.18
1992-12-16,8.18,8.24,8.16,8.19
1992-12-17,8.2,8.38,8.2,8.32
1992-12-18,8.3,8.32,8.28,8.3
1992-12-21,8.28,8.3,8.12,8.12
1992-12-22,8.13,8.19,8.13,8.19
1992-12-23,8.2,8.22,8.18,8.19
1992-12-24,8.19,8.21,8.18,8.21
1992-12-28,8.2,8.26,8.2,8.21
1992-12-29,8.23,8.43,8.23,8.38
1992-12-30,8.38,8.41,8.34,8.39
1992-12-31,8.38,8.41,8.37,8.41
1993-01-04,8.33,8.38,8.26,8.29
1993-01-05,8.24,8.25,8.08,8.09
1993-01-06,8.07,8.23,8.07,8.17
1993-01-07,8.15,8.2,8.11,8.16
1993-01-08,8.17,8.65,8.17,8.6
1993-01-11,8.47,8.69,8.47,8.64
1993-01-12,8.53,8.6,8.51,8.52
1993-01-13,8.47,8.59,8.45,8.46
1993-01-14,8.46,8.6,8.45,8.59
1993-01-15,8.55,8.58,8.45,8.57
1993-01-18,8.52,8.54,8.4,8.41
1993-01-19,8.38,8.58,8.38,8.45
1993-01-20,8.48,8.56,8.47,8.54
1993-01-21,8.5,8.53,8.47,8.5
1993-01-22,8.46,8.49,8.35,8.45
1993-01-25,8.44,8.48,8.41,8.47
1993-01-26,8.47,8.65,8.47,8.62
1993-01-27,8.64,8.67,8.55,8.61
1993-01-28,8.59,8.6,8.38,8.47
1993-01-29,8.41,8.44,8.28,8.3
1993-02-01,8.28,8.33,8.25,8.25
1993-02-02,8.19,8.22,7.96,8.04
1993-02-03,8.07,8.17,8.07,8.14
1993-02-04,8.21,8.23,8.14,8.22
1993-02-05,8.18,8.2,8.09,8.1
1993-02-08,8.03,8.08,7.97,8.05
1993-02-09,8.07,8.2,8.06,8.15
1993-02-10,8.22,8.59,8.22,8.57
1993-02-11,8.52,8.56,8.46,8.47
1993-02-12,8.43,8.5,8.42,8.48
1993-02-16,8.6,9.02,8.6,8.96
1993-02-17,8.88,9.37,8.88,9.33
1993-02-18,9.27,9.5,8.99,9.05
1993-02-19,8.88,9.1,8.88,9
1993-02-22,9.05,9.42,9.05,9.34
1993-02-23,9.55,9.65,9.35,9.38
1993-02-24,9.44,9.6,9.4,9.54
1993-02-25,9.63,9.68,9.32,9.55
1993-02-26,9.6,10,9.43,9.63
1993-03-01,9.94,10.26,9.93,10.23
1993-03-02,10.26,10.37,10.08,10.12
1993-03-03,10.02,10.22,9.91,10.18
1993-03-04,10.18,10.25,10.09,10.2
1993-03-05,10.05,10.12,9.96,10.09
1993-03-08,10,10.09,9.96,10.01
1993-03-09,9.9,10.09,9.87,9.88
1993-03-10,9.86,10.19,9.79,10.15
1993-03-11,10.25,10.32,10.11,10.21
1993-03-12,10.05,10.67,10.02,10.55
1993-03-15,11.1,11.83,11.1,11.5
1993-03-16,11.22,11.3,10.94,11
1993-03-17,11.05,11.14,10.93,11.11
1993-03-18,11.2,11.47,11.2,11.45
1993-03-19,11.58,12.3,11.58,12.18
1993-03-22,12.4,12.53,11.85,12.22
1993-03-23,11.78,12.05,11.73,11.78
1993-03-24,11.62,11.8,11.48,11.68
1993-03-25,11.6,11.9,11.38,11.72
1993-03-26,11.77,11.96,11.72,11.85
1993-03-29,11.73,12.08,11.73,12.03
1993-03-30,12.1,12.31,12.05,12.12
1993-03-31,11.82,12.09,11.82,11.89
1993-04-01,11.83,12.3,11.83,12.03
1993-04-02,12.09,12.25,11.8,12.24
1993-04-05,12.43,12.52,12.04,12.06
1993-04-06,11.9,11.95,11.45,11.47
1993-04-07,11.28,11.38,10.81,10.89
1993-04-08,10.88,11.09,10.72,11.03
1993-04-12,10.8,10.98,10.69,10.73
1993-04-13,10.71,10.91,10.71,10.85
1993-04-14,10.8,10.86,10.4,10.4
1993-04-15,10.35,10.6,10.3,10.41
1993-04-16,10.48,10.73,10.48,10.7
1993-04-19,10.74,11.04,10.66,10.89
1993-04-20,11.05,11.23,10.95,10.95
1993-04-21,11.1,11.24,11.03,11.18
1993-04-22,11.27,11.85,11.27,11.76
1993-04-23,12,12.15,11.87,12
1993-04-26,11.91,12.48,11.88,12.45
1993-04-27,12.55,12.66,11.9,12.65
1993-04-28,12.5,12.6,12.25,12.4
1993-04-29,12.1,12.5,12.02,12.5
1993-04-30,12.99,13.02,12.79,12.82
1993-05-03,12.73,12.78,12.23,12.3
1993-05-04,12.32,12.38,12.04,12.14
1993-05-05,12.03,12.35,11.93,12.26
1993-05-06,12.32,12.4,12.18,12.29
1993-05-07,12.1,12.35,12.1,12.28
1993-05-10,12.28,12.31,12.15,12.17
1993-05-11,12.06,12.58,12.06,12.47
1993-05-12,12.65,12.77,12.47,12.5
1993-05-13,12.45,12.9,12.45,12.88
1993-05-14,13.01,13.2,12.92,13.19
1993-05-17,13.23,13.26,12.82,12.97
1993-05-18,12.76,12.85,12.25,12.35
1993-05-19,12.25,12.36,11.75,11.96
1993-05-20,12.1,12.15,11.82,12.06
1993-05-21,12.15,12.38,12.08,12.36
1993-05-24,12.38,12.42,11.55,11.61
1993-05-25,11.55,11.92,11.52,11.78
1993-05-26,11.73,11.79,11.11,11.12
1993-05-27,11.25,11.29,10.52,10.57
1993-05-28,10.67,10.85,10.6,10.76
1993-06-01,10.87,11.02,10.66,10.75
1993-06-02,10.65,10.91,10.56,10.67
1993-06-03,10.55,10.65,10.29,10.46
1993-06-04,11.15,11.25,10.92,10.96
1993-06-07,10.9,10.96,10.77,10.95
1993-06-08,11.1,11.2,10.98,11.13
1993-06-09,11.2,11.25,10.87,10.91
1993-06-10,10.98,11.14,10.9,11.12
1993-06-11,11.03,11.2,10.95,11.06
1993-06-14,10.98,11.03,10.69,10.9
1993-06-15,10.82,10.88,10.76,10.8
1993-06-16,10.68,10.72,10.39,10.52
1993-06-17,10.59,10.72,10.45,10.49
1993-06-18,10.45,10.5,9.85,10.05
1993-06-21,9.95,10.06,9.62,9.67
1993-06-22,9.67,9.9,9.67,9.81
1993-06-23,9.88,10.04,9.75,9.99
1993-06-24,9.95,10.1,9.92,10.05
1993-06-25,10.04,10.1,9.96,9.98
1993-06-28,9.86,10.18,9.86,10.01
1993-06-29,10.02,10.08,9.25,9.34
1993-06-30,10.12,10.46,10.1,10.45
1993-07-01,10.35,10.43,10.2,10.34
1993-07-02,10.27,10.7,10.27,10.64
1993-07-06,10.75,10.8,10.45,10.75
1993-07-07,10.66,10.69,10.52,10.66
1993-07-08,10.59,10.66,10.54,10.55
1993-07-09,10.43,10.52,10.15,10.25
1993-07-12,10.08,10.11,9.57,9.74
1993-07-13,9.7,9.8,9.62,9.7
1993-07-14,9.82,9.91,9.72,9.86
1993-07-15,9.87,9.89,9.58,9.59
1993-07-16,9.56,9.82,9.53,9.8
1993-07-19,9.75,9.98,9.73,9.98
1993-07-20,9.92,10.06,9.78,9.79
1993-07-21,9.66,9.81,9.64,9.67
1993-07-22,9.58,9.68,9.55,9.61
1993-07-23,9.61,9.73,9.57,9.6
1993-07-26,9.45,9.55,9.07,9.15
1993-07-27,9.21,9.25,9.11,9.13
1993-07-28,9.17,9.27,9.17,9.21
1993-07-29,9.25,9.34,9.23,9.29
1993-07-30,9.32,9.36,9.18,9.36
1993-08-02,9.4,9.56,9.37,9.56
1993-08-03,9.58,10.25,9.55,10.13
1993-08-04,10.02,10.24,9.96,10.05
1993-08-05,9.99,10.17,9.9,10.01
1993-08-06,9.97,10.09,9.91,10.04
1993-08-09,9.95,10.04,9.6,9.63
1993-08-10,9.65,9.88,9.49,9.84
1993-08-11,9.87,9.93,9.65,9.69
1993-08-12,9.75,9.79,9.02,9.18
1993-08-13,9.25,9.38,9.17,9.37
1993-08-16,9.26,9.3,9.12,9.2
1993-08-17,9.3,9.42,9.28,9.39
1993-08-18,9.32,9.39,9.13,9.36
1993-08-19,9.4,9.52,9.29,9.39
1993-08-20,8.9,9.23,8.9,9.12
1993-08-23,9.12,9.33,9.08,9.28
1993-08-24,9.25,9.37,9.23,9.36
1993-08-25,9.28,9.34,9.13,9.17
1993-08-26,9.08,9.39,8.86,9.32
1993-08-27,9.3,9.36,9.12,9.15
1993-08-30,9.13,9.35,9.08,9.34
1993-08-31,9.32,9.35,9.03,9.07
1993-09-01,9.07,9.32,9.04,9.16
1993-09-02,9.1,9.23,9.08,9.09
1993-09-03,9.14,9.2,9.1,9.11
1993-09-07,9.05,9.3,9.05,9.2
1993-09-08,9.16,9.24,9.05,9.09
1993-09-09,9.14,9.18,9.08,9.11
1993-09-10,9.12,9.47,9.08,9.39
1993-09-13,9.42,9.65,9.41,9.63
1993-09-14,9.53,9.62,9.28,9.4
1993-09-15,9.34,9.83,9.34,9.75
1993-09-16,9.65,9.77,9.64,9.65
1993-09-17,9.58,10.15,9.58,9.98
1993-09-20,9.92,10.12,9.73,9.79
1993-09-21,9.7,9.74,9.57,9.66
1993-09-22,9.47,9.78,9.47,9.73
1993-09-23,9.68,9.81,9.67,9.74
1993-09-24,9.6,9.83,9.55,9.73
1993-09-27,9.7,9.73,9.48,9.49
1993-09-28,9.38,9.62,9.38,9.49
1993-09-29,9.44,9.47,9.28,9.35
1993-09-30,10.28,10.47,10.26,10.45
1993-10-01,10.4,10.86,10.4,10.83
1993-10-04,10.7,10.88,10.7,10.84
1993-10-05,10.82,10.83,10.67,10.71
1993-10-06,10.76,10.88,10.65,10.87
1993-10-07,10.89,10.9,10.49,10.6
1993-10-08,10.65,10.74,10.61,10.73
1993-10-11,10.67,10.7,10.52,10.55
1993-10-12,10.57,10.8,10.51,10.79
1993-10-13,10.67,10.71,10.6,10.62
1993-10-14,10.67,10.82,10.54,10.54
1993-10-15,10.51,10.64,10.47,10.63
1993-10-18,10.53,10.55,10.16,10.24
1993-10-19,10.25,10.34,10.24,10.33
1993-10-20,10.25,10.34,10.22,10.33
1993-10-21,10.27,10.36,10.2,10.31
1993-10-22,10.32,10.54,10.31,10.53
1993-10-25,10.45,10.55,10.43,10.46
1993-10-26,10.43,10.53,10.41,10.47
1993-10-27,10.46,10.67,10.43,10.65
1993-10-28,10.6,10.69,10.53,10.54
1993-10-29,10.61,10.68,10.51,10.62
1993-11-01,10.59,10.63,10.45,10.46
1993-11-02,10.48,10.51,10.37,10.44
1993-11-03,10.45,10.58,10.45,10.55
1993-11-04,10.52,11.03,10.52,10.9
1993-11-05,10.83,10.9,10.72,10.74
1993-11-08,10.72,10.76,10.62,10.63
1993-11-09,10.56,10.6,10,10.02
1993-11-10,10.1,10.18,10.06,10.1
1993-11-11,10.12,10.2,10.1,10.19
1993-11-12,10.13,10.18,9.88,9.99
1993-11-15,10.06,10.14,10.02,10.05
1993-11-16,10.07,10.2,10.04,10.14
1993-11-17,10.12,10.29,10.09,10.18
1993-11-18,10.13,10.51,10.13,10.44
1993-11-19,10.41,10.45,10.32,10.35
1993-11-22,10.35,10.4,10.24,10.25
1993-11-23,10.21,10.28,10.15,10.16
1993-11-24,10.13,10.45,10.1,10.33
1993-11-29,10.33,10.51,10.29,10.44
1993-11-30,10.38,10.49,10.34,10.36
1993-12-01,10.4,10.78,10.4,10.67
1993-12-02,10.64,10.68,10.53,10.67
1993-12-03,10.63,10.76,10.63,10.73
1993-12-06,10.67,10.71,10.55,10.59
1993-12-07,10.62,10.78,10.61,10.66
1993-12-08,10.56,10.68,10.56,10.65
1993-12-09,10.68,10.85,10.45,10.51
1993-12-10,10.57,10.79,10.55,10.77
1993-12-13,10.78,10.88,10.73,10.74
1993-12-14,10.68,10.9,10.65,10.67
1993-12-15,10.6,10.68,10.58,10.64
1993-12-16,10.68,10.76,10.61,10.66
1993-12-17,10.65,10.7,10.61,10.69
1993-12-20,10.66,10.68,10.51,10.55
1993-12-21,10.57,10.6,10.28,10.3
1993-12-22,10.36,10.56,10.34,10.55
1993-12-23,10.55,10.67,10.5,10.65
1993-12-27,10.68,10.75,10.65,10.67
1993-12-28,10.68,10.8,10.61,10.77
1993-12-29,10.78,10.82,10.72,10.78
1993-12-30,10.82,10.85,10.65,10.77
1994-01-03,10.79,10.85,10.66,10.82
1994-01-04,10.8,10.81,10.58,10.7
1994-01-05,10.72,10.77,10.66,10.74
1994-01-06,10.7,10.9,10.6,10.78
1994-01-07,10.7,10.76,10.55,10.58
1994-01-10,10.59,10.62,10.52,10.56
1994-01-11,10.56,10.78,10.56,10.76
1994-01-12,10.7,10.79,10.68,10.75
1994-01-13,10.74,10.82,10.58,10.61
1994-01-14,10.63,10.68,10.6,10.66
1994-01-17,10.61,10.7,10.36,10.4
1994-01-18,10.43,10.46,10.34,10.35
1994-01-19,10.34,10.38,10.23,10.28
1994-01-20,10.33,10.47,10.32,10.33
1994-01-21,10.35,10.42,10.33,10.39
1994-01-24,10.38,10.48,10.37,10.42
1994-01-25,10.44,10.5,10.26,10.36
1994-01-26,10.38,10.4,10.26,10.31
1994-01-27,10.31,10.47,10.27,10.44
1994-01-28,10.47,10.49,10.42,10.47
1994-01-31,10.49,10.6,10.46,10.59
1994-02-01,10.6,10.63,10.35,10.41
1994-02-02,10.44,10.51,10.4,10.48
1994-02-03,10.45,11.04,10.45,11
1994-02-04,10.88,11.14,10.82,11.12
1994-02-07,11.06,11.09,10.9,10.97
1994-02-08,10.98,11.02,10.87,10.92
1994-02-09,10.91,11.06,10.85,11.02
1994-02-10,11.04,11.11,10.93,10.95
1994-02-11,10.93,11.05,10.93,11.03
1994-02-14,10.96,11.22,10.96,11.21
1994-02-15,11.19,11.2,10.95,10.97
1994-02-16,10.91,11.08,10.91,10.98
1994-02-17,11,11.11,11,11.04
1994-02-18,11.09,11.15,11.04,11.11
1994-02-22,10.97,11,10.8,10.89
1994-02-23,10.87,11.2,10.87,11.16
1994-02-24,11.2,11.43,11.06,11.14
1994-02-25,11.05,11.25,11.05,11.14
1994-02-28,11.63,11.82,11.62,11.8
1994-03-01,11.8,11.95,11.73,11.78
1994-03-02,11.71,11.81,11.68,11.77
1994-03-03,11.8,11.89,11.72,11.76
1994-03-04,11.9,11.99,11.84,11.9
1994-03-07,11.89,11.95,11.76,11.79
1994-03-08,11.8,11.9,11.67,11.84
1994-03-09,11.85,11.9,11.78,11.89
1994-03-10,11.88,12.03,11.76,12.01
1994-03-11,12.02,12.3,11.99,12.28
1994-03-14,12.26,12.47,12.25,12.34
1994-03-15,12.17,12.23,12.01,12.13
1994-03-16,12.18,12.2,12.02,12.17
1994-03-17,12.14,12.19,12.1,12.14
1994-03-18,12.21,12.24,11.9,12.11
1994-03-21,12.12,12.19,11.99,12.11
1994-03-22,12.13,12.22,12.1,12.16
1994-03-23,12.16,12.19,12.1,12.16
1994-03-24,12.18,12.34,12.18,12.29
1994-03-25,12.22,12.26,12.15,12.19
1994-03-28,12.15,12.2,12.12,12.17
1994-03-29,12.11,12.14,11.8,11.84
1994-03-30,11.88,11.98,11.88,11.95
1994-03-31,11.93,11.98,11.88,11.96
1994-04-04,11.95,11.98,11.74,11.85
1994-04-05,11.62,11.72,10.98,11.05
1994-04-06,11.15,11.28,11.03,11.28
1994-04-07,11.32,11.37,11.2,11.21
1994-04-08,11.26,11.32,11.09,11.2
1994-04-11,11.12,11.17,10.5,10.56
1994-04-12,10.58,10.66,10.53,10.57
1994-04-13,10.63,10.99,10.63,10.88
1994-04-14,10.96,11.02,10.87,10.91
1994-04-15,10.92,11.07,10.92,10.97
1994-04-18,10.97,11.04,10.97,11.01
1994-04-19,10.98,11.01,10.85,10.87
1994-04-20,10.9,10.93,10.74,10.77
1994-04-21,10.88,11.22,10.87,11.21
1994-04-22,11.2,11.69,11.16,11.66
1994-04-25,11.65,11.72,11.53,11.68
1994-04-26,11.74,11.87,11.64,11.77
1994-04-28,11.8,11.82,11.6,11.65
1994-04-29,11.75,11.78,11.58,11.67
1994-05-02,11.62,11.67,11.46,11.53
1994-05-03,11.56,11.6,11.46,11.5
1994-05-04,11.42,11.73,11.35,11.65
1994-05-05,11.74,11.86,11.71,11.82
1994-05-06,11.91,12,11.55,11.72
1994-05-09,11.77,11.96,11.73,11.94
1994-05-10,11.97,12.05,11.82,11.83
1994-05-11,11.83,12.29,11.83,12.26
1994-05-12,12.21,12.28,12.15,12.17
1994-05-13,12.15,12.35,11.75,11.98
1994-05-16,11.95,12.03,11.83,11.86
1994-05-17,11.86,12.05,11.86,11.97
1994-05-18,12.05,12.26,12.05,12.23
1994-05-19,12.33,12.35,12.07,12.21
1994-05-20,12.05,12.12,11.65,11.91
1994-05-23,11.89,12.3,11.89,12.17
1994-05-24,12.25,12.28,11.9,11.93
1994-05-25,11.85,12.02,11.81,11.85
1994-05-26,11.8,12.05,11.6,12.01
1994-05-27,12.09,12.17,11.76,11.79
1994-05-31,11.92,12.08,11.91,12.04
1994-06-01,12.02,12.2,11.97,12.19
1994-06-02,12.19,12.25,11.92,12.02
1994-06-03,12.08,12.16,12.01,12.09
1994-06-06,12.07,12.09,11.92,12
1994-06-07,11.96,12.2,11.95,12.14
1994-06-08,12.12,12.49,12.12,12.46
1994-06-09,12.5,12.6,12.37,12.42
1994-06-10,12.46,12.57,12.33,12.44
1994-06-13,12.55,12.57,12.31,12.36
1994-06-14,12.34,12.39,12.25,12.37
1994-06-15,12.37,12.42,12.26,12.33
1994-06-16,12.29,12.43,12.29,12.4
1994-06-17,12.43,12.45,12.35,12.36
1994-06-20,12.31,12.34,12.01,12.06
1994-06-21,12.06,12.11,11.95,12.1
1994-06-22,12.13,12.15,11.8,11.83
1994-06-23,11.87,12.15,11.85,12.08
1994-06-24,12.15,12.29,12.11,12.14
1994-06-27,12.22,12.25,11.4,11.57
1994-06-28,11.65,11.71,11.52,11.61
1994-06-29,11.58,11.61,11.43,11.54
1994-06-30,11.63,11.72,11.61,11.68
1994-07-01,11.69,11.87,11.69,11.86
1994-07-05,11.85,11.88,11.62,11.67
1994-07-06,11.67,11.72,11.6,11.67
1994-07-07,11.65,11.67,11.11,11.26
1994-07-08,11.39,11.45,11.23,11.32
1994-07-11,11.4,11.52,11.39,11.47
1994-07-12,11.43,11.62,11.32,11.52
1994-07-13,11.53,11.61,11.47,11.54
1994-07-14,11.53,11.71,11.53,11.7
1994-07-15,11.72,12.1,11.72,12.05
1994-07-18,11.97,12.1,11.96,12.09
1994-07-19,12.08,12.09,11.86,12.02
1994-07-20,11.93,11.99,11.87,11.88
1994-07-21,11.81,11.98,11.8,11.9
1994-07-22,11.85,11.97,11.83,11.86
1994-07-25,11.76,11.83,11.74,11.78
1994-07-26,11.78,11.81,11.63,11.72
1994-07-27,11.77,11.86,11.71,11.72
1994-07-28,11.63,11.86,11.57,11.82
1994-07-29,11.71,11.78,11.6,11.68
1994-08-01,11.6,11.79,11.58,11.7
1994-08-02,11.7,11.72,11.39,11.48
1994-08-03,11.45,11.63,11.45,11.54
1994-08-04,11.6,11.95,11.6,11.93
1994-08-05,11.92,11.99,11.84,11.88
1994-08-08,11.85,11.87,11.78,11.8
1994-08-09,11.75,11.97,11.73,11.82
1994-08-10,11.8,11.94,11.79,11.91
1994-08-11,11.84,12.05,11.78,11.82
1994-08-12,11.8,11.91,11.78,11.9
1994-08-15,11.85,11.87,11.64,11.81
1994-08-16,11.9,11.95,11.85,11.89
1994-08-17,11.86,11.98,11.84,11.85
1994-08-18,11.9,12.14,11.9,12.11
1994-08-19,12.11,12.2,12.09,12.18
1994-08-22,12.1,12.15,12.07,12.11
1994-08-23,12.11,12.16,11.97,12.03
1994-08-24,11.98,12.04,11.97,12
1994-08-25,11.96,12.16,11.96,12.11
1994-08-26,12.07,12.11,11.95,11.96
1994-08-29,11.86,12.08,11.86,12.06
1994-08-30,12.1,12.2,12.1,12.12
1994-08-31,12.06,12.17,12,12.14
1994-09-01,12.06,12.13,12.03,12.05
1994-09-02,12.02,12.08,11.99,12.04
1994-09-06,11.92,11.99,11.79,11.9
1994-09-07,11.9,12.39,11.9,12.38
1994-09-08,12.26,12.35,12.24,12.28
1994-09-09,12.22,12.31,12.22,12.26
1994-09-12,12.29,12.35,12.24,12.3
1994-09-13,12.31,12.55,12.31,12.54
1994-09-14,12.55,12.78,12.47,12.75
1994-09-15,12.74,12.85,12.59,12.82
1994-09-16,12.75,12.81,12.62,12.65
1994-09-19,12.55,12.79,12.51,12.66
1994-09-20,12.61,12.78,12.59,12.73
1994-09-21,12.76,12.77,12.48,12.57
1994-09-22,12.58,12.64,12.49,12.58
1994-09-23,12.52,12.55,12.48,12.53
1994-09-26,12.49,12.72,12.44,12.68
1994-09-27,12.68,12.7,12.43,12.54
1994-09-28,12.57,12.62,12.5,12.51
1994-09-29,12.45,12.73,12.45,12.69
1994-09-30,12.56,12.59,12.36,12.4
1994-10-03,12.35,12.55,12.32,12.52
1994-10-04,12.45,12.49,12.41,12.42
1994-10-05,12.4,12.49,12.25,12.45
1994-10-06,12.45,12.49,12.39,12.41
1994-10-07,12.37,12.49,12.35,12.47
1994-10-10,12.43,12.44,12.37,12.42
1994-10-11,12.38,12.4,12.13,12.15
1994-10-12,12.22,12.38,12.21,12.37
1994-10-13,12.35,12.39,12.28,12.29
1994-10-14,12.33,12.6,12.33,12.57
1994-10-17,12.59,12.83,12.59,12.82
1994-10-18,12.77,12.79,12.68,12.72
1994-10-19,12.67,12.86,12.62,12.79
1994-10-20,12.75,12.82,12.7,12.78
1994-10-21,12.81,12.84,12.67,12.7
1994-10-24,12.65,12.79,12.63,12.71
1994-10-25,12.69,12.78,12.6,12.7
1994-10-26,12.68,12.88,12.67,12.86
1994-10-27,12.92,12.99,12.86,12.89
1994-10-28,12.85,12.87,12.75,12.83
1994-10-31,12.79,12.87,12.73,12.8
1994-11-01,12.74,12.95,12.73,12.9
1994-11-02,12.98,13.37,12.98,13.21
1994-11-03,13.15,13.2,13.12,13.18
1994-11-04,13.12,13.2,13.12,13.19
1994-11-07,13.17,13.36,13.13,13.27
1994-11-08,13.26,13.35,13.1,13.15
1994-11-09,13.18,13.22,13.07,13.15
1994-11-10,13.08,13.28,13.04,13.26
1994-11-11,13.45,13.77,13.42,13.64
1994-11-14,13.65,13.72,13.55,13.66
1994-11-15,13.58,13.72,13.53,13.64
1994-11-16,13.53,13.64,13.53,13.58
1994-11-17,13.57,13.75,13.51,13.74
1994-11-18,13.8,13.91,13.77,13.8
1994-11-21,13.71,14.07,13.62,13.98
1994-11-22,14.2,14.88,14.2,14.59
1994-11-23,14.45,14.54,14.38,14.49
1994-11-28,14.64,15.25,14.57,15.16
1994-11-29,15.12,15.2,14.63,14.7
1994-11-30,14.54,14.86,14.52,14.71
1994-12-01,14.56,14.69,14.39,14.44
1994-12-02,14.25,14.57,14.13,14.29
1994-12-05,14.2,14.5,14.2,14.4
1994-12-06,14.66,14.85,14.65,14.71
1994-12-07,14.52,14.63,14.48,14.61
1994-12-08,14.48,14.56,14.44,14.46
1994-12-09,14.42,14.49,14.13,14.33
1994-12-12,14.41,14.44,14.35,14.41
1994-12-13,14.41,14.8,14.41,14.71
1994-12-14,14.73,14.84,14.52,14.6
1994-12-15,14.53,15.03,14.47,15.01
1994-12-16,14.92,15.38,14.92,15.13
1994-12-19,15.12,15.15,14.8,14.85
1994-12-20,14.78,14.98,14.78,14.94
1994-12-21,14.89,14.99,14.67,14.79
1994-12-22,14.81,14.99,14.74,14.96
1994-12-23,14.97,15.1,14.92,15.02
1994-12-27,14.93,15.14,14.92,15.11
1994-12-28,15.13,15.17,14.88,14.91
1994-12-29,14.92,14.98,14.8,14.89
1994-12-30,14.89,15.22,14.89,15.17
1995-01-03,15.17,15.41,15.14,15.39
1995-01-04,15.5,15.83,15.49,15.61
1995-01-05,15.75,15.8,15.54,15.61
1995-01-06,15.48,15.78,15.48,15.74
1995-01-09,15.57,15.61,15.41,15.45
1995-01-10,15.46,15.57,15.29,15.42
1995-01-11,15.35,15.4,15.05,15.18
1995-01-12,15.14,15.35,15.14,15.21
1995-01-13,14.92,15,13.92,14.26
1995-01-16,14.34,14.38,14,14.02
1995-01-17,14,14.45,14,14.42
1995-01-18,14.6,14.71,14.47,14.67
1995-01-19,14.67,14.9,14.53,14.78
1995-01-20,14.95,15.31,14.95,15.13
1995-01-23,15.23,15.29,14.82,14.93
1995-01-24,14.89,14.93,14.7,14.8
1995-01-25,14.66,14.75,14.47,14.53
1995-01-26,14.43,14.68,14.25,14.46
1995-01-27,14.55,14.58,14.3,14.37
1995-01-30,14.48,14.56,14.3,14.37
1995-01-31,14.27,14.32,14.02,14.12
1995-02-01,14.26,14.33,14.15,14.25
1995-02-02,14.17,14.45,14.17,14.44
1995-02-03,14.38,14.46,14.33,14.35
1995-02-06,14.17,14.25,13.61,13.74
1995-02-07,13.85,13.96,13.81,13.86
1995-02-08,13.88,13.94,13.82,13.92
1995-02-09,13.97,14.12,13.89,14.07
1995-02-10,14.16,14.35,14.16,14.25
1995-02-13,14.2,14.31,14.14,14.28
1995-02-14,14.25,14.55,14.15,14.52
1995-02-15,14.43,14.49,14.29,14.4
1995-02-16,14.46,14.6,14.46,14.58
1995-02-17,14.65,14.81,14.63,14.8
1995-02-21,14.75,14.8,14.72,14.79
1995-02-22,14.73,14.76,14.6,14.65
1995-02-23,14.68,15,14.68,14.98
1995-02-24,14.9,15.15,14.85,15.05
1995-02-27,15.15,15.2,14.55,14.75
1995-02-28,14.55,14.68,14.4,14.42
1995-03-01,14.37,14.75,14.35,14.73
1995-03-02,14.69,14.77,14.61,14.66
1995-03-03,14.66,14.68,14.45,14.59
1995-03-06,14.54,14.58,14.42,14.55
1995-03-07,14.56,14.95,14.32,14.35
1995-03-08,14.37,14.43,14.15,14.15
1995-03-09,14.21,14.36,14.17,14.34
1995-03-10,14.45,14.52,14.32,14.39
1995-03-13,14.53,14.59,14.46,14.56
1995-03-14,14.51,14.65,14.24,14.3
1995-03-15,14.17,14.23,13.75,13.87
1995-03-16,13.87,13.99,13.59,13.88
1995-03-17,13.98,14.06,13.83,13.89
1995-03-20,13.85,14.15,13.85,14.11
1995-03-21,14.13,14.22,13.89,13.95
1995-03-22,13.92,14.21,13.92,14.1
1995-03-23,14.11,14.28,14.11,14.18
1995-03-24,14.2,14.23,14.1,14.18
1995-03-27,14.17,14.25,14.14,14.2
1995-03-28,14.17,14.5,14.17,14.48
1995-03-29,14.46,14.49,14.17,14.23
1995-03-30,14.14,14.38,14.04,14.32
1995-03-31,14.22,14.33,14.2,14.28
1995-04-03,14.3,14.47,14.3,14.39
1995-04-04,14.39,14.45,14.23,14.27
1995-04-05,14.27,14.29,13.8,13.88
1995-04-06,13.96,14.08,13.93,14.04
1995-04-07,14.06,14.15,14,14.01
1995-04-10,13.95,14.05,13.68,13.7
1995-04-11,13.67,13.71,13.35,13.37
1995-04-12,13.36,13.41,13.22,13.28
1995-04-13,13.18,13.23,12.61,12.65
1995-04-17,12.8,12.95,12.42,12.6
1995-04-18,12.74,12.85,12.62,12.75
1995-04-19,12.76,12.85,12.65,12.82
1995-04-20,13,13.13,13,13.09
1995-04-21,13.13,13.25,13.1,13.24
1995-04-24,13.28,13.39,12.87,12.99
1995-04-25,12.82,12.91,12.64,12.82
1995-04-26,12.88,13,12.87,12.89
1995-04-27,12.9,13.04,12.9,13.02
1995-04-28,11.66,11.71,11.39,11.56
1995-05-01,11.58,11.78,11.58,11.76
1995-05-02,11.8,11.81,11.47,11.58
1995-05-03,11.63,11.71,11.57,11.61
1995-05-04,11.63,11.86,11.63,11.81
1995-05-05,11.87,11.91,11.66,11.71
1995-05-08,11.71,11.79,11.71,11.78
1995-05-09,11.77,11.8,11.47,11.54
1995-05-10,11.48,11.59,11.48,11.56
1995-05-11,11.57,11.58,11.12,11.18
1995-05-12,11.27,11.49,11.24,11.47
1995-05-15,11.47,11.64,11.45,11.56
1995-05-16,11.58,12.05,11.54,11.88
1995-05-17,11.85,11.91,11.78,11.86
1995-05-18,11.89,11.95,11.8,11.85
1995-05-19,11.82,11.85,11.55,11.61
1995-05-22,11.68,11.73,11.48,11.6
1995-05-23,11.61,11.72,11.55,11.57
1995-05-24,11.47,11.82,11.42,11.77
1995-05-25,11.72,11.81,11.65,11.67
1995-05-26,11.73,11.78,11.26,11.4
1995-05-30,11.48,11.5,11.06,11.22
1995-05-31,11.42,11.79,11.38,11.72
1995-06-01,11.85,11.88,11.45,11.61
1995-06-02,11.57,11.6,11.29,11.43
1995-06-05,11.4,11.55,11.33,11.52
1995-06-06,11.5,11.83,11.5,11.78
1995-06-07,11.71,11.79,11.55,11.58
1995-06-08,11.65,12.15,11.65,11.88
1995-06-09,11.95,11.99,11.83,11.93
1995-06-12,11.97,12.03,11.7,11.79
1995-06-13,11.63,11.7,11.35,11.46
1995-06-14,11.6,11.64,11.41,11.57
1995-06-15,11.59,11.65,11.48,11.6
1995-06-16,11.61,11.7,11.5,11.66
1995-06-19,11.65,11.71,11.45,11.65
1995-06-20,11.66,11.85,11.59,11.85
1995-06-21,11.82,12.04,11.82,12.02
1995-06-22,12,12.11,11.96,12.1
1995-06-23,11.98,12.64,11.98,12.62
1995-06-26,12.87,12.9,12.53,12.81
1995-06-27,12.55,12.89,12.55,12.83
1995-06-28,12.7,12.78,12.25,12.35
1995-06-29,12.2,12.33,12.1,12.31
1995-06-30,10.8,10.84,10.72,10.79
1995-07-05,10.75,10.8,10.73,10.79
1995-07-06,10.78,10.79,10.73,10.77
1995-07-07,10.68,10.75,10.2,10.25
1995-07-10,10.24,10.36,10.18,10.34
1995-07-11,10.25,10.39,10.25,10.38
1995-07-12,10.31,10.37,9.62,9.72
1995-07-13,9.72,9.89,9.72,9.87
1995-07-14,9.9,9.93,9.66,9.69
1995-07-17,9.65,9.78,9.65,9.72
1995-07-18,9.7,9.88,9.62,9.78
1995-07-19,9.85,10.08,9.85,10.05
1995-07-20,10.1,10.25,9.98,10.03
1995-07-21,10.2,10.34,10.16,10.25
1995-07-24,10.3,10.76,10.24,10.73
1995-07-25,10.55,10.65,10.5,10.61
1995-07-26,10.61,10.64,10.5,10.54
1995-07-27,10.5,10.63,10.46,10.55
1995-07-28,10.42,10.69,10.42,10.65
1995-07-31,10.63,10.65,10.48,10.5
1995-08-01,10.49,10.73,10.49,10.58
1995-08-02,10.48,10.62,10.48,10.56
1995-08-03,10.56,10.8,10.56,10.75
1995-08-04,10.72,10.83,10.66,10.7
1995-08-07,10.67,10.95,10.67,10.94
1995-08-08,10.9,10.92,10.7,10.79
1995-08-09,10.92,11.08,10.91,11.01
1995-08-10,11.01,11.05,10.93,11.04
1995-08-11,11.01,11.18,10.99,11.14
1995-08-14,11.12,11.21,11.02,11.15
1995-08-15,11.16,11.2,10.85,11
1995-08-16,10.91,11.03,10.87,10.99
1995-08-17,10.92,11.12,10.82,11.08
1995-08-18,11.08,11.65,11.03,11.45
1995-08-21,11.45,11.48,11.32,11.46
1995-08-22,11.44,11.47,11.28,11.34
1995-08-23,11.28,11.73,11.25,11.58
1995-08-24,11.57,11.59,11.36,11.39
1995-08-25,11.42,11.47,11.22,11.3
1995-08-28,11.12,11.25,10.65,10.71
1995-08-29,10.85,10.89,10.74,10.84
1995-08-30,10.85,10.95,10.57,10.63
1995-08-31,10.58,10.91,10.58,10.86
1995-09-01,10.95,11.06,10.86,10.97
1995-09-05,11,11.03,10.75,10.81
1995-09-06,10.73,10.8,10.58,10.75
1995-09-07,10.75,10.79,10.67,10.76
1995-09-08,10.77,10.88,10.7,10.86
1995-09-11,10.89,10.92,10.71,10.79
1995-09-12,10.75,10.82,10.67,10.77
1995-09-13,10.67,10.86,10.61,10.81
1995-09-14,10.89,10.93,10.78,10.81
1995-09-15,10.78,10.82,10.65,10.75
1995-09-18,10.61,10.85,10.61,10.83
1995-09-19,10.83,11.24,10.74,10.96
1995-09-20,10.98,11.2,10.97,11.18
1995-09-21,11.18,11.32,11.16,11.22
1995-09-22,11.07,11.34,11.07,11.23
1995-09-25,11.28,11.31,10.87,11.04
1995-09-26,10.98,11.28,10.95,11.25
1995-09-27,11.34,11.56,11.25,11.52
1995-09-28,11.45,11.8,11.45,11.7
1995-09-29,10.46,10.54,10.12,10.18
1995-10-02,10.2,10.3,10.2,10.25
1995-10-03,10.27,10.4,10.26,10.39
1995-10-04,10.33,10.43,10.33,10.41
1995-10-05,10.36,10.59,10.33,10.55
1995-10-06,10.55,10.61,10.45,10.47
1995-10-09,10.47,10.56,10.43,10.53
1995-10-10,10.57,10.61,10.37,10.43
1995-10-11,10.46,10.72,10.46,10.69
1995-10-12,10.66,10.69,10.54,10.66
1995-10-13,10.56,10.63,10.51,10.62
1995-10-16,10.62,10.67,10.45,10.61
1995-10-17,10.59,10.66,10.5,10.52
1995-10-18,10.48,10.58,10.43,10.56
1995-10-19,10.6,10.69,10.56,10.68
1995-10-20,10.64,10.74,10.62,10.67
1995-10-23,10.63,10.69,10.56,10.68
1995-10-24,10.71,11.08,10.71,10.94
1995-10-25,10.9,10.93,10.79,10.81
1995-10-26,10.81,10.89,10.45,10.6
1995-10-27,10.57,10.6,10.49,10.53
1995-10-30,10.56,10.63,10.54,10.55
1995-10-31,10.48,10.58,10.47,10.56
1995-11-01,10.52,10.7,10.52,10.64
1995-11-02,10.67,10.73,10.62,10.68
1995-11-03,10.78,10.93,10.74,10.77
1995-11-06,10.75,10.93,10.75,10.85
1995-11-07,10.9,10.92,10.85,10.87
1995-11-08,10.88,10.9,10.65,10.75
1995-11-09,10.73,10.75,10.54,10.58
1995-11-10,10.6,10.68,10.59,10.64
1995-11-13,10.61,10.76,10.61,10.74
1995-11-14,10.82,10.86,10.7,10.74
1995-11-15,10.73,10.94,10.68,10.83
1995-11-16,10.94,11.04,10.83,10.93
1995-11-17,10.84,10.91,10.8,10.84
1995-11-20,10.8,10.9,10.78,10.89
1995-11-21,10.94,10.97,10.77,10.79
1995-11-22,10.78,10.96,10.75,10.86
1995-11-27,10.96,11.02,10.94,10.97
1995-11-28,11,11.03,10.79,10.81
1995-11-29,10.75,10.97,10.7,10.92
1995-11-30,10.87,11.02,10.84,10.97
1995-12-01,11,11.31,11,11.3
1995-12-04,11.23,11.43,11.23,11.38
1995-12-05,11.25,11.31,11.21,11.29
1995-12-06,11.27,11.4,11.23,11.32
1995-12-07,11.31,11.38,11.25,11.26
1995-12-08,11.25,11.46,11.22,11.44
1995-12-11,11.41,11.49,11.28,11.38
1995-12-12,11.39,11.48,11.39,11.46
1995-12-13,11.39,11.41,11.32,11.37
1995-12-14,11.28,11.44,11.28,11.4
1995-12-15,11.42,11.48,11.4,11.43
1995-12-18,11.41,11.44,11.23,11.29
1995-12-19,11.33,11.39,11.27,11.38
1995-12-20,11.3,11.54,11.3,11.5
1995-12-21,11.47,11.65,11.4,11.54
1995-12-22,11.48,11.61,11.45,11.58
1995-12-27,11.56,11.58,11.51,11.54
1995-12-28,11.52,11.59,11.51,11.56
1995-12-29,11.53,11.62,11.51,11.6
1996-01-02,11.62,11.86,11.62,11.83
1996-01-03,11.83,11.89,11.77,11.84
1996-01-04,11.78,11.86,11.68,11.72
1996-01-05,11.66,11.92,11.59,11.89
1996-01-10,11.92,12.02,11.81,11.94
1996-01-11,11.88,11.91,11.63,11.73
1996-01-12,11.55,11.8,11.55,11.79
1996-01-15,11.75,11.78,11.62,11.67
1996-01-16,11.61,11.65,10.83,10.87
1996-01-17,11.1,11.18,11.02,11.09
1996-01-18,11.11,11.31,11.11,11.3
1996-01-19,11.28,11.5,11.25,11.49
1996-01-22,11.43,11.57,11.34,11.56
1996-01-23,11.56,11.82,11.56,11.76
1996-01-24,11.69,11.81,11.58,11.67
1996-01-25,11.64,11.77,11.64,11.72
1996-01-26,11.72,12.22,11.72,12.19
1996-01-29,12.23,12.5,12.23,12.48
1996-01-30,12.25,12.38,12.07,12.36
1996-01-31,12.24,12.28,12.08,12.15
1996-02-01,11.96,12.1,11.87,11.93
1996-02-02,11.9,12.1,11.9,12.04
1996-02-05,12.1,12.21,12.08,12.19
1996-02-06,12.22,12.25,11.88,12
1996-02-07,11.96,12.08,11.95,12.02
1996-02-08,12.05,12.17,12.03,12.12
1996-02-09,12.08,12.1,11.96,12.01
1996-02-12,11.88,12.38,11.88,12.29
1996-02-13,12.23,12.29,12.1,12.2
1996-02-14,12.19,12.34,12.14,12.31
1996-02-15,12.29,12.55,12.28,12.49
1996-02-16,12.42,12.79,12.42,12.66
1996-02-20,12.75,12.92,12.5,12.62
1996-02-21,12.61,12.67,12.46,12.59
1996-02-22,12.51,12.65,12.45,12.63
1996-02-23,12.55,12.77,12.53,12.61
1996-02-26,12.53,12.84,12.53,12.8
1996-02-27,12.94,13.08,12.92,13.03
1996-02-28,12.99,13.25,12.93,13.16
1996-02-29,11.82,11.9,11.56,11.6
1996-03-01,11.47,11.68,11.34,11.65
1996-03-04,11.66,11.75,11.6,11.7
1996-03-05,11.65,11.74,11.53,11.72
1996-03-06,11.71,11.77,11.68,11.73
1996-03-07,11.67,11.8,11.65,11.74
1996-03-08,11.73,11.87,11.67,11.7
1996-03-11,11.77,12.2,11.75,12.16
1996-03-12,12.08,12.23,12.05,12.09
1996-03-13,12.05,12.17,11.97,12.16
1996-03-14,12.19,12.32,12.16,12.23
1996-03-15,12.2,12.23,12.03,12.17
1996-03-18,12.28,12.41,12.24,12.41
1996-03-19,12.44,12.49,12.32,12.46
1996-03-20,12.32,12.49,12.32,12.48
1996-03-21,12.41,12.44,12.15,12.24
1996-03-22,12.22,12.35,12.2,12.25
1996-03-25,12.18,12.27,12.05,12.07
1996-03-26,11.85,11.94,11.78,11.9
1996-03-27,11.87,11.91,11.77,11.86
1996-03-28,11.8,11.83,11.53,11.68
1996-03-29,11.75,11.81,11.68,11.79
1996-04-01,11.88,11.9,11.52,11.55
1996-04-02,11.57,11.63,11.43,11.54
1996-04-03,11.57,11.82,11.57,11.77
1996-04-04,11.75,11.98,11.7,11.89
1996-04-08,11.93,11.95,11.76,11.91
1996-04-09,11.89,11.93,11.55,11.58
1996-04-10,11.58,11.79,11.47,11.63
1996-04-11,11.68,11.83,11.64,11.74
1996-04-12,11.71,11.74,11.6,11.62
1996-04-15,11.63,11.75,11.62,11.67
1996-04-16,11.55,11.72,11.5,11.51
1996-04-17,11.5,11.65,11.45,11.54
1996-04-18,11.41,11.48,11.1,11.15
1996-04-19,11.16,11.26,11.08,11.09
1996-04-22,11.08,11.15,11.05,11.11
1996-04-23,11.14,11.2,11.04,11.06
1996-04-24,11.1,11.16,11.06,11.09
1996-04-25,11.11,11.2,10.8,10.88
1996-04-26,10.85,10.88,10.52,10.54
1996-04-29,10.56,10.63,10.48,10.5
1996-04-30,10.35,10.43,10.15,10.39
1996-05-01,10.43,10.48,10.31,10.33
1996-05-02,10.36,10.58,10.36,10.4
1996-05-03,10.41,10.55,10.41,10.51
1996-05-06,10.53,10.62,10.51,10.59
1996-05-07,10.55,10.64,10.53,10.62
1996-05-08,10.57,10.97,10.57,10.87
1996-05-09,10.77,10.84,10.69,10.78
1996-05-10,10.69,10.76,10.69,10.76
1996-05-13,10.76,10.81,10.58,10.8
1996-05-14,10.87,11.05,10.85,10.91
1996-05-15,10.85,11,10.83,10.93
1996-05-16,10.94,11.05,10.86,11.05
1996-05-17,11.07,11.46,11.03,11.42
1996-05-20,11.35,11.59,11.3,11.5
1996-05-21,11.23,11.49,11.23,11.39
1996-05-22,11.29,11.4,11.23,11.38
1996-05-23,11.35,11.38,11.21,11.22
1996-05-24,11.17,11.3,11.12,11.26
1996-05-28,11.3,11.33,11,11.01
1996-05-29,10.97,11.06,10.9,10.95
1996-05-30,10.96,11.15,10.96,11.02
1996-05-31,10.96,11.32,10.96,11.21
1996-06-03,11.15,11.49,11.15,11.47
1996-06-04,11.5,11.69,11.38,11.42
1996-06-05,11.34,11.41,11.3,11.35
1996-06-06,11.4,11.7,11.4,11.6
1996-06-07,11.57,11.7,11.5,11.58
1996-06-10,11.65,11.7,11.39,11.44
1996-06-11,11.5,11.84,11.5,11.8
1996-06-12,11.75,11.81,11.64,11.74
1996-06-13,11.76,11.77,11.58,11.68
1996-06-14,11.59,11.74,11.59,11.67
1996-06-17,11.65,11.72,11.61,11.67
1996-06-18,11.57,11.62,11.41,11.54
1996-06-19,11.51,11.64,11.42,11.59
1996-06-20,11.63,11.78,11.63,11.75
1996-06-21,11.75,12.08,11.73,12.03
1996-06-24,12.12,12.13,11.7,11.84
1996-06-25,11.9,11.95,11.71,11.91
1996-06-26,11.96,12.2,11.9,12.17
1996-06-27,12.2,12.75,12.2,12.61
1996-06-28,11.37,11.43,11.07,11.15
1996-07-01,11.18,11.34,11.11,11.32
1996-07-02,11.3,11.42,11.22,11.38
1996-07-03,11.32,11.41,11.28,11.39
1996-07-08,11.31,11.71,11.31,11.69
1996-07-09,11.64,11.74,11.53,11.67
1996-07-10,11.59,11.65,11.44,11.64
1996-07-11,11.66,11.77,11.61,11.68
1996-07-12,11.61,11.78,11.61,11.77
1996-07-15,11.75,11.88,11.67,11.85
1996-07-16,11.75,11.81,11.64,11.65
1996-07-17,11.58,11.81,11.58,11.79
1996-07-18,11.7,11.73,11.59,11.66
1996-07-19,11.6,11.67,11.38,11.65
1996-07-22,11.63,11.65,11.5,11.51
1996-07-23,11.39,11.47,11.35,11.45
1996-07-24,11.41,11.72,11.41,11.69
1996-07-25,11.69,11.78,11.62,11.73
1996-07-26,11.68,11.94,11.68,11.9
1996-07-29,11.85,11.91,11.83,11.88
1996-07-30,11.81,11.94,11.81,11.87
1996-07-31,11.88,11.9,11.5,11.7
1996-08-01,11.72,11.8,11.69,11.78
1996-08-02,11.8,11.85,11.6,11.71
1996-08-05,11.62,11.76,11.62,11.73
1996-08-06,11.75,11.8,11.61,11.64
1996-08-07,11.55,11.66,11.43,11.48
1996-08-08,11.48,11.51,11.28,11.37
1996-08-09,11.4,11.49,11.4,11.48
1996-08-12,11.58,11.65,11.53,11.59
1996-08-13,11.55,11.92,11.49,11.88
1996-08-14,11.85,11.89,11.72,11.81
1996-08-15,11.81,11.85,11.6,11.66
1996-08-16,11.61,11.65,11.53,11.64
1996-08-19,11.68,11.77,11.65,11.72
1996-08-20,11.76,11.87,11.7,11.81
1996-08-21,11.79,11.85,11.72,11.82
1996-08-22,11.78,11.89,11.75,11.85
1996-08-23,11.83,11.87,11.79,11.85
1996-08-26,11.88,11.98,11.63,11.65
1996-08-27,11.66,11.75,11.57,11.74
1996-08-28,11.7,11.74,11.67,11.73
1996-08-29,11.7,11.77,11.65,11.73
1996-08-30,11.76,11.8,11.74,11.78
1996-09-03,11.75,12.2,11.75,12.18
1996-09-04,12.12,12.15,12.02,12.12
1996-09-05,12.07,12.08,11.95,12.01
1996-09-06,11.97,12.02,11.93,12
1996-09-09,11.99,12.12,11.99,12.03
1996-09-10,12.01,12.07,11.96,12.05
1996-09-11,12.03,12.12,11.94,11.96
1996-09-12,11.96,12,11.85,11.89
1996-09-13,11.82,11.84,11.5,11.64
1996-09-16,11.6,11.68,11.55,11.57
1996-09-17,11.45,11.52,11.3,11.43
1996-09-18,11.43,11.5,11.39,11.4
1996-09-19,11.43,11.47,11.38,11.42
1996-09-20,11.42,11.43,11.17,11.19
1996-09-23,11.19,11.33,11.19,11.3
1996-09-24,11.35,11.43,11.16,11.17
1996-09-25,11.24,11.4,11.17,11.21
1996-09-26,11.19,11.23,11.11,11.11
1996-09-27,11.17,11.23,10.99,11.04
1996-09-30,10.72,10.94,10.72,10.89
1996-10-01,10.87,10.93,10.76,10.78
1996-10-02,10.79,10.9,10.75,10.89
1996-10-03,10.91,10.97,10.81,10.85
1996-10-04,10.83,10.93,10.77,10.93
1996-10-07,10.89,10.94,10.83,10.88
1996-10-08,10.81,10.87,10.77,10.82
1996-10-09,10.79,10.8,10.72,10.78
1996-10-10,10.76,10.89,10.69,10.88
1996-10-11,10.85,10.89,10.78,10.81
1996-10-14,10.83,10.88,10.69,10.86
1996-10-15,10.87,11.05,10.71,10.73
1996-10-16,10.7,10.77,10.67,10.7
1996-10-17,10.69,10.78,10.69,10.77
1996-10-18,10.78,10.84,10.55,10.64
1996-10-21,10.52,10.6,10.52,10.57
1996-10-22,10.57,10.65,10.53,10.63
1996-10-23,10.64,10.68,10.59,10.65
1996-10-24,10.72,10.78,10.61,10.66
1996-10-25,10.66,10.71,10.65,10.7
1996-10-28,10.67,10.73,10.53,10.54
1996-10-29,10.52,10.54,10.42,10.49
1996-10-30,10.5,10.57,10.45,10.47
1996-10-31,10.44,10.46,10.29,10.3
1996-11-01,10.33,10.38,10.29,10.36
1996-11-04,10.35,10.45,10.3,10.35
1996-11-05,10.34,10.38,10.32,10.33
1996-11-06,10.23,10.43,10.21,10.4
1996-11-07,10.44,10.51,10.39,10.48
1996-11-08,10.45,10.54,10.45,10.53
1996-11-11,10.51,10.57,10.49,10.55
1996-11-12,10.46,10.48,10.35,10.38
1996-11-13,10.33,10.5,10.33,10.48
1996-11-14,10.46,10.5,10.34,10.37
1996-11-15,10.43,10.47,10.34,10.35
1996-11-18,10.34,10.48,10.34,10.46
1996-11-19,10.5,10.71,10.5,10.69
1996-11-20,10.65,10.68,10.59,10.68
1996-11-21,10.65,10.68,10.57,10.59
1996-11-22,10.55,10.66,10.55,10.65
1996-11-25,10.63,10.69,10.58,10.69
1996-11-26,10.72,10.77,10.69,10.75
1996-11-27,10.71,10.74,10.66,10.66
1996-12-02,10.63,10.71,10.63,10.66
1996-12-03,10.62,10.65,10.23,10.27
1996-12-04,10.3,10.35,10.26,10.3
1996-12-05,10.36,10.39,10.3,10.31
1996-12-06,10.35,10.41,10.33,10.4
1996-12-09,10.38,10.43,10.3,10.3
1996-12-10,10.22,10.37,10.22,10.35
1996-12-11,10.37,10.43,10.34,10.42
1996-12-12,10.41,10.47,10.37,10.46
1996-12-13,10.48,10.75,10.47,10.73
1996-12-16,10.65,10.66,10.53,10.56
1996-12-17,10.56,10.83,10.55,10.77
1996-12-18,10.73,10.87,10.69,10.86
1996-12-19,10.86,10.89,10.61,10.71
1996-12-20,10.76,10.79,10.68,10.69
1996-12-23,10.74,10.76,10.7,10.75
1996-12-24,10.67,10.79,10.67,10.73
1996-12-27,10.74,10.9,10.73,10.89
1996-12-30,10.89,11,10.87,10.99
1996-12-31,11,11.02,10.94,11
1997-01-02,10.98,10.98,10.78,10.94
1997-01-03,10.95,11.12,10.92,11.08
1997-01-06,11.02,11.11,11,11.07
1997-01-07,10.98,10.99,10.84,10.96
1997-01-08,10.96,10.97,10.85,10.87
1997-01-09,10.84,10.84,10.6,10.72
1997-01-10,10.7,10.77,10.63,10.64
1997-01-13,10.59,10.69,10.44,10.49
1997-01-14,10.51,10.67,10.49,10.51
1997-01-15,10.52,10.63,10.52,10.62
1997-01-16,10.63,10.7,10.56,10.57
1997-01-17,10.55,10.64,10.5,10.52
1997-01-20,10.46,10.47,10.34,10.35
1997-01-21,10.37,10.41,10.1,10.17
1997-01-22,10.17,10.23,10.13,10.17
1997-01-23,10.2,10.31,10.13,10.15
1997-01-24,10.2,10.36,10.2,10.24
1997-01-27,10.27,10.45,10.27,10.44
1997-01-28,10.4,10.46,10.39,10.41
1997-01-29,10.46,10.46,10.23,10.33
1997-01-30,10.36,10.42,10.32,10.39
1997-01-31,10.46,10.54,10.42,10.45
1997-02-03,10.45,10.47,10.36,10.42
1997-02-04,10.4,10.46,10.36,10.44
1997-02-05,10.49,10.62,10.49,10.58
1997-02-06,10.65,10.68,10.54,10.66
1997-02-07,10.65,10.66,10.56,10.6
1997-02-10,10.56,10.58,10.49,10.51
1997-02-11,10.5,10.65,10.47,10.63
1997-02-12,10.63,10.71,10.56,10.66
1997-02-13,10.66,10.73,10.53,10.64
1997-02-14,10.63,10.86,10.61,10.78
1997-02-18,10.76,10.92,10.76,10.92
1997-02-19,10.9,11.27,10.89,11.25
1997-02-20,11.28,11.35,11.12,11.33
1997-02-21,11.18,11.28,10.95,11.18
1997-02-24,11.15,11.15,10.9,10.92
1997-02-25,10.81,10.9,10.78,10.8
1997-02-26,10.7,10.96,10.67,10.9
1997-02-27,10.85,11.07,10.85,11.05
1997-02-28,10.89,10.99,10.86,10.97
1997-03-03,10.94,11.08,10.68,10.84
1997-03-04,10.79,10.9,10.77,10.88
1997-03-05,10.87,10.95,10.76,10.86
1997-03-06,10.87,10.94,10.82,10.93
1997-03-07,10.93,11.03,10.93,10.97
1997-03-10,10.97,11.09,10.95,11.03
1997-03-11,11.05,11.07,10.89,10.92
1997-03-12,10.88,10.88,10.75,10.77
1997-03-13,10.77,10.81,10.69,10.76
1997-03-14,10.78,10.92,10.77,10.9
1997-03-17,10.93,10.94,10.82,10.92
1997-03-18,10.85,10.93,10.84,10.88
1997-03-19,10.88,10.88,10.71,10.75
1997-03-20,10.74,11.01,10.7,10.9
1997-03-21,10.88,10.92,10.81,10.83
1997-03-24,10.83,10.94,10.83,10.92
1997-03-25,10.95,11.01,10.85,10.86
1997-03-26,10.86,10.88,10.78,10.81
1997-03-27,10.78,10.84,10.76,10.81
1997-03-31,10.82,10.87,10.78,10.79
1997-04-01,10.81,11.01,10.78,11
1997-04-02,10.99,11.04,10.92,10.96
1997-04-03,11,11.06,10.94,11
1997-04-04,11.05,11.05,10.98,11
1997-04-07,10.97,11.03,10.95,11
1997-04-08,11.02,11.08,11,11.04
1997-04-09,11.08,11.36,11.06,11.31
1997-04-10,11.25,11.38,11.25,11.37
1997-04-11,11.3,11.34,11.23,11.33
1997-04-14,11.23,11.27,11.12,11.24
1997-04-15,11.17,11.21,11.1,11.13
1997-04-16,11.1,11.1,10.87,10.95
1997-04-17,10.96,10.98,10.86,10.96
1997-04-18,10.91,11.3,10.91,11.29
1997-04-21,11.32,11.32,11.2,11.24
1997-04-22,11.22,11.28,11.2,11.27
1997-04-23,11.32,11.57,11.23,11.53
1997-04-24,11.65,11.66,11.25,11.46
1997-04-25,11.5,11.56,11.37,11.55
1997-04-28,11.57,11.57,11.43,11.49
1997-04-29,11.5,11.5,11.31,11.32
1997-04-30,11.08,11.09,10.92,10.96
1997-05-01,10.86,10.86,10.67,10.7
1997-05-02,10.7,10.82,10.65,10.8
1997-05-05,10.81,10.86,10.78,10.79
1997-05-06,10.78,10.88,10.76,10.88
1997-05-07,10.9,10.92,10.75,10.76
1997-05-08,10.77,10.85,10.73,10.84
1997-05-09,10.86,10.89,10.77,10.88
1997-05-12,10.91,11.08,10.89,11.04
1997-05-13,11.03,11.14,11.01,11.11
1997-05-14,11.08,11.11,10.98,11.05
1997-05-15,11.02,11.08,10.98,11.01
1997-05-16,11.02,11.05,10.95,10.97
1997-05-19,10.97,11.01,10.94,10.98
1997-05-20,10.99,11.07,10.96,11.05
1997-05-21,11.08,11.17,11.07,11.15
1997-05-22,11.15,11.21,10.94,11.06
1997-05-23,11.08,11.12,11.03,11.11
1997-05-27,11.13,11.17,11.04,11.16
1997-05-28,11.18,11.2,11.1,11.18
1997-05-29,11.2,11.22,11.15,11.21
1997-05-30,11.22,11.25,11.15,11.17
1997-06-02,11.15,11.35,11.13,11.34
1997-06-03,11.38,11.54,11.36,11.48
1997-06-04,11.38,11.58,11.34,11.51
1997-06-05,11.45,11.46,11.33,11.41
1997-06-06,11.38,11.54,11.37,11.45
1997-06-09,11.4,11.47,11.37,11.45
1997-06-10,11.4,11.41,11.32,11.37
1997-06-11,11.3,11.37,11.22,11.26
1997-06-12,11.24,11.5,11.23,11.49
1997-06-13,11.47,11.51,11.32,11.42
1997-06-16,11.35,11.43,11.35,11.36
1997-06-17,11.3,11.4,11.26,11.34
1997-06-18,11.34,11.41,11.29,11.36
1997-06-19,11.35,11.38,11.3,11.37
1997-06-20,11.37,11.38,11.05,11.06
1997-06-23,11.03,11.23,11.02,11.13
1997-06-24,11.12,11.15,11.05,11.08
1997-06-25,11.05,11.16,11,11.15
1997-06-26,11.16,11.19,11.1,11.11
1997-06-27,11.1,11.13,10.91,10.92
1997-06-30,11.14,11.21,11.09,11.19
1997-07-01,11.22,11.4,11.21,11.24
1997-07-02,11.24,11.26,11.03,11.05
1997-07-03,10.95,11.22,10.9,11.18
1997-07-07,11.2,11.2,11.06,11.06
1997-07-08,11.06,11.12,11.05,11.06
1997-07-09,11.06,11.12,11,11.11
1997-07-10,11.19,11.2,11.04,11.06
1997-07-11,11.08,11.18,11.06,11.09
1997-07-14,11.08,11.12,11.08,11.12
1997-07-15,11.12,11.12,10.95,10.97
1997-07-16,10.97,11.34,10.96,11.3
1997-07-17,11.29,11.31,11.15,11.16
1997-07-18,11.18,11.29,11.16,11.28
1997-07-21,11.29,11.34,11.22,11.26
1997-07-22,11.31,11.65,11.31,11.59
1997-07-23,11.58,11.58,11.45,11.49
1997-07-24,11.52,11.57,11.42,11.56
1997-07-25,11.59,11.7,11.55,11.63
1997-07-28,11.68,11.72,11.6,11.7
1997-07-29,11.7,11.75,11.61,11.66
1997-07-30,11.66,11.68,11.55,11.58
1997-07-31,11.58,11.7,11.55,11.68
1997-08-01,11.67,11.76,11.5,11.65
1997-08-04,11.68,11.68,11.56,11.58
1997-08-05,11.53,11.64,11.5,11.61
1997-08-06,11.57,11.68,11.56,11.67
1997-08-07,11.67,11.87,11.56,11.58
1997-08-08,11.5,11.52,11.32,11.38
1997-08-11,11.39,11.55,11.37,11.53
1997-08-12,11.5,11.54,11.45,11.51
1997-08-13,11.53,11.58,11.41,11.49
1997-08-14,11.5,11.57,11.48,11.55
1997-08-15,11.63,11.93,11.6,11.86
1997-08-18,11.88,11.89,11.72,11.82
1997-08-19,11.8,12,11.78,11.84
1997-08-20,11.8,11.84,11.64,11.69
1997-08-21,11.67,11.72,11.59,11.6
1997-08-22,11.58,11.8,11.57,11.79
1997-08-25,11.77,11.81,11.63,11.66
1997-08-26,11.68,11.8,11.63,11.79
1997-08-27,11.82,11.85,11.71,11.72
1997-08-28,11.68,11.74,11.62,11.68
1997-08-29,11.73,11.74,11.58,11.6
1997-09-02,11.6,11.72,11.49,11.7
1997-09-03,11.65,11.68,11.58,11.6
1997-09-04,11.55,11.65,11.54,11.61
1997-09-05,11.57,11.62,11.54,11.54
1997-09-08,11.53,11.62,11.5,11.51
1997-09-09,11.51,11.57,11.49,11.5
1997-09-10,11.51,11.54,11.36,11.4
1997-09-11,11.41,11.62,11.39,11.56
1997-09-12,11.54,11.55,11.48,11.49
1997-09-15,11.42,11.43,11.15,11.32
1997-09-16,11.3,11.32,11.25,11.29
1997-09-17,11.25,11.33,11.25,11.31
1997-09-18,11.27,11.32,11.22,11.22
1997-09-19,11.22,11.25,11.15,11.17
1997-09-22,11.17,11.18,11.04,11.05
1997-09-23,10.95,11.11,10.95,10.98
1997-09-24,10.95,11.02,10.75,10.76
1997-09-25,10.71,10.75,10.6,10.61
1997-09-26,10.65,10.91,10.65,10.89
1997-09-29,11,11.07,10.83,11.04
1997-09-30,11.56,11.6,11.5,11.56
1997-10-01,11.6,11.71,11.59,11.69
1997-10-02,11.7,11.88,11.7,11.87
1997-10-03,11.88,11.94,11.85,11.9
1997-10-06,11.92,11.92,11.76,11.81
1997-10-07,11.8,11.86,11.77,11.79
1997-10-08,11.75,11.91,11.72,11.9
1997-10-09,11.97,12,11.93,11.97
1997-10-10,11.97,12.03,11.92,11.94
1997-10-13,11.97,11.97,11.82,11.85
1997-10-14,11.81,11.88,11.78,11.8
1997-10-15,11.8,11.92,11.8,11.85
1997-10-16,11.84,11.87,11.74,11.78
1997-10-17,11.75,11.77,11.68,11.68
1997-10-20,11.65,11.88,11.63,11.85
1997-10-21,11.82,11.82,11.73,11.74
1997-10-22,11.75,11.79,11.71,11.73
1997-10-23,11.76,11.85,11.73,11.73
1997-10-24,11.72,11.82,11.71,11.81
1997-10-27,11.8,11.89,11.8,11.89
1997-10-28,11.89,11.94,11.75,11.78
1997-10-29,11.85,12.08,11.84,12
1997-10-30,12.07,12.3,12.03,12.3
1997-10-31,12.35,12.44,12.3,12.39
1997-11-03,12.36,12.44,12.28,12.43
1997-11-04,12.37,12.43,12.26,12.29
1997-11-05,12.31,12.35,12.27,12.32
1997-11-06,12.3,12.3,12.22,12.25
1997-11-07,12.23,12.33,12.22,12.25
1997-11-10,12.19,12.27,12.16,12.18
1997-11-11,12.19,12.36,12.19,12.35
1997-11-12,12.39,12.41,12.26,12.27
1997-11-13,12.32,12.38,12.28,12.34
1997-11-14,12.36,12.39,12.32,12.34
1997-11-17,12.35,12.35,12.29,12.31
1997-11-18,12.3,12.3,12.26,12.26
1997-11-19,12.21,12.32,12.19,12.31
1997-11-20,12.28,12.38,11.95,12
1997-11-21,12.1,12.11,11.98,12.03
1997-11-24,12.05,12.16,12.03,12.15
1997-11-25,12.16,12.23,12.11,12.22
1997-11-26,12.2,12.27,12.2,12.24
1997-12-01,12.27,12.55,12.27,12.49
1997-12-02,12.49,12.5,12.39,12.45
1997-12-03,12.43,12.45,12.36,12.38
1997-12-04,12.4,12.42,12.31,12.38
1997-12-05,12.39,12.44,12.33,12.44
1997-12-08,12.42,12.48,12.35,12.35
1997-12-09,12.35,12.35,12.25,12.33
1997-12-10,12.32,12.37,12.24,12.25
1997-12-11,12.21,12.21,12.05,12.1
1997-12-12,12.12,12.18,12.08,12.14
1997-12-15,12.11,12.22,12.11,12.17
1997-12-16,12.16,12.17,11.9,11.93
1997-12-17,11.91,12.22,11.86,12.16
1997-12-18,12.15,12.35,12.15,12.31
1997-12-19,12.35,12.35,12.26,12.29
1997-12-22,12.28,12.3,12.23,12.24
1997-12-23,12.26,12.28,12.2,12.21
1997-12-24,12.24,12.3,12.23,12.29
1997-12-29,12.38,12.4,12.32,12.36
1997-12-30,12.35,12.36,12.29,12.3
1997-12-31,12.28,12.32,12.21,12.22
1998-01-05,12.17,12.22,12,12.02
1998-01-06,12.02,12.07,11.95,11.96
1998-01-07,11.93,12.02,11.81,11.82
1998-01-08,11.86,11.89,11.77,11.86
1998-01-09,11.91,11.94,11.78,11.79
1998-01-12,11.72,11.72,11.45,11.46
1998-01-13,11.56,11.59,11.48,11.51
1998-01-14,11.54,11.6,11.53,11.54
1998-01-15,11.54,11.54,11.15,11.17
1998-01-16,11.22,11.3,11.12,11.2
1998-01-20,11.3,11.4,11.11,11.12
1998-01-21,11.16,11.3,11.13,11.28
1998-01-22,11.38,11.39,11.25,11.27
1998-01-23,11.22,11.31,11.18,11.23
1998-01-26,11.28,11.34,11.17,11.18
1998-01-27,11.14,11.14,10.89,11.03
1998-01-28,11.17,11.24,11.09,11.23
1998-01-29,11.3,11.3,11.2,11.23
1998-01-30,11.25,11.27,11.2,11.23
1998-02-02,11.19,11.33,11.17,11.23
1998-02-03,11.19,11.28,11.18,11.2
1998-02-04,11.16,11.17,11,11.12
1998-02-05,11.15,11.18,10.86,10.89
1998-02-06,10.89,10.9,10.61,10.71
1998-02-09,10.8,10.82,10.73,10.78
1998-02-10,10.85,10.91,10.84,10.88
1998-02-11,10.89,10.97,10.85,10.97
1998-02-12,10.97,11.03,10.95,11.01
1998-02-13,11,11.04,10.98,11
1998-02-17,11,11.04,10.74,10.75
1998-02-18,10.68,10.68,10.48,10.58
1998-02-19,10.65,10.67,10.55,10.59
1998-02-20,10.45,10.45,10.27,10.37
1998-02-23,10.43,10.44,9.78,9.82
1998-02-24,9.65,9.75,9.15,9.73
1998-02-25,9.7,10.05,9.7,9.94
1998-02-26,9.9,9.92,9.52,9.62
1998-02-27,9.67,9.85,9.63,9.85
1998-03-02,9.9,10,9.9,9.98
1998-03-03,10.08,10.1,9.83,9.85
1998-03-04,9.83,9.93,9.79,9.81
1998-03-05,9.82,9.84,9.65,9.73
1998-03-06,9.75,9.79,9.72,9.73
1998-03-09,9.73,9.78,9.48,9.5
1998-03-10,9.45,9.45,9.28,9.39
1998-03-11,9.44,9.46,9.3,9.34
1998-03-12,9.4,9.42,9.19,9.25
1998-03-13,9.22,9.42,9.16,9.4
1998-03-16,9.47,9.53,9.43,9.44
1998-03-17,9.48,9.65,9.47,9.63
1998-03-18,9.65,9.8,9.65,9.78
1998-03-19,9.85,9.95,9.82,9.85
1998-03-20,9.81,9.92,9.76,9.88
1998-03-23,9.85,9.88,9.75,9.83
1998-03-24,9.82,9.98,9.81,9.93
1998-03-25,9.88,9.91,9.8,9.83
1998-03-26,9.83,9.88,9.76,9.8
1998-03-27,9.74,9.89,9.7,9.77
1998-03-30,9.8,9.88,9.79,9.86
1998-03-31,9.92,10.2,9.92,10.19
1998-04-01,10.13,10.19,9.95,9.95
1998-04-02,9.99,10,9.85,9.94
1998-04-03,9.98,10.05,9.9,9.91
1998-04-06,9.91,9.95,9.85,9.87
1998-04-07,9.83,9.87,9.71,9.78
1998-04-08,9.8,9.8,9.45,9.51
1998-04-09,9.6,9.67,9.51,9.53
1998-04-13,9.45,9.48,9.29,9.3
1998-04-14,9.35,9.65,9.3,9.43
1998-04-15,9.47,9.54,9.2,9.35
1998-04-16,9.3,9.3,8.95,9.11
1998-04-17,9.14,9.24,9.01,9.02
1998-04-20,9,9.07,8.93,9.05
1998-04-21,9.11,9.33,9.09,9.15
1998-04-22,9.15,9.2,9.12,9.19
1998-04-23,9.18,9.26,9.04,9.15
1998-04-24,9.15,9.22,9.13,9.15
1998-04-27,9.15,9.19,9.01,9.04
1998-04-28,8.99,9.04,8.85,8.86
1998-04-29,8.8,8.83,8.42,8.43
1998-04-30,8.37,8.48,8.37,8.46
1998-05-01,8.4,8.54,8.3,8.47
1998-05-04,8.47,8.53,8.4,8.49
1998-05-05,8.5,8.63,8.42,8.53
1998-05-06,8.56,8.97,8.56,8.96
1998-05-07,9.05,9.22,8.99,9.05
1998-05-08,9.02,9.18,9.02,9.14
1998-05-11,9.15,9.25,9.12,9.24
1998-05-12,9.4,9.45,9.26,9.35
1998-05-13,9.3,9.3,9.11,9.18
1998-05-14,9.22,9.3,9.21,9.24
1998-05-15,9.23,9.23,9.07,9.09
1998-05-18,9.05,9.05,8.93,8.95
1998-05-19,8.88,8.89,8.76,8.85
1998-05-20,8.89,9.01,8.89,8.96
1998-05-21,8.98,9.04,8.97,8.99
1998-05-22,8.98,8.99,8.86,8.89
1998-05-26,8.83,8.83,8.55,8.56
1998-05-27,8.5,8.5,8.23,8.34
1998-05-28,8.28,8.44,8.25,8.26
1998-05-29,8.17,8.39,8.15,8.28
1998-06-01,8.28,8.33,8.07,8.08
1998-06-02,8.09,8.28,8.08,8.26
1998-06-03,8.3,8.35,8.15,8.25
1998-06-04,8.27,8.27,7.95,8.13
1998-06-05,8.18,8.25,8.03,8.07
1998-06-08,8.04,8.04,7.84,7.86
1998-06-09,7.84,7.85,7.54,7.55
1998-06-10,7.5,7.52,7.25,7.36
1998-06-11,7.45,7.72,7.45,7.71
1998-06-12,7.72,7.77,7.44,7.45
1998-06-15,7.25,7.66,7.2,7.59
1998-06-16,7.64,7.76,7.53,7.6
1998-06-17,7.65,8.05,7.65,7.98
1998-06-18,8.05,8.13,7.88,7.99
1998-06-19,8.1,8.12,7.93,7.97
1998-06-22,7.97,7.97,7.75,7.89
1998-06-23,7.91,7.92,7.73,7.84
1998-06-24,7.8,7.92,7.7,7.89
1998-06-25,8,8.26,7.99,8.22
1998-06-26,8.2,8.74,8.19,8.63
1998-06-29,8.58,8.97,8.52,8.74
1998-06-30,8.9,8.9,8.5,8.58
1998-07-01,8.6,8.74,8.38,8.4
1998-07-02,8.5,8.6,8.47,8.58
1998-07-06,8.54,8.54,8.44,8.54
1998-07-07,8.56,8.58,8.38,8.4
1998-07-08,8.31,8.38,8.28,8.34
1998-07-09,8.33,8.48,8.32,8.39
1998-07-10,8.43,8.7,8.42,8.64
1998-07-13,8.64,8.78,8.53,8.76
1998-07-14,8.76,8.78,8.64,8.67
1998-07-15,8.61,8.82,8.58,8.66
1998-07-16,8.56,8.76,8.56,8.71
1998-07-17,8.74,8.96,8.74,8.95
1998-07-20,9.05,9.12,8.97,9
1998-07-21,8.85,8.85,8.5,8.51
1998-07-22,8.42,8.49,8.36,8.45
1998-07-23,8.53,8.68,8.5,8.63
1998-07-24,8.7,8.75,8.4,8.41
1998-07-27,8.35,8.46,8.25,8.44
1998-07-28,8.45,8.59,8.37,8.53
1998-07-29,8.58,8.64,8.49,8.52
1998-07-30,8.67,8.85,8.67,8.84
1998-07-31,8.87,8.92,8.68,8.76
1998-08-03,8.84,8.85,8.72,8.73
1998-08-04,8.7,8.73,8.63,8.71
1998-08-05,8.8,8.95,8.78,8.85
1998-08-06,8.87,8.91,8.78,8.83
1998-08-07,8.86,8.95,8.86,8.94
1998-08-10,8.94,9.08,8.92,9.06
1998-08-11,9.08,9.11,8.75,9.05
1998-08-12,8.95,8.95,8.62,8.66
1998-08-13,8.63,8.78,8.51,8.71
1998-08-14,8.63,8.65,8.53,8.54
1998-08-17,8.5,8.6,8.45,8.59
1998-08-18,8.57,8.63,8.55,8.58
1998-08-19,8.55,8.61,8.48,8.53
1998-08-20,8.58,8.62,8.48,8.49
1998-08-21,8.43,8.43,8.17,8.19
1998-08-24,8.04,8.09,7.81,7.93
1998-08-25,8.02,8.05,7.82,7.93
1998-08-26,7.75,7.75,7.47,7.53
1998-08-27,7.62,7.67,7.36,7.5
1998-08-28,7.5,7.61,7.32,7.56
1998-08-31,7.65,7.73,7.52,7.55
1998-09-01,7.45,7.46,7.15,7.38
1998-09-02,7.53,7.72,7.53,7.7
1998-09-03,7.65,7.65,7.48,7.54
1998-09-04,7.48,7.6,7.48,7.59
1998-09-08,7.67,7.71,7.31,7.35
1998-09-09,7.25,7.35,7.13,7.21
1998-09-10,7.25,7.33,6.98,7
1998-09-11,6.92,7.13,6.85,7.1
1998-09-14,7.2,7.24,7.02,7.03
1998-09-15,6.98,7.16,6.96,7.15
1998-09-16,7.24,7.32,7.2,7.31
1998-09-17,7.3,7.3,6.92,6.95
1998-09-18,6.99,7.05,6.6,6.67
1998-09-21,6.6,6.92,6.6,6.91
1998-09-22,7.05,7.2,7,7.19
1998-09-23,7.14,7.21,6.82,7.1
1998-09-24,7.15,7.17,6.97,6.98
1998-09-25,6.96,7.08,6.94,7.04
1998-09-28,7.08,7.1,6.91,6.93
1998-09-29,6.89,7.05,6.87,7.04
1998-09-30,7.63,7.9,7.63,7.65
1998-10-01,7.64,7.7,7.58,7.62
1998-10-02,7.59,7.62,7.29,7.35
1998-10-05,7.45,7.51,7.33,7.36
1998-10-06,7.36,7.46,7.26,7.27
1998-10-07,7.25,7.5,7.15,7.48
1998-10-08,7.7,7.75,7.25,7.27
1998-10-09,7.32,7.62,7.29,7.6
1998-10-12,7.59,7.77,7.53,7.66
1998-10-13,7.7,7.82,7.63,7.66
1998-10-14,7.65,7.8,7.56,7.78
1998-10-15,7.95,7.95,7.62,7.72
1998-10-16,7.75,7.91,7.7,7.9
1998-10-19,7.88,7.9,7.61,7.62
1998-10-20,7.67,7.79,7.64,7.75
1998-10-21,7.76,7.78,7.62,7.66
1998-10-22,7.7,7.78,7.67,7.74
1998-10-23,7.72,7.76,7.69,7.75
1998-10-26,7.77,7.83,7.58,7.63
1998-10-27,7.67,7.69,7.52,7.55
1998-10-28,7.58,7.8,7.58,7.76
1998-10-29,7.75,7.76,7.69,7.7
1998-10-30,7.7,7.73,7.48,7.71
1998-11-02,7.74,7.75,7.58,7.6
1998-11-03,7.68,7.88,7.68,7.87
1998-11-04,7.89,8.08,7.88,8.05
1998-11-05,8.03,8.05,7.9,8.02
1998-11-06,8.05,8.1,7.86,7.95
1998-11-09,7.95,7.95,7.83,7.88
1998-11-10,7.94,8.07,7.93,8.05
1998-11-11,8.12,8.39,8.08,8.38
1998-11-12,8.29,8.39,8.24,8.38
1998-11-13,8.32,8.41,8.28,8.37
1998-11-16,8.38,8.38,8.26,8.35
1998-11-17,8.37,8.5,8.36,8.49
1998-11-18,8.42,8.5,8.37,8.46
1998-11-19,8.37,8.48,8.32,8.33
1998-11-20,8.3,8.48,8.3,8.48
1998-11-23,8.4,8.41,8.24,8.24
1998-11-24,8.12,8.2,8.01,8.03
1998-11-25,8.05,8.14,8.02,8.13
1998-11-30,8.18,8.24,8.13,8.23
1998-12-01,8.23,8.49,8.23,8.31
1998-12-02,8.32,8.4,8.27,8.3
1998-12-03,8.32,8.38,8.2,8.29
1998-12-04,8.32,8.33,8.23,8.24
1998-12-07,8.27,8.34,8.09,8.1
1998-12-08,8.12,8.2,8.07,8.2
1998-12-09,8.15,8.33,8.04,8.24
1998-12-10,8.24,8.28,8.18,8.25
1998-12-11,8.22,8.3,8.14,8.19
1998-12-14,8.17,8.27,8.11,8.12
1998-12-15,8.25,8.25,8.09,8.12
1998-12-16,8.14,8.17,8.07,8.09
1998-12-17,8.1,8.1,7.75,7.78
1998-12-18,7.8,7.8,7.57,7.58
1998-12-21,7.58,7.79,7.49,7.52
1998-12-22,7.5,7.64,7.42,7.58
1998-12-23,7.62,7.69,7.49,7.53
1998-12-24,7.58,7.63,7.55,7.62
1998-12-28,7.63,7.68,7.55,7.58
1998-12-29,7.61,7.85,7.58,7.83
1998-12-30,7.83,7.92,7.77,7.88
1998-12-31,7.9,7.94,7.83,7.86
1999-01-04,7.9,8.19,7.9,8.18
1999-01-05,8.17,8.82,8.17,8.74
1999-01-06,8.74,8.79,8.64,8.79
1999-01-07,8.69,8.81,8.62,8.8
1999-01-08,8.72,8.79,8.67,8.71
1999-01-11,8.66,8.76,8.63,8.75
1999-01-12,8.75,8.79,8.54,8.67
1999-01-13,8.45,8.74,8.37,8.7
1999-01-14,8.68,8.69,8.45,8.55
1999-01-15,8.35,8.5,8.26,8.42
1999-01-19,8.25,8.25,7.68,7.69
1999-01-20,7.55,7.7,7.38,7.52
1999-01-21,7.56,7.6,7.45,7.47
1999-01-22,7.52,7.52,7.07,7.1
1999-01-25,7.15,7.25,6.95,6.97
1999-01-26,6.97,6.98,6.7,6.73
1999-01-27,6.84,6.89,6.62,6.65
1999-01-28,6.72,6.95,6.71,6.92
1999-01-29,6.95,7.18,6.95,7.11
1999-02-01,7.11,7.11,6.67,6.76
1999-02-02,6.81,6.99,6.73,6.92
1999-02-03,6.95,6.95,6.79,6.81
1999-02-04,6.84,6.89,6.65,6.69
1999-02-05,6.65,6.92,6.58,6.71
1999-02-08,6.82,6.92,6.82,6.84
1999-02-09,6.78,6.9,6.77,6.83
1999-02-10,6.84,6.94,6.83,6.89
1999-02-11,6.85,6.87,6.51,6.67
1999-02-12,6.77,6.8,6.62,6.75
1999-02-16,6.82,6.85,6.62,6.63
1999-02-17,6.59,6.66,6.29,6.65
1999-02-18,6.66,6.79,6.52,6.68
1999-02-19,6.65,6.87,6.64,6.75
1999-02-22,6.77,6.87,6.67,6.81
1999-02-23,6.74,6.82,6.68,6.79
1999-02-24,6.8,6.82,6.66,6.73
1999-02-25,6.7,6.87,6.67,6.87
1999-02-26,6.37,6.37,6.11,6.26
1999-03-01,6.26,6.26,5.92,6.02
1999-03-02,6.1,6.14,5.86,5.97
1999-03-03,6.05,6.09,5.8,5.85
1999-03-04,5.85,5.89,5.45,5.5
1999-03-05,5.55,5.74,5.35,5.72
1999-03-08,5.68,5.78,5.56,5.72
1999-03-09,5.72,5.98,5.71,5.81
1999-03-10,5.8,6.05,5.78,6.04
1999-03-11,6.1,6.14,5.87,5.91
1999-03-12,5.85,6.04,5.84,5.9
1999-03-15,5.9,5.96,5.78,5.86
1999-03-16,5.8,5.86,5.74,5.82
1999-03-17,5.72,5.89,5.66,5.79
1999-03-18,5.72,5.77,5.69,5.72
1999-03-19,5.65,5.66,5.4,5.54
1999-03-22,5.45,5.61,5.43,5.59
1999-03-23,5.62,5.66,5.51,5.6
1999-03-24,5.6,5.75,5.43,5.47
1999-03-25,5.45,5.6,5.37,5.56
1999-03-26,5.51,5.71,5.48,5.7
1999-03-29,5.68,5.75,5.65,5.74
1999-03-30,5.81,5.87,5.78,5.82
1999-03-31,5.83,5.93,5.83,5.91
1999-04-01,5.79,5.8,5.53,5.59
1999-04-05,5.63,5.65,5.55,5.62
1999-04-06,5.62,5.64,5.43,5.63
1999-04-07,5.63,5.67,5.49,5.5
1999-04-08,5.43,5.52,5.4,5.44
1999-04-09,5.4,5.52,5.39,5.43
1999-04-12,5.41,5.42,5.16,5.25
1999-04-13,5.3,5.31,4.99,5.14
1999-04-14,5.18,5.19,5.03,5.1
1999-04-15,5.1,5.15,5.05,5.07
1999-04-16,5.12,5.15,5.06,5.13
1999-04-19,5.12,5.15,5.06,5.1
1999-04-20,5.1,5.15,5.08,5.14
1999-04-21,5.11,5.11,4.92,5.05
1999-04-22,5.04,5.04,4.77,4.78
1999-04-23,4.69,4.84,4.63,4.82
1999-04-26,4.78,4.95,4.76,4.8
1999-04-27,4.72,4.8,4.69,4.72
1999-04-28,4.7,4.7,4.53,4.58
1999-04-29,4.62,4.93,4.6,4.9
1999-04-30,4.4,4.7,4.29,4.33
1999-05-03,4.38,4.52,4.36,4.5
1999-05-04,4.5,4.63,4.45,4.61
1999-05-05,4.75,4.85,4.72,4.82
1999-05-06,4.88,4.96,4.75,4.77
1999-05-07,4.77,4.83,4.64,4.7
1999-05-10,4.72,4.89,4.56,4.88
1999-05-11,4.88,4.9,4.77,4.82
1999-05-12,4.83,5,4.76,4.82
1999-05-13,4.83,4.85,4.71,4.76
1999-05-14,4.78,4.94,4.76,4.9
1999-05-17,4.91,5.05,4.61,4.63
1999-05-18,4.69,4.69,4.57,4.62
1999-05-19,4.64,4.75,4.53,4.72
1999-05-20,4.8,4.9,4.76,4.85
1999-05-21,4.95,4.98,4.81,4.89
1999-05-24,4.88,4.89,4.75,4.82
1999-05-25,4.76,4.79,4.65,4.78
1999-05-26,4.75,4.82,4.69,4.79
1999-05-27,4.83,4.85,4.75,4.77
1999-05-28,4.75,5.03,4.71,5
1999-06-01,5.1,5.25,5.02,5.24
1999-06-02,5.24,5.6,5.23,5.49
1999-06-03,5.43,5.45,5.25,5.3
1999-06-04,5.15,5.35,5.12,5.34
1999-06-07,5.35,5.5,5.34,5.45
1999-06-08,5.45,5.53,5.39,5.41
1999-06-09,5.41,5.42,5.21,5.26
1999-06-10,5.23,5.41,5.19,5.26
1999-06-11,5.3,5.43,5.26,5.41
1999-06-14,5.47,5.47,5.25,5.34
1999-06-15,5.28,5.35,5.19,5.29
1999-06-16,5.28,5.32,5.25,5.29
1999-06-17,5.29,5.53,5.25,5.52
1999-06-18,5.63,5.89,5.62,5.85
1999-06-21,5.88,5.88,5.62,5.82
1999-06-22,5.78,5.98,5.69,5.98
1999-06-23,5.87,5.95,5.79,5.92
1999-06-24,5.88,5.96,5.81,5.95
1999-06-25,5.96,6.14,5.9,6.09
1999-06-28,6.13,6.17,5.75,5.95
1999-06-29,5.8,5.83,5.71,5.72
1999-06-30,5.95,6.25,5.87,6.22
1999-07-01,6.22,6.34,6.2,6.29
1999-07-02,6.24,6.27,6.11,6.13
1999-07-06,5.95,5.95,5.65,5.74
1999-07-07,5.55,5.55,5.3,5.37
1999-07-08,5.37,5.7,5.35,5.64
1999-07-09,5.6,5.66,5.46,5.52
1999-07-12,5.36,5.43,5.05,5.4
1999-07-13,5.4,5.45,5.29,5.31
1999-07-14,5.28,5.44,5.22,5.42
1999-07-15,5.43,5.57,5.41,5.52
1999-07-16,5.5,5.6,5.45,5.47
1999-07-19,5.46,5.63,5.37,5.54
1999-07-20,5.65,5.81,5.61,5.77
1999-07-21,5.77,5.88,5.62,5.62
1999-07-22,5.55,5.87,5.54,5.84
1999-07-23,5.88,5.9,5.69,5.79
1999-07-26,5.7,5.88,5.62,5.73
1999-07-27,5.72,5.81,5.7,5.76
1999-07-28,5.8,6.05,5.74,6.04
1999-07-29,6,6.16,5.98,6.14
1999-07-30,6.13,6.14,5.91,5.98
1999-08-02,6,6.08,5.96,6.03
1999-08-03,6.07,6.14,6.02,6.04
1999-08-04,6.1,6.18,6.05,6.11
1999-08-05,6.15,6.22,6.07,6.2
1999-08-06,6.24,6.29,5.97,5.99
1999-08-09,6,6.07,5.94,6.06
1999-08-10,6.09,6.18,6.06,6.13
1999-08-11,6.18,6.21,5.98,6.08
1999-08-12,6.09,6.11,5.82,5.88
1999-08-13,5.88,6.11,5.83,6.01
1999-08-16,6.05,6.09,5.95,6.05
1999-08-17,6.05,6.07,5.99,6
1999-08-18,5.9,6.09,5.84,6.08
1999-08-19,6.15,6.2,6.02,6.1
1999-08-20,5.98,6.19,5.98,6.09
1999-08-23,6,6.06,5.98,6.01
1999-08-24,5.96,6.12,5.92,6.09
1999-08-25,6.14,6.16,5.97,6.1
1999-08-26,6.1,6.13,6.04,6.07
1999-08-27,6.05,6.17,6.04,6.16
1999-08-30,6.2,6.8,6.18,6.7
1999-08-31,6.64,6.87,6.58,6.82
1999-09-01,6.73,6.78,6.62,6.65
1999-09-02,6.65,6.86,6.63,6.78
1999-09-03,6.75,6.93,6.7,6.9
1999-09-07,6.9,7.11,6.77,7.09
1999-09-08,7.05,7.09,6.95,7.06
1999-09-09,7,7.08,6.92,6.97
1999-09-10,6.95,6.96,6.67,6.7
1999-09-13,6.68,6.8,6.53,6.79
1999-09-14,6.69,6.76,6.62,6.7
1999-09-15,6.6,6.86,6.57,6.81
1999-09-16,6.7,6.81,6.68,6.77
1999-09-17,6.71,6.95,6.71,6.91
1999-09-20,6.93,7,6.85,6.93
1999-09-21,6.95,6.98,6.76,6.79
1999-09-22,6.75,6.97,6.73,6.95
1999-09-23,6.97,7.02,6.88,6.98
1999-09-24,6.97,6.98,6.87,6.94
1999-09-27,6.9,6.9,6.58,6.61
1999-09-28,6.64,6.69,6.41,6.68
1999-09-29,6.7,7.01,6.69,6.99
1999-09-30,7.02,7.07,6.87,6.93
1999-10-01,6.87,7.06,6.8,6.91
1999-10-04,6.95,6.98,6.74,6.84
1999-10-05,6.84,6.9,6.66,6.68
1999-10-06,6.65,6.77,6.56,6.72
1999-10-07,6.73,6.74,6.64,6.72
1999-10-08,6.67,6.91,6.67,6.89
1999-10-11,6.85,6.9,6.75,6.88
1999-10-12,6.92,6.98,6.8,6.81
1999-10-13,6.76,6.97,6.76,6.81
1999-10-14,6.75,6.81,6.65,6.69
1999-10-15,6.67,6.74,6.55,6.56
1999-10-18,6.6,6.62,6.45,6.46
1999-10-19,6.44,6.7,6.43,6.69
1999-10-20,6.65,7.02,6.64,6.94
1999-10-21,6.96,7.01,6.84,6.92
1999-10-22,6.88,6.96,6.85,6.88
1999-10-25,6.87,7.25,6.87,7.25
1999-10-26,7.25,7.27,6.84,6.89
1999-10-27,6.96,7.01,6.86,6.91
1999-10-28,6.97,7.03,6.87,7.01
1999-10-29,6.97,7,6.86,6.88
1999-11-01,6.98,7.1,6.82,7.09
1999-11-02,7.05,7.09,6.92,6.94
1999-11-03,7.02,7.03,6.92,6.96
1999-11-04,6.96,7,6.94,6.97
1999-11-05,7,7.03,6.96,7
1999-11-08,7.01,7.03,6.85,6.88
1999-11-09,6.86,6.92,6.78,6.9
1999-11-10,6.88,6.98,6.81,6.98
1999-11-11,6.89,6.93,6.8,6.81
1999-11-12,6.78,6.85,6.72,6.78
1999-11-15,6.78,6.81,6.7,6.71
1999-11-16,6.65,6.7,6.55,6.56
1999-11-17,6.49,6.52,6.19,6.23
1999-11-18,6.3,6.33,6.02,6.04
1999-11-19,6.1,6.12,5.86,5.91
1999-11-22,5.98,6.08,5.8,5.91
1999-11-23,6,6.11,5.94,6.03
1999-11-24,6.07,6.15,6.03,6.07
1999-11-29,6.12,6.14,6.03,6.06
1999-11-30,6.05,6.12,5.74,5.78
1999-12-01,5.64,5.88,5.62,5.76
1999-12-02,5.75,5.88,5.74,5.75
1999-12-03,5.83,6.08,5.83,5.98
1999-12-06,6.02,6.27,5.96,6.23
1999-12-07,6.22,6.28,6.05,6.07
1999-12-08,6.11,6.13,6,6.03
1999-12-09,6.03,6.11,6,6.1
1999-12-10,6.15,6.18,6.01,6.03
1999-12-13,6.02,6.05,5.94,6.02
1999-12-14,6.1,6.1,5.87,5.88
1999-12-15,5.85,5.85,5.68,5.74
1999-12-16,5.75,5.77,5.67,5.75
1999-12-17,5.8,5.9,5.77,5.88
1999-12-20,5.88,6,5.86,5.96
1999-12-21,5.96,5.99,5.89,5.92
1999-12-22,5.9,5.96,5.87,5.89
1999-12-23,5.89,5.94,5.87,5.88
1999-12-27,5.9,5.94,5.87,5.92
1999-12-28,5.88,5.99,5.87,5.92
1999-12-29,5.95,6.15,5.95,6.14
1999-12-30,6.05,6.14,6,6.12
2000-01-03,6.18,6.18,6.05,6.1
2000-01-04,6.1,6.11,5.76,5.77
2000-01-05,5.76,5.9,5.73,5.81
2000-01-06,5.9,5.94,5.76,5.77
2000-01-07,5.83,5.88,5.69,5.84
2000-01-10,5.86,5.93,5.78,5.83
2000-01-11,5.8,5.8,5.65,5.67
2000-01-12,5.6,5.62,5.42,5.45
2000-01-13,5.47,5.53,5.4,5.49
2000-01-14,5.58,5.6,5.43,5.45
2000-01-18,5.42,5.44,5.28,5.29
2000-01-19,5.31,5.5,5.31,5.49
2000-01-20,5.45,5.6,5.45,5.56
2000-01-21,5.5,5.52,5.42,5.43
2000-01-24,5.4,5.41,5.26,5.29
2000-01-25,5.35,5.4,5.3,5.32
2000-01-26,5.2,5.59,5.2,5.4
2000-01-27,5.36,5.52,5.36,5.41
2000-01-28,5.41,5.57,5.41,5.47
2000-01-31,5.47,5.59,5.32,5.42
2000-02-01,5.38,5.42,5.3,5.39
2000-02-02,5.42,5.54,5.42,5.5
2000-02-03,5.65,5.68,5.54,5.61
2000-02-04,5.61,5.8,5.58,5.79
2000-02-07,5.85,5.94,5.63,5.66
2000-02-08,5.68,5.69,5.4,5.53
2000-02-09,5.57,5.59,5.46,5.49
2000-02-10,5.52,5.55,5.48,5.52
2000-02-11,5.51,5.54,5.49,5.49
2000-02-14,5.42,5.45,5.21,5.21
2000-02-15,5.19,5.31,5.04,5.13
2000-02-16,5.22,5.26,4.95,4.95
2000-02-17,5,5.13,4.97,5.07
2000-02-18,5.07,5.1,5.03,5.03
2000-02-22,5.03,5.14,5.03,5.14
2000-02-23,5.15,5.15,5.09,5.15
2000-02-24,5.1,5.15,5.09,5.12
2000-02-25,5.1,5.12,4.93,4.94
2000-02-28,4.85,4.88,4.68,4.7
2000-02-29,4.94,5.03,4.91,4.99
2000-03-01,4.98,5.14,4.98,5.08
2000-03-02,5.08,5.13,4.94,4.96
2000-03-03,4.96,5.06,4.96,5.05
2000-03-06,5.1,5.16,5.03,5.04
2000-03-07,5.05,5.14,5.03,5.07
2000-03-08,5.13,5.29,5.07,5.12
2000-03-09,5.19,5.21,5.13,5.16
2000-03-10,5.23,5.26,5.15,5.22
2000-03-13,5.3,5.43,5.26,5.42
2000-03-14,5.37,5.39,5.17,5.28
2000-03-15,5.29,5.35,5.18,5.25
2000-03-16,5.32,5.35,5.25,5.34
2000-03-17,5.34,5.35,5.26,5.27
2000-03-20,5.23,5.29,5.11,5.13
2000-03-21,5.09,5.22,5.06,5.2
2000-03-22,5.19,5.26,5.16,5.25
2000-03-23,5.3,5.49,5.26,5.45
2000-03-24,5.45,5.47,5.32,5.38
2000-03-27,5.38,5.5,5.37,5.47
2000-03-28,5.5,5.57,5.39,5.41
2000-03-29,5.4,5.44,5.28,5.42
2000-03-30,5.53,5.55,5.47,5.55
2000-03-31,5.58,5.94,5.58,5.9
2000-04-03,5.9,5.93,5.73,5.91
2000-04-04,5.88,5.88,5.75,5.81
2000-04-05,5.79,6.04,5.79,6.02
2000-04-06,6.1,6.14,5.92,5.96
2000-04-07,5.9,5.99,5.82,5.89
2000-04-10,5.89,5.92,5.84,5.86
2000-04-11,5.8,5.98,5.78,5.97
2000-04-12,5.95,6.05,5.88,6.03
2000-04-13,6.05,6.19,6.05,6.16
2000-04-14,6.01,6.25,6.01,6.23
2000-04-17,6.22,6.46,6.12,6.45
2000-04-18,6.47,6.48,6.33,6.35
2000-04-19,6.32,6.52,6.31,6.41
2000-04-20,6.35,6.49,6.31,6.44
2000-04-24,6.4,6.46,6.35,6.37
2000-04-25,6.34,6.42,6.31,6.36
2000-04-26,6.37,6.38,6.26,6.27
2000-04-27,6.25,6.28,6.15,6.18
2000-04-28,6.36,6.75,6.3,6.64
2000-05-01,6.55,6.58,6.4,6.53
2000-05-02,6.5,6.56,6.38,6.4
2000-05-03,6.4,6.52,6.32,6.4
2000-05-04,6.4,6.56,6.36,6.53
2000-05-05,6.57,6.6,6.48,6.59
2000-05-08,6.64,6.67,6.41,6.45
2000-05-09,6.42,6.54,6.34,6.5
2000-05-10,6.5,6.51,6.38,6.5
2000-05-11,6.55,6.81,6.52,6.63
2000-05-12,6.63,6.8,6.6,6.78
2000-05-15,6.83,6.98,6.79,6.95
2000-05-16,7,7.17,6.95,7.13
2000-05-17,7.18,7.25,7.03,7.06
2000-05-18,7.06,7.13,6.94,7.07
2000-05-19,7.12,7.3,7.11,7.21
2000-05-22,7.32,7.48,7.32,7.42
2000-05-23,7.49,7.49,7.28,7.45
2000-05-24,7.49,7.63,7.41,7.56
2000-05-25,7.75,8.04,7.58,7.76
2000-05-26,7.75,7.83,7.61,7.81
2000-05-30,7.75,7.78,7.64,7.7
2000-05-31,7.7,7.7,7.53,7.55
2000-06-01,7.58,7.81,7.57,7.79
2000-06-02,8,8.16,7.93,8.14
2000-06-05,8.1,8.11,7.97,8
2000-06-06,8,8.18,7.97,8.15
2000-06-07,8.31,8.39,8.1,8.16
2000-06-08,8.23,8.34,8.07,8.18
2000-06-09,8.2,8.59,8.2,8.57
2000-06-12,8.45,8.57,8.37,8.49
2000-06-13,8.52,8.78,8.52,8.72
2000-06-14,8.85,8.95,8.75,8.82
2000-06-15,8.72,8.75,8.46,8.52
2000-06-16,8.4,8.4,8.1,8.19
2000-06-19,8.12,8.59,8.07,8.55
2000-06-20,8.6,8.68,8.52,8.62
2000-06-21,8.65,8.76,8.59,8.65
2000-06-22,8.67,8.76,8.48,8.51
2000-06-23,8.46,8.5,8.38,8.49
2000-06-26,8.5,8.59,8.42,8.57
2000-06-27,8.62,8.73,8.6,8.66
2000-06-28,8.72,8.83,8.6,8.65
2000-06-29,8.7,9.25,8.69,9.2
2000-06-30,8.98,9.18,8.15,8.48
2000-07-03,8.43,8.43,8.43,8.43
2000-07-05,8.43,8.82,8.35,8.69
2000-07-06,8.85,8.89,8.7,8.86
2000-07-07,8.83,8.92,8.64,8.68
2000-07-10,8.63,8.85,8.59,8.66
2000-07-11,8.66,8.85,8.62,8.83
2000-07-12,8.89,9.2,8.88,9.17
2000-07-13,9.2,9.33,9.1,9.22
2000-07-14,9.28,9.31,9.15,9.2
2000-07-17,9.4,9.69,9.38,9.66
2000-07-18,9.91,10.08,9.84,10.04
2000-07-19,9.85,10.18,9.7,9.96
2000-07-20,10,10.33,9.97,10.31
2000-07-21,10.33,10.43,10.1,10.41
2000-07-24,10.3,10.4,10.2,10.24
2000-07-25,10.15,10.46,10.11,10.43
2000-07-26,10.53,10.64,10.39,10.6
2000-07-27,10.7,10.8,10.57,10.78
2000-07-28,10.84,10.93,10.76,10.89
2000-07-31,10.75,10.84,10.35,10.4
2000-08-01,10.4,10.42,10.09,10.35
2000-08-02,10.43,10.83,10.42,10.79
2000-08-03,10.95,11.15,10.86,11.06
2000-08-04,10.95,10.95,10.72,10.8
2000-08-07,10.6,10.64,10.23,10.5
2000-08-08,10.28,10.72,10.27,10.7
2000-08-09,10.6,10.66,10.55,10.59
2000-08-10,10.5,10.57,10.39,10.41
2000-08-11,10.25,10.72,10.25,10.65
2000-08-14,10.7,10.82,10.61,10.77
2000-08-15,10.77,10.9,10.65,10.66
2000-08-16,10.72,10.74,10.63,10.7
2000-08-17,10.65,10.7,10.5,10.51
2000-08-18,10.57,10.71,10.54,10.7
2000-08-21,10.8,10.88,10.69,10.7
2000-08-22,10.7,10.74,10.6,10.62
2000-08-23,10.68,10.68,10.41,10.48
2000-08-24,10.4,10.54,10.32,10.36
2000-08-25,10.35,10.85,10.28,10.82
2000-08-28,10.82,10.87,10.72,10.8
2000-08-29,10.74,10.86,10.66,10.73
2000-08-30,10.71,10.81,10.66,10.76
2000-08-31,10.7,10.72,10.52,10.56
2000-09-01,10.65,10.85,10.42,10.82
2000-09-05,10.9,11.03,10.4,10.43
2000-09-06,10.5,10.63,10.33,10.38
2000-09-07,10.35,10.74,10.29,10.73
2000-09-08,10.65,10.73,10.54,10.67
2000-09-11,10.5,10.63,10.38,10.4
2000-09-12,10.42,10.53,10.31,10.47
2000-09-13,10.47,10.63,10.4,10.53
2000-09-14,10.48,10.52,10.34,10.36
2000-09-15,10.3,10.3,9.65,9.78
2000-09-18,9.7,9.82,9.43,9.65
2000-09-19,9.75,9.86,9.71,9.8
2000-09-20,9.7,9.73,9.4,9.44
2000-09-21,9.25,9.35,9.1,9.16
2000-09-22,9.32,9.57,9.29,9.56
2000-09-25,9.56,9.82,9.5,9.74
2000-09-26,9.84,9.87,9.67,9.72
2000-09-27,9.8,9.9,9.64,9.85
2000-09-28,9.82,9.91,9.64,9.83
2000-09-29,9.44,9.49,9.33,9.45
2000-10-02,9.4,9.68,9.35,9.64
2000-10-03,9.65,9.78,9.65,9.71
2000-10-04,9.6,10.03,9.59,10
2000-10-05,10.15,10.19,10,10.03
2000-10-06,10.03,10.11,9.97,10.08
2000-10-09,10.1,10.48,10.08,10.46
2000-10-10,10.56,10.98,10.56,10.77
2000-10-11,10.85,10.98,10.69,10.97
2000-10-12,10.88,11.14,10.83,10.86
2000-10-13,10.77,11.02,10.75,11
2000-10-16,10.97,11.4,10.94,11.39
2000-10-17,11.32,11.35,11.12,11.14
2000-10-18,11.2,11.2,10.97,11.08
2000-10-19,11.14,11.15,10.8,10.86
2000-10-20,10.9,10.99,10.84,10.87
2000-10-23,10.77,10.98,10.61,10.78
2000-10-24,10.63,10.74,10.56,10.58
2000-10-25,10.6,10.71,10.26,10.27
2000-10-26,10.12,10.15,9.17,9.36
2000-10-27,9.4,9.72,9.4,9.53
2000-10-30,9.65,9.84,9.6,9.81
2000-10-31,9.85,9.92,9.64,9.9
2000-11-01,10,10.01,9.7,9.75
2000-11-02,9.78,9.78,9.52,9.54
2000-11-03,9.51,9.65,9.34,9.57
2000-11-06,9.52,9.77,9.52,9.56
2000-11-07,9.5,9.67,9.43,9.53
2000-11-08,9.47,9.55,9.22,9.26
2000-11-09,9.2,9.2,8.67,8.81
2000-11-10,8.85,9.16,8.85,9.15
2000-11-13,9.2,9.2,8.85,8.96
2000-11-14,8.9,8.91,8.72,8.73
2000-11-15,8.75,9.18,8.69,9.1
2000-11-16,9.01,9.59,8.97,9.56
2000-11-17,9.46,9.88,9.46,9.63
2000-11-20,9.58,9.86,9.57,9.76
2000-11-21,9.72,9.81,9.68,9.72
2000-11-22,9.72,9.98,9.72,9.93
2000-11-27,10.15,10.33,10.07,10.11
2000-11-28,10.05,10.09,9.77,9.94
2000-11-29,10,10,9.82,9.91
2000-11-30,9.94,9.95,9.62,9.75
2000-12-01,9.75,9.75,9.61,9.66
2000-12-04,9.7,9.88,9.7,9.86
2000-12-05,9.96,9.98,9.6,9.71
2000-12-06,9.6,9.8,9.55,9.61
2000-12-07,9.65,9.69,9.57,9.63
2000-12-08,9.7,9.77,9.61,9.75
2000-12-11,9.83,9.92,9.61,9.7
2000-12-12,9.73,9.75,9.63,9.65
2000-12-13,9.68,9.73,9.36,9.41
2000-12-14,9.3,9.3,9.18,9.2
2000-12-15,9.25,9.55,9.19,9.31
2000-12-18,9.28,9.34,9.22,9.32
2000-12-19,9.29,9.44,9.29,9.42
2000-12-20,9.51,10.09,9.46,9.99
2000-12-21,9.96,9.97,9.81,9.87
2000-12-22,9.9,9.9,9.77,9.81
2000-12-26,9.8,10.05,9.8,9.98
2000-12-27,10,10.27,10,10.24
2000-12-28,10.22,10.29,10,10.03
2000-12-29,10.12,10.23,9.82,10.2
2001-01-02,10.3,10.33,10.01,10.17
2001-01-03,10.15,10.25,10.05,10.23
2001-01-04,10.25,10.37,10.14,10.35
2001-01-05,10.35,10.41,10.2,10.27
2001-01-08,10.18,10.48,10.12,10.47
2001-01-09,10.42,10.49,10.4,10.46
2001-01-10,10.42,10.42,10.22,10.29
2001-01-11,10.35,10.35,10.17,10.26
2001-01-12,10.2,10.23,9.96,10
2001-01-16,9.96,10.24,9.89,10.23
2001-01-17,10.27,10.33,10.05,10.06
2001-01-18,10.1,10.12,9.85,9.87
2001-01-19,9.85,10.16,9.83,10.09
2001-01-22,10.02,10.08,9.95,10.05
2001-01-23,10.1,10.13,9.93,10.07
2001-01-24,10.08,10.1,9.95,10.05
2001-01-25,10.05,10.11,10.01,10.03
2001-01-26,10.02,10.05,9.97,10
2001-01-29,10.05,10.05,9.7,9.74
2001-01-30,9.68,9.7,9.46,9.58
2001-01-31,9.68,10,9.63,9.95
2001-02-01,9.97,10.32,9.89,10.25
2001-02-02,10.17,10.31,10.12,10.14
2001-02-05,10.17,10.19,9.98,10
2001-02-06,9.98,10.15,9.97,10.01
2001-02-07,10.01,10.06,9.88,9.89
2001-02-08,9.87,10.01,9.83,9.88
2001-02-09,9.88,9.95,9.79,9.8
2001-02-12,9.8,9.92,9.69,9.86
2001-02-13,9.88,9.96,9.75,9.82
2001-02-14,9.75,9.82,9.67,9.67
2001-02-15,9.61,9.89,9.55,9.7
2001-02-16,9.7,9.76,9.59,9.64
2001-02-20,9.62,9.7,9.37,9.39
2001-02-21,9.48,9.59,9.44,9.53
2001-02-22,9.53,9.55,9.36,9.41
2001-02-23,9.4,9.42,9.23,9.39
2001-02-26,9.38,9.43,9.3,9.35
2001-02-27,9.34,9.38,8.9,8.92
2001-02-28,8.62,9.03,8.62,8.99
2001-03-01,9.1,9.19,9.04,9.14
2001-03-02,9.16,9.23,9.02,9.11
2001-03-05,9.23,9.36,9.18,9.3
2001-03-06,9.4,9.42,9.29,9.32
2001-03-07,9.27,9.28,9.06,9.1
2001-03-08,9.1,9.12,8.93,9.01
2001-03-09,9,9.1,8.95,9
2001-03-12,9.01,9.07,8.75,8.83
2001-03-13,8.87,8.93,8.74,8.76
2001-03-14,8.79,8.94,8.7,8.73
2001-03-15,8.8,8.97,8.74,8.92
2001-03-16,8.88,8.99,8.76,8.77
2001-03-19,8.77,8.87,8.62,8.66
2001-03-20,8.62,8.68,8.56,8.62
2001-03-21,8.67,8.78,8.63,8.72
2001-03-22,8.72,8.75,8.44,8.46
2001-03-23,8.47,8.49,8.25,8.37
2001-03-26,8.43,8.56,8.29,8.46
2001-03-27,8.55,8.68,8.48,8.5
2001-03-28,8.48,8.58,8.45,8.52
2001-03-29,8.45,8.51,8.37,8.38
2001-03-30,8.4,8.42,7.7,7.75
2001-04-02,7.95,8.2,7.93,8.15
2001-04-03,8.18,8.22,8.02,8.2
2001-04-04,8.2,8.23,8.1,8.15
2001-04-05,8.17,8.2,7.97,8.08
2001-04-06,8.13,8.19,8.03,8.16
2001-04-09,8.17,8.21,8.13,8.21
2001-04-10,8.22,8.41,8.22,8.36
2001-04-11,8.47,8.54,8.07,8.18
2001-04-12,8.24,8.34,8.12,8.31
2001-04-16,8.35,8.46,8.35,8.46
2001-04-17,8.49,8.54,8.44,8.5
2001-04-18,8.53,8.55,8.31,8.53
2001-04-19,8.55,8.81,8.54,8.8
2001-04-20,8.83,8.93,8.68,8.71
2001-04-23,8.82,8.86,8.67,8.71
2001-04-24,8.7,8.9,8.62,8.88
2001-04-25,8.95,9.08,8.87,8.94
2001-04-26,8.96,9.22,8.96,9.19
2001-04-27,9.28,9.39,9.27,9.35
2001-04-30,8.68,8.68,8.47,8.5
2001-05-01,8.49,8.97,8.46,8.95
2001-05-02,8.85,8.99,8.82,8.97
2001-05-03,8.98,9.25,8.97,9.2
2001-05-04,9.1,9.13,8.96,8.98
2001-05-07,9.04,9.04,8.91,8.92
2001-05-08,8.9,9.17,8.9,9.1
2001-05-09,9.13,9.16,8.98,9
2001-05-10,9.02,9.11,8.96,9.06
2001-05-11,9.08,9.14,9.03,9.1
2001-05-14,9.15,9.15,8.83,9.01
2001-05-15,9.01,9.1,8.92,9.09
2001-05-16,9.08,9.11,9.03,9.09
2001-05-17,9.11,9.22,8.9,8.94
2001-05-18,8.93,8.99,8.79,8.85
2001-05-21,8.89,9.2,8.89,9.19
2001-05-22,9.3,9.35,9.12,9.21
2001-05-23,9,9.18,8.97,9.12
2001-05-24,9.1,9.1,8.92,8.93
2001-05-25,8.95,9.08,8.87,8.96
2001-05-29,8.93,8.98,8.73,8.74
2001-05-30,8.62,8.72,8.4,8.59
2001-05-31,8.59,8.68,8.5,8.55
2001-06-01,8.65,8.68,8.39,8.6
2001-06-04,8.6,8.72,8.57,8.66
2001-06-05,8.66,8.73,8.6,8.65
2001-06-06,8.65,8.79,8.57,8.6
2001-06-07,8.57,8.59,8.47,8.5
2001-06-08,8.55,8.7,8.5,8.63
2001-06-11,8.6,8.74,8.56,8.6
2001-06-12,8.6,8.65,8.49,8.63
2001-06-13,8.65,8.68,8.59,8.63
2001-06-14,8.61,8.69,8.58,8.68
2001-06-15,8.67,8.9,8.64,8.87
2001-06-18,8.85,8.93,8.82,8.92
2001-06-19,8.95,9.01,8.84,8.96
2001-06-20,8.99,9.06,8.97,9.05
2001-06-21,8.99,9.13,8.94,9.12
2001-06-22,9.13,9.39,9.13,9.38
2001-06-25,9.3,9.32,9.21,9.26
2001-06-26,9.23,9.31,9.16,9.21
2001-06-27,9.23,9.26,9.16,9.19
2001-06-28,9.16,9.2,9.04,9.06
2001-06-29,8.92,9.38,8.88,9.36
2001-07-02,9.26,9.29,8.57,8.76
2001-07-03,8.85,8.85,8.47,8.52
2001-07-05,8.55,8.64,8.5,8.52
2001-07-06,8.5,8.52,8.22,8.38
2001-07-09,8.43,8.7,8.38,8.68
2001-07-10,8.68,8.75,8.58,8.6
2001-07-11,8.51,8.66,8.5,8.59
2001-07-12,8.58,8.67,8.55,8.62
2001-07-13,8.65,8.68,8.49,8.56
2001-07-16,8.6,8.8,8.57,8.67
2001-07-17,8.66,8.69,8.6,8.66
2001-07-18,8.64,8.76,8.62,8.74
2001-07-19,8.76,8.85,8.71,8.83
2001-07-20,8.83,8.87,8.6,8.6
2001-07-23,8.58,8.68,8.58,8.66
2001-07-24,8.67,8.7,8.4,8.41
2001-07-25,8.41,8.59,8.27,8.57
2001-07-26,8.52,8.53,8.34,8.36
2001-07-27,8.35,8.5,8.3,8.49
2001-07-30,8.45,8.49,8.33,8.35
2001-07-31,8.3,8.47,7.88,7.93
2001-08-01,8,8.09,7.85,7.91
2001-08-02,7.89,8.02,7.6,7.65
2001-08-03,7.75,7.84,7.7,7.8
2001-08-06,7.82,7.85,7.72,7.82
2001-08-07,7.85,7.88,7.63,7.72
2001-08-08,7.7,7.74,7.55,7.71
2001-08-09,7.74,7.76,7.61,7.63
2001-08-10,7.6,7.78,7.55,7.65
2001-08-13,7.85,8.08,7.79,7.96
2001-08-14,7.96,8.18,7.95,8.15
2001-08-15,8.1,8.17,8,8.11
2001-08-16,8.05,8.06,7.9,7.95
2001-08-17,7.95,8.03,7.86,7.96
2001-08-20,8.02,8.14,8.02,8.12
2001-08-21,8.12,8.16,8.03,8.14
2001-08-22,8.08,8.16,8.06,8.07
2001-08-23,8.03,8.1,7.91,8.09
2001-08-24,8.12,8.32,8.08,8.29
2001-08-27,8.3,8.37,8.21,8.29
2001-08-28,8.2,8.22,8,8.07
2001-08-29,8.07,8.13,7.96,8.03
2001-08-30,8.01,8.01,7.69,7.74
2001-08-31,7.75,7.99,7.74,7.91
2001-09-04,7.82,7.94,7.77,7.81
2001-09-05,7.74,7.96,7.72,7.93
2001-09-06,7.9,7.97,7.79,7.82
2001-09-07,7.79,7.94,7.75,7.86
2001-09-10,7.9,7.98,7.85,7.87
2001-09-17,8,8.07,7.8,7.82
2001-09-18,7.83,7.92,7.6,7.64
2001-09-19,7.6,7.6,7.1,7.28
2001-09-20,7.35,7.42,7.22,7.25
2001-09-21,7.13,7.17,7.01,7.05
2001-09-24,7.05,7.13,6.6,6.78
2001-09-25,6.88,6.94,6.54,6.84
2001-09-26,6.9,6.95,6.76,6.94
2001-09-27,6.79,6.95,6.78,6.85
2001-09-28,6.85,6.85,6.55,6.7
2001-10-01,6.63,6.7,6.57,6.6
2001-10-02,6.6,6.61,6.45,6.57
2001-10-03,6.7,6.75,6.65,6.71
2001-10-04,6.69,6.69,6.61,6.65
2001-10-05,6.68,6.68,6.53,6.57
2001-10-08,6.4,6.4,6.22,6.27
2001-10-09,6.4,6.41,6.11,6.15
2001-10-10,6.2,6.3,6.11,6.27
2001-10-11,6.35,6.48,6.32,6.46
2001-10-12,6.49,6.5,6.38,6.44
2001-10-15,6.4,6.49,6.35,6.48
2001-10-16,6.6,6.63,6.52,6.62
2001-10-17,6.68,6.72,6.61,6.63
2001-10-18,6.6,6.66,6.53,6.56
2001-10-19,6.61,6.74,6.57,6.73
2001-10-22,6.75,6.83,6.62,6.64
2001-10-23,6.6,6.67,6.6,6.63
2001-10-24,6.71,6.9,6.7,6.88
2001-10-25,6.88,6.95,6.69,6.79
2001-10-26,6.92,6.95,6.72,6.72
2001-10-29,6.71,6.78,6.65,6.77
2001-10-30,6.78,6.87,6.76,6.85
2001-10-31,6.87,6.88,6.73,6.74
2001-11-01,6.68,6.72,6.66,6.66
2001-11-02,6.66,6.7,6.61,6.63
2001-11-05,6.71,6.88,6.71,6.85
2001-11-06,6.87,7.07,6.85,7.05
2001-11-07,7.12,7.2,7.05,7.19
2001-11-08,7.22,7.28,7.19,7.26
2001-11-09,7.25,7.25,7.07,7.11
2001-11-12,7.15,7.2,7.03,7.14
2001-11-13,7.16,7.26,7.14,7.24
2001-11-14,7.28,7.46,7.27,7.4
2001-11-15,7.33,7.41,7.3,7.36
2001-11-16,7.3,7.35,7.28,7.31
2001-11-19,7.31,7.44,7.31,7.42
2001-11-20,7.44,7.46,7.32,7.34
2001-11-21,7.33,7.53,7.28,7.52
2001-11-26,7.52,7.62,7.42,7.57
2001-11-27,7.55,7.6,7.48,7.57
2001-11-28,7.6,7.62,7.52,7.56
2001-11-29,7.58,7.72,7.52,7.7
2001-11-30,7.73,7.74,7.64,7.68
2001-12-03,7.68,7.68,7.51,7.64
2001-12-04,7.69,7.72,7.58,7.7
2001-12-05,7.7,7.81,7.7,7.79
2001-12-06,7.79,7.85,7.72,7.84
2001-12-07,7.81,7.84,7.71,7.75
2001-12-10,7.68,7.68,7.5,7.51
2001-12-11,7.55,7.56,7.31,7.35
2001-12-12,7.28,7.39,7.18,7.35
2001-12-13,7.33,7.44,7.27,7.4
2001-12-14,7.45,7.49,7.39,7.41
2001-12-17,7.41,7.42,7.27,7.37
2001-12-18,7.28,7.29,7.02,7.03
2001-12-19,7.01,7.03,6.9,6.95
2001-12-20,6.96,7.18,6.93,7.07
2001-12-21,7.15,7.17,7.09,7.12
2001-12-27,7.25,7.38,7.2,7.3
2001-12-28,7.32,7.44,7.29,7.39
2002-01-02,7.4,7.72,7.4,7.71
2002-01-03,7.69,7.78,7.63,7.65
2002-01-04,7.61,7.66,7.56,7.64
2002-01-07,7.69,7.72,7.53,7.71
2002-01-08,7.74,7.8,7.69,7.8
2002-01-09,7.84,8.05,7.84,8.03
2002-01-10,7.95,7.99,7.85,7.92
2002-01-11,7.9,7.96,7.74,7.76
2002-01-14,7.71,7.71,7.58,7.62
2002-01-15,7.62,7.84,7.58,7.83
2002-01-16,7.83,7.97,7.83,7.86
2002-01-17,7.8,7.8,7.35,7.48
2002-01-18,7.4,7.47,7.28,7.3
2002-01-22,7.22,7.46,7.21,7.43
2002-01-23,7.45,7.47,7.3,7.31
2002-01-24,7.23,7.25,6.95,6.97
2002-01-25,7.13,7.15,6.92,7.13
2002-01-28,7.13,7.24,6.99,7.18
2002-01-29,7.15,7.15,6.67,6.75
2002-01-30,6.7,6.75,6.55,6.57
2002-01-31,6.6,6.61,6.31,6.38
2002-02-01,6.33,6.45,6.31,6.35
2002-02-04,6.45,6.54,6.21,6.24
2002-02-05,6.18,6.39,6.14,6.34
2002-02-06,6.38,6.46,6.31,6.39
2002-02-07,6.36,6.37,6.26,6.28
2002-02-08,6.28,6.37,6.15,6.18
2002-02-11,6.32,6.36,5.9,6
2002-02-12,5.98,6.31,5.95,6.15
2002-02-13,6.18,6.29,6.17,6.28
2002-02-14,6.32,6.36,6.19,6.26
2002-02-15,6.3,6.34,6.22,6.25
2002-02-19,6.29,6.3,6.21,6.28
2002-02-20,6.27,6.4,6.26,6.4
2002-02-21,6.41,6.46,6.3,6.34
2002-02-22,6.35,6.4,6.3,6.31
2002-02-25,6.34,6.38,6.31,6.37
2002-02-26,6.35,6.42,6.35,6.36
2002-02-27,6.35,6.35,5.8,5.89
2002-02-28,5.36,5.71,5.36,5.69
2002-03-01,5.8,6.01,5.74,5.97
2002-03-04,6.05,6.16,5.92,5.96
2002-03-05,5.94,6.05,5.83,6.04
2002-03-06,6.1,6.13,5.95,6
2002-03-07,6.04,6.24,6,6.06
2002-03-08,6.08,6.19,6.06,6.18
2002-03-11,6.19,6.24,6.14,6.21
2002-03-12,6.18,6.19,6.01,6.09
2002-03-13,6.12,6.2,6.07,6.19
2002-03-14,6.19,6.28,6.13,6.27
2002-03-15,6.28,6.37,6.22,6.26
2002-03-18,6.18,6.27,6.07,6.22
2002-03-19,6.19,6.27,6.01,6.03
2002-03-20,6,6.09,5.98,6.01
2002-03-21,5.97,6,5.77,5.78
2002-03-22,5.8,5.94,5.74,5.91
2002-03-25,5.9,6.06,5.86,6.02
2002-03-26,6.05,6.09,5.99,6.08
2002-03-27,6.09,6.17,5.98,6
2002-03-28,5.96,6.01,5.83,5.93
2002-04-01,5.9,5.9,5.75,5.77
2002-04-02,5.68,5.88,5.6,5.83
2002-04-03,5.82,5.83,5.63,5.66
2002-04-04,5.65,5.71,5.59,5.62
2002-04-05,5.62,5.78,5.6,5.7
2002-04-08,5.7,5.73,5.56,5.59
2002-04-09,5.54,5.65,5.53,5.62
2002-04-10,5.62,5.71,5.61,5.68
2002-04-11,5.65,5.69,5.48,5.51
2002-04-12,5.52,5.58,5.46,5.55
2002-04-15,5.63,5.65,5.57,5.58
2002-04-16,5.63,5.72,5.61,5.66
2002-04-17,5.7,5.75,5.68,5.71
2002-04-18,5.69,5.78,5.66,5.75
2002-04-19,5.79,6.2,5.79,6.17
2002-04-22,6.18,6.3,6.03,6.09
2002-04-23,6,6.12,5.98,6.07
2002-04-24,6.04,6.19,6.04,6.08
2002-04-25,6.1,6.11,5.87,5.91
2002-04-26,5.99,6.03,5.81,5.83
2002-04-29,5.8,5.93,5.63,5.9
2002-04-30,5.3,5.4,5.22,5.36
2002-05-01,5.38,5.4,5.07,5.2
2002-05-02,5.19,5.48,5.19,5.46
2002-05-03,5.44,5.45,5.29,5.36
2002-05-06,5.4,5.5,5.32,5.47
2002-05-07,5.5,5.57,5.3,5.31
2002-05-08,5.36,5.44,5.27,5.41
2002-05-09,5.38,5.44,5.33,5.44
2002-05-10,5.47,5.53,5.43,5.49
2002-05-13,5.53,5.86,5.53,5.84
2002-05-14,5.8,5.91,5.67,5.89
2002-05-15,5.84,5.9,5.76,5.85
2002-05-16,5.78,5.99,5.78,5.98
2002-05-17,6.02,6.04,5.83,5.86
2002-05-20,5.7,5.82,5.65,5.79
2002-05-21,5.82,5.82,5.55,5.6
2002-05-22,5.62,5.78,5.56,5.72
2002-05-23,5.67,5.67,5.57,5.62
2002-05-24,5.6,5.74,5.57,5.65
2002-05-28,5.62,5.68,5.46,5.67
2002-05-29,5.7,5.8,5.7,5.77
2002-05-30,5.82,5.84,5.71,5.78
2002-05-31,5.79,5.97,5.77,5.9
2002-06-03,5.9,5.9,5.75,5.77
2002-06-04,5.75,5.8,5.69,5.75
2002-06-05,5.75,5.76,5.68,5.75
2002-06-06,5.76,5.77,5.54,5.57
2002-06-07,5.56,5.68,5.52,5.62
2002-06-10,5.6,5.68,5.54,5.55
2002-06-11,5.49,5.58,5.38,5.39
2002-06-12,5.32,5.36,5.24,5.25
2002-06-13,5.23,5.35,5.21,5.3
2002-06-14,5.25,5.31,5.23,5.26
2002-06-17,5.17,5.19,5.02,5.03
2002-06-18,5.05,5.19,5.02,5.16
2002-06-19,5.18,5.22,5.03,5.05
2002-06-20,5.06,5.11,4.99,5.02
2002-06-21,5,5.1,4.97,4.99
2002-06-24,5.05,5.21,5.04,5.2
2002-06-25,5.24,5.41,5.22,5.4
2002-06-26,5.48,5.48,5.3,5.36
2002-06-27,5.27,5.75,5.25,5.68
2002-06-28,5.21,5.22,4.88,4.96
2002-07-01,5.1,5.18,5.01,5.16
2002-07-02,5.2,5.5,5.17,5.49
2002-07-03,5.39,5.62,5.38,5.6
2002-07-08,5.57,5.71,5.51,5.55
2002-07-09,5.6,5.77,5.58,5.73
2002-07-10,5.79,5.9,5.73,5.86
2002-07-11,5.84,6.01,5.8,5.99
2002-07-12,5.97,6,5.81,5.99
2002-07-15,5.95,5.95,5.7,5.71
2002-07-16,5.72,5.85,5.68,5.81
2002-07-17,5.82,5.85,5.71,5.73
2002-07-18,5.76,6.05,5.74,6.03
2002-07-19,6.15,6.23,6.05,6.06
2002-07-22,6.1,6.19,5.93,6.16
2002-07-23,6.21,6.23,6.08,6.17
2002-07-24,6.07,6.07,5.82,5.86
2002-07-25,5.85,5.95,5.83,5.92
2002-07-26,5.94,5.96,5.72,5.81
2002-07-29,5.71,5.77,5.57,5.59
2002-07-30,5.52,5.71,5.51,5.67
2002-07-31,5.75,5.94,5.75,5.8
2002-08-01,5.72,5.82,5.69,5.81
2002-08-02,5.85,5.86,5.74,5.78
2002-08-05,5.79,5.85,5.73,5.79
2002-08-06,5.8,5.85,5.74,5.84
2002-08-07,5.85,5.92,5.85,5.92
2002-08-08,5.97,6.05,5.96,5.98
2002-08-09,6.01,6.06,5.87,5.89
2002-08-12,5.76,5.83,5.69,5.7
2002-08-13,5.7,5.9,5.69,5.89
2002-08-14,5.9,5.97,5.83,5.9
2002-08-15,5.9,6.15,5.89,6.1
2002-08-16,6.15,6.32,5.83,5.87
2002-08-19,5.85,5.89,5.65,5.72
2002-08-20,5.73,5.87,5.71,5.81
2002-08-21,5.84,5.93,5.73,5.86
2002-08-22,5.9,5.94,5.82,5.93
2002-08-23,5.88,5.88,5.78,5.78
2002-08-26,5.72,5.79,5.65,5.76
2002-08-27,5.78,6.01,5.75,5.99
2002-08-28,6.01,6.02,5.78,5.79
2002-08-29,5.82,5.92,5.8,5.86
2002-08-30,5.9,6,5.82,5.98
2002-09-03,6,6.22,5.96,6.21
2002-09-04,6.35,6.4,6.06,6.07
2002-09-05,6.13,6.19,6.07,6.14
2002-09-06,6.2,6.34,6.18,6.33
2002-09-09,6.45,6.74,6.42,6.66
2002-09-10,6.67,6.71,6.49,6.69
2002-09-11,6.69,6.71,6.61,6.65
2002-09-12,6.65,6.85,6.64,6.75
2002-09-13,6.77,6.96,6.69,6.92
2002-09-16,6.87,6.93,6.7,6.8
2002-09-17,6.72,6.9,6.65,6.84
2002-09-18,6.88,6.89,6.77,6.87
2002-09-19,6.85,7.08,6.82,7.06
2002-09-20,7.09,7.27,6.89,6.92
2002-09-23,6.88,6.92,6.75,6.88
2002-09-24,6.87,7,6.82,6.99
2002-09-25,7.02,7.2,6.92,6.94
2002-09-26,6.9,6.98,6.83,6.92
2002-09-27,7.05,7.17,6.9,7.12
2002-09-30,6.64,6.65,6.43,6.44
2002-10-01,6.5,6.52,6.38,6.49
2002-10-02,6.55,6.71,6.54,6.69
2002-10-03,6.67,6.77,6.63,6.76
2002-10-04,6.74,6.89,6.71,6.73
2002-10-07,6.78,6.89,6.68,6.88
2002-10-08,6.92,7.15,6.89,7.12
2002-10-09,6.96,7.17,6.94,7.04
2002-10-10,7.05,7.07,6.91,6.96
2002-10-11,6.92,6.98,6.85,6.91
2002-10-14,6.85,7.08,6.81,7.06
2002-10-15,7.06,7.16,6.98,7.05
2002-10-16,7.03,7.03,6.94,6.96
2002-10-17,6.97,7.14,6.89,7.12
2002-10-18,7.12,7.3,7.1,7.29
2002-10-21,7.3,7.3,7.12,7.13
2002-10-22,7.1,7.26,7.02,7.24
2002-10-23,7.24,7.32,7.08,7.1
2002-10-24,7.1,7.17,6.99,7
2002-10-25,6.98,7.08,6.92,6.99
2002-10-28,7.05,7.15,7.01,7.13
2002-10-29,7.2,7.28,7.07,7.27
2002-10-30,7.25,7.26,7.14,7.18
2002-10-31,7.22,7.39,7.17,7.36
2002-11-01,7.3,7.41,7.28,7.34
2002-11-04,7.36,7.45,7.28,7.45
2002-11-05,7.5,7.65,7.49,7.64
2002-11-06,7.65,7.77,7.62,7.72
2002-11-07,7.65,7.69,7.45,7.55
2002-11-08,7.58,7.65,7.38,7.45
2002-11-11,7.45,7.51,7.33,7.34
2002-11-12,7.32,7.4,7.02,7.06
2002-11-13,6.95,6.95,6.58,6.75
2002-11-14,6.75,6.9,6.7,6.87
2002-11-15,6.86,7.08,6.85,7.07
2002-11-18,7.02,7.11,6.81,6.82
2002-11-19,6.78,7.3,6.72,7.3
2002-11-20,7.28,7.44,7.11,7.24
2002-11-21,7.2,7.48,7.2,7.43
2002-11-22,7.37,7.48,7.35,7.45
2002-11-25,7.47,7.52,7.33,7.37
2002-11-26,7.3,7.41,7.3,7.38
2002-11-27,7.35,7.43,7.34,7.41
2002-12-02,7.5,7.69,7.45,7.68
2002-12-03,7.72,7.89,7.66,7.81
2002-12-04,7.77,7.79,7.54,7.62
2002-12-05,7.55,7.57,7.44,7.54
2002-12-06,7.55,7.66,7.4,7.45
2002-12-09,7.35,7.4,7.16,7.23
2002-12-10,7.23,7.49,7.15,7.45
2002-12-11,7.5,7.54,7.38,7.49
2002-12-12,7.49,7.5,7.34,7.47
2002-12-13,7.52,7.6,7.48,7.56
2002-12-16,7.55,7.57,7.45,7.5
2002-12-17,7.53,7.58,7.46,7.55
2002-12-18,7.54,7.55,7.27,7.3
2002-12-19,7.35,7.63,7.31,7.6
2002-12-20,7.57,7.62,7.49,7.51
2002-12-23,7.5,7.53,7.45,7.46
2002-12-24,7.5,7.54,7.45,7.47
2002-12-27,7.48,7.48,7.41,7.43
2002-12-30,7.4,7.4,7.25,7.37
2002-12-31,7.32,7.63,7.31,7.61
2003-01-02,7.65,7.72,7.57,7.69
2003-01-03,7.65,7.74,7.38,7.4
2003-01-06,7.46,7.65,7.42,7.61
2003-01-07,7.54,7.61,7.52,7.55
2003-01-08,7.6,7.77,7.6,7.74
2003-01-09,7.74,7.76,7.52,7.59
2003-01-10,7.62,7.73,7.55,7.67
2003-01-13,7.63,7.69,7.59,7.67
2003-01-14,7.71,7.72,7.55,7.66
2003-01-15,7.65,7.71,7.57,7.7
2003-01-16,7.73,7.74,7.4,7.62
2003-01-17,7.75,7.94,7.67,7.87
2003-01-21,7.82,7.86,7.75,7.77
2003-01-22,7.69,7.72,7.56,7.68
2003-01-23,7.65,7.79,7.64,7.75
2003-01-24,7.82,8.04,7.8,7.97
2003-01-27,8.07,8.53,8.07,8.38
2003-01-28,8.25,8.48,8.24,8.46
2003-01-29,8.63,8.85,8.5,8.7
2003-01-30,8.55,8.7,8.5,8.58
2003-01-31,8.5,8.66,8.42,8.64
2003-02-03,8.67,8.67,8.43,8.55
2003-02-04,8.5,8.5,8.35,8.4
2003-02-05,8.37,8.65,8.3,8.57
2003-02-06,8.67,8.94,8.65,8.87
2003-02-07,8.8,9,8.8,8.93
2003-02-10,8.94,9.02,8.82,9.01
2003-02-11,9.03,9.04,8.87,8.9
2003-02-12,8.92,8.95,8.63,8.8
2003-02-13,8.75,8.75,8.59,8.65
2003-02-14,8.6,8.9,8.55,8.86
2003-02-19,8.94,8.98,8.81,8.96
2003-02-20,9.05,9.13,9.05,9.07
2003-02-21,8.9,9.01,8.84,8.97
2003-02-24,8.95,8.96,8.69,8.75
2003-02-25,8.6,8.67,8.5,8.6
2003-02-26,8.75,8.92,8.57,8.71
2003-02-27,8.75,8.82,8.6,8.76
2003-02-28,7.99,8.48,7.98,8.45
2003-03-03,8.51,8.59,8.42,8.44
2003-03-04,8.38,8.45,8.22,8.25
2003-03-05,8.2,8.27,8.08,8.1
2003-03-06,8.04,8.19,7.92,8.16
2003-03-07,8.21,8.3,8.12,8.22
2003-03-10,8.22,8.22,8,8.01
2003-03-11,7.99,8.18,7.99,8.12
2003-03-12,8.08,8.12,7.75,7.81
2003-03-13,7.7,7.81,7.6,7.62
2003-03-14,7.6,7.9,7.59,7.85
2003-03-17,7.83,7.83,7.72,7.78
2003-03-18,7.63,7.7,7.55,7.59
2003-03-19,7.58,7.7,7.58,7.64
2003-03-20,7.6,7.77,7.47,7.75
2003-03-21,7.77,7.9,7.76,7.8
2003-03-24,7.82,7.92,7.74,7.85
2003-03-25,7.88,7.92,7.68,7.69
2003-03-26,7.62,7.68,7.55,7.59
2003-03-27,7.51,7.56,7.42,7.46
2003-03-28,7.45,7.72,7.43,7.71
2003-03-31,7.71,7.71,7.52,7.68
2003-04-01,7.65,7.68,7.55,7.6
2003-04-02,7.49,7.64,7.46,7.59
2003-04-03,7.6,7.75,7.55,7.73
2003-04-04,7.72,7.8,7.62,7.66
2003-04-07,7.68,7.68,7.56,7.57
2003-04-08,7.55,7.56,7.36,7.37
2003-04-09,7.31,7.43,7.28,7.29
2003-04-10,7.33,7.35,7.18,7.2
2003-04-11,7.23,7.29,7.15,7.23
2003-04-14,7.16,7.21,7.11,7.17
2003-04-15,7.16,7.22,7.09,7.21
2003-04-16,7.28,7.4,7.22,7.39
2003-04-17,7.39,7.49,7.34,7.45
2003-04-21,7.43,7.64,7.39,7.63
2003-04-22,7.68,7.8,7.63,7.79
2003-04-23,7.78,7.85,7.76,7.82
2003-04-24,7.82,7.85,7.68,7.78
2003-04-25,7.78,7.87,7.78,7.85
2003-04-28,7.88,7.9,7.72,7.73
2003-04-29,7.68,7.68,7.32,7.39
2003-04-30,7.25,7.25,6.95,7.2
2003-05-01,7.3,7.47,7.28,7.38
2003-05-02,7.35,7.42,7.15,7.17
2003-05-05,7.2,7.2,6.85,6.86
2003-05-06,6.85,7.12,6.83,7.1
2003-05-07,7.01,7.04,6.81,6.85
2003-05-08,6.77,6.8,6.65,6.68
2003-05-09,6.66,6.9,6.66,6.87
2003-05-12,6.9,7.09,6.87,7.04
2003-05-13,7.01,7.09,6.77,6.81
2003-05-14,6.9,7.07,6.88,6.91
2003-05-15,6.9,6.97,6.81,6.89
2003-05-16,6.89,6.99,6.84,6.91
2003-05-19,7,7.08,6.91,7.07
2003-05-20,7.15,7.3,7.12,7.28
2003-05-21,7.26,7.28,7.08,7.09
2003-05-22,7.11,7.27,7.11,7.25
2003-05-23,7.27,7.34,7.18,7.34
2003-05-27,7.33,7.34,7.14,7.17
2003-05-28,7.17,7.17,6.95,6.97
2003-05-29,6.95,7.02,6.91,6.97
2003-05-30,7,7.08,6.93,7.08
2003-06-02,7.1,7.1,6.91,6.93
2003-06-03,6.88,6.89,6.71,6.73
2003-06-04,6.65,6.74,6.62,6.69
2003-06-05,6.71,6.77,6.5,6.52
2003-06-06,6.64,6.72,6.64,6.71
2003-06-09,6.63,6.65,6.48,6.62
2003-06-10,6.59,6.73,6.56,6.67
2003-06-11,6.63,6.68,6.53,6.54
2003-06-12,6.57,6.58,6.42,6.43
2003-06-13,6.45,6.53,6.4,6.52
2003-06-16,6.5,6.6,6.47,6.56
2003-06-17,6.59,6.63,6.44,6.5
2003-06-18,6.49,6.52,6.41,6.48
2003-06-19,6.49,6.54,6.43,6.53
2003-06-20,6.53,6.58,6.48,6.58
2003-06-23,6.56,6.57,6.36,6.38
2003-06-24,6.41,6.42,6.32,6.34
2003-06-25,6.35,6.39,6.32,6.37
2003-06-26,6.35,6.39,6.31,6.38
2003-06-27,6.37,6.41,6.2,6.22
2003-06-30,6.1,6.28,6.02,6.22
2003-07-01,6.23,6.29,6.18,6.22
2003-07-02,6.31,6.49,6.31,6.45
2003-07-03,6.4,6.47,6.33,6.39
2003-07-07,6.38,6.53,6.35,6.51
2003-07-08,6.46,6.54,6.4,6.53
2003-07-09,6.5,6.59,6.49,6.58
2003-07-10,6.59,6.61,6.36,6.44
2003-07-11,6.41,6.55,6.39,6.51
2003-07-14,6.52,6.56,6.47,6.55
2003-07-15,6.64,6.7,6.58,6.64
2003-07-16,6.64,6.67,6.58,6.65
2003-07-17,6.64,6.7,6.62,6.7
2003-07-18,6.7,6.85,6.68,6.81
2003-07-21,6.83,6.85,6.75,6.85
2003-07-22,6.9,7.04,6.86,7.02
2003-07-23,7.05,7.07,6.91,6.92
2003-07-24,6.9,7.01,6.85,6.88
2003-07-25,6.88,6.96,6.86,6.93
2003-07-28,6.93,7.04,6.86,7.03
2003-07-29,7.04,7.21,6.97,7.2
2003-07-30,7.24,7.26,7.08,7.09
2003-07-31,7.14,7.25,7.06,7.21
2003-08-01,7.17,7.25,7.15,7.24
2003-08-04,7.25,7.33,7.11,7.33
2003-08-05,7.3,7.39,7.28,7.35
2003-08-06,7.31,7.34,7.24,7.28
2003-08-07,7.15,7.21,6.7,6.79
2003-08-08,6.7,6.73,6.58,6.62
2003-08-11,6.65,6.83,6.65,6.81
2003-08-12,6.79,6.79,6.69,6.73
2003-08-13,6.69,6.78,6.61,6.62
2003-08-14,6.52,6.58,6.45,6.51
2003-08-15,6.53,6.6,6.48,6.49
2003-08-18,6.46,6.59,6.43,6.57
2003-08-19,6.53,6.61,6.45,6.46
2003-08-20,6.5,6.59,6.46,6.57
2003-08-21,6.59,6.74,6.47,6.48
2003-08-22,6.43,6.57,6.43,6.54
2003-08-25,6.55,6.61,6.53,6.56
2003-08-26,6.61,6.71,6.6,6.69
2003-08-27,6.68,6.68,6.48,6.56
2003-08-28,6.52,6.55,6.38,6.4
2003-08-29,6.3,6.35,6.2,6.29
2003-09-02,6.2,6.31,6.18,6.2
2003-09-03,6.15,6.17,6.08,6.13
2003-09-04,6.2,6.23,5.9,5.97
2003-09-05,5.94,6.05,5.92,6.05
2003-09-08,6.06,6.16,6,6.01
2003-09-09,5.96,6,5.85,5.96
2003-09-10,6,6.11,5.98,6.1
2003-09-11,6.14,6.18,5.99,6
2003-09-12,6.01,6.1,6,6.05
2003-09-15,6.09,6.11,5.87,5.89
2003-09-16,5.88,6.03,5.78,5.96
2003-09-17,5.96,6.03,5.9,5.92
2003-09-18,5.88,6,5.87,6
2003-09-19,6,6.03,5.95,5.97
2003-09-22,5.96,6.08,5.94,6.07
2003-09-23,6.07,6.08,5.98,6.02
2003-09-24,6.01,6.04,5.91,6
2003-09-25,5.98,5.99,5.83,5.86
2003-09-26,5.8,5.97,5.75,5.95
2003-09-29,6.03,6.13,6,6.13
2003-09-30,6.4,6.48,6.26,6.44
2003-10-01,6.43,6.47,6.4,6.44
2003-10-02,6.42,6.44,6.35,6.38
2003-10-03,6.39,6.48,6.36,6.47
2003-10-06,6.43,6.45,6.15,6.23
2003-10-07,6.21,6.21,6.01,6.09
2003-10-08,6.09,6.15,6.03,6.07
2003-10-09,6.04,6.07,5.91,6.01
2003-10-10,5.92,6.07,5.92,5.96
2003-10-13,5.9,6.02,5.87,5.97
2003-10-14,6.02,6.08,5.97,5.99
2003-10-15,6.02,6.11,5.96,6.1
2003-10-16,6.09,6.14,5.92,5.97
2003-10-17,5.95,5.98,5.91,5.95
2003-10-20,6,6.14,6,6.02
2003-10-21,6.05,6.09,5.97,6.05
2003-10-22,6.06,6.09,5.95,5.95
2003-10-23,5.96,6.03,5.92,5.94
2003-10-24,5.95,6.14,5.94,6.1
2003-10-27,6.13,6.28,6.09,6.19
2003-10-28,6.19,6.26,6.13,6.14
2003-10-29,6.12,6.18,6.1,6.12
2003-10-30,6.11,6.2,6.1,6.19
2003-10-31,6.22,6.25,5.9,5.93
2003-11-03,5.92,5.98,5.82,5.86
2003-11-04,5.89,5.99,5.86,5.99
2003-11-05,6.02,6.07,5.95,5.97
2003-11-06,5.99,6.04,5.96,6.02
2003-11-07,6.02,6.1,6.02,6.07
2003-11-10,6.13,6.27,6.13,6.2
2003-11-11,6.25,6.26,6.12,6.21
2003-11-12,6.23,6.23,6.14,6.22
2003-11-13,6.2,6.36,6.19,6.34
2003-11-14,6.34,6.4,6.32,6.38
2003-11-17,6.3,6.36,6.25,6.32
2003-11-18,6.32,6.34,6.25,6.33
2003-11-19,6.38,6.41,6.33,6.4
2003-11-20,6.45,6.46,6.26,6.38
2003-11-21,6.4,6.4,6.18,6.26
2003-11-24,6.22,6.25,6.11,6.12
2003-11-25,6.11,6.17,6.1,6.12
2003-11-26,6.15,6.32,6.15,6.25
2003-12-01,6.29,6.34,6.26,6.29
2003-12-02,6.3,6.38,6.3,6.38
2003-12-03,6.45,6.59,6.45,6.58
2003-12-04,6.65,6.73,6.62,6.71
2003-12-05,6.64,6.71,6.59,6.65
2003-12-08,6.72,6.75,6.62,6.66
2003-12-09,6.57,6.74,6.56,6.72
2003-12-10,6.72,6.79,6.68,6.7
2003-12-11,6.67,6.76,6.62,6.75
2003-12-12,6.76,6.78,6.68,6.77
2003-12-15,6.65,6.66,6.41,6.45
2003-12-16,6.5,6.56,6.45,6.55
2003-12-17,6.48,6.56,6.47,6.54
2003-12-18,6.56,6.59,6.43,6.44
2003-12-19,6.35,6.35,6.1,6.1
2003-12-22,6.05,6.07,5.89,5.92
2003-12-23,5.85,6,5.84,5.88
2003-12-24,5.92,5.97,5.88,5.91
2003-12-29,5.87,5.91,5.8,5.8
2003-12-30,5.82,5.87,5.74,5.75
2003-12-31,5.74,5.78,5.66,5.67
2004-01-05,5.75,5.82,5.7,5.7
2004-01-06,5.8,5.92,5.73,5.85
2004-01-07,5.9,5.95,5.88,5.94
2004-01-08,5.9,5.94,5.75,5.76
2004-01-09,5.8,5.94,5.76,5.93
2004-01-12,5.97,6,5.79,5.97
2004-01-13,5.98,5.99,5.85,5.98
2004-01-14,5.99,5.99,5.82,5.85
2004-01-15,5.8,5.85,5.68,5.73
2004-01-16,5.73,5.8,5.63,5.79
2004-01-20,5.79,5.84,5.74,5.81
2004-01-21,5.77,5.81,5.76,5.8
2004-01-22,5.8,5.87,5.8,5.84
2004-01-23,5.82,5.83,5.69,5.77
2004-01-26,5.79,5.89,5.75,5.77
2004-01-27,5.77,5.77,5.58,5.75
2004-01-28,5.78,5.9,5.73,5.87
2004-01-29,5.87,5.93,5.8,5.87
2004-01-30,5.87,5.88,5.77,5.86
2004-02-02,5.75,5.77,5.65,5.72
2004-02-03,5.75,5.85,5.72,5.75
2004-02-04,5.75,5.77,5.66,5.68
2004-02-05,5.66,5.66,5.57,5.58
2004-02-06,5.5,5.54,5.42,5.45
2004-02-09,5.4,5.45,5.34,5.36
2004-02-10,5.4,5.5,5.37,5.44
2004-02-11,5.45,5.48,5.39,5.4
2004-02-12,5.35,5.42,5.27,5.4
2004-02-13,5.45,5.5,5.39,5.48
2004-02-17,5.53,5.71,5.53,5.58
2004-02-18,5.56,5.65,5.56,5.6
2004-02-19,5.57,5.61,5.5,5.52
2004-02-20,5.55,5.64,5.55,5.64
2004-02-23,5.7,5.74,5.66,5.72
2004-02-24,5.74,5.76,5.62,5.76
2004-02-25,5.77,5.85,5.77,5.84
2004-02-26,5.82,6.03,5.8,6.02
2004-02-27,6.2,6.25,6.07,6.12
2004-03-01,6.17,6.24,6.12,6.24
2004-03-02,6.18,6.22,6.12,6.16
2004-03-03,6.14,6.21,6.05,6.06
2004-03-04,6.05,6.15,6.01,6.13
2004-03-05,6.15,6.19,6.13,6.19
2004-03-08,6.2,6.22,6.15,6.22
2004-03-09,6.24,6.32,6.22,6.31
2004-03-10,6.32,6.36,6.3,6.35
2004-03-11,6.35,6.7,6.33,6.67
2004-03-12,6.7,6.78,6.66,6.68
2004-03-15,6.68,6.77,6.59,6.74
2004-03-16,6.74,6.82,6.67,6.8
2004-03-17,6.76,6.85,6.69,6.76
2004-03-18,6.69,6.83,6.53,6.8
2004-03-19,6.8,6.82,6.74,6.76
2004-03-22,6.79,6.9,6.75,6.87
2004-03-23,6.94,7.04,6.91,7.01
2004-03-24,7.1,7.26,7.09,7.15
2004-03-25,7.15,7.15,6.5,6.62
2004-03-26,6.54,6.54,6.05,6.09
2004-03-29,6.13,6.23,6.06,6.08
2004-03-30,6.11,6.33,6.1,6.32
2004-03-31,6.36,6.49,6.28,6.4
2004-04-01,6.46,6.47,6.22,6.25
2004-04-02,6.15,6.38,6.05,6.36
2004-04-05,6.3,6.38,6.22,6.31
2004-04-06,6.3,6.45,6.28,6.43
2004-04-07,6.5,6.74,6.46,6.66
2004-04-08,6.74,6.8,6.72,6.78
2004-04-12,6.83,6.84,6.55,6.67
2004-04-13,6.7,6.71,6.5,6.61
2004-04-14,6.58,6.73,6.48,6.71
2004-04-15,6.78,6.8,6.57,6.6
2004-04-16,6.58,6.74,6.54,6.69
2004-04-19,6.73,6.78,6.57,6.58
2004-04-20,6.54,6.68,6.51,6.6
2004-04-21,6.54,6.6,6.45,6.58
2004-04-22,6.58,6.61,6.54,6.55
2004-04-23,6.55,6.63,6.48,6.51
2004-04-26,6.45,6.56,6.42,6.53
2004-04-27,6.55,6.65,6.54,6.64
2004-04-28,6.69,6.87,6.4,6.4
2004-04-29,6.4,6.63,6.32,6.63
2004-04-30,7.08,7.15,6.89,6.95
2004-05-03,7.02,7.04,6.79,6.89
2004-05-04,6.88,6.89,6.76,6.87
2004-05-05,6.85,6.86,6.62,6.63
2004-05-06,6.63,6.8,6.63,6.78
2004-05-07,6.8,6.8,6.58,6.59
2004-05-10,6.52,6.54,6.37,6.38
2004-05-11,6.39,6.52,6.27,6.29
2004-05-12,6.25,6.46,6.25,6.39
2004-05-13,6.29,6.39,6.28,6.31
2004-05-14,6.33,6.45,6.3,6.35
2004-05-17,6.41,6.51,6.33,6.5
2004-05-18,6.54,6.65,6.49,6.64
2004-05-19,6.66,6.67,6.51,6.53
2004-05-20,6.53,6.58,6.45,6.49
2004-05-21,6.45,6.59,6.41,6.58
2004-05-24,6.58,6.64,6.53,6.62
2004-05-25,6.6,6.75,6.58,6.75
2004-05-26,6.76,6.99,6.75,6.91
2004-05-27,6.9,7.02,6.87,6.89
2004-05-28,6.86,7.07,6.86,7.06
2004-06-01,7.1,7.25,6.99,7.22
2004-06-02,7.27,7.36,7,7.04
2004-06-03,7,7.14,6.99,7.03
2004-06-04,7.03,7.21,6.94,7.19
2004-06-07,7.21,7.25,7.04,7.19
2004-06-08,7.15,7.17,6.95,6.95
2004-06-09,6.89,6.96,6.86,6.93
2004-06-10,6.93,6.95,6.68,6.75
2004-06-14,6.7,6.74,6.57,6.66
2004-06-15,6.65,6.8,6.62,6.78
2004-06-16,6.76,7.04,6.75,7.03
2004-06-17,7.06,7.27,7.06,7.24
2004-06-18,7.32,7.34,6.7,6.82
2004-06-21,6.75,7.04,6.73,7.03
2004-06-22,6.98,7.08,6.93,7
2004-06-23,6.98,7.11,6.96,7.09
2004-06-24,7.1,7.23,7.09,7.21
2004-06-25,7.25,7.28,7.18,7.28
2004-06-28,7.3,7.32,7.1,7.13
2004-06-29,7.17,7.32,7.12,7.32
2004-06-30,7.73,7.76,7.55,7.69
2004-07-01,7.62,7.78,7.58,7.77
2004-07-02,7.77,7.99,7.71,7.96
2004-07-06,8.2,8.2,8.04,8.13
2004-07-07,8.18,8.22,8.07,8.22
2004-07-08,8.27,8.27,8.1,8.16
2004-07-09,8.15,8.3,7.97,8.27
2004-07-12,8.3,8.38,8.25,8.33
2004-07-13,8.15,8.22,8.04,8.13
2004-07-14,7.95,8.33,7.92,8.23
2004-07-15,8.3,8.38,8.17,8.24
2004-07-16,8.17,8.35,8.17,8.25
2004-07-19,8.3,8.3,8.21,8.28
2004-07-20,8.27,8.3,8.21,8.22
2004-07-21,8.16,8.19,8.08,8.11
2004-07-22,8.07,8.1,7.93,7.99
2004-07-23,7.9,8.03,7.79,8.01
2004-07-26,8,8.27,7.99,8.19
2004-07-27,8.24,8.26,8.15,8.2
2004-07-28,8.1,8.24,8.05,8.23
2004-07-29,8.23,8.29,8.17,8.28
2004-07-30,8.28,8.3,8.11,8.28
2004-08-02,8.28,8.41,8.2,8.39
2004-08-03,8.42,8.43,8.33,8.38
2004-08-04,8.28,8.28,8.08,8.15
2004-08-05,8.05,8.19,7.98,8.13
2004-08-06,8.13,8.23,8.11,8.17
2004-08-09,8.14,8.19,8.05,8.08
2004-08-10,8.03,8.06,7.86,7.93
2004-08-11,7.98,8.03,7.88,7.9
2004-08-12,7.83,7.99,7.83,7.98
2004-08-13,8.01,8.02,7.84,7.87
2004-08-16,7.75,7.77,7.6,7.62
2004-08-17,7.55,7.65,7.53,7.54
2004-08-18,7.62,7.76,7.62,7.72
2004-08-19,7.75,7.76,7.6,7.69
2004-08-20,7.68,7.73,7.63,7.73
2004-08-23,7.72,7.82,7.68,7.77
2004-08-24,7.77,7.77,7.63,7.64
2004-08-25,7.62,7.71,7.59,7.67
2004-08-26,7.7,7.7,7.6,7.6
2004-08-27,7.64,7.76,7.63,7.66
2004-08-30,7.69,7.81,7.69,7.73
2004-08-31,7.75,8,7.75,7.99
2004-09-01,8.15,8.2,8.08,8.17
2004-09-02,8.16,8.25,8.13,8.2
2004-09-03,8.2,8.21,8.1,8.13
2004-09-07,8.05,8.07,7.85,7.89
2004-09-08,7.8,7.99,7.72,7.92
2004-09-09,7.95,7.95,7.73,7.75
2004-09-10,7.68,7.83,7.63,7.81
2004-09-13,7.81,7.83,7.62,7.66
2004-09-14,7.58,7.82,7.56,7.71
2004-09-15,7.64,7.77,7.62,7.75
2004-09-16,7.6,7.7,7.6,7.66
2004-09-17,7.68,7.72,7.58,7.59
2004-09-20,7.56,7.57,7.37,7.38
2004-09-21,7.34,7.6,7.33,7.59
2004-09-22,7.61,7.76,7.61,7.76
2004-09-23,7.79,7.88,7.76,7.88
2004-09-24,7.9,7.97,7.77,7.79
2004-09-27,7.87,8.25,7.86,8.25
2004-09-28,8.32,8.38,8.22,8.28
2004-09-29,8.28,8.48,8.28,8.39
2004-09-30,9,9.09,8.91,9.06
2004-10-01,9.1,9.1,8.87,8.9
2004-10-04,8.85,8.98,8.83,8.93
2004-10-05,8.93,9.07,8.92,9.05
2004-10-06,9.02,9.06,8.92,8.95
2004-10-07,8.87,9.07,8.86,8.9
2004-10-08,8.92,9.1,8.92,9.02
2004-10-11,9.11,9.3,8.98,9.27
2004-10-12,9.35,9.37,9.25,9.32
2004-10-13,9.1,9.23,9.03,9.12
2004-10-14,9.12,9.26,9.08,9.25
2004-10-15,9.23,9.26,9.14,9.15
2004-10-18,9.02,9.09,8.93,8.95
2004-10-19,8.95,9.05,8.85,8.93
2004-10-20,9,9.07,8.98,9.04
2004-10-21,9.01,9.04,8.88,9.03
2004-10-22,9.05,9.05,8.92,8.93
2004-10-25,8.93,8.98,8.69,8.73
2004-10-26,8.71,8.88,8.7,8.85
2004-10-27,8.82,8.85,8.75,8.76
2004-10-28,8.75,8.78,8.55,8.56
2004-10-29,8.55,8.69,8.55,8.6
2004-11-01,8.62,8.63,8.4,8.46
2004-11-02,8.45,8.57,8.45,8.5
2004-11-03,8.51,8.53,8.35,8.35
2004-11-04,8.42,8.46,8.38,8.43
2004-11-05,8.46,8.49,8.41,8.48
2004-11-08,8.58,8.61,8.52,8.6
2004-11-09,8.57,8.58,8.5,8.51
2004-11-10,8.49,8.63,8.44,8.6
2004-11-11,8.55,8.66,8.53,8.65
2004-11-12,8.6,8.63,8.51,8.52
2004-11-15,8.53,8.71,8.51,8.69
2004-11-16,8.72,8.89,8.71,8.87
2004-11-17,8.89,8.93,8.66,8.69
2004-11-18,8.75,8.79,8.67,8.78
2004-11-19,8.85,8.85,8.74,8.75
2004-11-22,8.75,8.88,8.7,8.88
2004-11-23,8.88,8.89,8.82,8.86
2004-11-24,8.85,8.98,8.81,8.97
2004-11-29,8.98,8.98,8.86,8.89
2004-11-30,8.9,8.92,8.8,8.84
2004-12-01,8.8,8.92,8.78,8.9
2004-12-02,8.9,8.96,8.81,8.82
2004-12-03,8.83,8.86,8.8,8.8
2004-12-06,8.85,8.88,8.81,8.86
2004-12-07,8.87,8.89,8.69,8.7
2004-12-08,8.71,8.81,8.63,8.74
2004-12-09,8.76,8.79,8.65,8.66
2004-12-10,8.64,8.7,8.51,8.69
2004-12-13,8.71,8.76,8.62,8.71
2004-12-14,8.69,8.69,8.55,8.59
2004-12-15,8.6,8.6,8.45,8.55
2004-12-16,8.5,8.53,8.44,8.48
2004-12-17,8.48,8.65,8.48,8.64
2004-12-20,8.58,8.95,8.57,8.88
2004-12-21,8.9,8.9,8.81,8.85
2004-12-22,8.85,8.88,8.75,8.86
2004-12-23,8.9,8.93,8.82,8.86
2004-12-27,8.92,9,8.91,8.99
2004-12-28,9,9.03,8.96,9.02
2004-12-29,9.02,9.07,8.96,9.06
2004-12-30,9.05,9.08,8.99,9.04
2005-01-03,9.08,9.2,9.07,9.17
2005-01-04,9.19,9.23,9.02,9.03
2005-01-05,8.92,8.98,8.86,8.98
2005-01-06,8.98,9,8.88,8.99
2005-01-07,8.99,9.01,8.69,8.71
2005-01-10,8.7,8.73,8.51,8.52
2005-01-11,8.58,8.65,8.52,8.55
2005-01-12,8.6,8.7,8.58,8.62
2005-01-13,8.68,8.81,8.68,8.72
2005-01-14,8.77,8.84,8.75,8.83
2005-01-18,8.83,8.86,8.76,8.84
2005-01-19,8.85,8.88,8.81,8.87
2005-01-20,8.86,8.97,8.84,8.96
2005-01-21,8.97,8.99,8.82,8.88
2005-01-24,8.92,8.93,8.85,8.9
2005-01-25,8.9,8.99,8.87,8.98
2005-01-26,9,9.33,9,9.3
2005-01-27,9.3,9.3,9.12,9.22
2005-01-28,9.15,9.18,9.02,9.15
2005-01-31,9.2,9.24,9.13,9.22
2005-02-01,9,9.05,8.91,8.95
2005-02-02,8.92,8.92,8.8,8.81
2005-02-03,8.8,8.98,8.71,8.94
2005-02-04,8.95,9.09,8.94,9.08
2005-02-07,8.9,8.99,8.85,8.93
2005-02-08,8.9,9.07,8.87,9.01
2005-02-09,9.02,9.12,9,9.04
2005-02-10,9.08,9.16,9.01,9.15
2005-02-11,9.15,9.18,9.05,9.13
2005-02-14,9.07,9.1,8.98,9.03
2005-02-15,9.02,9.1,8.98,9.1
2005-02-16,9.07,9.08,8.83,8.88
2005-02-17,8.88,8.98,8.84,8.93
2005-02-18,8.95,8.95,8.85,8.85
2005-02-22,8.81,9,8.71,8.99
2005-02-23,8.97,9.03,8.77,8.91
2005-02-24,8.82,8.84,8.74,8.75
2005-02-25,8.72,8.76,8.52,8.64
2005-02-28,9.02,9.23,8.99,9.17
2005-03-01,9.25,9.25,9.05,9.06
2005-03-02,9,9.09,8.97,9.04
2005-03-03,9,9.03,8.93,8.98
2005-03-04,8.94,9.04,8.82,8.87
2005-03-07,8.88,8.93,8.76,8.78
2005-03-08,8.84,8.98,8.84,8.96
2005-03-09,8.96,9.05,8.93,9
2005-03-10,9.01,9.05,8.94,8.97
2005-03-11,9.01,9.19,9.01,9.17
2005-03-14,9.17,9.29,9.14,9.23
2005-03-15,9.2,9.23,9.12,9.14
2005-03-16,9.11,9.2,9.11,9.15
2005-03-17,9.17,9.22,9.1,9.12
2005-03-18,9.06,9.1,9,9.03
2005-03-21,8.93,8.93,8.75,8.76
2005-03-22,8.76,8.85,8.68,8.75
2005-03-23,8.65,8.73,8.62,8.63
2005-03-24,8.64,8.76,8.64,8.67
2005-03-28,8.63,8.73,8.6,8.61
2005-03-29,8.68,8.68,8.52,8.52
2005-03-30,8.5,8.59,8.49,8.55
2005-03-31,8.65,8.72,8.65,8.7
2005-04-01,8.75,8.78,8.51,8.52
2005-04-04,8.55,8.57,8.4,8.41
2005-04-05,8.4,8.59,8.39,8.55
2005-04-06,8.59,8.64,8.49,8.57
2005-04-07,8.57,8.67,8.54,8.66
2005-04-08,8.71,8.72,8.47,8.48
2005-04-11,8.55,8.56,8.33,8.35
2005-04-12,8.35,8.49,8.29,8.45
2005-04-13,8.48,8.48,8.34,8.34
2005-04-14,8.35,8.37,8.15,8.15
2005-04-15,8.15,8.16,8.02,8.08
2005-04-18,8.1,8.21,8.05,8.18
2005-04-19,8.25,8.35,8.25,8.33
2005-04-20,8.32,8.4,8.31,8.4
2005-04-21,8.43,8.47,8.41,8.46
2005-04-22,8.44,8.45,8.27,8.35
2005-04-25,8.32,8.38,8.28,8.37
2005-04-26,8.35,8.52,8.35,8.5
2005-04-27,8.53,8.65,8.52,8.58
2005-04-28,8.58,8.58,8.42,8.45
2005-04-29,8.57,8.67,8.52,8.66
2005-05-02,8.66,8.7,8.62,8.68
2005-05-03,8.67,8.68,8.54,8.56
2005-05-04,8.54,8.57,8.45,8.49
2005-05-05,8.42,8.43,8.22,8.23
2005-05-06,8.23,8.43,8.21,8.42
2005-05-09,8.47,8.48,8.32,8.36
2005-05-10,8.36,8.47,8.33,8.39
2005-05-11,8.39,8.49,8.35,8.49
2005-05-12,8.49,8.5,8.25,8.26
2005-05-13,8.29,8.37,8.22,8.35
2005-05-16,8.35,8.42,8.28,8.35
2005-05-17,8.3,8.35,8.25,8.3
2005-05-18,8.35,8.52,8.33,8.4
2005-05-19,8.46,8.54,8.35,8.53
2005-05-20,8.55,8.62,8.5,8.59
2005-05-23,8.62,8.69,8.61,8.68
2005-05-24,8.65,8.66,8.57,8.62
2005-05-25,8.59,8.74,8.57,8.73
2005-05-26,8.7,8.81,8.7,8.8
2005-05-27,8.78,8.8,8.7,8.75
2005-05-31,8.75,8.79,8.71,8.76
2005-06-01,8.7,8.7,8.62,8.68
2005-06-02,8.64,8.68,8.59,8.67
2005-06-03,8.72,8.92,8.7,8.88
2005-06-06,8.92,8.96,8.81,8.83
2005-06-07,8.8,8.87,8.79,8.8
2005-06-08,8.77,8.84,8.72,8.78
2005-06-09,8.8,8.93,8.79,8.91
2005-06-10,8.9,8.94,8.79,8.9
2005-06-13,8.9,8.92,8.82,8.87
2005-06-14,8.86,8.87,8.75,8.84
2005-06-15,8.86,8.86,8.67,8.68
2005-06-16,8.71,8.86,8.71,8.86
2005-06-17,8.87,8.92,8.85,8.91
2005-06-20,8.91,9,8.9,8.98
2005-06-21,8.98,9,8.9,8.92
2005-06-22,9,9.05,8.92,8.95
2005-06-23,8.98,9.05,8.97,9.04
2005-06-24,9.06,9.1,8.96,8.97
2005-06-27,9.06,9.19,9.05,9.19
2005-06-28,9.2,9.24,9.1,9.11
2005-06-29,9.06,9.22,9.04,9.19
2005-06-30,9.38,9.46,9.3,9.33
2005-07-01,9.3,9.3,9.1,9.16
2005-07-05,9.29,9.43,9.25,9.39
2005-07-06,9.37,9.47,9.33,9.35
2005-07-07,9.28,9.39,9.27,9.37
2005-07-08,9.45,9.55,9.45,9.54
2005-07-11,9.6,9.6,9.42,9.48
2005-07-12,9.45,9.54,9.43,9.5
2005-07-13,9.58,9.59,9.52,9.58
2005-07-14,9.58,9.6,9.49,9.59
2005-07-15,9.53,9.57,9.49,9.55
2005-07-18,9.6,9.62,9.49,9.59
2005-07-19,9.45,9.55,9.39,9.52
2005-07-20,9.55,9.55,9.37,9.41
2005-07-21,9.43,9.75,9.35,9.66
2005-07-22,9.65,9.73,9.62,9.7
2005-07-25,9.76,9.91,9.76,9.9
2005-07-26,9.95,9.99,9.93,9.96
2005-07-27,9.95,9.96,9.85,9.95
2005-07-28,9.88,9.95,9.83,9.92
2005-07-29,9.84,9.89,9.81,9.83
2005-08-01,9.81,9.96,9.75,9.96
2005-08-02,9.93,10.1,9.86,10.09
2005-08-03,10.14,10.24,10.11,10.2
2005-08-04,10.05,10.35,10.04,10.22
2005-08-05,10.12,10.25,10.07,10.08
2005-08-08,10.04,10.19,10.04,10.1
2005-08-09,10.15,10.15,9.8,9.92
2005-08-10,9.9,9.9,9.81,9.83
2005-08-11,9.83,9.92,9.77,9.85
2005-08-12,9.88,9.9,9.82,9.87
2005-08-15,9.92,9.92,9.73,9.74
2005-08-16,9.74,9.74,9.6,9.62
2005-08-17,9.67,9.8,9.65,9.78
2005-08-18,9.8,9.81,9.66,9.67
2005-08-19,9.66,9.8,9.65,9.68
2005-08-22,9.7,9.71,9.5,9.6
2005-08-23,9.64,9.65,9.54,9.58
2005-08-24,9.65,9.87,9.65,9.83
2005-08-25,9.89,9.89,9.61,9.73
2005-08-26,9.75,9.79,9.67,9.76
2005-08-29,9.81,9.94,9.79,9.83
2005-08-30,9.95,10.14,9.9,10.12
2005-08-31,10.13,10.15,10.02,10.07
2005-09-01,10.02,10.26,10.01,10.1
2005-09-02,10.09,10.13,10.02,10.11
2005-09-06,10.19,10.25,10.04,10.2
2005-09-07,10.15,10.18,10.05,10.13
2005-09-08,10.1,10.3,10.09,10.18
2005-09-09,10.25,10.34,10.15,10.27
2005-09-12,10.32,10.45,10.2,10.4
2005-09-13,10.35,10.39,10.26,10.31
2005-09-14,10.25,10.35,10.18,10.3
2005-09-15,10.25,10.38,10.18,10.33
2005-09-16,10.32,10.55,10.3,10.43
2005-09-19,10.46,10.53,10.37,10.51
2005-09-20,10.42,10.57,10.41,10.49
2005-09-21,10.45,10.46,10.15,10.25
2005-09-22,10.36,10.48,10.32,10.47
2005-09-23,10.5,10.64,10.4,10.43
2005-09-26,10.35,10.45,10.3,10.4
2005-09-27,10.4,10.95,10.39,10.92
2005-09-28,10.87,11.2,10.82,11.13
2005-09-29,11.18,11.2,10.86,10.89
2005-09-30,11.13,11.33,11.13,11.23
2005-10-03,11.21,11.64,11.19,11.53
2005-10-04,11.6,11.91,11.12,11.43
2005-10-05,11.36,11.6,11.32,11.44
2005-10-06,11.45,11.46,11.2,11.26
2005-10-07,11.3,11.4,11.23,11.37
2005-10-10,11.4,11.66,11.4,11.66
2005-10-11,11.7,11.87,11.65,11.84
2005-10-12,11.74,11.81,11.66,11.73
2005-10-13,11.66,11.74,11.51,11.69
2005-10-14,11.6,11.73,11.5,11.66
2005-10-17,11.63,11.67,11.45,11.46
2005-10-18,11.48,11.7,11.48,11.69
2005-10-19,11.63,11.85,11.62,11.73
2005-10-20,11.75,11.75,11.58,11.63
2005-10-21,11.65,11.81,11.65,11.8
2005-10-24,11.79,11.86,11.6,11.63
2005-10-25,11.65,11.85,11.62,11.82
2005-10-26,11.78,11.86,11.72,11.78
2005-10-27,11.73,11.8,11.61,11.78
2005-10-28,11.78,11.81,11.59,11.61
2005-10-31,11.52,11.53,11.31,11.33
2005-11-01,11.35,11.37,11.16,11.25
2005-11-02,11.35,11.51,11.34,11.47
2005-11-03,11.51,11.55,11.42,11.54
2005-11-04,11.57,11.58,11.47,11.56
2005-11-07,11.45,11.52,11.36,11.37
2005-11-08,11.3,11.36,11.25,11.28
2005-11-09,11.27,11.35,11.18,11.2
2005-11-10,11.2,11.5,11.13,11.47
2005-11-11,11.44,11.49,11.38,11.48
2005-11-14,11.52,11.79,11.5,11.75
2005-11-15,11.8,12.05,11.79,12.04
2005-11-16,12,12.19,11.94,12.12
2005-11-17,12.12,12.22,12.02,12.05
2005-11-18,12.12,12.12,11.93,11.98
2005-11-21,12.02,12.1,11.99,12.07
2005-11-22,12.1,12.16,12.04,12.05
2005-11-23,12.05,12.17,12.02,12.15
2005-11-28,12.32,12.49,12.28,12.45
2005-11-29,12.43,12.54,12.42,12.45
2005-11-30,12.35,12.53,12.3,12.43
2005-12-01,12.5,12.96,12.5,12.92
2005-12-02,12.98,13.05,12.77,12.86
2005-12-05,12.98,13.29,12.97,13.26
2005-12-06,13.21,13.26,13.06,13.09
2005-12-07,13.22,13.49,13.21,13.39
2005-12-08,13.32,13.63,13.26,13.61
2005-12-09,13.58,13.71,13.49,13.51
2005-12-12,13.72,14.06,13.72,13.96
2005-12-13,13.68,13.9,13.63,13.81
2005-12-14,13.82,13.95,13.5,13.59
2005-12-15,13.55,13.88,13.43,13.87
2005-12-16,13.81,14.31,13.78,14.2
2005-12-19,14.25,14.43,14.25,14.33
2005-12-20,14.41,14.42,14.15,14.21
2005-12-21,14.23,14.23,14.09,14.1
2005-12-22,14.07,14.53,14.06,14.5
2005-12-23,14.85,14.89,14.62,14.63
2005-12-27,14.65,14.66,14.46,14.55
2005-12-28,14.61,14.63,14.36,14.61
2005-12-29,14.7,14.8,14.66,14.79
2005-12-30,14.88,14.89,14.6,14.68
2006-01-03,14.65,14.67,14,14.18
2006-01-04,14.35,14.9,14.35,14.87
2006-01-05,14.95,15.17,14.7,14.85
2006-01-06,14.9,15.1,14.82,14.88
2006-01-09,14.8,14.89,14.55,14.6
2006-01-10,14.75,14.75,14.58,14.66
2006-01-11,14.85,14.91,14.7,14.71
2006-01-12,14.77,14.84,14.69,14.72
2006-01-13,15,15.3,14.9,15.27
2006-01-17,15.6,15.6,15.35,15.57
2006-01-18,15.65,15.76,15.52,15.7
2006-01-19,15.6,16.22,15.54,16.12
2006-01-20,16.3,17.21,16.26,17.15
2006-01-23,18.3,18.75,17.3,17.35
2006-01-24,17,18.08,16.82,17.89
2006-01-25,17.95,18.05,17.6,17.91
2006-01-26,18.08,18.5,17.95,18.48
2006-01-27,18.5,18.82,18.41,18.61
2006-01-30,18.6,18.6,18.11,18.2
2006-01-31,18.15,18.58,17.96,18.02
2006-02-01,17.85,18.36,17.65,18.29
2006-02-02,18.65,19.2,18.55,19.15
2006-02-03,19.35,19.73,19.25,19.3
2006-02-06,19.05,19.5,18.6,18.8
2006-02-07,18.59,18.6,17.9,18.17
2006-02-08,18.1,18.85,17.9,18.8
2006-02-09,19.2,19.25,18.1,18.14
2006-02-10,17.9,18,17.45,17.66
2006-02-13,17.95,18,17.1,17.75
2006-02-14,17.6,17.9,17.35,17.72
2006-02-15,17.55,18.02,17.55,17.92
2006-02-16,17.85,17.88,16.8,17.46
2006-02-17,17.45,17.6,16.95,17.33
2006-02-21,17.5,17.8,17.3,17.68
2006-02-22,18,18.3,17.9,18.26
2006-02-23,18.45,18.55,17.4,17.5
2006-02-24,17.8,17.8,17.4,17.62
2006-02-27,17.59,17.61,16.4,16.55
2006-02-28,16.45,17.17,16.22,17.12
2006-03-01,17.05,17.1,16.53,16.79
2006-03-02,16.5,16.93,16.46,16.88
2006-03-03,17,17.25,16.76,17.23
2006-03-06,17.18,17.84,17.13,17.77
2006-03-07,17.55,17.6,17.02,17.18
2006-03-08,16.9,17,16.56,16.62
2006-03-09,16.6,16.75,16.19,16.28
2006-03-10,16.32,16.7,16.3,16.68
2006-03-13,16.56,16.94,16.43,16.85
2006-03-14,16.8,16.85,16.37,16.4
2006-03-15,16.55,16.75,16.3,16.7
2006-03-16,16.7,16.85,16.56,16.62
2006-03-17,16.54,16.62,16.41,16.44
2006-03-20,16.45,16.77,16.41,16.62
2006-03-21,16.77,17.1,16.62,17.02
2006-03-22,17.15,17.17,16.7,16.81
2006-03-23,16.83,16.92,16.52,16.85
2006-03-24,16.9,17.25,16.76,17.13
2006-03-27,17.2,17.5,17.17,17.48
2006-03-28,17.7,18.45,17.65,18.17
2006-03-29,18,18.33,17.97,18.2
2006-03-30,18.14,18.48,18.08,18.27
2006-03-31,18.17,18.4,17.7,17.9
2006-04-03,18.15,18.39,18.15,18.33
2006-04-04,18.18,18.27,17.9,17.96
2006-04-05,18,18,17.64,17.84
2006-04-06,18.1,18.12,17.65,17.77
2006-04-07,17.77,17.77,16.9,17.12
2006-04-10,17.33,17.33,16.8,17.01
2006-04-11,17.1,17.26,16.98,17
2006-04-12,17.1,17.1,16.66,16.76
2006-04-13,16.65,16.65,16.2,16.49
2006-04-17,16.6,16.89,16.6,16.88
2006-04-18,17.05,17.55,17.05,17.52
2006-04-19,17.4,17.65,17.3,17.43
2006-04-20,17.43,17.62,16.96,17.15
2006-04-21,17.15,17.25,16.83,17.21
2006-04-24,17.25,17.32,16.93,17.05
2006-04-25,17.1,17.2,16.7,16.84
2006-04-26,16.9,16.95,16.66,16.82
2006-04-27,16.65,16.95,16.35,16.72
2006-04-28,17.18,17.48,17.01,17.43
2006-05-01,17.6,17.75,17.53,17.73
2006-05-02,17.79,17.93,17.61,17.91
2006-05-03,17.93,18,17.67,17.69
2006-05-04,17.51,17.51,17.02,17.05
2006-05-05,17.19,17.49,17.11,17.48
2006-05-08,17.3,17.35,17.17,17.25
2006-05-09,17.37,17.49,16.96,17.47
2006-05-10,17.57,17.57,17.26,17.38
2006-05-11,17.65,17.85,17.38,17.65
2006-05-12,17.7,17.75,17.5,17.6
2006-05-15,17.2,17.4,17.07,17.17
2006-05-16,17.05,17.1,16.86,17.03
2006-05-17,17.2,17.22,16.9,16.93
2006-05-18,16.7,16.77,16.3,16.34
2006-05-19,16.34,16.45,15.89,16.42
2006-05-22,16.25,16.4,16.02,16.39
2006-05-23,16.52,16.67,16.47,16.62
2006-05-24,16.22,16.3,16.07,16.21
2006-05-25,16.2,16.32,16.17,16.24
2006-05-26,16.1,16.17,15.84,15.88
2006-05-30,15.93,15.99,15.69,15.91
2006-05-31,15.9,15.95,15.42,15.46
2006-06-01,15.25,15.32,14.98,15.14
2006-06-02,15.2,15.36,15.19,15.21
2006-06-05,15.4,15.56,15.38,15.39
2006-06-06,15.19,15.22,15.03,15.09
2006-06-07,15,15.24,14.86,15.22
2006-06-08,15.05,15.16,14.96,15.03
2006-06-09,15.13,15.15,15.05,15.05
2006-06-12,15.1,15.13,14.86,14.91
2006-06-13,14.7,14.84,14.57,14.72
2006-06-14,14.7,14.83,14.67,14.71
2006-06-15,14.88,15.07,14.86,15
2006-06-16,15.04,15.07,14.92,15.01
2006-06-19,14.95,15.02,14.85,14.85
2006-06-20,14.9,15.22,14.85,15.21
2006-06-21,15.45,15.78,15.38,15.74
2006-06-22,15.9,15.95,15.68,15.75
2006-06-23,15.6,15.71,15.42,15.45
2006-06-26,15.4,15.76,15.33,15.76
2006-06-27,15.75,15.88,15.6,15.64
2006-06-28,15.6,15.73,15.56,15.67
2006-06-29,15.73,15.79,15.5,15.63
2006-06-30,16.32,16.41,16.21,16.34
2006-07-03,16.41,16.72,16.41,16.62
2006-07-05,16.85,17.04,16.84,17.02
2006-07-06,17.22,17.25,17.09,17.16
2006-07-07,17,17.08,16.85,16.87
2006-07-10,16.73,16.78,16.43,16.46
2006-07-11,16.38,16.7,16.38,16.57
2006-07-12,16.59,16.72,16.25,16.27
2006-07-13,16.38,16.51,16.33,16.42
2006-07-14,16.5,16.57,15.92,15.97
2006-07-17,15.82,15.95,15.66,15.7
2006-07-18,15.62,15.88,15.59,15.67
2006-07-19,15.45,15.58,15.32,15.36
2006-07-20,15.47,15.51,15.27,15.31
2006-07-21,15.23,15.38,15.21,15.36
2006-07-24,15.33,15.74,15.3,15.58
2006-07-25,15.47,15.57,15.27,15.31
2006-07-26,15.28,15.41,15.01,15.05
2006-07-27,14.91,15.1,14.72,14.77
2006-07-28,14.83,14.95,14.75,14.76
2006-07-31,14.75,14.95,14.74,14.91
2006-08-01,14.95,14.98,14.85,14.9
2006-08-02,14.93,15,14.51,14.53
2006-08-03,14.37,14.42,14.1,14.28
2006-08-04,14.35,14.46,14.28,14.41
2006-08-07,14.48,14.52,14.2,14.27
2006-08-08,14.02,14.06,13.92,13.99
2006-08-09,14,14.19,13.88,14.04
2006-08-10,13.98,14.11,13.88,13.89
2006-08-11,13.65,13.68,13.32,13.36
2006-08-14,12.95,13.05,12.47,12.5
2006-08-15,12.58,12.83,12.58,12.79
2006-08-16,12.8,12.93,12.6,12.65
2006-08-17,12.1,12.42,11.96,12.2
2006-08-18,12.35,12.4,12.12,12.18
2006-08-21,12.18,12.3,12.09,12.14
2006-08-22,11.99,12.15,11.99,12.06
2006-08-23,12.1,12.57,12.1,12.41
2006-08-24,12.52,12.68,12.26,12.3
2006-08-25,12.22,12.51,12.22,12.3
2006-08-28,12.25,12.35,12.12,12.13
2006-08-29,11.97,12,11.63,11.88
2006-08-30,11.8,11.83,11.42,11.52
2006-08-31,11.6,11.9,11.41,11.8
2006-09-01,11.75,11.84,11.26,11.39
2006-09-05,11.28,11.59,11.28,11.49
2006-09-06,11.43,11.98,11.43,11.64
2006-09-07,11.58,11.85,11.47,11.62
2006-09-08,11.79,12.05,11.7,11.89
2006-09-11,11.7,11.78,11.4,11.41
2006-09-12,11.47,11.67,11.47,11.55
2006-09-13,11.85,12.4,11.85,12.37
2006-09-14,12.15,12.5,12.13,12.16
2006-09-15,12.1,12.47,12.07,12.44
2006-09-18,12.25,12.49,12.25,12.36
2006-09-19,12.31,12.45,12.29,12.3
2006-09-20,12.32,12.37,11.9,12.12
2006-09-21,12.17,12.21,11.5,11.56
2006-09-22,11.41,11.55,10.4,10.46
2006-09-25,10.15,10.25,9.7,9.75
2006-09-26,9.95,10.19,9.92,10.19
2006-09-27,10.45,10.81,10.1,10.15
2006-09-28,10.11,10.55,10.01,10.55
2006-09-29,11.43,11.9,11.42,11.75
2006-10-02,11.6,11.79,11.3,11.32
2006-10-03,11.08,11.15,10.88,10.89
2006-10-04,10.85,11.2,10.66,11.16
2006-10-05,11.08,11.29,11.02,11.14
2006-10-06,11.03,11.15,10.96,11.07
2006-10-09,11.4,11.6,11.21,11.48
2006-10-10,11.63,11.87,11.55,11.61
2006-10-11,11.27,11.35,11.07,11.09
2006-10-12,11,11.33,11,11.13
2006-10-13,11.15,11.27,11.12,11.13
2006-10-16,11.2,11.74,11.2,11.71
2006-10-17,11.95,12.65,11.95,12.58
2006-10-18,12.11,12.2,11.56,11.59
2006-10-19,11.6,12.05,11.47,11.59
2006-10-20,11.46,11.76,11.46,11.71
2006-10-23,11.58,11.85,11.44,11.8
2006-10-24,11.95,12.05,11.58,11.69
2006-10-25,11.73,11.93,11.66,11.9
2006-10-26,11.9,12.08,11.8,11.82
2006-10-27,11.77,11.99,11.73,11.79
2006-10-30,11.7,11.82,11.43,11.45
2006-10-31,11.38,11.6,11.3,11.55
2006-11-01,11.43,11.7,11.43,11.5
2006-11-02,11.45,11.61,11.42,11.53
2006-11-03,11.53,11.58,11.3,11.31
2006-11-06,11.35,11.77,11.35,11.75
2006-11-07,11.58,11.74,11.55,11.58
2006-11-08,11.53,11.99,11.53,11.96
2006-11-09,11.92,12.2,11.86,12.18
2006-11-10,12.12,12.33,11.8,11.85
2006-11-13,11.83,11.98,11.65,11.67
2006-11-14,11.61,11.76,11.6,11.67
2006-11-15,11.75,11.85,11.61,11.79
2006-11-16,11.58,11.71,11.52,11.53
2006-11-17,11.3,11.47,11.24,11.35
2006-11-20,11.52,11.68,11.46,11.49
2006-11-21,11.4,11.52,11.38,11.48
2006-11-22,11.53,11.57,11.42,11.47
2006-11-27,11.8,12,11.62,11.81
2006-11-28,11.8,12,11.8,11.99
2006-11-29,11.95,12.39,11.95,12.36
2006-11-30,12.4,12.57,12.35,12.37
2006-12-01,12.42,12.45,12.15,12.26
2006-12-04,12.15,12.25,11.73,11.76
2006-12-05,11.8,11.87,11.67,11.76
2006-12-06,11.65,11.68,11.47,11.49
2006-12-07,11.46,11.54,11.15,11.22
2006-12-08,11.27,11.52,11.27,11.37
2006-12-11,11.3,11.47,11.21,11.42
2006-12-12,11.45,11.62,11.35,11.37
2006-12-13,11.24,11.43,11.24,11.32
2006-12-14,11.26,11.46,11.26,11.32
2006-12-15,11.32,11.59,11.32,11.5
2006-12-18,11.65,12.05,11.64,12.03
2006-12-19,11.93,12.05,11.88,12.04
2006-12-20,11.95,12.02,11.92,11.99
2006-12-21,12,12.03,11.83,11.9
2006-12-22,11.94,11.99,11.88,11.92
2006-12-26,11.87,12,11.83,11.86
2006-12-27,11.86,11.89,11.77,11.79
2006-12-28,11.8,11.97,11.8,11.86
2006-12-29,11.88,11.99,11.72,11.75
2007-01-03,11.6,11.66,11.4,11.51
2007-01-04,11.39,11.49,11.26,11.27
2007-01-05,11.25,11.41,11,11.09
2007-01-08,11.2,11.32,11.09,11.16
2007-01-09,10.98,11.15,10.83,11.1
2007-01-10,10.97,11.14,10.9,11.12
2007-01-11,10.98,11.18,10.95,11.02
2007-01-12,10.82,10.98,10.82,10.93
2007-01-16,10.98,11.05,10.69,10.91
2007-01-17,10.85,10.95,10.65,10.76
2007-01-18,10.76,10.88,10.62,10.71
2007-01-19,10.76,10.87,10.73,10.86
2007-01-22,10.91,11,10.82,10.93
2007-01-23,10.91,10.95,10.76,10.79
2007-01-24,10.8,10.97,10.75,10.76
2007-01-25,10.77,10.86,10.66,10.69
2007-01-26,10.66,10.74,10.53,10.72
2007-01-29,10.6,10.71,10.56,10.59
2007-01-30,10.55,10.57,10.35,10.55
2007-01-31,10.53,10.63,10.51,10.6
2007-02-01,10.6,10.67,10.44,10.63
2007-02-02,10.65,10.68,10.48,10.5
2007-02-05,10.52,10.58,10.43,10.48
2007-02-06,10.48,10.5,10.17,10.19
2007-02-07,10.21,10.27,9.99,10.12
2007-02-08,10.12,10.32,10.05,10.28
2007-02-09,10.3,10.53,10.18,10.49
2007-02-12,10.5,10.75,10.35,10.39
2007-02-13,10.39,10.43,10.29,10.38
2007-02-14,10.4,10.65,10.4,10.56
2007-02-15,10.56,11.19,10.56,11.11
2007-02-16,11.22,11.32,11.05,11.13
2007-02-20,11.13,11.2,10.74,10.79
2007-02-21,10.8,10.85,10.65,10.71
2007-02-22,10.79,11.12,10.79,11.1
2007-02-23,11.1,11.27,10.95,10.97
2007-02-26,11,11.1,10.91,11.02
2007-02-27,11.03,11.49,11.01,11.45
2007-02-28,10.77,10.78,10.5,10.56
2007-03-01,10.58,11.01,10.52,10.97
2007-03-02,11,11.49,10.97,11.22
2007-03-05,11.22,11.23,10.65,10.66
2007-03-06,10.75,10.86,10.68,10.76
2007-03-07,10.72,10.91,10.65,10.68
2007-03-08,10.71,10.8,10.56,10.59
2007-03-09,10.6,10.69,10.48,10.52
2007-03-12,10.51,10.56,10.34,10.36
2007-03-13,10.35,10.6,10.35,10.39
2007-03-14,10.39,10.46,10.29,10.41
2007-03-15,10.34,10.5,10.18,10.23
2007-03-16,10.24,10.29,10.07,10.26
2007-03-19,10.27,10.33,10.11,10.22
2007-03-20,10.22,10.32,10.17,10.23
2007-03-21,10.25,10.29,10.18,10.19
2007-03-22,10.24,10.3,10.15,10.22
2007-03-23,10.22,10.29,10.16,10.2
2007-03-26,10.2,10.2,9.98,10
2007-03-27,9.99,10.18,9.95,10.11
2007-03-28,10.15,10.25,10.06,10.12
2007-03-29,10.12,10.14,9.82,9.85
2007-03-30,9.85,9.9,9.79,9.88
2007-04-02,9.82,9.9,9.68,9.7
2007-04-03,9.71,9.84,9.68,9.72
2007-04-04,9.72,9.75,9.66,9.71
2007-04-05,9.75,9.81,9.67,9.8
2007-04-09,9.8,9.99,9.8,9.98
2007-04-10,9.92,10.02,9.72,9.75
2007-04-11,9.76,9.96,9.75,9.91
2007-04-12,9.88,9.99,9.85,9.88
2007-04-13,9.87,10,9.85,9.9
2007-04-16,9.91,10.06,9.66,9.7
2007-04-17,9.83,9.9,9.59,9.65
2007-04-18,9.7,9.72,9.37,9.42
2007-04-19,9.43,9.64,9.4,9.55
2007-04-20,9.55,9.7,9.52,9.52
2007-04-23,9.53,9.56,9.29,9.33
2007-04-24,9.35,9.45,9.27,9.32
2007-04-25,9.32,9.55,9.32,9.52
2007-04-26,9.52,9.8,9.45,9.61
2007-04-27,9.64,9.65,9.21,9.35
2007-04-30,9.2,9.3,9.05,9.1
2007-05-01,9.1,9.21,8.87,9.14
2007-05-02,9.18,9.22,9.06,9.14
2007-05-03,9.19,9.29,9.14,9.29
2007-05-04,9.29,9.43,9.25,9.34
2007-05-07,9.34,9.37,9.11,9.32
2007-05-08,9.36,9.37,9.17,9.22
2007-05-09,9.27,9.33,9.19,9.31
2007-05-10,9.33,9.38,9.15,9.26
2007-05-11,9.26,9.3,9.18,9.29
2007-05-14,9.27,9.3,9.04,9.11
2007-05-15,9.11,9.13,8.62,8.65
2007-05-16,8.64,8.78,8.63,8.68
2007-05-17,8.68,8.78,8.65,8.68
2007-05-18,8.68,8.75,8.63,8.63
2007-05-21,8.63,8.94,8.62,8.87
2007-05-22,8.81,8.87,8.75,8.76
2007-05-23,8.76,8.86,8.74,8.77
2007-05-24,8.74,8.99,8.74,8.93
2007-05-25,8.96,9.45,8.95,9.42
2007-05-29,9.4,9.57,9.25,9.38
2007-05-30,9.32,9.48,9.25,9.37
2007-05-31,9.42,9.47,9.25,9.34
2007-06-01,9.25,9.32,9.08,9.24
2007-06-04,9.23,9.29,8.86,8.92
2007-06-05,8.9,8.96,8.5,8.56
2007-06-06,8.58,8.72,8.54,8.69
2007-06-07,8.69,8.72,8.56,8.58
2007-06-08,8.57,8.76,8.55,8.61
2007-06-11,8.63,8.8,8.45,8.76
2007-06-12,8.76,8.78,8.52,8.56
2007-06-13,8.53,8.56,8.36,8.45
2007-06-14,8.46,8.69,8.36,8.47
2007-06-15,8.47,8.6,8.45,8.56
2007-06-18,8.47,9.09,8.47,9.02
2007-06-19,8.8,9.05,8.64,9
2007-06-20,9.05,9.23,8.79,8.93
2007-06-21,8.9,9.23,8.88,9.13
2007-06-22,9.13,9.3,9.05,9.16
2007-06-25,9.12,9.13,8.86,8.93
2007-06-26,8.91,9.25,8.85,9.15
2007-06-27,9.09,9.17,8.97,9.13
2007-06-28,9.04,9.24,9.03,9.06
2007-06-29,9.65,9.71,9.45,9.52
2007-07-02,9.57,9.65,9.18,9.24
2007-07-03,9.23,9.51,9.17,9.46
2007-07-05,9.52,9.7,9.29,9.55
2007-07-06,9.59,9.78,9.46,9.54
2007-07-09,9.64,9.73,9.5,9.65
2007-07-10,9.65,9.88,9.64,9.66
2007-07-11,9.66,9.78,9.6,9.75
2007-07-12,9.66,9.74,9.63,9.7
2007-07-13,9.72,10.22,9.68,9.87
2007-07-16,9.85,10.02,9.73,9.8
2007-07-17,9.8,9.93,9.73,9.85
2007-07-18,9.83,10.17,9.82,10.07
2007-07-19,10.07,10.52,10.07,10.32
2007-07-20,10.32,10.53,10.23,10.3
2007-07-23,10.31,10.35,10.06,10.15
2007-07-24,10.15,10.35,10.11,10.19
2007-07-25,10.15,10.2,10.03,10.15
2007-07-26,10.15,10.35,10.15,10.22
2007-07-27,10.18,10.2,9.96,9.99
2007-07-30,9.95,10.12,9.91,10.02
2007-07-31,10,10.35,9.97,10.33
2007-08-01,10.33,10.33,10.12,10.28
2007-08-02,10.27,10.56,10.17,10.25
2007-08-03,10.27,10.32,10.15,10.25
2007-08-06,10.2,10.22,9.87,9.94
2007-08-07,9.92,10.04,9.82,9.84
2007-08-08,9.84,9.91,9.75,9.82
2007-08-09,9.82,9.96,9.81,9.83
2007-08-10,9.82,9.88,9.51,9.54
2007-08-13,9.55,9.7,9.43,9.45
2007-08-14,9.47,9.58,9.41,9.46
2007-08-15,9.5,9.5,9.4,9.45
2007-08-16,9.45,9.48,9.08,9.09
2007-08-17,9.14,9.59,9.11,9.4
2007-08-20,9.35,9.5,9.31,9.42
2007-08-21,9.43,9.47,9.25,9.31
2007-08-22,9.29,9.55,9.27,9.5
2007-08-23,9.54,9.73,9.52,9.53
2007-08-24,9.53,9.65,9.37,9.39
2007-08-27,9.43,9.48,9.39,9.46
2007-08-28,9.46,9.52,9.41,9.45
2007-08-29,9.44,9.46,9.3,9.42
2007-08-30,9.42,9.58,9.38,9.54
2007-08-31,9.49,9.55,9.42,9.48
2007-09-04,9.46,9.56,9.37,9.45
2007-09-05,9.45,9.45,9.24,9.38
2007-09-06,9.38,9.47,9.22,9.37
2007-09-07,9.37,9.45,9.23,9.41
2007-09-10,9.4,9.52,9.26,9.29
2007-09-11,9.32,9.4,9.2,9.3
2007-09-12,9.3,9.4,9.25,9.29
2007-09-13,9.3,9.41,9.25,9.27
2007-09-14,9.28,9.39,9.24,9.35
2007-09-17,9.39,9.44,9.3,9.34
2007-09-18,9.38,9.4,9.32,9.35
2007-09-19,9.37,9.7,9.37,9.69
2007-09-20,9.68,9.95,9.68,9.84
2007-09-21,9.78,9.95,9.73,9.79
2007-09-24,9.79,9.95,9.79,9.88
2007-09-25,9.86,9.97,9.81,9.83
2007-09-26,9.81,9.89,9.7,9.72
2007-09-27,9.75,9.9,9.63,9.82
2007-09-28,10.13,10.17,9.98,10.15
2007-10-01,10.14,10.14,9.86,9.93
2007-10-02,9.92,10.09,9.79,10.02
2007-10-03,10.1,10.18,9.81,9.84
2007-10-04,9.81,9.94,9.77,9.79
2007-10-05,9.84,9.92,9.76,9.79
2007-10-08,9.77,9.84,9.59,9.75
2007-10-09,9.77,9.96,9.68,9.91
2007-10-10,9.93,9.98,9.73,9.74
2007-10-11,9.74,9.89,9.72,9.81
2007-10-12,9.8,9.92,9.73,9.8
2007-10-15,9.8,10,9.77,9.95
2007-10-16,9.95,10.18,9.95,10.15
2007-10-17,10.12,10.23,10.03,10.13
2007-10-18,10.07,10.16,10,10.09
2007-10-19,10.08,10.25,10.08,10.21
2007-10-22,10.22,10.25,10.09,10.17
2007-10-23,10.19,10.33,10.13,10.17
2007-10-24,10.17,10.26,10.13,10.14
2007-10-25,10.16,10.3,10.16,10.22
2007-10-26,10.3,10.5,10.08,10.15
2007-10-29,10.15,10.23,10.06,10.07
2007-10-30,10.09,10.11,9.99,10.07
2007-10-31,10,10.05,9.93,9.98
2007-11-01,10,10.22,9.83,9.91
2007-11-02,9.87,9.97,9.83,9.94
2007-11-05,9.92,9.97,9.88,9.9
2007-11-06,9.9,10.11,9.89,10.05
2007-11-07,10.11,10.19,10.07,10.15
2007-11-08,10.1,10.2,10.07,10.15
2007-11-09,10.12,10.17,10,10.03
2007-11-12,10.01,10.03,9.93,9.96
2007-11-13,9.95,10.02,9.85,9.9
2007-11-14,9.92,9.99,9.86,9.94
2007-11-15,9.96,9.96,9.87,9.9
2007-11-16,9.88,9.95,9.81,9.84
2007-11-19,9.84,9.87,9.76,9.8
2007-11-20,9.83,9.84,9.73,9.75
2007-11-21,9.81,9.82,9.74,9.78
2007-11-26,9.81,9.86,9.72,9.74
2007-11-27,9.74,9.9,9.63,9.7
2007-11-28,9.85,9.97,9.8,9.94
2007-11-29,9.87,9.95,9.75,9.79
2007-11-30,9.77,9.82,9.73,9.75
2007-12-03,9.73,9.79,9.66,9.71
2007-12-04,9.72,9.78,9.71,9.74
2007-12-05,9.76,9.9,9.73,9.85
2007-12-06,9.85,9.93,9.83,9.88
2007-12-07,9.9,9.95,9.82,9.9
2007-12-10,9.93,10.15,9.89,10.12
2007-12-11,10.14,10.35,10.12,10.3
2007-12-12,10.3,10.39,10.25,10.3
2007-12-13,10.33,10.35,10.28,10.31
2007-12-14,10.31,10.64,10.26,10.48
2007-12-17,10.57,10.79,10.55,10.76
2007-12-18,10.76,10.78,10.59,10.64
2007-12-19,10.57,10.8,10.56,10.74
2007-12-20,10.78,11.14,10.75,11.07
2007-12-21,11.02,11.12,10.94,11.05
2007-12-26,11.02,11.19,10.89,10.9
2007-12-27,10.9,11.04,10.88,10.97
2007-12-28,10.98,11.13,10.91,10.94
2007-12-31,10.93,11.02,10.79,10.82
2008-01-02,10.89,11,10.62,10.73
2008-01-03,10.73,11.28,10.73,11.14
2008-01-04,11.26,11.44,11.1,11.32
2008-01-07,11.32,11.47,11.29,11.37
2008-01-08,11.37,11.78,11.3,11.37
2008-01-09,11.37,11.52,11.33,11.45
2008-01-10,11.46,11.6,11.27,11.39
2008-01-11,11.46,11.72,11.29,11.32
2008-01-14,11.35,11.54,11.32,11.47
2008-01-15,11.5,11.56,11.36,11.47
2008-01-16,11.47,11.94,11.3,11.77
2008-01-17,11.75,13.09,11.74,12.45
2008-01-18,13,13.03,11.8,11.99
2008-01-22,11.88,11.9,11.17,11.55
2008-01-23,11.49,11.65,11.28,11.43
2008-01-24,11.37,11.56,11.31,11.47
2008-01-25,11.41,12.1,11.41,11.94
2008-01-28,11.87,12.44,11.87,12.24
2008-01-29,12.33,12.73,12.09,12.2
2008-01-30,12.2,12.57,12.17,12.42
2008-01-31,12.46,12.53,12.21,12.36
2008-02-01,12.4,12.53,12.3,12.35
2008-02-04,12.35,12.47,12.01,12.17
2008-02-05,12.15,12.17,11.82,11.86
2008-02-06,11.88,12.27,11.74,12.11
2008-02-07,12.11,12.17,11.97,11.98
2008-02-08,12.07,12.83,12.04,12.71
2008-02-11,12.71,12.85,12.56,12.66
2008-02-12,12.62,12.65,12.3,12.36
2008-02-13,12.39,12.84,12.33,12.75
2008-02-14,12.8,13.33,12.67,13.1
2008-02-15,13.1,13.73,13,13.26
2008-02-19,13.33,13.75,13.3,13.62
2008-02-20,13.62,13.82,13.47,13.64
2008-02-21,13.73,14.13,13.72,14
2008-02-22,13.91,13.95,13.55,13.78
2008-02-25,13.62,13.9,13.6,13.71
2008-02-26,13.95,14.2,13.72,14.05
2008-02-27,14.05,14.51,13.87,14.11
2008-02-28,14.02,14.18,13.84,14.08
2008-02-29,14.63,14.83,14.52,14.62
2008-03-03,14.65,15.07,14.64,15.02
2008-03-04,14.95,15,14.08,14.36
2008-03-05,14.18,14.78,14.13,14.55
2008-03-06,14.5,14.62,13.5,13.6
2008-03-07,13.65,13.83,12.77,13.36
2008-03-10,13.16,13.29,12.81,13.04
2008-03-11,13.1,13.64,13.06,13.45
2008-03-12,13.45,13.47,13.01,13.16
2008-03-13,13.13,13.63,13.1,13.59
2008-03-14,13.62,13.76,13.15,13.54
2008-03-17,13.32,13.35,11.83,12.09
2008-03-18,12.14,12.45,12.04,12.28
2008-03-19,12.3,12.3,11.52,11.75
2008-03-20,11.74,11.97,11.25,11.89
2008-03-24,11.89,12.06,11.63,11.92
2008-03-25,11.92,12.55,11.9,12.14
2008-03-26,12.2,12.45,12.17,12.24
2008-03-27,12.25,12.3,11.97,12.13
2008-03-28,12.13,12.13,11.65,11.73
2008-03-31,11.73,12.08,11.56,11.69
2008-04-01,11.69,11.77,11.28,11.52
2008-04-02,11.42,11.86,11.41,11.77
2008-04-03,11.88,11.92,11.67,11.81
2008-04-04,11.81,11.95,11.53,11.57
2008-04-07,11.63,12.25,11.6,12.12
2008-04-08,12.12,12.26,11.82,11.88
2008-04-09,11.88,12.55,11.82,12.4
2008-04-10,12.46,12.8,12.24,12.52
2008-04-11,12.5,12.56,12.3,12.34
2008-04-14,12.34,12.62,12.27,12.37
2008-04-15,12.45,12.73,12.45,12.67
2008-04-16,12.63,12.94,12.51,12.65
2008-04-17,12.55,12.83,12.54,12.57
2008-04-18,12.65,12.65,12.09,12.45
2008-04-21,12.36,12.47,11.79,11.83
2008-04-22,11.84,12.15,11.79,12.13
2008-04-23,12.1,12.18,11.79,11.89
2008-04-24,11.9,11.93,11.43,11.5
2008-04-25,11.47,11.58,11.24,11.37
2008-04-28,11.45,11.59,10.3,10.58
2008-04-29,10.58,10.92,10.1,10.16
2008-04-30,11.87,12.03,11.74,11.81
2008-05-01,11.92,12.13,11.18,11.35
2008-05-02,11.35,11.52,11.12,11.49
2008-05-05,11.47,11.6,11.28,11.48
2008-05-06,11.48,11.85,11.38,11.82
2008-05-07,11.8,11.83,11.58,11.73
2008-05-08,11.72,11.92,11.33,11.46
2008-05-09,11.4,11.8,11.4,11.61
2008-05-12,11.61,11.73,11.48,11.65
2008-05-13,11.65,11.69,11.08,11.16
2008-05-14,11.12,11.12,10.85,11.05
2008-05-15,11,11.23,11,11
2008-05-16,11,11.25,10.96,11.13
2008-05-19,11.22,11.33,10.68,10.86
2008-05-20,10.75,10.84,10.51,10.63
2008-05-21,10.73,10.86,10.56,10.6
2008-05-22,10.6,10.72,10.24,10.43
2008-05-23,10.39,10.4,9.99,10.01
2008-05-27,10.12,10.22,9.93,10.07
2008-05-28,10.07,10.43,10.04,10.11
2008-05-29,10.14,10.22,9.84,9.97
2008-05-30,9.97,10.08,9.82,10.02
2008-06-02,10.02,10.59,9.94,10.31
2008-06-03,10.3,10.34,9.64,9.71
2008-06-04,9.73,9.78,9.46,9.52
2008-06-05,9.56,9.93,9.44,9.56
2008-06-06,9.63,10.15,9.63,9.74
2008-06-09,9.84,10.02,9.67,9.7
2008-06-10,9.7,9.9,9.66,9.8
2008-06-11,9.95,10.66,9.84,10.59
2008-06-12,10.6,10.7,10.28,10.41
2008-06-13,10.47,10.67,10.38,10.54
2008-06-16,10.54,11.06,10.53,10.84
2008-06-17,10.88,11.13,10.81,11.06
2008-06-18,11.06,11.72,11.06,11.6
2008-06-19,11.65,11.74,11.51,11.58
2008-06-20,11.52,12.07,11.51,11.97
2008-06-23,11.95,12.18,11.54,11.71
2008-06-24,11.6,11.89,11.49,11.56
2008-06-25,11.61,11.61,11.17,11.48
2008-06-26,11.55,11.8,11.37,11.68
2008-06-27,11.65,11.9,11.31,11.38
2008-06-30,12.75,13.23,12.52,13.1
2008-07-01,13.1,13.9,13.1,13.72
2008-07-02,13.74,14.1,13.59,13.98
2008-07-03,14.06,14.35,13.84,13.91
2008-07-07,13.86,13.93,13.35,13.52
2008-07-08,13.54,13.83,13.26,13.75
2008-07-09,13.79,14.05,13.6,13.86
2008-07-10,13.74,13.91,13.51,13.61
2008-07-11,13.7,14.15,13.7,13.99
2008-07-14,13.97,14.06,13.38,13.59
2008-07-15,13.66,14,13.42,13.93
2008-07-16,13.83,13.83,13.46,13.78
2008-07-17,13.75,13.75,12.61,12.71
2008-07-18,12.75,12.81,12.42,12.49
2008-07-21,12.49,12.72,12.24,12.48
2008-07-22,12.48,12.5,11.95,12.01
2008-07-23,12,12.25,11.73,12.09
2008-07-24,12.02,12.31,11.93,12.24
2008-07-25,12.24,12.52,12.24,12.44
2008-07-28,12.38,12.39,12.14,12.32
2008-07-29,12.32,12.92,12.17,12.82
2008-07-30,12.9,13.44,12.78,13.4
2008-07-31,13.4,13.95,13.4,13.93
2008-08-01,13.86,14.69,13.48,14.13
2008-08-04,13.97,14.38,13.21,13.42
2008-08-05,13.27,14.03,13.02,13.93
2008-08-06,13.87,14.31,13.78,14.19
2008-08-07,14.17,14.47,13.7,13.79
2008-08-08,13.79,14.04,13.44,13.56
2008-08-11,13.48,13.83,13.26,13.37
2008-08-12,13.38,13.73,13.19,13.61
2008-08-13,13.7,13.89,13.6,13.85
2008-08-14,13.87,14,13.28,13.39
2008-08-15,13.35,13.4,12.76,13.12
2008-08-18,13.22,13.76,13.19,13.67
2008-08-19,13.6,13.95,13.48,13.67
2008-08-20,13.7,13.85,13.51,13.68
2008-08-21,13.78,14.34,13.7,14.14
2008-08-22,14.14,14.18,13.87,14.08
2008-08-25,14.1,14.13,13.93,13.99
2008-08-26,14.01,14.2,13.88,14.08
2008-08-27,14.17,14.43,13.41,13.59
2008-08-28,13.58,13.87,13.18,13.23
2008-08-29,13.18,13.43,12.7,12.76
2008-09-02,12.7,12.84,12.37,12.71
2008-09-03,12.75,12.75,12.5,12.51
2008-09-04,12.52,13.18,12.46,12.65
2008-09-05,12.6,12.84,12.4,12.54
2008-09-08,12.74,12.82,12.35,12.37
2008-09-09,12.35,12.48,12.03,12.1
2008-09-10,12.1,12.24,11.98,12.14
2008-09-11,12.14,12.16,11.84,11.94
2008-09-12,11.94,12.53,11.94,12.36
2008-09-15,12.39,12.46,11.6,12.14
2008-09-16,11.85,12.27,11.64,12
2008-09-17,12.1,12.45,12.02,12.22
2008-09-18,12.4,12.54,11.62,11.67
2008-09-19,11.96,11.96,11.55,11.65
2008-09-22,11.71,12.24,11.7,12.06
2008-09-23,12.03,12.11,11.76,11.83
2008-09-24,12,12.28,11.97,12.14
2008-09-25,12.15,13.05,12.15,13.05
2008-09-26,13.05,13.39,12.81,13.1
2008-09-29,13.1,13.15,12.41,12.59
2008-09-30,13.74,13.99,13.6,13.66
2008-10-01,13.66,14.07,13.61,13.93
2008-10-02,13.89,13.89,13,13.08
2008-10-03,13.26,13.31,12.47,12.61
2008-10-06,12.5,12.57,11.72,11.79
2008-10-07,11.79,12.23,11.74,12.03
2008-10-08,11.9,12.08,11.48,11.89
2008-10-09,12,12.3,11.83,11.9
2008-10-10,11.77,11.77,11.2,11.23
2008-10-13,11.48,11.81,11.45,11.7
2008-10-14,11.81,12.09,11.64,11.71
2008-10-15,11.75,11.75,11.16,11.18
2008-10-16,11.18,11.39,10.91,11.16
2008-10-17,11.48,11.74,11.18,11.58
2008-10-20,11.75,11.8,11.4,11.5
2008-10-21,11.52,11.53,11.15,11.24
2008-10-22,11.18,11.22,10.92,10.96
2008-10-23,10.97,11.15,10.73,10.84
2008-10-24,10.8,10.85,10.44,10.76
2008-10-27,10.75,11.07,10.55,10.96
2008-10-28,11.05,11.39,11.02,11.14
2008-10-29,11.3,12.24,11.3,12.09
2008-10-30,12.28,12.35,11.73,11.85
2008-10-31,11.8,12.15,11.67,12.02
2008-11-03,12.12,12.35,11.92,12.18
2008-11-04,12.18,13,12.09,12.71
2008-11-05,12.6,12.85,12.35,12.64
2008-11-06,12.6,12.6,11.78,11.87
2008-11-07,11.99,12.21,11.82,12.01
2008-11-10,12.2,12.55,11.9,12
2008-11-11,12.06,12.07,11.64,11.8
2008-11-12,11.9,11.9,11.35,11.61
2008-11-13,11.49,11.81,11.3,11.42
2008-11-14,11.61,11.72,11.44,11.65
2008-11-17,11.6,11.8,11.23,11.74
2008-11-18,11.71,11.74,11.48,11.61
2008-11-19,11.72,12.35,11.48,11.67
2008-11-20,11.63,11.66,11.43,11.51
2008-11-21,11.45,11.74,11.25,11.28
2008-11-24,11.35,11.84,11.27,11.72
2008-11-25,11.73,11.98,11.56,11.61
2008-11-26,11.67,11.96,11.64,11.81
2008-11-28,11.89,12.02,11.8,11.9
2008-12-01,11.88,11.95,11.58,11.65
2008-12-02,11.6,11.77,11.53,11.62
2008-12-03,11.63,11.64,11.13,11.16
2008-12-04,11.15,11.18,10.78,10.8
2008-12-05,10.84,10.88,10.51,10.57
2008-12-08,10.76,11.37,10.75,11.25
2008-12-09,11.27,11.4,11.04,11.22
2008-12-10,11.18,11.86,11.07,11.62
2008-12-11,11.62,12.07,11.48,11.89
2008-12-12,11.7,11.84,11.51,11.64
2008-12-15,11.75,12.01,11.45,11.52
2008-12-16,11.49,11.74,11.45,11.67
2008-12-17,11.69,11.84,11.52,11.73
2008-12-18,11.8,11.89,11.61,11.83
2008-12-19,11.78,11.82,10.86,10.95
2008-12-22,11.1,11.15,10.8,10.85
2008-12-23,10.94,11.01,10.76,10.85
2008-12-24,11.02,11.04,10.81,11.02
2008-12-26,11.02,11.04,10.83,10.98
2008-12-29,11,11.29,10.99,11.12
2008-12-30,11.21,11.39,11.12,11.29
2008-12-31,11.29,11.92,11.29,11.81
2009-01-02,11.8,11.91,11.6,11.85
2009-01-05,11.93,12.12,11.67,11.82
2009-01-06,12.1,12.46,11.95,12.27
2009-01-07,12.25,12.33,11.92,11.98
2009-01-08,11.98,12.23,11.89,12.03
2009-01-09,12.09,12.36,11.98,12.05
2009-01-12,12,12.11,11.45,11.47
2009-01-13,11.45,11.67,11.41,11.53
2009-01-14,11.61,11.79,11.32,11.43
2009-01-15,11.55,12.18,11.52,11.96
2009-01-16,12.07,12.44,12.07,12.26
2009-01-20,12.15,12.62,12.02,12.59
2009-01-21,12.63,12.68,12.31,12.6
2009-01-22,12.66,12.67,12.1,12.38
2009-01-23,12.35,12.84,12.23,12.7
2009-01-26,12.64,13.05,12.64,12.92
2009-01-27,12.96,13.05,12.65,12.91
2009-01-28,12.81,12.91,12.6,12.87
2009-01-29,12.85,12.87,12.51,12.59
2009-01-30,12.58,12.94,12.54,12.67
2009-02-02,12.62,12.93,12.57,12.75
2009-02-03,12.93,13.07,12.64,12.66
2009-02-04,12.65,12.73,12.52,12.59
2009-02-05,12.59,13,12.39,12.98
2009-02-06,12.98,13.25,12.93,13.12
2009-02-09,13.21,13.35,13.11,13.28
2009-02-10,13.35,13.37,13.09,13.23
2009-02-11,13.17,13.27,13.09,13.19
2009-02-12,13.2,13.22,12.8,13.13
2009-02-13,13.16,13.3,13.09,13.26
2009-02-17,13.26,13.26,12.86,12.98
2009-02-18,12.95,12.98,12.62,12.69
2009-02-19,12.65,13.08,12.61,12.84
2009-02-20,12.86,12.94,12.64,12.71
2009-02-23,12.73,12.9,12.67,12.68
2009-02-24,12.65,12.93,12.64,12.83
2009-02-25,12.89,13.26,12.85,13.18
2009-02-26,13.2,13.72,13.17,13.7
2009-02-27,13.85,13.87,13.71,13.73
2009-03-02,13.7,13.77,12.71,12.75
2009-03-03,12.87,12.95,12.58,12.69
2009-03-04,12.73,13.34,12.73,13.26
2009-03-05,13.2,13.24,12.67,12.83
2009-03-06,12.9,13.1,12.72,12.78
2009-03-09,12.8,12.86,12.42,12.49
2009-03-10,12.49,12.73,12.44,12.59
2009-03-11,12.59,12.92,12.59,12.81
2009-03-12,12.7,13.11,12.69,13.09
2009-03-13,13.1,13.2,12.81,12.88
2009-03-16,12.88,13.04,12.76,12.99
2009-03-17,12.93,13.15,12.74,13.11
2009-03-18,13.12,13.36,13.03,13.24
2009-03-19,13.39,13.76,13.33,13.62
2009-03-20,13.53,13.63,13.42,13.54
2009-03-23,13.5,13.67,13.35,13.41
2009-03-24,13.41,13.45,12.96,13
2009-03-25,13,13.12,12.72,12.82
2009-03-26,12.85,13.05,12.69,12.75
2009-03-27,12.81,12.83,12.51,12.62
2009-03-30,12.59,12.6,12.44,12.48
2009-03-31,12.5,12.72,12.48,12.67
2009-04-01,12.69,13.01,12.65,12.73
2009-04-02,12.75,13.2,12.75,13.06
2009-04-03,13,13.14,12.48,12.55
2009-04-06,12.7,12.8,12.13,12.22
2009-04-07,12.25,12.39,12.15,12.23
2009-04-08,12.17,12.45,12.15,12.38
2009-04-09,12.42,12.78,12.42,12.74
2009-04-13,12.98,13.4,12.9,13.32
2009-04-14,13.26,13.47,13.16,13.25
2009-04-15,13.25,13.37,13.06,13.14
2009-04-16,13.1,13.12,12.75,12.84
2009-04-17,12.95,13.38,12.81,13.19
2009-04-20,13.18,13.26,12.88,12.92
2009-04-21,12.87,13.14,12.72,13.06
2009-04-22,13.09,13.33,13.03,13.22
2009-04-23,13.21,13.42,13.18,13.35
2009-04-24,13.3,13.94,13.3,13.9
2009-04-27,13.62,13.91,13.5,13.7
2009-04-28,13.7,13.85,13.55,13.79
2009-04-29,13.8,13.92,13.6,13.84
2009-04-30,14.08,14.4,14.02,14.36
2009-05-01,14.36,15.13,14.27,15.05
2009-05-04,14.99,15.1,14.75,15.02
2009-05-05,15,15.27,14.73,15.15
2009-05-06,15.09,15.41,14.96,15.36
2009-05-07,15.36,15.6,15.24,15.49
2009-05-08,15.47,15.55,15.21,15.27
2009-05-11,15.35,15.69,15.06,15.61
2009-05-12,15.6,16.03,15.44,15.72
2009-05-13,15.72,15.76,15.32,15.4
2009-05-14,15.38,15.56,15.19,15.47
2009-05-15,15.51,15.53,14.9,14.95
2009-05-18,14.95,15.63,14.95,15.61
2009-05-19,15.51,15.91,15.37,15.63
2009-05-20,15.55,15.67,15.17,15.38
2009-05-21,15.4,15.65,15.11,15.62
2009-05-22,15.65,15.79,15.46,15.7
2009-05-26,15.6,16.05,15.48,15.94
2009-05-27,15.7,15.93,15.51,15.77
2009-05-28,15.72,15.77,15.4,15.64
2009-05-29,15.5,15.81,15.26,15.58
2009-06-01,15.69,15.94,15.63,15.85
2009-06-02,15.8,15.88,15.4,15.44
2009-06-03,15.45,15.47,14.81,14.89
2009-06-04,15,15.32,14.95,15.24
2009-06-05,15.12,15.72,15.06,15.53
2009-06-08,15.5,15.5,15.17,15.37
2009-06-09,15.46,15.65,15.34,15.56
2009-06-10,15.51,15.67,15.32,15.38
2009-06-11,15.4,15.5,15.2,15.35
2009-06-12,15.45,15.45,15.11,15.2
2009-06-15,15.2,15.2,14.79,14.86
2009-06-16,14.96,15.14,14.76,14.8
2009-06-17,14.83,15.06,14.7,14.99
2009-06-18,15.08,15.19,14.84,14.87
2009-06-19,14.89,15.03,14.88,15
2009-06-22,14.99,15.1,14.77,15.07
2009-06-23,15,15.89,14.99,15.86
2009-06-24,15.8,16.21,15.7,15.94
2009-06-25,16,16.67,15.9,16.65
2009-06-26,16.67,16.69,16.2,16.26
2009-06-29,16.36,17,16.26,16.93
2009-06-30,17.93,18.09,17.38,17.85
2009-07-01,17.9,18.01,17.63,17.75
2009-07-02,17.71,17.82,17.4,17.58
2009-07-06,17.46,17.48,16.96,17.32
2009-07-07,17.29,17.65,16.9,16.96
2009-07-08,16.9,17.28,16.75,17.21
2009-07-09,17.19,17.27,16.94,17.1
2009-07-10,16.92,17.39,16.88,17.27
2009-07-13,17.31,17.56,17.12,17.54
2009-07-14,17.5,17.85,17.46,17.68
2009-07-15,17.66,17.84,17.48,17.77
2009-07-16,17.77,17.78,17.35,17.39
2009-07-17,17.45,17.58,17.25,17.3
2009-07-20,17.45,17.78,17.45,17.74
2009-07-21,17.74,17.95,17.61,17.8
2009-07-22,17.77,18.01,17.67,17.99
2009-07-23,18.02,18.39,17.99,18.26
2009-07-24,18.25,18.49,18.17,18.43
2009-07-27,18.45,18.57,18.37,18.45
2009-07-28,18.49,18.57,18.08,18.5
2009-07-29,18.45,18.57,18.23,18.56
2009-07-30,18.5,18.91,18.49,18.75
2009-07-31,18.76,18.85,18.44,18.61
2009-08-03,18.71,19.43,18.71,19.14
2009-08-04,19.13,19.46,19.02,19.35
2009-08-05,19.3,19.55,19.15,19.37
2009-08-06,19.36,19.98,19.36,19.8
2009-08-07,19.99,20.85,19.91,20.81
2009-08-10,20.71,22.44,20.64,22
2009-08-11,21.8,22.2,21.25,21.92
2009-08-12,21.8,23.33,21.5,22.97
2009-08-13,22.87,23.32,22.04,22.21
2009-08-14,21.99,22.26,21.53,21.98
2009-08-17,21.85,22.02,21.35,21.83
2009-08-18,21.89,22.14,21.45,21.78
2009-08-19,21.58,22.75,21.55,22.67
2009-08-20,22.73,23.15,21.67,21.97
2009-08-21,21.8,22.58,21.22,21.84
2009-08-24,21.75,22.4,21.65,21.79
2009-08-25,21.79,22.25,21.6,21.92
2009-08-26,22.2,22.43,21.82,22.37
2009-08-27,22.4,22.82,22.38,22.49
2009-08-28,22.6,23.63,22.6,23.52
2009-08-31,23.52,24.48,23.35,24.39
2009-09-01,24.44,24.85,23.61,24.24
2009-09-02,24.29,24.41,23.42,23.68
2009-09-03,23.7,23.85,22.78,23.14
2009-09-04,23.25,23.64,20.5,21.6
2009-09-08,21.5,21.69,20.57,20.87
2009-09-09,20.72,21.39,20.63,20.99
2009-09-10,21.1,21.88,21,21.79
2009-09-11,21.91,22.38,20.92,21.21
2009-09-14,21.15,22.2,20.85,22.06
2009-09-15,22.1,22.23,21.33,21.78
2009-09-16,21.8,22.79,21.78,22.49
2009-09-17,22.55,22.89,22.32,22.66
2009-09-18,22.4,22.66,21.9,21.91
2009-09-21,21.85,22.5,21.61,21.86
2009-09-22,22,22.33,21.84,22.15
2009-09-23,22.1,22.3,21.12,21.55
2009-09-24,21.58,21.93,21.15,21.44
2009-09-25,21.42,21.89,21.35,21.59
2009-09-28,21.7,22.75,21.63,22.65
2009-09-29,22.76,23.72,22.75,23.46
2009-09-30,24.95,25.43,24.41,25.39
2009-10-01,25.3,25.37,24.43,24.64
2009-10-02,24.75,24.75,23.68,23.78
2009-10-05,23.88,24.35,23.79,24.19
2009-10-06,24.1,24.62,23.51,24
2009-10-07,23.81,23.9,22.84,23.12
2009-10-08,23.02,23.02,21.8,22.54
2009-10-09,22.5,22.96,21.18,21.24
2009-10-12,21.28,21.79,21.24,21.63
2009-10-13,21.63,22.98,21.62,22.79
2009-10-14,22.81,23.28,22.53,22.71
2009-10-15,22.72,23.92,22.59,23.85
2009-10-16,23.85,24.34,23.63,23.91
2009-10-19,24.1,24.68,24,24.17
2009-10-20,24.18,24.39,23.28,23.59
2009-10-21,23.79,24.22,23.57,24.04
2009-10-22,23.93,23.98,23.01,23.08
2009-10-23,23.23,23.54,22.84,23.12
2009-10-26,23.19,23.73,22.72,22.94
2009-10-27,23.08,23.3,22.6,22.65
2009-10-28,22.59,22.61,21.78,21.93
2009-10-29,22.01,22.85,21.98,22.81
2009-10-30,22.62,22.9,22.19,22.81
2009-11-02,22.81,23.59,22.81,23.44
2009-11-03,23.44,24,23.12,23.97
2009-11-04,23.97,24,23.55,23.59
2009-11-05,23.6,23.95,22.45,22.76
2009-11-06,22.91,23.07,22.31,22.43
2009-11-09,22.73,22.9,22.29,22.41
2009-11-10,22.3,22.7,21.78,21.91
2009-11-11,22.15,22.87,22.1,22.67
2009-11-12,22.61,23.01,22.37,22.69
2009-11-13,22.83,22.85,22.47,22.72
2009-11-16,22.78,23.33,22.78,23.23
2009-11-17,23.14,23.22,22.82,23.1
2009-11-18,23.15,23.67,23.08,23.3
2009-11-19,23.21,23.29,22.56,22.74
2009-11-20,22.76,23,22.23,22.47
2009-11-23,22.75,22.9,22.04,22.14
2009-11-24,22.11,22.58,22,22.08
2009-11-25,22.28,22.65,21.94,22.32
2009-11-27,21.9,22.88,21.33,22.77
2009-11-30,22.95,23,22.37,22.64
2009-12-01,22.7,22.96,22.52,22.66
2009-12-02,22.82,23.17,22.6,23.04
2009-12-03,23.18,23.57,22.67,23.11
2009-12-04,23.02,23.19,22.33,22.52
2009-12-07,22.68,22.72,22.35,22.45
2009-12-08,22.45,22.58,22.21,22.22
2009-12-09,22.34,22.65,22.09,22.15
2009-12-10,22.24,23.38,22.13,23.26
2009-12-11,23.39,24.1,23.12,24
2009-12-14,24.07,25.4,24,25.28
2009-12-15,25.25,25.72,24.57,24.82
2009-12-16,24.96,26.15,24.88,25.94
2009-12-17,25.96,26.8,25.46,26.43
2009-12-18,26.73,26.94,25.78,26.34
2009-12-21,26.04,26.4,25.46,25.62
2009-12-22,25.64,26.65,25.1,26.5
2009-12-23,26.54,26.71,26.11,26.5
2009-12-24,26.51,27.1,26.5,27.08
2009-12-28,27.19,27.4,27,27.26
2009-12-29,27.05,27.49,26.7,26.77
2009-12-30,26.77,27.4,26.55,26.96
2009-12-31,26.96,27.3,26.56,26.95
2010-01-04,27,27.83,27,27.62
2010-01-05,27.5,28.9,27.34,27.64
2010-01-06,27.63,28.55,27.3,28.41
2010-01-07,28.24,28.95,27.91,28
2010-01-08,27.93,28.35,27.31,27.53
2010-01-11,27.53,27.73,26.7,26.75
2010-01-12,26.93,27.98,26.87,27.36
2010-01-13,27.64,28.28,27.4,28.04
2010-01-14,27.95,28.34,27.7,27.76
2010-01-15,27.78,27.83,27.32,27.62
2010-01-19,27.9,29.06,27.87,28.98
2010-01-20,28.97,29.45,28.57,29.11
2010-01-21,29.29,29.82,28.68,29.26
2010-01-22,28.95,29.28,28.47,28.78
2010-01-25,28.74,30.1,28.44,29.8
2010-01-26,29.67,30.03,29.19,29.3
2010-01-27,29.3,29.4,28.16,28.36
2010-01-28,28.5,29.4,28.45,29
2010-01-29,29.16,30.33,29.12,29.9
2010-02-01,29.9,30.4,29.2,29.28
2010-02-02,29.3,29.82,28.88,29.4
2010-02-03,29.55,29.65,28.45,28.58
2010-02-04,28.35,28.54,27.58,27.64
2010-02-05,27.6,28.05,25.7,26.17
2010-02-08,26.5,27.12,26.31,26.6
2010-02-09,27,27.44,26.71,27.07
2010-02-10,26.98,27.21,26.41,26.64
2010-02-11,26.78,27.67,26.55,27.53
2010-02-12,27.58,27.95,26.72,26.95
2010-02-16,27.3,27.72,27.12,27.36
2010-02-17,27.4,27.43,26.02,26.12
2010-02-18,26.3,26.66,25.48,26.47
2010-02-19,26.47,26.9,26.2,26.8
2010-02-22,26.95,27,24.71,24.79
2010-02-23,25,25.48,24.14,24.37
2010-02-24,24.5,25.22,24.45,25.11
2010-02-25,25.09,25.09,23.94,24.45
2010-02-26,23.9,24.1,23.25,23.6
2010-03-01,23.6,24,22.02,22.26
2010-03-02,22.36,22.7,21.12,22.64
2010-03-03,22.52,22.8,21.93,22.05
2010-03-04,21.99,22.29,21.24,21.67
2010-03-05,21.93,22.25,21.63,22.19
2010-03-08,22.34,22.4,21.21,21.57
2010-03-09,21.57,21.62,20.22,20.32
2010-03-10,20.2,20.38,18.82,19.69
2010-03-11,19.55,20.07,19.06,19.27
2010-03-12,19.3,19.99,19.21,19.67
2010-03-15,19.71,19.9,19.11,19.39
2010-03-16,19.21,19.37,18.02,18.24
2010-03-17,18.3,18.47,17.66,18.33
2010-03-18,18.35,19.07,18.33,19.03
2010-03-19,19,19.45,18.23,18.64
2010-03-22,18.7,18.85,17.59,17.84
2010-03-23,17.8,17.8,16.4,16.57
2010-03-24,16.68,17.89,16.17,17.67
2010-03-25,17.8,17.91,17.01,17.05
2010-03-26,17.24,17.45,16.42,17
2010-03-29,17.03,17.55,17.03,17.51
2010-03-30,17.51,18.25,17.36,17.88
2010-03-31,17.95,17.99,16.45,16.59
2010-04-01,16.6,16.9,15.46,16.7
2010-04-05,16.69,17.18,16.25,16.4
2010-04-06,16.4,16.67,15.8,15.89
2010-04-07,15.88,16.3,15.72,16.16
2010-04-08,16.08,16.45,15.77,15.92
2010-04-09,15.92,16.42,15.8,16.39
2010-04-12,16.45,17.37,16.4,16.54
2010-04-13,16.65,17.25,16.6,16.98
2010-04-14,17.15,17.79,17,17.53
2010-04-15,17.6,17.69,16.48,16.85
2010-04-16,16.8,17.25,15.91,15.95
2010-04-19,16.01,17.08,16.01,16.91
2010-04-20,16.86,17.18,16.45,16.46
2010-04-21,16.6,16.8,16.26,16.55
2010-04-22,16.6,16.75,16.05,16.07
2010-04-23,16.1,16.4,15.48,15.66
2010-04-26,15.81,16,15.55,15.69
2010-04-27,15.7,15.74,15.03,15.12
2010-04-28,15.15,15.2,14.55,14.63
2010-04-29,14.56,15.16,14.56,15.1
2010-04-30,15.35,15.5,15.1,15.15
2010-05-03,15.15,15.28,14.9,14.98
2010-05-04,15.1,15.15,14.41,14.51
2010-05-05,14.54,14.64,13.84,14.41
2010-05-06,14.31,14.36,13.55,13.67
2010-05-07,13.59,13.98,13,13.75
2010-05-10,14,14.55,13.87,14.18
2010-05-11,14.15,14.2,13.66,13.91
2010-05-12,13.88,14.7,13.77,14.67
2010-05-13,14.61,14.82,14.45,14.66
2010-05-14,14.67,14.73,13.88,14.13
2010-05-17,14.03,14.53,13.81,13.89
2010-05-18,13.95,14.83,13.95,14.8
2010-05-19,14.6,15.09,14.41,14.93
2010-05-20,15.05,15.25,14.75,14.99
2010-05-21,15,15.71,14.91,15.65
2010-05-24,15.7,15.75,15.08,15.19
2010-05-25,15,15.6,14.67,15.25
2010-05-26,15.32,15.62,15.06,15.36
2010-05-27,15.4,15.47,14.81,14.92
2010-05-28,14.99,15.04,14.16,14.19
2010-06-01,14.19,14.6,14.09,14.4
2010-06-02,14.4,14.46,13.82,13.94
2010-06-03,14.05,14.34,13.96,13.99
2010-06-04,14.06,14.74,14,14.52
2010-06-07,14.55,14.59,14.2,14.33
2010-06-08,14.38,15.03,14.31,14.88
2010-06-09,15,15.41,15,15.16
2010-06-10,15.11,15.6,14.96,15.36
2010-06-11,15.31,15.95,15.21,15.83
2010-06-14,15.85,16.16,15.78,16.05
2010-06-15,16.06,16.3,15.87,16.18
2010-06-16,16.16,16.38,15.91,16.27
2010-06-17,16.2,16.25,15.7,15.79
2010-06-18,15.78,15.93,15.27,15.58
2010-06-21,15.71,16.31,15.34,16.18
2010-06-22,16.03,16.34,15.99,16.21
2010-06-23,16.16,16.74,16.1,16.25
2010-06-24,16.23,16.86,16.14,16.82
2010-06-25,16.9,17.35,16.83,17.29
2010-06-28,17.29,18.4,16.95,17.19
2010-06-29,17.05,18.07,16.82,17.58
2010-06-30,15.34,16.12,15.27,16.06
2010-07-01,15.95,16.3,15.64,16.28
2010-07-02,16.19,16.72,16.1,16.7
2010-07-06,16.7,16.98,16.47,16.69
2010-07-07,16.54,17.15,16.41,17.06
2010-07-08,17.1,17.3,16.93,17.09
2010-07-09,17.15,17.41,16.55,16.61
2010-07-12,16.84,17.15,16.6,17.1
2010-07-13,17.05,17.26,16.8,17.17
2010-07-14,17.12,17.2,16.82,16.97
2010-07-15,17,17.46,16.95,17.39
2010-07-16,17.35,17.61,16.86,17.11
2010-07-19,17.11,17.7,17.07,17.61
2010-07-20,17.61,17.7,17.26,17.28
2010-07-21,17.31,17.6,17.31,17.47
2010-07-22,17.55,18.38,17.52,18.3
2010-07-23,18.39,18.66,18.09,18.26
2010-07-26,18.39,18.63,18.25,18.62
2010-07-27,18.64,19.05,18.35,18.42
2010-07-28,18.45,19,18.34,18.87
2010-07-29,18.99,19.67,18.95,19.5
2010-07-30,19.5,19.64,19.19,19.57
2010-08-02,19.6,19.88,19.12,19.4
2010-08-03,19.4,19.4,18.41,18.59
2010-08-04,18.69,18.96,17.95,18.88
2010-08-05,18.88,19.13,18.2,18.29
2010-08-06,18.4,18.6,18.04,18.24
2010-08-09,18.35,18.7,17.6,17.73
2010-08-10,17.81,18.67,17.51,18.56
2010-08-11,18.51,18.65,18.18,18.26
2010-08-12,18.21,19.06,18.21,18.97
2010-08-13,18.92,19.47,18.73,19.42
2010-08-16,19.41,19.72,18.81,18.94
2010-08-17,19,19.5,18.71,19.38
2010-08-18,19.36,19.66,18.96,19.6
2010-08-19,19.59,19.65,19.25,19.48
2010-08-20,19.45,20.07,19.45,19.95
2010-08-23,19.9,20.14,19.82,20.07
2010-08-24,20.06,20.2,19.09,20.16
2010-08-25,20.16,20.37,19.73,20.03
2010-08-26,19.99,20.04,19.23,19.27
2010-08-27,19.32,20.32,19.26,19.96
2010-08-30,19.96,20.14,19.5,19.81
2010-08-31,19.79,20.25,19.6,19.75
2010-09-01,19.83,20.54,19.77,20.49
2010-09-02,20.45,20.94,20.27,20.81
2010-09-03,20.74,20.91,20.53,20.6
2010-09-07,20.7,21.52,20.7,21.45
2010-09-08,21.52,21.75,21.27,21.38
2010-09-09,21.37,22.67,21.32,22.43
2010-09-10,22.57,23.3,22.22,22.73
2010-09-13,22.81,23.5,22.59,23.34
2010-09-14,23.42,24.52,23.38,24.36
2010-09-15,24.36,24.88,23.31,23.82
2010-09-16,23.69,24.69,23.33,24.48
2010-09-17,24.49,24.99,24.35,24.61
2010-09-20,24.88,25.6,24.17,24.29
2010-09-21,24.42,24.45,23.52,23.79
2010-09-22,23.95,24.52,23.7,24.31
2010-09-23,24.31,24.75,24.12,24.7
2010-09-24,24.65,25.5,24.6,25.44
2010-09-27,25.4,26.33,25.22,26.09
2010-09-28,26.1,27.15,25.92,26.84
2010-09-29,26.84,27.17,26.35,26.82
2010-09-30,24.99,24.99,23.25,23.48
2010-10-01,23.73,23.81,22.78,23.36
2010-10-04,23.3,23.38,22.49,22.99
2010-10-05,22.89,23.83,22.86,23.74
2010-10-06,23.64,23.85,23.3,23.54
2010-10-07,23.56,25.41,23.54,25.16
2010-10-08,25.16,26.68,25.11,26.32
2010-10-11,26.37,27.24,26.28,26.59
2010-10-12,26.6,27.7,25.89,27.45
2010-10-13,27.8,28.04,27.02,27.5
2010-10-14,27.52,28.36,26.89,27.94
2010-10-15,27.9,28.07,26.88,27.06
2010-10-18,26.91,27.68,26.5,27.58
2010-10-19,27.33,28.7,27.18,28.33
2010-10-20,28.3,29.15,28.2,28.81
2010-10-21,28.81,29.23,28.16,28.35
2010-10-22,28.47,28.78,27.82,28.22
2010-10-25,28.44,28.95,28.4,28.5
2010-10-26,28.5,28.6,27.56,27.96
2010-10-27,27.78,28.94,27.41,28.59
2010-10-28,28.82,29.59,28.63,28.71
2010-10-29,28.5,29.8,28.23,29.12
2010-11-01,29.3,29.64,28.92,29.45
2010-11-02,29.57,30.64,29.56,30.12
2010-11-03,30.33,30.53,29.58,30.15
2010-11-04,30.35,31.81,30.35,31.66
2010-11-05,31.95,32.3,30.68,31.76
2010-11-08,31.7,32.3,31.38,31.88
2010-11-09,32,33.32,32,33.11
2010-11-10,33.12,33.16,31.96,32.81
2010-11-11,32.85,33.39,29.05,29.66
2010-11-12,29.15,29.2,25.56,26.21
2010-11-15,26.3,27.24,25.67,27.03
2010-11-16,26.69,27.79,25.92,26.31
2010-11-17,26.02,27.23,25.3,26.47
2010-11-18,26.92,28.9,26.92,28.15
2010-11-19,28.35,29.3,25.98,26.15
2010-11-22,27,27.5,25.9,26.5
2010-11-23,26.82,27.44,25.45,27.33
2010-11-24,27.37,28.2,27,27.95
2010-11-26,27.6,28.45,27.25,28.25
2010-11-29,28.51,28.7,28.15,28.35
2010-11-30,28.65,28.84,27.03,27.55
2010-12-01,27.78,28.7,27.7,28.37
2010-12-02,28.61,28.93,27.76,28.45
2010-12-03,28.5,29.67,28.38,29.5
2010-12-06,29.5,29.59,28.8,29.01
2010-12-07,29.38,29.75,28.27,28.41
2010-12-08,28.41,29.21,27.88,28.98
2010-12-09,29,29.47,28.51,28.71
2010-12-10,28.66,29.19,28,29.13
2010-12-13,29.2,30.53,29.17,30.49
2010-12-14,30.65,31.27,30.48,30.78
2010-12-15,30.5,31.23,30.1,31.11
2010-12-16,31.24,31.4,30.84,31
2010-12-17,31.31,32.97,31.25,32.5
2010-12-20,32.88,33.5,32.62,32.96
2010-12-21,32.89,33.65,32.5,33.02
2010-12-22,32.67,33.3,32.05,33.13
2010-12-23,33.23,34.06,33.19,33.98
2010-12-27,33.98,33.98,33.23,33.64
2010-12-28,33.84,34.6,33.8,34.39
2010-12-29,34.5,34.77,33.56,33.83
2010-12-30,33.85,34.35,29.5,30.38
2010-12-31,30.63,32.25,30.25,32.12
2011-01-04,32.27,33.45,30.35,31
2011-01-05,31.08,32.41,30.45,32.2
2011-01-06,32.2,32.2,30.07,30.24
2011-01-07,30.35,32.1,29.58,31.53
2011-01-10,31.55,31.97,30.82,31.74
2011-01-11,31.78,32.93,31.67,32.75
2011-01-12,32.75,33.35,30.92,32.02
2011-01-13,32.09,32.28,31.22,32.06
2011-01-14,32.2,32.25,30.35,30.89
2011-01-18,31.02,31.55,30.52,31.12
2011-01-19,31.1,31.8,30.88,31.18
2011-01-20,31.18,31.4,30.04,31.31
2011-01-21,31.39,32.39,31.11,32.33
2011-01-24,32.36,32.65,32.04,32.31
2011-01-25,32.17,32.24,31.15,31.84
2011-01-26,31.99,33.19,31.71,33.13
2011-01-27,33,34.54,32.77,34.18
2011-01-28,34.18,34.51,33.54,33.94
2011-01-31,34.1,34.1,32.59,33.97
2011-02-01,33.97,34.4,33.47,33.96
2011-02-02,34.1,36.08,34.01,35.31
2011-02-03,35.4,35.62,31.8,32.04
2011-02-04,32.08,33.24,31.85,32.64
2011-02-07,33,33.4,32.56,32.68
2011-02-08,32.65,32.86,31.02,31.16
2011-02-09,31.2,31.93,30.43,31.5
2011-02-10,31.79,33.09,31.75,32.05
2011-02-11,32.15,32.65,30.83,31.3
2011-02-14,31.29,31.65,29.95,30.91
2011-02-15,30.8,31.1,30.2,30.82
2011-02-16,31.11,32.35,31.05,31.77
2011-02-17,31.62,31.94,30.84,31.26
2011-02-18,31.1,31.49,30.8,31.02
2011-02-22,31.5,31.9,30.83,30.96
2011-02-23,31,31.19,29.79,29.94
2011-02-24,30.07,30.6,29.6,30.22
2011-02-25,30.24,31.71,29.89,31.52
2011-02-28,28.8,29.55,28.75,29.45
2011-03-01,29.45,29.45,28.58,29.26
2011-03-02,29.26,30.61,29.21,30.38
2011-03-03,30.47,30.74,29.88,30.59
2011-03-04,30.6,30.76,29,29.88
2011-03-07,30,30.39,29.69,29.99
2011-03-08,30.06,31.05,29.75,30.7
2011-03-09,30.83,30.97,29.83,30.42
2011-03-10,30.21,30.38,28.56,28.71
2011-03-11,28.65,29.11,27.83,28.86
2011-03-14,28.61,28.79,27.41,27.79
2011-03-15,27.79,27.79,25.47,25.65
2011-03-16,26,26.62,25.79,25.85
2011-03-17,26.09,27,25.98,26.74
2011-03-18,27.02,27.75,26.95,27.71
2011-03-21,27.8,28.2,27.24,27.48
2011-03-22,27.41,27.51,26.37,27.16
2011-03-23,27.5,27.5,26.5,26.58
2011-03-24,26.5,27.8,26.32,27.45
2011-03-25,27.45,28,27.05,27.86
2011-03-28,27.8,28,26.8,27.05
2011-03-29,27.15,27.68,26.82,27.02
2011-03-30,26.99,27.38,26.28,27.21
2011-03-31,27.36,27.65,26.71,27.11
2011-04-01,27.11,27.76,26.95,27.44
2011-04-04,27.55,28.13,27.49,28
2011-04-05,27.86,28.07,27.43,27.55
2011-04-06,27.55,27.74,26.57,26.71
2011-04-07,26.71,26.97,26.2,26.5
2011-04-08,26.54,26.78,25.51,25.66
2011-04-11,25.8,26.26,25.78,26.04
2011-04-12,25.95,26.39,25.47,25.58
2011-04-13,25.61,25.92,24.7,24.79
2011-04-14,24.85,25.05,24.35,24.44
2011-04-15,24.5,25.09,24.38,24.59
2011-04-18,24.7,24.88,24,24.4
2011-04-19,24.4,24.71,24.15,24.27
2011-04-20,24.48,25.3,24.47,25.2
2011-04-21,25.25,25.52,24.8,25.48
2011-04-25,25.5,25.6,25,25.07
2011-04-26,25.12,25.25,24.68,24.94
2011-04-27,24.92,24.94,24.28,24.55
2011-04-28,24.34,24.55,23.6,23.92
2011-04-29,22.48,22.61,21.75,22.25
2011-05-02,22.19,22.24,21.45,21.87
2011-05-03,22,22.43,21.67,22.05
2011-05-04,21.93,22,21.33,21.35
2011-05-05,21.35,21.38,20.5,20.86
2011-05-06,20.75,21.37,20.4,20.47
2011-05-09,20.6,21.14,20.57,20.96
2011-05-10,21.12,22.25,21.06,21.87
2011-05-11,22.07,22.08,20.79,20.94
2011-05-12,20.91,21.69,20.61,21.33
2011-05-13,21.7,22.1,21.26,21.45
2011-05-16,21.45,21.99,21.32,21.77
2011-05-17,21.77,22.04,21.1,21.93
2011-05-18,22,22.95,21.97,22.85
2011-05-19,22.6,22.69,21.7,21.82
2011-05-20,21.85,22.54,21.65,22.41
2011-05-23,22.24,22.29,21.32,21.51
2011-05-24,21.8,22.37,21.65,21.91
2011-05-25,22.08,22.89,21.82,22.64
2011-05-26,22.69,22.84,22.18,22.69
2011-05-27,22.85,23.16,22.69,22.99
2011-05-31,22.99,23.37,22.85,23.18
2011-06-01,23.18,23.52,22.35,22.46
2011-06-02,22.57,23.73,22.55,23.52
2011-06-03,23.62,24.22,23.52,23.95
2011-06-06,23.85,24.06,23.51,23.59
2011-06-07,23.7,24.49,23.66,24.35
2011-06-08,24.27,25.18,24.12,24.95
2011-06-09,24.82,25.08,24.52,24.84
2011-06-10,24.84,25.7,24.83,25.64
2011-06-13,25.62,26.16,25.27,25.59
2011-06-14,25.42,25.73,24.91,25.15
2011-06-15,25.2,25.51,25.01,25.08
2011-06-16,25.01,25.96,24.59,25.92
2011-06-17,25.78,26.42,25.72,26.37
2011-06-20,26.31,27.58,26.22,27.47
2011-06-21,27.5,27.53,26.86,27.49
2011-06-22,27.3,27.35,26.93,27.23
2011-06-23,27.2,27.65,25.69,27.58
2011-06-24,27.65,27.73,27.2,27.54
2011-06-27,27.4,27.86,27.02,27.8
2011-06-28,27.8,29.4,27.8,29.28
2011-06-29,29.25,29.69,28.7,29.28
2011-06-30,26.95,27.3,25.5,26.34
2011-07-01,26.25,27.45,25.68,27.25
2011-07-05,27.25,28.32,27.18,27.6
2011-07-06,27.59,27.74,27,27.68
2011-07-07,27.77,29.7,27.75,29.52
2011-07-08,29.54,29.74,28.74,29.36
2011-07-11,28.9,29.36,28.64,28.92
2011-07-12,28.75,30.62,28.42,30.49
2011-07-13,30.5,31.33,30,30.24
2011-07-14,30.11,30.21,28.83,29.02
2011-07-15,28.92,29.95,28.5,28.97
2011-07-18,28.8,29.11,28.2,28.94
2011-07-19,29.06,29.43,28.32,28.78
2011-07-20,28.86,29.17,28.6,28.92
2011-07-21,28.95,30.4,28.82,29.85
2011-07-22,30,31.55,29.93,31.34
2011-07-25,31.3,31.68,30.58,30.74
2011-07-26,30.93,31.47,30.31,30.94
2011-07-27,31.01,31.45,30.67,31.13
2011-07-28,31.06,31.28,29.77,29.92
2011-07-29,29.87,30.23,29.22,29.81
2011-08-01,30.15,30.6,28.9,28.97
2011-08-02,29.03,29.11,28.06,28.16
2011-08-03,28.41,28.56,27.22,27.69
2011-08-04,28.01,28.15,26.99,27.79
2011-08-05,27.78,27.97,27.28,27.54
2011-08-08,27.38,27.46,26.38,26.98
2011-08-09,26.97,28.34,26.5,27.49
2011-08-10,27.79,28.19,26.81,27.62
2011-08-11,27.87,28.69,27.2,28.08
2011-08-12,28,28.17,27.25,27.84
2011-08-15,27.93,28.15,27.41,27.48
2011-08-16,27.41,28.49,27.21,28.04
2011-08-17,28.19,29.53,28.02,29.49
2011-08-18,29.49,29.49,28.64,29.12
2011-08-19,28.87,31.18,28.67,30.96
2011-08-22,30.89,31.65,30.58,30.79
2011-08-23,30.77,31.42,30.62,30.82
2011-08-24,30.65,31.85,29.75,30.18
2011-08-25,30,30.07,28.92,29.66
2011-08-26,29.66,30.25,29.16,30.22
2011-08-29,30.15,30.25,29.79,29.89
2011-08-30,29.89,30.4,29.27,29.62
2011-08-31,29.55,30.22,29.4,29.68
2011-09-01,29.74,29.93,29.11,29.59
2011-09-02,29.62,29.7,28.85,29.18
2011-09-06,28.92,28.96,28.1,28.29
2011-09-07,28.4,29.01,28.31,28.41
2011-09-08,28.3,29.07,28.27,28.73
2011-09-09,28.86,29.43,28.52,29.05
2011-09-12,28.88,30.21,28.75,29.57
2011-09-13,29.59,29.91,29.33,29.41
2011-09-14,29.2,29.78,29.01,29.7
2011-09-15,29.7,29.95,29.16,29.5
2011-09-16,29.32,29.39,27.44,27.52
2011-09-19,27.7,28.07,27.4,27.83
2011-09-20,27.9,28.14,27.25,27.59
2011-09-21,27.7,27.72,26.62,26.83
2011-09-22,26.83,26.83,25.31,25.67
2011-09-23,25.75,25.8,24.8,24.84
2011-09-26,24.95,25.73,24.84,25.09
2011-09-27,25.75,26.34,25.37,26.04
2011-09-28,26.25,26.91,25.6,25.68
2011-09-29,25.84,27.64,25.6,26.85
2011-09-30,25.81,25.81,25.05,25.29
2011-10-03,25.29,25.29,24.41,24.85
2011-10-04,24.8,24.97,24.31,24.69
2011-10-05,24.96,25.49,24.57,24.8
2011-10-06,24.86,25.4,24.51,24.64
2011-10-07,24.75,25.69,24.6,25.16
2011-10-10,25.46,26.63,25.36,26.28
2011-10-11,26.27,26.3,25.58,25.94
2011-10-12,25.99,26.35,25.72,26.01
2011-10-13,26.01,27.08,25.99,26.91
2011-10-14,26.91,28.05,26.71,27.93
2011-10-17,27.88,28.35,27.63,27.79
2011-10-18,27.6,28.08,27.41,27.85
2011-10-19,27.76,28.26,26.84,26.97
2011-10-20,26.7,27.1,26.13,26.8
2011-10-21,26.96,27.35,26.33,26.48
2011-10-24,26.77,27.3,26.48,27.1
2011-10-25,27.24,27.7,26.86,26.94
2011-10-26,27.1,27.21,26.24,26.35
2011-10-27,26.71,27.09,26.59,26.86
2011-10-28,27.05,27.17,26.1,26.15
2011-10-31,26.1,26.22,25.73,25.77
2011-11-01,25.73,26.02,25.31,25.34
2011-11-02,25.74,25.99,25.3,25.42
2011-11-03,25.56,25.78,25.37,25.65
2011-11-04,25.74,25.95,25.45,25.57
2011-11-07,25.6,25.85,25.22,25.32
2011-11-08,25.32,26.18,25.19,25.91
2011-11-09,26,26.03,25.31,25.36
2011-11-10,25.3,25.7,25.23,25.39
2011-11-11,25.47,25.53,24.8,25
2011-11-14,25.26,25.45,24.7,24.75
2011-11-15,24.9,25,24.5,24.81
2011-11-16,24.73,24.81,24.45,24.52
2011-11-17,24.46,24.51,24,24.04
2011-11-18,24.23,24.33,23.9,23.97
2011-11-21,24.06,24.32,23.86,24.09
2011-11-22,24.28,24.28,23.33,23.44
2011-11-23,23.44,23.52,23.01,23.09
2011-11-25,23.08,23.16,22.71,22.9
2011-11-28,23,23.41,22.97,23.12
2011-11-29,23.15,23.64,22.89,23.49
2011-11-30,23.49,23.95,23.15,23.69
2011-12-01,23.69,23.88,23.44,23.59
2011-12-02,23.6,23.94,23.4,23.45
2011-12-05,23.51,24.18,23.51,24.08
2011-12-06,24.05,24.25,23.86,24.18
2011-12-07,24.23,24.25,22.99,23.05
2011-12-08,23.15,24.22,23.15,24.13
2011-12-09,23.95,24.13,23.16,23.4
2011-12-12,23.46,23.89,23.17,23.29
2011-12-13,23.25,23.6,23.2,23.44
2011-12-14,23.41,23.53,22.68,22.8
2011-12-15,22.98,23.24,22.62,22.75
2011-12-16,23.1,23.14,22.76,23.08
2011-12-19,23.08,23.18,22.78,23.09
2011-12-20,23.11,23.7,23.11,23.49
2011-12-21,23.49,23.62,23.1,23.32
2011-12-22,23.41,23.5,23.2,23.44
2011-12-23,23.5,23.86,23.5,23.59
2011-12-27,23.7,23.85,23.59,23.61
2011-12-28,23.61,24,22.81,23.13
2011-12-29,23.13,23.6,22.85,23.51
2011-12-30,23.4,23.4,23,23.3
2012-01-03,23.4,24.55,23.39,24.51
2012-01-04,24.46,24.65,24.16,24.42
2012-01-05,24.49,24.52,22.9,23.13
2012-01-06,23.2,23.55,23.05,23.29
2012-01-09,23.45,23.48,22.82,23.34
2012-01-10,23.39,23.48,23,23.32
2012-01-11,23.41,23.75,23.03,23.69
2012-01-12,23.79,23.85,23.17,23.27
2012-01-13,23.3,23.96,23.1,23.84
2012-01-17,23.97,24.22,23.52,23.86
2012-01-18,24,24.17,23.85,24
2012-01-19,24.01,24.88,24.01,24.61
2012-01-20,24.81,24.98,24.35,24.89
2012-01-23,24.92,25.07,24.73,24.96
2012-01-24,24.87,25.21,24.74,24.89
2012-01-25,24.83,24.98,24.39,24.51
2012-01-26,24.58,24.97,24.51,24.73
2012-01-27,24.7,24.83,24.15,24.21
2012-01-30,24.25,24.38,23.8,23.85
2012-01-31,24,24.21,23.61,23.64
2012-02-01,23.78,23.78,23.43,23.59
2012-02-02,23.66,23.8,23.41,23.48
2012-02-03,23.57,24.16,23.52,23.94
2012-02-06,23.94,24.59,23.94,24.5
2012-02-07,24.5,24.66,24.07,24.4
2012-02-08,24.47,24.77,24.25,24.48
2012-02-09,24.5,24.89,24.38,24.53
2012-02-10,24.55,24.73,24.17,24.67
2012-02-13,24.74,24.84,24.45,24.64
2012-02-14,24.48,24.55,24.07,24.25
2012-02-15,24.22,24.56,24.1,24.49
2012-02-16,24.4,24.81,24.25,24.59
2012-02-17,24.55,24.69,24.49,24.62
2012-02-21,24.7,25.4,24.65,25.35
2012-02-22,25.43,25.81,25.25,25.76
2012-02-23,25.89,26.23,25.56,25.94
2012-02-24,25.9,26.28,25.79,26.19
2012-02-27,26.23,26.78,26.19,26.5
2012-02-28,26.5,26.6,26.04,26.09
2012-02-29,25.17,25.42,24.62,25.01
2012-03-01,25,25,24.45,24.85
2012-03-02,24.85,25.16,24.63,24.96
2012-03-05,24.95,25.1,24.6,24.68
2012-03-06,24.62,24.65,24.01,24.05
2012-03-07,24.25,24.31,23.82,23.92
2012-03-08,23.92,24.22,23.81,23.96
2012-03-09,24.03,24.19,23.55,23.66
2012-03-12,23.66,23.9,23.26,23.77
2012-03-13,23.85,24.19,23.54,24.13
2012-03-14,24.1,24.48,23.85,24.44
2012-03-15,24.44,25.58,24.34,25.5
2012-03-16,25.45,25.68,25.04,25.41
2012-03-19,25.41,25.71,25.21,25.66
2012-03-20,25.68,26.2,25.38,25.61
2012-03-21,25.56,25.99,25.3,25.33
2012-03-22,25.33,26.1,25.28,25.91
2012-03-23,25.79,26.13,25.5,25.63
2012-03-26,25.41,25.66,24.7,24.78
2012-03-27,24.77,24.96,24.26,24.3
2012-03-28,24.4,24.56,24.11,24.26
2012-03-29,24.35,24.65,24.18,24.6
2012-03-30,24.9,24.9,24.42,24.71
2012-04-02,24.68,24.78,24.48,24.58
2012-04-03,24.58,24.61,24.19,24.25
2012-04-04,24.25,24.72,24.15,24.42
2012-04-05,24.42,24.73,24.35,24.58
2012-04-09,24.58,24.86,24.37,24.43
2012-04-10,24.51,24.58,23.8,23.87
2012-04-11,23.87,24.06,23.8,23.95
2012-04-12,24.04,24.33,23.9,24.22
2012-04-13,24.29,24.29,23.27,23.37
2012-04-16,23.37,23.43,22.85,22.9
2012-04-17,23.02,23.26,22.8,23.02
2012-04-18,23.09,23.44,22.28,22.34
2012-04-19,22.55,22.71,21.96,22.05
2012-04-20,22.15,22.34,21.83,21.93
2012-04-23,22.1,22.26,21.78,21.91
2012-04-24,22,22.21,21.91,22
2012-04-25,22.04,22.42,22,22.04
2012-04-26,22.2,22.2,21.28,21.32
2012-04-27,21.19,21.37,20.9,21.22
2012-04-30,21.29,21.45,20.96,21.12
2012-05-01,21.04,21.14,20.77,20.95
2012-05-02,21.02,21.1,20.5,20.55
2012-05-03,20.55,20.78,20.51,20.65
2012-05-04,20.77,21,20.62,20.81
2012-05-07,20.81,21.17,20.7,21.05
2012-05-08,21.05,21.07,20.31,20.37
2012-05-09,20.37,20.54,20.13,20.38
2012-05-10,20.49,20.7,20.3,20.45
2012-05-11,20.35,20.58,20.19,20.22
2012-05-14,20.18,20.29,20.07,20.27
2012-05-15,20.31,20.69,20.3,20.4
2012-05-16,20.37,20.87,20.19,20.73
2012-05-17,20.85,20.93,20.61,20.86
2012-05-18,20.88,20.9,20.4,20.47
2012-05-21,20.47,20.66,20.3,20.38
2012-05-22,20.3,20.39,19.76,19.8
2012-05-23,19.8,19.84,19.36,19.51
2012-05-24,19.51,19.76,19.44,19.58
2012-05-25,19.51,19.85,19.51,19.62
2012-05-29,19.62,19.82,19.4,19.53
2012-05-30,19.61,19.77,19.45,19.48
2012-05-31,19.5,19.68,19.38,19.42
2012-06-01,19.5,19.5,18.95,19.09
2012-06-04,19.06,19.13,18.86,18.9
2012-06-05,18.94,19.19,18.9,19.06
2012-06-06,19.12,20.08,19.12,19.9
2012-06-07,19.9,20.43,19.67,19.76
2012-06-08,19.7,20.04,19.6,19.98
2012-06-11,20.04,20.51,20,20.47
2012-06-12,20.3,20.62,20.14,20.36
2012-06-13,20.21,20.26,19.81,19.92
2012-06-14,20,20.23,19.81,19.97
2012-06-15,20,20.87,19.98,20.84
2012-06-18,20.7,21.03,20.7,20.86
2012-06-19,20.85,21.6,20.63,21.57
2012-06-20,21.55,21.8,21.18,21.74
2012-06-21,21.57,21.81,21,21.39
2012-06-22,21.16,21.47,20.21,20.24
2012-06-25,20.36,20.46,20.13,20.3
2012-06-26,20.33,20.67,20.25,20.53
2012-06-27,20.69,21.65,20.42,21.42
2012-06-28,21.4,21.96,21.04,21.21
2012-06-29,20.56,21.12,20.56,21.01
2012-07-02,21.08,21.59,21.03,21.4
2012-07-03,21.45,22.05,21.43,21.98
2012-07-05,22.09,22.69,21.8,21.92
2012-07-06,21.81,22.38,21.69,22.25
2012-07-09,22.32,22.87,22.25,22.7
2012-07-10,22.7,23.05,22.45,22.49
2012-07-11,22.49,22.98,22.4,22.88
2012-07-12,22.88,23.04,22.16,22.46
2012-07-13,22.46,22.82,22.36,22.73
2012-07-16,22.73,22.92,22.32,22.77
2012-07-17,22.8,22.85,22.46,22.79
2012-07-18,22.83,22.98,22.2,22.95
2012-07-19,22.98,23.28,22.65,23.25
2012-07-20,23.25,23.99,23.08,23.92
2012-07-23,23.92,24,23.48,23.89
2012-07-24,23.88,23.92,23.19,23.49
2012-07-25,23.49,23.63,23.19,23.57
2012-07-26,23.4,23.4,22.25,22.5
2012-07-27,22.5,22.69,22.2,22.52
2012-07-30,22.52,22.97,22.45,22.8
2012-07-31,22.81,23,22.35,22.64
2012-08-01,22.59,22.81,22.07,22.56
2012-08-02,22.55,22.56,21.95,22.04
2012-08-03,22,22.14,21.78,22
2012-08-06,22,22.1,21.67,21.83
2012-08-07,21.8,22.04,21.35,21.42
2012-08-08,21.4,21.56,21.05,21.09
2012-08-09,21.13,21.29,20.78,20.8
2012-08-10,20.98,21.19,20.65,20.74
2012-08-13,20.89,20.9,20.36,20.39
2012-08-14,20.6,20.77,20.24,20.32
2012-08-15,20.45,20.64,20.17,20.29
2012-08-16,20.37,20.45,20.14,20.15
2012-08-17,20.16,20.6,20.11,20.18
2012-08-20,20.25,20.7,20.21,20.5
2012-08-21,20.5,20.5,19.75,19.78
2012-08-22,19.8,20.18,19.8,19.94
2012-08-23,19.8,20.27,19.56,19.59
2012-08-24,19.62,19.74,19.48,19.58
2012-08-27,19.7,19.97,19.52,19.56
2012-08-28,19.63,20.18,19.45,20.13
2012-08-29,20.18,20.39,19.67,19.76
2012-08-30,19.75,20.1,19.67,19.75
2012-08-31,19.86,19.99,19.62,19.78
2012-09-04,19.83,19.93,19.31,19.34
2012-09-05,19.41,19.58,18.98,19.01
2012-09-06,19.18,19.27,18.81,18.87
2012-09-07,19,19.6,18.96,19.38
2012-09-10,19.3,19.74,19.3,19.43
2012-09-11,19.44,19.65,19.3,19.44
2012-09-12,19.48,19.92,19.44,19.72
2012-09-13,19.74,19.95,19.63,19.71
2012-09-14,19.8,20.25,19.73,19.91
2012-09-17,19.88,20.1,19.85,20.03
2012-09-18,19.98,20.02,19.3,19.44
2012-09-19,19.38,19.51,18.93,18.96
2012-09-20,19.13,19.3,18.97,19.21
2012-09-21,19.23,19.7,19.13,19.38
2012-09-24,19.38,19.62,19.21,19.5
2012-09-25,19.45,19.88,19.38,19.86
2012-09-26,19.79,20.03,19.27,19.57
2012-09-27,19.42,19.79,19.31,19.6
2012-09-28,20.39,20.5,20.15,20.42
2012-10-01,20.42,21.15,20.36,21.13
2012-10-02,21.09,21.72,21.08,21.59
2012-10-03,21.5,21.69,21.21,21.58
2012-10-04,21.57,21.77,21.12,21.6
2012-10-05,21.62,21.66,21.02,21.54
2012-10-08,21.54,21.55,21.21,21.42
2012-10-09,21.42,21.74,21.38,21.47
2012-10-10,21.47,21.49,20.86,21.26
2012-10-11,21.17,21.18,20.21,20.45
2012-10-12,20.5,20.59,19.85,20.05
2012-10-15,20.11,20.14,19.81,19.85
2012-10-16,19.88,20.23,19.87,20.17
2012-10-17,20.16,20.29,20.01,20.11
2012-10-18,20.11,20.18,19.67,19.79
2012-10-19,19.92,20.47,19.71,20.23
2012-10-22,20.33,20.5,19.93,20.06
2012-10-23,20.04,20.04,19.55,19.65
2012-10-24,19.72,19.85,19.45,19.68
2012-10-25,19.73,19.95,19.48,19.53
2012-10-26,19.56,19.65,19.28,19.35
2012-10-29,19.45,19.49,19.27,19.41
2012-10-30,19.46,19.68,19.42,19.56
2012-10-31,19.6,19.66,19.18,19.46
2012-11-01,19.46,19.55,19.27,19.38
2012-11-02,19.43,19.51,19.34,19.45
2012-11-05,19.49,19.51,19.27,19.33
2012-11-06,19.37,19.77,19.26,19.59
2012-11-07,19.59,19.64,18.92,18.95
2012-11-08,19.02,19.08,18.69,18.84
2012-11-09,18.94,19.28,18.66,19.06
2012-11-12,19.15,19.47,19.03,19.36
2012-11-13,19.4,19.64,19.24,19.35
2012-11-14,19.35,19.61,19.19,19.24
2012-11-15,19.21,19.26,18.96,19.04
2012-11-16,19.02,19.2,18.91,19.15
2012-11-19,19.25,20,19.25,19.94
2012-11-20,19.94,20.03,19.73,19.9
2012-11-21,19.83,19.86,19.55,19.64
2012-11-23,19.71,19.89,19.11,19.14
2012-11-26,19.19,19.34,19.04,19.15
2012-11-27,19.22,19.47,19.1,19.23
2012-11-28,19.29,19.36,19.07,19.16
2012-11-29,19.16,19.4,19.14,19.34
2012-11-30,19.36,19.42,19.18,19.34
2012-12-03,19.45,19.94,19.39,19.75
2012-12-04,19.73,19.9,19.36,19.44
2012-12-05,19.42,19.67,19.28,19.57
2012-12-06,19.58,19.6,19.26,19.36
2012-12-07,19.35,19.4,19.05,19.21
2012-12-10,19.21,19.24,18.72,18.76
2012-12-11,18.78,18.94,18.7,18.88
2012-12-12,18.89,18.91,18.5,18.54
2012-12-13,18.55,18.63,18.31,18.54
2012-12-14,18.63,19.06,18.6,19.01
2012-12-17,19.15,19.45,19.14,19.41
2012-12-18,19.38,19.43,19.06,19.39
2012-12-19,19.37,19.46,19.15,19.23
2012-12-20,19.28,19.29,18.81,19.25
2012-12-21,19.23,19.35,19.08,19.25
2012-12-24,19.09,19.29,18.99,19.02
2012-12-26,19.05,19.22,19.03,19.05
2012-12-27,19.1,19.55,19.02,19.45
2012-12-28,19.5,19.58,19.39,19.42
2012-12-31,19.39,19.58,19.29,19.51
2013-01-02,19.65,19.75,19.58,19.69
2013-01-03,19.7,19.71,18.89,19.1
2013-01-04,19.06,19.1,18.77,18.85
2013-01-07,18.94,19.05,18.67,18.86
2013-01-08,18.98,19.02,18.61,18.67
2013-01-09,18.67,18.81,18.52,18.72
2013-01-10,18.83,18.99,18.72,18.96
2013-01-11,18.95,19.19,18.85,19.17
2013-01-14,19.14,19.17,18.81,18.9
2013-01-15,18.9,18.9,18.58,18.62
2013-01-16,18.7,18.74,18.33,18.45
2013-01-17,18.52,18.59,18.38,18.42
2013-01-18,18.46,18.62,18.35,18.37
2013-01-22,18.32,18.5,18.08,18.12
2013-01-23,18.17,18.6,18.06,18.5
2013-01-24,18.54,18.59,18.31,18.49
2013-01-25,18.55,18.55,18.26,18.38
2013-01-28,18.47,18.96,18.35,18.73
2013-01-29,18.75,18.78,18.31,18.38
2013-01-30,18.6,18.76,18.27,18.71
2013-01-31,18.71,18.85,18.46,18.78
2013-02-01,18.85,19.02,18.69,18.89
2013-02-04,18.84,18.97,18.71,18.73
2013-02-05,18.76,18.89,18.53,18.56
2013-02-06,18.59,18.61,18.17,18.19
2013-02-07,18.22,18.32,18.12,18.16
2013-02-08,18.18,18.27,18.03,18.14
2013-02-11,18.25,18.49,18.16,18.44
2013-02-12,18.44,18.5,18.06,18.08
2013-02-13,18.15,18.36,18.07,18.23
2013-02-14,18.3,18.34,17.87,17.94
2013-02-15,18.09,18.23,17.95,18
2013-02-19,18.23,18.34,18.1,18.22
2013-02-20,18.2,18.46,18.08,18.35
2013-02-21,18.3,18.33,18.02,18.12
2013-02-22,18.13,18.3,18.1,18.24
2013-02-25,18.31,18.5,17.94,18.01
2013-02-26,18.01,18.01,17.76,17.79
2013-02-27,17.77,17.95,17.75,17.84
2013-02-28,18.08,18.59,17.94,18.39
2013-03-01,18.34,18.39,17.88,17.91
2013-03-04,17.91,18.14,17.91,18.08
2013-03-05,18.15,18.28,18.07,18.19
2013-03-06,18.19,18.24,18.11,18.2
2013-03-07,18.14,18.81,18.12,18.77
2013-03-08,18.74,19.05,18.58,18.75
2013-03-11,18.75,18.96,18.67,18.82
2013-03-12,18.84,18.91,18.48,18.82
2013-03-13,18.82,18.89,18.64,18.8
2013-03-14,18.76,18.88,18.59,18.84
2013-03-15,18.84,19.12,18.72,18.89
2013-03-18,18.71,18.73,18.24,18.29
2013-03-19,18.35,18.4,18.26,18.31
2013-03-20,18.41,18.49,18.32,18.35
2013-03-21,18.4,18.49,18.13,18.21
2013-03-22,18.25,18.38,18.15,18.2
2013-03-25,18.21,18.22,17.93,17.97
2013-03-26,17.97,18.01,17.77,17.78
2013-03-27,17.78,17.95,17.75,17.85
2013-03-28,17.95,17.95,17.56,17.66
2013-04-01,17.7,17.79,17.63,17.69
2013-04-02,17.69,17.74,17.5,17.59
2013-04-03,17.59,17.71,17.47,17.5
2013-04-04,17.54,17.74,17.5,17.67
2013-04-05,17.67,17.76,17.61,17.65
2013-04-08,17.84,17.88,17.56,17.7
2013-04-09,17.73,17.79,17.61,17.72
2013-04-10,17.79,17.94,17.76,17.9
2013-04-11,17.89,17.91,17.71,17.84
2013-04-12,17.84,18.15,17.8,18.03
2013-04-15,17.99,18.08,17.74,17.79
2013-04-16,17.77,18.02,17.74,18.01
2013-04-17,17.89,17.98,17.77,17.85
2013-04-18,17.76,17.92,17.55,17.69
2013-04-19,17.62,18.02,17.55,17.97
2013-04-22,17.89,17.91,17.74,17.87
2013-04-23,17.81,17.9,17.71,17.74
2013-04-24,17.8,17.8,17.38,17.4
2013-04-25,17.4,17.47,17.25,17.41
2013-04-26,17.41,17.48,17.26,17.36
2013-04-29,17.35,17.55,17.13,17.49
2013-04-30,17.54,17.74,17.49,17.6
2013-05-01,17.63,17.68,17.29,17.33
2013-05-02,17.33,17.63,17.18,17.6
2013-05-03,17.6,17.62,17.44,17.53
2013-05-06,17.6,17.9,17.52,17.81
2013-05-07,17.79,17.84,17.56,17.64
2013-05-08,17.63,17.69,17.44,17.47
2013-05-09,17.43,17.64,17.38,17.47
2013-05-10,17.5,17.62,17.38,17.43
2013-05-13,17.43,17.56,17.23,17.25
2013-05-14,17.25,17.29,17,17.02
2013-05-15,17.03,17.11,16.92,16.95
2013-05-16,16.94,16.98,16.81,16.83
2013-05-17,16.83,17,16.82,16.89
2013-05-20,16.9,17,16.8,16.81
2013-05-21,16.84,16.92,16.7,16.86
2013-05-22,16.85,16.97,16.6,16.65
2013-05-23,16.62,16.89,16.56,16.76
2013-05-24,16.76,16.91,16.73,16.84
2013-05-28,16.89,17,16.7,16.72
2013-05-29,16.72,16.82,16.61,16.67
2013-05-30,16.69,16.78,16.63,16.65
2013-05-31,16.68,16.75,16.52,16.55
2013-06-03,16.55,16.66,16.41,16.43
2013-06-04,16.43,16.48,16.32,16.38
2013-06-05,16.41,16.53,16.34,16.38
2013-06-06,16.38,16.52,16.34,16.48
2013-06-07,16.53,16.6,16.35,16.43
2013-06-10,16.46,16.47,16.35,16.38
2013-06-11,16.38,16.44,16.18,16.29
2013-06-12,16.28,16.4,16.2,16.21
2013-06-13,16.21,16.35,16.17,16.24
2013-06-14,16.25,16.8,16.23,16.78
2013-06-17,16.8,16.98,16.54,16.93
2013-06-18,16.88,16.9,16.65,16.76
2013-06-19,16.76,17.08,16.63,16.97
2013-06-20,16.88,16.88,16.35,16.38
2013-06-21,16.44,16.8,16.39,16.74
2013-06-24,16.69,17.05,16.6,17.01
2013-06-25,17,17.29,16.93,17.07
2013-06-26,17,17.07,16.87,17.01
2013-06-27,16.9,17.07,16.36,16.47
2013-06-28,17.05,17.14,16.87,16.92
2013-07-01,16.93,17.04,16.58,16.69
2013-07-02,16.68,16.74,16.43,16.53
2013-07-03,16.54,16.6,16.41,16.42
2013-07-05,16.43,16.46,16.24,16.26
2013-07-08,16.3,16.38,16.24,16.33
2013-07-09,16.31,16.41,16.27,16.34
2013-07-10,16.33,16.47,16.19,16.25
2013-07-11,16.24,16.33,16.08,16.1
2013-07-12,16.16,16.19,16.03,16.06
2013-07-15,16.08,16.2,16.03,16.16
2013-07-16,16.15,16.23,15.93,16
2013-07-17,16,16.15,15.97,16.08
2013-07-18,16.07,16.45,16.06,16.18
2013-07-19,16.21,16.36,16.17,16.29
2013-07-22,16.31,16.48,16.29,16.4
2013-07-23,16.38,16.55,16.28,16.34
2013-07-24,16.34,16.37,16.09,16.14
2013-07-25,16.15,16.45,16.15,16.39
2013-07-26,16.38,16.49,16.29,16.47
2013-07-29,16.45,16.95,16.38,16.92
2013-07-30,16.92,16.98,16.83,16.93
2013-07-31,16.9,17.08,16.68,16.97
2013-08-01,16.95,17.03,16.78,16.83
2013-08-02,16.82,16.88,16.72,16.79
2013-08-05,16.79,16.83,16.51,16.56
2013-08-06,16.58,16.65,16.52,16.55
2013-08-07,16.55,16.8,16.52,16.78
2013-08-08,16.79,16.86,16.71,16.82
2013-08-09,16.84,17.04,16.8,16.98
2013-08-12,17.03,17.23,16.9,17.16
2013-08-13,17.16,17.29,17.13,17.25
2013-08-14,17.25,17.28,17.14,17.25
2013-08-15,17.25,17.28,17.03,17.19
2013-08-16,17.2,17.26,16.89,16.94
2013-08-19,16.85,16.85,16.45,16.53
2013-08-20,16.55,16.62,16.46,16.47
2013-08-21,16.49,16.54,16.3,16.32
2013-08-22,16.35,16.42,16.26,16.28
2013-08-23,16.29,16.53,16.28,16.47
2013-08-26,16.5,16.67,16.48,16.61
2013-08-27,16.61,16.62,16.35,16.46
2013-08-28,16.46,16.56,16.4,16.44
2013-08-29,16.45,16.51,16.31,16.37
2013-08-30,16.35,16.4,16.31,16.34
2013-09-03,16.35,16.54,16.35,16.47
2013-09-04,16.49,16.51,16.35,16.38
2013-09-05,16.38,16.57,16.36,16.51
2013-09-06,16.57,16.9,16.55,16.79
2013-09-09,16.8,17.04,16.79,17.01
2013-09-10,16.99,17.2,16.97,17.18
2013-09-11,17.17,17.33,17.07,17.17
2013-09-12,17.12,17.24,17.1,17.18
2013-09-13,17.2,17.24,16.98,17.09
2013-09-16,17,17.03,16.91,16.94
2013-09-17,16.95,16.96,16.75,16.79
2013-09-18,16.8,16.93,16.74,16.89
2013-09-19,16.95,17.23,16.95,17.17
2013-09-20,17.2,17.33,17.11,17.18
2013-09-23,17.1,17.3,16.98,17.25
2013-09-24,17.29,17.45,17.26,17.42
2013-09-25,17.42,17.64,17.29,17.62
2013-09-26,17.67,17.67,17.45,17.51
2013-09-27,17.5,17.5,16.78,16.87
2013-09-30,17.73,18.17,17.61,18.14
2013-10-01,18.13,18.38,18.06,18.32
2013-10-02,18.32,18.56,18.22,18.51
2013-10-03,18.47,18.54,18.42,18.52
2013-10-04,18.52,18.54,18.36,18.48
2013-10-07,18.5,18.65,18.49,18.59
2013-10-08,18.6,18.67,18.45,18.62
2013-10-09,18.6,18.62,18.47,18.59
2013-10-10,18.55,18.76,18.46,18.72
2013-10-11,18.75,18.95,18.72,18.93
2013-10-14,18.91,19.11,18.84,19.05
2013-10-15,19.05,19.15,18.55,18.7
2013-10-16,18.71,19.04,18.63,19.01
2013-10-17,18.97,19.04,18.87,19
2013-10-18,18.98,20.16,18.93,19.5
2013-10-21,19.5,19.69,19.33,19.42
2013-10-22,19.42,19.49,19.25,19.45
2013-10-23,19.42,19.45,19.22,19.28
2013-10-24,19.21,19.22,18.8,18.97
2013-10-25,18.88,19.07,18.8,19.03
2013-10-28,19.03,19.06,18.86,18.91
2013-10-29,18.85,18.88,18.43,18.45
2013-10-30,18.54,18.55,18.28,18.32
2013-10-31,18.36,18.43,18.26,18.32
2013-11-01,18.33,18.37,18.2,18.25
2013-11-04,18.17,18.38,18.17,18.32
2013-11-05,18.36,18.45,18.23,18.26
2013-11-06,18.27,18.28,18.08,18.1
2013-11-07,18.05,18.14,17.93,18.04
2013-11-08,18.1,18.16,17.95,18.08
2013-11-11,18.05,18.14,17.94,17.97
2013-11-12,17.97,18.02,17.84,17.87
2013-11-13,17.9,17.93,17.79,17.8
2013-11-14,17.85,17.85,17.62,17.64
2013-11-15,17.64,17.68,17.5,17.55
2013-11-18,17.6,17.81,17.6,17.75
2013-11-19,17.75,17.85,17.64,17.65
2013-11-20,17.64,17.75,17.57,17.6
2013-11-21,17.65,17.65,17.5,17.51
2013-11-22,17.51,17.53,17.33,17.4
2013-11-25,17.45,17.48,17.3,17.32
2013-11-26,17.31,17.4,17.26,17.3
2013-11-27,17.36,17.46,17.21,17.22
2013-11-29,17.25,17.29,17.15,17.15
2013-12-02,17.18,17.25,16.92,16.97
2013-12-03,16.95,16.97,16.8,16.81
2013-12-04,16.83,16.87,16.66,16.68
2013-12-05,16.68,16.76,16.55,16.69
2013-12-06,16.78,16.84,16.56,16.59
2013-12-09,16.55,16.77,16.52,16.55
2013-12-10,16.53,16.84,16.45,16.62
2013-12-11,16.63,16.72,16.48,16.51
2013-12-12,16.49,16.54,16.29,16.3
2013-12-13,16.32,16.37,16.22,16.27
2013-12-16,16.32,16.36,16.24,16.27
2013-12-17,16.25,16.27,15.91,15.96
2013-12-18,15.96,16.07,15.86,15.89
2013-12-19,15.89,16.23,15.89,16.15
2013-12-20,16.18,16.48,16.18,16.45
2013-12-23,16.48,16.48,16.22,16.23
2013-12-24,16.25,16.36,16.2,16.21
2013-12-26,16.26,16.37,16.21,16.29
2013-12-27,16.32,16.49,16.29,16.43
2013-12-30,16.4,16.52,16.34,16.38
2013-12-31,16.35,16.58,16.3,16.41
2014-01-02,16.38,16.42,16.25,16.29
2014-01-03,16.28,16.37,16.06,16.08
2014-01-06,16.08,16.16,15.97,16.08
2014-01-07,16.1,16.19,15.98,16.06
2014-01-08,16.08,16.09,15.69,15.74
2014-01-09,15.78,15.78,15.41,15.48
2014-01-10,15.46,15.6,15.43,15.57
2014-01-13,15.59,15.69,15.44,15.6
2014-01-14,15.61,15.67,15.43,15.49
2014-01-15,15.49,15.49,15.13,15.23
2014-01-16,15.22,15.53,15.1,15.45
2014-01-17,15.5,15.51,15.15,15.22
2014-01-21,15.22,15.33,15.14,15.22
2014-01-22,15.2,15.27,14.97,15.03
2014-01-23,15.04,15.21,15,15.04
2014-01-24,15.06,15.18,15.01,15.11
2014-01-27,15.14,15.15,14.78,14.8
2014-01-28,14.75,15.1,14.7,15.02
2014-01-29,15.08,15.09,14.72,14.74
2014-01-30,14.8,15.06,14.72,14.99
2014-01-31,14.99,15.72,14.99,15.55
2014-02-03,15.54,15.77,15.47,15.74
2014-02-04,15.76,16.38,15.58,16.06
2014-02-05,16.03,16.24,15.92,16.1
2014-02-06,16.08,16.17,15.75,15.85
2014-02-07,15.84,15.88,15.6,15.73
2014-02-10,15.61,15.68,15.38,15.64
2014-02-11,15.67,15.73,15.43,15.46
2014-02-12,15.46,15.93,15.31,15.81
2014-02-13,15.85,15.89,15.54,15.66
2014-02-14,15.66,15.66,15.52,15.63
2014-02-18,15.66,16.23,15.65,16.16
2014-02-19,16.2,16.5,16.05,16.46
2014-02-20,16.43,16.48,16.25,16.33
2014-02-21,16.35,16.79,16.35,16.72
2014-02-24,16.75,17.67,16.75,17.41
2014-02-25,17.45,17.77,17.25,17.34
2014-02-26,17.3,17.35,16.61,17.29
2014-02-27,17.3,17.68,16.92,17.44
2014-02-28,18.03,18.03,17.51,17.66
2014-03-03,17.56,17.98,17.41,17.8
2014-03-04,17.8,17.8,17.44,17.74
2014-03-05,17.74,18.28,17.73,18.23
2014-03-06,18.3,18.47,18.04,18.32
2014-03-07,18.31,18.4,17.87,18.01
2014-03-10,17.84,18.36,17.41,18.22
2014-03-11,18.2,18.37,17.82,18.03
2014-03-12,17.98,18,17.58,17.67
2014-03-13,17.68,17.85,17.51,17.82
2014-03-14,17.67,17.71,17.07,17.25
2014-03-17,17.25,17.32,16.94,17.05
2014-03-18,17.04,17.17,16.93,17.14
2014-03-19,17.18,17.37,17.06,17.32
2014-03-20,17.31,17.36,17,17.05
2014-03-21,17,17.03,16.69,16.83
2014-03-24,16.74,16.98,16.67,16.84
2014-03-25,16.83,17.01,16.76,16.97
2014-03-26,17,17.53,16.97,17.36
2014-03-27,17.5,17.89,17.48,17.87
2014-03-28,17.92,18.1,17.65,17.98
2014-03-31,17.95,17.99,17.68,17.77
2014-04-01,17.77,17.78,17.06,17.18
2014-04-02,17.07,17.11,16.79,16.97
2014-04-03,17.03,17.2,16.89,17.18
2014-04-04,17.2,17.39,17.01,17.35
2014-04-07,17.32,17.35,16.9,16.94
2014-04-08,16.95,17.21,16.82,17.16
2014-04-09,17.15,17.34,16.96,17.04
2014-04-10,17,17.29,17,17.08
2014-04-11,17.19,17.19,16.78,16.8
2014-04-14,16.82,17.03,16.53,16.59
2014-04-15,16.59,16.73,16.5,16.56
2014-04-16,16.63,17.24,16.63,16.92
2014-04-17,16.92,16.92,16.56,16.66
2014-04-21,16.76,16.95,16.74,16.84
2014-04-22,16.87,17.02,16.75,16.99
2014-04-23,17,17.46,17,17.42
2014-04-24,17.4,17.59,17.06,17.12
2014-04-25,17.12,17.38,17.01,17.2
2014-04-28,17.2,17.32,16.9,16.94
2014-04-29,16.95,17.12,16.8,17.04
2014-04-30,17.62,17.88,17.61,17.72
2014-05-01,17.76,17.85,17.64,17.8
2014-05-02,17.84,17.85,17.4,17.45
2014-05-05,17.41,17.54,17.27,17.47
2014-05-06,17.45,17.55,17.15,17.2
2014-05-07,17.17,17.38,17.11,17.26
2014-05-08,17.27,17.36,17.07,17.24
2014-05-09,17.2,17.3,17.16,17.2
2014-05-12,17.2,17.32,17.13,17.29
2014-05-13,17.31,17.84,17.3,17.8
2014-05-14,17.84,18.28,17.83,18.25
2014-05-15,18.21,18.25,17.81,18.2
2014-05-16,18.15,18.23,17.86,17.91
2014-05-19,17.92,17.99,17.72,17.77
2014-05-20,17.75,17.87,17.53,17.58
2014-05-21,17.59,17.59,17.35,17.44
2014-05-22,17.46,17.54,17.36,17.38
2014-05-23,17.34,17.45,17.26,17.37
2014-05-27,17.32,17.34,16.95,17.02
2014-05-28,17.02,17.18,17.01,17.11
2014-05-29,17.17,17.57,17.17,17.48
2014-05-30,17.5,17.54,17.25,17.38
2014-06-02,17.45,17.54,17.12,17.18
2014-06-03,17.16,17.28,17.13,17.19
2014-06-04,17.18,17.26,17.01,17.04
2014-06-05,17.02,17.1,16.81,16.83
2014-06-06,16.85,16.99,16.77,16.92
2014-06-09,16.97,17.17,16.93,16.98
2014-06-10,17.04,17.08,16.84,16.97
2014-06-11,16.95,16.95,16.75,16.81
2014-06-12,16.76,16.87,16.68,16.7
2014-06-13,16.72,17.17,16.67,17.04
2014-06-16,17.11,17.22,17.04,17.1
2014-06-17,17.07,17.1,16.96,17.06
2014-06-18,17.09,17.55,17.04,17.53
2014-06-19,17.48,17.98,17.38,17.94
2014-06-20,17.93,17.96,17.83,17.92
2014-06-23,17.94,17.98,17.72,17.85
2014-06-24,17.8,17.88,17.66,17.81
2014-06-25,17.76,17.84,17.53,17.72
2014-06-26,17.75,17.81,17.52,17.57
2014-06-27,17.59,17.69,16.82,16.85
2014-06-30,18.2,18.29,17.98,18.01
2014-07-01,18.04,18.04,17.71,17.8
2014-07-02,17.83,17.96,17.65,17.87
2014-07-03,17.9,17.93,17.73,17.81
2014-07-07,17.75,17.75,17.34,17.51
2014-07-08,17.55,17.78,17.4,17.68
2014-07-09,17.7,17.77,17.27,17.42
2014-07-10,17.45,17.45,17.15,17.29
2014-07-11,17.29,17.29,17,17.07
2014-07-14,17.14,17.33,17.1,17.19
2014-07-15,17.18,17.28,17.15,17.21
2014-07-16,17.24,17.31,17.02,17.07
2014-07-17,17.07,17.1,16.87,16.92
2014-07-18,17.01,17.2,16.93,16.97
2014-07-21,17.05,17.44,17,17.28
2014-07-22,17.3,17.33,16.96,17.16
2014-07-23,17.19,17.23,16.92,16.96
2014-07-24,16.96,17.33,16.94,17.05
2014-07-25,17.01,17.23,16.98,17.14
2014-07-28,17.17,17.18,16.9,16.94
2014-07-29,16.92,16.93,16.6,16.62
2014-07-30,16.64,16.73,16.52,16.63
2014-07-31,16.68,16.72,16.42,16.46
2014-08-01,16.48,16.49,16.2,16.35
2014-08-04,16.85,17.26,16.28,16.32
2014-08-05,16.32,16.34,16.1,16.13
2014-08-06,16.13,16.44,16.06,16.32
2014-08-07,16.33,16.64,16.04,16.05
2014-08-08,16.08,16.2,16.01,16.14
2014-08-11,16.14,16.37,16.04,16.24
2014-08-12,16.23,16.43,16.02,16.05
2014-08-13,16.03,16.23,15.97,16.02
2014-08-14,16,16.02,15.84,15.91
2014-08-15,15.82,16.05,15.82,15.92
2014-08-18,16,16.01,15.63,15.68
2014-08-19,15.67,15.69,15.44,15.47
2014-08-20,15.5,15.77,15.38,15.7
2014-08-21,15.7,16.05,15.66,15.99
2014-08-22,15.99,16.05,15.61,15.64
2014-08-25,15.66,15.74,15.3,15.36
2014-08-26,15.4,15.75,15.35,15.71
2014-08-27,15.75,15.97,15.56,15.58
2014-08-28,15.52,15.72,15.48,15.56
2014-08-29,15.6,15.7,15.41,15.49
2014-09-02,15.55,15.86,15.54,15.82
2014-09-03,15.86,15.87,15.56,15.62
2014-09-04,15.6,15.73,15.06,15.13
2014-09-05,15.13,15.23,15,15
2014-09-08,15.02,15.14,14.93,14.94
2014-09-09,14.99,15.08,14.71,14.88
2014-09-10,14.85,14.88,14.43,14.52
2014-09-11,14.42,14.62,14.33,14.36
2014-09-12,14.38,14.39,13.75,13.78
2014-09-15,13.8,13.95,13.52,13.67
2014-09-16,13.67,13.82,13.52,13.55
2014-09-17,13.59,14.01,13.32,13.88
2014-09-18,13.94,14.39,13.7,13.79
2014-09-19,13.7,13.84,13.48,13.5
2014-09-22,13.44,14.17,13.36,14.08
2014-09-23,13.97,14.83,13.94,14.15
2014-09-24,14.18,14.7,14.1,14.62
2014-09-25,14.74,15.44,14.63,14.7
2014-09-26,14.93,15.5,14.91,15.41
2014-09-29,15.53,15.84,15.24,15.66
2014-09-30,16.8,16.94,16.39,16.45
2014-10-01,16.38,16.45,15.89,16.04
2014-10-02,16.12,16.27,15.9,16.05
2014-10-03,16.05,16.49,16,16.44
2014-10-06,16.55,16.99,16.55,16.98
2014-10-07,17,17.12,16.88,17.03
2014-10-08,16.97,16.99,16.7,16.92
2014-10-09,16.91,17.2,16.62,16.7
2014-10-10,16.68,16.76,16.52,16.55
2014-10-13,16.57,16.72,16.52,16.67
2014-10-14,16.68,16.85,16.57,16.81
2014-10-15,16.9,16.96,16.41,16.5
2014-10-16,16.55,16.71,16.28,16.67
2014-10-17,16.63,16.74,16.43,16.62
2014-10-20,16.69,16.89,16.6,16.68
2014-10-21,16.7,16.73,16.36,16.44
2014-10-22,16.64,16.68,16.47,16.5
2014-10-23,16.5,16.59,16.13,16.16
2014-10-24,16.28,16.49,16.23,16.38
2014-10-27,16.17,16.18,15.91,16.03
2014-10-28,16.03,16.2,15.94,16.13
2014-10-29,16.2,16.4,16.18,16.3
2014-10-30,16.34,16.37,16.15,16.3
2014-10-31,16.29,16.32,16,16.04
2014-11-03,16,16.06,15.91,15.93
2014-11-04,15.9,15.94,15.65,15.68
2014-11-05,15.71,15.82,15.5,15.51
2014-11-06,15.55,15.63,15.42,15.48
2014-11-07,15.66,15.86,15.53,15.69
2014-11-10,15.79,15.8,15.54,15.66
2014-11-11,15.66,16.35,15.6,16.23
2014-11-12,16.3,16.44,16.09,16.36
2014-11-13,16.22,16.34,15.94,16.01
2014-11-14,16.06,16.08,15.74,15.9
2014-11-17,15.9,15.98,15.66,15.77
2014-11-18,15.8,15.87,15.65,15.71
2014-11-19,15.72,15.97,15.65,15.87
2014-11-20,15.85,16.22,15.83,16.1
2014-11-21,16.05,16.18,15.87,16.09
2014-11-24,16.05,16.1,15.96,16
2014-11-25,16.07,16.2,15.9,16
2014-11-26,16,16.13,15.96,16.12
2014-11-28,15.96,15.99,15.53,15.59
2014-12-01,15.52,15.75,15.35,15.59
2014-12-02,15.54,15.68,15.21,15.24
2014-12-03,15.21,15.26,15.07,15.09
2014-12-04,15.12,15.24,15.02,15.21
2014-12-05,15.21,15.25,15.06,15.14
2014-12-08,15.25,15.43,15.19,15.3
2014-12-09,15.25,15.45,15.21,15.42
2014-12-10,15.54,15.62,15.44,15.47
2014-12-11,15.43,15.51,15.1,15.15
2014-12-12,15.14,15.21,14.96,14.98
2014-12-15,15,15.15,14.89,14.96
2014-12-16,14.96,14.98,14.67,14.71
2014-12-17,14.7,14.87,14.62,14.72
2014-12-18,14.79,15.02,14.76,14.99
2014-12-19,14.94,15.1,14.88,14.98
2014-12-22,15,15.2,14.8,14.86
2014-12-23,14.83,14.9,14.75,14.83
2014-12-24,14.8,14.85,14.75,14.76
2014-12-26,14.81,14.81,14.7,14.7
2014-12-29,14.74,14.86,14.53,14.6
2014-12-30,14.61,14.72,14.57,14.61
2014-12-31,14.65,14.79,14.47,14.52
2015-01-02,14.52,14.55,14.15,14.17
2015-01-05,14.2,14.3,14.07,14.26
2015-01-06,14.29,15.06,14.27,14.87
2015-01-07,14.94,14.99,14.61,14.78
2015-01-08,14.71,15.17,14.65,14.88
2015-01-09,14.85,14.98,14.8,14.91
2015-01-12,14.95,15.04,14.71,14.76
2015-01-13,14.71,14.96,14.67,14.87
2015-01-14,14.87,15.12,14.8,14.93
2015-01-15,14.9,15.38,14.89,15.35
2015-01-16,15.35,15.49,15.27,15.33
2015-01-20,15.39,15.85,15.36,15.83
2015-01-21,15.86,16.16,15.78,15.92
2015-01-22,15.82,15.95,15.62,15.91
2015-01-23,15.83,15.89,15.08,15.17
2015-01-26,15.16,15.51,15.14,15.35
2015-01-27,15.28,15.28,14.93,15.16
2015-01-28,15.15,15.34,14.97,15.16
2015-01-29,15.15,15.16,14.77,14.85
2015-01-30,14.85,15.02,14.67,14.79
2015-02-02,14.79,14.8,14.1,14.22
2015-02-03,14.25,14.74,14.23,14.47
2015-02-04,14.45,14.69,14.35,14.45
2015-02-05,14.45,14.57,14.33,14.41
2015-02-06,14.48,14.9,14.48,14.51
2015-02-09,14.56,14.87,14.53,14.82
2015-02-10,14.82,15.02,14.63,14.71
2015-02-11,14.67,14.79,14.5,14.71
2015-02-12,14.68,15.05,14.66,15.04
2015-02-13,15,15.03,14.8,14.88
2015-02-17,14.91,15.25,14.69,15.14
2015-02-18,15.12,15.19,14.96,15.09
2015-02-19,15.05,15.05,14.56,14.68
2015-02-20,14.7,14.72,14.32,14.39
2015-02-23,14.37,14.42,14.25,14.31
2015-02-24,14.3,14.41,14.09,14.17
2015-02-25,14.22,14.3,13.77,13.79
2015-02-26,13.8,14.12,13.8,14.08
2015-02-27,13.95,13.97,13.7,13.77
2015-03-02,13.87,13.87,13.57,13.64
2015-03-03,13.56,13.6,13.38,13.45
2015-03-04,13.38,13.53,13.18,13.34
2015-03-05,13.42,13.66,13.36,13.44
2015-03-06,13.5,13.65,13.4,13.44
2015-03-09,13.44,13.56,13.24,13.27
2015-03-10,13.18,13.21,12.98,13.02
2015-03-11,13.06,13.18,12.97,13.14
2015-03-12,13.14,13.31,13.1,13.21
2015-03-13,13.15,13.17,12.57,12.7
2015-03-16,12.79,12.98,12.77,12.9
2015-03-17,12.86,12.9,12.68,12.82
2015-03-18,12.85,12.97,12.64,12.73
2015-03-19,12.82,12.91,12.56,12.62
2015-03-20,12.62,12.78,12.39,12.68
2015-03-23,12.65,12.85,12.6,12.74
2015-03-24,12.79,12.92,12.36,12.45
2015-03-25,12.45,12.58,12.31,12.52
2015-03-26,12.52,12.53,12.32,12.34
2015-03-27,12.3,12.33,12.1,12.13
2015-03-30,12.09,12.22,11.94,11.99
2015-03-31,11.97,12.12,11.91,11.93
2015-04-01,12,12.38,11.98,12.32
2015-04-02,12.39,12.75,12.33,12.74
2015-04-06,12.8,12.86,12.5,12.54
2015-04-07,12.54,12.85,12.29,12.77
2015-04-08,12.78,13.13,12.76,12.97
2015-04-09,12.99,13.03,12.63,12.8
2015-04-10,12.82,12.88,12.69,12.83
2015-04-13,12.86,13.05,12.71,13.01
2015-04-14,12.98,13.24,12.93,13.19
2015-04-15,13.13,13.19,12.97,13
2015-04-16,13,13.46,12.93,13.43
2015-04-17,13.4,13.44,13.12,13.24
2015-04-20,13.18,13.2,12.66,12.69
2015-04-21,12.75,12.78,12.37,12.41
2015-04-22,12.43,12.69,12.42,12.66
2015-04-23,12.7,13.15,12.55,13.09
2015-04-24,13.1,13.3,12.98,13.23
2015-04-27,13.2,13.32,12.92,13.31
2015-04-28,13.3,13.41,13.06,13.17
2015-04-29,13.16,13.17,12.85,13.09
2015-04-30,13.15,13.5,12.85,13.18
2015-05-01,13.15,13.3,12.81,12.91
2015-05-04,12.78,12.78,12.46,12.51
2015-05-05,12.51,12.81,12.41,12.75
2015-05-06,12.81,12.96,12.77,12.87
2015-05-07,12.98,13.05,12.66,12.96
2015-05-08,12.97,13.44,12.92,13.42
2015-05-11,13.33,13.55,13.26,13.48
2015-05-12,13.49,13.59,13.33,13.58
2015-05-13,13.58,13.6,12.91,12.96
2015-05-14,12.97,13.1,12.73,12.84
2015-05-15,12.85,13.12,12.85,12.89
2015-05-18,12.78,12.9,12.68,12.78
2015-05-19,12.76,12.98,12.73,12.86
2015-05-20,12.85,12.87,12.58,12.59
2015-05-21,12.61,12.73,12.46,12.49
2015-05-22,12.55,12.67,12.28,12.31
2015-05-26,12.3,12.3,11.98,12.08
2015-05-27,12.12,12.14,11.83,11.87
2015-05-28,11.93,12.14,11.85,11.94
2015-05-29,12.01,12.07,11.92,11.98
2015-06-01,12.05,12.3,11.86,12.25
2015-06-02,12.26,12.5,12.24,12.32
2015-06-03,12.28,12.31,12.04,12.05
2015-06-04,12.05,12.23,12.02,12.12
2015-06-05,12.12,12.18,11.89,12.05
2015-06-08,12.09,12.25,12.06,12.16
2015-06-09,12.15,12.26,12.01,12.07
2015-06-10,12.08,12.23,12,12.01
2015-06-11,11.97,12.01,11.61,11.64
2015-06-12,11.68,11.77,11.65,11.72
2015-06-15,11.65,11.66,11.44,11.46
2015-06-16,11.46,11.54,11.3,11.31
2015-06-17,11.31,11.45,11.3,11.35
2015-06-18,11.37,11.45,11.24,11.25
2015-06-19,11.26,11.28,11.1,11.12
2015-06-22,11.2,11.49,11.19,11.48
2015-06-23,11.45,11.49,11.17,11.25
2015-06-24,11.19,11.55,11.18,11.51
2015-06-25,11.49,11.66,11.42,11.52
2015-06-26,11.54,11.85,11.42,11.67
2015-06-29,11.68,11.92,11.53,11.82
2015-06-30,12.15,12.49,12.08,12.47
2015-07-01,12.4,12.57,12.3,12.44
2015-07-02,12.44,12.68,12.24,12.3
2015-07-06,12.3,12.57,12.15,12.48
2015-07-07,12.47,12.69,12.19,12.33
2015-07-08,12.27,12.5,12.21,12.31
2015-07-09,12.3,12.43,11.84,11.9
2015-07-10,11.9,12.44,11.9,12.41
2015-07-13,12.5,12.63,12.33,12.56
2015-07-14,12.56,12.8,12.55,12.64
2015-07-15,12.61,12.61,12.41,12.46
2015-07-16,12.41,12.47,12.16,12.27
2015-07-17,12.23,12.26,11.92,11.96
2015-07-20,11.81,11.87,11.35,11.44
2015-07-21,11.55,11.72,11.38,11.42
2015-07-22,11.49,11.55,11.37,11.38
2015-07-23,11.39,11.55,11.35,11.51
2015-07-24,11.55,11.66,11.2,11.24
2015-07-27,11.35,11.42,11.17,11.24
2015-07-28,11.29,11.37,11.16,11.17
2015-07-29,11.22,11.61,11.22,11.46
2015-07-30,11.55,11.64,11.25,11.27
2015-07-31,11.27,11.33,11.12,11.14
2015-08-03,11.19,11.19,10.84,10.89
2015-08-04,10.89,11.04,10.79,11.01
2015-08-05,11.04,11.07,10.74,10.76
2015-08-06,10.7,10.84,10.64,10.7
2015-08-07,10.75,10.96,10.63,10.66
2015-08-10,10.62,10.64,10.37,10.57
2015-08-11,10.6,10.71,10.37,10.62
2015-08-12,10.66,10.73,10.44,10.54
2015-08-13,10.6,10.65,10.46,10.49
2015-08-14,10.5,10.72,10.5,10.68
2015-08-17,10.7,10.7,10.55,10.63
2015-08-18,10.63,10.93,10.51,10.73
2015-08-19,10.73,10.8,10.57,10.59
2015-08-20,10.64,10.65,10.44,10.62
2015-08-21,10.62,10.64,10.41,10.44
2015-08-24,10.3,10.44,10.13,10.39
2015-08-25,10.48,10.74,10.48,10.6
2015-08-26,10.6,10.67,10.46,10.53
2015-08-27,10.6,11.1,10.57,11.06
2015-08-28,11.11,11.17,10.83,10.97
2015-08-31,10.96,10.97,10.56,10.69
2015-09-01,10.7,10.8,10.6,10.71
2015-09-02,10.68,11.09,10.64,10.73
2015-09-03,10.74,11.39,10.73,11.34
2015-09-04,11.39,11.64,11.15,11.27
2015-09-08,11.15,11.43,11.05,11.07
2015-09-09,11.14,11.48,11.08,11.43
2015-09-10,11.4,11.42,11.14,11.33
2015-09-11,11.27,11.73,11.27,11.66
2015-09-14,11.69,11.74,11.42,11.5
2015-09-15,11.46,11.62,11.23,11.4
2015-09-16,11.3,11.58,11.19,11.47
2015-09-17,11.47,11.64,11.37,11.44
2015-09-18,11.44,11.67,10.94,10.96
2015-09-21,11.07,11.17,10.91,10.93
2015-09-22,10.95,11.05,10.8,10.88
2015-09-23,10.89,11.22,10.89,10.95
2015-09-24,10.95,11.2,10.86,11.19
2015-09-25,11.25,11.77,11.25,11.74
2015-09-28,11.69,11.86,11.65,11.75
2015-09-29,11.64,12.04,11.42,11.76
2015-09-30,12.64,13,12.58,12.88
2015-10-01,12.87,13.27,12.87,13.26
2015-10-02,13.26,13.55,13.24,13.53
2015-10-05,13.51,13.67,13.39,13.64
2015-10-06,13.61,13.67,13.42,13.63
2015-10-07,13.61,14.02,13.53,13.98
2015-10-08,13.85,14.05,13.7,14.01
2015-10-09,13.94,14.43,13.91,14.34
2015-10-12,14.2,14.33,13.96,14.24
2015-10-13,14.24,14.25,13.76,13.83
2015-10-14,13.8,14.16,13.69,14.09
2015-10-15,14.19,14.38,13.88,14.13
2015-10-16,14.17,14.3,13.86,14.27
2015-10-19,14.2,14.4,14.12,14.26
2015-10-20,14.26,14.3,13.94,14.06
2015-10-21,14.08,14.25,13.97,14.18
2015-10-22,14.18,14.63,14.18,14.6
2015-10-23,14.66,14.73,14.21,14.28
2015-10-26,14.22,14.66,14.18,14.64
2015-10-27,14.63,14.7,14.36,14.42
2015-10-28,14.36,14.8,14.34,14.65
2015-10-29,14.64,14.69,14.42,14.56
2015-10-30,14.57,14.72,14.36,14.52
2015-11-02,14.52,15.15,14.52,15.11
2015-11-03,15.08,15.53,15.05,15.49
2015-11-04,15.46,15.51,14.57,14.64
2015-11-05,14.62,15.05,14.47,14.76
2015-11-06,14.78,14.92,14.35,14.46
2015-11-09,14.33,14.38,13.93,13.99
2015-11-10,14.05,14.87,13.97,14.71
2015-11-11,14.82,15.06,14.64,14.69
2015-11-12,14.67,15,14.59,14.97
2015-11-13,15,15.26,14.85,15.04
2015-11-16,14.97,15.22,14.82,15.18
2015-11-17,15.18,15.18,14.57,14.78
2015-11-18,14.6,14.63,14.26,14.47
2015-11-19,14.6,15.01,14.47,14.95
2015-11-20,14.97,15.45,14.91,15.3
2015-11-23,15.25,15.45,15.17,15.41
2015-11-24,15.41,15.78,14.97,15
2015-11-25,15.01,15.13,14.66,14.91
2015-11-27,14.98,15.15,14.93,14.97
2015-11-30,14.97,15.01,14.73,14.93
2015-12-01,14.85,15.49,14.75,15.44
2015-12-02,15.48,15.62,15.06,15.34
2015-12-03,15.3,15.65,15.21,15.58
2015-12-04,15.56,15.85,15.42,15.48
2015-12-07,15.48,15.62,15.26,15.3
2015-12-08,15.29,15.54,14.95,15
2015-12-09,15.02,15.22,14.96,15.09
2015-12-10,15.13,15.16,14.5,14.55
2015-12-11,14.65,14.72,14.51,14.58
2015-12-14,14.57,14.65,14.23,14.51
2015-12-15,14.59,14.95,14.56,14.59
2015-12-16,14.59,14.65,14.33,14.59
2015-12-17,14.67,14.83,14.55,14.7
2015-12-18,14.73,15.25,14.6,15.1
2015-12-21,15.03,15.22,14.73,14.97
2015-12-22,14.9,15.1,14.88,15.04
2015-12-23,14.97,15.18,14.97,15.15
2015-12-24,15.15,15.2,15.03,15.06
2015-12-28,15.05,15.05,14.74,14.76
2015-12-29,14.75,14.88,14.7,14.78
2015-12-30,14.85,15.2,14.75,15.15
2015-12-31,15.17,15.44,15.12,15.24
2016-01-04,15.18,15.24,14.8,14.97
2016-01-05,14.98,15.1,14.54,14.57
2016-01-06,14.6,14.64,14.4,14.42
2016-01-07,14.4,14.95,14.33,14.75
2016-01-08,14.75,14.98,14.44,14.46
2016-01-11,14.5,14.67,14.03,14.15
2016-01-12,14.25,14.27,13.93,14.05
2016-01-13,14.05,14.57,14.05,14.47
2016-01-14,14.55,14.98,14.39,14.88
2016-01-15,14.85,15.12,14.76,14.92
2016-01-19,14.9,15.1,14.65,14.75
2016-01-20,14.72,14.72,14.14,14.18
2016-01-21,14.18,14.69,14.11,14.45
2016-01-22,14.54,14.79,14.32,14.42
2016-01-25,14.38,14.39,14.08,14.1
2016-01-26,14.1,14.38,13.96,14.02
2016-01-27,14.07,14.14,13.55,13.58
2016-01-28,13.55,13.58,13.14,13.25
2016-01-29,13.33,13.43,13.07,13.14
2016-02-01,13.21,13.4,12.73,12.83
2016-02-02,12.83,13.12,12.66,12.99
2016-02-03,13.07,13.23,12.77,12.89
2016-02-04,12.92,13.17,12.82,12.89
2016-02-05,12.94,13.35,12.94,13.27
2016-02-08,13.4,13.53,13.22,13.45
2016-02-09,13.51,13.56,13.28,13.39
2016-02-10,13.28,13.49,13.15,13.38
2016-02-11,13.4,13.43,13.05,13.07
2016-02-12,13.02,13.25,13.01,13.15
2016-02-16,13.25,13.41,13.04,13.22
2016-02-17,13.22,13.31,13.06,13.16
2016-02-18,13.2,13.22,12.76,12.78
2016-02-19,12.76,12.8,12.5,12.52
2016-02-22,12.53,12.79,12.45,12.61
2016-02-23,12.78,14.03,12.76,14
2016-02-24,13.95,14.14,13.82,13.97
2016-02-25,13.92,14.27,13.77,14.24
2016-02-26,14.25,14.44,13.83,13.91
2016-02-29,14,14.37,13.95,14.36
2016-03-01,14.4,14.5,14.12,14.39
2016-03-02,14.39,14.69,14.3,14.67
2016-03-03,14.69,14.9,14.63,14.84
2016-03-04,14.79,14.93,14.67,14.83
2016-03-07,14.8,14.87,14.54,14.66
2016-03-08,14.6,14.87,14.44,14.86
2016-03-09,14.88,14.94,14.56,14.63
2016-03-10,14.65,14.86,14.57,14.82
2016-03-11,14.88,15.34,14.85,15.13
2016-03-14,15.18,15.44,15.02,15.42
2016-03-15,15.42,15.42,15.06,15.32
2016-03-16,15.26,15.49,15.04,15.47
2016-03-17,15.5,16.02,15.47,15.99
2016-03-18,15.8,16.1,15.71,15.97
2016-03-21,15.9,16.32,15.77,16.29
2016-03-22,16.3,16.6,16.13,16.58
2016-03-23,16.55,16.75,16.32,16.71
2016-03-24,16.72,16.72,15.76,15.87
2016-03-28,15.85,16.25,15.6,15.94
2016-03-29,15.88,15.93,15.63,15.86
2016-03-30,15.85,16.15,15.8,15.87
2016-03-31,15.93,15.99,15.32,15.35
2016-04-01,15.4,15.41,14.98,15.18
2016-04-04,14.92,14.98,14.61,14.64
2016-04-05,14.73,14.84,14.61,14.64
2016-04-06,14.7,14.77,14.54,14.62
2016-04-07,14.64,14.72,14.39,14.43
2016-04-08,14.44,14.75,14.23,14.69
2016-04-11,14.51,14.57,14.12,14.15
2016-04-12,14.15,14.32,14.05,14.07
2016-04-13,14.12,14.18,14,14.01
2016-04-14,14.05,14.39,14.05,14.13
2016-04-15,14.2,15.12,14.19,15.04
2016-04-18,15.04,15.54,14.99,15.35
2016-04-19,15.25,15.4,15.04,15.17
2016-04-20,15.1,15.69,14.77,15.57
2016-04-21,15.65,15.69,15.17,15.58
2016-04-22,15.55,15.78,15.13,15.26
2016-04-25,15.33,15.7,15.19,15.63
2016-04-26,15.63,15.82,15.4,15.77
2016-04-27,15.76,15.82,15.38,15.55
2016-04-28,15.5,15.5,15.26,15.32
2016-04-29,15.71,16.4,15.63,16.32
2016-05-02,16.45,16.47,16.04,16.21
2016-05-03,16.15,16.32,15.88,16.25
2016-05-04,16.25,16.79,16.22,16.65
2016-05-05,16.63,16.87,15.72,15.84
2016-05-06,15.71,16.04,15.62,15.74
2016-05-09,15.62,16.19,15.55,15.88
2016-05-10,15.94,16.18,15.83,16.02
2016-05-11,16.05,16.8,16.03,16.77
2016-05-12,16.74,17,16.57,16.98
2016-05-13,16.98,16.99,16.3,16.74
2016-05-16,16.55,16.92,16.38,16.89
2016-05-17,16.89,16.95,16.57,16.82
2016-05-18,16.7,16.87,16.36,16.81
2016-05-19,16.71,16.93,16.52,16.7
2016-05-20,16.67,17.29,16.59,17.07
2016-05-23,17,17.19,16.69,16.8
2016-05-24,16.8,16.91,16.56,16.61
2016-05-25,16.61,17.21,16.42,17.16
2016-05-26,17.14,17.48,17.05,17.42
2016-05-27,17.36,17.59,17.24,17.52
2016-05-31,17.59,17.7,17.22,17.49
2016-06-01,17.37,17.52,17.15,17.41
2016-06-02,17.39,18.18,17.33,18.08
2016-06-03,18.15,18.79,18.11,18.75
2016-06-06,18.8,19.42,18.68,18.78
2016-06-07,18.7,19.14,18.26,19
2016-06-08,19.01,19.76,18.98,19.61
2016-06-09,19.65,19.92,19.41,19.74
2016-06-10,19.74,19.8,19.26,19.7
2016-06-13,19.7,19.84,19.38,19.54
2016-06-14,19.51,19.51,19.01,19.34
2016-06-15,19.34,19.8,19.29,19.76
2016-06-16,19.74,20.15,19.29,19.68
2016-06-17,19.72,20.11,19.66,19.76
2016-06-20,19.85,19.85,19.47,19.69
2016-06-21,19.68,19.69,19.16,19.24
2016-06-22,19.17,19.27,19,19.04
2016-06-23,19.03,19.43,18.61,19.04
2016-06-24,18.58,19.12,18.41,19
2016-06-27,19.06,19.74,19.06,19.48
2016-06-28,19.53,19.99,19.53,19.81
2016-06-29,19.83,20.92,19.72,20.82
2016-06-30,21.01,21.22,20.2,20.33
2016-07-01,20.38,21.05,20.31,20.78
2016-07-05,20.56,21.1,20.46,20.87
2016-07-06,20.93,20.96,20.18,20.57
2016-07-07,20.48,20.65,19.56,19.73
2016-07-08,19.61,19.89,19.44,19.57
2016-07-11,19.64,20.4,19.57,20.28
2016-07-12,20.38,20.58,19.6,19.72
2016-07-13,19.79,20.19,19.37,19.48
2016-07-14,19.48,20.32,19.43,19.91
2016-07-15,19.81,19.86,19.17,19.31
2016-07-18,19.35,19.55,19.13,19.37
2016-07-19,19.47,19.69,19.22,19.36
2016-07-20,19.46,19.5,19.16,19.28
2016-07-21,19.33,19.86,19.29,19.56
2016-07-22,19.61,19.68,19.28,19.59
2016-07-25,19.6,20.11,19.56,19.89
2016-07-26,19.98,20.07,19.34,19.52
2016-07-27,19.46,19.54,18.99,19.1
2016-07-28,19.11,19.17,18.75,18.8
2016-07-29,18.79,19.35,18.71,19.05
2016-08-01,19.09,19.3,18.75,18.81
2016-08-02,18.8,19.21,18.73,19.05
2016-08-03,19.05,19.28,18.86,19.04
2016-08-04,19.1,19.85,18.86,19.7
2016-08-05,19.8,20.47,19.61,20.35
2016-08-08,20.38,20.92,20.35,20.55
2016-08-09,20.55,20.87,20.27,20.39
2016-08-10,20.39,20.54,19.57,19.64
2016-08-11,19.6,19.89,19.53,19.6
2016-08-12,19.55,19.95,19.5,19.71
2016-08-15,19.89,20.08,19.54,19.98
2016-08-16,20.09,20.44,20.02,20.26
2016-08-17,20.3,20.3,19.65,19.72
2016-08-18,19.79,20.2,19.68,19.98
2016-08-19,20.08,20.13,19.69,19.77
2016-08-22,19.79,20.46,19.66,20.42
2016-08-23,20.4,20.81,20.2,20.73
2016-08-24,20.71,20.94,19.93,20.22
2016-08-25,20.32,20.76,20.21,20.55
2016-08-26,20.66,20.72,20.32,20.61
2016-08-29,20.62,20.82,20.34,20.67
2016-08-30,20.68,20.8,20.43,20.52
2016-08-31,20.59,20.6,19.97,20.06
2016-09-01,20.03,20.2,19.53,19.59
2016-09-02,19.6,20.44,19.6,20.18
2016-09-06,20.3,20.35,19.75,20.22
2016-09-07,20.22,20.53,19.99,20.29
2016-09-08,20.24,20.27,19.96,20.22
2016-09-09,20.19,20.4,19.94,19.99
2016-09-12,19.96,20.29,19.81,20.24
2016-09-13,20.23,20.58,20.2,20.43
2016-09-14,20.44,20.45,20.05,20.13
2016-09-15,20.19,20.63,20.08,20.48
2016-09-16,20.54,22.2,20.45,21.78
2016-09-19,21.64,22.29,21.64,22.1
2016-09-20,22.07,22.29,21.81,22.13
2016-09-21,22.25,22.28,21.92,22.2
2016-09-22,22.3,23.45,22.03,22.17
2016-09-23,22.14,22.37,21.76,22.13
2016-09-26,22.1,22.6,22,22.54
2016-09-27,22.64,23.12,22.37,23.02
2016-09-28,23.2,23.36,22.95,23.27
2016-09-29,23.29,23.6,22.68,22.76
2016-09-30,23.39,23.56,22.79,23
2016-10-03,22.8,23.13,22.52,22.67
2016-10-04,22.62,23.47,22.56,23.26
2016-10-05,23.35,23.86,23.25,23.81
2016-10-06,23.9,23.9,22.83,23.11
2016-10-07,23.02,23.69,22.92,23.42
2016-10-10,23.24,23.38,22.82,23.13
2016-10-11,23,23.4,22.66,23.29
2016-10-12,23.42,23.59,22.87,23.15
2016-10-13,23.15,23.3,22.88,22.92
2016-10-14,22.95,23.33,22.73,22.91
2016-10-17,23.12,23.29,22.71,23.16
2016-10-18,23.14,23.18,22.83,23.02
2016-10-19,22.9,23.1,22.8,22.95
2016-10-20,22.91,22.98,22.35,22.62
2016-10-21,22.67,22.75,22.44,22.71
2016-10-24,22.75,23.32,22.72,23.2
2016-10-25,23.14,23.2,22.76,22.93
2016-10-26,22.9,22.95,22.62,22.67
2016-10-27,22.6,22.7,22.44,22.59
2016-10-28,22.63,22.65,22.12,22.16
2016-10-31,22.2,22.2,21.55,21.57
2016-11-01,21.52,21.57,21.11,21.19
2016-11-02,21.19,21.85,21.08,21.7
2016-11-03,21.8,21.85,21.34,21.48
2016-11-04,21.48,21.81,21.28,21.73
2016-11-07,21.83,22.59,21.73,22.27
2016-11-08,22.27,22.32,21.91,21.97
2016-11-09,21.5,22.2,21.34,22.11
2016-11-10,22.25,22.5,21.57,21.65
2016-11-11,21.6,21.81,21.5,21.7
2016-11-14,21.85,21.9,21.58,21.63
2016-11-15,21.79,21.83,20.77,21.15
2016-11-16,21.15,21.17,20.31,20.36
2016-11-17,20.31,20.53,20.18,20.22
2016-11-18,20.2,20.5,20.05,20.15
2016-11-21,20.28,20.47,20.21,20.35
2016-11-22,20.38,20.45,19.65,19.75
2016-11-23,19.75,19.89,19.57,19.58
2016-11-25,19.72,20.05,19.58,19.84
2016-11-28,19.98,20.15,19.81,19.94
2016-11-29,20.15,20.32,19.58,19.66
2016-11-30,19.66,19.85,19.5,19.81
2016-12-01,19.88,19.99,19.33,19.36
2016-12-02,19.31,19.38,18.88,19.12
2016-12-05,19.19,19.2,18.89,18.94
2016-12-06,19,19.86,18.8,19.51
2016-12-07,19.53,19.76,19.22,19.63
2016-12-08,19.63,19.82,19.33,19.45
2016-12-09,19.51,19.58,19.07,19.24
2016-12-12,19.34,19.84,19.17,19.25
2016-12-13,19.25,19.27,18.51,18.6
2016-12-14,18.5,18.6,17.96,18.03
2016-12-15,17.91,18.69,17.84,18.56
2016-12-16,18.66,18.72,17.96,18.22
2016-12-19,18.21,18.55,18.13,18.23
2016-12-20,18.37,18.37,18.1,18.25
2016-12-21,18.28,18.45,18.12,18.2
2016-12-22,18.24,18.31,18.13,18.16
2016-12-23,18.19,18.31,18.14,18.15
2016-12-27,18.15,18.94,18.15,18.54
2016-12-28,18.65,19.13,18.57,18.99
2016-12-29,19.04,19.72,19.01,19.49
2016-12-30,19.58,19.69,19.4,19.51
2017-01-03,19.63,20.55,19.58,20.51
2017-01-04,20.55,20.94,20.41,20.89
2017-01-05,20.89,21.18,20.66,20.78
2017-01-06,20.66,20.84,20.3,20.75
2017-01-09,20.74,20.75,20.36,20.42
2017-01-10,20.5,20.56,20.15,20.48
2017-01-11,20.55,20.89,20.48,20.56
2017-01-12,20.6,20.88,20.58,20.76
2017-01-13,20.85,20.93,20.48,20.52
2017-01-17,20.57,20.83,20.52,20.73
2017-01-18,20.75,21,20.55,20.98
2017-01-19,21,21.38,20.05,20.18
2017-01-20,20.1,20.54,20.05,20.18
2017-01-23,20.35,20.72,20.24,20.64
2017-01-24,20.64,20.99,20.54,20.58
2017-01-25,20.53,20.74,20.26,20.34
2017-01-26,20.4,20.65,20.26,20.36
2017-01-27,20.38,20.53,20.3,20.33
2017-01-30,20.41,20.47,20.13,20.31
2017-01-31,20.37,20.53,20.25,20.45
2017-02-01,20.5,20.88,20.45,20.84
2017-02-02,20.87,21.2,20.35,20.55
2017-02-03,20.44,21.4,20.38,21.11
2017-02-06,21.28,21.49,21.04,21.18
2017-02-07,21.2,21.32,20.67,20.72
2017-02-08,20.74,20.94,20.61,20.76
2017-02-09,20.74,21.03,20.62,20.65
2017-02-10,20.66,20.74,20.31,20.42
2017-02-13,20.5,20.61,19.91,20
2017-02-14,20.04,20.52,20.04,20.47
2017-02-15,20.5,20.84,20.42,20.48
2017-02-16,20.55,20.55,20.05,20.36
2017-02-17,20.39,20.42,20.16,20.3
2017-02-21,20.42,20.88,20.35,20.8
2017-02-22,20.85,21,20.64,20.71
2017-02-23,20.72,20.74,20.12,20.16
2017-02-24,20.15,20.24,19.76,19.8
2017-02-27,19.76,19.82,19.05,19.09
2017-02-28,19.25,19.54,19.1,19.23
2017-03-01,19.31,19.53,19.1,19.48
2017-03-02,19.52,19.69,19.35,19.66
2017-03-03,19.51,19.77,19.42,19.52
2017-03-06,19.63,19.84,19.12,19.15
2017-03-07,19.15,19.15,18.36,18.4
2017-03-08,18.41,18.56,18.14,18.4
2017-03-09,18.5,18.73,17.98,18
2017-03-10,18.09,18.34,17.96,18.22
2017-03-13,18.32,18.39,18.05,18.18
2017-03-14,18.29,18.33,18.1,18.16
2017-03-15,18.2,18.29,18.13,18.23
2017-03-16,18.33,18.53,18.18,18.25
2017-03-17,18.3,18.38,17.5,18.17
2017-03-20,18.27,18.36,17.65,17.7
2017-03-21,17.7,17.7,17.05,17.29
2017-03-22,17.27,17.44,17.02,17.3
2017-03-23,17.31,17.65,17.15,17.6
2017-03-24,17.67,17.97,17.54,17.71
2017-03-27,17.65,17.9,17.45,17.7
2017-03-28,17.72,18.17,17.48,17.56
2017-03-29,17.58,17.59,17,17.12
2017-03-30,17,17.06,16.58,16.81
2017-03-31,16.81,16.99,16.69,16.76
2017-04-03,16.93,17.18,16.47,16.54
2017-04-04,16.49,16.57,16.12,16.16
2017-04-05,16.63,16.95,16.05,16.1
2017-04-06,16.1,16.54,16.08,16.45
2017-04-07,16.58,16.84,16.48,16.77
2017-04-10,16.8,16.94,16.56,16.63
2017-04-11,16.6,16.85,16.21,16.72
2017-04-12,16.81,16.93,16.57,16.7
2017-04-13,16.75,17.16,16.56,16.6
2017-04-17,16.7,16.93,16.42,16.47
2017-04-18,16.52,16.89,16.17,16.7
2017-04-19,16.85,16.9,16.36,16.42
2017-04-20,16.43,16.7,16.31,16.33
2017-04-21,16.38,16.6,16.26,16.41
2017-04-24,16.49,16.58,16.08,16.24
2017-04-25,16.24,16.4,16.13,16.18
2017-04-26,16.21,16.26,15.32,15.38
2017-04-27,15.45,15.69,15.12,15.18
2017-04-28,15.4,16.24,15.4,16.13
2017-05-01,16.2,16.41,15.93,16.18
2017-05-02,16.19,16.49,15.8,15.88
2017-05-03,15.82,15.91,15.59,15.77
2017-05-04,15.77,15.79,15.28,15.37
2017-05-05,15.37,15.68,15.24,15.31
2017-05-08,15.41,15.53,15.28,15.38
2017-05-09,15.47,15.73,15.36,15.44
2017-05-10,15.48,15.89,15.45,15.84
2017-05-11,15.9,15.93,15.59,15.63
2017-05-12,15.63,15.84,15.46,15.51
2017-05-15,15.53,16,15.5,15.61
2017-05-16,15.75,16,15.73,15.88
2017-05-17,16.01,16.34,15.87,16.3
2017-05-18,16,16.19,15.58,16.03
2017-05-19,16,16.44,15.91,16.38
2017-05-22,16.28,16.59,16.23,16.51
2017-05-23,16.38,16.42,15.78,15.87
2017-05-24,15.9,15.95,15.37,15.67
2017-05-25,15.7,15.74,15.44,15.66
2017-05-26,15.6,15.6,15.01,15.05
2017-05-30,15.2,15.2,14.73,15.02
2017-05-31,15.03,15.16,14.75,14.87
2017-06-01,15,15.01,14.2,14.23
2017-06-02,14.26,14.35,13.63,13.74
2017-06-05,13.82,14.27,13.8,13.89
2017-06-06,13.98,14.23,13.68,13.98
2017-06-07,14,14.32,13.75,14.14
2017-06-08,14.18,14.45,14.07,14.34
2017-06-09,14.39,14.43,14.18,14.27
2017-06-12,14.31,14.54,13.98,14.02
2017-06-13,14.02,14.05,13.73,13.79
2017-06-14,13.74,13.81,13.36,13.62
2017-06-15,13.55,13.67,13.43,13.47
2017-06-16,13.5,13.66,13.29,13.44
2017-06-19,13.45,13.56,13.34,13.46
2017-06-20,13.47,13.7,13.35,13.61
2017-06-21,13.61,13.66,13.03,13.06
2017-06-22,13.12,13.12,12.81,12.84
2017-06-23,12.84,13.03,12.76,12.97
2017-06-26,13,13.03,12.58,12.61
2017-06-27,12.61,12.72,12.53,12.65
2017-06-28,12.72,12.83,12.53,12.55
2017-06-29,12.58,13.4,12.54,13.3
2017-06-30,13.6,14.07,13.54,13.81
2017-07-03,13.67,13.98,13.28,13.92
2017-07-05,13.95,13.97,13.48,13.72
2017-07-06,13.65,13.94,13.53,13.92
2017-07-07,13.93,14.3,13.62,14.15
2017-07-10,14.1,14.39,13.51,13.56
2017-07-11,13.6,13.71,13.21,13.44
2017-07-12,13.44,13.68,13.27,13.49
2017-07-13,13.5,14.18,13.5,14.14
2017-07-14,14.12,14.31,13.82,14.3
2017-07-17,14.27,14.38,13.91,14.09
2017-07-18,14.13,14.28,13.91,14.1
2017-07-19,14.11,14.6,14.08,14.5
2017-07-20,14.6,14.63,14.33,14.41
2017-07-21,14.5,14.69,14.28,14.4
2017-07-24,14.38,14.48,14.18,14.4
2017-07-25,14.42,14.48,13.88,13.9
2017-07-26,13.82,14.34,13.73,14.23
2017-07-27,14.24,14.64,14.23,14.43
2017-07-28,14.48,14.55,14.12,14.37
2017-07-31,14.5,14.99,14.41,14.91
2017-08-01,14.91,15.16,14.78,14.88
2017-08-02,14.8,14.96,14.61,14.79
2017-08-03,14.78,14.82,13.92,14.31
2017-08-04,14.43,14.45,14.07,14.14
2017-08-07,14.19,14.27,13.79,13.87
2017-08-08,13.97,14.1,13.75,13.78
2017-08-09,13.8,13.9,13.59,13.64
2017-08-10,13.62,13.72,13.2,13.24
2017-08-11,13.3,13.39,13.11,13.2
2017-08-14,13.3,13.58,13.11,13.5
2017-08-15,13.49,13.53,13.11,13.13
2017-08-16,13.2,13.42,12.92,12.94
2017-08-17,12.97,13.37,12.92,13.29
2017-08-18,13.4,13.55,13.19,13.41
2017-08-21,13.42,13.65,13.42,13.52
2017-08-22,13.51,13.55,13.26,13.51
2017-08-23,13.54,13.78,13.38,13.67
2017-08-24,13.8,14.06,13.7,14.02
2017-08-25,14.1,14.11,13.9,14.03
2017-08-28,14.03,14.35,13.84,14.31
2017-08-29,14.26,14.33,13.72,13.82
2017-08-30,13.82,13.98,13.63,13.91
2017-08-31,13.76,14.44,13.76,14.4
2017-09-01,14.25,14.38,13.71,13.75
2017-09-05,13.86,14.13,13.67,14.03
2017-09-06,14.01,14.32,13.89,14.29
2017-09-07,14.25,14.3,13.97,14.03
2017-09-08,14.08,14.27,13.99,14.09
2017-09-11,14.09,14.36,13.8,14.29
2017-09-12,14.28,14.39,13.97,14.02
2017-09-13,14.02,14.35,13.99,14.33
2017-09-14,14.31,14.35,14.07,14.27
2017-09-15,14.2,14.58,14.11,14.55
2017-09-18,14.53,14.55,14.07,14.31
2017-09-19,14.27,14.35,13.72,13.76
2017-09-20,13.75,14.16,13.75,14.07
2017-09-21,14.1,14.11,13.9,14.05
2017-09-22,14.09,14.25,13.92,13.98
2017-09-25,13.98,14.11,13.63,13.74
2017-09-26,13.8,13.88,13.11,13.21
2017-09-27,13.4,13.48,13.01,13.08
2017-09-28,13.1,13.25,13.05,13.23
2017-09-29,14.01,14.15,13.76,14.1
2017-10-02,14.1,14.45,13.85,14.31
2017-10-03,14.33,14.38,14.01,14.04
2017-10-04,14.08,14.35,14.04,14.25
2017-10-05,14.29,14.57,14.16,14.39
2017-10-06,14.38,14.42,13.83,13.98
2017-10-09,14.09,14.18,13.84,14
2017-10-10,14.05,14.27,13.91,14.17
2017-10-11,14.14,14.37,14.13,14.3
2017-10-12,14.24,14.34,13.96,14.28
2017-10-13,14.33,14.43,14.09,14.41
2017-10-16,14.42,14.42,14.11,14.18
2017-10-17,14.11,14.33,13.99,14.03
2017-10-18,14.08,14.22,14.02,14.08
2017-10-19,14.05,14.35,14.05,14.13
2017-10-20,14.13,14.23,13.9,14
2017-10-23,14.02,14.12,13.84,13.88
2017-10-24,13.93,14.29,13.87,14.28
2017-10-25,14.3,14.37,14.14,14.18
2017-10-26,14.27,14.31,14,14.11
2017-10-27,14.04,14.7,14.03,14.63
2017-10-30,14.7,14.82,14.58,14.73
2017-10-31,14.65,14.79,14.59,14.74
2017-11-01,14.72,14.84,14.57,14.61
2017-11-02,14.65,14.65,14.15,14.23
2017-11-03,14.27,14.68,14.2,14.38
2017-11-06,14.38,14.58,14.23,14.56
2017-11-07,14.56,14.76,14.43,14.72
2017-11-08,14.7,14.86,14.62,14.84
2017-11-09,14.83,14.94,14.74,14.88
2017-11-10,14.88,14.99,14.81,14.96
2017-11-13,14.99,15.18,14.86,15.13
2017-11-14,15.17,15.18,14.95,15.1
2017-11-15,15.05,15.12,14.9,15.09
2017-11-16,15.09,15.28,14.94,15.26
2017-11-17,15.26,15.46,15.2,15.37
2017-11-20,15.3,15.3,14.92,14.98
2017-11-21,14.98,15.07,14.73,14.88
2017-11-22,14.92,15.31,14.9,15.28
2017-11-24,15.28,15.49,15.22,15.45
2017-11-27,15.45,15.49,15.29,15.39
2017-11-28,15.35,15.38,15.01,15.04
2017-11-29,15.14,15.24,14.92,15.07
2017-11-30,15.07,15.3,15.04,15.08
2017-12-01,15.06,15.21,14.95,14.98
2017-12-04,15.02,15.15,14.84,15.06
2017-12-05,15.04,15.15,14.87,14.9
2017-12-06,14.89,14.89,14.44,14.45
2017-12-07,14.52,14.59,14.19,14.31
2017-12-08,14.35,14.39,13.97,14.05
2017-12-11,14.05,14.14,13.9,13.95
2017-12-12,13.99,14.04,13.7,13.77
2017-12-13,13.93,14.02,13.75,13.85
2017-12-14,13.79,13.94,13.72,13.77
2017-12-15,13.81,13.94,13.64,13.66
2017-12-18,13.76,13.96,13.71,13.76
2017-12-19,13.8,14.43,13.78,14.41
2017-12-20,14.4,14.6,14.33,14.57
2017-12-21,14.59,14.82,14.41,14.77
2017-12-22,14.77,14.8,14.47,14.6
2017-12-26,14.6,14.75,14.57,14.7
2017-12-27,14.64,14.94,14.55,14.93
2017-12-28,14.86,15.05,14.86,15
2017-12-29,14.9,15.18,14.89,15.16
2018-01-02,15.08,15.34,15.04,15.33
2018-01-03,15.35,15.37,15.18,15.31
2018-01-04,15.27,15.34,14.85,15.25
2018-01-05,15.18,15.24,14.98,15.08
2018-01-08,14.99,15.05,14.54,14.78
2018-01-09,14.74,14.77,14.42,14.73
2018-01-10,14.7,14.85,14.53,14.65
2018-01-11,14.54,14.58,14.11,14.18
2018-01-12,14.25,14.29,13.96,14.18
2018-01-16,14.1,14.11,13.57,13.59
2018-01-17,13.64,13.74,13.35,13.42
2018-01-18,13.46,13.59,13.02,13.08
2018-01-19,13.15,13.45,13.02,13.25
2018-01-22,13.31,13.47,13.16,13.17
2018-01-23,13.1,13.28,13.1,13.19
2018-01-24,13.19,13.25,13.04,13.16
2018-01-25,13.23,13.38,13.09,13.24
2018-01-26,13.29,13.45,13.21,13.36
2018-01-29,13.45,13.7,13.4,13.67
2018-01-30,13.69,13.75,13.48,13.72
2018-01-31,13.72,13.72,13.17,13.23
2018-02-01,13.23,13.44,13.23,13.37
2018-02-02,13.4,13.66,13.36,13.63
2018-02-05,13.66,13.92,13.28,13.9
2018-02-06,13.9,14.04,13.7,13.84
2018-02-07,13.84,14.04,13.62,14
2018-02-08,14,14.03,13.55,13.58
2018-02-09,13.62,13.88,13.56,13.67
2018-02-12,13.73,13.84,13.6,13.73
2018-02-13,13.65,13.7,13.35,13.48
2018-02-14,13.48,13.6,13.35,13.4
2018-02-15,13.48,13.76,13.44,13.62
2018-02-16,13.65,13.7,13.3,13.38
2018-02-20,13.5,13.54,13.33,13.36
2018-02-21,13.34,13.47,13.3,13.38
2018-02-22,13.4,13.74,13.4,13.71
2018-02-23,13.71,13.77,13.59,13.68
2018-02-26,13.62,13.77,13.56,13.66
2018-02-27,13.62,13.69,12.96,13.01
2018-02-28,12.9,13.49,12.82,13.38
2018-03-01,13.45,13.72,13.28,13.71
2018-03-02,13.68,13.8,13.32,13.42
2018-03-05,13.4,13.64,13.35,13.56
2018-03-06,13.51,13.65,13.4,13.45
2018-03-07,13.36,13.36,12.76,12.79
2018-03-08,12.9,13.11,12.81,12.89
2018-03-09,12.92,12.97,12.75,12.84
2018-03-12,12.86,12.96,12.78,12.93
2018-03-13,12.93,12.95,12.53,12.62
2018-03-14,12.64,12.83,12.58,12.76
2018-03-15,12.84,12.87,12.56,12.74
2018-03-16,12.73,12.74,12.6,12.65
2018-03-19,12.65,12.9,12.3,12.89
2018-03-20,12.89,12.91,12.54,12.56
2018-03-21,12.57,12.84,12.56,12.67
2018-03-22,12.64,12.81,12.6,12.77
2018-03-23,12.76,12.86,12.5,12.57
2018-03-26,12.56,12.77,12.41,12.42
2018-03-27,12.42,12.58,12.35,12.54
2018-03-28,12.48,12.48,12.18,12.21
2018-03-29,12.25,12.38,12.19,12.35
2018-04-02,12.33,12.55,12.27,12.52
2018-04-03,12.4,12.51,12.23,12.47
2018-04-04,12.45,12.45,12.22,12.27
2018-04-05,12.25,12.38,12.23,12.35
2018-04-06,12.36,12.42,12.28,12.34
2018-04-09,12.34,12.41,12.29,12.36
2018-04-10,12.34,12.35,11.96,12.13
2018-04-11,12.13,12.27,11.93,12.06
2018-04-12,12.04,12.15,11.97,12.05
2018-04-13,12.05,12.3,12.02,12.08
2018-04-16,12.12,12.26,11.96,11.98
2018-04-17,11.95,11.97,11.65,11.65
2018-04-18,11.71,11.76,11.6,11.74
2018-04-19,11.68,11.81,11.63,11.75
2018-04-20,11.74,11.78,11.57,11.64
2018-04-23,11.67,11.68,11.18,11.21
2018-04-24,11.2,11.29,10.96,11.14
2018-04-25,11.14,11.15,10.69,10.86
2018-04-26,10.82,11.05,10.78,10.97
2018-04-27,10.99,11.38,10.82,11.22
2018-04-30,11.6,11.79,11.52,11.75
2018-05-01,11.8,11.8,11.52,11.69
2018-05-02,11.5,11.89,11.29,11.75
2018-05-03,11.7,11.78,11.6,11.69
2018-05-04,11.74,11.75,11.48,11.51
2018-05-07,11.56,11.57,11.3,11.32
2018-05-08,11.36,11.59,11.32,11.56
2018-05-09,11.54,11.54,11.24,11.29
2018-05-10,11.29,11.31,11.14,11.27
2018-05-11,11.27,11.27,11.12,11.22
2018-05-14,11.22,11.28,11.16,11.26
2018-05-15,11.24,11.54,11.22,11.52
2018-05-16,11.5,11.62,11.38,11.61
2018-05-17,11.59,11.75,11.51,11.56
2018-05-18,11.57,11.71,11.46,11.66
2018-05-21,11.7,12.24,11.67,12.1
2018-05-22,12.1,12.29,12.04,12.15
2018-05-23,12.17,12.44,12.12,12.35
2018-05-24,12.35,12.62,12.23,12.38
2018-05-25,12.22,12.48,12.16,12.46
2018-05-29,12.5,12.57,12.39,12.46
2018-05-30,12.29,12.62,12.24,12.6
2018-05-31,12.58,12.85,12.57,12.79
2018-06-01,12.79,12.97,12.43,12.52
2018-06-04,12.5,12.54,11.86,11.9
2018-06-05,11.93,12.2,11.88,12.02
2018-06-06,12.02,12.27,11.96,12.2
2018-06-07,12.24,12.35,11.7,11.73
2018-06-08,11.8,12.27,11.6,12.25
2018-06-11,12.32,12.56,12.14,12.35
2018-06-12,12.38,12.55,12.22,12.35
2018-06-13,12.35,12.54,12.24,12.51
2018-06-14,12.49,12.52,12.2,12.23
2018-06-15,12.2,12.27,11.93,12.02
2018-06-18,12.05,12.19,11.95,11.99
2018-06-19,12,12,11.7,11.84
2018-06-20,11.88,12.12,11.85,11.89
2018-06-21,11.85,12.02,11.85,11.87
2018-06-22,11.87,12.15,11.87,12.05
2018-06-25,12.09,12.16,11.96,12
2018-06-26,12.01,12.33,11.98,12.12
2018-06-27,12.1,12.18,11.71,11.72
2018-06-28,11.73,12.02,11.73,11.88
2018-06-29,12.25,12.29,12.05,12.25
2018-07-02,12.21,12.24,11.51,11.56
2018-07-03,11.65,11.69,11.24,11.39
2018-07-05,11.45,11.74,11.29,11.48
2018-07-06,11.47,11.55,11.34,11.51
2018-07-09,11.53,11.61,11.37,11.4
2018-07-10,11.41,11.52,11.3,11.41
2018-07-11,11.39,11.43,11.25,11.29
2018-07-12,11.28,11.28,10.95,11.08
2018-07-13,11.1,11.14,10.91,10.96
2018-07-16,10.93,11.39,10.86,11.14
2018-07-17,11.15,11.21,11.01,11.13
2018-07-18,11.09,11.19,11.04,11.08
2018-07-19,11.08,11.11,10.93,10.97
2018-07-20,10.94,11.26,10.94,11.12
2018-07-23,11.18,11.3,11.01,11.08
2018-07-24,11.08,11.26,11.08,11.19
2018-07-25,11.23,11.35,11.09,11.19
2018-07-26,11.2,11.26,10.83,11.03
2018-07-27,11.02,11.12,10.85,10.88
2018-07-30,10.95,11,10.8,10.82
2018-07-31,10.83,10.85,10.45,10.55
2018-08-01,10.56,10.69,10.39,10.48
2018-08-02,10.57,10.8,10.37,10.59
2018-08-03,10.58,11.05,10.56,10.85
2018-08-06,10.93,11.13,10.89,10.98
2018-08-07,10.96,11.09,10.84,10.88
2018-08-08,10.9,10.9,10.73,10.81
2018-08-09,10.82,11.01,10.78,10.84
2018-08-10,10.79,10.83,10.43,10.54
2018-08-13,10.55,10.55,10.21,10.3
2018-08-14,10.28,10.49,10.26,10.34
2018-08-15,10.35,10.46,10.22,10.23
2018-08-16,10.25,10.43,10.25,10.3
2018-08-17,10.3,10.36,10.11,10.18
2018-08-20,10.22,10.26,9.98,10.09
2018-08-21,10.05,10.22,9.99,10.17
2018-08-22,10.1,10.23,9.91,10.18
2018-08-23,10.14,10.21,10.03,10.12
2018-08-24,10.08,10.48,10.08,10.23
2018-08-27,10.31,10.56,10.31,10.51
2018-08-28,10.47,10.52,10.22,10.31
2018-08-29,10.3,10.46,10.24,10.37
2018-08-30,10.31,10.69,10.31,10.57
2018-08-31,10.57,10.73,10.45,10.6
2018-09-04,10.64,10.72,10.51,10.64
2018-09-05,10.64,10.97,10.49,10.89
2018-09-06,10.75,10.92,10.72,10.8
2018-09-07,10.8,11.03,10.77,11.01
2018-09-10,11.05,11.27,11.04,11.2
2018-09-11,11.21,11.27,11.08,11.18
2018-09-12,11.16,11.71,11.13,11.67
2018-09-13,11.64,11.8,11.54,11.68
2018-09-14,11.64,11.68,11,11.16
2018-09-17,11.09,11.12,10.6,10.63
2018-09-18,10.7,10.83,10.43,10.52
2018-09-19,10.54,10.89,10.53,10.76
2018-09-20,10.8,11.1,10.74,10.8
2018-09-21,10.91,10.98,10.72,10.84
2018-09-24,10.85,10.86,10.27,10.38
2018-09-25,10.45,10.55,10.3,10.36
2018-09-26,10.36,10.43,9.88,9.9
2018-09-27,9.88,10.13,9.83,10.05
2018-09-28,10.9,11.26,10.86,11.2
2018-10-01,11.17,11.79,11.03,11.61
2018-10-02,11.61,12.26,11.57,12.07
2018-10-03,12.09,12.38,11.91,12.23
2018-10-04,12.23,12.36,12.05,12.33
2018-10-05,12.33,12.7,12.32,12.63
2018-10-08,12.71,12.98,12.7,12.94
2018-10-09,12.94,12.99,12.73,12.97
2018-10-10,12.92,13.14,12.62,12.85
2018-10-11,12.82,13.08,12.63,12.92
2018-10-12,12.95,13.28,12.95,13.07
2018-10-15,13.1,13.55,13.04,13.43
2018-10-16,13.43,13.45,13.19,13.25
2018-10-17,13.25,13.76,13.23,13.73
2018-10-18,13.73,13.95,13.53,13.87
2018-10-19,13.82,13.9,13.66,13.89
2018-10-22,13.85,13.95,13.75,13.82
2018-10-23,13.82,13.91,13.68,13.81
2018-10-24,13.73,14.24,13.71,14.01
2018-10-25,14.02,14.22,13.85,13.97
2018-10-26,13.9,13.97,13.72,13.84
2018-10-29,13.84,14.05,13.45,13.5
2018-10-30,13.5,13.5,13.17,13.32
2018-10-31,13.3,13.37,13.14,13.19
2018-11-01,13.12,13.54,13.08,13.19
2018-11-02,13.23,13.5,13.18,13.44
2018-11-05,13.44,13.44,13.13,13.15
2018-11-06,13.12,13.23,12.89,12.96
2018-11-07,13.01,13.17,12.95,13.01
2018-11-08,13.01,13.11,12.78,12.84
2018-11-09,12.8,12.84,12.65,12.73
2018-11-12,12.81,13.16,12.76,12.94
2018-11-13,12.91,12.91,12.57,12.61
2018-11-14,12.56,12.79,12.53,12.65
2018-11-15,12.74,12.88,12.58,12.65
2018-11-16,12.65,12.78,12.61,12.69
2018-11-19,12.69,12.98,12.63,12.8
2018-11-20,12.89,12.91,12.36,12.46
2018-11-21,12.57,12.78,12.41,12.68
2018-11-23,12.58,12.64,12.33,12.47
2018-11-26,12.51,12.64,12.39,12.48
2018-11-27,12.49,12.5,12.32,12.34
2018-11-28,12.38,12.87,12.36,12.84
2018-11-29,12.82,13.21,12.72,12.87
2018-11-30,12.87,13.03,12.62,12.84
2018-12-03,12.95,13.07,12.8,12.91
2018-12-04,12.91,13,12.68,12.75
2018-12-05,12.74,12.88,12.65,12.72
2018-12-06,12.71,12.8,12.49,12.64
2018-12-07,12.66,13.07,12.57,12.87
2018-12-10,12.83,12.84,12.62,12.72
2018-12-11,12.72,12.88,12.66,12.83
2018-12-12,12.85,12.9,12.67,12.74
2018-12-13,12.72,12.8,12.43,12.75
2018-12-14,12.75,12.78,12.58,12.65
2018-12-17,12.65,12.79,12.47,12.49
2018-12-18,12.49,12.5,12.26,12.3
2018-12-19,12.3,12.88,12.27,12.47
2018-12-20,12.47,12.49,12.33,12.43
2018-12-21,12.43,12.47,12.23,12.34
2018-12-24,12.34,12.5,12.32,12.4
2018-12-26,12.4,12.51,12.33,12.39
2018-12-27,12.39,12.44,12.23,12.25
2018-12-28,12.27,12.45,12.18,12.39
2018-12-31,12.39,12.41,12.03,12.03
2019-01-02,12.1,12.11,11.83,11.93
2019-01-03,11.88,11.92,11.69,11.69
2019-01-04,11.75,11.97,11.73,11.93
2019-01-07,11.95,12.67,11.94,12.65
2019-01-08,12.66,12.85,12.59,12.76
2019-01-09,12.78,12.94,12.63,12.87
2019-01-10,12.85,12.88,12.62,12.67
2019-01-11,12.7,12.91,12.68,12.78
2019-01-14,12.75,12.84,12.63,12.75
2019-01-15,12.76,13.19,12.72,13.16
2019-01-16,13.16,13.27,13.06,13.17
2019-01-17,13.12,13.15,12.83,12.85
2019-01-18,12.85,13.08,12.85,13.03
2019-01-22,13.08,13.08,12.82,12.93
2019-01-23,12.91,13,12.86,12.97
2019-01-24,12.97,13.07,12.95,12.98
2019-01-25,12.99,13.01,12.37,12.44
2019-01-28,12.47,12.93,12.46,12.79
2019-01-29,12.79,12.85,12.58,12.69
2019-01-30,12.73,12.78,12.47,12.53
2019-01-31,12.55,12.85,12.54,12.73
2019-02-01,12.7,12.77,12.57,12.6
2019-02-04,12.64,12.89,12.51,12.85
2019-02-05,12.88,12.93,12.75,12.82
2019-02-06,12.77,12.91,12.77,12.9
2019-02-07,12.9,12.9,12.68,12.73
2019-02-08,12.74,12.85,12.69,12.71
2019-02-11,12.72,12.76,12.57,12.67
2019-02-12,12.7,12.92,12.7,12.85
2019-02-13,12.87,12.89,12.72,12.75
2019-02-14,12.77,12.8,12.52,12.61
2019-02-15,12.67,13.25,12.65,13.14
2019-02-19,13.14,13.38,13.14,13.35
2019-02-20,13.34,13.5,13.17,13.44
2019-02-21,13.4,13.42,13.16,13.24
2019-02-22,13.2,13.42,13.19,13.37
2019-02-25,13.37,13.41,13.05,13.1
2019-02-26,13.1,13.17,12.86,12.88
2019-02-27,12.9,12.95,12.82,12.91
2019-02-28,13,13,12.64,12.78
2019-03-01,12.85,12.88,12.61,12.62
2019-03-04,12.62,12.73,12.35,12.36
2019-03-05,12.39,12.56,12.38,12.44
2019-03-06,12.47,12.47,12.15,12.16
2019-03-07,12.2,12.26,12.08,12.14
2019-03-08,12.19,12.25,12.11,12.18
2019-03-11,12.21,12.47,12.2,12.29
2019-03-12,12.29,12.46,12.17,12.33
2019-03-13,12.35,12.38,12.24,12.36
2019-03-14,12.37,12.69,12.28,12.41
2019-03-15,12.44,12.58,12.26,12.52
2019-03-18,12.6,12.87,12.56,12.84
2019-03-19,12.83,12.83,12.64,12.78
2019-03-20,12.76,12.8,12.68,12.74
2019-03-21,12.74,12.74,12.45,12.5
2019-03-22,12.5,12.7,12.43,12.57
2019-03-25,12.59,12.61,12.33,12.48
2019-03-26,12.52,12.64,12.4,12.59
2019-03-27,12.59,12.73,12.49,12.58
2019-03-28,12.57,12.61,12.47,12.53
2019-03-29,12.55,12.65,12.49,12.53
2019-04-01,12.53,12.69,12.29,12.67
2019-04-02,12.66,12.77,12.57,12.66
2019-04-03,12.65,12.69,12.38,12.42
2019-04-04,12.48,12.8,12.4,12.71
2019-04-05,12.72,12.84,12.68,12.76
2019-04-08,12.72,12.76,12.49,12.57
2019-04-09,12.58,12.8,12.52,12.78
2019-04-10,12.78,12.83,12.7,12.81
2019-04-11,12.77,12.81,12.65,12.66
2019-04-12,12.67,12.77,12.61,12.77
2019-04-15,12.74,12.79,12.64,12.66
2019-04-16,12.68,12.68,12.43,12.51
2019-04-17,12.54,12.64,12.31,12.35
2019-04-18,12.36,12.79,12.33,12.76
2019-04-22,12.72,12.8,12.5,12.54
2019-04-23,12.5,12.73,12.48,12.7
2019-04-24,12.68,12.72,12.53,12.68
2019-04-25,12.66,12.7,12.35,12.36
2019-04-26,12.39,12.45,12.19,12.26
2019-04-29,12.3,12.3,11.6,11.63
2019-04-30,12.38,12.75,12.3,12.34
2019-05-01,12.38,12.39,12.1,12.21
2019-05-02,12.25,12.33,12.15,12.23
2019-05-03,12.24,12.25,11.97,12.01
2019-05-06,11.95,12.01,11.84,11.88
2019-05-07,11.89,12.06,11.85,11.95
2019-05-08,12,12,11.64,11.65
2019-05-09,11.66,11.91,11.65,11.78
2019-05-10,11.83,12.15,11.71,11.72
2019-05-13,11.73,11.87,11.66,11.84
2019-05-14,11.83,11.99,11.74,11.94
2019-05-15,12,12.06,11.77,11.85
2019-05-16,11.81,11.88,11.7,11.78
2019-05-17,11.75,11.76,11.43,11.55
2019-05-20,11.61,11.74,11.57,11.62
2019-05-21,11.63,11.85,11.36,11.81
2019-05-22,11.87,11.95,11.58,11.62
2019-05-23,11.62,11.77,11.42,11.57
2019-05-24,11.64,11.77,11.56,11.66
2019-05-28,11.73,11.81,11.62,11.75
2019-05-29,11.8,12.01,11.76,11.87
2019-05-30,11.83,11.95,11.73,11.76
2019-05-31,11.73,12.13,11.6,12.1
2019-06-03,12.13,12.22,11.95,12.19
2019-06-04,12.2,12.45,12.08,12.42
2019-06-05,12.42,12.53,12.15,12.21
2019-06-06,12.2,12.52,12.09,12.51
2019-06-07,12.49,12.52,12.42,12.5
2019-06-10,12.49,12.49,12.35,12.4
2019-06-11,12.44,12.54,12.27,12.54
2019-06-12,12.51,12.63,12.46,12.62
2019-06-13,12.6,12.75,12.6,12.75
2019-06-14,12.74,12.78,12.69,12.75
2019-06-17,12.75,12.77,12.61,12.66
2019-06-18,12.66,12.66,12.51,12.61
2019-06-19,12.54,12.57,12.41,12.5
2019-06-20,12.43,12.5,12.43,12.43
2019-06-21,12.4,12.45,12.17,12.22
2019-06-24,12.12,12.42,12.11,12.27
2019-06-25,12.31,12.45,12.27,12.33
2019-06-26,12.38,12.43,11.98,12.03
2019-06-27,12.05,12.57,12,12.53
2019-06-28,12.78,12.84,12.57,12.62
2019-07-01,12.71,12.82,12.5,12.57
2019-07-02,12.54,12.61,12.25,12.35
2019-07-03,12.35,12.62,12.3,12.54
2019-07-05,12.57,12.65,12.33,12.36
2019-07-08,12.38,12.55,12.34,12.45
2019-07-09,12.43,12.43,12.26,12.35
2019-07-10,12.4,12.54,12.31,12.5
2019-07-11,12.5,12.62,12.36,12.38
2019-07-12,12.38,12.42,12.28,12.3
2019-07-15,12.3,12.32,11.95,12.06
2019-07-16,12.06,12.07,11.9,11.99
2019-07-17,12.05,12.14,11.76,11.79
2019-07-18,11.81,11.84,11.53,11.55
2019-07-19,11.59,11.7,11.56,11.59
2019-07-22,11.61,11.66,11.54,11.56
2019-07-23,11.56,11.99,11.39,11.98
2019-07-24,11.94,12.23,11.85,12.06
2019-07-25,12.12,12.2,11.93,12
2019-07-26,12.02,12.11,11.93,12.02
2019-07-29,12.04,12.21,12,12.07
2019-07-30,12.07,12.3,12.05,12.15
2019-07-31,12.15,12.23,12.03,12.21
2019-08-01,12.16,12.22,12.01,12.12
2019-08-02,12.11,12.12,11.89,12.02
2019-08-05,11.97,12.04,11.69,11.82
2019-08-06,11.78,12,11.7,11.73
2019-08-07,11.75,11.78,11.27,11.34
2019-08-08,11.37,11.5,11.33,11.43
2019-08-09,11.43,11.9,11.43,11.86
2019-08-12,11.89,11.96,11.48,11.56
2019-08-13,11.6,11.83,11.5,11.72
2019-08-14,11.72,11.81,11.57,11.61
2019-08-15,11.62,11.74,11.51,11.63
2019-08-16,11.62,11.69,11.56,11.64
2019-08-19,11.6,11.61,11.41,11.47
2019-08-20,11.43,11.55,11.37,11.44
2019-08-21,11.44,11.54,11.37,11.39
2019-08-22,11.41,11.64,11.38,11.58
2019-08-23,11.61,11.65,11.44,11.47
2019-08-26,11.45,11.61,11.41,11.43
2019-08-27,11.42,11.48,11.16,11.24
2019-08-28,11.26,11.46,11.09,11.37
2019-08-29,11.38,11.45,11.15,11.21
2019-08-30,11.2,11.3,11.05,11.14
2019-09-03,11.2,11.4,11.08,11.19
2019-09-04,11.16,11.27,11,11.01
2019-09-05,11.04,11.14,10.86,10.97
2019-09-06,11,11.07,10.91,11.02
2019-09-09,11.05,11.1,10.9,10.92
2019-09-10,10.89,11.07,10.85,10.88
2019-09-11,10.88,10.92,10.73,10.81
2019-09-12,10.8,10.83,10.68,10.76
2019-09-13,10.73,10.98,10.72,10.89
2019-09-16,11.08,11.34,11.04,11.09
2019-09-17,11.08,11.23,10.91,10.94
2019-09-18,10.9,11.07,10.88,11
2019-09-19,11.01,11.1,10.92,10.99
2019-09-20,11,11.11,10.97,11.09
2019-09-23,11.1,11.25,11.1,11.22
2019-09-24,11.19,11.57,11.19,11.5
2019-09-25,11.5,11.84,11.48,11.8
2019-09-26,11.84,11.86,11.56,11.63
2019-09-27,11.6,11.74,11.4,11.53
2019-09-30,12.62,12.85,12.57,12.65
2019-10-01,12.65,12.9,12.63,12.88
2019-10-02,12.88,12.93,12.78,12.89
2019-10-03,12.87,12.89,12.59,12.74
2019-10-04,12.72,12.83,12.69,12.76
2019-10-07,12.71,12.71,12.31,12.52
2019-10-08,12.59,12.59,12.36,12.46
2019-10-09,12.43,12.55,12.38,12.41
2019-10-10,12.39,12.48,12.32,12.41
2019-10-11,12.4,12.48,12.22,12.41
2019-10-14,12.44,12.59,12.43,12.52
2019-10-15,12.5,12.62,12.35,12.59
2019-10-16,12.53,12.55,12.28,12.35
2019-10-17,12.34,12.46,12.21,12.24
2019-10-18,12.21,12.34,12.2,12.32
2019-10-21,12.34,12.39,12.2,12.27
2019-10-22,12.27,12.28,12.1,12.18
2019-10-23,12.13,12.25,12.05,12.15
2019-10-24,12.17,12.33,12.17,12.3
2019-10-25,12.25,12.39,12.23,12.35
2019-10-28,12.35,12.59,12.34,12.54
2019-10-29,12.53,12.55,12.28,12.34
2019-10-30,12.34,12.44,12.24,12.41
2019-10-31,12.42,12.52,12.31,12.48
2019-11-01,12.47,12.52,12.34,12.48
2019-11-04,12.48,12.57,12.44,12.51
2019-11-05,12.51,12.73,12.49,12.71
2019-11-06,12.71,12.71,12.54,12.56
2019-11-07,12.56,12.56,12.35,12.39
2019-11-08,12.36,12.61,12.29,12.57
2019-11-11,12.56,12.67,12.46,12.57
2019-11-12,12.62,12.63,12.51,12.59
2019-11-13,12.62,12.91,12.57,12.85
2019-11-14,12.83,12.89,12.77,12.81
2019-11-15,12.81,12.84,12.68,12.73
2019-11-18,12.73,12.8,12.6,12.76
2019-11-19,12.68,12.75,12.66,12.69
2019-11-20,12.69,12.81,12.68,12.75
2019-11-21,12.74,12.77,12.57,12.61
2019-11-22,12.63,12.87,12.62,12.83
2019-11-25,12.78,12.86,12.74,12.82
2019-11-26,12.8,12.89,12.66,12.78
2019-11-27,12.74,12.83,12.72,12.79
2019-11-29,12.8,13.01,12.78,12.94
2019-12-02,12.97,12.97,12.73,12.75
2019-12-03,12.75,12.92,12.74,12.86
2019-12-04,12.89,13.1,12.88,13.06
2019-12-05,13.06,13.17,13,13.08
2019-12-06,13.08,13.21,13.07,13.18
2019-12-09,13.21,13.42,13.19,13.38
2019-12-10,13.38,13.49,13.31,13.46
2019-12-11,13.46,13.51,13.28,13.42
2019-12-12,13.38,13.55,13.34,13.52
2019-12-13,13.52,13.67,13.47,13.5
2019-12-16,13.45,13.58,13.22,13.29
2019-12-17,13.32,13.41,13.23,13.27
2019-12-18,13.27,13.5,13.26,13.43
2019-12-19,13.4,13.62,13.39,13.55
2019-12-20,13.55,13.59,13.47,13.54
2019-12-23,13.54,13.57,13.41,13.45
2019-12-24,13.47,13.49,13.36,13.37
2019-12-26,13.37,13.53,13.36,13.44
2019-12-27,13.48,13.6,13.42,13.54
2019-12-30,13.54,13.58,13.45,13.53
2019-12-31,13.54,13.56,13.39,13.42
2020-01-02,13.47,13.53,13.1,13.13
2020-01-03,13.23,13.4,13.2,13.31
2020-01-06,13.37,13.76,13.37,13.73
2020-01-07,13.75,13.79,13.55,13.59
2020-01-08,13.69,13.74,13.41,13.47
2020-01-09,13.49,13.76,13.4,13.71
2020-01-10,13.69,14.12,13.63,14.07
2020-01-13,14.09,14.24,13.98,14.16
2020-01-14,14.18,14.53,14.13,14.32
2020-01-15,14.28,14.57,14.22,14.52
2020-01-16,14.51,14.58,14.32,14.43
2020-01-17,14.46,14.5,14.34,14.45
2020-01-21,14.5,14.59,14.4,14.55
2020-01-22,14.55,14.79,14.53,14.66
2020-01-23,14.66,14.9,14.5,14.57
2020-01-24,14.57,14.69,14.26,14.39
2020-01-27,14.34,14.34,14.1,14.21
2020-01-28,14.19,14.75,14.05,14.54
2020-01-29,14.54,14.87,14.42,14.49
2020-01-30,14.43,14.72,14.36,14.59
2020-01-31,14.64,14.81,14.52,14.61
2020-02-03,14.54,15.01,14.42,14.89
2020-02-04,14.95,15.13,14.64,14.71
2020-02-05,14.71,14.86,14.59,14.73
2020-02-06,14.77,14.8,14.54,14.74
2020-02-07,14.75,15,14.69,14.92
2020-02-10,14.95,15.1,14.92,15.04
2020-02-11,15,15.46,14.99,15.41
2020-02-12,15.37,15.9,15.34,15.78
2020-02-13,15.75,15.84,15.12,15.16
2020-02-14,15.23,15.37,14.89,15.06
2020-02-18,15.06,15.33,15.05,15.28
2020-02-19,15.3,15.76,15.3,15.58
2020-02-20,15.61,15.66,15.36,15.4
2020-02-21,15.45,15.65,15.34,15.59
2020-02-24,15.54,15.58,15.23,15.27
2020-02-25,15.34,15.49,15.11,15.15
2020-02-26,15.12,15.12,14.69,14.79
2020-02-27,14.73,14.77,14.23,14.39
2020-02-28,14.09,14.2,13.86,14.14
2020-03-02,14.25,14.4,13.77,13.81
2020-03-03,13.85,13.89,13.62,13.76
2020-03-04,13.7,13.79,13.43,13.47
2020-03-05,13.5,13.54,13.35,13.42
2020-03-06,13.52,13.52,12.95,13.02
2020-03-09,12.5,12.74,12.18,12.61
2020-03-10,12.82,12.93,12.38,12.59
2020-03-11,12.59,12.66,12.23,12.26
2020-03-12,12.1,12.11,11.53,11.62
2020-03-13,11.8,12.1,11.66,11.7
2020-03-16,11.6,11.62,10.95,11.09
2020-03-17,11.15,11.17,10.85,10.89
2020-03-18,10.78,10.97,10.64,10.67
2020-03-19,10.68,10.86,10.44,10.59
2020-03-20,10.85,11.19,10.82,10.91
2020-03-23,10.77,11.15,10.72,11.04
2020-03-24,11.23,11.55,11.21,11.27
2020-03-25,11.42,11.68,11.31,11.41
2020-03-26,11.52,11.59,11.26,11.33
2020-03-27,11.33,11.45,11.06,11.1
2020-03-30,11.01,11.18,10.68,10.73
2020-03-31,10.75,10.78,10.4,10.42
2020-04-01,10.39,10.42,10.02,10.04
2020-04-02,10.17,10.86,10.05,10.29
2020-04-03,10.28,10.67,10.24,10.31
2020-04-06,10.46,10.56,10.29,10.45
2020-04-07,10.5,10.59,10.31,10.38
2020-04-08,10.34,10.46,10.22,10.37
2020-04-09,10.42,10.6,10.27,10.43
2020-04-13,10.55,10.57,10.12,10.17
2020-04-14,10.23,10.25,9.99,10.05
2020-04-15,9.99,10.2,9.96,10.16
2020-04-16,10.22,10.3,10.11,10.16
2020-04-17,10.2,10.47,10.16,10.37
2020-04-20,10.37,10.37,10.03,10.06
2020-04-21,9.99,9.99,9.55,9.75
2020-04-22,9.69,10.02,9.68,9.83
2020-04-23,9.93,10,9.75,9.84
2020-04-24,9.82,9.86,9.6,9.73
2020-04-27,9.58,9.75,9.17,9.21
2020-04-28,9.21,9.44,9.05,9.34
2020-04-29,9.39,9.87,9.39,9.76
2020-04-30,10.06,10.44,10.04,10.37
2020-05-01,10.5,11.01,10.25,10.97
2020-05-04,10.8,10.9,10.33,10.4
2020-05-05,10.42,10.86,10.37,10.78
2020-05-06,10.63,10.74,10.24,10.27
2020-05-07,10.3,10.55,10.27,10.33
2020-05-08,10.33,10.39,10.11,10.29
2020-05-11,10.33,10.45,10.1,10.12
2020-05-12,10.12,10.37,10.05,10.25
2020-05-13,10.25,10.33,10.1,10.26
2020-05-14,10.3,10.62,10.29,10.46
2020-05-15,10.56,10.68,10.29,10.38
2020-05-18,10.52,10.83,10.47,10.8
2020-05-19,10.84,10.98,10.72,10.85
2020-05-20,10.85,11.3,10.85,11.19
2020-05-21,11.21,11.32,10.87,10.98
2020-05-22,10.83,11,10.66,10.93
2020-05-26,11.11,11.2,10.88,11.05
2020-05-27,11.06,11.12,10.72,10.8
2020-05-28,10.76,10.88,10.55,10.8
2020-05-29,10.83,10.96,10.67,10.91
2020-06-01,10.97,11.13,10.83,11
2020-06-02,11.03,11.28,11.01,11.22
2020-06-03,11.3,11.64,11.22,11.62
2020-06-04,11.61,11.74,11.44,11.73
2020-06-05,11.74,12.06,11.73,12.02
2020-06-08,12.11,12.27,11.89,11.94
2020-06-09,11.9,12.03,11.8,12
2020-06-10,12,12.25,11.94,12.23
2020-06-11,12.17,12.18,11.88,11.94
2020-06-12,11.84,12.09,11.6,11.87
2020-06-15,11.77,12.06,11.62,12.04
2020-06-16,12.1,12.25,12.01,12.19
2020-06-17,12.09,12.18,11.93,12.11
2020-06-18,12.09,12.14,11.81,11.89
2020-06-19,11.9,12.17,11.9,12.05
2020-06-22,12.04,12.11,11.82,11.92
2020-06-23,11.95,11.96,11.76,11.79
2020-06-24,11.8,12.05,11.65,11.75
2020-06-25,11.77,11.83,11.65,11.81
2020-06-26,11.77,11.87,11.45,11.55
2020-06-29,11.46,11.77,11.33,11.71
2020-06-30,11.84,12.1,11.76,11.96
2020-07-01,12.03,12.25,12.01,12.17
2020-07-02,12.18,12.25,12.02,12.24
2020-07-06,12.2,12.27,11.9,11.93
2020-07-07,11.88,12.23,11.78,12.18
2020-07-08,12.14,12.29,11.97,12.08
2020-07-09,12.11,12.15,11.82,11.84
2020-07-10,11.81,11.93,11.68,11.76
2020-07-13,11.71,11.75,11.53,11.58
2020-07-14,11.49,11.55,11.27,11.32
2020-07-15,11.38,11.9,11.36,11.82
2020-07-16,11.89,11.97,11.68,11.79
2020-07-17,11.77,11.87,11.68,11.73
2020-07-20,11.69,11.76,11.52,11.72
2020-07-21,11.77,11.94,11.63,11.67
2020-07-22,11.7,11.88,11.64,11.86
2020-07-23,11.89,11.89,11.72,11.77
2020-07-24,11.67,11.73,11.48,11.49
2020-07-27,11.51,12.19,11.51,12.12
2020-07-28,12.2,12.27,11.95,12.01
2020-07-29,12.05,12.1,11.84,12.01
2020-07-30,11.9,12.19,11.89,12.11
2020-07-31,12.12,12.72,12.11,12.64
2020-08-03,12.67,12.8,12.39,12.72
2020-08-04,12.67,12.8,12.55,12.78
2020-08-05,12.8,12.96,12.49,12.54
2020-08-06,12.65,12.98,12.51,12.94
2020-08-07,12.95,13,12.63,12.67
2020-08-10,12.59,12.82,12.41,12.55
2020-08-11,12.53,12.82,12.43,12.74
2020-08-12,12.74,12.93,12.65,12.84
2020-08-13,12.87,13.14,12.84,13.11
2020-08-14,13.14,13.28,13.06,13.1
2020-08-17,13.1,13.25,13.01,13.06
2020-08-18,13.06,13.12,12.74,12.89
2020-08-19,12.92,13.26,12.9,13.24
2020-08-20,13.23,13.23,12.97,13.01
2020-08-21,13.04,13.08,12.8,12.83
2020-08-24,12.83,12.97,12.65,12.71
2020-08-25,12.71,12.87,12.6,12.76
2020-08-26,12.78,12.87,12.54,12.58
2020-08-27,12.61,12.82,12.5,12.77
2020-08-28,12.82,12.84,12.58,12.6
2020-08-31,12.65,12.74,12.56,12.66
2020-09-01,12.66,12.8,12.54,12.6
2020-09-02,12.6,12.64,12.42,12.44
2020-09-03,12.41,12.44,11.9,12.07
2020-09-04,12.09,12.14,11.86,11.93
2020-09-08,11.99,12.11,11.78,12.04
2020-09-09,12.07,12.17,11.93,12.03
2020-09-10,12,12.03,11.85,11.91
2020-09-11,11.93,11.98,11.76,11.92
2020-09-14,11.91,11.98,11.73,11.76
2020-09-15,11.77,12.1,11.74,12.08
2020-09-16,12.15,12.43,12.06,12.35
2020-09-17,12.3,12.69,12.22,12.62
2020-09-18,12.62,12.79,12.5,12.77
2020-09-21,12.8,12.85,12.46,12.55
2020-09-22,12.51,12.95,12.51,12.89
2020-09-23,12.89,13.06,12.77,12.82
2020-09-24,12.82,12.93,12.71,12.84
2020-09-25,12.83,13.03,12.83,13
2020-09-28,13.05,13.18,12.57,12.59
2020-09-29,12.62,13.07,12.49,12.99
2020-09-30,13.42,13.54,13.23,13.51
2020-10-01,13.51,13.77,13.36,13.58
2020-10-02,13.52,13.68,13.31,13.55
2020-10-05,13.55,13.75,13.49,13.61
2020-10-06,13.61,13.9,13.56,13.88
2020-10-07,13.83,14.18,13.77,14.14
2020-10-08,14.09,14.24,14.08,14.17
2020-10-09,14.15,14.31,14.03,14.23
2020-10-12,14.28,14.55,13.78,13.84
2020-10-13,13.86,14.15,13.85,14.01
2020-10-14,13.96,14.26,13.93,14.2
2020-10-15,14.22,14.49,14.02,14.18
2020-10-16,14.21,14.46,14.15,14.43
2020-10-19,14.47,14.75,14.36,14.72
2020-10-20,14.7,14.74,14.51,14.54
2020-10-21,14.53,14.59,14.3,14.5
2020-10-22,14.5,14.94,14.47,14.78
2020-10-23,14.78,14.88,14.59,14.72
2020-10-26,14.66,14.85,14.37,14.77
2020-10-27,14.83,15.04,14.68,14.83
2020-10-28,14.71,14.95,14.62,14.89
2020-10-29,14.81,14.84,14.34,14.4
2020-10-30,14.36,14.44,13.94,14.36
2020-11-02,14.24,15.04,14.23,14.97
2020-11-03,15,15.23,14.66,14.72
2020-11-04,14.65,14.81,14.42,14.65
2020-11-05,14.7,14.83,14.38,14.48
2020-11-06,14.38,15,14.27,14.91
2020-11-09,14.97,15.05,14.58,14.88
2020-11-10,14.88,14.92,14.53,14.68
2020-11-11,14.66,14.68,14.42,14.49
2020-11-12,14.51,15,14.5,14.92
2020-11-13,14.86,15.08,14.79,14.96
2020-11-16,14.96,15.58,14.96,15.47
2020-11-17,15.46,15.66,15.22,15.31
2020-11-18,15.32,15.56,15.31,15.45
2020-11-19,15.45,15.52,15.22,15.28
2020-11-20,15.31,15.4,14.87,15.21
2020-11-23,15.3,15.49,15.08,15.15
2020-11-24,15.08,15.13,14.92,15.04
2020-11-25,15.06,15.15,14.66,14.77
2020-11-27,14.88,15.18,14.76,14.82
2020-11-30,14.82,14.91,14.41,14.51
2020-12-01,14.55,14.85,14.4,14.51
2020-12-02,14.63,14.74,14.33,14.6
2020-12-03,14.62,14.89,14.58,14.71
2020-12-04,14.75,14.77,14.39,14.44
2020-12-07,14.4,14.66,14.3,14.45
2020-12-08,14.46,14.53,14.34,14.39
2020-12-09,14.45,14.99,14.41,14.97
2020-12-10,14.92,15.07,14.6,14.66
2020-12-11,14.66,14.7,14.38,14.43
2020-12-14,14.43,14.45,14.09,14.12
2020-12-15,14.15,14.32,14.09,14.21
2020-12-16,14.28,14.54,14.24,14.49
2020-12-17,14.49,14.72,14.45,14.68
2020-12-18,14.68,14.76,14.39,14.44
2020-12-21,14.36,14.63,14.28,14.53
2020-12-22,14.55,14.64,14.4,14.54
2020-12-23,14.59,14.9,14.56,14.83
2020-12-24,14.89,15,14.74,14.9
2020-12-28,14.93,15.13,14.83,14.98
2020-12-29,15.03,15.07,14.85,15.04
2020-12-30,15.07,15.45,14.98,15.28
2020-12-31,15.28,15.53,15.16,15.49
2021-01-04,15.65,16.13,15.55,15.76
2021-01-05,15.75,16.15,15.64,16.12
2021-01-06,16.12,16.32,16.02,16.25
2021-01-07,16.33,16.33,15.55,15.6
2021-01-08,15.7,15.87,15.54,15.6
2021-01-11,15.55,15.75,15.4,15.67
2021-01-12,15.75,15.94,15.44,15.46
2021-01-13,15.55,15.98,15.51,15.84
2021-01-14,15.95,16.75,15.95,16.67
2021-01-15,16.67,16.71,16.27,16.45
2021-01-19,16.5,16.7,16.06,16.1
2021-01-20,16.1,16.56,16.02,16.27
2021-01-21,16.3,16.38,15.81,16.05
2021-01-22,15.99,16.04,15.73,15.87
2021-01-25,15.94,16.1,15.72,15.74
2021-01-26,15.74,15.86,15.62,15.74
2021-01-27,15.84,16.19,15.66,15.8
2021-01-28,15.78,16,15.57,15.59
2021-01-29,15.57,16.03,15.55,15.83
2021-02-01,15.93,16.27,15.87,16.15
2021-02-02,16.25,16.48,16.08,16.29
2021-02-03,16.29,16.38,15.96,16.04
2021-02-04,16.14,16.16,15.82,16.05
2021-02-05,16.17,16.52,16.07,16.42
2021-02-08,16.46,16.61,16.26,16.27
2021-02-09,16.35,16.58,16.21,16.44
2021-02-10,16.53,17.05,16.37,16.71
2021-02-11,16.7,16.82,16.47,16.55
2021-02-12,16.51,16.59,16.3,16.38
2021-02-16,16.54,16.77,16.49,16.73
2021-02-17,16.85,17.09,16.8,16.96
2021-02-18,17,17.54,17,17.51
2021-02-19,17.66,17.96,17.6,17.79
2021-02-22,17.89,18.89,17.64,18.78
2021-02-23,18.76,18.94,18.25,18.41
2021-02-24,18.4,18.5,18.1,18.16
2021-02-25,18.12,18.38,17.7,17.84
2021-02-26,16.82,16.82,16.41,16.45
2021-03-01,16.55,16.7,16.17,16.21
2021-03-02,16.2,16.53,16.02,16.43
2021-03-03,16.5,16.53,16.07,16.14
2021-03-04,16.13,16.41,15.96,16.26
2021-03-05,16.26,16.56,16.08,16.4
2021-03-08,16.5,16.54,16.15,16.2
2021-03-09,16.13,16.16,15.85,15.9
2021-03-10,15.95,16.13,15.91,15.96
2021-03-11,16.06,16.41,16,16.36
2021-03-12,16.29,16.3,16.07,16.13
2021-03-15,16.2,16.28,15.91,16.12
2021-03-16,16.2,16.55,16.07,16.3
2021-03-17,16.23,16.28,15.94,15.99
2021-03-18,16.05,16.1,15.81,15.89
2021-03-19,15.81,15.89,15.55,15.76
2021-03-22,15.76,15.86,15.51,15.53
2021-03-23,15.52,15.54,15.05,15.43
2021-03-24,15.4,15.67,15.28,15.63
2021-03-25,15.54,15.63,15.01,15.09
2021-03-26,15.12,15.29,15.09,15.19
2021-03-29,15.13,15.16,14.84,14.92
2021-03-30,15,15.14,14.87,14.92
2021-03-31,14.94,15.03,14.67,14.77
2021-04-01,14.71,14.94,14.68,14.71
2021-04-05,14.74,14.96,14.69,14.84
2021-04-06,14.8,15.21,14.79,15.16
2021-04-07,15.18,15.34,14.99,15.14
2021-04-08,15.13,15.39,15.13,15.18
2021-04-09,15.26,15.72,15.22,15.46
2021-04-12,15.48,15.63,15.32,15.35
2021-04-13,15.34,15.64,15.34,15.43
2021-04-14,15.5,15.93,15.5,15.86
2021-04-15,15.97,16.42,15.87,16.38
2021-04-16,16.38,16.8,16.22,16.72
2021-04-19,16.67,16.72,16.26,16.29
2021-04-20,16.33,16.88,16.33,16.77
2021-04-21,16.71,16.99,16.62,16.94
2021-04-22,16.9,17.07,16.81,16.92
2021-04-23,16.91,17.08,16.83,16.91
2021-04-26,16.95,17.24,16.82,17.17
2021-04-27,17.17,17.98,17.16,17.94
2021-04-28,17.86,17.86,17.14,17.3
2021-04-29,17.29,17.52,16.63,17.08
2021-04-30,16.91,17.08,16.63,16.98
2021-05-03,17.02,17.32,16.69,16.73
2021-05-04,16.76,17.27,16.76,17.12
2021-05-05,17.24,17.58,17.18,17.53
2021-05-06,17.57,17.89,17.34,17.55
2021-05-07,17.55,17.69,17.32,17.49
2021-05-10,17.35,17.75,17.26,17.49
2021-05-11,17.49,18.14,17.4,18.1
2021-05-12,18.17,18.25,17.78,17.84
2021-05-13,17.8,17.8,17.01,17.11
2021-05-14,17.2,17.45,16.92,16.96
2021-05-17,17,17.12,16.8,16.99
2021-05-18,17.05,17.36,16.96,17.21
2021-05-19,17.1,17.1,16.85,16.95
2021-05-20,16.96,17.12,16.89,17.04
2021-05-21,16.98,17.02,16.6,16.67
2021-05-24,16.66,16.92,16.54,16.83
2021-05-25,16.88,17.27,16.86,17.04
2021-05-26,17.08,17.13,16.63,16.78
2021-05-27,16.8,17.2,16.78,17.12
2021-05-28,17.2,17.69,17.2,17.36
2021-06-01,17.51,17.89,17.51,17.69
2021-06-02,17.77,17.93,17.49,17.68
2021-06-03,17.74,17.74,17.29,17.43
2021-06-04,17.43,17.82,17.43,17.71
2021-06-07,17.73,17.83,17.32,17.38
2021-06-08,17.34,17.76,17.3,17.71
2021-06-09,17.71,17.9,17.56,17.73
2021-06-10,17.66,17.84,17.58,17.66
2021-06-11,17.66,17.69,17.36,17.54
2021-06-14,17.5,17.5,16.93,17.29
2021-06-15,17.34,17.46,16.93,17.05
2021-06-16,17,17.31,16.96,17.04
2021-06-17,16.91,16.95,16.52,16.55
2021-06-18,16.61,16.78,16.32,16.43
2021-06-21,16.42,16.91,16.19,16.78
2021-06-22,16.73,16.77,16.3,16.43
2021-06-23,16.5,16.85,16.49,16.69
2021-06-24,16.63,16.99,16.5,16.93
2021-06-25,16.96,17,16.73,16.9
2021-06-28,16.98,17.26,16.8,17.23
2021-06-29,17.24,17.3,16.92,17.23
2021-06-30,17.55,17.93,17.46,17.89
2021-07-01,17.92,18.49,17.73,17.94
2021-07-02,18,18.34,17.89,18.15
2021-07-06,18.35,18.43,17.82,17.87
2021-07-07,17.89,18.11,17.45,17.75
2021-07-08,17.78,17.81,17.32,17.45
2021-07-09,17.33,17.46,17.17,17.28
2021-07-12,17.24,17.25,16.93,16.99
2021-07-13,17.1,17.22,16.73,17.08
2021-07-14,17.24,17.25,16.84,16.93
2021-07-15,16.86,17.37,16.83,17.33
2021-07-16,17.33,17.78,17.24,17.71
2021-07-19,17.7,17.79,17.05,17.07
2021-07-20,17.2,17.53,17.2,17.41
2021-07-21,17.55,17.69,17.27,17.67
2021-07-22,17.7,17.74,17.47,17.62
2021-07-23,17.65,18.28,17.65,18.17
2021-07-26,18.22,18.64,17.77,18.42
2021-07-27,18.65,18.73,18.26,18.35
2021-07-28,18.4,18.69,18.1,18.61
2021-07-29,18.7,18.81,18.23,18.3
2021-07-30,18.3,18.45,17.8,17.91
2021-08-02,17.86,18.15,17.86,17.95
2021-08-03,17.92,18.24,17.74,17.98
2021-08-04,18.08,18.2,17.91,17.93
2021-08-05,18,18.69,17.83,18.62
2021-08-06,18.56,18.92,18.5,18.68
2021-08-09,18.59,18.7,18.36,18.47
2021-08-10,18.63,19.75,18.54,19.59
2021-08-11,19.66,19.67,19.3,19.47
2021-08-12,19.45,19.64,19.33,19.54
2021-08-13,19.6,20.1,19.53,19.95
2021-08-16,19.99,20.17,19.89,20.03
2021-08-17,20.02,20.37,19.93,20.02
2021-08-18,20.01,20.31,19.99,20.17
2021-08-19,20.09,20.09,19.71,19.79
2021-08-20,19.79,19.98,19.47,19.58
2021-08-23,19.58,19.79,19.5,19.58
2021-08-24,19.68,19.88,19.51,19.58
2021-08-25,19.52,19.83,19.42,19.73
2021-08-26,19.78,19.87,19.49,19.68
2021-08-27,19.68,20.1,19.62,20.04
2021-08-30,20.04,20.3,20.01,20.22
2021-08-31,20.3,20.3,19.73,19.84
2021-09-01,19.93,20.05,19.61,19.67
2021-09-02,19.67,19.94,19.62,19.9
2021-09-03,19.9,19.91,19.55,19.62
2021-09-07,19.63,19.72,19.44,19.48
2021-09-08,19.5,19.76,19.45,19.49
2021-09-09,19.51,19.55,19.1,19.24
2021-09-10,19.25,19.25,18.73,18.79
2021-09-13,18.81,19.02,18.57,18.98
2021-09-14,19.06,19.18,18.8,18.96
2021-09-15,18.99,19.65,18.96,19.52
2021-09-16,19.52,19.7,19.3,19.49
2021-09-17,19.52,19.59,19.04,19.18
2021-09-20,19,19.1,18.81,18.86
2021-09-21,18.89,19.24,18.82,18.97
2021-09-22,19.04,19.38,19.02,19.33
2021-09-23,19.4,19.54,19.29,19.49
2021-09-24,19.55,19.55,19.05,19.1
2021-09-27,19.24,19.29,18.72,18.73
2021-09-28,18.76,19.05,18.49,18.98
2021-09-29,18.96,19.32,18.87,18.94
2021-09-30,19.74,20.38,19.56,20.34
2021-10-01,20.31,20.35,20.02,20.06
2021-10-04,20.03,20.1,19.63,19.69
2021-10-05,19.74,20.04,19.62,19.85
2021-10-06,19.8,19.87,19.65,19.77
2021-10-07,19.77,20.02,19.76,19.84
2021-10-08,19.89,20.34,19.84,20.29
2021-10-11,20.34,20.61,20.22,20.33
2021-10-12,20.32,20.38,20.03,20.07
2021-10-13,20.11,20.15,19.83,19.86
2021-10-14,19.88,20.01,19.48,19.59
2021-10-15,19.6,19.97,19.59,19.8
2021-10-18,19.77,19.8,19.14,19.35
2021-10-19,19.35,19.44,18.82,18.87
2021-10-20,19.01,19.11,18.84,18.97
2021-10-21,19,19.19,18.87,18.94
2021-10-22,19.03,19.15,18.92,19.08
2021-10-25,19.15,19.44,18.98,19.39
2021-10-26,19.37,19.69,19.32,19.66
2021-10-27,19.6,19.86,19.53,19.7
2021-10-28,19.7,19.83,19.5,19.62
2021-10-29,19.62,19.7,19.21,19.27
2021-11-01,19.28,19.54,19.19,19.37
2021-11-02,19.37,19.65,19.29,19.54
2021-11-03,19.53,19.53,19.33,19.38
2021-11-04,19.42,19.83,19.38,19.63
2021-11-05,19.66,19.99,19.56,19.94
2021-11-08,19.99,20.1,19.88,19.92
2021-11-09,19.94,20.1,19.8,19.9
2021-11-10,19.9,19.98,19.52,19.6
2021-11-11,19.62,20.15,19.62,20.12
2021-11-12,20.11,20.17,19.92,20.01
2021-11-15,20.01,20.12,19.64,19.74
2021-11-16,19.7,20.01,19.67,19.99
2021-11-17,19.99,20.51,19.96,20.42
2021-11-18,20.46,20.69,20.1,20.18
2021-11-19,20.18,20.29,19.89,19.99
2021-11-22,19.99,20.1,19.68,19.76
2021-11-23,19.7,20.15,19.6,20.11
2021-11-24,20.01,20.19,19.8,19.93
2021-11-26,19.7,19.73,19.15,19.35
2021-11-29,19.56,19.66,19.15,19.19
2021-11-30,19.12,19.19,18.55,18.6
2021-12-01,18.86,18.88,18.56,18.6
2021-12-02,18.69,18.78,18.46,18.62
2021-12-03,18.68,18.96,18.67,18.75
2021-12-06,18.84,19.25,18.76,19.16
2021-12-07,19.22,19.51,19.2,19.48
2021-12-08,19.4,19.9,19.36,19.82
2021-12-09,19.82,19.87,19.53,19.69
2021-12-10,19.66,19.84,19.52,19.71
2021-12-13,19.76,19.85,19.58,19.64
2021-12-14,19.72,19.79,19.61,19.65
2021-12-15,19.58,19.59,19.18,19.29
2021-12-16,19.4,19.53,19.19,19.4
2021-12-17,19.34,19.39,19.01,19.11
2021-12-20,18.95,18.95,18.52,18.59
2021-12-21,18.68,18.78,18.57,18.74
2021-12-22,18.8,19.38,18.74,19.26
2021-12-23,19.23,19.38,19.12,19.24
2021-12-27,19.15,19.29,19.05,19.21
2021-12-28,19.22,19.36,18.91,18.96
2021-12-29,18.97,19.17,18.83,19.1
2021-12-30,19.1,19.1,18.62,18.78
2021-12-31,18.78,18.98,18.75,18.88
2022-01-03,18.94,19.01,18.68,18.74
2022-01-04,18.75,18.85,18.62,18.75
2022-01-05,18.8,18.8,18.32,18.34
2022-01-06,18.31,18.39,18.15,18.19
2022-01-07,18.26,18.44,17.99,18.05
2022-01-10,18.15,18.2,17.6,17.83
2022-01-11,17.95,18.21,17.85,18.11
2022-01-12,18.19,18.47,18.15,18.34
2022-01-13,18.34,18.42,17.94,18.09
2022-01-14,18.1,18.37,18.03,18.31
2022-01-18,18.5,18.79,18.45,18.66
2022-01-19,18.75,19.15,18.7,19.07
2022-01-20,19.01,19.29,18.87,18.93
2022-01-21,18.81,19.11,18.68,18.9
2022-01-24,18.84,18.98,18.51,18.81
2022-01-25,18.85,18.95,18.62,18.78
2022-01-26,18.75,18.81,18.38,18.49
2022-01-27,18.39,18.53,18.31,18.41
2022-01-28,18.42,18.5,18.09,18.2
2022-01-31,18.3,18.36,17.9,18.22
2022-02-01,18.29,18.56,18.17,18.48
2022-02-02,18.5,18.5,17.86,17.93
2022-02-03,17.93,18.12,17.77,17.99
2022-02-04,18.01,18.3,17.98,18.23
2022-02-07,18.16,18.3,17.97,18.05
2022-02-08,18.01,18.14,17.84,18.08
2022-02-09,18.08,18.68,18.02,18.48
2022-02-10,18.48,18.54,18.22,18.3
2022-02-11,18.23,18.35,18.07,18.26
2022-02-14,18.22,18.4,18.01,18.12
2022-02-15,18.19,18.27,17.96,18.07
2022-02-16,18.15,18.25,18.04,18.07
2022-02-17,18.05,18.35,18.05,18.28
2022-02-18,18.25,18.48,18.11,18.2
2022-02-22,18.3,18.5,18.27,18.48
2022-02-23,18.48,18.6,18.45,18.53
2022-02-24,18.69,18.87,18.25,18.32
2022-02-25,18.33,18.38,17.95,17.99
2022-02-28,17.77,17.78,17.58,17.7
2022-03-01,17.72,18.43,17.7,18.34
2022-03-02,18.5,18.67,18.28,18.64
2022-03-03,18.65,18.98,18.45,18.93
2022-03-04,18.9,19.48,18.81,19.35
2022-03-07,19.58,19.89,19.22,19.27
2022-03-08,19.2,19.73,19.01,19.43
2022-03-09,19.43,19.63,18.91,18.94
2022-03-10,19.02,19.59,18.96,19.1
2022-03-11,19.12,19.29,18.87,19.24
2022-03-14,19.2,19.2,19,19.13
2022-03-15,18.85,18.9,18.57,18.73
2022-03-16,18.8,18.85,18.51,18.56
2022-03-17,18.62,18.97,18.56,18.69
2022-03-18,18.74,19,18.57,18.93
2022-03-21,19,19.34,18.98,19.28
2022-03-22,19.33,19.33,19.12,19.15
2022-03-23,19.15,19.37,19.03,19.24
2022-03-24,19.21,19.5,19.2,19.26
2022-03-25,19.31,19.65,19.21,19.61
2022-03-28,19.52,19.64,19.37,19.59
2022-03-29,19.59,19.6,18.84,19.11
2022-03-30,19.23,19.59,19.2,19.47
2022-03-31,19.31,19.54,19.24,19.49
2022-04-01,19.42,19.52,19.25,19.37
2022-04-04,19.37,19.77,19.37,19.61
2022-04-05,19.71,19.81,19.54,19.65
2022-04-06,19.7,19.76,19.45,19.59
2022-04-07,19.6,20.04,19.59,19.84
2022-04-08,19.93,20.45,19.84,20.41
2022-04-11,20.33,20.37,20.06,20.31
2022-04-12,20.39,20.48,20.16,20.22
2022-04-13,20.22,20.51,20.02,20.1
2022-04-14,20.15,20.35,19.91,20.06
2022-04-18,20.14,20.32,19.98,20.26
2022-04-19,20.2,20.21,19.72,19.74
2022-04-20,19.8,19.85,19.61,19.62
2022-04-21,19.7,19.94,19.57,19.87
2022-04-22,19.8,19.85,19.21,19.24
2022-04-25,19.15,19.15,18.87,18.95
2022-04-26,19.02,19.19,18.9,18.99
2022-04-27,18.99,19.4,18.8,19.02
2022-04-28,19.06,19.47,18.94,19.42
2022-04-29,19.25,19.4,19.12,19.15
2022-05-02,19.07,19.1,18.69,18.85
2022-05-03,18.85,18.92,18.59,18.62
2022-05-04,18.7,18.91,18.54,18.62
2022-05-05,18.74,18.88,18.61,18.78
2022-05-06,18.84,19.21,18.57,19.16
2022-05-09,19,19.03,18.56,18.66
2022-05-10,18.65,18.77,18.51,18.54
2022-05-11,18.62,18.73,18.44,18.55
2022-05-12,18.47,18.71,18.3,18.64
2022-05-13,18.72,19.2,18.68,19.17
2022-05-16,19.7,19.7,19.28,19.68
2022-05-17,19.66,20.24,19.57,20
2022-05-18,19.95,20.13,19.74,19.83
2022-05-19,19.76,19.88,19.51,19.77
2022-05-20,19.82,20.1,19.73,19.95
2022-05-23,20.05,20.09,19.72,19.77
2022-05-24,19.7,19.99,19.45,19.75
2022-05-25,19.82,19.93,19.54,19.68
2022-05-26,19.4,19.62,19.27,19.54
2022-05-27,19.51,19.73,19.4,19.61
2022-05-31,19.8,19.92,19.33,19.4
2022-06-01,19.4,19.68,19.28,19.44
2022-06-02,19.38,19.59,19.23,19.35
2022-06-03,19.35,19.42,19.25,19.29
2022-06-06,19.45,19.76,19.45,19.56
2022-06-07,19.4,19.41,18.94,18.97
2022-06-08,18.97,19.17,18.84,18.98
2022-06-09,18.99,19.45,18.82,19.29
2022-06-10,19.3,19.35,18.84,18.87
2022-06-13,18.8,18.81,18.61,18.71
2022-06-14,18.71,18.86,18.58,18.7
2022-06-15,18.66,18.73,18.38,18.46
2022-06-16,18.53,18.64,18.39,18.58
2022-06-17,18.72,18.96,18.57,18.6
2022-06-21,18.6,19,18.6,18.66
2022-06-22,18.6,18.6,18.42,18.45
2022-06-23,18.42,18.55,18.32,18.38
2022-06-24,18.39,18.43,18.23,18.37
2022-06-27,18.39,18.55,18.2,18.3
2022-06-28,18.49,18.63,18.38,18.53
2022-06-29,18.56,18.64,18.31,18.55
2022-06-30,18.49,18.76,18.41,18.5
2022-07-01,18.45,18.54,18.06,18.07
2022-07-05,18.2,18.29,17.71,17.8
2022-07-06,17.9,18.03,17.75,17.99
2022-07-07,18.04,18.59,17.98,18.52
2022-07-08,18.49,19.15,18.45,19.02
2022-07-11,19.05,19.12,18.84,18.86
2022-07-12,18.8,18.9,18.6,18.69
2022-07-13,18.69,19.2,18.69,19.14
2022-07-14,19.14,19.19,18.82,18.97
2022-07-15,18.97,19.38,18.93,19.25
2022-07-18,19.27,19.59,19.24,19.41
2022-07-19,19.31,19.39,18.8,18.84
2022-07-20,18.87,18.94,18.63,18.67
2022-07-21,18.7,18.74,18.26,18.35
2022-07-22,18.42,18.43,17.87,17.89
2022-07-25,17.86,17.89,17.44,17.47
2022-07-26,17.58,17.82,17.35,17.47
2022-07-27,17.51,17.62,17.32,17.4
2022-07-28,17.55,17.97,17.49,17.72
2022-07-29,17.81,17.89,17.52,17.54
2022-08-01,17.58,17.65,17.2,17.6
2022-08-02,17.67,17.78,17.36,17.69
2022-08-03,17.61,18.03,17.5,17.77
2022-08-04,17.63,17.86,17.53,17.55
2022-08-05,17.66,17.98,17.58,17.94
2022-08-08,17.96,18.14,17.79,17.96
2022-08-09,17.93,18.07,17.75,17.98
2022-08-10,17.98,18.4,17.96,18.28
2022-08-11,18.28,18.5,18.18,18.49
2022-08-12,18.49,18.65,18.39,18.6
2022-08-15,18.56,18.7,18.43,18.54
2022-08-16,18.5,18.54,18.22,18.27
2022-08-17,18.26,18.43,18.14,18.24
2022-08-18,18.28,18.28,17.75,17.77
2022-08-19,17.78,18.2,17.61,18.09
2022-08-22,17.94,18.09,17.74,17.94
2022-08-23,18,18.04,17.8,17.89
2022-08-24,17.93,18.24,17.9,18.04
2022-08-25,18.09,18.19,17.71,17.9
2022-08-26,17.91,18.49,17.85,18.47
2022-08-29,18.47,18.51,18.21,18.44
2022-08-30,18.44,18.52,18.06,18.1
2022-08-31,18.21,18.25,17.85,17.89
2022-09-01,17.86,18.07,17.75,17.99
2022-09-02,18.06,18.32,18.03,18.15
2022-09-06,18.24,18.28,17.93,17.98
2022-09-07,17.98,18.34,17.92,18.05
2022-09-08,18.05,18.24,17.85,17.93
2022-09-09,18.01,18.26,17.93,18.22
2022-09-12,18.26,18.52,18.13,18.35
2022-09-13,18.4,18.59,18.22,18.38
2022-09-14,18.4,18.55,18.24,18.27
2022-09-15,18.36,18.38,18.16,18.18
2022-09-16,18.18,18.21,17.87,17.88
2022-09-19,17.89,17.91,17.5,17.69
2022-09-20,17.81,18.26,17.66,18.19
2022-09-21,18.25,18.35,18.08,18.22
2022-09-22,18.2,18.52,18.2,18.49
2022-09-23,18.5,18.55,18.04,18.28
2022-09-26,18.26,18.75,18.15,18.35
2022-09-27,18.42,18.67,18.15,18.19
2022-09-28,18.23,18.48,18.1,18.29
2022-09-29,18.27,18.48,18.22,18.44
2022-09-30,17.83,17.9,17.6,17.68
2022-10-03,17.79,17.83,17.36,17.42
2022-10-04,17.52,17.99,17.41,17.91
2022-10-05,17.95,18.1,17.89,17.95
2022-10-06,17.97,18.5,17.95,18.46
2022-10-07,18.31,18.73,18.31,18.68
2022-10-10,18.68,18.78,18.53,18.61
2022-10-11,18.59,18.75,18.35,18.74
2022-10-12,18.74,18.94,18.57,18.68
2022-10-13,18.69,18.83,18.41,18.81
2022-10-14,18.83,18.9,18.75,18.84
2022-10-17,18.81,18.92,18.67,18.77
2022-10-18,18.77,18.77,18.53,18.67
2022-10-19,18.73,18.73,18.45,18.65
2022-10-20,18.64,18.66,18.36,18.39
2022-10-21,18.38,18.57,18.26,18.38
2022-10-24,18.32,18.37,18.1,18.13
2022-10-25,18.16,18.2,18.06,18.11
2022-10-26,18.1,18.11,17.85,17.86
2022-10-27,17.88,17.93,17.69,17.71
2022-10-28,17.72,17.73,17.55,17.58
2022-10-31,17.7,18,17.67,17.97
2022-11-01,18.05,18.5,18.05,18.43
2022-11-02,18.45,18.49,18.15,18.47
2022-11-03,18.35,18.49,18.2,18.47
2022-11-04,18.5,18.82,18.48,18.71
2022-11-07,18.5,18.8,18.41,18.68
2022-11-08,18.7,19.03,18.59,19
2022-11-09,18.95,19.43,18.85,19.38
2022-11-10,19.26,19.43,19.08,19.41
2022-11-11,19.45,19.85,19.44,19.64
2022-11-14,19.59,19.98,19.5,19.83
2022-11-15,19.86,20.33,19.74,20.29
2022-11-16,20.3,20.48,20.22,20.27
2022-11-17,20.11,20.2,19.68,19.73
2022-11-18,19.6,20.34,19.59,20.05
2022-11-21,19.98,20,19.73,19.86
2022-11-22,19.94,20.07,19.68,19.74
2022-11-23,19.74,19.78,19.45,19.55
2022-11-25,19.78,19.83,19.28,19.33
2022-11-28,19.25,19.45,19.05,19.38
2022-11-29,19.52,19.78,19.06,19.53
2022-11-30,19.52,19.94,19.49,19.63
2022-12-01,19.7,19.73,19.41,19.62
2022-12-02,19.66,19.68,19.35,19.48
2022-12-05,19.55,19.94,19.52,19.55
2022-12-06,19.54,19.68,19.36,19.39
2022-12-07,19.45,19.54,19.27,19.48
2022-12-08,19.57,19.85,19.52,19.68
2022-12-09,19.73,19.87,19.56,19.6
2022-12-12,19.68,19.71,19.31,19.38
2022-12-13,19.47,19.83,19.31,19.76
2022-12-14,19.66,20.41,19.59,20.29
2022-12-15,20.28,20.73,19.86,19.98
2022-12-16,19.88,20.29,19.8,20.09
2022-12-19,20.1,20.43,20.03,20.14
2022-12-20,20.15,20.7,20.14,20.58
2022-12-21,20.65,20.99,20.6,20.75
2022-12-22,20.75,21.03,20.6,20.89
2022-12-23,20.95,21.18,20.81,20.98
2022-12-27,20.98,20.99,20.23,20.32
2022-12-28,20.27,20.49,20.1,20.16
2022-12-29,20.23,20.44,20.13,20.29
2022-12-30,20.4,20.43,20.01,20.04
2023-01-03,20,20.02,19.64,19.7
2023-01-04,19.7,19.71,19.51,19.54
2023-01-05,19.6,19.63,19.32,19.34
2023-01-06,19.38,19.38,18.94,18.96
2023-01-09,19.02,19.28,18.92,19.17
2023-01-10,19.17,19.83,19.13,19.64
2023-01-11,19.55,20.04,19.54,19.65
2023-01-12,19.65,19.81,19.45,19.59
2023-01-13,19.63,19.81,19.46,19.73
2023-01-17,19.84,20.19,19.68,20.14
2023-01-18,20.09,20.25,19.68,19.82
2023-01-19,19.8,19.99,19.58,19.68
2023-01-20,19.76,19.82,19.5,19.72
2023-01-23,19.63,19.92,19.6,19.7
2023-01-24,19.7,19.94,19.57,19.88
2023-01-25,19.93,20.15,19.73,20.11
2023-01-26,20.08,20.85,20.07,20.68
2023-01-27,20.76,21.03,20.55,20.96
2023-01-30,21.01,21.33,20.89,21.21
2023-01-31,21.25,21.82,21.17,21.76
2023-02-01,21.8,21.86,21.33,21.37
2023-02-02,21.36,21.77,21.3,21.66
2023-02-03,21.69,21.71,21.18,21.24
2023-02-06,21.25,21.37,20.58,20.66
2023-02-07,20.78,21.05,20.5,20.84
2023-02-08,20.84,21.29,20.65,21.2
2023-02-09,21.29,21.73,21.24,21.45
2023-02-10,21.49,21.89,21.26,21.58
2023-02-13,21.57,21.66,21.12,21.2
2023-02-14,21.27,21.6,21.18,21.57
2023-02-15,21.48,21.5,21.25,21.38
2023-02-16,21.48,21.65,21.27,21.45
2023-02-17,21.45,21.69,21.35,21.41
2023-02-21,21.5,21.71,21.31,21.33
2023-02-22,21.36,21.49,21.25,21.29
2023-02-23,21.34,21.7,21.28,21.58
2023-02-24,21.7,21.78,21.23,21.28
2023-02-27,21.37,22.14,21.27,22.09
2023-02-28,20.31,20.47,19.96,20.07
2023-03-01,20.09,20.65,20.04,20.57
2023-03-02,20.57,20.62,20.2,20.31
2023-03-03,20.35,21.04,20.32,20.92
2023-03-06,20.93,20.96,20.63,20.87
2023-03-07,20.87,21.25,20.81,21.02
2023-03-08,21,21.03,20.77,20.88
2023-03-09,20.82,21.33,20.71,21.15
2023-03-10,21.04,21.22,20.66,21.16
2023-03-13,21.23,21.27,20.7,20.8
2023-03-14,20.86,21.02,20.65,20.68
2023-03-15,20.64,20.7,20.39,20.5
2023-03-16,20.61,20.85,20.35,20.76
2023-03-17,20.79,20.94,20.53,20.67
2023-03-20,20.5,20.69,20.42,20.48
2023-03-21,20.6,20.92,20.49,20.8
2023-03-22,20.85,21.38,20.78,21.14
2023-03-23,21.15,21.34,20.81,20.89
2023-03-24,20.97,20.99,20.65,20.82
2023-03-27,20.91,21.15,20.74,20.93
2023-03-28,20.99,21.45,20.96,21.31
2023-03-29,21.38,21.42,21.05,21.25
2023-03-30,21.3,22,21.3,21.96
2023-03-31,21.99,22.36,21.78,22.25
2023-04-03,22.35,22.63,22.19,22.4
2023-04-04,22.25,22.6,22.22,22.47
2023-04-05,22.48,23.01,22.41,22.95
2023-04-06,23.01,23.68,22.71,23.61
2023-04-10,23.56,23.82,23.44,23.56
2023-04-11,23.73,24.45,23.62,24.37
2023-04-12,24.65,24.85,23.92,24.05
2023-04-13,24,24.7,23.9,24.04
2023-04-14,23.92,24.27,23.75,24.1
2023-04-17,24.25,24.5,24.12,24.44
2023-04-18,24.44,24.69,24.1,24.54
2023-04-19,24.46,24.9,24.3,24.37
2023-04-20,24.26,25.37,24.19,25.25
2023-04-21,25.62,25.62,24.67,24.83
2023-04-24,24.77,25.99,24.6,25.91
2023-04-25,25.9,26.87,25.59,26.65
2023-04-26,26.7,27.07,26.37,26.51
2023-04-27,26.41,27.41,26.27,26.99
2023-04-28,26.35,26.5,25.96,26.35
2023-05-01,26.39,26.48,25.43,25.54
2023-05-02,25.5,26.06,25.07,25.14
2023-05-03,25.08,25.44,24.88,25.17
2023-05-04,25.17,25.66,24.95,25.52
2023-05-05,25.6,26.45,25.59,26.32
2023-05-08,26.42,26.48,26.01,26.09
2023-05-09,26.06,26.43,25.93,26.19
2023-05-10,26.17,26.74,26.01,26.66
2023-05-11,26.62,26.74,25.99,26.02
2023-05-12,26.07,26.39,26,26.22
2023-05-15,26.3,26.43,25.83,26.29
2023-05-16,26.26,26.63,26.01,26.07
2023-05-17,26.14,26.15,25.8,25.91
2023-05-18,25.88,25.97,25.46,25.61
2023-05-19,25.65,26.09,25.59,25.78
2023-05-22,25.75,26.05,25.58,25.99
2023-05-23,25.99,26.22,25.77,25.81
2023-05-24,25.77,25.93,25.46,25.49
2023-05-25,25.4,25.45,24.61,24.83
2023-05-26,24.95,25.64,24.71,25.37
2023-05-30,25.38,25.83,25.19,25.33
2023-05-31,25.3,25.44,25.02,25.06
2023-06-01,25.1,25.4,24.74,24.88
2023-06-02,24.88,24.88,24.57,24.73
2023-06-05,24.85,25.08,24.33,24.4
2023-06-06,24.44,24.75,24.23,24.58
2023-06-07,24.68,24.89,24.38,24.5
2023-06-08,24.49,25.68,24.42,25.48
2023-06-09,25.7,26.15,25.35,25.38
2023-06-12,25.38,26,25.22,25.47
2023-06-13,25.46,25.63,25.03,25.16
2023-06-14,25.19,25.88,25.12,25.84
2023-06-15,25.84,26.41,25.6,26
2023-06-16,26.07,26.49,25.96,26.43
2023-06-20,26.25,26.48,25.93,26.22
2023-06-21,26.25,26.38,25.83,25.88
2023-06-22,25.89,25.89,24.9,24.93
2023-06-23,24.96,24.98,24.13,24.18
2023-06-26,24.53,24.74,23.67,23.72
2023-06-27,23.72,23.83,22.86,23.03
2023-06-28,23.28,23.29,22.46,22.57
2023-06-29,22.63,22.63,21.81,22.07
2023-06-30,22.18,23.09,22.17,22.79
2023-07-03,22.87,23.61,22.78,23.32
2023-07-05,23.4,23.72,23.06,23.53
2023-07-06,23.5,23.58,23.2,23.25
2023-07-07,23.15,23.83,23.11,23.53
2023-07-10,23.48,23.5,23.2,23.44
2023-07-11,23.47,23.71,23.16,23.53
2023-07-12,23.53,24,23.31,23.91
2023-07-13,23.91,24.25,23.76,24.01
2023-07-14,24.08,24.4,24.01,24.32
2023-07-17,24.36,24.39,23.64,23.8
2023-07-18,23.71,24.06,23.59,23.86
2023-07-19,23.86,24.37,23.7,24.21
2023-07-20,24.3,24.7,24.16,24.67
2023-07-21,24.55,25.1,24.34,25.01
2023-07-24,25,25.3,24.84,24.92
2023-07-25,24.88,24.88,24.54,24.69
2023-07-26,24.65,24.81,24.15,24.39
2023-07-27,24.42,24.58,24.02,24.43
2023-07-28,24.4,24.43,23.87,23.92
2023-07-31,23.95,24.19,23.84,24.11
2023-08-01,24.11,24.57,23.99,24.39
2023-08-02,24.39,24.61,24.09,24.2
2023-08-03,24.21,24.42,23.71,24.02
2023-08-04,24.07,24.11,23.57,23.69
2023-08-07,23.69,24.03,23.4,23.74
2023-08-08,23.7,23.71,23.29,23.45
2023-08-09,23.65,23.8,23.47,23.71
2023-08-10,23.85,24.2,23.66,23.95
2023-08-11,23.99,24.42,23.72,24.33
2023-08-14,24.3,24.41,23.93,24.05
2023-08-15,24.03,24.28,23.7,23.77
2023-08-16,23.77,24.3,23.63,24.19
2023-08-17,24.25,24.74,23.94,24
2023-08-18,24,24.03,23.67,23.76
2023-08-21,23.8,24.16,23.38,23.4
2023-08-22,23.48,23.71,23.31,23.4
2023-08-23,23.34,24.23,23.08,23.85
2023-08-24,23.99,24.37,23.64,24.29
2023-08-25,24.29,24.89,24.1,24.83
2023-08-28,24.9,25.64,24.78,25.57
2023-08-29,25.53,25.68,25.22,25.45
2023-08-30,25.39,25.9,25.23,25.34
2023-08-31,25.31,25.63,25.02,25.06
2023-09-01,25.11,25.87,25.05,25.81
2023-09-05,25.82,26.94,25.66,26.65
2023-09-06,26.56,26.9,25.99,26.22
2023-09-07,26.21,26.89,25.94,26.68
2023-09-08,26.87,27.1,26.11,26.31
2023-09-11,26.34,26.49,25.96,26.4
2023-09-12,26.36,27.26,26.09,26.83
2023-09-13,26.75,26.9,26.44,26.54
2023-09-14,26.7,27.14,26.61,26.98
2023-09-15,26.93,27.59,26.76,26.91
2023-09-18,26.83,27.26,26.45,27.11
2023-09-19,27.1,27.62,27.02,27.44
2023-09-20,27.28,27.32,26.66,26.79
2023-09-21,26.78,26.99,26.56,26.93
2023-09-22,26.9,27.27,26.71,26.97
2023-09-25,27,27.02,26.23,26.31
2023-09-26,26.25,26.5,25.97,26.02
2023-09-27,26.14,26.41,25.96,26.13
2023-09-28,26.24,26.85,25.95,26.73
2023-09-29,27,27.1,26.36,26.48
2023-10-02,26.54,26.79,26.25,26.35
2023-10-03,26.33,26.44,25.59,25.67
2023-10-04,25.67,26.27,25.28,25.93
2023-10-05,25.93,26.41,25.77,26.16
2023-10-06,26.3,26.83,26.13,26.74
2023-10-09,26.86,27.28,26.68,27.18
2023-10-10,27.17,27.24,26.78,27.05
2023-10-11,27.05,27.18,26.3,26.4
2023-10-12,26.4,26.75,26.25,26.35
2023-10-13,26.44,27.18,26.35,27.03
2023-10-16,27.09,27.1,26.8,27.05
2023-10-17,26.99,27.57,26.96,27.49
2023-10-18,27.56,27.67,27.17,27.48
2023-10-19,27.36,27.41,26.85,27.29
2023-10-20,27.24,27.25,26.8,26.85
2023-10-23,26.85,27.58,26.49,27.48
2023-10-24,27.55,27.75,27.32,27.53
2023-10-25,27.6,28,27.28,27.63
2023-10-26,27.67,27.79,27,27.04
2023-10-27,27.04,27.5,27,27.34
2023-10-30,27.5,27.53,26.65,26.75
2023-10-31,26.83,27.15,26.69,27.09
2023-11-01,27.16,27.69,27.13,27.51
2023-11-02,27.56,27.72,27.1,27.48
2023-11-03,27.56,27.83,27.33,27.77
2023-11-06,27.65,28.08,27.59,27.95
2023-11-07,27.92,28.14,27.52,27.59
2023-11-08,27.57,27.58,27.18,27.21
2023-11-09,27.25,27.92,27.2,27.78
2023-11-10,27.75,27.87,27.2,27.29
2023-11-13,27.3,27.75,27.16,27.71
2023-11-14,27.71,27.81,27.13,27.18
2023-11-15,27.2,27.37,27.02,27.15
2023-11-16,27.1,27.42,27.01,27.19
2023-11-17,27.15,27.32,27,27.18
2023-11-20,27.23,27.6,27.07,27.56
2023-11-21,27.64,27.78,27.48,27.75
2023-11-22,27.77,27.77,27.16,27.22
2023-11-24,27.28,27.38,26.81,26.98
2023-11-27,26.98,27.3,26.8,27.2
2023-11-28,27.17,27.25,26.8,26.99
2023-11-29,27.04,27.12,26.8,26.86
2023-11-30,26.83,26.85,25.9,26.04
2023-12-01,26.15,26.17,24.95,25.09
2023-12-04,25.06,25.98,24.58,25.81
2023-12-05,25.9,25.9,24.81,24.96
2023-12-06,24.92,24.92,22.94,23
2023-12-07,23.39,23.93,22.8,23.03
2023-12-08,23.1,23.6,23.1,23.36
2023-12-11,23.44,23.49,22.17,22.47
2023-12-12,22.47,22.66,21.48,22.59
2023-12-13,22.56,23.12,21.82,21.97
2023-12-14,21.97,22.31,21.16,22.18
2023-12-15,22.3,22.59,21.75,21.99
2023-12-18,21.98,21.99,21.25,21.31
2023-12-19,21.4,21.62,20.85,21.43
2023-12-20,21.39,21.67,20.81,20.92
2023-12-21,20.8,20.83,20.12,20.24
2023-12-22,20.38,21.08,20.23,20.62
2023-12-26,20.6,20.77,20.03,20.53
2023-12-27,20.57,20.93,20.15,20.6
2023-12-28,20.51,21.91,20.46,21.76
2023-12-29,21.76,21.88,20.33,20.58
2024-01-02,20.6,21.38,20.6,20.9
2024-01-03,20.9,21.4,20.71,20.85
2024-01-04,20.98,21.25,20.86,21.08
2024-01-05,21.13,21.21,20.6,21.11
2024-01-08,21.11,21.79,21.11,21.74
2024-01-09,21.8,21.96,21.54,21.7
2024-01-10,21.58,21.94,21.36,21.41
2024-01-11,21.41,21.91,21.32,21.76
2024-01-12,21.89,21.95,21.56,21.61
2024-01-16,21.85,22.64,21.85,22.52
2024-01-17,22.55,22.69,22.21,22.35
2024-01-18,22.35,23.2,22.29,23.04
2024-01-19,23.1,23.75,23.04,23.57
2024-01-22,23.56,23.74,23.42,23.5
2024-01-23,23.48,23.88,23.25,23.75
2024-01-24,23.7,24.54,23.45,24.46
2024-01-25,24.48,24.62,23.92,24.04
2024-01-26,24,24.33,23.64,23.77
2024-01-29,23.77,24.3,23.42,23.53
2024-01-30,23.42,24.02,23.29,23.91
2024-01-31,23.93,24.18,23.77,24.13
2024-02-01,24.13,24.24,23.45,23.56
2024-02-02,23.44,24.02,23.31,23.89
2024-02-05,23.94,23.99,23.43,23.53
2024-02-06,23.52,23.92,23.02,23.56
2024-02-07,23.7,24.41,23.64,23.88
2024-02-08,23.87,24.05,23.55,23.98
2024-02-09,24,24.42,23.86,24.02
2024-02-12,23.95,23.99,23.52,23.56
2024-02-13,23.62,23.64,23.23,23.3
2024-02-14,23.3,23.57,22.79,23.37
2024-02-15,23.37,23.38,22.75,22.82
2024-02-16,22.85,23.39,22.71,23.08
2024-02-20,23,23,22.49,22.75
2024-02-21,22.78,22.93,22.47,22.77
2024-02-22,22.77,22.95,22.11,22.83
2024-02-23,22.7,23.08,22.56,22.62
2024-02-26,22.67,23.45,22.45,23.15
2024-02-27,23.24,24.07,23.12,23.84
2024-02-28,23.8,24.16,23.67,24.01
2024-02-29,22.73,22.73,21.54,21.69
2024-03-01,21.83,21.88,20.96,21.09
2024-03-04,21.13,21.43,20.55,20.6
2024-03-05,20.69,21.16,20.53,20.87
2024-03-06,20.87,21.68,20.72,21.45
2024-03-07,21.47,21.48,20.86,21.28
2024-03-08,21.29,21.4,21.01,21.15
2024-03-11,21.18,21.99,21.13,21.95
2024-03-12,21.9,22.1,21.77,21.89
2024-03-13,22,22.18,21.36,21.93
2024-03-14,22,22.23,21.66,21.77
2024-03-15,21.75,22.15,21.72,22.12
2024-03-18,22.2,22.35,21.94,22.16
2024-03-19,22.15,22.22,21.48,21.64
2024-03-20,21.58,21.8,21.13,21.77
2024-03-21,21.89,22.18,21.82,22.06
2024-03-22,21.97,22.23,21.75,21.85
2024-03-25,21.78,22.13,21.72,21.95
2024-03-26,21.94,22.48,21.93,22.39
2024-03-27,22.34,22.39,21.76,22.19
2024-03-28,22.19,22.59,22.06,22.52
2024-04-01,22.65,22.91,22.53,22.72
2024-04-02,22.65,22.91,22.27,22.32
2024-04-03,22.32,22.63,22.04,22.22
2024-04-04,22.29,22.47,22.12,22.36
2024-04-05,22.37,22.48,21.8,21.99
2024-04-08,21.93,22.23,21.55,21.59
2024-04-09,21.54,21.71,21.38,21.49
2024-04-10,21.69,21.83,21.4,21.46
2024-04-11,21.45,21.56,20.81,20.85
2024-04-12,20.85,20.97,20.41,20.45
2024-04-15,20.51,20.6,20,20.02
2024-04-16,20.05,20.05,19.28,19.63
2024-04-17,19.57,19.63,19.17,19.32
2024-04-18,19.5,19.77,19.25,19.59
2024-04-19,19.8,19.84,19.45,19.73
2024-04-22,19.88,20.15,19.71,19.8
2024-04-23,19.8,19.99,19.73,19.91
2024-04-24,19.91,20.04,19.77,20
2024-04-25,19.9,19.92,19.25,19.48
2024-04-26,19.44,20,19.35,19.4
2024-04-29,19.37,20.23,19.37,20.2
2024-04-30,19.78,19.84,19.26,19.41
2024-05-01,19.48,19.48,19.09,19.22
2024-05-02,19.35,19.49,19.1,19.25
2024-05-03,19.3,19.52,19.18,19.28
2024-05-06,19.3,19.52,19.15,19.48
2024-05-07,19.5,20,19.38,19.95
2024-05-08,19.95,19.95,19.51,19.6
2024-05-09,19.6,19.87,19.4,19.58
2024-05-10,19.58,19.61,19.25,19.3
2024-05-13,19.24,19.34,18.58,18.63
2024-05-14,18.6,18.95,18.31,18.87
2024-05-15,18.9,18.96,18.5,18.65
2024-05-16,18.65,18.65,17.95,18.33
2024-05-17,18.35,18.45,18.06,18.13
2024-05-20,18.08,18.79,18.05,18.68
2024-05-21,18.67,18.76,18.41,18.56
2024-05-22,18.56,18.6,18.2,18.23
2024-05-23,18.23,18.57,18.23,18.26
2024-05-24,18.26,18.48,18.03,18.41
2024-05-28,18.67,18.8,18.53,18.73
2024-05-29,18.7,18.73,18.22,18.35
2024-05-30,18.32,18.37,18.15,18.19
2024-05-31,18.18,18.46,18.03,18.3
2024-06-03,18.3,18.85,18.21,18.78
2024-06-04,18.77,18.9,18.62,18.86
2024-06-05,18.87,19.17,18.73,19.13
2024-06-06,19.15,19.33,19.08,19.22
2024-06-07,19.2,19.37,18.76,19
2024-06-10,18.95,19.3,18.6,18.63
2024-06-11,18.7,18.95,18.59,18.79
2024-06-12,18.75,19.19,18.73,19.1
2024-06-13,19.05,19.64,19.05,19.59
2024-06-14,19.49,19.6,19.27,19.43
2024-06-17,19.32,19.32,18.81,18.98
2024-06-18,18.93,19.19,18.81,18.92
2024-06-20,19.1,19.43,18.82,18.89
2024-06-21,18.92,19.06,18.81,18.97
2024-06-24,18.92,19.44,18.82,19.41
2024-06-25,19.47,19.47,18.84,19.1
2024-06-26,19.1,19.31,18.91,19.24
2024-06-27,19.29,20.16,19.23,20.12
2024-06-28,20.21,20.48,19.94,20.3
2024-07-01,20.25,20.41,20.06,20.23
2024-07-02,20.14,20.78,19.93,20.61
2024-07-03,20.61,20.73,20.45,20.53
2024-07-05,20.53,20.67,20.08,20.14
2024-07-08,20.13,20.37,19.83,20.13
2024-07-09,20.31,20.31,19.61,19.62
2024-07-10,19.69,20.12,19.52,19.81
2024-07-11,19.79,19.9,19.39,19.43
2024-07-12,19.45,19.53,19.18,19.2
2024-07-15,19.15,19.82,19.09,19.76
2024-07-16,19.82,19.88,19.54,19.62
2024-07-17,19.6,19.6,19.15,19.36
2024-07-18,19.36,19.38,18.81,18.94
2024-07-19,19,19,18.55,18.66
2024-07-22,18.66,18.74,18.25,18.3
2024-07-23,18.3,18.41,18.08,18.16
2024-07-24,18.2,18.31,17.86,17.91
2024-07-25,18,18.7,17.92,18.66
2024-07-26,18.7,18.74,18.32,18.42
2024-07-29,18.5,19.05,18.47,19.01
2024-07-30,19.06,19.14,18.81,19.12
2024-07-31,19.18,19.32,18.75,18.94
2024-08-01,19,19.22,18.39,18.5
2024-08-02,18.53,18.67,18,18.1
2024-08-05,18.05,18.35,17.64,18.08
2024-08-06,18.1,18.13,17.77,17.87
2024-08-07,17.87,18.26,17.8,18.14
2024-08-08,18.08,18.85,17.95,18.57
2024-08-09,18.5,18.88,18.31,18.48
2024-08-12,18.52,18.73,18.23,18.29
2024-08-13,18.35,18.7,18.3,18.39
2024-08-14,18.36,18.44,17.91,17.97
2024-08-15,17.98,18.09,17.81,17.88
2024-08-16,17.85,18.37,17.84,18.03
2024-08-19,18,18.13,17.92,18.02
2024-08-20,18.09,18.12,17.52,17.57
2024-08-21,17.6,17.74,17.52,17.65
2024-08-22,17.68,18.06,17.64,17.85
2024-08-23,17.91,18.43,17.89,18.39
2024-08-26,18.5,19.17,18.5,19.04
2024-08-27,19.18,19.68,18.52,19.6
2024-08-28,19.61,19.66,19.12,19.54
2024-08-29,19.56,19.98,19.45,19.89
2024-08-30,19.88,19.95,19.28,19.38
2024-09-03,19.12,19.77,19.02,19.49
2024-09-04,19.4,19.54,19.07,19.24
2024-09-05,19.25,19.57,19.15,19.22
2024-09-06,19.29,19.61,18.84,18.91
2024-09-09,18.92,19.04,18.6,18.83
2024-09-10,18.83,18.87,18.43,18.47
2024-09-11,18.5,18.98,18.44,18.73
2024-09-12,18.7,19.24,18.69,19.07
2024-09-13,19.05,19.42,18.92,19.01
2024-09-16,18.99,19.43,18.84,19.18
2024-09-17,19.18,20.15,19.06,19.98
2024-09-18,19.92,21.4,19.84,21.16
2024-09-19,21,22.08,20.97,21.93
2024-09-20,21.95,23.13,21.95,22.66
2024-09-23,22.41,23.17,22.28,22.55
2024-09-24,22.5,23.3,22.38,23.12
2024-09-25,22.99,23.57,22.9,23.42
2024-09-26,23.58,23.71,23.23,23.31
2024-09-27,23.22,23.22,22.51,22.79
2024-09-30,22.55,22.7,22.15,22.47
2024-10-01,22.5,23.07,22.24,22.97
2024-10-02,23,23.17,22.46,22.68
2024-10-03,22.54,23.34,22.39,23.24
2024-10-04,23.3,23.45,22.73,23.01
2024-10-07,23,23.14,22.32,22.55
2024-10-08,22.46,22.69,22.2,22.49
2024-10-09,22.51,22.54,21.77,22.04
2024-10-10,22.08,22.35,21.86,22.16
2024-10-11,22.15,22.68,21.91,22.24
2024-10-14,22.23,22.58,22.03,22.39
2024-10-15,22.28,22.87,22.18,22.82
2024-10-16,22.75,22.95,21.97,22
2024-10-17,22.07,22.32,21.71,22.16
2024-10-18,22.18,22.64,22.1,22.18
2024-10-21,22.22,22.35,21.63,21.83
2024-10-22,21.83,22.04,21.55,21.73
2024-10-23,22,22.43,21.85,22.34
2024-10-24,22.44,22.58,22.12,22.2
2024-10-25,22.25,22.32,21.92,22.14
2024-10-28,22.08,22.16,21.67,21.96
2024-10-29,22.01,22.23,21.89,22.08
2024-10-30,22.16,22.43,21.86,22.22
2024-10-31,22.2,22.82,22.1,22.74
2024-11-01,22.79,23,21.97,22.07
2024-11-04,22.12,22.23,21.58,21.93
2024-11-05,21.93,22.01,21.66,21.9
2024-11-06,21.75,22.1,21.6,22.03
2024-11-07,22.11,22.49,22.06,22.2
2024-11-08,22.2,22.33,21.75,21.82
2024-11-11,21.87,21.96,21.12,21.36
2024-11-12,21.36,21.63,21.2,21.35
2024-11-13,21.35,21.55,20.86,21.17
2024-11-14,21.17,21.82,20.86,21.56
2024-11-15,21.56,21.92,21.42,21.58
2024-11-18,21.59,22.32,21.59,22.2
2024-11-19,22.25,22.42,21.78,22.02
2024-11-20,21.97,22.08,21.49,21.65
2024-11-21,21.7,21.77,21.26,21.38
2024-11-22,21.41,21.61,21.26,21.36
2024-11-25,21.4,21.43,21.11,21.15
2024-11-26,21.15,21.77,21.13,21.57
2024-11-27,21.68,22,21.54,21.69
2024-11-29,21.65,21.69,21.01,21.08
2024-12-02,21.09,21.26,20.7,21.07
2024-12-03,21.14,21.59,21.08,21.37
2024-12-04,21.42,21.42,21.16,21.26
2024-12-05,21.15,21.28,20.82,21.2
2024-12-06,21.3,21.86,21.12,21.81
2024-12-09,21.81,21.9,21.35,21.5
2024-12-10,21.5,21.52,20.82,21.04
2024-12-11,21.02,21.37,20.82,21.28
2024-12-12,21.34,21.42,20.72,20.89
2024-12-13,20.95,20.97,20.57,20.72
2024-12-16,20.77,20.89,20.43,20.68
2024-12-17,20.68,20.73,19.76,19.84
2024-12-18,19.85,19.92,19.55,19.65
2024-12-19,19.55,19.68,19.26,19.4
2024-12-20,19.48,19.6,19.3,19.51
2024-12-23,19.6,19.79,19.42,19.54
2024-12-24,19.6,19.82,19.5,19.54
2024-12-26,19.51,19.54,19.17,19.26
2024-12-27,19.24,19.45,19.18,19.37
2024-12-30,19.37,19.66,19.05,19.13
2024-12-31,19.11,19.35,19.04,19.26
2025-01-02,19.31,19.94,19.2,19.73
2025-01-03,19.62,19.76,19.42,19.65
2025-01-06,19.69,19.8,19.3,19.33
2025-01-07,19.34,19.68,19.3,19.45
2025-01-08,19.51,19.54,19.17,19.24
2025-01-09,19.25,19.27,18.84,19.1
2025-01-10,19.15,19.48,18.96,19.22
2025-01-13,19.22,19.22,18.7,18.9
2025-01-14,18.88,18.92,18.24,18.32
2025-01-15,18.27,18.44,17.92,18.01
2025-01-16,18.15,18.71,18.11,18.41
2025-01-17,18.42,18.46,18.02,18.22
2025-01-21,18.07,18.25,17.57,17.79
2025-01-22,17.79,18.28,17.74,18.16
2025-01-23,18.18,18.76,18.13,18.69
2025-01-24,18.64,19.15,18.63,19.02
2025-01-27,19,19.58,18.88,19.17
2025-01-28,19.1,19.4,18.91,19.23
2025-01-29,19.27,19.5,19.21,19.45
2025-01-30,19.47,19.56,19.2,19.47
2025-01-31,19.47,19.49,19.1,19.35
2025-02-03,19.4,19.53,18.97,19.26
2025-02-04,19.18,19.71,19.18,19.66
2025-02-05,19.7,19.78,19.55,19.76
2025-02-06,19.7,20.19,19.51,19.57
2025-02-07,19.57,19.77,19.3,19.36
2025-02-10,19.37,19.79,19.3,19.5
2025-02-11,19.54,19.94,19.52,19.87
2025-02-12,19.89,20.08,19.69,19.76
2025-02-13,19.82,20.24,19.78,20.17
2025-02-14,20.15,20.45,20.05,20.42
2025-02-18,20.5,20.72,20.47,20.52
2025-02-19,20.45,20.77,20.37,20.69
2025-02-20,20.68,21.1,20.62,21.05
2025-02-21,21.05,21.35,20.95,21.31
2025-02-24,21.32,21.45,21.03,21.09
2025-02-25,21.06,21.57,20.96,21.46
2025-02-26,21.41,21.43,20.54,20.64
2025-02-27,20.75,20.85,19.61,19.69
2025-02-28,18.95,18.98,18.42,18.52
2025-03-03,18.52,18.56,18.14,18.22
2025-03-04,18.2,18.28,17.94,18.1
2025-03-05,18.21,18.51,18.13,18.2
2025-03-06,18.2,18.3,17.84,18.13
2025-03-07,18.28,18.45,18.22,18.31
2025-03-10,18.47,19,18.34,18.85
2025-03-11,18.94,19.04,18.57,18.67
2025-03-12,18.82,19.12,18.69,18.86
2025-03-13,18.84,19.27,18.76,19.25
2025-03-14,19.17,19.32,18.75,19.19
2025-03-17,19.25,20,19.22,19.97
2025-03-18,19.9,20.09,19.63,19.99
2025-03-19,19.86,20.05,19.54,19.69
2025-03-20,19.65,20.06,19.56,20
2025-03-21,19.95,20.07,19.66,19.72
2025-03-24,19.72,19.72,19.23,19.26
2025-03-25,19.31,19.6,19.2,19.51
2025-03-26,19.55,19.63,19.22,19.35
2025-03-27,19.3,19.36,18.94,19.09
2025-03-28,19.09,19.21,18.91,18.96
2025-03-31,19,19.32,18.72,18.86
2025-04-01,18.89,19.4,18.85,19.35
2025-04-02,19.36,19.63,19.08,19.59
2025-04-03,19.34,19.54,18.95,19.11
2025-04-04,19.07,19.11,18.76,18.84
2025-04-07,18.75,19.05,18.62,18.68
2025-04-08,18.74,18.87,18.26,18.31
2025-04-09,18.26,18.35,17.87,17.91
2025-04-10,18.4,18.5,18.06,18.12
2025-04-11,18.1,18.31,17.91,18
2025-04-14,17.98,18.12,17.81,17.87
2025-04-15,17.86,17.95,17.51,17.52
2025-04-16,17.57,17.89,17.51,17.86
2025-04-17,17.9,17.99,17.82,17.93
2025-04-21,17.93,18.14,17.76,17.81
2025-04-22,17.77,18.05,17.65,17.99
2025-04-23,17.99,18.1,17.82,17.94
2025-04-24,17.98,18,17.78,17.92
2025-04-25,17.92,18.2,17.89,18.18
2025-04-28,18.18,18.19,17.65,17.84
2025-04-29,17.84,17.93,17.44,17.62
2025-04-30,17.55,17.85,17.2,17.25
2025-05-01,17.3,17.37,17.08,17.16
2025-05-02,17.23,17.29,16.97,17.2
2025-05-05,17.32,17.54,17.2,17.47
2025-05-06,17.47,17.65,17.39,17.44
2025-05-07,17.39,17.39,17.06,17.13
2025-05-08,17.19,17.55,17.05,17.5
2025-05-09,17.5,17.9,17.44,17.78
2025-05-12,17.91,18.09,17.62,17.7
2025-05-13,17.75,18.29,17.61,18.22
2025-05-14,18.22,18.29,17.94,18.06
2025-05-15,18.02,18.03,17.57,17.67
2025-05-16,17.67,17.79,17.42,17.52
2025-05-19,17.56,17.69,17.41,17.45
2025-05-20,17.47,17.55,17.26,17.34
2025-05-21,17.38,17.78,17.36,17.7
2025-05-22,17.64,17.7,17.32,17.4
2025-05-23,17.3,17.38,17.21,17.29
2025-05-27,17.44,17.52,17.07,17.22
2025-05-28,17.3,17.3,16.85,16.9
2025-05-29,16.93,17.15,16.81,17
2025-05-30,17.03,17.24,17,17.05
2025-06-02,17.11,17.38,16.85,16.88
2025-06-03,16.92,16.97,16.66,16.9
2025-06-04,16.95,17.09,16.73,16.75
2025-06-05,16.75,16.78,16.46,16.57
2025-06-06,16.54,16.59,16.32,16.49
2025-06-09,16.49,16.75,16.42,16.67
2025-06-10,16.67,16.82,16.42,16.48
2025-06-11,16.4,16.6,16.34,16.42
2025-06-12,16.45,16.47,16.18,16.27
2025-06-13,16.43,16.5,16.07,16.13
2025-06-16,16.1,16.61,15.93,16.52
2025-06-17,16.47,16.5,15.98,16.08
2025-06-18,16,16.14,15.8,15.88
2025-06-20,16.1,16.29,15.99,16.1
2025-06-23,16.1,16.29,15.99,16.04
2025-06-24,15.95,16.17,15.71,15.77
2025-06-25,15.77,16,15.7,15.98
2025-06-26,15.93,15.98,15.55,15.65
2025-06-27,15.65,16.04,15.58,15.81
2025-06-30,16.6,16.74,16.14,16.2
2025-07-01,16.21,16.21,15.55,15.7
2025-07-02,15.8,15.97,15.44,15.58
2025-07-03,15.6,16.4,15.44,16.38
2025-07-07,16.3,16.46,16.07,16.28
2025-07-08,16.26,16.37,16.1,16.13
2025-07-09,16.15,16.61,16.08,16.56
2025-07-10,16.41,16.56,16.22,16.26
2025-07-11,16.32,16.6,16.2,16.57
2025-07-14,16.59,16.67,16.27,16.3
2025-07-15,16.28,16.61,16.25,16.56
2025-07-16,16.56,16.67,16.4,16.56
2025-07-17,16.55,16.88,16.54,16.74
2025-07-18,16.77,17.02,16.71,16.82
2025-07-21,16.82,16.86,16.35,16.37
2025-07-22,16.38,16.51,16.1,16.28
2025-07-23,16.28,16.33,16.03,16.24
2025-07-24,16.3,16.63,16.25,16.57
2025-07-25,16.6,16.64,16.23,16.29
2025-07-28,16.28,16.53,16.22,16.43
2025-07-29,16.45,16.74,16.37,16.59
2025-07-30,16.56,16.58,16.37,16.45
2025-07-31,16.49,16.61,16.28,16.35
2025-08-01,16.35,16.42,16.12,16.18
2025-08-04,16.17,16.47,16.17,16.25
2025-08-05,16.26,16.27,15.92,16.09
2025-08-06,16.13,16.16,16,16.01
2025-08-07,16.14,16.27,15.97,16.01
2025-08-08,16.02,16.35,16.02,16.25
2025-08-11,16.34,16.58,16.32,16.49
2025-08-12,16.55,17.05,16.53,16.94
2025-08-13,16.94,17.02,16.78,16.85
2025-08-14,16.84,16.85,16.51,16.58
2025-08-15,16.59,16.63,16.35,16.44
2025-08-18,16.47,16.49,16.2,16.25
2025-08-19,16.25,16.45,16.23,16.31
2025-08-20,16.28,16.69,16.28,16.57
2025-08-21,16.59,16.62,16.35,16.35
2025-08-22,16.34,16.51,16.27,16.48
2025-08-25,16.44,16.57,16.3,16.4
2025-08-26,16.36,16.51,16.31,16.41
2025-08-27,16.45,16.53,16.35,16.47
2025-08-28,16.45,16.53,16.31,16.48
2025-08-29,16.49,16.52,16.33,16.37
2025-09-02,16.51,16.52,16.12,16.15
2025-09-03,16.17,16.23,16.01,16.03
2025-09-04,16.06,16.09,15.66,15.69
2025-09-05,15.73,15.74,15.51,15.55
2025-09-08,15.6,15.7,15.38,15.63
2025-09-09,15.65,15.92,15.62,15.84
2025-09-10,15.88,16.02,15.7,15.93
2025-09-11,15.93,15.99,15.72,15.82
2025-09-12,15.78,15.87,15.67,15.79
2025-09-15,15.84,16.13,15.8,16
2025-09-16,15.95,16.1,15.82,15.9
2025-09-17,15.84,15.93,15.5,15.54
2025-09-18,15.53,15.54,15.16,15.38
2025-09-19,15.38,15.65,15.31,15.46
2025-09-22,15.5,15.72,15.17,15.25
2025-09-23,15.21,15.7,15.1,15.66
2025-09-24,15.67,15.75,15.56,15.64
2025-09-25,15.62,15.79,15.44,15.76
2025-09-26,15.75,15.96,15.68,15.87
2025-09-29,15.86,16.05,15.78,16.02
2025-09-30,16.42,16.69,16.31,16.6
2025-10-01,16.59,16.63,16.04,16.13
2025-10-02,16.17,16.54,16.16,16.4
2025-10-03,16.44,16.6,16.4,16.47
2025-10-06,16.51,16.83,16.48,16.81
2025-10-07,16.75,16.88,16.39,16.63
2025-10-08,16.66,16.74,16.26,16.29
2025-10-09,16.33,16.4,16.16,16.26
2025-10-10,16.28,16.35,15.97,16.1
2025-10-13,16.19,16.21,15.53,15.61
2025-10-14,15.59,15.94,15.36,15.88
2025-10-15,15.9,15.91,15.53,15.69
2025-10-16,15.67,15.87,15.58,15.8
2025-10-17,15.86,15.88,15.45,15.5
2025-10-20,15.53,15.78,15.51,15.72
2025-10-21,15.77,15.82,15.1,15.24
2025-10-22,15.28,15.44,15.03,15.1
2025-10-23,15.25,15.44,15.18,15.29
2025-10-24,15.2,15.34,14.93,14.97
2025-10-27,15.01,15.04,14.34,14.46
2025-10-28,14.5,14.59,14.28,14.37
2025-10-29,14.4,14.56,14.21,14.42
2025-10-30,14.35,14.42,14.07,14.28
2025-10-31,14.4,14.49,14.2,14.43
2025-11-03,14.49,14.73,14.36,14.65
2025-11-04,14.65,14.72,14.13,14.22
2025-11-05,14.22,14.32,14.05,14.11
2025-11-06,14.08,14.44,14.04,14.19
2025-11-07,14.2,14.37,14.07,14.1
2025-11-10,14.17,14.42,14.08,14.2
2025-11-11,14.27,14.48,14.17,14.25
2025-11-12,14.27,14.57,14.18,14.52
2025-11-13,14.53,14.77,14.37,14.44
2025-11-14,14.44,15.05,14.35,14.96
2025-11-17,14.86,14.94,14.65,14.8
2025-11-18,14.8,14.88,14.63,14.7
2025-11-19,14.65,15.05,14.62,14.66
2025-11-20,14.69,14.8,14.58,14.66
2025-11-21,14.72,14.83,14.56,14.78
2025-11-24,14.8,14.96,14.7,14.82
2025-11-25,14.84,14.97,14.79,14.91
2025-11-26,14.9,15.19,14.86,15.14
2025-11-28,15.11,15.29,15.08,15.21
2025-12-01,15.2,15.2,14.73,14.76
2025-12-02,14.75,15.07,14.72,14.98
2025-12-03,14.98,15.1,14.86,14.93
2025-12-04,14.92,15,14.78,14.88
2025-12-05,14.88,15.02,14.73,14.8
2025-12-08,14.81,14.93,14.72,14.82
2025-12-09,14.82,14.89,14.52,14.67
2025-12-10,14.7,15.02,14.66,14.91
2025-12-11,14.9,14.99,14.82,14.85
2025-12-12,14.83,15.27,14.83,15.1
2025-12-15,15.09,15.13,14.78,14.95
2025-12-16,14.95,15.07,14.78,14.82
2025-12-17,14.88,14.89,14.72,14.76
2025-12-18,14.73,14.8,14.38,14.48
2025-12-19,14.47,14.87,14.45,14.82
2025-12-22,14.87,15.09,14.83,14.99
2025-12-23,15,15.24,14.96,15.2
2025-12-24,15.16,15.34,15.16,15.29
2025-12-26,15.27,15.28,15.08,15.17
2025-12-29,15.19,15.34,15.11,15.26
2025-12-30,15.22,15.26,14.8,14.84
2025-12-31,14.85,15.22,14.8,15.01
2026-01-02,14.96,15.05,14.57,14.6
2026-01-05,14.61,14.84,14.6,14.73
2026-01-06,14.72,14.83,14.62,14.76
2026-01-07,14.74,15.04,14.69,14.98
2026-01-08,14.94,15.08,14.9,14.97
2026-01-09,14.94,14.99,14.78,14.89
2026-01-12,14.89,14.94,14.71,14.84
2026-01-13,14.84,15,14.78,14.89
2026-01-14,14.85,14.98,14.63,14.68
2026-01-15,14.65,14.68,14.41,14.57
2026-01-16,14.61,15,14.6,14.96
2026-01-20,14.92,14.98,14.7,14.72
2026-01-21,14.73,14.9,14.66,14.74
2026-01-22,14.72,14.98,14.7,14.96
2026-01-23,14.96,14.98,14.72,14.73
2026-01-26,14.75,14.87,14.67,14.79
2026-01-27,14.76,15.01,14.74,14.83
2026-01-28,14.84,14.87,14.67,14.71
2026-01-29,14.71,14.81,14.61,14.7
2026-01-30,14.7,14.71,14.15,14.27
2026-02-02,14.23,14.35,14.13,14.26
2026-02-03,14.26,14.7,14.21,14.63
2026-02-04,14.61,14.67,14.4,14.44
2026-02-05,14.42,14.44,14.2,14.27
2026-02-06,14.24,14.3,14.07,14.11
2026-02-09,14.19,14.53,14.15,14.35
2026-02-10,14.26,14.34,14.08,14.12
2026-02-11,14.1,14.12,13.82,13.84
2026-02-12,13.83,13.92,13.67,13.75
2026-02-13,13.75,13.87,13.73,13.78
2026-02-17,14.02,14.17,13.83,13.86
2026-02-18,13.85,14.19,13.85,14.17
2026-02-19,14.12,14.23,14,14.07
2026-02-20,14.06,14.46,13.98,14.3
2026-02-23,14.32,14.55,14.23,14.45
2026-02-24,14.43,14.64,14.4,14.55
2026-02-25,14.5,14.6,14.45,14.59
2026-02-26,14.55,14.73,14.35,14.41
2026-02-27,13.95,13.99,13.78,13.89
2026-03-02,14.15,14.29,13.88,13.91
2026-03-03,13.99,14.2,13.91,13.93
2026-03-04,13.97,14.07,13.7,13.73
2026-03-05,13.74,13.82,13.61,13.72
2026-03-06,13.74,14.17,13.69,14.1
2026-03-09,14.26,14.64,14.25,14.59
2026-03-10,14.3,14.57,14.17,14.38
2026-03-11,14.37,14.53,14.18,14.25
2026-03-12,14.35,14.49,14.12,14.38
2026-03-13,14.4,14.53,14.3,14.37
2026-03-16,14.41,14.44,14.15,14.19
2026-03-17,14.21,14.51,14.19,14.45
2026-03-18,14.39,14.84,14.35,14.8
2026-03-19,14.8,15.49,14.76,15.37
2026-03-20,15.33,15.72,15.27,15.7
2026-03-23,15.73,15.75,15.38,15.52
2026-03-24,15.5,15.91,15.4,15.88
2026-03-25,15.8,15.83,15.32,15.55
2026-03-26,15.73,15.97,15.53,15.87
2026-03-27,15.84,15.93,15.66,15.76
2026-03-30,15.79,16.1,15.52,15.55
2026-03-31,15.56,15.74,15.12,15.52
2026-04-01,15.44,15.44,15.05,15.29
2026-04-02,15.46,15.5,14.91,15
2026-04-06,14.92,15.15,14.84,14.97
2026-04-07,15.04,15.07,14.57,14.58
2026-04-08,14.43,14.51,14.19,14.23
2026-04-09,14.25,14.3,13.9,13.92
2026-04-10,13.98,14.06,13.71,13.75
2026-04-13,13.88,13.97,13.63,13.68
2026-04-14,13.63,13.95,13.56,13.88
2026-04-15,13.92,14.03,13.48,13.51
2026-04-16,13.58,13.77,13.55,13.66
2026-04-17,13.7,13.74,13.22,13.31
2026-04-20,13.45,13.54,13.25,13.47
2026-04-21,13.43,13.59,13.33,13.43
2026-04-22,13.4,13.66,13.35,13.57
2026-04-23,13.56,13.73,13.49,13.6
2026-04-24,13.6,13.96,13.6,13.93
2026-04-27,13.96,14.15,13.81,13.83
2026-04-28,13.83,14.16,13.83,14.11
2026-04-29,14.14,14.75,14.14,14.68
2026-04-30,14.76,14.85,14.49,14.61
2026-05-01,14.64,15.01,14.42,14.95
2026-05-04,14.98,15.33,14.85,15.29
2026-05-05,15.27,15.49,15.21,15.37
2026-05-06,15.28,15.35,14.45,14.81
2026-05-07,14.79,14.82,14.38,14.54
2026-05-08,14.58,14.75,14.46,14.69
2026-05-11,14.77,14.99,14.6,14.91
2026-05-12,14.99,15.22,14.81,15.01
2026-05-13,14.95,15.41,14.95,15.38
2026-05-14,15.41,15.42,14.92,14.99
2026-05-15,14.99,15.07,14.67,14.8
2026-05-18,14.84,14.95,14.57,14.73
2026-05-19,14.76,15.13,14.69,15.01
2026-05-20,15.07,15.15,14.67,14.73
2026-05-21,14.88,15.05,14.78,14.9
2026-05-22,14.81,14.91,14.59,14.7
2026-05-26,14.58,14.65,14.44,14.54
2026-05-27,14.47,14.49,14.13,14.14
2026-05-28,14.16,14.21,13.86,13.93
2026-05-29,13.94,14.35,13.9,14.06
2026-06-01,14.16,14.58,14.14,14.45
2026-06-02,14.4,14.47,14.25,14.38
2026-06-03,14.42,14.64,14.21,14.24
2026-06-04,14.22,14.45,14.14,14.27
2026-06-05,14.26,14.5,14.09,14.14
2026-06-08,14.24,14.36,14.11,14.12
2026-06-09,14.15,14.23,13.97,14.08
2026-06-10,14.08,14.1,13.86,13.92
2026-06-11,13.91,14.02,13.77,13.79
2026-06-12,13.77,13.97,13.68,13.7
2026-06-15,13.68,13.9,13.61,13.68
2026-06-16,13.67,13.86,13.56,13.82
2026-06-17,13.8,14,13.72,13.85
2026-06-18,13.85,13.97,13.56,13.59
2026-06-22,13.6,13.69,13.26,13.35
2026-06-23,13.32,13.5,13.27,13.42
2026-06-24,13.4,13.5,13.28,13.42
2026-06-25,13.38,13.6,13.26,13.55
2026-06-26,13.5,14.09,13.43,13.98
2026-06-29,14.13,14.41,13.92,14.29
2026-06-30,14.78,14.94,14.77,14.82
2026-07-01,14.88,15.25,14.84,14.99
2026-07-02,15,15.17,14.81,14.81