time,open,high,low,close
1979-12-19,3197,3197,3178,3178
1979-12-20,3170,3175,3170,3175
1979-12-21,3185,3185,3175,3175
1979-12-26,3191,3191,3191,3191
1979-12-27,3215,3217,3146,3146
1979-12-28,3130,3130,3121,3121
1979-12-31,3140,3145,3033,3033
1980-01-02,3042,3042,3042,3042
1980-01-03,3095,3095,3086,3086
1980-01-04,3090,3090,3090,3090
1980-01-07,3133,3133,3133,3133
1980-01-08,3170,3170,3170,3170
1980-01-09,3179,3180,3146,3146
1980-01-10,3150,3165,3147,3147
1980-01-11,3150,3184,3150,3184
1980-01-14,3154,3154,3154,3154
1980-01-15,3175,3176,3170,3176
1980-01-16,3150,3175,3150,3156
1980-01-17,3160,3160,3150,3155
1980-01-18,3170,3182,3140,3140
1980-01-21,3160,3165,3120,3120
1980-01-22,3140,3140,3109,3120
1980-01-23,3140,3140,3140,3140
1980-01-24,3185,3185,3145,3145
1980-01-25,3170,3185,3155,3155
1980-01-28,3180,3181,3180,3181
1980-01-29,3200,3260,3200,3260
1980-01-30,3260,3260,3260,3260
1980-01-31,3265,3265,3210,3210
1980-02-01,3220,3220,3196,3196
1980-02-04,3210,3284,3210,3283
1980-02-05,3289,3289,3269,3269
1980-02-06,3250,3280,3250,3260
1980-02-07,3265,3265,3230,3230
1980-02-08,3250,3250,3225,3225
1980-02-11,3260,3280,3250,3280
1980-02-13,3340,3352,3314,3314
1980-02-14,3320,3325,3290,3305
1980-02-15,3300,3300,3217,3218
1980-02-19,3225,3240,3130,3130
1980-02-20,3090,3111,3080,3080
1980-02-21,3155,3160,3090,3098
1980-02-22,3120,3150,3050,3080
1980-02-25,3100,3122,3085,3122
1980-02-26,3120,3130,3108,3108
1980-02-27,3130,3150,3130,3150
1980-02-28,3125,3125,3100,3100
1980-02-29,3090,3100,3060,3060
1980-03-03,3140,3148,3130,3134
1980-03-04,3095,3130,3095,3125
1980-03-05,3150,3180,3150,3174
1980-03-06,3140,3144,3115,3115
1980-03-07,3080,3095,3060,3085
1980-03-10,3090,3095,3055,3055
1980-03-11,3105,3105,3085,3085
1980-03-12,3100,3100,3071,3071
1980-03-13,3070,3070,2984,2998
1980-03-14,3010,3050,3010,3045
1980-03-17,3000,3000,3000,3000
1980-03-18,3050,3062,3050,3062
1980-03-19,3080,3080,3080,3080
1980-03-20,3115,3115,3045,3045
1980-03-21,3089,3089,3089,3089
1980-03-24,3050,3130,3050,3115
1980-03-25,3075,3086,3048,3048
1980-03-26,3070,3070,3040,3040
1980-03-27,3010,3040,2980,2985
1980-03-28,2980,2980,2935,2935
1980-03-31,2935,2980,2935,2945
1980-04-01,2940,2940,2920,2925
1980-04-02,2940,2955,2935,2950
1980-04-03,2950,2962,2950,2962
1980-04-07,2970,2973,2969,2971
1980-04-08,2978,3004,2978,3004
1980-04-09,3015,3015,2972,2978
1980-04-10,2970,2970,2935,2955
1980-04-11,2940,2960,2939,2940
1980-04-14,2940,2940,2903,2905
1980-04-15,2875,2900,2875,2881
1980-04-16,2895,2925,2895,2909
1980-04-17,2925,2925,2905,2905
1980-04-18,2855,2880,2848,2848
1980-04-21,2830,2831,2785,2815
1980-04-22,2808,2840,2808,2840
1980-04-23,2830,2850,2811,2845
1980-04-24,2830,2844,2815,2840
1980-04-25,2920,2925,2850,2855
1980-04-28,2810,2810,2785,2795
1980-04-29,2795,2800,2779,2800
1980-04-30,2788,2788,2720,2732
1980-05-01,2685,2705,2655,2675
1980-05-02,2705,2705,2657,2688
1980-05-05,2690,2692,2665,2668
1980-05-06,2700,2700,2650,2655
1980-05-07,2668,2690,2668,2685
1980-05-08,2735,2740,2715,2725
1980-05-09,2709,2715,2690,2715
1980-05-12,2700,2718,2660,2666
1980-05-13,2650,2650,2600,2605
1980-05-14,2610,2618,2600,2600
1980-05-15,2565,2575,2560,2570
1980-05-16,2560,2610,2560,2610
1980-05-19,2560,2560,2525,2530
1980-05-20,2450,2470,2442,2442
1980-05-21,2442,2470,2442,2461
1980-05-22,2465,2465,2425,2438
1980-05-23,2415,2425,2405,2415
1980-05-27,2410,2413,2391,2392
1980-05-28,2425,2425,2390,2407
1980-05-29,2420,2451,2420,2450
1980-05-30,2490,2510,2362,2362
1980-06-02,2350,2380,2345,2375
1980-06-03,2400,2400,2383,2395
1980-06-04,2420,2449,2400,2426
1980-06-05,2430,2514,2428,2514
1980-06-06,2460,2575,2460,2555
1980-06-09,2575,2585,2485,2530
1980-06-10,2485,2535,2484,2535
1980-06-11,2513,2533,2508,2520
1980-06-12,2525,2525,2432,2450
1980-06-13,2460,2460,2445,2457
1980-06-16,2460,2495,2460,2485
1980-06-17,2470,2495,2455,2458
1980-06-18,2425,2445,2425,2437
1980-06-19,2440,2490,2440,2490
1980-06-20,2450,2470,2450,2468
1980-06-23,2468,2520,2468,2509
1980-06-24,2500,2512,2495,2512
1980-06-25,2510,2510,2447,2450
1980-06-26,2390,2407,2380,2386
1980-06-27,2385,2395,2298,2330
1980-06-30,2320,2325,2285,2298
1980-07-01,2326,2347,2306,2345
1980-07-02,2325,2375,2320,2346
1980-07-03,2342,2379,2342,2379
1980-07-07,2350,2400,2320,2385
1980-07-08,2380,2398,2332,2340
1980-07-09,2330,2369,2330,2360
1980-07-10,2360,2364,2355,2364
1980-07-11,2350,2399,2335,2370
1980-07-14,2358,2458,2340,2454
1980-07-15,2435,2500,2435,2485
1980-07-16,2471,2490,2446,2470
1980-07-17,2455,2455,2452,2452
1980-07-18,2425,2441,2401,2416
1980-07-21,2415,2444,2415,2422
1980-07-22,2435,2457,2427,2450
1980-07-23,2455,2474,2440,2455
1980-07-24,2445,2450,2367,2370
1980-07-25,2340,2375,2331,2336
1980-07-28,2332,2336,2292,2305
1980-07-29,2285,2360,2285,2346
1980-07-30,2315,2330,2258,2258
1980-07-31,2215,2250,2190,2201
1980-08-01,2185,2225,2170,2205
1980-08-04,2200,2212,2161,2174
1980-08-05,2170,2225,2170,2224
1980-08-06,2215,2230,2204,2210
1980-08-07,2200,2250,2172,2225
1980-08-08,2205,2234,2201,2202
1980-08-11,2210,2260,2210,2230
1980-08-12,2245,2275,2240,2260
1980-08-13,2261,2270,2180,2205
1980-08-14,2205,2226,2190,2200
1980-08-15,2205,2235,2200,2201
1980-08-18,2205,2214,2177,2180
1980-08-19,2140,2164,2125,2142
1980-08-20,2140,2160,2126,2130
1980-08-21,2133,2150,2122,2150
1980-08-22,2145,2165,2141,2146
1980-08-25,2150,2169,2150,2155
1980-08-26,2155,2179,2155,2169
1980-08-27,2175,2195,2170,2170
1980-08-28,2161,2167,2130,2140
1980-08-29,2133,2162,2133,2145
1980-09-02,2138,2145,2112,2123
1980-09-03,2123,2159,2123,2139
1980-09-04,2145,2165,2135,2145
1980-09-05,2158,2233,2151,2204
1980-09-08,2204,2290,2157,2280
1980-09-09,2261,2272,2240,2250
1980-09-10,2255,2295,2252,2273
1980-09-11,2255,2270,2230,2266
1980-09-12,2300,2349,2300,2349
1980-09-15,2315,2384,2300,2346
1980-09-16,2320,2348,2307,2322
1980-09-17,2310,2337,2285,2303
1980-09-18,2309,2320,2270,2320
1980-09-19,2308,2340,2302,2330
1980-09-22,2348,2400,2343,2378
1980-09-23,2360,2390,2350,2350
1980-09-24,2318,2335,2307,2328
1980-09-25,2335,2345,2311,2312
1980-09-26,2224,2255,2224,2224
1980-09-29,2150,2177,2136,2136
1980-09-30,2120,2158,2100,2138
1980-10-01,2160,2179,2142,2155
1980-10-02,2148,2175,2125,2165
1980-10-03,2170,2203,2170,2190
1980-10-06,2209,2216,2161,2166
1980-10-07,2161,2183,2151,2175
1980-10-08,2154,2165,2145,2163
1980-10-09,2180,2225,2180,2205
1980-10-10,2200,2230,2175,2178
1980-10-13,2190,2209,2181,2198
1980-10-14,2200,2220,2200,2215
1980-10-15,2225,2228,2180,2191
1980-10-16,2198,2199,2156,2158
1980-10-17,2133,2175,2125,2163
1980-10-20,2150,2165,2133,2149
1980-10-21,2157,2190,2153,2175
1980-10-22,2180,2194,2169,2169
1980-10-23,2170,2182,2152,2157
1980-10-24,2167,2170,2154,2167
1980-10-27,2165,2177,2143,2149
1980-10-28,2111,2120,2061,2061
1980-10-29,2060,2079,2037,2056
1980-10-30,2070,2095,2056,2090
1980-10-31,2115,2146,2105,2141
1980-11-03,2125,2139,2080,2095
1980-11-05,2045,2050,2010,2041
1980-11-06,1995,2020,1982,1991
1980-11-07,1972,2020,1972,2005
1980-11-10,1985,2005,1962,1970
1980-11-11,1960,1988,1948,1960
1980-11-12,2115,2134,2100,2125
1980-11-13,2180,2190,2134,2138
1980-11-14,2120,2155,2050,2075
1980-11-17,2072,2110,2072,2087
1980-11-18,2085,2087,2046,2085
1980-11-19,2070,2112,2065,2100
1980-11-20,2081,2098,2070,2084
1980-11-21,2055,2073,2045,2054
1980-11-24,2058,2065,2015,2021
1980-11-25,2025,2040,2025,2032
1980-11-26,2030,2032,2001,2003
1980-11-28,1980,1990,1960,1965
1980-12-01,1960,1984,1950,1960
1980-12-02,1995,2024,1990,2018
1980-12-03,2015,2029,1980,1992
1980-12-04,2000,2010,1983,1983
1980-12-05,1986,2005,1971,2000
1980-12-08,1965,1983,1955,1960
1980-12-09,1951,1973,1946,1967
1980-12-10,1970,2000,1955,1960
1980-12-11,1925,1931,1905,1911
1980-12-12,1920,1975,1912,1973
1980-12-15,2000,2015,1985,1986
1980-12-16,1954,1975,1941,1944
1980-12-17,1955,1970,1955,1960
1980-12-18,1965,1980,1956,1975
1980-12-19,1978,2000,1978,1980
1980-12-22,2007,2008,1976,1990
1980-12-23,2005,2045,2005,2040
1980-12-24,2035,2079,2035,2070
1980-12-29,2060,2105,2055,2090
1980-12-30,2090,2099,2053,2060
1980-12-31,2045,2055,2040,2050
1981-01-05,2040,2084,2040,2051
1981-01-06,2060,2070,2047,2056
1981-01-07,2038,2038,2005,2010
1981-01-08,1995,1997,1966,1979
1981-01-09,1990,1994,1974,1989
1981-01-12,1989,2004,1981,1987
1981-01-13,1946,1965,1928,1929
1981-01-14,1940,1980,1922,1975
1981-01-15,1975,2000,1962,1972
1981-01-16,1985,1999,1975,1994
1981-01-19,1994,2025,1994,2005
1981-01-20,2000,2010,1990,2007
1981-01-21,1998,2017,1977,1977
1981-01-22,1958,1965,1945,1957
1981-01-23,1965,1974,1952,1960
1981-01-26,1955,1958,1940,1957
1981-01-27,1940,1953,1935,1937
1981-01-28,1940,1963,1931,1955
1981-01-29,1955,1960,1947,1955
1981-01-30,1931,1953,1931,1944
1981-02-02,1945,1965,1870,1870
1981-02-03,1885,1895,1866,1885
1981-02-04,1888,1904,1870,1882
1981-02-05,1890,1890,1872,1878
1981-02-06,1862,1932,1862,1917
1981-02-09,1915,1928,1896,1918
1981-02-10,1912,1925,1904,1905
1981-02-11,1895,1896,1866,1872
1981-02-12,1930,1935,1912,1921
1981-02-13,1916,1930,1903,1918
1981-02-17,1905,1917,1890,1892
1981-02-18,1921,1930,1888,1890
1981-02-19,1907,1929,1900,1919
1981-02-20,1955,1976,1944,1970
1981-02-23,1950,1969,1945,1968
1981-02-24,1970,2045,1965,2025
1981-02-25,2017,2065,2010,2050
1981-02-26,2015,2039,2002,2030
1981-02-27,1999,2005,1987,1992
1981-03-02,1978,1993,1960,1962
1981-03-03,1955,1986,1945,1975
1981-03-04,1980,1997,1964,1975
1981-03-05,1970,1972,1935,1960
1981-03-06,1944,1972,1944,1969
1981-03-09,1968,1985,1962,1972
1981-03-10,1985,2032,1982,1989
1981-03-11,1994,1995,1980,1981
1981-03-12,2005,2060,2005,2045
1981-03-13,2045,2100,2045,2051
1981-03-16,2065,2080,2045,2070
1981-03-17,2075,2080,2053,2053
1981-03-18,2068,2100,2065,2098
1981-03-19,2098,2118,2091,2109
1981-03-20,2090,2090,2055,2065
1981-03-23,2030,2049,2016,2045
1981-03-24,2030,2055,2030,2035
1981-03-25,2025,2046,2020,2046
1981-03-26,2064,2070,2037,2041
1981-03-27,2001,2028,2001,2022
1981-03-30,2020,2020,1990,1995
1981-03-31,2010,2037,1995,2027
1981-04-01,2025,2050,2022,2048
1981-04-02,2048,2060,2034,2053
1981-04-03,2030,2050,2030,2037
1981-04-06,2037,2043,2015,2022
1981-04-07,2020,2020,1940,1945
1981-04-08,1970,1978,1953,1956
1981-04-09,1961,1973,1956,1973
1981-04-10,1955,1998,1955,1972
1981-04-13,2015,2015,1991,1995
1981-04-14,2000,2028,1995,2026
1981-04-15,2022,2079,2022,2070
1981-04-16,2078,2108,2076,2080
1981-04-20,2070,2080,2041,2043
1981-04-21,2050,2060,2030,2035
1981-04-22,2040,2070,2040,2049
1981-04-23,2057,2070,2022,2030
1981-04-24,2015,2016,1971,1980
1981-04-27,1982,1995,1980,1982
1981-04-28,1976,1995,1912,1916
1981-04-29,1911,1928,1888,1915
1981-04-30,1928,1952,1928,1944
1981-05-01,1931,1938,1912,1921
1981-05-04,1908,1910,1885,1892
1981-05-05,1871,1887,1851,1869
1981-05-06,1885,1900,1885,1891
1981-05-07,1885,1896,1868,1885
1981-05-08,1880,1920,1880,1912
1981-05-11,1895,1900,1851,1855
1981-05-12,1836,1849,1826,1841
1981-05-13,1830,1835,1810,1812
1981-05-14,1795,1809,1786,1790
1981-05-15,1805,1816,1772,1774
1981-05-18,1791,1803,1780,1791
1981-05-19,1790,1814,1765,1767
1981-05-20,1777,1780,1741,1768
1981-05-21,1765,1765,1725,1730
1981-05-22,1730,1748,1723,1730
1981-05-26,1705,1710,1642,1642
1981-05-27,1642,1665,1625,1657
1981-05-28,1664,1675,1646,1651
1981-05-29,1655,1698,1648,1681
1981-06-01,1640,1651,1593,1608
1981-06-02,1569,1598,1563,1568
1981-06-03,1557,1579,1521,1529
1981-06-04,1501,1505,1465,1479
1981-06-05,1480,1490,1399,1403
1981-06-08,1444,1458,1401,1412
1981-06-09,1430,1455,1420,1451
1981-06-10,1447,1477,1436,1446
1981-06-11,1426,1430,1365,1372
1981-06-12,1410,1410,1355,1383
1981-06-15,1499,1530,1495,1514
1981-06-16,1494,1506,1477,1487
1981-06-17,1494,1518,1475,1487
1981-06-18,1435,1455,1426,1430
1981-06-19,1426,1461,1426,1443
1981-06-22,1435,1455,1422,1451
1981-06-23,1435,1461,1431,1444
1981-06-24,1450,1532,1447,1532
1981-06-25,1475,1571,1455,1549
1981-06-26,1590,1620,1530,1590
1981-06-29,1630,1637,1575,1579
1981-06-30,1530,1560,1520,1554
1981-07-01,1642,1642,1642,1642
1981-07-02,1690,1709,1670,1693
1981-07-06,1781,1781,1781,1781
1981-07-07,1825,1869,1825,1869
1981-07-08,1888,1888,1795,1848
1981-07-09,1836,1836,1747,1776
1981-07-10,1845,1864,1831,1864
1981-07-13,1952,1952,1930,1952
1981-07-14,1930,1994,1909,1950
1981-07-15,1955,1960,1923,1947
1981-07-16,1952,1983,1881,1888
1981-07-17,1881,1912,1850,1876
1981-07-20,1890,1902,1870,1874
1981-07-21,1928,1962,1928,1939
1981-07-22,1950,1965,1905,1910
1981-07-23,1908,1998,1890,1998
1981-07-24,1985,2040,1980,2024
1981-07-27,2030,2035,1990,1999
1981-07-28,2005,2015,1981,2007
1981-07-29,2005,2019,1950,1959
1981-07-30,1947,2040,1941,2033
1981-07-31,2012,2065,2004,2047
1981-08-03,2034,2044,2011,2035
1981-08-04,2040,2095,2033,2082
1981-08-05,2075,2082,2048,2064
1981-08-06,2035,2046,2005,2011
1981-08-07,2080,2090,2056,2081
1981-08-10,2086,2110,2060,2103
1981-08-11,2083,2100,2062,2073
1981-08-12,2070,2100,1985,1990
1981-08-13,2015,2045,1920,1982
1981-08-14,1990,2015,1970,1999
1981-08-17,2165,2180,2130,2143
1981-08-18,2140,2145,2090,2119
1981-08-19,2100,2117,2083,2109
1981-08-20,2137,2145,2106,2109
1981-08-21,2118,2175,2106,2172
1981-08-24,2155,2160,2116,2128
1981-08-25,2101,2125,2078,2096
1981-08-26,2108,2129,2098,2117
1981-08-27,2106,2115,2060,2098
1981-08-28,2100,2145,2095,2137
1981-08-31,2150,2205,2150,2178
1981-09-01,2160,2220,2153,2217
1981-09-02,2205,2275,2201,2272
1981-09-03,2260,2267,2232,2237
1981-09-04,2240,2249,2220,2235
1981-09-08,2190,2214,2190,2198
1981-09-09,2178,2200,2165,2194
1981-09-10,2205,2233,2200,2202
1981-09-11,2202,2205,2153,2166
1981-09-14,2175,2219,2175,2217
1981-09-15,2242,2242,2202,2211
1981-09-16,2200,2213,2190,2202
1981-09-17,2200,2223,2184,2221
1981-09-18,2225,2235,2217,2222
1981-09-21,2239,2243,2210,2223
1981-09-22,2215,2215,2171,2189
1981-09-23,2185,2199,2146,2151
1981-09-24,2140,2164,2101,2103
1981-09-25,2106,2188,2106,2172
1981-09-28,2162,2170,2130,2160
1981-09-29,2165,2185,2161,2174
1981-09-30,2188,2219,2182,2215
1981-10-01,2210,2220,2187,2192
1981-10-02,2190,2230,2190,2198
1981-10-05,2215,2230,2170,2181
1981-10-06,2169,2170,2125,2128
1981-10-07,2040,2078,2040,2040
1981-10-08,1952,1980,1952,1963
1981-10-09,2050,2051,2000,2025
1981-10-12,2036,2080,2030,2068
1981-10-13,2080,2119,2052,2112
1981-10-14,2090,2106,2062,2090
1981-10-15,2070,2079,2041,2049
1981-10-16,2100,2137,2100,2133
1981-10-19,2118,2150,2110,2122
1981-10-20,2055,2075,2034,2034
1981-10-21,1946,1946,1946,1946
1981-10-22,1875,1955,1875,1926
1981-10-23,1945,1970,1913,1917
1981-10-26,1885,1895,1856,1879
1981-10-27,1855,1887,1848,1878
1981-10-28,1855,1893,1855,1871
1981-10-29,1915,1936,1905,1932
1981-10-30,1950,1950,1908,1931
1981-11-02,1950,1988,1940,1980
1981-11-03,1993,1995,1944,1956
1981-11-04,1964,1965,1906,1913
1981-11-05,1925,1933,1875,1878
1981-11-06,1875,1966,1864,1943
1981-11-09,1960,1965,1911,1926
1981-11-10,1900,1905,1839,1840
1981-11-11,1855,1914,1855,1901
1981-11-12,1940,1984,1936,1977
1981-11-13,2010,2055,2010,2042
1981-11-16,2034,2040,1995,2000
1981-11-17,1948,1965,1925,1961
1981-11-18,1900,1910,1873,1877
1981-11-19,1922,1924,1860,1863
1981-11-20,1875,1880,1820,1827
1981-11-23,1822,1875,1816,1873
1981-11-24,1902,1925,1882,1920
1981-11-25,1935,1945,1906,1932
1981-11-27,1944,1969,1939,1945
1981-11-30,1945,1962,1906,1911
1981-12-01,1910,1996,1910,1990
1981-12-02,2000,2051,1991,2046
1981-12-03,2050,2085,2028,2067
1981-12-04,2070,2078,2053,2072
1981-12-07,2060,2068,2025,2049
1981-12-08,2007,2032,2001,2022
1981-12-09,2010,2030,2006,2016
1981-12-10,1997,2025,1989,2017
1981-12-11,2030,2054,2025,2049
1981-12-14,2040,2050,2015,2031
1981-12-15,2040,2070,2040,2052
1981-12-16,2063,2070,2005,2013
1981-12-17,2013,2034,2010,2022
1981-12-18,2005,2010,1976,1989
1981-12-21,1980,1992,1951,1954
1981-12-22,1966,1979,1955,1974
1981-12-23,1980,2010,1975,2008
1981-12-28,2000,2019,1985,1992
1981-12-29,2001,2017,1985,1994
1981-12-30,1980,2006,1975,2002
1981-12-31,2060,2064,2038,2054
1982-01-04,2070,2142,2070,2142
1982-01-05,2175,2184,2146,2159
1982-01-06,2155,2166,2130,2145
1982-01-07,2140,2158,2125,2146
1982-01-08,2166,2169,2135,2151
1982-01-11,2130,2153,2130,2150
1982-01-12,2140,2155,2140,2148
1982-01-13,2145,2165,2080,2097
1982-01-14,2091,2109,2066,2106
1982-01-15,2097,2106,2080,2095
1982-01-18,2095,2134,2085,2131
1982-01-19,2142,2164,2140,2150
1982-01-20,2163,2174,2141,2154
1982-01-21,2160,2163,2132,2137
1982-01-22,2125,2139,2050,2057
1982-01-25,2030,2050,2000,2004
1982-01-26,2020,2052,2020,2046
1982-01-27,2055,2069,2020,2029
1982-01-28,2039,2050,2021,2030
1982-01-29,2042,2056,1942,1942
1982-02-01,1900,1918,1860,1874
1982-02-02,1905,1910,1871,1887
1982-02-03,1920,1927,1907,1926
1982-02-04,1935,1935,1911,1931
1982-02-05,1952,1995,1949,1988
1982-02-08,1980,1990,1943,1955
1982-02-09,1925,1964,1922,1951
1982-02-10,1962,1977,1956,1963
1982-02-11,2020,2020,1930,1953
1982-02-12,1949,1990,1940,1975
1982-02-16,1980,2000,1960,1993
1982-02-17,1985,1990,1970,1973
1982-02-18,1945,1990,1945,1976
1982-02-19,1985,1990,1957,1967
1982-02-22,1950,1959,1935,1953
1982-02-23,1940,1980,1927,1976
1982-02-24,1963,2015,1954,1993
1982-02-25,1992,2004,1970,1975
1982-02-26,1955,1978,1935,1940
1982-03-01,1905,1940,1898,1903
1982-03-02,1891,1935,1891,1931
1982-03-03,1922,1935,1902,1909
1982-03-04,1915,1961,1915,1952
1982-03-05,1975,1981,1940,1946
1982-03-08,1955,1970,1925,1930
1982-03-09,1935,1965,1905,1951
1982-03-10,1962,1987,1955,1964
1982-03-11,1955,1967,1945,1957
1982-03-12,1937,1955,1930,1945
1982-03-15,1936,1938,1912,1936
1982-03-16,1875,1880,1848,1853
1982-03-17,1801,1845,1801,1831
1982-03-18,1810,1817,1793,1815
1982-03-19,1812,1819,1730,1757
1982-03-22,1775,1777,1723,1758
1982-03-23,1740,1750,1727,1740
1982-03-24,1700,1708,1670,1705
1982-03-25,1715,1722,1697,1709
1982-03-26,1685,1685,1650,1657
1982-03-29,1655,1669,1620,1636
1982-03-30,1612,1650,1606,1633
1982-03-31,1635,1643,1614,1638
1982-04-01,1675,1680,1625,1660
1982-04-02,1652,1659,1630,1647
1982-04-05,1645,1659,1640,1650
1982-04-06,1635,1640,1626,1632
1982-04-07,1583,1600,1576,1579
1982-04-08,1570,1587,1570,1580
1982-04-12,1620,1634,1620,1626
1982-04-13,1620,1640,1620,1636
1982-04-14,1675,1679,1645,1673
1982-04-15,1665,1670,1650,1651
1982-04-16,1636,1638,1570,1585
1982-04-19,1580,1606,1575,1585
1982-04-20,1595,1614,1593,1609
1982-04-21,1596,1599,1577,1581
1982-04-22,1545,1568,1545,1563
1982-04-23,1553,1651,1553,1651
1982-04-26,1720,1734,1662,1708
1982-04-27,1665,1719,1665,1715
1982-04-28,1710,1716,1650,1653
1982-04-29,1640,1678,1611,1617
1982-04-30,1644,1664,1631,1660
1982-05-03,1665,1665,1646,1656
1982-05-04,1641,1649,1615,1626
1982-05-05,1650,1675,1623,1628
1982-05-06,1646,1655,1634,1652
1982-05-07,1660,1700,1655,1698
1982-05-10,1700,1700,1655,1662
1982-05-11,1670,1675,1635,1670
1982-05-12,1662,1667,1610,1611
1982-05-13,1608,1610,1590,1603
1982-05-14,1590,1608,1580,1597
1982-05-17,1590,1603,1565,1571
1982-05-18,1555,1555,1527,1530
1982-05-19,1523,1550,1518,1548
1982-05-20,1515,1529,1500,1527
1982-05-21,1546,1556,1535,1537
1982-05-24,1522,1530,1502,1512
1982-05-25,1497,1550,1491,1545
1982-05-26,1550,1562,1500,1528
1982-05-27,1496,1517,1485,1486
1982-05-28,1495,1501,1477,1488
1982-06-01,1460,1465,1430,1435
1982-06-02,1428,1440,1417,1423
1982-06-03,1430,1439,1425,1436
1982-06-04,1446,1458,1431,1435
1982-06-07,1388,1433,1388,1431
1982-06-08,1420,1470,1410,1431
1982-06-09,1413,1427,1410,1415
1982-06-10,1420,1429,1408,1415
1982-06-11,1415,1428,1405,1406
1982-06-14,1430,1438,1412,1415
1982-06-15,1414,1428,1412,1428
1982-06-16,1415,1419,1393,1400
1982-06-17,1390,1413,1378,1412
1982-06-18,1425,1425,1411,1413
1982-06-21,1393,1395,1367,1380
1982-06-22,1385,1410,1384,1405
1982-06-23,1415,1444,1415,1441
1982-06-24,1423,1455,1423,1441
1982-06-25,1455,1529,1450,1529
1982-06-28,1534,1549,1490,1491
1982-06-29,1480,1540,1480,1534
1982-06-30,1530,1550,1476,1477
1982-07-01,1460,1479,1450,1452
1982-07-02,1470,1489,1466,1488
1982-07-06,1484,1505,1480,1498
1982-07-07,1501,1509,1410,1429
1982-07-08,1442,1488,1435,1475
1982-07-09,1455,1494,1446,1472
1982-07-12,1482,1520,1473,1519
1982-07-13,1500,1510,1470,1478
1982-07-14,1465,1467,1438,1441
1982-07-15,1426,1454,1392,1395
1982-07-16,1390,1419,1390,1399
1982-07-19,1405,1410,1340,1344
1982-07-20,1360,1370,1345,1363
1982-07-21,1380,1410,1380,1403
1982-07-22,1390,1415,1385,1393
1982-07-23,1410,1470,1410,1441
1982-07-26,1449,1477,1395,1401
1982-07-27,1410,1410,1383,1390
1982-07-28,1374,1396,1371,1374
1982-07-29,1367,1430,1360,1421
1982-07-30,1410,1420,1388,1395
1982-08-02,1405,1445,1401,1413
1982-08-03,1415,1420,1381,1401
1982-08-04,1390,1402,1374,1395
1982-08-05,1384,1395,1368,1393
1982-08-06,1380,1387,1353,1357
1982-08-09,1340,1351,1336,1347
1982-08-10,1350,1367,1341,1344
1982-08-11,1400,1408,1385,1390
1982-08-12,1398,1417,1389,1408
1982-08-13,1415,1423,1406,1420
1982-08-16,1425,1428,1412,1416
1982-08-17,1420,1430,1416,1420
1982-08-18,1450,1464,1440,1442
1982-08-19,1445,1520,1429,1506
1982-08-20,1500,1550,1483,1537
1982-08-23,1517,1535,1503,1513
1982-08-24,1523,1543,1510,1521
1982-08-25,1507,1525,1503,1522
1982-08-26,1522,1528,1466,1471
1982-08-27,1465,1502,1465,1499
1982-08-30,1480,1498,1473,1477
1982-08-31,1465,1480,1465,1475
1982-09-01,1485,1509,1475,1482
1982-09-02,1495,1520,1493,1518
1982-09-03,1528,1585,1528,1583
1982-09-07,1590,1623,1575,1620
1982-09-08,1598,1603,1564,1565
1982-09-09,1561,1574,1525,1534
1982-09-10,1532,1566,1523,1560
1982-09-13,1547,1590,1540,1583
1982-09-14,1603,1615,1575,1587
1982-09-15,1645,1654,1610,1634
1982-09-16,1625,1629,1604,1615
1982-09-17,1607,1618,1583,1587
1982-09-20,1572,1615,1571,1585
1982-09-21,1573,1575,1505,1514
1982-09-22,1525,1547,1521,1538
1982-09-23,1540,1549,1522,1538
1982-09-24,1516,1538,1515,1533
1982-09-27,1540,1554,1500,1512
1982-09-28,1506,1548,1506,1544
1982-09-29,1565,1582,1553,1564
1982-09-30,1554,1555,1522,1529
1982-10-01,1526,1570,1525,1568
1982-10-04,1560,1565,1542,1547
1982-10-05,1535,1560,1526,1558
1982-10-06,1548,1569,1504,1510
1982-10-07,1520,1553,1510,1551
1982-10-08,1543,1550,1513,1536
1982-10-11,1540,1579,1529,1576
1982-10-12,1570,1595,1570,1583
1982-10-13,1567,1600,1558,1589
1982-10-14,1578,1580,1532,1537
1982-10-15,1526,1552,1518,1523
1982-10-18,1507,1530,1470,1483
1982-10-19,1455,1470,1401,1402
1982-10-20,1421,1425,1393,1411
1982-10-21,1430,1440,1418,1426
1982-10-22,1430,1460,1427,1457
1982-10-25,1440,1447,1417,1418
1982-10-26,1418,1440,1418,1436
1982-10-27,1441,1449,1437,1446
1982-10-28,1445,1455,1370,1378
1982-10-29,1388,1390,1340,1372
1982-11-01,1370,1399,1364,1378
1982-11-03,1390,1393,1361,1364
1982-11-04,1360,1368,1337,1350
1982-11-05,1353,1365,1345,1354
1982-11-08,1455,1473,1455,1471
1982-11-09,1485,1495,1455,1460
1982-11-10,1455,1480,1451,1461
1982-11-11,1453,1456,1435,1438
1982-11-12,1420,1425,1410,1414
1982-11-15,1395,1402,1383,1395
1982-11-16,1385,1419,1385,1416
1982-11-17,1428,1432,1413,1417
1982-11-18,1420,1425,1411,1419
1982-11-19,1470,1489,1452,1486
1982-11-22,1487,1489,1430,1434
1982-11-23,1438,1440,1421,1432
1982-11-24,1445,1461,1432,1435
1982-11-26,1447,1452,1409,1416
1982-11-29,1426,1448,1421,1433
1982-11-30,1450,1467,1450,1465
1982-12-01,1471,1513,1471,1505
1982-12-02,1518,1535,1510,1512
1982-12-03,1503,1517,1496,1515
1982-12-06,1505,1512,1490,1509
1982-12-07,1513,1522,1480,1488
1982-12-08,1486,1496,1466,1476
1982-12-09,1473,1498,1455,1495
1982-12-10,1482,1496,1447,1451
1982-12-13,1460,1470,1450,1467
1982-12-14,1507,1515,1481,1490
1982-12-15,1493,1501,1479,1486
1982-12-16,1477,1484,1460,1463
1982-12-17,1475,1494,1475,1481
1982-12-20,1494,1499,1485,1489
1982-12-21,1510,1559,1507,1553
1982-12-22,1570,1599,1561,1592
1982-12-23,1604,1621,1577,1581
1982-12-27,1608,1635,1608,1624
1982-12-28,1630,1650,1610,1639
1982-12-29,1640,1647,1612,1634
1982-12-30,1620,1622,1595,1603
1983-01-03,1609,1628,1609,1623
1983-01-04,1605,1610,1575,1590
1983-01-05,1565,1615,1565,1604
1983-01-06,1638,1669,1618,1664
1983-01-07,1660,1673,1634,1636
1983-01-10,1650,1663,1625,1627
1983-01-11,1638,1640,1607,1611
1983-01-12,1595,1680,1595,1670
1983-01-13,1675,1687,1647,1668
1983-01-14,1670,1715,1668,1713
1983-01-17,1738,1768,1726,1758
1983-01-18,1720,1747,1690,1732
1983-01-19,1700,1726,1650,1661
1983-01-20,1677,1698,1655,1663
1983-01-21,1645,1693,1642,1665
1983-01-24,1595,1635,1591,1598
1983-01-25,1620,1675,1618,1665
1983-01-26,1695,1738,1692,1710
1983-01-27,1720,1745,1708,1735
1983-01-28,1761,1823,1760,1822
1983-01-31,1835,1840,1781,1826
1983-02-01,1805,1822,1788,1818
1983-02-02,1800,1817,1785,1799
1983-02-03,1785,1835,1779,1815
1983-02-04,1855,1903,1855,1902
1983-02-07,1902,1919,1841,1845
1983-02-08,1885,1900,1850,1870
1983-02-09,1938,1942,1875,1887
1983-02-10,1878,1930,1860,1921
1983-02-11,1950,1956,1910,1927
1983-02-14,1885,1911,1882,1890
1983-02-15,1862,1905,1862,1868
1983-02-16,1892,1908,1873,1893
1983-02-17,1905,1908,1870,1877
1983-02-18,1882,1894,1866,1875
1983-02-22,1872,1872,1810,1811
1983-02-23,1764,1845,1764,1813
1983-02-24,1823,1847,1821,1827
1983-02-25,1814,1829,1739,1746
1983-02-28,1685,1748,1680,1740
1983-03-01,1790,1808,1775,1806
1983-03-02,1826,1835,1772,1794
1983-03-03,1804,1835,1804,1830
1983-03-04,1811,1828,1790,1824
1983-03-07,1845,1870,1835,1867
1983-03-08,1843,1853,1831,1848
1983-03-09,1842,1875,1838,1871
1983-03-10,1872,1878,1826,1828
1983-03-11,1816,1825,1777,1780
1983-03-14,1795,1840,1795,1838
1983-03-15,1835,1847,1790,1795
1983-03-16,1735,1765,1735,1751
1983-03-17,1748,1758,1695,1701
1983-03-18,1718,1725,1660,1669
1983-03-21,1670,1675,1641,1658
1983-03-22,1677,1695,1670,1693
1983-03-23,1655,1698,1655,1691
1983-03-24,1672,1690,1660,1667
1983-03-25,1676,1715,1676,1688
1983-03-28,1660,1670,1650,1663
1983-03-29,1680,1702,1680,1697
1983-03-30,1722,1734,1714,1717
1983-03-31,1717,1730,1702,1704
1983-04-04,1715,1732,1708,1729
1983-04-05,1737,1743,1683,1688
1983-04-06,1691,1694,1670,1682
1983-04-07,1668,1699,1668,1691
1983-04-08,1672,1677,1630,1633
1983-04-11,1676,1704,1676,1694
1983-04-12,1703,1708,1676,1682
1983-04-13,1710,1754,1705,1748
1983-04-14,1735,1745,1727,1738
1983-04-15,1745,1809,1740,1807
1983-04-18,1805,1850,1805,1848
1983-04-19,1830,1834,1811,1823
1983-04-20,1830,1858,1808,1840
1983-04-21,1828,1830,1795,1809
1983-04-22,1809,1874,1809,1870
1983-04-25,1885,1919,1885,1916
1983-04-26,1910,1917,1892,1900
1983-04-27,1876,1910,1874,1882
1983-04-28,1863,1879,1850,1855
1983-04-29,1866,1939,1866,1935
1983-05-02,1933,1949,1925,1928
1983-05-03,1938,1947,1902,1908
1983-05-04,1890,1902,1863,1876
1983-05-05,1885,1919,1884,1886
1983-05-06,1900,1913,1881,1886
1983-05-09,1886,1890,1820,1822
1983-05-10,1803,1838,1803,1811
1983-05-11,1845,1858,1833,1847
1983-05-12,1840,1878,1835,1877
1983-05-13,1880,1900,1860,1898
1983-05-16,1905,1976,1904,1967
1983-05-17,1962,1999,1956,1992
1983-05-18,1970,1990,1965,1967
1983-05-19,2020,2048,2005,2029
1983-05-20,2045,2067,2016,2063
1983-05-23,2048,2095,2037,2082
1983-05-24,2052,2075,2040,2044
1983-05-25,2027,2047,2017,2022
1983-05-26,2110,2110,2110,2110
1983-05-27,2143,2174,2125,2157
1983-05-31,2150,2230,2069,2072
1983-06-01,2015,2075,1990,1999
1983-06-02,2060,2072,2022,2049
1983-06-03,2029,2053,2006,2018
1983-06-06,2025,2042,1967,2002
1983-06-07,2027,2060,2017,2053
1983-06-08,2090,2141,2090,2141
1983-06-09,2260,2265,2232,2237
1983-06-10,2235,2239,2203,2230
1983-06-13,2211,2300,2200,2291
1983-06-14,2253,2275,2211,2227
1983-06-15,2200,2275,2200,2270
1983-06-16,2266,2290,2210,2221
1983-06-17,2250,2255,2150,2215
1983-06-20,2260,2296,2240,2243
1983-06-21,2270,2287,2229,2268
1983-06-22,2325,2335,2313,2322
1983-06-23,2293,2343,2293,2328
1983-06-24,2340,2350,2297,2316
1983-06-27,2310,2321,2229,2231
1983-06-28,2221,2270,2190,2198
1983-06-29,2155,2222,2152,2204
1983-06-30,2205,2213,2140,2143
1983-07-01,2140,2191,2140,2184
1983-07-05,2190,2209,2103,2107
1983-07-06,2100,2144,2100,2140
1983-07-07,2131,2184,2121,2176
1983-07-08,2130,2140,2101,2106
1983-07-11,2036,2075,2025,2029
1983-07-12,2001,2032,1945,1950
1983-07-13,1982,2010,1966,2008
1983-07-14,2015,2048,1994,1999
1983-07-15,2000,2074,2000,2063
1983-07-18,2090,2107,2075,2102
1983-07-19,2112,2118,2065,2096
1983-07-20,2115,2146,2115,2139
1983-07-21,2145,2227,2125,2227
1983-07-22,2270,2312,2261,2309
1983-07-25,2360,2397,2355,2397
1983-07-26,2375,2450,2370,2416
1983-07-27,2371,2402,2352,2362
1983-07-28,2338,2357,2303,2306
1983-07-29,2255,2345,2235,2337
1983-08-01,2315,2380,2290,2371
1983-08-02,2395,2410,2345,2355
1983-08-03,2340,2390,2327,2346
1983-08-04,2307,2319,2258,2258
1983-08-05,2170,2240,2170,2196
1983-08-08,2176,2205,2134,2147
1983-08-09,2147,2179,2112,2122
1983-08-10,2200,2210,2200,2210
1983-08-11,2270,2284,2188,2268
1983-08-12,2241,2257,2218,2230
1983-08-15,2243,2310,2230,2291
1983-08-16,2300,2324,2245,2251
1983-08-17,2273,2284,2165,2167
1983-08-18,2140,2189,2133,2165
1983-08-19,2158,2160,2115,2132
1983-08-22,2142,2175,2131,2157
1983-08-23,2145,2149,2090,2093
1983-08-24,2069,2083,2052,2065
1983-08-25,2105,2129,2075,2121
1983-08-26,2090,2149,2074,2132
1983-08-29,2140,2154,2104,2108
1983-08-30,2100,2147,2093,2135
1983-08-31,2105,2132,2080,2093
1983-09-01,2040,2048,2007,2027
1983-09-02,1985,2043,1975,2041
1983-09-06,1971,2033,1971,2029
1983-09-07,2016,2043,2002,2009
1983-09-08,2019,2034,1995,2001
1983-09-09,1970,1988,1914,1916
1983-09-12,1931,1942,1871,1876
1983-09-13,1911,1928,1885,1925
1983-09-14,1948,1976,1932,1971
1983-09-15,2000,2059,2000,2059
1983-09-16,2105,2133,2090,2122
1983-09-19,2101,2135,2074,2081
1983-09-20,2092,2145,2082,2102
1983-09-21,2110,2180,2095,2174
1983-09-22,2174,2193,2106,2115
1983-09-23,2119,2124,2053,2060
1983-09-26,2065,2109,2042,2105
1983-09-27,2088,2093,2035,2067
1983-09-28,2020,2072,2020,2032
1983-09-29,2073,2099,2052,2094
1983-09-30,2090,2093,2057,2072
1983-10-03,2026,2042,1990,1993
1983-10-04,1993,2017,1970,1993
1983-10-05,2023,2065,2018,2062
1983-10-06,2040,2080,2030,2073
1983-10-07,2070,2110,2026,2032
1983-10-10,2049,2060,2007,2058
1983-10-11,2029,2045,2005,2042
1983-10-12,2006,2017,1990,2000
1983-10-13,2007,2044,1995,2006
1983-10-14,1992,2012,1981,1985
1983-10-17,1985,1990,1945,1948
1983-10-18,1965,1980,1948,1957
1983-10-19,1937,1967,1937,1958
1983-10-20,1958,1980,1953,1959
1983-10-21,1965,1989,1957,1987
1983-10-24,1990,2005,1927,1928
1983-10-25,1942,1971,1942,1970
1983-10-26,1970,1973,1938,1948
1983-10-27,1932,1945,1920,1939
1983-10-28,1938,1958,1938,1946
1983-10-31,1940,2000,1940,1963
1983-11-01,1970,1994,1935,1942
1983-11-02,1942,1989,1942,1985
1983-11-03,1985,2038,1985,2032
1983-11-04,2030,2040,2011,2024
1983-11-07,2023,2050,2010,2032
1983-11-08,2018,2073,2018,2070
1983-11-09,2110,2157,2110,2148
1983-11-10,2153,2160,2123,2144
1983-11-11,2131,2177,2125,2150
1983-11-14,2135,2148,2110,2128
1983-11-15,2141,2216,2141,2188
1983-11-16,2182,2194,2142,2145
1983-11-17,2148,2169,2105,2154
1983-11-18,2155,2164,2130,2133
1983-11-21,2175,2200,2160,2197
1983-11-22,2200,2209,2176,2184
1983-11-23,2173,2236,2170,2233
1983-11-25,2243,2258,2229,2240
1983-11-28,2260,2268,2202,2218
1983-11-29,2204,2263,2195,2257
1983-11-30,2255,2272,2216,2224
1983-12-01,2182,2224,2175,2221
1983-12-02,2220,2264,2192,2260
1983-12-05,2280,2295,2273,2291
1983-12-06,2325,2339,2313,2338
1983-12-07,2322,2370,2310,2363
1983-12-08,2386,2398,2348,2357
1983-12-09,2394,2440,2392,2437
1983-12-12,2472,2478,2365,2393
1983-12-13,2385,2443,2383,2420
1983-12-14,2392,2472,2385,2462
1983-12-15,2457,2492,2432,2470
1983-12-16,2505,2550,2496,2548
1983-12-19,2530,2536,2497,2501
1983-12-20,2453,2489,2443,2451
1983-12-21,2460,2557,2460,2552
1983-12-22,2596,2639,2580,2634
1983-12-23,2600,2630,2590,2624
1983-12-27,2620,2677,2610,2669
1983-12-28,2662,2690,2648,2659
1983-12-29,2645,2723,2645,2720
1983-12-30,2740,2759,2740,2755
1984-01-03,2798,2805,2696,2708
1984-01-04,2590,2655,2590,2609
1984-01-05,2579,2668,2577,2661
1984-01-06,2680,2690,2521,2546
1984-01-09,2485,2529,2455,2460
1984-01-10,2490,2515,2440,2485
1984-01-11,2482,2539,2465,2533
1984-01-12,2500,2573,2427,2437
1984-01-13,2404,2449,2391,2425
1984-01-16,2440,2449,2353,2358
1984-01-17,2381,2495,2371,2493
1984-01-18,2460,2478,2390,2406
1984-01-19,2470,2548,2470,2533
1984-01-20,2568,2674,2530,2665
1984-01-23,2675,2720,2615,2710
1984-01-24,2631,2670,2585,2596
1984-01-25,2644,2688,2632,2684
1984-01-26,2675,2695,2595,2664
1984-01-27,2682,2710,2646,2667
1984-01-30,2667,2725,2610,2624
1984-01-31,2535,2568,2492,2521
1984-02-01,2532,2549,2495,2503
1984-02-02,2508,2614,2508,2580
1984-02-03,2590,2605,2536,2559
1984-02-06,2521,2535,2495,2527
1984-02-07,2495,2515,2480,2483
1984-02-08,2500,2565,2499,2557
1984-02-09,2510,2523,2461,2465
1984-02-10,2477,2545,2470,2538
1984-02-13,2555,2563,2500,2528
1984-02-14,2465,2505,2465,2496
1984-02-15,2475,2515,2474,2493
1984-02-16,2456,2460,2405,2405
1984-02-17,2402,2413,2348,2384
1984-02-21,2357,2384,2296,2296
1984-02-22,2311,2326,2277,2307
1984-02-23,2305,2377,2305,2374
1984-02-24,2355,2360,2325,2346
1984-02-27,2326,2405,2316,2399
1984-02-28,2381,2388,2326,2328
1984-02-29,2310,2381,2298,2377
1984-03-01,2450,2464,2421,2460
1984-03-02,2484,2488,2440,2453
1984-03-05,2475,2478,2408,2423
1984-03-06,2387,2425,2355,2360
1984-03-07,2343,2395,2325,2385
1984-03-08,2365,2398,2332,2380
1984-03-09,2392,2435,2386,2426
1984-03-12,2411,2444,2396,2428
1984-03-13,2428,2516,2424,2516
1984-03-14,2516,2546,2486,2521
1984-03-15,2505,2578,2482,2571
1984-03-16,2541,2566,2522,2553
1984-03-19,2514,2555,2505,2521
1984-03-20,2563,2577,2553,2565
1984-03-21,2522,2540,2455,2464
1984-03-22,2470,2504,2450,2471
1984-03-23,2495,2530,2481,2517
1984-03-26,2513,2534,2490,2516
1984-03-27,2520,2534,2461,2494
1984-03-28,2495,2545,2475,2531
1984-03-29,2538,2540,2512,2523
1984-03-30,2504,2568,2504,2562
1984-04-02,2552,2575,2525,2530
1984-04-03,2520,2545,2451,2472
1984-04-04,2455,2465,2361,2384
1984-04-05,2400,2415,2375,2386
1984-04-06,2410,2430,2386,2425
1984-04-09,2431,2453,2421,2449
1984-04-10,2460,2464,2426,2430
1984-04-11,2412,2450,2410,2440
1984-04-12,2460,2483,2425,2478
1984-04-13,2465,2500,2452,2458
1984-04-16,2447,2478,2447,2451
1984-04-17,2465,2473,2420,2433
1984-04-18,2455,2521,2452,2518
1984-04-19,2525,2540,2495,2538
1984-04-23,2530,2548,2520,2533
1984-04-24,2555,2618,2550,2596
1984-04-25,2607,2642,2587,2636
1984-04-26,2610,2615,2575,2583
1984-04-27,2575,2595,2560,2590
1984-04-30,2570,2575,2541,2545
1984-05-01,2565,2609,2558,2603
1984-05-02,2626,2664,2610,2656
1984-05-03,2640,2670,2625,2661
1984-05-04,2660,2665,2615,2616
1984-05-07,2588,2610,2585,2600
1984-05-08,2570,2575,2525,2553
1984-05-09,2566,2589,2552,2557
1984-05-10,2592,2629,2585,2627
1984-05-11,2650,2671,2638,2645
1984-05-14,2660,2662,2557,2575
1984-05-15,2535,2608,2533,2600
1984-05-16,2629,2645,2610,2634
1984-05-17,2640,2654,2565,2614
1984-05-18,2636,2719,2610,2713
1984-05-21,2725,2747,2686,2689
1984-05-22,2690,2734,2676,2730
1984-05-23,2704,2719,2660,2673
1984-05-24,2695,2708,2652,2676
1984-05-25,2695,2740,2678,2712
1984-05-29,2696,2706,2640,2648
1984-05-30,2672,2693,2663,2670
1984-05-31,2685,2690,2612,2616
1984-06-01,2614,2645,2585,2617
1984-06-04,2627,2637,2520,2532
1984-06-05,2532,2545,2460,2466
1984-06-06,2480,2515,2440,2493
1984-06-07,2452,2488,2447,2469
1984-06-08,2485,2499,2405,2414
1984-06-11,2470,2485,2397,2410
1984-06-12,2435,2459,2422,2454
1984-06-13,2455,2470,2417,2424
1984-06-14,2454,2468,2437,2462
1984-06-15,2460,2467,2431,2434
1984-06-18,2425,2494,2380,2491
1984-06-19,2485,2514,2472,2483
1984-06-20,2451,2455,2421,2431
1984-06-21,2385,2395,2343,2346
1984-06-22,2330,2340,2275,2296
1984-06-25,2293,2313,2278,2299
1984-06-26,2315,2333,2312,2330
1984-06-27,2335,2368,2335,2349
1984-06-28,2275,2297,2266,2269
1984-06-29,2290,2357,2290,2347
1984-07-02,2280,2290,2260,2272
1984-07-03,2270,2285,2200,2203
1984-07-05,2195,2213,2172,2182
1984-07-06,2202,2226,2200,2204
1984-07-09,2171,2194,2147,2181
1984-07-10,2195,2250,2191,2228
1984-07-11,2221,2249,2165,2181
1984-07-12,2208,2235,2197,2225
1984-07-13,2230,2250,2155,2183
1984-07-16,2160,2163,2125,2150
1984-07-17,2150,2190,2141,2171
1984-07-18,2165,2167,2133,2142
1984-07-19,2157,2174,2145,2148
1984-07-20,2138,2188,2135,2183
1984-07-23,2175,2240,2162,2235
1984-07-24,2233,2235,2188,2199
1984-07-25,2205,2225,2164,2176
1984-07-26,2196,2200,2087,2105
1984-07-27,2090,2119,2038,2077
1984-07-30,2045,2070,2031,2036
1984-07-31,2035,2038,1975,1981
1984-08-01,1991,2001,1960,1963
1984-08-02,1990,2018,1980,1990
1984-08-03,2020,2075,2020,2058
1984-08-06,2058,2113,2058,2108
1984-08-07,2125,2194,2125,2178
1984-08-08,2145,2225,2145,2221
1984-08-09,2045,2063,2042,2044
1984-08-10,2050,2060,2020,2040
1984-08-13,2025,2089,2025,2084
1984-08-14,2116,2144,2100,2129
1984-08-15,2129,2131,2091,2096
1984-08-16,2100,2118,2092,2097
1984-08-17,2105,2115,2026,2039
1984-08-20,2055,2065,2010,2016
1984-08-21,2052,2088,2048,2080
1984-08-22,2080,2168,2075,2168
1984-08-23,2185,2219,2175,2215
1984-08-24,2190,2275,2187,2271
1984-08-27,2280,2315,2275,2295
1984-08-28,2264,2340,2256,2277
1984-08-29,2292,2305,2262,2292
1984-08-30,2300,2359,2300,2352
1984-08-31,2350,2355,2320,2326
1984-09-04,2295,2318,2268,2305
1984-09-05,2290,2333,2290,2306
1984-09-06,2340,2345,2263,2270
1984-09-07,2260,2285,2255,2270
1984-09-10,2295,2299,2211,2218
1984-09-11,2216,2254,2199,2239
1984-09-12,2230,2246,2215,2218
1984-09-13,2240,2295,2240,2291
1984-09-14,2310,2359,2284,2338
1984-09-17,2348,2349,2267,2275
1984-09-18,2240,2258,2214,2235
1984-09-19,2251,2304,2248,2298
1984-09-20,2290,2350,2240,2326
1984-09-21,2330,2380,2330,2370
1984-09-24,2385,2424,2385,2418
1984-09-25,2380,2388,2331,2338
1984-09-26,2309,2359,2285,2328
1984-09-27,2345,2364,2315,2337
1984-09-28,2255,2280,2170,2174
1984-10-01,2156,2191,2150,2159
1984-10-02,2180,2190,2167,2182
1984-10-03,2200,2215,2172,2184
1984-10-04,2165,2214,2135,2168
1984-10-05,2170,2200,2152,2193
1984-10-08,2200,2230,2188,2221
1984-10-09,2215,2229,2183,2199
1984-10-10,2195,2255,2195,2251
1984-10-11,2248,2255,2212,2223
1984-10-12,2205,2260,2198,2230
1984-10-15,2181,2193,2167,2173
1984-10-16,2178,2199,2168,2173
1984-10-17,2212,2242,2208,2226
1984-10-18,2218,2235,2188,2223
1984-10-19,2232,2247,2218,2237
1984-10-22,2250,2300,2247,2287
1984-10-23,2282,2296,2258,2276
1984-10-24,2282,2285,2243,2263
1984-10-25,2257,2308,2240,2294
1984-10-26,2294,2305,2275,2295
1984-10-29,2260,2280,2255,2265
1984-10-30,2270,2280,2245,2247
1984-10-31,2255,2285,2250,2277
1984-11-01,2292,2315,2288,2293
1984-11-02,2320,2325,2279,2295
1984-11-05,2300,2312,2291,2296
1984-11-06,2295,2300,2251,2262
1984-11-07,2226,2237,2203,2227
1984-11-08,2216,2237,2216,2234
1984-11-09,2218,2230,2215,2224
1984-11-12,2226,2265,2222,2261
1984-11-13,2280,2291,2264,2270
1984-11-14,2255,2262,2248,2259
1984-11-15,2250,2277,2247,2258
1984-11-16,2265,2280,2253,2260
1984-11-19,2256,2259,2173,2175
1984-11-20,2160,2180,2142,2154
1984-11-21,2125,2132,2103,2121
1984-11-23,2132,2140,2090,2098
1984-11-26,2090,2092,2075,2077
1984-11-27,2082,2096,2073,2078
1984-11-28,2074,2098,2068,2078
1984-11-29,2084,2097,2070,2073
1984-11-30,2059,2122,2056,2117
1984-12-03,2097,2113,2092,2107
1984-12-04,2112,2128,2110,2111
1984-12-05,2127,2133,2085,2090
1984-12-06,2084,2119,2084,2115
1984-12-07,2107,2129,2102,2118
1984-12-10,2106,2111,2084,2098
1984-12-11,2088,2128,2087,2120
1984-12-12,2107,2116,2090,2111
1984-12-13,2083,2090,2068,2087
1984-12-14,2060,2064,2044,2051
1984-12-17,2042,2062,2038,2058
1984-12-18,2050,2072,2046,2054
1984-12-19,2045,2054,2034,2036
1984-12-20,2040,2065,2040,2063
1984-12-21,2052,2080,2052,2077
1984-12-26,2075,2079,2048,2051
1984-12-27,2051,2057,2038,2041
1984-12-28,2046,2062,2046,2056
1984-12-31,2045,2056,2045,2052
1985-01-02,2029,2035,2021,2025
1985-01-03,2018,2033,2018,2028
1985-01-04,2024,2045,2024,2033
1985-01-07,2048,2069,2041,2067
1985-01-08,2086,2099,2079,2082
1985-01-09,2087,2094,2079,2089
1985-01-10,2086,2094,2075,2091
1985-01-11,2102,2161,2102,2154
1985-01-14,2165,2187,2151,2168
1985-01-15,2153,2157,2139,2141
1985-01-16,2141,2160,2135,2149
1985-01-17,2183,2194,2165,2186
1985-01-18,2186,2195,2176,2190
1985-01-21,2202,2229,2202,2219
1985-01-22,2210,2215,2167,2174
1985-01-23,2158,2188,2158,2166
1985-01-24,2170,2182,2160,2163
1985-01-25,2168,2218,2143,2215
1985-01-28,2250,2262,2218,2225
1985-01-29,2276,2289,2261,2288
1985-01-30,2295,2298,2273,2283
1985-01-31,2292,2309,2255,2271
1985-02-01,2275,2298,2267,2292
1985-02-04,2298,2332,2298,2331
1985-02-05,2314,2314,2240,2243
1985-02-06,2256,2285,2243,2264
1985-02-07,2303,2315,2283,2311
1985-02-08,2300,2323,2299,2310
1985-02-11,2310,2315,2222,2222
1985-02-12,2184,2219,2175,2203
1985-02-13,2202,2233,2196,2223
1985-02-14,2192,2200,2136,2151
1985-02-15,2145,2159,2133,2154
1985-02-19,2115,2146,2115,2137
1985-02-20,2142,2180,2142,2164
1985-02-21,2180,2189,2165,2177
1985-02-22,2166,2173,2146,2155
1985-02-25,2148,2200,2136,2195
1985-02-26,2171,2174,2152,2166
1985-02-27,2169,2192,2169,2187
1985-02-28,2181,2190,2161,2163
1985-03-01,2142,2161,2140,2156
1985-03-04,2142,2148,2126,2136
1985-03-05,2105,2110,2048,2048
1985-03-06,2030,2045,1998,2013
1985-03-07,2030,2058,2025,2054
1985-03-08,2060,2110,2060,2105
1985-03-11,2130,2184,2127,2174
1985-03-12,2160,2179,2126,2148
1985-03-13,2168,2236,2155,2216
1985-03-14,2195,2200,2158,2169
1985-03-15,2159,2185,2159,2179
1985-03-18,2166,2260,2166,2253
1985-03-19,2293,2398,2290,2396
1985-03-20,2418,2438,2390,2435
1985-03-21,2432,2435,2360,2381
1985-03-22,2360,2421,2337,2403
1985-03-25,2365,2409,2365,2373
1985-03-26,2371,2398,2356,2391
1985-03-27,2428,2486,2425,2449
1985-03-28,2440,2463,2425,2453
1985-03-29,2442,2488,2442,2469
1985-04-01,2435,2445,2365,2378
1985-04-02,2353,2378,2335,2355
1985-04-03,2365,2382,2293,2322
1985-04-04,2305,2330,2280,2321
1985-04-08,2310,2393,2310,2374
1985-04-09,2350,2403,2350,2376
1985-04-10,2178,2193,2130,2144
1985-04-11,2185,2193,2152,2177
1985-04-12,2203,2235,2200,2225
1985-04-15,2255,2265,2210,2222
1985-04-16,2233,2240,2185,2221
1985-04-17,2205,2258,2205,2255
1985-04-18,2255,2275,2245,2249
1985-04-19,2265,2285,2239,2255
1985-04-22,2256,2262,2215,2221
1985-04-23,2199,2205,2161,2174
1985-04-24,2128,2155,2128,2148
1985-04-25,2145,2155,2131,2136
1985-04-26,2146,2160,2131,2141
1985-04-29,2150,2158,2141,2150
1985-04-30,2139,2144,2086,2093
1985-05-01,2065,2100,2057,2095
1985-05-02,2075,2115,2075,2113
1985-05-03,2095,2100,2077,2085
1985-05-06,2065,2080,2058,2074
1985-05-07,2092,2117,2092,2099
1985-05-08,2086,2094,2076,2084
1985-05-09,2100,2140,2095,2116
1985-05-10,2140,2155,2130,2145
1985-05-13,2155,2174,2148,2171
1985-05-14,2157,2186,2157,2165
1985-05-15,2152,2156,2107,2111
1985-05-16,2078,2085,2035,2038
1985-05-17,2043,2064,2038,2048
1985-05-20,2061,2073,2031,2057
1985-05-21,2055,2080,2044,2076
1985-05-22,2080,2103,2068,2085
1985-05-23,2083,2086,2076,2079
1985-05-24,2075,2099,2073,2084
1985-05-28,2078,2082,2052,2072
1985-05-29,2065,2090,2055,2083
1985-05-30,2063,2073,2025,2041
1985-05-31,2036,2079,2036,2075
1985-06-03,2080,2084,2060,2076
1985-06-04,2062,2068,2053,2059
1985-06-05,2060,2074,2054,2057
1985-06-06,2085,2088,2065,2074
1985-06-07,2070,2079,2065,2077
1985-06-10,2035,2048,2031,2040
1985-06-11,2044,2065,2041,2064
1985-06-12,2072,2075,1976,1993
1985-06-13,1989,2010,1971,2005
1985-06-14,2006,2020,1980,2003
1985-06-17,1997,2023,1996,2003
1985-06-18,2015,2027,2007,2012
1985-06-19,2010,2035,2010,2018
1985-06-20,2006,2025,1997,2022
1985-06-21,1996,2010,1965,1978
1985-06-24,1979,1985,1963,1968
1985-06-25,1967,1996,1967,1979
1985-06-26,1982,2020,1982,1993
1985-06-27,2002,2006,1993,1997
1985-06-28,2035,2040,2014,2031
1985-07-01,2008,2055,2008,2052
1985-07-02,2046,2068,2043,2050
1985-07-03,2081,2120,2081,2117
1985-07-08,2145,2176,2135,2165
1985-07-09,2180,2182,2140,2143
1985-07-10,2148,2163,2141,2157
1985-07-11,2128,2154,2126,2147
1985-07-12,2136,2143,2075,2081
1985-07-15,2081,2088,2061,2075
1985-07-16,2069,2089,2060,2088
1985-07-17,2113,2115,2086,2093
1985-07-18,2103,2105,2053,2066
1985-07-19,2065,2087,2057,2059
1985-07-22,2025,2077,2025,2074
1985-07-23,2105,2119,2093,2115
1985-07-24,2119,2125,2104,2114
1985-07-25,2104,2150,2096,2142
1985-07-26,2145,2170,2145,2154
1985-07-29,2140,2148,2081,2084
1985-07-30,2082,2110,2077,2092
1985-07-31,2100,2105,2062,2087
1985-08-01,2060,2082,2048,2060
1985-08-02,2050,2072,2048,2057
1985-08-05,2050,2087,2050,2086
1985-08-06,2065,2075,2056,2071
1985-08-07,2055,2073,2055,2071
1985-08-08,2090,2095,2077,2087
1985-08-09,2070,2096,2070,2095
1985-08-12,2178,2185,2170,2178
1985-08-13,2170,2184,2158,2161
1985-08-14,2163,2169,2152,2159
1985-08-15,2175,2182,2166,2175
1985-08-16,2169,2177,2163,2167
1985-08-19,2166,2175,2146,2166
1985-08-20,2155,2177,2155,2174
1985-08-21,2172,2240,2166,2231
1985-08-22,2231,2255,2220,2224
1985-08-23,2200,2220,2194,2197
1985-08-26,2192,2211,2192,2205
1985-08-27,2208,2259,2208,2242
1985-08-28,2243,2264,2242,2260
1985-08-29,2244,2248,2206,2213
1985-08-30,2216,2230,2211,2222
1985-09-03,2195,2208,2188,2204
1985-09-04,2213,2234,2208,2228
1985-09-05,2230,2250,2228,2233
1985-09-06,2195,2199,2173,2185
1985-09-09,2155,2159,2121,2123
1985-09-10,2128,2144,2126,2138
1985-09-11,2124,2133,2124,2130
1985-09-12,2132,2165,2132,2158
1985-09-13,2175,2188,2135,2176
1985-09-16,2170,2185,2169,2178
1985-09-17,2183,2189,2167,2186
1985-09-18,2175,2182,2170,2173
1985-09-19,2175,2223,2162,2221
1985-09-20,2236,2250,2231,2244
1985-09-23,2315,2329,2294,2325
1985-09-24,2318,2325,2287,2305
1985-09-25,2303,2318,2298,2313
1985-09-26,2308,2319,2267,2284
1985-09-30,2270,2293,2270,2273
1985-10-01,2280,2293,2272,2275
1985-10-02,2285,2295,2256,2271
1985-10-03,2285,2291,2281,2285
1985-10-04,2285,2294,2258,2265
1985-10-07,2275,2278,2261,2272
1985-10-08,2265,2268,2255,2265
1985-10-09,2260,2275,2257,2266
1985-10-10,2226,2233,2181,2185
1985-10-11,2190,2196,2180,2193
1985-10-15,2177,2180,2140,2141
1985-10-16,2142,2164,2142,2161
1985-10-17,2171,2185,2171,2178
1985-10-18,2188,2197,2182,2191
1985-10-21,2195,2203,2163,2171
1985-10-22,2164,2184,2162,2182
1985-10-23,2180,2190,2160,2164
1985-10-24,2155,2164,2150,2154
1985-10-25,2159,2163,2148,2156
1985-10-28,2140,2140,2091,2095
1985-10-29,2092,2105,2077,2086
1985-10-30,2100,2102,2078,2092
1985-10-31,2084,2109,2078,2103
1985-11-01,2098,2117,2096,2107
1985-11-04,2104,2114,2087,2090
1985-11-05,2080,2085,2043,2045
1985-11-06,2030,2040,2020,2039
1985-11-07,2130,2155,2130,2153
1985-11-08,2148,2172,2142,2162
1985-11-11,2155,2162,2147,2159
1985-11-12,2150,2157,2138,2153
1985-11-13,2148,2166,2126,2129
1985-11-14,2134,2137,2123,2131
1985-11-15,2151,2175,2150,2162
1985-11-18,2166,2187,2150,2152
1985-11-19,2155,2162,2138,2139
1985-11-20,2145,2165,2145,2162
1985-11-21,2190,2210,2188,2208
1985-11-22,2215,2225,2212,2223
1985-11-25,2221,2239,2215,2221
1985-11-26,2199,2214,2191,2200
1985-11-27,2206,2209,2175,2179
1985-11-29,2200,2217,2195,2214
1985-12-02,2208,2219,2208,2214
1985-12-03,2210,2212,2192,2199
1985-12-04,2205,2209,2190,2200
1985-12-05,2182,2203,2182,2198
1985-12-06,2208,2256,2208,2255
1985-12-09,2238,2273,2238,2268
1985-12-10,2249,2256,2233,2238
1985-12-11,2221,2238,2221,2226
1985-12-12,2245,2259,2236,2249
1985-12-13,2247,2253,2212,2224
1985-12-16,2229,2244,2216,2235
1985-12-17,2252,2258,2215,2224
1985-12-18,2230,2243,2180,2199
1985-12-19,2196,2219,2196,2214
1985-12-20,2209,2254,2209,2248
1985-12-23,2251,2264,2245,2252
1985-12-26,2255,2260,2241,2255
1985-12-27,2235,2263,2235,2255
1985-12-30,2250,2260,2248,2255
1985-12-31,2257,2305,2255,2298
1986-01-02,2298,2315,2298,2307
1986-01-03,2293,2305,2265,2273
1986-01-06,2275,2284,2207,2214
1986-01-07,2224,2233,2191,2201
1986-01-08,2200,2207,2165,2167
1986-01-09,2155,2202,2155,2189
1986-01-10,2172,2198,2164,2188
1986-01-13,2169,2174,2159,2161
1986-01-14,2156,2184,2156,2177
1986-01-15,2165,2184,2160,2164
1986-01-16,2170,2180,2163,2171
1986-01-17,2180,2193,2180,2190
1986-01-20,2161,2170,2143,2147
1986-01-21,2145,2152,2128,2143
1986-01-22,2131,2170,2131,2156
1986-01-23,2150,2165,2140,2161
1986-01-24,2170,2174,2157,2160
1986-01-27,2155,2156,2150,2151
1986-01-28,2160,2173,2140,2144
1986-01-29,2150,2154,2135,2137
1986-01-30,2137,2142,2118,2138
1986-01-31,2135,2159,2135,2146
1986-02-03,2128,2140,2105,2108
1986-02-04,2072,2086,2062,2066
1986-02-05,2074,2084,2068,2077
1986-02-06,2130,2137,2123,2133
1986-02-07,2120,2130,2107,2108
1986-02-10,2115,2127,2110,2116
1986-02-11,2115,2124,2111,2112
1986-02-12,2100,2109,2095,2105
1986-02-13,2099,2104,2086,2087
1986-02-14,2083,2120,2082,2115
1986-02-18,2115,2155,2115,2149
1986-02-19,2140,2144,2115,2133
1986-02-20,2119,2125,2080,2102
1986-02-21,2098,2106,2081,2103
1986-02-24,2122,2133,2113,2130
1986-02-25,2136,2140,2108,2117
1986-02-26,2101,2104,2033,2035
1986-02-27,2034,2070,2034,2067
1986-02-28,2017,2047,2017,2040
1986-03-03,2045,2054,2023,2049
1986-03-04,2030,2035,1993,2002
1986-03-05,1967,1970,1926,1939
1986-03-06,1938,1983,1935,1975
1986-03-07,1965,1994,1965,1987
1986-03-10,1950,1998,1923,1992
1986-03-11,2040,2050,2001,2012
1986-03-12,2007,2039,1972,2031
1986-03-13,2058,2073,2035,2066
1986-03-14,2050,2070,2037,2041
1986-03-17,2047,2061,2036,2038
1986-03-18,2056,2079,2050,2059
1986-03-19,2057,2076,2036,2072
1986-03-20,2070,2089,2010,2021
1986-03-21,2002,2010,1950,1955
1986-03-24,1925,1997,1890,1892
1986-03-25,1883,1923,1883,1918
1986-03-26,1888,1955,1840,1924
1986-03-27,1913,1924,1876,1883
1986-03-31,1879,1900,1854,1862
1986-04-01,1852,1885,1843,1861
1986-04-02,1870,1885,1863,1880
1986-04-03,1868,1870,1825,1833
1986-04-04,1806,1843,1806,1829
1986-04-07,1806,1815,1792,1814
1986-04-08,1840,1845,1800,1809
1986-04-09,1875,1881,1852,1861
1986-04-10,1878,1889,1865,1878
1986-04-11,1855,1864,1846,1851
1986-04-14,1856,1870,1830,1831
1986-04-15,1836,1840,1817,1823
1986-04-16,1857,1863,1840,1850
1986-04-17,1930,1938,1930,1938
1986-04-18,1940,1950,1918,1932
1986-04-21,1927,1974,1920,1970
1986-04-22,1988,1992,1960,1977
1986-04-23,1945,1960,1920,1936
1986-04-24,1880,1895,1865,1869
1986-04-25,1828,1843,1799,1806
1986-04-28,1797,1819,1782,1786
1986-04-29,1790,1826,1790,1825
1986-04-30,1795,1805,1793,1798
1986-05-01,1780,1815,1773,1812
1986-05-02,1808,1824,1779,1782
1986-05-05,1795,1810,1790,1795
1986-05-06,1790,1790,1742,1745
1986-05-07,1715,1752,1715,1743
1986-05-08,1747,1767,1735,1761
1986-05-09,1753,1764,1741,1756
1986-05-12,1750,1804,1740,1790
1986-05-13,1793,1798,1730,1753
1986-05-14,1762,1765,1728,1740
1986-05-15,1751,1770,1750,1766
1986-05-16,1758,1777,1753,1771
1986-05-19,1760,1768,1745,1748
1986-05-20,1740,1820,1722,1789
1986-05-21,1777,1783,1762,1773
1986-05-22,1745,1759,1730,1743
1986-05-23,1743,1781,1743,1775
1986-05-26,1768,1795,1742,1759
1986-05-27,1765,1789,1764,1776
1986-05-28,1772,1787,1761,1781
1986-05-29,1768,1795,1768,1774
1986-05-30,1745,1770,1742,1759
1986-06-02,1746,1765,1718,1722
1986-06-03,1743,1749,1691,1725
1986-06-04,1765,1770,1748,1759
1986-06-05,1765,1860,1763,1855
1986-06-06,1859,1862,1820,1826
1986-06-09,1805,1820,1785,1788
1986-06-10,1798,1805,1782,1785
1986-06-11,1794,1797,1760,1763
1986-06-12,1768,1782,1765,1780
1986-06-13,1759,1776,1753,1761
1986-06-16,1761,1765,1700,1713
1986-06-17,1692,1715,1691,1709
1986-06-18,1680,1690,1670,1672
1986-06-19,1682,1700,1641,1696
1986-06-20,1658,1677,1658,1673
1986-06-23,1660,1680,1648,1679
1986-06-24,1675,1684,1664,1666
1986-06-25,1746,1764,1744,1759
1986-06-26,1759,1774,1753,1770
1986-06-27,1759,1769,1743,1761
1986-06-30,1763,1809,1763,1800
1986-07-01,1811,1822,1795,1799
1986-07-02,1795,1800,1784,1791
1986-07-03,1800,1831,1794,1824
1986-07-07,1805,1862,1805,1858
1986-07-08,1855,1879,1842,1848
1986-07-09,1835,1845,1790,1838
1986-07-10,1856,1890,1850,1867
1986-07-11,1858,1864,1842,1855
1986-07-14,1838,1885,1835,1879
1986-07-15,1905,1914,1896,1900
1986-07-16,1903,1915,1860,1863
1986-07-17,1874,1898,1873,1896
1986-07-18,1905,1994,1900,1987
1986-07-21,1988,2015,1974,2004
1986-07-22,1976,1999,1970,1986
1986-07-23,1965,1975,1950,1965
1986-07-24,1960,1999,1958,1982
1986-07-25,1980,1999,1960,1966
1986-07-28,1970,2009,1970,1991
1986-07-29,2020,2032,2010,2021
1986-07-30,2020,2022,1976,1987
1986-07-31,1960,1969,1930,1942
1986-08-01,1935,1955,1910,1919
1986-08-04,1919,1925,1892,1901
1986-08-05,1905,1910,1883,1889
1986-08-06,1880,1906,1880,1886
1986-08-07,1898,1910,1893,1906
1986-08-08,1900,1903,1850,1868
1986-08-11,1942,1945,1926,1930
1986-08-12,1923,1942,1923,1941
1986-08-13,1934,1948,1920,1921
1986-08-14,1929,1955,1927,1936
1986-08-15,1944,1961,1941,1959
1986-08-18,1950,1963,1938,1949
1986-08-19,1948,1954,1935,1941
1986-08-20,1945,1961,1940,1957
1986-08-21,1955,1972,1947,1955
1986-08-22,1969,1974,1955,1969
1986-08-25,1970,1994,1970,1988
1986-08-26,1992,2040,1992,2039
1986-08-27,2050,2057,2030,2032
1986-08-28,2043,2054,2021,2041
1986-08-29,2086,2129,2086,2129
1986-09-02,2135,2150,2116,2148
1986-09-03,2167,2172,2125,2135
1986-09-04,2165,2174,2122,2148
1986-09-05,2122,2148,2119,2143
1986-09-08,2133,2135,2106,2113
1986-09-09,2088,2103,2083,2101
1986-09-10,2092,2095,2077,2084
1986-09-11,2080,2148,2076,2146
1986-09-12,2190,2205,2178,2194
1986-09-15,2175,2180,2157,2159
1986-09-16,2143,2178,2130,2164
1986-09-17,2160,2170,2122,2128
1986-09-18,2120,2138,2102,2128
1986-09-19,2139,2167,2139,2152
1986-09-22,2122,2127,2018,2021
1986-09-23,2021,2033,1968,1990
1986-09-24,1993,2018,1993,2000
1986-09-25,1990,2024,1983,2013
1986-09-26,2002,2010,1990,2000
1986-09-29,2005,2046,2005,2023
1986-09-30,1995,2015,1995,2011
1986-10-01,2015,2032,1975,1983
1986-10-02,1985,2074,1970,2047
1986-10-03,2050,2068,2039,2052
1986-10-06,2040,2046,2030,2035
1986-10-07,2012,2020,1992,2000
1986-10-08,1995,1998,1967,1970
1986-10-09,1975,1980,1912,1923
1986-10-10,1936,1958,1936,1939
1986-10-13,1950,1964,1928,1944
1986-10-14,1950,1978,1947,1964
1986-10-15,1970,1985,1968,1984
1986-10-16,1985,2014,1975,1995
1986-10-17,1985,1993,1971,1991
1986-10-20,1988,1995,1958,1962
1986-10-21,1960,1965,1940,1951
1986-10-22,1940,1964,1937,1959
1986-10-23,1955,1973,1948,1964
1986-10-24,1950,1975,1938,1952
1986-10-27,1945,1959,1940,1945
1986-10-28,1933,1954,1926,1950
1986-10-29,1956,1970,1943,1947
1986-10-30,1940,1948,1915,1917
1986-10-31,1917,1920,1871,1876
1986-11-03,1880,1895,1875,1877
1986-11-04,1882,1893,1880,1889
1986-11-05,1903,1910,1896,1909
1986-11-06,1906,1924,1890,1900
1986-11-07,1905,1915,1881,1887
1986-11-10,1938,1944,1932,1936
1986-11-11,1923,1975,1923,1971
1986-11-12,1970,1983,1961,1966
1986-11-13,1960,1977,1955,1960
1986-11-14,1964,2003,1955,1998
1986-11-17,1987,1997,1960,1964
1986-11-18,1960,1968,1936,1937
1986-11-19,1933,1940,1908,1910
1986-11-20,1910,1924,1894,1897
1986-11-21,1882,1897,1881,1896
1986-11-24,1895,1903,1877,1881
1986-11-25,1881,1910,1876,1885
1986-11-26,1885,1899,1876,1886
1986-11-28,1886,1886,1886,1886
1986-12-01,1878,1883,1855,1861
1986-12-02,1859,1870,1851,1856
1986-12-03,1868,1900,1868,1897
1986-12-04,1894,1902,1848,1859
1986-12-05,1854,1868,1851,1859
1986-12-08,1850,1854,1844,1850
1986-12-09,1840,1849,1837,1844
1986-12-10,1849,1862,1848,1855
1986-12-11,1855,1885,1855,1875
1986-12-12,1871,1873,1851,1861
1986-12-15,1870,1872,1854,1859
1986-12-16,1861,1868,1848,1866
1986-12-17,1866,1895,1863,1884
1986-12-18,1881,1885,1853,1865
1986-12-19,1870,1880,1865,1879
1986-12-22,1879,1883,1866,1870
1986-12-23,1879,1892,1878,1886
1986-12-24,1886,1892,1879,1889
1986-12-29,1890,1917,1890,1913
1986-12-30,1906,1927,1897,1924
1986-12-31,1923,1937,1915,1935
1987-01-02,1923,1931,1900,1912
1987-01-05,1923,1925,1886,1889
1987-01-06,1889,1892,1850,1857
1987-01-07,1848,1869,1845,1858
1987-01-08,1858,1866,1856,1857
1987-01-09,1855,1869,1853,1854
1987-01-12,1862,1866,1851,1856
1987-01-13,1861,1878,1861,1873
1987-01-14,1882,1888,1881,1886
1987-01-15,1878,1890,1878,1881
1987-01-16,1885,1907,1885,1898
1987-01-19,1918,1965,1918,1957
1987-01-20,1950,1962,1936,1938
1987-01-21,1933,1936,1904,1906
1987-01-22,1916,1924,1865,1869
1987-01-23,1856,1858,1810,1815
1987-01-26,1810,1824,1787,1804
1987-01-27,1807,1827,1807,1823
1987-01-28,1832,1840,1822,1824
1987-01-29,1834,1850,1831,1833
1987-01-30,1798,1825,1798,1820
1987-02-02,1800,1825,1800,1822
1987-02-03,1832,1846,1827,1838
1987-02-04,1828,1833,1820,1823
1987-02-05,1820,1834,1820,1828
1987-02-06,1822,1841,1820,1839
1987-02-09,1896,1925,1893,1915
1987-02-10,1915,1923,1890,1896
1987-02-11,1878,1883,1871,1874
1987-02-12,1866,1870,1847,1853
1987-02-13,1859,1860,1851,1857
1987-02-17,1865,1876,1854,1856
1987-02-18,1846,1853,1842,1844
1987-02-19,1838,1870,1832,1868
1987-02-20,1864,1886,1862,1881
1987-02-23,1888,1898,1862,1867
1987-02-24,1867,1872,1853,1855
1987-02-25,1860,1872,1857,1871
1987-02-26,1871,1885,1868,1883
1987-02-27,1890,1895,1885,1888
1987-03-02,1890,1909,1884,1885
1987-03-03,1874,1890,1866,1873
1987-03-04,1869,1882,1867,1879
1987-03-05,1878,1913,1875,1912
1987-03-06,1913,1937,1903,1935
1987-03-09,1935,1948,1916,1918
1987-03-10,1916,1939,1914,1929
1987-03-11,1936,1938,1920,1922
1987-03-12,1925,1928,1905,1910
1987-03-13,1887,1890,1873,1884
1987-03-16,1889,1917,1886,1911
1987-03-17,1925,1947,1925,1936
1987-03-18,1936,1946,1927,1939
1987-03-19,1930,1965,1930,1943
1987-03-20,1945,1957,1936,1944
1987-03-23,1945,1946,1928,1936
1987-03-24,1938,1945,1931,1937
1987-03-25,1937,1948,1920,1920
1987-03-26,1925,1932,1876,1891
1987-03-27,1900,1933,1898,1925
1987-03-30,1930,1945,1913,1924
1987-03-31,1915,1930,1911,1928
1987-04-01,1925,1931,1918,1922
1987-04-02,1921,1931,1918,1929
1987-04-03,1930,1937,1918,1928
1987-04-06,1923,1936,1912,1934
1987-04-07,1922,1929,1917,1925
1987-04-08,1946,1949,1941,1946
1987-04-09,1946,1958,1946,1954
1987-04-10,1969,1975,1968,1972
1987-04-13,1972,1977,1965,1975
1987-04-14,1983,1994,1983,1992
1987-04-15,1986,2006,1983,2004
1987-04-16,1993,2028,1993,2019
1987-04-20,2021,2034,2021,2033
1987-04-21,2023,2028,2014,2022
1987-04-22,2006,2008,1991,1994
1987-04-23,1994,2018,1986,2016
1987-04-24,2020,2034,2020,2030
1987-04-27,2035,2038,2002,2005
1987-04-28,1996,2009,1991,1992
1987-04-29,1974,1981,1958,1960
1987-04-30,1975,1979,1965,1977
1987-05-01,1981,1999,1977,1996
1987-05-04,1994,2013,1994,2012
1987-05-05,1997,2010,1997,2005
1987-05-06,1999,2005,1988,1994
1987-05-07,1996,2002,1993,1998
1987-05-08,1982,2009,1982,2005
1987-05-11,1991,2002,1986,2000
1987-05-12,1996,2035,1996,2028
1987-05-13,2016,2018,1980,1987
1987-05-14,1997,2000,1982,1993
1987-05-15,1970,1987,1957,1979
1987-05-18,1981,1995,1975,1978
1987-05-19,1970,1976,1958,1974
1987-05-20,1964,1968,1941,1947
1987-05-21,1951,1955,1945,1948
1987-05-22,1921,1939,1917,1937
1987-05-26,1913,1918,1883,1885
1987-05-27,1882,1884,1862,1863
1987-05-28,1883,1886,1870,1871
1987-05-29,1873,1884,1873,1881
1987-06-01,1875,1890,1860,1863
1987-06-02,1880,1894,1876,1879
1987-06-03,1878,1881,1850,1856
1987-06-04,1816,1830,1812,1818
1987-06-05,1815,1835,1815,1828
1987-06-08,1855,1858,1843,1849
1987-06-09,1840,1858,1837,1856
1987-06-10,1886,1904,1883,1894
1987-06-11,1887,1914,1887,1913
1987-06-12,1900,1903,1858,1863
1987-06-15,1852,1881,1850,1877
1987-06-16,1890,1910,1887,1899
1987-06-17,1900,1923,1900,1913
1987-06-18,1913,1916,1906,1911
1987-06-19,1904,1914,1892,1907
1987-06-22,1922,1935,1914,1928
1987-06-23,1955,1959,1942,1947
1987-06-24,1957,2008,1956,2006
1987-06-25,1993,2000,1983,1993
1987-06-26,1990,2018,1976,2007
1987-06-29,1999,2017,1995,2003
1987-06-30,2005,2010,1991,1997
1987-07-01,1994,1998,1977,1995
1987-07-02,1984,2030,1982,2025
1987-07-06,2020,2041,2018,2039
1987-07-07,2030,2070,2025,2039
1987-07-08,2037,2038,2010,2016
1987-07-09,2028,2055,2023,2047
1987-07-10,2055,2096,2055,2089
1987-07-13,2101,2115,2089,2092
1987-07-14,2083,2110,2076,2099
1987-07-15,2107,2133,2092,2125
1987-07-16,2126,2150,2106,2110
1987-07-17,2085,2108,2075,2105
1987-07-20,2100,2102,2083,2092
1987-07-21,2055,2066,2025,2030
1987-07-22,2035,2035,2020,2026
1987-07-23,2031,2040,2023,2026
1987-07-24,2029,2055,2029,2047
1987-07-27,2040,2040,2016,2031
1987-07-28,1980,1985,1935,1951
1987-07-29,1958,1964,1949,1960
1987-07-30,1953,1975,1930,1975
1987-07-31,1968,1978,1961,1962
1987-08-03,1955,1955,1933,1947
1987-08-04,1906,1933,1905,1928
1987-08-05,1910,1954,1909,1947
1987-08-06,1944,1948,1920,1926
1987-08-07,1910,1915,1890,1899
1987-08-10,1907,1912,1897,1902
1987-08-11,1905,1935,1905,1933
1987-08-12,1945,1955,1935,1940
1987-08-13,1923,1928,1891,1901
1987-08-14,1906,1924,1900,1920
1987-08-17,1915,1940,1915,1939
1987-08-18,1955,1970,1943,1953
1987-08-19,1942,1945,1928,1941
1987-08-20,1932,1940,1931,1932
1987-08-21,1940,1954,1940,1947
1987-08-24,1965,1984,1964,1981
1987-08-25,1975,1984,1960,1977
1987-08-26,1967,2014,1967,2004
1987-08-27,2000,2015,1988,1998
1987-08-28,1981,2002,1975,1979
1987-08-31,1980,1994,1974,1988
1987-09-01,1972,1978,1931,1934
1987-09-02,1935,1943,1920,1940
1987-09-03,1941,1952,1940,1947
1987-09-04,1948,1950,1931,1944
1987-09-08,1912,1915,1890,1900
1987-09-09,1885,1888,1854,1866
1987-09-10,1860,1876,1859,1867
1987-09-11,1860,1884,1852,1879
1987-09-14,1851,1920,1847,1913
1987-09-15,1920,1925,1887,1890
1987-09-16,1880,1922,1872,1904
1987-09-17,1912,1923,1906,1907
1987-09-18,1905,1925,1895,1912
1987-09-21,1914,1955,1914,1953
1987-09-22,1946,1965,1935,1949
1987-09-23,1952,1955,1931,1934
1987-09-24,1933,1950,1921,1940
1987-09-25,1933,1940,1925,1934
1987-09-28,1923,1928,1907,1909
1987-09-29,1897,1905,1852,1854
1987-09-30,1830,1835,1810,1823
1987-10-01,1815,1843,1815,1829
1987-10-02,1840,1847,1824,1832
1987-10-05,1830,1846,1818,1827
1987-10-06,1821,1825,1798,1813
1987-10-07,1800,1840,1800,1838
1987-10-08,1840,1856,1837,1842
1987-10-09,1845,1848,1823,1835
1987-10-12,1822,1836,1810,1811
1987-10-13,1795,1816,1789,1801
1987-10-14,1801,1825,1801,1802
1987-10-15,1798,1805,1785,1795
1987-10-16,1795,1802,1787,1789
1987-10-19,1815,1823,1800,1808
1987-10-20,1790,1827,1790,1825
1987-10-21,1837,1855,1828,1835
1987-10-22,1825,1830,1808,1813
1987-10-23,1814,1830,1806,1824
1987-10-26,1830,1841,1817,1820
1987-10-27,1810,1825,1810,1817
1987-10-28,1820,1841,1820,1839
1987-10-29,1847,1858,1818,1827
1987-10-30,1835,1840,1803,1807
1987-11-02,1807,1835,1800,1832
1987-11-03,1820,1824,1807,1819
1987-11-04,1818,1837,1795,1799
1987-11-05,1800,1814,1784,1812
1987-11-06,1824,1835,1815,1821
1987-11-09,1855,1868,1851,1867
1987-11-10,1881,1915,1877,1912
1987-11-11,1917,1930,1910,1914
1987-11-12,1899,1903,1881,1884
1987-11-13,1867,1875,1826,1832
1987-11-16,1820,1824,1794,1796
1987-11-17,1806,1813,1795,1802
1987-11-18,1820,1832,1818,1830
1987-11-19,1824,1830,1822,1826
1987-11-20,1835,1841,1810,1830
1987-11-23,1842,1868,1842,1864
1987-11-24,1880,1885,1872,1883
1987-11-25,1877,1880,1846,1863
1987-11-30,1870,1876,1856,1866
1987-12-01,1850,1859,1848,1856
1987-12-02,1825,1835,1801,1809
1987-12-03,1818,1850,1817,1822
1987-12-04,1830,1908,1826,1897
1987-12-07,1740,1755,1735,1750
1987-12-08,1760,1763,1731,1743
1987-12-09,1731,1754,1727,1751
1987-12-10,1768,1775,1764,1772
1987-12-11,1785,1790,1777,1780
1987-12-14,1792,1795,1764,1765
1987-12-15,1768,1771,1753,1758
1987-12-16,1763,1780,1763,1778
1987-12-17,1775,1788,1766,1784
1987-12-18,1794,1800,1778,1791
1987-12-21,1790,1809,1790,1808
1987-12-22,1826,1838,1817,1834
1987-12-23,1835,1846,1768,1772
1987-12-24,1788,1790,1780,1787
1987-12-28,1801,1805,1792,1797
1987-12-29,1790,1796,1786,1791
1987-12-30,1796,1809,1796,1807
1987-12-31,1818,1826,1807,1814
1988-01-04,1808,1860,1806,1840
1988-01-05,1875,1899,1871,1884
1988-01-06,1881,1904,1879,1893
1988-01-07,1887,1890,1871,1876
1988-01-08,1885,1900,1883,1892
1988-01-11,1900,1918,1887,1891
1988-01-12,1900,1902,1883,1888
1988-01-13,1887,1898,1883,1894
1988-01-14,1892,1897,1845,1866
1988-01-15,1868,1895,1866,1883
1988-01-18,1905,1907,1896,1902
1988-01-19,1899,1923,1899,1916
1988-01-20,1918,1930,1911,1927
1988-01-21,1918,1950,1916,1942
1988-01-22,1935,1939,1908,1922
1988-01-25,1901,1903,1866,1868
1988-01-26,1871,1872,1853,1856
1988-01-27,1822,1833,1795,1803
1988-01-28,1795,1808,1766,1779
1988-01-29,1773,1784,1758,1760
1988-02-01,1746,1759,1739,1745
1988-02-02,1747,1773,1747,1754
1988-02-03,1748,1755,1727,1730
1988-02-04,1718,1726,1690,1703
1988-02-05,1722,1730,1705,1719
1988-02-08,1760,1764,1737,1741
1988-02-09,1733,1735,1715,1727
1988-02-10,1740,1755,1727,1735
1988-02-11,1740,1762,1740,1760
1988-02-12,1745,1750,1725,1726
1988-02-16,1733,1743,1705,1705
1988-02-17,1708,1724,1700,1716
1988-02-18,1705,1730,1696,1728
1988-02-19,1711,1732,1706,1720
1988-02-22,1731,1740,1721,1724
1988-02-23,1718,1724,1671,1689
1988-02-24,1668,1675,1657,1666
1988-02-25,1672,1689,1670,1686
1988-02-26,1686,1690,1637,1642
1988-02-29,1630,1642,1612,1621
1988-03-01,1621,1638,1605,1636
1988-03-02,1628,1645,1597,1605
1988-03-03,1604,1607,1581,1591
1988-03-04,1611,1621,1607,1620
1988-03-07,1618,1623,1601,1620
1988-03-08,1596,1649,1596,1639
1988-03-09,1620,1636,1590,1595
1988-03-10,1581,1617,1578,1608
1988-03-11,1620,1629,1610,1612
1988-03-14,1582,1592,1550,1553
1988-03-15,1555,1602,1555,1599
1988-03-16,1592,1595,1546,1549
1988-03-17,1547,1563,1537,1552
1988-03-18,1545,1559,1535,1554
1988-03-21,1561,1565,1547,1561
1988-03-22,1548,1579,1540,1572
1988-03-23,1577,1593,1571,1592
1988-03-24,1599,1611,1591,1605
1988-03-25,1597,1619,1597,1610
1988-03-28,1607,1610,1561,1573
1988-03-29,1568,1601,1568,1588
1988-03-30,1578,1605,1578,1596
1988-03-31,1595,1605,1567,1570
1988-04-04,1578,1587,1575,1575
1988-04-05,1555,1560,1541,1546
1988-04-06,1531,1577,1531,1562
1988-04-07,1565,1571,1547,1550
1988-04-08,1546,1563,1546,1557
1988-04-11,1555,1564,1555,1559
1988-04-12,1539,1548,1534,1536
1988-04-13,1536,1556,1536,1543
1988-04-14,1560,1567,1543,1548
1988-04-15,1565,1568,1540,1543
1988-04-18,1543,1554,1541,1547
1988-04-19,1565,1577,1559,1574
1988-04-20,1594,1598,1580,1582
1988-04-21,1580,1584,1558,1563
1988-04-22,1556,1576,1549,1572
1988-04-25,1569,1596,1563,1594
1988-04-26,1594,1616,1591,1606
1988-04-27,1595,1599,1585,1588
1988-04-28,1590,1617,1588,1614
1988-04-29,1615,1627,1611,1622
1988-05-02,1625,1629,1598,1604
1988-05-03,1603,1620,1599,1618
1988-05-04,1615,1634,1615,1623
1988-05-05,1613,1628,1603,1606
1988-05-06,1610,1630,1608,1628
1988-05-09,1638,1640,1632,1635
1988-05-10,1633,1633,1620,1629
1988-05-11,1616,1621,1587,1590
1988-05-12,1570,1586,1570,1577
1988-05-13,1583,1610,1581,1606
1988-05-16,1602,1607,1597,1602
1988-05-17,1594,1625,1593,1619
1988-05-18,1617,1669,1617,1665
1988-05-19,1673,1693,1671,1682
1988-05-20,1672,1685,1667,1679
1988-05-23,1677,1683,1663,1675
1988-05-24,1662,1714,1662,1710
1988-05-25,1716,1732,1681,1685
1988-05-26,1667,1675,1581,1596
1988-05-27,1605,1627,1595,1599
1988-05-31,1610,1630,1605,1619
1988-06-01,1611,1620,1607,1611
1988-06-02,1588,1603,1575,1596
1988-06-03,1587,1611,1582,1585
1988-06-06,1585,1598,1576,1583
1988-06-07,1582,1592,1573,1577
1988-06-08,1597,1601,1576,1579
1988-06-09,1568,1575,1560,1573
1988-06-10,1581,1587,1558,1563
1988-06-13,1565,1590,1564,1587
1988-06-14,1576,1585,1572,1580
1988-06-15,1580,1597,1580,1596
1988-06-16,1585,1588,1510,1521
1988-06-17,1535,1538,1515,1536
1988-06-20,1540,1543,1497,1500
1988-06-21,1515,1529,1504,1520
1988-06-22,1528,1539,1523,1535
1988-06-23,1527,1538,1520,1530
1988-06-24,1552,1566,1536,1547
1988-06-27,1530,1535,1500,1513
1988-06-28,1534,1555,1520,1551
1988-06-29,1557,1565,1537,1550
1988-06-30,1557,1591,1557,1580
1988-07-01,1576,1590,1530,1581
1988-07-05,1560,1586,1558,1585
1988-07-06,1593,1618,1590,1615
1988-07-07,1628,1653,1625,1629
1988-07-08,1638,1648,1595,1607
1988-07-11,1627,1632,1601,1621
1988-07-12,1620,1665,1620,1654
1988-07-13,1646,1670,1632,1661
1988-07-14,1639,1645,1607,1618
1988-07-15,1578,1585,1530,1559
1988-07-18,1532,1568,1532,1552
1988-07-19,1536,1560,1525,1555
1988-07-20,1560,1583,1557,1580
1988-07-21,1582,1589,1545,1555
1988-07-22,1556,1562,1527,1537
1988-07-25,1537,1548,1527,1541
1988-07-26,1531,1535,1475,1480
1988-07-27,1488,1514,1476,1503
1988-07-28,1520,1534,1505,1509
1988-07-29,1503,1507,1460,1468
1988-08-01,1475,1480,1456,1467
1988-08-02,1475,1488,1465,1472
1988-08-03,1480,1498,1476,1479
1988-08-04,1500,1514,1490,1498
1988-08-05,1500,1504,1468,1493
1988-08-08,1515,1517,1499,1513
1988-08-09,1503,1515,1474,1475
1988-08-10,1458,1464,1432,1437
1988-08-11,1432,1440,1406,1429
1988-08-12,1414,1418,1395,1401
1988-08-15,1392,1398,1365,1367
1988-08-16,1385,1387,1365,1375
1988-08-17,1373,1378,1367,1370
1988-08-18,1375,1391,1375,1390
1988-08-19,1351,1369,1348,1352
1988-08-22,1340,1362,1340,1357
1988-08-23,1355,1372,1354,1369
1988-08-24,1369,1382,1362,1373
1988-08-25,1350,1357,1326,1328
1988-08-26,1286,1303,1286,1298
1988-08-29,1296,1306,1291,1304
1988-08-30,1310,1318,1293,1312
1988-08-31,1315,1319,1251,1256
1988-09-01,1240,1249,1215,1223
1988-09-02,1216,1249,1216,1247
1988-09-06,1236,1270,1221,1227
1988-09-07,1228,1233,1190,1199
1988-09-08,1221,1242,1221,1237
1988-09-09,1195,1223,1193,1214
1988-09-12,1225,1241,1216,1231
1988-09-13,1245,1249,1231,1241
1988-09-14,1232,1262,1212,1237
1988-09-15,1222,1235,1206,1209
1988-09-16,1191,1195,1165,1173
1988-09-19,1175,1187,1171,1184
1988-09-20,1182,1206,1182,1203
1988-09-21,1195,1239,1195,1235
1988-09-22,1237,1240,1198,1216
1988-09-23,1196,1202,1168,1169
1988-09-26,1153,1158,1115,1124
1988-09-27,1135,1142,1115,1133
1988-09-28,1126,1140,1110,1127
1988-09-29,1105,1125,1105,1116
1988-09-30,1112,1135,1112,1132
1988-10-03,1103,1148,1103,1132
1988-10-04,1139,1170,1139,1167
1988-10-05,1173,1235,1168,1228
1988-10-06,1232,1260,1206,1239
1988-10-07,1250,1280,1242,1278
1988-10-10,1290,1304,1278,1290
1988-10-11,1273,1277,1208,1216
1988-10-12,1205,1248,1205,1245
1988-10-13,1270,1278,1211,1225
1988-10-14,1233,1288,1223,1283
1988-10-17,1275,1329,1275,1318
1988-10-18,1300,1356,1265,1341
1988-10-19,1351,1358,1309,1324
1988-10-20,1365,1368,1320,1330
1988-10-21,1325,1346,1313,1343
1988-10-24,1366,1384,1360,1382
1988-10-25,1363,1367,1315,1316
1988-10-26,1305,1335,1286,1314
1988-10-27,1293,1320,1288,1290
1988-10-28,1291,1355,1279,1325
1988-10-31,1332,1353,1305,1309
1988-11-01,1339,1350,1310,1334
1988-11-02,1335,1374,1332,1372
1988-11-03,1355,1374,1301,1309
1988-11-04,1335,1412,1335,1403
1988-11-07,1411,1429,1390,1406
1988-11-08,1410,1417,1399,1411
1988-11-09,1438,1454,1422,1441
1988-11-10,1416,1440,1395,1432
1988-11-11,1458,1466,1447,1448
1988-11-14,1435,1447,1427,1433
1988-11-15,1425,1429,1381,1386
1988-11-16,1410,1450,1410,1445
1988-11-17,1450,1453,1422,1440
1988-11-18,1420,1433,1400,1430
1988-11-21,1442,1481,1437,1478
1988-11-22,1485,1508,1482,1492
1988-11-23,1499,1517,1484,1516
1988-11-28,1510,1515,1482,1485
1988-11-29,1493,1508,1484,1486
1988-11-30,1463,1484,1445,1476
1988-12-01,1470,1473,1451,1461
1988-12-02,1460,1469,1443,1463
1988-12-05,1465,1489,1463,1485
1988-12-06,1485,1495,1457,1460
1988-12-07,1443,1470,1433,1466
1988-12-08,1447,1477,1447,1456
1988-12-09,1432,1443,1422,1424
1988-12-12,1412,1415,1386,1397
1988-12-13,1403,1405,1373,1378
1988-12-14,1385,1390,1371,1386
1988-12-15,1391,1409,1372,1375
1988-12-16,1376,1418,1376,1416
1988-12-19,1418,1443,1417,1442
1988-12-20,1438,1528,1431,1524
1988-12-21,1511,1536,1503,1516
1988-12-22,1510,1518,1485,1500
1988-12-23,1514,1525,1505,1523
1988-12-27,1525,1531,1502,1505
1988-12-28,1488,1495,1475,1483
1988-12-29,1495,1503,1490,1494
1988-12-30,1501,1506,1493,1500
1989-01-03,1550,1555,1515,1539
1989-01-04,1522,1528,1507,1513
1989-01-05,1477,1482,1430,1433
1989-01-06,1422,1425,1402,1413
1989-01-09,1405,1429,1405,1425
1989-01-10,1385,1390,1350,1352
1989-01-11,1355,1368,1339,1341
1989-01-12,1316,1362,1312,1359
1989-01-13,1343,1371,1343,1350
1989-01-16,1340,1348,1325,1327
1989-01-17,1340,1344,1309,1314
1989-01-18,1315,1356,1301,1351
1989-01-19,1348,1391,1344,1367
1989-01-20,1392,1470,1385,1461
1989-01-23,1445,1495,1445,1488
1989-01-24,1492,1495,1462,1486
1989-01-25,1471,1475,1440,1460
1989-01-26,1450,1468,1449,1458
1989-01-27,1472,1506,1461,1486
1989-01-30,1488,1498,1442,1456
1989-01-31,1436,1453,1428,1446
1989-02-01,1433,1510,1433,1484
1989-02-02,1498,1518,1482,1495
1989-02-03,1499,1511,1485,1507
1989-02-06,1417,1430,1411,1416
1989-02-07,1425,1448,1420,1430
1989-02-08,1459,1463,1435,1449
1989-02-09,1456,1490,1448,1487
1989-02-10,1487,1510,1480,1483
1989-02-13,1488,1498,1483,1488
1989-02-14,1498,1563,1495,1560
1989-02-15,1561,1580,1555,1566
1989-02-16,1557,1563,1525,1542
1989-02-17,1533,1550,1518,1537
1989-02-21,1525,1529,1489,1492
1989-02-22,1492,1518,1471,1504
1989-02-23,1490,1539,1490,1527
1989-02-24,1513,1555,1513,1541
1989-02-27,1540,1541,1490,1492
1989-02-28,1492,1498,1478,1485
1989-03-01,1460,1466,1418,1423
1989-03-02,1425,1430,1403,1415
1989-03-03,1428,1444,1416,1421
1989-03-06,1434,1449,1418,1421
1989-03-07,1410,1425,1401,1420
1989-03-08,1426,1462,1426,1449
1989-03-09,1452,1461,1410,1412
1989-03-10,1416,1425,1393,1397
1989-03-13,1387,1410,1377,1400
1989-03-14,1405,1447,1405,1440
1989-03-15,1445,1452,1432,1446
1989-03-16,1465,1474,1458,1469
1989-03-17,1462,1500,1450,1466
1989-03-20,1435,1442,1412,1424
1989-03-21,1397,1444,1394,1435
1989-03-22,1440,1473,1440,1458
1989-03-23,1442,1450,1425,1427
1989-03-27,1425,1433,1412,1417
1989-03-28,1423,1433,1408,1417
1989-03-29,1420,1433,1400,1413
1989-03-30,1422,1438,1408,1417
1989-03-31,1415,1435,1408,1431
1989-04-03,1428,1443,1397,1399
1989-04-04,1400,1415,1380,1382
1989-04-05,1350,1373,1331,1335
1989-04-06,1325,1330,1285,1300
1989-04-07,1302,1314,1280,1292
1989-04-10,1255,1282,1251,1280
1989-04-11,1272,1285,1270,1279
1989-04-12,1232,1243,1220,1226
1989-04-13,1240,1252,1232,1244
1989-04-14,1206,1245,1206,1230
1989-04-17,1240,1257,1240,1255
1989-04-18,1255,1269,1247,1260
1989-04-19,1235,1249,1235,1243
1989-04-20,1248,1267,1230,1262
1989-04-21,1252,1258,1223,1231
1989-04-24,1225,1240,1216,1220
1989-04-25,1227,1247,1227,1240
1989-04-26,1211,1225,1210,1215
1989-04-27,1210,1217,1190,1200
1989-04-28,1205,1219,1203,1211
1989-05-01,1213,1222,1212,1218
1989-05-02,1208,1234,1208,1230
1989-05-03,1228,1230,1211,1220
1989-05-04,1170,1183,1170,1176
1989-05-05,1168,1187,1168,1180
1989-05-08,1163,1168,1147,1153
1989-05-09,1155,1164,1149,1151
1989-05-10,1147,1165,1140,1156
1989-05-11,1150,1164,1150,1158
1989-05-12,1150,1176,1146,1172
1989-05-15,1160,1168,1154,1163
1989-05-16,1147,1155,1133,1137
1989-05-17,1125,1188,1125,1167
1989-05-18,1150,1184,1150,1165
1989-05-19,1185,1250,1183,1244
1989-05-22,1238,1263,1233,1260
1989-05-23,1254,1260,1224,1247
1989-05-24,1250,1256,1215,1235
1989-05-25,1275,1280,1251,1253
1989-05-26,1268,1274,1218,1220
1989-05-30,1168,1189,1120,1141
1989-05-31,1142,1149,1126,1128
1989-06-01,1128,1155,1128,1139
1989-06-02,1152,1169,1152,1158
1989-06-05,1150,1155,1133,1140
1989-06-06,1135,1187,1135,1161
1989-06-07,1175,1178,1125,1135
1989-06-08,1208,1228,1198,1221
1989-06-09,1209,1223,1202,1212
1989-06-12,1200,1208,1182,1205
1989-06-13,1205,1223,1193,1204
1989-06-14,1213,1223,1182,1186
1989-06-15,1177,1193,1165,1192
1989-06-16,1190,1199,1158,1160
1989-06-19,1158,1170,1150,1153
1989-06-20,1160,1177,1160,1173
1989-06-21,1175,1184,1166,1175
1989-06-22,1185,1205,1185,1196
1989-06-23,1206,1233,1197,1226
1989-06-26,1232,1246,1227,1240
1989-06-27,1248,1260,1238,1257
1989-06-28,1251,1260,1232,1237
1989-06-29,1238,1253,1218,1220
1989-06-30,1212,1234,1204,1229
1989-07-03,1238,1259,1235,1241
1989-07-05,1248,1256,1231,1243
1989-07-06,1240,1243,1216,1228
1989-07-07,1230,1248,1226,1238
1989-07-10,1251,1256,1220,1224
1989-07-11,1222,1233,1216,1219
1989-07-12,1208,1222,1200,1202
1989-07-13,1210,1249,1210,1246
1989-07-14,1252,1294,1250,1285
1989-07-17,1302,1335,1297,1327
1989-07-18,1325,1330,1302,1315
1989-07-19,1304,1315,1298,1300
1989-07-20,1293,1318,1290,1308
1989-07-21,1313,1322,1293,1299
1989-07-24,1288,1304,1265,1274
1989-07-25,1283,1303,1275,1300
1989-07-26,1298,1314,1290,1293
1989-07-27,1287,1290,1270,1286
1989-07-28,1287,1298,1276,1290
1989-07-31,1289,1289,1265,1267
1989-08-01,1256,1269,1242,1257
1989-08-02,1328,1342,1315,1327
1989-08-03,1312,1321,1305,1314
1989-08-04,1325,1332,1316,1318
1989-08-07,1292,1303,1288,1294
1989-08-08,1300,1305,1290,1300
1989-08-09,1314,1327,1309,1322
1989-08-10,1326,1333,1317,1332
1989-08-11,1306,1318,1293,1301
1989-08-14,1295,1300,1276,1295
1989-08-15,1278,1280,1255,1263
1989-08-16,1253,1255,1234,1238
1989-08-17,1226,1230,1204,1206
1989-08-18,1195,1202,1176,1178
1989-08-21,1156,1160,1109,1121
1989-08-22,1112,1159,1112,1137
1989-08-23,1145,1158,1141,1145
1989-08-24,1116,1135,1116,1130
1989-08-25,1130,1135,1080,1085
1989-08-28,1085,1090,1081,1088
1989-08-29,1104,1124,1104,1117
1989-08-30,1125,1142,1125,1140
1989-08-31,1147,1161,1146,1149
1989-09-01,1157,1157,1125,1138
1989-09-05,1105,1110,1060,1063
1989-09-06,1072,1089,1069,1073
1989-09-07,1075,1092,1075,1079
1989-09-08,1078,1088,1071,1081
1989-09-11,1098,1113,1095,1101
1989-09-12,1116,1123,1111,1114
1989-09-13,1125,1126,1080,1087
1989-09-14,1092,1117,1088,1111
1989-09-15,1098,1105,1075,1102
1989-09-18,1061,1065,1031,1035
1989-09-19,1045,1053,1042,1047
1989-09-20,1055,1062,1048,1051
1989-09-21,1055,1094,1055,1088
1989-09-22,1063,1065,1050,1054
1989-09-25,1068,1074,1060,1067
1989-09-26,1078,1097,1077,1087
1989-09-27,1081,1099,1081,1085
1989-09-28,1073,1075,1045,1061
1989-09-29,1031,1045,1024,1040
1989-10-02,1000,1015,995,1008
1989-10-03,1029,1032,999,1002
1989-10-04,996,1022,996,1016
1989-10-05,1023,1028,1011,1017
1989-10-06,1025,1035,1002,1005
1989-10-09,1012,1017,998,1004
1989-10-10,1005,1007,986,993
1989-10-11,975,993,975,985
1989-10-12,977,990,977,981
1989-10-13,987,1001,986,997
1989-10-16,987,995,982,986
1989-10-17,990,1008,990,1002
1989-10-18,1015,1020,1010,1018
1989-10-19,1020,1026,991,994
1989-10-20,992,1006,988,994
1989-10-23,1001,1030,1000,1027
1989-10-24,1022,1038,999,1014
1989-10-25,1019,1022,995,999
1989-10-26,985,988,956,961
1989-10-27,962,975,959,973
1989-10-30,974,983,969,973
1989-10-31,969,983,969,977
1989-11-01,965,976,963,974
1989-11-02,965,973,953,965
1989-11-03,978,980,960,964
1989-11-06,972,982,972,975
1989-11-07,970,987,970,979
1989-11-08,986,1006,986,1004
1989-11-09,1000,1012,996,1004
1989-11-10,992,1014,992,1004
1989-11-13,1005,1006,990,991
1989-11-14,976,981,962,965
1989-11-15,962,970,951,955
1989-11-16,955,961,953,955
1989-11-17,946,952,944,951
1989-11-20,949,952,942,944
1989-11-21,943,958,937,952
1989-11-22,946,949,928,929
1989-11-27,913,924,913,918
1989-11-28,910,917,906,915
1989-11-29,913,928,913,925
1989-11-30,920,942,920,939
1989-12-01,934,937,925,927
1989-12-04,935,946,915,917
1989-12-05,920,934,920,931
1989-12-06,940,942,926,928
1989-12-07,932,935,921,925
1989-12-08,925,948,925,946
1989-12-11,943,949,933,948
1989-12-12,952,965,945,960
1989-12-13,963,972,924,936
1989-12-14,910,916,896,898
1989-12-15,901,908,897,903
1989-12-18,908,915,897,899
1989-12-19,901,920,901,915
1989-12-20,911,920,907,918
1989-12-21,918,923,914,922
1989-12-22,917,924,917,922
1989-12-26,919,925,915,924
1989-12-27,920,925,919,920
1989-12-28,916,921,911,913
1989-12-29,920,928,910,925
1990-01-02,925,938,924,929
1990-01-03,930,937,905,912
1990-01-04,912,942,909,940
1990-01-05,936,952,934,949
1990-01-08,953,957,938,940
1990-01-09,937,959,937,957
1990-01-10,960,970,959,967
1990-01-11,968,1010,968,1006
1990-01-12,1010,1012,985,987
1990-01-15,989,997,975,977
1990-01-16,965,969,951,958
1990-01-17,959,978,956,972
1990-01-18,970,973,936,937
1990-01-19,925,939,925,932
1990-01-22,932,955,928,954
1990-01-23,945,975,942,972
1990-01-24,967,980,951,953
1990-01-25,962,978,960,971
1990-01-26,977,996,977,992
1990-01-29,999,1001,962,968
1990-01-30,976,985,972,976
1990-01-31,971,975,958,962
1990-02-01,961,970,956,961
1990-02-02,960,967,954,962
1990-02-05,962,979,962,974
1990-02-06,977,983,963,965
1990-02-07,952,954,938,941
1990-02-08,936,957,936,955
1990-02-09,958,975,954,973
1990-02-12,976,983,968,980
1990-02-13,968,974,962,969
1990-02-14,972,981,972,978
1990-02-15,977,989,971,972
1990-02-16,979,989,978,987
1990-02-20,988,1002,988,999
1990-02-21,1002,1042,1001,1035
1990-02-22,1035,1040,1021,1039
1990-02-23,1037,1045,1027,1044
1990-02-26,1035,1037,1017,1019
1990-02-27,1014,1030,1003,1029
1990-02-28,1055,1063,1051,1055
1990-03-01,1061,1063,1046,1054
1990-03-02,1084,1096,1076,1094
1990-03-05,1073,1085,1066,1080
1990-03-06,1077,1095,1060,1090
1990-03-07,1075,1083,1060,1063
1990-03-08,1071,1107,1064,1098
1990-03-09,1086,1090,1067,1074
1990-03-12,1063,1069,1055,1058
1990-03-13,1090,1102,1082,1095
1990-03-14,1102,1114,1070,1072
1990-03-15,1058,1084,1045,1065
1990-03-16,1070,1086,1050,1054
1990-03-19,1025,1040,1025,1030
1990-03-20,1034,1040,1011,1023
1990-03-21,1025,1047,1025,1034
1990-03-22,1046,1076,1046,1075
1990-03-23,1080,1111,1080,1107
1990-03-26,1120,1130,1093,1097
1990-03-27,1112,1123,1098,1117
1990-03-28,1148,1170,1143,1164
1990-03-29,1154,1194,1150,1190
1990-03-30,1200,1204,1179,1183
1990-04-02,1158,1175,1155,1163
1990-04-03,1187,1230,1187,1215
1990-04-04,1228,1243,1221,1235
1990-04-05,1280,1285,1253,1264
1990-04-06,1260,1284,1247,1281
1990-04-09,1298,1300,1268,1275
1990-04-10,1249,1349,1249,1346
1990-04-11,1334,1384,1321,1329
1990-04-12,1322,1360,1322,1344
1990-04-16,1335,1338,1322,1328
1990-04-17,1304,1319,1280,1285
1990-04-18,1278,1316,1278,1299
1990-04-19,1315,1348,1315,1338
1990-04-20,1352,1366,1335,1337
1990-04-23,1330,1335,1316,1325
1990-04-24,1310,1312,1266,1299
1990-04-25,1270,1290,1252,1257
1990-04-26,1260,1295,1256,1260
1990-04-27,1265,1278,1253,1264
1990-04-30,1283,1300,1273,1297
1990-05-01,1308,1327,1299,1324
1990-05-02,1325,1333,1291,1301
1990-05-03,1301,1307,1286,1302
1990-05-04,1313,1323,1255,1274
1990-05-07,1267,1300,1267,1293
1990-05-08,1296,1298,1225,1234
1990-05-09,1226,1290,1226,1289
1990-05-10,1295,1333,1295,1313
1990-05-11,1318,1320,1287,1301
1990-05-14,1368,1410,1364,1406
1990-05-15,1390,1407,1378,1398
1990-05-16,1475,1485,1426,1433
1990-05-17,1445,1452,1418,1447
1990-05-18,1420,1493,1413,1477
1990-05-21,1480,1485,1433,1446
1990-05-22,1428,1502,1428,1491
1990-05-23,1476,1482,1451,1466
1990-05-24,1475,1510,1475,1493
1990-05-25,1516,1525,1460,1464
1990-05-29,1482,1497,1411,1424
1990-05-30,1428,1462,1426,1440
1990-05-31,1392,1425,1383,1415
1990-06-01,1410,1419,1330,1347
1990-06-04,1317,1323,1283,1317
1990-06-05,1275,1358,1275,1351
1990-06-06,1330,1345,1306,1313
1990-06-07,1289,1332,1289,1311
1990-06-08,1289,1298,1232,1235
1990-06-11,1271,1283,1207,1211
1990-06-12,1240,1257,1237,1251
1990-06-13,1264,1282,1244,1253
1990-06-14,1249,1257,1219,1226
1990-06-15,1213,1251,1196,1243
1990-06-18,1247,1259,1236,1252
1990-06-19,1246,1266,1238,1243
1990-06-20,1230,1274,1224,1263
1990-06-21,1265,1280,1201,1204
1990-06-22,1202,1210,1174,1194
1990-06-25,1178,1206,1178,1199
1990-06-26,1210,1249,1210,1244
1990-06-27,1253,1274,1238,1240
1990-06-28,1230,1253,1220,1234
1990-06-29,1245,1252,1222,1246
1990-07-02,1258,1317,1258,1309
1990-07-03,1308,1328,1287,1324
1990-07-05,1308,1314,1280,1292
1990-07-06,1285,1320,1276,1311
1990-07-09,1330,1335,1292,1294
1990-07-10,1290,1297,1238,1245
1990-07-11,1217,1223,1196,1209
1990-07-12,1210,1264,1206,1257
1990-07-13,1265,1275,1225,1230
1990-07-16,1235,1257,1231,1246
1990-07-17,1260,1268,1222,1225
1990-07-18,1228,1248,1213,1244
1990-07-19,1235,1249,1225,1237
1990-07-20,1235,1245,1229,1242
1990-07-23,1244,1269,1230,1259
1990-07-24,1260,1290,1202,1268
1990-07-25,1243,1278,1243,1267
1990-07-26,1269,1284,1260,1275
1990-07-27,1301,1307,1286,1291
1990-07-30,1276,1279,1256,1266
1990-07-31,1269,1271,1244,1248
1990-08-01,1239,1248,1222,1224
1990-08-02,1213,1230,1208,1212
1990-08-03,1181,1192,1165,1176
1990-08-06,1191,1195,1128,1134
1990-08-07,1150,1154,1124,1137
1990-08-08,1186,1193,1160,1178
1990-08-09,1161,1182,1161,1171
1990-08-10,1183,1205,1181,1198
1990-08-13,1202,1205,1145,1149
1990-08-14,1132,1140,1111,1113
1990-08-15,1124,1139,1124,1133
1990-08-16,1145,1149,1137,1144
1990-08-17,1135,1143,1127,1140
1990-08-20,1135,1180,1135,1178
1990-08-21,1177,1198,1177,1182
1990-08-22,1180,1201,1172,1197
1990-08-23,1212,1227,1206,1223
1990-08-24,1235,1385,1235,1381
1990-08-27,1383,1391,1352,1363
1990-08-28,1318,1329,1266,1280
1990-08-29,1275,1284,1241,1249
1990-08-30,1243,1315,1240,1307
1990-08-31,1337,1347,1317,1319
1990-09-04,1307,1343,1290,1332
1990-09-05,1348,1353,1285,1296
1990-09-06,1300,1329,1287,1316
1990-09-07,1272,1285,1245,1267
1990-09-10,1242,1280,1234,1272
1990-09-11,1264,1273,1250,1253
1990-09-12,1255,1295,1234,1287
1990-09-13,1291,1312,1288,1299
1990-09-14,1318,1321,1282,1302
1990-09-17,1312,1336,1307,1326
1990-09-18,1323,1326,1285,1291
1990-09-19,1265,1273,1255,1261
1990-09-20,1261,1277,1247,1254
1990-09-21,1259,1273,1251,1260
1990-09-24,1299,1305,1287,1295
1990-09-25,1298,1302,1277,1288
1990-09-26,1278,1285,1271,1274
1990-09-27,1260,1318,1260,1307
1990-09-28,1297,1305,1276,1281
1990-10-01,1285,1287,1236,1240
1990-10-02,1236,1267,1223,1260
1990-10-03,1251,1265,1233,1245
1990-10-04,1244,1274,1244,1267
1990-10-05,1267,1277,1235,1241
1990-10-08,1251,1263,1242,1251
1990-10-09,1246,1250,1212,1214
1990-10-10,1208,1220,1200,1202
1990-10-11,1203,1221,1198,1203
1990-10-12,1213,1228,1211,1221
1990-10-15,1195,1201,1164,1168
1990-10-16,1170,1180,1146,1152
1990-10-17,1153,1184,1153,1175
1990-10-18,1180,1183,1151,1163
1990-10-19,1143,1202,1143,1199
1990-10-22,1195,1211,1170,1184
1990-10-23,1186,1204,1178,1185
1990-10-24,1205,1230,1203,1227
1990-10-25,1230,1239,1206,1214
1990-10-26,1219,1225,1211,1218
1990-10-29,1204,1212,1172,1174
1990-10-30,1159,1167,1145,1148
1990-10-31,1125,1156,1125,1153
1990-11-01,1162,1172,1153,1161
1990-11-02,1170,1179,1145,1147
1990-11-05,1217,1224,1204,1209
1990-11-06,1200,1228,1200,1213
1990-11-07,1230,1236,1214,1218
1990-11-08,1228,1244,1225,1230
1990-11-09,1244,1250,1226,1227
1990-11-12,1226,1231,1219,1224
1990-11-13,1240,1244,1227,1229
1990-11-14,1236,1249,1225,1240
1990-11-15,1250,1307,1250,1302
1990-11-16,1298,1380,1292,1366
1990-11-19,1375,1385,1334,1343
1990-11-20,1358,1367,1347,1357
1990-11-21,1364,1378,1335,1367
1990-11-26,1346,1365,1340,1357
1990-11-27,1367,1377,1318,1324
1990-11-28,1328,1339,1321,1328
1990-11-29,1314,1325,1281,1292
1990-11-30,1315,1330,1271,1283
1990-12-03,1285,1291,1250,1254
1990-12-04,1260,1265,1225,1236
1990-12-05,1236,1246,1220,1236
1990-12-06,1237,1270,1237,1263
1990-12-07,1255,1257,1224,1227
1990-12-10,1223,1245,1216,1241
1990-12-11,1236,1240,1225,1237
1990-12-12,1231,1242,1228,1233
1990-12-13,1237,1244,1213,1214
1990-12-14,1210,1233,1207,1220
1990-12-17,1214,1223,1164,1169
1990-12-18,1176,1179,1153,1156
1990-12-19,1148,1171,1148,1159
1990-12-20,1159,1174,1159,1166
1990-12-21,1168,1178,1161,1176
1990-12-24,1176,1176,1176,1176
1990-12-26,1170,1185,1167,1176
1990-12-27,1166,1173,1137,1149
1990-12-28,1153,1155,1141,1150
1990-12-31,1150,1150,1150,1150
1991-01-02,1149,1157,1132,1146
1991-01-03,1155,1160,1140,1141
1991-01-04,1137,1152,1137,1150
1991-01-07,1137,1158,1130,1153
1991-01-08,1145,1151,1138,1140
1991-01-09,1135,1150,1125,1137
1991-01-10,1137,1190,1137,1186
1991-01-11,1188,1205,1177,1197
1991-01-14,1188,1216,1181,1210
1991-01-15,1204,1210,1191,1198
1991-01-16,1185,1188,1171,1177
1991-01-17,1172,1204,1163,1199
1991-01-18,1186,1208,1186,1194
1991-01-21,1190,1205,1186,1191
1991-01-22,1197,1204,1192,1200
1991-01-23,1188,1198,1160,1167
1991-01-24,1162,1172,1147,1148
1991-01-25,1152,1159,1143,1147
1991-01-28,1146,1157,1141,1155
1991-01-29,1155,1168,1144,1146
1991-01-30,1115,1134,1115,1122
1991-01-31,1122,1132,1121,1128
1991-02-01,1120,1134,1120,1131
1991-02-04,1169,1192,1169,1189
1991-02-05,1180,1182,1155,1167
1991-02-06,1158,1184,1158,1179
1991-02-07,1162,1176,1158,1162
1991-02-08,1151,1169,1151,1159
1991-02-11,1157,1170,1153,1158
1991-02-12,1165,1177,1156,1158
1991-02-13,1170,1179,1163,1168
1991-02-14,1172,1207,1172,1204
1991-02-15,1210,1224,1195,1200
1991-02-19,1189,1203,1177,1185
1991-02-20,1183,1193,1169,1171
1991-02-21,1171,1180,1132,1137
1991-02-22,1135,1141,1126,1131
1991-02-25,1121,1126,1111,1114
1991-02-26,1111,1129,1111,1128
1991-02-27,1123,1132,1120,1121
1991-02-28,1128,1145,1128,1138
1991-03-01,1145,1146,1115,1121
1991-03-04,1110,1142,1106,1135
1991-03-05,1150,1170,1143,1169
1991-03-06,1190,1213,1190,1201
1991-03-07,1188,1205,1182,1200
1991-03-08,1198,1202,1178,1183
1991-03-11,1165,1175,1150,1154
1991-03-12,1158,1177,1151,1175
1991-03-13,1170,1186,1165,1181
1991-03-14,1175,1200,1167,1196
1991-03-15,1200,1220,1160,1162
1991-03-18,1163,1167,1143,1157
1991-03-19,1148,1172,1143,1166
1991-03-20,1153,1162,1147,1154
1991-03-21,1153,1158,1129,1133
1991-03-22,1125,1137,1117,1119
1991-03-25,1112,1115,1096,1098
1991-03-26,1093,1122,1093,1114
1991-03-27,1110,1120,1107,1114
1991-03-28,1110,1112,1102,1105
1991-04-01,1110,1137,1110,1134
1991-04-02,1130,1147,1130,1143
1991-04-03,1139,1141,1097,1100
1991-04-04,1103,1118,1103,1109
1991-04-05,1117,1120,1086,1101
1991-04-08,1118,1120,1102,1115
1991-04-09,1119,1138,1112,1134
1991-04-10,1132,1134,1112,1116
1991-04-11,1118,1131,1116,1126
1991-04-12,1138,1143,1126,1129
1991-04-15,1131,1138,1108,1111
1991-04-16,1116,1138,1115,1119
1991-04-17,1129,1134,1110,1112
1991-04-18,1101,1114,1100,1103
1991-04-19,1078,1084,1070,1074
1991-04-22,1065,1067,1053,1065
1991-04-23,1075,1081,1066,1069
1991-04-24,1062,1069,1052,1059
1991-04-25,1042,1047,1032,1034
1991-04-26,1024,1034,1023,1028
1991-04-29,1013,1027,1011,1019
1991-04-30,1033,1043,1023,1035
1991-05-01,1038,1043,1022,1023
1991-05-02,1023,1039,1022,1032
1991-05-03,1025,1038,1022,1023
1991-05-06,1027,1032,1024,1031
1991-05-07,1035,1040,1016,1022
1991-05-08,1010,1016,1006,1013
1991-05-09,1001,1004,991,1000
1991-05-10,1001,1020,986,988
1991-05-13,987,995,978,992
1991-05-14,991,1004,988,1000
1991-05-15,999,1007,986,991
1991-05-16,985,996,983,989
1991-05-17,988,1006,985,997
1991-05-20,992,1002,990,992
1991-05-21,997,1003,990,993
1991-05-22,979,985,971,978
1991-05-23,975,988,974,978
1991-05-24,984,999,984,992
1991-05-28,982,991,978,984
1991-05-29,974,980,965,980
1991-05-30,1003,1049,1001,1037
1991-05-31,1030,1045,1021,1030
1991-06-03,1017,1029,1012,1015
1991-06-04,1010,1030,1008,1024
1991-06-05,1025,1045,1025,1031
1991-06-06,1035,1037,994,1000
1991-06-07,985,993,977,982
1991-06-10,1028,1041,1020,1024
1991-06-11,1023,1028,1007,1008
1991-06-12,1005,1007,983,984
1991-06-13,973,985,970,980
1991-06-14,973,981,965,966
1991-06-17,960,994,960,979
1991-06-18,972,1003,972,988
1991-06-19,992,998,980,981
1991-06-20,995,1006,990,991
1991-06-21,986,990,977,987
1991-06-24,980,981,943,950
1991-06-25,946,952,937,945
1991-06-26,948,954,929,933
1991-06-27,930,944,930,933
1991-06-28,928,933,905,908
1991-07-01,918,942,918,941
1991-07-02,936,949,936,942
1991-07-03,941,943,930,933
1991-07-08,935,937,915,918
1991-07-09,903,912,901,904
1991-07-10,893,923,893,920
1991-07-11,907,933,899,925
1991-07-12,930,958,930,954
1991-07-15,960,978,955,967
1991-07-16,958,960,923,927
1991-07-17,932,943,925,936
1991-07-18,943,955,938,939
1991-07-19,946,980,946,975
1991-07-22,963,970,952,960
1991-07-23,959,986,956,967
1991-07-24,973,977,945,963
1991-07-25,955,967,948,953
1991-07-26,968,1040,968,1028
1991-07-29,1025,1035,1005,1027
1991-07-30,1020,1022,1006,1017
1991-07-31,1005,1055,1002,1036
1991-08-01,1046,1055,1028,1035
1991-08-02,1048,1093,1045,1071
1991-08-05,1065,1097,1055,1089
1991-08-06,1075,1114,1068,1082
1991-08-07,1088,1090,1064,1069
1991-08-08,1118,1125,1108,1113
1991-08-09,1101,1143,1101,1132
1991-08-12,1129,1140,1098,1107
1991-08-13,1091,1114,1087,1106
1991-08-14,1103,1122,1103,1112
1991-08-15,1135,1139,1125,1125
1991-08-16,1103,1111,1050,1070
1991-08-19,1030,1043,1002,1009
1991-08-20,1020,1029,1007,1010
1991-08-21,1035,1055,1035,1049
1991-08-22,1063,1081,1062,1072
1991-08-23,1067,1083,1065,1070
1991-08-26,1072,1094,1066,1089
1991-08-27,1076,1088,1067,1069
1991-08-28,1065,1086,1060,1072
1991-08-29,1074,1076,1062,1067
1991-08-30,1080,1107,1077,1091
1991-09-03,1115,1141,1115,1128
1991-09-04,1156,1195,1156,1190
1991-09-05,1187,1195,1182,1188
1991-09-06,1219,1222,1172,1205
1991-09-09,1190,1208,1188,1204
1991-09-10,1197,1204,1182,1185
1991-09-11,1200,1210,1186,1200
1991-09-12,1205,1235,1205,1228
1991-09-13,1227,1238,1190,1203
1991-09-16,1192,1199,1181,1189
1991-09-17,1196,1232,1193,1230
1991-09-18,1221,1248,1215,1221
1991-09-19,1212,1224,1200,1218
1991-09-20,1230,1244,1225,1233
1991-09-23,1235,1237,1204,1218
1991-09-24,1190,1206,1190,1204
1991-09-25,1202,1230,1202,1226
1991-09-26,1212,1234,1206,1223
1991-09-27,1208,1215,1185,1210
1991-09-30,1201,1224,1197,1220
1991-10-01,1215,1224,1209,1210
1991-10-02,1199,1240,1191,1222
1991-10-03,1233,1305,1227,1298
1991-10-04,1295,1298,1276,1281
1991-10-07,1276,1287,1275,1282
1991-10-08,1253,1274,1253,1271
1991-10-09,1252,1279,1240,1270
1991-10-10,1255,1270,1252,1263
1991-10-11,1261,1275,1256,1266
1991-10-14,1260,1262,1216,1219
1991-10-15,1206,1208,1175,1181
1991-10-16,1195,1213,1183,1211
1991-10-17,1211,1227,1211,1219
1991-10-18,1223,1225,1195,1201
1991-10-21,1173,1190,1173,1188
1991-10-22,1168,1179,1156,1177
1991-10-23,1164,1202,1164,1194
1991-10-24,1190,1202,1183,1186
1991-10-25,1177,1193,1174,1186
1991-10-28,1176,1182,1162,1170
1991-10-29,1174,1178,1154,1162
1991-10-30,1145,1203,1143,1188
1991-10-31,1185,1210,1185,1208
1991-11-01,1214,1219,1202,1204
1991-11-04,1211,1214,1193,1200
1991-11-05,1210,1220,1202,1213
1991-11-06,1225,1232,1216,1229
1991-11-07,1309,1316,1281,1283
1991-11-08,1270,1271,1251,1259
1991-11-11,1256,1265,1256,1261
1991-11-12,1267,1272,1258,1265
1991-11-13,1266,1271,1263,1264
1991-11-14,1278,1295,1273,1280
1991-11-15,1285,1288,1262,1273
1991-11-18,1278,1280,1240,1261
1991-11-19,1272,1300,1263,1288
1991-11-20,1281,1286,1272,1281
1991-11-21,1272,1283,1267,1277
1991-11-22,1265,1274,1250,1252
1991-11-25,1241,1248,1230,1234
1991-11-26,1222,1239,1221,1225
1991-11-27,1218,1245,1218,1231
1991-11-29,1231,1231,1231,1231
1991-12-02,1235,1240,1220,1226
1991-12-03,1230,1258,1230,1255
1991-12-04,1260,1278,1258,1276
1991-12-05,1282,1292,1272,1289
1991-12-06,1296,1301,1276,1284
1991-12-09,1277,1280,1262,1265
1991-12-10,1268,1279,1268,1275
1991-12-11,1269,1271,1257,1265
1991-12-12,1270,1295,1270,1293
1991-12-13,1312,1321,1302,1310
1991-12-16,1316,1337,1316,1333
1991-12-17,1334,1337,1304,1313
1991-12-18,1318,1321,1301,1305
1991-12-19,1306,1324,1299,1312
1991-12-20,1319,1324,1292,1298
1991-12-23,1301,1313,1301,1313
1991-12-24,1317,1320,1305,1306
1991-12-26,1312,1330,1312,1328
1991-12-27,1327,1332,1295,1297
1991-12-30,1292,1297,1282,1284
1991-12-31,1275,1278,1235,1245
1992-01-02,1239,1254,1227,1253
1992-01-03,1232,1245,1223,1229
1992-01-06,1223,1248,1223,1227
1992-01-07,1218,1225,1194,1197
1992-01-08,1202,1215,1169,1186
1992-01-09,1182,1195,1173,1183
1992-01-10,1188,1211,1188,1205
1992-01-13,1203,1206,1191,1199
1992-01-14,1197,1200,1186,1193
1992-01-15,1172,1182,1169,1176
1992-01-16,1178,1216,1178,1200
1992-01-17,1211,1225,1204,1218
1992-01-20,1224,1228,1208,1209
1992-01-21,1203,1209,1198,1202
1992-01-22,1201,1216,1186,1190
1992-01-23,1191,1198,1176,1190
1992-01-24,1182,1215,1175,1208
1992-01-27,1195,1206,1167,1176
1992-01-28,1175,1183,1169,1179
1992-01-29,1183,1197,1183,1191
1992-01-30,1191,1206,1186,1204
1992-01-31,1207,1210,1175,1177
1992-02-03,1172,1175,1142,1143
1992-02-04,1132,1151,1122,1127
1992-02-05,1135,1142,1123,1138
1992-02-06,1140,1144,1117,1121
1992-02-07,1132,1137,1100,1117
1992-02-10,1155,1160,1149,1158
1992-02-11,1161,1171,1160,1169
1992-02-12,1153,1154,1120,1125
1992-02-13,1113,1118,1094,1112
1992-02-14,1107,1116,1107,1115
1992-02-18,1115,1120,1091,1096
1992-02-19,1114,1121,1102,1109
1992-02-20,1110,1119,1104,1108
1992-02-21,1099,1103,1087,1091
1992-02-24,1082,1095,1082,1092
1992-02-25,1095,1112,1095,1101
1992-02-26,1096,1133,1090,1128
1992-02-27,1132,1138,1121,1122
1992-02-28,1125,1128,1098,1116
1992-03-02,1104,1118,1104,1110
1992-03-03,1103,1114,1088,1094
1992-03-04,1079,1084,1055,1058
1992-03-05,1040,1057,1035,1052
1992-03-06,1050,1056,1041,1043
1992-03-09,1034,1047,1034,1037
1992-03-10,1034,1044,1033,1037
1992-03-11,1045,1057,1045,1054
1992-03-12,1051,1066,1024,1063
1992-03-13,1054,1063,1050,1057
1992-03-16,1054,1068,1051,1061
1992-03-17,1058,1065,1053,1057
1992-03-18,1051,1057,1045,1051
1992-03-19,1042,1079,1033,1069
1992-03-20,1072,1078,1067,1076
1992-03-23,1070,1085,1064,1081
1992-03-24,1082,1088,1074,1078
1992-03-25,1076,1082,1057,1059
1992-03-26,1046,1052,1036,1038
1992-03-27,1026,1032,994,996
1992-03-30,982,992,974,985
1992-03-31,980,993,980,986
1992-04-01,978,986,958,959
1992-04-02,962,975,962,972
1992-04-03,971,976,965,971
1992-04-06,1009,1015,992,1005
1992-04-07,1002,1004,992,993
1992-04-08,988,990,983,986
1992-04-09,1000,1020,1000,1013
1992-04-10,1026,1032,990,1002
1992-04-13,1006,1011,988,990
1992-04-14,993,1014,987,1010
1992-04-15,1010,1011,965,968
1992-04-16,965,972,946,959
1992-04-20,962,970,960,963
1992-04-21,956,975,956,974
1992-04-22,967,968,934,937
1992-04-23,949,972,949,967
1992-04-24,953,967,937,950
1992-04-27,941,958,936,954
1992-04-28,941,951,932,933
1992-04-29,918,927,917,921
1992-04-30,923,938,922,933
1992-05-01,935,949,935,943
1992-05-04,943,952,940,946
1992-05-05,937,950,932,940
1992-05-06,923,928,906,907
1992-05-07,901,916,900,904
1992-05-08,898,913,896,909
1992-05-11,900,915,899,910
1992-05-12,905,923,903,917
1992-05-13,926,928,918,921
1992-05-14,926,929,907,912
1992-05-15,923,931,918,926
1992-05-18,932,933,920,921
1992-05-19,924,929,918,927
1992-05-20,922,928,908,911
1992-05-21,902,905,879,881
1992-05-22,880,885,875,882
1992-05-26,888,891,861,866
1992-05-27,858,863,854,856
1992-05-28,858,869,850,851
1992-05-29,856,868,856,864
1992-06-01,872,884,872,878
1992-06-02,872,875,867,867
1992-06-03,861,872,857,861
1992-06-04,868,872,851,853
1992-06-05,853,864,850,855
1992-06-08,848,861,848,856
1992-06-09,854,855,835,838
1992-06-10,870,872,845,848
1992-06-11,853,861,853,859
1992-06-12,868,879,865,877
1992-06-15,872,879,861,862
1992-06-16,852,868,852,854
1992-06-17,848,877,848,863
1992-06-18,863,877,863,873
1992-06-19,878,884,871,883
1992-06-22,872,873,860,865
1992-06-23,852,858,838,841
1992-06-24,834,842,830,831
1992-06-25,835,854,835,853
1992-06-26,861,914,861,909
1992-06-29,922,946,918,939
1992-06-30,928,958,922,954
1992-07-01,967,978,951,959
1992-07-02,955,967,947,959
1992-07-06,988,997,981,989
1992-07-07,982,987,965,981
1992-07-08,1006,1039,1001,1036
1992-07-09,1021,1031,1003,1015
1992-07-10,1019,1029,1006,1026
1992-07-13,1045,1067,1029,1033
1992-07-14,997,1006,983,984
1992-07-15,1003,1012,992,998
1992-07-16,990,995,977,982
1992-07-17,968,978,958,961
1992-07-20,952,956,925,928
1992-07-21,925,950,925,934
1992-07-22,940,995,937,987
1992-07-23,996,1009,983,985
1992-07-24,1001,1025,997,1023
1992-07-27,1031,1040,1007,1012
1992-07-28,995,1027,995,1023
1992-07-29,1019,1045,1011,1027
1992-07-30,1035,1048,1027,1035
1992-07-31,1018,1044,997,1013
1992-08-03,1016,1079,1012,1077
1992-08-04,1076,1095,1065,1076
1992-08-05,1073,1082,1057,1072
1992-08-06,1057,1072,1048,1059
1992-08-07,1064,1081,1051,1070
1992-08-10,1133,1140,1118,1126
1992-08-11,1112,1116,1055,1061
1992-08-12,1045,1057,1013,1054
1992-08-13,1073,1101,1073,1093
1992-08-14,1078,1084,1049,1053
1992-08-17,1057,1062,1035,1049
1992-08-18,1038,1104,1038,1103
1992-08-19,1099,1118,1092,1108
1992-08-20,1091,1098,1070,1073
1992-08-21,1082,1096,1073,1091
1992-08-24,1098,1110,1086,1107
1992-08-25,1104,1137,1104,1135
1992-08-26,1118,1135,1115,1134
1992-08-27,1099,1104,1077,1091
1992-08-28,1080,1093,1072,1086
1992-08-31,1089,1107,1089,1092
1992-09-01,1076,1083,1040,1044
1992-09-02,1049,1078,1042,1076
1992-09-03,1083,1105,1083,1095
1992-09-04,1094,1109,1085,1094
1992-09-08,1076,1078,1057,1067
1992-09-09,1074,1090,1070,1074
1992-09-10,1067,1074,1055,1069
1992-09-11,1051,1062,1027,1043
1992-09-14,1005,1021,1005,1017
1992-09-15,1010,1022,990,997
1992-09-16,990,1049,978,1006
1992-09-17,988,995,970,981
1992-09-18,965,978,957,966
1992-09-21,971,994,959,988
1992-09-22,998,1010,991,995
1992-09-23,984,995,979,986
1992-09-24,973,977,946,957
1992-09-25,962,966,936,945
1992-09-28,950,985,950,983
1992-09-29,1001,1005,987,996
1992-09-30,1001,1014,994,1009
1992-10-01,1015,1017,1003,1013
1992-10-02,991,1008,986,1002
1992-10-05,997,1040,994,1038
1992-10-06,1038,1048,1015,1020
1992-10-07,1027,1042,1021,1033
1992-10-08,995,1010,969,979
1992-10-09,991,1001,962,970
1992-10-12,973,979,962,978
1992-10-13,985,988,950,952
1992-10-14,955,959,925,933
1992-10-15,945,963,943,960
1992-10-16,953,957,935,945
1992-10-19,928,941,921,928
1992-10-20,918,953,918,952
1992-10-21,965,970,943,945
1992-10-22,954,981,952,968
1992-10-23,977,987,962,964
1992-10-26,964,970,950,967
1992-10-27,969,985,965,975
1992-10-28,957,961,950,951
1992-10-29,945,952,937,943
1992-10-30,932,942,927,932
1992-11-02,920,970,920,960
1992-11-03,954,975,945,949
1992-11-04,937,951,934,935
1992-11-05,943,996,943,982
1992-11-06,991,1005,988,998
1992-11-09,1035,1037,1024,1027
1992-11-10,1033,1057,1033,1050
1992-11-11,1044,1046,1014,1023
1992-11-12,1019,1039,1012,1027
1992-11-13,1020,1066,1020,1052
1992-11-16,1050,1052,1033,1035
1992-11-17,1029,1032,1003,1005
1992-11-18,1002,1020,1002,1019
1992-11-19,1026,1041,1026,1035
1992-11-20,1024,1030,1010,1012
1992-11-23,1005,1022,1005,1020
1992-11-24,1006,1018,999,1004
1992-11-25,1001,1012,1001,1007
1992-11-30,1002,1011,984,1008
1992-12-01,1006,1029,1004,1019
1992-12-02,1013,1032,1007,1027
1992-12-03,1027,1029,1017,1022
1992-12-04,1012,1022,1012,1016
1992-12-07,1015,1023,1007,1008
1992-12-08,1004,1007,950,951
1992-12-09,940,951,933,940
1992-12-10,939,961,923,960
1992-12-11,954,960,941,947
1992-12-14,942,955,937,949
1992-12-15,946,959,946,957
1992-12-16,958,961,943,944
1992-12-17,942,949,934,945
1992-12-18,930,947,930,936
1992-12-21,931,937,926,930
1992-12-22,933,960,933,959
1992-12-23,955,974,951,966
1992-12-24,960,974,960,968
1992-12-28,967,969,951,952
1992-12-29,946,950,933,936
1992-12-30,932,945,925,928
1992-12-31,917,942,917,936
1993-01-04,935,950,925,930
1993-01-05,931,960,928,955
1993-01-06,940,954,938,947
1993-01-07,950,965,947,955
1993-01-08,957,958,940,943
1993-01-11,949,961,946,950
1993-01-12,945,975,943,972
1993-01-13,975,997,974,995
1993-01-14,998,1008,988,994
1993-01-15,994,995,978,990
1993-01-18,985,986,977,983
1993-01-19,1003,1020,1003,1008
1993-01-20,1009,1012,997,1006
1993-01-21,998,1000,987,992
1993-01-22,982,1010,975,999
1993-01-25,1007,1010,940,943
1993-01-26,943,954,908,911
1993-01-27,915,933,912,928
1993-01-28,924,932,916,923
1993-01-29,907,918,898,912
1993-02-01,904,924,898,920
1993-02-02,910,922,909,914
1993-02-03,893,903,883,890
1993-02-04,878,887,867,872
1993-02-05,866,885,866,878
1993-02-08,908,915,898,910
1993-02-09,906,924,898,918
1993-02-10,922,932,915,922
1993-02-11,914,922,907,908
1993-02-12,921,932,916,925
1993-02-16,936,942,933,938
1993-02-17,935,937,927,929
1993-02-18,914,936,913,928
1993-02-19,927,943,920,929
1993-02-22,934,960,934,959
1993-02-23,965,974,963,967
1993-02-24,960,972,960,969
1993-02-25,962,964,953,957
1993-02-26,948,951,919,936
1993-03-01,945,948,937,940
1993-03-02,942,948,942,944
1993-03-03,940,944,908,922
1993-03-04,907,910,883,886
1993-03-05,885,893,877,886
1993-03-08,890,899,883,892
1993-03-09,886,888,875,878
1993-03-10,863,866,850,861
1993-03-11,843,866,841,860
1993-03-12,865,877,861,874
1993-03-15,882,912,882,893
1993-03-16,897,905,884,903
1993-03-17,897,907,891,897
1993-03-18,883,923,879,918
1993-03-19,925,930,908,919
1993-03-22,898,905,884,888
1993-03-23,880,888,874,880
1993-03-24,890,904,890,897
1993-03-25,895,918,895,904
1993-03-26,906,912,889,897
1993-03-29,902,910,890,895
1993-03-30,892,905,881,898
1993-03-31,895,925,892,919
1993-04-01,919,925,902,905
1993-04-02,903,905,880,901
1993-04-05,897,913,889,902
1993-04-06,899,909,892,894
1993-04-07,928,932,925,930
1993-04-08,935,955,935,951
1993-04-12,965,976,965,968
1993-04-13,974,983,966,976
1993-04-14,970,976,958,961
1993-04-15,951,970,938,960
1993-04-16,959,962,934,941
1993-04-19,914,925,901,913
1993-04-20,917,922,910,914
1993-04-21,908,920,897,918
1993-04-22,923,928,917,924
1993-04-23,929,935,924,931
1993-04-26,934,960,932,951
1993-04-27,954,960,939,955
1993-04-28,950,957,942,944
1993-04-29,935,939,922,930
1993-04-30,929,942,925,936
1993-05-03,929,946,927,936
1993-05-04,933,938,930,931
1993-05-05,927,949,921,940
1993-05-06,933,943,933,941
1993-05-07,940,956,931,934
1993-05-10,912,927,907,915
1993-05-11,912,922,909,910
1993-05-12,903,908,892,902
1993-05-13,892,908,887,905
1993-05-14,910,913,900,905
1993-05-17,885,897,885,887
1993-05-18,883,896,881,883
1993-05-19,888,903,877,896
1993-05-20,897,904,893,898
1993-05-21,894,897,886,887
1993-05-24,880,893,880,886
1993-05-25,885,890,875,880
1993-05-26,887,894,886,887
1993-05-27,885,892,879,890
1993-05-28,892,897,889,894
1993-06-01,898,902,876,878
1993-06-02,880,884,873,877
1993-06-03,880,890,865,871
1993-06-04,863,869,853,855
1993-06-07,856,865,848,849
1993-06-08,854,862,850,850
1993-06-09,883,888,878,880
1993-06-10,886,908,886,902
1993-06-11,899,903,880,881
1993-06-14,885,890,882,885
1993-06-15,891,895,884,888
1993-06-16,892,898,885,893
1993-06-17,897,921,897,913
1993-06-18,925,930,918,928
1993-06-21,934,942,921,933
1993-06-22,938,952,928,937
1993-06-23,942,945,923,931
1993-06-24,921,924,910,923
1993-06-25,925,932,917,918
1993-06-28,905,912,897,901
1993-06-29,900,909,893,900
1993-06-30,905,908,895,903
1993-07-01,906,941,906,939
1993-07-02,960,990,955,978
1993-07-06,981,993,977,984
1993-07-07,975,982,968,974
1993-07-08,976,980,958,963
1993-07-09,963,998,960,981
1993-07-12,955,967,944,954
1993-07-13,962,965,950,956
1993-07-14,962,1017,962,1015
1993-07-15,1015,1039,985,989
1993-07-16,975,993,953,968
1993-07-19,979,992,973,989
1993-07-20,986,998,974,978
1993-07-21,974,996,969,981
1993-07-22,985,991,943,953
1993-07-23,930,967,930,961
1993-07-26,947,976,946,948
1993-07-27,950,954,928,930
1993-07-28,926,951,921,930
1993-07-29,936,944,928,940
1993-07-30,944,951,938,939
1993-08-02,945,960,939,959
1993-08-03,963,973,960,966
1993-08-04,969,975,938,944
1993-08-05,926,942,926,931
1993-08-06,931,937,923,932
1993-08-09,975,979,949,950
1993-08-10,947,961,947,951
1993-08-11,957,968,957,965
1993-08-12,969,970,953,956
1993-08-13,957,983,946,975
1993-08-16,988,1014,988,1010
1993-08-17,1014,1017,1001,1012
1993-08-18,1005,1041,1005,1038
1993-08-19,1038,1040,1023,1029
1993-08-20,1018,1031,1012,1030
1993-08-23,1043,1055,1031,1054
1993-08-24,1070,1075,1054,1056
1993-08-25,1047,1068,1027,1059
1993-08-26,1070,1075,1044,1067
1993-08-27,1053,1101,1053,1092
1993-08-30,1092,1097,1085,1088
1993-08-31,1083,1090,1065,1079
1993-09-01,1071,1087,1070,1076
1993-09-02,1061,1071,1053,1057
1993-09-03,1062,1091,1062,1086
1993-09-07,1070,1120,1067,1119
1993-09-08,1136,1163,1126,1144
1993-09-09,1136,1167,1132,1152
1993-09-10,1163,1165,1137,1151
1993-09-13,1154,1175,1143,1174
1993-09-14,1182,1190,1156,1158
1993-09-15,1153,1167,1137,1158
1993-09-16,1178,1195,1170,1179
1993-09-17,1178,1187,1169,1175
1993-09-20,1190,1204,1169,1177
1993-09-21,1161,1171,1146,1165
1993-09-22,1195,1201,1162,1164
1993-09-23,1156,1198,1151,1174
1993-09-24,1160,1181,1157,1177
1993-09-27,1165,1169,1131,1132
1993-09-28,1134,1156,1134,1147
1993-09-29,1159,1174,1150,1151
1993-09-30,1132,1155,1126,1151
1993-10-01,1161,1217,1157,1210
1993-10-04,1210,1221,1197,1212
1993-10-05,1215,1220,1201,1204
1993-10-06,1204,1207,1144,1146
1993-10-07,1106,1124,1090,1118
1993-10-08,1112,1137,1112,1124
1993-10-11,1128,1154,1127,1152
1993-10-12,1173,1178,1130,1134
1993-10-13,1133,1151,1123,1137
1993-10-14,1127,1139,1118,1120
1993-10-15,1127,1150,1127,1133
1993-10-18,1131,1134,1121,1125
1993-10-19,1124,1152,1116,1136
1993-10-20,1148,1175,1148,1170
1993-10-21,1179,1184,1152,1155
1993-10-22,1163,1166,1125,1134
1993-10-25,1140,1150,1135,1143
1993-10-26,1149,1157,1122,1129
1993-10-27,1126,1147,1118,1145
1993-10-28,1142,1153,1138,1140
1993-10-29,1136,1149,1111,1120
1993-11-01,1116,1124,1106,1112
1993-11-02,1104,1116,1099,1109
1993-11-03,1099,1107,1096,1097
1993-11-04,1089,1096,1069,1071
1993-11-05,1075,1099,1075,1093
1993-11-08,1133,1145,1133,1139
1993-11-09,1148,1155,1128,1145
1993-11-10,1148,1180,1148,1178
1993-11-11,1176,1190,1172,1189
1993-11-12,1185,1200,1178,1191
1993-11-15,1193,1255,1193,1252
1993-11-16,1275,1278,1234,1250
1993-11-17,1246,1259,1234,1256
1993-11-18,1247,1250,1237,1239
1993-11-19,1249,1285,1242,1272
1993-11-22,1271,1276,1255,1265
1993-11-23,1238,1248,1231,1242
1993-11-24,1248,1250,1232,1247
1993-11-29,1270,1287,1260,1283
1993-11-30,1262,1274,1258,1263
1993-12-01,1265,1301,1258,1299
1993-12-02,1290,1298,1280,1291
1993-12-03,1281,1320,1281,1316
1993-12-06,1298,1311,1289,1293
1993-12-07,1312,1318,1273,1281
1993-12-08,1287,1296,1284,1287
1993-12-09,1284,1288,1278,1281
1993-12-10,1282,1291,1259,1263
1993-12-13,1268,1272,1242,1244
1993-12-14,1248,1262,1238,1251
1993-12-15,1251,1255,1231,1233
1993-12-16,1214,1220,1193,1209
1993-12-17,1182,1214,1179,1209
1993-12-20,1176,1197,1150,1155
1993-12-21,1168,1175,1156,1162
1993-12-22,1165,1167,1151,1156
1993-12-23,1152,1192,1152,1177
1993-12-27,1173,1188,1173,1187
1993-12-28,1184,1189,1180,1181
1993-12-29,1167,1173,1150,1162
1993-12-30,1142,1153,1142,1144
1994-01-03,1137,1166,1137,1165
1994-01-04,1162,1177,1160,1162
1994-01-05,1142,1148,1123,1133
1994-01-06,1137,1143,1123,1133
1994-01-07,1109,1149,1109,1138
1994-01-10,1129,1153,1126,1143
1994-01-11,1131,1139,1115,1118
1994-01-12,1118,1152,1114,1150
1994-01-13,1155,1173,1132,1171
1994-01-14,1182,1184,1161,1177
1994-01-17,1180,1185,1157,1161
1994-01-18,1155,1167,1153,1162
1994-01-19,1155,1165,1120,1121
1994-01-20,1115,1132,1105,1112
1994-01-21,1115,1132,1112,1129
1994-01-24,1118,1137,1113,1136
1994-01-25,1136,1144,1122,1124
1994-01-26,1130,1134,1113,1118
1994-01-27,1124,1130,1113,1127
1994-01-28,1134,1138,1126,1133
1994-01-31,1128,1130,1085,1088
1994-02-01,1073,1080,1053,1055
1994-02-02,1057,1062,1047,1051
1994-02-03,1052,1074,1041,1071
1994-02-04,1071,1082,1066,1079
1994-02-07,1098,1102,1082,1086
1994-02-08,1088,1114,1088,1112
1994-02-09,1118,1121,1102,1110
1994-02-10,1112,1125,1109,1119
1994-02-11,1125,1130,1096,1104
1994-02-14,1106,1119,1105,1113
1994-02-15,1121,1125,1088,1094
1994-02-16,1102,1104,1087,1094
1994-02-17,1090,1104,1090,1097
1994-02-18,1103,1165,1103,1159
1994-02-22,1156,1164,1144,1162
1994-02-23,1164,1178,1163,1172
1994-02-24,1168,1170,1155,1165
1994-02-25,1175,1178,1147,1152
1994-02-28,1145,1147,1136,1139
1994-03-01,1134,1157,1134,1154
1994-03-02,1149,1160,1143,1153
1994-03-03,1143,1151,1134,1139
1994-03-04,1136,1172,1136,1166
1994-03-07,1160,1189,1157,1185
1994-03-08,1186,1195,1181,1182
1994-03-09,1177,1179,1165,1167
1994-03-10,1175,1185,1168,1184
1994-03-11,1180,1204,1180,1200
1994-03-14,1199,1252,1196,1250
1994-03-15,1249,1252,1232,1235
1994-03-16,1228,1250,1222,1243
1994-03-17,1247,1249,1214,1216
1994-03-18,1215,1235,1211,1231
1994-03-21,1215,1224,1208,1223
1994-03-22,1212,1247,1212,1243
1994-03-23,1238,1247,1212,1239
1994-03-24,1225,1232,1217,1225
1994-03-25,1203,1214,1198,1207
1994-03-28,1178,1187,1144,1153
1994-03-29,1148,1165,1147,1155
1994-03-30,1154,1159,1140,1146
1994-03-31,1136,1158,1136,1148
1994-04-04,1140,1147,1116,1122
1994-04-05,1117,1122,1101,1101
1994-04-06,1105,1139,1104,1125
1994-04-07,1160,1168,1153,1166
1994-04-08,1163,1171,1145,1149
1994-04-11,1149,1165,1145,1155
1994-04-12,1155,1169,1140,1149
1994-04-13,1152,1158,1143,1147
1994-04-14,1151,1164,1151,1155
1994-04-15,1152,1164,1143,1150
1994-04-18,1164,1184,1164,1171
1994-04-19,1170,1174,1131,1133
1994-04-20,1133,1147,1105,1109
1994-04-21,1110,1132,1110,1117
1994-04-22,1119,1131,1115,1130
1994-04-25,1140,1144,1117,1119
1994-04-26,1115,1118,1095,1102
1994-04-28,1088,1125,1088,1123
1994-04-29,1121,1133,1114,1128
1994-05-02,1138,1155,1136,1145
1994-05-03,1140,1172,1138,1168
1994-05-04,1155,1167,1147,1151
1994-05-05,1139,1180,1139,1176
1994-05-06,1180,1221,1180,1217
1994-05-09,1220,1225,1207,1215
1994-05-10,1210,1221,1202,1206
1994-05-11,1190,1247,1188,1245
1994-05-12,1253,1290,1252,1288
1994-05-13,1276,1304,1258,1274
1994-05-16,1257,1300,1257,1280
1994-05-17,1264,1275,1256,1257
1994-05-18,1248,1287,1236,1255
1994-05-19,1255,1284,1255,1259
1994-05-20,1264,1275,1244,1267
1994-05-23,1261,1410,1261,1397
1994-05-24,1460,1466,1370,1378
1994-05-25,1360,1414,1355,1362
1994-05-26,1337,1374,1325,1330
1994-05-27,1325,1355,1315,1336
1994-05-31,1355,1407,1355,1388
1994-06-01,1375,1385,1358,1374
1994-06-02,1398,1409,1356,1372
1994-06-03,1361,1376,1348,1362
1994-06-06,1331,1342,1303,1306
1994-06-07,1307,1322,1290,1318
1994-06-08,1345,1375,1333,1370
1994-06-09,1370,1372,1312,1329
1994-06-10,1335,1353,1316,1351
1994-06-13,1371,1395,1365,1391
1994-06-14,1394,1398,1377,1387
1994-06-15,1382,1419,1382,1411
1994-06-16,1420,1426,1385,1393
1994-06-17,1390,1417,1389,1402
1994-06-20,1419,1424,1365,1370
1994-06-21,1376,1392,1354,1364
1994-06-22,1372,1376,1285,1297
1994-06-23,1299,1324,1294,1316
1994-06-24,1328,1332,1287,1302
1994-06-27,1338,1355,1262,1278
1994-06-28,1275,1289,1268,1279
1994-06-29,1275,1294,1267,1277
1994-06-30,1270,1319,1269,1305
1994-07-01,1315,1346,1315,1333
1994-07-05,1342,1345,1315,1321
1994-07-06,1335,1353,1304,1312
1994-07-07,1321,1330,1303,1312
1994-07-08,1320,1398,1311,1389
1994-07-11,1398,1438,1398,1417
1994-07-12,1412,1445,1406,1423
1994-07-13,1410,1442,1410,1434
1994-07-14,1415,1422,1383,1398
1994-07-15,1405,1530,1405,1522
1994-07-18,1513,1543,1495,1502
1994-07-19,1482,1514,1476,1491
1994-07-20,1480,1524,1476,1489
1994-07-21,1488,1509,1472,1478
1994-07-22,1482,1496,1466,1474
1994-07-25,1434,1445,1411,1417
1994-07-26,1415,1433,1410,1414
1994-07-27,1447,1468,1435,1458
1994-07-28,1443,1457,1438,1445
1994-07-29,1451,1525,1448,1490
1994-08-01,1477,1490,1466,1472
1994-08-02,1478,1480,1455,1463
1994-08-03,1464,1472,1405,1419
1994-08-04,1396,1420,1375,1418
1994-08-05,1416,1420,1385,1387
1994-08-08,1365,1380,1338,1342
1994-08-09,1350,1372,1341,1364
1994-08-10,1420,1451,1420,1434
1994-08-11,1427,1463,1421,1459
1994-08-12,1470,1487,1463,1472
1994-08-15,1465,1470,1452,1457
1994-08-16,1456,1501,1456,1488
1994-08-17,1478,1487,1445,1449
1994-08-18,1448,1471,1441,1459
1994-08-19,1463,1470,1445,1447
1994-08-22,1449,1455,1419,1426
1994-08-23,1440,1466,1438,1460
1994-08-24,1445,1449,1425,1429
1994-08-25,1403,1417,1397,1411
1994-08-26,1418,1440,1390,1434
1994-08-29,1423,1430,1395,1409
1994-08-30,1395,1400,1355,1356
1994-08-31,1346,1369,1346,1357
1994-09-01,1355,1377,1355,1372
1994-09-02,1349,1361,1349,1352
1994-09-06,1322,1331,1310,1325
1994-09-07,1335,1350,1330,1344
1994-09-08,1326,1334,1312,1331
1994-09-09,1350,1360,1345,1348
1994-09-12,1360,1362,1330,1332
1994-09-13,1333,1364,1331,1362
1994-09-14,1351,1353,1335,1341
1994-09-15,1346,1355,1331,1350
1994-09-16,1345,1354,1336,1338
1994-09-19,1327,1330,1315,1316
1994-09-20,1306,1349,1303,1345
1994-09-21,1347,1351,1333,1339
1994-09-22,1337,1350,1331,1337
1994-09-23,1330,1388,1326,1381
1994-09-26,1372,1374,1347,1349
1994-09-27,1352,1361,1347,1350
1994-09-28,1353,1377,1340,1341
1994-09-29,1343,1349,1331,1341
1994-09-30,1337,1346,1316,1320
1994-10-03,1318,1328,1300,1302
1994-10-04,1285,1319,1285,1306
1994-10-05,1301,1308,1260,1263
1994-10-06,1276,1283,1268,1274
1994-10-07,1272,1281,1248,1253
1994-10-10,1257,1274,1256,1261
1994-10-11,1262,1268,1255,1259
1994-10-12,1253,1275,1253,1270
1994-10-13,1268,1277,1240,1243
1994-10-14,1254,1274,1246,1269
1994-10-17,1286,1299,1281,1285
1994-10-18,1288,1298,1282,1296
1994-10-19,1300,1306,1285,1304
1994-10-20,1298,1345,1293,1340
1994-10-21,1335,1352,1316,1318
1994-10-24,1322,1337,1305,1330
1994-10-25,1327,1339,1312,1320
1994-10-26,1317,1349,1310,1335
1994-10-27,1347,1365,1343,1352
1994-10-28,1350,1354,1320,1333
1994-10-31,1345,1348,1323,1327
1994-11-01,1311,1322,1301,1309
1994-11-02,1314,1328,1308,1326
1994-11-03,1326,1335,1317,1319
1994-11-04,1317,1329,1305,1307
1994-11-07,1322,1332,1312,1316
1994-11-08,1318,1342,1318,1339
1994-11-09,1335,1339,1324,1327
1994-11-10,1328,1333,1316,1329
1994-11-11,1326,1337,1325,1330
1994-11-14,1322,1324,1302,1306
1994-11-15,1310,1340,1310,1335
1994-11-16,1318,1329,1308,1315
1994-11-17,1315,1326,1310,1324
1994-11-18,1322,1330,1315,1324
1994-11-21,1335,1347,1335,1337
1994-11-22,1332,1343,1331,1340
1994-11-23,1340,1347,1305,1316
1994-11-28,1317,1320,1272,1275
1994-11-29,1280,1285,1208,1225
1994-11-30,1229,1237,1206,1228
1994-12-01,1239,1245,1228,1231
1994-12-02,1231,1240,1218,1236
1994-12-05,1238,1248,1236,1240
1994-12-06,1239,1257,1232,1254
1994-12-07,1262,1276,1250,1264
1994-12-08,1256,1268,1252,1261
1994-12-09,1260,1267,1238,1243
1994-12-12,1236,1245,1225,1231
1994-12-13,1224,1244,1214,1217
1994-12-14,1216,1275,1206,1266
1994-12-15,1288,1315,1286,1296
1994-12-16,1288,1315,1284,1305
1994-12-19,1310,1319,1292,1297
1994-12-20,1285,1344,1285,1340
1994-12-21,1340,1345,1321,1322
1994-12-22,1303,1329,1303,1320
1994-12-23,1317,1331,1317,1322
1994-12-27,1311,1317,1307,1311
1994-12-28,1303,1330,1286,1325
1994-12-29,1318,1324,1303,1306
1994-12-30,1309,1310,1277,1280
1995-01-03,1279,1296,1277,1294
1995-01-04,1282,1350,1279,1346
1995-01-05,1348,1358,1333,1340
1995-01-06,1333,1370,1329,1341
1995-01-09,1335,1342,1315,1320
1995-01-10,1322,1350,1322,1345
1995-01-11,1335,1374,1330,1373
1995-01-12,1373,1384,1358,1364
1995-01-13,1364,1378,1299,1308
1995-01-16,1310,1322,1304,1308
1995-01-17,1293,1338,1286,1336
1995-01-18,1330,1345,1317,1331
1995-01-19,1323,1354,1321,1353
1995-01-20,1350,1387,1350,1381
1995-01-23,1368,1382,1356,1359
1995-01-24,1338,1357,1338,1355
1995-01-25,1351,1378,1351,1376
1995-01-26,1375,1400,1360,1376
1995-01-27,1370,1390,1350,1371
1995-01-30,1362,1383,1360,1373
1995-01-31,1366,1377,1360,1363
1995-02-01,1370,1375,1356,1360
1995-02-02,1343,1363,1337,1348
1995-02-03,1340,1355,1340,1349
1995-02-06,1331,1336,1307,1317
1995-02-07,1322,1324,1308,1316
1995-02-08,1344,1365,1342,1363
1995-02-09,1358,1372,1350,1363
1995-02-10,1360,1390,1360,1387
1995-02-13,1394,1397,1380,1381
1995-02-14,1396,1433,1395,1421
1995-02-15,1423,1428,1415,1421
1995-02-16,1418,1441,1410,1413
1995-02-17,1403,1419,1402,1410
1995-02-21,1426,1457,1425,1444
1995-02-22,1441,1449,1436,1441
1995-02-23,1441,1455,1441,1446
1995-02-24,1455,1472,1455,1461
1995-02-27,1456,1468,1431,1441
1995-02-28,1437,1447,1426,1427
1995-03-01,1422,1456,1422,1429
1995-03-02,1422,1445,1414,1437
1995-03-03,1443,1449,1431,1436
1995-03-06,1448,1451,1416,1421
1995-03-07,1428,1439,1421,1432
1995-03-08,1446,1455,1418,1421
1995-03-09,1408,1413,1376,1382
1995-03-10,1374,1387,1364,1381
1995-03-13,1373,1389,1373,1385
1995-03-14,1368,1373,1338,1345
1995-03-15,1347,1372,1345,1358
1995-03-16,1348,1353,1326,1346
1995-03-17,1348,1370,1348,1368
1995-03-20,1366,1375,1354,1356
1995-03-21,1340,1347,1318,1328
1995-03-22,1331,1345,1326,1329
1995-03-23,1330,1333,1305,1306
1995-03-24,1295,1314,1295,1307
1995-03-27,1312,1316,1310,1312
1995-03-28,1307,1324,1302,1314
1995-03-29,1318,1333,1317,1323
1995-03-30,1310,1313,1299,1306
1995-03-31,1311,1335,1306,1308
1995-04-03,1314,1328,1304,1306
1995-04-04,1297,1333,1287,1327
1995-04-05,1333,1348,1320,1338
1995-04-06,1326,1340,1319,1327
1995-04-07,1335,1336,1312,1319
1995-04-10,1327,1330,1315,1318
1995-04-11,1305,1340,1305,1339
1995-04-12,1332,1349,1330,1334
1995-04-13,1340,1348,1306,1317
1995-04-17,1314,1322,1312,1318
1995-04-18,1323,1373,1323,1368
1995-04-19,1369,1384,1364,1381
1995-04-20,1385,1399,1380,1397
1995-04-21,1397,1415,1392,1400
1995-04-24,1398,1407,1387,1391
1995-04-25,1383,1395,1383,1391
1995-04-26,1383,1403,1379,1392
1995-04-27,1392,1422,1392,1420
1995-04-28,1419,1423,1399,1408
1995-05-01,1402,1404,1385,1388
1995-05-02,1383,1395,1378,1386
1995-05-03,1389,1393,1372,1374
1995-05-04,1369,1374,1334,1337
1995-05-05,1324,1335,1296,1297
1995-05-08,1293,1307,1293,1303
1995-05-09,1300,1316,1300,1305
1995-05-10,1302,1308,1295,1300
1995-05-11,1299,1302,1265,1276
1995-05-12,1282,1293,1278,1290
1995-05-15,1300,1308,1291,1295
1995-05-16,1291,1317,1290,1313
1995-05-17,1318,1323,1311,1313
1995-05-18,1312,1327,1304,1314
1995-05-19,1313,1338,1305,1328
1995-05-22,1316,1325,1311,1320
1995-05-23,1310,1332,1306,1313
1995-05-24,1310,1322,1300,1309
1995-05-25,1305,1309,1295,1296
1995-05-26,1303,1335,1303,1324
1995-05-30,1327,1332,1315,1327
1995-05-31,1323,1365,1312,1362
1995-06-01,1362,1369,1355,1360
1995-06-02,1344,1349,1315,1319
1995-06-05,1318,1323,1282,1300
1995-06-06,1283,1296,1272,1294
1995-06-07,1294,1304,1283,1294
1995-06-08,1323,1329,1315,1324
1995-06-09,1316,1333,1316,1332
1995-06-12,1323,1325,1312,1316
1995-06-13,1311,1315,1295,1309
1995-06-14,1303,1331,1301,1322
1995-06-15,1308,1337,1308,1333
1995-06-16,1341,1350,1341,1345
1995-06-19,1344,1357,1326,1327
1995-06-20,1326,1333,1320,1321
1995-06-21,1326,1348,1323,1346
1995-06-22,1349,1357,1323,1332
1995-06-23,1338,1346,1325,1336
1995-06-26,1317,1328,1316,1320
1995-06-27,1318,1320,1305,1306
1995-06-28,1308,1318,1301,1303
1995-06-29,1307,1318,1303,1316
1995-06-30,1316,1318,1280,1289
1995-07-05,1289,1305,1289,1298
1995-07-06,1287,1290,1272,1273
1995-07-07,1261,1272,1247,1251
1995-07-10,1243,1249,1214,1216
1995-07-11,1222,1241,1222,1236
1995-07-12,1239,1244,1214,1222
1995-07-13,1222,1234,1218,1225
1995-07-14,1230,1256,1230,1243
1995-07-17,1230,1249,1227,1244
1995-07-18,1239,1267,1237,1266
1995-07-19,1268,1277,1258,1265
1995-07-20,1253,1272,1253,1264
1995-07-21,1269,1294,1269,1275
1995-07-24,1279,1286,1249,1252
1995-07-25,1245,1249,1233,1237
1995-07-26,1238,1245,1226,1242
1995-07-27,1242,1256,1240,1250
1995-07-28,1255,1264,1238,1251
1995-07-31,1245,1248,1233,1236
1995-08-01,1236,1268,1236,1261
1995-08-02,1265,1307,1263,1298
1995-08-03,1296,1300,1273,1279
1995-08-04,1275,1298,1274,1297
1995-08-07,1307,1325,1302,1318
1995-08-08,1308,1312,1296,1298
1995-08-09,1315,1324,1315,1320
1995-08-10,1317,1330,1312,1327
1995-08-11,1332,1340,1316,1322
1995-08-14,1319,1336,1316,1330
1995-08-15,1320,1330,1316,1318
1995-08-16,1312,1327,1310,1319
1995-08-17,1306,1314,1285,1309
1995-08-18,1317,1335,1317,1334
1995-08-21,1337,1369,1330,1367
1995-08-22,1369,1373,1348,1359
1995-08-23,1349,1357,1343,1353
1995-08-24,1344,1352,1335,1336
1995-08-25,1343,1365,1343,1357
1995-08-28,1350,1365,1350,1358
1995-08-29,1340,1351,1328,1330
1995-08-30,1323,1326,1315,1316
1995-08-31,1320,1338,1317,1336
1995-09-01,1338,1343,1337,1339
1995-09-05,1330,1333,1321,1324
1995-09-06,1308,1311,1291,1293
1995-09-07,1287,1307,1287,1303
1995-09-08,1298,1308,1275,1290
1995-09-11,1287,1292,1267,1274
1995-09-12,1270,1297,1266,1294
1995-09-13,1286,1294,1277,1280
1995-09-14,1281,1300,1281,1289
1995-09-15,1295,1304,1282,1285
1995-09-18,1276,1292,1275,1288
1995-09-19,1285,1294,1273,1291
1995-09-20,1288,1294,1287,1289
1995-09-21,1297,1322,1295,1319
1995-09-22,1319,1321,1291,1295
1995-09-25,1293,1304,1293,1301
1995-09-26,1295,1297,1277,1278
1995-09-27,1282,1290,1282,1287
1995-09-28,1290,1306,1290,1300
1995-09-29,1301,1308,1286,1293
1995-10-02,1280,1281,1262,1269
1995-10-03,1275,1276,1266,1270
1995-10-04,1279,1285,1274,1280
1995-10-05,1277,1280,1271,1278
1995-10-06,1280,1283,1263,1267
1995-10-09,1267,1276,1266,1270
1995-10-10,1270,1270,1245,1251
1995-10-11,1248,1290,1248,1284
1995-10-12,1278,1289,1273,1280
1995-10-13,1277,1282,1271,1272
1995-10-16,1277,1307,1276,1304
1995-10-17,1303,1312,1294,1295
1995-10-18,1293,1300,1286,1289
1995-10-19,1299,1324,1299,1319
1995-10-20,1321,1330,1307,1314
1995-10-23,1303,1324,1303,1309
1995-10-24,1325,1335,1315,1316
1995-10-25,1316,1324,1312,1315
1995-10-26,1321,1333,1311,1331
1995-10-27,1334,1344,1331,1337
1995-10-30,1328,1332,1323,1327
1995-10-31,1318,1324,1310,1311
1995-11-01,1306,1315,1300,1313
1995-11-02,1315,1332,1313,1329
1995-11-03,1333,1337,1317,1320
1995-11-06,1350,1367,1350,1365
1995-11-07,1363,1407,1363,1404
1995-11-08,1405,1408,1393,1398
1995-11-09,1390,1415,1388,1397
1995-11-10,1395,1407,1380,1383
1995-11-13,1378,1382,1358,1362
1995-11-14,1369,1384,1367,1371
1995-11-15,1372,1388,1372,1387
1995-11-16,1393,1400,1380,1382
1995-11-17,1384,1388,1369,1375
1995-11-20,1376,1383,1369,1371
1995-11-21,1365,1369,1353,1359
1995-11-22,1354,1380,1354,1373
1995-11-27,1360,1364,1319,1320
1995-11-28,1311,1328,1311,1321
1995-11-29,1318,1335,1318,1330
1995-11-30,1322,1325,1305,1308
1995-12-01,1300,1309,1295,1299
1995-12-04,1299,1315,1299,1307
1995-12-05,1311,1318,1310,1312
1995-12-06,1303,1311,1303,1306
1995-12-07,1306,1321,1305,1307
1995-12-08,1299,1320,1292,1320
1995-12-11,1318,1326,1315,1315
1995-12-12,1312,1323,1308,1310
1995-12-13,1312,1317,1295,1299
1995-12-14,1299,1308,1297,1307
1995-12-15,1303,1310,1295,1299
1995-12-18,1290,1293,1270,1274
1995-12-19,1264,1280,1264,1274
1995-12-20,1276,1282,1270,1271
1995-12-21,1278,1279,1261,1262
1995-12-22,1265,1276,1264,1273
1995-12-27,1267,1270,1254,1259
1995-12-28,1259,1263,1253,1253
1995-12-29,1258,1263,1251,1258
1996-01-02,1258,1272,1253,1271
1996-01-03,1270,1277,1246,1248
1996-01-04,1236,1260,1236,1256
1996-01-05,1256,1275,1255,1262
1996-01-10,1252,1273,1252,1261
1996-01-11,1249,1259,1249,1250
1996-01-12,1253,1268,1253,1256
1996-01-15,1243,1288,1240,1286
1996-01-16,1281,1293,1272,1291
1996-01-17,1282,1293,1275,1282
1996-01-18,1272,1278,1262,1263
1996-01-19,1260,1279,1260,1274
1996-01-22,1280,1299,1273,1281
1996-01-23,1281,1286,1265,1268
1996-01-24,1261,1268,1255,1259
1996-01-25,1259,1271,1253,1268
1996-01-26,1274,1281,1265,1266
1996-01-29,1268,1270,1253,1254
1996-01-30,1252,1259,1248,1249
1996-01-31,1247,1259,1241,1242
1996-02-01,1244,1267,1244,1260
1996-02-02,1263,1284,1263,1268
1996-02-05,1271,1275,1264,1266
1996-02-06,1267,1289,1267,1287
1996-02-07,1310,1319,1288,1291
1996-02-08,1295,1304,1289,1297
1996-02-09,1301,1308,1295,1296
1996-02-12,1296,1303,1282,1288
1996-02-13,1290,1300,1287,1299
1996-02-14,1302,1331,1302,1329
1996-02-15,1325,1337,1320,1325
1996-02-16,1323,1328,1303,1315
1996-02-20,1297,1322,1297,1313
1996-02-21,1307,1310,1297,1298
1996-02-22,1297,1309,1287,1290
1996-02-23,1291,1297,1279,1285
1996-02-26,1290,1292,1283,1286
1996-02-27,1288,1292,1272,1280
1996-02-28,1275,1283,1269,1275
1996-02-29,1277,1283,1265,1268
1996-03-01,1268,1276,1246,1253
1996-03-04,1250,1253,1240,1241
1996-03-05,1235,1243,1229,1230
1996-03-06,1234,1250,1234,1235
1996-03-07,1238,1246,1238,1245
1996-03-08,1248,1257,1246,1249
1996-03-11,1255,1260,1239,1240
1996-03-12,1239,1241,1229,1230
1996-03-13,1232,1234,1210,1211
1996-03-14,1210,1225,1205,1220
1996-03-15,1221,1226,1215,1217
1996-03-18,1226,1230,1221,1223
1996-03-19,1230,1238,1227,1237
1996-03-20,1235,1237,1218,1220
1996-03-21,1219,1226,1211,1217
1996-03-22,1214,1234,1209,1230
1996-03-25,1240,1244,1227,1229
1996-03-26,1229,1247,1222,1243
1996-03-27,1253,1273,1249,1269
1996-03-28,1270,1281,1262,1277
1996-03-29,1300,1318,1294,1306
1996-04-01,1305,1310,1292,1308
1996-04-02,1312,1331,1297,1310
1996-04-03,1308,1348,1301,1344
1996-04-04,1353,1362,1317,1341
1996-04-08,1353,1356,1341,1342
1996-04-09,1342,1350,1326,1329
1996-04-10,1324,1342,1321,1334
1996-04-11,1341,1364,1338,1360
1996-04-12,1386,1390,1372,1378
1996-04-15,1378,1383,1365,1368
1996-04-16,1360,1365,1352,1355
1996-04-17,1361,1372,1345,1352
1996-04-18,1358,1363,1340,1355
1996-04-19,1353,1356,1332,1335
1996-04-22,1333,1374,1322,1370
1996-04-23,1375,1398,1356,1360
1996-04-24,1358,1399,1351,1390
1996-04-25,1398,1412,1383,1389
1996-04-26,1405,1410,1382,1392
1996-04-29,1415,1435,1415,1418
1996-04-30,1410,1412,1359,1368
1996-05-01,1372,1390,1366,1388
1996-05-02,1407,1409,1367,1387
1996-05-03,1388,1398,1378,1383
1996-05-06,1378,1400,1373,1390
1996-05-07,1398,1401,1377,1388
1996-05-08,1365,1395,1362,1393
1996-05-09,1394,1402,1380,1390
1996-05-10,1392,1425,1382,1422
1996-05-13,1424,1445,1418,1425
1996-05-14,1418,1425,1408,1418
1996-05-15,1410,1418,1401,1404
1996-05-16,1404,1421,1398,1413
1996-05-17,1423,1429,1406,1409
1996-05-20,1387,1400,1350,1371
1996-05-21,1371,1376,1347,1358
1996-05-22,1360,1374,1350,1363
1996-05-23,1357,1383,1357,1380
1996-05-24,1388,1391,1381,1383
1996-05-28,1386,1388,1362,1363
1996-05-29,1355,1373,1355,1371
1996-05-30,1373,1382,1338,1341
1996-05-31,1341,1383,1341,1376
1996-06-03,1367,1370,1353,1356
1996-06-04,1339,1352,1337,1342
1996-06-05,1340,1358,1340,1347
1996-06-06,1358,1375,1353,1373
1996-06-07,1415,1418,1394,1396
1996-06-10,1405,1413,1397,1408
1996-06-11,1404,1434,1404,1432
1996-06-12,1452,1465,1443,1458
1996-06-13,1449,1453,1439,1450
1996-06-14,1455,1469,1437,1439
1996-06-17,1426,1433,1416,1417
1996-06-18,1426,1440,1423,1438
1996-06-19,1441,1448,1408,1410
1996-06-20,1408,1428,1403,1416
1996-06-21,1423,1431,1417,1419
1996-06-24,1407,1425,1392,1422
1996-06-25,1426,1432,1417,1418
1996-06-26,1403,1412,1371,1379
1996-06-27,1387,1402,1386,1398
1996-06-28,1402,1412,1380,1384
1996-07-01,1375,1439,1375,1436
1996-07-02,1426,1433,1416,1423
1996-07-03,1428,1437,1414,1416
1996-07-08,1412,1431,1412,1422
1996-07-09,1413,1429,1406,1408
1996-07-10,1381,1396,1381,1388
1996-07-11,1380,1401,1380,1383
1996-07-12,1371,1394,1371,1383
1996-07-15,1376,1390,1373,1378
1996-07-16,1375,1380,1336,1339
1996-07-17,1345,1348,1330,1332
1996-07-18,1336,1362,1336,1360
1996-07-19,1352,1367,1352,1360
1996-07-22,1352,1358,1340,1342
1996-07-23,1343,1347,1326,1329
1996-07-24,1328,1355,1323,1353
1996-07-25,1353,1363,1351,1361
1996-07-26,1359,1362,1353,1358
1996-07-29,1357,1380,1337,1338
1996-07-30,1332,1338,1321,1324
1996-07-31,1322,1342,1300,1333
1996-08-01,1327,1347,1322,1343
1996-08-02,1342,1350,1335,1345
1996-08-05,1341,1354,1338,1341
1996-08-06,1345,1363,1343,1354
1996-08-07,1355,1360,1336,1346
1996-08-08,1390,1417,1390,1415
1996-08-09,1416,1418,1405,1406
1996-08-12,1411,1432,1408,1431
1996-08-13,1421,1425,1411,1418
1996-08-14,1411,1439,1407,1432
1996-08-15,1430,1443,1422,1424
1996-08-16,1424,1432,1411,1415
1996-08-19,1417,1424,1407,1409
1996-08-20,1416,1437,1416,1430
1996-08-21,1433,1444,1425,1435
1996-08-22,1428,1430,1408,1410
1996-08-23,1398,1405,1390,1391
1996-08-26,1386,1390,1380,1382
1996-08-27,1380,1390,1360,1361
1996-08-28,1352,1376,1352,1371
1996-08-29,1365,1370,1358,1363
1996-08-30,1360,1368,1351,1352
1996-09-03,1343,1346,1330,1336
1996-09-04,1336,1369,1336,1362
1996-09-05,1357,1366,1352,1355
1996-09-06,1349,1379,1329,1373
1996-09-09,1365,1370,1360,1366
1996-09-10,1361,1363,1352,1354
1996-09-11,1354,1358,1342,1343
1996-09-12,1350,1369,1347,1363
1996-09-13,1363,1373,1361,1368
1996-09-16,1375,1387,1375,1376
1996-09-17,1360,1368,1348,1358
1996-09-18,1360,1363,1354,1359
1996-09-19,1361,1366,1351,1354
1996-09-20,1359,1371,1359,1367
1996-09-23,1370,1375,1355,1359
1996-09-24,1357,1368,1357,1366
1996-09-25,1368,1390,1366,1389
1996-09-26,1389,1390,1370,1378
1996-09-27,1376,1395,1376,1384
1996-09-30,1382,1388,1374,1377
1996-10-01,1369,1371,1358,1360
1996-10-02,1357,1365,1355,1357
1996-10-03,1351,1354,1341,1342
1996-10-04,1353,1358,1348,1351
1996-10-07,1345,1373,1345,1367
1996-10-08,1368,1376,1361,1367
1996-10-09,1371,1385,1370,1385
1996-10-10,1387,1405,1383,1402
1996-10-11,1403,1406,1389,1397
1996-10-14,1392,1395,1378,1379
1996-10-15,1374,1400,1374,1396
1996-10-16,1393,1408,1393,1402
1996-10-17,1397,1418,1397,1412
1996-10-18,1401,1407,1384,1389
1996-10-21,1377,1391,1377,1383
1996-10-22,1380,1396,1379,1384
1996-10-23,1387,1397,1382,1383
1996-10-24,1372,1378,1362,1362
1996-10-25,1363,1371,1357,1360
1996-10-28,1358,1360,1346,1347
1996-10-29,1350,1366,1350,1356
1996-10-30,1358,1370,1352,1364
1996-10-31,1363,1366,1350,1353
1996-11-01,1351,1355,1345,1345
1996-11-04,1332,1339,1321,1325
1996-11-05,1325,1334,1316,1318
1996-11-06,1362,1375,1362,1369
1996-11-07,1370,1382,1370,1374
1996-11-08,1375,1379,1371,1377
1996-11-11,1380,1388,1380,1383
1996-11-12,1381,1383,1350,1351
1996-11-13,1349,1370,1342,1367
1996-11-14,1367,1382,1357,1379
1996-11-15,1383,1389,1366,1368
1996-11-18,1370,1375,1357,1358
1996-11-19,1355,1379,1352,1378
1996-11-20,1385,1396,1382,1394
1996-11-21,1391,1404,1388,1397
1996-11-22,1402,1404,1388,1394
1996-11-25,1390,1394,1385,1389
1996-11-26,1393,1417,1393,1416
1996-11-27,1422,1425,1409,1416
1996-12-02,1405,1408,1394,1400
1996-12-03,1389,1410,1385,1405
1996-12-04,1396,1398,1377,1380
1996-12-05,1376,1399,1372,1397
1996-12-06,1396,1408,1388,1391
1996-12-09,1375,1382,1373,1376
1996-12-10,1371,1386,1371,1384
1996-12-11,1382,1390,1378,1389
1996-12-12,1385,1391,1378,1380
1996-12-13,1373,1375,1366,1367
1996-12-16,1368,1373,1358,1362
1996-12-17,1362,1368,1355,1356
1996-12-18,1360,1383,1356,1374
1996-12-19,1374,1374,1363,1364
1996-12-20,1364,1383,1360,1380
1996-12-23,1378,1378,1366,1368
1996-12-24,1368,1369,1363,1366
1996-12-27,1366,1374,1361,1362
1996-12-30,1351,1358,1350,1354
1996-12-31,1361,1379,1359,1374
1997-01-02,1367,1395,1366,1393
1997-01-03,1385,1387,1374,1382
1997-01-06,1372,1381,1372,1376
1997-01-07,1378,1383,1367,1370
1997-01-08,1367,1368,1355,1357
1997-01-09,1353,1356,1345,1352
1997-01-10,1352,1359,1331,1333
1997-01-13,1333,1340,1331,1336
1997-01-14,1337,1344,1335,1338
1997-01-15,1341,1349,1341,1347
1997-01-16,1347,1347,1332,1338
1997-01-17,1340,1345,1328,1338
1997-01-20,1333,1336,1328,1329
1997-01-21,1322,1327,1312,1325
1997-01-22,1312,1317,1286,1290
1997-01-23,1287,1290,1259,1260
1997-01-24,1265,1313,1265,1308
1997-01-27,1312,1326,1295,1324
1997-01-28,1317,1318,1299,1316
1997-01-29,1312,1314,1303,1308
1997-01-30,1308,1325,1306,1320
1997-01-31,1322,1334,1311,1314
1997-02-03,1320,1326,1313,1323
1997-02-04,1318,1324,1288,1294
1997-02-05,1320,1323,1302,1306
1997-02-06,1304,1330,1291,1317
1997-02-07,1314,1317,1301,1301
1997-02-10,1305,1310,1291,1303
1997-02-11,1295,1299,1281,1282
1997-02-12,1274,1277,1252,1274
1997-02-13,1280,1290,1271,1277
1997-02-14,1283,1293,1277,1285
1997-02-18,1265,1273,1264,1267
1997-02-19,1275,1281,1268,1280
1997-02-20,1282,1284,1261,1262
1997-02-21,1270,1279,1262,1278
1997-02-24,1280,1280,1258,1270
1997-02-25,1270,1291,1265,1279
1997-02-26,1288,1304,1286,1302
1997-02-27,1305,1311,1291,1303
1997-02-28,1303,1308,1282,1286
1997-03-03,1294,1317,1287,1315
1997-03-04,1325,1338,1316,1336
1997-03-05,1335,1352,1326,1336
1997-03-06,1340,1342,1329,1330
1997-03-07,1323,1344,1321,1325
1997-03-10,1344,1395,1341,1392
1997-03-11,1410,1459,1408,1451
1997-03-12,1435,1438,1410,1414
1997-03-13,1412,1477,1403,1454
1997-03-14,1470,1470,1435,1440
1997-03-17,1435,1490,1422,1482
1997-03-18,1480,1485,1446,1459
1997-03-19,1444,1464,1430,1431
1997-03-20,1440,1476,1439,1473
1997-03-21,1478,1479,1444,1450
1997-03-24,1444,1445,1425,1428
1997-03-25,1430,1451,1430,1445
1997-03-26,1462,1475,1457,1461
1997-03-27,1460,1461,1431,1450
1997-03-31,1455,1460,1445,1453
1997-04-01,1448,1520,1440,1512
1997-04-02,1517,1532,1493,1504
1997-04-03,1500,1510,1488,1492
1997-04-04,1488,1505,1470,1473
1997-04-07,1480,1480,1410,1436
1997-04-08,1422,1444,1418,1440
1997-04-09,1433,1450,1410,1420
1997-04-10,1427,1447,1426,1444
1997-04-11,1442,1465,1433,1451
1997-04-14,1442,1463,1439,1461
1997-04-15,1465,1469,1454,1455
1997-04-16,1455,1457,1435,1439
1997-04-17,1450,1480,1449,1451
1997-04-18,1461,1473,1461,1463
1997-04-21,1445,1446,1427,1440
1997-04-22,1437,1456,1432,1449
1997-04-23,1460,1467,1456,1458
1997-04-24,1468,1478,1456,1475
1997-04-25,1486,1494,1466,1469
1997-04-28,1460,1468,1452,1454
1997-04-29,1462,1466,1397,1414
1997-04-30,1405,1416,1391,1400
1997-05-01,1395,1404,1390,1391
1997-05-02,1388,1392,1376,1379
1997-05-05,1379,1401,1374,1385
1997-05-06,1385,1418,1385,1409
1997-05-07,1425,1432,1420,1428
1997-05-08,1418,1426,1412,1422
1997-05-09,1420,1441,1420,1440
1997-05-12,1439,1445,1428,1429
1997-05-13,1416,1422,1404,1409
1997-05-14,1416,1425,1412,1422
1997-05-15,1425,1483,1423,1481
1997-05-16,1483,1490,1446,1467
1997-05-19,1465,1480,1458,1477
1997-05-20,1475,1483,1467,1469
1997-05-21,1470,1494,1459,1486
1997-05-22,1483,1498,1460,1463
1997-05-23,1456,1471,1452,1461
1997-05-27,1462,1462,1444,1452
1997-05-28,1452,1469,1445,1466
1997-05-29,1468,1502,1467,1498
1997-05-30,1501,1502,1467,1469
1997-06-02,1467,1467,1445,1449
1997-06-03,1445,1458,1441,1449
1997-06-04,1430,1432,1418,1420
1997-06-05,1412,1427,1408,1419
1997-06-06,1419,1425,1408,1413
1997-06-09,1451,1473,1451,1471
1997-06-10,1477,1482,1467,1477
1997-06-11,1470,1516,1469,1514
1997-06-12,1544,1577,1540,1571
1997-06-13,1576,1644,1576,1632
1997-06-16,1625,1635,1614,1629
1997-06-17,1633,1655,1598,1625
1997-06-18,1620,1623,1599,1601
1997-06-19,1605,1650,1604,1639
1997-06-20,1636,1638,1611,1613
1997-06-23,1624,1699,1616,1696
1997-06-24,1706,1737,1685,1712
1997-06-25,1690,1698,1675,1683
1997-06-26,1683,1722,1670,1690
1997-06-27,1690,1694,1676,1680
1997-06-30,1678,1720,1665,1713
1997-07-01,1708,1735,1678,1685
1997-07-02,1682,1682,1610,1614
1997-07-03,1570,1573,1525,1562
1997-07-07,1580,1590,1554,1558
1997-07-08,1548,1588,1545,1578
1997-07-09,1576,1598,1575,1594
1997-07-10,1587,1609,1575,1599
1997-07-11,1600,1602,1573,1575
1997-07-14,1560,1587,1556,1577
1997-07-15,1572,1597,1568,1595
1997-07-16,1585,1591,1570,1576
1997-07-17,1560,1560,1526,1534
1997-07-18,1544,1559,1539,1540
1997-07-21,1506,1521,1498,1504
1997-07-22,1495,1507,1485,1502
1997-07-23,1520,1520,1496,1497
1997-07-24,1480,1518,1480,1516
1997-07-25,1516,1516,1504,1507
1997-07-28,1498,1540,1494,1539
1997-07-29,1528,1538,1508,1510
1997-07-30,1500,1550,1500,1538
1997-07-31,1530,1542,1510,1513
1997-08-01,1515,1537,1515,1517
1997-08-04,1515,1527,1495,1500
1997-08-05,1495,1504,1481,1483
1997-08-06,1485,1488,1458,1458
1997-08-07,1458,1470,1445,1460
1997-08-08,1466,1484,1462,1481
1997-08-11,1518,1538,1515,1536
1997-08-12,1534,1543,1512,1515
1997-08-13,1520,1532,1520,1527
1997-08-14,1527,1532,1511,1516
1997-08-15,1520,1531,1510,1512
1997-08-18,1531,1569,1528,1563
1997-08-19,1568,1568,1540,1553
1997-08-20,1555,1570,1553,1569
1997-08-21,1593,1620,1585,1618
1997-08-22,1598,1612,1588,1601
1997-08-25,1603,1619,1602,1615
1997-08-26,1605,1655,1596,1653
1997-08-27,1648,1665,1636,1656
1997-08-28,1654,1724,1647,1720
1997-08-29,1740,1760,1700,1717
1997-09-02,1695,1723,1685,1706
1997-09-03,1705,1705,1675,1689
1997-09-04,1687,1715,1677,1710
1997-09-05,1730,1730,1667,1674
1997-09-08,1640,1665,1631,1662
1997-09-09,1660,1688,1655,1665
1997-09-10,1661,1687,1660,1671
1997-09-11,1645,1648,1615,1626
1997-09-12,1620,1647,1617,1640
1997-09-15,1630,1655,1621,1651
1997-09-16,1641,1702,1611,1699
1997-09-17,1690,1690,1656,1668
1997-09-18,1660,1685,1659,1678
1997-09-19,1678,1690,1645,1650
1997-09-22,1655,1668,1638,1643
1997-09-23,1648,1666,1647,1658
1997-09-24,1666,1695,1664,1691
1997-09-25,1710,1720,1684,1703
1997-09-26,1695,1699,1660,1668
1997-09-29,1675,1710,1671,1682
1997-09-30,1690,1692,1655,1679
1997-10-01,1672,1689,1667,1678
1997-10-02,1672,1686,1646,1667
1997-10-03,1665,1698,1663,1677
1997-10-06,1682,1695,1680,1693
1997-10-07,1698,1739,1698,1725
1997-10-08,1727,1739,1704,1706
1997-10-09,1700,1714,1685,1691
1997-10-10,1696,1710,1667,1671
1997-10-13,1672,1681,1669,1676
1997-10-14,1673,1673,1630,1637
1997-10-15,1638,1656,1638,1644
1997-10-16,1644,1651,1623,1628
1997-10-17,1633,1659,1630,1646
1997-10-20,1650,1661,1638,1643
1997-10-21,1633,1634,1596,1599
1997-10-22,1592,1612,1589,1593
1997-10-23,1591,1606,1582,1600
1997-10-24,1606,1610,1577,1580
1997-10-27,1585,1595,1574,1579
1997-10-28,1590,1611,1585,1598
1997-10-29,1606,1623,1600,1603
1997-10-30,1605,1615,1580,1587
1997-10-31,1589,1607,1587,1603
1997-11-03,1595,1602,1576,1578
1997-11-04,1570,1594,1563,1589
1997-11-05,1585,1618,1582,1612
1997-11-06,1654,1667,1640,1647
1997-11-07,1647,1657,1640,1650
1997-11-10,1656,1665,1653,1659
1997-11-11,1663,1677,1662,1666
1997-11-12,1659,1661,1647,1660
1997-11-13,1664,1668,1651,1652
1997-11-14,1644,1647,1625,1633
1997-11-17,1630,1630,1613,1615
1997-11-18,1614,1615,1587,1590
1997-11-19,1592,1612,1591,1604
1997-11-20,1604,1608,1594,1595
1997-11-21,1592,1592,1579,1580
1997-11-24,1579,1588,1570,1574
1997-11-25,1572,1581,1565,1579
1997-11-26,1571,1584,1571,1582
1997-12-01,1570,1572,1559,1559
1997-12-02,1563,1581,1562,1578
1997-12-03,1579,1593,1578,1588
1997-12-04,1585,1585,1571,1578
1997-12-05,1578,1608,1576,1602
1997-12-08,1617,1630,1616,1629
1997-12-09,1639,1642,1611,1618
1997-12-10,1619,1674,1618,1671
1997-12-11,1685,1741,1678,1739
1997-12-12,1733,1761,1705,1756
1997-12-15,1737,1766,1719,1762
1997-12-16,1742,1743,1687,1707
1997-12-17,1701,1710,1685,1693
1997-12-18,1695,1707,1683,1695
1997-12-19,1693,1718,1682,1685
1997-12-22,1650,1656,1619,1620
1997-12-23,1620,1654,1616,1650
1997-12-24,1660,1660,1643,1650
1997-12-29,1645,1648,1624,1625
1997-12-30,1620,1648,1619,1641
1997-12-31,1635,1641,1629,1630
1998-01-05,1614,1615,1592,1596
1998-01-06,1593,1594,1562,1587
1998-01-07,1585,1616,1581,1614
1998-01-08,1605,1615,1590,1598
1998-01-09,1585,1589,1560,1564
1998-01-12,1558,1558,1535,1541
1998-01-13,1540,1553,1528,1536
1998-01-14,1537,1557,1537,1547
1998-01-15,1550,1554,1536,1538
1998-01-16,1535,1557,1534,1552
1998-01-20,1561,1600,1559,1594
1998-01-21,1594,1594,1578,1583
1998-01-22,1593,1605,1588,1591
1998-01-23,1585,1596,1573,1591
1998-01-26,1585,1603,1584,1598
1998-01-27,1602,1647,1602,1645
1998-01-28,1640,1643,1591,1594
1998-01-29,1600,1604,1585,1590
1998-01-30,1570,1581,1550,1556
1998-02-02,1562,1569,1551,1564
1998-02-03,1566,1597,1565,1582
1998-02-04,1590,1602,1567,1571
1998-02-05,1560,1561,1538,1552
1998-02-06,1547,1557,1543,1553
1998-02-09,1574,1582,1541,1544
1998-02-10,1538,1555,1535,1553
1998-02-11,1547,1560,1542,1545
1998-02-12,1542,1547,1511,1527
1998-02-13,1545,1551,1537,1547
1998-02-17,1560,1564,1555,1557
1998-02-18,1560,1567,1548,1554
1998-02-19,1552,1573,1552,1571
1998-02-20,1578,1581,1539,1543
1998-02-23,1543,1555,1518,1553
1998-02-24,1563,1575,1552,1556
1998-02-25,1561,1588,1561,1582
1998-02-26,1593,1607,1585,1601
1998-02-27,1602,1620,1595,1614
1998-03-02,1618,1619,1599,1604
1998-03-03,1598,1600,1580,1584
1998-03-04,1592,1616,1592,1615
1998-03-05,1625,1628,1594,1601
1998-03-06,1615,1626,1609,1618
1998-03-09,1613,1613,1587,1597
1998-03-10,1603,1612,1576,1584
1998-03-11,1584,1596,1578,1587
1998-03-12,1608,1634,1605,1616
1998-03-13,1645,1648,1636,1642
1998-03-16,1632,1634,1608,1616
1998-03-17,1618,1630,1616,1626
1998-03-18,1622,1628,1610,1613
1998-03-19,1611,1644,1608,1636
1998-03-20,1647,1666,1633,1660
1998-03-23,1672,1689,1664,1683
1998-03-24,1672,1672,1644,1649
1998-03-25,1650,1665,1631,1639
1998-03-26,1655,1658,1635,1650
1998-03-27,1653,1668,1648,1658
1998-03-30,1643,1645,1625,1636
1998-03-31,1641,1664,1628,1652
1998-04-01,1637,1645,1622,1626
1998-04-02,1628,1643,1620,1640
1998-04-03,1640,1652,1640,1642
1998-04-06,1662,1675,1649,1674
1998-04-07,1673,1685,1662,1665
1998-04-08,1665,1665,1642,1650
1998-04-09,1643,1645,1625,1626
1998-04-13,1618,1618,1587,1591
1998-04-14,1575,1588,1563,1566
1998-04-15,1579,1583,1565,1568
1998-04-16,1566,1590,1560,1586
1998-04-17,1600,1610,1595,1598
1998-04-20,1593,1658,1584,1652
1998-04-21,1682,1690,1660,1680
1998-04-22,1670,1674,1656,1662
1998-04-23,1662,1693,1655,1689
1998-04-24,1685,1702,1662,1697
1998-04-27,1692,1721,1687,1711
1998-04-28,1693,1694,1678,1682
1998-04-29,1689,1707,1688,1706
1998-04-30,1695,1701,1670,1686
1998-05-01,1675,1684,1669,1672
1998-05-04,1670,1683,1670,1680
1998-05-05,1681,1696,1671,1693
1998-05-06,1688,1725,1684,1721
1998-05-07,1720,1736,1715,1722
1998-05-08,1710,1731,1698,1709
1998-05-11,1695,1700,1683,1694
1998-05-12,1709,1743,1706,1733
1998-05-13,1728,1735,1715,1723
1998-05-14,1732,1754,1729,1749
1998-05-15,1750,1758,1733,1740
1998-05-18,1740,1745,1712,1715
1998-05-19,1699,1701,1672,1680
1998-05-20,1685,1707,1685,1706
1998-05-21,1710,1719,1690,1693
1998-05-22,1688,1724,1676,1717
1998-05-26,1710,1715,1698,1700
1998-05-27,1703,1710,1695,1700
1998-05-28,1675,1675,1660,1666
1998-05-29,1662,1682,1656,1674
1998-06-01,1666,1668,1638,1640
1998-06-02,1623,1650,1617,1626
1998-06-03,1620,1650,1617,1634
1998-06-04,1630,1647,1606,1614
1998-06-05,1605,1609,1599,1600
1998-06-08,1590,1602,1586,1588
1998-06-09,1590,1623,1590,1619
1998-06-10,1645,1648,1631,1637
1998-06-11,1652,1656,1627,1629
1998-06-12,1627,1645,1620,1630
1998-06-15,1620,1647,1618,1645
1998-06-16,1648,1655,1631,1652
1998-06-17,1649,1668,1642,1665
1998-06-18,1661,1665,1645,1647
1998-06-19,1630,1643,1630,1634
1998-06-22,1625,1627,1591,1593
1998-06-23,1598,1602,1580,1584
1998-06-24,1585,1617,1585,1609
1998-06-25,1602,1608,1571,1581
1998-06-26,1588,1607,1585,1590
1998-06-29,1595,1600,1556,1562
1998-06-30,1570,1580,1566,1575
1998-07-01,1588,1610,1585,1606
1998-07-02,1615,1640,1615,1626
1998-07-06,1621,1638,1620,1630
1998-07-07,1618,1633,1611,1624
1998-07-08,1630,1635,1596,1604
1998-07-09,1605,1605,1589,1597
1998-07-10,1588,1594,1577,1593
1998-07-13,1593,1606,1571,1579
1998-07-14,1582,1590,1567,1583
1998-07-15,1585,1588,1555,1557
1998-07-16,1562,1594,1558,1587
1998-07-17,1589,1615,1587,1604
1998-07-20,1612,1629,1609,1611
1998-07-21,1603,1605,1585,1588
1998-07-22,1580,1580,1566,1570
1998-07-23,1572,1590,1557,1575
1998-07-24,1575,1592,1575,1586
1998-07-27,1588,1592,1555,1559
1998-07-28,1553,1555,1536,1538
1998-07-29,1545,1573,1544,1563
1998-07-30,1563,1563,1538,1540
1998-07-31,1548,1555,1534,1552
1998-08-03,1530,1538,1520,1535
1998-08-04,1541,1560,1541,1554
1998-08-05,1560,1570,1552,1553
1998-08-06,1546,1565,1542,1554
1998-08-07,1552,1562,1552,1559
1998-08-10,1604,1618,1592,1597
1998-08-11,1598,1599,1577,1581
1998-08-12,1570,1579,1565,1572
1998-08-13,1564,1569,1558,1565
1998-08-14,1560,1574,1548,1560
1998-08-17,1550,1560,1548,1559
1998-08-18,1564,1566,1554,1556
1998-08-19,1563,1580,1558,1578
1998-08-20,1583,1586,1571,1576
1998-08-21,1576,1581,1568,1573
1998-08-24,1574,1577,1543,1545
1998-08-25,1546,1556,1538,1547
1998-08-26,1552,1575,1551,1574
1998-08-27,1574,1584,1562,1583
1998-08-28,1595,1608,1588,1599
1998-08-31,1608,1635,1608,1614
1998-09-01,1614,1621,1604,1619
1998-09-02,1614,1629,1609,1626
1998-09-03,1634,1634,1601,1602
1998-09-04,1600,1610,1596,1602
1998-09-08,1602,1612,1591,1593
1998-09-09,1588,1612,1587,1599
1998-09-10,1615,1623,1608,1621
1998-09-11,1622,1628,1577,1586
1998-09-14,1576,1597,1573,1584
1998-09-15,1565,1570,1560,1563
1998-09-16,1570,1570,1531,1533
1998-09-17,1533,1542,1503,1505
1998-09-18,1510,1529,1505,1519
1998-09-21,1510,1524,1505,1522
1998-09-22,1510,1534,1510,1521
1998-09-23,1535,1542,1525,1533
1998-09-24,1525,1548,1516,1527
1998-09-25,1521,1527,1512,1519
1998-09-28,1525,1539,1525,1536
1998-09-29,1548,1559,1544,1552
1998-09-30,1545,1545,1504,1512
1998-10-01,1517,1524,1500,1513
1998-10-02,1514,1540,1513,1538
1998-10-05,1533,1540,1520,1525
1998-10-06,1525,1546,1525,1541
1998-10-07,1540,1548,1518,1528
1998-10-08,1539,1550,1531,1533
1998-10-09,1520,1537,1515,1528
1998-10-12,1523,1528,1521,1525
1998-10-13,1524,1524,1498,1501
1998-10-14,1501,1532,1491,1528
1998-10-15,1545,1562,1541,1556
1998-10-16,1563,1565,1536,1538
1998-10-19,1536,1546,1530,1542
1998-10-20,1549,1570,1547,1565
1998-10-21,1560,1560,1540,1543
1998-10-22,1543,1550,1535,1546
1998-10-23,1541,1545,1533,1535
1998-10-26,1525,1527,1514,1514
1998-10-27,1507,1512,1503,1506
1998-10-28,1506,1508,1485,1488
1998-10-29,1495,1511,1488,1509
1998-10-30,1512,1513,1501,1506
1998-11-02,1495,1523,1492,1517
1998-11-03,1509,1516,1505,1508
1998-11-04,1503,1519,1503,1517
1998-11-05,1508,1513,1491,1493
1998-11-06,1491,1495,1462,1465
1998-11-09,1508,1511,1494,1500
1998-11-10,1504,1521,1504,1518
1998-11-11,1512,1513,1496,1497
1998-11-12,1499,1512,1494,1509
1998-11-13,1520,1525,1512,1514
1998-11-16,1513,1526,1512,1519
1998-11-17,1522,1529,1515,1516
1998-11-18,1515,1522,1512,1516
1998-11-19,1504,1508,1494,1495
1998-11-20,1490,1490,1463,1472
1998-11-23,1477,1490,1477,1489
1998-11-24,1488,1490,1452,1458
1998-11-25,1476,1485,1467,1483
1998-11-30,1460,1463,1433,1441
1998-12-01,1454,1461,1443,1458
1998-12-02,1456,1487,1456,1485
1998-12-03,1493,1503,1476,1484
1998-12-04,1487,1489,1463,1469
1998-12-07,1470,1479,1448,1454
1998-12-08,1438,1439,1422,1433
1998-12-09,1435,1445,1433,1434
1998-12-10,1440,1445,1427,1428
1998-12-11,1435,1443,1412,1414
1998-12-14,1410,1425,1404,1418
1998-12-15,1426,1432,1416,1419
1998-12-16,1423,1439,1414,1438
1998-12-17,1443,1444,1411,1419
1998-12-18,1419,1419,1395,1400
1998-12-21,1399,1400,1368,1393
1998-12-22,1398,1422,1397,1421
1998-12-23,1415,1415,1388,1393
1998-12-24,1390,1400,1383,1391
1998-12-28,1390,1399,1383,1395
1998-12-29,1385,1399,1376,1394
1998-12-30,1388,1390,1376,1376
1998-12-31,1375,1388,1371,1379
1999-01-04,1370,1377,1363,1373
1999-01-05,1360,1386,1358,1382
1999-01-06,1380,1396,1373,1378
1999-01-07,1388,1396,1376,1378
1999-01-08,1380,1385,1370,1371
1999-01-11,1365,1422,1363,1389
1999-01-12,1390,1402,1377,1392
1999-01-13,1397,1401,1376,1379
1999-01-14,1385,1392,1379,1381
1999-01-15,1378,1378,1349,1350
1999-01-19,1346,1346,1328,1338
1999-01-20,1344,1350,1331,1341
1999-01-21,1355,1363,1348,1350
1999-01-22,1345,1350,1315,1317
1999-01-25,1322,1327,1305,1310
1999-01-26,1318,1334,1302,1308
1999-01-27,1311,1312,1298,1306
1999-01-28,1312,1325,1304,1321
1999-01-29,1317,1334,1309,1331
1999-02-01,1330,1330,1308,1309
1999-02-02,1309,1321,1307,1317
1999-02-03,1319,1325,1312,1316
1999-02-04,1340,1340,1312,1316
1999-02-05,1317,1321,1302,1306
1999-02-08,1323,1325,1309,1316
1999-02-09,1320,1323,1308,1312
1999-02-10,1303,1320,1292,1317
1999-02-11,1318,1323,1295,1296
1999-02-12,1300,1308,1268,1271
1999-02-16,1282,1315,1276,1301
1999-02-17,1315,1322,1304,1310
1999-02-18,1300,1320,1298,1319
1999-02-19,1335,1337,1323,1328
1999-02-22,1331,1333,1308,1309
1999-02-23,1310,1318,1305,1317
1999-02-24,1314,1315,1303,1306
1999-02-25,1308,1308,1288,1296
1999-02-26,1298,1302,1277,1278
1999-03-01,1282,1291,1275,1289
1999-03-02,1290,1295,1239,1241
1999-03-03,1232,1232,1202,1228
1999-03-04,1235,1243,1226,1236
1999-03-05,1227,1238,1222,1229
1999-03-08,1232,1243,1221,1238
1999-03-09,1238,1253,1228,1241
1999-03-10,1241,1241,1207,1210
1999-03-11,1204,1218,1191,1215
1999-03-12,1210,1229,1202,1220
1999-03-15,1210,1216,1200,1203
1999-03-16,1199,1237,1187,1232
1999-03-17,1223,1231,1210,1226
1999-03-18,1222,1236,1213,1223
1999-03-19,1210,1219,1202,1205
1999-03-22,1185,1192,1170,1176
1999-03-23,1189,1208,1170,1187
1999-03-24,1191,1201,1182,1184
1999-03-25,1190,1207,1173,1190
1999-03-26,1189,1189,1172,1179
1999-03-29,1175,1195,1166,1193
1999-03-30,1181,1189,1181,1182
1999-03-31,1180,1205,1180,1192
1999-04-01,1185,1189,1158,1161
1999-04-05,1160,1165,1148,1151
1999-04-06,1143,1162,1142,1149
1999-04-07,1179,1185,1161,1163
1999-04-08,1132,1139,1108,1111
1999-04-09,1107,1135,1107,1129
1999-04-12,1132,1137,1124,1133
1999-04-13,1121,1145,1118,1137
1999-04-14,1132,1145,1131,1142
1999-04-15,1144,1149,1098,1102
1999-04-16,1102,1107,1087,1090
1999-04-19,1096,1112,1095,1101
1999-04-20,1099,1100,1084,1088
1999-04-21,1090,1097,1077,1079
1999-04-22,1074,1075,1026,1030
1999-04-23,1027,1038,1021,1026
1999-04-26,1032,1038,992,994
1999-04-27,977,1009,953,998
1999-04-28,1005,1013,985,995
1999-04-29,993,1010,988,1006
1999-04-30,1010,1035,1010,1019
1999-05-03,1024,1025,1008,1010
1999-05-04,1009,1030,1005,1026
1999-05-05,1030,1037,1018,1029
1999-05-06,1030,1058,1026,1042
1999-05-07,1035,1037,1002,1003
1999-05-10,1000,1005,950,973
1999-05-11,973,987,968,984
1999-05-12,977,994,970,985
1999-05-13,980,994,972,988
1999-05-14,984,988,941,961
1999-05-17,968,978,965,971
1999-05-18,970,970,946,953
1999-05-19,958,964,945,960
1999-05-20,956,968,936,938
1999-05-21,942,942,924,930
1999-05-24,925,927,897,903
1999-05-25,910,916,872,883
1999-05-26,873,882,861,872
1999-05-27,860,892,860,879
1999-05-28,878,890,871,874
1999-06-01,882,900,880,898
1999-06-02,887,928,885,926
1999-06-03,935,1026,935,1023
1999-06-04,1065,1121,1040,1058
1999-06-07,1050,1064,1034,1049
1999-06-08,1070,1149,1070,1139
1999-06-09,1148,1170,1085,1101
1999-06-10,1101,1124,1071,1094
1999-06-11,1098,1113,1084,1105
1999-06-14,1093,1093,1068,1075
1999-06-15,1070,1110,1070,1102
1999-06-16,1114,1116,1091,1103
1999-06-17,1100,1100,1071,1075
1999-06-18,1077,1135,1077,1123
1999-06-21,1165,1167,1146,1157
1999-06-22,1152,1180,1135,1135
1999-06-23,1128,1128,1071,1080
1999-06-24,1078,1098,1029,1044
1999-06-25,1052,1058,1030,1041
1999-06-28,1030,1065,1026,1045
1999-06-29,1040,1069,1040,1057
1999-06-30,1057,1058,1017,1039
1999-07-01,1035,1076,1035,1056
1999-07-02,1055,1060,1040,1048
1999-07-06,1030,1031,995,999
1999-07-07,970,991,965,974
1999-07-08,968,993,958,988
1999-07-09,985,1008,975,981
1999-07-12,977,1000,968,975
1999-07-13,965,974,956,962
1999-07-14,967,975,962,966
1999-07-15,966,975,948,973
1999-07-16,970,985,960,971
1999-07-19,976,998,973,996
1999-07-20,996,1045,996,1042
1999-07-21,1040,1040,1025,1034
1999-07-22,1040,1090,1040,1069
1999-07-23,1070,1070,1041,1051
1999-07-26,1055,1074,1046,1048
1999-07-27,1050,1073,1028,1033
1999-07-28,1040,1041,987,998
1999-07-29,992,1027,988,1020
1999-07-30,1017,1018,991,1001
1999-08-02,990,1018,987,990
1999-08-03,987,1008,981,982
1999-08-04,982,992,972,986
1999-08-05,975,990,972,988
1999-08-06,975,983,961,965
1999-08-09,1000,1001,978,981
1999-08-10,990,1007,978,979
1999-08-11,970,997,968,988
1999-08-12,992,1003,983,987
1999-08-13,988,995,979,982
1999-08-16,980,988,977,980
1999-08-17,986,995,966,967
1999-08-18,967,980,957,959
1999-08-19,960,972,953,961
1999-08-20,971,978,940,943
1999-08-23,940,953,936,952
1999-08-24,955,967,946,965
1999-08-25,955,962,946,950
1999-08-26,940,940,910,911
1999-08-27,915,934,914,932
1999-08-30,930,938,925,927
1999-08-31,936,959,935,951
1999-09-01,952,985,948,977
1999-09-02,977,992,942,957
1999-09-03,957,958,915,919
1999-09-07,925,940,900,939
1999-09-08,955,959,936,957
1999-09-09,948,967,940,960
1999-09-10,955,965,937,947
1999-09-13,944,948,933,941
1999-09-14,930,980,930,974
1999-09-15,974,974,942,946
1999-09-16,943,951,933,942
1999-09-17,935,945,915,921
1999-09-20,925,954,918,952
1999-09-21,942,957,940,948
1999-09-22,955,980,955,976
1999-09-23,970,973,960,969
1999-09-24,965,1016,955,1007
1999-09-27,1025,1045,1017,1032
1999-09-28,1037,1077,1025,1052
1999-09-29,1070,1093,1028,1037
1999-09-30,1040,1056,1026,1029
1999-10-01,1022,1040,1015,1032
1999-10-04,1019,1035,1006,1011
1999-10-05,988,989,970,975
1999-10-06,983,989,945,948
1999-10-07,930,933,912,924
1999-10-08,927,942,925,940
1999-10-11,935,949,931,933
1999-10-12,918,956,918,949
1999-10-13,945,969,941,953
1999-10-14,962,983,943,949
1999-10-15,949,959,937,946
1999-10-18,933,939,922,926
1999-10-19,922,943,919,934
1999-10-20,930,937,921,931
1999-10-21,937,948,905,908
1999-10-22,910,910,883,892
1999-10-25,876,882,860,862
1999-10-26,872,888,872,876
1999-10-27,865,879,858,867
1999-10-28,869,875,858,870
1999-10-29,873,885,868,874
1999-11-01,870,889,870,878
1999-11-02,868,868,838,840
1999-11-03,833,858,830,855
1999-11-04,856,865,830,836
1999-11-05,828,838,825,830
1999-11-08,865,871,850,851
1999-11-09,855,862,845,853
1999-11-10,860,873,859,866
1999-11-11,867,872,849,852
1999-11-12,848,858,832,838
1999-11-15,848,848,821,830
1999-11-16,820,838,820,823
1999-11-17,822,842,812,838
1999-11-18,835,848,827,835
1999-11-19,850,859,845,849
1999-11-22,869,885,854,866
1999-11-23,870,895,868,876
1999-11-24,870,876,850,854
1999-11-29,874,930,869,927
1999-11-30,935,935,884,899
1999-12-01,860,882,858,867
1999-12-02,860,866,835,847
1999-12-03,847,852,832,835
1999-12-06,825,850,823,847
1999-12-07,850,878,848,873
1999-12-08,883,900,865,867
1999-12-09,870,898,868,885
1999-12-10,880,888,870,874
1999-12-13,862,862,836,839
1999-12-14,843,851,837,842
1999-12-15,840,857,833,852
1999-12-16,848,872,842,859
1999-12-17,859,860,837,840
1999-12-20,820,831,814,825
1999-12-21,815,831,815,825
1999-12-22,825,833,804,808
1999-12-23,810,852,800,849
1999-12-27,870,915,852,856
1999-12-28,854,854,835,837
1999-12-29,840,850,831,845
1999-12-30,840,847,834,837
2000-01-03,840,846,820,830
2000-01-04,830,841,823,836
2000-01-05,840,850,828,831
2000-01-06,830,847,824,841
2000-01-07,848,855,836,853
2000-01-10,848,855,837,839
2000-01-11,838,853,836,846
2000-01-12,848,855,843,854
2000-01-13,854,875,845,871
2000-01-14,870,872,847,850
2000-01-18,835,837,825,828
2000-01-19,828,845,815,844
2000-01-20,841,859,840,853
2000-01-21,857,865,848,861
2000-01-24,858,866,842,844
2000-01-25,845,846,835,838
2000-01-26,834,854,831,846
2000-01-27,848,852,820,823
2000-01-28,829,836,805,811
2000-01-31,810,812,794,795
2000-02-01,780,793,757,763
2000-02-02,775,779,763,766
2000-02-03,770,778,765,774
2000-02-04,774,774,751,765
2000-02-07,765,785,761,783
2000-02-08,781,788,761,767
2000-02-09,802,812,796,810
2000-02-10,805,808,799,805
2000-02-11,802,804,786,794
2000-02-14,795,800,773,775
2000-02-15,782,797,778,785
2000-02-16,792,805,786,800
2000-02-17,806,820,800,809
2000-02-18,809,818,800,815
2000-02-22,810,815,792,795
2000-02-23,800,808,797,806
2000-02-24,815,833,785,791
2000-02-25,800,800,756,759
2000-02-28,765,775,759,765
2000-02-29,765,783,758,778
2000-03-01,773,790,770,788
2000-03-02,798,826,792,821
2000-03-03,850,850,828,845
2000-03-06,838,845,820,842
2000-03-07,839,861,836,859
2000-03-08,852,865,841,862
2000-03-09,872,884,847,852
2000-03-10,855,861,845,849
2000-03-13,845,872,841,869
2000-03-14,885,886,866,883
2000-03-15,882,900,874,898
2000-03-16,908,947,902,935
2000-03-17,917,929,893,898
2000-03-20,885,891,851,857
2000-03-21,862,870,845,868
2000-03-22,862,875,856,871
2000-03-23,868,883,860,876
2000-03-24,862,866,828,840
2000-03-27,840,840,792,797
2000-03-28,792,819,786,815
2000-03-29,820,833,792,796
2000-03-30,796,807,790,794
2000-03-31,804,811,794,800
2000-04-03,785,804,783,784
2000-04-04,785,814,785,809
2000-04-05,817,819,806,811
2000-04-06,820,838,818,825
2000-04-07,815,820,806,810
2000-04-10,838,843,826,842
2000-04-11,845,852,832,836
2000-04-12,830,843,828,836
2000-04-13,832,855,831,851
2000-04-14,852,859,839,846
2000-04-17,845,872,836,866
2000-04-18,875,889,868,876
2000-04-19,875,884,842,846
2000-04-20,847,848,827,838
2000-04-24,840,840,800,805
2000-04-25,806,817,802,804
2000-04-26,802,814,797,800
2000-04-27,795,800,781,782
2000-04-28,785,800,771,774
2000-05-01,775,796,774,791
2000-05-02,802,810,796,797
2000-05-03,797,808,793,802
2000-05-04,798,812,795,802
2000-05-05,802,809,800,801
2000-05-08,795,806,776,778
2000-05-09,785,795,781,793
2000-05-10,790,799,790,795
2000-05-11,805,828,804,826
2000-05-12,831,834,810,820
2000-05-15,812,814,803,810
2000-05-16,810,840,810,837
2000-05-17,839,840,812,821
2000-05-18,814,833,812,829
2000-05-19,842,865,842,857
2000-05-22,853,859,837,840
2000-05-23,838,848,833,834
2000-05-24,835,859,832,850
2000-05-25,866,874,826,831
2000-05-26,835,843,821,835
2000-05-30,835,842,828,830
2000-05-31,837,844,829,842
2000-06-01,840,850,839,848
2000-06-02,855,858,843,848
2000-06-05,843,845,828,831
2000-06-06,834,840,828,832
2000-06-07,827,827,806,817
2000-06-08,852,896,843,895
2000-06-09,895,915,875,877
2000-06-12,875,887,870,882
2000-06-13,892,899,877,878
2000-06-14,885,888,877,884
2000-06-15,882,896,881,887
2000-06-16,890,897,883,884
2000-06-19,888,890,861,865
2000-06-20,860,867,837,864
2000-06-21,865,884,865,882
2000-06-22,888,938,884,934
2000-06-23,914,917,850,854
2000-06-26,858,858,815,820
2000-06-27,820,841,817,829
2000-06-28,834,844,830,834
2000-06-29,837,843,824,838
2000-06-30,838,847,821,835
2000-07-05,852,867,829,841
2000-07-06,835,836,825,834
2000-07-07,835,850,832,848
2000-07-10,842,848,836,845
2000-07-11,846,863,842,860
2000-07-12,859,859,838,843
2000-07-13,845,849,835,844
2000-07-14,833,844,828,839
2000-07-17,832,844,828,841
2000-07-18,840,853,838,849
2000-07-19,845,858,840,856
2000-07-20,855,898,854,886
2000-07-21,887,891,872,887
2000-07-24,875,875,838,840
2000-07-25,850,855,832,851
2000-07-26,845,854,841,847
2000-07-27,851,851,839,843
2000-07-28,841,845,837,843
2000-07-31,835,840,822,825
2000-08-01,820,826,805,821
2000-08-02,814,829,812,824
2000-08-03,820,820,786,798
2000-08-04,798,798,767,777
2000-08-07,772,784,760,762
2000-08-08,765,778,765,773
2000-08-09,810,814,790,791
2000-08-10,800,814,799,810
2000-08-11,815,818,809,811
2000-08-14,813,814,806,810
2000-08-15,810,816,808,809
2000-08-16,806,808,797,801
2000-08-17,806,814,795,797
2000-08-18,800,804,794,796
2000-08-21,795,810,792,808
2000-08-22,800,814,800,802
2000-08-23,801,803,782,785
2000-08-24,806,814,786,793
2000-08-25,785,791,778,785
2000-08-28,790,796,786,790
2000-08-29,782,791,780,785
2000-08-30,780,803,776,801
2000-08-31,801,812,794,795
2000-09-01,795,810,795,807
2000-09-05,812,824,812,822
2000-09-06,817,822,811,821
2000-09-07,823,827,796,801
2000-09-08,801,818,793,816
2000-09-11,816,824,803,805
2000-09-12,815,820,808,818
2000-09-13,818,840,817,838
2000-09-14,833,836,813,815
2000-09-15,816,818,805,814
2000-09-18,825,826,808,809
2000-09-19,812,812,801,803
2000-09-20,805,813,787,788
2000-09-21,795,804,789,803
2000-09-22,815,816,798,812
2000-09-25,809,813,780,782
2000-09-26,785,795,785,792
2000-09-27,795,797,777,783
2000-09-28,788,795,787,794
2000-09-29,788,807,781,797
2000-10-02,792,796,786,789
2000-10-03,785,809,782,807
2000-10-04,805,829,800,828
2000-10-05,828,846,820,835
2000-10-06,830,833,819,830
2000-10-09,825,825,815,816
2000-10-10,817,839,815,833
2000-10-11,833,835,818,827
2000-10-12,814,829,813,819
2000-10-13,814,831,810,813
2000-10-16,810,817,804,806
2000-10-17,804,825,803,822
2000-10-18,818,822,813,816
2000-10-19,818,819,811,814
2000-10-20,808,810,785,788
2000-10-23,791,797,778,784
2000-10-24,785,815,783,809
2000-10-25,795,802,773,775
2000-10-26,788,795,780,787
2000-10-27,775,779,761,762
2000-10-30,771,773,755,757
2000-10-31,757,764,752,755
2000-11-01,752,762,750,753
2000-11-02,758,766,755,764
2000-11-03,764,764,747,749
2000-11-06,788,791,776,778
2000-11-07,776,782,773,781
2000-11-08,780,783,768,769
2000-11-09,769,773,766,769
2000-11-10,767,772,763,764
2000-11-13,758,762,739,741
2000-11-14,740,748,730,732
2000-11-15,737,745,735,737
2000-11-16,739,741,735,737
2000-11-17,738,742,732,735
2000-11-20,735,738,731,731
2000-11-21,726,734,725,730
2000-11-22,728,731,723,724
2000-11-27,719,722,713,714
2000-11-28,715,729,715,724
2000-11-29,730,737,719,729
2000-11-30,732,742,727,729
2000-12-01,739,740,725,728
2000-12-04,738,747,733,738
2000-12-05,738,744,730,733
2000-12-06,730,732,717,720
2000-12-07,728,735,723,732
2000-12-08,736,736,727,733
2000-12-11,727,729,718,719
2000-12-12,715,719,707,716
2000-12-13,720,726,718,723
2000-12-14,731,741,726,729
2000-12-15,735,747,729,733
2000-12-18,734,734,725,729
2000-12-19,727,728,718,721
2000-12-20,731,747,731,745
2000-12-21,770,770,754,769
2000-12-22,768,771,755,765
2000-12-26,770,772,758,769
2000-12-27,770,780,761,775
2000-12-28,770,775,764,766
2000-12-29,765,767,757,758
2001-01-02,770,785,766,778
2001-01-03,783,785,752,753
2001-01-04,762,777,759,768
2001-01-05,790,817,786,813
2001-01-08,815,824,806,813
2001-01-09,810,819,796,798
2001-01-10,805,812,802,809
2001-01-11,821,850,821,849
2001-01-12,870,870,838,860
2001-01-16,880,914,872,911
2001-01-17,910,993,903,990
2001-01-18,1010,1055,970,996
2001-01-19,975,975,935,957
2001-01-22,950,1020,943,1005
2001-01-23,1010,1029,965,1000
2001-01-24,1000,1008,976,989
2001-01-25,1015,1035,995,1004
2001-01-26,1022,1066,1011,1056
2001-01-29,1065,1079,1037,1045
2001-01-30,1051,1061,1019,1056
2001-01-31,1039,1040,1017,1020
2001-02-01,1015,1053,1011,1051
2001-02-02,1040,1064,1026,1048
2001-02-05,1040,1070,1035,1065
2001-02-06,1071,1088,1067,1086
2001-02-07,1092,1095,1050,1055
2001-02-08,1050,1050,1019,1022
2001-02-09,1020,1051,1019,1027
2001-02-12,1038,1072,1035,1055
2001-02-13,1078,1095,1062,1093
2001-02-14,1090,1098,1070,1087
2001-02-15,1080,1084,1065,1078
2001-02-16,1108,1149,1106,1145
2001-02-20,1165,1167,1139,1146
2001-02-21,1125,1198,1120,1192
2001-02-22,1191,1208,1147,1153
2001-02-23,1160,1174,1151,1165
2001-02-26,1135,1139,1112,1121
2001-02-27,1130,1145,1126,1136
2001-02-28,1155,1165,1132,1137
2001-03-01,1148,1158,1116,1120
2001-03-02,1142,1180,1120,1168
2001-03-05,1148,1159,1132,1133
2001-03-06,1128,1130,1039,1044
2001-03-07,1052,1080,1030,1067
2001-03-08,1082,1086,1049,1057
2001-03-09,1067,1094,1052,1079
2001-03-12,1070,1080,1055,1060
2001-03-13,1055,1073,1036,1072
2001-03-14,1069,1070,1035,1040
2001-03-15,1030,1033,1004,1015
2001-03-16,1008,1035,997,1028
2001-03-19,1020,1020,999,1005
2001-03-20,990,1000,983,986
2001-03-21,972,975,949,957
2001-03-22,970,1030,960,1024
2001-03-23,1020,1042,1010,1036
2001-03-26,1046,1080,1045,1063
2001-03-27,1070,1070,1025,1038
2001-03-28,1040,1060,1034,1047
2001-03-29,1055,1076,1051,1064
2001-03-30,1070,1085,1066,1073
2001-04-02,1088,1088,1018,1030
2001-04-03,1038,1039,995,1015
2001-04-04,1015,1015,993,1000
2001-04-05,1010,1013,993,998
2001-04-06,998,1017,995,1011
2001-04-09,1024,1024,996,997
2001-04-10,1005,1005,973,987
2001-04-11,975,1020,970,1016
2001-04-12,1015,1019,998,1006
2001-04-16,1006,1008,975,982
2001-04-17,978,994,955,989
2001-04-18,982,990,955,985
2001-04-19,980,995,963,985
2001-04-20,995,1008,985,997
2001-04-23,987,1017,977,1009
2001-04-24,1005,1005,990,997
2001-04-25,1000,1025,997,1023
2001-04-26,1013,1034,1011,1028
2001-04-27,1025,1028,1000,1001
2001-04-30,998,998,975,987
2001-05-01,980,990,973,976
2001-05-02,980,982,956,969
2001-05-03,970,995,970,993
2001-05-04,978,987,970,974
2001-05-07,980,996,977,989
2001-05-08,1003,1045,1001,1044
2001-05-09,1044,1050,1019,1021
2001-05-10,1036,1050,1027,1049
2001-05-11,1055,1062,1005,1014
2001-05-14,1030,1030,1013,1024
2001-05-15,1018,1061,1016,1056
2001-05-16,1072,1102,1062,1092
2001-05-17,1085,1093,1065,1067
2001-05-18,1070,1109,1063,1103
2001-05-21,1095,1103,1075,1079
2001-05-22,1063,1073,1057,1068
2001-05-23,1068,1093,1066,1081
2001-05-24,1076,1076,1057,1060
2001-05-25,1045,1045,1020,1031
2001-05-29,1031,1035,1002,1003
2001-05-30,1003,1009,959,964
2001-05-31,965,977,930,936
2001-06-01,940,948,925,943
2001-06-04,916,943,914,930
2001-06-05,928,962,923,952
2001-06-06,945,960,938,945
2001-06-07,955,955,902,904
2001-06-08,900,949,897,937
2001-06-11,930,943,920,924
2001-06-12,920,930,908,910
2001-06-13,910,942,908,932
2001-06-14,933,945,914,935
2001-06-15,935,945,916,918
2001-06-18,930,950,927,932
2001-06-19,913,926,902,912
2001-06-20,900,900,877,883
2001-06-21,890,913,871,909
2001-06-22,910,930,898,900
2001-06-25,892,910,882,907
2001-06-26,917,930,910,925
2001-06-27,910,942,909,936
2001-06-28,933,962,933,944
2001-06-29,938,966,938,964
2001-07-02,979,979,956,960
2001-07-03,955,961,948,951
2001-07-05,951,966,943,963
2001-07-06,960,970,957,960
2001-07-09,955,955,910,925
2001-07-10,916,916,895,903
2001-07-11,911,927,905,922
2001-07-12,916,916,879,901
2001-07-13,910,924,903,922
2001-07-16,907,919,902,907
2001-07-17,901,925,895,898
2001-07-18,905,909,889,905
2001-07-19,912,957,912,951
2001-07-20,940,974,936,956
2001-07-23,945,945,925,943
2001-07-24,940,944,931,940
2001-07-25,938,954,935,943
2001-07-26,941,949,936,940
2001-07-27,935,938,915,920
2001-07-30,915,936,909,934
2001-07-31,938,962,934,957
2001-08-01,970,972,935,937
2001-08-02,940,948,930,946
2001-08-03,940,970,940,956
2001-08-06,956,1008,949,1005
2001-08-07,1005,1022,996,1003
2001-08-08,1003,1022,990,1011
2001-08-09,1007,1038,1003,1032
2001-08-10,1025,1034,1010,1017
2001-08-13,1018,1019,1007,1016
2001-08-14,1010,1029,1003,1025
2001-08-15,1030,1047,1024,1042
2001-08-16,1042,1044,1018,1026
2001-08-17,1015,1034,1009,1025
2001-08-20,1005,1019,997,1007
2001-08-21,1005,1013,995,1004
2001-08-22,1005,1019,1001,1018
2001-08-23,1014,1020,979,986
2001-08-24,988,993,985,991
2001-08-27,991,992,975,984
2001-08-28,980,1004,976,999
2001-08-29,991,997,966,968
2001-08-30,970,970,946,958
2001-08-31,945,955,935,949
2001-09-04,930,943,903,910
2001-09-05,908,908,885,898
2001-09-06,898,912,891,908
2001-09-07,910,932,903,929
2001-09-10,929,936,912,917
2001-09-11,915,924,915,922
2001-09-17,955,960,936,942
2001-09-18,940,944,936,940
2001-09-19,942,966,942,964
2001-09-20,985,1004,985,998
2001-09-21,1002,1006,975,992
2001-09-24,985,1010,984,1008
2001-09-25,1006,1008,986,993
2001-09-26,997,1024,993,1018
2001-09-27,1020,1075,1015,1066
2001-09-28,1077,1100,1074,1077
2001-10-01,1110,1114,1090,1096
2001-10-02,1080,1085,1068,1072
2001-10-03,1070,1090,1058,1086
2001-10-04,1106,1130,1106,1126
2001-10-05,1110,1124,1098,1114
2001-10-08,1093,1104,1086,1092
2001-10-09,1070,1072,1047,1055
2001-10-10,1035,1045,1027,1042
2001-10-11,1050,1055,1039,1052
2001-10-12,1030,1036,1025,1029
2001-10-15,1024,1027,1015,1020
2001-10-16,1017,1042,1013,1039
2001-10-17,1040,1069,1040,1066
2001-10-18,1060,1072,1055,1058
2001-10-19,1050,1050,1021,1026
2001-10-22,1010,1010,997,1003
2001-10-23,1003,1019,994,1011
2001-10-24,1014,1022,996,1000
2001-10-25,995,997,985,987
2001-10-26,980,1002,977,995
2001-10-29,995,1009,992,997
2001-10-30,998,1002,988,997
2001-10-31,1002,1018,1001,1017
2001-11-01,1022,1028,1018,1026
2001-11-02,1011,1015,1001,1006
2001-11-05,1003,1007,998,999
2001-11-06,994,1000,991,997
2001-11-07,1011,1050,1010,1045
2001-11-08,1065,1109,1065,1104
2001-11-09,1155,1170,1138,1164
2001-11-12,1168,1169,1141,1166
2001-11-13,1170,1217,1164,1215
2001-11-14,1211,1245,1181,1202
2001-11-15,1200,1245,1190,1232
2001-11-16,1255,1293,1247,1275
2001-11-19,1275,1297,1262,1279
2001-11-20,1270,1277,1241,1272
2001-11-21,1259,1284,1253,1267
2001-11-26,1280,1320,1279,1305
2001-11-27,1305,1305,1268,1286
2001-11-28,1295,1310,1275,1295
2001-11-29,1307,1353,1307,1349
2001-11-30,1362,1365,1327,1339
2001-12-03,1310,1324,1300,1307
2001-12-04,1295,1299,1262,1271
2001-12-05,1267,1290,1257,1279
2001-12-06,1288,1310,1274,1278
2001-12-07,1247,1265,1230,1246
2001-12-10,1226,1240,1212,1221
2001-12-11,1241,1295,1241,1290
2001-12-12,1320,1328,1285,1293
2001-12-13,1310,1311,1285,1296
2001-12-14,1305,1344,1301,1334
2001-12-17,1334,1338,1319,1324
2001-12-18,1324,1329,1297,1302
2001-12-19,1289,1294,1272,1286
2001-12-20,1280,1292,1268,1281
2001-12-21,1285,1289,1278,1283
2001-12-27,1273,1312,1260,1309
2001-12-28,1302,1331,1301,1310
2002-01-02,1310,1325,1293,1296
2002-01-03,1288,1300,1282,1294
2002-01-04,1297,1391,1295,1386
2002-01-07,1390,1415,1378,1411
2002-01-08,1401,1408,1383,1389
2002-01-09,1376,1403,1370,1398
2002-01-10,1410,1422,1368,1371
2002-01-11,1375,1376,1355,1357
2002-01-14,1300,1329,1292,1301
2002-01-15,1290,1320,1260,1308
2002-01-16,1333,1344,1302,1337
2002-01-17,1335,1339,1311,1320
2002-01-18,1308,1309,1273,1286
2002-01-22,1273,1339,1270,1332
2002-01-23,1345,1368,1333,1360
2002-01-24,1352,1369,1325,1330
2002-01-25,1329,1351,1315,1347
2002-01-28,1360,1365,1341,1343
2002-01-29,1340,1351,1327,1343
2002-01-30,1361,1375,1352,1367
2002-01-31,1355,1355,1332,1344
2002-02-01,1342,1361,1337,1350
2002-02-04,1357,1403,1350,1396
2002-02-05,1402,1419,1369,1379
2002-02-06,1381,1402,1380,1394
2002-02-07,1416,1448,1403,1444
2002-02-08,1455,1469,1446,1459
2002-02-11,1451,1486,1443,1482
2002-02-12,1465,1473,1447,1468
2002-02-13,1465,1481,1453,1458
2002-02-14,1455,1460,1431,1453
2002-02-15,1447,1478,1443,1467
2002-02-19,1442,1452,1426,1432
2002-02-20,1405,1415,1390,1393
2002-02-21,1420,1423,1391,1393
2002-02-22,1400,1429,1400,1427
2002-02-25,1432,1455,1421,1449
2002-02-26,1465,1480,1462,1467
2002-02-27,1451,1469,1440,1445
2002-02-28,1440,1457,1434,1450
2002-03-01,1460,1497,1459,1495
2002-03-04,1495,1502,1487,1491
2002-03-05,1486,1487,1465,1475
2002-03-06,1480,1496,1470,1488
2002-03-07,1505,1524,1501,1521
2002-03-08,1530,1535,1513,1524
2002-03-11,1510,1553,1502,1550
2002-03-12,1553,1562,1541,1552
2002-03-13,1540,1561,1527,1558
2002-03-14,1552,1573,1546,1566
2002-03-15,1556,1571,1554,1559
2002-03-18,1545,1555,1531,1543
2002-03-19,1550,1552,1529,1536
2002-03-20,1521,1534,1507,1511
2002-03-21,1511,1525,1505,1510
2002-03-22,1525,1541,1511,1535
2002-03-25,1542,1549,1485,1488
2002-03-26,1475,1484,1466,1470
2002-03-27,1477,1505,1476,1504
2002-03-28,1500,1514,1487,1494
2002-04-01,1500,1508,1495,1504
2002-04-02,1488,1504,1485,1488
2002-04-03,1483,1488,1471,1479
2002-04-04,1495,1523,1495,1512
2002-04-05,1520,1578,1512,1559
2002-04-08,1524,1542,1492,1497
2002-04-09,1482,1489,1462,1484
2002-04-10,1491,1493,1420,1458
2002-04-11,1456,1466,1443,1464
2002-04-12,1460,1496,1446,1490
2002-04-15,1485,1496,1476,1482
2002-04-16,1477,1492,1471,1488
2002-04-17,1500,1550,1500,1537
2002-04-18,1545,1566,1536,1559
2002-04-19,1540,1549,1524,1541
2002-04-22,1530,1551,1525,1547
2002-04-23,1555,1570,1542,1558
2002-04-24,1562,1563,1527,1531
2002-04-25,1520,1538,1502,1507
2002-04-26,1506,1514,1499,1512
2002-04-29,1514,1515,1468,1475
2002-04-30,1465,1515,1450,1510
2002-05-01,1495,1495,1462,1465
2002-05-02,1460,1489,1455,1483
2002-05-03,1462,1500,1441,1482
2002-05-06,1478,1478,1451,1455
2002-05-07,1452,1474,1442,1458
2002-05-08,1450,1475,1448,1472
2002-05-09,1467,1499,1456,1496
2002-05-10,1488,1503,1482,1493
2002-05-13,1488,1542,1484,1537
2002-05-14,1537,1550,1521,1528
2002-05-15,1525,1545,1519,1538
2002-05-16,1585,1598,1561,1595
2002-05-17,1598,1601,1579,1588
2002-05-20,1583,1585,1566,1574
2002-05-21,1580,1599,1568,1591
2002-05-22,1579,1604,1556,1560
2002-05-23,1550,1574,1546,1563
2002-05-24,1557,1567,1546,1549
2002-05-28,1551,1574,1541,1565
2002-05-29,1581,1594,1580,1589
2002-05-30,1588,1612,1586,1608
2002-05-31,1615,1620,1594,1598
2002-06-03,1595,1595,1567,1577
2002-06-04,1577,1590,1577,1584
2002-06-05,1589,1591,1552,1566
2002-06-06,1566,1574,1554,1560
2002-06-07,1565,1566,1543,1549
2002-06-10,1515,1515,1435,1444
2002-06-11,1442,1470,1429,1466
2002-06-12,1505,1510,1478,1491
2002-06-13,1485,1504,1475,1488
2002-06-14,1485,1493,1478,1484
2002-06-17,1467,1503,1461,1492
2002-06-18,1492,1509,1492,1499
2002-06-19,1516,1527,1511,1518
2002-06-20,1522,1580,1515,1573
2002-06-21,1580,1624,1565,1616
2002-06-24,1625,1635,1602,1631
2002-06-25,1630,1643,1616,1637
2002-06-26,1650,1655,1618,1643
2002-06-27,1637,1660,1625,1653
2002-06-28,1658,1663,1627,1647
2002-07-01,1635,1678,1632,1670
2002-07-02,1685,1699,1665,1697
2002-07-03,1705,1720,1695,1712
2002-07-08,1721,1737,1705,1727
2002-07-09,1727,1769,1717,1767
2002-07-10,1760,1792,1756,1788
2002-07-11,1780,1825,1765,1818
2002-07-12,1808,1812,1740,1751
2002-07-15,1766,1805,1758,1804
2002-07-16,1810,1821,1787,1815
2002-07-17,1795,1805,1760,1773
2002-07-18,1775,1786,1748,1751
2002-07-19,1760,1819,1753,1799
2002-07-22,1803,1843,1802,1819
2002-07-23,1785,1798,1767,1773
2002-07-24,1760,1761,1712,1723
2002-07-25,1725,1800,1723,1796
2002-07-26,1800,1822,1772,1788
2002-07-29,1783,1783,1751,1759
2002-07-30,1760,1787,1760,1771
2002-07-31,1762,1805,1760,1787
2002-08-01,1782,1785,1736,1745
2002-08-02,1702,1722,1695,1702
2002-08-05,1700,1729,1700,1712
2002-08-06,1707,1734,1706,1728
2002-08-07,1745,1773,1741,1767
2002-08-08,1770,1794,1767,1780
2002-08-09,1810,1828,1782,1811
2002-08-12,1800,1824,1798,1811
2002-08-13,1822,1865,1818,1832
2002-08-14,1840,1848,1826,1844
2002-08-15,1845,1887,1842,1884
2002-08-16,1900,1903,1875,1883
2002-08-19,1890,1910,1883,1896
2002-08-20,1897,1919,1897,1917
2002-08-21,1900,1950,1892,1937
2002-08-22,1940,1967,1938,1958
2002-08-23,1952,1963,1944,1958
2002-08-26,1953,1953,1923,1940
2002-08-27,1940,1969,1940,1964
2002-08-28,1964,1988,1958,1984
2002-08-29,2000,2018,1997,2017
2002-08-30,2018,2023,1997,2002
2002-09-03,1992,1992,1930,1961
2002-09-04,1965,1998,1953,1994
2002-09-05,2014,2014,1986,2000
2002-09-06,2000,2034,1996,2031
2002-09-09,2040,2053,2031,2036
2002-09-10,2027,2028,1996,2015
2002-09-11,2020,2029,2020,2026
2002-09-12,2040,2042,2020,2034
2002-09-13,2025,2025,2002,2016
2002-09-16,2013,2058,2013,2050
2002-09-17,2050,2065,2047,2062
2002-09-18,2077,2077,2054,2075
2002-09-19,2110,2124,2080,2120
2002-09-20,2115,2122,2093,2113
2002-09-23,2124,2138,2115,2130
2002-09-24,2110,2124,2105,2120
2002-09-25,2145,2164,2145,2157
2002-09-26,2147,2157,2129,2152
2002-09-27,2160,2174,2148,2151
2002-09-30,2171,2206,2171,2191
2002-10-01,2188,2201,2181,2195
2002-10-02,2180,2210,2178,2200
2002-10-03,2202,2219,2201,2215
2002-10-04,2191,2232,2188,2224
2002-10-07,2245,2254,2242,2250
2002-10-08,2261,2274,2254,2268
2002-10-09,2300,2319,2295,2317
2002-10-10,2330,2377,2330,2374
2002-10-11,2402,2405,2310,2325
2002-10-14,2354,2357,2330,2338
2002-10-15,2310,2310,2246,2298
2002-10-16,2315,2320,2185,2212
2002-10-17,2169,2169,2109,2111
2002-10-18,1985,1992,1899,1910
2002-10-21,1855,1982,1842,1924
2002-10-22,1980,2028,1962,1994
2002-10-23,2050,2071,2031,2034
2002-10-24,1990,2039,1982,2025
2002-10-25,2005,2055,2002,2034
2002-10-28,1980,1999,1967,1979
2002-10-29,1920,1927,1855,1893
2002-10-30,1888,1950,1888,1927
2002-10-31,1935,1947,1925,1927
2002-11-01,1885,1926,1880,1901
2002-11-04,1820,1841,1788,1806
2002-11-05,1845,1853,1796,1809
2002-11-06,1777,1875,1773,1864
2002-11-07,1885,1896,1860,1879
2002-11-08,1860,1877,1840,1843
2002-11-11,1859,1859,1800,1804
2002-11-12,1780,1780,1729,1737
2002-11-13,1737,1748,1711,1716
2002-11-14,1750,1790,1717,1721
2002-11-15,1725,1740,1716,1723
2002-11-18,1729,1773,1722,1753
2002-11-19,1756,1778,1733,1748
2002-11-20,1730,1748,1728,1738
2002-11-21,1725,1758,1718,1741
2002-11-22,1737,1751,1728,1733
2002-11-25,1680,1708,1655,1705
2002-11-26,1670,1703,1667,1691
2002-11-27,1701,1780,1695,1703
2002-12-02,1790,1790,1747,1753
2002-12-03,1763,1832,1758,1829
2002-12-04,1840,1858,1825,1848
2002-12-05,1838,1908,1838,1895
2002-12-06,1930,1961,1925,1947
2002-12-09,1985,2056,1985,2050
2002-12-10,2105,2120,2058,2086
2002-12-11,2050,2053,2008,2019
2002-12-12,2028,2030,2008,2026
2002-12-13,2035,2078,2035,2060
2002-12-16,2050,2055,2020,2044
2002-12-17,2032,2083,2013,2077
2002-12-18,2090,2092,2053,2061
2002-12-19,2070,2092,2064,2074
2002-12-20,2070,2079,2061,2070
2002-12-23,2075,2078,2035,2051
2002-12-24,2047,2058,2038,2052
2002-12-27,2040,2045,1996,2018
2002-12-30,2010,2010,1988,2004
2002-12-31,2025,2028,2005,2021
2003-01-02,2035,2135,2033,2099
2003-01-03,2130,2150,2120,2145
2003-01-06,2135,2200,2130,2191
2003-01-07,2190,2198,2175,2189
2003-01-08,2165,2172,2078,2089
2003-01-09,2090,2200,2090,2160
2003-01-10,2150,2172,2136,2155
2003-01-13,2125,2180,2073,2077
2003-01-14,2080,2125,2060,2064
2003-01-15,2069,2090,2055,2077
2003-01-16,2102,2175,2082,2154
2003-01-17,2145,2188,2144,2151
2003-01-21,2145,2160,2122,2155
2003-01-22,2150,2172,2135,2165
2003-01-23,2200,2250,2147,2229
2003-01-24,2200,2209,2167,2187
2003-01-27,2244,2257,2211,2250
2003-01-28,2290,2304,2265,2301
2003-01-29,2355,2370,2325,2345
2003-01-30,2330,2392,2315,2386
2003-01-31,2420,2420,2375,2409
2003-02-03,2408,2410,2352,2379
2003-02-04,2380,2420,2368,2399
2003-02-05,2385,2404,2361,2380
2003-02-06,2320,2340,2263,2275
2003-02-07,2299,2345,2290,2342
2003-02-10,2310,2318,2291,2302
2003-02-11,2285,2288,2258,2269
2003-02-12,2249,2300,2242,2290
2003-02-13,2305,2320,2275,2278
2003-02-14,2290,2353,2283,2342
2003-02-19,2295,2309,2282,2289
2003-02-20,2200,2215,2045,2072
2003-02-21,2082,2099,2050,2078
2003-02-24,2085,2115,2073,2101
2003-02-25,2081,2098,1940,1944
2003-02-26,1947,2050,1945,2038
2003-02-27,2035,2059,2016,2038
2003-02-28,2050,2052,2024,2034
2003-03-03,2052,2054,1935,1941
2003-03-04,1960,1998,1953,1971
2003-03-05,1965,2040,1961,2014
2003-03-06,2030,2030,1950,1992
2003-03-07,1970,2040,1970,2035
2003-03-10,2005,2019,1969,2013
2003-03-11,1985,2009,1980,1995
2003-03-12,1980,2025,1910,2011
2003-03-13,1990,2000,1967,1980
2003-03-14,1940,2022,1930,1988
2003-03-17,1975,1997,1963,1976
2003-03-18,2005,2070,2004,2054
2003-03-19,2040,2055,2020,2023
2003-03-20,2015,2050,1954,2029
2003-03-21,2020,2030,1965,1991
2003-03-24,1975,1995,1940,1953
2003-03-25,1939,1962,1922,1939
2003-03-26,1920,1928,1892,1920
2003-03-27,1930,1985,1898,1911
2003-03-28,1911,1930,1902,1918
2003-03-31,1940,1975,1931,1960
2003-04-01,1960,1970,1936,1951
2003-04-02,1951,1995,1946,1979
2003-04-03,1965,1965,1930,1937
2003-04-04,1935,2009,1920,1995
2003-04-07,1923,1925,1904,1919
2003-04-08,1925,1977,1924,1962
2003-04-09,1962,1987,1950,1954
2003-04-10,1921,1938,1881,1900
2003-04-11,1910,1915,1834,1840
2003-04-14,1842,1862,1838,1846
2003-04-15,1852,1858,1800,1835
2003-04-16,1845,1875,1841,1847
2003-04-17,1820,1860,1817,1855
2003-04-21,1856,1891,1856,1869
2003-04-22,1860,1955,1856,1952
2003-04-23,1925,1935,1871,1886
2003-04-24,1891,1945,1891,1931
2003-04-25,1920,1989,1910,1985
2003-04-28,1980,1980,1953,1971
2003-04-29,1980,2015,1952,1999
2003-04-30,2005,2023,1980,1991
2003-05-01,2008,2008,1968,2004
2003-05-02,2008,2010,1938,1952
2003-05-05,1952,1952,1870,1877
2003-05-06,1899,1899,1856,1877
2003-05-07,1864,1872,1803,1824
2003-05-08,1835,1841,1790,1805
2003-05-09,1815,1839,1804,1817
2003-05-12,1822,1822,1793,1796
2003-05-13,1790,1795,1726,1732
2003-05-14,1730,1768,1727,1757
2003-05-15,1742,1757,1703,1720
2003-05-16,1720,1754,1708,1746
2003-05-19,1740,1740,1671,1689
2003-05-20,1684,1698,1638,1643
2003-05-21,1595,1635,1565,1630
2003-05-22,1660,1689,1643,1669
2003-05-23,1655,1679,1638,1677
2003-05-27,1630,1630,1565,1576
2003-05-28,1581,1600,1555,1584
2003-05-29,1583,1587,1460,1471
2003-05-30,1485,1529,1485,1493
2003-06-02,1450,1549,1420,1540
2003-06-03,1510,1580,1501,1530
2003-06-04,1530,1563,1504,1538
2003-06-05,1555,1575,1475,1501
2003-06-06,1510,1545,1498,1505
2003-06-09,1461,1485,1443,1472
2003-06-10,1490,1490,1453,1458
2003-06-11,1466,1481,1456,1475
2003-06-12,1470,1515,1463,1478
2003-06-13,1468,1513,1460,1468
2003-06-16,1495,1558,1470,1500
2003-06-17,1500,1555,1484,1550
2003-06-18,1565,1595,1559,1570
2003-06-19,1579,1595,1486,1495
2003-06-20,1500,1560,1500,1553
2003-06-23,1538,1602,1537,1553
2003-06-24,1548,1565,1530,1538
2003-06-25,1558,1584,1553,1572
2003-06-26,1580,1597,1571,1577
2003-06-27,1600,1660,1600,1634
2003-06-30,1650,1655,1626,1651
2003-07-01,1635,1680,1602,1635
2003-07-02,1620,1657,1608,1649
2003-07-03,1630,1667,1627,1647
2003-07-07,1647,1680,1627,1662
2003-07-08,1655,1665,1633,1648
2003-07-09,1650,1654,1573,1588
2003-07-10,1560,1566,1515,1529
2003-07-11,1515,1565,1510,1527
2003-07-14,1500,1509,1477,1488
2003-07-15,1482,1507,1475,1479
2003-07-16,1475,1523,1468,1514
2003-07-17,1505,1555,1495,1547
2003-07-18,1540,1545,1450,1466
2003-07-21,1460,1492,1436,1463
2003-07-22,1445,1461,1425,1427
2003-07-23,1421,1457,1420,1445
2003-07-24,1446,1482,1445,1448
2003-07-25,1450,1486,1450,1464
2003-07-28,1444,1464,1425,1432
2003-07-29,1420,1485,1420,1478
2003-07-30,1472,1498,1470,1485
2003-07-31,1473,1496,1460,1465
2003-08-01,1455,1480,1450,1465
2003-08-04,1475,1485,1450,1476
2003-08-05,1478,1486,1458,1469
2003-08-06,1472,1522,1420,1435
2003-08-07,1455,1488,1447,1462
2003-08-08,1470,1502,1470,1489
2003-08-11,1460,1480,1446,1469
2003-08-12,1470,1495,1452,1454
2003-08-13,1458,1485,1451,1479
2003-08-14,1485,1485,1463,1481
2003-08-15,1483,1487,1460,1466
2003-08-18,1460,1525,1456,1508
2003-08-19,1508,1542,1497,1501
2003-08-20,1510,1548,1508,1542
2003-08-21,1549,1600,1544,1597
2003-08-22,1610,1625,1577,1616
2003-08-25,1620,1685,1603,1668
2003-08-26,1668,1740,1653,1733
2003-08-27,1720,1760,1685,1695
2003-08-28,1710,1765,1702,1753
2003-08-29,1755,1770,1716,1761
2003-09-02,1725,1740,1692,1733
2003-09-03,1685,1688,1652,1663
2003-09-04,1668,1714,1668,1704
2003-09-05,1715,1719,1685,1700
2003-09-08,1682,1706,1675,1696
2003-09-09,1696,1700,1655,1666
2003-09-10,1645,1660,1619,1631
2003-09-11,1608,1617,1522,1528
2003-09-12,1530,1530,1481,1499
2003-09-15,1500,1515,1479,1512
2003-09-16,1500,1505,1467,1470
2003-09-17,1480,1526,1475,1515
2003-09-18,1507,1510,1469,1478
2003-09-19,1480,1530,1478,1519
2003-09-22,1519,1535,1488,1503
2003-09-23,1555,1625,1555,1603
2003-09-24,1582,1645,1555,1637
2003-09-25,1680,1708,1656,1663
2003-09-26,1625,1625,1595,1602
2003-09-29,1580,1609,1571,1605
2003-09-30,1615,1648,1615,1626
2003-10-01,1611,1643,1555,1563
2003-10-02,1545,1562,1533,1554
2003-10-03,1565,1575,1547,1560
2003-10-06,1550,1572,1520,1546
2003-10-07,1540,1574,1533,1549
2003-10-08,1560,1572,1451,1456
2003-10-09,1460,1476,1445,1466
2003-10-10,1475,1490,1445,1460
2003-10-13,1430,1519,1428,1490
2003-10-14,1477,1490,1457,1460
2003-10-15,1465,1498,1462,1480
2003-10-16,1475,1477,1446,1458
2003-10-17,1448,1474,1360,1367
2003-10-20,1367,1405,1364,1385
2003-10-21,1405,1415,1395,1407
2003-10-22,1417,1426,1372,1387
2003-10-23,1399,1440,1390,1409
2003-10-24,1409,1438,1392,1432
2003-10-27,1437,1447,1410,1420
2003-10-28,1422,1437,1404,1411
2003-10-29,1425,1440,1413,1431
2003-10-30,1431,1445,1410,1429
2003-10-31,1429,1470,1395,1440
2003-11-03,1430,1442,1418,1422
2003-11-04,1410,1452,1403,1442
2003-11-05,1450,1500,1445,1471
2003-11-06,1437,1439,1416,1423
2003-11-07,1418,1485,1412,1474
2003-11-10,1458,1465,1421,1426
2003-11-11,1428,1455,1424,1451
2003-11-12,1450,1525,1436,1517
2003-11-13,1507,1575,1497,1554
2003-11-14,1580,1598,1557,1591
2003-11-17,1580,1585,1545,1552
2003-11-18,1555,1580,1524,1526
2003-11-19,1540,1560,1522,1555
2003-11-20,1555,1573,1530,1540
2003-11-21,1535,1544,1488,1491
2003-11-24,1495,1496,1470,1479
2003-11-25,1486,1489,1423,1426
2003-11-26,1430,1445,1415,1438
2003-12-01,1518,1560,1503,1552
2003-12-02,1545,1580,1532,1540
2003-12-03,1560,1590,1553,1576
2003-12-04,1610,1623,1590,1604
2003-12-05,1575,1612,1557,1595
2003-12-08,1585,1629,1581,1623
2003-12-09,1670,1735,1656,1731
2003-12-10,1790,1790,1685,1713
2003-12-11,1730,1735,1650,1673
2003-12-12,1685,1701,1667,1674
2003-12-15,1649,1667,1633,1637
2003-12-16,1600,1605,1562,1573
2003-12-17,1570,1622,1563,1590
2003-12-18,1595,1595,1568,1583
2003-12-19,1578,1582,1554,1572
2003-12-22,1570,1596,1550,1551
2003-12-23,1545,1560,1538,1544
2003-12-24,1546,1560,1536,1559
2003-12-29,1540,1567,1532,1548
2003-12-30,1547,1549,1535,1537
2003-12-31,1545,1557,1500,1515
2004-01-05,1500,1506,1456,1474
2004-01-06,1505,1580,1498,1550
2004-01-07,1530,1650,1529,1642
2004-01-08,1635,1650,1602,1611
2004-01-09,1660,1698,1656,1671
2004-01-12,1660,1668,1631,1665
2004-01-13,1650,1685,1626,1641
2004-01-14,1605,1619,1586,1608
2004-01-15,1600,1629,1595,1605
2004-01-16,1620,1636,1590,1597
2004-01-20,1650,1660,1580,1589
2004-01-21,1620,1635,1595,1632
2004-01-22,1665,1683,1647,1678
2004-01-23,1650,1657,1606,1609
2004-01-26,1600,1635,1571,1604
2004-01-27,1585,1603,1575,1589
2004-01-28,1560,1573,1520,1525
2004-01-29,1530,1549,1526,1537
2004-01-30,1535,1560,1515,1520
2004-02-02,1510,1535,1504,1530
2004-02-03,1550,1605,1548,1600
2004-02-04,1610,1615,1578,1581
2004-02-05,1588,1614,1577,1600
2004-02-06,1580,1604,1540,1543
2004-02-09,1548,1550,1505,1512
2004-02-10,1518,1538,1500,1535
2004-02-11,1530,1533,1512,1526
2004-02-12,1530,1562,1524,1556
2004-02-13,1555,1558,1505,1544
2004-02-17,1524,1574,1516,1542
2004-02-18,1540,1549,1523,1531
2004-02-19,1500,1500,1462,1466
2004-02-20,1457,1482,1445,1456
2004-02-23,1456,1469,1451,1454
2004-02-24,1451,1495,1449,1493
2004-02-25,1488,1515,1476,1513
2004-02-26,1550,1590,1532,1581
2004-02-27,1580,1596,1560,1570
2004-03-01,1565,1570,1510,1557
2004-03-02,1557,1563,1518,1528
2004-03-03,1490,1504,1476,1491
2004-03-04,1485,1498,1463,1475
2004-03-05,1473,1503,1451,1461
2004-03-08,1475,1478,1453,1462
2004-03-09,1410,1447,1410,1443
2004-03-10,1425,1425,1380,1384
2004-03-11,1395,1415,1390,1401
2004-03-12,1398,1414,1391,1407
2004-03-15,1425,1450,1425,1443
2004-03-16,1441,1484,1434,1474
2004-03-17,1465,1479,1418,1431
2004-03-18,1470,1479,1450,1451
2004-03-19,1448,1451,1429,1441
2004-03-22,1468,1507,1465,1493
2004-03-23,1485,1494,1476,1479
2004-03-24,1495,1511,1482,1483
2004-03-25,1485,1510,1440,1462
2004-03-26,1475,1499,1453,1478
2004-03-29,1465,1476,1451,1471
2004-03-30,1468,1499,1465,1496
2004-03-31,1510,1555,1506,1549
2004-04-01,1540,1562,1512,1517
2004-04-02,1508,1514,1405,1418
2004-04-05,1416,1440,1413,1436
2004-04-06,1420,1435,1410,1432
2004-04-07,1425,1427,1390,1413
2004-04-08,1385,1420,1385,1416
2004-04-12,1416,1416,1382,1389
2004-04-13,1397,1399,1379,1382
2004-04-14,1382,1399,1377,1389
2004-04-15,1373,1386,1372,1376
2004-04-16,1360,1373,1350,1356
2004-04-19,1355,1395,1352,1379
2004-04-20,1355,1366,1334,1337
2004-04-21,1325,1350,1325,1345
2004-04-22,1345,1353,1331,1338
2004-04-23,1349,1362,1336,1354
2004-04-26,1375,1405,1373,1396
2004-04-27,1385,1393,1375,1378
2004-04-28,1383,1408,1381,1405
2004-04-29,1395,1420,1395,1413
2004-04-30,1413,1430,1405,1413
2004-05-03,1410,1416,1384,1385
2004-05-04,1385,1410,1370,1395
2004-05-05,1390,1390,1352,1362
2004-05-06,1372,1388,1358,1361
2004-05-07,1360,1370,1347,1356
2004-05-10,1349,1364,1342,1358
2004-05-11,1353,1376,1351,1358
2004-05-12,1360,1382,1355,1358
2004-05-13,1345,1345,1328,1343
2004-05-14,1324,1332,1314,1322
2004-05-17,1330,1335,1310,1314
2004-05-18,1307,1323,1299,1320
2004-05-19,1340,1342,1324,1327
2004-05-20,1340,1430,1339,1416
2004-05-21,1410,1421,1360,1382
2004-05-24,1380,1387,1363,1368
2004-05-25,1372,1398,1372,1396
2004-05-26,1396,1398,1370,1383
2004-05-27,1390,1439,1390,1437
2004-05-28,1439,1476,1426,1465
2004-06-01,1450,1454,1405,1423
2004-06-02,1415,1428,1338,1342
2004-06-03,1340,1368,1331,1346
2004-06-04,1351,1352,1326,1334
2004-06-07,1338,1342,1318,1333
2004-06-08,1360,1390,1352,1357
2004-06-09,1364,1378,1356,1371
2004-06-10,1361,1370,1353,1360
2004-06-14,1348,1350,1335,1338
2004-06-15,1355,1372,1348,1351
2004-06-16,1353,1395,1351,1370
2004-06-17,1359,1366,1345,1359
2004-06-18,1355,1382,1339,1342
2004-06-21,1344,1359,1341,1351
2004-06-22,1345,1352,1336,1344
2004-06-23,1342,1350,1337,1346
2004-06-24,1350,1350,1335,1337
2004-06-25,1341,1368,1340,1362
2004-06-28,1355,1391,1355,1383
2004-06-29,1376,1388,1363,1385
2004-06-30,1388,1408,1335,1341
2004-07-01,1351,1354,1325,1333
2004-07-02,1310,1329,1298,1317
2004-07-06,1303,1341,1301,1338
2004-07-07,1345,1425,1345,1419
2004-07-08,1470,1475,1410,1425
2004-07-09,1425,1446,1411,1422
2004-07-12,1422,1448,1410,1444
2004-07-13,1444,1444,1415,1437
2004-07-14,1437,1509,1426,1493
2004-07-15,1495,1539,1493,1531
2004-07-16,1531,1545,1520,1528
2004-07-19,1545,1572,1544,1566
2004-07-20,1560,1570,1546,1550
2004-07-21,1543,1606,1530,1604
2004-07-22,1610,1625,1540,1622
2004-07-23,1630,1639,1612,1620
2004-07-26,1620,1620,1575,1594
2004-07-27,1606,1616,1580,1604
2004-07-28,1625,1662,1625,1658
2004-07-29,1650,1672,1632,1663
2004-07-30,1642,1660,1620,1645
2004-08-02,1685,1705,1669,1692
2004-08-03,1708,1732,1680,1723
2004-08-04,1728,1738,1700,1727
2004-08-05,1690,1709,1673,1703
2004-08-06,1635,1648,1595,1610
2004-08-09,1648,1653,1622,1639
2004-08-10,1645,1687,1645,1681
2004-08-11,1692,1692,1607,1616
2004-08-12,1622,1661,1615,1645
2004-08-13,1648,1660,1634,1653
2004-08-16,1660,1660,1588,1605
2004-08-17,1585,1620,1568,1608
2004-08-18,1670,1675,1638,1649
2004-08-19,1698,1750,1695,1731
2004-08-20,1720,1765,1705,1738
2004-08-23,1710,1763,1700,1758
2004-08-24,1730,1748,1679,1703
2004-08-25,1699,1708,1651,1668
2004-08-26,1660,1720,1650,1707
2004-08-27,1716,1723,1684,1716
2004-08-30,1716,1722,1686,1719
2004-08-31,1688,1692,1656,1686
2004-09-01,1625,1639,1587,1595
2004-09-02,1592,1622,1578,1588
2004-09-03,1585,1588,1552,1571
2004-09-07,1535,1555,1475,1479
2004-09-08,1455,1498,1450,1488
2004-09-09,1490,1498,1460,1474
2004-09-10,1475,1493,1454,1457
2004-09-13,1452,1474,1442,1456
2004-09-14,1470,1483,1458,1476
2004-09-15,1486,1495,1459,1482
2004-09-16,1470,1470,1448,1453
2004-09-17,1458,1468,1452,1461
2004-09-20,1469,1488,1462,1474
2004-09-21,1469,1494,1466,1492
2004-09-22,1526,1543,1511,1526
2004-09-23,1527,1530,1500,1522
2004-09-24,1515,1515,1445,1458
2004-09-27,1458,1468,1450,1455
2004-09-28,1455,1470,1443,1445
2004-09-29,1438,1453,1431,1449
2004-09-30,1455,1475,1439,1453
2004-10-01,1440,1460,1438,1450
2004-10-04,1443,1459,1422,1424
2004-10-05,1411,1437,1410,1424
2004-10-06,1415,1419,1402,1406
2004-10-07,1396,1408,1390,1391
2004-10-08,1410,1450,1404,1425
2004-10-11,1431,1465,1422,1460
2004-10-12,1445,1459,1426,1440
2004-10-13,1440,1450,1427,1435
2004-10-14,1451,1480,1444,1457
2004-10-15,1452,1469,1440,1447
2004-10-18,1447,1468,1446,1456
2004-10-19,1470,1478,1434,1440
2004-10-20,1432,1442,1424,1427
2004-10-21,1432,1444,1431,1434
2004-10-22,1448,1463,1442,1448
2004-10-25,1448,1457,1442,1449
2004-10-26,1448,1461,1446,1457
2004-10-27,1477,1478,1465,1470
2004-10-28,1483,1500,1481,1485
2004-10-29,1498,1500,1455,1469
2004-11-01,1469,1469,1451,1453
2004-11-02,1456,1467,1451,1453
2004-11-03,1462,1470,1453,1460
2004-11-04,1520,1570,1518,1568
2004-11-05,1580,1638,1572,1633
2004-11-08,1800,1800,1751,1783
2004-11-09,1720,1800,1720,1792
2004-11-10,1805,1808,1690,1698
2004-11-11,1690,1743,1682,1736
2004-11-12,1730,1736,1675,1705
2004-11-15,1720,1756,1720,1753
2004-11-16,1730,1730,1678,1685
2004-11-17,1662,1662,1608,1610
2004-11-18,1615,1647,1600,1609
2004-11-19,1590,1625,1580,1597
2004-11-22,1585,1585,1551,1557
2004-11-23,1580,1602,1570,1595
2004-11-24,1595,1605,1582,1600
2004-11-29,1590,1603,1553,1600
2004-11-30,1620,1660,1617,1651
2004-12-01,1661,1663,1635,1659
2004-12-02,1675,1677,1632,1652
2004-12-03,1635,1714,1630,1710
2004-12-06,1700,1723,1691,1714
2004-12-07,1705,1709,1685,1687
2004-12-08,1670,1672,1638,1650
2004-12-09,1640,1670,1632,1638
2004-12-10,1620,1638,1617,1620
2004-12-13,1615,1630,1590,1607
2004-12-14,1610,1619,1592,1598
2004-12-15,1625,1669,1625,1667
2004-12-16,1677,1680,1650,1654
2004-12-17,1628,1628,1596,1600
2004-12-20,1585,1600,1575,1591
2004-12-21,1585,1590,1569,1572
2004-12-22,1560,1601,1556,1587
2004-12-23,1588,1588,1550,1552
2004-12-27,1570,1570,1555,1564
2004-12-28,1564,1588,1556,1561
2004-12-29,1555,1574,1535,1539
2004-12-30,1550,1570,1540,1547
2005-01-03,1540,1554,1526,1527
2005-01-04,1525,1534,1518,1523
2005-01-05,1518,1540,1517,1526
2005-01-06,1520,1526,1506,1514
2005-01-07,1508,1511,1470,1473
2005-01-10,1470,1489,1464,1466
2005-01-11,1466,1482,1464,1468
2005-01-12,1477,1502,1477,1486
2005-01-13,1486,1515,1483,1505
2005-01-14,1490,1513,1490,1500
2005-01-18,1497,1507,1487,1496
2005-01-19,1496,1510,1483,1499
2005-01-20,1499,1512,1493,1498
2005-01-21,1495,1496,1475,1486
2005-01-24,1488,1530,1486,1526
2005-01-25,1520,1536,1518,1527
2005-01-26,1522,1583,1520,1575
2005-01-27,1580,1596,1565,1577
2005-01-28,1577,1586,1560,1562
2005-01-31,1540,1558,1523,1525
2005-02-01,1532,1567,1530,1561
2005-02-02,1575,1606,1575,1603
2005-02-03,1590,1609,1580,1594
2005-02-04,1585,1587,1562,1576
2005-02-07,1580,1628,1561,1622
2005-02-08,1612,1615,1585,1604
2005-02-09,1604,1608,1540,1542
2005-02-10,1558,1569,1542,1567
2005-02-11,1576,1580,1556,1560
2005-02-14,1567,1585,1552,1561
2005-02-15,1562,1598,1562,1592
2005-02-16,1585,1599,1576,1585
2005-02-17,1585,1617,1585,1616
2005-02-18,1616,1633,1606,1620
2005-02-22,1620,1620,1590,1609
2005-02-23,1616,1640,1615,1627
2005-02-24,1631,1658,1604,1656
2005-02-25,1645,1663,1636,1654
2005-02-28,1665,1746,1665,1730
2005-03-01,1730,1754,1720,1752
2005-03-02,1720,1725,1705,1720
2005-03-03,1735,1742,1705,1729
2005-03-04,1735,1762,1723,1760
2005-03-07,1725,1782,1725,1776
2005-03-08,1790,1799,1767,1769
2005-03-09,1770,1776,1729,1738
2005-03-10,1775,1775,1735,1753
2005-03-11,1825,1842,1801,1804
2005-03-14,1794,1800,1764,1772
2005-03-15,1792,1795,1773,1785
2005-03-16,1785,1835,1773,1829
2005-03-17,1840,1850,1815,1830
2005-03-18,1837,1849,1825,1844
2005-03-21,1820,1830,1725,1733
2005-03-22,1725,1748,1723,1731
2005-03-23,1635,1641,1575,1588
2005-03-24,1570,1588,1560,1584
2005-03-28,1570,1580,1561,1570
2005-03-29,1580,1593,1576,1581
2005-03-30,1576,1587,1571,1579
2005-03-31,1605,1626,1602,1613
2005-04-01,1636,1669,1558,1571
2005-04-04,1560,1595,1560,1588
2005-04-05,1570,1577,1553,1555
2005-04-06,1525,1570,1510,1555
2005-04-07,1580,1598,1558,1577
2005-04-08,1565,1592,1563,1588
2005-04-11,1592,1592,1558,1563
2005-04-12,1568,1584,1555,1581
2005-04-13,1580,1589,1573,1581
2005-04-14,1575,1576,1535,1543
2005-04-15,1543,1543,1520,1533
2005-04-18,1533,1555,1516,1539
2005-04-19,1545,1568,1544,1555
2005-04-20,1551,1578,1551,1563
2005-04-21,1558,1558,1537,1538
2005-04-22,1515,1515,1493,1506
2005-04-25,1495,1495,1483,1486
2005-04-26,1490,1495,1474,1476
2005-04-27,1486,1511,1485,1500
2005-04-28,1500,1505,1484,1488
2005-04-29,1503,1525,1489,1492
2005-05-02,1485,1520,1483,1503
2005-05-03,1490,1516,1488,1490
2005-05-04,1490,1505,1486,1496
2005-05-05,1490,1493,1475,1480
2005-05-06,1478,1487,1455,1484
2005-05-09,1479,1494,1476,1489
2005-05-10,1495,1503,1492,1497
2005-05-11,1495,1509,1490,1491
2005-05-12,1484,1489,1466,1472
2005-05-13,1457,1463,1428,1430
2005-05-16,1420,1454,1417,1451
2005-05-17,1448,1449,1435,1438
2005-05-18,1445,1458,1441,1453
2005-05-19,1458,1469,1435,1446
2005-05-20,1440,1450,1432,1440
2005-05-23,1457,1463,1452,1459
2005-05-24,1466,1468,1434,1436
2005-05-25,1440,1450,1427,1429
2005-05-26,1415,1427,1413,1415
2005-05-27,1417,1431,1412,1412
2005-05-31,1415,1425,1415,1422
2005-06-01,1412,1416,1392,1394
2005-06-02,1408,1423,1403,1420
2005-06-03,1433,1445,1419,1429
2005-06-06,1425,1432,1408,1421
2005-06-07,1427,1438,1417,1435
2005-06-08,1458,1472,1452,1454
2005-06-09,1452,1466,1432,1439
2005-06-10,1444,1444,1428,1429
2005-06-13,1425,1436,1420,1427
2005-06-14,1439,1505,1437,1502
2005-06-15,1544,1562,1526,1560
2005-06-16,1545,1549,1516,1541
2005-06-17,1529,1558,1527,1544
2005-06-20,1550,1555,1530,1531
2005-06-21,1538,1546,1528,1545
2005-06-22,1563,1580,1558,1569
2005-06-23,1567,1589,1555,1579
2005-06-24,1590,1594,1525,1531
2005-06-27,1535,1550,1511,1545
2005-06-28,1537,1538,1506,1509
2005-06-29,1490,1506,1488,1497
2005-06-30,1490,1490,1443,1452
2005-07-01,1445,1465,1445,1451
2005-07-05,1430,1448,1425,1430
2005-07-06,1420,1430,1407,1411
2005-07-07,1402,1424,1395,1397
2005-07-08,1385,1403,1377,1398
2005-07-11,1420,1420,1388,1406
2005-07-12,1419,1428,1411,1412
2005-07-13,1412,1415,1396,1404
2005-07-14,1396,1428,1396,1409
2005-07-15,1408,1417,1401,1405
2005-07-18,1415,1444,1412,1439
2005-07-19,1435,1442,1419,1425
2005-07-20,1430,1443,1401,1404
2005-07-21,1415,1424,1391,1407
2005-07-22,1417,1419,1398,1407
2005-07-25,1415,1440,1412,1420
2005-07-26,1420,1438,1420,1437
2005-07-27,1442,1463,1442,1458
2005-07-28,1470,1472,1444,1453
2005-07-29,1455,1480,1451,1479
2005-08-01,1489,1489,1467,1482
2005-08-02,1480,1500,1475,1498
2005-08-03,1495,1505,1481,1491
2005-08-04,1495,1502,1475,1479
2005-08-05,1450,1469,1445,1455
2005-08-08,1460,1463,1428,1430
2005-08-09,1425,1425,1398,1402
2005-08-10,1445,1448,1430,1432
2005-08-11,1415,1420,1390,1392
2005-08-12,1392,1394,1374,1378
2005-08-15,1380,1388,1370,1375
2005-08-16,1380,1392,1378,1383
2005-08-17,1386,1386,1371,1372
2005-08-18,1390,1404,1383,1398
2005-08-19,1403,1410,1375,1394
2005-08-22,1390,1417,1389,1413
2005-08-23,1420,1426,1405,1410
2005-08-24,1422,1430,1403,1412
2005-08-25,1420,1422,1398,1403
2005-08-26,1410,1434,1398,1428
2005-08-29,1430,1442,1420,1428
2005-08-30,1410,1410,1391,1406
2005-08-31,1405,1415,1396,1404
2005-09-01,1414,1500,1410,1496
2005-09-02,1540,1555,1518,1550
2005-09-06,1535,1544,1520,1540
2005-09-07,1520,1552,1512,1549
2005-09-08,1543,1570,1543,1569
2005-09-09,1575,1575,1516,1531
2005-09-12,1500,1507,1480,1483
2005-09-13,1476,1482,1440,1445
2005-09-14,1442,1460,1419,1423
2005-09-15,1412,1417,1399,1405
2005-09-16,1405,1412,1384,1385
2005-09-19,1360,1375,1356,1371
2005-09-20,1375,1388,1367,1375
2005-09-21,1385,1395,1351,1352
2005-09-22,1354,1360,1337,1342
2005-09-23,1340,1359,1338,1350
2005-09-26,1340,1341,1328,1335
2005-09-27,1330,1355,1330,1351
2005-09-28,1353,1377,1353,1373
2005-09-29,1413,1440,1393,1434
2005-09-30,1429,1444,1408,1413
2005-10-03,1393,1411,1388,1401
2005-10-04,1402,1405,1381,1383
2005-10-05,1410,1417,1385,1388
2005-10-06,1380,1408,1378,1392
2005-10-07,1385,1389,1363,1367
2005-10-10,1370,1373,1351,1356
2005-10-11,1370,1372,1351,1356
2005-10-12,1350,1358,1347,1349
2005-10-13,1352,1373,1352,1369
2005-10-14,1390,1416,1385,1408
2005-10-17,1381,1388,1365,1367
2005-10-18,1370,1392,1370,1386
2005-10-19,1395,1405,1386,1392
2005-10-20,1385,1399,1364,1367
2005-10-21,1366,1382,1356,1366
2005-10-24,1370,1412,1369,1408
2005-10-25,1400,1408,1388,1403
2005-10-26,1400,1423,1395,1418
2005-10-27,1420,1428,1407,1415
2005-10-28,1405,1405,1371,1382
2005-10-31,1367,1372,1349,1351
2005-11-01,1360,1371,1352,1368
2005-11-02,1365,1378,1357,1369
2005-11-03,1373,1380,1366,1376
2005-11-04,1360,1362,1337,1344
2005-11-07,1375,1375,1355,1356
2005-11-08,1360,1364,1351,1364
2005-11-09,1366,1373,1364,1372
2005-11-10,1374,1385,1371,1377
2005-11-11,1365,1365,1347,1348
2005-11-14,1350,1358,1344,1351
2005-11-15,1360,1377,1346,1351
2005-11-16,1361,1367,1349,1354
2005-11-17,1356,1362,1347,1360
2005-11-18,1390,1430,1388,1425
2005-11-21,1440,1443,1395,1414
2005-11-22,1405,1435,1404,1429
2005-11-23,1446,1446,1406,1413
2005-11-28,1395,1427,1390,1409
2005-11-29,1402,1416,1393,1404
2005-11-30,1404,1419,1399,1415
2005-12-01,1430,1474,1425,1465
2005-12-02,1462,1484,1460,1478
2005-12-05,1448,1460,1435,1440
2005-12-06,1433,1439,1426,1429
2005-12-07,1430,1455,1423,1450
2005-12-08,1455,1468,1442,1463
2005-12-09,1455,1466,1443,1461
2005-12-12,1470,1492,1469,1479
2005-12-13,1483,1497,1475,1480
2005-12-14,1480,1482,1448,1460
2005-12-15,1453,1474,1445,1468
2005-12-16,1470,1480,1456,1461
2005-12-19,1450,1451,1436,1439
2005-12-20,1440,1454,1427,1448
2005-12-21,1450,1460,1442,1450
2005-12-22,1462,1482,1455,1478
2005-12-23,1475,1475,1459,1463
2005-12-27,1464,1465,1442,1445
2005-12-28,1447,1475,1437,1469
2005-12-29,1470,1505,1470,1501
2005-12-30,1505,1525,1498,1504
2006-01-03,1515,1548,1513,1546
2006-01-04,1540,1554,1532,1544
2006-01-05,1525,1530,1515,1519
2006-01-06,1503,1554,1499,1551
2006-01-09,1545,1554,1501,1505
2006-01-10,1518,1528,1506,1519
2006-01-11,1523,1528,1506,1518
2006-01-12,1530,1536,1515,1527
2006-01-13,1525,1529,1515,1518
2006-01-17,1548,1580,1544,1571
2006-01-18,1585,1600,1568,1598
2006-01-19,1542,1562,1530,1553
2006-01-20,1525,1575,1520,1548
2006-01-23,1560,1566,1530,1531
2006-01-24,1510,1510,1446,1451
2006-01-25,1472,1472,1445,1465
2006-01-26,1472,1486,1456,1485
2006-01-27,1478,1494,1452,1455
2006-01-30,1445,1480,1443,1477
2006-01-31,1475,1497,1470,1484
2006-02-01,1480,1496,1460,1467
2006-02-02,1470,1475,1451,1453
2006-02-03,1460,1495,1458,1474
2006-02-06,1466,1488,1461,1476
2006-02-07,1486,1523,1485,1517
2006-02-08,1544,1556,1528,1550
2006-02-09,1547,1561,1540,1549
2006-02-10,1551,1570,1544,1549
2006-02-13,1540,1540,1515,1517
2006-02-14,1520,1533,1505,1508
2006-02-15,1510,1514,1496,1500
2006-02-16,1496,1519,1488,1492
2006-02-17,1494,1500,1489,1490
2006-02-21,1492,1495,1441,1444
2006-02-22,1450,1479,1446,1476
2006-02-23,1470,1474,1452,1454
2006-02-24,1450,1465,1450,1459
2006-02-27,1459,1460,1435,1437
2006-02-28,1442,1470,1425,1461
2006-03-01,1450,1458,1438,1446
2006-03-02,1457,1475,1435,1437
2006-03-03,1435,1462,1431,1457
2006-03-06,1457,1468,1445,1455
2006-03-07,1450,1460,1444,1453
2006-03-08,1455,1495,1442,1493
2006-03-09,1488,1503,1479,1488
2006-03-10,1489,1496,1468,1471
2006-03-13,1454,1468,1445,1448
2006-03-14,1446,1458,1442,1444
2006-03-15,1470,1493,1470,1489
2006-03-16,1500,1516,1498,1511
2006-03-17,1520,1523,1490,1510
2006-03-20,1505,1508,1486,1489
2006-03-21,1490,1508,1482,1504
2006-03-22,1498,1510,1492,1505
2006-03-23,1509,1515,1480,1487
2006-03-24,1490,1500,1476,1490
2006-03-27,1490,1502,1481,1484
2006-03-28,1475,1488,1471,1482
2006-03-29,1476,1497,1475,1487
2006-03-30,1493,1513,1491,1509
2006-03-31,1503,1506,1481,1489
2006-04-03,1485,1505,1485,1501
2006-04-04,1509,1519,1484,1488
2006-04-05,1495,1506,1491,1503
2006-04-06,1500,1509,1488,1496
2006-04-07,1500,1501,1492,1494
2006-04-10,1520,1521,1465,1466
2006-04-11,1478,1478,1455,1458
2006-04-12,1458,1463,1454,1456
2006-04-13,1460,1462,1434,1438
2006-04-17,1445,1460,1438,1460
2006-04-18,1457,1474,1455,1457
2006-04-19,1463,1471,1458,1467
2006-04-20,1470,1480,1464,1473
2006-04-21,1470,1472,1459,1467
2006-04-24,1470,1495,1467,1488
2006-04-25,1492,1530,1491,1527
2006-04-26,1522,1533,1516,1527
2006-04-27,1525,1527,1502,1508
2006-04-28,1515,1530,1514,1521
2006-05-01,1526,1545,1520,1531
2006-05-02,1527,1528,1506,1523
2006-05-03,1528,1537,1515,1524
2006-05-04,1524,1535,1510,1516
2006-05-05,1506,1524,1497,1522
2006-05-08,1525,1528,1513,1522
2006-05-09,1522,1565,1520,1563
2006-05-10,1550,1578,1547,1561
2006-05-11,1555,1574,1552,1566
2006-05-12,1570,1573,1559,1572
2006-05-15,1557,1563,1537,1540
2006-05-16,1535,1555,1533,1553
2006-05-17,1553,1555,1535,1540
2006-05-18,1550,1560,1536,1550
2006-05-19,1545,1545,1509,1529
2006-05-22,1514,1520,1506,1515
2006-05-23,1515,1522,1498,1501
2006-05-24,1503,1503,1476,1479
2006-05-25,1480,1488,1471,1472
2006-05-26,1475,1475,1457,1461
2006-05-30,1461,1475,1455,1459
2006-05-31,1462,1475,1458,1473
2006-06-01,1498,1502,1469,1476
2006-06-02,1483,1493,1460,1461
2006-06-05,1473,1484,1467,1474
2006-06-06,1480,1481,1457,1460
2006-06-07,1460,1475,1459,1473
2006-06-08,1493,1500,1483,1484
2006-06-09,1486,1509,1486,1498
2006-06-12,1499,1510,1486,1490
2006-06-13,1486,1502,1486,1491
2006-06-14,1488,1515,1486,1509
2006-06-15,1521,1539,1521,1537
2006-06-16,1553,1555,1516,1539
2006-06-19,1545,1548,1525,1533
2006-06-20,1532,1541,1526,1528
2006-06-21,1530,1546,1530,1538
2006-06-22,1533,1537,1529,1535
2006-06-23,1543,1550,1535,1543
2006-06-26,1541,1564,1541,1557
2006-06-27,1535,1565,1534,1563
2006-06-28,1558,1579,1554,1578
2006-06-29,1586,1605,1583,1601
2006-06-30,1627,1649,1619,1639
2006-07-03,1655,1678,1642,1667
2006-07-05,1671,1704,1665,1701
2006-07-06,1705,1720,1686,1710
2006-07-07,1702,1732,1698,1729
2006-07-10,1720,1737,1715,1734
2006-07-11,1724,1738,1720,1730
2006-07-12,1700,1715,1696,1702
2006-07-13,1692,1704,1688,1696
2006-07-14,1700,1725,1698,1718
2006-07-17,1685,1690,1556,1558
2006-07-18,1494,1515,1492,1497
2006-07-19,1517,1527,1497,1503
2006-07-20,1510,1519,1501,1514
2006-07-21,1503,1510,1495,1502
2006-07-24,1500,1503,1475,1483
2006-07-25,1478,1499,1478,1484
2006-07-26,1495,1502,1477,1479
2006-07-27,1487,1508,1486,1489
2006-07-28,1493,1501,1488,1492
2006-07-31,1487,1498,1483,1486
2006-08-01,1476,1498,1476,1487
2006-08-02,1490,1496,1486,1487
2006-08-03,1493,1525,1493,1523
2006-08-04,1525,1543,1501,1504
2006-08-07,1507,1524,1502,1522
2006-08-08,1522,1546,1518,1537
2006-08-09,1600,1605,1575,1602
2006-08-10,1596,1615,1595,1606
2006-08-11,1605,1613,1599,1602
2006-08-14,1596,1596,1550,1564
2006-08-15,1545,1575,1542,1571
2006-08-16,1565,1610,1563,1594
2006-08-17,1598,1600,1572,1573
2006-08-18,1562,1562,1533,1545
2006-08-21,1549,1555,1530,1544
2006-08-22,1535,1535,1518,1521
2006-08-23,1515,1539,1511,1534
2006-08-24,1534,1550,1526,1529
2006-08-25,1532,1539,1508,1510
2006-08-28,1508,1508,1458,1459
2006-08-29,1463,1474,1461,1469
2006-08-30,1479,1488,1470,1471
2006-08-31,1470,1486,1462,1485
2006-09-01,1490,1508,1488,1506
2006-09-05,1486,1520,1486,1507
2006-09-06,1499,1502,1475,1480
2006-09-07,1482,1494,1480,1490
2006-09-08,1490,1492,1474,1480
2006-09-11,1485,1497,1475,1478
2006-09-12,1473,1484,1464,1477
2006-09-13,1472,1504,1472,1499
2006-09-14,1498,1503,1486,1488
2006-09-15,1482,1492,1471,1473
2006-09-18,1466,1468,1415,1420
2006-09-19,1420,1440,1418,1435
2006-09-20,1447,1470,1445,1467
2006-09-21,1469,1535,1467,1529
2006-09-22,1528,1534,1485,1499
2006-09-25,1499,1510,1480,1493
2006-09-26,1490,1502,1481,1489
2006-09-27,1496,1508,1492,1502
2006-09-28,1505,1508,1463,1467
2006-09-29,1475,1479,1449,1472
2006-10-02,1465,1474,1455,1463
2006-10-03,1465,1468,1447,1449
2006-10-04,1455,1463,1435,1448
2006-10-05,1455,1491,1453,1475
2006-10-06,1472,1478,1445,1451
2006-10-09,1448,1453,1436,1437
2006-10-10,1434,1447,1424,1432
2006-10-11,1428,1434,1420,1422
2006-10-12,1420,1420,1396,1413
2006-10-13,1418,1425,1410,1416
2006-10-16,1420,1421,1400,1406
2006-10-17,1426,1448,1421,1444
2006-10-18,1456,1463,1415,1419
2006-10-19,1429,1445,1425,1443
2006-10-20,1440,1447,1427,1434
2006-10-23,1445,1470,1445,1464
2006-10-24,1464,1466,1440,1458
2006-10-25,1461,1474,1455,1458
2006-10-26,1467,1495,1467,1489
2006-10-27,1489,1493,1465,1470
2006-10-30,1470,1498,1470,1486
2006-10-31,1486,1495,1476,1484
2006-11-01,1470,1475,1459,1463
2006-11-02,1465,1492,1457,1490
2006-11-03,1495,1504,1478,1484
2006-11-06,1516,1529,1505,1525
2006-11-07,1528,1556,1524,1545
2006-11-08,1540,1568,1540,1563
2006-11-09,1563,1574,1550,1567
2006-11-10,1552,1575,1545,1548
2006-11-13,1540,1547,1527,1535
2006-11-14,1534,1543,1512,1515
2006-11-15,1505,1534,1505,1533
2006-11-16,1529,1543,1485,1490
2006-11-17,1493,1512,1490,1500
2006-11-20,1498,1505,1478,1487
2006-11-21,1486,1492,1477,1480
2006-11-22,1490,1502,1485,1495
2006-11-27,1505,1513,1480,1484
2006-11-28,1485,1524,1485,1521
2006-11-29,1512,1539,1506,1523
2006-11-30,1532,1560,1531,1557
2006-12-01,1552,1580,1551,1563
2006-12-04,1564,1567,1543,1556
2006-12-05,1558,1575,1558,1571
2006-12-06,1563,1581,1554,1579
2006-12-07,1600,1609,1591,1604
2006-12-08,1602,1645,1598,1638
2006-12-11,1630,1655,1628,1652
2006-12-12,1675,1686,1637,1644
2006-12-13,1653,1676,1653,1669
2006-12-14,1675,1683,1657,1680
2006-12-15,1665,1672,1644,1650
2006-12-18,1643,1679,1643,1657
2006-12-19,1680,1694,1667,1691
2006-12-20,1688,1690,1625,1628
2006-12-21,1630,1648,1624,1645
2006-12-22,1623,1635,1621,1627
2006-12-26,1627,1630,1615,1621
2006-12-27,1615,1641,1615,1637
2006-12-28,1632,1648,1630,1634
2006-12-29,1640,1644,1631,1635
2007-01-03,1675,1696,1660,1684
2007-01-04,1670,1677,1650,1659
2007-01-05,1675,1680,1585,1607
2007-01-08,1585,1604,1578,1589
2007-01-09,1593,1597,1573,1588
2007-01-10,1605,1624,1605,1617
2007-01-11,1632,1644,1619,1628
2007-01-12,1612,1633,1598,1631
2007-01-16,1600,1611,1593,1606
2007-01-17,1595,1621,1588,1616
2007-01-18,1628,1631,1600,1603
2007-01-19,1600,1612,1585,1594
2007-01-22,1588,1597,1579,1589
2007-01-23,1599,1617,1599,1615
2007-01-24,1620,1622,1595,1599
2007-01-25,1608,1613,1596,1602
2007-01-26,1582,1590,1576,1578
2007-01-29,1566,1605,1566,1602
2007-01-30,1603,1620,1597,1616
2007-01-31,1602,1621,1589,1617
2007-02-01,1610,1650,1610,1641
2007-02-02,1646,1658,1616,1631
2007-02-05,1616,1640,1597,1634
2007-02-06,1640,1660,1637,1653
2007-02-07,1716,1737,1699,1733
2007-02-08,1740,1763,1735,1761
2007-02-09,1743,1758,1732,1751
2007-02-12,1753,1758,1734,1754
2007-02-13,1758,1760,1735,1749
2007-02-14,1739,1743,1710,1739
2007-02-15,1739,1793,1738,1787
2007-02-16,1786,1801,1775,1787
2007-02-20,1786,1800,1755,1761
2007-02-21,1767,1788,1742,1777
2007-02-22,1770,1782,1756,1769
2007-02-23,1770,1787,1766,1779
2007-02-26,1773,1794,1755,1763
2007-02-27,1756,1760,1725,1735
2007-02-28,1725,1756,1725,1732
2007-03-01,1732,1815,1732,1803
2007-03-02,1799,1807,1769,1804
2007-03-05,1796,1796,1763,1779
2007-03-06,1779,1793,1710,1715
2007-03-07,1715,1758,1697,1755
2007-03-08,1751,1786,1735,1776
2007-03-09,1776,1804,1776,1793
2007-03-12,1792,1804,1765,1790
2007-03-13,1797,1815,1781,1804
2007-03-14,1801,1801,1752,1756
2007-03-15,1766,1783,1758,1772
2007-03-16,1779,1800,1766,1790
2007-03-19,1780,1805,1771,1778
2007-03-20,1800,1871,1793,1864
2007-03-21,1870,1914,1868,1894
2007-03-22,1900,1927,1878,1901
2007-03-23,1908,1924,1895,1920
2007-03-26,1920,1942,1901,1926
2007-03-27,1922,1926,1889,1893
2007-03-28,1896,1941,1887,1925
2007-03-29,1926,1966,1918,1941
2007-03-30,1928,1969,1920,1953
2007-04-02,1953,1955,1824,1835
2007-04-03,1847,1882,1831,1866
2007-04-04,1873,1909,1870,1902
2007-04-05,1901,1929,1898,1913
2007-04-09,1932,1932,1905,1915
2007-04-10,1915,1927,1903,1915
2007-04-11,1912,1951,1912,1930
2007-04-12,1930,1930,1882,1911
2007-04-13,1911,1933,1880,1912
2007-04-16,1927,1945,1912,1935
2007-04-17,1933,1999,1933,1989
2007-04-18,1995,2014,1942,1956
2007-04-19,1950,1950,1850,1863
2007-04-20,1880,1920,1824,1905
2007-04-23,1905,1905,1855,1886
2007-04-24,1875,1880,1827,1856
2007-04-25,1848,1869,1832,1861
2007-04-26,1859,1900,1804,1823
2007-04-27,1826,1842,1810,1822
2007-04-30,1831,1831,1780,1798
2007-05-01,1798,1838,1755,1834
2007-05-02,1830,1864,1820,1855
2007-05-03,1852,1887,1850,1879
2007-05-04,1879,1879,1852,1873
2007-05-07,1866,1882,1865,1873
2007-05-08,1870,1896,1856,1890
2007-05-09,1890,1934,1887,1929
2007-05-10,1928,1950,1915,1922
2007-05-11,1915,1943,1895,1935
2007-05-14,1927,1941,1905,1926
2007-05-15,1925,1925,1885,1901
2007-05-16,1895,1920,1884,1900
2007-05-17,1900,1912,1890,1894
2007-05-18,1899,1958,1884,1947
2007-05-21,1950,1958,1926,1949
2007-05-22,1945,1968,1912,1923
2007-05-23,1923,1980,1915,1972
2007-05-24,1971,1985,1922,1943
2007-05-25,1943,1965,1910,1928
2007-05-29,1928,1934,1895,1903
2007-05-30,1900,1900,1868,1878
2007-05-31,1882,1899,1866,1883
2007-06-01,1888,1900,1855,1883
2007-06-04,1879,1880,1849,1856
2007-06-05,1856,1894,1853,1881
2007-06-06,1882,1900,1863,1875
2007-06-07,1882,1882,1836,1845
2007-06-08,1836,1853,1818,1822
2007-06-11,1846,1871,1842,1867
2007-06-12,1867,1882,1851,1866
2007-06-13,1866,1877,1860,1865
2007-06-14,1870,1940,1855,1932
2007-06-15,1935,1956,1925,1933
2007-06-18,1933,1967,1920,1964
2007-06-19,1962,1973,1938,1950
2007-06-20,1942,1950,1911,1918
2007-06-21,1920,1938,1905,1936
2007-06-22,1938,1958,1936,1955
2007-06-25,1950,1975,1946,1951
2007-06-26,1952,2025,1951,2017
2007-06-27,2010,2029,1997,2022
2007-06-28,2020,2030,1999,2010
2007-06-29,2012,2069,2005,2062
2007-07-02,2062,2080,2040,2051
2007-07-03,2044,2080,2038,2062
2007-07-05,2081,2129,2067,2116
2007-07-06,2119,2141,2101,2123
2007-07-09,2128,2141,2089,2100
2007-07-10,2075,2076,2014,2022
2007-07-11,2030,2075,2022,2065
2007-07-12,2067,2080,2048,2077
2007-07-13,2077,2087,2060,2075
2007-07-16,2072,2072,2026,2055
2007-07-17,2054,2118,2054,2094
2007-07-18,2090,2099,2070,2097
2007-07-19,2092,2119,2072,2114
2007-07-20,2114,2120,2095,2099
2007-07-23,2095,2095,2056,2067
2007-07-24,2055,2114,2042,2100
2007-07-25,2100,2100,2055,2059
2007-07-26,2060,2068,2000,2003
2007-07-27,2005,2015,1906,1931
2007-07-30,1950,1953,1918,1931
2007-07-31,1931,1948,1900,1942
2007-08-01,1945,1945,1905,1917
2007-08-02,1917,1943,1905,1914
2007-08-03,1917,1928,1885,1893
2007-08-06,1900,1900,1858,1866
2007-08-07,1869,1880,1820,1827
2007-08-08,1865,1923,1865,1908
2007-08-09,1906,1910,1847,1852
2007-08-10,1857,1865,1823,1854
2007-08-13,1860,1888,1845,1886
2007-08-14,1880,1897,1858,1871
2007-08-15,1871,1886,1833,1874
2007-08-16,1874,1885,1784,1795
2007-08-17,1795,1815,1774,1779
2007-08-20,1779,1804,1753,1759
2007-08-21,1766,1780,1754,1759
2007-08-22,1767,1779,1750,1754
2007-08-23,1754,1797,1754,1792
2007-08-24,1793,1816,1772,1798
2007-08-27,1799,1810,1771,1782
2007-08-28,1784,1788,1766,1770
2007-08-29,1774,1823,1774,1806
2007-08-30,1805,1807,1769,1794
2007-08-31,1800,1835,1800,1824
2007-09-04,1815,1819,1782,1795
2007-09-05,1804,1822,1768,1804
2007-09-06,1811,1854,1804,1835
2007-09-07,1845,1857,1825,1836
2007-09-10,1835,1872,1827,1852
2007-09-11,1850,1864,1835,1856
2007-09-12,1856,1857,1807,1829
2007-09-13,1820,1842,1805,1818
2007-09-14,1805,1848,1795,1837
2007-09-17,1836,1885,1819,1864
2007-09-18,1864,1888,1850,1873
2007-09-19,1884,1904,1858,1900
2007-09-20,1905,1978,1900,1971
2007-09-21,1972,2000,1941,1983
2007-09-24,1979,2020,1973,2011
2007-09-25,2006,2046,1990,2042
2007-09-26,2042,2053,2028,2046
2007-09-27,2045,2054,2005,2031
2007-09-28,2033,2055,2015,2036
2007-10-01,2036,2045,2007,2030
2007-10-02,2030,2030,1904,1917
2007-10-03,1907,1916,1852,1876
2007-10-04,1881,1904,1866,1875
2007-10-05,1875,1882,1850,1858
2007-10-08,1850,1850,1810,1816
2007-10-09,1815,1843,1814,1823
2007-10-10,1823,1842,1821,1835
2007-10-11,1835,1867,1830,1855
2007-10-12,1855,1855,1815,1838
2007-10-15,1837,1883,1829,1859
2007-10-16,1857,1883,1848,1870
2007-10-17,1870,1899,1853,1875
2007-10-18,1875,1897,1865,1883
2007-10-19,1881,1887,1858,1879
2007-10-22,1880,1890,1835,1841
2007-10-23,1845,1864,1837,1852
2007-10-24,1852,1857,1830,1838
2007-10-25,1830,1838,1823,1826
2007-10-26,1825,1940,1825,1911
2007-10-29,1900,1970,1881,1951
2007-10-30,1951,1977,1935,1945
2007-10-31,1938,1967,1928,1945
2007-11-01,1941,2002,1932,1974
2007-11-02,1974,1998,1959,1970
2007-11-05,1969,1969,1920,1937
2007-11-06,1929,1955,1923,1942
2007-11-07,1954,1988,1950,1954
2007-11-08,1968,1990,1954,1969
2007-11-09,1966,1976,1946,1951
2007-11-12,1947,1949,1911,1917
2007-11-13,1920,1931,1912,1931
2007-11-14,1930,1935,1914,1929
2007-11-15,1930,1930,1898,1915
2007-11-16,1916,1931,1906,1925
2007-11-19,1925,1929,1911,1920
2007-11-20,1920,1976,1915,1966
2007-11-21,1966,1975,1943,1951
2007-11-26,1950,1955,1925,1936
2007-11-27,1936,1944,1928,1938
2007-11-28,1938,1942,1922,1936
2007-11-29,1936,1986,1928,1971
2007-11-30,1976,1998,1966,1983
2007-12-03,1978,2037,1956,2030
2007-12-04,2030,2069,2026,2067
2007-12-05,2060,2085,2041,2072
2007-12-06,2061,2086,2053,2068
2007-12-07,2060,2073,2048,2057
2007-12-10,2051,2118,2048,2101
2007-12-11,2114,2122,2076,2088
2007-12-12,2077,2110,2075,2101
2007-12-13,2099,2130,2082,2114
2007-12-14,2086,2101,2060,2082
2007-12-17,2081,2095,2055,2086
2007-12-18,2086,2134,2086,2114
2007-12-19,2109,2147,2106,2132
2007-12-20,2129,2133,2083,2092
2007-12-21,2088,2109,2076,2086
2007-12-26,2075,2080,2022,2034
2007-12-27,2039,2070,2034,2066
2007-12-28,2066,2069,2052,2057
2007-12-31,2057,2065,2026,2035
2008-01-02,2028,2105,2028,2097
2008-01-03,2097,2141,2081,2120
2008-01-04,2120,2125,2078,2098
2008-01-07,2097,2164,2093,2131
2008-01-08,2131,2176,2131,2156
2008-01-09,2148,2157,2143,2151
2008-01-10,2151,2173,2151,2166
2008-01-11,2166,2183,2138,2162
2008-01-14,2169,2237,2163,2202
2008-01-15,2202,2223,2173,2186
2008-01-16,2186,2186,2132,2154
2008-01-17,2155,2217,2142,2171
2008-01-18,2168,2168,2100,2141
2008-01-22,2110,2136,2088,2131
2008-01-23,2138,2160,2111,2138
2008-01-24,2138,2203,2125,2192
2008-01-25,2192,2217,2192,2212
2008-01-28,2217,2218,2186,2213
2008-01-29,2211,2237,2202,2235
2008-01-30,2235,2295,2235,2288
2008-01-31,2288,2330,2288,2326
2008-02-01,2310,2339,2306,2326
2008-02-04,2330,2349,2316,2346
2008-02-05,2339,2365,2316,2338
2008-02-06,2368,2403,2362,2384
2008-02-07,2399,2433,2328,2364
2008-02-08,2364,2419,2350,2409
2008-02-11,2410,2424,2405,2418
2008-02-12,2447,2499,2420,2455
2008-02-13,2451,2505,2450,2488
2008-02-14,2495,2560,2481,2507
2008-02-15,2554,2587,2505,2526
2008-02-19,2512,2548,2500,2508
2008-02-20,2500,2518,2426,2457
2008-02-21,2461,2498,2455,2485
2008-02-22,2492,2575,2482,2562
2008-02-25,2562,2635,2554,2604
2008-02-26,2623,2665,2607,2632
2008-02-27,2653,2758,2618,2733
2008-02-28,2707,2813,2625,2802
2008-02-29,2793,2811,2739,2777
2008-03-03,2750,2793,2750,2776
2008-03-04,2786,2845,2724,2752
2008-03-05,2760,2788,2710,2778
2008-03-06,2750,2845,2693,2747
2008-03-07,2729,2750,2675,2738
2008-03-10,2705,2739,2664,2714
2008-03-11,2702,2796,2702,2779
2008-03-12,2779,2827,2750,2773
2008-03-13,2797,2944,2797,2922
2008-03-14,2911,2971,2859,2904
2008-03-17,2904,2935,2623,2730
2008-03-18,2680,2693,2588,2604
2008-03-19,2657,2760,2419,2533
2008-03-20,2437,2449,2259,2299
2008-03-24,2313,2415,2252,2265
2008-03-25,2307,2410,2283,2398
2008-03-26,2399,2460,2367,2423
2008-03-27,2408,2449,2288,2432
2008-03-28,2444,2447,2353,2363
2008-03-31,2360,2374,2301,2321
2008-04-01,2330,2330,2262,2282
2008-04-02,2269,2300,2217,2230
2008-04-03,2245,2329,2226,2247
2008-04-04,2242,2296,2237,2264
2008-04-07,2278,2380,2278,2351
2008-04-08,2356,2366,2313,2325
2008-04-09,2325,2431,2319,2404
2008-04-10,2407,2550,2407,2491
2008-04-11,2506,2565,2500,2560
2008-04-14,2553,2572,2538,2560
2008-04-15,2560,2601,2560,2589
2008-04-16,2589,2663,2589,2641
2008-04-17,2650,2753,2649,2741
2008-04-18,2755,2755,2535,2665
2008-04-21,2661,2739,2644,2670
2008-04-22,2676,2761,2675,2751
2008-04-23,2750,2800,2724,2780
2008-04-24,2780,2806,2738,2799
2008-04-25,2790,2799,2725,2788
2008-04-28,2770,2824,2758,2799
2008-04-29,2779,2799,2733,2775
2008-04-30,2750,2791,2735,2776
2008-05-01,2789,2797,2590,2617
2008-05-02,2617,2630,2555,2621
2008-05-05,2591,2635,2583,2631
2008-05-06,2632,2785,2621,2726
2008-05-07,2756,2770,2625,2682
2008-05-08,2672,2724,2633,2709
2008-05-09,2705,2758,2705,2741
2008-05-12,2740,2759,2714,2751
2008-05-13,2751,2755,2593,2624
2008-05-14,2613,2696,2592,2649
2008-05-15,2641,2655,2605,2629
2008-05-16,2622,2682,2606,2676
2008-05-19,2666,2705,2575,2611
2008-05-20,2600,2626,2576,2603
2008-05-21,2603,2612,2539,2586
2008-05-22,2590,2640,2554,2574
2008-05-23,2574,2595,2564,2577
2008-05-27,2589,2625,2577,2590
2008-05-28,2592,2626,2555,2622
2008-05-29,2626,2744,2616,2730
2008-05-30,2723,2769,2703,2723
2008-06-02,2742,2795,2733,2790
2008-06-03,2781,2814,2719,2807
2008-06-04,2795,2811,2776,2796
2008-06-05,2798,2813,2738,2792
2008-06-06,2794,2906,2779,2878
2008-06-09,2875,2898,2857,2888
2008-06-10,2888,2921,2862,2878
2008-06-11,2891,2939,2873,2927
2008-06-12,2927,2997,2906,2984
2008-06-13,2987,3015,2976,2994
2008-06-16,3004,3040,3000,3030
2008-06-17,3035,3040,2965,3026
2008-06-18,3050,3122,3050,3098
2008-06-19,3091,3110,3084,3106
2008-06-20,3074,3128,3061,3125
2008-06-23,3130,3144,3091,3119
2008-06-24,3140,3157,3130,3147
2008-06-25,3147,3150,3085,3122
2008-06-26,3102,3175,3095,3167
2008-06-27,3171,3193,3161,3178
2008-06-30,3175,3207,3165,3181
2008-07-01,3157,3290,3155,3275
2008-07-02,3276,3286,3221,3248
2008-07-03,3266,3289,3094,3136
2008-07-07,3079,3079,2871,2880
2008-07-08,2898,2950,2857,2922
2008-07-09,2934,2940,2891,2927
2008-07-10,2934,2934,2897,2910
2008-07-11,2914,2950,2869,2912
2008-07-14,2915,2947,2878,2923
2008-07-15,2949,3015,2926,2964
2008-07-16,2968,3039,2943,3019
2008-07-17,3030,3036,2879,2926
2008-07-18,2900,2900,2793,2799
2008-07-21,2799,2879,2785,2825
2008-07-22,2829,2854,2775,2782
2008-07-23,2785,2787,2734,2754
2008-07-24,2766,2782,2735,2744
2008-07-25,2757,2825,2753,2813
2008-07-28,2813,2860,2788,2795
2008-07-29,2790,2865,2790,2835
2008-07-30,2839,2855,2762,2808
2008-07-31,2808,2860,2807,2858
2008-08-01,2854,3013,2843,2996
2008-08-04,3005,3011,2712,2783
2008-08-05,2720,2776,2693,2718
2008-08-06,2724,2866,2723,2756
2008-08-07,2756,2809,2756,2785
2008-08-08,2784,2785,2659,2688
2008-08-11,2713,2755,2682,2689
2008-08-12,2685,2723,2660,2697
2008-08-13,2720,2720,2645,2697
2008-08-14,2712,2750,2622,2678
2008-08-15,2665,2665,2574,2587
2008-08-18,2611,2625,2594,2606
2008-08-19,2602,2702,2582,2671
2008-08-20,2686,2699,2627,2659
2008-08-21,2688,2850,2674,2841
2008-08-22,2841,2849,2779,2812
2008-08-25,2825,2875,2825,2868
2008-08-26,2864,2922,2850,2884
2008-08-27,2904,2986,2900,2966
2008-08-28,2970,2976,2844,2860
2008-08-29,2860,2954,2850,2884
2008-09-02,2825,2825,2641,2664
2008-09-03,2683,2721,2627,2678
2008-09-04,2699,2725,2636,2650
2008-09-05,2652,2675,2625,2636
2008-09-08,2558,2675,2533,2578
2008-09-09,2570,2595,2536,2562
2008-09-10,2552,2608,2549,2594
2008-09-11,2607,2607,2516,2540
2008-09-12,2560,2585,2535,2560
2008-09-15,2558,2625,2496,2607
2008-09-16,2600,2600,2514,2570
2008-09-17,2570,2620,2542,2547
2008-09-18,2584,2721,2584,2656
2008-09-19,2647,2698,2629,2690
2008-09-22,2690,2748,2630,2726
2008-09-23,2731,2745,2685,2702
2008-09-24,2721,2785,2720,2757
2008-09-25,2760,2794,2725,2740
2008-09-26,2739,2772,2710,2743
2008-09-29,2699,2699,2515,2557
2008-09-30,2527,2596,2510,2558
2008-10-01,2575,2588,2495,2511
2008-10-02,2510,2517,2425,2451
2008-10-03,2450,2488,2414,2469
2008-10-06,2429,2432,2378,2400
2008-10-07,2400,2459,2396,2422
2008-10-08,2399,2405,2331,2342
2008-10-09,2362,2385,2325,2330
2008-10-10,2281,2300,2205,2244
2008-10-13,2275,2310,2245,2277
2008-10-14,2297,2330,2297,2307
2008-10-15,2307,2307,2190,2201
2008-10-16,2180,2181,2093,2124
2008-10-17,2144,2180,2105,2122
2008-10-20,2142,2160,2063,2085
2008-10-21,2074,2078,1999,2037
2008-10-22,1980,2031,1924,1996
2008-10-23,2010,2021,1963,1990
2008-10-24,1964,2022,1867,1977
2008-10-27,1950,1974,1881,1956
2008-10-28,1988,2042,1960,1966
2008-10-29,2001,2196,1995,2137
2008-10-30,2179,2179,2062,2084
2008-10-31,2059,2090,2037,2053
2008-11-03,2065,2090,1955,1969
2008-11-04,1955,2057,1936,1999
2008-11-05,1999,2052,1957,1973
2008-11-06,1956,1985,1903,1913
2008-11-07,1915,1968,1909,1936
2008-11-10,1952,2018,1950,1957
2008-11-11,1966,1973,1939,1954
2008-11-12,1954,1961,1913,1927
2008-11-13,1932,1960,1903,1948
2008-11-14,1958,2010,1934,1966
2008-11-17,1986,2015,1965,1977
2008-11-18,1991,2056,1984,2046
2008-11-19,2050,2108,2025,2072
2008-11-20,2050,2056,1991,2009
2008-11-21,2009,2073,2007,2045
2008-11-24,2050,2102,2050,2086
2008-11-25,2093,2170,2080,2143
2008-11-26,2153,2264,2128,2221
2008-11-28,2280,2308,2262,2294
2008-12-01,2281,2281,2105,2164
2008-12-02,2130,2203,2112,2170
2008-12-03,2150,2209,2115,2183
2008-12-04,2158,2250,2141,2248
2008-12-05,2229,2240,2134,2141
2008-12-08,2190,2323,2186,2289
2008-12-09,2285,2293,2240,2257
2008-12-10,2275,2393,2260,2382
2008-12-11,2390,2417,2371,2400
2008-12-12,2380,2405,2340,2396
2008-12-15,2410,2595,2402,2560
2008-12-16,2542,2609,2520,2569
2008-12-17,2615,2679,2595,2616
2008-12-18,2616,2718,2541,2672
2008-12-19,2689,2711,2583,2595
2008-12-22,2577,2606,2554,2562
2008-12-23,2568,2692,2556,2651
2008-12-24,2662,2662,2564,2626
2008-12-26,2595,2626,2595,2626
2008-12-29,2626,2692,2460,2551
2008-12-30,2551,2554,2507,2529
2008-12-31,2548,2689,2540,2665
2009-01-02,2649,2649,2494,2540
2009-01-05,2523,2575,2510,2555
2009-01-06,2562,2638,2515,2568
2009-01-07,2599,2640,2555,2596
2009-01-08,2575,2660,2552,2616
2009-01-09,2635,2674,2569,2585
2009-01-12,2585,2585,2450,2506
2009-01-13,2480,2507,2425,2485
2009-01-14,2498,2542,2367,2398
2009-01-15,2385,2398,2351,2367
2009-01-16,2391,2492,2391,2463
2009-01-20,2400,2488,2340,2470
2009-01-21,2460,2645,2444,2602
2009-01-22,2630,2657,2570,2580
2009-01-23,2587,2680,2572,2661
2009-01-26,2671,2716,2629,2667
2009-01-27,2657,2772,2623,2745
2009-01-28,2775,2809,2750,2792
2009-01-29,2807,2837,2745,2801
2009-01-30,2795,2799,2730,2771
2009-02-02,2745,2753,2670,2720
2009-02-03,2720,2768,2695,2746
2009-02-04,2730,2749,2697,2728
2009-02-05,2700,2794,2683,2765
2009-02-06,2799,2843,2763,2828
2009-02-09,2830,2917,2773,2827
2009-02-10,2800,2820,2685,2707
2009-02-11,2707,2719,2639,2693
2009-02-12,2693,2693,2599,2649
2009-02-13,2659,2692,2651,2672
2009-02-17,2671,2671,2604,2639
2009-02-18,2614,2620,2549,2571
2009-02-19,2551,2603,2539,2570
2009-02-20,2557,2557,2419,2430
2009-02-23,2430,2441,2328,2356
2009-02-24,2356,2401,2313,2359
2009-02-25,2380,2448,2372,2440
2009-02-26,2438,2466,2360,2404
2009-02-27,2389,2423,2365,2413
2009-03-02,2365,2378,2198,2213
2009-03-03,2224,2298,2224,2282
2009-03-04,2282,2360,2271,2338
2009-03-05,2320,2338,2251,2265
2009-03-06,2250,2288,2239,2272
2009-03-09,2266,2285,2220,2266
2009-03-10,2271,2288,2225,2245
2009-03-11,2233,2350,2233,2334
2009-03-12,2304,2407,2294,2340
2009-03-13,2384,2445,2374,2381
2009-03-16,2388,2440,2382,2428
2009-03-17,2419,2423,2375,2396
2009-03-18,2390,2495,2365,2451
2009-03-19,2486,2598,2478,2591
2009-03-20,2570,2597,2551,2585
2009-03-23,2606,2624,2558,2593
2009-03-24,2600,2626,2596,2609
2009-03-25,2598,2614,2542,2586
2009-03-26,2597,2626,2562,2592
2009-03-27,2562,2597,2515,2573
2009-03-30,2564,2590,2543,2576
2009-03-31,2576,2620,2562,2605
2009-04-01,2599,2622,2571,2618
2009-04-02,2629,2725,2621,2701
2009-04-03,2701,2795,2680,2787
2009-04-06,2779,2790,2540,2558
2009-04-07,2570,2688,2523,2677
2009-04-08,2646,2646,2551,2563
2009-04-09,2551,2620,2544,2566
2009-04-13,2568,2600,2533,2577
2009-04-14,2549,2586,2481,2492
2009-04-15,2490,2510,2440,2452
2009-04-16,2450,2452,2371,2381
2009-04-17,2380,2432,2350,2413
2009-04-20,2393,2401,2359,2379
2009-04-21,2380,2440,2380,2429
2009-04-22,2412,2424,2375,2390
2009-04-23,2408,2476,2394,2460
2009-04-24,2455,2472,2442,2451
2009-04-27,2431,2431,2369,2381
2009-04-28,2374,2415,2367,2404
2009-04-29,2408,2429,2376,2403
2009-04-30,2425,2444,2367,2375
2009-05-01,2367,2395,2300,2324
2009-05-04,2312,2329,2302,2320
2009-05-05,2316,2410,2316,2377
2009-05-06,2374,2393,2341,2368
2009-05-07,2377,2469,2361,2462
2009-05-08,2452,2519,2443,2507
2009-05-11,2499,2519,2423,2470
2009-05-12,2449,2495,2350,2377
2009-05-13,2370,2394,2318,2326
2009-05-14,2321,2326,2262,2310
2009-05-15,2312,2349,2303,2338
2009-05-18,2347,2354,2292,2297
2009-05-19,2304,2337,2298,2313
2009-05-20,2323,2377,2292,2361
2009-05-21,2361,2389,2326,2380
2009-05-22,2381,2435,2371,2420
2009-05-26,2414,2421,2380,2414
2009-05-27,2409,2530,2409,2509
2009-05-28,2499,2598,2476,2583
2009-05-29,2587,2646,2575,2588
2009-06-01,2600,2646,2587,2641
2009-06-02,2627,2675,2606,2671
2009-06-03,2667,2752,2615,2734
2009-06-04,2710,2729,2640,2708
2009-06-05,2708,2766,2687,2707
2009-06-08,2704,2726,2672,2699
2009-06-09,2714,2783,2703,2768
2009-06-10,2782,2822,2754,2788
2009-06-11,2788,2858,2780,2843
2009-06-12,2830,2842,2782,2798
2009-06-15,2784,2784,2632,2645
2009-06-16,2666,2694,2648,2656
2009-06-17,2636,2636,2530,2539
2009-06-18,2555,2572,2538,2556
2009-06-19,2543,2566,2513,2520
2009-06-22,2510,2510,2475,2480
2009-06-23,2475,2499,2466,2489
2009-06-24,2489,2594,2489,2504
2009-06-25,2512,2565,2426,2556
2009-06-26,2565,2582,2489,2553
2009-06-29,2560,2590,2524,2553
2009-06-30,2571,2587,2493,2510
2009-07-01,2511,2580,2499,2504
2009-07-02,2493,2520,2476,2494
2009-07-06,2470,2479,2444,2474
2009-07-07,2469,2537,2446,2468
2009-07-08,2461,2560,2446,2542
2009-07-09,2539,2671,2510,2647
2009-07-10,2639,2671,2622,2645
2009-07-13,2633,2684,2625,2664
2009-07-14,2672,2730,2672,2727
2009-07-15,2723,2754,2698,2717
2009-07-16,2711,2715,2644,2677
2009-07-17,2670,2786,2660,2762
2009-07-20,2773,2889,2773,2868
2009-07-21,2855,2885,2837,2875
2009-07-22,2857,2857,2729,2752
2009-07-23,2772,2922,2771,2883
2009-07-24,2868,2920,2833,2907
2009-07-27,2920,2935,2847,2870
2009-07-28,2880,2935,2861,2879
2009-07-29,2862,2895,2780,2803
2009-07-30,2798,2930,2798,2898
2009-07-31,2898,2903,2845,2892
2009-08-03,2910,2964,2860,2935
2009-08-04,2935,2952,2880,2945
2009-08-05,2945,2945,2852,2862
2009-08-06,2867,2892,2808,2810
2009-08-07,2803,2850,2791,2837
2009-08-10,2872,2999,2869,2938
2009-08-11,2920,2936,2828,2862
2009-08-12,2842,2908,2812,2900
2009-08-13,2881,2965,2881,2932
2009-08-14,2922,2939,2840,2843
2009-08-17,2825,2827,2715,2723
2009-08-18,2730,2772,2698,2746
2009-08-19,2733,2955,2699,2878
2009-08-20,2885,2925,2879,2915
2009-08-21,2911,2985,2898,2960
2009-08-24,2958,2980,2913,2926
2009-08-25,2921,3025,2914,3008
2009-08-26,3000,3000,2941,2958
2009-08-27,2966,2987,2767,2821
2009-08-28,2840,2860,2775,2799
2009-08-31,2798,2843,2766,2794
2009-09-01,2803,2860,2800,2822
2009-09-02,2822,2950,2816,2939
2009-09-03,2937,2974,2909,2923
2009-09-04,2942,2960,2921,2936
2009-09-08,2932,2985,2896,2953
2009-09-09,2955,3046,2954,3033
2009-09-10,3031,3085,3005,3067
2009-09-11,3072,3110,3046,3075
2009-09-14,3050,3069,3017,3054
2009-09-15,3064,3117,3055,3094
2009-09-16,3130,3150,2920,3074
2009-09-17,3075,3110,3062,3074
2009-09-18,3047,3130,3025,3112
2009-09-21,3099,3119,3032,3076
2009-09-22,3095,3175,3091,3170
2009-09-23,3169,3219,3136,3155
2009-09-24,3136,3136,3055,3066
2009-09-25,3055,3114,3035,3083
2009-09-28,3077,3094,3054,3085
2009-09-29,3066,3106,3020,3056
2009-09-30,3075,3158,3066,3140
2009-10-01,3140,3155,3070,3092
2009-10-02,3083,3083,2975,3001
2009-10-05,3015,3268,2967,3240
2009-10-06,3242,3248,3162,3211
2009-10-07,3206,3257,3206,3242
2009-10-08,3245,3280,3232,3244
2009-10-09,3247,3329,3175,3243
2009-10-12,3176,3185,3050,3068
2009-10-13,3091,3162,3085,3096
2009-10-14,3103,3173,3103,3149
2009-10-15,3160,3272,3160,3267
2009-10-16,3250,3287,3208,3273
2009-10-19,3271,3328,3241,3305
2009-10-20,3297,3345,3297,3333
2009-10-21,3345,3387,3324,3384
2009-10-22,3372,3394,3327,3392
2009-10-23,3392,3412,3348,3365
2009-10-26,3370,3405,3283,3354
2009-10-27,3374,3384,3315,3347
2009-10-28,3349,3349,3263,3328
2009-10-29,3330,3366,3280,3355
2009-10-30,3345,3347,3290,3297
2009-11-02,3297,3318,3230,3250
2009-11-03,3248,3301,3223,3274
2009-11-04,3284,3315,3244,3272
2009-11-05,3257,3274,3188,3218
2009-11-06,3213,3245,3178,3186
2009-11-09,3265,3273,3209,3214
2009-11-10,3213,3228,3102,3140
2009-11-11,3144,3211,3130,3205
2009-11-12,3183,3205,3128,3133
2009-11-13,3140,3153,3103,3134
2009-11-16,3154,3190,3141,3156
2009-11-17,3156,3163,3110,3137
2009-11-18,3160,3279,3146,3258
2009-11-19,3249,3264,3191,3197
2009-11-20,3240,3319,3175,3299
2009-11-23,3290,3315,3275,3293
2009-11-24,3286,3290,3235,3248
2009-11-25,3261,3340,3261,3320
2009-11-27,3270,3288,3200,3272
2009-11-30,3277,3320,3246,3259
2009-12-01,3270,3365,3262,3353
2009-12-02,3341,3365,3312,3327
2009-12-03,3341,3395,3340,3388
2009-12-04,3400,3424,3360,3376
2009-12-07,3371,3385,3327,3378
2009-12-08,3381,3381,3341,3362
2009-12-09,3368,3419,3363,3411
2009-12-10,3400,3423,3384,3417
2009-12-11,3433,3437,3388,3394
2009-12-14,3400,3422,3371,3411
2009-12-15,3396,3408,3354,3365
2009-12-16,3385,3510,3377,3498
2009-12-17,3476,3490,3400,3424
2009-12-18,3455,3469,3249,3251
2009-12-21,3265,3310,3248,3251
2009-12-22,3275,3298,3237,3265
2009-12-23,3275,3290,3246,3251
2009-12-24,3277,3282,3268,3271
2009-12-28,3287,3299,3223,3230
2009-12-29,3232,3275,3230,3237
2009-12-30,3231,3269,3231,3247
2009-12-31,3253,3321,3232,3289
2010-01-04,3288,3311,3245,3256
2010-01-05,3250,3333,3246,3321
2010-01-06,3300,3306,3272,3292
2010-01-07,3278,3313,3257,3309
2010-01-08,3281,3326,3281,3296
2010-01-11,3307,3347,3307,3343
2010-01-12,3333,3352,3282,3342
2010-01-13,3326,3400,3307,3389
2010-01-14,3363,3418,3363,3392
2010-01-15,3400,3429,3380,3400
2010-01-19,3428,3473,3402,3461
2010-01-20,3450,3458,3413,3422
2010-01-21,3414,3485,3411,3431
2010-01-22,3432,3443,3356,3425
2010-01-25,3423,3423,3382,3406
2010-01-26,3395,3410,3312,3363
2010-01-27,3357,3370,3172,3268
2010-01-28,3275,3287,3211,3260
2010-01-29,3285,3287,3175,3184
2010-02-01,3191,3203,3143,3152
2010-02-02,3150,3154,3040,3132
2010-02-03,3136,3154,3070,3144
2010-02-04,3130,3150,3060,3090
2010-02-05,3062,3090,2965,2972
2010-02-08,3028,3065,2990,3054
2010-02-09,3054,3057,3022,3038
2010-02-10,3029,3052,3002,3040
2010-02-11,3034,3125,3032,3116
2010-02-12,3114,3134,3045,3103
2010-02-16,3134,3169,3127,3163
2010-02-17,3145,3175,3062,3094
2010-02-18,3096,3135,3072,3091
2010-02-19,3071,3125,3062,3109
2010-02-22,3105,3150,3042,3083
2010-02-23,3091,3099,2931,2945
2010-02-24,2955,2971,2904,2967
2010-02-25,2967,2970,2903,2922
2010-02-26,2936,2951,2908,2917
2010-03-01,2909,2931,2831,2862
2010-03-02,2862,2864,2809,2829
2010-03-03,2832,2844,2780,2823
2010-03-04,2826,2867,2810,2829
2010-03-05,2830,2887,2818,2865
2010-03-08,2870,2882,2818,2834
2010-03-09,2828,2829,2766,2802
2010-03-10,2797,2860,2754,2844
2010-03-11,2844,2865,2834,2854
2010-03-12,2852,2929,2818,2920
2010-03-15,2920,2920,2828,2866
2010-03-16,2857,2889,2745,2848
2010-03-17,2858,2941,2855,2905
2010-03-18,2908,2963,2873,2893
2010-03-19,2882,2913,2804,2834
2010-03-22,2844,2898,2782,2873
2010-03-23,2880,2935,2857,2895
2010-03-24,2886,2886,2804,2833
2010-03-25,2833,2854,2782,2820
2010-03-26,2820,2872,2796,2854
2010-03-29,2854,2932,2854,2925
2010-03-30,2925,2980,2925,2969
2010-03-31,2960,2991,2891,2969
2010-04-01,2964,3000,2941,2990
2010-04-05,2970,2985,2926,2953
2010-04-06,2959,2980,2860,2913
2010-04-07,2923,2930,2874,2882
2010-04-08,2882,2920,2859,2889
2010-04-09,2900,2918,2861,2877
2010-04-12,2877,2943,2867,2930
2010-04-13,2929,2941,2835,2881
2010-04-14,2881,2909,2875,2898
2010-04-15,2898,2905,2842,2890
2010-04-16,2911,2994,2902,2988
2010-04-19,2955,2980,2928,2950
2010-04-20,2965,3060,2958,3044
2010-04-21,3045,3095,3021,3087
2010-04-22,3087,3146,3059,3139
2010-04-23,3139,3211,3120,3198
2010-04-26,3198,3235,3180,3228
2010-04-27,3223,3242,3190,3205
2010-04-28,3194,3220,3176,3193
2010-04-29,3200,3215,3192,3211
2010-04-30,3212,3245,3208,3239
2010-05-03,3223,3245,3203,3233
2010-05-04,3233,3243,3135,3172
2010-05-05,3174,3237,3150,3203
2010-05-06,3210,3224,3150,3203
2010-05-07,3149,3169,3010,3016
2010-05-10,3050,3113,3050,3077
2010-05-11,3077,3080,2936,2951
2010-05-12,2951,3000,2943,2972
2010-05-13,2955,2970,2898,2913
2010-05-14,2908,2912,2806,2812
2010-05-17,2812,2824,2767,2814
2010-05-18,2834,2855,2804,2849
2010-05-19,2807,2842,2791,2830
2010-05-20,2830,2852,2790,2839
2010-05-21,2839,2899,2811,2895
2010-05-24,2881,2919,2855,2915
2010-05-25,2886,2938,2874,2922
2010-05-26,2926,2943,2869,2904
2010-05-27,2920,3018,2899,2973
2010-05-28,2984,3001,2946,2965
2010-06-01,2959,3000,2889,2990
2010-06-02,2976,3050,2972,3042
2010-06-03,3049,3065,3039,3048
2010-06-04,3048,3067,2894,2919
2010-06-07,2911,2956,2903,2927
2010-06-08,2939,2969,2932,2962
2010-06-09,2972,3010,2961,2992
2010-06-10,2993,3022,2911,2941
2010-06-11,2941,3020,2925,2937
2010-06-14,2954,3002,2952,2973
2010-06-15,2973,2995,2945,2969
2010-06-16,2969,2982,2953,2955
2010-06-17,2975,2975,2935,2954
2010-06-18,2954,2985,2921,2957
2010-06-21,2965,3000,2958,2985
2010-06-22,2977,3086,2918,3055
2010-06-23,3055,3070,3011,3063
2010-06-24,3060,3121,3051,3114
2010-06-25,3114,3130,3064,3113
2010-06-28,3118,3144,3106,3138
2010-06-29,3113,3135,2924,2979
2010-06-30,2994,3010,2938,2944
2010-07-01,2945,3057,2939,3041
2010-07-02,3030,3043,2960,2971
2010-07-06,2992,3010,2939,2967
2010-07-07,2952,3003,2940,2981
2010-07-08,2969,2998,2957,2969
2010-07-09,2969,3025,2965,2996
2010-07-12,2984,3013,2960,2989
2010-07-13,2986,3052,2986,3045
2010-07-14,3055,3164,3055,3153
2010-07-15,3152,3160,3116,3144
2010-07-16,3155,3210,3138,3165
2010-07-19,3180,3185,2946,2981
2010-07-20,2997,3025,2932,2977
2010-07-21,2995,3007,2924,2935
2010-07-22,2943,2970,2902,2916
2010-07-23,2932,2973,2916,2966
2010-07-26,2959,3007,2945,2973
2010-07-27,2965,3026,2954,2980
2010-07-28,3002,3024,2983,3010
2010-07-29,3011,3064,2996,3046
2010-07-30,3036,3095,3028,3091
2010-08-02,3081,3108,3040,3082
2010-08-03,3082,3112,3046,3058
2010-08-04,3073,3169,3066,3118
2010-08-05,3145,3156,3092,3113
2010-08-06,3132,3132,2976,3006
2010-08-09,3048,3054,2988,3039
2010-08-10,3014,3014,2907,2930
2010-08-11,2910,2958,2863,2881
2010-08-12,2864,2925,2864,2904
2010-08-13,2900,2910,2872,2885
2010-08-16,2885,2916,2853,2889
2010-08-17,2917,2919,2865,2898
2010-08-18,2895,2919,2870,2891
2010-08-19,2900,2911,2871,2892
2010-08-20,2901,2902,2811,2827
2010-08-23,2836,2862,2815,2834
2010-08-24,2829,2843,2776,2812
2010-08-25,2802,2810,2742,2752
2010-08-26,2773,2783,2734,2740
2010-08-27,2747,2755,2708,2718
2010-08-30,2721,2746,2705,2714
2010-08-31,2720,2779,2681,2736
2010-09-01,2738,2766,2707,2752
2010-09-02,2734,2754,2723,2735
2010-09-03,2735,2808,2729,2772
2010-09-07,2767,2792,2714,2722
2010-09-08,2722,2754,2693,2736
2010-09-09,2754,2762,2682,2694
2010-09-10,2714,2718,2615,2647
2010-09-13,2647,2650,2595,2610
2010-09-14,2620,2693,2620,2679
2010-09-15,2661,2697,2655,2689
2010-09-16,2694,2784,2694,2739
2010-09-17,2760,2825,2725,2746
2010-09-20,2737,2769,2695,2716
2010-09-21,2716,2796,2682,2779
2010-09-22,2776,2834,2746,2762
2010-09-23,2756,2799,2751,2780
2010-09-24,2775,2823,2768,2794
2010-09-27,2829,2850,2791,2839
2010-09-28,2832,2844,2800,2817
2010-09-29,2806,2880,2806,2865
2010-09-30,2875,2888,2636,2814
2010-10-01,2831,2896,2763,2783
2010-10-04,2771,2784,2731,2736
2010-10-05,2753,2763,2700,2714
2010-10-06,2729,2752,2714,2744
2010-10-07,2746,2795,2736,2740
2010-10-08,2753,2826,2718,2803
2010-10-11,2803,2873,2798,2853
2010-10-12,2859,2887,2817,2850
2010-10-13,2865,2904,2860,2867
2010-10-14,2867,2884,2823,2880
2010-10-15,2875,2900,2794,2805
2010-10-18,2798,2839,2780,2794
2010-10-19,2793,2794,2725,2750
2010-10-20,2747,2800,2735,2777
2010-10-21,2750,2861,2745,2817
2010-10-22,2817,2878,2812,2846
2010-10-25,2866,2937,2861,2930
2010-10-26,2923,2945,2881,2889
2010-10-27,2889,2949,2850,2883
2010-10-28,2878,2908,2807,2845
2010-10-29,2817,2843,2780,2797
2010-11-01,2805,2813,2756,2759
2010-11-02,2762,2808,2762,2805
2010-11-03,2808,2820,2757,2764
2010-11-04,2783,2815,2752,2756
2010-11-05,2752,2754,2705,2734
2010-11-08,2777,2845,2729,2828
2010-11-09,2845,2910,2837,2884
2010-11-10,2887,2901,2836,2855
2010-11-11,2871,2898,2836,2866
2010-11-12,2855,2855,2772,2779
2010-11-15,2772,2830,2763,2822
2010-11-16,2806,2817,2753,2782
2010-11-17,2790,2861,2773,2837
2010-11-18,2855,2949,2855,2939
2010-11-19,2933,2942,2849,2868
2010-11-22,2882,2895,2830,2839
2010-11-23,2848,2864,2802,2804
2010-11-24,2819,2833,2781,2793
2010-11-26,2783,2808,2764,2794
2010-11-29,2830,2846,2751,2755
2010-11-30,2774,2844,2751,2807
2010-12-01,2827,2834,2743,2758
2010-12-02,2752,2920,2752,2868
2010-12-03,2890,2947,2863,2935
2010-12-06,2929,3084,2915,3065
2010-12-07,3088,3140,3057,3084
2010-12-08,3070,3097,3031,3035
2010-12-09,3050,3069,2989,3010
2010-12-10,3012,3014,2866,2887
2010-12-13,2881,2918,2854,2890
2010-12-14,2890,2952,2865,2940
2010-12-15,2950,2990,2927,2979
2010-12-16,2990,3045,2971,3003
2010-12-17,3004,3025,2933,2951
2010-12-20,2982,3025,2928,2958
2010-12-21,2958,2996,2950,2975
2010-12-22,2980,2993,2946,2970
2010-12-23,2985,3040,2984,3020
2010-12-27,3020,3050,3006,3040
2010-12-28,3040,3091,3038,3065
2010-12-29,3065,3068,2969,3065
2010-12-30,3053,3058,2995,3000
2010-12-31,3030,3048,2988,3035
2011-01-04,3027,3035,2906,2932
2011-01-05,2925,2929,2822,2852
2011-01-06,2852,2876,2826,2830
2011-01-07,2825,2888,2821,2850
2011-01-10,2830,2887,2823,2881
2011-01-11,2865,2943,2855,2934
2011-01-12,2936,2985,2934,2959
2011-01-13,2947,2985,2924,2952
2011-01-14,2970,3050,2938,3019
2011-01-18,3039,3067,2995,3036
2011-01-19,3029,3112,3018,3100
2011-01-20,3091,3190,3090,3178
2011-01-21,3193,3250,3157,3184
2011-01-24,3250,3393,3244,3312
2011-01-25,3333,3375,3270,3335
2011-01-26,3351,3395,3319,3352
2011-01-27,3352,3420,3334,3358
2011-01-28,3353,3358,3256,3277
2011-01-31,3267,3365,3224,3352
2011-02-01,3352,3369,3280,3313
2011-02-02,3380,3380,3326,3352
2011-02-03,3352,3382,3344,3358
2011-02-04,3380,3380,3241,3251
2011-02-07,3280,3288,3199,3239
2011-02-08,3238,3275,3220,3260
2011-02-09,3240,3327,3226,3283
2011-02-10,3325,3431,3283,3373
2011-02-11,3373,3397,3334,3371
2011-02-14,3403,3444,3392,3406
2011-02-15,3406,3434,3346,3368
2011-02-16,3404,3432,3350,3421
2011-02-17,3435,3455,3408,3438
2011-02-18,3422,3511,3422,3499
2011-02-22,3520,3608,3509,3586
2011-02-23,3587,3641,3536,3631
2011-02-24,3641,3645,3562,3625
2011-02-25,3630,3669,3602,3639
2011-02-28,3660,3704,3646,3695
2011-03-01,3695,3712,3400,3620
2011-03-02,3623,3690,3578,3664
2011-03-03,3664,3760,3663,3733
2011-03-04,3750,3775,3613,3657
2011-03-07,3657,3699,3612,3662
2011-03-08,3670,3734,3614,3633
2011-03-09,3633,3633,3508,3527
2011-03-10,3499,3510,3328,3445
2011-03-11,3445,3446,3370,3412
2011-03-14,3427,3497,3350,3389
2011-03-15,3330,3346,3200,3255
2011-03-16,3262,3325,3170,3215
2011-03-17,3225,3311,3200,3282
2011-03-18,3315,3342,3095,3127
2011-03-21,3120,3220,3103,3189
2011-03-22,3150,3265,3150,3263
2011-03-23,3255,3290,3233,3251
2011-03-24,3236,3240,3176,3203
2011-03-25,3222,3290,3199,3242
2011-03-28,3201,3274,3201,3248
2011-03-29,3241,3248,3030,3057
2011-03-30,3028,3077,2973,2987
2011-03-31,2977,3009,2936,2952
2011-04-01,2938,3035,2925,3011
2011-04-04,3011,3099,2994,3020
2011-04-05,2992,2992,2927,2975
2011-04-06,2986,3040,2963,2999
2011-04-07,3014,3038,2994,3002
2011-04-08,3001,3018,2947,2985
2011-04-11,3001,3079,2993,3028
2011-04-12,3023,3086,3021,3056
2011-04-13,3076,3095,3049,3070
2011-04-14,3088,3157,3054,3127
2011-04-15,3127,3175,3112,3157
2011-04-18,3157,3175,3026,3057
2011-04-19,3034,3087,3020,3067
2011-04-20,3086,3130,3055,3106
2011-04-21,3070,3120,3060,3088
2011-04-25,3088,3116,3036,3060
2011-04-26,3064,3099,3053,3093
2011-04-27,3093,3200,3073,3168
2011-04-28,3188,3299,3170,3280
2011-04-29,3282,3348,3270,3340
2011-05-02,3335,3339,3243,3291
2011-05-03,3263,3290,3211,3271
2011-05-04,3270,3330,3158,3211
2011-05-05,3176,3177,3050,3055
2011-05-06,3051,3105,3016,3082
2011-05-09,3081,3152,3071,3082
2011-05-10,3082,3126,3071,3105
2011-05-11,3119,3172,3069,3118
2011-05-12,3101,3109,2994,3037
2011-05-13,3044,3066,2990,3002
2011-05-16,3000,3036,2990,3006
2011-05-17,3000,3006,2970,2980
2011-05-18,2983,3024,2976,2995
2011-05-19,2991,2997,2971,2979
2011-05-20,2981,2993,2898,2902
2011-05-23,2888,2906,2861,2865
2011-05-24,2878,2923,2860,2884
2011-05-25,2875,2986,2874,2962
2011-05-26,2982,3062,2964,3010
2011-05-27,3010,3040,2957,2969
2011-05-31,2975,3020,2966,2999
2011-06-01,3000,3007,2941,2953
2011-06-02,2953,2959,2885,2904
2011-06-03,2900,2905,2851,2878
2011-06-06,2865,2905,2857,2863
2011-06-07,2863,2954,2863,2891
2011-06-08,2902,2938,2892,2921
2011-06-09,2929,3050,2928,2970
2011-06-10,3000,3011,2970,2982
2011-06-13,2992,3009,2925,2968
2011-06-14,2963,3020,2960,2994
2011-06-15,3010,3014,2934,2975
2011-06-16,2941,2955,2883,2886
2011-06-17,2886,2923,2886,2917
2011-06-20,2916,2981,2881,2968
2011-06-21,2979,3045,2979,3026
2011-06-22,3031,3058,2984,3041
2011-06-23,3041,3069,2961,2987
2011-06-24,2994,3018,2950,2964
2011-06-27,2965,3011,2950,3000
2011-06-28,3005,3075,2976,3023
2011-06-29,3053,3125,3046,3119
2011-06-30,3119,3161,3104,3151
2011-07-01,3141,3168,3111,3155
2011-07-05,3155,3231,3152,3227
2011-07-06,3225,3248,3172,3188
2011-07-07,3192,3202,3119,3186
2011-07-08,3196,3210,3083,3091
2011-07-11,3080,3089,3044,3050
2011-07-12,3050,3067,3005,3051
2011-07-13,3069,3186,3055,3170
2011-07-14,3177,3220,3126,3156
2011-07-15,3144,3188,3128,3168
2011-07-18,3159,3197,3117,3159
2011-07-19,3170,3200,3134,3164
2011-07-20,3164,3220,3155,3183
2011-07-21,3167,3200,3143,3172
2011-07-22,3172,3177,3045,3065
2011-07-25,3065,3065,2973,2996
2011-07-26,2989,3040,2983,3015
2011-07-27,3012,3055,2981,3036
2011-07-28,3033,3048,2972,2974
2011-07-29,2972,3003,2956,2974
2011-08-01,2974,2984,2946,2955
2011-08-02,2952,2953,2925,2933
2011-08-03,2932,2963,2912,2916
2011-08-04,2922,2939,2875,2905
2011-08-05,2895,3005,2875,2936
2011-08-08,2938,2953,2893,2909
2011-08-09,2925,2955,2901,2906
2011-08-10,2935,2976,2857,2871
2011-08-11,2871,2898,2846,2886
2011-08-12,2895,2923,2883,2907
2011-08-15,2911,2951,2911,2931
2011-08-16,2935,3004,2913,2989
2011-08-17,2999,3057,2975,3039
2011-08-18,3034,3038,2948,2985
2011-08-19,2979,3013,2950,3004
2011-08-22,3008,3053,3004,3045
2011-08-23,3053,3145,3053,3141
2011-08-24,3135,3150,3063,3088
2011-08-25,3080,3094,3007,3027
2011-08-26,3045,3091,3042,3075
2011-08-29,3090,3142,3088,3135
2011-08-30,3131,3145,3051,3102
2011-08-31,3100,3145,3099,3113
2011-09-01,3123,3127,3058,3075
2011-09-02,3084,3125,3069,3098
2011-09-06,3067,3082,2980,2988
2011-09-07,2990,3000,2935,2954
2011-09-08,2940,2949,2907,2911
2011-09-09,2924,2929,2858,2873
2011-09-12,2865,2885,2855,2863
2011-09-13,2870,2887,2858,2865
2011-09-14,2865,2888,2807,2810
2011-09-15,2805,2821,2787,2791
2011-09-16,2796,2808,2780,2792
2011-09-19,2778,2787,2691,2716
2011-09-20,2727,2753,2716,2730
2011-09-21,2731,2744,2662,2727
2011-09-22,2707,2719,2623,2680
2011-09-23,2700,2709,2613,2634
2011-09-26,2626,2696,2610,2678
2011-09-27,2672,2737,2650,2721
2011-09-28,2708,2708,2630,2664
2011-09-29,2645,2708,2620,2694
2011-09-30,2698,2698,2587,2608
2011-10-03,2600,2608,2555,2575
2011-10-04,2554,2619,2540,2592
2011-10-05,2604,2646,2604,2622
2011-10-06,2631,2685,2610,2660
2011-10-07,2683,2691,2628,2652
2011-10-10,2655,2703,2650,2656
2011-10-11,2656,2668,2580,2604
2011-10-12,2596,2674,2596,2633
2011-10-13,2640,2690,2621,2630
2011-10-14,2647,2688,2623,2671
2011-10-17,2684,2688,2596,2622
2011-10-18,2590,2607,2523,2571
2011-10-19,2600,2648,2574,2603
2011-10-20,2590,2611,2545,2562
2011-10-21,2577,2594,2553,2566
2011-10-24,2566,2632,2558,2627
2011-10-25,2632,2674,2613,2636
2011-10-26,2652,2720,2649,2693
2011-10-27,2707,2767,2701,2756
2011-10-28,2756,2764,2710,2748
2011-10-31,2724,2734,2670,2696
2011-11-01,2667,2667,2574,2600
2011-11-02,2600,2675,2596,2665
2011-11-03,2634,2736,2633,2720
2011-11-04,2729,2744,2677,2697
2011-11-07,2746,2764,2727,2750
2011-11-08,2748,2760,2665,2689
2011-11-09,2695,2705,2586,2603
2011-11-10,2598,2618,2548,2559
2011-11-11,2559,2588,2544,2559
2011-11-14,2581,2585,2515,2555
2011-11-15,2567,2580,2520,2537
2011-11-16,2536,2551,2505,2536
2011-11-17,2535,2540,2490,2505
2011-11-18,2505,2512,2440,2458
2011-11-21,2440,2440,2403,2414
2011-11-22,2418,2466,2395,2421
2011-11-23,2405,2439,2398,2404
2011-11-25,2406,2411,2378,2381
2011-11-28,2385,2429,2351,2364
2011-11-29,2356,2366,2287,2320
2011-11-30,2320,2358,2259,2305
2011-12-01,2305,2324,2275,2287
2011-12-02,2295,2311,2218,2228
2011-12-05,2228,2249,2196,2206
2011-12-06,2200,2216,2161,2168
2011-12-07,2178,2211,2137,2142
2011-12-08,2140,2154,2078,2131
2011-12-09,2128,2154,2053,2067
2011-12-12,2057,2246,1983,2181
2011-12-13,2182,2265,2175,2243
2011-12-14,2256,2274,2155,2180
2011-12-15,2192,2210,2128,2151
2011-12-16,2157,2177,2095,2101
2011-12-19,2090,2130,2065,2070
2011-12-20,2082,2191,2077,2185
2011-12-21,2192,2247,2173,2244
2011-12-22,2235,2253,2192,2221
2011-12-23,2210,2239,2199,2218
2011-12-27,2200,2245,2186,2216
2011-12-28,2213,2231,2118,2133
2011-12-29,2123,2145,2076,2083
2011-12-30,2082,2145,2073,2109
2012-01-03,2122,2179,2100,2115
2012-01-04,2111,2141,2068,2075
2012-01-05,2067,2115,2016,2028
2012-01-06,2016,2068,2003,2028
2012-01-09,2028,2199,2023,2170
2012-01-10,2188,2369,2180,2333
2012-01-11,2350,2388,2240,2350
2012-01-12,2350,2376,2307,2326
2012-01-13,2300,2300,2233,2269
2012-01-17,2266,2287,2230,2270
2012-01-18,2280,2298,2259,2265
2012-01-19,2293,2350,2282,2320
2012-01-20,2311,2333,2255,2259
2012-01-23,2263,2297,2244,2269
2012-01-24,2269,2425,2257,2413
2012-01-25,2410,2456,2389,2422
2012-01-26,2428,2474,2427,2452
2012-01-27,2452,2480,2361,2406
2012-01-30,2359,2359,2274,2280
2012-01-31,2280,2340,2277,2291
2012-02-01,2291,2328,2220,2225
2012-02-02,2234,2255,2210,2225
2012-02-03,2235,2339,2213,2300
2012-02-06,2317,2332,2237,2263
2012-02-07,2260,2285,2230,2273
2012-02-08,2302,2316,2261,2278
2012-02-09,2271,2277,2203,2244
2012-02-10,2226,2234,2144,2161
2012-02-13,2160,2224,2150,2192
2012-02-14,2198,2322,2165,2270
2012-02-15,2318,2410,2276,2391
2012-02-16,2391,2420,2323,2405
2012-02-17,2382,2390,2317,2345
2012-02-21,2345,2447,2345,2424
2012-02-22,2431,2454,2400,2438
2012-02-23,2446,2467,2307,2344
2012-02-24,2346,2400,2333,2357
2012-02-27,2352,2445,2343,2400
2012-02-28,2425,2454,2346,2370
2012-02-29,2371,2385,2301,2334
2012-03-01,2334,2377,2311,2366
2012-03-02,2366,2388,2326,2334
2012-03-05,2328,2341,2273,2283
2012-03-06,2290,2318,2263,2283
2012-03-07,2292,2317,2260,2277
2012-03-08,2278,2404,2278,2395
2012-03-09,2375,2425,2361,2410
2012-03-12,2370,2426,2360,2383
2012-03-13,2383,2395,2336,2372
2012-03-14,2369,2379,2280,2314
2012-03-15,2310,2310,2177,2221
2012-03-16,2221,2270,2169,2256
2012-03-19,2256,2304,2242,2289
2012-03-20,2298,2388,2285,2372
2012-03-21,2371,2416,2327,2359
2012-03-22,2340,2354,2279,2285
2012-03-23,2309,2320,2271,2307
2012-03-26,2304,2344,2290,2331
2012-03-27,2329,2384,2321,2356
2012-03-28,2332,2375,2285,2295
2012-03-29,2291,2297,2194,2223
2012-03-30,2223,2258,2196,2219
2012-04-02,2223,2274,2162,2187
2012-04-03,2177,2188,2138,2143
2012-04-04,2129,2139,2060,2083
2012-04-05,2090,2132,2068,2085
2012-04-09,2108,2127,2082,2118
2012-04-10,2125,2133,2058,2070
2012-04-11,2060,2128,2056,2104
2012-04-12,2111,2154,2060,2143
2012-04-13,2143,2217,2143,2200
2012-04-16,2182,2242,2162,2226
2012-04-17,2226,2292,2218,2281
2012-04-18,2291,2293,2232,2257
2012-04-19,2256,2260,2200,2234
2012-04-20,2218,2279,2200,2269
2012-04-23,2269,2278,2183,2204
2012-04-24,2204,2312,2192,2284
2012-04-25,2284,2305,2231,2251
2012-04-26,2251,2289,2242,2272
2012-04-27,2272,2316,2246,2309
2012-04-30,2309,2333,2146,2219
2012-05-01,2209,2356,2193,2319
2012-05-02,2325,2354,2313,2342
2012-05-03,2335,2360,2272,2307
2012-05-04,2307,2341,2272,2289
2012-05-07,2280,2363,2251,2357
2012-05-08,2338,2350,2288,2326
2012-05-09,2327,2339,2284,2334
2012-05-10,2334,2352,2305,2338
2012-05-11,2319,2330,2291,2319
2012-05-14,2303,2303,2220,2261
2012-05-15,2241,2282,2234,2268
2012-05-16,2239,2299,2227,2292
2012-05-17,2282,2289,2220,2224
2012-05-18,2222,2286,2221,2273
2012-05-21,2270,2275,2225,2238
2012-05-22,2237,2255,2163,2179
2012-05-23,2165,2172,2100,2124
2012-05-24,2108,2128,2094,2105
2012-05-25,2119,2133,2092,2110
2012-05-29,2105,2156,2096,2110
2012-05-30,2105,2105,2047,2070
2012-05-31,2071,2110,2070,2083
2012-06-01,2069,2086,2026,2063
2012-06-04,2060,2100,2026,2094
2012-06-05,2090,2169,2073,2163
2012-06-06,2159,2220,2133,2203
2012-06-07,2200,2250,2190,2226
2012-06-08,2203,2235,2173,2200
2012-06-11,2190,2230,2166,2178
2012-06-12,2178,2255,2170,2231
2012-06-13,2231,2266,2217,2259
2012-06-14,2259,2269,2212,2263
2012-06-15,2265,2271,2240,2247
2012-06-18,2245,2266,2175,2189
2012-06-19,2190,2245,2182,2235
2012-06-20,2228,2242,2145,2169
2012-06-21,2174,2209,2137,2147
2012-06-22,2140,2160,2092,2102
2012-06-25,2108,2118,2085,2102
2012-06-26,2118,2165,2118,2149
2012-06-27,2141,2254,2141,2232
2012-06-28,2227,2250,2208,2230
2012-06-29,2250,2307,2229,2291
2012-07-02,2291,2311,2261,2290
2012-07-03,2296,2358,2296,2350
2012-07-05,2328,2375,2304,2328
2012-07-06,2325,2325,2233,2252
2012-07-09,2255,2340,2252,2319
2012-07-10,2318,2333,2270,2307
2012-07-11,2297,2348,2270,2292
2012-07-12,2250,2250,2174,2189
2012-07-13,2189,2242,2176,2216
2012-07-16,2217,2236,2176,2197
2012-07-17,2208,2220,2159,2195
2012-07-18,2207,2217,2169,2204
2012-07-19,2215,2285,2215,2230
2012-07-20,2227,2257,2217,2229
2012-07-23,2229,2270,2188,2238
2012-07-24,2260,2278,2202,2209
2012-07-25,2241,2255,2195,2230
2012-07-26,2230,2330,2215,2316
2012-07-27,2309,2352,2297,2330
2012-07-30,2330,2356,2320,2341
2012-07-31,2331,2387,2312,2376
2012-08-01,2390,2409,2370,2401
2012-08-02,2384,2404,2357,2369
2012-08-03,2366,2436,2361,2398
2012-08-06,2386,2405,2352,2398
2012-08-07,2402,2451,2402,2447
2012-08-08,2443,2481,2439,2469
2012-08-09,2469,2488,2425,2477
2012-08-10,2466,2488,2442,2458
2012-08-13,2449,2501,2378,2399
2012-08-14,2398,2481,2397,2441
2012-08-15,2441,2467,2420,2436
2012-08-16,2436,2447,2393,2400
2012-08-17,2415,2478,2403,2442
2012-08-20,2442,2463,2383,2408
2012-08-21,2408,2453,2394,2433
2012-08-22,2431,2440,2369,2380
2012-08-23,2380,2428,2370,2385
2012-08-24,2385,2408,2366,2397
2012-08-27,2400,2498,2400,2473
2012-08-28,2473,2590,2442,2568
2012-08-29,2568,2600,2560,2574
2012-08-30,2574,2620,2566,2601
2012-08-31,2613,2647,2588,2610
2012-09-04,2590,2594,2531,2551
2012-09-05,2563,2675,2559,2654
2012-09-06,2656,2707,2656,2691
2012-09-07,2700,2705,2665,2676
2012-09-10,2659,2670,2582,2653
2012-09-11,2653,2679,2598,2632
2012-09-12,2626,2655,2588,2631
2012-09-13,2646,2654,2598,2613
2012-09-14,2627,2674,2617,2642
2012-09-17,2641,2649,2551,2584
2012-09-18,2572,2572,2519,2532
2012-09-19,2558,2563,2523,2538
2012-09-20,2551,2555,2506,2519
2012-09-21,2533,2541,2501,2521
2012-09-24,2526,2530,2441,2446
2012-09-25,2461,2511,2439,2483
2012-09-26,2483,2507,2460,2469
2012-09-27,2475,2500,2456,2482
2012-09-28,2495,2595,2493,2516
2012-10-01,2500,2513,2435,2450
2012-10-02,2438,2481,2412,2475
2012-10-03,2465,2479,2400,2416
2012-10-04,2421,2446,2386,2395
2012-10-05,2407,2420,2375,2382
2012-10-08,2382,2391,2363,2381
2012-10-09,2394,2453,2388,2417
2012-10-10,2408,2427,2366,2372
2012-10-11,2374,2394,2341,2351
2012-10-12,2341,2379,2338,2366
2012-10-15,2359,2366,2342,2354
2012-10-16,2354,2434,2347,2418
2012-10-17,2401,2428,2374,2385
2012-10-18,2385,2448,2377,2438
2012-10-19,2445,2498,2445,2489
2012-10-22,2475,2526,2460,2516
2012-10-23,2500,2518,2474,2498
2012-10-24,2493,2495,2389,2399
2012-10-25,2405,2425,2376,2402
2012-10-26,2405,2425,2379,2383
2012-10-29,2398,2401,2343,2350
2012-10-30,2355,2457,2353,2390
2012-10-31,2383,2417,2364,2388
2012-11-01,2388,2426,2377,2420
2012-11-02,2420,2450,2408,2447
2012-11-05,2427,2460,2423,2444
2012-11-06,2444,2470,2435,2462
2012-11-07,2466,2475,2393,2399
2012-11-08,2406,2408,2327,2340
2012-11-09,2345,2370,2322,2359
2012-11-12,2359,2380,2328,2375
2012-11-13,2369,2398,2356,2387
2012-11-14,2383,2469,2371,2457
2012-11-15,2450,2488,2441,2483
2012-11-16,2465,2480,2384,2398
2012-11-19,2400,2430,2392,2421
2012-11-20,2422,2473,2421,2456
2012-11-21,2441,2479,2432,2476
2012-11-23,2470,2520,2455,2516
2012-11-26,2519,2519,2445,2478
2012-11-27,2480,2499,2430,2447
2012-11-28,2460,2470,2428,2458
2012-11-29,2461,2518,2461,2491
2012-11-30,2490,2505,2450,2498
2012-12-03,2490,2555,2479,2519
2012-12-04,2510,2519,2431,2444
2012-12-05,2452,2466,2415,2420
2012-12-06,2420,2433,2398,2420
2012-12-07,2420,2432,2387,2412
2012-12-10,2402,2407,2372,2379
2012-12-11,2386,2394,2369,2380
2012-12-12,2389,2453,2377,2441
2012-12-13,2440,2444,2395,2422
2012-12-14,2422,2447,2412,2435
2012-12-17,2435,2443,2403,2425
2012-12-18,2420,2420,2387,2397
2012-12-19,2401,2408,2345,2358
2012-12-20,2359,2371,2311,2328
2012-12-21,2328,2357,2305,2312
2012-12-24,2304,2310,2270,2273
2012-12-26,2273,2280,2261,2263
2012-12-27,2273,2289,2250,2255
2012-12-28,2257,2275,2246,2249
2012-12-31,2251,2259,2207,2236
2013-01-02,2246,2269,2237,2259
2013-01-03,2250,2280,2245,2256
2013-01-04,2256,2256,2210,2220
2013-01-07,2220,2274,2213,2267
2013-01-08,2267,2276,2206,2215
2013-01-09,2218,2238,2208,2223
2013-01-10,2223,2275,2223,2269
2013-01-11,2265,2274,2246,2256
2013-01-14,2256,2296,2230,2267
2013-01-15,2254,2285,2232,2270
2013-01-16,2250,2268,2244,2256
2013-01-17,2255,2310,2250,2300
2013-01-18,2296,2313,2277,2285
2013-01-22,2287,2289,2207,2213
2013-01-23,2216,2234,2191,2215
2013-01-24,2219,2226,2178,2195
2013-01-25,2205,2207,2165,2173
2013-01-28,2173,2183,2157,2161
2013-01-29,2172,2201,2165,2195
2013-01-30,2193,2207,2155,2179
2013-01-31,2188,2214,2180,2205
2013-02-01,2201,2217,2188,2205
2013-02-04,2199,2212,2185,2197
2013-02-05,2194,2252,2194,2249
2013-02-06,2249,2254,2213,2227
2013-02-07,2227,2260,2218,2236
2013-02-08,2229,2248,2219,2227
2013-02-11,2227,2227,2166,2172
2013-02-12,2172,2182,2147,2170
2013-02-13,2175,2190,2153,2170
2013-02-14,2171,2176,2149,2156
2013-02-15,2156,2159,2135,2144
2013-02-19,2144,2150,2117,2119
2013-02-20,2129,2134,2105,2113
2013-02-21,2105,2143,2102,2133
2013-02-22,2135,2156,2128,2139
2013-02-25,2132,2156,2129,2143
2013-02-26,2140,2146,2108,2125
2013-02-27,2118,2144,2111,2131
2013-02-28,2124,2146,2116,2135
2013-03-01,2132,2139,2075,2082
2013-03-04,2085,2085,2053,2056
2013-03-05,2061,2082,2056,2059
2013-03-06,2054,2060,2038,2042
2013-03-07,2042,2073,2034,2062
2013-03-08,2067,2130,2067,2120
2013-03-11,2120,2139,2106,2130
2013-03-12,2134,2176,2132,2158
2013-03-13,2155,2176,2127,2147
2013-03-14,2147,2157,2116,2130
2013-03-15,2125,2150,2106,2115
2013-03-18,2100,2109,2075,2088
2013-03-19,2093,2119,2086,2099
2013-03-20,2100,2157,2095,2152
2013-03-21,2152,2186,2149,2166
2013-03-22,2166,2185,2149,2159
2013-03-25,2159,2179,2124,2130
2013-03-26,2132,2171,2132,2146
2013-03-27,2145,2158,2130,2150
2013-03-28,2143,2195,2142,2170
2013-04-01,2170,2198,2169,2184
2013-04-02,2184,2194,2168,2171
2013-04-03,2165,2179,2130,2150
2013-04-04,2136,2149,2111,2141
2013-04-05,2139,2141,2122,2132
2013-04-08,2153,2213,2143,2206
2013-04-09,2204,2237,2195,2233
2013-04-10,2229,2239,2215,2231
2013-04-11,2225,2259,2223,2245
2013-04-12,2221,2276,2220,2268
2013-04-15,2268,2275,2254,2267
2013-04-16,2265,2318,2257,2316
2013-04-17,2316,2337,2299,2317
2013-04-18,2310,2334,2294,2319
2013-04-19,2336,2348,2322,2333
2013-04-22,2331,2343,2303,2310
2013-04-23,2310,2355,2307,2327
2013-04-24,2317,2342,2309,2326
2013-04-25,2317,2373,2317,2360
2013-04-26,2365,2375,2330,2364
2013-04-29,2360,2372,2322,2335
2013-04-30,2335,2373,2320,2368
2013-05-01,2374,2421,2360,2415
2013-05-02,2415,2427,2401,2414
2013-05-03,2406,2437,2401,2416
2013-05-06,2412,2415,2385,2402
2013-05-07,2392,2420,2388,2396
2013-05-08,2390,2410,2362,2391
2013-05-09,2400,2408,2335,2349
2013-05-10,2340,2340,2298,2300
2013-05-13,2295,2342,2286,2326
2013-05-14,2334,2360,2318,2353
2013-05-15,2353,2364,2335,2344
2013-05-16,2352,2352,2292,2294
2013-05-17,2295,2317,2276,2300
2013-05-20,2307,2314,2291,2301
2013-05-21,2304,2350,2292,2345
2013-05-22,2344,2347,2304,2317
2013-05-23,2310,2334,2261,2283
2013-05-24,2266,2270,2244,2246
2013-05-28,2246,2262,2201,2205
2013-05-29,2206,2219,2191,2210
2013-05-30,2208,2228,2196,2211
2013-05-31,2211,2218,2189,2191
2013-06-03,2191,2256,2191,2246
2013-06-04,2246,2286,2234,2283
2013-06-05,2283,2312,2280,2308
2013-06-06,2303,2373,2298,2363
2013-06-07,2363,2371,2326,2364
2013-06-10,2354,2373,2347,2368
2013-06-11,2358,2373,2348,2364
2013-06-12,2364,2384,2354,2378
2013-06-13,2370,2376,2303,2310
2013-06-14,2306,2310,2250,2253
2013-06-17,2250,2253,2203,2215
2013-06-18,2210,2227,2204,2210
2013-06-19,2221,2229,2210,2216
2013-06-20,2200,2200,2152,2157
2013-06-21,2160,2173,2145,2151
2013-06-24,2151,2160,2135,2149
2013-06-25,2150,2197,2136,2163
2013-06-26,2169,2198,2153,2165
2013-06-27,2179,2179,2138,2148
2013-06-28,2148,2175,2129,2164
2013-07-01,2167,2167,2138,2159
2013-07-02,2164,2180,2149,2178
2013-07-03,2176,2243,2175,2230
2013-07-05,2249,2250,2190,2204
2013-07-08,2197,2216,2165,2174
2013-07-09,2165,2203,2165,2186
2013-07-10,2173,2207,2173,2178
2013-07-11,2190,2241,2188,2239
2013-07-12,2230,2260,2230,2236
2013-07-15,2225,2239,2209,2221
2013-07-16,2234,2295,2234,2289
2013-07-17,2285,2327,2276,2300
2013-07-18,2300,2352,2296,2347
2013-07-19,2360,2377,2350,2364
2013-07-22,2352,2360,2333,2348
2013-07-23,2348,2374,2340,2359
2013-07-24,2349,2373,2324,2360
2013-07-25,2351,2381,2342,2347
2013-07-26,2337,2361,2330,2333
2013-07-29,2323,2326,2268,2280
2013-07-30,2269,2309,2263,2287
2013-07-31,2287,2303,2268,2298
2013-08-01,2299,2315,2291,2301
2013-08-02,2291,2309,2278,2291
2013-08-05,2289,2391,2287,2364
2013-08-06,2364,2384,2355,2374
2013-08-07,2378,2457,2361,2442
2013-08-08,2458,2525,2458,2479
2013-08-09,2484,2487,2451,2480
2013-08-12,2470,2504,2458,2499
2013-08-13,2499,2499,2437,2458
2013-08-14,2452,2512,2446,2495
2013-08-15,2495,2521,2471,2485
2013-08-16,2476,2510,2476,2495
2013-08-19,2485,2522,2455,2512
2013-08-20,2510,2547,2506,2520
2013-08-21,2501,2513,2430,2450
2013-08-22,2450,2478,2436,2454
2013-08-23,2449,2473,2446,2465
2013-08-26,2464,2488,2457,2481
2013-08-27,2481,2483,2442,2453
2013-08-28,2453,2508,2449,2498
2013-08-29,2501,2507,2453,2479
2013-08-30,2476,2481,2406,2436
2013-09-03,2429,2457,2411,2418
2013-09-04,2413,2501,2410,2496
2013-09-05,2500,2575,2492,2567
2013-09-06,2569,2583,2543,2564
2013-09-09,2555,2567,2535,2554
2013-09-10,2560,2578,2540,2570
2013-09-11,2574,2599,2536,2571
2013-09-12,2571,2597,2550,2591
2013-09-13,2595,2609,2576,2601
2013-09-16,2602,2642,2596,2636
2013-09-17,2640,2648,2600,2614
2013-09-18,2616,2630,2606,2623
2013-09-19,2630,2657,2605,2630
2013-09-20,2630,2630,2579,2608
2013-09-23,2608,2627,2598,2610
2013-09-24,2600,2610,2586,2603
2013-09-25,2608,2609,2561,2573
2013-09-26,2565,2611,2555,2597
2013-09-27,2605,2643,2602,2639
2013-09-30,2639,2646,2623,2640
2013-10-01,2644,2646,2620,2634
2013-10-02,2628,2640,2622,2632
2013-10-03,2632,2643,2561,2585
2013-10-04,2580,2627,2574,2611
2013-10-07,2621,2710,2618,2699
2013-10-08,2704,2731,2696,2718
2013-10-09,2730,2733,2693,2703
2013-10-10,2717,2735,2712,2729
2013-10-11,2735,2752,2722,2746
2013-10-14,2746,2757,2695,2713
2013-10-15,2713,2770,2709,2760
2013-10-16,2754,2763,2722,2747
2013-10-17,2751,2776,2748,2767
2013-10-18,2771,2771,2688,2721
2013-10-21,2715,2735,2692,2730
2013-10-22,2730,2780,2716,2769
2013-10-23,2763,2776,2709,2714
2013-10-24,2707,2719,2680,2686
2013-10-25,2683,2730,2673,2713
2013-10-28,2708,2716,2678,2684
2013-10-29,2684,2694,2653,2659
2013-10-30,2660,2671,2646,2660
2013-10-31,2662,2694,2650,2677
2013-11-01,2667,2668,2634,2651
2013-11-04,2650,2661,2630,2654
2013-11-05,2655,2745,2655,2736
2013-11-06,2740,2744,2719,2730
2013-11-07,2740,2745,2660,2693
2013-11-08,2693,2693,2669,2671
2013-11-11,2655,2668,2582,2601
2013-11-12,2601,2630,2576,2622
2013-11-13,2630,2692,2623,2665
2013-11-14,2673,2685,2657,2680
2013-11-15,2674,2738,2652,2730
2013-11-18,2730,2784,2706,2780
2013-11-19,2779,2820,2769,2795
2013-11-20,2800,2820,2791,2810
2013-11-21,2798,2809,2773,2794
2013-11-22,2795,2819,2779,2799
2013-11-25,2790,2809,2783,2803
2013-11-26,2803,2807,2741,2769
2013-11-27,2769,2788,2753,2766
2013-11-29,2775,2800,2772,2788
2013-12-02,2800,2844,2799,2813
2013-12-03,2812,2821,2792,2808
2013-12-04,2800,2816,2728,2769
2013-12-05,2771,2771,2740,2754
2013-12-06,2754,2827,2748,2803
2013-12-09,2800,2800,2742,2751
2013-12-10,2745,2788,2736,2773
2013-12-11,2759,2768,2750,2755
2013-12-12,2751,2810,2750,2787
2013-12-13,2783,2794,2758,2774
2013-12-16,2770,2835,2742,2792
2013-12-17,2792,2804,2764,2771
2013-12-18,2771,2794,2765,2770
2013-12-19,2777,2809,2772,2791
2013-12-20,2785,2823,2784,2819
2013-12-23,2819,2825,2785,2808
2013-12-24,2803,2835,2803,2820
2013-12-26,2815,2819,2770,2783
2013-12-27,2781,2825,2752,2785
2013-12-30,2751,2759,2692,2712
2013-12-31,2712,2729,2703,2709
2014-01-02,2702,2704,2629,2636
2014-01-03,2646,2723,2633,2699
2014-01-06,2708,2717,2656,2667
2014-01-07,2669,2697,2663,2675
2014-01-08,2685,2715,2669,2700
2014-01-09,2701,2720,2679,2684
2014-01-10,2688,2717,2676,2712
2014-01-13,2702,2719,2682,2712
2014-01-14,2710,2755,2696,2752
2014-01-15,2762,2772,2722,2748
2014-01-16,2750,2759,2737,2753
2014-01-17,2727,2742,2685,2700
2014-01-21,2710,2720,2673,2679
2014-01-22,2679,2709,2660,2697
2014-01-23,2702,2799,2702,2791
2014-01-24,2794,2813,2778,2792
2014-01-27,2796,2904,2777,2889
2014-01-28,2910,2933,2892,2905
2014-01-29,2906,2923,2865,2918
2014-01-30,2916,2920,2893,2912
2014-01-31,2913,2925,2890,2911
2014-02-03,2896,2924,2883,2914
2014-02-04,2919,2923,2869,2877
2014-02-05,2886,2905,2869,2884
2014-02-06,2895,2913,2889,2904
2014-02-07,2908,2958,2904,2940
2014-02-10,2940,2945,2916,2929
2014-02-11,2925,2935,2889,2928
2014-02-12,2929,2974,2929,2971
2014-02-13,2972,2977,2942,2958
2014-02-14,2956,2977,2950,2967
2014-02-18,2961,2985,2942,2959
2014-02-19,2945,2947,2901,2934
2014-02-20,2936,2997,2928,2976
2014-02-21,2969,3002,2937,2950
2014-02-24,2940,2975,2931,2958
2014-02-25,2945,2954,2886,2921
2014-02-26,2911,2934,2894,2932
2014-02-27,2927,2957,2919,2955
2014-02-28,2952,2980,2940,2957
2014-03-03,2934,2947,2901,2918
2014-03-04,2929,2972,2921,2956
2014-03-05,2951,2977,2944,2970
2014-03-06,2967,2975,2952,2961
2014-03-07,2961,2984,2950,2981
2014-03-10,2981,2994,2970,2984
2014-03-11,2981,3027,2977,3006
2014-03-12,3004,3012,2917,2946
2014-03-13,2954,3019,2950,3006
2014-03-14,3002,3020,2980,2992
2014-03-17,3008,3039,2974,3030
2014-03-18,3026,3033,2987,3014
2014-03-19,3021,3032,3012,3025
2014-03-20,2999,3002,2960,2974
2014-03-21,2985,2997,2951,2957
2014-03-24,2965,2986,2929,2940
2014-03-25,2928,2957,2921,2949
2014-03-26,2952,2969,2936,2963
2014-03-27,2963,2969,2937,2955
2014-03-28,2945,3006,2918,2983
2014-03-31,2971,3005,2945,2955
2014-04-01,2945,2964,2924,2943
2014-04-02,2936,2949,2905,2917
2014-04-03,2923,2930,2906,2917
2014-04-04,2917,2983,2913,2966
2014-04-07,2974,2994,2958,2973
2014-04-08,2975,3008,2961,3000
2014-04-09,3000,3036,2993,3026
2014-04-10,3011,3020,2975,2985
2014-04-11,2985,3015,2977,2999
2014-04-14,2981,3011,2975,2996
2014-04-15,2996,3006,2967,2981
2014-04-16,2973,2991,2962,2974
2014-04-17,2977,3022,2972,3020
2014-04-21,3007,3016,2996,3004
2014-04-22,3013,3031,2999,3006
2014-04-23,3004,3024,2990,3008
2014-04-24,3006,3016,2960,2979
2014-04-25,2966,2984,2947,2953
2014-04-28,2950,2975,2936,2946
2014-04-29,2952,2963,2945,2951
2014-04-30,2951,3018,2943,2980
2014-05-01,2966,2967,2910,2922
2014-05-02,2916,2925,2905,2917
2014-05-05,2920,2940,2914,2927
2014-05-06,2930,2932,2915,2920
2014-05-07,2911,2917,2883,2899
2014-05-08,2898,2898,2849,2894
2014-05-09,2876,2885,2856,2864
2014-05-12,2863,2878,2849,2865
2014-05-13,2865,2905,2865,2901
2014-05-14,2898,2899,2872,2891
2014-05-15,2890,2924,2886,2907
2014-05-16,2898,2920,2897,2917
2014-05-19,2912,2935,2880,2930
2014-05-20,2930,2974,2922,2968
2014-05-21,2976,2996,2960,2981
2014-05-22,2982,3010,2979,3001
2014-05-23,2990,3027,2989,3022
2014-05-27,3026,3052,2995,3031
2014-05-28,3037,3037,3018,3029
2014-05-29,3035,3055,3020,3046
2014-05-30,3061,3082,3059,3071
2014-06-02,3058,3079,3049,3069
2014-06-03,3070,3074,3054,3070
2014-06-04,3079,3093,3064,3088
2014-06-05,3091,3104,3070,3092
2014-06-06,3090,3106,3058,3079
2014-06-09,3078,3092,3060,3080
2014-06-10,3092,3093,3073,3085
2014-06-11,3082,3118,3055,3102
2014-06-12,3109,3119,3050,3062
2014-06-13,3057,3125,3055,3103
2014-06-16,3095,3109,3091,3106
2014-06-17,3106,3124,3091,3108
2014-06-18,3108,3122,3099,3118
2014-06-19,3117,3128,3097,3116
2014-06-20,3108,3120,3068,3108
2014-06-23,3106,3108,3076,3080
2014-06-24,3078,3083,3041,3043
2014-06-25,3043,3075,3040,3068
2014-06-26,3070,3075,3049,3053
2014-06-27,3060,3138,3060,3135
2014-06-30,3129,3142,3119,3127
2014-07-01,3114,3127,3096,3119
2014-07-02,3118,3141,3081,3117
2014-07-03,3137,3149,3097,3106
2014-07-07,3100,3103,3085,3099
2014-07-08,3091,3128,3088,3116
2014-07-09,3118,3118,3069,3087
2014-07-10,3084,3092,3055,3081
2014-07-11,3078,3094,3068,3090
2014-07-14,3088,3094,3075,3083
2014-07-15,3083,3129,3082,3106
2014-07-16,3100,3110,3051,3062
2014-07-17,3060,3087,3057,3064
2014-07-18,3074,3095,3064,3082
2014-07-21,3082,3130,3070,3128
2014-07-22,3116,3139,3115,3131
2014-07-23,3130,3204,3127,3185
2014-07-24,3193,3234,3189,3198
2014-07-25,3197,3205,3182,3194
2014-07-28,3200,3204,3160,3165
2014-07-29,3171,3187,3164,3177
2014-07-30,3182,3214,3180,3205
2014-07-31,3210,3224,3187,3219
2014-08-01,3217,3223,3154,3207
2014-08-04,3206,3239,3185,3195
2014-08-05,3200,3216,3170,3195
2014-08-06,3203,3226,3195,3219
2014-08-07,3223,3236,3209,3232
2014-08-08,3227,3245,3213,3228
2014-08-11,3215,3236,3205,3221
2014-08-12,3230,3244,3225,3238
2014-08-13,3238,3239,3213,3231
2014-08-14,3228,3248,3218,3235
2014-08-15,3235,3246,3229,3243
2014-08-18,3242,3269,3239,3260
2014-08-19,3254,3255,3200,3204
2014-08-20,3205,3255,3204,3226
2014-08-21,3218,3232,3192,3200
2014-08-22,3203,3216,3184,3194
2014-08-25,3194,3227,3191,3219
2014-08-26,3221,3230,3188,3216
2014-08-27,3230,3300,3191,3211
2014-08-28,3214,3242,3199,3228
2014-08-29,3235,3281,3220,3229
2014-09-02,3215,3223,3155,3165
2014-09-03,3156,3165,3144,3146
2014-09-04,3151,3158,3122,3132
2014-09-05,3132,3135,3094,3102
2014-09-08,3081,3091,3058,3071
2014-09-09,3055,3087,3030,3079
2014-09-10,3080,3085,3053,3063
2014-09-11,3059,3063,3019,3028
2014-09-12,3030,3066,3025,3053
2014-09-15,3045,3065,3035,3057
2014-09-16,3051,3088,3046,3070
2014-09-17,3077,3165,3071,3153
2014-09-18,3157,3205,3156,3192
2014-09-19,3194,3273,3192,3259
2014-09-22,3275,3343,3271,3328
2014-09-23,3338,3366,3284,3297
2014-09-24,3330,3380,3314,3371
2014-09-25,3361,3399,3323,3333
2014-09-26,3353,3368,3294,3311
2014-09-29,3315,3336,3283,3311
2014-09-30,3315,3327,3289,3300
2014-10-01,3274,3274,3150,3172
2014-10-02,3160,3170,3080,3090
2014-10-03,3086,3119,3050,3056
2014-10-06,3065,3096,3064,3079
2014-10-07,3078,3086,3045,3051
2014-10-08,3050,3074,3030,3038
2014-10-09,3048,3071,3040,3057
2014-10-10,3060,3172,3057,3157
2014-10-13,3190,3208,3054,3059
2014-10-14,3054,3140,3022,3102
2014-10-15,3131,3176,3103,3153
2014-10-16,3141,3150,3064,3086
2014-10-17,3115,3140,3098,3118
2014-10-20,3098,3132,3071,3120
2014-10-21,3126,3129,3086,3110
2014-10-22,3099,3119,3092,3113
2014-10-23,3087,3175,3070,3120
2014-10-24,3115,3130,3037,3050
2014-10-27,3048,3064,2957,2970
2014-10-28,2950,2958,2914,2923
2014-10-29,2934,2950,2900,2937
2014-10-30,2925,2953,2917,2946
2014-10-31,2940,2947,2888,2899
2014-11-03,2900,2906,2859,2861
2014-11-04,2870,2895,2860,2881
2014-11-05,2880,2893,2863,2871
2014-11-06,2870,2898,2855,2869
2014-11-07,2871,2918,2871,2889
2014-11-10,2879,2927,2874,2894
2014-11-11,2908,2925,2900,2919
2014-11-12,2915,2916,2855,2867
2014-11-13,2853,2860,2780,2821
2014-11-14,2825,2829,2783,2797
2014-11-17,2793,2834,2790,2828
2014-11-18,2821,2854,2798,2809
2014-11-19,2809,2841,2805,2835
2014-11-20,2835,2846,2819,2829
2014-11-21,2821,2826,2801,2822
2014-11-24,2814,2878,2802,2866
2014-11-25,2869,2875,2808,2824
2014-11-26,2827,2884,2821,2871
2014-11-28,2871,2887,2825,2843
2014-12-01,2851,2899,2848,2896
2014-12-02,2889,2908,2835,2859
2014-12-03,2858,2869,2844,2852
2014-12-04,2850,2875,2848,2865
2014-12-05,2862,2913,2862,2890
2014-12-08,2886,2910,2885,2903
2014-12-09,2906,2958,2905,2952
2014-12-10,2948,2960,2923,2933
2014-12-11,2935,2940,2843,2854
2014-12-12,2845,2872,2843,2857
2014-12-15,2862,2884,2852,2873
2014-12-16,2890,2926,2885,2914
2014-12-17,2919,2931,2890,2915
2014-12-18,2922,2968,2919,2965
2014-12-19,2965,2990,2952,2980
2014-12-22,2995,2996,2970,2986
2014-12-23,2974,2985,2954,2966
2014-12-24,2976,2997,2956,2964
2014-12-26,2964,2964,2935,2941
2014-12-29,2962,2987,2935,2964
2014-12-30,2975,2988,2947,2972
2014-12-31,2972,2978,2902,2910
2015-01-02,2917,2944,2896,2927
2015-01-05,2933,2954,2909,2944
2015-01-06,2930,2942,2888,2902
2015-01-07,2911,2923,2899,2912
2015-01-08,2918,3016,2911,2986
2015-01-09,2998,3003,2956,2968
2015-01-12,2952,3002,2933,2994
2015-01-13,2988,3015,2974,2991
2015-01-14,2984,2998,2957,2992
2015-01-15,2960,3003,2955,2977
2015-01-16,2974,2977,2936,2942
2015-01-20,2954,2959,2919,2925
2015-01-21,2919,2921,2840,2852
2015-01-22,2849,2849,2795,2801
2015-01-23,2785,2801,2754,2755
2015-01-26,2749,2769,2731,2737
2015-01-27,2743,2754,2728,2743
2015-01-28,2739,2752,2712,2715
2015-01-29,2710,2714,2683,2686
2015-01-30,2686,2717,2682,2693
2015-02-02,2682,2694,2669,2672
2015-02-03,2675,2732,2673,2691
2015-02-04,2706,2778,2705,2724
2015-02-05,2725,2756,2715,2743
2015-02-06,2753,2786,2742,2775
2015-02-09,2787,2871,2786,2866
2015-02-10,2869,2875,2830,2868
2015-02-11,2869,2889,2846,2884
2015-02-12,2882,2922,2880,2919
2015-02-13,2919,2933,2888,2931
2015-02-17,2935,2944,2918,2942
2015-02-18,2946,2976,2919,2973
2015-02-19,2962,2985,2940,2975
2015-02-20,2960,2984,2947,2979
2015-02-23,2980,3004,2960,3001
2015-02-24,2996,3029,2983,3017
2015-02-25,3031,3037,2952,2959
2015-02-26,2973,2992,2924,2981
2015-02-27,2987,3019,2977,3016
2015-03-02,3007,3017,2973,3006
2015-03-03,3008,3038,2985,3022
2015-03-04,3022,3023,2993,3007
2015-03-05,2995,3006,2960,2996
2015-03-06,2986,2987,2929,2945
2015-03-09,2935,2973,2918,2934
2015-03-10,2931,2939,2902,2913
2015-03-11,2899,2900,2842,2855
2015-03-12,2854,2855,2813,2838
2015-03-13,2843,2864,2807,2818
2015-03-16,2822,2837,2787,2791
2015-03-17,2781,2797,2726,2788
2015-03-18,2769,2785,2727,2758
2015-03-19,2764,2790,2705,2715
2015-03-20,2711,2795,2697,2790
2015-03-23,2763,2778,2748,2757
2015-03-24,2749,2791,2714,2783
2015-03-25,2769,2820,2763,2786
2015-03-26,2784,2802,2751,2760
2015-03-27,2746,2757,2723,2744
2015-03-30,2724,2769,2680,2695
2015-03-31,2679,2714,2679,2699
2015-04-01,2687,2758,2687,2748
2015-04-02,2750,2788,2747,2768
2015-04-06,2770,2805,2750,2798
2015-04-07,2782,2800,2775,2778
2015-04-08,2785,2830,2780,2801
2015-04-09,2774,2795,2762,2789
2015-04-10,2781,2809,2773,2783
2015-04-13,2780,2807,2778,2802
2015-04-14,2800,2853,2797,2847
2015-04-15,2842,2850,2809,2822
2015-04-16,2850,2888,2850,2874
2015-04-17,2872,2883,2833,2841
2015-04-20,2824,2826,2775,2780
2015-04-21,2776,2788,2755,2775
2015-04-22,2780,2829,2770,2782
2015-04-23,2775,2808,2769,2802
2015-04-24,2830,2888,2830,2885
2015-04-27,2888,2937,2870,2922
2015-04-28,2929,2958,2907,2924
2015-04-29,2937,2948,2901,2941
2015-04-30,2950,2962,2922,2943
2015-05-01,2966,2967,2857,2877
2015-05-04,2882,2890,2866,2875
2015-05-05,2882,2948,2869,2943
2015-05-06,2938,2955,2912,2919
2015-05-07,2922,2945,2906,2929
2015-05-08,2963,2965,2915,2945
2015-05-11,2939,3010,2933,3006
2015-05-12,3017,3064,2986,3037
2015-05-13,3060,3070,3039,3056
2015-05-14,3070,3098,3059,3088
2015-05-15,3088,3138,3073,3133
2015-05-18,3127,3149,3113,3140
2015-05-19,3130,3152,3115,3145
2015-05-20,3134,3143,3108,3125
2015-05-21,3143,3181,3141,3163
2015-05-22,3164,3172,3131,3153
2015-05-26,3124,3153,3120,3150
2015-05-27,3150,3155,3113,3134
2015-05-28,3130,3138,3091,3118
2015-05-29,3115,3130,3081,3085
2015-06-01,3090,3090,3050,3053
2015-06-02,3066,3126,3066,3112
2015-06-03,3111,3139,3103,3125
2015-06-04,3135,3143,3100,3115
2015-06-05,3107,3119,3064,3116
2015-06-08,3093,3125,3091,3117
2015-06-09,3114,3114,3085,3107
2015-06-10,3111,3159,3106,3135
2015-06-11,3131,3145,3099,3104
2015-06-12,3100,3153,3093,3145
2015-06-15,3162,3208,3157,3198
2015-06-16,3211,3241,3205,3235
2015-06-17,3237,3237,3209,3222
2015-06-18,3248,3294,3240,3290
2015-06-19,3288,3299,3243,3260
2015-06-22,3243,3288,3242,3281
2015-06-23,3270,3280,3238,3251
2015-06-24,3247,3288,3237,3282
2015-06-25,3285,3316,3259,3268
2015-06-26,3268,3333,3260,3322
2015-06-29,3301,3338,3297,3331
2015-06-30,3330,3334,3250,3269
2015-07-01,3246,3294,3239,3276
2015-07-02,3285,3297,3247,3288
2015-07-06,3263,3295,3255,3278
2015-07-07,3265,3270,3225,3250
2015-07-08,3239,3253,3236,3247
2015-07-09,3248,3288,3239,3278
2015-07-10,3292,3318,3272,3303
2015-07-13,3295,3318,3294,3305
2015-07-14,3309,3377,3295,3370
2015-07-15,3365,3386,3346,3353
2015-07-16,3355,3363,3333,3352
2015-07-17,3337,3359,3328,3346
2015-07-20,3344,3360,3318,3353
2015-07-21,3345,3367,3333,3336
2015-07-22,3350,3352,3235,3277
2015-07-23,3265,3273,3240,3241
2015-07-24,3247,3261,3175,3181
2015-07-27,3180,3217,3164,3193
2015-07-28,3185,3208,3174,3204
2015-07-29,3204,3226,3200,3217
2015-07-30,3205,3231,3205,3221
2015-07-31,3221,3240,3199,3209
2015-08-03,3203,3206,3161,3166
2015-08-04,3164,3188,3155,3165
2015-08-05,3159,3175,3093,3120
2015-08-06,3109,3117,3054,3057
2015-08-07,3055,3113,3027,3107
2015-08-10,3098,3118,3085,3109
2015-08-11,3099,3164,3040,3096
2015-08-12,3083,3103,3038,3052
2015-08-13,3034,3081,3020,3061
2015-08-14,3061,3077,3045,3061
2015-08-17,3055,3092,3049,3056
2015-08-18,3063,3092,3060,3084
2015-08-19,3088,3137,3088,3116
2015-08-20,3091,3142,3081,3135
2015-08-21,3120,3134,3070,3074
2015-08-24,3054,3108,2989,3088
2015-08-25,3097,3148,3082,3108
2015-08-26,3101,3123,3077,3098
2015-08-27,3095,3118,3080,3109
2015-08-28,3118,3142,3056,3112
2015-08-31,3073,3111,3064,3099
2015-09-01,3110,3145,3105,3141
2015-09-02,3124,3142,3085,3117
2015-09-03,3112,3138,3100,3114
2015-09-04,3126,3192,3125,3168
2015-09-08,3205,3230,3203,3220
2015-09-09,3234,3278,3227,3270
2015-09-10,3270,3295,3253,3276
2015-09-11,3273,3291,3230,3254
2015-09-14,3260,3288,3249,3286
2015-09-15,3284,3287,3222,3238
2015-09-16,3250,3285,3248,3267
2015-09-17,3263,3288,3249,3282
2015-09-18,3292,3341,3292,3311
2015-09-21,3317,3325,3300,3311
2015-09-22,3311,3328,3279,3312
2015-09-23,3312,3322,3285,3315
2015-09-24,3314,3314,3271,3293
2015-09-25,3304,3308,3257,3276
2015-09-28,3280,3284,3224,3242
2015-09-29,3243,3250,3171,3182
2015-09-30,3169,3191,3109,3114
2015-10-01,3120,3157,3094,3105
2015-10-02,3105,3122,3087,3095
2015-10-05,3095,3105,3069,3092
2015-10-06,3078,3094,3071,3092
2015-10-07,3087,3145,3052,3079
2015-10-08,3063,3077,3035,3060
2015-10-09,3055,3089,3046,3049
2015-10-12,3059,3099,3026,3074
2015-10-13,3074,3143,3060,3125
2015-10-14,3126,3148,3096,3109
2015-10-15,3111,3118,3075,3104
2015-10-16,3094,3127,3088,3119
2015-10-19,3110,3172,3110,3169
2015-10-20,3172,3227,3167,3202
2015-10-21,3212,3226,3127,3146
2015-10-22,3139,3185,3118,3140
2015-10-23,3137,3161,3105,3125
2015-10-26,3145,3182,3121,3174
2015-10-27,3180,3199,3163,3197
2015-10-28,3185,3233,3185,3219
2015-10-29,3202,3244,3168,3215
2015-10-30,3214,3262,3214,3259
2015-11-02,3252,3299,3245,3295
2015-11-03,3290,3300,3276,3297
2015-11-04,3267,3274,3218,3235
2015-11-05,3223,3272,3222,3263
2015-11-06,3265,3265,3204,3237
2015-11-09,3233,3244,3194,3216
2015-11-10,3219,3288,3215,3279
2015-11-11,3270,3315,3268,3313
2015-11-12,3309,3330,3300,3328
2015-11-13,3335,3365,3323,3363
2015-11-16,3378,3390,3345,3377
2015-11-17,3364,3395,3355,3371
2015-11-18,3380,3387,3335,3341
2015-11-19,3368,3393,3358,3377
2015-11-20,3391,3420,3340,3368
2015-11-23,3356,3356,3301,3306
2015-11-24,3327,3349,3312,3338
2015-11-25,3337,3345,3289,3304
2015-11-27,3305,3318,3303,3310
2015-11-30,3321,3366,3310,3339
2015-12-01,3344,3359,3312,3337
2015-12-02,3338,3344,3311,3333
2015-12-03,3338,3388,3329,3386
2015-12-04,3376,3398,3370,3390
2015-12-07,3381,3429,3375,3417
2015-12-08,3412,3415,3282,3316
2015-12-09,3322,3382,3322,3371
2015-12-10,3375,3380,3344,3347
2015-12-11,3356,3362,3309,3353
2015-12-14,3357,3386,3337,3375
2015-12-15,3372,3385,3334,3338
2015-12-16,3343,3343,3286,3291
2015-12-17,3297,3299,3228,3253
2015-12-18,3267,3271,3229,3252
2015-12-21,3246,3257,3205,3239
2015-12-22,3229,3239,3176,3197
2015-12-23,3189,3262,3178,3260
2015-12-24,3251,3269,3208,3210
2015-12-28,3211,3222,3190,3194
2015-12-29,3211,3225,3186,3211
2015-12-30,3200,3233,3200,3229
2015-12-31,3229,3235,3188,3211
2016-01-04,3214,3219,3119,3124
2016-01-05,3132,3138,3047,3059
2016-01-06,3033,3052,2970,2981
2016-01-07,2951,2987,2898,2963
2016-01-08,2985,3025,2975,3017
2016-01-11,3000,3004,2882,2902
2016-01-12,2875,2892,2852,2860
2016-01-13,2865,2902,2865,2892
2016-01-14,2889,2894,2844,2857
2016-01-15,2876,2919,2872,2905
2016-01-19,2916,2954,2903,2934
2016-01-20,2913,2914,2787,2810
2016-01-21,2799,2868,2755,2855
2016-01-22,2883,2908,2851,2872
2016-01-25,2847,2877,2811,2819
2016-01-26,2790,2851,2785,2829
2016-01-27,2829,2838,2743,2764
2016-01-28,2739,2823,2731,2791
2016-01-29,2806,2830,2754,2761
2016-02-01,2765,2875,2744,2868
2016-02-02,2852,2858,2753,2761
2016-02-03,2775,2854,2738,2837
2016-02-04,2870,2878,2757,2764
2016-02-05,2766,2823,2753,2772
2016-02-08,2805,2879,2773,2870
2016-02-09,2859,2872,2797,2859
2016-02-10,2837,2890,2821,2854
2016-02-11,2838,2849,2798,2800
2016-02-12,2809,2879,2803,2874
2016-02-16,2854,2870,2818,2834
2016-02-17,2834,2915,2809,2880
2016-02-18,2869,2930,2865,2918
2016-02-19,2897,2920,2839,2857
2016-02-22,2818,2906,2812,2879
2016-02-23,2890,2910,2837,2889
2016-02-24,2884,2939,2852,2929
2016-02-25,2934,2968,2924,2947
2016-02-26,2957,2974,2872,2888
2016-02-29,2894,2970,2893,2955
2016-03-01,2943,2965,2919,2933
2016-03-02,2949,2957,2895,2948
2016-03-03,2960,2980,2926,2952
2016-03-04,2973,3018,2962,3008
2016-03-07,2986,3017,2982,3010
2016-03-08,3007,3015,2944,2970
2016-03-09,2980,3037,2963,3022
2016-03-10,3032,3068,3021,3062
2016-03-11,3058,3077,3048,3062
2016-03-14,3066,3087,3014,3081
2016-03-15,3069,3075,3050,3053
2016-03-16,3050,3052,3016,3040
2016-03-17,3075,3125,3055,3116
2016-03-18,3115,3148,3104,3118
2016-03-21,3114,3125,3059,3072
2016-03-22,3056,3068,3025,3035
2016-03-23,3038,3039,2936,2963
2016-03-24,2957,2972,2926,2962
2016-03-28,2946,3001,2946,2970
2016-03-29,2960,2992,2952,2970
2016-03-30,2985,3021,2959,2974
2016-03-31,2959,2979,2910,2950
2016-04-01,2941,2958,2880,2881
2016-04-04,2865,2917,2854,2871
2016-04-05,2850,2891,2841,2882
2016-04-06,2883,2907,2856,2900
2016-04-07,2913,2918,2865,2872
2016-04-08,2872,2901,2869,2894
2016-04-11,2893,2941,2892,2932
2016-04-12,2949,2966,2923,2963
2016-04-13,2920,2961,2914,2954
2016-04-14,2946,2994,2942,2988
2016-04-15,2986,3031,2974,2987
2016-04-18,2973,3046,2953,3041
2016-04-19,3055,3086,3051,3079
2016-04-20,3081,3102,3069,3090
2016-04-21,3080,3138,3080,3107
2016-04-22,3121,3159,3113,3155
2016-04-25,3160,3177,3134,3167
2016-04-26,3171,3213,3163,3211
2016-04-27,3209,3219,3176,3190
2016-04-28,3186,3202,3164,3182
2016-04-29,3201,3240,3195,3233
2016-05-02,3220,3225,3193,3217
2016-05-03,3237,3240,3189,3205
2016-05-04,3196,3199,3142,3186
2016-05-05,3179,3185,3140,3158
2016-05-06,3150,3152,3066,3074
2016-05-09,3066,3092,3059,3079
2016-05-10,3084,3120,3076,3101
2016-05-11,3080,3118,3067,3070
2016-05-12,3072,3087,2997,3020
2016-05-13,2990,3002,2963,2967
2016-05-16,2958,2990,2906,2927
2016-05-17,2920,2933,2890,2899
2016-05-18,2901,2942,2890,2931
2016-05-19,2921,2940,2884,2893
2016-05-20,2910,2926,2894,2912
2016-05-23,2912,2982,2909,2959
2016-05-24,2998,3018,2932,2953
2016-05-25,2958,2968,2917,2924
2016-05-26,2901,2944,2891,2916
2016-05-27,2955,3008,2939,3005
2016-05-31,3019,3078,3019,3059
2016-06-01,3037,3063,2997,3046
2016-06-02,3029,3077,3023,3057
2016-06-03,3053,3067,2992,3031
2016-06-06,3030,3095,3004,3063
2016-06-07,3075,3105,3057,3088
2016-06-08,3072,3108,3069,3092
2016-06-09,3084,3101,3074,3094
2016-06-10,3092,3101,3057,3099
2016-06-13,3081,3126,3061,3109
2016-06-14,3095,3115,3082,3104
2016-06-15,3115,3128,3108,3116
2016-06-16,3120,3121,2927,3026
2016-06-17,3075,3088,3038,3066
2016-06-20,3117,3133,3100,3123
2016-06-21,3133,3149,3102,3146
2016-06-22,3148,3160,3136,3156
2016-06-23,3171,3190,3163,3184
2016-06-24,3057,3100,3008,3023
2016-06-27,2995,3008,2976,2986
2016-06-28,3009,3031,2990,3006
2016-06-29,3020,3038,3002,3034
2016-06-30,3029,3040,2956,2963
2016-07-01,2976,3000,2968,2995
2016-07-05,3010,3069,2984,3065
2016-07-06,3066,3088,3046,3080
2016-07-07,3094,3116,3071,3110
2016-07-08,3117,3133,3090,3097
2016-07-11,3100,3132,3094,3101
2016-07-12,3112,3129,3083,3114
2016-07-13,3121,3159,3115,3143
2016-07-14,3145,3163,3139,3157
2016-07-15,3157,3166,3056,3065
2016-07-18,3081,3099,3061,3085
2016-07-19,3067,3068,2990,2998
2016-07-20,3000,3017,2950,2969
2016-07-21,2958,2972,2896,2902
2016-07-22,2875,2948,2849,2886
2016-07-25,2885,2914,2850,2854
2016-07-26,2861,2888,2841,2851
2016-07-27,2840,2879,2840,2857
2016-07-28,2883,2891,2846,2850
2016-07-29,2853,2869,2815,2835
2016-08-01,2822,2952,2818,2926
2016-08-02,2921,2963,2879,2896
2016-08-03,2885,2999,2874,2993
2016-08-04,2992,3001,2945,2991
2016-08-05,3005,3041,2997,3021
2016-08-08,3012,3054,3010,3031
2016-08-09,3026,3063,2961,2976
2016-08-10,2958,3021,2935,3005
2016-08-11,2995,3005,2974,2993
2016-08-12,2991,3013,2961,2981
2016-08-15,2993,3029,2993,3015
2016-08-16,3035,3064,3014,3059
2016-08-17,3064,3088,3043,3079
2016-08-18,3099,3119,3087,3113
2016-08-19,3113,3120,3076,3099
2016-08-22,3079,3079,2977,2984
2016-08-23,3020,3047,2983,3041
2016-08-24,3052,3077,2990,3017
2016-08-25,3017,3062,3009,3028
2016-08-26,3028,3051,2980,3015
2016-08-29,3009,3009,2917,2925
2016-08-30,2952,2952,2885,2890
2016-08-31,2899,2918,2861,2898
2016-09-01,2920,2929,2880,2897
2016-09-02,2880,2936,2880,2900
2016-09-06,2902,2933,2891,2923
2016-09-07,2929,2954,2887,2909
2016-09-08,2898,2922,2853,2885
2016-09-09,2846,2865,2747,2762
2016-09-12,2765,2799,2743,2790
2016-09-13,2778,2808,2748,2782
2016-09-14,2804,2824,2792,2809
2016-09-15,2811,2838,2802,2832
2016-09-16,2833,2848,2793,2803
2016-09-19,2817,2888,2816,2872
2016-09-20,2869,2882,2834,2866
2016-09-21,2853,2888,2852,2877
2016-09-22,2882,2934,2880,2920
2016-09-23,2915,2924,2811,2852
2016-09-26,2844,2848,2810,2845
2016-09-27,2845,2876,2831,2868
2016-09-28,2862,2868,2800,2825
2016-09-29,2817,2824,2711,2728
2016-09-30,2723,2781,2708,2761
2016-10-03,2759,2799,2738,2793
2016-10-04,2771,2823,2766,2815
2016-10-05,2813,2848,2790,2836
2016-10-06,2829,2832,2760,2787
2016-10-07,2773,2804,2755,2785
2016-10-10,2792,2799,2631,2657
2016-10-11,2671,2677,2625,2665
2016-10-12,2679,2688,2625,2643
2016-10-13,2643,2707,2637,2696
2016-10-14,2700,2738,2693,2718
2016-10-17,2703,2710,2651,2690
2016-10-18,2690,2730,2677,2698
2016-10-19,2696,2727,2688,2724
2016-10-20,2734,2748,2674,2717
2016-10-21,2711,2731,2679,2725
2016-10-24,2716,2724,2679,2705
2016-10-25,2715,2753,2692,2735
2016-10-26,2749,2770,2731,2769
2016-10-27,2773,2773,2715,2732
2016-10-28,2729,2766,2679,2756
2016-10-31,2758,2770,2692,2735
2016-11-01,2720,2734,2682,2696
2016-11-02,2700,2718,2665,2709
2016-11-03,2720,2769,2685,2705
2016-11-04,2708,2719,2577,2581
2016-11-07,2541,2541,2437,2445
2016-11-08,2450,2485,2444,2465
2016-11-09,2458,2489,2445,2451
2016-11-10,2450,2462,2422,2441
2016-11-11,2462,2488,2447,2471
2016-11-14,2457,2475,2407,2418
2016-11-15,2407,2416,2385,2395
2016-11-16,2397,2422,2390,2411
2016-11-17,2416,2427,2358,2419
2016-11-18,2420,2439,2405,2425
2016-11-21,2426,2458,2421,2431
2016-11-22,2425,2455,2423,2440
2016-11-23,2436,2452,2408,2439
2016-11-25,2433,2445,2400,2415
2016-11-28,2417,2430,2396,2402
2016-11-29,2405,2428,2387,2415
2016-11-30,2418,2427,2371,2389
2016-12-01,2381,2428,2381,2406
2016-12-02,2406,2410,2342,2395
2016-12-05,2389,2392,2350,2367
2016-12-06,2372,2376,2322,2358
2016-12-07,2342,2343,2295,2324
2016-12-08,2340,2348,2242,2272
2016-12-09,2242,2243,2161,2170
2016-12-12,2160,2280,2144,2240
2016-12-13,2274,2299,2240,2289
2016-12-14,2280,2337,2260,2315
2016-12-15,2300,2306,2223,2242
2016-12-16,2229,2272,2175,2238
2016-12-19,2271,2308,2246,2303
2016-12-20,2291,2293,2248,2256
2016-12-21,2256,2287,2252,2279
2016-12-22,2278,2283,2183,2189
2016-12-23,2189,2267,2181,2264
2016-12-27,2264,2272,2206,2237
2016-12-28,2237,2239,2182,2205
2016-12-29,2205,2208,2142,2165
2016-12-30,2151,2194,2121,2126
2017-01-03,2135,2179,2119,2166
2017-01-04,2175,2246,2166,2237
2017-01-05,2237,2267,2210,2262
2017-01-06,2263,2291,2245,2261
2017-01-09,2215,2216,2141,2184
2017-01-10,2180,2214,2161,2207
2017-01-11,2202,2202,2106,2127
2017-01-12,2161,2233,2151,2230
2017-01-13,2219,2230,2190,2213
2017-01-17,2186,2252,2164,2235
2017-01-18,2239,2258,2210,2233
2017-01-19,2237,2249,2144,2164
2017-01-20,2153,2166,2123,2140
2017-01-23,2160,2182,2142,2165
2017-01-24,2166,2207,2147,2201
2017-01-25,2218,2220,2166,2192
2017-01-26,2184,2187,2124,2132
2017-01-27,2108,2121,2076,2095
2017-01-30,2098,2109,2074,2078
2017-01-31,2072,2150,2072,2103
2017-02-01,2098,2150,2095,2109
2017-02-02,2107,2109,2073,2084
2017-02-03,2074,2086,2052,2072
2017-02-06,2071,2091,2041,2047
2017-02-07,2037,2051,2000,2005
2017-02-08,2006,2028,2001,2011
2017-02-09,2008,2038,1988,1996
2017-02-10,1995,1998,1951,1962
2017-02-13,1947,1960,1921,1925
2017-02-14,1907,1943,1893,1905
2017-02-15,1907,1990,1890,1987
2017-02-16,1989,2057,1986,2042
2017-02-17,2047,2060,1988,2000
2017-02-21,1997,2013,1964,1996
2017-02-22,2000,2009,1987,1995
2017-02-23,1994,2034,1994,2026
2017-02-24,2020,2032,1987,1994
2017-02-27,1979,2008,1967,1982
2017-02-28,1970,1981,1904,1909
2017-03-01,1904,1923,1888,1897
2017-03-02,1896,1940,1869,1928
2017-03-03,1918,1963,1910,1955
2017-03-06,1965,1972,1933,1935
2017-03-07,1931,1942,1905,1917
2017-03-08,1902,1922,1896,1912
2017-03-09,1908,1920,1878,1898
2017-03-10,1890,1953,1885,1934
2017-03-13,1945,2022,1933,2017
2017-03-14,2012,2065,2006,2058
2017-03-15,2067,2079,2037,2048
2017-03-16,2055,2069,2022,2027
2017-03-17,2034,2046,2006,2013
2017-03-20,2024,2124,2013,2116
2017-03-21,2153,2187,2121,2154
2017-03-22,2157,2169,2120,2165
2017-03-23,2174,2183,2141,2176
2017-03-24,2162,2173,2126,2131
2017-03-27,2151,2180,2128,2150
2017-03-28,2161,2164,2111,2129
2017-03-29,2110,2119,2082,2086
2017-03-30,2079,2118,2055,2096
2017-03-31,2089,2107,2078,2095
2017-04-03,2092,2111,2060,2107
2017-04-04,2097,2122,2081,2110
2017-04-05,2109,2128,2091,2111
2017-04-06,2106,2115,2072,2087
2017-04-07,2061,2062,1989,2006
2017-04-10,1990,1992,1953,1964
2017-04-11,1950,1996,1945,1988
2017-04-12,1970,1979,1946,1967
2017-04-13,1955,1970,1911,1915
2017-04-17,1915,1930,1892,1927
2017-04-18,1927,1953,1898,1916
2017-04-19,1915,1926,1826,1873
2017-04-20,1832,1849,1756,1799
2017-04-21,1799,1856,1787,1850
2017-04-24,1848,1877,1804,1816
2017-04-25,1803,1860,1803,1852
2017-04-26,1843,1900,1837,1875
2017-04-27,1879,1884,1842,1868
2017-04-28,1859,1883,1807,1841
2017-05-01,1828,1838,1805,1812
2017-05-02,1815,1845,1792,1805
2017-05-03,1785,1792,1772,1780
2017-05-04,1775,1844,1772,1839
2017-05-05,1850,1877,1805,1866
2017-05-08,1881,1964,1876,1955
2017-05-09,1969,1971,1926,1960
2017-05-10,1963,1968,1939,1954
2017-05-11,1953,1964,1941,1952
2017-05-12,1943,2027,1941,2015
2017-05-15,2045,2066,2031,2041
2017-05-16,2047,2055,1975,2034
2017-05-17,2036,2062,2004,2054
2017-05-18,2067,2088,2050,2084
2017-05-19,2080,2084,2018,2028
2017-05-22,2034,2058,2014,2035
2017-05-23,2034,2055,1994,2021
2017-05-24,1996,1998,1882,1894
2017-05-25,1900,1927,1867,1877
2017-05-26,1884,1917,1881,1911
2017-05-30,1922,2041,1920,2037
2017-05-31,2040,2060,2026,2048
2017-06-01,2031,2038,1971,2024
2017-06-02,2025,2033,1992,2001
2017-06-05,2003,2005,1927,1988
2017-06-06,1991,1999,1950,1975
2017-06-07,1964,1985,1947,1963
2017-06-08,1980,2067,1976,1989
2017-06-09,2001,2047,1969,2038
2017-06-12,2048,2093,2036,2088
2017-06-13,2099,2114,2039,2056
2017-06-14,2048,2077,2033,2075
2017-06-15,2083,2088,2061,2069
2017-06-16,2080,2085,2014,2028
2017-06-19,2038,2045,1927,1934
2017-06-20,1942,1949,1907,1918
2017-06-21,1913,1931,1839,1853
2017-06-22,1830,1847,1806,1823
2017-06-23,1821,1885,1818,1879
2017-06-26,1869,1894,1826,1845
2017-06-27,1840,1899,1840,1863
2017-06-28,1867,1890,1866,1884
2017-06-29,1888,1898,1838,1861
2017-06-30,1854,1955,1852,1940
2017-07-03,1968,1995,1951,1958
2017-07-05,1951,1958,1921,1947
2017-07-06,1938,1947,1893,1927
2017-07-07,1915,1922,1866,1872
2017-07-10,1867,1902,1815,1838
2017-07-11,1837,1845,1791,1817
2017-07-12,1803,1828,1801,1821
2017-07-13,1821,1886,1820,1872
2017-07-14,1887,1922,1872,1915
2017-07-17,1914,1918,1886,1910
2017-07-18,1907,1944,1889,1911
2017-07-19,1899,1953,1899,1944
2017-07-20,1946,1973,1933,1956
2017-07-21,1952,1977,1938,1968
2017-07-24,1969,1987,1953,1968
2017-07-25,1960,1967,1917,1926
2017-07-26,1916,1940,1900,1912
2017-07-27,1921,2019,1920,2013
2017-07-28,2013,2068,2007,2060
2017-07-31,2061,2082,2038,2060
2017-08-01,2081,2090,1995,2023
2017-08-02,2007,2069,1997,2055
2017-08-03,2070,2084,2034,2061
2017-08-04,2060,2073,1982,1994
2017-08-07,2013,2043,2000,2029
2017-08-08,2023,2065,2010,2018
2017-08-09,2021,2030,1983,2005
2017-08-10,2005,2019,1942,1965
2017-08-11,1955,1988,1946,1977
2017-08-14,1964,1969,1910,1920
2017-08-15,1910,1915,1850,1865
2017-08-16,1858,1885,1830,1839
2017-08-17,1844,1884,1834,1869
2017-08-18,1881,1917,1860,1878
2017-08-21,1878,1908,1846,1892
2017-08-22,1891,1896,1867,1886
2017-08-23,1858,1885,1851,1871
2017-08-24,1855,1908,1854,1895
2017-08-25,1903,1944,1903,1933
2017-08-28,1905,2002,1905,1997
2017-08-29,1999,2009,1944,1959
2017-08-30,1950,1959,1882,1924
2017-08-31,1931,1939,1897,1926
2017-09-01,1924,1972,1921,1947
2017-09-05,1947,1982,1941,1946
2017-09-06,1951,1951,1888,1917
2017-09-07,1910,1929,1897,1906
2017-09-08,1905,1944,1894,1933
2017-09-11,1936,1943,1912,1934
2017-09-12,1943,1958,1920,1951
2017-09-13,1957,1995,1950,1990
2017-09-14,1997,2012,1922,1973
2017-09-15,1959,2017,1956,2009
2017-09-18,2000,2022,1958,1975
2017-09-19,1965,1996,1944,1965
2017-09-20,1966,2008,1964,1998
2017-09-21,1995,2028,1983,2021
2017-09-22,2026,2047,1970,1983
2017-09-25,1976,2017,1960,1972
2017-09-26,1971,1992,1961,1971
2017-09-27,1974,2021,1971,2015
2017-09-28,2013,2031,1974,1980
2017-09-29,1976,2057,1968,2043
2017-10-02,2044,2053,1984,2037
2017-10-03,2043,2088,2022,2082
2017-10-04,2091,2102,2063,2078
2017-10-05,2084,2092,2055,2084
2017-10-06,2090,2093,2060,2085
2017-10-09,2091,2099,1999,2008
2017-10-10,2021,2062,2016,2045
2017-10-11,2057,2117,2046,2097
2017-10-12,2120,2121,2077,2090
2017-10-13,2113,2116,2065,2087
2017-10-16,2087,2092,2037,2044
2017-10-17,2043,2074,2028,2064
2017-10-18,2066,2087,2057,2067
2017-10-19,2061,2152,2059,2145
2017-10-20,2155,2160,2122,2138
2017-10-23,2134,2147,2105,2124
2017-10-24,2120,2128,2077,2084
2017-10-25,2083,2112,2064,2079
2017-10-26,2084,2134,2078,2127
2017-10-27,2125,2125,2092,2115
2017-10-30,2119,2121,2074,2118
2017-10-31,2118,2120,2090,2094
2017-11-01,2089,2142,2086,2123
2017-11-02,2127,2127,2048,2052
2017-11-03,2060,2065,2035,2061
2017-11-06,2051,2113,2049,2109
2017-11-07,2115,2158,2096,2139
2017-11-08,2154,2197,2144,2188
2017-11-09,2196,2198,2169,2185
2017-11-10,2186,2226,2179,2212
2017-11-13,2199,2214,2178,2201
2017-11-14,2196,2204,2152,2155
2017-11-15,2155,2162,2110,2129
2017-11-16,2133,2152,2132,2140
2017-11-17,2145,2147,2112,2131
2017-11-20,2120,2121,2081,2089
2017-11-21,2092,2117,2086,2110
2017-11-22,2116,2131,2109,2124
2017-11-24,2111,2121,2083,2107
2017-11-27,2107,2115,2059,2067
2017-11-28,2061,2071,2040,2049
2017-11-29,2049,2118,2040,2106
2017-11-30,2107,2108,2046,2049
2017-12-01,2045,2049,2013,2041
2017-12-04,2033,2039,1994,2003
2017-12-05,1997,2001,1912,1932
2017-12-06,1936,1940,1903,1906
2017-12-07,1910,1931,1868,1880
2017-12-08,1878,1917,1860,1887
2017-12-11,1904,1953,1901,1912
2017-12-12,1913,1924,1863,1867
2017-12-13,1878,1905,1852,1888
2017-12-14,1885,1908,1876,1893
2017-12-15,1886,1903,1871,1877
2017-12-18,1895,1937,1881,1922
2017-12-19,1915,1928,1894,1912
2017-12-20,1910,1933,1895,1931
2017-12-21,1919,1919,1863,1907
2017-12-22,1886,1894,1804,1809
2017-12-26,1807,1868,1807,1856
2017-12-27,1867,1892,1841,1866
2017-12-28,1876,1927,1876,1911
2017-12-29,1900,1918,1877,1892
2018-01-02,1900,1947,1862,1936
2018-01-03,1942,1943,1888,1907
2018-01-04,1882,1910,1836,1905
2018-01-05,1887,1904,1866,1895
2018-01-08,1885,1917,1870,1914
2018-01-09,1909,1940,1891,1899
2018-01-10,1906,1956,1900,1941
2018-01-11,1950,1960,1914,1928
2018-01-12,1926,1944,1894,1914
2018-01-16,1947,1951,1901,1932
2018-01-17,1929,1999,1925,1985
2018-01-18,1996,2011,1972,1984
2018-01-19,1970,1970,1916,1931
2018-01-22,1939,1975,1921,1938
2018-01-23,1949,1970,1923,1929
2018-01-24,1939,1964,1908,1955
2018-01-25,1953,1991,1944,1960
2018-01-26,1957,1998,1950,1986
2018-01-29,1982,2004,1934,1946
2018-01-30,1944,1988,1943,1970
2018-01-31,1978,2012,1974,1996
2018-02-01,1997,2037,1986,2017
2018-02-02,2030,2063,2015,2059
2018-02-05,2080,2096,2063,2074
2018-02-06,2070,2085,2042,2065
2018-02-07,2071,2090,2015,2037
2018-02-08,2029,2075,2024,2060
2018-02-09,2060,2071,2026,2060
2018-02-12,2056,2074,1991,2007
2018-02-13,2014,2053,2005,2036
2018-02-14,2046,2114,2020,2084
2018-02-15,2108,2144,2094,2134
2018-02-16,2140,2157,2110,2134
2018-02-20,2123,2151,2116,2148
2018-02-21,2134,2175,2124,2173
2018-02-22,2157,2177,2141,2146
2018-02-23,2152,2205,2150,2194
2018-02-26,2202,2220,2160,2215
2018-02-27,2216,2234,2194,2227
2018-02-28,2224,2226,2179,2218
2018-03-01,2210,2279,2196,2250
2018-03-02,2280,2340,2251,2313
2018-03-05,2337,2459,2331,2446
2018-03-06,2420,2471,2404,2441
2018-03-07,2441,2468,2424,2443
2018-03-08,2435,2522,2427,2493
2018-03-09,2509,2539,2444,2465
2018-03-12,2472,2569,2453,2546
2018-03-13,2541,2559,2521,2532
2018-03-14,2530,2581,2517,2556
2018-03-15,2557,2571,2509,2536
2018-03-16,2536,2546,2514,2522
2018-03-19,2535,2568,2439,2445
2018-03-20,2433,2516,2430,2480
2018-03-21,2500,2541,2472,2524
2018-03-22,2550,2567,2506,2535
2018-03-23,2533,2636,2511,2615
2018-03-26,2612,2643,2597,2629
2018-03-27,2623,2623,2534,2554
2018-03-28,2570,2603,2490,2597
2018-03-29,2581,2607,2545,2556
2018-04-02,2592,2647,2546,2635
2018-04-03,2600,2606,2477,2498
2018-04-04,2471,2517,2440,2475
2018-04-05,2477,2534,2433,2508
2018-04-06,2508,2516,2440,2453
2018-04-09,2502,2571,2474,2553
2018-04-10,2561,2563,2503,2531
2018-04-11,2541,2593,2514,2580
2018-04-12,2578,2596,2556,2564
2018-04-13,2570,2593,2552,2576
2018-04-16,2586,2714,2563,2704
2018-04-17,2693,2727,2684,2704
2018-04-18,2700,2856,2696,2800
2018-04-19,2793,2832,2778,2799
2018-04-20,2777,2795,2704,2729
2018-04-23,2715,2755,2698,2726
2018-04-24,2717,2837,2717,2815
2018-04-25,2820,2865,2786,2836
2018-04-26,2868,2943,2769,2802
2018-04-27,2802,2836,2729,2831
2018-04-30,2828,2840,2739,2825
2018-05-01,2812,2906,2776,2894
2018-05-02,2900,2904,2806,2813
2018-05-03,2796,2847,2778,2841
2018-05-04,2841,2841,2765,2777
2018-05-07,2768,2863,2751,2848
2018-05-08,2831,2846,2758,2773
2018-05-09,2758,2776,2686,2770
2018-05-10,2770,2785,2713,2762
2018-05-11,2748,2851,2748,2805
2018-05-14,2806,2849,2762,2779
2018-05-15,2782,2785,2662,2674
2018-05-16,2650,2740,2629,2730
2018-05-17,2725,2767,2626,2639
2018-05-18,2615,2730,2615,2678
2018-05-21,2656,2692,2609,2615
2018-05-22,2611,2669,2575,2589
2018-05-23,2608,2635,2585,2618
2018-05-24,2627,2642,2597,2603
2018-05-25,2604,2631,2553,2556
2018-05-29,2545,2589,2488,2497
2018-05-30,2498,2541,2494,2529
2018-05-31,2529,2533,2444,2454
2018-06-01,2450,2470,2413,2458
2018-06-04,2450,2457,2326,2351
2018-06-05,2328,2366,2278,2289
2018-06-06,2290,2332,2258,2296
2018-06-07,2304,2318,2253,2274
2018-06-08,2275,2399,2262,2393
2018-06-11,2399,2417,2349,2408
2018-06-12,2410,2456,2392,2444
2018-06-13,2425,2475,2380,2391
2018-06-14,2395,2454,2391,2433
2018-06-15,2416,2527,2393,2519
2018-06-18,2508,2522,2432,2476
2018-06-19,2469,2494,2426,2453
2018-06-20,2446,2562,2441,2553
2018-06-21,2540,2540,2490,2513
2018-06-22,2520,2539,2483,2514
2018-06-25,2505,2520,2471,2480
2018-06-26,2486,2497,2424,2472
2018-06-27,2474,2479,2355,2380
2018-06-28,2368,2466,2341,2451
2018-06-29,2454,2534,2414,2512
2018-07-02,2512,2516,2455,2501
2018-07-03,2508,2543,2437,2454
2018-07-05,2439,2529,2422,2482
2018-07-06,2488,2496,2403,2465
2018-07-09,2461,2483,2417,2443
2018-07-10,2460,2522,2444,2501
2018-07-11,2471,2490,2446,2480
2018-07-12,2469,2492,2447,2485
2018-07-13,2477,2518,2452,2513
2018-07-16,2535,2594,2389,2406
2018-07-17,2389,2430,2360,2395
2018-07-18,2397,2402,2321,2337
2018-07-19,2325,2359,2288,2292
2018-07-20,2306,2337,2280,2322
2018-07-23,2330,2335,2276,2299
2018-07-24,2291,2302,2246,2257
2018-07-25,2243,2271,2233,2245
2018-07-26,2243,2348,2243,2315
2018-07-27,2323,2333,2212,2233
2018-07-30,2222,2280,2222,2239
2018-07-31,2240,2257,2152,2170
2018-08-01,2156,2166,2063,2070
2018-08-02,2054,2107,2053,2072
2018-08-03,2069,2089,2039,2046
2018-08-06,2036,2127,2035,2122
2018-08-07,2115,2119,2082,2103
2018-08-08,2134,2186,2123,2150
2018-08-09,2149,2162,2118,2129
2018-08-10,2121,2141,2108,2118
2018-08-13,2117,2163,2117,2148
2018-08-14,2137,2155,2121,2150
2018-08-15,2154,2195,2133,2140
2018-08-16,2146,2193,2146,2158
2018-08-17,2158,2162,2135,2149
2018-08-20,2143,2225,2136,2195
2018-08-21,2190,2266,2174,2259
2018-08-22,2265,2325,2255,2313
2018-08-23,2310,2344,2283,2337
2018-08-24,2342,2375,2335,2364
2018-08-27,2366,2397,2326,2346
2018-08-28,2346,2358,2305,2320
2018-08-29,2315,2359,2308,2349
2018-08-30,2351,2352,2265,2275
2018-08-31,2271,2344,2254,2336
2018-09-04,2285,2336,2275,2332
2018-09-05,2310,2372,2292,2311
2018-09-06,2314,2332,2264,2281
2018-09-07,2281,2329,2246,2259
2018-09-10,2257,2320,2250,2300
2018-09-11,2310,2314,2263,2284
2018-09-12,2286,2341,2263,2325
2018-09-13,2325,2337,2291,2315
2018-09-14,2319,2327,2205,2219
2018-09-17,2223,2298,2219,2236
2018-09-18,2238,2281,2224,2242
2018-09-19,2254,2276,2186,2195
2018-09-20,2194,2234,2187,2201
2018-09-21,2202,2215,2155,2167
2018-09-24,2160,2258,2156,2235
2018-09-25,2218,2252,2189,2195
2018-09-26,2193,2212,2147,2151
2018-09-27,2161,2176,2111,2114
2018-09-28,2115,2136,2053,2057
2018-10-01,2053,2082,1982,1990
2018-10-02,2004,2097,2002,2086
2018-10-03,2090,2096,2014,2019
2018-10-04,2012,2056,2003,2010
2018-10-05,2008,2065,2008,2024
2018-10-08,2041,2105,2031,2086
2018-10-09,2094,2128,2075,2119
2018-10-10,2116,2131,2074,2088
2018-10-11,2080,2120,2063,2097
2018-10-12,2110,2164,2110,2160
2018-10-15,2171,2178,2083,2141
2018-10-16,2131,2222,2122,2194
2018-10-17,2211,2232,2182,2226
2018-10-18,2213,2216,2137,2145
2018-10-19,2151,2183,2113,2162
2018-10-22,2173,2226,2142,2220
2018-10-23,2206,2208,2153,2187
2018-10-24,2190,2228,2133,2137
2018-10-25,2147,2216,2144,2209
2018-10-26,2215,2281,2207,2251
2018-10-29,2251,2272,2180,2195
2018-10-30,2199,2228,2169,2215
2018-10-31,2220,2244,2190,2234
2018-11-01,2235,2292,2225,2264
2018-11-02,2263,2274,2228,2267
2018-11-05,2265,2323,2248,2312
2018-11-06,2313,2383,2310,2379
2018-11-07,2398,2410,2364,2399
2018-11-08,2389,2397,2282,2292
2018-11-09,2298,2317,2269,2287
2018-11-12,2264,2298,2237,2248
2018-11-13,2253,2266,2212,2255
2018-11-14,2253,2257,2185,2210
2018-11-15,2202,2266,2195,2219
2018-11-16,2219,2271,2202,2234
2018-11-19,2248,2258,2183,2206
2018-11-20,2187,2217,2172,2190
2018-11-21,2187,2187,2132,2145
2018-11-23,2134,2143,2120,2122
2018-11-26,2132,2142,2104,2116
2018-11-27,2115,2166,2108,2145
2018-11-28,2136,2156,2106,2121
2018-11-29,2120,2186,2120,2165
2018-11-30,2168,2211,2144,2203
2018-12-03,2208,2217,2154,2203
2018-12-04,2203,2215,2168,2187
2018-12-05,2175,2184,2095,2110
2018-12-06,2117,2142,2112,2128
2018-12-07,2134,2247,2128,2225
2018-12-10,2220,2231,2185,2206
2018-12-11,2203,2204,2098,2116
2018-12-12,2123,2200,2115,2162
2018-12-13,2168,2255,2159,2250
2018-12-14,2238,2279,2216,2237
2018-12-17,2227,2263,2204,2230
2018-12-18,2230,2312,2227,2271
2018-12-19,2290,2319,2242,2317
2018-12-20,2317,2317,2251,2271
2018-12-21,2280,2290,2221,2271
2018-12-24,2276,2345,2256,2315
2018-12-26,2316,2436,2309,2429
2018-12-27,2385,2401,2347,2373
2018-12-28,2369,2412,2342,2408
2018-12-31,2410,2439,2381,2416
2019-01-02,2419,2424,2367,2394
2019-01-03,2396,2423,2379,2400
2019-01-04,2399,2402,2314,2361
2019-01-07,2362,2413,2356,2410
2019-01-08,2389,2399,2355,2382
2019-01-09,2379,2387,2346,2351
2019-01-10,2331,2390,2327,2369
2019-01-11,2372,2396,2350,2356
2019-01-14,2358,2385,2333,2341
2019-01-15,2344,2362,2259,2274
2019-01-16,2293,2343,2282,2322
2019-01-17,2322,2368,2308,2335
2019-01-18,2348,2355,2297,2307
2019-01-22,2294,2303,2226,2246
2019-01-23,2249,2265,2227,2245
2019-01-24,2244,2277,2236,2256
2019-01-25,2256,2265,2218,2225
2019-01-28,2227,2304,2224,2250
2019-01-29,2252,2284,2206,2215
2019-01-30,2217,2231,2163,2176
2019-01-31,2183,2192,2161,2168
2019-02-01,2173,2202,2165,2168
2019-02-04,2172,2247,2169,2228
2019-02-05,2220,2237,2193,2219
2019-02-06,2270,2305,2264,2280
2019-02-07,2282,2292,2224,2254
2019-02-08,2250,2279,2230,2235
2019-02-11,2231,2275,2230,2265
2019-02-12,2262,2290,2254,2270
2019-02-13,2265,2310,2246,2287
2019-02-14,2283,2285,2251,2270
2019-02-15,2275,2345,2275,2339
2019-02-19,2354,2369,2312,2350
2019-02-20,2354,2359,2293,2317
2019-02-21,2319,2342,2241,2275
2019-02-22,2275,2336,2260,2288
2019-02-25,2291,2293,2248,2256
2019-02-26,2256,2303,2253,2276
2019-02-27,2280,2317,2266,2313
2019-02-28,2305,2315,2233,2247
2019-03-01,2241,2279,2213,2217
2019-03-04,2208,2216,2148,2156
2019-03-05,2148,2171,2143,2157
2019-03-06,2164,2270,2155,2245
2019-03-07,2242,2242,2164,2182
2019-03-08,2187,2223,2187,2198
2019-03-11,2199,2222,2191,2202
2019-03-12,2201,2226,2170,2217
2019-03-13,2213,2241,2199,2216
2019-03-14,2215,2266,2207,2214
2019-03-15,2215,2224,2179,2197
2019-03-18,2199,2224,2172,2196
2019-03-19,2189,2245,2184,2202
2019-03-20,2190,2201,2137,2143
2019-03-21,2142,2155,2113,2132
2019-03-22,2130,2178,2127,2159
2019-03-25,2159,2243,2146,2216
2019-03-26,2223,2268,2209,2237
2019-03-27,2225,2261,2212,2248
2019-03-28,2238,2278,2232,2257
2019-03-29,2254,2286,2246,2280
2019-04-01,2290,2353,2276,2327
2019-04-02,2330,2373,2309,2356
2019-04-03,2374,2394,2349,2376
2019-04-04,2388,2429,2364,2415
2019-04-05,2409,2423,2394,2413
2019-04-08,2413,2424,2395,2412
2019-04-09,2400,2425,2369,2418
2019-04-10,2418,2425,2399,2423
2019-04-11,2419,2434,2373,2378
2019-04-12,2378,2417,2377,2407
2019-04-15,2400,2421,2379,2396
2019-04-16,2406,2408,2314,2346
2019-04-17,2350,2406,2340,2403
2019-04-18,2390,2413,2361,2372
2019-04-22,2375,2391,2326,2342
2019-04-23,2338,2351,2275,2292
2019-04-24,2290,2291,2234,2248
2019-04-25,2252,2290,2243,2285
2019-04-26,2278,2343,2264,2335
2019-04-29,2332,2386,2319,2383
2019-04-30,2383,2407,2351,2359
2019-05-01,2365,2400,2310,2315
2019-05-02,2311,2384,2311,2374
2019-05-03,2365,2400,2347,2379
2019-05-06,2351,2386,2328,2340
2019-05-07,2348,2354,2286,2301
2019-05-08,2299,2331,2290,2305
2019-05-09,2302,2341,2279,2336
2019-05-10,2329,2352,2304,2312
2019-05-13,2307,2350,2282,2287
2019-05-14,2289,2326,2283,2293
2019-05-15,2293,2331,2226,2321
2019-05-16,2321,2379,2303,2372
2019-05-17,2375,2378,2342,2353
2019-05-20,2353,2393,2332,2387
2019-05-21,2391,2453,2374,2446
2019-05-22,2447,2447,2409,2413
2019-05-23,2415,2432,2392,2426
2019-05-24,2431,2478,2426,2467
2019-05-28,2462,2478,2440,2450
2019-05-29,2453,2473,2407,2438
2019-05-30,2443,2454,2405,2428
2019-05-31,2428,2445,2393,2400
2019-06-03,2411,2416,2337,2351
2019-06-04,2368,2380,2307,2360
2019-06-05,2373,2404,2339,2401
2019-06-06,2377,2433,2376,2427
2019-06-07,2431,2482,2409,2478
2019-06-10,2466,2506,2447,2503
2019-06-11,2503,2537,2490,2504
2019-06-12,2527,2552,2525,2541
2019-06-13,2519,2537,2501,2510
2019-06-14,2510,2529,2492,2496
2019-06-17,2498,2499,2448,2479
2019-06-18,2483,2505,2469,2500
2019-06-19,2495,2528,2484,2513
2019-06-20,2530,2537,2444,2446
2019-06-21,2447,2517,2446,2502
2019-06-24,2510,2533,2481,2487
2019-06-25,2492,2510,2461,2464
2019-06-26,2480,2488,2446,2461
2019-06-27,2468,2500,2420,2453
2019-06-28,2461,2486,2423,2425
2019-07-01,2435,2507,2432,2501
2019-07-02,2497,2509,2469,2472
2019-07-03,2467,2490,2430,2433
2019-07-05,2468,2494,2436,2463
2019-07-08,2470,2589,2465,2577
2019-07-09,2567,2575,2515,2522
2019-07-10,2534,2560,2496,2509
2019-07-11,2525,2528,2476,2491
2019-07-12,2497,2521,2472,2503
2019-07-15,2495,2497,2408,2420
2019-07-16,2410,2448,2391,2429
2019-07-17,2445,2448,2416,2424
2019-07-18,2432,2459,2429,2440
2019-07-19,2447,2495,2446,2467
2019-07-22,2486,2538,2473,2532
2019-07-23,2516,2522,2471,2475
2019-07-24,2477,2500,2455,2463
2019-07-25,2463,2470,2423,2434
2019-07-26,2443,2452,2387,2389
2019-07-29,2385,2400,2366,2383
2019-07-30,2383,2406,2361,2379
2019-07-31,2378,2384,2332,2345
2019-08-01,2338,2366,2313,2329
2019-08-02,2340,2354,2307,2320
2019-08-05,2319,2336,2280,2308
2019-08-06,2300,2304,2246,2252
2019-08-07,2263,2263,2217,2224
2019-08-08,2273,2277,2245,2254
2019-08-09,2254,2260,2239,2242
2019-08-12,2253,2279,2242,2245
2019-08-13,2250,2250,2200,2206
2019-08-14,2200,2226,2191,2204
2019-08-15,2221,2228,2192,2198
2019-08-16,2196,2199,2170,2187
2019-08-19,2184,2215,2184,2191
2019-08-20,2182,2194,2165,2174
2019-08-21,2177,2214,2174,2207
2019-08-22,2208,2240,2199,2230
2019-08-23,2223,2257,2219,2238
2019-08-26,2236,2279,2220,2238
2019-08-27,2235,2261,2224,2247
2019-08-28,2234,2254,2211,2243
2019-08-29,2236,2243,2177,2185
2019-08-30,2180,2227,2180,2222
2019-09-03,2210,2247,2187,2245
2019-09-04,2248,2290,2239,2269
2019-09-05,2278,2282,2229,2245
2019-09-06,2233,2287,2229,2277
2019-09-09,2273,2317,2259,2304
2019-09-10,2308,2313,2279,2287
2019-09-11,2287,2310,2274,2304
2019-09-12,2308,2326,2294,2319
2019-09-13,2326,2369,2322,2337
2019-09-16,2337,2390,2323,2383
2019-09-17,2378,2405,2368,2394
2019-09-18,2398,2413,2380,2401
2019-09-19,2409,2471,2404,2468
2019-09-20,2467,2484,2437,2473
2019-09-23,2479,2481,2449,2454
2019-09-24,2459,2473,2433,2439
2019-09-25,2440,2477,2435,2469
2019-09-26,2473,2513,2455,2505
2019-09-27,2504,2514,2475,2490
2019-09-30,2489,2494,2440,2442
2019-10-01,2453,2469,2445,2453
2019-10-02,2468,2500,2459,2482
2019-10-03,2485,2529,2474,2520
2019-10-04,2532,2535,2468,2475
2019-10-07,2470,2470,2396,2422
2019-10-08,2416,2468,2391,2448
2019-10-09,2447,2462,2398,2407
2019-10-10,2405,2463,2404,2460
2019-10-11,2454,2558,2450,2506
2019-10-14,2493,2494,2440,2449
2019-10-15,2459,2539,2452,2522
2019-10-16,2505,2526,2485,2515
2019-10-17,2521,2548,2482,2488
2019-10-18,2515,2538,2462,2486
2019-10-21,2491,2505,2451,2474
2019-10-22,2472,2494,2443,2448
2019-10-23,2456,2470,2417,2457
2019-10-24,2463,2499,2440,2463
2019-10-25,2467,2482,2429,2435
2019-10-28,2440,2469,2420,2463
2019-10-29,2461,2494,2449,2485
2019-10-30,2481,2506,2446,2454
2019-10-31,2465,2474,2393,2403
2019-11-01,2403,2482,2386,2478
2019-11-04,2465,2510,2453,2486
2019-11-05,2483,2496,2462,2484
2019-11-06,2491,2492,2427,2444
2019-11-07,2470,2478,2435,2450
2019-11-08,2450,2507,2448,2498
2019-11-11,2494,2518,2476,2514
2019-11-12,2506,2637,2501,2620
2019-11-13,2606,2675,2602,2655
2019-11-14,2675,2721,2644,2669
2019-11-15,2672,2692,2654,2681
2019-11-18,2686,2694,2660,2664
2019-11-19,2673,2678,2648,2653
2019-11-20,2658,2658,2613,2628
2019-11-21,2628,2650,2606,2642
2019-11-22,2636,2636,2612,2617
2019-11-25,2623,2627,2594,2598
2019-11-26,2604,2675,2601,2656
2019-11-27,2651,2672,2572,2597
2019-11-29,2592,2610,2553,2568
2019-12-02,2564,2583,2529,2544
2019-12-03,2550,2576,2537,2565
2019-12-04,2566,2575,2542,2547
2019-12-05,2559,2592,2550,2580
2019-12-06,2589,2655,2586,2607
2019-12-09,2620,2620,2583,2601
2019-12-10,2604,2615,2572,2585
2019-12-11,2583,2589,2563,2568
2019-12-12,2570,2570,2512,2521
2019-12-13,2546,2579,2530,2572
2019-12-16,2556,2612,2542,2545
2019-12-17,2531,2555,2515,2534
2019-12-18,2528,2549,2483,2506
2019-12-19,2506,2516,2426,2435
2019-12-20,2434,2440,2405,2417
2019-12-23,2409,2428,2388,2427
2019-12-24,2425,2450,2403,2443
2019-12-26,2431,2441,2397,2405
2019-12-27,2413,2516,2413,2497
2019-12-30,2484,2505,2458,2463
2019-12-31,2465,2545,2465,2540
2020-01-02,2524,2565,2506,2532
2020-01-03,2534,2576,2516,2519
2020-01-06,2515,2518,2467,2484
2020-01-07,2490,2549,2477,2533
2020-01-08,2530,2535,2497,2501
2020-01-09,2496,2563,2496,2554
2020-01-10,2563,2610,2556,2589
2020-01-13,2596,2600,2557,2583
2020-01-14,2618,2668,2605,2655
2020-01-15,2664,2722,2644,2689
2020-01-16,2712,2729,2693,2712
2020-01-17,2699,2808,2682,2797
2020-01-21,2804,2829,2776,2818
2020-01-22,2819,2859,2789,2803
2020-01-23,2792,2798,2762,2771
2020-01-24,2783,2792,2729,2733
2020-01-27,2730,2776,2697,2734
2020-01-28,2739,2767,2680,2703
2020-01-29,2703,2743,2673,2727
2020-01-30,2745,2826,2741,2801
2020-01-31,2790,2810,2763,2777
2020-02-03,2753,2777,2711,2734
2020-02-04,2731,2772,2717,2757
2020-02-05,2764,2812,2758,2790
2020-02-06,2789,2863,2760,2849
2020-02-07,2860,2927,2860,2900
2020-02-10,2898,2930,2871,2878
2020-02-11,2871,2922,2869,2876
2020-02-12,2879,2909,2855,2868
2020-02-13,2852,2905,2848,2895
2020-02-14,2893,2921,2876,2886
2020-02-18,2899,2903,2827,2846
2020-02-19,2861,2886,2841,2847
2020-02-20,2847,2878,2821,2860
2020-02-21,2865,2883,2830,2843
2020-02-24,2819,2824,2771,2801
2020-02-25,2825,2834,2790,2806
2020-02-26,2792,2799,2727,2739
2020-02-27,2737,2758,2718,2745
2020-02-28,2718,2725,2646,2672
2020-03-02,2681,2690,2624,2661
2020-03-03,2658,2666,2630,2653
2020-03-04,2646,2661,2620,2626
2020-03-05,2626,2633,2581,2597
2020-03-06,2590,2597,2556,2561
2020-03-09,2536,2573,2509,2545
2020-03-10,2543,2604,2535,2577
2020-03-11,2605,2644,2581,2625
2020-03-12,2575,2581,2492,2495
2020-03-13,2500,2510,2423,2425
2020-03-16,2405,2408,2320,2331
2020-03-17,2315,2325,2249,2318
2020-03-18,2318,2364,2271,2284
2020-03-19,2242,2268,2204,2216
2020-03-20,2241,2271,2183,2230
2020-03-23,2202,2268,2198,2257
2020-03-24,2276,2299,2239,2275
2020-03-25,2300,2310,2236,2248
2020-03-26,2248,2264,2211,2255
2020-03-27,2252,2268,2229,2257
2020-03-30,2242,2301,2242,2265
2020-03-31,2257,2267,2227,2249
2020-04-01,2234,2248,2215,2227
2020-04-02,2253,2289,2229,2285
2020-04-03,2269,2299,2243,2264
2020-04-06,2269,2367,2269,2348
2020-04-07,2365,2402,2365,2392
2020-04-08,2390,2395,2360,2372
2020-04-09,2379,2387,2305,2311
2020-04-13,2311,2327,2259,2272
2020-04-14,2282,2303,2271,2288
2020-04-15,2268,2268,2215,2229
2020-04-16,2245,2272,2225,2258
2020-04-17,2265,2369,2258,2368
2020-04-20,2354,2361,2325,2358
2020-04-21,2340,2348,2294,2318
2020-04-22,2337,2387,2320,2375
2020-04-23,2365,2387,2352,2363
2020-04-24,2355,2360,2309,2323
2020-04-27,2341,2354,2310,2330
2020-04-28,2327,2383,2321,2342
2020-04-29,2356,2384,2351,2377
2020-04-30,2380,2425,2360,2414
2020-05-01,2408,2422,2386,2402
2020-05-04,2389,2399,2341,2387
2020-05-05,2387,2421,2363,2378
2020-05-06,2368,2383,2332,2363
2020-05-07,2375,2400,2349,2381
2020-05-08,2376,2410,2367,2400
2020-05-11,2395,2474,2388,2463
2020-05-12,2481,2487,2342,2402
2020-05-13,2400,2466,2379,2456
2020-05-14,2460,2470,2405,2413
2020-05-15,2428,2433,2383,2399
2020-05-18,2393,2416,2376,2404
2020-05-19,2401,2445,2392,2435
2020-05-20,2430,2461,2393,2401
2020-05-21,2397,2411,2326,2340
2020-05-22,2330,2406,2318,2394
2020-05-26,2393,2448,2391,2394
2020-05-27,2401,2412,2343,2363
2020-05-28,2349,2435,2346,2429
2020-05-29,2425,2463,2392,2454
2020-06-01,2444,2509,2435,2493
2020-06-02,2497,2502,2395,2402
2020-06-03,2412,2433,2372,2395
2020-06-04,2400,2430,2385,2396
2020-06-05,2414,2425,2396,2398
2020-06-08,2395,2432,2383,2413
2020-06-09,2416,2508,2405,2484
2020-06-10,2421,2425,2381,2394
2020-06-11,2370,2383,2279,2291
2020-06-12,2295,2347,2283,2319
2020-06-15,2307,2307,2226,2266
2020-06-16,2293,2320,2263,2269
2020-06-17,2261,2273,2218,2230
2020-06-18,2242,2272,2209,2270
2020-06-19,2262,2289,2243,2252
2020-06-22,2246,2282,2219,2270
2020-06-23,2274,2316,2249,2290
2020-06-24,2286,2328,2286,2306
2020-06-25,2310,2396,2307,2386
2020-06-26,2386,2397,2262,2277
2020-06-29,2279,2279,2223,2238
2020-06-30,2243,2250,2172,2186
2020-07-01,2182,2191,2158,2169
2020-07-02,2182,2219,2162,2179
2020-07-06,2158,2175,2139,2152
2020-07-07,2148,2163,2130,2148
2020-07-08,2142,2148,2092,2100
2020-07-09,2122,2150,2097,2149
2020-07-10,2150,2179,2141,2160
2020-07-13,2163,2197,2148,2193
2020-07-14,2177,2177,2138,2155
2020-07-15,2163,2174,2126,2135
2020-07-16,2135,2175,2115,2161
2020-07-17,2169,2212,2157,2160
2020-07-20,2162,2226,2137,2219
2020-07-21,2215,2258,2173,2176
2020-07-22,2186,2219,2164,2205
2020-07-23,2210,2229,2176,2202
2020-07-24,2190,2250,2188,2224
2020-07-27,2229,2301,2228,2286
2020-07-28,2294,2307,2254,2291
2020-07-29,2300,2365,2299,2341
2020-07-30,2329,2394,2329,2344
2020-07-31,2371,2419,2358,2400
2020-08-03,2404,2481,2396,2469
2020-08-04,2471,2485,2438,2449
2020-08-05,2454,2498,2448,2481
2020-08-06,2481,2545,2478,2510
2020-08-07,2533,2552,2508,2546
2020-08-10,2519,2535,2466,2488
2020-08-11,2475,2475,2427,2448
2020-08-12,2445,2480,2445,2465
2020-08-13,2456,2496,2456,2480
2020-08-14,2481,2528,2448,2454
2020-08-17,2446,2460,2415,2429
2020-08-18,2427,2450,2412,2445
2020-08-19,2445,2465,2422,2460
2020-08-20,2448,2479,2393,2400
2020-08-21,2400,2419,2355,2409
2020-08-24,2408,2475,2402,2459
2020-08-25,2486,2514,2479,2487
2020-08-26,2500,2509,2452,2476
2020-08-27,2477,2566,2477,2539
2020-08-28,2565,2635,2539,2623
2020-08-31,2626,2673,2626,2654
2020-09-01,2664,2684,2651,2666
2020-09-02,2662,2700,2639,2681
2020-09-03,2700,2708,2624,2634
2020-09-04,2634,2654,2586,2595
2020-09-08,2576,2582,2521,2555
2020-09-09,2558,2572,2539,2562
2020-09-10,2568,2583,2530,2537
2020-09-11,2537,2569,2529,2548
2020-09-14,2554,2585,2547,2556
2020-09-15,2564,2698,2563,2694
2020-09-16,2689,2695,2592,2602
2020-09-17,2600,2678,2577,2600
2020-09-18,2618,2671,2614,2641
2020-09-21,2654,2707,2608,2629
2020-09-22,2643,2649,2547,2556
2020-09-23,2553,2598,2542,2580
2020-09-24,2577,2643,2575,2599
2020-09-25,2617,2624,2548,2568
2020-09-28,2579,2640,2576,2587
2020-09-29,2581,2599,2542,2588
2020-09-30,2589,2615,2527,2546
2020-10-01,2526,2527,2461,2508
2020-10-02,2480,2505,2442,2482
2020-10-05,2469,2498,2445,2459
2020-10-06,2465,2473,2419,2437
2020-10-07,2425,2467,2414,2452
2020-10-08,2465,2492,2454,2473
2020-10-09,2472,2473,2409,2432
2020-10-12,2432,2453,2416,2444
2020-10-13,2426,2439,2371,2381
2020-10-14,2378,2410,2360,2391
2020-10-15,2390,2392,2331,2343
2020-10-16,2338,2371,2332,2361
2020-10-19,2373,2437,2372,2425
2020-10-20,2418,2420,2372,2382
2020-10-21,2405,2459,2388,2427
2020-10-22,2426,2476,2423,2474
2020-10-23,2487,2510,2469,2479
2020-10-26,2485,2520,2463,2497
2020-10-27,2495,2509,2427,2452
2020-10-28,2407,2413,2362,2376
2020-10-29,2380,2386,2334,2339
2020-10-30,2348,2354,2280,2293
2020-11-02,2271,2284,2237,2257
2020-11-03,2260,2295,2248,2290
2020-11-04,2273,2289,2247,2276
2020-11-05,2289,2318,2268,2312
2020-11-06,2319,2345,2305,2333
2020-11-09,2340,2424,2332,2391
2020-11-10,2403,2420,2345,2357
2020-11-11,2383,2406,2365,2374
2020-11-12,2366,2370,2331,2356
2020-11-13,2339,2395,2332,2365
2020-11-16,2409,2464,2405,2435
2020-11-17,2448,2529,2434,2517
2020-11-18,2530,2607,2510,2580
2020-11-19,2598,2670,2576,2665
2020-11-20,2664,2746,2663,2712
2020-11-23,2751,2774,2724,2753
2020-11-24,2774,2821,2752,2785
2020-11-25,2759,2768,2685,2724
2020-11-27,2766,2782,2701,2766
2020-11-30,2760,2768,2725,2739
2020-12-01,2749,2765,2665,2691
2020-12-02,2655,2664,2612,2638
2020-12-03,2648,2726,2630,2651
2020-12-04,2639,2675,2622,2654
2020-12-07,2614,2644,2589,2636
2020-12-08,2636,2648,2557,2575
2020-12-09,2582,2612,2540,2549
2020-12-10,2549,2584,2522,2567
2020-12-11,2585,2633,2577,2622
2020-12-14,2639,2653,2581,2589
2020-12-15,2604,2633,2534,2541
2020-12-16,2556,2558,2506,2517
2020-12-17,2537,2562,2511,2541
2020-12-18,2541,2554,2492,2506
2020-12-21,2475,2577,2439,2555
2020-12-22,2579,2579,2504,2535
2020-12-23,2530,2575,2524,2557
2020-12-24,2561,2600,2532,2593
2020-12-28,2599,2604,2550,2560
2020-12-29,2556,2558,2495,2507
2020-12-30,2503,2607,2499,2597
2020-12-31,2611,2624,2553,2603
2021-01-04,2624,2661,2542,2552
2021-01-05,2540,2542,2495,2514
2021-01-06,2514,2537,2471,2486
2021-01-07,2480,2551,2468,2547
2021-01-08,2543,2564,2500,2516
2021-01-11,2499,2516,2471,2480
2021-01-12,2488,2516,2479,2498
2021-01-13,2498,2538,2486,2499
2021-01-14,2494,2518,2463,2500
2021-01-15,2534,2559,2512,2527
2021-01-19,2546,2605,2521,2590
2021-01-20,2599,2624,2556,2569
2021-01-21,2573,2573,2537,2550
2021-01-22,2536,2537,2483,2529
2021-01-25,2518,2525,2490,2508
2021-01-26,2502,2555,2489,2545
2021-01-27,2560,2597,2498,2504
2021-01-28,2491,2530,2478,2510
2021-01-29,2505,2545,2500,2531
2021-02-01,2535,2569,2501,2547
2021-02-02,2548,2622,2542,2599
2021-02-03,2582,2589,2520,2527
2021-02-04,2526,2565,2521,2532
2021-02-05,2539,2618,2533,2587
2021-02-08,2473,2476,2433,2445
2021-02-09,2462,2472,2428,2430
2021-02-10,2440,2520,2436,2494
2021-02-11,2500,2509,2431,2437
2021-02-12,2433,2472,2422,2433
2021-02-16,2465,2470,2401,2428
2021-02-17,2429,2436,2371,2374
2021-02-18,2386,2424,2381,2391
2021-02-19,2396,2454,2387,2443
2021-02-22,2450,2505,2446,2490
2021-02-23,2505,2507,2470,2499
2021-02-24,2499,2568,2482,2553
2021-02-25,2570,2625,2565,2608
2021-02-26,2605,2621,2576,2604
2021-03-01,2616,2652,2607,2639
2021-03-02,2607,2654,2589,2645
2021-03-03,2646,2667,2624,2657
2021-03-04,2636,2640,2590,2625
2021-03-05,2579,2592,2541,2546
2021-03-08,2535,2576,2526,2533
2021-03-09,2533,2559,2533,2553
2021-03-10,2540,2585,2539,2573
2021-03-11,2592,2617,2572,2593
2021-03-12,2580,2584,2553,2570
2021-03-15,2570,2578,2517,2530
2021-03-16,2512,2556,2512,2526
2021-03-17,2530,2533,2505,2521
2021-03-18,2529,2559,2525,2542
2021-03-19,2542,2542,2465,2493
2021-03-22,2484,2513,2466,2505
2021-03-23,2506,2511,2443,2447
2021-03-24,2445,2454,2415,2435
2021-03-25,2428,2481,2423,2456
2021-03-26,2470,2474,2437,2458
2021-03-29,2444,2476,2423,2436
2021-03-30,2429,2441,2336,2347
2021-03-31,2354,2373,2340,2348
2021-04-01,2361,2414,2352,2392
2021-04-05,2385,2427,2332,2336
2021-04-06,2361,2418,2352,2406
2021-04-07,2429,2429,2392,2411
2021-04-08,2415,2433,2378,2384
2021-04-09,2381,2399,2362,2387
2021-04-12,2387,2419,2373,2401
2021-04-13,2408,2455,2408,2441
2021-04-14,2435,2460,2431,2459
2021-04-15,2454,2485,2444,2463
2021-04-16,2460,2487,2446,2464
2021-04-19,2485,2501,2469,2492
2021-04-20,2488,2503,2414,2419
2021-04-21,2426,2450,2419,2439
2021-04-22,2439,2460,2417,2442
2021-04-23,2449,2464,2436,2450
2021-04-26,2451,2491,2427,2487
2021-04-27,2486,2495,2446,2478
2021-04-28,2457,2480,2453,2472
2021-04-29,2472,2537,2470,2499
2021-04-30,2489,2497,2378,2382
2021-05-03,2389,2412,2350,2369
2021-05-04,2366,2386,2317,2324
2021-05-05,2336,2400,2335,2395
2021-05-06,2398,2434,2382,2413
2021-05-07,2414,2473,2392,2463
2021-05-10,2470,2528,2466,2514
2021-05-11,2497,2497,2444,2466
2021-05-12,2464,2526,2459,2517
2021-05-13,2520,2549,2486,2502
2021-05-14,2502,2508,2460,2474
2021-05-17,2477,2552,2477,2539
2021-05-18,2536,2539,2499,2504
2021-05-19,2494,2509,2451,2469
2021-05-20,2463,2477,2425,2444
2021-05-21,2440,2470,2433,2456
2021-05-24,2448,2491,2383,2389
2021-05-25,2389,2409,2371,2380
2021-05-26,2404,2431,2392,2422
2021-05-27,2422,2449,2385,2430
2021-05-28,2432,2439,2406,2412
2021-06-01,2417,2471,2415,2431
2021-06-02,2428,2441,2407,2426
2021-06-03,2433,2460,2399,2415
2021-06-04,2406,2435,2388,2409
2021-06-07,2408,2408,2345,2350
2021-06-08,2352,2386,2338,2375
2021-06-09,2422,2434,2386,2392
2021-06-10,2394,2443,2394,2433
2021-06-11,2431,2434,2391,2402
2021-06-14,2396,2452,2390,2447
2021-06-15,2436,2440,2416,2428
2021-06-16,2430,2430,2396,2422
2021-06-17,2410,2412,2370,2381
2021-06-18,2386,2404,2364,2372
2021-06-21,2370,2414,2365,2378
2021-06-22,2375,2401,2372,2396
2021-06-23,2391,2398,2356,2369
2021-06-24,2366,2367,2334,2344
2021-06-25,2347,2396,2337,2380
2021-06-28,2378,2389,2352,2380
2021-06-29,2380,2407,2359,2390
2021-06-30,2383,2396,2366,2389
2021-07-01,2389,2412,2351,2354
2021-07-02,2355,2375,2313,2319
2021-07-06,2337,2348,2288,2298
2021-07-07,2297,2311,2276,2296
2021-07-08,2296,2307,2268,2295
2021-07-09,2287,2357,2284,2347
2021-07-12,2358,2438,2341,2430
2021-07-13,2433,2434,2386,2399
2021-07-14,2398,2426,2390,2402
2021-07-15,2388,2400,2364,2369
2021-07-16,2375,2391,2304,2320
2021-07-19,2300,2303,2236,2239
2021-07-20,2246,2260,2232,2257
2021-07-21,2257,2285,2249,2265
2021-07-22,2265,2325,2256,2317
2021-07-23,2313,2336,2299,2321
2021-07-26,2327,2417,2327,2392
2021-07-27,2384,2407,2373,2393
2021-07-28,2387,2446,2376,2427
2021-07-29,2434,2455,2406,2435
2021-07-30,2410,2416,2356,2366
2021-08-02,2359,2368,2333,2363
2021-08-03,2371,2433,2361,2426
2021-08-04,2435,2462,2387,2393
2021-08-05,2392,2431,2388,2405
2021-08-06,2404,2423,2391,2417
2021-08-09,2477,2494,2469,2480
2021-08-10,2480,2542,2474,2536
2021-08-11,2532,2587,2525,2580
2021-08-12,2586,2603,2574,2582
2021-08-13,2589,2622,2586,2620
2021-08-16,2611,2641,2601,2607
2021-08-17,2602,2658,2579,2648
2021-08-18,2656,2681,2650,2673
2021-08-19,2666,2666,2617,2628
2021-08-20,2622,2633,2559,2567
2021-08-23,2566,2606,2543,2554
2021-08-24,2553,2587,2546,2570
2021-08-25,2586,2619,2577,2612
2021-08-26,2608,2626,2598,2623
2021-08-27,2607,2634,2572,2582
2021-08-30,2575,2604,2575,2597
2021-08-31,2592,2613,2535,2540
2021-09-01,2540,2559,2517,2538
2021-09-02,2544,2620,2543,2611
2021-09-03,2621,2666,2619,2654
2021-09-07,2658,2711,2645,2704
2021-09-08,2707,2717,2670,2687
2021-09-09,2688,2696,2658,2673
2021-09-10,2685,2699,2597,2603
2021-09-13,2599,2650,2599,2637
2021-09-14,2645,2669,2625,2656
2021-09-15,2662,2687,2653,2663
2021-09-16,2665,2674,2640,2657
2021-09-17,2663,2672,2635,2665
2021-09-20,2651,2651,2579,2593
2021-09-21,2606,2641,2594,2605
2021-09-22,2623,2661,2614,2652
2021-09-23,2652,2658,2605,2612
2021-09-24,2609,2617,2561,2591
2021-09-27,2582,2597,2542,2546
2021-09-28,2545,2584,2537,2555
2021-09-29,2567,2602,2559,2589
2021-09-30,2596,2666,2587,2652
2021-10-01,2641,2723,2633,2710
2021-10-04,2712,2792,2705,2752
2021-10-05,2762,2768,2717,2755
2021-10-06,2754,2754,2681,2715
2021-10-07,2723,2750,2716,2726
2021-10-08,2737,2774,2726,2750
2021-10-11,2752,2753,2672,2682
2021-10-12,2684,2711,2662,2675
2021-10-13,2675,2684,2588,2602
2021-10-14,2605,2629,2567,2584
2021-10-15,2588,2617,2565,2607
2021-10-18,2606,2636,2580,2610
2021-10-19,2623,2632,2526,2559
2021-10-20,2542,2555,2499,2505
2021-10-21,2514,2568,2508,2555
2021-10-22,2560,2601,2518,2583
2021-10-25,2588,2632,2581,2616
2021-10-26,2601,2620,2571,2581
2021-10-27,2580,2614,2558,2603
2021-10-28,2600,2618,2563,2571
2021-10-29,2564,2568,2525,2544
2021-11-01,2548,2566,2510,2564
2021-11-02,2557,2559,2455,2457
2021-11-03,2457,2481,2405,2424
2021-11-04,2427,2462,2423,2440
2021-11-05,2439,2452,2390,2397
2021-11-08,2452,2484,2433,2480
2021-11-09,2484,2492,2441,2464
2021-11-10,2475,2536,2467,2514
2021-11-11,2514,2542,2498,2537
2021-11-12,2535,2535,2510,2525
2021-11-15,2531,2557,2521,2532
2021-11-16,2535,2563,2517,2553
2021-11-17,2561,2586,2545,2568
2021-11-18,2575,2602,2568,2589
2021-11-19,2578,2593,2545,2583
2021-11-22,2592,2592,2565,2588
2021-11-23,2588,2598,2557,2568
2021-11-24,2568,2571,2495,2512
2021-11-26,2482,2489,2388,2396
2021-11-29,2403,2425,2372,2378
2021-11-30,2375,2384,2338,2346
2021-12-01,2364,2377,2333,2352
2021-12-02,2345,2469,2344,2453
2021-12-03,2450,2477,2435,2467
2021-12-06,2477,2492,2442,2460
2021-12-07,2465,2497,2454,2485
2021-12-08,2485,2493,2462,2470
2021-12-09,2469,2477,2416,2451
2021-12-10,2451,2475,2434,2466
2021-12-13,2475,2536,2469,2532
2021-12-14,2536,2548,2494,2504
2021-12-15,2512,2553,2482,2547
2021-12-16,2561,2567,2497,2547
2021-12-17,2540,2550,2478,2497
2021-12-20,2467,2477,2417,2423
2021-12-21,2433,2475,2420,2460
2021-12-22,2470,2498,2456,2466
2021-12-23,2473,2510,2446,2473
2021-12-27,2464,2487,2433,2461
2021-12-28,2476,2498,2460,2485
2021-12-29,2482,2519,2464,2515
2021-12-30,2509,2576,2502,2559
2021-12-31,2565,2565,2513,2520
2022-01-03,2540,2553,2476,2499
2022-01-04,2502,2523,2450,2462
2022-01-05,2475,2482,2418,2457
2022-01-06,2440,2452,2408,2423
2022-01-07,2442,2530,2435,2521
2022-01-10,2514,2539,2499,2521
2022-01-11,2535,2604,2515,2588
2022-01-12,2595,2610,2550,2559
2022-01-13,2560,2629,2560,2609
2022-01-14,2625,2683,2624,2659
2022-01-18,2668,2675,2620,2631
2022-01-19,2624,2680,2607,2657
2022-01-20,2656,2695,2639,2660
2022-01-21,2627,2640,2575,2576
2022-01-24,2569,2576,2492,2493
2022-01-25,2504,2524,2488,2503
2022-01-26,2505,2535,2496,2513
2022-01-27,2484,2497,2439,2451
2022-01-28,2444,2499,2440,2494
2022-01-31,2508,2534,2491,2528
2022-02-01,2533,2619,2530,2613
2022-02-02,2613,2641,2601,2617
2022-02-03,2612,2650,2591,2634
2022-02-04,2648,2678,2646,2668
2022-02-07,2717,2737,2677,2685
2022-02-08,2700,2734,2686,2725
2022-02-09,2728,2811,2721,2801
2022-02-10,2800,2838,2792,2833
2022-02-11,2810,2825,2771,2811
2022-02-14,2780,2780,2727,2731
2022-02-15,2741,2753,2716,2722
2022-02-16,2730,2744,2669,2671
2022-02-17,2670,2706,2651,2655
2022-02-18,2656,2668,2626,2640
2022-02-22,2623,2663,2611,2656
2022-02-23,2660,2698,2647,2664
2022-02-24,2636,2640,2578,2616
2022-02-25,2621,2643,2601,2614
2022-02-28,2585,2590,2515,2529
2022-03-01,2520,2547,2471,2521
2022-03-02,2537,2565,2506,2529
2022-03-03,2530,2570,2506,2562
2022-03-04,2562,2622,2549,2620
2022-03-07,2602,2641,2599,2636
2022-03-08,2638,2674,2617,2636
2022-03-09,2630,2670,2594,2663
2022-03-10,2670,2710,2647,2683
2022-03-11,2665,2684,2612,2620
2022-03-14,2630,2650,2606,2611
2022-03-15,2603,2607,2489,2522
2022-03-16,2530,2537,2511,2532
2022-03-17,2532,2550,2453,2504
2022-03-18,2513,2558,2491,2537
2022-03-21,2526,2547,2498,2521
2022-03-22,2525,2594,2525,2586
2022-03-23,2591,2638,2586,2631
2022-03-24,2641,2653,2559,2583
2022-03-25,2562,2590,2536,2562
2022-03-28,2557,2621,2549,2602
2022-03-29,2602,2643,2598,2639
2022-03-30,2638,2674,2575,2651
2022-03-31,2632,2679,2613,2650
2022-04-01,2640,2647,2596,2599
2022-04-04,2599,2652,2555,2562
2022-04-05,2559,2588,2528,2534
2022-04-06,2548,2578,2527,2549
2022-04-07,2625,2638,2595,2627
2022-04-08,2639,2695,2632,2674
2022-04-11,2677,2700,2637,2667
2022-04-12,2670,2688,2618,2634
2022-04-13,2630,2664,2607,2627
2022-04-14,2641,2653,2620,2636
2022-04-18,2624,2624,2565,2578
2022-04-19,2593,2597,2552,2580
2022-04-20,2584,2624,2572,2593
2022-04-21,2604,2617,2565,2592
2022-04-22,2575,2577,2516,2554
2022-04-25,2529,2535,2482,2487
2022-04-26,2505,2524,2478,2507
2022-04-27,2524,2544,2497,2537
2022-04-28,2534,2574,2530,2567
2022-04-29,2574,2595,2560,2567
2022-05-02,2570,2610,2563,2604
2022-05-03,2603,2646,2572,2607
2022-05-04,2606,2633,2565,2580
2022-05-05,2580,2584,2505,2511
2022-05-06,2511,2514,2459,2492
2022-05-09,2479,2479,2428,2455
2022-05-10,2451,2465,2429,2445
2022-05-11,2455,2504,2455,2489
2022-05-12,2465,2465,2421,2433
2022-05-13,2435,2476,2411,2469
2022-05-16,2483,2524,2473,2505
2022-05-17,2513,2528,2490,2513
2022-05-18,2505,2506,2459,2470
2022-05-19,2464,2468,2437,2457
2022-05-20,2459,2475,2404,2429
2022-05-23,2432,2471,2427,2451
2022-05-24,2439,2458,2427,2441
2022-05-25,2431,2446,2391,2407
2022-05-26,2398,2474,2395,2464
2022-05-27,2467,2477,2448,2462
2022-05-31,2505,2518,2476,2496
2022-06-01,2496,2538,2493,2524
2022-06-02,2524,2541,2474,2485
2022-06-03,2497,2535,2456,2469
2022-06-06,2480,2504,2467,2488
2022-06-07,2486,2507,2459,2475
2022-06-08,2507,2516,2475,2494
2022-06-09,2487,2514,2458,2473
2022-06-10,2470,2487,2426,2432
2022-06-13,2416,2420,2358,2380
2022-06-14,2383,2391,2355,2367
2022-06-15,2367,2387,2344,2377
2022-06-16,2374,2384,2350,2377
2022-06-17,2385,2444,2376,2433
2022-06-21,2450,2476,2445,2468
2022-06-22,2455,2464,2417,2452
2022-06-23,2444,2472,2425,2433
2022-06-24,2433,2467,2420,2432
2022-06-27,2450,2460,2396,2410
2022-06-28,2402,2432,2399,2402
2022-06-29,2402,2403,2362,2366
2022-06-30,2376,2379,2330,2340
2022-07-01,2328,2338,2293,2314
2022-07-05,2304,2331,2275,2315
2022-07-06,2332,2373,2327,2356
2022-07-07,2350,2394,2342,2354
2022-07-08,2347,2353,2313,2318
2022-07-11,2319,2384,2319,2373
2022-07-12,2370,2375,2337,2354
2022-07-13,2360,2380,2290,2303
2022-07-14,2302,2305,2236,2247
2022-07-15,2251,2329,2251,2321
2022-07-18,2335,2343,2297,2329
2022-07-19,2323,2354,2303,2347
2022-07-20,2353,2387,2351,2368
2022-07-21,2350,2352,2294,2304
2022-07-22,2299,2320,2287,2297
2022-07-25,2297,2379,2285,2376
2022-07-26,2380,2409,2375,2400
2022-07-27,2398,2410,2338,2355
2022-07-28,2380,2391,2312,2317
2022-07-29,2319,2341,2296,2323
2022-08-01,2328,2355,2312,2339
2022-08-02,2339,2370,2323,2340
2022-08-03,2325,2332,2269,2281
2022-08-04,2273,2359,2259,2349
2022-08-05,2350,2370,2300,2305
2022-08-08,2306,2350,2299,2340
2022-08-09,2345,2370,2322,2363
2022-08-10,2404,2458,2402,2438
2022-08-11,2444,2469,2429,2451
2022-08-12,2432,2435,2385,2394
2022-08-15,2400,2424,2390,2401
2022-08-16,2391,2395,2360,2370
2022-08-17,2363,2432,2351,2421
2022-08-18,2428,2454,2400,2422
2022-08-19,2400,2414,2365,2374
2022-08-22,2374,2398,2339,2356
2022-08-23,2356,2372,2314,2318
2022-08-24,2348,2402,2325,2398
2022-08-25,2395,2429,2383,2417
2022-08-26,2419,2427,2395,2413
2022-08-29,2410,2424,2379,2410
2022-08-30,2412,2432,2399,2408
2022-08-31,2409,2436,2390,2413
2022-09-01,2402,2414,2360,2368
2022-09-02,2372,2419,2358,2416
2022-09-06,2413,2429,2355,2369
2022-09-07,2369,2383,2333,2350
2022-09-08,2343,2354,2320,2328
2022-09-09,2339,2380,2335,2360
2022-09-12,2372,2388,2339,2386
2022-09-13,2381,2385,2342,2350
2022-09-14,2350,2359,2300,2312
2022-09-15,2313,2380,2309,2377
2022-09-16,2360,2375,2328,2360
2022-09-19,2350,2395,2344,2369
2022-09-20,2370,2395,2340,2355
2022-09-21,2347,2373,2335,2352
2022-09-22,2350,2360,2316,2321
2022-09-23,2310,2315,2242,2247
2022-09-26,2225,2281,2192,2243
2022-09-27,2252,2290,2241,2286
2022-09-28,2270,2308,2248,2282
2022-09-29,2300,2333,2299,2327
2022-09-30,2340,2375,2330,2354
2022-10-03,2358,2377,2321,2337
2022-10-04,2334,2382,2325,2360
2022-10-05,2368,2403,2364,2392
2022-10-06,2402,2422,2367,2373
2022-10-07,2390,2405,2373,2396
2022-10-10,2395,2412,2356,2358
2022-10-11,2353,2388,2342,2347
2022-10-12,2349,2362,2312,2318
2022-10-13,2316,2388,2309,2385
2022-10-14,2388,2407,2371,2377
2022-10-17,2366,2395,2322,2340
2022-10-18,2338,2343,2303,2305
2022-10-19,2304,2313,2275,2308
2022-10-20,2305,2333,2300,2328
2022-10-21,2308,2319,2287,2306
2022-10-24,2320,2348,2317,2337
2022-10-25,2323,2328,2279,2296
2022-10-26,2295,2321,2275,2278
2022-10-27,2284,2324,2279,2314
2022-10-28,2303,2330,2287,2302
2022-10-31,2297,2355,2295,2335
2022-11-01,2339,2354,2317,2348
2022-11-02,2355,2390,2353,2379
2022-11-03,2362,2382,2349,2372
2022-11-04,2388,2459,2378,2434
2022-11-07,2430,2505,2430,2486
2022-11-08,2496,2526,2479,2524
2022-11-09,2507,2539,2500,2530
2022-11-10,2530,2567,2516,2555
2022-11-11,2564,2577,2510,2518
2022-11-14,2500,2515,2488,2498
2022-11-15,2501,2558,2495,2498
2022-11-16,2490,2515,2477,2502
2022-11-17,2498,2500,2442,2447
2022-11-18,2460,2473,2432,2456
2022-11-21,2449,2464,2425,2453
2022-11-22,2467,2477,2437,2455
2022-11-23,2440,2465,2419,2444
2022-11-25,2445,2489,2445,2484
2022-11-28,2474,2494,2451,2485
2022-11-29,2489,2506,2455,2480
2022-11-30,2461,2502,2455,2498
2022-12-01,2504,2542,2489,2519
2022-12-02,2519,2541,2491,2536
2022-12-05,2529,2539,2470,2479
2022-12-06,2479,2509,2475,2487
2022-12-07,2476,2509,2475,2492
2022-12-08,2500,2552,2493,2542
2022-12-09,2544,2570,2500,2504
2022-12-12,2489,2512,2477,2502
2022-12-13,2502,2557,2502,2541
2022-12-14,2536,2541,2516,2524
2022-12-15,2520,2544,2509,2517
2022-12-16,2510,2517,2468,2475
2022-12-19,2474,2519,2469,2499
2022-12-20,2496,2532,2487,2498
2022-12-21,2498,2537,2485,2529
2022-12-22,2534,2626,2524,2606
2022-12-23,2613,2651,2609,2628
2022-12-27,2630,2662,2616,2633
2022-12-28,2624,2671,2604,2621
2022-12-29,2610,2614,2562,2578
2022-12-30,2587,2606,2569,2600
2023-01-03,2587,2594,2535,2572
2023-01-04,2574,2614,2566,2603
2023-01-05,2607,2640,2602,2617
2023-01-06,2616,2618,2572,2605
2023-01-09,2623,2699,2621,2690
2023-01-10,2686,2686,2602,2604
2023-01-11,2602,2641,2593,2633
2023-01-12,2641,2665,2620,2640
2023-01-13,2651,2669,2631,2651
2023-01-17,2642,2675,2621,2641
2023-01-18,2650,2665,2616,2620
2023-01-19,2610,2616,2562,2570
2023-01-20,2556,2576,2507,2569
2023-01-23,2573,2626,2564,2608
2023-01-24,2596,2615,2576,2585
2023-01-25,2596,2614,2579,2592
2023-01-26,2597,2645,2596,2629
2023-01-27,2618,2640,2612,2627
2023-01-30,2627,2656,2591,2611
2023-01-31,2606,2607,2570,2581
2023-02-01,2572,2630,2570,2592
2023-02-02,2587,2610,2577,2583
2023-02-03,2580,2580,2540,2569
2023-02-06,2569,2595,2546,2577
2023-02-07,2576,2589,2544,2581
2023-02-08,2616,2634,2609,2613
2023-02-09,2608,2640,2590,2618
2023-02-10,2613,2626,2576,2606
2023-02-13,2623,2667,2619,2657
2023-02-14,2662,2697,2646,2659
2023-02-15,2690,2765,2682,2732
2023-02-16,2745,2782,2717,2747
2023-02-17,2762,2798,2757,2771
2023-02-21,2784,2812,2764,2782
2023-02-22,2786,2799,2759,2779
2023-02-23,2767,2788,2746,2770
2023-02-24,2768,2778,2738,2748
2023-02-27,2743,2793,2735,2756
2023-02-28,2757,2804,2748,2789
2023-03-01,2798,2856,2787,2841
2023-03-02,2834,2841,2784,2790
2023-03-03,2790,2794,2757,2760
2023-03-06,2774,2804,2744,2791
2023-03-07,2789,2795,2739,2756
2023-03-08,2750,2763,2722,2729
2023-03-09,2728,2743,2719,2732
2023-03-10,2719,2727,2685,2704
2023-03-13,2696,2696,2639,2653
2023-03-14,2650,2671,2625,2658
2023-03-15,2655,2658,2604,2616
2023-03-16,2624,2691,2618,2688
2023-03-17,2695,2746,2695,2738
2023-03-20,2715,2796,2713,2785
2023-03-21,2788,2823,2781,2817
2023-03-22,2816,2878,2816,2874
2023-03-23,2873,2888,2843,2868
2023-03-24,2851,2892,2849,2884
2023-03-27,2881,2923,2867,2902
2023-03-28,2903,2922,2888,2901
2023-03-29,2900,2903,2874,2880
2023-03-30,2873,2927,2848,2917
2023-03-31,2917,2963,2905,2933
2023-04-03,2927,2929,2851,2868
2023-04-04,2867,2925,2858,2914
2023-04-05,2921,2922,2886,2903
2023-04-06,2919,2936,2902,2919
2023-04-10,2870,2878,2814,2861
2023-04-11,2863,2910,2852,2903
2023-04-12,2892,2910,2860,2866
2023-04-13,2890,2930,2876,2915
2023-04-14,2917,2958,2884,2897
2023-04-17,2890,2928,2884,2919
2023-04-18,2930,2979,2905,2965
2023-04-19,2975,2988,2945,2977
2023-04-20,2967,2979,2946,2956
2023-04-21,2961,2995,2935,2983
2023-04-24,2977,2987,2938,2966
2023-04-25,2966,2974,2913,2928
2023-04-26,2921,2967,2897,2950
2023-04-27,2942,2960,2913,2924
2023-04-28,2914,2940,2894,2937
2023-05-01,2937,2979,2918,2932
2023-05-02,2925,2937,2878,2891
2023-05-03,2892,2905,2857,2870
2023-05-04,2867,2926,2862,2904
2023-05-05,2918,2946,2911,2933
2023-05-08,2940,2969,2919,2954
2023-05-09,2943,3008,2933,2999
2023-05-10,3000,3042,2990,3026
2023-05-11,3027,3037,2991,3003
2023-05-12,2989,3049,2972,2986
2023-05-15,2975,2991,2945,2980
2023-05-16,2980,3008,2974,2995
2023-05-17,2989,3012,2968,3000
2023-05-18,3000,3030,2985,2991
2023-05-19,2988,3074,2971,3068
2023-05-22,3074,3079,3019,3023
2023-05-23,3021,3049,3009,3016
2023-05-24,3010,3034,2985,3010
2023-05-25,3008,3028,2992,3017
2023-05-26,3017,3038,2988,2991
2023-05-30,2991,3028,2991,3005
2023-05-31,3000,3031,2993,3007
2023-06-01,3017,3047,3002,3008
2023-06-02,3003,3034,2991,3026
2023-06-05,3020,3065,3002,3056
2023-06-06,3063,3096,3040,3045
2023-06-07,3038,3109,3028,3103
2023-06-08,3091,3160,3082,3137
2023-06-09,3149,3178,3144,3175
2023-06-12,3160,3191,3127,3130
2023-06-13,3136,3216,3135,3184
2023-06-14,3180,3229,3171,3202
2023-06-15,3220,3271,3204,3262
2023-06-16,3257,3269,3212,3236
2023-06-20,3239,3239,3203,3211
2023-06-21,3201,3247,3174,3237
2023-06-22,3235,3235,3202,3210
2023-06-23,3189,3220,3178,3203
2023-06-26,3210,3281,3208,3258
2023-06-27,3260,3274,3245,3258
2023-06-28,3267,3349,3259,3338
2023-06-29,3330,3341,3257,3261
2023-06-30,3275,3364,3273,3353
2023-07-03,3357,3414,3305,3399
2023-07-05,3376,3409,3355,3369
2023-07-06,3356,3378,3294,3313
2023-07-07,3309,3342,3291,3310
2023-07-10,3310,3359,3309,3335
2023-07-11,3325,3368,3314,3332
2023-07-12,3347,3362,3310,3339
2023-07-13,3309,3322,3260,3267
2023-07-14,3269,3373,3262,3352
2023-07-17,3351,3374,3323,3359
2023-07-18,3371,3429,3343,3407
2023-07-19,3400,3439,3382,3433
2023-07-20,3410,3420,3373,3388
2023-07-21,3368,3427,3360,3415
2023-07-24,3410,3425,3391,3417
2023-07-25,3427,3519,3421,3470
2023-07-26,3470,3569,3464,3552
2023-07-27,3580,3602,3502,3529
2023-07-28,3549,3562,3518,3525
2023-07-31,3527,3569,3523,3548
2023-08-01,3551,3578,3507,3543
2023-08-02,3538,3582,3530,3562
2023-08-03,3550,3559,3484,3491
2023-08-04,3486,3551,3485,3510
2023-08-07,3498,3652,3430,3476
2023-08-08,3456,3456,3266,3333
2023-08-09,3386,3407,3345,3363
2023-08-10,3355,3378,3317,3358
2023-08-11,3344,3373,3315,3357
2023-08-14,3375,3414,3369,3397
2023-08-15,3395,3466,3384,3433
2023-08-16,3430,3460,3418,3452
2023-08-17,3466,3512,3465,3488
2023-08-18,3481,3484,3435,3449
2023-08-21,3435,3478,3420,3448
2023-08-22,3456,3464,3407,3423
2023-08-23,3425,3438,3393,3423
2023-08-24,3424,3465,3389,3435
2023-08-25,3448,3480,3444,3466
2023-08-28,3456,3492,3456,3475
2023-08-29,3507,3599,3507,3588
2023-08-30,3586,3641,3556,3639
2023-08-31,3649,3677,3621,3638
2023-09-01,3637,3669,3590,3605
2023-09-05,3592,3697,3572,3649
2023-09-06,3648,3691,3627,3652
2023-09-07,3640,3643,3596,3612
2023-09-08,3614,3661,3614,3654
2023-09-11,3650,3678,3639,3656
2023-09-12,3660,3666,3637,3649
2023-09-13,3649,3731,3648,3726
2023-09-14,3717,3750,3706,3730
2023-09-15,3738,3763,3725,3757
2023-09-18,3747,3754,3613,3621
2023-09-19,3640,3688,3633,3642
2023-09-20,3614,3625,3555,3570
2023-09-21,3576,3609,3553,3595
2023-09-22,3595,3643,3565,3582
2023-09-25,3583,3583,3491,3496
2023-09-26,3500,3539,3488,3500
2023-09-27,3489,3489,3398,3416
2023-09-28,3431,3471,3425,3459
2023-09-29,3457,3484,3402,3418
2023-10-02,3432,3525,3432,3502
2023-10-03,3487,3508,3414,3428
2023-10-04,3414,3453,3410,3431
2023-10-05,3438,3445,3375,3400
2023-10-06,3392,3469,3373,3453
2023-10-09,3460,3465,3406,3435
2023-10-10,3444,3479,3432,3474
2023-10-11,3485,3490,3426,3432
2023-10-12,3480,3503,3460,3490
2023-10-13,3488,3514,3455,3499
2023-10-16,3513,3613,3506,3591
2023-10-17,3584,3642,3570,3635
2023-10-18,3627,3672,3615,3639
2023-10-19,3660,3700,3630,3648
2023-10-20,3616,3710,3603,3694
2023-10-23,3726,3786,3715,3759
2023-10-24,3774,3778,3701,3729
2023-10-25,3722,3781,3716,3735
2023-10-26,3739,3837,3732,3810
2023-10-27,3812,3871,3808,3852
2023-10-30,3860,3880,3810,3826
2023-10-31,3839,3874,3795,3817
2023-11-01,3806,3825,3781,3794
2023-11-02,3810,3867,3809,3865
2023-11-03,3859,3906,3823,3898
2023-11-06,3930,3964,3896,3941
2023-11-07,3950,3979,3890,3905
2023-11-08,3909,3949,3872,3933
2023-11-09,3960,3998,3948,3972
2023-11-10,3974,4035,3971,4014
2023-11-13,4015,4073,4011,4064
2023-11-14,4082,4127,3953,3984
2023-11-15,3965,4019,3939,3992
2023-11-16,4026,4075,4019,4043
2023-11-17,4043,4118,4040,4108
2023-11-20,4089,4124,4039,4051
2023-11-21,4060,4148,4059,4118
2023-11-22,4140,4145,4071,4084
2023-11-24,4106,4124,4077,4089
2023-11-27,4096,4143,4083,4130
2023-11-28,4151,4219,4114,4201
2023-11-29,4206,4287,4186,4273
2023-11-30,4265,4294,4231,4277
2023-12-01,4265,4270,4160,4201
2023-12-04,4186,4252,4136,4171
2023-12-05,4155,4162,4102,4106
2023-12-06,4099,4146,4098,4126
2023-12-07,4176,4224,4170,4200
2023-12-08,4200,4291,4148,4271
2023-12-11,4275,4308,4189,4211
2023-12-12,4221,4259,4189,4235
2023-12-13,4245,4265,4214,4255
2023-12-14,4270,4317,4237,4267
2023-12-15,4273,4282,4231,4244
2023-12-18,4255,4307,4241,4271
2023-12-19,4285,4307,4254,4289
2023-12-20,4288,4334,4271,4309
2023-12-21,4300,4320,4267,4288
2023-12-22,4277,4325,4275,4311
2023-12-26,4320,4343,4276,4283
2023-12-27,4296,4315,4277,4280
2023-12-28,4288,4302,4235,4256
2023-12-29,4256,4256,4193,4196
2024-01-02,4209,4287,4200,4275
2024-01-03,4265,4273,4204,4238
2024-01-04,4233,4267,4232,4260
2024-01-05,4260,4274,4194,4204
2024-01-08,4194,4194,4034,4094
2024-01-09,4110,4202,4092,4162
2024-01-10,4171,4235,4156,4206
2024-01-11,4210,4280,4199,4274
2024-01-12,4290,4358,4285,4323
2024-01-16,4355,4448,4321,4429
2024-01-17,4420,4478,4406,4448
2024-01-18,4428,4497,4415,4458
2024-01-19,4499,4607,4479,4583
2024-01-22,4589,4607,4529,4565
2024-01-23,4570,4835,4570,4634
2024-01-24,4679,4808,4658,4785
2024-01-25,4815,4840,4610,4625
2024-01-26,4650,4696,4614,4672
2024-01-29,4679,4755,4632,4732
2024-01-30,4743,4843,4712,4805
2024-01-31,4795,4869,4770,4822
2024-02-01,4832,4981,4828,4956
2024-02-02,4990,5032,4939,5009
2024-02-05,4947,5106,4922,5074
2024-02-06,5106,5174,5030,5107
2024-02-07,5107,5275,5083,5241
2024-02-08,5303,5619,5278,5535
2024-02-09,5657,5798,5318,5599
2024-02-12,5574,5689,5507,5583
2024-02-13,5558,5715,5542,5652
2024-02-14,5651,5677,5519,5584
2024-02-15,5584,5651,5547,5605
2024-02-16,5587,5600,5329,5341
2024-02-20,5388,5741,5388,5629
2024-02-21,5712,5976,5673,5861
2024-02-22,5999,6020,5664,5860
2024-02-23,5880,6447,5816,6256
2024-02-26,6340,6648,6260,6557
2024-02-27,6511,6588,6369,6455
2024-02-28,6382,6431,5931,5994
2024-02-29,5981,6203,5910,6049
2024-03-01,6120,6358,6093,6327
2024-03-04,6457,6677,6350,6586
2024-03-05,6629,6655,6378,6450
2024-03-06,6450,6660,6306,6549
2024-03-07,6574,6592,6325,6452
2024-03-08,6425,6474,6290,6396
2024-03-11,6437,6779,6419,6728
2024-03-12,6765,7096,6663,7049
2024-03-13,7049,7221,6979,7035
2024-03-14,7185,7715,7063,7405
2024-03-15,7435,8186,7357,8018
2024-03-18,8179,8493,7824,8172
2024-03-19,8188,8412,7963,8027
2024-03-20,7920,8429,7716,8324
2024-03-21,8395,8653,8149,8559
2024-03-22,8573,8960,8465,8939
2024-03-25,8921,9684,8889,9649
2024-03-26,9847,10080,9574,9622
2024-03-27,9509,9917,9267,9843
2024-03-28,9906,10014,9671,9766
2024-04-01,9720,10318,9632,10120
2024-04-02,10186,10324,9808,9949
2024-04-03,9858,10044,9406,9524
2024-04-04,9389,9644,9150,9462
2024-04-05,9668,9990,9480,9795
2024-04-08,9490,9799,9250,9484
2024-04-09,9325,9643,9276,9594
2024-04-10,9652,10057,9514,9871
2024-04-11,9900,10156,9871,9891
2024-04-12,9909,10511,9900,10475
2024-04-15,10396,10760,10355,10559
2024-04-16,10650,10650,9603,9819
2024-04-17,9750,10297,9713,10066
2024-04-18,10466,11126,10277,11035
2024-04-19,11347,11722,10850,11461
2024-04-22,11500,11657,10889,11064
2024-04-23,11032,11054,10209,10444
2024-04-24,10728,11440,10638,11017
2024-04-25,11295,11375,10500,10804
2024-04-26,10779,11026,10520,10594
2024-04-29,10470,10470,8800,8931
2024-04-30,8665,9350,7756,9283
2024-05-01,9283,9487,7930,8284
2024-05-02,7796,8260,7264,7563
2024-05-03,7282,8218,6990,8145
2024-05-06,8026,8172,7522,7588
2024-05-07,7527,8688,7407,8610
2024-05-08,8951,9078,8434,8634
2024-05-09,8715,8942,8381,8695
2024-05-10,8739,8930,8482,8891
2024-05-13,8797,8832,7025,7166
2024-05-14,7151,7865,7151,7322
2024-05-15,7400,7915,7286,7843
2024-05-16,7896,7951,7202,7393
2024-05-17,7350,7685,7137,7348
2024-05-20,7277,7373,6767,7216
2024-05-21,7077,7492,6910,7394
2024-05-22,7372,7638,7273,7536
2024-05-23,7423,8400,7323,8109
2024-05-24,8219,8436,7869,8294
2024-05-28,8200,8800,7942,8780
2024-05-29,8730,9460,8690,9309
2024-05-30,9278,9550,9054,9257
2024-05-31,9242,9420,9031,9331
2024-06-03,9331,10047,9181,9775
2024-06-04,9446,9697,9162,9557
2024-06-05,9410,9642,9103,9408
2024-06-06,9600,9987,9566,9872
2024-06-07,9865,10098,9812,9933
2024-06-10,9126,9194,8633,8916
2024-06-11,8815,9363,8815,9254
2024-06-12,9504,9980,9285,9853
2024-06-13,9900,10308,9796,10110
2024-06-14,10100,10182,8955,9701
2024-06-17,9602,9796,8972,9151
2024-06-18,9107,9493,9013,9390
2024-06-20,9474,9542,8800,9055
2024-06-21,8775,9420,8512,8905
2024-06-24,8665,8885,7656,7920
2024-06-25,7950,7986,7054,7848
2024-06-26,7770,7967,7333,7790
2024-06-27,7782,7847,7132,7273
2024-06-28,7122,7775,7056,7731
2024-07-01,7444,7643,6961,7293
2024-07-02,7292,7820,7118,7788
2024-07-03,7720,8155,7641,7706
2024-07-05,7667,7878,7562,7850
2024-07-08,7776,8143,7577,7705
2024-07-09,7873,8344,7521,8150
2024-07-10,8211,8313,7914,8071
2024-07-11,8097,8622,7963,8590
2024-07-12,8526,8674,8242,8321
2024-07-15,8258,8670,7980,8595
2024-07-16,8563,8615,7792,7844
2024-07-17,7963,7968,7600,7763
2024-07-18,7806,8171,7690,8068
2024-07-19,8185,8321,7618,7689
2024-07-22,7725,8450,7720,8398
2024-07-23,8249,8395,8181,8286
2024-07-24,8225,8485,8123,8227
2024-07-25,8201,8201,7770,7805
2024-07-26,7785,8099,7719,8038
2024-07-29,8001,8001,7640,7716
2024-07-30,7778,8232,7700,8136
2024-07-31,8125,8250,7960,8092
2024-08-01,8023,8047,7523,7562
2024-08-02,7621,7689,7419,7520
2024-08-05,7440,8100,7339,7901
2024-08-06,7960,8365,7913,8223
2024-08-07,8271,9030,8223,8586
2024-08-08,7018,7084,6594,6714
2024-08-09,6888,7525,6852,7390
2024-08-12,7289,7371,6921,6952
2024-08-13,7047,7225,6902,7051
2024-08-14,7082,7103,6882,6967
2024-08-15,6967,7214,6849,6948
2024-08-16,7075,7177,6972,7087
2024-08-19,7100,7600,6965,7338
2024-08-20,7250,7696,7218,7640
2024-08-21,7682,7915,7566,7697
2024-08-22,7685,7784,7439,7750
2024-08-23,7749,7891,7648,7811
2024-08-26,7789,8079,7675,8010
2024-08-27,7934,8242,7700,7825
2024-08-28,7743,7970,7618,7741
2024-08-29,7600,7741,7552,7613
2024-08-30,7624,7842,7613,7671
2024-09-03,7617,7620,7227,7270
2024-09-04,7293,7342,6819,6882
2024-09-05,6914,7196,6871,7159
2024-09-06,7159,7354,7063,7081
2024-09-09,7163,7527,7151,7475
2024-09-10,7416,7500,7221,7271
2024-09-11,7296,7769,7293,7728
2024-09-12,7722,7796,7431,7588
2024-09-13,7578,7787,7421,7695
2024-09-16,7690,7849,7542,7767
2024-09-17,7703,7778,7473,7620
2024-09-18,7623,7847,7583,7814
2024-09-19,7796,7904,7705,7750
2024-09-20,7735,7807,7600,7658
2024-09-23,7602,7949,7565,7786
2024-09-24,7785,7929,7690,7867
2024-09-25,7851,8049,7805,7955
2024-09-26,8000,8796,7996,8122
2024-09-27,8078,8370,8035,8281
2024-09-30,8299,8299,7682,7722
2024-10-01,7722,7830,7006,7039
2024-10-02,7081,7332,6926,7064
2024-10-03,7030,7188,6884,7030
2024-10-04,7080,7126,6850,7069
2024-10-07,6987,7059,6862,6908
2024-10-08,6970,7231,6951,7050
2024-10-09,7123,7442,7102,7351
2024-10-10,7350,7565,7139,7529
2024-10-11,7560,7851,7553,7739
2024-10-14,7699,7816,7565,7615
2024-10-15,7619,8027,7505,7942
2024-10-16,8045,8172,7651,7765
2024-10-17,7680,7919,7488,7771
2024-10-18,7832,7881,7406,7450
2024-10-21,7355,7640,7310,7394
2024-10-22,7370,7406,7014,7140
2024-10-23,7120,7223,6929,7001
2024-10-24,6953,7002,6717,6756
2024-10-25,6708,6926,6426,6770
2024-10-28,6778,6975,6682,6917
2024-10-29,6901,7332,6897,7267
2024-10-30,7253,7412,7066,7391
2024-10-31,7365,7456,7202,7334
2024-11-01,7334,7490,7261,7341
2024-11-04,7290,7522,7115,7328
2024-11-05,7246,7416,7157,7251
2024-11-06,7217,7231,6888,6924
2024-11-07,6685,7208,6676,7178
2024-11-08,7189,7247,6933,6987
2024-11-11,6977,7249,6935,7174
2024-11-12,7208,7725,7182,7641
2024-11-13,7677,8289,7641,7971
2024-11-14,8043,8696,7952,8506
2024-11-15,8687,8783,8431,8504
2024-11-18,8510,8550,8110,8315
2024-11-19,8264,8659,8181,8563
2024-11-20,8594,8752,8401,8492
2024-11-21,8500,8747,8465,8635
2024-11-22,8720,9294,8684,9085
2024-11-25,8929,9198,8885,8972
2024-11-26,8999,9282,8843,9236
2024-11-27,9200,9317,9050,9068
2024-11-29,9180,9520,9155,9425
2024-12-02,9406,9569,9291,9402
2024-12-03,9430,9510,8870,9038
2024-12-04,9069,9450,9015,9401
2024-12-05,9419,9988,9401,9853
2024-12-06,9809,10092,9790,9853
2024-12-09,9858,10454,9810,10081
2024-12-10,10272,10690,10247,10557
2024-12-11,10640,10659,10246,10577
2024-12-12,10483,10900,10406,10821
2024-12-13,10802,11365,10655,11300
2024-12-16,11300,11925,11290,11821
2024-12-17,11743,11977,11527,11765
2024-12-18,11966,12931,11935,12565
2024-12-19,12553,12780,11648,12107
2024-12-20,11848,12360,11419,11954
2024-12-23,11870,12050,11527,11746
2024-12-24,11583,11973,11425,11852
2024-12-26,11845,12000,10790,11027
2024-12-27,11150,11259,9831,10124
2024-12-30,10148,11590,10144,11507
2024-12-31,11219,11820,11153,11675
2025-01-02,11632,11743,10802,11137
2025-01-03,11195,11623,11029,11238
2025-01-06,11423,11882,11066,11377
2025-01-07,11291,11568,11164,11210
2025-01-08,11009,11315,10345,10453
2025-01-09,11103,11513,10605,10927
2025-01-10,10823,10920,10525,10570
2025-01-13,10500,11029,10480,10928
2025-01-14,11034,11293,10762,10951
2025-01-15,10889,11150,10742,10821
2025-01-16,10674,10907,10451,10502
2025-01-17,10538,11226,10503,11173
2025-01-21,11298,11698,11298,11559
2025-01-22,11528,11777,11409,11675
2025-01-23,11666,11754,11431,11552
2025-01-24,11508,11700,11341,11593
2025-01-27,11499,11620,11296,11372
2025-01-28,11396,11455,11166,11374
2025-01-29,11498,11789,11482,11745
2025-01-30,11694,11733,11047,11207
2025-01-31,11094,11200,10533,10987
2025-02-03,11020,11324,10819,11002
2025-02-04,11002,11144,10713,10913
2025-02-05,10838,10856,10426,10514
2025-02-06,10483,10492,9911,10127
2025-02-07,10046,10353,9650,10113
2025-02-10,9959,10066,9739,9878
2025-02-11,9917,10323,9889,10302
2025-02-12,10269,10440,10035,10131
2025-02-13,10200,10610,10188,10538
2025-02-14,10572,10715,10255,10325
2025-02-18,10320,10521,10210,10491
2025-02-19,10413,10539,10303,10400
2025-02-20,10334,10414,10198,10267
2025-02-21,10250,10300,9124,9140
2025-02-24,9325,9460,8308,8482
2025-02-25,8450,8830,8335,8805
2025-02-26,8780,9309,8731,9230
2025-02-27,9216,9338,8907,9255
2025-02-28,9233,9279,8785,9124
2025-03-03,8946,8954,8105,8212
2025-03-04,8004,8632,7770,8376
2025-03-05,8557,8780,7976,8066
2025-03-06,8009,8327,7940,8187
2025-03-07,8181,8678,8138,8292
2025-03-10,8123,8500,7812,8430
2025-03-11,8276,8430,8084,8302
2025-03-12,8325,8450,8210,8355
2025-03-13,8350,8588,8134,8172
2025-03-14,8182,8214,7755,7867
2025-03-17,7830,7988,7777,7827
2025-03-18,7837,8212,7784,8021
2025-03-19,7930,8249,7884,8121
2025-03-20,8084,8356,7916,8071
2025-03-21,8036,8146,7639,7765
2025-03-24,7807,8171,7806,8079
2025-03-25,8075,8147,7912,7995
2025-03-26,8061,8200,7940,8044
2025-03-27,7970,8225,7900,7979
2025-03-28,7933,8104,7880,8042
2025-03-31,7973,8115,7808,7902
2025-04-01,7998,8422,7981,8177
2025-04-02,8341,9035,8326,8968
2025-04-03,8884,9492,8884,9291
2025-04-04,9265,9335,8450,8512
2025-04-07,8411,8488,7889,7996
2025-04-08,7966,8085,7638,7721
2025-04-09,7616,8358,7613,8317
2025-04-10,8357,8491,8014,8074
2025-04-11,8118,8470,8062,8440
2025-04-14,8348,8535,8100,8159
2025-04-15,8105,8276,7871,7926
2025-04-16,7885,8086,7781,8006
2025-04-17,8059,8450,8059,8295
2025-04-21,8300,8887,8300,8701
2025-04-22,8494,9149,8476,9117
2025-04-23,9102,9315,8659,8881
2025-04-24,8803,9213,8622,9131
2025-04-25,9135,9500,9069,9392
2025-04-28,9380,9427,8905,8942
2025-04-29,9055,9188,8837,8891
2025-04-30,8885,8955,8394,8887
2025-05-01,8849,8986,8599,8743
2025-05-02,8743,9154,8620,8877
2025-05-05,8870,8900,8445,8518
2025-05-06,8688,8995,8524,8925
2025-05-07,8887,9235,8830,9198
2025-05-08,9155,9274,8795,9068
2025-05-09,9108,9414,8976,9187
2025-05-12,9120,9306,8938,9090
2025-05-13,9129,10045,9126,9951
2025-05-14,9958,10000,9760,9919
2025-05-15,9900,10681,9651,10257
2025-05-16,10375,11068,10308,10898
2025-05-19,10706,11007,10410,10974
2025-05-20,10910,11280,10752,10874
2025-05-21,10807,10949,10410,10719
2025-05-22,10596,10700,10145,10278
2025-05-23,10300,10425,9630,9764
2025-05-27,9817,10163,9700,9739
2025-05-28,9764,9805,9407,9634
2025-05-29,9561,9572,9054,9110
2025-05-30,9213,9818,9213,9791
2025-06-02,9625,10075,9401,9474
2025-06-03,9476,9877,9350,9775
2025-06-04,9786,9990,9552,9948
2025-06-05,9855,10190,9761,10076
2025-06-06,10200,10531,10026,10259
2025-06-09,9308,9546,9146,9456
2025-06-10,9484,9542,8951,9030
2025-06-11,9027,9131,8773,9069
2025-06-12,9076,9277,9015,9239
2025-06-13,9202,9243,8943,8952
2025-06-16,9005,9300,8833,9259
2025-06-17,9295,9449,9113,9138
2025-06-18,9122,9184,8677,8803
2025-06-20,8592,8610,8050,8169
2025-06-23,8152,8582,8147,8534
2025-06-24,8572,8835,8459,8763
2025-06-25,8761,8937,8630,8696
2025-06-26,8748,9092,8715,9041
2025-06-27,9014,9288,8901,8921
2025-06-30,8933,9088,8796,9000
2025-07-01,8897,8951,8291,8317
2025-07-02,8353,8535,8200,8225
2025-07-03,8266,8358,7916,8101
2025-07-07,8092,8340,7907,8200
2025-07-08,8262,8501,8017,8090
2025-07-09,8116,8397,8092,8376
2025-07-10,8283,8450,8045,8059
2025-07-11,8045,8220,8017,8177
2025-07-14,8155,8350,8100,8287
2025-07-15,8200,8250,7782,7884
2025-07-16,7840,7866,7588,7639
2025-07-17,7500,7500,7208,7309
2025-07-18,7444,7835,7400,7800
2025-07-21,7750,8234,7708,8156
2025-07-22,8074,8247,8022,8149
2025-07-23,8150,8485,8088,8440
2025-07-24,8440,8570,8066,8124
2025-07-25,8145,8363,8093,8329
2025-07-28,8304,8599,8116,8518
2025-07-29,8575,8723,8200,8220
2025-07-30,8304,8514,8146,8192
2025-07-31,8248,8552,8184,8506
2025-08-01,8540,8590,8149,8232
2025-08-04,8226,8226,7910,8102
2025-08-05,8104,8428,7993,8363
2025-08-06,8400,8498,8292,8470
2025-08-07,8367,8749,8356,8644
2025-08-08,8672,8815,8497,8526
2025-08-11,8133,8823,8133,8444
2025-08-12,8414,8796,8393,8668
2025-08-13,8661,8750,8409,8558
2025-08-14,8529,8538,8214,8271
2025-08-15,8229,8369,8129,8278
2025-08-18,8302,8500,8135,8184
2025-08-19,8237,8340,8035,8178
2025-08-20,8152,8230,7731,7855
2025-08-21,7947,7978,7570,7650
2025-08-22,7631,7961,7479,7781
2025-08-25,7800,8050,7689,8024
2025-08-26,7964,7968,7579,7613
2025-08-27,7639,7900,7619,7847
2025-08-28,7831,7865,7686,7813
2025-08-29,7794,7813,7628,7710
2025-09-02,7710,7799,7332,7546
2025-09-03,7554,7750,7474,7669
2025-09-04,7644,7671,7380,7399
2025-09-05,7404,7490,7346,7471
2025-09-08,7470,7485,7203,7235
2025-09-09,7231,7580,7167,7395
2025-09-10,7367,7530,7296,7468
2025-09-11,7476,7640,7343,7528
2025-09-12,7547,7600,7375,7420
2025-09-15,7420,7690,7380,7644
2025-09-16,7605,7644,7347,7371
2025-09-17,7355,7455,7323,7385
2025-09-18,7340,7350,7208,7233
2025-09-19,7225,7292,7196,7243
2025-09-22,7230,7230,6914,6959
2025-09-23,6901,7086,6834,6992
2025-09-24,6979,7142,6960,7048
2025-09-25,7020,7130,6870,6925
2025-09-26,6909,6970,6850,6908
2025-09-29,6923,7078,6912,6998
2025-09-30,6955,6970,6682,6749
2025-10-01,6731,6821,6666,6675
2025-10-02,6666,6706,6420,6481
2025-10-03,6426,6445,6159,6190
2025-10-06,6120,6378,6022,6283
2025-10-07,6270,6310,6066,6179
2025-10-08,6200,6240,5906,6000
2025-10-09,5982,6085,5890,5945
2025-10-10,5950,6013,5811,5848
2025-10-13,5825,5951,5631,5822
2025-10-14,5811,5905,5715,5899
2025-10-15,5801,5939,5690,5809
2025-10-16,5905,6055,5905,5991
2025-10-17,6089,6120,5742,5895
2025-10-20,5900,5999,5813,5899
2025-10-21,5961,6035,5877,5916
2025-10-22,5972,6339,5948,6298
2025-10-23,6281,6440,6209,6339
2025-10-24,6343,6480,6258,6319
2025-10-27,6256,6276,6057,6182
2025-10-28,6177,6192,5952,6002
2025-10-29,5973,6150,5883,6044
2025-10-30,6004,6091,5920,6058
2025-10-31,6131,6358,6102,6151
2025-11-03,6174,6596,6113,6559
2025-11-04,6525,6627,6415,6600
2025-11-05,6518,6627,6332,6396
2025-11-06,6262,6303,6130,6185
2025-11-07,6166,6209,5986,6013
2025-11-10,6150,6243,6002,6201
2025-11-11,6112,6187,5844,5929
2025-11-12,5907,6061,5689,5757
2025-11-13,5745,5805,5565,5654
2025-11-14,5548,5550,5290,5457
2025-11-17,5431,5544,5327,5436
2025-11-18,5382,5511,5281,5428
2025-11-19,5415,5472,5070,5104
2025-11-20,5139,5421,5100,5282
2025-11-21,5248,5266,5098,5159
2025-11-24,5102,5276,5020,5190
2025-11-25,5142,5220,4924,5099
2025-11-26,5108,5290,5053,5093
2025-11-28,5200,5585,5191,5504
2025-12-01,5500,5675,5424,5556
2025-12-02,5514,5624,5390,5455
2025-12-03,5440,5525,5424,5504
2025-12-04,5525,5550,5442,5486
2025-12-05,5505,5764,5456,5696
2025-12-08,5707,5833,5613,5701
2025-12-09,5728,5967,5706,5882
2025-12-10,5899,6300,5882,6221
2025-12-11,6225,6475,6161,6288
2025-12-12,6329,6441,6140,6279
2025-12-15,6255,6269,5822,5876
2025-12-16,5931,6050,5865,5998
2025-12-17,6026,6087,5926,5978
2025-12-18,6012,6027,5796,5934
2025-12-19,5936,5984,5780,5845
2025-12-22,5795,6015,5760,5887
2025-12-23,5845,5990,5776,5958
2025-12-24,5962,5998,5866,5966
2025-12-26,5983,6058,5866,5953
2025-12-29,5965,6345,5901,6242
2025-12-30,6280,6324,5861,6063
2025-12-31,6110,6185,5978,6065
2026-01-02,5973,6077,5823,5871
2026-01-05,6002,6093,5840,6077
2026-01-06,6089,6166,5944,5954
2026-01-07,5999,6083,5701,5915
2026-01-08,5952,6276,5891,6077
2026-01-09,5997,6119,5300,5345
2026-01-12,5330,5455,5192,5443
2026-01-13,5471,5494,5051,5224
2026-01-14,5253,5262,4961,5090
2026-01-15,4939,5083,4839,4966
2026-01-16,5001,5187,4985,5076
2026-01-20,4939,4970,4587,4648
2026-01-21,4399,4589,4245,4448
2026-01-22,4407,4494,4387,4469
2026-01-23,4440,4442,4054,4201
2026-01-26,4279,4489,4225,4348
2026-01-27,4301,4484,4268,4433
2026-01-28,4404,4416,4071,4150
2026-01-29,4165,4246,4104,4177
2026-01-30,4169,4230,3931,4165
2026-02-02,4103,4253,3940,4210
2026-02-03,4299,4398,4206,4300
2026-02-04,4251,4308,4017,4086
2026-02-05,4072,4239,4068,4209
2026-02-06,4148,4250,4071,4197
2026-02-09,4278,4325,4050,4186
2026-02-10,4084,4154,3863,3891
2026-02-11,3891,3960,3842,3856
2026-02-12,3836,3846,3698,3724
2026-02-13,3704,3769,3652,3673
2026-02-17,3603,3666,3447,3466
2026-02-18,3453,3461,3189,3314
2026-02-19,3288,3375,3052,3058
2026-02-20,3062,3226,3031,3178
2026-02-23,3178,3290,3093,3103
2026-02-24,3122,3150,2952,3078
2026-02-25,3089,3169,3042,3052
2026-02-26,3044,3140,3011,3063
2026-02-27,3028,3040,2849,2888
2026-03-02,2859,3031,2846,3021
2026-03-03,3031,3051,2892,3015
2026-03-04,3014,3097,3005,3060
2026-03-05,3045,3075,2967,3055
2026-03-06,3060,3250,3022,3230
2026-03-09,3225,3330,3179,3289
2026-03-10,3322,3453,3292,3447
2026-03-11,3453,3480,3385,3429
2026-03-12,3418,3434,3237,3315
2026-03-13,3325,3390,3270,3297
2026-03-16,3245,3441,3177,3418
2026-03-17,3396,3422,3325,3349
2026-03-18,3377,3386,3232,3260
2026-03-19,3233,3351,3193,3331
2026-03-20,3311,3341,3171,3255
2026-03-23,3278,3332,3168,3180
2026-03-24,3180,3250,3178,3235
2026-03-25,3220,3233,3121,3133
2026-03-26,3134,3194,3080,3164
2026-03-27,3162,3204,3112,3165
2026-03-30,3154,3176,3105,3155
2026-03-31,3151,3331,3140,3300
2026-04-01,3267,3378,3250,3345
2026-04-02,3356,3357,3196,3245
2026-04-06,3316,3361,3285,3304
2026-04-07,3298,3298,3062,3097
2026-04-08,3106,3311,3105,3272
2026-04-09,3226,3282,3175,3240
2026-04-10,3266,3341,3241,3327
2026-04-13,3335,3383,3200,3365
2026-04-14,3360,3673,3352,3646
2026-04-15,3640,3700,3475,3563
2026-04-16,3485,3612,3443,3455
2026-04-17,3446,3561,3265,3280
2026-04-20,3324,3434,3304,3395
2026-04-21,3392,3392,3286,3308
2026-04-22,3320,3487,3309,3427
2026-04-23,3419,3477,3353,3458
2026-04-24,3465,3490,3384,3431
2026-04-27,3384,3412,3282,3296
2026-04-28,3315,3401,3309,3380
2026-04-29,3342,3449,3305,3410
2026-04-30,3402,3617,3381,3569
2026-05-01,3568,3601,3487,3596
2026-05-04,3600,3940,3593,3883
2026-05-05,3892,4129,3840,4074
2026-05-06,4070,4294,4044,4135
2026-05-07,4360,4554,4321,4427
2026-05-08,4427,4523,4112,4182
2026-05-11,4313,4777,4311,4709
2026-05-12,4680,4681,4458,4587
2026-05-13,4553,4575,4160,4393
2026-05-14,4450,4491,4094,4189
2026-05-15,4149,4168,3957,4002
2026-05-18,3907,3953,3721,3791
2026-05-19,3769,3958,3769,3907
2026-05-20,3846,3938,3763,3889
2026-05-21,3832,3943,3732,3767
2026-05-22,3735,3829,3651,3796
2026-05-26,3790,4199,3765,4169
2026-05-27,4220,4334,4103,4140
2026-05-28,4115,4224,4041,4099
2026-05-29,4076,4175,3895,3923
2026-06-01,3875,4099,3845,3895
2026-06-02,3913,4199,3912,4108
2026-06-03,4088,4123,4011,4072
2026-06-04,4016,4075,3893,3965
2026-06-05,3925,3957,3720,3762
2026-06-08,3875,3908,3787,3831
2026-06-09,3829,3959,3773,3831
2026-06-10,3884,3951,3816,3842
2026-06-11,3849,3882,3780,3798
2026-06-12,3789,3942,3787,3868
2026-06-15,4038,4173,3954,3972
2026-06-16,3997,4331,3960,4234
2026-06-17,4250,4395,4193,4237
2026-06-18,4174,4264,4077,4237
2026-06-22,4310,4672,4302,4621
2026-06-23,4594,4698,4510,4645
2026-06-24,4633,5040,4589,4973
2026-06-25,4992,5343,4980,5247
2026-06-26,5261,5308,5054,5095
2026-06-29,4983,5076,4856,4967
2026-06-30,4909,5220,4883,5078
2026-07-01,5058,5183,4962,5092
2026-07-02,5078,5177,4972,5017