time,open,high,low,close
1986-03-13,0.097223,0.101564,0.088543,0.097223
1986-03-14,0.097223,0.102432,0.097223,0.100695
1986-03-17,0.100695,0.1033,0.100695,0.102432
1986-03-18,0.102432,0.1033,0.098959,0.099827
1986-03-19,0.099827,0.100695,0.097223,0.098091
1986-03-20,0.098091,0.098091,0.094619,0.095487
1986-03-21,0.095487,0.097223,0.091147,0.092883
1986-03-24,0.092883,0.092883,0.089411,0.090279
1986-03-25,0.090279,0.092015,0.089411,0.092015
1986-03-26,0.092015,0.095487,0.091147,0.094619
1986-03-27,0.094619,0.096355,0.094619,0.096355
1986-03-31,0.096355,0.096355,0.093751,0.095487
1986-04-01,0.095487,0.095487,0.094619,0.094619
1986-04-02,0.094619,0.097223,0.094619,0.095487
1986-04-03,0.096355,0.098959,0.096355,0.096355
1986-04-04,0.096355,0.097223,0.096355,0.096355
1986-04-07,0.096355,0.097223,0.092883,0.094619
1986-04-08,0.094619,0.097223,0.094619,0.095487
1986-04-09,0.095487,0.098091,0.095487,0.097223
1986-04-10,0.097223,0.098959,0.095487,0.098091
1986-04-11,0.098959,0.101564,0.098959,0.099827
1986-04-14,0.099827,0.101564,0.099827,0.100695
1986-04-15,0.100695,0.100695,0.097223,0.100695
1986-04-16,0.100695,0.105036,0.099827,0.104168
1986-04-17,0.104168,0.105036,0.104168,0.105036
1986-04-18,0.105036,0.105036,0.100695,0.101564
1986-04-21,0.101564,0.102432,0.098959,0.101564
1986-04-22,0.101564,0.101564,0.099827,0.099827
1986-04-23,0.099827,0.100695,0.098959,0.100261
1986-04-24,0.100261,0.11198,0.099827,0.110244
1986-04-25,0.111112,0.121963,0.111112,0.117189
1986-04-28,0.117189,0.118925,0.116321,0.118057
1986-04-29,0.118057,0.118057,0.113716,0.114584
1986-04-30,0.114584,0.115453,0.109376,0.11198
1986-05-01,0.11198,0.11198,0.108508,0.110244
1986-05-02,0.110244,0.11198,0.109376,0.110244
1986-05-05,0.110244,0.110244,0.109376,0.109376
1986-05-06,0.110244,0.11198,0.110244,0.110244
1986-05-07,0.110244,0.111112,0.108508,0.110244
1986-05-08,0.110244,0.111112,0.109376,0.111112
1986-05-09,0.111112,0.111112,0.110244,0.110244
1986-05-12,0.110244,0.113716,0.110244,0.111112
1986-05-13,0.111112,0.112848,0.111112,0.11198
1986-05-14,0.11198,0.11198,0.111112,0.111112
1986-05-15,0.111112,0.112848,0.111112,0.111112
1986-05-16,0.111112,0.114584,0.111112,0.11198
1986-05-19,0.11198,0.11198,0.109376,0.109376
1986-05-20,0.109376,0.110244,0.108508,0.109376
1986-05-21,0.109376,0.110244,0.10764,0.10764
1986-05-22,0.10764,0.108508,0.10764,0.10764
1986-05-23,0.10764,0.109376,0.10764,0.10764
1986-05-27,0.10764,0.111112,0.10764,0.111112
1986-05-28,0.111112,0.114584,0.111112,0.114584
1986-05-29,0.114584,0.118925,0.113716,0.117189
1986-05-30,0.118057,0.123265,0.118057,0.120661
1986-06-02,0.120661,0.121529,0.118057,0.118057
1986-06-03,0.118057,0.118057,0.116321,0.118057
1986-06-04,0.118057,0.118925,0.116321,0.117189
1986-06-05,0.117189,0.118925,0.116321,0.118925
1986-06-06,0.118925,0.118925,0.117189,0.118925
1986-06-09,0.118925,0.118925,0.113716,0.113716
1986-06-10,0.113716,0.113716,0.11198,0.113716
1986-06-11,0.113716,0.113716,0.11198,0.113716
1986-06-12,0.113716,0.113716,0.108508,0.109376
1986-06-13,0.109376,0.110244,0.108508,0.109376
1986-06-16,0.109376,0.110244,0.10764,0.108508
1986-06-17,0.109376,0.11198,0.109376,0.110244
1986-06-18,0.110244,0.110244,0.10764,0.109376
1986-06-19,0.109376,0.110244,0.10764,0.108508
1986-06-20,0.108508,0.109376,0.108508,0.108942
1986-06-23,0.108942,0.110244,0.106772,0.110244
1986-06-24,0.110244,0.111112,0.108508,0.109376
1986-06-25,0.109376,0.110244,0.10764,0.10764
1986-06-26,0.10764,0.108508,0.104168,0.104168
1986-06-27,0.104168,0.105036,0.102432,0.1033
1986-06-30,0.1033,0.109376,0.102432,0.106772
1986-07-01,0.106772,0.106772,0.105904,0.106772
1986-07-02,0.106772,0.106772,0.105904,0.106772
1986-07-03,0.10764,0.109376,0.10764,0.108508
1986-07-07,0.108508,0.108508,0.104168,0.104168
1986-07-08,0.104168,0.104168,0.100695,0.101564
1986-07-09,0.101564,0.101564,0.096355,0.097223
1986-07-10,0.097223,0.098091,0.090279,0.094619
1986-07-11,0.094619,0.098959,0.094619,0.097223
1986-07-14,0.097223,0.098091,0.094619,0.095921
1986-07-15,0.095921,0.098959,0.094619,0.097223
1986-07-16,0.098091,0.100695,0.098091,0.100695
1986-07-17,0.100695,0.102432,0.099827,0.102432
1986-07-18,0.102432,0.104168,0.099827,0.1033
1986-07-21,0.1033,0.105036,0.1033,0.1033
1986-07-22,0.1033,0.106772,0.1033,0.106772
1986-07-23,0.106772,0.108508,0.104168,0.104168
1986-07-24,0.105904,0.109376,0.105904,0.10764
1986-07-25,0.10764,0.109376,0.10764,0.108508
1986-07-28,0.108508,0.108508,0.105904,0.105904
1986-07-29,0.105904,0.106772,0.101564,0.1033
1986-07-30,0.1033,0.1033,0.096355,0.099827
1986-07-31,0.099827,0.100695,0.098959,0.098959
1986-08-01,0.098959,0.099827,0.097223,0.098091
1986-08-04,0.098091,0.098091,0.095487,0.098091
1986-08-05,0.098091,0.098959,0.097223,0.097223
1986-08-06,0.097223,0.098091,0.094619,0.096355
1986-08-07,0.096355,0.097223,0.094619,0.095487
1986-08-08,0.095487,0.098091,0.095487,0.096355
1986-08-11,0.098091,0.100695,0.098091,0.099827
1986-08-12,0.099827,0.102432,0.099827,0.102432
1986-08-13,0.102432,0.1033,0.101564,0.1033
1986-08-14,0.1033,0.106772,0.1033,0.105904
1986-08-15,0.105904,0.106772,0.105036,0.106338
1986-08-18,0.106338,0.106772,0.105036,0.105036
1986-08-19,0.105036,0.10547,0.1033,0.105036
1986-08-20,0.105036,0.105036,0.104168,0.104168
1986-08-21,0.104168,0.105904,0.104168,0.104168
1986-08-22,0.104168,0.105036,0.100695,0.102432
1986-08-25,0.102432,0.102432,0.100695,0.102432
1986-08-26,0.102432,0.102432,0.101564,0.101564
1986-08-27,0.101564,0.102432,0.100695,0.101564
1986-08-28,0.101564,0.102432,0.101564,0.101564
1986-08-29,0.101564,0.102432,0.097223,0.098959
1986-09-02,0.098959,0.098959,0.095053,0.096355
1986-09-03,0.095487,0.095487,0.091147,0.093751
1986-09-04,0.095487,0.101564,0.095487,0.101564
1986-09-05,0.101564,0.105904,0.100695,0.105904
1986-09-08,0.105904,0.106772,0.105036,0.105036
1986-09-09,0.105036,0.109376,0.105036,0.106772
1986-09-10,0.106772,0.10764,0.105036,0.105036
1986-09-11,0.105036,0.105904,0.100695,0.100695
1986-09-12,0.100695,0.101564,0.098091,0.098091
1986-09-15,0.098091,0.099827,0.096355,0.099827
1986-09-16,0.099827,0.100695,0.098091,0.099827
1986-09-17,0.099827,0.104168,0.098959,0.102432
1986-09-18,0.102432,0.105036,0.102432,0.1033
1986-09-19,0.1033,0.104168,0.102432,0.1033
1986-09-22,0.1033,0.1033,0.102432,0.102432
1986-09-23,0.102432,0.105036,0.102432,0.104168
1986-09-24,0.104168,0.104168,0.102432,0.102866
1986-09-25,0.102866,0.1033,0.100695,0.100695
1986-09-26,0.100695,0.101564,0.099827,0.100695
1986-09-29,0.100695,0.100695,0.098091,0.098091
1986-09-30,0.098091,0.099827,0.098091,0.098091
1986-10-01,0.098091,0.099827,0.095487,0.097223
1986-10-02,0.097223,0.098959,0.096355,0.097223
1986-10-03,0.097223,0.098959,0.097223,0.098091
1986-10-06,0.100695,0.10764,0.100695,0.105904
1986-10-07,0.105904,0.110244,0.105904,0.108074
1986-10-08,0.108074,0.112414,0.106772,0.111112
1986-10-09,0.111112,0.117189,0.111112,0.114584
1986-10-10,0.114584,0.122397,0.112848,0.119793
1986-10-13,0.119793,0.119793,0.115453,0.115453
1986-10-14,0.115453,0.117189,0.115453,0.116321
1986-10-15,0.116321,0.122397,0.116321,0.121529
1986-10-16,0.121529,0.122397,0.120661,0.121529
1986-10-17,0.121529,0.125869,0.121529,0.125001
1986-10-20,0.125001,0.127605,0.122397,0.125869
1986-10-21,0.126737,0.131078,0.126737,0.131078
1986-10-22,0.131078,0.13238,0.13021,0.131078
1986-10-23,0.131078,0.131946,0.129776,0.131078
1986-10-24,0.131078,0.131078,0.126737,0.13021
1986-10-27,0.131078,0.13455,0.131078,0.13455
1986-10-28,0.13455,0.139758,0.13455,0.137588
1986-10-29,0.137588,0.138022,0.131946,0.133682
1986-10-30,0.133682,0.138022,0.132814,0.136286
1986-10-31,0.136286,0.138022,0.133682,0.13455
1986-11-03,0.135418,0.138022,0.135418,0.137154
1986-11-04,0.137154,0.142363,0.137154,0.142363
1986-11-05,0.142363,0.151911,0.141494,0.151043
1986-11-06,0.151043,0.157988,0.150175,0.154515
1986-11-07,0.154515,0.155383,0.151043,0.153647
1986-11-10,0.153647,0.153647,0.146703,0.147571
1986-11-11,0.148439,0.150175,0.148439,0.148439
1986-11-12,0.148439,0.151043,0.146703,0.148439
1986-11-13,0.148439,0.149307,0.145835,0.146269
1986-11-14,0.146269,0.147571,0.143231,0.147571
1986-11-17,0.147571,0.150175,0.145835,0.148439
1986-11-18,0.148439,0.149307,0.140626,0.140626
1986-11-19,0.140626,0.146703,0.140626,0.145835
1986-11-20,0.145835,0.15712,0.145835,0.15712
1986-11-21,0.157988,0.164064,0.157988,0.162328
1986-11-24,0.162328,0.176217,0.15712,0.175349
1986-11-25,0.175349,0.177953,0.174481,0.177085
1986-11-26,0.177085,0.177953,0.175349,0.175349
1986-11-28,0.175349,0.176217,0.171009,0.172745
1986-12-01,0.172745,0.173613,0.168404,0.169273
1986-12-02,0.170141,0.173613,0.170141,0.170141
1986-12-03,0.170141,0.171877,0.168404,0.168838
1986-12-04,0.168838,0.172745,0.167536,0.171009
1986-12-05,0.171009,0.171877,0.170141,0.170141
1986-12-08,0.170141,0.171877,0.1658,0.168404
1986-12-09,0.168404,0.169273,0.166668,0.167536
1986-12-10,0.167536,0.169273,0.1658,0.168838
1986-12-11,0.168838,0.171009,0.168404,0.170141
1986-12-12,0.170141,0.170141,0.164064,0.164064
1986-12-15,0.164064,0.164932,0.15712,0.159724
1986-12-16,0.160592,0.164064,0.160592,0.16146
1986-12-17,0.16146,0.164064,0.16146,0.163196
1986-12-18,0.163196,0.164932,0.162328,0.164498
1986-12-19,0.164932,0.170141,0.164932,0.168404
1986-12-22,0.168404,0.171877,0.168404,0.170141
1986-12-23,0.170141,0.171877,0.170141,0.171877
1986-12-24,0.171877,0.171877,0.171009,0.171443
1986-12-26,0.171443,0.172745,0.171009,0.171009
1986-12-29,0.171009,0.172745,0.164064,0.164064
1986-12-30,0.164064,0.166668,0.162328,0.1658
1986-12-31,0.1658,0.170141,0.1658,0.167536
1987-01-02,0.167536,0.169273,0.164932,0.1658
1987-01-05,0.1658,0.177085,0.164932,0.175349
1987-01-06,0.175349,0.178821,0.174481,0.177953
1987-01-07,0.177953,0.187502,0.177953,0.187502
1987-01-08,0.18837,0.195314,0.18837,0.193578
1987-01-09,0.193578,0.202259,0.19271,0.201391
1987-01-12,0.201391,0.216148,0.199655,0.214412
1987-01-13,0.212676,0.212676,0.204863,0.208335
1987-01-14,0.208335,0.209203,0.203995,0.208335
1987-01-15,0.208335,0.224829,0.208335,0.21962
1987-01-16,0.21962,0.21962,0.210072,0.214412
1987-01-19,0.214412,0.222224,0.210072,0.222224
1987-01-20,0.222224,0.230905,0.221356,0.225697
1987-01-21,0.225697,0.241322,0.221356,0.235245
1987-01-22,0.235245,0.259551,0.228301,0.258683
1987-01-23,0.258683,0.2691,0.234377,0.236113
1987-01-26,0.236113,0.241322,0.228301,0.238718
1987-01-27,0.238718,0.251739,0.238718,0.248266
1987-01-28,0.248266,0.252607,0.241322,0.249134
1987-01-29,0.249134,0.251739,0.233509,0.238718
1987-01-30,0.238718,0.254343,0.235245,0.253909
1987-02-02,0.253909,0.258683,0.253475,0.253475
1987-02-03,0.253475,0.256079,0.244794,0.249134
1987-02-04,0.249134,0.250871,0.24653,0.250003
1987-02-05,0.250003,0.251739,0.245662,0.248266
1987-02-06,0.248266,0.249134,0.23785,0.238718
1987-02-09,0.238718,0.238718,0.235245,0.236982
1987-02-10,0.236982,0.23785,0.231773,0.23785
1987-02-11,0.238718,0.249134,0.238718,0.249134
1987-02-12,0.249134,0.267798,0.249134,0.266496
1987-02-13,0.266496,0.269968,0.257815,0.263892
1987-02-17,0.263892,0.266496,0.257815,0.265628
1987-02-18,0.265628,0.269968,0.248266,0.249134
1987-02-19,0.248266,0.248266,0.236113,0.238718
1987-02-20,0.238718,0.238718,0.232641,0.236113
1987-02-23,0.236113,0.254343,0.230905,0.250871
1987-02-24,0.250871,0.263892,0.250871,0.263023
1987-02-25,0.263023,0.267798,0.256947,0.258683
1987-02-26,0.258683,0.276044,0.253475,0.268232
1987-02-27,0.268232,0.269968,0.262155,0.266496
1987-03-02,0.266496,0.266496,0.256947,0.258683
1987-03-03,0.258683,0.261287,0.255211,0.258683
1987-03-04,0.258683,0.277781,0.257815,0.276912
1987-03-05,0.276912,0.29601,0.276912,0.289933
1987-03-06,0.289933,0.29167,0.282121,0.289065
1987-03-09,0.289065,0.289933,0.282121,0.283857
1987-03-10,0.283857,0.29601,0.282989,0.292538
1987-03-11,0.293406,0.298614,0.293406,0.296878
1987-03-12,0.296878,0.30035,0.289933,0.29818
1987-03-13,0.29818,0.30035,0.281253,0.287329
1987-03-16,0.286461,0.286461,0.276912,0.285593
1987-03-17,0.285593,0.296878,0.284725,0.295142
1987-03-18,0.296878,0.313371,0.296878,0.310767
1987-03-19,0.310767,0.316843,0.305559,0.316843
1987-03-20,0.316843,0.316843,0.311635,0.313371
1987-03-23,0.313371,0.317712,0.308163,0.311201
1987-03-24,0.311201,0.315107,0.303822,0.313371
1987-03-25,0.313371,0.315107,0.309899,0.312069
1987-03-26,0.312069,0.312503,0.309031,0.309899
1987-03-27,0.311635,0.325524,0.311635,0.31858
1987-03-30,0.31858,0.335941,0.307295,0.335941
1987-03-31,0.335941,0.343753,0.331601,0.335941
1987-04-01,0.335941,0.342885,0.314239,0.315975
1987-04-02,0.321184,0.336809,0.321184,0.329864
1987-04-03,0.329864,0.348094,0.329864,0.346358
1987-04-06,0.346358,0.347226,0.338545,0.344622
1987-04-07,0.344622,0.344622,0.326392,0.326392
1987-04-08,0.326392,0.339413,0.326392,0.335941
1987-04-09,0.335941,0.335941,0.32726,0.329864
1987-04-10,0.329864,0.332469,0.328996,0.332035
1987-04-13,0.331601,0.331601,0.319448,0.321184
1987-04-14,0.321184,0.331601,0.315975,0.326392
1987-04-15,0.328996,0.336809,0.328996,0.333337
1987-04-16,0.333337,0.348962,0.332469,0.342017
1987-04-20,0.342017,0.34549,0.331601,0.332469
1987-04-21,0.332469,0.340281,0.325524,0.337677
1987-04-22,0.337677,0.342885,0.337677,0.342017
1987-04-23,0.342017,0.34549,0.336809,0.342017
1987-04-24,0.342017,0.34549,0.337677,0.343753
1987-04-27,0.343753,0.346358,0.337677,0.343753
1987-04-28,0.343753,0.369795,0.340281,0.368927
1987-04-29,0.368927,0.378476,0.358511,0.358511
1987-04-30,0.358511,0.368927,0.353302,0.361115
1987-05-01,0.361115,0.365455,0.356774,0.364587
1987-05-04,0.364587,0.374136,0.362851,0.371531
1987-05-05,0.3724,0.401914,0.3724,0.401914
1987-05-06,0.401914,0.405386,0.390629,0.392365
1987-05-07,0.392365,0.411462,0.389761,0.410594
1987-05-08,0.411462,0.445317,0.411462,0.439241
1987-05-11,0.439241,0.439241,0.426654,0.427088
1987-05-12,0.427088,0.431428,0.406254,0.412331
1987-05-13,0.414935,0.424483,0.414935,0.422747
1987-05-14,0.422747,0.434032,0.422747,0.42622
1987-05-15,0.425351,0.425351,0.414067,0.414067
1987-05-18,0.414067,0.414067,0.388893,0.400178
1987-05-19,0.400178,0.400178,0.386289,0.386289
1987-05-20,0.384552,0.384552,0.3724,0.380212
1987-05-21,0.38108,0.391497,0.38108,0.387157
1987-05-22,0.387157,0.388893,0.374136,0.375872
1987-05-26,0.375872,0.381948,0.375004,0.380212
1987-05-27,0.380212,0.388893,0.378476,0.380212
1987-05-28,0.380212,0.404518,0.379344,0.40365
1987-05-29,0.40365,0.410594,0.39931,0.400178
1987-06-01,0.400178,0.400178,0.392365,0.392365
1987-06-02,0.392365,0.398441,0.385421,0.390629
1987-06-03,0.392365,0.398441,0.392365,0.393233
1987-06-04,0.393233,0.393233,0.388025,0.390629
1987-06-05,0.390629,0.392365,0.371531,0.379344
1987-06-08,0.379344,0.381948,0.373268,0.38108
1987-06-09,0.38108,0.381948,0.37674,0.378476
1987-06-10,0.378476,0.380212,0.351566,0.359379
1987-06-11,0.359379,0.367191,0.337677,0.338545
1987-06-12,0.338545,0.352434,0.337677,0.341149
1987-06-15,0.341149,0.346358,0.334205,0.341149
1987-06-16,0.341149,0.352434,0.340281,0.348094
1987-06-17,0.34983,0.361115,0.34983,0.360247
1987-06-18,0.360247,0.364587,0.35417,0.364153
1987-06-19,0.364153,0.368927,0.361115,0.362851
1987-06-22,0.362851,0.364587,0.357642,0.360247
1987-06-23,0.360247,0.360247,0.348962,0.356774
1987-06-24,0.358511,0.368059,0.358511,0.363719
1987-06-25,0.363719,0.364587,0.359379,0.362851
1987-06-26,0.362851,0.365455,0.360247,0.363719
1987-06-29,0.363719,0.363719,0.355906,0.361983
1987-06-30,0.361983,0.363719,0.353302,0.35417
1987-07-01,0.35417,0.358511,0.352434,0.355906
1987-07-02,0.355906,0.356774,0.342885,0.347226
1987-07-06,0.347226,0.350698,0.336809,0.338545
1987-07-07,0.337677,0.337677,0.310767,0.313371
1987-07-08,0.313371,0.328996,0.307295,0.323788
1987-07-09,0.323788,0.340281,0.323788,0.332469
1987-07-10,0.332469,0.338545,0.326392,0.336809
1987-07-13,0.336809,0.34549,0.333337,0.344622
1987-07-14,0.34549,0.365455,0.34549,0.364587
1987-07-15,0.364587,0.367191,0.355038,0.355038
1987-07-16,0.355038,0.357642,0.347226,0.35417
1987-07-17,0.35417,0.361115,0.353302,0.355038
1987-07-20,0.35417,0.35417,0.344622,0.34549
1987-07-21,0.34549,0.350698,0.342017,0.344622
1987-07-22,0.344622,0.348962,0.342017,0.347226
1987-07-23,0.347226,0.347226,0.326392,0.339413
1987-07-24,0.339413,0.34549,0.339413,0.342017
1987-07-27,0.342017,0.346358,0.336809,0.346358
1987-07-28,0.346358,0.353302,0.344622,0.34549
1987-07-29,0.34549,0.346358,0.339413,0.344622
1987-07-30,0.344622,0.344622,0.333337,0.336809
1987-07-31,0.335073,0.335073,0.319448,0.326392
1987-08-03,0.326392,0.328128,0.316843,0.31858
1987-08-04,0.31858,0.325524,0.31858,0.325524
1987-08-05,0.325524,0.342017,0.325524,0.337677
1987-08-06,0.338545,0.352868,0.338545,0.350698
1987-08-07,0.350698,0.362851,0.34983,0.359379
1987-08-10,0.359379,0.361115,0.355906,0.359379
1987-08-11,0.359379,0.362851,0.350698,0.352434
1987-08-12,0.352434,0.353302,0.347226,0.347226
1987-08-13,0.347226,0.362851,0.347226,0.357642
1987-08-14,0.357642,0.360247,0.355906,0.359379
1987-08-17,0.359379,0.361983,0.357642,0.361983
1987-08-18,0.361115,0.361115,0.352434,0.355906
1987-08-19,0.355906,0.356774,0.348962,0.355906
1987-08-20,0.355906,0.367191,0.355906,0.365455
1987-08-21,0.365455,0.375872,0.364587,0.371531
1987-08-24,0.371531,0.389761,0.366323,0.388025
1987-08-25,0.388025,0.405386,0.387157,0.398441
1987-08-26,0.398441,0.409726,0.396705,0.401046
1987-08-27,0.401046,0.40365,0.396705,0.401914
1987-08-28,0.402782,0.421011,0.402782,0.417539
1987-08-31,0.417539,0.417539,0.405386,0.412331
1987-09-01,0.412331,0.412331,0.392365,0.394101
1987-09-02,0.394101,0.400178,0.389761,0.39931
1987-09-03,0.39931,0.408858,0.394969,0.400178
1987-09-04,0.400178,0.401046,0.388025,0.388893
1987-09-08,0.388893,0.388893,0.375872,0.387157
1987-09-09,0.387157,0.395837,0.387157,0.391497
1987-09-10,0.392365,0.401914,0.392365,0.397573
1987-09-11,0.397573,0.404518,0.395837,0.40365
1987-09-14,0.404518,0.416671,0.404518,0.414067
1987-09-15,0.414067,0.414935,0.40365,0.409292
1987-09-16,0.409292,0.416671,0.405386,0.405386
1987-09-17,0.405386,0.40799,0.394969,0.402782
1987-09-18,0.402782,0.402782,0.395837,0.39931
1987-09-21,0.397573,0.397573,0.368059,0.371531
1987-09-22,0.371531,0.401046,0.368059,0.397573
1987-09-23,0.401046,0.419275,0.401046,0.418407
1987-09-24,0.418407,0.439241,0.416671,0.425351
1987-09-25,0.425351,0.451393,0.425351,0.43056
1987-09-28,0.43056,0.45313,0.428824,0.444449
1987-09-29,0.444449,0.45313,0.441845,0.446185
1987-09-30,0.446185,0.462678,0.444449,0.460074
1987-10-01,0.460074,0.477435,0.458338,0.475699
1987-10-02,0.477435,0.505213,0.477435,0.503477
1987-10-05,0.510422,0.548617,0.510422,0.548617
1987-10-06,0.548617,0.550353,0.509554,0.512158
1987-10-07,0.512158,0.522575,0.496533,0.50695
1987-10-08,0.50695,0.51563,0.482644,0.500005
1987-10-09,0.500005,0.522575,0.498269,0.498269
1987-10-12,0.498269,0.50695,0.479171,0.496533
1987-10-13,0.496533,0.513894,0.49306,0.508686
1987-10-14,0.508686,0.519102,0.491324,0.494797
1987-10-15,0.494797,0.505213,0.486116,0.489588
1987-10-16,0.489588,0.491324,0.446185,0.449657
1987-10-19,0.440977,0.440977,0.312503,0.314239
1987-10-20,0.314239,0.361115,0.298614,0.333337
1987-10-21,0.347226,0.420143,0.347226,0.393233
1987-10-22,0.393233,0.402782,0.35417,0.369795
1987-10-23,0.368059,0.368059,0.329864,0.335073
1987-10-26,0.333337,0.333337,0.258683,0.272572
1987-10-27,0.272572,0.298614,0.272572,0.286461
1987-10-28,0.286461,0.295142,0.267364,0.286461
1987-10-29,0.286461,0.338545,0.286461,0.331601
1987-10-30,0.336809,0.362851,0.336809,0.34549
1987-11-02,0.34549,0.35417,0.336809,0.348962
1987-11-03,0.347226,0.347226,0.303822,0.333337
1987-11-04,0.333337,0.352434,0.319448,0.338545
1987-11-05,0.338545,0.355906,0.338545,0.350698
1987-11-06,0.350698,0.350698,0.326392,0.329864
1987-11-09,0.329864,0.329864,0.315975,0.326392
1987-11-10,0.326392,0.336809,0.315975,0.326392
1987-11-11,0.328128,0.342017,0.328128,0.340281
1987-11-12,0.340281,0.361115,0.340281,0.347226
1987-11-13,0.347226,0.348962,0.335073,0.335073
1987-11-16,0.335073,0.34549,0.329864,0.331601
1987-11-17,0.329864,0.329864,0.314239,0.324656
1987-11-18,0.324656,0.333337,0.312503,0.333337
1987-11-19,0.333337,0.336809,0.319448,0.321184
1987-11-20,0.321184,0.331601,0.310767,0.329864
1987-11-23,0.329864,0.338545,0.326392,0.331601
1987-11-24,0.331601,0.340281,0.315975,0.329864
1987-11-25,0.329864,0.331601,0.319448,0.319448
1987-11-27,0.319448,0.321184,0.312503,0.314239
1987-11-30,0.312503,0.312503,0.281253,0.310767
1987-12-01,0.310767,0.317712,0.298614,0.303822
1987-12-02,0.303822,0.310767,0.296878,0.305559
1987-12-03,0.305559,0.310767,0.279517,0.280385
1987-12-04,0.280385,0.294274,0.277781,0.29167
1987-12-07,0.293406,0.303822,0.293406,0.30035
1987-12-08,0.30035,0.329864,0.298614,0.329864
1987-12-09,0.329864,0.335073,0.319448,0.321184
1987-12-10,0.321184,0.343753,0.307295,0.329864
1987-12-11,0.329864,0.336809,0.324656,0.333337
1987-12-14,0.333337,0.35417,0.331601,0.352434
1987-12-15,0.352434,0.360247,0.347226,0.355906
1987-12-16,0.355906,0.380212,0.348962,0.37674
1987-12-17,0.37674,0.380212,0.359379,0.361115
1987-12-18,0.361115,0.373268,0.361115,0.361115
1987-12-21,0.361115,0.371531,0.352434,0.357642
1987-12-22,0.357642,0.368059,0.347226,0.364587
1987-12-23,0.364587,0.373268,0.362851,0.369795
1987-12-24,0.369795,0.373268,0.368059,0.369795
1987-12-28,0.369795,0.369795,0.347226,0.355906
1987-12-29,0.355906,0.381948,0.350698,0.378476
1987-12-30,0.378476,0.388893,0.37674,0.387157
1987-12-31,0.387157,0.387157,0.373268,0.37674
1988-01-04,0.378476,0.392365,0.378476,0.388893
1988-01-05,0.392365,0.402782,0.392365,0.395837
1988-01-06,0.395837,0.414935,0.395837,0.406254
1988-01-07,0.406254,0.421011,0.39931,0.420143
1988-01-08,0.420143,0.428824,0.386289,0.388893
1988-01-11,0.388893,0.402782,0.380212,0.401914
1988-01-12,0.401914,0.406254,0.37674,0.394101
1988-01-13,0.394101,0.406254,0.380212,0.394101
1988-01-14,0.394101,0.402782,0.388893,0.390629
1988-01-15,0.401046,0.411462,0.401046,0.401046
1988-01-18,0.401046,0.402782,0.390629,0.397573
1988-01-19,0.397573,0.404518,0.387157,0.397573
1988-01-20,0.397573,0.397573,0.364587,0.375004
1988-01-21,0.37674,0.390629,0.37674,0.381948
1988-01-22,0.381948,0.389761,0.366323,0.374136
1988-01-25,0.37674,0.390629,0.37674,0.387157
1988-01-26,0.387157,0.388025,0.37674,0.378476
1988-01-27,0.380212,0.390629,0.380212,0.387157
1988-01-28,0.388893,0.394101,0.388893,0.392365
1988-01-29,0.392365,0.395837,0.378476,0.387157
1988-02-01,0.387157,0.395837,0.381948,0.383684
1988-02-02,0.383684,0.388893,0.380212,0.387157
1988-02-03,0.387157,0.387157,0.362851,0.366323
1988-02-04,0.366323,0.369795,0.34549,0.35417
1988-02-05,0.355906,0.371531,0.355906,0.357642
1988-02-08,0.357642,0.364587,0.352434,0.359379
1988-02-09,0.361115,0.368059,0.361115,0.366323
1988-02-10,0.366323,0.375004,0.364587,0.373268
1988-02-11,0.373268,0.380212,0.373268,0.380212
1988-02-12,0.380212,0.390629,0.378476,0.383684
1988-02-16,0.383684,0.401046,0.378476,0.39931
1988-02-17,0.39931,0.40799,0.397573,0.39931
1988-02-18,0.39931,0.409726,0.395837,0.402782
1988-02-19,0.402782,0.40799,0.401046,0.40799
1988-02-22,0.40799,0.409726,0.402782,0.40799
1988-02-23,0.40799,0.416671,0.40799,0.413199
1988-02-24,0.413199,0.421879,0.413199,0.415803
1988-02-25,0.415803,0.420143,0.401914,0.40365
1988-02-26,0.40365,0.40799,0.397573,0.404518
1988-02-29,0.404518,0.413199,0.402782,0.412331
1988-03-01,0.412331,0.416671,0.406254,0.409726
1988-03-02,0.409726,0.421879,0.40799,0.413199
1988-03-03,0.414935,0.427088,0.414935,0.423615
1988-03-04,0.423615,0.425351,0.414935,0.421879
1988-03-07,0.421879,0.435768,0.421879,0.4349
1988-03-08,0.435768,0.449657,0.435768,0.443581
1988-03-09,0.443581,0.447921,0.439241,0.444449
1988-03-10,0.444449,0.451393,0.433164,0.435768
1988-03-11,0.435768,0.437504,0.423615,0.434032
1988-03-14,0.434032,0.442713,0.427088,0.441845
1988-03-15,0.441845,0.442713,0.432296,0.434032
1988-03-16,0.434032,0.449657,0.43056,0.449657
1988-03-17,0.449657,0.454866,0.442713,0.443581
1988-03-18,0.443581,0.444449,0.404518,0.404518
1988-03-21,0.404518,0.40799,0.394101,0.40799
1988-03-22,0.40799,0.421879,0.40799,0.418407
1988-03-23,0.418407,0.433164,0.40799,0.409726
1988-03-24,0.40799,0.40799,0.387157,0.392365
1988-03-25,0.392365,0.400178,0.387157,0.389761
1988-03-28,0.389761,0.395837,0.381948,0.394969
1988-03-29,0.394969,0.404518,0.390629,0.392365
1988-03-30,0.392365,0.395837,0.37674,0.380212
1988-03-31,0.380212,0.392365,0.378476,0.392365
1988-04-04,0.392365,0.392365,0.378476,0.383684
1988-04-05,0.383684,0.388893,0.378476,0.388893
1988-04-06,0.388893,0.404518,0.387157,0.40365
1988-04-07,0.40365,0.40799,0.397573,0.397573
1988-04-08,0.397573,0.406254,0.396705,0.402782
1988-04-11,0.402782,0.406254,0.395837,0.39931
1988-04-12,0.39931,0.401046,0.381948,0.387157
1988-04-13,0.387157,0.395837,0.385421,0.395837
1988-04-14,0.392365,0.392365,0.366323,0.368059
1988-04-15,0.368059,0.381948,0.366323,0.37674
1988-04-18,0.37674,0.383684,0.373268,0.380212
1988-04-19,0.380212,0.395837,0.375004,0.37674
1988-04-20,0.37674,0.381948,0.373268,0.378476
1988-04-21,0.378476,0.385421,0.373268,0.377608
1988-04-22,0.378476,0.387157,0.378476,0.383684
1988-04-25,0.383684,0.387157,0.380212,0.382816
1988-04-26,0.383684,0.392365,0.383684,0.387157
1988-04-27,0.387157,0.388893,0.37674,0.385421
1988-04-28,0.385421,0.387157,0.381948,0.384552
1988-04-29,0.381948,0.381948,0.37674,0.378476
1988-05-02,0.378476,0.383684,0.371531,0.381948
1988-05-03,0.383684,0.395837,0.383684,0.392365
1988-05-04,0.392365,0.401046,0.388893,0.396705
1988-05-05,0.396705,0.397573,0.390629,0.395837
1988-05-06,0.395837,0.402782,0.394101,0.397573
1988-05-09,0.397573,0.404518,0.394101,0.397573
1988-05-10,0.397573,0.400178,0.390629,0.395837
1988-05-11,0.392365,0.392365,0.381948,0.387157
1988-05-12,0.387157,0.392365,0.385421,0.388893
1988-05-13,0.390629,0.395837,0.390629,0.394101
1988-05-16,0.394101,0.408858,0.394101,0.404518
1988-05-17,0.404518,0.411462,0.402782,0.402782
1988-05-18,0.402782,0.405386,0.392365,0.394101
1988-05-19,0.394101,0.397573,0.387157,0.395837
1988-05-20,0.395837,0.401046,0.388893,0.390629
1988-05-23,0.390629,0.392365,0.378476,0.381948
1988-05-24,0.381948,0.394101,0.380212,0.394101
1988-05-25,0.394101,0.395837,0.385421,0.387157
1988-05-26,0.387157,0.395837,0.387157,0.389761
1988-05-27,0.389761,0.390629,0.385421,0.385421
1988-05-31,0.385421,0.404518,0.383684,0.402782
1988-06-01,0.402782,0.416671,0.401046,0.411462
1988-06-02,0.411462,0.416671,0.40799,0.409726
1988-06-03,0.409726,0.414935,0.40799,0.413199
1988-06-06,0.413199,0.423615,0.411462,0.421879
1988-06-07,0.421879,0.43056,0.419275,0.423615
1988-06-08,0.423615,0.434032,0.421879,0.43056
1988-06-09,0.43056,0.436636,0.427956,0.428824
1988-06-10,0.428824,0.435768,0.425351,0.432296
1988-06-13,0.432296,0.437504,0.432296,0.433164
1988-06-14,0.435768,0.440977,0.435768,0.437504
1988-06-15,0.437504,0.444449,0.434032,0.444449
1988-06-16,0.442713,0.442713,0.437504,0.440977
1988-06-17,0.440977,0.446185,0.435768,0.437504
1988-06-20,0.437504,0.437504,0.43056,0.435768
1988-06-21,0.435768,0.444449,0.434032,0.444449
1988-06-22,0.447053,0.468755,0.447053,0.465282
1988-06-23,0.465282,0.467019,0.456602,0.458338
1988-06-24,0.458338,0.460074,0.451393,0.45313
1988-06-27,0.45313,0.45313,0.444449,0.444449
1988-06-28,0.444449,0.458338,0.442713,0.456602
1988-06-29,0.456602,0.46181,0.454866,0.456602
1988-06-30,0.458338,0.465282,0.458338,0.465282
1988-07-01,0.465282,0.472227,0.463546,0.472227
1988-07-05,0.472227,0.48438,0.465282,0.483512
1988-07-06,0.483512,0.489588,0.475699,0.477435
1988-07-07,0.477435,0.479171,0.470491,0.477435
1988-07-08,0.477435,0.477435,0.470491,0.475699
1988-07-11,0.475699,0.477435,0.463546,0.463546
1988-07-12,0.463546,0.467019,0.449657,0.455734
1988-07-13,0.455734,0.463546,0.451393,0.463546
1988-07-14,0.463546,0.465282,0.458338,0.465282
1988-07-15,0.465282,0.467019,0.460074,0.465282
1988-07-18,0.465282,0.470491,0.465282,0.468755
1988-07-19,0.468755,0.468755,0.456602,0.458338
1988-07-20,0.458338,0.46181,0.442713,0.444449
1988-07-21,0.444449,0.444449,0.420143,0.423615
1988-07-22,0.423615,0.434032,0.420143,0.428824
1988-07-25,0.428824,0.434032,0.418407,0.420143
1988-07-26,0.409726,0.409726,0.394101,0.402782
1988-07-27,0.402782,0.409726,0.39931,0.400178
1988-07-28,0.400178,0.406254,0.395837,0.404518
1988-07-29,0.404518,0.416671,0.404518,0.413199
1988-08-01,0.413199,0.416671,0.406254,0.406254
1988-08-02,0.406254,0.40799,0.394101,0.39931
1988-08-03,0.39931,0.39931,0.385421,0.390629
1988-08-04,0.390629,0.392365,0.385421,0.385421
1988-08-05,0.385421,0.385421,0.359379,0.371531
1988-08-08,0.371531,0.373268,0.366323,0.369795
1988-08-09,0.369795,0.369795,0.35417,0.359379
1988-08-10,0.359379,0.359379,0.347226,0.350698
1988-08-11,0.350698,0.361115,0.347226,0.359379
1988-08-12,0.359379,0.362851,0.357642,0.361115
1988-08-15,0.361115,0.362851,0.347226,0.352434
1988-08-16,0.352434,0.366323,0.348962,0.364587
1988-08-17,0.364587,0.374136,0.356774,0.364587
1988-08-18,0.364587,0.369795,0.364587,0.366323
1988-08-19,0.366323,0.368059,0.348962,0.350698
1988-08-22,0.350698,0.350698,0.331601,0.333337
1988-08-23,0.333337,0.34549,0.331601,0.342885
1988-08-24,0.342885,0.358511,0.342017,0.357642
1988-08-25,0.357642,0.357642,0.347226,0.352434
1988-08-26,0.352434,0.359379,0.352434,0.356774
1988-08-29,0.359379,0.364587,0.359379,0.361983
1988-08-30,0.361983,0.362851,0.35417,0.355906
1988-08-31,0.355906,0.359379,0.342017,0.347226
1988-09-01,0.34549,0.34549,0.333337,0.339413
1988-09-02,0.343753,0.359379,0.343753,0.357642
1988-09-06,0.357642,0.364587,0.355906,0.361115
1988-09-07,0.361115,0.366323,0.352434,0.359379
1988-09-08,0.359379,0.369795,0.355906,0.361115
1988-09-09,0.361115,0.380212,0.357642,0.375004
1988-09-12,0.375004,0.381948,0.371531,0.373268
1988-09-13,0.373268,0.37674,0.366323,0.375004
1988-09-14,0.375004,0.383684,0.373268,0.375004
1988-09-15,0.375004,0.37674,0.361115,0.362851
1988-09-16,0.362851,0.364587,0.359379,0.361115
1988-09-19,0.361115,0.364587,0.35417,0.359379
1988-09-20,0.359379,0.369795,0.359379,0.369795
1988-09-21,0.371531,0.375004,0.371531,0.373268
1988-09-22,0.373268,0.381948,0.373268,0.378476
1988-09-23,0.378476,0.378476,0.373268,0.373268
1988-09-26,0.373268,0.375004,0.359379,0.363719
1988-09-27,0.362851,0.362851,0.357642,0.361115
1988-09-28,0.361115,0.368059,0.359379,0.368059
1988-09-29,0.368059,0.371531,0.364587,0.368059
1988-09-30,0.368059,0.368059,0.359379,0.362851
1988-10-03,0.359379,0.359379,0.350698,0.356774
1988-10-04,0.356774,0.361115,0.353302,0.355038
1988-10-05,0.355038,0.355906,0.347226,0.348962
1988-10-06,0.348962,0.352434,0.347226,0.347226
1988-10-07,0.347226,0.348962,0.332469,0.34549
1988-10-10,0.34549,0.347226,0.331601,0.342017
1988-10-11,0.342017,0.350698,0.340281,0.34549
1988-10-12,0.34549,0.359379,0.340281,0.351566
1988-10-13,0.351566,0.362851,0.348962,0.357642
1988-10-14,0.357642,0.362851,0.35417,0.355906
1988-10-17,0.355906,0.364587,0.355906,0.361115
1988-10-18,0.361115,0.366323,0.355906,0.364587
1988-10-19,0.364587,0.373268,0.362851,0.369795
1988-10-20,0.369795,0.375004,0.366323,0.371531
1988-10-21,0.371531,0.371531,0.364587,0.368059
1988-10-24,0.368059,0.369795,0.360247,0.361115
1988-10-25,0.361115,0.362851,0.347226,0.350698
1988-10-26,0.350698,0.350698,0.336809,0.34549
1988-10-27,0.343753,0.343753,0.331601,0.343753
1988-10-28,0.343753,0.34549,0.336809,0.343753
1988-10-31,0.342017,0.342017,0.336809,0.340281
1988-11-01,0.340281,0.34549,0.338545,0.338545
1988-11-02,0.338545,0.338545,0.324656,0.328128
1988-11-03,0.328128,0.331601,0.320316,0.328128
1988-11-04,0.328128,0.331601,0.32292,0.32292
1988-11-07,0.32292,0.326392,0.319448,0.324656
1988-11-08,0.326392,0.340281,0.326392,0.337677
1988-11-09,0.337677,0.347226,0.331601,0.34549
1988-11-10,0.34549,0.350698,0.340281,0.340281
1988-11-11,0.340281,0.340281,0.329864,0.330732
1988-11-14,0.330732,0.338545,0.329864,0.336809
1988-11-15,0.336809,0.336809,0.32292,0.326392
1988-11-16,0.326392,0.328128,0.315975,0.321184
1988-11-17,0.321184,0.324656,0.317712,0.319448
1988-11-18,0.319448,0.324656,0.317712,0.323788
1988-11-21,0.321184,0.321184,0.314239,0.319448
1988-11-22,0.319448,0.32292,0.315975,0.319448
1988-11-23,0.319448,0.326392,0.319448,0.325524
1988-11-25,0.32292,0.32292,0.317712,0.322052
1988-11-28,0.322052,0.329864,0.321184,0.326392
1988-11-29,0.326392,0.329864,0.324656,0.329864
1988-11-30,0.329864,0.331601,0.328128,0.328128
1988-12-01,0.328128,0.343753,0.326392,0.340281
1988-12-02,0.340281,0.348962,0.336809,0.34549
1988-12-05,0.34549,0.350698,0.338545,0.343753
1988-12-06,0.343753,0.34549,0.340281,0.34549
1988-12-07,0.34549,0.347226,0.341149,0.342017
1988-12-08,0.342017,0.343753,0.338545,0.340281
1988-12-09,0.340281,0.342017,0.336809,0.340281
1988-12-12,0.340281,0.340281,0.328996,0.328996
1988-12-13,0.328996,0.331601,0.328128,0.331601
1988-12-14,0.331601,0.338545,0.329864,0.335941
1988-12-15,0.336809,0.342017,0.336809,0.340281
1988-12-16,0.340281,0.348962,0.338545,0.34549
1988-12-19,0.350698,0.357642,0.350698,0.352434
1988-12-20,0.35417,0.364587,0.35417,0.355906
1988-12-21,0.355906,0.364587,0.355906,0.362851
1988-12-22,0.362851,0.368059,0.359379,0.361115
1988-12-23,0.361115,0.361115,0.357642,0.361115
1988-12-27,0.361115,0.364587,0.359379,0.359379
1988-12-28,0.359379,0.362851,0.359379,0.362851
1988-12-29,0.362851,0.371531,0.361115,0.369795
1988-12-30,0.369795,0.37674,0.369795,0.369795
1989-01-03,0.369795,0.373268,0.366323,0.3724
1989-01-04,0.3724,0.38108,0.371531,0.37674
1989-01-05,0.37674,0.380212,0.369795,0.370663
1989-01-06,0.370663,0.373268,0.368059,0.368059
1989-01-09,0.368059,0.369795,0.361983,0.366323
1989-01-10,0.364587,0.364587,0.359379,0.361115
1989-01-11,0.361115,0.364587,0.357642,0.364587
1989-01-12,0.364587,0.373268,0.362851,0.364587
1989-01-13,0.364587,0.369795,0.364587,0.368059
1989-01-16,0.368059,0.375872,0.366323,0.368927
1989-01-17,0.367191,0.367191,0.355906,0.357642
1989-01-18,0.357642,0.359379,0.348962,0.357642
1989-01-19,0.362851,0.373268,0.362851,0.371531
1989-01-20,0.371531,0.377608,0.369795,0.375872
1989-01-23,0.375004,0.375004,0.367191,0.368059
1989-01-24,0.368059,0.371531,0.364587,0.366323
1989-01-25,0.366323,0.369795,0.364587,0.368059
1989-01-26,0.368059,0.378476,0.364587,0.37674
1989-01-27,0.37674,0.392365,0.373268,0.384552
1989-01-30,0.384552,0.40799,0.383684,0.406254
1989-01-31,0.406254,0.418407,0.406254,0.414067
1989-02-01,0.414067,0.414935,0.409726,0.411462
1989-02-02,0.411462,0.437504,0.411462,0.422747
1989-02-03,0.422747,0.434032,0.416671,0.423615
1989-02-06,0.423615,0.423615,0.414935,0.420143
1989-02-07,0.420143,0.434032,0.420143,0.431428
1989-02-08,0.431428,0.444449,0.427088,0.434032
1989-02-09,0.434032,0.449657,0.428824,0.442713
1989-02-10,0.440977,0.440977,0.427956,0.429692
1989-02-13,0.429692,0.43056,0.423615,0.425351
1989-02-14,0.425351,0.432296,0.416671,0.418407
1989-02-15,0.418407,0.432296,0.418407,0.432296
1989-02-16,0.432296,0.440977,0.425351,0.435768
1989-02-17,0.435768,0.439241,0.432296,0.434032
1989-02-21,0.434032,0.435768,0.427088,0.428824
1989-02-22,0.428824,0.428824,0.416671,0.416671
1989-02-23,0.416671,0.421879,0.411462,0.419275
1989-02-24,0.419275,0.421879,0.40799,0.40799
1989-02-27,0.40799,0.418407,0.406254,0.414935
1989-02-28,0.414935,0.418407,0.409726,0.413199
1989-03-01,0.413199,0.418407,0.411462,0.411462
1989-03-02,0.411462,0.423615,0.411462,0.421879
1989-03-03,0.421879,0.43056,0.420143,0.428824
1989-03-06,0.428824,0.432296,0.423615,0.43056
1989-03-07,0.416671,0.416671,0.369795,0.371531
1989-03-08,0.371531,0.378476,0.363719,0.364587
1989-03-09,0.364587,0.366323,0.357642,0.359379
1989-03-10,0.359379,0.364587,0.35417,0.359379
1989-03-13,0.359379,0.366323,0.359379,0.366323
1989-03-14,0.366323,0.369795,0.362851,0.366323
1989-03-15,0.366323,0.366323,0.348962,0.348962
1989-03-16,0.350698,0.357642,0.350698,0.355906
1989-03-17,0.350698,0.350698,0.319448,0.32292
1989-03-20,0.32292,0.32292,0.317712,0.32292
1989-03-21,0.32292,0.347226,0.321184,0.346358
1989-03-22,0.34549,0.34549,0.336809,0.340281
1989-03-23,0.340281,0.348962,0.338545,0.348962
1989-03-27,0.348962,0.351566,0.343753,0.34549
1989-03-28,0.34549,0.350698,0.342017,0.34549
1989-03-29,0.34549,0.34549,0.342017,0.343753
1989-03-30,0.343753,0.347226,0.341149,0.346358
1989-03-31,0.346358,0.348962,0.343753,0.346358
1989-04-03,0.346358,0.352434,0.344622,0.348962
1989-04-04,0.348962,0.348962,0.343753,0.347226
1989-04-05,0.347226,0.350698,0.34549,0.34983
1989-04-06,0.34983,0.357642,0.348962,0.355906
1989-04-07,0.355906,0.359379,0.35417,0.355906
1989-04-10,0.355906,0.362851,0.355906,0.356774
1989-04-11,0.356774,0.361115,0.34983,0.356774
1989-04-12,0.356774,0.359379,0.330732,0.334205
1989-04-13,0.334205,0.34983,0.329864,0.338545
1989-04-14,0.342017,0.355906,0.342017,0.352434
1989-04-17,0.352434,0.363719,0.352434,0.357642
1989-04-18,0.361115,0.369795,0.361115,0.369795
1989-04-19,0.378476,0.387157,0.378476,0.38108
1989-04-20,0.38108,0.392365,0.378476,0.388893
1989-04-21,0.388893,0.388893,0.381948,0.383684
1989-04-24,0.383684,0.385421,0.378476,0.382816
1989-04-25,0.382816,0.387157,0.378476,0.380212
1989-04-26,0.380212,0.381948,0.3724,0.375004
1989-04-27,0.375004,0.38108,0.375004,0.380212
1989-04-28,0.380212,0.390629,0.373268,0.388025
1989-05-01,0.388025,0.388893,0.37674,0.379344
1989-05-02,0.379344,0.381948,0.371531,0.375004
1989-05-03,0.375004,0.380212,0.375004,0.375004
1989-05-04,0.375004,0.37674,0.362851,0.364587
1989-05-05,0.364587,0.369795,0.359379,0.361115
1989-05-08,0.361115,0.362851,0.35417,0.357642
1989-05-09,0.357642,0.371531,0.357642,0.368059
1989-05-10,0.369795,0.380212,0.369795,0.375004
1989-05-11,0.375004,0.37674,0.371531,0.375004
1989-05-12,0.375004,0.381948,0.371531,0.37674
1989-05-15,0.37674,0.381948,0.375004,0.380212
1989-05-16,0.380212,0.392365,0.378476,0.390629
1989-05-17,0.391497,0.402782,0.391497,0.398441
1989-05-18,0.398441,0.407122,0.397573,0.404518
1989-05-19,0.404518,0.413199,0.40365,0.404518
1989-05-22,0.404518,0.413199,0.401046,0.411462
1989-05-23,0.409726,0.409726,0.390629,0.393233
1989-05-24,0.393233,0.39931,0.387157,0.39931
1989-05-25,0.39931,0.406254,0.395837,0.39931
1989-05-26,0.401046,0.409726,0.401046,0.408858
1989-05-30,0.408858,0.414067,0.406254,0.409726
1989-05-31,0.409726,0.423615,0.409726,0.420143
1989-06-01,0.420143,0.421879,0.414935,0.416671
1989-06-02,0.416671,0.418407,0.404518,0.404518
1989-06-05,0.404518,0.406254,0.392365,0.394101
1989-06-06,0.394101,0.407122,0.392365,0.406254
1989-06-07,0.40799,0.416671,0.40799,0.414935
1989-06-08,0.414935,0.418407,0.413199,0.414935
1989-06-09,0.414935,0.417539,0.411462,0.414935
1989-06-12,0.414935,0.418407,0.407122,0.409726
1989-06-13,0.406254,0.406254,0.397573,0.397573
1989-06-14,0.397573,0.402782,0.392365,0.401046
1989-06-15,0.401046,0.401046,0.390629,0.394101
1989-06-16,0.394101,0.395837,0.390629,0.394101
1989-06-19,0.394101,0.395837,0.385421,0.392365
1989-06-20,0.392365,0.394101,0.378476,0.378476
1989-06-21,0.378476,0.388893,0.369795,0.381948
1989-06-22,0.381948,0.385421,0.381948,0.385421
1989-06-23,0.385421,0.388893,0.383684,0.384552
1989-06-26,0.384552,0.385421,0.37674,0.380212
1989-06-27,0.380212,0.383684,0.373268,0.374136
1989-06-28,0.374136,0.375004,0.361115,0.366323
1989-06-29,0.366323,0.367191,0.355906,0.361115
1989-06-30,0.361115,0.371531,0.355906,0.368059
1989-07-03,0.368927,0.37674,0.368927,0.37674
1989-07-05,0.37674,0.385421,0.375004,0.383684
1989-07-06,0.383684,0.388893,0.363719,0.366323
1989-07-07,0.366323,0.37674,0.365455,0.371531
1989-07-10,0.371531,0.381948,0.371531,0.38108
1989-07-11,0.38108,0.385421,0.369795,0.371531
1989-07-12,0.371531,0.371531,0.361115,0.369795
1989-07-13,0.369795,0.373268,0.364587,0.368059
1989-07-14,0.368059,0.371531,0.359379,0.366323
1989-07-17,0.366323,0.371531,0.364587,0.369795
1989-07-18,0.369795,0.37674,0.369795,0.371531
1989-07-19,0.371531,0.378476,0.369795,0.375872
1989-07-20,0.375872,0.383684,0.371531,0.371531
1989-07-21,0.371531,0.392365,0.366323,0.383684
1989-07-24,0.383684,0.387157,0.37674,0.383684
1989-07-25,0.383684,0.395837,0.357642,0.361115
1989-07-26,0.361115,0.369795,0.361115,0.366323
1989-07-27,0.369795,0.375004,0.369795,0.373268
1989-07-28,0.373268,0.378476,0.369795,0.37674
1989-07-31,0.37674,0.381948,0.373268,0.380212
1989-08-01,0.380212,0.383684,0.375004,0.37674
1989-08-02,0.37674,0.380212,0.375004,0.37674
1989-08-03,0.37674,0.383684,0.37674,0.381948
1989-08-04,0.381948,0.39931,0.378476,0.395837
1989-08-07,0.395837,0.402782,0.395837,0.401046
1989-08-08,0.401046,0.411462,0.39931,0.409726
1989-08-09,0.409726,0.416671,0.40799,0.40799
1989-08-10,0.40799,0.409726,0.404518,0.406254
1989-08-11,0.406254,0.413199,0.401046,0.401046
1989-08-14,0.401046,0.401046,0.395837,0.395837
1989-08-15,0.395837,0.402782,0.393233,0.39931
1989-08-16,0.39931,0.402782,0.385421,0.388025
1989-08-17,0.388025,0.394101,0.383684,0.392365
1989-08-18,0.392365,0.401046,0.392365,0.39931
1989-08-21,0.39931,0.401914,0.388893,0.389761
1989-08-22,0.389761,0.40799,0.388893,0.405386
1989-08-23,0.405386,0.414067,0.402782,0.411462
1989-08-24,0.411462,0.420143,0.404518,0.409726
1989-08-25,0.409726,0.411462,0.401046,0.408858
1989-08-28,0.408858,0.413199,0.404518,0.410594
1989-08-29,0.410594,0.416671,0.405386,0.406254
1989-08-30,0.406254,0.414067,0.406254,0.411462
1989-08-31,0.411462,0.414935,0.40799,0.40799
1989-09-01,0.40799,0.418407,0.40799,0.415803
1989-09-05,0.415803,0.423615,0.414067,0.416671
1989-09-06,0.416671,0.416671,0.40799,0.411462
1989-09-07,0.411462,0.411462,0.402782,0.404518
1989-09-08,0.404518,0.413199,0.401046,0.409726
1989-09-11,0.409726,0.413199,0.406254,0.412331
1989-09-12,0.412331,0.423615,0.411462,0.418407
1989-09-13,0.420143,0.440977,0.420143,0.432296
1989-09-14,0.432296,0.447921,0.432296,0.442713
1989-09-15,0.442713,0.447921,0.434032,0.435768
1989-09-18,0.435768,0.440977,0.434032,0.440977
1989-09-19,0.440977,0.444449,0.434032,0.434032
1989-09-20,0.434032,0.451393,0.432296,0.451393
1989-09-21,0.451393,0.463546,0.447921,0.454866
1989-09-22,0.454866,0.458338,0.449657,0.458338
1989-09-25,0.458338,0.472227,0.454866,0.465282
1989-09-26,0.465282,0.468755,0.46181,0.467019
1989-09-27,0.467019,0.467887,0.456602,0.462678
1989-09-28,0.462678,0.472227,0.46181,0.472227
1989-09-29,0.472227,0.482644,0.470491,0.475699
1989-10-02,0.475699,0.486116,0.472227,0.483512
1989-10-03,0.483512,0.489588,0.478303,0.479171
1989-10-04,0.479171,0.526047,0.475699,0.524311
1989-10-05,0.524311,0.571186,0.522575,0.550353
1989-10-06,0.550353,0.559033,0.543408,0.553825
1989-10-09,0.553825,0.56945,0.548617,0.567714
1989-10-10,0.567714,0.576395,0.560769,0.564242
1989-10-11,0.559033,0.559033,0.548617,0.555561
1989-10-12,0.555561,0.559033,0.543408,0.545144
1989-10-13,0.541672,0.541672,0.50695,0.510422
1989-10-16,0.510422,0.529519,0.479171,0.526047
1989-10-17,0.526047,0.565978,0.51563,0.546012
1989-10-18,0.546012,0.560769,0.545144,0.559033
1989-10-19,0.559033,0.597228,0.557297,0.585075
1989-10-20,0.585075,0.593756,0.572922,0.59202
1989-10-23,0.59202,0.595492,0.572922,0.577263
1989-10-24,0.572922,0.572922,0.54688,0.561638
1989-10-25,0.561638,0.574659,0.550353,0.553825
1989-10-26,0.553825,0.557297,0.5382,0.539936
1989-10-27,0.539936,0.541672,0.529519,0.534728
1989-10-30,0.540804,0.553825,0.540804,0.552957
1989-10-31,0.555561,0.56945,0.555561,0.567714
1989-11-01,0.567714,0.576395,0.567714,0.570318
1989-11-02,0.561638,0.561638,0.527783,0.529519
1989-11-03,0.529519,0.54688,0.529519,0.543408
1989-11-06,0.543408,0.553825,0.531255,0.536464
1989-11-07,0.536464,0.572054,0.536464,0.562506
1989-11-08,0.56945,0.586811,0.56945,0.578131
1989-11-09,0.578131,0.586811,0.572922,0.581603
1989-11-10,0.581603,0.590284,0.581603,0.586811
1989-11-13,0.586811,0.612853,0.581603,0.611985
1989-11-14,0.611985,0.619798,0.597228,0.6007
1989-11-15,0.6007,0.619798,0.598964,0.614589
1989-11-16,0.614589,0.619798,0.598964,0.607645
1989-11-17,0.607645,0.612853,0.602437,0.603305
1989-11-20,0.602437,0.602437,0.586811,0.6007
1989-11-21,0.6007,0.614589,0.6007,0.611985
1989-11-22,0.611985,0.614589,0.607645,0.612853
1989-11-24,0.612853,0.618062,0.607645,0.608513
1989-11-27,0.608513,0.609381,0.595492,0.602437
1989-11-28,0.602437,0.612853,0.598964,0.604173
1989-11-29,0.604173,0.611117,0.585075,0.593756
1989-11-30,0.593756,0.605909,0.581603,0.604173
1989-12-01,0.604173,0.609381,0.589416,0.590284
1989-12-04,0.590284,0.605909,0.585943,0.598964
1989-12-05,0.598964,0.605909,0.597228,0.602437
1989-12-06,0.602437,0.604173,0.586811,0.59202
1989-12-07,0.59202,0.598964,0.583339,0.593756
1989-12-08,0.593756,0.597228,0.576395,0.588548
1989-12-11,0.588548,0.588548,0.56945,0.576395
1989-12-12,0.576395,0.581603,0.559033,0.572922
1989-12-13,0.572922,0.572922,0.550353,0.555561
1989-12-14,0.553825,0.553825,0.541672,0.541672
1989-12-15,0.541672,0.545144,0.520839,0.534728
1989-12-18,0.534728,0.548617,0.534728,0.543408
1989-12-19,0.543408,0.559033,0.539936,0.558165
1989-12-20,0.560769,0.576395,0.560769,0.574659
1989-12-21,0.574659,0.579867,0.564242,0.579867
1989-12-22,0.579867,0.598964,0.574659,0.595492
1989-12-26,0.595492,0.599832,0.588548,0.593756
1989-12-27,0.593756,0.604173,0.59202,0.598964
1989-12-28,0.595492,0.595492,0.572922,0.59202
1989-12-29,0.59202,0.612853,0.59202,0.604173
1990-01-02,0.604173,0.616326,0.598096,0.616326
1990-01-03,0.616326,0.626742,0.614589,0.619798
1990-01-04,0.619798,0.638895,0.616326,0.638027
1990-01-05,0.638027,0.638895,0.621534,0.622402
1990-01-08,0.622402,0.631951,0.614589,0.631951
1990-01-09,0.631951,0.638895,0.626742,0.630215
1990-01-10,0.630215,0.633687,0.611985,0.612853
1990-01-11,0.612853,0.621534,0.590284,0.6007
1990-01-12,0.6007,0.605909,0.583339,0.598096
1990-01-15,0.598096,0.604173,0.59202,0.598096
1990-01-16,0.598096,0.619798,0.586811,0.616326
1990-01-17,0.616326,0.628479,0.604173,0.607645
1990-01-18,0.621534,0.659729,0.621534,0.659729
1990-01-19,0.659729,0.666673,0.649312,0.653652
1990-01-22,0.652784,0.652784,0.628479,0.630215
1990-01-23,0.630215,0.633687,0.619798,0.62327
1990-01-24,0.62327,0.630215,0.605041,0.630215
1990-01-25,0.630215,0.642368,0.628479,0.630215
1990-01-26,0.630215,0.633687,0.625006,0.630215
1990-01-29,0.630215,0.640631,0.626742,0.635423
1990-01-30,0.635423,0.642368,0.625006,0.633687
1990-01-31,0.633687,0.642368,0.633687,0.642368
1990-02-01,0.642368,0.65452,0.642368,0.651048
1990-02-02,0.651048,0.663201,0.64584,0.651048
1990-02-05,0.651048,0.65452,0.647576,0.65452
1990-02-06,0.65452,0.65452,0.640631,0.652784
1990-02-07,0.652784,0.657993,0.64584,0.647576
1990-02-08,0.647576,0.659729,0.647576,0.65452
1990-02-09,0.65452,0.657993,0.652784,0.656257
1990-02-12,0.656257,0.663201,0.652784,0.657993
1990-02-13,0.657993,0.661465,0.656257,0.657993
1990-02-14,0.657993,0.661465,0.656257,0.659729
1990-02-15,0.659729,0.680562,0.659729,0.673618
1990-02-16,0.678826,0.685771,0.678826,0.680562
1990-02-20,0.680562,0.697924,0.673618,0.696188
1990-02-21,0.694451,0.694451,0.664937,0.667541
1990-02-22,0.668409,0.682298,0.668409,0.669278
1990-02-23,0.669278,0.678826,0.663201,0.67709
1990-02-26,0.67709,0.694451,0.675354,0.689243
1990-02-27,0.689243,0.690979,0.680562,0.680562
1990-02-28,0.680562,0.692715,0.680562,0.685771
1990-03-01,0.685771,0.706604,0.684035,0.694451
1990-03-02,0.695319,0.724834,0.695319,0.720493
1990-03-05,0.720493,0.734382,0.710077,0.73091
1990-03-06,0.729174,0.729174,0.711813,0.725702
1990-03-07,0.725702,0.732646,0.713549,0.713549
1990-03-08,0.713549,0.744799,0.706604,0.737855
1990-03-09,0.737855,0.750008,0.73091,0.739591
1990-03-12,0.739591,0.755216,0.736118,0.751744
1990-03-13,0.751744,0.756952,0.737855,0.737855
1990-03-14,0.737855,0.751744,0.736118,0.744799
1990-03-15,0.748271,0.776049,0.748271,0.770841
1990-03-16,0.776049,0.800355,0.776049,0.791675
1990-03-19,0.791675,0.812508,0.78473,0.809036
1990-03-20,0.809036,0.810772,0.781258,0.78473
1990-03-21,0.78473,0.802091,0.779522,0.786466
1990-03-22,0.786466,0.789938,0.765633,0.772577
1990-03-23,0.772577,0.786466,0.756952,0.765633
1990-03-26,0.766501,0.781258,0.766501,0.774313
1990-03-27,0.774313,0.78473,0.769105,0.781258
1990-03-28,0.779522,0.779522,0.75348,0.770841
1990-03-29,0.770841,0.782994,0.763897,0.767369
1990-03-30,0.767369,0.770841,0.758688,0.769105
1990-04-02,0.769105,0.78039,0.758688,0.774313
1990-04-03,0.781258,0.8073,0.781258,0.805564
1990-04-04,0.805564,0.824661,0.802091,0.812508
1990-04-05,0.812508,0.813376,0.795147,0.795147
1990-04-06,0.795147,0.800355,0.786466,0.793411
1990-04-09,0.793411,0.800355,0.789938,0.795147
1990-04-10,0.795147,0.819453,0.795147,0.819453
1990-04-11,0.819453,0.840286,0.816848,0.840286
1990-04-12,0.840286,0.847231,0.833342,0.83855
1990-04-16,0.857647,0.857647,0.835078,0.843758
1990-04-17,0.843758,0.875009,0.829869,0.86112
1990-04-18,0.857647,0.857647,0.81598,0.842022
1990-04-19,0.842022,0.850703,0.822925,0.826397
1990-04-20,0.826397,0.840286,0.81598,0.822925
1990-04-23,0.822925,0.826397,0.795147,0.819453
1990-04-24,0.819453,0.829869,0.78473,0.805564
1990-04-25,0.805564,0.81598,0.791675,0.805564
1990-04-26,0.805564,0.81598,0.795147,0.796883
1990-04-27,0.795147,0.795147,0.772577,0.781258
1990-04-30,0.781258,0.805564,0.774313,0.805564
1990-05-01,0.805564,0.81598,0.788202,0.793411
1990-05-02,0.795147,0.812508,0.795147,0.809036
1990-05-03,0.809036,0.829869,0.809036,0.819453
1990-05-04,0.819453,0.857647,0.819453,0.857647
1990-05-07,0.857647,0.916676,0.854175,0.888898
1990-05-08,0.881953,0.881953,0.864592,0.871536
1990-05-09,0.871536,0.878481,0.86112,0.871536
1990-05-10,0.871536,0.902787,0.871536,0.895842
1990-05-11,0.895842,0.916676,0.878481,0.909731
1990-05-14,0.909731,0.92362,0.909731,0.913204
1990-05-15,0.913204,0.913204,0.89237,0.899315
1990-05-16,0.899315,0.899315,0.881953,0.899315
1990-05-17,0.899315,0.906259,0.89237,0.899315
1990-05-18,0.899315,0.961815,0.895842,0.947926
1990-05-21,0.954871,1.003482,0.954871,0.975704
1990-05-22,0.975704,1.003482,0.958343,0.993065
1990-05-23,0.998274,1.055566,0.998274,1.05383
1990-05-24,1.055566,1.093761,1.055566,1.062511
1990-05-25,1.059038,1.059038,1.027788,1.03126
1990-05-29,1.03126,1.048622,1.027788,1.045149
1990-05-30,1.045149,1.062511,1.038205,1.048622
1990-05-31,1.048622,1.048622,1.006955,1.013899
1990-06-01,1.013899,1.045149,1.013899,1.043413
1990-06-04,1.043413,1.072927,1.027788,1.069455
1990-06-05,1.069455,1.0764,1.010427,1.019107
1990-06-06,1.019107,1.034733,1.006955,1.013899
1990-06-07,1.013899,1.024316,0.986121,1.00001
1990-06-08,1.00001,1.024316,0.993065,1.020844
1990-06-11,1.020844,1.048622,1.013899,1.039941
1990-06-12,1.039941,1.055566,1.034733,1.05383
1990-06-13,1.05383,1.079872,1.043413,1.062511
1990-06-14,1.062511,1.065983,1.03126,1.048622
1990-06-15,1.048622,1.069455,1.034733,1.055566
1990-06-18,1.055566,1.059038,1.034733,1.039941
1990-06-19,1.039941,1.048622,1.024316,1.041677
1990-06-20,1.041677,1.079872,1.041677,1.078136
1990-06-21,1.078136,1.079872,1.055566,1.069455
1990-06-22,1.069455,1.079872,1.048622,1.052094
1990-06-25,1.052094,1.062511,1.03126,1.034733
1990-06-26,1.034733,1.050358,1.034733,1.038205
1990-06-27,1.038205,1.062511,1.034733,1.059038
1990-06-28,1.059038,1.072927,1.057302,1.062511
1990-06-29,1.062511,1.062511,1.045149,1.055566
1990-07-02,1.055566,1.055566,1.02258,1.024316
1990-07-03,1.020844,1.020844,0.993065,1.00001
1990-07-05,1.00001,1.006955,0.982649,1.003482
1990-07-06,1.003482,1.027788,0.996538,1.017371
1990-07-09,1.017371,1.038205,1.017371,1.03126
1990-07-10,1.03126,1.041677,1.020844,1.024316
1990-07-11,1.024316,1.052094,1.017371,1.048622
1990-07-12,1.048622,1.079872,1.045149,1.0764
1990-07-13,1.0764,1.118067,1.0764,1.088553
1990-07-16,1.090289,1.121539,1.090289,1.100705
1990-07-17,1.100705,1.104178,1.069455,1.079872
1990-07-18,1.079872,1.079872,1.048622,1.055566
1990-07-19,1.055566,1.065983,1.024316,1.065983
1990-07-20,1.065983,1.086816,1.013899,1.017371
1990-07-23,1.017371,1.027788,0.989593,1.00001
1990-07-24,1.00001,1.006955,0.927093,0.965287
1990-07-25,0.965287,0.996538,0.954871,0.993065
1990-07-26,0.993065,1.027788,0.916676,0.954871
1990-07-27,0.954871,0.972232,0.940982,0.958343
1990-07-30,0.958343,0.958343,0.913204,0.944454
1990-07-31,0.944454,0.953135,0.916676,0.92362
1990-08-01,0.92362,0.934037,0.885426,0.927093
1990-08-02,0.927093,0.927093,0.89237,0.916676
1990-08-03,0.913204,0.913204,0.83855,0.878481
1990-08-06,0.86112,0.86112,0.812508,0.840286
1990-08-07,0.840286,0.864592,0.833342,0.850703
1990-08-08,0.86112,0.888898,0.86112,0.881953
1990-08-09,0.881953,0.913204,0.878481,0.904523
1990-08-10,0.904523,0.913204,0.871536,0.895842
1990-08-13,0.895842,0.909731,0.878481,0.902787
1990-08-14,0.902787,0.91494,0.885426,0.89237
1990-08-15,0.89237,0.913204,0.89237,0.89237
1990-08-16,0.89237,0.895842,0.857647,0.857647
1990-08-17,0.857647,0.857647,0.833342,0.836814
1990-08-20,0.836814,0.840286,0.770841,0.770841
1990-08-21,0.760424,0.760424,0.704868,0.75348
1990-08-22,0.75348,0.770841,0.741327,0.746535
1990-08-23,0.746535,0.746535,0.70834,0.718757
1990-08-24,0.725702,0.802091,0.725702,0.795147
1990-08-27,0.819453,0.850703,0.819453,0.843758
1990-08-28,0.843758,0.878481,0.833342,0.873273
1990-08-29,0.873273,0.885426,0.833342,0.840286
1990-08-30,0.840286,0.866328,0.833342,0.833342
1990-08-31,0.833342,0.86112,0.822925,0.854175
1990-09-04,0.854175,0.868064,0.843758,0.864592
1990-09-05,0.864592,0.875009,0.812508,0.819453
1990-09-06,0.812508,0.812508,0.781258,0.798619
1990-09-07,0.798619,0.819453,0.78473,0.802091
1990-09-10,0.802091,0.833342,0.774313,0.774313
1990-09-11,0.774313,0.78473,0.756952,0.770841
1990-09-12,0.774313,0.802091,0.774313,0.796883
1990-09-13,0.796883,0.812508,0.791675,0.798619
1990-09-14,0.798619,0.836814,0.782994,0.829869
1990-09-17,0.829869,0.857647,0.822925,0.843758
1990-09-18,0.843758,0.866328,0.829869,0.857647
1990-09-19,0.857647,0.878481,0.857647,0.86112
1990-09-20,0.86112,0.86112,0.829869,0.829869
1990-09-21,0.829869,0.843758,0.812508,0.840286
1990-09-24,0.833342,0.833342,0.798619,0.812508
1990-09-25,0.81598,0.840286,0.81598,0.83855
1990-09-26,0.83855,0.843758,0.826397,0.836814
1990-09-27,0.836814,0.854175,0.809036,0.822925
1990-09-28,0.822925,0.881953,0.805564,0.875009
1990-10-01,0.895842,0.937509,0.895842,0.932301
1990-10-02,0.932301,0.951398,0.909731,0.91494
1990-10-03,0.91494,0.935773,0.906259,0.913204
1990-10-04,0.913204,0.913204,0.888898,0.890634
1990-10-05,0.890634,0.913204,0.864592,0.899315
1990-10-08,0.899315,0.92362,0.895842,0.916676
1990-10-09,0.916676,0.916676,0.868064,0.875009
1990-10-10,0.864592,0.864592,0.819453,0.826397
1990-10-11,0.826397,0.836814,0.791675,0.805564
1990-10-12,0.805564,0.81598,0.750008,0.791675
1990-10-15,0.791675,0.805564,0.770841,0.78473
1990-10-16,0.78473,0.800355,0.750008,0.758688
1990-10-17,0.758688,0.788202,0.743063,0.78473
1990-10-18,0.788202,0.854175,0.788202,0.848967
1990-10-19,0.848967,0.878481,0.840286,0.86112
1990-10-22,0.86112,0.899315,0.857647,0.888898
1990-10-23,0.888898,0.913204,0.878481,0.89237
1990-10-24,0.89237,0.909731,0.878481,0.907995
1990-10-25,0.907995,0.920148,0.888898,0.899315
1990-10-26,0.895842,0.895842,0.878481,0.880217
1990-10-29,0.880217,0.89237,0.86112,0.868064
1990-10-30,0.868064,0.89237,0.86112,0.887162
1990-10-31,0.887162,0.906259,0.885426,0.885426
1990-11-01,0.885426,0.89237,0.871536,0.881953
1990-11-02,0.881953,0.913204,0.878481,0.902787
1990-11-05,0.902787,0.916676,0.899315,0.911467
1990-11-06,0.911467,0.92362,0.881953,0.89237
1990-11-07,0.89237,0.899315,0.881953,0.885426
1990-11-08,0.885426,0.899315,0.875009,0.881953
1990-11-09,0.895842,0.909731,0.895842,0.899315
1990-11-12,0.916676,0.961815,0.916676,0.956607
1990-11-13,0.956607,0.965287,0.940982,0.953135
1990-11-14,0.953135,0.972232,0.947926,0.965287
1990-11-15,0.961815,0.961815,0.934037,0.942718
1990-11-16,0.942718,0.954871,0.934037,0.944454
1990-11-19,0.944454,0.96876,0.944454,0.965287
1990-11-20,0.965287,0.979176,0.94619,0.947926
1990-11-21,0.947926,0.958343,0.930565,0.954871
1990-11-23,0.954871,0.975704,0.951398,0.954871
1990-11-26,0.954871,0.979176,0.940982,0.975704
1990-11-27,0.975704,1.003482,0.96876,0.998274
1990-11-28,0.998274,1.010427,0.975704,0.97744
1990-11-29,0.97744,0.989593,0.96876,0.989593
1990-11-30,0.989593,1.03126,0.979176,1.003482
1990-12-03,1.010427,1.034733,1.010427,1.026052
1990-12-04,1.026052,1.045149,1.013899,1.034733
1990-12-05,1.034733,1.052094,1.03126,1.045149
1990-12-06,1.045149,1.065983,1.027788,1.038205
1990-12-07,1.038205,1.045149,1.003482,1.03126
1990-12-10,1.03126,1.046885,1.010427,1.027788
1990-12-11,1.027788,1.034733,1.00001,1.001746
1990-12-12,1.001746,1.010427,0.979176,1.006955
1990-12-13,1.006955,1.020844,0.996538,1.010427
1990-12-14,1.010427,1.03126,1.006955,1.02258
1990-12-17,1.02258,1.03126,1.006955,1.027788
1990-12-18,1.03126,1.052094,1.03126,1.045149
1990-12-19,1.045149,1.052094,1.038205,1.039941
1990-12-20,1.039941,1.055566,1.027788,1.048622
1990-12-21,1.048622,1.055566,1.045149,1.052094
1990-12-24,1.048622,1.048622,1.038205,1.045149
1990-12-26,1.045149,1.052094,1.034733,1.041677
1990-12-27,1.041677,1.045149,1.034733,1.038205
1990-12-28,1.038205,1.045149,1.03126,1.041677
1990-12-31,1.041677,1.045149,1.034733,1.045149
1991-01-02,1.045149,1.045149,1.038205,1.038205
1991-01-03,1.038205,1.055566,1.038205,1.045149
1991-01-04,1.045149,1.062511,1.041677,1.05383
1991-01-07,1.05383,1.079872,1.038205,1.039941
1991-01-08,1.039941,1.045149,1.013899,1.020844
1991-01-09,1.020844,1.052094,1.020844,1.027788
1991-01-10,1.03126,1.093761,1.03126,1.086816
1991-01-11,1.086816,1.097233,1.065983,1.083344
1991-01-14,1.0764,1.0764,1.048622,1.065983
1991-01-15,1.065983,1.104178,1.065983,1.088553
1991-01-16,1.088553,1.151053,1.086816,1.142373
1991-01-17,1.163206,1.197929,1.163206,1.166678
1991-01-18,1.166678,1.187512,1.142373,1.18404
1991-01-21,1.18404,1.250013,1.175359,1.243068
1991-01-22,1.243068,1.263902,1.213554,1.234387
1991-01-23,1.234387,1.253485,1.225707,1.236123
1991-01-24,1.236123,1.262165,1.232651,1.256957
1991-01-25,1.256957,1.263902,1.236123,1.243068
1991-01-28,1.243068,1.305569,1.236123,1.281263
1991-01-29,1.281263,1.310777,1.250013,1.284735
1991-01-30,1.284735,1.340291,1.270846,1.336819
1991-01-31,1.336819,1.381958,1.333347,1.362861
1991-02-01,1.362861,1.402792,1.350708,1.385431
1991-02-04,1.385431,1.39932,1.361125,1.37675
1991-02-05,1.37675,1.416681,1.361125,1.406264
1991-02-06,1.406264,1.479181,1.395847,1.468765
1991-02-07,1.468765,1.513904,1.420153,1.43057
1991-02-08,1.43057,1.454876,1.413209,1.444459
1991-02-11,1.444459,1.451403,1.420153,1.447931
1991-02-12,1.447931,1.454876,1.423625,1.434042
1991-02-13,1.434042,1.467029,1.413209,1.465292
1991-02-14,1.465292,1.465292,1.375014,1.39932
1991-02-15,1.406264,1.447931,1.406264,1.434042
1991-02-19,1.434042,1.437514,1.409736,1.423625
1991-02-20,1.423625,1.444459,1.409736,1.427098
1991-02-21,1.427098,1.437514,1.388903,1.388903
1991-02-22,1.388903,1.451403,1.385431,1.420153
1991-02-25,1.420153,1.444459,1.409736,1.43057
1991-02-26,1.423625,1.423625,1.395847,1.413209
1991-02-27,1.413209,1.468765,1.406264,1.46182
1991-02-28,1.46182,1.475709,1.434042,1.440987
1991-03-01,1.440987,1.475709,1.416681,1.468765
1991-03-04,1.468765,1.49307,1.451403,1.486126
1991-03-05,1.486126,1.562516,1.486126,1.548627
1991-03-06,1.548627,1.56946,1.482654,1.489598
1991-03-07,1.489598,1.49307,1.437514,1.444459
1991-03-08,1.444459,1.472237,1.413209,1.423625
1991-03-11,1.423625,1.423625,1.357652,1.378486
1991-03-12,1.373278,1.373278,1.328138,1.329874
1991-03-13,1.333347,1.404528,1.333347,1.395847
1991-03-14,1.395847,1.409736,1.347236,1.361125
1991-03-15,1.361125,1.371541,1.336819,1.342027
1991-03-18,1.342027,1.385431,1.333347,1.378486
1991-03-19,1.378486,1.402792,1.343763,1.375014
1991-03-20,1.375014,1.402792,1.371541,1.375014
1991-03-21,1.375014,1.39932,1.305569,1.315985
1991-03-22,1.315985,1.326402,1.29168,1.302096
1991-03-25,1.305569,1.371541,1.305569,1.364597
1991-03-26,1.371541,1.46182,1.371541,1.460084
1991-03-27,1.460084,1.517376,1.458348,1.496543
1991-03-28,1.496543,1.503487,1.472237,1.473973
1991-04-01,1.473973,1.496543,1.451403,1.482654
1991-04-02,1.482654,1.562516,1.482654,1.559043
1991-04-03,1.565988,1.621544,1.565988,1.579877
1991-04-04,1.579877,1.621544,1.565988,1.579877
1991-04-05,1.579877,1.586821,1.513904,1.527793
1991-04-08,1.527793,1.572932,1.520849,1.54689
1991-04-09,1.54689,1.572932,1.524321,1.531265
1991-04-10,1.531265,1.531265,1.465292,1.49307
1991-04-11,1.500015,1.548627,1.500015,1.541682
1991-04-12,1.527793,1.527793,1.440987,1.489598
1991-04-15,1.489598,1.586821,1.458348,1.579877
1991-04-16,1.579877,1.590294,1.527793,1.559043
1991-04-17,1.559043,1.631961,1.543418,1.548627
1991-04-18,1.548627,1.555571,1.500015,1.527793
1991-04-19,1.520849,1.520849,1.458348,1.489598
1991-04-22,1.475709,1.475709,1.413209,1.418417
1991-04-23,1.418417,1.43057,1.395847,1.411472
1991-04-24,1.411472,1.454876,1.395847,1.43057
1991-04-25,1.43057,1.440987,1.395847,1.39932
1991-04-26,1.39932,1.420153,1.371541,1.39932
1991-04-29,1.39932,1.409736,1.357652,1.357652
1991-04-30,1.357652,1.378486,1.333347,1.375014
1991-05-01,1.375014,1.39932,1.347236,1.39932
1991-05-02,1.39932,1.423625,1.392375,1.395847
1991-05-03,1.395847,1.406264,1.385431,1.406264
1991-05-06,1.406264,1.434042,1.392375,1.427098
1991-05-07,1.427098,1.440987,1.406264,1.406264
1991-05-08,1.406264,1.434042,1.392375,1.43057
1991-05-09,1.43057,1.472237,1.427098,1.468765
1991-05-10,1.468765,1.486126,1.416681,1.427098
1991-05-13,1.427098,1.440987,1.406264,1.432306
1991-05-14,1.432306,1.434042,1.39932,1.406264
1991-05-15,1.395847,1.395847,1.342027,1.361125
1991-05-16,1.368069,1.388903,1.368069,1.380222
1991-05-17,1.380222,1.381958,1.361125,1.378486
1991-05-20,1.378486,1.388903,1.357652,1.37675
1991-05-21,1.381958,1.434042,1.381958,1.416681
1991-05-22,1.420153,1.482654,1.420153,1.482654
1991-05-23,1.486126,1.524321,1.486126,1.520849
1991-05-24,1.520849,1.562516,1.520849,1.527793
1991-05-28,1.527793,1.552099,1.527793,1.53821
1991-05-29,1.53821,1.555571,1.524321,1.531265
1991-05-30,1.531265,1.552099,1.513904,1.531265
1991-05-31,1.531265,1.541682,1.500015,1.524321
1991-06-03,1.524321,1.559043,1.513904,1.555571
1991-06-04,1.555571,1.576405,1.534738,1.56946
1991-06-05,1.56946,1.586821,1.555571,1.555571
1991-06-06,1.555571,1.56946,1.534738,1.543418
1991-06-07,1.531265,1.531265,1.510432,1.531265
1991-06-10,1.531265,1.541682,1.524321,1.534738
1991-06-11,1.534738,1.56946,1.534738,1.536474
1991-06-12,1.536474,1.559043,1.531265,1.543418
1991-06-13,1.543418,1.559043,1.534738,1.541682
1991-06-14,1.541682,1.579877,1.541682,1.576405
1991-06-17,1.576405,1.593766,1.562516,1.576405
1991-06-18,1.576405,1.576405,1.524321,1.548627
1991-06-19,1.524321,1.524321,1.43057,1.435778
1991-06-20,1.416681,1.416681,1.375014,1.39932
1991-06-21,1.406264,1.43057,1.406264,1.420153
1991-06-24,1.409736,1.409736,1.35418,1.362861
1991-06-25,1.362861,1.392375,1.361125,1.371541
1991-06-26,1.371541,1.409736,1.364597,1.39932
1991-06-27,1.421882,1.421882,1.390632,1.416674
1991-06-28,1.416674,1.432299,1.36459,1.419278
1991-07-01,1.419278,1.492195,1.411465,1.486987
1991-07-02,1.486987,1.505216,1.416674,1.419278
1991-07-03,1.354173,1.354173,1.286465,1.33334
1991-07-05,1.328132,1.328132,1.281256,1.286465
1991-07-08,1.286465,1.401049,1.260423,1.39584
1991-07-09,1.39584,1.432299,1.385424,1.41407
1991-07-10,1.41407,1.432299,1.354173,1.359382
1991-07-11,1.359382,1.390632,1.354173,1.380215
1991-07-12,1.380215,1.42709,1.375007,1.416674
1991-07-15,1.42709,1.463549,1.42709,1.455736
1991-07-16,1.455736,1.458341,1.406257,1.406257
1991-07-17,1.406257,1.411465,1.354173,1.411465
1991-07-18,1.411465,1.442716,1.390632,1.39584
1991-07-19,1.39584,1.416674,1.375007,1.411465
1991-07-22,1.411465,1.432299,1.385424,1.406257
1991-07-23,1.406257,1.421882,1.385424,1.385424
1991-07-24,1.385424,1.401049,1.354173,1.36459
1991-07-25,1.372403,1.416674,1.372403,1.375007
1991-07-26,1.390632,1.494799,1.390632,1.479174
1991-07-29,1.479174,1.484382,1.432299,1.463549
1991-07-30,1.463549,1.520841,1.453132,1.515633
1991-07-31,1.515633,1.541674,1.515633,1.531258
1991-08-01,1.531258,1.541674,1.520841,1.526049
1991-08-02,1.526049,1.557299,1.526049,1.526049
1991-08-05,1.526049,1.526049,1.494799,1.505216
1991-08-06,1.505216,1.562508,1.505216,1.552091
1991-08-07,1.552091,1.593758,1.552091,1.583341
1991-08-08,1.583341,1.65105,1.583341,1.645842
1991-08-09,1.645842,1.708342,1.630216,1.6823
1991-08-12,1.6823,1.7448,1.661467,1.729175
1991-08-13,1.729175,1.7448,1.71355,1.718759
1991-08-14,1.718759,1.739592,1.708342,1.718759
1991-08-15,1.718759,1.734384,1.687508,1.697925
1991-08-16,1.697925,1.716154,1.671883,1.703134
1991-08-19,1.692717,1.692717,1.604175,1.671883
1991-08-20,1.671883,1.705738,1.666675,1.677092
1991-08-21,1.703134,1.760425,1.703134,1.750009
1991-08-22,1.750009,1.776051,1.734384,1.750009
1991-08-23,1.750009,1.802092,1.750009,1.776051
1991-08-26,1.776051,1.776051,1.739592,1.776051
1991-08-27,1.770842,1.770842,1.750009,1.765634
1991-08-28,1.765634,1.807301,1.760425,1.783863
1991-08-29,1.783863,1.802092,1.770842,1.786467
1991-08-30,1.786467,1.796884,1.760425,1.776051
1991-09-03,1.770842,1.770842,1.718759,1.731779
1991-09-04,1.731779,1.739592,1.687508,1.721363
1991-09-05,1.721363,1.729175,1.666675,1.677092
1991-09-06,1.677092,1.71355,1.671883,1.6823
1991-09-09,1.6823,1.697925,1.671883,1.6823
1991-09-10,1.6823,1.718759,1.666675,1.666675
1991-09-11,1.677092,1.71355,1.677092,1.708342
1991-09-12,1.729175,1.786467,1.729175,1.783863
1991-09-13,1.783863,1.786467,1.718759,1.729175
1991-09-16,1.729175,1.739592,1.71355,1.729175
1991-09-17,1.729175,1.765634,1.708342,1.760425
1991-09-18,1.760425,1.781259,1.7448,1.765634
1991-09-19,1.765634,1.817717,1.765634,1.796884
1991-09-20,1.796884,1.812509,1.791676,1.802092
1991-09-23,1.802092,1.802092,1.760425,1.768238
1991-09-24,1.776051,1.838551,1.776051,1.833342
1991-09-25,1.833342,1.841155,1.802092,1.828134
1991-09-26,1.828134,1.875009,1.817717,1.859384
1991-09-27,1.859384,1.864593,1.828134,1.838551
1991-09-30,1.838551,1.864593,1.812509,1.854176
1991-10-01,1.854176,1.859384,1.833342,1.851572
1991-10-02,1.851572,1.885426,1.796884,1.812509
1991-10-03,1.812509,1.838551,1.796884,1.822926
1991-10-04,1.822926,1.854176,1.822926,1.835947
1991-10-07,1.835947,1.851572,1.807301,1.843759
1991-10-08,1.843759,1.864593,1.833342,1.859384
1991-10-09,1.859384,1.901051,1.859384,1.864593
1991-10-10,1.864593,1.885426,1.843759,1.869801
1991-10-11,1.869801,1.895843,1.828134,1.867197
1991-10-14,1.875009,1.921885,1.875009,1.921885
1991-10-15,1.921885,1.921885,1.890634,1.903655
1991-10-16,1.903655,1.90626,1.872405,1.890634
1991-10-17,1.890634,1.890634,1.843759,1.859384
1991-10-18,1.869801,1.901051,1.869801,1.875009
1991-10-21,1.875009,1.90626,1.869801,1.895843
1991-10-22,1.901051,1.932301,1.901051,1.903655
1991-10-23,1.903655,1.916676,1.869801,1.880218
1991-10-24,1.880218,1.885426,1.859384,1.880218
1991-10-25,1.880218,1.890634,1.859384,1.864593
1991-10-28,1.864593,1.880218,1.828134,1.880218
1991-10-29,1.880218,1.890634,1.869801,1.890634
1991-10-30,1.890634,1.973968,1.890634,1.96876
1991-10-31,1.96876,1.984385,1.942718,1.955739
1991-11-01,1.953135,1.953135,1.916676,1.929697
1991-11-04,1.927093,1.927093,1.890634,1.895843
1991-11-05,1.895843,1.96876,1.895843,1.953135
1991-11-06,1.953135,1.989593,1.942718,1.984385
1991-11-07,1.984385,1.994802,1.96876,1.973968
1991-11-08,1.979177,2.015635,1.979177,1.984385
1991-11-11,1.992197,2.041677,1.992197,2.03126
1991-11-12,2.041677,2.098969,2.041677,2.08074
1991-11-13,2.08074,2.119802,2.057302,2.104177
1991-11-14,2.104177,2.114594,2.057302,2.067719
1991-11-15,2.067719,2.09376,1.973968,1.979177
1991-11-18,1.979177,2.036469,1.979177,2.026052
1991-11-19,2.026052,2.028656,1.963551,2.005218
1991-11-20,2.005218,2.03126,2.00001,2.010427
1991-11-21,2.010427,2.026052,1.994802,2.026052
1991-11-22,2.026052,2.03126,1.984385,2.00001
1991-11-25,2.00001,2.020843,1.984385,1.992197
1991-11-26,1.992197,2.005218,1.932301,1.96876
1991-11-27,1.96876,1.989593,1.958343,1.984385
1991-11-29,1.984385,2.036469,1.973968,2.026052
1991-12-02,2.005218,2.114594,2.00001,2.109386
1991-12-03,2.104177,2.140636,2.072927,2.11199
1991-12-04,2.119802,2.145844,2.083344,2.125011
1991-12-05,2.119802,2.130219,2.098969,2.119802
1991-12-06,2.114594,2.192719,2.104177,2.171886
1991-12-09,2.151052,2.161469,2.109386,2.125011
1991-12-10,2.125011,2.125011,2.083344,2.119802
1991-12-11,2.127615,2.140636,2.072927,2.098969
1991-12-12,2.104177,2.151052,2.09376,2.125011
1991-12-13,2.130219,2.140636,2.114594,2.125011
1991-12-16,2.125011,2.130219,2.098969,2.127615
1991-12-17,2.125011,2.156261,2.088552,2.122406
1991-12-18,2.125011,2.151052,2.109386,2.14324
1991-12-19,2.132823,2.151052,2.109386,2.140636
1991-12-20,2.166678,2.187511,2.130219,2.151052
1991-12-23,2.151052,2.223969,2.135427,2.223969
1991-12-24,2.223969,2.239595,2.208344,2.213553
1991-12-26,2.213553,2.25522,2.203136,2.247407
1991-12-27,2.25522,2.322928,2.244803,2.299491
1991-12-30,2.302095,2.31772,2.281261,2.307303
1991-12-31,2.307303,2.333345,2.265636,2.31772
1992-01-02,2.307303,2.390637,2.281261,2.375012
1992-01-03,2.375012,2.38022,2.328137,2.354178
1992-01-06,2.359387,2.453137,2.341158,2.427095
1992-01-07,2.427095,2.505221,2.41147,2.500013
1992-01-08,2.479179,2.619805,2.473971,2.588555
1992-01-09,2.588555,2.687513,2.583346,2.651055
1992-01-10,2.645847,2.661472,2.583346,2.609388
1992-01-13,2.583346,2.684909,2.557304,2.648451
1992-01-14,2.656263,2.677097,2.625013,2.671888
1992-01-15,2.682305,2.776056,2.671888,2.739597
1992-01-16,2.734389,2.750014,2.656263,2.661472
1992-01-17,2.661472,2.69793,2.578138,2.63543
1992-01-20,2.651055,2.651055,2.552096,2.552096
1992-01-21,2.546888,2.562513,2.416679,2.486992
1992-01-22,2.500013,2.614596,2.479179,2.614596
1992-01-23,2.614596,2.695326,2.578138,2.60418
1992-01-24,2.593763,2.614596,2.583346,2.596367
1992-01-27,2.598971,2.614596,2.510429,2.513033
1992-01-28,2.520846,2.536471,2.416679,2.515638
1992-01-29,2.552096,2.619805,2.536471,2.593763
1992-01-30,2.593763,2.598971,2.531263,2.57293
1992-01-31,2.57293,2.578138,2.494804,2.505221
1992-02-03,2.463554,2.614596,2.447929,2.60418
1992-02-04,2.609388,2.625013,2.552096,2.593763
1992-02-05,2.598971,2.677097,2.57293,2.651055
1992-02-06,2.63543,2.687513,2.619805,2.630221
1992-02-07,2.630221,2.656263,2.583346,2.619805
1992-02-10,2.617201,2.625013,2.541679,2.593763
1992-02-11,2.588555,2.598971,2.531263,2.552096
1992-02-12,2.471367,2.640638,2.468762,2.619805
1992-02-13,2.614596,2.63543,2.531263,2.552096
1992-02-14,2.546888,2.552096,2.458346,2.468762
1992-02-18,2.484387,2.546888,2.458346,2.463554
1992-02-19,2.458346,2.458346,2.364595,2.398449
1992-02-20,2.416679,2.484387,2.41147,2.447929
1992-02-21,2.437512,2.468762,2.369804,2.385429
1992-02-24,2.385429,2.427095,2.354178,2.393241
1992-02-25,2.395845,2.427095,2.359387,2.41147
1992-02-26,2.416679,2.541679,2.416679,2.541679
1992-02-27,2.557304,2.609388,2.557304,2.601576
1992-02-28,2.60418,2.63543,2.546888,2.57293
1992-03-02,2.578138,2.619805,2.536471,2.562513
1992-03-03,2.57293,2.609388,2.552096,2.567721
1992-03-04,2.567721,2.588555,2.536471,2.552096
1992-03-05,2.552096,2.567721,2.484387,2.526054
1992-03-06,2.515638,2.541679,2.432304,2.463554
1992-03-09,2.473971,2.510429,2.463554,2.479179
1992-03-10,2.489596,2.557304,2.484387,2.536471
1992-03-11,2.546888,2.567721,2.484387,2.505221
1992-03-12,2.505221,2.531263,2.468762,2.52345
1992-03-13,2.552096,2.562513,2.510429,2.520846
1992-03-16,2.520846,2.588555,2.510429,2.588555
1992-03-17,2.611992,2.682305,2.598971,2.66668
1992-03-18,2.677097,2.687513,2.625013,2.632826
1992-03-19,2.645847,2.713555,2.630221,2.656263
1992-03-20,2.656263,2.687513,2.656263,2.677097
1992-03-23,2.677097,2.692722,2.661472,2.677097
1992-03-24,2.687513,2.705743,2.63543,2.656263
1992-03-25,2.656263,2.692722,2.645847,2.677097
1992-03-26,2.682305,2.687513,2.588555,2.60418
1992-03-27,2.593763,2.60418,2.489596,2.526054
1992-03-30,2.531263,2.541679,2.500013,2.500013
1992-03-31,2.510429,2.541679,2.453137,2.468762
1992-04-01,2.442721,2.515638,2.437512,2.510429
1992-04-02,2.510429,2.531263,2.432304,2.437512
1992-04-03,2.447929,2.484387,2.432304,2.447929
1992-04-06,2.453137,2.533867,2.453137,2.526054
1992-04-07,2.541679,2.552096,2.41147,2.416679
1992-04-08,2.41147,2.447929,2.359387,2.442721
1992-04-09,2.463554,2.505221,2.4297,2.500013
1992-04-10,2.526054,2.541679,2.375012,2.416679
1992-04-13,2.432304,2.46095,2.38022,2.447929
1992-04-14,2.463554,2.505221,2.427095,2.437512
1992-04-15,2.671888,2.692722,2.63543,2.684909
1992-04-16,2.687513,2.687513,2.645847,2.658867
1992-04-20,2.593763,2.60418,2.406262,2.46095
1992-04-21,2.463554,2.468762,2.406262,2.419283
1992-04-22,2.427095,2.468762,2.385429,2.450533
1992-04-23,2.468762,2.479179,2.338553,2.41147
1992-04-24,2.416679,2.432304,2.333345,2.338553
1992-04-27,2.343762,2.427095,2.343762,2.359387
1992-04-28,2.369804,2.385429,2.229178,2.270845
1992-04-29,2.281261,2.322928,2.25522,2.320324
1992-04-30,2.333345,2.34897,2.28647,2.296886
1992-05-01,2.302095,2.375012,2.296886,2.369804
1992-05-04,2.364595,2.416679,2.343762,2.375012
1992-05-05,2.369804,2.447929,2.359387,2.427095
1992-05-06,2.437512,2.442721,2.406262,2.416679
1992-05-07,2.416679,2.427095,2.38022,2.395845
1992-05-08,2.416679,2.437512,2.359387,2.385429
1992-05-11,2.390637,2.401054,2.359387,2.375012
1992-05-12,2.390637,2.401054,2.34897,2.38022
1992-05-13,2.369804,2.38022,2.312512,2.34897
1992-05-14,2.34897,2.354178,2.276053,2.307303
1992-05-15,2.296886,2.322928,2.281261,2.291678
1992-05-18,2.307303,2.364595,2.302095,2.34897
1992-05-19,2.359387,2.385429,2.359387,2.385429
1992-05-20,2.385429,2.437512,2.385429,2.432304
1992-05-21,2.437512,2.437512,2.401054,2.4297
1992-05-22,2.437512,2.437512,2.395845,2.41147
1992-05-26,2.416679,2.437512,2.395845,2.406262
1992-05-27,2.41147,2.421887,2.390637,2.395845
1992-05-28,2.390637,2.489596,2.385429,2.479179
1992-05-29,2.494804,2.546888,2.489596,2.520846
1992-06-01,2.510429,2.588555,2.500013,2.588555
1992-06-02,2.588555,2.593763,2.546888,2.559909
1992-06-03,2.552096,2.588555,2.552096,2.562513
1992-06-04,2.567721,2.57293,2.552096,2.5547
1992-06-05,2.552096,2.562513,2.515638,2.520846
1992-06-08,2.515638,2.520846,2.463554,2.463554
1992-06-09,2.468762,2.479179,2.375012,2.395845
1992-06-10,2.401054,2.406262,2.333345,2.343762
1992-06-11,2.343762,2.401054,2.239595,2.250011
1992-06-12,2.296886,2.354178,2.268241,2.343762
1992-06-15,2.34375,2.4375,2.34375,2.367188
1992-06-16,2.359375,2.390625,2.265625,2.273438
1992-06-17,2.265625,2.289063,2.234375,2.261719
1992-06-18,2.28125,2.335938,2.21875,2.257813
1992-06-19,2.296875,2.320313,2.273438,2.296875
1992-06-22,2.289063,2.328125,2.234375,2.320313
1992-06-23,2.335938,2.367188,2.273438,2.296875
1992-06-24,2.304688,2.304688,2.242188,2.257813
1992-06-25,2.257813,2.257813,2.078125,2.1875
1992-06-26,2.171875,2.179688,2.054688,2.085938
1992-06-29,2.140625,2.273438,2.132813,2.257813
1992-06-30,2.273438,2.28125,2.171875,2.1875
1992-07-01,2.195313,2.273438,2.171875,2.253906
1992-07-02,2.273438,2.28125,2.148438,2.183594
1992-07-06,2.1875,2.195313,2.117188,2.171875
1992-07-07,2.179688,2.179688,2.101563,2.125
1992-07-08,2.125,2.15625,2.054688,2.144531
1992-07-09,2.15625,2.210938,2.132813,2.15625
1992-07-10,2.164063,2.1875,2.113281,2.171875
1992-07-13,2.179688,2.226563,2.140625,2.1875
1992-07-14,2.203125,2.234375,2.195313,2.222656
1992-07-15,2.242188,2.289063,2.21875,2.234375
1992-07-16,2.21875,2.257813,2.210938,2.257813
1992-07-17,2.242188,2.25,2.179688,2.195313
1992-07-20,2.171875,2.195313,2.140625,2.164063
1992-07-21,2.1875,2.273438,2.171875,2.242188
1992-07-22,2.242188,2.242188,2.171875,2.1875
1992-07-23,2.179688,2.257813,2.148438,2.21875
1992-07-24,2.222656,2.304688,2.21875,2.273438
1992-07-27,2.273438,2.296875,2.257813,2.28125
1992-07-28,2.296875,2.328125,2.273438,2.3125
1992-07-29,2.328125,2.335938,2.25,2.3125
1992-07-30,2.296875,2.328125,2.28125,2.285156
1992-07-31,2.296875,2.296875,2.257813,2.273438
1992-08-03,2.273438,2.320313,2.25,2.304688
1992-08-04,2.3125,2.328125,2.296875,2.308594
1992-08-05,2.304688,2.304688,2.226563,2.25
1992-08-06,2.234375,2.25,2.195313,2.234375
1992-08-07,2.234375,2.304688,2.203125,2.210938
1992-08-10,2.21875,2.265625,2.210938,2.214844
1992-08-11,2.226563,2.246094,2.1875,2.230469
1992-08-12,2.242188,2.265625,2.210938,2.21875
1992-08-13,2.226563,2.242188,2.203125,2.214844
1992-08-14,2.21875,2.242188,2.210938,2.21875
1992-08-17,2.210938,2.21875,2.171875,2.171875
1992-08-18,2.15625,2.210938,2.125,2.171875
1992-08-19,2.171875,2.203125,2.148438,2.164063
1992-08-20,2.171875,2.210938,2.15625,2.199219
1992-08-21,2.203125,2.214844,2.15625,2.179688
1992-08-24,2.175781,2.1875,2.148438,2.15625
1992-08-25,2.148438,2.210938,2.140625,2.199219
1992-08-26,2.195313,2.257813,2.195313,2.238281
1992-08-27,2.25,2.3125,2.25,2.300781
1992-08-28,2.296875,2.328125,2.296875,2.324219
1992-08-31,2.320313,2.34375,2.296875,2.328125
1992-09-01,2.3125,2.332031,2.289063,2.328125
1992-09-02,2.328125,2.367188,2.304688,2.355469
1992-09-03,2.367188,2.414063,2.359375,2.394531
1992-09-04,2.382813,2.390625,2.359375,2.375
1992-09-08,2.375,2.402344,2.351563,2.398438
1992-09-09,2.398438,2.449219,2.390625,2.441406
1992-09-10,2.445313,2.46875,2.421875,2.46875
1992-09-11,2.453125,2.476563,2.4375,2.460938
1992-09-14,2.492188,2.5625,2.492188,2.554688
1992-09-15,2.546875,2.554688,2.5,2.539063
1992-09-16,2.492188,2.554688,2.484375,2.511719
1992-09-17,2.515625,2.546875,2.507813,2.535156
1992-09-18,2.539063,2.546875,2.449219,2.496094
1992-09-21,2.460938,2.484375,2.445313,2.472656
1992-09-22,2.46875,2.472656,2.421875,2.429688
1992-09-23,2.429688,2.492188,2.421875,2.472656
1992-09-24,2.476563,2.515625,2.476563,2.507813
1992-09-25,2.507813,2.511719,2.375,2.460938
1992-09-28,2.390625,2.445313,2.382813,2.40625
1992-09-29,2.40625,2.46875,2.40625,2.460938
1992-09-30,2.492188,2.515625,2.460938,2.515625
1992-10-01,2.5,2.53125,2.484375,2.488281
1992-10-02,2.476563,2.492188,2.4375,2.460938
1992-10-05,2.453125,2.554688,2.367188,2.554688
1992-10-06,2.570313,2.609375,2.539063,2.578125
1992-10-07,2.578125,2.632813,2.53125,2.535156
1992-10-08,2.570313,2.640625,2.554688,2.605469
1992-10-09,2.609375,2.609375,2.546875,2.574219
1992-10-12,2.59375,2.625,2.585938,2.621094
1992-10-13,2.648438,2.667969,2.601563,2.632813
1992-10-14,2.636719,2.65625,2.59375,2.609375
1992-10-15,2.601563,2.648438,2.585938,2.640625
1992-10-16,2.648438,2.671875,2.617188,2.667969
1992-10-19,2.65625,2.757813,2.65625,2.746094
1992-10-20,2.757813,2.804688,2.71875,2.746094
1992-10-21,2.757813,2.8125,2.742188,2.8125
1992-10-22,2.8125,2.820313,2.757813,2.804688
1992-10-23,2.820313,2.820313,2.757813,2.769531
1992-10-26,2.765625,2.820313,2.742188,2.8125
1992-10-27,2.8125,2.820313,2.734375,2.75
1992-10-28,2.757813,2.773438,2.726563,2.765625
1992-10-29,2.773438,2.8125,2.765625,2.8125
1992-10-30,2.808594,2.8125,2.765625,2.773438
1992-11-02,2.78125,2.8125,2.742188,2.800781
1992-11-03,2.796875,2.804688,2.738281,2.757813
1992-11-04,2.757813,2.804688,2.75,2.765625
1992-11-05,2.78125,2.882813,2.757813,2.871094
1992-11-06,2.867188,2.914063,2.851563,2.898438
1992-11-09,2.898438,2.898438,2.828125,2.871094
1992-11-10,2.875,2.914063,2.859375,2.902344
1992-11-11,2.898438,2.96875,2.882813,2.929688
1992-11-12,2.929688,2.945313,2.875,2.921875
1992-11-13,2.921875,2.929688,2.890625,2.914063
1992-11-16,2.90625,2.921875,2.882813,2.898438
1992-11-17,2.902344,2.9375,2.789063,2.8125
1992-11-18,2.828125,2.890625,2.808594,2.875
1992-11-19,2.882813,2.96875,2.882813,2.9375
1992-11-20,2.9375,2.96875,2.929688,2.96875
1992-11-23,2.820313,2.867188,2.726563,2.765625
1992-11-24,2.851563,2.898438,2.789063,2.859375
1992-11-25,2.875,2.890625,2.820313,2.847656
1992-11-27,2.859375,2.890625,2.84375,2.867188
1992-11-30,2.890625,2.914063,2.867188,2.910156
1992-12-01,2.898438,2.921875,2.875,2.910156
1992-12-02,2.90625,2.921875,2.828125,2.835938
1992-12-03,2.835938,2.890625,2.828125,2.863281
1992-12-04,2.859375,2.890625,2.851563,2.867188
1992-12-07,2.875,2.921875,2.84375,2.917969
1992-12-08,2.929688,2.9375,2.859375,2.890625
1992-12-09,2.867188,2.914063,2.851563,2.875
1992-12-10,2.8125,2.867188,2.765625,2.78125
1992-12-11,2.765625,2.78125,2.679688,2.699219
1992-12-14,2.710938,2.757813,2.703125,2.722656
1992-12-15,2.726563,2.742188,2.671875,2.699219
1992-12-16,2.703125,2.757813,2.664063,2.71875
1992-12-17,2.726563,2.820313,2.71875,2.8125
1992-12-18,2.78125,2.820313,2.765625,2.8125
1992-12-21,2.804688,2.875,2.789063,2.828125
1992-12-22,2.84375,2.859375,2.71875,2.742188
1992-12-23,2.75,2.757813,2.6875,2.726563
1992-12-24,2.726563,2.726563,2.6875,2.726563
1992-12-28,2.726563,2.742188,2.6875,2.734375
1992-12-29,2.726563,2.734375,2.695313,2.703125
1992-12-30,2.710938,2.71875,2.664063,2.683594
1992-12-31,2.6875,2.695313,2.664063,2.667969
1993-01-04,2.65625,2.679688,2.640625,2.660156
1993-01-05,2.65625,2.710938,2.648438,2.703125
1993-01-06,2.71875,2.789063,2.710938,2.78125
1993-01-07,2.78125,2.808594,2.71875,2.726563
1993-01-08,2.726563,2.757813,2.695313,2.722656
1993-01-11,2.726563,2.789063,2.695313,2.785156
1993-01-12,2.78125,2.851563,2.773438,2.804688
1993-01-13,2.796875,2.882813,2.757813,2.851563
1993-01-14,2.882813,2.9375,2.828125,2.851563
1993-01-15,2.734375,2.84375,2.71875,2.804688
1993-01-18,2.796875,2.804688,2.757813,2.789063
1993-01-19,2.78125,2.789063,2.757813,2.761719
1993-01-20,2.765625,2.78125,2.742188,2.761719
1993-01-21,2.742188,2.8125,2.710938,2.796875
1993-01-22,2.804688,2.820313,2.773438,2.792969
1993-01-25,2.789063,2.820313,2.742188,2.765625
1993-01-26,2.765625,2.8125,2.734375,2.75
1993-01-27,2.734375,2.742188,2.671875,2.695313
1993-01-28,2.695313,2.722656,2.648438,2.71875
1993-01-29,2.734375,2.75,2.679688,2.703125
1993-02-01,2.695313,2.75,2.671875,2.734375
1993-02-02,2.730469,2.796875,2.726563,2.78125
1993-02-03,2.796875,2.820313,2.75,2.761719
1993-02-04,2.742188,2.742188,2.640625,2.65625
1993-02-05,2.648438,2.796875,2.570313,2.78125
1993-02-08,2.765625,2.78125,2.65625,2.679688
1993-02-09,2.710938,2.726563,2.609375,2.621094
1993-02-10,2.640625,2.695313,2.625,2.671875
1993-02-11,2.695313,2.703125,2.648438,2.664063
1993-02-12,2.664063,2.664063,2.601563,2.613281
1993-02-16,2.589844,2.617188,2.492188,2.503906
1993-02-17,2.53125,2.539063,2.414063,2.507813
1993-02-18,2.539063,2.585938,2.46875,2.550781
1993-02-19,2.558594,2.5625,2.484375,2.492188
1993-02-22,2.492188,2.53125,2.398438,2.398438
1993-02-23,2.4375,2.515625,2.398438,2.484375
1993-02-24,2.46875,2.625,2.460938,2.621094
1993-02-25,2.578125,2.65625,2.578125,2.636719
1993-02-26,2.632813,2.65625,2.59375,2.605469
1993-03-01,2.617188,2.617188,2.539063,2.546875
1993-03-02,2.554688,2.648438,2.539063,2.644531
1993-03-03,2.648438,2.671875,2.609375,2.648438
1993-03-04,2.648438,2.648438,2.554688,2.617188
1993-03-05,2.609375,2.65625,2.578125,2.585938
1993-03-08,2.582031,2.640625,2.5625,2.613281
1993-03-09,2.625,2.65625,2.617188,2.632813
1993-03-10,2.640625,2.679688,2.609375,2.65625
1993-03-11,2.664063,2.742188,2.65625,2.703125
1993-03-12,2.6875,2.789063,2.664063,2.78125
1993-03-15,2.789063,2.789063,2.71875,2.738281
1993-03-16,2.757813,2.773438,2.71875,2.742188
1993-03-17,2.710938,2.734375,2.664063,2.667969
1993-03-18,2.679688,2.710938,2.65625,2.664063
1993-03-19,2.679688,2.679688,2.625,2.632813
1993-03-22,2.601563,2.625,2.578125,2.605469
1993-03-23,2.609375,2.65625,2.59375,2.597656
1993-03-24,2.601563,2.710938,2.59375,2.695313
1993-03-25,2.703125,2.757813,2.699219,2.730469
1993-03-26,2.75,2.757813,2.6875,2.707031
1993-03-29,2.710938,2.765625,2.710938,2.71875
1993-03-30,2.765625,2.851563,2.726563,2.84375
1993-03-31,2.851563,2.945313,2.835938,2.890625
1993-04-01,2.890625,2.960938,2.890625,2.90625
1993-04-02,2.867188,2.875,2.804688,2.804688
1993-04-05,2.773438,2.882813,2.75,2.859375
1993-04-06,2.867188,2.90625,2.789063,2.804688
1993-04-07,2.8125,2.828125,2.789063,2.820313
1993-04-08,2.8125,2.820313,2.757813,2.78125
1993-04-12,2.773438,2.851563,2.765625,2.816406
1993-04-13,2.820313,2.882813,2.773438,2.777344
1993-04-14,2.78125,2.820313,2.742188,2.78125
1993-04-15,2.75,2.808594,2.6875,2.722656
1993-04-16,2.726563,2.742188,2.671875,2.71875
1993-04-19,2.71875,2.726563,2.65625,2.71875
1993-04-20,2.710938,2.734375,2.65625,2.710938
1993-04-21,2.710938,2.710938,2.632813,2.652344
1993-04-22,2.640625,2.65625,2.589844,2.601563
1993-04-23,2.59375,2.601563,2.523438,2.542969
1993-04-26,2.546875,2.578125,2.492188,2.511719
1993-04-27,2.515625,2.585938,2.507813,2.578125
1993-04-28,2.59375,2.6875,2.585938,2.6875
1993-04-29,2.679688,2.679688,2.625,2.671875
1993-04-30,2.65625,2.710938,2.65625,2.671875
1993-05-03,2.671875,2.71875,2.65625,2.691406
1993-05-04,2.710938,2.765625,2.703125,2.75
1993-05-05,2.75,2.8125,2.734375,2.789063
1993-05-06,2.78125,2.804688,2.710938,2.726563
1993-05-07,2.726563,2.742188,2.703125,2.71875
1993-05-10,2.765625,2.8125,2.75,2.785156
1993-05-11,2.757813,2.773438,2.726563,2.742188
1993-05-12,2.734375,2.75,2.679688,2.695313
1993-05-13,2.679688,2.6875,2.640625,2.679688
1993-05-14,2.6875,2.710938,2.648438,2.671875
1993-05-17,2.679688,2.707031,2.664063,2.703125
1993-05-18,2.710938,2.773438,2.703125,2.765625
1993-05-19,2.835938,2.90625,2.796875,2.890625
1993-05-20,2.882813,2.976563,2.875,2.941406
1993-05-21,2.921875,2.945313,2.875,2.890625
1993-05-24,2.882813,2.9375,2.875,2.878906
1993-05-25,2.867188,2.875,2.8125,2.851563
1993-05-26,2.859375,2.976563,2.851563,2.976563
1993-05-27,2.96875,2.984375,2.90625,2.941406
1993-05-28,2.921875,2.929688,2.867188,2.894531
1993-06-01,2.90625,3.0625,2.898438,3.007813
1993-06-02,2.992188,3.046875,2.976563,2.992188
1993-06-03,2.992188,3,2.953125,2.957031
1993-06-04,2.9375,2.953125,2.921875,2.9375
1993-06-07,2.945313,2.992188,2.90625,2.914063
1993-06-08,2.90625,2.914063,2.835938,2.882813
1993-06-09,2.898438,2.90625,2.835938,2.84375
1993-06-10,2.851563,2.890625,2.796875,2.847656
1993-06-11,2.867188,2.890625,2.78125,2.792969
1993-06-14,2.84375,2.882813,2.820313,2.882813
1993-06-15,2.90625,2.90625,2.859375,2.890625
1993-06-16,2.898438,2.914063,2.789063,2.851563
1993-06-17,2.859375,2.867188,2.828125,2.839844
1993-06-18,2.828125,2.851563,2.71875,2.734375
1993-06-21,2.773438,2.789063,2.71875,2.769531
1993-06-22,2.789063,2.804688,2.726563,2.75
1993-06-23,2.75,2.789063,2.742188,2.769531
1993-06-24,2.757813,2.796875,2.726563,2.765625
1993-06-25,2.765625,2.789063,2.710938,2.765625
1993-06-28,2.773438,2.820313,2.765625,2.820313
1993-06-29,2.820313,2.867188,2.765625,2.78125
1993-06-30,2.789063,2.820313,2.726563,2.75
1993-07-01,2.757813,2.765625,2.703125,2.722656
1993-07-02,2.726563,2.734375,2.703125,2.726563
1993-07-06,2.710938,2.742188,2.664063,2.6875
1993-07-07,2.566406,2.632813,2.539063,2.605469
1993-07-08,2.625,2.671875,2.625,2.652344
1993-07-09,2.65625,2.65625,2.609375,2.644531
1993-07-12,2.648438,2.648438,2.609375,2.617188
1993-07-13,2.625,2.625,2.578125,2.585938
1993-07-14,2.59375,2.671875,2.578125,2.632813
1993-07-15,2.632813,2.632813,2.585938,2.609375
1993-07-16,2.601563,2.601563,2.523438,2.535156
1993-07-19,2.484375,2.507813,2.4375,2.460938
1993-07-20,2.476563,2.515625,2.4375,2.515625
1993-07-21,2.453125,2.46875,2.398438,2.46875
1993-07-22,2.523438,2.554688,2.398438,2.425781
1993-07-23,2.40625,2.445313,2.398438,2.425781
1993-07-26,2.445313,2.476563,2.429688,2.445313
1993-07-27,2.453125,2.460938,2.359375,2.359375
1993-07-28,2.375,2.484375,2.335938,2.445313
1993-07-29,2.4375,2.523438,2.421875,2.46875
1993-07-30,2.28125,2.320313,2.25,2.3125
1993-08-02,2.335938,2.367188,2.257813,2.273438
1993-08-03,2.28125,2.289063,2.25,2.28125
1993-08-04,2.289063,2.304688,2.242188,2.28125
1993-08-05,2.296875,2.34375,2.289063,2.335938
1993-08-06,2.335938,2.371094,2.273438,2.289063
1993-08-09,2.289063,2.3125,2.257813,2.28125
1993-08-10,2.28125,2.289063,2.199219,2.21875
1993-08-11,2.226563,2.28125,2.222656,2.261719
1993-08-12,2.265625,2.328125,2.257813,2.3125
1993-08-13,2.3125,2.367188,2.28125,2.351563
1993-08-16,2.367188,2.445313,2.359375,2.429688
1993-08-17,2.4375,2.453125,2.375,2.414063
1993-08-18,2.429688,2.476563,2.390625,2.414063
1993-08-19,2.414063,2.433594,2.304688,2.320313
1993-08-20,2.296875,2.398438,2.289063,2.382813
1993-08-23,2.359375,2.445313,2.359375,2.40625
1993-08-24,2.390625,2.40625,2.367188,2.371094
1993-08-25,2.34375,2.375,2.277344,2.320313
1993-08-26,2.296875,2.304688,2.234375,2.253906
1993-08-27,2.257813,2.265625,2.226563,2.246094
1993-08-30,2.265625,2.289063,2.242188,2.269531
1993-08-31,2.304688,2.359375,2.296875,2.347656
1993-09-01,2.351563,2.414063,2.34375,2.398438
1993-09-02,2.414063,2.453125,2.378906,2.394531
1993-09-03,2.390625,2.398438,2.351563,2.367188
1993-09-07,2.367188,2.382813,2.320313,2.335938
1993-09-08,2.3125,2.335938,2.289063,2.328125
1993-09-09,2.34375,2.390625,2.328125,2.382813
1993-09-10,2.40625,2.445313,2.382813,2.4375
1993-09-13,2.453125,2.453125,2.382813,2.386719
1993-09-14,2.375,2.382813,2.320313,2.351563
1993-09-15,2.367188,2.398438,2.324219,2.390625
1993-09-16,2.398438,2.414063,2.367188,2.375
1993-09-17,2.359375,2.390625,2.351563,2.375
1993-09-20,2.382813,2.429688,2.34375,2.363281
1993-09-21,2.359375,2.417969,2.335938,2.375
1993-09-22,2.375,2.4375,2.351563,2.414063
1993-09-23,2.414063,2.476563,2.398438,2.460938
1993-09-24,2.453125,2.523438,2.453125,2.5
1993-09-27,2.554688,2.578125,2.539063,2.570313
1993-09-28,2.570313,2.632813,2.570313,2.625
1993-09-29,2.617188,2.625,2.523438,2.59375
1993-09-30,2.585938,2.601563,2.570313,2.578125
1993-10-01,2.578125,2.601563,2.5625,2.5625
1993-10-04,2.578125,2.625,2.578125,2.582031
1993-10-05,2.585938,2.648438,2.578125,2.601563
1993-10-06,2.601563,2.671875,2.59375,2.652344
1993-10-07,2.65625,2.679688,2.617188,2.628906
1993-10-08,2.632813,2.648438,2.570313,2.640625
1993-10-11,2.640625,2.648438,2.570313,2.625
1993-10-12,2.632813,2.664063,2.570313,2.632813
1993-10-13,2.617188,2.632813,2.539063,2.601563
1993-10-14,2.617188,2.625,2.5625,2.566406
1993-10-15,2.570313,2.59375,2.507813,2.523438
1993-10-18,2.53125,2.601563,2.523438,2.59375
1993-10-19,2.5625,2.625,2.484375,2.507813
1993-10-20,2.515625,2.554688,2.476563,2.53125
1993-10-21,2.460938,2.5,2.4375,2.484375
1993-10-22,2.476563,2.523438,2.476563,2.511719
1993-10-25,2.515625,2.539063,2.46875,2.515625
1993-10-26,2.515625,2.523438,2.476563,2.484375
1993-10-27,2.484375,2.515625,2.484375,2.496094
1993-10-28,2.492188,2.515625,2.460938,2.46875
1993-10-29,2.484375,2.507813,2.476563,2.503906
1993-11-01,2.507813,2.546875,2.492188,2.527344
1993-11-02,2.539063,2.546875,2.484375,2.507813
1993-11-03,2.5,2.515625,2.429688,2.453125
1993-11-04,2.460938,2.46875,2.390625,2.390625
1993-11-05,2.382813,2.46875,2.375,2.460938
1993-11-08,2.46875,2.484375,2.429688,2.453125
1993-11-09,2.46875,2.5,2.4375,2.445313
1993-11-10,2.5,2.550781,2.46875,2.542969
1993-11-11,2.539063,2.578125,2.53125,2.550781
1993-11-12,2.554688,2.578125,2.554688,2.558594
1993-11-15,2.5625,2.5625,2.515625,2.515625
1993-11-16,2.53125,2.585938,2.515625,2.570313
1993-11-17,2.585938,2.59375,2.523438,2.523438
1993-11-18,2.523438,2.546875,2.5,2.507813
1993-11-19,2.492188,2.507813,2.484375,2.503906
1993-11-22,2.492188,2.492188,2.390625,2.40625
1993-11-23,2.429688,2.453125,2.414063,2.417969
1993-11-24,2.421875,2.492188,2.421875,2.460938
1993-11-26,2.46875,2.476563,2.460938,2.46875
1993-11-29,2.46875,2.5,2.46875,2.484375
1993-11-30,2.453125,2.515625,2.445313,2.5
1993-12-01,2.515625,2.570313,2.515625,2.546875
1993-12-02,2.5625,2.59375,2.554688,2.589844
1993-12-03,2.617188,2.703125,2.609375,2.679688
1993-12-06,2.65625,2.671875,2.625,2.652344
1993-12-07,2.65625,2.6875,2.65625,2.671875
1993-12-08,2.59375,2.617188,2.570313,2.609375
1993-12-09,2.609375,2.609375,2.515625,2.535156
1993-12-10,2.539063,2.570313,2.523438,2.558594
1993-12-13,2.546875,2.5625,2.523438,2.542969
1993-12-14,2.53125,2.546875,2.476563,2.5
1993-12-15,2.5,2.53125,2.492188,2.492188
1993-12-16,2.5,2.53125,2.492188,2.5
1993-12-17,2.515625,2.515625,2.492188,2.515625
1993-12-20,2.53125,2.578125,2.515625,2.5625
1993-12-21,2.5625,2.578125,2.546875,2.578125
1993-12-22,2.570313,2.578125,2.53125,2.535156
1993-12-23,2.53125,2.570313,2.523438,2.527344
1993-12-27,2.523438,2.539063,2.492188,2.515625
1993-12-28,2.515625,2.59375,2.515625,2.585938
1993-12-29,2.585938,2.609375,2.515625,2.546875
1993-12-30,2.554688,2.570313,2.523438,2.539063
1993-12-31,2.53125,2.546875,2.507813,2.519531
1994-01-03,2.515625,2.523438,2.476563,2.503906
1994-01-04,2.507813,2.523438,2.476563,2.515625
1994-01-05,2.507813,2.578125,2.5,2.570313
1994-01-06,2.582031,2.648438,2.578125,2.644531
1994-01-07,2.632813,2.679688,2.601563,2.664063
1994-01-10,2.65625,2.703125,2.65625,2.679688
1994-01-11,2.65625,2.6875,2.636719,2.664063
1994-01-12,2.65625,2.679688,2.617188,2.671875
1994-01-13,2.648438,2.671875,2.625,2.667969
1994-01-14,2.671875,2.6875,2.648438,2.675781
1994-01-17,2.664063,2.6875,2.640625,2.648438
1994-01-18,2.664063,2.671875,2.625,2.644531
1994-01-19,2.617188,2.632813,2.578125,2.601563
1994-01-20,2.601563,2.699219,2.601563,2.695313
1994-01-21,2.695313,2.71875,2.65625,2.695313
1994-01-24,2.6875,2.71875,2.65625,2.664063
1994-01-25,2.664063,2.667969,2.625,2.660156
1994-01-26,2.65625,2.65625,2.625,2.632813
1994-01-27,2.625,2.648438,2.601563,2.632813
1994-01-28,2.640625,2.671875,2.632813,2.652344
1994-01-31,2.664063,2.683594,2.648438,2.660156
1994-02-01,2.65625,2.679688,2.640625,2.660156
1994-02-02,2.648438,2.671875,2.625,2.625
1994-02-03,2.632813,2.640625,2.609375,2.640625
1994-02-04,2.625,2.640625,2.539063,2.539063
1994-02-07,2.492188,2.539063,2.484375,2.523438
1994-02-08,2.515625,2.515625,2.4375,2.460938
1994-02-09,2.453125,2.507813,2.4375,2.488281
1994-02-10,2.492188,2.523438,2.46875,2.480469
1994-02-11,2.476563,2.484375,2.4375,2.460938
1994-02-14,2.46875,2.484375,2.460938,2.472656
1994-02-15,2.492188,2.507813,2.476563,2.492188
1994-02-16,2.507813,2.507813,2.460938,2.460938
1994-02-17,2.46875,2.484375,2.4375,2.457031
1994-02-18,2.453125,2.523438,2.453125,2.5
1994-02-22,2.5,2.507813,2.453125,2.484375
1994-02-23,2.492188,2.5625,2.445313,2.53125
1994-02-24,2.5,2.523438,2.476563,2.496094
1994-02-25,2.507813,2.539063,2.492188,2.53125
1994-02-28,2.539063,2.59375,2.53125,2.578125
1994-03-01,2.59375,2.601563,2.570313,2.601563
1994-03-02,2.554688,2.59375,2.53125,2.585938
1994-03-03,2.59375,2.601563,2.515625,2.53125
1994-03-04,2.53125,2.546875,2.515625,2.53125
1994-03-07,2.539063,2.570313,2.523438,2.539063
1994-03-08,2.539063,2.539063,2.492188,2.53125
1994-03-09,2.539063,2.554688,2.5,2.527344
1994-03-10,2.546875,2.570313,2.515625,2.527344
1994-03-11,2.53125,2.570313,2.523438,2.554688
1994-03-14,2.578125,2.632813,2.570313,2.621094
1994-03-15,2.625,2.664063,2.609375,2.652344
1994-03-16,2.65625,2.664063,2.640625,2.648438
1994-03-17,2.648438,2.664063,2.640625,2.640625
1994-03-18,2.640625,2.65625,2.609375,2.648438
1994-03-21,2.65625,2.667969,2.59375,2.601563
1994-03-22,2.570313,2.679688,2.570313,2.648438
1994-03-23,2.664063,2.734375,2.65625,2.695313
1994-03-24,2.679688,2.726563,2.65625,2.726563
1994-03-25,2.71875,2.789063,2.71875,2.734375
1994-03-28,2.734375,2.75,2.617188,2.699219
1994-03-29,2.703125,2.703125,2.578125,2.578125
1994-03-30,2.585938,2.65625,2.578125,2.613281
1994-03-31,2.609375,2.679688,2.578125,2.648438
1994-04-04,2.578125,2.679688,2.570313,2.640625
1994-04-05,2.664063,2.742188,2.65625,2.742188
1994-04-06,2.734375,2.789063,2.726563,2.78125
1994-04-07,2.789063,2.816406,2.773438,2.804688
1994-04-08,2.804688,2.8125,2.71875,2.71875
1994-04-11,2.71875,2.726563,2.6875,2.71875
1994-04-12,2.710938,2.710938,2.625,2.648438
1994-04-13,2.648438,2.671875,2.59375,2.652344
1994-04-14,2.640625,2.664063,2.617188,2.628906
1994-04-15,2.609375,2.664063,2.609375,2.652344
1994-04-18,2.648438,2.679688,2.570313,2.59375
1994-04-19,2.71875,2.796875,2.679688,2.753906
1994-04-20,2.765625,2.800781,2.71875,2.796875
1994-04-21,2.796875,2.867188,2.789063,2.859375
1994-04-22,2.875,2.898438,2.835938,2.867188
1994-04-25,2.875,2.945313,2.859375,2.929688
1994-04-26,2.953125,2.976563,2.9375,2.966813
1994-04-28,2.976563,2.976563,2.867188,2.878906
1994-04-29,2.875,2.921875,2.851563,2.890625
1994-05-02,2.898438,2.986328,2.875,2.984375
1994-05-03,2.976563,2.984375,2.914063,2.921875
1994-05-04,2.929688,2.976563,2.898438,2.972656
1994-05-05,2.976563,3.007813,2.9375,2.949219
1994-05-06,2.914063,2.929688,2.839844,2.882813
1994-05-09,2.867188,2.925781,2.863281,2.882813
1994-05-10,2.90625,2.953125,2.898438,2.9375
1994-05-11,2.9375,2.945313,2.898438,2.921875
1994-05-12,2.921875,2.978027,2.914063,2.953125
1994-05-13,3.046875,3.046875,2.953125,3.015625
1994-05-16,3.007813,3.023438,2.960938,2.96875
1994-05-17,2.96875,2.976563,2.921875,2.957031
1994-05-18,2.976563,3.046875,2.960938,3.033203
1994-05-19,3.039063,3.09375,3.03125,3.074219
1994-05-20,3.0625,3.101563,3.039063,3.054688
1994-05-23,3.0625,3.1875,3.03125,3.160156
1994-05-24,3.203125,3.242188,3.140625,3.195313
1994-05-25,3.1875,3.296875,3.140625,3.28125
1994-05-26,3.296875,3.296875,3.203125,3.25
1994-05-27,3.234375,3.296875,3.203125,3.273438
1994-05-31,3.265625,3.360351,3.242188,3.359375
1994-06-01,3.34375,3.34375,3.273438,3.3125
1994-06-02,3.328125,3.335938,3.25,3.265625
1994-06-03,3.28125,3.34375,3.265625,3.304688
1994-06-06,3.289063,3.414063,3.234375,3.40625
1994-06-07,3.375,3.390625,3.34375,3.351563
1994-06-08,3.351563,3.351563,3.226563,3.25
1994-06-09,3.242188,3.285156,3.234375,3.265625
1994-06-10,3.265625,3.3125,3.242188,3.285156
1994-06-13,3.289063,3.335938,3.242188,3.304688
1994-06-14,3.320313,3.382813,3.3125,3.347656
1994-06-15,3.351563,3.414063,3.328125,3.390625
1994-06-16,3.390625,3.390625,3.34375,3.347656
1994-06-17,3.34375,3.351563,3.304688,3.3125
1994-06-20,3.28125,3.34375,3.273438,3.34375
1994-06-21,3.257813,3.335938,3.25,3.289063
1994-06-22,3.296875,3.3125,3.203125,3.21875
1994-06-23,3.21875,3.265625,3.125,3.132813
1994-06-24,3.125,3.148438,3.078125,3.09375
1994-06-27,3.109375,3.257813,3.085938,3.242188
1994-06-28,3.25,3.296875,3.136719,3.207031
1994-06-29,3.210938,3.242188,3.179688,3.210938
1994-06-30,3.234375,3.257813,3.1875,3.226563
1994-07-01,3.226563,3.234375,3.116211,3.140625
1994-07-05,3.148438,3.1875,3.0625,3.070313
1994-07-06,3.035156,3.0625,2.984375,3.019531
1994-07-07,3.03125,3.15625,2.996094,3.148438
1994-07-08,3.117188,3.179688,3.070313,3.09375
1994-07-11,3.101563,3.101563,2.984375,3.023438
1994-07-12,3.015625,3.015625,2.929688,3
1994-07-13,3.015625,3.09375,2.992188,3.09375
1994-07-14,3.085938,3.101563,2.9375,3.046875
1994-07-15,3.046875,3.085938,3,3.039063
1994-07-18,3.21875,3.234375,3.09375,3.15625
1994-07-19,3.164063,3.164063,3.101563,3.132813
1994-07-20,3.125,3.125,2.992188,3.023438
1994-07-21,3.039063,3.054688,2.96875,2.984375
1994-07-22,3.03125,3.171875,2.953125,3.160156
1994-07-25,3.164063,3.226563,3.140625,3.199219
1994-07-26,3.195313,3.203125,3.109375,3.148438
1994-07-27,3.148438,3.148438,3.09375,3.09375
1994-07-28,3.09375,3.140625,3.078125,3.09375
1994-07-29,3.117188,3.226563,3.101563,3.21875
1994-08-01,3.226563,3.351563,3.21875,3.335938
1994-08-02,3.359375,3.414063,3.289063,3.300781
1994-08-03,3.359375,3.375,3.320313,3.335938
1994-08-04,3.34375,3.351563,3.296875,3.296875
1994-08-05,3.289063,3.304688,3.265625,3.28125
1994-08-08,3.273438,3.3125,3.25,3.3125
1994-08-09,3.3125,3.367188,3.296875,3.34375
1994-08-10,3.34375,3.398438,3.328125,3.382813
1994-08-11,3.367188,3.5,3.367188,3.453125
1994-08-12,3.460938,3.476563,3.429688,3.453125
1994-08-15,3.46875,3.46875,3.398438,3.402344
1994-08-16,3.429688,3.445313,3.375,3.429688
1994-08-17,3.460938,3.515625,3.445313,3.492188
1994-08-18,3.492188,3.523438,3.460938,3.46875
1994-08-19,3.492188,3.5,3.421875,3.429688
1994-08-22,3.4375,3.4375,3.40625,3.414063
1994-08-23,3.414063,3.523438,3.40625,3.46875
1994-08-24,3.46875,3.5,3.46875,3.484375
1994-08-25,3.492188,3.546875,3.484375,3.511719
1994-08-26,3.523438,3.609375,3.515625,3.554688
1994-08-29,3.585938,3.632813,3.5625,3.566406
1994-08-30,3.5625,3.65625,3.539063,3.648438
1994-08-31,3.648438,3.703125,3.609375,3.632813
1994-09-01,3.5625,3.5625,3.484375,3.507813
1994-09-02,3.53125,3.53125,3.484375,3.5
1994-09-06,3.492188,3.515625,3.480469,3.5
1994-09-07,3.515625,3.613281,3.507813,3.582031
1994-09-08,3.5625,3.625,3.5625,3.621094
1994-09-09,3.507813,3.617188,3.492188,3.554688
1994-09-12,3.570313,3.570313,3.492188,3.507813
1994-09-13,3.523438,3.617188,3.523438,3.597656
1994-09-14,3.609375,3.632813,3.59375,3.601563
1994-09-15,3.601563,3.640625,3.585938,3.640625
1994-09-16,3.625,3.632813,3.546875,3.554688
1994-09-19,3.570313,3.578125,3.539063,3.554688
1994-09-20,3.554688,3.570313,3.496094,3.5
1994-09-21,3.519531,3.585938,3.4375,3.578125
1994-09-22,3.578125,3.59375,3.539063,3.5625
1994-09-23,3.554688,3.59375,3.5,3.5
1994-09-26,3.5,3.5,3.453125,3.472656
1994-09-27,3.46875,3.53125,3.429688,3.53125
1994-09-28,3.539063,3.59375,3.53125,3.5625
1994-09-29,3.554688,3.578125,3.523438,3.53125
1994-09-30,3.53125,3.59375,3.507813,3.507813
1994-10-03,3.507813,3.523438,3.46875,3.492188
1994-10-04,3.5,3.507813,3.429688,3.4375
1994-10-05,3.429688,3.492188,3.382813,3.46875
1994-10-06,3.46875,3.492188,3.390625,3.40625
1994-10-07,3.414063,3.429688,3.367188,3.398438
1994-10-10,3.398438,3.460938,3.398438,3.421875
1994-10-11,3.445313,3.539063,3.445313,3.488281
1994-10-12,3.492188,3.53125,3.484375,3.515625
1994-10-13,3.539063,3.609375,3.539063,3.578125
1994-10-14,3.578125,3.585938,3.449219,3.496094
1994-10-17,3.5,3.515625,3.4375,3.445313
1994-10-18,3.453125,3.546875,3.441406,3.539063
1994-10-19,3.539063,3.625,3.515625,3.601563
1994-10-20,3.640625,3.742188,3.617188,3.726563
1994-10-21,3.703125,3.726563,3.648438,3.710938
1994-10-24,3.71875,3.71875,3.648438,3.679688
1994-10-25,3.671875,3.734375,3.648438,3.730469
1994-10-26,3.742188,3.820313,3.734375,3.8125
1994-10-27,3.820313,3.851563,3.796875,3.851563
1994-10-28,3.851563,3.898438,3.835938,3.882813
1994-10-31,3.890625,3.984375,3.875,3.9375
1994-11-01,3.921875,3.929688,3.882813,3.921875
1994-11-02,3.921875,4.007813,3.90625,3.9375
1994-11-03,3.9375,3.953125,3.898438,3.914063
1994-11-04,3.914063,3.945313,3.832031,3.84375
1994-11-07,3.84375,3.875,3.804688,3.867188
1994-11-08,3.867188,3.992188,3.855469,3.976563
1994-11-09,4.015625,4.039063,3.945313,3.984375
1994-11-10,3.96875,4.023438,3.96875,3.980469
1994-11-11,3.890625,3.917969,3.796875,3.890625
1994-11-14,3.921875,4.03125,3.921875,4.03125
1994-11-15,4.03125,4.070313,4.015625,4.035156
1994-11-16,4.046875,4.054688,4.03125,4.039063
1994-11-17,4.039063,4.046875,3.992188,4.015625
1994-11-18,4.007813,4.046875,4,4.007813
1994-11-21,4.03125,4.046875,3.960938,3.96875
1994-11-22,3.953125,3.992188,3.867188,3.875
1994-11-23,3.851563,3.878906,3.816406,3.84375
1994-11-25,3.859375,3.898438,3.851563,3.890625
1994-11-28,3.90625,3.96875,3.890625,3.960938
1994-11-29,3.976563,4.023438,3.96875,4.007813
1994-11-30,4.015625,4.015625,3.921875,3.929688
1994-12-01,3.914063,3.962891,3.90625,3.910156
1994-12-02,3.921875,3.953125,3.875,3.953125
1994-12-05,3.960938,4.015625,3.945313,3.957031
1994-12-06,3.953125,4.007813,3.9375,3.960938
1994-12-07,3.96875,3.992188,3.9375,3.9375
1994-12-08,3.945313,3.984375,3.890625,3.90625
1994-12-09,3.90625,3.953125,3.890625,3.945313
1994-12-12,3.945313,3.96875,3.851563,3.945313
1994-12-13,3.960938,3.96875,3.890625,3.921875
1994-12-14,3.90625,3.976563,3.90625,3.953125
1994-12-15,3.960938,4.007813,3.9375,3.96875
1994-12-16,3.96875,4.015625,3.950195,3.960938
1994-12-19,3.960938,3.976563,3.90625,3.914063
1994-12-20,3.914063,3.921875,3.671875,3.742188
1994-12-21,3.765625,3.851563,3.757813,3.84375
1994-12-22,3.84375,3.875,3.765625,3.789063
1994-12-23,3.789063,3.835938,3.773438,3.804688
1994-12-27,3.8125,3.851563,3.789063,3.796875
1994-12-28,3.796875,3.8125,3.75,3.8125
1994-12-29,3.804688,3.867188,3.789063,3.863281
1994-12-30,3.867188,3.867188,3.820313,3.820313
1995-01-03,3.84375,3.84375,3.757813,3.761719
1995-01-04,3.765625,3.796875,3.71875,3.789063
1995-01-05,3.804688,3.8125,3.710938,3.726563
1995-01-06,3.742188,3.828125,3.734375,3.789063
1995-01-09,3.804688,3.8125,3.734375,3.765625
1995-01-10,3.789063,3.84375,3.78125,3.8125
1995-01-11,3.820313,3.859375,3.796875,3.835938
1995-01-12,3.828125,3.882813,3.8125,3.828125
1995-01-13,3.875,3.9375,3.867188,3.921875
1995-01-16,3.953125,4.03125,3.9375,4.007813
1995-01-17,4.046875,4.070313,4.023438,4.039063
1995-01-18,4.054688,4.078125,4.015625,4.066406
1995-01-19,4.03125,4.0625,3.964844,3.96875
1995-01-20,3.929688,3.96875,3.828125,3.851563
1995-01-23,3.8125,3.9375,3.78125,3.925781
1995-01-24,3.9375,3.945313,3.875,3.876001
1995-01-25,3.851563,3.890625,3.8125,3.859375
1995-01-26,3.804688,3.8125,3.734375,3.742188
1995-01-27,3.757813,3.765625,3.734375,3.742188
1995-01-30,3.757813,3.757813,3.679688,3.6875
1995-01-31,3.695313,3.734375,3.640625,3.710938
1995-02-01,3.710938,3.796875,3.686523,3.695313
1995-02-02,3.671875,3.710938,3.648438,3.6875
1995-02-03,3.71875,3.78125,3.703125,3.757813
1995-02-06,3.757813,3.820313,3.757813,3.804688
1995-02-07,3.796875,3.820313,3.789063,3.8125
1995-02-08,3.828125,3.875,3.8125,3.867188
1995-02-09,3.882813,3.90625,3.859375,3.867188
1995-02-10,3.875,3.914063,3.84375,3.875
1995-02-13,3.875,3.921875,3.851563,3.875
1995-02-14,3.882813,3.890625,3.84375,3.867188
1995-02-15,3.757813,3.835938,3.730469,3.796875
1995-02-16,3.804688,3.820313,3.765625,3.804688
1995-02-17,3.796875,3.804688,3.765625,3.773438
1995-02-21,3.78125,3.796875,3.71875,3.734375
1995-02-22,3.734375,3.875,3.726563,3.84375
1995-02-23,3.828125,3.882813,3.8125,3.851563
1995-02-24,3.835938,3.867188,3.828125,3.828125
1995-02-27,3.835938,3.875,3.820313,3.859375
1995-02-28,3.867188,3.953125,3.859375,3.9375
1995-03-01,3.945313,4,3.921875,3.953125
1995-03-02,3.953125,3.984375,3.945313,3.984375
1995-03-03,3.976563,3.992188,3.945313,3.976563
1995-03-06,3.953125,4.023438,3.929688,4.019531
1995-03-07,4.023438,4.125976,4.015625,4.083984
1995-03-08,4.109375,4.289063,4.109375,4.28125
1995-03-09,4.28125,4.296875,4.179688,4.242188
1995-03-10,4.242188,4.296875,4.15625,4.285156
1995-03-13,4.289063,4.355469,4.265625,4.3125
1995-03-14,4.335938,4.5,4.328125,4.484375
1995-03-15,4.484375,4.492188,4.398438,4.40625
1995-03-16,4.375,4.40625,4.351563,4.382813
1995-03-17,4.40625,4.484375,4.367188,4.371094
1995-03-20,4.382813,4.46875,4.375,4.445313
1995-03-21,4.453125,4.46875,4.398438,4.402344
1995-03-22,4.40625,4.4375,4.367188,4.433594
1995-03-23,4.460938,4.578125,4.453125,4.546875
1995-03-24,4.578125,4.632813,4.570313,4.617188
1995-03-27,4.546875,4.617188,4.539063,4.5625
1995-03-28,4.554688,4.625,4.554688,4.601563
1995-03-29,4.601563,4.625,4.503906,4.515625
1995-03-30,4.53125,4.546875,4.398438,4.507813
1995-03-31,4.484375,4.507813,4.40625,4.445313
1995-04-03,4.4375,4.460938,4.34375,4.375
1995-04-04,4.390625,4.46875,4.359375,4.367188
1995-04-05,4.367188,4.414063,4.296875,4.414063
1995-04-06,4.414063,4.429688,4.339844,4.375
1995-04-07,4.390625,4.421875,4.34375,4.351563
1995-04-10,4.34375,4.453125,4.335938,4.433594
1995-04-11,4.476563,4.508789,4.445313,4.507813
1995-04-12,4.507813,4.578125,4.421875,4.476563
1995-04-13,4.484375,4.53125,4.445313,4.53125
1995-04-17,4.71875,4.882813,4.71875,4.835938
1995-04-18,4.835938,4.84375,4.75,4.796875
1995-04-19,4.789063,4.8125,4.71875,4.757813
1995-04-20,4.78125,4.804688,4.625,4.703125
1995-04-21,4.726563,4.742188,4.679688,4.6875
1995-04-24,4.710938,4.860351,4.695313,4.859375
1995-04-25,4.851563,5.007813,4.851563,5
1995-04-26,4.984375,5.015625,4.945313,4.976563
1995-04-27,4.976563,5.03125,4.773438,4.914063
1995-04-28,4.929688,5.132813,4.914063,5.109375
1995-05-01,5.117188,5.234375,5.109375,5.132813
1995-05-02,5.132813,5.140625,4.96875,4.972656
1995-05-03,5.015625,5.0625,5.015625,5.054688
1995-05-04,5.09375,5.203125,5.0625,5.09375
1995-05-05,5.085938,5.101563,4.992188,5
1995-05-08,4.992188,5.023438,4.945313,4.992188
1995-05-09,5,5.023438,4.945313,4.988281
1995-05-10,5.007813,5.023438,4.929688,4.953125
1995-05-11,4.945313,5.09375,4.9375,5.085938
1995-05-12,5.085938,5.140625,5.023438,5.046875
1995-05-15,5.039063,5.125,4.992188,5.082031
1995-05-16,5.09375,5.313476,5.09375,5.304688
1995-05-17,5.328125,5.429688,5.320313,5.375
1995-05-18,5.351563,5.421875,5.289063,5.289063
1995-05-19,5.265625,5.34375,5.25,5.335938
1995-05-22,5.335938,5.46875,5.25,5.453125
1995-05-23,5.46875,5.53125,5.460938,5.53125
1995-05-24,5.570313,5.59375,5.4375,5.46875
1995-05-25,5.492188,5.585938,5.445313,5.578125
1995-05-26,5.574219,5.578125,5.4375,5.46875
1995-05-30,5.5,5.523438,5.164063,5.1875
1995-05-31,5.203125,5.296875,5.0625,5.292969
1995-06-01,5.3125,5.351563,5.242188,5.257813
1995-06-02,5.234375,5.257813,5.164063,5.195313
1995-06-05,5.164063,5.335938,5.109375,5.296875
1995-06-06,5.304688,5.375976,5.195313,5.195313
1995-06-07,5.179688,5.296875,5.132813,5.25
1995-06-08,5.257813,5.289063,5.226563,5.257813
1995-06-09,5.234375,5.367188,5.164063,5.304688
1995-06-12,5.289063,5.296875,5.203125,5.234375
1995-06-13,5.257813,5.296875,5.210938,5.242188
1995-06-14,5.210938,5.257813,5.171875,5.238281
1995-06-15,5.25,5.3125,5.242188,5.304688
1995-06-16,5.3125,5.46875,5.304688,5.4375
1995-06-19,5.453125,5.618164,5.429688,5.613281
1995-06-20,5.648438,5.710938,5.609375,5.710938
1995-06-21,5.742188,5.773438,5.625,5.65625
1995-06-22,5.664063,5.75,5.625,5.742188
1995-06-23,5.671875,5.761719,5.640625,5.695313
1995-06-26,5.6875,5.695313,5.59375,5.609375
1995-06-27,5.59375,5.65625,5.421875,5.429688
1995-06-28,5.421875,5.5625,5.246094,5.492188
1995-06-29,5.5,5.609375,5.5,5.585938
1995-06-30,5.601563,5.6875,5.601563,5.648438
1995-07-03,5.679688,5.695313,5.648438,5.683594
1995-07-05,5.726563,5.75,5.648438,5.667969
1995-07-06,5.664063,5.8125,5.648438,5.796875
1995-07-07,5.804688,5.976563,5.796875,5.976563
1995-07-10,6,6.234375,5.984375,6.179688
1995-07-11,6.1875,6.195313,6.03125,6.03125
1995-07-12,6.046875,6.25,6.046875,6.242188
1995-07-13,6.257813,6.34375,6.132813,6.257813
1995-07-14,6.140625,6.476563,6.125,6.476563
1995-07-17,6.734375,6.828125,6.65625,6.8125
1995-07-18,6.6875,6.6875,6.320313,6.367188
1995-07-19,6.0625,6.171875,5.53125,5.90625
1995-07-20,5.953125,6.085938,5.875,6.007813
1995-07-21,5.875,6,5.734375,5.75
1995-07-24,5.789063,5.859375,5.757813,5.851563
1995-07-25,5.96875,6.101563,5.90625,6.023438
1995-07-26,6.101563,6.15625,5.929688,6
1995-07-27,6.03125,6.101563,6.015625,6.03125
1995-07-28,6,6,5.75,5.789063
1995-07-31,5.820313,5.84375,5.625,5.65625
1995-08-01,5.671875,5.680664,5.492188,5.59375
1995-08-02,5.6875,5.789063,5.5,5.5625
1995-08-03,5.5,5.710938,5.46875,5.695313
1995-08-04,5.710938,5.867188,5.703125,5.867188
1995-08-07,5.90625,5.96875,5.734375,5.851563
1995-08-08,5.882813,5.929688,5.835938,5.84375
1995-08-09,6.109375,6.132813,6,6.03125
1995-08-10,6.0625,6.070313,5.867188,5.882813
1995-08-11,5.921875,6.039063,5.757813,6.03125
1995-08-14,6.054688,6.203125,5.984375,6.171875
1995-08-15,6.203125,6.210938,6.054688,6.148438
1995-08-16,6.148438,6.179688,6.070313,6.171875
1995-08-17,6.179688,6.296875,6.165039,6.195313
1995-08-18,6.230469,6.234375,6.0625,6.070313
1995-08-21,6.09375,6.140625,5.898438,5.90625
1995-08-22,5.945313,6.210938,5.898438,6.207031
1995-08-23,6.25,6.28125,6.09375,6.117188
1995-08-24,6.132813,6.132813,5.96875,6.007813
1995-08-25,6.023438,6.046875,5.898438,5.898438
1995-08-28,5.898438,5.898438,5.617188,5.628906
1995-08-29,5.632813,5.742188,5.4375,5.742188
1995-08-30,5.804688,5.859375,5.71875,5.828125
1995-08-31,5.835938,5.875,5.71875,5.78125
1995-09-01,5.734375,5.75,5.585938,5.609375
1995-09-05,5.679688,5.945313,5.640625,5.9375
1995-09-06,5.953125,6.03125,5.8125,5.84375
1995-09-07,5.890625,6.039063,5.828125,5.914063
1995-09-08,5.859375,5.976563,5.828125,5.96875
1995-09-11,5.960938,6.117188,5.9375,6.101563
1995-09-12,6.109375,6.109375,5.976563,6.015625
1995-09-13,6.007813,6.0625,5.945313,6.007813
1995-09-14,6.007813,6.03125,5.921875,5.929688
1995-09-15,5.921875,5.960938,5.78125,5.839844
1995-09-18,5.828125,5.835938,5.679688,5.75
1995-09-19,5.75,5.90625,5.71875,5.832031
1995-09-20,5.84375,5.914063,5.789063,5.820313
1995-09-21,5.703125,5.816406,5.65625,5.664063
1995-09-22,5.617188,5.671875,5.5625,5.609375
1995-09-25,5.65625,5.664063,5.53125,5.639648
1995-09-26,5.648438,5.742188,5.507813,5.515625
1995-09-27,5.5,5.546875,5.3125,5.539063
1995-09-28,5.5625,5.71875,5.554688,5.71875
1995-09-29,5.726563,5.796875,5.628906,5.65625
1995-10-02,5.65625,5.679688,5.507813,5.515625
1995-10-03,5.507813,5.578125,5.453125,5.554688
1995-10-04,5.507813,5.507813,5.34375,5.382813
1995-10-05,5.375,5.46875,5.3125,5.46875
1995-10-06,5.46875,5.5625,5.34375,5.367188
1995-10-09,5.304688,5.359375,5.171875,5.195313
1995-10-10,5.078125,5.257813,5.023438,5.234375
1995-10-11,5.367188,5.460938,5.3125,5.414063
1995-10-12,5.4375,5.507813,5.414063,5.476563
1995-10-13,5.53125,5.546875,5.375,5.390625
1995-10-16,5.359375,5.460938,5.34375,5.421875
1995-10-17,5.453125,5.71875,5.421875,5.695313
1995-10-18,6.140625,6.164063,5.929688,5.976563
1995-10-19,5.953125,6.0625,5.921875,6.046875
1995-10-20,6.03125,6.054688,5.929688,5.96875
1995-10-23,5.9375,6.070313,5.90625,6.023438
1995-10-24,6.023438,6.132813,6.023438,6.09375
1995-10-25,6.101563,6.109375,5.992188,5.992188
1995-10-26,5.984375,6.132813,5.960938,6.125
1995-10-27,6.09375,6.258789,6.085938,6.25
1995-10-30,6.203125,6.460938,6.15625,6.421875
1995-10-31,6.4375,6.460938,6.234375,6.25
1995-11-01,6.257813,6.3125,6.140625,6.148438
1995-11-02,6.164063,6.273438,6.140625,6.25
1995-11-03,6.25,6.257813,6.171875,6.21875
1995-11-06,6.0625,6.179688,6.054688,6.085938
1995-11-07,6.03125,6.085938,5.804688,5.8125
1995-11-08,5.867188,5.96875,5.835938,5.953125
1995-11-09,6.03125,6.188476,6,6.1875
1995-11-10,6.15625,6.1875,6.038086,6.054688
1995-11-13,6.039063,6.078125,6.003906,6.019531
1995-11-14,5.992188,6,5.867188,5.875
1995-11-15,5.898438,5.914063,5.742188,5.875
1995-11-16,5.65625,5.740234,5.601563,5.617188
1995-11-17,5.648438,5.664063,5.460938,5.460938
1995-11-20,5.523438,5.585938,5.359375,5.375
1995-11-21,5.367188,5.546875,5.265625,5.5
1995-11-22,5.523438,5.59375,5.453125,5.460938
1995-11-24,5.476563,5.515625,5.460938,5.5
1995-11-27,5.539063,5.59375,5.453125,5.453125
1995-11-28,5.4375,5.71875,5.40625,5.71875
1995-11-29,5.742188,5.78125,5.578125,5.609375
1995-11-30,5.59375,5.609375,5.429688,5.445313
1995-12-01,5.445313,5.492188,5.367188,5.390625
1995-12-04,5.382813,5.601563,5.328125,5.492188
1995-12-05,5.492188,5.507813,5.320313,5.375
1995-12-06,5.382813,5.6875,5.375,5.664063
1995-12-07,5.695313,5.75,5.553711,5.65625
1995-12-08,5.789063,5.914063,5.764648,5.90625
1995-12-11,5.90625,5.921875,5.8125,5.820313
1995-12-12,5.8125,5.820313,5.695313,5.710938
1995-12-13,5.695313,5.757813,5.65625,5.734375
1995-12-14,5.765625,5.84375,5.539063,5.546875
1995-12-15,5.570313,5.609375,5.453125,5.523438
1995-12-18,5.523438,5.5625,5.335938,5.4375
1995-12-19,5.460938,5.688476,5.460938,5.679688
1995-12-20,5.695313,5.710938,5.4375,5.445313
1995-12-21,5.484375,5.625,5.460938,5.625
1995-12-22,5.632813,5.679688,5.570313,5.65625
1995-12-26,5.640625,5.703125,5.617188,5.640625
1995-12-27,5.648438,5.664063,5.523438,5.554688
1995-12-28,5.515625,5.53125,5.453125,5.460938
1995-12-29,5.453125,5.546875,5.390625,5.484375
1996-01-02,5.492188,5.609375,5.460938,5.609375
1996-01-03,5.570313,5.632813,5.421875,5.429688
1996-01-04,5.453125,5.46875,5.304688,5.460938
1996-01-05,5.390625,5.476563,5.382813,5.398438
1996-01-08,5.40625,5.476563,5.382813,5.390625
1996-01-09,5.375,5.375,4.992188,5.011719
1996-01-10,5.03125,5.203125,5.030273,5.148438
1996-01-11,5.21875,5.429688,5.195313,5.414063
1996-01-12,5.40625,5.429688,5.242188,5.359375
1996-01-15,5.367188,5.367188,5.117188,5.15625
1996-01-16,5.226563,5.405273,5.203125,5.398438
1996-01-17,5.296875,5.46875,5.289063,5.304688
1996-01-18,5.34375,5.554688,5.3125,5.476563
1996-01-19,5.640625,5.828125,5.601563,5.742188
1996-01-22,5.726563,5.796875,5.679688,5.75
1996-01-23,5.710938,5.734375,5.578125,5.59375
1996-01-24,5.617188,5.78125,5.59375,5.703125
1996-01-25,5.710938,5.726563,5.5625,5.585938
1996-01-26,5.570313,5.679688,5.5625,5.65625
1996-01-29,5.671875,5.703125,5.584961,5.648438
1996-01-30,5.679688,5.710938,5.664063,5.675781
1996-01-31,5.671875,5.789063,5.632813,5.78125
1996-02-01,5.765625,5.890625,5.75,5.882813
1996-02-02,5.875,5.882813,5.757813,5.8125
1996-02-05,5.796875,6.078125,5.796875,6.070313
1996-02-06,6.03125,6.09375,5.976563,6.03125
1996-02-07,6,6.070313,5.967773,6.054688
1996-02-08,6.039063,6.21875,5.96875,6.179688
1996-02-09,6.171875,6.265625,6.15625,6.257813
1996-02-12,6.234375,6.320313,6.195313,6.21875
1996-02-13,6.109375,6.265625,6.09375,6.226563
1996-02-14,6.257813,6.257813,6.148438,6.171875
1996-02-15,6.15625,6.195313,6.109375,6.15625
1996-02-16,6.171875,6.203125,6.117188,6.117188
1996-02-20,6.078125,6.15625,6.054688,6.109375
1996-02-21,6.109375,6.257813,6.09375,6.242188
1996-02-22,6.25,6.414063,6.25,6.40625
1996-02-23,6.414063,6.476563,6.367188,6.46875
1996-02-26,6.4375,6.453125,6.28125,6.289063
1996-02-27,6.296875,6.300781,6.233398,6.257813
1996-02-28,6.296875,6.375,6.242188,6.257813
1996-02-29,6.1875,6.257813,6.160156,6.167969
1996-03-01,6.148438,6.164063,5.914063,5.96875
1996-03-04,6,6.085938,5.96875,6.015625
1996-03-05,6,6.141601,5.984375,6.132813
1996-03-06,6.140625,6.179688,6.0625,6.0625
1996-03-07,6.070313,6.101563,6.039063,6.082031
1996-03-08,5.96875,6.09375,5.921875,5.945313
1996-03-11,5.945313,6.039063,5.945313,6.03125
1996-03-12,6.015625,6.039063,5.921875,5.984375
1996-03-13,6.139648,6.3125,6.109375,6.304688
1996-03-14,6.320313,6.367188,6.226563,6.226563
1996-03-15,6.25,6.445313,6.226563,6.398438
1996-03-18,6.398438,6.617188,6.398438,6.578125
1996-03-19,6.648438,6.691406,6.546875,6.679688
1996-03-20,6.640625,6.664063,6.483398,6.539063
1996-03-21,6.515625,6.523438,6.28125,6.296875
1996-03-22,6.320313,6.339844,6.234375,6.320313
1996-03-25,6.34375,6.398438,6.175781,6.242188
1996-03-26,6.210938,6.429688,6.171875,6.421875
1996-03-27,6.453125,6.5,6.320313,6.40625
1996-03-28,6.367188,6.46875,6.320313,6.390625
1996-03-29,6.398438,6.507813,6.382813,6.445313
1996-04-01,6.446289,6.46875,6.382813,6.421875
1996-04-02,6.421875,6.5625,6.414063,6.539063
1996-04-03,6.507813,6.570313,6.460938,6.53125
1996-04-04,6.539063,6.554688,6.46875,6.523438
1996-04-08,6.40625,6.492188,6.367188,6.484375
1996-04-09,6.5,6.5,6.34375,6.351563
1996-04-10,6.34375,6.4375,6.328125,6.351563
1996-04-11,6.34375,6.398438,6.226563,6.320313
1996-04-12,6.320313,6.351563,6.28125,6.320313
1996-04-15,6.3125,6.476563,6.3125,6.469726
1996-04-16,6.515625,6.59375,6.5,6.578125
1996-04-17,6.578125,6.625,6.519531,6.621094
1996-04-18,6.625,6.828125,6.59375,6.8125
1996-04-19,7.007813,7.007813,6.84375,6.859375
1996-04-22,6.90625,7.085938,6.890625,7.046875
1996-04-23,7.046875,7.078125,6.960938,7.039063
1996-04-24,7.0625,7.070313,6.953125,6.96875
1996-04-25,6.96875,7.109375,6.890625,7.046875
1996-04-26,7.046875,7.117188,7.023438,7.09375
1996-04-29,7.085938,7.09375,7,7.039063
1996-04-30,7.039063,7.078125,6.992188,7.078125
1996-05-01,7.054688,7.203125,7.039063,7.195313
1996-05-02,7.195313,7.203125,6.945313,6.976563
1996-05-03,7.03125,7.15625,6.882813,6.929688
1996-05-06,6.9375,7.023438,6.851563,6.984375
1996-05-07,6.976563,7.09375,6.945313,7.070313
1996-05-08,7.054688,7.148438,6.921875,7.140625
1996-05-09,7.140625,7.195313,7.078125,7.09375
1996-05-10,7.148438,7.196289,7.132813,7.179688
1996-05-13,7.1875,7.429688,7.1875,7.414063
1996-05-14,7.453125,7.5,7.389648,7.4375
1996-05-15,7.4375,7.484375,7.335938,7.351563
1996-05-16,7.25,7.335938,7.226563,7.320313
1996-05-17,7.367188,7.375,7.273438,7.3125
1996-05-20,7.335938,7.367188,7.289063,7.296875
1996-05-21,7.296875,7.304688,7.195313,7.195313
1996-05-22,7.1875,7.328125,7.164063,7.304688
1996-05-23,7.304688,7.445313,7.304688,7.40625
1996-05-24,7.40625,7.4375,7.390625,7.40625
1996-05-28,7.421875,7.446289,7.320313,7.328125
1996-05-29,7.335938,7.390625,7.289063,7.320313
1996-05-30,7.328125,7.390625,7.289063,7.390625
1996-05-31,7.410156,7.460938,7.375,7.421875
1996-06-03,7.421875,7.46875,7.382813,7.398438
1996-06-04,7.414063,7.429688,7.265625,7.367188
1996-06-05,7.375,7.578125,7.367188,7.554688
1996-06-06,7.609375,7.6875,7.484375,7.488281
1996-06-07,7.351563,7.578125,7.351563,7.578125
1996-06-10,7.5625,7.578125,7.499023,7.539063
1996-06-11,7.546875,7.703125,7.539063,7.632813
1996-06-12,7.679688,7.835938,7.671875,7.8125
1996-06-13,7.820313,7.867188,7.734375,7.789063
1996-06-14,7.796875,7.8125,7.679688,7.6875
1996-06-17,7.695313,7.8125,7.648438,7.789063
1996-06-18,7.78125,7.78125,7.625,7.648438
1996-06-19,7.65625,7.695313,7.585938,7.609375
1996-06-20,7.625,7.655273,7.4375,7.609375
1996-06-21,7.648438,7.757813,7.59375,7.742188
1996-06-24,7.75,7.820313,7.6875,7.757813
1996-06-25,7.765625,7.765625,7.585938,7.625
1996-06-26,7.617188,7.625,7.4375,7.53125
1996-06-27,7.53125,7.5625,7.4375,7.496094
1996-06-28,7.53125,7.5625,7.445313,7.507813
1996-07-01,7.515625,7.65625,7.507813,7.644531
1996-07-02,7.648438,7.664063,7.578125,7.601563
1996-07-03,7.601563,7.679688,7.539063,7.570313
1996-07-05,7.429688,7.523438,7.398438,7.398438
1996-07-08,7.40625,7.546875,7.382813,7.519531
1996-07-09,7.554688,7.585938,7.5,7.5
1996-07-10,7.5,7.5,7.382813,7.46875
1996-07-11,7.390625,7.398438,7.109375,7.15625
1996-07-12,7.199219,7.199219,6.905273,7.023438
1996-07-15,7.023438,7.109375,6.867188,6.914063
1996-07-16,6.890625,7.226563,6.71875,7.210938
1996-07-17,7.359375,7.382813,7.226563,7.320313
1996-07-18,7.328125,7.5,7.242188,7.492188
1996-07-19,7.359375,7.601563,7.359375,7.561523
1996-07-22,7.563476,7.59375,7.367188,7.484375
1996-07-23,7.5,7.507813,6.890625,7.007813
1996-07-24,6.84375,7.234375,6.84375,7.171875
1996-07-25,7.25,7.421875,7.195313,7.40625
1996-07-26,7.46875,7.46875,7.390625,7.445313
1996-07-29,7.453125,7.492188,7.296875,7.304688
1996-07-30,7.367188,7.421875,7.257813,7.414063
1996-07-31,7.4375,7.476563,7.351563,7.367188
1996-08-01,7.367188,7.554688,7.335938,7.539063
1996-08-02,7.632813,7.742188,7.539063,7.710938
1996-08-05,7.71875,7.734375,7.578125,7.609375
1996-08-06,7.601563,7.757813,7.554688,7.75
1996-08-07,7.773438,7.820313,7.679688,7.796875
1996-08-08,7.757813,7.867188,7.734375,7.828125
1996-08-09,7.796875,7.84375,7.742188,7.78125
1996-08-12,7.765625,7.882813,7.75,7.828125
1996-08-13,7.8125,7.867188,7.710938,7.71875
1996-08-14,7.742188,7.820313,7.734375,7.804688
1996-08-15,7.796875,7.859375,7.773438,7.820313
1996-08-16,7.820313,7.828125,7.734375,7.765625
1996-08-19,7.742188,7.757813,7.640625,7.71875
1996-08-20,7.734375,7.757813,7.703125,7.710938
1996-08-21,7.65625,7.71875,7.609375,7.71875
1996-08-22,7.757813,7.820313,7.71875,7.8125
1996-08-23,7.804688,7.8125,7.703125,7.703125
1996-08-26,7.710938,7.734375,7.671875,7.679688
1996-08-27,7.695313,7.796875,7.6875,7.796875
1996-08-28,7.8125,7.859375,7.804688,7.851563
1996-08-29,7.828125,7.828125,7.726563,7.757813
1996-08-30,7.765625,7.765625,7.65625,7.65625
1996-09-03,7.625,7.710938,7.539063,7.710938
1996-09-04,7.710938,7.726563,7.683594,7.710938
1996-09-05,7.671875,7.6875,7.59375,7.59375
1996-09-06,7.625,7.671875,7.601563,7.65625
1996-09-09,7.65625,7.8125,7.640625,7.804688
1996-09-10,7.796875,7.820313,7.726563,7.773438
1996-09-11,7.746094,7.84375,7.726563,7.820313
1996-09-12,7.84375,8.09375,7.824219,8.019531
1996-09-13,8.101563,8.210938,8.054688,8.1875
1996-09-16,8.195313,8.320313,8.1875,8.21875
1996-09-17,8.304688,8.414063,8.265625,8.367188
1996-09-18,8.375,8.617188,8.328125,8.53125
1996-09-19,8.53125,8.640625,8.484375,8.609375
1996-09-20,8.5625,8.664063,8.492188,8.632813
1996-09-23,8.601563,8.632813,8.515625,8.609375
1996-09-24,8.59375,8.648438,8.507813,8.554688
1996-09-25,8.59375,8.617188,8.460938,8.476563
1996-09-26,8.484375,8.507813,8.234375,8.25
1996-09-27,8.28125,8.453125,8.203125,8.398438
1996-09-30,8.34375,8.429688,8.234375,8.242188
1996-10-01,8.234375,8.367188,8.179688,8.257813
1996-10-02,8.304688,8.484375,8.273438,8.421875
1996-10-03,8.421875,8.445313,8.351563,8.375
1996-10-04,8.414063,8.539063,8.390625,8.523438
1996-10-07,8.523438,8.632813,8.492188,8.59375
1996-10-08,8.609375,8.609375,8.4375,8.460938
1996-10-09,8.5,8.507813,8.328125,8.40625
1996-10-10,8.359375,8.507813,8.335938,8.359375
1996-10-11,8.414063,8.578125,8.390625,8.570313
1996-10-14,8.585938,8.632813,8.523438,8.539063
1996-10-15,8.671875,8.695313,8.585938,8.679688
1996-10-16,8.671875,8.683594,8.5625,8.625
1996-10-17,8.640625,8.6875,8.46875,8.46875
1996-10-18,8.375,8.4375,8.347656,8.421875
1996-10-21,8.421875,8.5,8.34375,8.375
1996-10-22,8.320313,8.335938,8.203125,8.28125
1996-10-23,8.289063,8.421875,8.234375,8.40625
1996-10-24,8.429688,8.585938,8.367188,8.539063
1996-10-25,8.539063,8.617188,8.507813,8.527344
1996-10-28,8.542969,8.601563,8.515625,8.539063
1996-10-29,8.554688,8.585938,8.429688,8.460938
1996-10-30,8.460938,8.5625,8.429688,8.515625
1996-10-31,8.523438,8.585938,8.507813,8.578125
1996-11-01,8.578125,8.671875,8.53125,8.585938
1996-11-04,8.578125,8.648438,8.546875,8.625
1996-11-05,8.65625,8.84375,8.644531,8.84375
1996-11-06,8.835938,9.03125,8.8125,9.03125
1996-11-07,9.046875,9.132813,8.945313,8.96875
1996-11-08,8.960938,8.96875,8.84375,8.96875
1996-11-11,8.960938,9.046875,8.9375,8.976563
1996-11-12,9,9.117188,8.84375,8.859375
1996-11-13,8.976563,9.109375,8.945313,9.0625
1996-11-14,9.078125,9.351563,9.078125,9.351563
1996-11-15,9.421875,9.429688,9.210938,9.3125
1996-11-18,9.335938,9.46875,9.289063,9.398438
1996-11-19,9.40625,9.742188,9.390625,9.742188
1996-11-20,9.75,9.875,9.578125,9.578125
1996-11-21,9.65625,9.664063,9.375,9.398438
1996-11-22,9.421875,9.53125,9.335938,9.40625
1996-11-25,9.445313,9.601563,9.40625,9.59375
1996-11-26,9.625,9.710938,9.523438,9.609375
1996-11-27,9.632813,9.734375,9.609375,9.71875
1996-11-29,9.71875,9.820313,9.71875,9.804688
1996-12-02,9.84375,9.859375,9.703125,9.859375
1996-12-03,9.898438,9.96875,9.664063,9.667969
1996-12-04,9.695313,9.703125,9.507813,9.578125
1996-12-05,9.585938,9.710938,9.492188,9.5625
1996-12-06,9.3125,9.65625,9.265625,9.554688
1996-12-09,9.796875,10.234375,9.75,10.21875
1996-12-10,10.546875,10.570313,10.21875,10.234375
1996-12-11,10.125,10.453125,10.015625,10.421875
1996-12-12,10.625,10.65625,10.125,10.125
1996-12-13,10.140625,10.25,9.904296,10
1996-12-16,10.03125,10.09375,9.5625,9.59375
1996-12-17,9.578125,10.015625,9.546875,9.984375
1996-12-18,10.171875,10.34375,10,10.328125
1996-12-19,10.5,10.640625,10.375,10.609375
1996-12-20,10.6875,10.703125,10.421875,10.453125
1996-12-23,10.515625,10.59375,10.359375,10.46875
1996-12-24,10.515625,10.640625,10.390625,10.609375
1996-12-26,10.65625,10.765625,10.640625,10.6875
1996-12-27,10.6875,10.71875,10.501953,10.53125
1996-12-30,10.671875,10.703125,10.4375,10.4375
1996-12-31,10.5,10.53125,10.3125,10.328125
1997-01-02,10.390625,10.390625,10.09375,10.203125
1997-01-03,10.28125,10.59375,10.25,10.578125
1997-01-06,10.578125,10.65625,10.390625,10.546875
1997-01-07,10.5625,10.640625,10.421875,10.625
1997-01-08,10.625,10.654296,10.390625,10.421875
1997-01-09,10.46875,10.46875,10.28125,10.296875
1997-01-10,10.25,10.546875,10.203125,10.53125
1997-01-13,10.640625,10.6875,10.4375,10.46875
1997-01-14,10.53125,10.828125,10.53125,10.671875
1997-01-15,10.703125,10.78125,10.546875,10.578125
1997-01-16,10.625,10.890625,10.625,10.75
1997-01-17,10.703125,10.96875,10.6875,10.890625
1997-01-20,10.875,11.609375,10.828125,11.34375
1997-01-21,11.328125,11.882813,11.203125,11.875
1997-01-22,11.890625,12.3125,11.828125,12.171875
1997-01-23,12.265625,12.46875,11.8125,11.84375
1997-01-24,11.890625,12.21875,11.796875,11.992188
1997-01-27,12.0625,12.173828,11.9375,12.015625
1997-01-28,12.296875,12.34375,11.84375,11.953125
1997-01-29,12.09375,12.171875,11.96875,12.15625
1997-01-30,12.28125,12.65625,12.25,12.640625
1997-01-31,12.734375,12.90625,12.609375,12.75
1997-02-03,12.828125,12.923828,12.640625,12.796875
1997-02-04,12.796875,12.90625,12.5625,12.890625
1997-02-05,12.890625,12.9375,12.109375,12.296875
1997-02-06,12.28125,12.296875,12,12.140625
1997-02-07,12.296875,12.5625,12.1875,12.546875
1997-02-10,12.59375,12.6875,12.203125,12.21875
1997-02-11,12.28125,12.328125,11.890625,12.3125
1997-02-12,12.296875,12.5,12.1875,12.484375
1997-02-13,12.5625,12.640625,12.421875,12.5
1997-02-14,12.421875,12.5625,12.203125,12.234375
1997-02-18,12.203125,12.234375,12.015625,12.171875
1997-02-19,12.171875,12.265625,12.0625,12.1875
1997-02-20,12.109375,12.1875,11.890625,11.90625
1997-02-21,11.859375,11.921875,11.75,11.875
1997-02-24,11.78125,12.53125,11.75,12.515625
1997-02-25,12.5,12.626953,12.359375,12.4375
1997-02-26,12.4375,12.546875,12.296875,12.53125
1997-02-27,12.53125,12.53125,12,12.015625
1997-02-28,12.015625,12.296875,11.929688,12.1875
1997-03-03,12.125,12.515625,12.078125,12.4375
1997-03-04,12.40625,12.515625,12.328125,12.390625
1997-03-05,12.4375,12.625,12.40625,12.609375
1997-03-06,12.59375,12.609375,12.216796,12.21875
1997-03-07,12.296875,12.4375,12.0625,12.09375
1997-03-10,12.140625,12.515625,11.992188,12.5
1997-03-11,12.453125,12.570313,12.296875,12.296875
1997-03-12,12.21875,12.4375,12.21875,12.34375
1997-03-13,12.28125,12.515625,12.25,12.453125
1997-03-14,12.46875,12.53125,12.359375,12.375
1997-03-17,12.3125,12.59375,12.25,12.5625
1997-03-18,12.578125,12.601563,12.359375,12.453125
1997-03-19,12.21875,12.28125,11.867188,12.09375
1997-03-20,12.078125,12.21875,11.921875,12
1997-03-21,12.0625,12.140625,11.609375,11.75
1997-03-24,11.640625,11.6875,10.9375,11.265625
1997-03-25,11.328125,11.421875,11.109375,11.289063
1997-03-26,11.34375,11.828125,11.328125,11.78125
1997-03-27,11.890625,12.015625,11.375,11.71875
1997-03-31,11.640625,11.8125,11.40625,11.460938
1997-04-01,11.265625,11.71875,11.21875,11.65625
1997-04-02,11.609375,11.703125,11.375,11.5
1997-04-03,11.375,11.921875,11.328125,11.890625
1997-04-04,11.71875,12.09375,11.71875,11.773438
1997-04-07,11.953125,12.203125,11.875,11.984375
1997-04-08,12.078125,12.28125,11.9375,12.28125
1997-04-09,12.390625,12.40625,12.21875,12.25
1997-04-10,12.21875,12.21875,11.9375,12.09375
1997-04-11,11.9375,12.15625,11.867188,11.875
1997-04-14,11.84375,12.171875,11.671875,12.171875
1997-04-15,12.234375,12.375,11.984375,12.140625
1997-04-16,12.078125,12.3125,12.03125,12.28125
1997-04-17,12.3125,12.5,12.1875,12.265625
1997-04-18,13,13.453125,12.875,13.453125
1997-04-21,13.375,13.984375,13.265625,13.453125
1997-04-22,13.453125,13.851563,13.4375,13.828125
1997-04-23,13.828125,14.46875,13.796875,14.390625
1997-04-24,14.578125,14.734375,14.09375,14.265625
1997-04-25,14.1875,14.421875,14.15625,14.203125
1997-04-28,14.21875,14.382813,13.953125,14.359375
1997-04-29,14.671875,14.890625,14.5625,14.875
1997-04-30,14.828125,15.328125,14.796875,15.1875
1997-05-01,15.25,15.40625,14.90625,15.125
1997-05-02,15.25,15.4375,14.867188,15.09375
1997-05-05,14.953125,15.09375,14.4375,15.023438
1997-05-06,14.921875,14.96875,14.546875,14.664063
1997-05-07,14.546875,14.875,14.390625,14.4375
1997-05-08,14.40625,14.765625,14.390625,14.546875
1997-05-09,14.75,14.8125,14.46875,14.59375
1997-05-12,14.6875,14.8125,14.625,14.765625
1997-05-13,14.796875,14.90625,14.609375,14.71875
1997-05-14,14.796875,14.828125,14.453125,14.484375
1997-05-15,14.5,14.734375,14.484375,14.640625
1997-05-16,14.546875,14.625,14.359375,14.429688
1997-05-19,14.515625,14.640625,14.390625,14.390625
1997-05-20,14.484375,14.90625,14.40625,14.890625
1997-05-21,15.078125,15.367188,14.96875,15.046875
1997-05-22,15.125,15.203125,14.96875,15.078125
1997-05-23,15.171875,15.375,15.109375,15.359375
1997-05-27,15.34375,15.921875,15.296875,15.828125
1997-05-28,15.90625,15.90625,15.609375,15.734375
1997-05-29,15.90625,16.132813,15.625,15.734375
1997-05-30,14.6875,15.703125,14.6875,15.5
1997-06-02,15.625,15.6875,15.390625,15.546875
1997-06-03,15.421875,15.4375,15.078125,15.09375
1997-06-04,15.078125,15.28125,14.78125,14.898438
1997-06-05,15.033203,15.1875,14.9375,15.070313
1997-06-06,15.171875,15.539063,15.125,15.507813
1997-06-09,15.609375,15.765625,15.3125,15.640625
1997-06-10,15.640625,15.882813,15.46875,15.601563
1997-06-11,15.601563,15.921875,15.445313,15.875
1997-06-12,15.84375,16.015625,15.6875,15.875
1997-06-13,15.84375,16.257813,15.820313,16.203125
1997-06-16,16.203125,16.421875,16.109375,16.421875
1997-06-17,16.4375,16.867188,16.359375,16.773438
1997-06-18,16.65625,16.6875,16.257813,16.273438
1997-06-19,16.046875,16.34375,16,16.164063
1997-06-20,16.171875,16.421875,16.0625,16.234375
1997-06-23,16.234375,16.4375,16,16.007813
1997-06-24,16.1875,16.515625,16.046875,16.507813
1997-06-25,16.609375,16.65625,16.15625,16.304688
1997-06-26,16.265625,16.351563,15.984375,16.03125
1997-06-27,16.140625,16.25,15.90625,15.9375
1997-06-30,15.984375,16.09375,15.773438,15.796875
1997-07-01,15.804688,15.859375,15.40625,15.617188
1997-07-02,15.703125,16.0625,15.507813,16.046875
1997-07-03,16.257813,16.257813,16.0625,16.195313
1997-07-07,16.328125,16.46875,16.171875,16.1875
1997-07-08,16.171875,16.414063,16.117188,16.40625
1997-07-09,16.5625,16.578125,16.1875,16.34375
1997-07-10,16.3125,16.40625,16.109375,16.234375
1997-07-11,16.28125,16.382813,16.054688,16.21875
1997-07-14,16.351563,17,16.3125,16.992188
1997-07-15,17.257813,17.40625,17.078125,17.308594
1997-07-16,17.796875,18.6875,17.5,18.554688
1997-07-17,18.8125,18.84375,18.3125,18.6875
1997-07-18,18.125,18.421875,17.466796,17.5625
1997-07-21,17.609375,17.625,16.71875,16.992188
1997-07-22,17.109375,18.101563,17.09375,18.015625
1997-07-23,18.15625,18.359375,17.625,17.679688
1997-07-24,17.296875,17.546875,16.953125,17.25
1997-07-25,17.3125,17.78125,17.15625,17.3125
1997-07-28,17.40625,17.421875,16.96875,17.125
1997-07-29,17.09375,17.507813,17.015625,17.492188
1997-07-30,17.59375,17.75,17.453125,17.640625
1997-07-31,17.75,17.765625,17.609375,17.671875
1997-08-01,17.671875,17.726563,17.398438,17.578125
1997-08-04,17.53125,17.75,17.429688,17.695313
1997-08-05,17.78125,18.046875,17.75,17.914063
1997-08-06,17.914063,18.078125,17.78125,17.929688
1997-08-07,18.039063,18.046875,17.765625,17.992188
1997-08-08,17.851563,17.890625,17.5,17.5
1997-08-11,17.5,17.53125,17.046875,17.28125
1997-08-12,17.421875,17.46875,16.976563,17
1997-08-13,17.265625,17.28125,16.84375,17.007813
1997-08-14,17,17.09375,16.765625,17.03125
1997-08-15,16.9375,17,16.59375,16.609375
1997-08-18,16.625,16.734375,16.375,16.734375
1997-08-19,16.84375,17.375,16.828125,17.351563
1997-08-20,17.375,17.585938,17.125,17.570313
1997-08-21,17.703125,17.796875,17.1875,17.234375
1997-08-22,16.90625,17.1875,16.765625,17.15625
1997-08-25,17.234375,17.375,16.953125,17.0625
1997-08-26,17,17.109375,16.84375,16.875
1997-08-27,16.90625,16.914063,16.625,16.820313
1997-08-28,16.6875,16.71875,16.5,16.507813
1997-08-29,16.507813,16.734375,16.46875,16.523438
1997-09-02,16.640625,17.1875,16.625,17.148438
1997-09-03,17.203125,17.359375,17.023438,17.070313
1997-09-04,17,17.3125,16.96875,17.273438
1997-09-05,17.382813,17.460938,17.03125,17.164063
1997-09-08,17.21875,17.476563,17.21875,17.414063
1997-09-09,17.40625,17.53125,17.296875,17.4375
1997-09-10,17.359375,17.390625,16.882813,16.890625
1997-09-11,16.875,17.171875,16.609375,17.101563
1997-09-12,17.109375,17.296875,16.953125,17.242188
1997-09-15,16.953125,17.15625,16.328125,16.335938
1997-09-16,16.46875,17.125,16.375,17.046875
1997-09-17,17.078125,17.09375,16.578125,16.648438
1997-09-18,16.78125,16.890625,16.429688,16.53125
1997-09-19,16.53125,16.90625,16.5,16.898438
1997-09-22,16.875,16.984375,16.648438,16.664063
1997-09-23,16.695313,16.9375,16.640625,16.9375
1997-09-24,16.953125,17.007813,16.515625,16.554688
1997-09-25,16.609375,16.765625,16.507813,16.59375
1997-09-26,16.703125,16.71875,16.453125,16.671875
1997-09-29,16.6875,16.84375,16.609375,16.8125
1997-09-30,16.804688,16.96875,16.53125,16.539063
1997-10-01,16.5625,16.8125,16.421875,16.734375
1997-10-02,16.71875,16.828125,16.59375,16.648438
1997-10-03,16.867188,17.03125,16.671875,16.867188
1997-10-06,16.984375,17.03125,16.78125,16.890625
1997-10-07,16.875,17.210938,16.828125,17.070313
1997-10-08,17.078125,17.382813,17.03125,17.375
1997-10-09,17.3125,17.453125,17.265625,17.367188
1997-10-10,17.289063,17.34375,17.03125,17.0625
1997-10-13,17.125,17.234375,17.070313,17.09375
1997-10-14,17.140625,17.171875,16.921875,17.085938
1997-10-15,16.96875,17,16.859375,16.96875
1997-10-16,17.015625,17.078125,16.53125,16.738281
1997-10-17,16.640625,16.828125,16.296875,16.53125
1997-10-20,16.625,16.90625,15.9375,16.578125
1997-10-21,17.015625,17.404296,16.914063,17.3125
1997-10-22,17.296875,17.3125,16.921875,16.960938
1997-10-23,16.5,17.15625,16.5,16.953125
1997-10-24,17.109375,17.15625,16.65625,16.921875
1997-10-27,16.859375,17.03125,16.078125,16.09375
1997-10-28,15.5,16.875,15.4375,16.671875
1997-10-29,16.71875,16.882813,16.265625,16.390625
1997-10-30,16.1875,16.453125,16.0625,16.078125
1997-10-31,16.375,16.4375,16.203125,16.25
1997-11-03,16.453125,16.78125,16.414063,16.765625
1997-11-04,16.75,16.867188,16.648438,16.78125
1997-11-05,16.8125,16.828125,16.5625,16.695313
1997-11-06,16.65625,16.6875,16.46875,16.507813
1997-11-07,16.257813,16.5,16.234375,16.445313
1997-11-10,16.453125,16.5625,16.21875,16.273438
1997-11-11,16.304688,16.429688,16.171875,16.328125
1997-11-12,16.265625,16.375,16.125,16.148438
1997-11-13,16.257813,16.453125,16.148438,16.445313
1997-11-14,16.453125,16.734375,16.421875,16.664063
1997-11-17,16.8125,16.976563,16.679688,16.859375
1997-11-18,16.867188,16.9375,16.71875,16.75
1997-11-19,16.703125,16.890625,16.671875,16.882813
1997-11-20,16.90625,17.140625,16.859375,17.109375
1997-11-21,17.226563,17.25,17.046875,17.234375
1997-11-24,17.140625,17.265625,16.9375,16.9375
1997-11-25,16.984375,17.40625,16.96875,17.375
1997-11-26,17.375,17.734375,17.28125,17.695313
1997-11-28,17.65625,17.78125,17.640625,17.6875
1997-12-01,17.742188,18,17.703125,17.976563
1997-12-02,17.945313,18.109375,17.75,17.78125
1997-12-03,17.710938,18.132813,17.625,18.085938
1997-12-04,18.09375,18.234375,17.78125,17.820313
1997-12-05,17.765625,18.09375,17.765625,17.890625
1997-12-08,17.9375,18.328125,17.890625,18.265625
1997-12-09,18.125,18.171875,17.9375,18.039063
1997-12-10,17.78125,17.90625,17.625,17.78125
1997-12-11,17.546875,17.625,17.359375,17.382813
1997-12-12,17.21875,17.3125,17,17.09375
1997-12-15,17.054688,17.125,16.515625,17.015625
1997-12-16,16.984375,17.546875,16.875,17.382813
1997-12-17,17.484375,17.546875,16.9375,16.953125
1997-12-18,16.8125,16.84375,16.296875,16.359375
1997-12-19,16.09375,16.273438,15.78125,16.085938
1997-12-22,16.140625,16.25,15.734375,15.875
1997-12-23,15.882813,16.03125,15.375,15.414063
1997-12-24,15.46875,15.484375,14.75,14.867188
1997-12-26,14.859375,15.09375,14.84375,15.09375
1997-12-29,15.296875,15.84375,15.265625,15.789063
1997-12-30,15.804688,16.375,15.78125,16.28125
1997-12-31,16.375,16.4375,16.125,16.15625
1998-01-02,16.203125,16.4375,16.1875,16.390625
1998-01-05,16.40625,16.703125,15.984375,16.296875
1998-01-06,16.21875,16.625,16.15625,16.390625
1998-01-07,16.234375,16.398438,15.9375,16.195313
1998-01-08,16.078125,16.515625,15.9375,16.3125
1998-01-09,16.257813,16.4375,15.734375,15.875
1998-01-12,15.578125,16.25,15.546875,16.1875
1998-01-13,16.1875,16.53125,16.015625,16.515625
1998-01-14,16.515625,16.5625,16.15625,16.390625
1998-01-15,16.296875,16.625,16.234375,16.539063
1998-01-16,16.546875,16.921875,16.539063,16.90625
1998-01-20,16.765625,17.25,16.75,17.226563
1998-01-21,17.15625,17.304688,16.953125,17.125
1998-01-22,16.945313,17.484375,16.914063,17.328125
1998-01-23,17.34375,17.429688,17.08789,17.28125
1998-01-26,17.484375,17.734375,17.30664,17.71875
1998-01-27,17.796875,18.234375,17.695313,18.148438
1998-01-28,18.28125,18.6875,18.1875,18.625
1998-01-29,18.617188,18.765625,18.4375,18.53125
1998-01-30,18.578125,18.75,18.453125,18.648438
1998-02-02,18.96875,19.390625,18.8125,19.359375
1998-02-03,19.390625,19.515625,19.226563,19.484375
1998-02-04,19.484375,19.75,19.382813,19.601563
1998-02-05,19.765625,19.84375,19.34375,19.429688
1998-02-06,19.421875,19.78125,19.390625,19.765625
1998-02-09,19.84375,19.859375,19.453125,19.648438
1998-02-10,19.65625,19.9375,19.59375,19.90625
1998-02-11,19.921875,20.007813,19.632813,19.867188
1998-02-12,19.757813,19.867188,19.507813,19.84375
1998-02-13,19.828125,19.84375,19.671875,19.6875
1998-02-17,19.8125,19.8125,19.234375,19.296875
1998-02-18,19.328125,19.5,19.21875,19.328125
1998-02-19,19.4375,19.507813,19.28125,19.359375
1998-02-20,19.4375,19.46875,19.109375,19.390625
1998-02-23,20.21875,20.421875,19.84375,20.40625
1998-02-24,20.84375,21.234375,20.46875,20.53125
1998-02-25,20.859375,21.25,20.765625,21.234375
1998-02-26,21.375,21.421875,21.109375,21.375
1998-02-27,21.390625,21.5,21.140625,21.1875
1998-03-02,21.46875,21.46875,20.765625,20.828125
1998-03-03,20.65625,21.140625,20.640625,21.125
1998-03-04,20.609375,20.953125,20.390625,20.578125
1998-03-05,19.78125,20.359375,19.71875,20.015625
1998-03-06,20.078125,20.6875,20.0625,20.6875
1998-03-09,20.625,20.625,19.875,19.898438
1998-03-10,20.296875,20.375,19.984375,20.375
1998-03-11,20.5,20.5,19.9375,20.171875
1998-03-12,20.625,20.65625,20.203125,20.46875
1998-03-13,20.609375,20.75,20.390625,20.59375
1998-03-16,20.609375,20.6875,20.34375,20.5
1998-03-17,20.421875,20.421875,19.921875,20.09375
1998-03-18,20.015625,20.453125,19.96875,20.4375
1998-03-19,20.375,20.578125,20.3125,20.5
1998-03-20,20.53125,20.75,20.125,20.453125
1998-03-23,20.296875,21.15625,20.265625,20.96875
1998-03-24,21.046875,21.265625,20.859375,21.234375
1998-03-25,22.625,22.734375,21.8125,22.203125
1998-03-26,22.125,22.390625,21.875,22.0625
1998-03-27,22.34375,22.34375,21.890625,21.953125
1998-03-30,22.015625,22.15625,21.78125,21.984375
1998-03-31,22.15625,22.4375,22.125,22.375
1998-04-01,22.453125,22.65625,22.125,22.59375
1998-04-02,22.671875,22.984375,22.46875,22.828125
1998-04-03,23,23.265625,22.875,23.25
1998-04-06,23.15625,23.15625,22.265625,22.484375
1998-04-07,22.328125,22.65625,21.6875,21.8125
1998-04-08,21.6875,22.265625,21.65625,22.234375
1998-04-09,21.984375,22.40625,21.875,22.25
1998-04-13,22.203125,22.25,21.6875,22.15625
1998-04-14,22.171875,22.390625,21.875,22.109375
1998-04-15,22.3125,22.84375,22.21875,22.84375
1998-04-16,22.59375,23.015625,22.546875,22.921875
1998-04-17,22.875,23.0625,22.578125,23.03125
1998-04-20,23.09375,23.75,23.046875,23.65625
1998-04-21,23.671875,23.75,23.28125,23.71875
1998-04-22,24,24.78125,23.90625,24.71875
1998-04-23,24.3125,24.34375,23.535155,23.625
1998-04-24,23.375,23.6875,22.96875,23.03125
1998-04-27,22.375,22.632813,22.125,22.578125
1998-04-28,23.03125,23.0625,22.253905,22.46875
1998-04-29,22.515625,22.875,22.40625,22.625
1998-04-30,22.875,22.90625,22.421875,22.53125
1998-05-01,22.546875,22.625,22.03125,22.40625
1998-05-04,22.296875,22.46875,21.984375,22.015625
1998-05-05,21.90625,22.390625,21.75,21.9375
1998-05-06,21.875,21.875,21.5,21.59375
1998-05-07,21.546875,21.5625,20.796875,20.84375
1998-05-08,20.46875,21.53125,20.46875,21.4375
1998-05-11,21.53125,21.546875,21.015625,21.0625
1998-05-12,20.8125,21.4375,20.8125,21.421875
1998-05-13,22.171875,22.1875,21.625,21.734375
1998-05-14,21.46875,22.75,21.453125,22.234375
1998-05-15,22.53125,22.546875,22.1875,22.359375
1998-05-18,21.125,21.875,21.125,21.515625
1998-05-19,21.453125,21.734375,21.390625,21.625
1998-05-20,21.53125,21.71875,21.34375,21.4375
1998-05-21,21.453125,21.84375,21.375,21.59375
1998-05-22,21.65625,21.6875,21.359375,21.390625
1998-05-26,21.328125,21.546875,20.875,20.90625
1998-05-27,20.71875,21.53125,20.71875,21.5
1998-05-28,21.4375,21.59375,21.265625,21.578125
1998-05-29,21.59375,21.625,21.1875,21.203125
1998-06-01,20.96875,21.152343,20.78125,20.9375
1998-06-02,21.015625,21.484375,20.96875,21.375
1998-06-03,21.46875,21.609375,21,21.078125
1998-06-04,21.171875,21.53125,20.90625,21.515625
1998-06-05,21.46875,21.625,21.1875,21.5625
1998-06-08,21.40625,21.578125,21.25,21.421875
1998-06-09,21.328125,21.890625,21.3125,21.765625
1998-06-10,21.65625,22.09375,21.46875,21.5
1998-06-11,21.609375,21.78125,21.28125,21.328125
1998-06-12,21.21875,21.53125,21,21.4375
1998-06-15,21.171875,21.828125,21.140625,21.484375
1998-06-16,21.578125,22.484375,21.375,22.46875
1998-06-17,22.484375,23.09375,22.4375,22.765625
1998-06-18,22.703125,22.9375,22.59375,22.796875
1998-06-19,23.21875,23.6875,23.125,23.671875
1998-06-22,23.6875,23.984375,23.421875,23.953125
1998-06-23,23.953125,25.21875,23.8125,25.1875
1998-06-24,25.421875,26.28125,24.984375,26.234375
1998-06-25,26.46875,26.71875,25.34375,25.390625
1998-06-26,25.5625,26.15625,25.5,26.109375
1998-06-29,26.375,26.921875,26.3125,26.859375
1998-06-30,26.3125,27.140625,26.15625,27.09375
1998-07-01,27.28125,27.53125,26.796875,27.34375
1998-07-02,27.203125,27.28125,26.78125,26.8125
1998-07-06,26.71875,27.015625,26.34375,26.953125
1998-07-07,26.953125,27.140625,26.625,26.984375
1998-07-08,27.03125,27.53125,26.6875,27.46875
1998-07-09,27.5,28,27.4375,27.75
1998-07-10,27.78125,28.3125,27.46875,28.296875
1998-07-13,28.53125,29.5625,28.40625,29.390625
1998-07-14,29.5625,29.6875,28.875,29.125
1998-07-15,29,29.5,28.90625,29.34375
1998-07-16,29.515625,29.71875,29.15625,29.34375
1998-07-17,29.375,29.90625,28.984375,29.484375
1998-07-20,29.546875,29.875,29.203125,29.25
1998-07-21,29.21875,29.75,28.125,28.203125
1998-07-22,28,29.3125,27.96875,29.1875
1998-07-23,29.078125,29.375,28.25,28.25
1998-07-24,28.4375,28.90625,28.109375,28.453125
1998-07-27,28.28125,29.1875,27.671875,29.1875
1998-07-28,29,29.21875,28,28.0625
1998-07-29,28.3125,28.5625,27.515625,27.671875
1998-07-30,27.984375,28.40625,27.6875,28.359375
1998-07-31,28.234375,28.378905,27.484375,27.484375
1998-08-03,27.28125,27.71875,26.84375,27.109375
1998-08-04,27.15625,27.40625,26.046875,26.125
1998-08-05,26.03125,26.5625,25.375,26.078125
1998-08-06,25.9375,26.734375,25.90625,26.71875
1998-08-07,26.859375,26.875,26.265625,26.46875
1998-08-10,26.453125,26.578125,26.109375,26.109375
1998-08-11,25.71875,26.09375,25.5,25.859375
1998-08-12,26.078125,26.296875,25.75,26.265625
1998-08-13,26.03125,26.5,25.9375,25.984375
1998-08-14,26.171875,26.265625,25.875,26.0625
1998-08-17,25.875,26.84375,25.75,26.828125
1998-08-18,26.96875,27.953125,26.84375,27.8125
1998-08-19,28.0625,28.1875,27.5625,27.640625
1998-08-20,27.53125,28.1875,27.421875,28.140625
1998-08-21,27.78125,27.96875,27.1875,27.65625
1998-08-24,27.578125,28,27.5,27.59375
1998-08-25,27.84375,28.421875,27.78125,28.203125
1998-08-26,27.8125,28.4375,27.71875,28.140625
1998-08-27,27.640625,28.1875,27.125,27.3125
1998-08-28,27.0625,27.40625,26.1875,26.3125
1998-08-31,26.21875,26.625,23.9375,23.984375
1998-09-01,23.8125,25.4375,23.625,25.3125
1998-09-02,25.453125,26.0625,25.0625,25.140625
1998-09-03,24.6875,25.1875,24.5625,24.8125
1998-09-04,24.921875,25.0625,24.03125,24.15625
1998-09-08,25,25.515625,24.765625,25.492188
1998-09-09,25.5625,26.109375,25.40625,25.5625
1998-09-10,25,25.28125,24.671875,25.1875
1998-09-11,25.28125,26.15625,25.03125,26.0625
1998-09-14,26.234375,26.765625,26.21875,26.5
1998-09-15,26.46875,27.109375,26.28125,27.078125
1998-09-16,26.96875,27.125,26.53125,27.046875
1998-09-17,26.328125,26.625,26.203125,26.234375
1998-09-18,26.4375,26.5625,26.078125,26.34375
1998-09-21,25.625,27.015625,25.59375,26.96875
1998-09-22,27.109375,27.46875,26.6875,27.296875
1998-09-23,27.40625,28.46875,27.125,28.40625
1998-09-24,28.28125,28.65625,27.25,27.53125
1998-09-25,27.28125,28.28125,27.15625,28.265625
1998-09-28,28.25,28.59375,27.4375,27.828125
1998-09-29,27.953125,28.5,27.84375,28.21875
1998-09-30,28.078125,28.390625,27.507813,27.515625
1998-10-01,27.015625,27.375,26,26.015625
1998-10-02,25.84375,26.296875,25.25,26.03125
1998-10-05,25.625,25.71875,24.125,25.296875
1998-10-06,25.625,25.90625,24.34375,24.40625
1998-10-07,24.34375,24.9375,23.34375,23.53125
1998-10-08,22.640625,22.96875,21.9375,22.796875
1998-10-09,23.296875,24.25,23.0625,24.21875
1998-10-12,24.8125,25.25,24.625,24.9375
1998-10-13,24.875,24.9375,23.9375,24.109375
1998-10-14,23.96875,25.34375,23.96875,25.046875
1998-10-15,25.03125,26.40625,24.90625,26.359375
1998-10-16,26.5,26.625,26,26.265625
1998-10-19,26.03125,26.046875,25.28125,25.734375
1998-10-20,25.8125,25.84375,24.90625,25.0625
1998-10-21,26.21875,26.71875,25.765625,26.609375
1998-10-22,26.5,27.53125,26.3125,27.5
1998-10-23,27.25,27.5,26.546875,26.59375
1998-10-26,26.703125,27,26.421875,26.765625
1998-10-27,26.9375,26.96875,26.25,26.359375
1998-10-28,26.21875,26.65625,26.21875,26.421875
1998-10-29,26.359375,26.875,26.359375,26.65625
1998-10-30,26.8125,27.046875,26.28125,26.46875
1998-11-02,26.59375,26.71875,26.25,26.453125
1998-11-03,26.375,26.640625,26.1875,26.296875
1998-11-04,26.453125,26.828125,26.21875,26.375
1998-11-05,26.328125,26.90625,26.3125,26.59375
1998-11-06,26.515625,27.4375,26.484375,27.328125
1998-11-09,27.296875,27.84375,27.203125,27.671875
1998-11-10,27.53125,28.359375,27.515625,28.015625
1998-11-11,28.359375,28.6875,27.71875,27.765625
1998-11-12,27.5625,27.78125,27.125,27.1875
1998-11-13,27.109375,27.625,27.09375,27.5
1998-11-16,27.828125,27.9375,26.875,27.203125
1998-11-17,27.25,28.09375,27.234375,27.96875
1998-11-18,27.390625,27.765625,27.3125,27.4375
1998-11-19,27.265625,28.125,27.265625,27.9375
1998-11-20,28.1875,28.4375,27.8125,28.40625
1998-11-23,28.125,30.046875,28.125,29.796875
1998-11-24,29.671875,31.265625,29.65625,30.421875
1998-11-25,30.671875,31.09375,30.1875,31.0625
1998-11-27,31.28125,32.03125,31.078125,32.015625
1998-11-30,32.34375,32.566405,30.484375,30.5
1998-12-01,30.0625,32.4375,30.03125,32.375
1998-12-02,32.296875,32.4375,31.375,31.6875
1998-12-03,31.71875,32.234375,30.5,30.53125
1998-12-04,31.234375,31.84375,31,31.84375
1998-12-07,31.921875,33.4375,31.6875,33.390625
1998-12-08,33.21875,33.5625,32.4375,32.796875
1998-12-09,33.03125,33.453125,32.5,33.40625
1998-12-10,33.28125,33.65625,32.84375,32.890625
1998-12-11,32.75,33.671875,32.6875,33.5
1998-12-14,33.1875,33.4375,31.921875,31.984375
1998-12-15,32.328125,33,32.3125,32.96875
1998-12-16,33.125,33.78125,32.28125,33.4375
1998-12-17,33.546875,33.71875,33.0625,33.59375
1998-12-18,33.75,34.5625,33.53125,34.453125
1998-12-21,34.65625,35.546875,34.4375,35.109375
1998-12-22,35.125,35.125,34.34375,34.609375
1998-12-23,35.09375,35.953125,34.84375,35.890625
1998-12-24,35.90625,36,35.375,35.4375
1998-12-28,35.75,35.90625,35.375,35.59375
1998-12-29,35.640625,35.640625,34.90625,35.125
1998-12-30,35.21875,35.839843,34.71875,34.75
1998-12-31,34.796875,35,34.5,34.671875
1999-01-04,34.902343,36.3125,34.84375,35.25
1999-01-05,35.46875,37,35.359375,36.625
1999-01-06,37.375,37.875,36.6875,37.8125
1999-01-07,37.4375,37.65625,37.0625,37.625
1999-01-08,38.046875,38.125,36.75,37.46875
1999-01-11,37.71875,37.734375,36.0625,36.875
1999-01-12,37.03125,37.03125,35.25,35.546875
1999-01-13,34,36.9375,34,35.953125
1999-01-14,36.3125,36.390625,35.375,35.4375
1999-01-15,35.734375,37.5,35.34375,37.4375
1999-01-19,37.84375,39.59375,37.71875,38.90625
1999-01-20,41.734375,41.9375,40.621093,40.65625
1999-01-21,40.4375,40.828125,39.4375,39.578125
1999-01-22,38.90625,40.058593,38.8125,39.0625
1999-01-25,40.421875,40.828125,39.78125,40.46875
1999-01-26,41.375,42.9375,41.125,42.890625
1999-01-27,43.125,43.609375,42.125,42.15625
1999-01-28,42.9375,43.515625,42.453125,43.5
1999-01-29,43.6875,43.78125,42.71875,43.75
1999-02-01,43.859375,43.984375,42.703125,43.234375
1999-02-02,43.125,43.140625,41.5625,41.90625
1999-02-03,41.59375,42.46875,41.5,41.703125
1999-02-04,42.03125,42.09375,39.71875,39.765625
1999-02-05,40.0625,40.40625,38.71875,40
1999-02-08,40.640625,41.390625,40.40625,41.3125
1999-02-09,41.234375,41.6875,39.9375,40.015625
1999-02-10,39.96875,41.09375,39.65625,40.15625
1999-02-11,40.6875,40.96875,40.09375,40.6875
1999-02-12,40.421875,40.921875,39.28125,39.4375
1999-02-16,39.9375,39.96875,38.640625,39.0625
1999-02-17,38.234375,38.53125,37.125,37.5
1999-02-18,37.734375,37.84375,35.996093,36.4375
1999-02-19,36.859375,37.3125,36.4375,36.9375
1999-02-22,37.0625,37.25,36.1875,37.203125
1999-02-23,38.234375,38.90625,37.625,38.859375
1999-02-24,39.109375,39.84375,38.1875,38.21875
1999-02-25,38.09375,38.4375,37.40625,38.375
1999-02-26,38.09375,38.125,37.375,37.53125
1999-03-01,37.390625,38.140625,37.375,37.9375
1999-03-02,37.96875,38.53125,36.90625,37.140625
1999-03-03,37.25,37.671875,36.765625,37.40625
1999-03-04,37.78125,38.375,37.03125,38.0625
1999-03-05,38.6875,38.84375,38.28125,38.734375
1999-03-08,38.875,39.808593,38.75,39.75
1999-03-09,39.96875,41.1875,39.9375,40.453125
1999-03-10,40.578125,40.625,39.796875,40.34375
1999-03-11,40.25,41.140625,39.828125,40.359375
1999-03-12,40.65625,40.6875,39.203125,40.046875
1999-03-15,40.140625,41.5,39.46875,41.46875
1999-03-16,41.375,42.5,41.0625,42.265625
1999-03-17,42.265625,42.359375,41.6875,41.78125
1999-03-18,41.609375,43.140625,41.546875,43.109375
1999-03-19,43.46875,43.53125,42.46875,42.796875
1999-03-22,43.234375,43.734375,43,43.203125
1999-03-23,43.171875,43.53125,41.5625,41.640625
1999-03-24,41.75,42.953125,40.78125,42.8125
1999-03-25,43.265625,45.015625,43.125,44.984375
1999-03-26,44.734375,45.09375,43.9375,44.53125
1999-03-29,45.0625,46.3125,44.25,46.1875
1999-03-30,46.6875,46.75,46.125,46.5
1999-03-31,47.25,47.3125,44.5625,44.8125
1999-04-01,45.625,46.4375,45.13281,46.34375
1999-04-05,47.15625,47.50781,46.75,47.46875
1999-04-06,47.59375,47.8125,46.625,47.03125
1999-04-07,47.4375,47.5,45.625,46.65625
1999-04-08,46.625,47.3125,45.5,47.28125
1999-04-09,47.125,47.5,46.5,47.125
1999-04-12,45.8125,46.8125,45.6875,46.5
1999-04-13,46.5625,46.5625,44.59375,45.0625
1999-04-14,45.40625,45.5625,42.9375,42.9375
1999-04-15,43.65625,44.9375,41.9375,44.4375
1999-04-16,44.53125,44.5625,42.9375,43.3125
1999-04-19,43.4375,44.0625,40.1875,40.5
1999-04-20,41.125,42,40,41.5625
1999-04-21,41.0625,41.25,40,41
1999-04-22,42.5,42.625,41.6875,42.46875
1999-04-23,42.5,43.5,41.5,43
1999-04-26,43.59375,44.46875,43.375,44
1999-04-27,44.375,44.375,41.96875,42
1999-04-28,42.65625,43.25,40.859375,41.0625
1999-04-29,41.1875,41.84375,40.203125,41.03125
1999-04-30,41.375,41.875,39.9375,40.65625
1999-05-03,40.71875,40.75,39.28125,39.9375
1999-05-04,40.25,40.90625,38.875,39.03125
1999-05-05,39.5625,39.9375,38.21875,39.5625
1999-05-06,40.34375,40.5625,38.75,38.96875
1999-05-07,39.8125,40.1875,39,39.53125
1999-05-10,39.9375,40.25,39.125,39.84375
1999-05-11,40.375,40.50781,39.53125,39.9375
1999-05-12,40.375,40.5,39.625,40.25
1999-05-13,40.5625,40.875,39.5625,39.5625
1999-05-14,39.4375,39.96875,38.3125,38.4375
1999-05-17,38.6875,39.78125,38.5,39.5625
1999-05-18,39.90625,40.125,38.96875,39.34375
1999-05-19,39.9375,39.9375,38.625,39.65625
1999-05-20,39.78125,40,39.1875,39.21875
1999-05-21,39.25,39.5,38.5,38.78125
1999-05-24,38.9375,38.9375,38.03125,38.625
1999-05-25,38.375,39.625,38.0625,38.125
1999-05-26,38.59375,39.25,37.75,39.25
1999-05-27,39.125,39.71875,38.75,39.1875
1999-05-28,39.375,40.4375,39.0625,40.34375
1999-06-01,40.3125,40.375,39.21875,39.25
1999-06-02,39.03125,39.3125,38.125,39.21875
1999-06-03,39.1875,39.46875,38.0625,38.1875
1999-06-04,38.46875,39.84375,38.375,39.78125
1999-06-07,39.96875,40.53125,39.59375,40.125
1999-06-08,39.9375,41.0625,39.5,39.6875
1999-06-09,40.0625,41.3125,40,41.15625
1999-06-10,40.9375,41.15625,39.53125,39.9375
1999-06-11,40,40.25,38.78125,39.0625
1999-06-14,39.375,39.84375,38.71875,38.78125
1999-06-15,39.03125,39.4375,38.34375,38.84375
1999-06-16,39.53125,40.8125,39.46875,40.5
1999-06-17,40.34375,41.5,40.25,41.4375
1999-06-18,41.15625,42.5,41.0625,42.5
1999-06-21,42.4375,44.5,42.4375,44.46875
1999-06-22,44.21875,44.21875,43.125,43.25
1999-06-23,42.96875,43.6875,42.53125,43
1999-06-24,42.875,43.125,42,42.3125
1999-06-25,42.6875,43.21875,42.1875,42.46875
1999-06-28,42.75,43.40625,42.46875,43.375
1999-06-29,43.34375,44.03125,43,44
1999-06-30,43.875,45.125,43.375,45.09375
1999-07-01,44.9375,45.75,44.1875,45.59375
1999-07-02,45.4375,46.0625,45.15625,46
1999-07-06,46.125,46.46875,44.625,44.78125
1999-07-07,45.03125,46.15625,44.9375,46.15625
1999-07-08,45.90625,46.5,45.34375,46.28125
1999-07-09,46.1875,46.65625,46.125,46.625
1999-07-12,46.59375,47.375,46.1875,47.09375
1999-07-13,46.5625,47.03125,46.40625,46.8125
1999-07-14,46.875,47.5,46.25,47.46875
1999-07-15,47.5,47.625,46.875,47.1875
1999-07-16,47.75,49.9375,47.75,49.71875
1999-07-19,50,50.375,48.90625,49.1875
1999-07-20,48.21875,48.375,46.15625,46.65625
1999-07-21,46.8125,47.65625,46.5,47.34375
1999-07-22,47.1875,47.25,45,45.53125
1999-07-23,45.78125,45.875,44.84375,45.125
1999-07-26,44.4375,44.90625,43.8125,43.8125
1999-07-27,44.40625,44.875,44,44.40625
1999-07-28,44.59375,45.25,44.1875,45
1999-07-29,44.34375,44.40625,43.15625,43.46875
1999-07-30,43.8125,44.3125,42.75,42.90625
1999-08-02,42.84375,43.46875,42.1875,42.40625
1999-08-03,42.9375,43.03125,42.1875,42.375
1999-08-04,42.5625,43.59375,42.375,42.46875
1999-08-05,42.6875,43.1875,42.375,42.875
1999-08-06,43.03125,43.21875,42.46875,42.5625
1999-08-09,42.8125,42.90625,41.84375,41.90625
1999-08-10,41.78125,42.03125,40.8125,41.46875
1999-08-11,42,42.34375,41.15625,42.09375
1999-08-12,41.96875,42.09375,40.8125,40.875
1999-08-13,41.46875,42.8125,41.375,42.34375
1999-08-16,42.53125,42.94531,41.15625,42.15625
1999-08-17,42.71875,42.75,41.46875,42.28125
1999-08-18,42.21875,43.09375,42.03125,42.5
1999-08-19,42.28125,42.5625,41.5625,41.90625
1999-08-20,42,42.390625,41.53125,41.6875
1999-08-23,42.15625,43.3125,41.9375,43.21875
1999-08-24,43.53125,46.75,43.53125,46.09375
1999-08-25,46.8125,48,46.59375,47.65625
1999-08-26,47.6875,48.1875,46.84375,47.3125
1999-08-27,47.53125,47.5625,46.1875,46.625
1999-08-30,46.4375,46.71875,45.78125,46.125
1999-08-31,45.90625,46.5625,45.0625,46.28125
1999-09-01,46.15625,46.71875,45.8125,46.1875
1999-09-02,45.75,46.28125,45.34375,45.90625
1999-09-03,46.875,48.21875,46.75,47.9375
1999-09-07,47.4375,48.34375,46.875,47.125
1999-09-08,46.84375,47.34375,46.03125,46.125
1999-09-09,46.21875,47.07031,45.898435,47.03125
1999-09-10,47.53125,47.65625,47,47.5
1999-09-13,47.25,47.40625,46.6875,46.9375
1999-09-14,46.84375,47.78125,46.8125,47.53125
1999-09-15,47.75,47.875,46.1875,46.3125
1999-09-16,46.4375,47.03125,45.3125,47
1999-09-17,47.1875,48.25,46.90625,48.21875
1999-09-20,48,48.9375,47.5,48.78125
1999-09-21,48.28125,48.28125,47.0625,47.3125
1999-09-22,47.375,48.3125,46.84375,48.03125
1999-09-23,48.4375,48.4375,45.00781,45.59375
1999-09-24,45.09375,45.6875,44.4375,45.46875
1999-09-27,46,46.46875,45.4375,45.71875
1999-09-28,45.625,46.34375,44.53125,46.0625
1999-09-29,45.78125,46.0625,44.5625,44.75
1999-09-30,45,45.84375,44.40625,45.28125
1999-10-01,45.09375,45.3125,44.28125,44.992185
1999-10-04,45.25,46.3125,45.125,46.28125
1999-10-05,46.375,46.9375,44.75,45.90625
1999-10-06,46.15625,47,46.046875,46.84375
1999-10-07,46.84375,47.53125,46.34375,46.875
1999-10-08,46.75,47.59375,46.0625,47.46875
1999-10-11,47.3125,47.5,47.0625,47.15625
1999-10-12,47,47.15625,46.1875,46.28125
1999-10-13,46,46.5625,45.15625,45.53125
1999-10-14,45.4375,46.117185,44.84375,45.34375
1999-10-15,44.75,44.90625,43.65625,44.03125
1999-10-18,43.59375,44,42.53125,43.9375
1999-10-19,44.125,44.625,42.625,43.15625
1999-10-20,45.78125,46.1875,45.125,46.125
1999-10-21,45.28125,46.5625,45.25,46.53125
1999-10-22,46.78125,46.9375,45.875,46.34375
1999-10-25,46,46.78125,45.5625,46.21875
1999-10-26,47.1875,47.625,46.13281,46.1875
1999-10-27,45.75,45.8125,44.84375,45.4375
1999-10-28,45,45.4375,44.65625,44.9375
1999-10-29,45.71875,47,45.625,46.28125
1999-11-01,46.625,47.09375,46.0625,46.1875
1999-11-02,46.375,47.25,45.96875,46.28125
1999-11-03,46.46875,46.75,45.75,46
1999-11-04,46.15625,46.375,45.15625,45.875
1999-11-05,45.90625,46.4375,45.25,45.78125
1999-11-08,42.40625,45.375,42.34375,44.96875
1999-11-09,44.875,44.9375,43.21875,44.4375
1999-11-10,44.0625,44.5625,43.21875,43.5625
1999-11-11,44.125,45.21875,44.125,44.8125
1999-11-12,44.875,45,43.53125,44.59375
1999-11-15,44.125,44.25,43.46875,43.5
1999-11-16,43.46875,43.875,42.9375,43.65625
1999-11-17,43.21875,43.53125,42.5,42.5
1999-11-18,42.46875,42.90625,42.25,42.46875
1999-11-19,42.21875,43.28125,42.1875,43
1999-11-22,44.8125,45.1875,44.21875,44.90625
1999-11-23,44.625,45.6875,44.1875,44.8125
1999-11-24,44.78125,46.125,44.75,45.84375
1999-11-26,45.8125,46.6875,45.5,45.5625
1999-11-29,45.0625,46.03125,44.75,45.09375
1999-11-30,44.875,46.4375,44.78125,45.523435
1999-12-01,45.53125,46.96875,45.4375,46.59375
1999-12-02,46.53125,47.625,46.4375,47.40625
1999-12-03,47.90625,48.5625,47.867185,48.0625
1999-12-06,47.625,48.59375,47.375,47.71875
1999-12-07,47.375,47.4375,46.4375,46.5
1999-12-08,46.5625,47.15625,45.84375,45.875
1999-12-09,46,46.65625,45.71875,46.375
1999-12-10,46.6875,47.0625,46.125,46.9375
1999-12-13,46.804685,48.46875,46.375,48.3125
1999-12-14,48.09375,50.5625,47.65625,49.34375
1999-12-15,49.28125,54.375,49.25,54.21875
1999-12-16,54.625,57.5,54.46875,56.84375
1999-12-17,58.3125,58.5625,56.8125,57.625
1999-12-20,57.40625,57.5,55.59375,56.375
1999-12-21,56.1875,58.3125,55.3125,57.9375
1999-12-22,58.148435,59,57.5625,58.78125
1999-12-23,58.625,59.625,58.375,58.71875
1999-12-27,59.21875,59.625,58.0625,59.5625
1999-12-28,59.375,59.40625,58.53125,58.75
1999-12-29,58.46875,59.1875,58.40625,58.96875
1999-12-30,58.9375,59.96875,58.5625,58.8125
1999-12-31,58.75,58.875,58.125,58.375
2000-01-03,58.6875,59.3125,56,58.28125
2000-01-04,56.78125,58.5625,56.125,56.3125
2000-01-05,55.5625,58.1875,54.6875,56.90625
2000-01-06,56.09375,56.9375,54.1875,55
2000-01-07,54.3125,56.125,53.65625,55.71875
2000-01-10,56.71875,56.84375,55.6875,56.125
2000-01-11,55.75,57.125,54.34375,54.6875
2000-01-12,54.25,54.4375,52.21875,52.90625
2000-01-13,52.1875,54.3125,50.75,53.90625
2000-01-14,53.59375,56.96875,52.875,56.125
2000-01-18,55.90625,58.03125,55.875,57.65625
2000-01-19,55.25,55.75,53,53.5
2000-01-20,53.53125,54.84375,52.9375,53
2000-01-21,53.5,53.625,51.625,51.875
2000-01-24,51.90625,52.84375,50.40625,50.625
2000-01-25,50.5,51.9375,49.78125,51.40625
2000-01-26,51.21875,51.75,49.5625,49.6875
2000-01-27,49.94531,50.59375,48.625,49.375
2000-01-28,49.0625,50.125,48.625,49.125
2000-01-31,48.8125,49.09375,47.4375,48.9375
2000-02-01,49.25,51.625,48.84375,51.46875
2000-02-02,51.21875,51.96875,50.25,50.40625
2000-02-03,51.03125,52.09375,50.0625,51.8125
2000-02-04,52.1875,54,52.07031,53.28125
2000-02-07,53.40625,53.4375,52.125,53.3125
2000-02-08,53.21875,55,53.21875,54.96875
2000-02-09,54.71875,54.71875,51.9375,52
2000-02-10,51.94531,53.28125,51.25,53
2000-02-11,52.4375,52.4375,49.5625,49.96875
2000-02-14,50.617185,50.875,49.53125,49.8125
2000-02-15,49.875,50,49.0625,49.28125
2000-02-16,49.625,50.09375,48.5625,48.8125
2000-02-17,49.25,49.84375,48.57031,49.8125
2000-02-18,50,50.03125,47.4375,47.53125
2000-02-22,47.5625,48.5625,46.40625,46.90625
2000-02-23,46.75,47.875,46.03125,47.125
2000-02-24,47.125,47.9375,46,47.375
2000-02-25,47.34375,47.35156,45.25,45.65625
2000-02-28,45.125,46.0625,44.0625,45.78125
2000-02-29,45.875,45.875,44.4375,44.6875
2000-03-01,44.8125,47.1875,44.46875,45.40625
2000-03-02,45.90625,47.6875,45.5625,46.6875
2000-03-03,47.375,49.4375,46.9375,48.0625
2000-03-06,48,48.6875,45.046875,45.3125
2000-03-07,48.0625,48.75,45.96875,46.4375
2000-03-08,46.90625,48.09375,45.5,47.78125
2000-03-09,47.65625,50,47.5,50
2000-03-10,49.78125,51.25,49.75,50.5
2000-03-13,48.8125,50.125,48.75,49
2000-03-14,49.3125,49.625,47.5625,47.5625
2000-03-15,47.28125,48.3125,46.84375,47.6875
2000-03-16,47.96875,48.34375,46.625,47.6875
2000-03-17,47.625,49.75,47.25,49.6875
2000-03-20,49.375,49.875,48.25,48.6875
2000-03-21,48.375,51.5625,48.25,51.375
2000-03-22,51.40625,52.8125,50.5625,51.625
2000-03-23,53.40625,56.4375,53.40625,55.9375
2000-03-24,56.3125,57.5,54.78125,55.84375
2000-03-27,53.88281,54.125,51.96875,52.03125
2000-03-28,51.8125,53.71875,51.1875,52.15625
2000-03-29,52.59375,54.46875,52.59375,53.59375
2000-03-30,53.09375,54.3125,51.25,51.6875
2000-03-31,53,54.125,52.0625,53.125
2000-04-03,47.21875,48.25,45,45.4375
2000-04-04,45.78125,46,42.46875,44.28125
2000-04-05,44.125,44.25,42.9375,43.1875
2000-04-06,43.9375,44,42.63281,43
2000-04-07,43.5,44.6875,42.5,44.53125
2000-04-10,44.3125,44.3125,43,43.03125
2000-04-11,42.5625,43.03125,41.75,41.9375
2000-04-12,41.0625,41.09375,39.375,39.6875
2000-04-13,40.4375,41.125,39.5,39.625
2000-04-14,39.5625,39.75,36.625,37.0625
2000-04-17,37.125,38,36.5,37.9375
2000-04-18,38.25,40.96875,37.9375,40.28125
2000-04-19,40.71875,40.75,39.0625,39.34375
2000-04-20,39.3125,39.9375,38.75,39.46875
2000-04-24,33.625,33.75,32.5,33.3125
2000-04-25,34.375,34.75,33.8125,34.6875
2000-04-26,35,35.5625,33.6875,34
2000-04-27,33.71875,34.96875,33.6875,34.90625
2000-04-28,35.375,35.5,34.125,34.875
2000-05-01,36.4375,37,35.84375,36.71875
2000-05-02,36.40625,36.75,34.75,34.9375
2000-05-03,35.1875,35.40625,34.40625,35.28125
2000-05-04,35.15625,35.625,34.65625,35.21875
2000-05-05,35.125,35.90625,34.9375,35.5625
2000-05-08,35.46875,35.6875,34.84375,34.90625
2000-05-09,35.09375,35.21875,33.75,33.90625
2000-05-10,33.875,33.9375,32.875,33.09375
2000-05-11,33.3125,34.0625,32.875,33.9375
2000-05-12,34.21875,34.875,34.125,34.40625
2000-05-15,34.5,34.71875,34,34.6875
2000-05-16,34.78125,35.3125,34.53125,34.75
2000-05-17,34.4375,34.5625,33.625,33.84375
2000-05-18,34.03125,34.03125,32.9375,33.09375
2000-05-19,32.6875,32.96875,32.25,32.53125
2000-05-22,32.5625,32.625,31.21875,32.09375
2000-05-23,31.9375,32.78125,31.53125,31.59375
2000-05-24,31.5625,33.28125,31.5,32.78125
2000-05-25,32.28125,32.34375,30.5625,30.75
2000-05-26,31.03125,31.46875,30.1875,30.71875
2000-05-30,31.21875,32.0625,31,31.6875
2000-05-31,31.82031,31.85156,31.03125,31.28125
2000-06-01,32.1875,33,31.90625,32.28125
2000-06-02,33,33.375,32.5,33.15625
2000-06-05,33.00781,34.1875,33,33.4375
2000-06-06,34.09375,34.9375,33.90625,34.8125
2000-06-07,34.625,35.375,33.875,35.25
2000-06-08,35.78125,36.0625,34.125,34.40625
2000-06-09,34.8125,34.84375,34.15625,34.40625
2000-06-12,34.5,34.5,33.1875,33.4375
2000-06-13,33.375,34,33.0625,33.9375
2000-06-14,34.90625,35.5,34.75,35.25
2000-06-15,35.40625,36.34375,35.3125,36.1875
2000-06-16,36.3125,36.5625,35.75,36.28125
2000-06-19,36.28125,36.90625,36,36.84375
2000-06-20,36.9375,37.625,36.875,37.46875
2000-06-21,38.5,41.09375,38.46875,40.34375
2000-06-22,40.6875,41,39.65625,39.9375
2000-06-23,39.96875,40.03125,38.5,38.84375
2000-06-26,38.75,40.0625,38.75,39.75
2000-06-27,39.625,40.0625,39.1875,39.40625
2000-06-28,39.5,40.03125,39.3125,39.46875
2000-06-29,39.125,39.46875,38.53125,38.59375
2000-06-30,38.53125,40,38.34375,40
2000-07-03,39.84375,40.03125,39.6875,40
2000-07-05,39.9375,39.9375,39.125,39.25
2000-07-06,39.4375,40.84375,39.25,40.46875
2000-07-07,40.63281,41.4375,40.28125,41
2000-07-10,40.34375,40.65625,39.6875,39.71875
2000-07-11,39.40625,40.25,39.25,39.5625
2000-07-12,39.125,40.5,38.59375,40.15625
2000-07-13,39.40625,40,38.6875,39.96875
2000-07-14,39.75,39.875,39.21875,39.46875
2000-07-17,39.125,39.78125,38.75,39.09375
2000-07-18,38.8125,39.75,38.71875,39.25
2000-07-19,38.03125,38.75,36.40625,36.5625
2000-07-20,36.71875,37.625,36.5625,37.40625
2000-07-21,37.375,37.5,35.9375,36.15625
2000-07-24,36.03125,36.0625,35,35.28125
2000-07-25,35.40625,35.5,34.1875,34.5
2000-07-26,34.53125,34.75,33.625,33.90625
2000-07-27,33.9375,35.0625,33.75,34.6875
2000-07-28,35.46875,35.90625,34.8125,34.84375
2000-07-31,35.09375,35.5625,34.625,34.90625
2000-08-01,34.96875,35.03125,34.09375,34.34375
2000-08-02,34.28125,35.21875,34.25,34.6875
2000-08-03,34.09375,35.1875,34.0625,35.125
2000-08-04,34.71875,34.9375,34.09375,34.5625
2000-08-07,35.09375,35.5625,34.96875,35
2000-08-08,35.03125,37.34375,35,37.0625
2000-08-09,36.875,37.4375,36.5625,37.125
2000-08-10,36.90625,37.03125,35.875,36.3125
2000-08-11,36.21875,36.34375,35.8125,36.21875
2000-08-14,36.15625,36.6875,35.6875,36.09375
2000-08-15,36,36.5,35.75,35.8125
2000-08-16,35.9375,36.125,35.28125,35.5
2000-08-17,35.5625,36,35.28125,35.78125
2000-08-18,35.5625,35.71875,35.1875,35.5
2000-08-21,35.34375,35.40625,35,35.3125
2000-08-22,35.40625,36.21875,35.3125,35.625
2000-08-23,35.40625,35.5625,35.1875,35.375
2000-08-24,35.3125,35.59375,34.96875,35.5625
2000-08-25,35.34375,35.84375,35.28125,35.3125
2000-08-28,35.09375,36.0625,35.0625,35.65625
2000-08-29,35.59375,36.375,35.4375,35.46875
2000-08-30,35.34375,35.46875,34.84375,35
2000-08-31,35.4375,35.65625,34.84375,34.90625
2000-09-01,35,35.3125,34.84375,35.09375
2000-09-05,35,35.34375,34.90625,35.0625
2000-09-06,35.03125,35.34375,34.65625,34.71875
2000-09-07,35,36.03125,34.71875,35.03125
2000-09-08,35.1875,35.4375,34.59375,34.65625
2000-09-11,34.5625,34.84375,34.03125,34.40625
2000-09-12,34.375,34.65625,33.8125,34.0625
2000-09-13,33.8125,34.375,33.59375,34.125
2000-09-14,34.34375,34.375,32.84375,32.90625
2000-09-15,32.71875,32.8125,31.65625,32.09375
2000-09-18,32.125,32.3125,31.09375,31.5
2000-09-19,31.8125,32.875,31.6875,32.5
2000-09-20,32.4375,32.5,31.59375,32.125
2000-09-21,32,32.5625,31.78125,32.09375
2000-09-22,30.5625,31.75,30.46875,31.625
2000-09-25,31.625,31.75,30.21875,30.625
2000-09-26,30.46875,32.9375,30.25,31.34375
2000-09-27,31.71875,31.78125,29.90625,30.3125
2000-09-28,30.40625,30.9375,30.3125,30.65625
2000-09-29,30.5,30.65625,29.3125,30.15625
2000-10-02,30.25,30.40625,29.125,29.5625
2000-10-03,29.78125,29.90625,28.25,28.28125
2000-10-04,28.1875,28.28125,27.25,27.71875
2000-10-05,27.75,28.625,27.625,27.6875
2000-10-06,27.90625,28.375,27.375,27.78125
2000-10-09,27.8125,27.875,26.5,27.09375
2000-10-10,26.96875,27.78125,26.90625,27.28125
2000-10-11,27,28.46875,27,27.875
2000-10-12,28.15625,28.4375,26.90625,27.1875
2000-10-13,26.9375,27.4375,26.0625,26.875
2000-10-16,26.75,26.90625,24.78125,25.1875
2000-10-17,25.9375,26.21875,25.125,25.21875
2000-10-18,24.8125,26.625,24.21875,25.875
2000-10-19,29.21875,31.09375,29.0625,30.9375
2000-10-20,30.65625,33.0625,30.5625,32.59375
2000-10-23,32.3125,33.125,30.34375,31.0625
2000-10-24,31.3125,31.46875,30.09375,30.75
2000-10-25,30.96875,31.71875,30.21875,30.625
2000-10-26,30.5,32.53125,30.40625,32.21875
2000-10-27,32.34375,34.59375,32.3125,33.84375
2000-10-30,33.75,35.0625,33.6875,34.53125
2000-10-31,34.5,34.75,34,34.4375
2000-11-01,34.25,35.03125,34.21875,34.8125
2000-11-02,35.1875,35.421875,34.8125,35.15625
2000-11-03,34.625,34.8125,34.03125,34.125
2000-11-06,34.34375,35.0625,34.125,34.75
2000-11-07,34.875,35.9375,34.75,35.25
2000-11-08,35.5625,36.1875,34,34.71875
2000-11-09,34.25,35.65625,34.21875,35.4375
2000-11-10,34.96875,35.15625,33.40625,33.6875
2000-11-13,33.34375,34.0625,32.203125,33.21875
2000-11-14,34,34.90625,33.65625,34.40625
2000-11-15,34.53125,35.4375,34.34375,35.03125
2000-11-16,34.71875,35.75,34.46875,34.46875
2000-11-17,34.71875,35,33.898435,34.53125
2000-11-20,34.0625,34.25,32.78125,33.59375
2000-11-21,33.6875,34.625,33.6875,33.875
2000-11-22,33.03125,34.75,33,34.125
2000-11-24,34.5,35.21875,34.25,34.96875
2000-11-27,35.71875,36.125,35.3125,35.34375
2000-11-28,34.6875,34.875,33.40625,33.5
2000-11-29,33.40625,33.5625,31.625,32.53125
2000-11-30,31,31.03125,28.5,28.6875
2000-12-01,29.03125,30.3125,28.03125,28.3125
2000-12-04,28.625,29.5,27.59375,28.21875
2000-12-05,29.59375,30.25,29.125,29.9375
2000-12-06,30,30.03125,28.03125,28.34375
2000-12-07,26.71875,27,26.125,26.5625
2000-12-08,27.3125,27.9375,26.71875,27.21875
2000-12-11,27.75,29.375,27.5,29.03125
2000-12-12,28.90625,30,28.375,29.1875
2000-12-13,30.25,30.25,28.40625,28.625
2000-12-14,28.96875,29.367185,27.6875,27.75
2000-12-15,25.523435,26,23.875,24.59375
2000-12-18,24.5,25,23.5,23.90625
2000-12-19,23.71875,24,22.25,22.40625
2000-12-20,21.40625,22,20.6875,20.75
2000-12-21,20.375,22.5625,20.125,21.71875
2000-12-22,22.375,23.5625,22.375,23.21875
2000-12-26,23.4375,24.28125,22.9375,23.4375
2000-12-27,23.0625,23.40625,22.5,23.21875
2000-12-28,22.5625,23.125,21.9375,22.28125
2000-12-29,21.96875,22.90625,21.3125,21.6875
2001-01-02,22.0625,22.5,21.4375,21.6875
2001-01-03,21.59375,24.4375,21.5625,23.96875
2001-01-04,23.90625,25.25,23.4375,24.21875
2001-01-05,24.25,24.9375,23.78125,24.5625
2001-01-08,24.46875,24.875,23.34375,24.46875
2001-01-09,25,26.3125,24.875,25.90625
2001-01-10,25.5,26.90625,25.375,26.4375
2001-01-11,26.5,27.875,26.15625,27.5
2001-01-12,27.4375,27.5,26.25,26.75
2001-01-16,26.6875,26.75,25.5625,26.28125
2001-01-17,26.8125,27.4375,26.28125,26.46875
2001-01-18,26.84375,28.09375,26.3125,27.75
2001-01-19,30,30.71875,29.4375,30.5
2001-01-22,30.375,30.5,29.5,30.0625
2001-01-23,29.875,30.46875,29.46875,30.28125
2001-01-24,30.5,31.71875,30.375,31.46875
2001-01-25,31.375,32,30.78125,30.90625
2001-01-26,30.5,32.15625,30.46875,32
2001-01-29,31.78125,32.3125,31.5625,32.25
2001-01-30,32.25,32.375,31.4375,31.6875
2001-01-31,31.5,31.875,30.5,30.53125
2001-02-01,30.40625,31.3125,30.1875,31.1875
2001-02-02,31.25,31.6875,30.375,30.40625
2001-02-05,30.375,31.03125,30.125,30.96875
2001-02-06,31.03125,31.90625,30.84375,31.28125
2001-02-07,31,32.53125,30.90625,32.34375
2001-02-08,31.875,32.25,31,31.125
2001-02-09,30.65625,30.78125,29.25,29.5625
2001-02-12,29.40625,29.71875,28.59375,29.375
2001-02-13,29.8125,30.53125,29.0625,29.09375
2001-02-14,28.8125,29.5,28.1875,29.1875
2001-02-15,29.5,30.09375,28.9375,29.40625
2001-02-16,28.5,29.125,28.0625,28.65625
2001-02-20,28.6875,29.125,27.6875,27.9375
2001-02-21,27.625,29.03125,27.59375,28.125
2001-02-22,28.15625,28.40625,26.9375,27.59375
2001-02-23,27.21875,28.75,27.15625,28.375
2001-02-26,28.8125,29.96875,28.6875,29.78125
2001-02-27,29.6875,30.59375,29.335935,29.6875
2001-02-28,29.78125,30.03906,29.09375,29.5
2001-03-01,29.28125,29.75,28.125,29.679685
2001-03-02,28.75,29.0625,28.21875,28.34375
2001-03-05,28.625,29.3125,28.28125,28.71875
2001-03-06,29.3125,30,29.1875,29.71875
2001-03-07,29.9375,30.5625,29.65625,30.34375
2001-03-08,30.15625,30.296875,29.21875,29.625
2001-03-09,28.96875,29.09375,27.4375,28.34375
2001-03-12,27.34375,27.5,25.8125,25.96875
2001-03-13,26.09375,27.375,26,27.09375
2001-03-14,26.25,27.625,26.09375,27
2001-03-15,27.65625,28.03906,26.75,26.84375
2001-03-16,26.25,27.5625,26.242185,27.28125
2001-03-19,27.25,27.75,26.5625,27.15625
2001-03-20,27.28125,28.0625,26.3125,26.34375
2001-03-21,26.125,26.625,24.875,25.03125
2001-03-22,25.28125,27.03125,25.25,27
2001-03-23,27.46875,28.5,27.1875,28.28125
2001-03-26,28.5625,28.75,27.78125,28.03125
2001-03-27,28.03125,29.28125,27.9375,29.125
2001-03-28,28.6875,28.96875,27.6875,27.78125
2001-03-29,27.6875,28.59375,27.28125,27.6875
2001-03-30,27.875,28.09375,26.9375,27.34375
2001-04-02,27.40625,28.46875,27.3125,27.90625
2001-04-03,27.65625,27.78125,26.375,26.6875
2001-04-04,26.6875,27.5,25.53125,25.96875
2001-04-05,26.875,28.6875,26.75,28.375
2001-04-06,28.1875,28.59375,27.53125,28.09375
2001-04-09,28.285005,28.71,27.83,28.574995
2001-04-10,28.975,30.045,28.894545,29.839995
2001-04-11,30.324995,30.75,29.851,30.019995
2001-04-12,29.78,31.156,29.675005,31.089995
2001-04-16,30.699995,30.79,30.06,30.394995
2001-04-17,30.074995,31.055,30.019995,30.74
2001-04-18,31.695,33.155,31.5,32.714995
2001-04-19,32.905,34.5,32.875,34.019995
2001-04-20,35.15,35.550005,34.25,34.5
2001-04-23,34.055,34.235,33.449995,34.125
2001-04-24,34.1,34.969,33.57,33.775
2001-04-25,33.785005,34.894995,33.6295,34.845
2001-04-26,35.035005,35.5,34.125,34.565
2001-04-27,34.765,34.8425,33.105005,33.56
2001-04-30,34.265,34.5335,33.839995,33.875
2001-05-01,33.83,35.15,33.800005,35.085
2001-05-02,35.5,35.574995,34.675005,34.879995
2001-05-03,34.625,35.0925,34.07,34.265
2001-05-04,34,35.525,33.980005,35.375
2001-05-07,35.415,36.074995,35.35,35.69
2001-05-08,35.875,36.050005,35.375,36.03
2001-05-09,35.620005,35.65,34.93,35.199995
2001-05-10,35.565,35.620005,34.980005,35
2001-05-11,34.980005,35,34.324995,34.699995
2001-05-14,34.565,34.6,34.15,34.36
2001-05-15,34.370005,34.65,34,34.135
2001-05-16,33.85,34.94,33.665,34.58
2001-05-17,34.550005,35.07,33.775,34.0849
2001-05-18,33.845,34.6,33.625,34.045
2001-05-21,34.025,34.995005,33.875,34.394995
2001-05-22,34.725,35.175005,34.57,35.155
2001-05-23,35.195,35.800005,34.75,34.85
2001-05-24,34.97,35.89,34.635,35.86
2001-05-25,35.83,35.949995,35.184,35.455
2001-05-29,35.4,35.875,35.025,35.17
2001-05-30,34.78,35.29,34.324995,34.595
2001-05-31,34.745005,35.194,34.199995,34.589995
2001-06-01,34.800005,35.35,34.35,35.17
2001-06-04,35.275,35.514,34.9,35.39
2001-06-05,35.379995,36.54,35.25,36.300005
2001-06-06,36.445,36.74,35.775,36.18
2001-06-07,36.06,36.865,36.04,36.839995
2001-06-08,36.85,36.875,36.025,36.595
2001-06-11,36.425005,36.425005,35.754995,36.06
2001-06-12,35.51,36.205,35.405,36.04
2001-06-13,36.025,36.15,35.32,35.345
2001-06-14,35.11,35.275,34.199995,34.449995
2001-06-15,33.754995,34.15,33.199995,34.01
2001-06-18,33.975,33.980005,33.004995,33.44
2001-06-19,34.105005,34.425005,33.425005,33.660005
2001-06-20,33.57,34.7975,33.550005,34.705
2001-06-21,34.574995,35.275,34.46,34.92
2001-06-22,35,35.305,34.29,34.415
2001-06-25,34.550005,34.9095,33.885,34.425005
2001-06-26,33.910005,35.1055,33.85,35.07
2001-06-27,34.93,35.765,34.68,35.57
2001-06-28,35.775,38.074995,35.125,36.370005
2001-06-29,36.300005,36.705,35.68,36.5
2001-07-02,36.025,36.574995,35.074995,35.300005
2001-07-03,35.15,35.4,34.964995,35.235
2001-07-05,35.11,35.36,34.22,34.254995
2001-07-06,34.15,34.199995,32.835,33.03
2001-07-09,33.1,33.455,32.519995,32.845
2001-07-10,32.949995,33.125,32.175005,32.24
2001-07-11,32.105005,33.375,32.1,33.25
2001-07-12,35.35,36.025,35.165,35.800005
2001-07-13,35.699995,36,35.47,35.67
2001-07-16,35.725,36.08,35.074995,35.589995
2001-07-17,35.33,36.004995,35.07,35.910005
2001-07-18,35.300005,35.75,34.9395,35.285005
2001-07-19,35.61,36.5,35.57,36.285005
2001-07-20,34.015,34.699995,33.9,34.589995
2001-07-23,34.620005,34.629995,33.175005,33.545
2001-07-24,33.5,33.995005,32.85,33.160005
2001-07-25,33.129995,33.76,32.68,33.74
2001-07-26,33.56,33.660005,32.75,33.295
2001-07-27,33.025,33.125,32.525,32.735
2001-07-30,32.824995,33.44,32.769995,32.9
2001-07-31,33.004995,33.695,32.925005,33.095
2001-08-01,33.4,33.405,32.879995,33.235
2001-08-02,33.605005,33.769995,33.130995,33.725
2001-08-03,33.65,33.68,33,33.445
2001-08-06,33.265,33.56,32.839995,33.065
2001-08-07,33.019995,33.525,32.999495,33.175005
2001-08-08,33.254995,33.620005,32.249495,32.43
2001-08-09,32.49,32.775,32.15,32.504995
2001-08-10,32.385,32.93,31.449995,32.76
2001-08-13,32.620005,32.995005,32.375,32.915
2001-08-14,32.875,33.045,32.225,32.345
2001-08-15,32.355005,32.525,31.6,31.6
2001-08-16,31.42,32.355005,31.35,32.31
2001-08-17,31.89,32.065,30.75,30.94
2001-08-20,30.83,31.375,30.550005,31.35
2001-08-21,31.35,31.6,30.356005,30.39
2001-08-22,30.565,30.574995,29.54,30.33
2001-08-23,30.335,30.765,29.5,29.56
2001-08-24,29.800005,31.14,29.615,31.025
2001-08-27,30.949995,31.68,30.785005,31.155
2001-08-28,31.17,31.475,30.29,30.370005
2001-08-29,30.525,30.65,29.769995,30.125
2001-08-30,29.519995,29.83,28.26,28.47
2001-08-31,28.425005,29.03,28.15,28.525
2001-09-04,28.595,29.54,28.035005,28.050005
2001-09-05,28.089995,29.195,27.644995,28.870005
2001-09-06,28.28,29.195,27.949995,28.01
2001-09-07,28.055,28.68,27.6595,27.699995
2001-09-10,27.46,28.975,27.35,28.79
2001-09-17,27.01,27.550005,26.4,26.455
2001-09-18,26.705,27.5,26.585,27.160005
2001-09-19,27.230005,27.56,25.300005,26.935
2001-09-20,26.175005,26.305,25.335,25.379995
2001-09-21,23.96,25.300005,23.75,24.855005
2001-09-24,25.324995,26.225,24.935,26.004995
2001-09-25,26.135,26.5,25.08,25.65
2001-09-26,25.754995,25.9,24.775,25.135
2001-09-27,25.050005,25.339995,24,24.980005
2001-09-28,24.81,25.795,24.49,25.585
2001-10-01,25.47,26.25,25.205,25.894995
2001-10-02,25.819505,26.775,25.78,26.525
2001-10-03,26.24,28.464995,26.199995,28.115
2001-10-04,28.46,29.2005,28.105005,28.22
2001-10-05,28.08,29,27.47,28.86
2001-10-08,28.4,29.324995,28.370005,29.019995
2001-10-09,28.75,28.7855,27.095,27.28
2001-10-10,26.800005,27.875,26.5,27.754995
2001-10-11,27.8835,28.42,27.2995,28.160005
2001-10-12,27.85,28.32,27.275,28.19
2001-10-15,27.949995,29.25,27.75,29.03
2001-10-16,28.935,29.455,28.605005,29.225
2001-10-17,29.56,29.65,27.99,28.015
2001-10-18,28.17,28.79,27.75,28.375
2001-10-19,28.699995,29.004995,27.815,28.949995
2001-10-22,28.949995,30.089995,28.735,30.08
2001-10-23,30.235,30.72,29.699995,30.214995
2001-10-24,30.25,30.81,29.81,30.660005
2001-10-25,30.305,31.300005,29.785005,31.28
2001-10-26,31.160005,31.815,31.04,31.1
2001-10-29,31.050005,31.1,29.769995,29.82
2001-10-30,29.46,29.7745,29.095,29.44
2001-10-31,29.65,30.365,29.050005,29.074995
2001-11-01,30.04,31.1295,29.800005,30.92
2001-11-02,30.964995,31.5105,30.254995,30.699995
2001-11-05,30.93,32.015,30.875,31.635
2001-11-06,31.35,32.47,31.08,32.39
2001-11-07,32.11,32.525,32.015,32.125
2001-11-08,32.230005,33.03,31.83,32.21
2001-11-09,32.17,32.824995,31.955,32.605005
2001-11-12,32.35,33.22,31.824995,32.894995
2001-11-13,33.4,33.975,33.300005,33.949995
2001-11-14,34.115,34.17,32.894995,32.975
2001-11-15,33.050005,33.525,32.725,33.06
2001-11-16,33.18,33.3095,32.475,32.875
2001-11-19,33.125,33.485,32.8525,33.269995
2001-11-20,33.225,33.9,32.515,32.699995
2001-11-21,32.18,32.300005,31.7445,32.025
2001-11-23,32.19,32.405,31.81,32.36
2001-11-26,32.495005,32.855005,32.199995,32.57
2001-11-27,32.394995,32.5385,31.375,31.870005
2001-11-28,31.585,32.06,31.365,31.4
2001-11-29,31.56,32.449995,31.4795,32.42
2001-11-30,32.33,32.54,31.964995,32.105005
2001-12-03,31.915,32.615,31.9,32.385
2001-12-04,32.5,33.04,32.050005,33
2001-12-05,33.245005,34.085,33.19,34.050005
2001-12-06,33.99,34.5,33.775,34.324995
2001-12-07,34.1,34.42,33.275,33.915
2001-12-10,33.76,34.225,33.43,33.53
2001-12-11,33.83,34.069505,33.535005,33.660005
2001-12-12,33.58,33.99,33.125,33.975
2001-12-13,33.565,34.19,33.039495,33.135
2001-12-14,33.01,33.975,32.964995,33.72
2001-12-17,33.585,34.555,33.58,34.49
2001-12-18,34.46,34.699995,34.304495,34.635
2001-12-19,34.31,34.945505,34.225,34.745005
2001-12-20,34.574995,34.699995,33.313005,33.379995
2001-12-21,34.004995,34.365,33.5,33.769995
2001-12-24,33.86,34.015,33.6,33.635
2001-12-26,33.71,34.535005,33.695,33.839995
2001-12-27,33.99,34.355005,33.629995,33.925005
2001-12-28,34.115,34.425005,33.85,33.935
2001-12-31,33.92,34.24,33.125,33.125
2002-01-02,33.324995,33.555,32.754995,33.519995
2002-01-03,33.555,34.625,33.545,34.615
2002-01-04,34.625,34.955,34.335,34.449995
2002-01-07,34.875,35.01,34.175005,34.28
2002-01-08,34.345,34.93,34,34.69
2002-01-09,34.86,35.31,34.235,34.355005
2002-01-10,34.24,34.9,34.065,34.64
2002-01-11,34.76,35.160005,34.050005,34.305
2002-01-14,34.15,34.519995,33.870005,34.235
2002-01-15,34.33,34.81,34.25,34.775
2002-01-16,34.425005,34.92,33.925005,33.935
2002-01-17,34.265,35.000505,34.199995,34.93
2002-01-18,33.550005,33.925005,32.71,33.050005
2002-01-22,33.305,33.315,32.125,32.230005
2002-01-23,32.025,32.355005,31.620005,31.870005
2002-01-24,32.050005,32.589995,31.9,32.300005
2002-01-25,32.095,32.425005,31.754995,31.9
2002-01-28,32.115,32.199995,31.455,31.910005
2002-01-29,31.949995,32.25,30.995005,31.160005
2002-01-30,31.225,31.449995,30.665,31.425005
2002-01-31,31.53,31.905,31.06,31.855005
2002-02-01,32.074995,32.250505,31.235,31.33
2002-02-04,31.199995,31.345,30.375,30.56
2002-02-05,30.4,31.115,30.25,30.574995
2002-02-06,30.805,30.945,30.125,30.199995
2002-02-07,30.15,30.805,29.875,29.9
2002-02-08,30.06,30.33,29.415,30.324995
2002-02-11,30.004995,30.620005,29.795,30.565
2002-02-12,30.245005,30.425005,30.01,30.07
2002-02-13,30.129995,30.94,29.975,30.910005
2002-02-14,31,31.495005,30.660005,30.839995
2002-02-15,30.85,31.03,30.1,30.115
2002-02-19,29.955,30.07,29.304495,29.464995
2002-02-20,29.699995,30.18,29.4,29.949995
2002-02-21,29.86,30.135,29.004995,29.025
2002-02-22,29.025,29.375505,28.574995,28.995005
2002-02-25,28.97,29.945,28.945,29.54
2002-02-26,29.551005,30,28.949995,29.275
2002-02-27,29.5375,30.074995,28.999495,29.195
2002-02-28,29.39,29.85,29.07,29.17
2002-03-01,29.525,30.71,29.425005,30.685
2002-03-04,30.620005,31.75,30.4395,31.65
2002-03-05,31.5,31.94,31.17,31.54
2002-03-06,31.455,31.85,31.095,31.815
2002-03-07,31.835,31.944505,30.93,31.36
2002-03-08,31.815,32.35,31.585,31.975
2002-03-11,31.754995,32.5,31.5,32.17
2002-03-12,31.26,31.4,30.835,31.269995
2002-03-13,31.04,31.51,30.975,31.050005
2002-03-14,31.07,31.120005,30.525,30.61
2002-03-15,30.5,31.254995,30.485,31.245005
2002-03-18,31.370005,31.495005,30.6,31.07
2002-03-19,31.089995,31.5,30.75,31.115
2002-03-20,30.699995,31.01,30.050005,30.050005
2002-03-21,30.105005,30.7995,29.915,30.68
2002-03-22,30.525,30.57,30.11,30.225
2002-03-25,30.24,30.39,29.574995,29.615
2002-03-26,29.550005,30.46,29.155,29.54
2002-03-27,29.4,29.94,29.295,29.72
2002-03-28,29.975,30.324995,29.83,30.155
2002-04-01,29.915,30.199995,29.6,30.19
2002-04-02,29.449995,29.5495,28.555,28.65
2002-04-03,28.722505,28.805,27.75,28.165
2002-04-04,27.99,28.485,27.713995,28.225
2002-04-05,28.445,28.65,27.92,27.935
2002-04-08,27.15,28.656,27.129995,28.61
2002-04-09,28.665,28.7155,27.4,27.435
2002-04-10,27.56,28.555,27.53,28.15
2002-04-11,27.945,28.225,27.25,27.394995
2002-04-12,27.574995,28.129995,27.43,27.964995
2002-04-15,28,28.385,27.699995,27.845
2002-04-16,28.199995,29.050005,28.18,28.905
2002-04-17,28.975,29.14,28.21,28.315
2002-04-18,28.394995,28.655,27.92,28.185
2002-04-19,28.72,28.99,28.43,28.6
2002-04-22,28.26,28.35,27.5,27.795
2002-04-23,27.85,27.910005,26.65,26.995005
2002-04-24,26.925005,27.214995,26.5,26.51
2002-04-25,26.449995,27.225,26.444505,26.865
2002-04-26,27.035005,27.225,25.730005,25.75
2002-04-29,25.735,26.455,25.72,26.120005
2002-04-30,26.050005,26.65,25.96,26.129995
2002-05-01,26.08,26.595,25.33,26.375
2002-05-02,26.32,27.035005,25.574995,25.605005
2002-05-03,25.629995,25.839995,24.754995,24.78
2002-05-06,24.72,25.269995,24.185,24.31
2002-05-07,24.589995,25.144995,24.1765,24.735
2002-05-08,25.635,27.485,25.61,27.485
2002-05-09,27.199995,27.5,25.949995,26.06
2002-05-10,26.265,26.337995,24.998,25.025
2002-05-13,25.225,26.455,24.875,26.345
2002-05-14,27.199995,27.550005,26.9935,27.44
2002-05-15,27.245005,28.22,26.93,27.375
2002-05-16,27.355005,28.019995,27.324995,27.870005
2002-05-17,28.105005,28.199995,27.635,28.015
2002-05-20,27.75,27.775,26.75,27.004995
2002-05-21,26.975,27.300005,26.065,26.095
2002-05-22,25.935,26.86,25.925005,26.845
2002-05-23,26.85,27.42,26.504995,27.410005
2002-05-24,27.07,27.26,26.519995,26.629995
2002-05-28,26.795,26.845,25.875,26.160005
2002-05-29,25.824995,26.36,25.775,26.025
2002-05-30,25.82,26.68,25.714995,26.32
2002-05-31,26.449995,26.71,25.44,25.455
2002-06-03,25.495005,25.82,24.585,24.71
2002-06-04,24.75,25.615,24.620005,24.99
2002-06-05,25.214995,25.875,25.165,25.83
2002-06-06,25.75,26.07,25,25.949995
2002-06-07,24.945,26.300005,24.93,25.99
2002-06-10,25.824995,26.65,25.730005,26.410005
2002-06-11,26.620005,27.089995,26.21,26.285005
2002-06-12,26.29,27.89,26.25,27.769995
2002-06-13,27.42,27.74,27.1,27.11
2002-06-14,26.504995,27.775,26.5,27.625
2002-06-17,27.83,28.22,27.685,27.839995
2002-06-18,27.765,28.144995,27.675005,27.995005
2002-06-19,27.735,27.971,27.160005,27.18
2002-06-20,27.185,27.550005,26.949995,27.050005
2002-06-21,26.699995,27.275,26.14,26.14
2002-06-24,26.045,27.32,25.925005,27.08
2002-06-25,27.35,27.5,26.4,26.475
2002-06-26,26.08,27.195,25.525,27.065
2002-06-27,27.3015,27.47,26.43,27.46
2002-06-28,27.275,27.894995,27,27.35
2002-07-01,27.06,27.195,26.29,26.33
2002-07-02,26.19,26.46,25.665,25.72
2002-07-03,25.620005,26.26,25.225,26.235
2002-07-05,26.545,27.449995,26.525,27.425005
2002-07-08,27.205,27.464995,26.2945,26.46
2002-07-09,26.655,27.365,26.485,26.605005
2002-07-10,26.845,27.1,26.065,26.120005
2002-07-11,26.019995,26.5375,25.625,26.455
2002-07-12,26.685,26.865,25.74,25.93
2002-07-15,25.695,25.93,24.339995,25.9
2002-07-16,25.655,26.4,25.32,25.625
2002-07-17,26.26,26.65,25.585,26
2002-07-18,26.03,26.370005,25.33,25.555
2002-07-19,25,25.445,24.406,24.78
2002-07-22,24.475,24.995005,22.949995,23.155
2002-07-23,23.245005,23.402495,21.485,21.504995
2002-07-24,20.705,23.18,20.705,23.115
2002-07-25,22.725,22.8575,21.22,21.415
2002-07-26,21.870005,22.705,21.839995,22.675005
2002-07-29,23.425005,24.15,23.275,24.125
2002-07-30,23.775,24.415,23.665,24.050005
2002-07-31,23.805,24,23.18,23.99
2002-08-01,23.79,24.045,22.75,22.875
2002-08-02,22.754995,22.925005,21.9,22.205
2002-08-05,22.144995,22.585,21.905,21.995005
2002-08-06,22.449995,23.625,22.375,22.835
2002-08-07,23.5,23.65,22.58,23.545
2002-08-08,23.555,24.5025,23.205,24.455
2002-08-09,24.074995,24.574995,23.83,24.06
2002-08-12,23.805,24.375,23.800005,24.235
2002-08-13,23.995005,24.85,23.46,23.525
2002-08-14,23.625,24.949995,23.605005,24.855005
2002-08-15,24.980005,25.370005,24.375,24.885
2002-08-16,24.714995,25.115,24.46,25
2002-08-19,25.019995,26.025,24.925005,26
2002-08-20,25.69,25.85,25.375,25.519995
2002-08-21,25.78,26.19,25.574995,26.14
2002-08-22,26.43,26.725,26.300005,26.615
2002-08-23,26.33,26.425005,25.92,26.11
2002-08-26,26.25,26.324995,25.589995,26.050005
2002-08-27,26.17,26.225,25.324995,25.42
2002-08-28,25.24,25.33,24.65,24.69
2002-08-29,24.445,25.5,24.26,25.29
2002-08-30,25.07,25.24,24.5,24.54
2002-09-03,24.26,24.26,23.5,23.51
2002-09-04,23.725,24.300005,23.574995,24.105005
2002-09-05,23.75,23.76,22.94,22.955
2002-09-06,23.875,24.139505,23.735,23.910005
2002-09-09,23.625,24.475,23.315,24.35
2002-09-10,24.269995,24.910005,24.175005,24.894995
2002-09-11,25.14,25.550005,24.265,24.29
2002-09-12,24.074995,24.15,23.51,23.574995
2002-09-13,23.449995,24.129995,23.425005,23.955
2002-09-16,23.800005,24.065,23.525,23.89
2002-09-17,24.335,24.4535,23.605005,23.644995
2002-09-18,23.36,24.120005,23.33,23.875
2002-09-19,23.339995,23.910005,23.295,23.6
2002-09-20,23.855005,24,23.65,23.730005
2002-09-23,23.300005,23.355005,22.405,22.615
2002-09-24,22.375,23.24,22.315,22.839995
2002-09-25,23.199995,23.483,22.525,23.254995
2002-09-26,23.555,23.75,22.975,23.1
2002-09-27,23.019995,23.550005,22.595,22.625
2002-09-30,22.435,22.519995,21.5585,21.870005
2002-10-01,22.125,23.125,21.595,23.115
2002-10-02,23.050005,23.407995,22.58,22.805
2002-10-03,22.65,23.296995,22.300005,22.355005
2002-10-04,22.695,22.785005,21.845,21.885
2002-10-07,21.905,22.53,21.845,22.025
2002-10-08,22.375,22.99,22.065,22.495005
2002-10-09,22.113505,22.725,21.905,21.995005
2002-10-10,22,23.31,21.625,23.19
2002-10-11,23.68,24.449995,23.504995,24.435
2002-10-14,24.125,24.665,23.92,24.644995
2002-10-15,25.6325,26.185,25.324995,26.144995
2002-10-16,25.195,25.629995,25.14,25.205
2002-10-17,26.14,26.25,25.025,25.3855
2002-10-18,26.300005,26.6,25.57,26.574995
2002-10-21,25.985,26.495005,25.68,26.254995
2002-10-22,25.714995,25.964995,25.515,25.835
2002-10-23,25.714995,26.629995,25.5,26.6
2002-10-24,26.660005,26.685,25.449995,25.615
2002-10-25,25.625,26.4,25.58,26.339995
2002-10-28,26.699995,26.75,25.754995,25.975
2002-10-29,26.074995,26.245005,25.425005,26.035005
2002-10-30,26.1,26.695,25.815,26.555
2002-10-31,26.595,27.035005,26.425005,26.735
2002-11-01,26.214995,26.620005,25.949995,26.5
2002-11-04,28.375,28.625,27.76,28.050005
2002-11-05,27.89,28.4,27.79,28.339995
2002-11-06,28.495005,28.552,27.765,28.515
2002-11-07,28.1,28.31,27.75,28.004995
2002-11-08,28,28.275,27.504995,27.550005
2002-11-11,27.535005,27.550005,26.910005,26.93
2002-11-12,27.050005,27.714995,26.949995,27.254995
2002-11-13,27.120005,27.964995,27.055,27.68
2002-11-14,27.995005,28.5,27.935,28.495005
2002-11-15,28.335,28.46,27.835,28.345
2002-11-18,28.475,28.5185,27.870005,27.925005
2002-11-19,27.775,27.9,27.155,27.43
2002-11-20,27.504995,28.449995,27.464995,28.31
2002-11-21,28.49,29,28.39,28.92
2002-11-22,28.725,29.15,28.525,29.11
2002-11-25,29.03,29.32,28.7855,29.115
2002-11-26,28.82,29.125,28.39,28.449995
2002-11-27,28.800005,29.307,28.699995,29.04
2002-11-29,29.214995,29.315,28.800005,28.839995
2002-12-02,29.324995,29.480005,28.504995,28.845
2002-12-03,28.640505,28.675005,28.205,28.355005
2002-12-04,28.065,28.72,27.910005,28.269995
2002-12-05,28.475,28.545,27.65,27.67
2002-12-06,27.435,27.870005,27.11,27.735
2002-12-09,27.5,27.61,26.754995,26.765
2002-12-10,26.78,27.24,26.74,27.004995
2002-12-11,26.925005,27.5095,26.791495,27.33
2002-12-12,27.5,27.53,26.845,27.085
2002-12-13,26.839995,26.875,26.245005,26.25
2002-12-16,26.5,27.275,26.335,27.24
2002-12-17,27.21,27.495005,26.89,27.18
2002-12-18,26.92,27.199995,26.394995,26.765
2002-12-19,26.625,27.375,26.44,26.555
2002-12-20,26.745005,26.86,26.475,26.519995
2002-12-23,26.525,27.14,26.449995,27
2002-12-24,26.7705,27.115,26.76,26.9105
2002-12-26,27.015,27.345,26.585,26.695
2002-12-27,26.64,27,26.449995,26.485
2002-12-30,26.504995,26.620005,26.135,26.375
2002-12-31,26.370005,26.495005,25.629995,25.85
2003-01-02,26.15,26.875,25.855005,26.86
2003-01-03,26.795,26.9,26.44,26.894995
2003-01-06,27.01,27.615,26.9,27.385
2003-01-07,27.46,28.004995,27.339995,27.9
2003-01-08,27.685,27.775,27.055,27.120005
2003-01-09,27.36,27.96,27.265,27.905
2003-01-10,27.550005,28.15,27.449995,27.96
2003-01-13,28.262495,28.375,27.889,28.195
2003-01-14,28.129995,28.5,28.095,28.485
2003-01-15,28.5,28.660005,28.095,28.135
2003-01-16,28.160005,28.324995,27.555,27.675005
2003-01-17,26.47,26.5,25.655,25.730005
2003-01-21,25.935,26.074995,25.644995,25.665
2003-01-22,25.795,26.199995,25.455,25.5
2003-01-23,25.975,26.269995,25.730005,26.14
2003-01-24,26.015,26.025,24.8505,24.925005
2003-01-27,24.660005,25.300005,24.205,24.585
2003-01-28,24.845,24.85,24.2805,24.410005
2003-01-29,24.365,25.0245,23.964995,24.955
2003-01-30,25.08,25.085,24.095,24.120005
2003-01-31,23.725,24.177,23.515,23.730005
2003-02-03,23.964995,24.550005,23.730005,24.28
2003-02-04,23.9,23.97,23.44,23.660005
2003-02-05,23.915,24.265,23.33,23.480005
2003-02-06,23.43,23.81,23.28,23.71
2003-02-07,23.94,23.975,23.205,23.29
2003-02-10,23.4,23.76,23.269995,23.69
2003-02-11,23.65,23.835,23,23.22
2003-02-12,23.275,23.550005,23.134005,23.22
2003-02-13,23.205,23.56,23.0655,23.495005
2003-02-14,23.625,24.25,23.385,24.15
2003-02-18,24.62,24.99001,24.39999,24.96001
2003-02-19,24.82001,24.88,24.17,24.53
2003-02-20,24.77,24.87,24.10001,24.14999
2003-02-21,24.28999,24.8,23.7,24.61
2003-02-24,24.44,24.5,23.84,24.07001
2003-02-25,23.53999,24.27,23.38,24.19
2003-02-26,24.07899,24.47,23.58,23.60001
2003-02-27,23.89999,24.21001,23.3,23.58
2003-02-28,23.74001,24.07001,23.55901,23.7
2003-03-03,24.02,24.12,23.4068,23.53999
2003-03-04,23.58,23.66,23.06,23.07001
2003-03-05,23.07001,23.55,23.05,23.44
2003-03-06,23.17,23.5,23.13,23.27
2003-03-07,22.95,23.78999,22.89999,23.56
2003-03-10,23.31,23.46001,22.89,22.95
2003-03-11,23.06,23.2679,22.75999,22.78999
2003-03-12,22.81799,23.44,22.55,23.39
2003-03-13,23.72,24.74001,23.44,24.67
2003-03-14,24.67999,24.961,24.25999,24.86
2003-03-17,24.52,25.95,24.33,25.92999
2003-03-18,25.89,26.03999,25.5,26.03999
2003-03-19,25.98,26.42999,25.74001,26.32001
2003-03-20,26.02,26.52,25.67,26.25
2003-03-21,26.75,26.89999,26.03,26.57001
2003-03-24,25.55,25.935,25.1899,25.28999
2003-03-25,25.60001,25.75101,25.03,25.49001
2003-03-26,25.46001,25.62,25.24001,25.25
2003-03-27,24.94,25.25999,24.599,25.03999
2003-03-28,24.67,25.10001,24.60001,24.67
2003-03-31,24.25,24.71001,24.00999,24.21001
2003-04-01,24.46001,24.7,24.25,24.35001
2003-04-02,25.10001,26,25.10001,25.72
2003-04-03,25.99001,26.09,25.60001,25.73
2003-04-04,25.75999,25.8,24.92999,25.09
2003-04-07,26.23,26.42999,25.17,25.17101
2003-04-08,25.31,25.83501,25.2,25.58
2003-04-09,25.61,25.67,24.53999,24.57001
2003-04-10,24.71899,24.78999,24.28,24.59
2003-04-11,24.89,25.17999,23.95,24.2
2003-04-14,24.27,24.88,24,24.75
2003-04-15,24.67999,24.78999,24.10001,24.61
2003-04-16,25.60001,25.74001,24.60001,24.92
2003-04-17,24.77,25.53999,24.74001,25.5
2003-04-21,25.61,25.61,25.08,25.21001
2003-04-22,25.06,25.8,25.03,25.74001
2003-04-23,25.75,25.99001,25.47,25.72
2003-04-24,25.42,25.72,25.32001,25.49001
2003-04-25,25.33,25.644,25.17,25.21001
2003-04-28,25.39,25.94,25.32001,25.74001
2003-04-29,25.95,26.25,25.67999,25.80901
2003-04-30,25.8,25.88,25.25,25.56
2003-05-01,25.53999,25.95,25.34,25.71001
2003-05-02,25.64999,26.28999,25.57001,26.13
2003-05-05,26.25,26.39,25.84,25.86
2003-05-06,25.86,26.50101,25.82001,26.38
2003-05-07,26.11,26.35001,25.84,25.99001
2003-05-08,25.75,26.14799,25.71001,25.75
2003-05-09,25.89999,26.5,25.89,26.35001
2003-05-12,26.14999,26.47,26.06,26.21001
2003-05-13,26.03999,26.2,25.89,25.99001
2003-05-14,26.08,26.17999,25.54601,25.63
2003-05-15,25.85001,26.00999,25.57001,25.78999
2003-05-16,25.88,26.05,25.41,25.57001
2003-05-19,25.39999,25.53999,24.74001,24.8
2003-05-20,24.86,25,24.5,24.63
2003-05-21,24.63,24.71001,23.89,24.03
2003-05-22,24.2,24.27,24.03999,24.16
2003-05-23,24.2,24.53999,24.03,24.22
2003-05-27,24.25,24.89,24.21899,24.78999
2003-05-28,24.78,24.871,24.3,24.41
2003-05-29,24.47,24.67,24.23,24.39999
2003-05-30,24.73,24.91,24.50999,24.61
2003-06-02,24.98,25.03,24.57001,24.63901
2003-06-03,24.75,24.92,24.57001,24.88
2003-06-04,24.99001,25.22,24.74001,24.87
2003-06-05,24.47,24.52,24.009,24.09
2003-06-06,24.44,24.56,23.64999,23.67
2003-06-09,23.72,23.98199,23.5999,23.75
2003-06-10,23.94,24.75,23.85001,24.67999
2003-06-11,24.66901,24.96001,24.422,24.88
2003-06-12,24.97,25.14,24.74001,24.99001
2003-06-13,25.2,25.25,24.49001,24.64999
2003-06-16,24.8,25.42,24.66901,25.39
2003-06-17,25.64,26.14,25.53,25.959
2003-06-18,25.98,26.42999,25.71001,26.07001
2003-06-19,26.09,26.39,26.00999,26.07001
2003-06-20,26.34399,26.38,26.00999,26.33
2003-06-23,26.14,26.24001,25.49001,25.78
2003-06-24,25.64999,26.03999,25.52,25.7
2003-06-25,25.64,25.987,25.13901,25.25999
2003-06-26,25.39,26.50999,25.21001,25.75
2003-06-27,25.95,26.34,25.53,25.63
2003-06-30,25.94,26.12,25.5,25.64
2003-07-01,25.59,26.201,25.39,26.14999
2003-07-02,26.5,26.92999,26.45,26.88
2003-07-03,26.69,26.95,26.41,26.5
2003-07-07,27.02,27.55099,26.95,27.42
2003-07-08,27.25999,27.8,27.24899,27.7
2003-07-09,27.56,27.7,27.248,27.47
2003-07-10,27.25,27.45,26.59,26.91
2003-07-11,26.95,27.45,26.89,27.30901
2003-07-14,27.63,27.81,27.05,27.39999
2003-07-15,27.47,27.53,27.10001,27.27
2003-07-16,27.56,27.62,27.2,27.52
2003-07-17,27.14,27.27,26.53999,26.69
2003-07-18,27.11,27.23,26.75,26.89
2003-07-21,26.87,26.91,26,26.03999
2003-07-22,26.28,26.56,26.1311,26.38
2003-07-23,26.42,26.64999,26.14,26.45
2003-07-24,26.78,26.92,25.98,26
2003-07-25,26.28,26.95,26.07001,26.89
2003-07-28,26.94,27,26.49001,26.61
2003-07-29,26.88,26.89999,26.24001,26.47
2003-07-30,26.46001,26.57001,26.17,26.23
2003-07-31,26.60001,26.99001,26.31,26.41
2003-08-01,26.33,26.50999,26.12,26.17
2003-08-04,26.14999,26.41,25.75,26.17999
2003-08-05,26.31,26.53999,25.60001,25.66
2003-08-06,25.53999,26.19,25.42999,25.64999
2003-08-07,25.72,25.81,25.45,25.71001
2003-08-08,25.88,25.98,25.5,25.58
2003-08-11,25.61,25.99001,25.53999,25.61
2003-08-12,25.71001,25.77,25.45,25.73
2003-08-13,25.78999,25.89,25.5,25.60001
2003-08-14,25.66,25.71001,25.52,25.63
2003-08-15,25.61,25.66,25.42999,25.53999
2003-08-18,25.56,25.83,25.46001,25.7
2003-08-19,25.85001,26.64999,25.77,26.62
2003-08-20,26.3,26.53,26,26.45
2003-08-21,26.64999,26.73,26.13,26.24001
2003-08-22,26.78,26.95,26.21001,26.22
2003-08-25,26.31,26.53999,26.23,26.5
2003-08-26,26.31,26.67,25.96001,26.57001
2003-08-27,26.50999,26.58,26.3,26.42
2003-08-28,26.5,26.58,26.24001,26.50999
2003-08-29,26.46001,26.55099,26.35001,26.52
2003-09-02,26.72,27.3,26.47,27.25999
2003-09-03,27.42,28.39999,27.38,28.3
2003-09-04,28.10001,28.47,27.99001,28.42999
2003-09-05,28.23,28.75,28.17,28.38
2003-09-08,28.39,28.92,28.34,28.84
2003-09-09,28.645,28.71001,28.314,28.37
2003-09-10,28.03,28.17999,27.48,27.55
2003-09-11,27.66,28.11,27.59,27.84
2003-09-12,27.48,28.39999,26.7,28.34
2003-09-15,28.37,28.61,28.33,28.36
2003-09-16,28.41,28.95,28.32001,28.89999
2003-09-17,28.75999,28.95,28.47,28.5
2003-09-18,28.49001,29.50999,28.42,29.5
2003-09-19,29.75999,29.97,29.52,29.96001
2003-09-22,29.39,30,28.81,29.07001
2003-09-23,29.12,29.71001,28.88,29.60001
2003-09-24,29.61,29.7,28.41901,28.46001
2003-09-25,28.47,28.9597,28.22,28.24001
2003-09-26,28.27,28.78,28.14,28.19
2003-09-29,28.41,28.91,28.10001,28.83
2003-09-30,28.59,28.61,27.75,27.8
2003-10-01,28.03,28.63,27.81,28.52
2003-10-02,28.45,28.75,28.19,28.5
2003-10-03,29.16,29.46001,28.92999,29.08
2003-10-06,29.14999,29.3,28.91,29.19
2003-10-07,29.00999,29.37199,28.92,29.14
2003-10-08,29.36,29.36,28.67999,28.82001
2003-10-09,29.22,29.34959,28.8,28.94
2003-10-10,28.91,29.2,28.67,28.91
2003-10-13,28.98,29.10001,28.5,28.78
2003-10-14,28.66,28.77,28.48,28.67999
2003-10-15,29.2,29.25999,28.7,29.07001
2003-10-16,28.91,29.31,28.8,29.23
2003-10-17,29.28,29.28999,28.8,28.92999
2003-10-20,28.95,29.37,28.8,29.35001
2003-10-21,29.35001,29.42999,29.17,29.353
2003-10-22,29.03,29.21001,28.8,28.89
2003-10-23,28.72,29.08,28.10001,28.91
2003-10-24,27.27,27.39999,26.42,26.61
2003-10-27,26.91,27.10001,26.82001,26.91
2003-10-28,27.09,27.22,26.88,27.2
2003-10-29,27.16,27.25,26.66,26.74001
2003-10-30,27.00999,27.03999,25.91,26.12
2003-10-31,26.37,26.44,26.11,26.14
2003-11-03,26.35001,26.75,26.28999,26.67999
2003-11-04,26.59,26.62,26.00999,26.07001
2003-11-05,26.14999,26.32001,26,26.10001
2003-11-06,26.25999,26.3,26,26.23
2003-11-07,26.38,26.49001,26.03,26.10001
2003-11-10,26.12,26.23,26,26.00101
2003-11-11,26.00999,26.076,25.67,25.8
2003-11-12,25.85001,26.14,25.60001,25.98
2003-11-13,25.86,25.92999,25.45,25.69
2003-11-14,25.7,26.02,25.44,25.5
2003-11-17,25.39,25.44,24.84,25.14999
2003-11-18,25.33,25.84,25.12,25.14999
2003-11-19,25.28999,25.53999,25.17,25.35001
2003-11-20,25.17,25.631,25.08,25.10001
2003-11-21,25.33,25.38,25.08,25.11
2003-11-24,25.33,25.81,25.28,25.73
2003-11-25,25.87,25.95,25.38,25.39999
2003-11-26,25.61,25.63,25.32001,25.45
2003-11-28,25.5,25.75,25.39999,25.71001
2003-12-01,25.85001,26.21001,25.5,25.84
2003-12-02,25.95,26.09,25.61,25.66
2003-12-03,25.82001,26.07001,25.62,25.67
2003-12-04,25.72,26.23,25.66,26.2
2003-12-05,25.96001,26.48,25.91901,25.98
2003-12-08,26.12,26.34,25.81,26.24001
2003-12-09,26.44,26.61,26.25,26.38
2003-12-10,26.45,26.63,26.38,26.59
2003-12-11,26.59,26.77,26.28,26.61
2003-12-12,26.69,26.81,26.5,26.64999
2003-12-15,27.05,27.10001,26.67999,26.74001
2003-12-16,26.83,27.16,26.77,27.06
2003-12-17,27.03999,27.08,26.85001,27.03999
2003-12-18,27.10001,27.45,27.05,27.39999
2003-12-19,27.49001,27.55,27.19,27.36
2003-12-22,27.16,27.42999,26.97,27.17999
2003-12-23,27.17,27.34,27.00999,27.14999
2003-12-24,27.14,27.16,27,27.03999
2003-12-26,27.05,27.25,27,27.21001
2003-12-29,27.21001,27.53,27.16,27.46001
2003-12-30,27.41,27.55,27.39999,27.52
2003-12-31,27.42,27.55,27.23,27.37
2004-01-02,27.58,27.77,27.33,27.45
2004-01-05,27.73,28.17999,27.72,28.14
2004-01-06,28.19,28.28,28.07001,28.24001
2004-01-07,28.17,28.31,28.00999,28.21001
2004-01-08,28.39,28.48,28,28.16
2004-01-09,28.03,28.061,27.59,27.66
2004-01-12,27.67,27.73,27.35001,27.57001
2004-01-13,27.53999,27.64,27.25999,27.42999
2004-01-14,27.50999,27.73,27.47,27.7
2004-01-15,27.55,27.72,27.42,27.53999
2004-01-16,27.74001,27.88,27.53,27.81
2004-01-20,27.99001,28.2,27.92999,28.10001
2004-01-21,28.13,28.3,27.85001,28.3
2004-01-22,28.37,28.44,27.94,28.00999
2004-01-23,28.27,28.75999,28.22,28.48
2004-01-26,28.49001,28.83,28.32001,28.8
2004-01-27,28.60001,28.72,28.22,28.25
2004-01-28,28.28,28.44,27.47,27.71001
2004-01-29,27.78,27.95,27.57001,27.91
2004-01-30,27.85001,27.89999,27.55,27.64999
2004-02-02,27.63,27.8,27.24001,27.39999
2004-02-03,27.42,27.55,27.17999,27.28999
2004-02-04,27.14999,27.42999,27.00999,27.00999
2004-02-05,27.06,27.17,26.83,26.96001
2004-02-06,27,27.19,26.92999,27.08
2004-02-09,27.17999,27.229,26.85001,26.89999
2004-02-10,26.86,27.14999,26.82001,27.02
2004-02-11,26.95,27.23,26.85001,27.14999
2004-02-12,27.09,27.14999,26.92999,26.95
2004-02-13,26.98,27.06,26.5,26.59
2004-02-17,26.7,27.10001,26.59,26.99001
2004-02-18,26.92,27.11,26.74001,26.77
2004-02-19,26.89999,26.98,26.42999,26.46001
2004-02-20,26.64999,26.795,26.5,26.57001
2004-02-23,26.75,26.75999,26.4799,26.61
2004-02-24,26.60001,26.95,26.55,26.88
2004-02-25,26.89,26.99001,26.61,26.7
2004-02-26,26.63,26.64999,26.41,26.5
2004-02-27,26.48,26.62,26.35001,26.53
2004-03-01,26.64999,26.72,26.5,26.7
2004-03-02,26.63,26.69,26.35001,26.39
2004-03-03,26.35001,26.55,26.22,26.37
2004-03-04,26.37,26.42,26.21001,26.37
2004-03-05,26.23,26.60001,26.2,26.35001
2004-03-08,26.31,26.35001,25.81,25.83
2004-03-09,25.77,25.97,25.53999,25.72
2004-03-10,25.66,25.8,25.35001,25.37
2004-03-11,25.2,25.78,25.07001,25.09
2004-03-12,25.38,25.50999,25.23,25.38
2004-03-15,25.33,25.42999,25.06,25.16
2004-03-16,25.27,25.37,25.0999,25.17999
2004-03-17,25.25,25.46001,25.11,25.13
2004-03-18,24.96001,25.03,24.58,24.89
2004-03-19,24.84,24.94,24.56,24.63
2004-03-22,24.53,24.84,24.00999,24.5
2004-03-23,24.63,24.66,24.11,24.14999
2004-03-24,24.36,24.58,24.17999,24.41
2004-03-25,24.60001,25.24001,24.58,25.19
2004-03-26,25.11,25.50999,25,25.03
2004-03-29,25.24001,25.39999,25,25.31
2004-03-30,25.19,25.33,25.03,25.2
2004-03-31,25.19,25.2,24.8699,24.92999
2004-04-01,24.95,25.11,24.85001,25.08
2004-04-02,25.47,25.89999,25.44,25.85001
2004-04-05,25.8,25.98,25.73,25.951
2004-04-06,25.75999,25.89999,25.66,25.8
2004-04-07,25.73,25.78,25.35001,25.59
2004-04-08,25.8,25.85001,25.36,25.48
2004-04-12,25.48,25.74001,25.42999,25.61
2004-04-13,25.679,25.77,25.41,25.45
2004-04-14,25.39999,25.67999,25.38,25.50999
2004-04-15,25.58,25.73,25.10001,25.215
2004-04-16,25.31,25.39999,25.11,25.16
2004-04-19,25.08,25.60001,25.06,25.53
2004-04-20,25.64,25.88,25.28,25.33
2004-04-21,25.37,25.49001,25.2,25.45
2004-04-22,25.52,25.99001,25.47,25.95
2004-04-23,27.36,27.72,27.34,27.53999
2004-04-26,27.45,27.55,27.10001,27.24001
2004-04-27,27.21001,27.37,27.13,27.22
2004-04-28,27.05,27.05,26.47,26.56
2004-04-29,26.53,26.94,26.31,26.48
2004-04-30,26.66,26.75,25.96001,26.13
2004-05-03,26.22,26.52,26.19,26.35001
2004-05-04,26.36,26.53999,26.02,26.33
2004-05-05,26.27,26.60001,26.25,26.3
2004-05-06,26.14,26.34,26.02901,26.12
2004-05-07,26.03999,26.38,25.75,25.78
2004-05-10,25.64,26.05,25.62,25.92999
2004-05-11,26.08,26.11,25.78999,25.94
2004-05-12,25.89,26,25.42999,25.94
2004-05-13,25.85001,26.19,25.78999,26.10001
2004-05-14,25.98,26.17,25.64,25.86
2004-05-17,25.48,25.78999,25.42,25.53999
2004-05-18,25.69,25.97,25.64,25.83
2004-05-19,26.06,26.27,25.62,25.62
2004-05-20,25.74001,25.87,25.59,25.73
2004-05-21,25.89999,26.2,25.78,25.89
2004-05-24,26.05,26.17,25.74001,25.75999
2004-05-25,25.7,26.19,25.60001,26.10001
2004-05-26,25.99001,26.14999,25.85001,26.14
2004-05-27,26.16,26.19,25.92,26.19
2004-05-28,26.14,26.35001,26.02,26.23
2004-06-01,26.11,26.27,25.87,26.11
2004-06-02,26.14,26.28,26.00999,26.13
2004-06-03,26.06,26.13,25.86,25.89
2004-06-04,26.11,26.24001,25.94,25.95
2004-06-07,26.08,26.42999,25.97,26.42999
2004-06-08,26.27,26.64999,26.24001,26.60001
2004-06-09,26.47,26.64999,26.39999,26.47
2004-06-10,26.42999,26.78999,26.38,26.77
2004-06-14,26.57001,26.89999,26.53,26.89999
2004-06-15,26.98,27.60001,26.97,27.405
2004-06-16,27.28,27.5,27.14999,27.32001
2004-06-17,27.3,27.92,27.28999,27.769
2004-06-18,27.77,28.5,27.7,28.35001
2004-06-21,28.33,28.66,28.12,28.35001
2004-06-22,28.14999,28.35001,27.81,28.28999
2004-06-23,28.17999,28.38,28,28.3
2004-06-24,28.42,28.64999,28.36,28.39
2004-06-25,28.47,28.63,28.245,28.57001
2004-06-28,28.60001,28.75,28.17,28.28
2004-06-29,28.17999,28.58,28.17999,28.5
2004-06-30,28.60001,28.8,28.39,28.56
2004-07-01,28.67999,28.84,28.25999,28.63
2004-07-02,28.59,28.67999,28.39999,28.57001
2004-07-06,28.32001,28.33,27.94,28.02
2004-07-07,27.701,28.32001,27.55,28.10001
2004-07-08,27.87,28.14999,27.55,27.64
2004-07-09,27.75,28.00101,27.64,27.86
2004-07-12,27.71001,28.00101,27.59,27.89
2004-07-13,27.91,27.95,27.60001,27.60001
2004-07-14,27.37,28.36,27.34,28.13
2004-07-15,28.08,28.2037,27.8,27.87
2004-07-16,28.16,28.2,27.25,27.48
2004-07-19,27.64,28.25999,27.60001,27.95
2004-07-20,28,28.48,27.85001,28.32001
2004-07-21,29.58,29.89,28.81,28.86
2004-07-22,29.03999,29.3,28.83,29
2004-07-23,28.16,28.39999,28.02,28.03
2004-07-26,28.37,28.71001,28.19901,28.66
2004-07-27,28.73,28.75999,28.13,28.44
2004-07-28,28.32001,28.78999,28.28,28.58
2004-07-29,28.78,28.8,28.25,28.48
2004-07-30,28.46001,28.81,28.33,28.49001
2004-08-02,28.27,28.55,28.16,28.52
2004-08-03,28.38,28.42,28,28.07001
2004-08-04,28.00101,28.2,27.989,28.06
2004-08-05,28.14,28.21001,27.52,27.53
2004-08-06,27.38,27.86,27.06,27.14
2004-08-09,27.23,27.28,27.10001,27.17999
2004-08-10,27.28999,27.75,27.25,27.72
2004-08-11,27.37,27.50999,27.2,27.41
2004-08-12,27.24001,27.31,26.86,26.88
2004-08-13,27.02,27.25101,25.95,27.02
2004-08-16,27.09,27.2,26.96001,27.09
2004-08-17,27.2,27.38,26.98,27.05
2004-08-18,26.89999,27.5,26.89,27.46001
2004-08-19,27.35001,27.45,27.00999,27.12
2004-08-20,27.13,27.37,27.03999,27.2
2004-08-23,27.28,27.33,27.12,27.24001
2004-08-24,27.39,27.46001,27.09,27.24001
2004-08-25,27.21001,27.67,27.17999,27.55
2004-08-26,27.45,27.60001,27.39,27.44
2004-08-27,27.5,27.64999,27.45,27.46001
2004-08-30,27.3,27.39,26.85001,27.3
2004-08-31,27.28999,27.32001,27.05,27.3
2004-09-01,27.22,27.52,27.14,27.39
2004-09-02,27.42,27.67999,27.35001,27.62
2004-09-03,27.44,27.62,27.10001,27.11
2004-09-07,27.3,27.38,27.16,27.36
2004-09-08,27.34,27.46919,27.14,27.25999
2004-09-09,27.3,27.47,27.17999,27.28
2004-09-10,27.32001,27.50999,27.17999,27.49001
2004-09-13,27.53,27.57001,26.74001,27.25
2004-09-14,27.39,27.50999,27.27,27.44
2004-09-15,27.38,27.401,27.14,27.19
2004-09-16,27.24001,27.35001,27.17,27.25999
2004-09-17,27.39,27.53,27.25999,27.50999
2004-09-20,27.44,27.64999,27.33,27.50999
2004-09-21,27.47,27.53,27.25,27.25999
2004-09-22,27.25,27.74001,27.07001,27.12
2004-09-23,27.19,27.39,27.17,27.35001
2004-09-24,27.39999,27.46001,27.19,27.28999
2004-09-27,27.17,27.32001,27.13,27.19
2004-09-28,27.21001,27.36,27.03999,27.27
2004-09-29,27.25999,27.69,27.23331,27.58
2004-09-30,27.59,27.78999,27.52,27.64999
2004-10-01,27.83,28.32001,27.78,28.25
2004-10-04,28.42,28.46001,28.07001,28.12
2004-10-05,28.14,28.45,28.10001,28.38
2004-10-06,28.39,28.55099,28.23,28.53
2004-10-07,28.50999,28.59,28.16,28.17
2004-10-08,28.12,28.33,27.97,27.99001
2004-10-11,28.2,28.22,27.92999,28.06
2004-10-12,27.84,28.16,27.81,28.03
2004-10-13,28.19,28.27,27.94,28.03
2004-10-14,28.06,28.16,27.799,27.8
2004-10-15,27.96001,28.24001,27.82001,27.99001
2004-10-18,28.07001,28.45,27.98,28.41
2004-10-19,28.55,28.59,28.17,28.17999
2004-10-20,28.22,28.75,28.12,28.69901
2004-10-21,28.82001,28.89,28.47,28.56
2004-10-22,28.31,28.34,27.58,27.74001
2004-10-25,27.67999,27.77,27.55,27.63
2004-10-26,27.71001,27.89999,27.629,27.89999
2004-10-27,27.86,28.351,27.58,28.14999
2004-10-28,28.11,28.53999,27.89999,28.00999
2004-10-29,28.09,28.14999,27.42,27.97
2004-11-01,28.14999,28.28,27.96001,28.08
2004-11-02,28.23,28.47,28.02901,28.24001
2004-11-03,28.64999,28.64999,28.31,28.47
2004-11-04,28.39999,29,28.38,29
2004-11-05,29.16,29.36,29.03,29.31
2004-11-08,29.17999,29.48,29.13,29.28
2004-11-09,29.42999,29.89,29.35001,29.77
2004-11-10,29.89,30,29.69,29.73
2004-11-11,29.87,30.08,29.82001,29.98
2004-11-12,30.17,30.2,29.8,29.97
2004-11-15,27.36,27.5,27.2,27.39
2004-11-16,27.33,27.34,27.05,27.12
2004-11-17,27.25,27.36,27.06,27.17
2004-11-18,27.13,27.17,27,27.07001
2004-11-19,27.03,27.07001,26.84,26.86
2004-11-22,26.75,26.82001,24.86,26.64999
2004-11-23,26.53,26.7,26.39999,26.53
2004-11-24,26.63,26.73,26.39999,26.64
2004-11-26,26.56,26.82001,26.55,26.60001
2004-11-29,26.64999,26.95,26.61,26.77
2004-11-30,26.75,27.00999,26.7,26.81
2004-12-01,26.95,27.28,26.81,27.25
2004-12-02,27.25999,27.39999,26.92,27.09
2004-12-03,27.14999,27.44,27.14,27.23
2004-12-06,27.10001,27.44,27.07001,27.33
2004-12-07,27.25999,27.38,27,27.07001
2004-12-08,27.00999,27.36,26.91,27.36
2004-12-09,27.13,27.36,26.94,27.23
2004-12-10,27.08,27.17999,27.03999,27.08
2004-12-13,27.10001,27.28,26.91,27.25
2004-12-14,27.05,27.33,27.03999,27.23
2004-12-15,27.23,27.39999,27.07001,27.11
2004-12-16,27.14999,27.28,27.00999,27.16
2004-12-17,27.00999,27.32001,26.7951,26.96001
2004-12-20,27.00999,27.14999,26.89,26.95
2004-12-21,26.98,27.17,26.94,27.07001
2004-12-22,26.84,27.14999,26.78,26.97
2004-12-23,26.87,27.14999,26.83,27.00999
2004-12-27,27.00999,27.10001,26.82001,26.85001
2004-12-28,26.84,27.03,26.8,26.95
2004-12-29,26.85001,27,26.82001,26.89999
2004-12-30,26.89,26.94,26.74899,26.75999
2004-12-31,26.75,26.89999,26.679,26.72
2005-01-03,26.82001,26.95,26.649,26.74001
2005-01-04,26.87,27.10001,26.66,26.84
2005-01-05,26.85001,27.10001,26.75999,26.78
2005-01-06,26.87,27.06,26.63989,26.75
2005-01-07,26.82001,26.89,26.62,26.67
2005-01-10,26.60001,26.86,26.53999,26.8
2005-01-11,26.69,26.82001,26.61,26.73
2005-01-12,26.77,26.85001,26.62,26.78
2005-01-13,26.67999,26.8,26.16,26.27
2005-01-14,26.39999,26.45,26.03999,26.12
2005-01-18,26.03,26.35001,25.84,26.32001
2005-01-19,26.2,26.25999,25.91991,25.98
2005-01-20,25.84,26.10001,25.74001,25.86
2005-01-21,25.94,26.13,25.64,25.64999
2005-01-24,25.75999,26,25.64,25.67
2005-01-25,25.75999,26.19,25.75,26.02
2005-01-26,26.07001,26.17,25.89999,26.00999
2005-01-27,25.95,26.16,25.85001,26.11
2005-01-28,26.53,26.64999,25.9599,26.17999
2005-01-31,26.36,26.52,26.16,26.28
2005-02-01,26.25,26.42999,26.22,26.39
2005-02-02,26.44,26.5,26.27991,26.46001
2005-02-03,26.37,26.39999,26.10001,26.17999
2005-02-04,26.17,26.37,26.13989,26.32001
2005-02-07,26.25999,26.3,26.06,26.16
2005-02-08,26.19,26.34,26.16,26.24001
2005-02-09,26.25,26.31,26.03999,26.07001
2005-02-10,26.10001,26.13,26,26.06
2005-02-11,26.03999,26.12,25.81,25.97
2005-02-14,25.92,26.12,25.91,26.00999
2005-02-15,26.00999,26.08,25.86,25.92999
2005-02-16,25.87,25.92999,25.67,25.78999
2005-02-17,25.72,25.86,25.60001,25.64999
2005-02-18,25.63,25.64999,25.39999,25.48
2005-02-22,25.25,25.49001,25.2,25.23
2005-02-23,25.24001,25.35001,25.17,25.2
2005-02-24,25.19,25.44009,25.14999,25.37
2005-02-25,25.33,25.38,25.14999,25.25
2005-02-28,25.23,25.37,25.12959,25.16
2005-03-01,25.19,25.41,25.13,25.28
2005-03-02,25.2,25.48,25.16,25.25999
2005-03-03,25.3,25.31,25.14,25.17
2005-03-04,25.22,25.3,25.13,25.17
2005-03-07,25.17999,25.78999,25.16,25.47
2005-03-08,25.38,25.62019,25.34,25.39999
2005-03-09,25.39,25.57001,25.28,25.31
2005-03-10,25.42,25.48,25.25,25.42999
2005-03-11,25.45,25.48019,25.06,25.09
2005-03-14,25.07001,25.14999,24.96001,25.11
2005-03-15,25.10001,25.24001,24.88989,24.91
2005-03-16,24.8,24.97,24.56,24.63
2005-03-17,24.67999,24.67999,24.53,24.53999
2005-03-18,24.52,24.91,24.28,24.31
2005-03-21,24.34,24.36,24.14999,24.2
2005-03-22,24.19,24.27,23.9599,23.99001
2005-03-23,23.99001,24.39,23.96001,24.17999
2005-03-24,24.24001,24.47,24.1998,24.28
2005-03-28,24.34,24.47,24.17999,24.2
2005-03-29,24.13,24.24001,23.82001,23.92
2005-03-30,24.03999,24.19,24,24.16
2005-03-31,24.25,24.3103,24.1199,24.17
2005-04-01,24.25999,24.35001,24.10001,24.12
2005-04-04,24.11,24.25999,23.94,24.23
2005-04-05,24.22,24.5,24.1199,24.47
2005-04-06,24.48,24.94,24.4491,24.67
2005-04-07,24.66,25.13,24.63,25.10001
2005-04-08,25.06,25.25,24.91,24.94
2005-04-11,25.03,25.11,24.86,24.97
2005-04-12,24.94,25.35001,24.8,25.32001
2005-04-13,25.22,25.45,24.99001,25.03999
2005-04-14,25.03,25.14,24.83,24.84
2005-04-15,24.58,24.89999,24.41,24.46001
2005-04-18,24.45,24.84,24.39999,24.64999
2005-04-19,24.74001,24.8,24.45,24.63
2005-04-20,24.64999,24.7,24.3,24.32001
2005-04-21,24.5,25.39,24.47,25.28
2005-04-22,25.06,25.25,24.78,24.98
2005-04-25,25.07001,25.28,24.86,24.99001
2005-04-26,24.97,25.25,24.74001,24.75999
2005-04-27,24.66,25.14999,24.63,24.99001
2005-04-28,24.78999,24.92,24.44,24.45
2005-04-29,24.89,25.3,24.78999,25.3
2005-05-02,25.23,25.36,24.95,25.23
2005-05-03,25.12,25.39999,25.09,25.36
2005-05-04,25.34,25.39999,25.11,25.21001
2005-05-05,25.21001,25.33,25.08,25.23
2005-05-06,25.31,25.48,25.19,25.22
2005-05-09,25.22,25.33,25.05,25.11
2005-05-10,25.06,25.08,24.82001,24.89999
2005-05-11,24.88,24.97,24.64,24.91
2005-05-12,24.84,25.11,24.83,25
2005-05-13,25.03,25.38,24.99001,25.3
2005-05-16,25.22,25.5,24.31,25.49001
2005-05-17,25.31,25.5,25.25,25.46001
2005-05-18,25.53,25.84,25.42,25.7
2005-05-19,25.75999,26.05,25.7,25.92
2005-05-20,25.88,25.92,25.73,25.74001
2005-05-23,25.74001,26.07001,25.74001,25.85001
2005-05-24,25.78999,25.88,25.72,25.75
2005-05-25,25.67,25.77,25.5,25.71001
2005-05-26,25.74001,26,25.73,25.89999
2005-05-27,25.85001,26.09,25.81,26.07001
2005-05-31,25.99001,26.03,25.75,25.8
2005-06-01,25.73,26,25.61,25.84
2005-06-02,25.71001,25.86,25.64,25.78999
2005-06-03,25.7,25.8102,25.34,25.42999
2005-06-06,25.38,25.5,25.31,25.37
2005-06-07,25.34,25.83,25.31,25.50999
2005-06-08,25.53999,25.62,25.34,25.39999
2005-06-09,25.39999,25.61099,25.3499,25.50999
2005-06-10,25.50999,25.52,25.34,25.42999
2005-06-13,25.36,25.49001,25.25999,25.31
2005-06-14,25.28,25.44,25.24001,25.36
2005-06-15,25.39,25.41,25.11,25.25999
2005-06-16,25.22,25.23,24.95,25.03999
2005-06-17,25.19,25.28999,24.92,25.03999
2005-06-20,24.97,25.28,24.92999,25.11
2005-06-21,25.08,25.19,25.03999,25.14999
2005-06-22,25.12,25.25999,25.03,25.07001
2005-06-23,25.17,25.62,25.14999,25.31
2005-06-24,25.24001,25.39999,25.03,25.03999
2005-06-27,25.06,25.25,25.03,25.05
2005-06-28,25.10001,25.2,25.02901,25.07001
2005-06-29,25.23,25.32001,25,25.09
2005-06-30,25.07001,25.14,24.82001,24.84
2005-07-01,24.86,24.9904,24.67,24.71001
2005-07-05,24.66,25.19,24.62,24.98
2005-07-06,24.96001,25.08,24.6899,24.7
2005-07-07,24.56,24.71001,24.5,24.64999
2005-07-08,24.64999,25.1207,24.63,25.09
2005-07-11,25.14999,25.38,25.11,25.28999
2005-07-12,25.24001,25.62,25.2,25.61
2005-07-13,25.53,25.75,25.4799,25.66
2005-07-14,25.8,26.10001,25.78999,25.97
2005-07-15,26.02,26.10001,25.75,25.78999
2005-07-18,25.71001,25.78999,25.55,25.55
2005-07-19,25.75999,26.25,25.75,26.16
2005-07-20,26.00999,26.23,25.88,26.19
2005-07-21,26.28999,26.48,26.19,26.44
2005-07-22,25.99001,26.34,25.63,25.67999
2005-07-25,25.67999,25.89999,25.64999,25.69
2005-07-26,25.71001,25.74001,25.53,25.53999
2005-07-27,25.60001,25.8,25.53,25.72
2005-07-28,25.75,25.85001,25.66,25.75
2005-07-29,25.78999,26,25.59,25.61
2005-08-01,25.81,26.05,25.75999,25.92
2005-08-02,25.89,26.901,25.87,26.81
2005-08-03,26.77,27.42999,26.73399,27.25
2005-08-04,27.16,27.5,27.05,27.32001
2005-08-05,27.3,27.94,27.25,27.75999
2005-08-08,27.8,27.84,27.08,27.13
2005-08-09,27.22,27.50999,27.00999,27.35001
2005-08-10,27.41,27.5,26.85001,26.95
2005-08-11,26.99001,27.3,26.88989,27.27
2005-08-12,27.08,27.14,26.89999,27.05
2005-08-15,26.97,27.3008,26.69,27.13
2005-08-16,27.03,27.14,26.6998,26.74001
2005-08-17,26.8,27.14999,26.66,26.95
2005-08-18,26.89,27.08,26.8,26.82001
2005-08-19,26.89,26.91,26.7,26.72
2005-08-22,26.8,27.17,26.77,26.91
2005-08-23,26.85001,27.07001,26.74001,26.87
2005-08-24,26.82001,27.16,26.78,26.81
2005-08-25,26.88,27.09,26.85001,27.03
2005-08-26,27.06,27.08,26.87,26.97
2005-08-29,26.81,27.23,26.81,27.14999
2005-08-30,27.06,27.23,26.96001,27.17999
2005-08-31,27.19,27.44,27.03999,27.38
2005-09-01,27.34,27.39,27.14999,27.2
2005-09-02,27.22,27.27,26.97,27.02
2005-09-06,27.06,27.28999,26.98,27
2005-09-07,26.95,27.11,26.8199,26.85001
2005-09-08,26.8,26.88,26.52,26.61
2005-09-09,26.62,26.82001,26.53,26.58
2005-09-12,26.62,26.75,26.5192,26.61
2005-09-13,26.52,26.75999,26.37,26.48
2005-09-14,26.52,26.64,26.3,26.31
2005-09-15,26.35001,26.42999,26.22,26.27
2005-09-16,26.32001,26.39999,25.97,26.07001
2005-09-19,26.10001,26.27,25.86,26
2005-09-20,26.07001,26.22,25.69,25.84
2005-09-21,25.8,25.89999,25.42999,25.49001
2005-09-22,25.50999,25.60001,25.14999,25.34
2005-09-23,25.28999,25.53999,25.12,25.27
2005-09-26,25.38,25.49001,25.21001,25.27
2005-09-27,25.36,25.45,25.2999,25.34
2005-09-28,25.38,25.87,25.38,25.67
2005-09-29,25.62,26,25.5,25.94
2005-09-30,25.91,25.95,25.61,25.73
2005-10-03,25.72,25.7326,25.44,25.5
2005-10-04,25.36,25.39,24.75,24.98
2005-10-05,25.03,25.05,24.67,24.67
2005-10-06,24.64999,24.95,24.53,24.73
2005-10-07,24.75999,24.8401,24.52,24.59
2005-10-10,24.66,24.67999,24.35001,24.46001
2005-10-11,24.49001,24.55009,24.25,24.41
2005-10-12,24.48,24.7,24.27,24.3
2005-10-13,24.32001,25.59,24.26801,24.59
2005-10-14,24.7,24.73,24.49921,24.67
2005-10-17,24.67,24.69,24.4399,24.53
2005-10-18,24.49001,24.83,24.45,24.57001
2005-10-19,24.56,25.09,24.5,25.09
2005-10-20,25.05,25.13,24.74001,24.78999
2005-10-21,24.91,25,24.57001,24.78
2005-10-24,24.89,25.10001,24.67999,25.10001
2005-10-25,24.95,25.13,24.8299,25.03
2005-10-26,24.95,25.33,24.92999,25.11011
2005-10-27,25.21001,25.27,24.85001,24.85001
2005-10-28,25.10001,25.6001,25.10001,25.53
2005-10-31,25.59,25.8,25.5,25.7
2005-11-01,25.62,26.10001,25.61,25.96001
2005-11-02,25.92999,26.5,25.92999,26.46001
2005-11-03,26.58,26.64,26.25,26.44
2005-11-04,26.52,26.71001,26.45,26.66
2005-11-07,26.7,27.08099,26.7,27.00999
2005-11-08,26.92999,27.17999,26.77,27.0495
2005-11-09,26.97,27.1501,26.94,26.96001
2005-11-10,26.94,27.14999,26.63989,27.09
2005-11-11,27.17,27.39011,27.1265,27.28
2005-11-14,27.36,27.44,27.2,27.35001
2005-11-15,27.34,27.53999,27.25,27.5
2005-11-16,27.47,27.88,27.44,27.74001
2005-11-17,27.84,28.00031,27.75999,27.97
2005-11-18,28.12,28.25,27.89999,28.07001
2005-11-21,28.06,28.2402,27.5,28.16
2005-11-22,28.03,28.08,27.86,27.91
2005-11-23,27.92,28.09,27.74001,27.92
2005-11-25,27.78,27.94,27.465,27.75999
2005-11-28,27.78,27.851,27.53,27.75
2005-11-29,27.78999,27.78999,27.60001,27.67999
2005-11-30,27.66,27.7702,27.63,27.67999
2005-12-01,27.75,28.101,27.729,27.89
2005-12-02,27.81,28.10001,27.78999,28.00999
2005-12-05,27.92,28.02,27.71001,27.85001
2005-12-06,27.89999,27.92101,27.67999,27.69
2005-12-07,27.64999,27.75,27.55,27.75
2005-12-08,27.7,27.81,27.60001,27.69
2005-12-09,27.71001,27.83,27.64,27.71001
2005-12-12,27.69,27.75,27.33,27.45
2005-12-13,27.25999,27.42999,27,27.1301
2005-12-14,26.99001,27.24001,26.85001,27.09
2005-12-15,27.09,27.11,26.81,26.92
2005-12-16,26.88,27.08,26.81,26.89999
2005-12-19,26.7,26.87,26.64999,26.83
2005-12-20,26.75999,26.88,26.67,26.86
2005-12-21,26.85001,26.91,26.70979,26.73
2005-12-22,26.7,26.78,26.41901,26.59
2005-12-23,26.52,26.6703,26.44,26.64
2005-12-27,26.7,26.85001,26.45,26.46001
2005-12-28,26.50999,26.662,26.35001,26.39
2005-12-29,26.37,26.50011,26.25999,26.27
2005-12-30,26.16,26.31,26.10001,26.14999
2006-01-03,26.25,27.00101,26.10001,26.84
2006-01-04,26.77,27.08009,26.77,26.97
2006-01-05,26.96001,27.13,26.91,26.99001
2006-01-06,26.89,27,26.49001,26.91
2006-01-09,26.94,27.07001,26.75999,26.86
2006-01-10,26.63,27.02,26.59,27
2006-01-11,26.99001,27.39,26.89999,27.28999
2006-01-12,27.23,27.25999,26.97,27.14
2006-01-13,27.02,27.25011,27.00999,27.19
2006-01-17,26.89999,27.19,26.89999,26.99001
2006-01-18,26.75,26.98,26.7,26.83
2006-01-19,26.85001,27.24001,26.85001,27.02
2006-01-20,27,27.00999,26.25999,26.41
2006-01-23,26.42,26.53,26.3,26.35001
2006-01-24,26.33,26.4501,26.22,26.28
2006-01-25,26.42,26.57001,26.23,26.39999
2006-01-26,26.53,26.72,26.31,26.5
2006-01-27,27.23,27.9501,27.19,27.78999
2006-01-30,27.81,28.17999,27.78,28
2006-01-31,27.88,28.38,27.87,28.14999
2006-02-01,28.02,28.07001,27.75999,28.03999
2006-02-02,27.92,27.99001,27.55,27.67999
2006-02-03,27.47,27.7,27.34,27.53999
2006-02-06,27.49001,27.53999,27.09,27.17
2006-02-07,26.96001,27.1501,26.81,26.94
2006-02-08,27,27.08,26.71001,26.91
2006-02-09,26.95,27.03,26.64999,26.66
2006-02-10,26.62,26.89,26.50999,26.69
2006-02-13,26.62,26.7,26.34,26.39
2006-02-14,26.39999,26.67999,26.35001,26.64999
2006-02-15,26.59,26.92999,26.5,26.88
2006-02-16,26.85001,26.9001,26.57001,26.81
2006-02-17,26.66,26.75,26.56,26.7
2006-02-21,26.7,26.72,26.34,26.53999
2006-02-22,26.53,26.86,26.47,26.72
2006-02-23,26.75,26.89011,26.53999,26.66
2006-02-24,26.58,26.74001,26.52,26.63
2006-02-27,26.78,27.25999,26.67,27.05
2006-02-28,26.97,27.3,26.87,26.87
2006-03-01,26.96001,27.2,26.95,27.14
2006-03-02,27.00999,27.1001,26.89999,26.97
2006-03-03,26.82001,27.16,26.74001,26.92999
2006-03-06,26.92,27.14999,26.83,26.91
2006-03-07,26.905,27.10001,26.81,27.06
2006-03-08,27,27.5,26.97,27.25
2006-03-09,27.27,27.42,27,27
2006-03-10,27.06,27.22,26.88,27.17
2006-03-13,27.17999,27.28999,26.94,27.11
2006-03-14,27.035,27.38,26.99001,27.23
2006-03-15,27.2,27.4501,27.00999,27.36
2006-03-16,27.325,27.48,27.22,27.27
2006-03-17,27.38,27.66,27.27,27.5
2006-03-20,27.69501,27.99001,27.67,27.89
2006-03-21,27.97,28.22,27.67999,27.74001
2006-03-22,27.08501,27.5,26.7961,27.14999
2006-03-23,27.08501,27.10001,26.66,26.85001
2006-03-24,26.715,27.21001,26.62,27.00999
2006-03-27,27.02499,27.3,27,27.00999
2006-03-28,27.015,27.21001,26.81,26.89999
2006-03-29,26.95,27.2,26.92,27.02
2006-03-30,27.03,27.39,27,27.23
2006-03-31,27.3,27.541,27.21001,27.21001
2006-04-03,27.67,27.73,27.44,27.56
2006-04-04,27.605,27.8,27.47,27.64
2006-04-05,27.88,27.94099,27.64,27.74001
2006-04-06,27.66,27.72,27.37,27.56
2006-04-07,27.61501,27.72,27.23,27.25
2006-04-10,27.235,27.44,27.2,27.28999
2006-04-11,27.28999,27.32001,27,27.13
2006-04-12,27.10001,27.2,26.97,27.2
2006-04-13,27.08501,27.2,27,27.07001
2006-04-17,27.03,27.05,26.73,26.84
2006-04-18,26.94,27.5,26.82001,27.22
2006-04-19,27.105,27.19,26.96001,27.03
2006-04-20,27.05,27.19,26.7,27.03
2006-04-21,27.10001,27.39011,27,27.14999
2006-04-24,27.075,27.25011,26.98,27.11
2006-04-25,27.11501,27.21001,27.02,27.11
2006-04-26,27.08501,27.23,27,27.10001
2006-04-27,26.99001,27.63,26.94,27.25
2006-04-28,24.38,24.5,24,24.14999
2006-05-01,24.325,25,24.09,24.28999
2006-05-02,24.49001,25,23.89999,24.00999
2006-05-03,23.38,24.02,23.14999,23.17
2006-05-04,23.35001,23.67,23.14,23.44
2006-05-05,23.66499,23.9501,23.52,23.8
2006-05-08,23.86,25,23.50999,23.73
2006-05-09,23.745,24,23.49001,23.62
2006-05-10,23.67,23.78999,23.59,23.77
2006-05-11,23.71001,23.78999,23.14999,23.22
2006-05-12,23.125,23.37,23.05,23.17
2006-05-15,23.10001,23.23,23.03,23.14999
2006-05-16,23.16,24,22.91,23.00999
2006-05-17,22.89999,23.08009,22.73,22.73
2006-05-18,22.84,23.14,22.75999,22.83
2006-05-19,22.78999,22.89999,22.52,22.56
2006-05-22,22.48,23.02,22.45,22.88
2006-05-23,23.105,23.3801,22.77,22.78999
2006-05-24,22.99001,23.53999,22.98,23.5
2006-05-25,23.67,23.9201,23.53999,23.74001
2006-05-26,23.77,23.88,23.56,23.72
2006-05-30,23.55499,23.75999,23.14,23.14999
2006-05-31,23.25999,23.35001,22.64999,22.64999
2006-06-01,22.74001,22.84,22.62,22.82001
2006-06-02,22.87,22.99001,22.67,22.75999
2006-06-05,22.72,22.73,22.49001,22.5
2006-06-06,22.55,22.56,21.98,22.13
2006-06-07,22.14999,22.39,22.00999,22.03999
2006-06-08,22.03,22.21001,21.97,22.11
2006-06-09,22.145,22.19,21.89,21.92
2006-06-12,21.96001,22.10001,21.7,21.71001
2006-06-13,21.735,22.03,21.4599,21.50999
2006-06-14,21.59,21.94,21.55,21.88
2006-06-15,22.00999,22.1301,21.8,22.07001
2006-06-16,21.97501,22.28,21.78999,22.10001
2006-06-19,22.145,22.60001,22.12,22.55
2006-06-20,22.53999,22.7601,22.5,22.56
2006-06-21,22.61,23.14999,22.53,23.08
2006-06-22,23.06,23.17,22.78,22.88
2006-06-23,22.85001,22.87,22.5,22.5
2006-06-26,22.64999,22.89,22.63,22.82001
2006-06-27,22.89,23.16,22.84,22.86
2006-06-28,22.92999,23.25,22.91,23.16
2006-06-29,23.32001,23.63,23.22,23.4702
2006-06-30,23.53999,23.64999,23.3,23.3
2006-07-03,23.535,23.72,23.45,23.7
2006-07-05,23.48,23.52,23.3,23.35001
2006-07-06,23.44,23.61,23.42,23.48
2006-07-07,23.405,23.55,23.3,23.3
2006-07-10,23.42999,23.66,23.38,23.5
2006-07-11,23.36501,23.37,22.74001,23.10001
2006-07-12,22.78999,22.88,22.62,22.64
2006-07-13,22.37,22.61,22.25,22.25999
2006-07-14,22.28999,22.55,22.23,22.28999
2006-07-17,22.28999,22.61,22.25999,22.48
2006-07-18,22.59,22.75999,22.48,22.74001
2006-07-19,22.82001,23.46001,22.72,23.39999
2006-07-20,23.435,23.45,22.78,22.85001
2006-07-21,24.06,24.14999,23,23.87
2006-07-24,24.00999,24.11011,23.78999,24
2006-07-25,24,24.28999,23.89999,24.22
2006-07-26,24.11501,24.53,24.10001,24.37
2006-07-27,24.58501,24.60001,23.77,23.87
2006-07-28,24.08,24.28,24.06,24.25
2006-07-31,24.07001,24.42,24.00999,24.06
2006-08-01,24.02,24.2001,23.85001,23.99001
2006-08-02,24.11501,24.4001,24.03,24.3
2006-08-03,24.185,24.48,24.14999,24.21001
2006-08-04,24.405,24.4901,24.14999,24.28999
2006-08-07,24.28,24.48,24.19,24.22
2006-08-08,24.39,24.52,24.2,24.34
2006-08-09,24.49001,24.64,24.34,24.44
2006-08-10,24.37,24.60001,24.34,24.46001
2006-08-11,24.41,24.45,24.2,24.42999
2006-08-14,24.52,24.60001,24.35001,24.53
2006-08-15,24.55499,24.64999,24.44,24.62
2006-08-16,24.605,24.73,24.47,24.7
2006-08-17,24.7,24.75,24.61,24.7
2006-08-18,25.045,25.8,24.98,25.78999
2006-08-21,25.66499,26.13,25.56,26.12
2006-08-22,26.005,26.25011,25.62,25.62
2006-08-23,25.645,25.95,25.52,25.67
2006-08-24,25.815,25.86,25.5,25.74001
2006-08-25,25.71001,26,25.69,25.85001
2006-08-28,25.84,26,25.69,25.95
2006-08-29,25.91499,25.98,25.63,25.84
2006-08-30,25.85001,25.89,25.64,25.8
2006-08-31,25.87,25.98,25.67999,25.7
2006-09-01,25.89,25.97,25.64,25.84
2006-09-05,25.67,25.96001,25.56,25.61
2006-09-06,25.50999,25.72,25.50999,25.61
2006-09-07,25.48,25.7,25.39,25.42999
2006-09-08,25.53,25.78999,25.46001,25.60001
2006-09-11,25.42999,25.95,25.42,25.91
2006-09-12,25.89999,25.9801,25.71989,25.92999
2006-09-13,25.825,26.10001,25.49001,25.98
2006-09-14,25.99001,26.5,25.98,26.33
2006-09-15,26.49001,26.94,26.49001,26.85001
2006-09-18,26.74001,27.03999,26.67,26.78999
2006-09-19,26.74001,26.94,26.72,26.86
2006-09-20,27.00999,27.23,26.99001,27.17999
2006-09-21,27.24001,27.25,26.85001,26.89999
2006-09-22,26.83,26.85001,26.48,26.66
2006-09-25,26.81,27.19,26.78999,26.95
2006-09-26,26.91,27.32001,26.88,27.2
2006-09-27,27.17999,27.47,27.12,27.44
2006-09-28,27.47,27.52,27.25999,27.39999
2006-09-29,27.35001,27.42,27.21001,27.35001
2006-10-02,27.32001,27.49001,27.14999,27.36
2006-10-03,27.37,27.48,27.21001,27.37
2006-10-04,27.39,27.96001,27.37,27.94
2006-10-05,27.925,28.11,27.78,27.92
2006-10-06,27.75999,28.0002,27.64999,27.87
2006-10-09,27.8,27.92999,27.62,27.72
2006-10-10,27.69,27.75,27.44,27.69
2006-10-11,27.45,27.67,27.42,27.53999
2006-10-12,27.58,28.28999,27.53999,28.22
2006-10-13,28.35001,28.69,28.31,28.37
2006-10-16,28.48,28.60001,28.3299,28.45
2006-10-17,28.24001,28.50999,28.17,28.44
2006-10-18,28.5,28.7001,28.25999,28.52
2006-10-19,28.35001,28.451,28.12,28.28999
2006-10-20,28.48,28.49001,28.17,28.42999
2006-10-23,28.33,28.69,28.17999,28.45
2006-10-24,28.42999,28.42999,28.13,28.28
2006-10-25,28.28,28.46001,28.14,28.31
2006-10-26,28.33,28.41,28.03999,28.35001
2006-10-27,28.49001,28.78999,28.25,28.34
2006-10-30,28.355,28.84,28.32001,28.53
2006-10-31,28.63,28.8501,28.56,28.71001
2006-11-01,28.78,28.99001,28.7,28.81
2006-11-02,28.67999,28.86,28.58,28.77
2006-11-03,28.86,28.92999,28.61,28.73
2006-11-06,28.765,29.05,28.75999,28.84
2006-11-07,28.855,29.0701,28.7999,28.95
2006-11-08,28.77499,29.23,28.66,28.98
2006-11-09,29.075,29.39999,29,29.25999
2006-11-10,29.175,29.28999,29.14999,29.24001
2006-11-13,29.2,29.46001,29.16,29.35001
2006-11-14,29.28,29.42,29.07001,29.2285
2006-11-15,29.125,29.36011,29.11,29.12
2006-11-16,29.13499,29.64,29.13,29.47
2006-11-17,29.31,29.53999,29.28,29.39999
2006-11-20,29.52,30,29.5,29.89
2006-11-21,29.91,30.00011,29.78999,29.92
2006-11-22,29.97501,30,29.82001,29.92
2006-11-24,29.66,29.84,29.64,29.75999
2006-11-27,29.67999,29.74001,29.33,29.48
2006-11-28,29.34,29.42,29.13,29.39
2006-11-29,29.44,29.78,29.42999,29.57001
2006-11-30,29.42,29.57001,29.3259,29.36
2006-12-01,29.23,29.3,28.8999,29.12
2006-12-04,29.22501,29.52,29.17,29.33
2006-12-05,29.36,29.39999,29.03,29.13
2006-12-06,29.095,29.13,28.87,28.99001
2006-12-07,28.96001,29.07001,28.81,28.85001
2006-12-08,28.82001,29.39999,28.8,29.39999
2006-12-11,29.185,29.75,29.11,29.53999
2006-12-12,29.52,29.63,29.22,29.42999
2006-12-13,29.60001,29.60001,29.32001,29.55
2006-12-14,29.545,30.08009,29.52,30.07001
2006-12-15,30.145,30.23,30.03,30.19
2006-12-18,30.19,30.25999,29.78,29.89
2006-12-19,29.69501,30.17,29.53,29.99001
2006-12-20,29.985,30.24001,29.97,30.09
2006-12-21,30.13,30.14,29.89,29.98
2006-12-22,29.82001,29.86,29.62,29.64
2006-12-26,29.53,30,29.39999,29.99001
2006-12-27,29.99001,30.13,29.91,30.02
2006-12-28,29.86,30.03,29.81,29.98
2006-12-29,29.86,30.14999,29.83,29.86
2007-01-03,29.91499,30.25,29.39999,29.86
2007-01-04,29.69501,29.97,29.44,29.81
2007-01-05,29.63,29.75,29.45,29.64
2007-01-08,29.64999,30.10001,29.53,29.92999
2007-01-09,30,30.17999,29.73,29.96001
2007-01-10,29.8,29.89,29.42999,29.66
2007-01-11,29.755,30.75,29.6499,30.7
2007-01-12,30.64999,31.39,30.64,31.21001
2007-01-16,31.25999,31.45,31.03,31.16
2007-01-17,31.25999,31.44,31.00999,31.10001
2007-01-18,31.14,31.37,30.8,31
2007-01-19,30.72,31.11,30.69,31.11
2007-01-22,31.065,31.12,30.50999,30.72
2007-01-23,30.63,30.96001,30.52,30.74001
2007-01-24,30.78,31.3,30.64999,31.09
2007-01-25,31.08501,31.48,30.45,30.45
2007-01-26,31.22501,31.23,30.60001,30.60001
2007-01-29,30.675,30.78,30.34,30.53
2007-01-30,30.57001,30.64,30.14,30.48
2007-01-31,30.42,31.10001,30.35001,30.86
2007-02-01,30.84,30.94,30.37,30.56
2007-02-02,30.825,30.84,30.13,30.19
2007-02-05,29.98,30.02,29.41,29.61
2007-02-06,29.59,29.75011,29.22,29.50999
2007-02-07,29.64,29.7,29.24989,29.37
2007-02-08,29.255,29.8,29.2,29.25999
2007-02-09,29.345,29.39999,28.92999,28.98
2007-02-12,28.89,29.09,28.83,28.94
2007-02-13,29.045,29.2,28.96001,29.00999
2007-02-14,29.16499,29.69,29.14999,29.39999
2007-02-15,29.57001,29.64999,29.22,29.46001
2007-02-16,28.89,28.94,28.6499,28.74001
2007-02-20,28.64,28.86,28.47,28.83
2007-02-21,28.75,29.39,28.74001,29.35001
2007-02-22,29.30499,29.53999,29.16,29.39
2007-02-23,29.22,29.28,28.89,28.89999
2007-02-26,28.96001,29.12,28.82001,29.07001
2007-02-27,28.71001,28.97,27.78999,27.87
2007-02-28,27.95,28.25,27.92,28.17
2007-03-01,27.82001,28.33,27.73,28.09
2007-03-02,28.02,28.16,27.75999,27.75999
2007-03-05,27.49001,27.91,27.41,27.5499
2007-03-06,27.8,27.94,27.64999,27.83
2007-03-07,27.75999,27.89999,27.55,27.61
2007-03-08,27.72,27.85001,26.60001,27.32001
2007-03-09,27.42,27.48,27.03,27.28
2007-03-12,27.17999,27.48,27.13,27.44
2007-03-13,27.25,27.39999,26.71001,26.72
2007-03-14,26.82001,27.39999,26.73,27.39999
2007-03-15,27.32001,27.47,27.2,27.28
2007-03-16,27.35001,27.48,27.2,27.33
2007-03-19,27.34,27.83,27.2,27.83
2007-03-20,27.92999,28.16,27.75999,27.84
2007-03-21,27.895,28.52,27.56,28.52
2007-03-22,28.52,28.55,28.00999,28.27
2007-03-23,28.22,28.27,27.8,28.02
2007-03-26,27.94,28.22,27.7,28.22
2007-03-27,28.03999,28.16,27.64999,27.72
2007-03-28,27.58,28,27.39999,27.64
2007-03-29,27.84,27.845,27.49001,27.75
2007-03-30,27.75,27.95,27.5,27.87
2007-04-02,27.89,27.92999,27.56,27.74001
2007-04-03,27.86,28.06,27.75,27.87
2007-04-04,28.00999,28.78,27.89999,28.5
2007-04-05,28.32001,28.64999,28.3,28.55
2007-04-09,28.575,28.72,28.39,28.57001
2007-04-10,28.5,28.64,28.22,28.39999
2007-04-11,28.3,28.57001,27.99001,28.11
2007-04-12,28.06,28.62,28.03999,28.53999
2007-04-13,28.42999,28.7,28.10001,28.61
2007-04-16,28.60001,28.75,28.21001,28.73
2007-04-17,28.63,28.89,28.56,28.85001
2007-04-18,28.61,28.67,28.36,28.60001
2007-04-19,28.34,28.89,28.25999,28.69
2007-04-20,28.98,29.10001,28.7,29.02
2007-04-23,28.96001,28.99001,28.67,28.78
2007-04-24,28.78999,28.96001,28.59,28.78999
2007-04-25,28.86,29.00011,28.69,28.99001
2007-04-26,29.09,29.35001,28.91,29.10001
2007-04-27,30.17,30.74001,30,30.12
2007-04-30,30.13,30.37,29.94,29.94
2007-05-01,29.94,30.42,29.89999,30.39999
2007-05-02,30.39,30.69,30.3,30.61
2007-05-03,30.60001,31,30.53,30.97
2007-05-04,30.67999,30.7,30.28999,30.56
2007-05-07,30.52,30.7601,30.48,30.71001
2007-05-08,30.67999,30.94,30.58,30.75
2007-05-09,30.7,30.92999,30.57001,30.77991
2007-05-10,30.67999,30.92999,30.53,30.58
2007-05-11,30.57001,30.98,30.55,30.89
2007-05-14,30.84,30.99001,30.81,30.97
2007-05-15,30.89999,31.09,30.84,30.89999
2007-05-16,31,31.09,30.81,31.07001
2007-05-17,31.03,31.14,30.96001,30.98
2007-05-18,30.97,30.99001,30.58,30.83
2007-05-21,30.73,31.16,30.73,31.05
2007-05-22,30.89999,30.92999,30.66,30.69
2007-05-23,30.84,30.84,30.57001,30.58
2007-05-24,30.53999,30.8,29.96001,30.17
2007-05-25,30.28,30.66,30.17999,30.48
2007-05-29,30.49001,30.83,30.39,30.78999
2007-05-30,30.55,31.13,30.50999,31.11
2007-05-31,31.12,31.16,30.61,30.69009
2007-06-01,30.78999,30.89999,30.55,30.59
2007-06-04,30.42,30.75999,30.39999,30.715
2007-06-05,30.62,30.63,30.33,30.58
2007-06-06,30.37,30.53,30.25,30.28999
2007-06-07,30.02,30.28999,29.59,29.62
2007-06-08,29.58,30.06,29.41,30.05
2007-06-11,29.94,30.25,29.92999,30.02
2007-06-12,29.96001,30.24001,29.77,29.85001
2007-06-13,29.97,30.41,29.8501,30.39
2007-06-14,30.35001,30.71001,30.3,30.52
2007-06-15,30.86,30.88,30.42999,30.49001
2007-06-18,30.69,30.72,30.42,30.50999
2007-06-19,30.48,30.66,30.38,30.46001
2007-06-20,30.44,30.50999,29.96001,30.00999
2007-06-21,29.97501,30.3,29.91,30.22
2007-06-22,30,30.10001,29.45,29.49001
2007-06-25,29.47,29.77,29.38,29.49001
2007-06-26,29.55,29.8,29.5,29.52
2007-06-27,29.36,29.95,29.36,29.87
2007-06-28,29.86,29.97,29.67999,29.83
2007-06-29,29.87,29.92999,29.03999,29.47
2007-07-02,29.67,29.8,29.49001,29.74001
2007-07-03,29.785,30.22,29.78,30.02
2007-07-05,30.05,30.22,29.83,29.99001
2007-07-06,29.91,30.03999,29.66,29.97
2007-07-09,29.86,29.95,29.81,29.87
2007-07-10,29.7,29.99001,29.17999,29.33
2007-07-11,29.24001,29.64999,29.21001,29.49001
2007-07-12,29.56,30.11,29.44,30.07001
2007-07-13,29.94,30.02,29.66,29.82001
2007-07-16,29.75999,30.24001,29.72,30.03
2007-07-17,30.02,30.88,30.00999,30.77991
2007-07-18,30.50999,30.97,30.5,30.92
2007-07-19,31.05,31.84,30.92999,31.50999
2007-07-20,31.14999,31.2,30.78999,31.16
2007-07-23,31.36,31.52,31.12,31.19
2007-07-24,31.00999,31.48,30.71001,30.8
2007-07-25,30.99001,31.3,30.37,30.71001
2007-07-26,30.24001,30.53,29.50999,29.98
2007-07-27,29.92999,30,29.36,29.39011
2007-07-30,29.405,29.49001,28.95,29.39999
2007-07-31,29.71001,29.716,28.98,28.99001
2007-08-01,28.95,29.55,28.82001,29.3
2007-08-02,29.19,29.78999,29.02,29.52
2007-08-03,29.45,29.78,28.89999,28.9601
2007-08-06,29.05,29.53999,28.75,29.53999
2007-08-07,29.33,29.78999,29.05,29.55
2007-08-08,29.72,30.00999,29.21001,30
2007-08-09,29.64,30.10001,28.92,28.92
2007-08-10,28.89999,29.05,28.25999,28.71001
2007-08-13,28.94,28.99001,28.44,28.63
2007-08-14,28.77,28.89,28.2,28.27
2007-08-15,28.24001,28.99001,28.05,28.10001
2007-08-16,27.88,28.35001,27.50999,27.81
2007-08-17,28.09,28.25,27.82001,28.25
2007-08-20,28.17999,28.4901,28.08,28.25999
2007-08-21,28.10001,28.32001,27.87,28.07001
2007-08-22,28.27,28.32001,28.00999,28.22
2007-08-23,28.28,28.33,28.10001,28.3
2007-08-24,28.21001,28.84,28.07001,28.81
2007-08-27,28.61,28.77,28.39999,28.49001
2007-08-28,28.3,28.49001,27.91,27.92999
2007-08-29,28.13,28.61,27.82001,28.59
2007-08-30,28.42,28.92999,28.32001,28.45
2007-08-31,28.7,28.92,28.36,28.73
2007-09-04,28.5,29.10001,28.48,28.81
2007-09-05,28.64999,28.73,28.42,28.48
2007-09-06,28.56,29.00999,28.55,28.91
2007-09-07,28.62,28.83,28.32001,28.44
2007-09-10,28.67,28.75,28.41,28.48
2007-09-11,28.63,28.95,28.58,28.92999
2007-09-12,28.81,29.17,28.8,28.92999
2007-09-13,29.12,29.25999,28.96001,29.16
2007-09-14,28.98,29.11,28.88,29.03999
2007-09-17,28.78999,28.88,28.62,28.72501
2007-09-18,28.7,28.965,28.27,28.92999
2007-09-19,28.87,28.91,28.3,28.67
2007-09-20,28.48,28.58,28.34,28.4201
2007-09-21,28.69,28.81,28.44,28.6499
2007-09-24,28.81,29.61,28.8,29.08
2007-09-25,29.14,29.56,29.11,29.55991
2007-09-26,29.67999,29.85001,29.48,29.5
2007-09-27,29.7,29.72,29.44,29.49001
2007-09-28,29.49001,29.69,29.23,29.46001
2007-10-01,29.46001,29.78999,29.41,29.7701
2007-10-02,29.7,29.85001,29.57001,29.7
2007-10-03,29.71001,29.85001,29.28999,29.4525
2007-10-04,29.56,29.77,29.44,29.71001
2007-10-05,29.89,29.99001,29.73,29.84
2007-10-08,29.66,29.85001,29.60001,29.84
2007-10-09,30.03,30.39,30,30.0999
2007-10-10,30.03999,30.37,30.03,30.23
2007-10-11,30.3,30.63,29.78999,29.91
2007-10-12,30.03,30.39999,29.95,30.17
2007-10-15,30.10001,30.33,30,30.03999
2007-10-16,30.24001,30.58,30.23,30.32001
2007-10-17,30.75,31.23,30.64999,31.08
2007-10-18,31.22,31.23,30.63,31.16
2007-10-19,31.09,31.09,30.11,30.17
2007-10-22,30.12,30.7,30.12,30.50999
2007-10-23,30.71001,31.12,30.71001,30.89999
2007-10-24,30.85001,31.3,30.5,31.25
2007-10-25,31.57001,32.22,31.49001,31.99001
2007-10-26,36.00999,36.03,34.56,35.03
2007-10-29,34.85001,35.28999,34.45,34.57001
2007-10-30,34.37,35.59,34.35001,35.57001
2007-10-31,35.52,37,35.50999,36.81
2007-11-01,36.53,37.49001,36.36,37.06
2007-11-02,37.22,37.5,36.42,37.06
2007-11-05,36.75999,37.10001,36.63,36.73
2007-11-06,36.59,36.66,35.87,36.41
2007-11-07,36.03999,36.16,35.45,35.52
2007-11-08,35.60001,35.89999,34.39999,34.74001
2007-11-09,34.17999,34.53999,33.64999,33.73
2007-11-12,33.32001,33.71001,33.02,33.38
2007-11-13,33.53999,34.67,33.38,34.46001
2007-11-14,34.62,34.75,33.75,33.92999
2007-11-15,33.75999,34.10001,33.55,33.75999
2007-11-16,33.86,34.25999,33.71001,34.09
2007-11-19,33.96001,34.24001,33.87,33.96001
2007-11-20,34.23,34.97,34.10001,34.58
2007-11-21,34.39999,34.73,34.17999,34.23
2007-11-23,34.36,34.44,33.71001,34.11
2007-11-26,34.09,34.37,32.92999,32.97
2007-11-27,33.27,33.60001,32.67999,33.06
2007-11-28,33.38,33.89,32.89999,33.7
2007-11-29,33.58,33.92999,33.31,33.59
2007-11-30,33.92,34.12,33.19,33.60001
2007-12-03,33.5,33.64011,32.67999,32.92
2007-12-04,32.74001,33.24001,32.63,32.77
2007-12-05,33.14,34.52,33.03,34.14999
2007-12-06,34.25999,34.61,33.87,34.55
2007-12-07,34.61,34.7,34.22,34.53
2007-12-10,34.64,34.95,34.47,34.75999
2007-12-11,34.73,34.99001,33.92999,34.10001
2007-12-12,34.61,35.09,33.92999,34.47
2007-12-13,34.48,35.45,34.28,35.22
2007-12-14,35.05,35.84,35.00999,35.31
2007-12-17,35.03,35.13,34.36,34.39
2007-12-18,34.64,35,34.21001,34.74001
2007-12-19,34.69,35.14,34.38,34.78999
2007-12-20,35.28999,35.78999,35.08,35.52
2007-12-21,35.89999,36.0625,35.75,36.06
2007-12-24,36.13,36.72,36.05,36.58
2007-12-26,36.41,36.64,36.25999,36.61
2007-12-27,36.35001,36.55009,35.94,35.97
2007-12-28,36.10001,36.23,35.67,36.12
2007-12-31,35.89999,35.99001,35.52,35.60001
2008-01-02,35.78999,35.96001,35,35.22
2008-01-03,35.22,35.64999,34.86,35.37
2008-01-04,35.19,35.2,34.09,34.38
2008-01-07,34.55,34.8,34.25,34.61
2008-01-08,34.71001,34.71001,33.39999,33.45
2008-01-09,33.36,34.53999,33.35001,34.44
2008-01-10,34.35001,34.5,33.78,34.33
2008-01-11,34.14,34.24001,33.72,33.91
2008-01-14,34.46001,34.57001,34.08,34.39
2008-01-15,34.03,34.38,34,34
2008-01-16,33.42,33.64999,32.50999,33.23
2008-01-17,33.53999,33.8,32.97,33.11
2008-01-18,33.16,34,32.97,33.00999
2008-01-22,31.53999,32.53,31.5,31.99001
2008-01-23,31.48,32.05,31.03999,31.92999
2008-01-24,32.35001,33.36,32.12,33.25
2008-01-25,34.89999,35,32.87,32.94
2008-01-28,33.02,33.10001,32.42,32.72
2008-01-29,32.85001,32.89,32.35001,32.60001
2008-01-30,32.56,32.8,32.05,32.2
2008-01-31,31.91,32.74001,31.72,32.60001
2008-02-01,31.05499,33.25,30.25,30.4498
2008-02-04,30.49001,30.72,30.11,30.19
2008-02-05,29.91,29.94,28.89,29.07001
2008-02-06,29.28,29.35001,28.289,28.52
2008-02-07,28.34,28.78,27.89999,28.12
2008-02-08,28.28999,29.08,28.24001,28.56
2008-02-11,28.52,28.61,27.91,28.21001
2008-02-12,28.42999,28.62,28.11,28.34
2008-02-13,28.62,29.05,28.53,28.96001
2008-02-14,28.88,29.03999,28.46001,28.5
2008-02-15,28.31,28.64,28.25,28.42
2008-02-19,28.8,28.84,28.07001,28.17
2008-02-20,28.14999,28.25999,27.92,28.22
2008-02-21,28.62,28.96001,27.96001,28.10001
2008-02-22,28.24001,28.39,27.2,27.67999
2008-02-25,27.64999,28.24001,27.48,27.84
2008-02-26,27.74001,28.86,27.67,28.38
2008-02-27,28.19,28.67999,28.10001,28.25999
2008-02-28,28.02,28.27,27.8,27.92999
2008-02-29,27.69,27.83,27.02,27.19991
2008-03-03,27.24001,27.39011,26.87,26.99001
2008-03-04,27.02,27.63,26.96001,27.59
2008-03-05,27.75,28.41,27.7,28.1199
2008-03-06,28.06,28.17,27.5,27.57001
2008-03-07,27.34,28.07001,27.32001,27.87
2008-03-10,27.83,28.25999,27.75,28.05
2008-03-11,28.39999,29.34,28.38,29.28
2008-03-12,29.42999,29.49001,28.53999,28.63
2008-03-13,28.53999,28.99001,28.16,28.62
2008-03-14,28.72,29.00999,27.64,27.96001
2008-03-17,27.3,28.73,27.28,28.3
2008-03-18,28.67,29.48151,28.67,29.42
2008-03-19,29.38,29.59,28.62,28.62
2008-03-20,28.74001,29.2215,28.59,29.17999
2008-03-24,29.33,29.39999,29.06,29.17
2008-03-25,29.33,29.37,28.94,29.14
2008-03-26,29.03,29.07001,28.38,28.56
2008-03-27,28.48,28.49001,28,28.05
2008-03-28,28.23,28.42999,27.83,27.91
2008-03-31,27.88,28.59,27.84,28.38
2008-04-01,28.83,29.53999,28.63,29.49989
2008-04-02,29.565,29.58,29,29.16
2008-04-03,29,29.32001,28.8,29
2008-04-04,29.13,29.25999,28.74001,29.16
2008-04-07,29.55,29.59,29.03,29.16
2008-04-08,28.94,29,28.53999,28.75
2008-04-09,28.72,29.03999,28.53999,28.89
2008-04-10,28.83,29.39999,28.8,29.11
2008-04-11,28.87,29.00999,28.21001,28.28
2008-04-14,28.24001,28.31,27.92999,28.06
2008-04-15,28.12,28.48,28.03,28.25
2008-04-16,28.57001,29.05,28.38,28.95
2008-04-17,29.12,29.34,28.89999,29.22
2008-04-18,30.00999,30.10001,29.61,30
2008-04-21,30.19,30.60001,30.12,30.42
2008-04-22,30.64,30.7,29.97,30.25
2008-04-23,30.45,31.46001,30.3,31.45
2008-04-24,31.63,32.10001,31.16,31.8
2008-04-25,30.05,30.39,29.60001,29.83
2008-04-28,29.8,29.83501,28.82001,28.99001
2008-04-29,28.8,28.89999,28.45,28.64
2008-04-30,28.74001,29.21001,28.50999,28.52
2008-05-01,28.5,29.49001,28.48,29.39999
2008-05-02,29.59,29.62,28.86,29.24001
2008-05-05,29.92999,30.23,28.99001,29.08
2008-05-06,29,29.86,28.92999,29.7
2008-05-07,29.69,30.14,29.08,29.21001
2008-05-08,29.28,29.39,29,29.27
2008-05-09,29.21001,29.55,28.95,29.39
2008-05-12,29.39999,30.06,29.35001,29.99001
2008-05-13,30,30.13,29.53,29.78
2008-05-14,29.89,30.25999,29.73,29.92999
2008-05-15,29.98,30.53,29.94,30.4501
2008-05-16,30.47,30.48,29.92,29.99001
2008-05-19,29.87,29.89,29.31,29.46001
2008-05-20,29.3,29.31,28.63,28.75999
2008-05-21,28.81,29.05,28.19,28.25
2008-05-22,28.28,28.7,28.17999,28.47
2008-05-23,28.25999,28.33,27.95,28.05
2008-05-27,28.11,28.5,28.05,28.44
2008-05-28,28.55499,28.57001,28.03999,28.17999
2008-05-29,28.21001,28.67999,28.14,28.31
2008-05-30,28.38,28.7,28.2,28.32001
2008-06-02,28.24001,28.36,27.55,27.8
2008-06-03,27.91,28.31,27.27,27.31
2008-06-04,27.28,27.64,27.2,27.53999
2008-06-05,27.72,28.3,27.60001,28.3
2008-06-06,27.99001,28.17,27.49001,27.49001
2008-06-09,27.64999,27.91,27.3,27.71001
2008-06-10,27.36,28.28999,27.32001,27.89
2008-06-11,27.85001,27.94,27.11,27.12
2008-06-12,27.39999,28.55,27.19,28.24001
2008-06-13,28.63,29.57001,28.5,29.07001
2008-06-16,29.02,29.11,28.64,28.92999
2008-06-17,29.03999,29.12,28.78999,28.8
2008-06-18,28.55,28.86,28.46001,28.46001
2008-06-19,28.55,29.19,28.33,28.92999
2008-06-20,28.895,28.92,28.10001,28.23
2008-06-23,28.3,28.41,27.78999,27.97
2008-06-24,27.92,28.00999,27.50999,27.73
2008-06-25,27.81,28.67,27.75999,28.35001
2008-06-26,28.03,28.2,27.745,27.75
2008-06-27,27.67999,27.91,27.46001,27.63
2008-06-30,27.73,27.98,27.49001,27.50999
2008-07-01,27.265,27.38,26.44,26.87
2008-07-02,26.895,27,25.8788,25.88
2008-07-03,25.97,26.10001,25.60001,25.98
2008-07-07,26.11,26.39,25.45,26.03
2008-07-08,25.925,26.2,25.50999,25.85001
2008-07-09,25.785,25.85001,25.17999,25.23
2008-07-10,25.2,25.67,24.98,25.45
2008-07-11,25.155,25.64,24.87,25.25
2008-07-14,25.48,25.81,25.07001,25.14999
2008-07-15,24.92999,26.64,24.92999,26.14999
2008-07-16,26.13,27.28999,25.92,27.25999
2008-07-17,27.58,27.91,27.11,27.52
2008-07-18,26.36,26.47,25.11,25.86
2008-07-21,25.66,26.17,25.53,25.64
2008-07-22,25.535,25.94,25.48,25.8
2008-07-23,25.86,26.84,25.85001,26.42999
2008-07-24,26.09,26.17,25.44,25.44
2008-07-25,25.64,26.22,25.5,26.16
2008-07-28,26.06,26.11,25.34,25.5
2008-07-29,25.52,26.19,25.39999,26.11
2008-07-30,26.2,26.49001,25.89999,26.23
2008-07-31,25.85001,26.28,25.71001,25.72
2008-08-01,25.92,25.95,25.07001,25.44
2008-08-04,25.39,25.545,25.11,25.28
2008-08-05,25.64,26.28,25.5,26.21001
2008-08-06,26.73,27.16,26.38,27.02
2008-08-07,26.895,27.75,26.73,27.39
2008-08-08,27.35001,28.23,27.19,28.13
2008-08-11,27.86,28.39999,27.66,27.89999
2008-08-12,27.78,28.36,27.58,28.12
2008-08-13,28.07001,28.5,27.75999,27.91
2008-08-14,27.82001,28.28,27.56,27.91
2008-08-15,27.98,28.14999,27.58,27.81
2008-08-18,27.78,28.05,27.55,27.69
2008-08-19,27.53999,27.75,27.27,27.32001
2008-08-20,27.535,27.58,27.17,27.28999
2008-08-21,27.10001,27.23,26.86,27.17999
2008-08-22,27.23,27.88,27.22,27.84
2008-08-25,27.61,27.84,27.46001,27.66
2008-08-26,27.58,27.72,27.17,27.27
2008-08-27,27.34,27.78999,27.13,27.56
2008-08-28,27.61,28.00999,27.60001,27.94
2008-08-29,27.67999,27.78,27.2879,27.28999
2008-09-02,27.66499,27.75999,27.06,27.10001
2008-09-03,27,27.17999,26.84,26.89999
2008-09-04,26.74001,26.89,26.35001,26.35001
2008-09-05,26.03,26.22,25.63,25.64999
2008-09-08,26.21001,26.33,25.67,26.12
2008-09-09,26.2,26.60001,26.05,26.10001
2008-09-10,26.52,26.86,26.25,26.44
2008-09-11,26.10001,27.46001,26.03,27.34
2008-09-12,27.14,27.74001,26.94,27.62
2008-09-15,26.92,27.49001,26.73,26.82001
2008-09-16,26.09,26.49001,25.52,25.99001
2008-09-17,25.73,25.87,24.5,24.57001
2008-09-18,24.8,25.35001,24.00999,25.25999
2008-09-19,26.37,26.39999,23.5,25.16
2008-09-22,26.22,26.32001,25.32001,25.39999
2008-09-23,25.66,26.17,25.34,25.44
2008-09-24,25.58,26.09,25.46001,25.72
2008-09-25,25.82001,26.88,25.74001,26.61
2008-09-26,26.17,27.56,26.14,27.39999
2008-09-29,26.94,27.66,25.0089,25.00999
2008-09-30,25.77,26.6911,25.53999,26.69
2008-10-01,26.38,26.99001,26.28,26.48
2008-10-02,26.17999,26.53,25.7,26.25
2008-10-03,26.36501,27.47,26.24001,26.32001
2008-10-06,25.63,25.99001,24.14,24.91
2008-10-07,24.98,25.21001,23.14,23.23
2008-10-08,22.89999,24.3,22.5,23.00999
2008-10-09,23.765,23.91,22.07001,22.3
2008-10-10,21.78999,22.35001,20.64999,21.5
2008-10-13,22.86,25.5,22.63,25.5
2008-10-14,25.64,25.73,23.60001,24.10001
2008-10-15,23.78,24.25,22.48,22.66
2008-10-16,22.935,24.1902,21.31,24.19
2008-10-17,23.565,25.11,23.31,23.92999
2008-10-20,24.2,24.75,23.00999,24.72
2008-10-21,24.3,25.00999,23.27,23.36
2008-10-22,23.03999,23.06,20.89999,21.53
2008-10-23,21.55,22.59,20.89,22.32001
2008-10-24,21.06,22.86,20.95,21.96001
2008-10-27,21.67,21.96001,21.02,21.17999
2008-10-28,21.64,23.21001,21.34,23.10001
2008-10-29,23.13,23.97,22.7,23
2008-10-30,23.69,23.88,22.39,22.63
2008-10-31,22.53,22.91,22.12,22.33
2008-11-03,22.48,22.91,22.21001,22.62
2008-11-04,23.13,23.66,22.87,23.53
2008-11-05,23.33,23.34,22.05,22.08
2008-11-06,21.87,22.08,20.86,20.88
2008-11-07,21.32001,21.53999,21,21.5
2008-11-10,21.845,21.97,21.19,21.3
2008-11-11,21.28999,21.3,20.78999,21.2
2008-11-12,20.89,21,20.28,20.3
2008-11-13,20.14999,21.25,18.74001,21.25
2008-11-14,20.56,21.34,19.64999,20.06
2008-11-17,19.74001,20.24001,19.14999,19.32001
2008-11-18,19.5,19.66,18.75,19.62
2008-11-19,19.63,19.95,18.25,18.28999
2008-11-20,18.11501,18.84,17.5,17.53
2008-11-21,18.02,19.7,17.98,19.67999
2008-11-24,19.89,20.94,19.87,20.69
2008-11-25,20.86,20.92999,19.55,19.99001
2008-11-26,19.73,20.6761,19.73,20.49001
2008-11-28,20.23,20.31,20.02,20.22
2008-12-01,19.875,19.95,18.603,18.61
2008-12-02,18.99001,19.31,18.56,19.14999
2008-12-03,18.64999,19.89999,18.60001,19.87
2008-12-04,19.39999,19.92,18.78999,19.11
2008-12-05,18.91,19.98,18.47,19.87
2008-12-08,20.35001,21.25,20.14,21.00999
2008-12-09,20.62,21.25,20.46001,20.60001
2008-12-10,20.82001,20.96001,20.3,20.61
2008-12-11,20.11,20.12,19.31,19.45
2008-12-12,19.14999,19.85001,18.7,19.36
2008-12-15,19.34,19.44,18.89,19.03999
2008-12-16,19.21001,20.17999,19,20.11
2008-12-17,19.81,20.05,19.5,19.66
2008-12-18,19.86,20.02,18.99001,19.3
2008-12-19,19.42,19.8,19.11,19.12
2008-12-22,19.24001,19.28999,18.89,19.17999
2008-12-23,19.28,19.57001,19.00999,19.28
2008-12-24,19.25999,19.45,19.10001,19.17
2008-12-26,19.2,19.33,19.09,19.13
2008-12-29,19.14999,19.21001,18.64,18.96001
2008-12-30,19.00999,19.49001,19,19.34
2008-12-31,19.31,19.67999,19.27,19.44
2009-01-02,19.53281,20.39999,19.37,20.33
2009-01-05,20.2,20.67,20.06,20.52
2009-01-06,20.75,21,20.61,20.75999
2009-01-07,20.19,20.28999,19.48,19.50999
2009-01-08,19.63,20.19,19.55,20.12
2009-01-09,20.17,20.3,19.41,19.52
2009-01-12,19.71001,19.78999,19.3,19.47
2009-01-13,19.52,19.99001,19.52,19.82001
2009-01-14,19.53,19.67999,19.00999,19.09
2009-01-15,19.07001,19.3,18.52,19.24001
2009-01-16,19.63,19.91,19.14999,19.71001
2009-01-20,19.46001,19.62,18.37,18.48
2009-01-21,18.87,19.45,18.46001,19.38
2009-01-22,18.05,18.17999,17.07001,17.11
2009-01-23,16.97,17.49001,16.75,17.2
2009-01-26,17.28999,17.81,17.23,17.63
2009-01-27,17.78,17.97,17.42999,17.66
2009-01-28,17.8,18.31,17.75999,18.03999
2009-01-29,17.78,17.96001,17.56,17.59
2009-01-30,17.74001,17.78999,17.10001,17.10001
2009-02-02,17.03,18.13,17,17.83
2009-02-03,17.85001,18.61,17.60001,18.5
2009-02-04,18.53999,19,18.5,18.63
2009-02-05,18.50999,19.14,18.25,19.03999
2009-02-06,19.16,19.92999,19.06,19.66
2009-02-09,19.64,19.77,19.25999,19.44
2009-02-10,19.25,19.8,18.7,18.8
2009-02-11,18.94,19.49001,18.92,19.21001
2009-02-12,18.97,19.32001,18.53999,19.25999
2009-02-13,19.27,19.47,19.03999,19.09
2009-02-17,18.49001,18.5,17.89,18.09
2009-02-18,18.22,18.45,18,18.12
2009-02-19,18.3,18.38,17.81,17.91
2009-02-20,17.77,18.19,17.66,18
2009-02-23,18.02,18.14999,17.16,17.21001
2009-02-24,17.03,17.35001,16.36,17.17
2009-02-25,17.00999,17.24001,16.46001,16.96001
2009-02-26,17.05,17.08,16.42,16.42
2009-02-27,16.28999,16.52,16.10001,16.14999
2009-03-02,15.96,16.25,15.72,15.79
2009-03-03,16.03,16.24001,15.64,15.88
2009-03-04,16.12,16.39999,15.89,16.12
2009-03-05,15.86,15.88,15.2675,15.27
2009-03-06,15.35,15.62,14.87,15.28
2009-03-09,15.2,15.74,15.1,15.15
2009-03-10,15.37,16.62,15.25,16.48
2009-03-11,16.63,17.2,16.42999,17.11
2009-03-12,17.00999,17.03999,16.48,17.00999
2009-03-13,16.98,17.05,16.17999,16.64999
2009-03-16,16.82001,16.96001,16.24001,16.25
2009-03-17,16.32291,16.89999,16.25999,16.89999
2009-03-18,17.03,17.22,16.60001,16.96001
2009-03-19,17.37,17.45,16.92,17.14
2009-03-20,17.32001,17.64999,16.88,17.06
2009-03-23,17.37,18.59,17.31,18.33
2009-03-24,18.03999,18.2122,17.84,17.92999
2009-03-25,17.98,18.31,17.52,17.88
2009-03-26,18.17,18.88,18.12,18.83
2009-03-27,18.54269,18.61501,18.05,18.13
2009-03-30,17.74001,17.75999,17.27,17.48
2009-03-31,17.83,18.78999,17.78,18.37
2009-04-01,18.23,19.36,18.17999,19.31
2009-04-02,19.5,19.89,19,19.28999
2009-04-03,19.13,19.14999,18.4343,18.75
2009-04-06,18.53999,18.75999,18.265,18.75999
2009-04-07,18.75999,19.14,18.63,18.75999
2009-04-08,18.97,19.62,18.96001,19.19
2009-04-09,19.45,19.7,19.22,19.67
2009-04-13,19.69,19.85001,19.37,19.59
2009-04-14,19.44,19.55,19,19.35001
2009-04-15,19.21001,19.25,18.50999,18.83
2009-04-16,19.16,19.78,18.99001,19.75999
2009-04-17,19.685,19.69,19,19.2
2009-04-20,18.89,18.95,18.57001,18.61
2009-04-21,18.59,19.08,18.57001,18.97
2009-04-22,18.75999,19.19,18.7,18.78
2009-04-23,18.92,18.94,18.47,18.92
2009-04-24,19.82001,21.2,19.5,20.91
2009-04-27,20.55,20.82001,20.28,20.39999
2009-04-28,20.25,20.27,19.78999,19.92999
2009-04-29,20.11,20.89,20.06,20.25
2009-04-30,20.60001,21.10001,20.00999,20.25999
2009-05-01,20.19,20.35001,19.8625,20.24001
2009-05-04,20.37,20.39999,19.98,20.19
2009-05-05,20.14,20.24001,19.64,19.78999
2009-05-06,20.06,20.07001,19.61,19.78999
2009-05-07,19.96001,19.99001,19.14,19.32001
2009-05-08,19.46001,19.64,19.14,19.42
2009-05-11,19.2,19.73,19.00999,19.32001
2009-05-12,19.50999,20.06,19.47,19.89
2009-05-13,19.9225,20,19.67,19.75
2009-05-14,19.83,20.23,19.8,20.06
2009-05-15,20.13,20.5,19.97501,20.22
2009-05-18,20.36,20.60001,20.24001,20.60001
2009-05-19,20.50999,20.74001,20.25,20.31
2009-05-20,20.41,20.69,20.22,20.38
2009-05-21,20.14,20.23,19.50999,19.82001
2009-05-22,19.92999,20.17,19.47,19.75
2009-05-26,19.53999,20.45,19.45,20.34
2009-05-27,20.25,20.60001,20.07001,20.13
2009-05-28,20.32001,20.63,20.05,20.45
2009-05-29,20.56,20.94,20.3,20.89
2009-06-01,21,21.5,20.86,21.39999
2009-06-02,21.36,21.98,21.2,21.39999
2009-06-03,21.31,21.75999,21.28999,21.73
2009-06-04,21.77,21.89999,21.58,21.83
2009-06-05,21.96001,22.31,21.81,22.14
2009-06-08,21.98,22.32001,21.63,22.05
2009-06-09,22.06,22.32001,21.88,22.08
2009-06-10,22.17,22.62,22.12,22.55
2009-06-11,22.59,23.25999,22.57001,22.83
2009-06-12,22.89999,23.38,22.74001,23.33
2009-06-15,23.23,23.53999,23.02,23.42
2009-06-16,23.47,24.11,23.44,23.45
2009-06-17,23.5,23.82001,23.17,23.67999
2009-06-18,23.62,23.69,23.3,23.5
2009-06-19,24.03999,24.34,23.75,24.07001
2009-06-22,23.95,23.95,23.25,23.28
2009-06-23,23.38,23.66,23.21001,23.34
2009-06-24,23.45,23.75,23.36,23.47
2009-06-25,23.42999,23.92,23.2,23.78999
2009-06-26,23.57001,23.69,23.32001,23.35001
2009-06-29,23.60001,24.03,23.55,23.86
2009-06-30,23.97,24.24001,23.63,23.77
2009-07-01,24.05,24.3,23.96001,24.03999
2009-07-02,23.75999,24.03999,23.21001,23.37
2009-07-06,23.21001,23.28,22.87,23.2
2009-07-07,23.08,23.14,22.46001,22.53
2009-07-08,22.31,22.69,22,22.56
2009-07-09,22.64999,22.81,22.37,22.44
2009-07-10,22.19,22.53999,22.14999,22.39
2009-07-13,22.42,23.28999,22.14,23.23
2009-07-14,23.2,23.22,22.86,23.11
2009-07-15,23.75,24.12,23.56,24.12
2009-07-16,23.92999,24.44,23.86,24.44
2009-07-17,24.39999,24.45,24.10001,24.28999
2009-07-20,24.44,24.53,24.14999,24.53
2009-07-21,24.69,24.83,24.37,24.83
2009-07-22,24.7,24.89999,24.50999,24.8
2009-07-23,24.92999,25.72,24.84,25.56
2009-07-24,23.61,23.89,22.81,23.45
2009-07-27,23.44,23.45,22.89999,23.11
2009-07-28,22.99001,23.55,22.89999,23.47
2009-07-29,23.73,23.91,23.34,23.8
2009-07-30,24.2,24.42999,23.71001,23.81
2009-07-31,23.77,24.07001,23.5,23.52
2009-08-03,23.82001,23.86,23.5,23.83
2009-08-04,23.67999,23.78999,23.53,23.77
2009-08-05,23.84,24.25,23.78999,23.81
2009-08-06,23.92999,23.98,23.27,23.46001
2009-08-07,23.75,23.82001,23.5,23.56
2009-08-10,23.46001,23.55,23.3,23.42
2009-08-11,23.32001,23.39999,23.05,23.13
2009-08-12,23.13,23.89999,23.03,23.53
2009-08-13,23.63,23.85001,23.39999,23.62
2009-08-14,23.62,23.8,23.50999,23.692
2009-08-17,23.32001,23.60001,23.23,23.25
2009-08-18,23.28999,23.64999,23.27,23.58
2009-08-19,23.25,23.72,23.25,23.64999
2009-08-20,23.60001,23.87,23.53999,23.67
2009-08-21,23.92999,24.42,23.77,24.41
2009-08-24,24.41,24.7326,24.28,24.64
2009-08-25,24.60001,24.82001,24.46001,24.64
2009-08-26,24.59,24.75,24.42,24.55
2009-08-27,24.41,24.78,24.3,24.69
2009-08-28,25.07001,25.49001,24.61,24.67999
2009-08-31,24.57001,24.85001,24.28999,24.64999
2009-09-01,24.35001,24.74001,23.89999,24
2009-09-02,23.82001,24.14,23.78,23.86
2009-09-03,23.91,24.14,23.75999,24.11
2009-09-04,24.09,24.80009,24.08,24.62
2009-09-08,24.62,24.84,24.41,24.82001
2009-09-09,24.74001,24.95,24.66499,24.78
2009-09-10,24.8,25.05,24.64999,25
2009-09-11,24.92999,25.17,24.81,24.86
2009-09-14,24.64999,25.09,24.64,25
2009-09-15,24.97,25.27,24.86,25.2
2009-09-16,25.25,25.35001,24.95,25.2
2009-09-17,25.06,25.38,25.06,25.3
2009-09-18,25.46001,25.48,25.10001,25.25999
2009-09-21,25.11,25.37,25.10001,25.3
2009-09-22,25.39999,25.82001,25.28999,25.77
2009-09-23,25.92,26.25,25.64,25.71001
2009-09-24,25.92,26.11,25.66,25.94
2009-09-25,25.69,25.82001,25.52,25.55
2009-09-28,25.60001,26.16,25.60001,25.83
2009-09-29,25.91,25.96001,25.69,25.75
2009-09-30,25.75999,25.99001,25.38,25.72
2009-10-01,25.405,25.47,24.8,24.88
2009-10-02,24.455,25.09,24.42999,24.96001
2009-10-05,24.98,25.06,24.52,24.64
2009-10-06,24.67999,25.21001,24.655,25.11
2009-10-07,24.99001,25.17999,24.88,25.10001
2009-10-08,25.44,25.89999,25.22,25.67
2009-10-09,25.57001,25.78999,25.46001,25.55
2009-10-12,25.66,25.89,25.55,25.72
2009-10-13,25.59,25.94,25.52,25.81
2009-10-14,26.14,26.2,25.82001,25.96001
2009-10-15,25.89999,26.71001,25.89999,26.71001
2009-10-16,26.45,26.63,26.10001,26.5
2009-10-19,26.49001,26.58,26.25,26.36
2009-10-20,26.42,26.50999,25.94,26.37
2009-10-21,26.46001,26.75,26.39,26.58
2009-10-22,26.56,26.72,26.13,26.59
2009-10-23,29.2,29.35001,27.88,28.02
2009-10-26,28.125,29.02,28.11,28.67999
2009-10-27,28.73,28.88,28.44,28.59
2009-10-28,28.24001,28.77,27.95,28.02
2009-10-29,28.07001,28.41,27.85001,28.22
2009-10-30,28.03,28.39999,27.66,27.73
2009-11-02,27.7,28.05,27.41,27.88
2009-11-03,27.64,27.74001,27.42999,27.53
2009-11-04,27.69,28.39,27.62,28.06
2009-11-05,28.52,28.74001,28.28,28.47
2009-11-06,28.38,28.63,28.2,28.52
2009-11-09,28.62,29,28.53,28.99001
2009-11-10,28.89999,29.28,28.81,29.00999
2009-11-11,29.08,29.3,29.02,29.12
2009-11-12,29.00999,29.49001,29,29.36
2009-11-13,29.47,29.78999,29.37,29.63
2009-11-16,29.61,29.8,29.37,29.53999
2009-11-17,29.5,30,29.47,30
2009-11-18,30,30.14,29.81,30.11
2009-11-19,29.99001,30,29.7,29.78
2009-11-20,29.66,29.77,29.42999,29.62
2009-11-23,29.84,30.00999,29.7,29.94
2009-11-24,29.95,29.99001,29.75,29.91
2009-11-25,29.81,29.86,29.58,29.78999
2009-11-27,29.11,29.39,28.75,29.22
2009-11-30,29.14999,29.45,29,29.41
2009-12-01,29.52,30.05,29.41,30.00999
2009-12-02,29.89999,29.99001,29.64999,29.78
2009-12-03,29.84,30.2,29.75999,29.83
2009-12-04,30.05,30.37,29.83,29.98
2009-12-07,29.78,30.08,29.67999,29.78999
2009-12-08,29.52,29.74001,29.38,29.57001
2009-12-09,29.47,29.81,29.25,29.71001
2009-12-10,29.71001,29.96001,29.66,29.87
2009-12-11,29.97,30,29.78999,29.85001
2009-12-14,29.91,30.16,29.89999,30.11
2009-12-15,29.89,30.21001,29.88,30.02
2009-12-16,30.07001,30.41,30.03999,30.10001
2009-12-17,29.95,29.96001,29.57001,29.60001
2009-12-18,29.84,30.45,29.8,30.36
2009-12-21,30.39999,30.84,30.37,30.52
2009-12-22,30.60001,30.92999,30.53999,30.82001
2009-12-23,30.71001,30.95,30.69,30.92
2009-12-24,30.88,31,30.75999,31
2009-12-28,31,31.17999,30.89,31.17
2009-12-29,31.35001,31.5,31.23,31.39
2009-12-30,31.14999,31.28999,30.8,30.96001
2009-12-31,30.9799,30.99001,30.48,30.48
2010-01-04,30.62,31.10001,30.59,30.95
2010-01-05,30.85001,31.10001,30.64,30.96001
2010-01-06,30.88,31.08,30.52,30.77
2010-01-07,30.63,30.7,30.19,30.452
2010-01-08,30.28,30.88,30.24001,30.66
2010-01-11,30.71001,30.75999,30.12,30.27
2010-01-12,30.14999,30.39999,29.91,30.07001
2010-01-13,30.25999,30.52,30.00999,30.35001
2010-01-14,30.31,31.10001,30.25999,30.96001
2010-01-15,31.08,31.24001,30.71001,30.86
2010-01-19,30.75,31.24001,30.67999,31.10001
2010-01-20,30.81,30.94,30.31,30.58501
2010-01-21,30.61,30.72,30,30.00999
2010-01-22,30,30.2,28.84,28.96001
2010-01-25,29.24001,29.66,29.10001,29.32001
2010-01-26,29.2,29.85001,29.09,29.5
2010-01-27,29.35001,29.82001,29.02,29.67
2010-01-28,29.84,29.87,28.89,29.16
2010-01-29,29.89999,29.92,27.66,28.17999
2010-02-01,28.39,28.48,27.92,28.41
2010-02-02,28.37,28.5,28.14,28.46001
2010-02-03,28.25999,28.78999,28.12,28.63
2010-02-04,28.38,28.5,27.81,27.84
2010-02-05,28,28.28,27.57001,28.02
2010-02-08,28.00999,28.08,27.57001,27.72
2010-02-09,27.97,28.34,27.75,28.00999
2010-02-10,28.03,28.24001,27.84,27.99001
2010-02-11,27.92999,28.39999,27.7,28.12
2010-02-12,27.81,28.06,27.58,27.92999
2010-02-16,28.13,28.37,28.02,28.35001
2010-02-17,28.53,28.64999,28.36,28.59
2010-02-18,28.59,29.03,28.50999,28.96899
2010-02-19,28.78999,28.92,28.69,28.77
2010-02-22,28.84,28.94,28.64999,28.73
2010-02-23,28.67999,28.83,28.09,28.33
2010-02-24,28.52,28.78999,28.38,28.63
2010-02-25,28.27,28.64999,28.02,28.60001
2010-02-26,28.64999,28.85001,28.50999,28.67
2010-03-01,28.77,29.05,28.53,29.02
2010-03-02,29.08,29.3,28.24001,28.46001
2010-03-03,28.50999,28.61,28.35001,28.46001
2010-03-04,28.46001,28.64999,28.27,28.63
2010-03-05,28.66,28.67999,28.42,28.58749
2010-03-08,28.52,28.92999,28.5,28.63
2010-03-09,28.56,29.11,28.55,28.8
2010-03-10,28.86,29.11,28.8,28.97
2010-03-11,28.89,29.19,28.85001,29.17999
2010-03-12,29.32001,29.38,29.03999,29.27
2010-03-15,29.17999,29.37,29.00999,29.28999
2010-03-16,29.42,29.49001,29.2,29.37
2010-03-17,29.5,29.87,29.39999,29.63
2010-03-18,29.6275,29.72,29.5,29.61
2010-03-19,29.75999,29.89999,29.35001,29.59
2010-03-22,29.5,29.7,29.39,29.60001
2010-03-23,29.59,29.89999,29.41,29.88
2010-03-24,29.72,29.85001,29.60001,29.64999
2010-03-25,29.83,30.57001,29.8,30.00999
2010-03-26,30.09,30.2,29.59,29.66
2010-03-29,29.71001,29.82001,29.55,29.59
2010-03-30,29.63,29.86,29.5,29.77
2010-03-31,29.64,29.72,29.17,29.28751
2010-04-01,29.35001,29.53999,28.62,29.16
2010-04-05,29.13,29.425,29.03,29.27
2010-04-06,29.14999,29.58,28.98,29.32001
2010-04-07,29.16,29.56,29.14,29.35001
2010-04-08,29.32001,29.97501,29.3,29.92
2010-04-09,29.95,30.41,29.895,30.34
2010-04-12,30.25,30.49001,30.205,30.32001
2010-04-13,30.14999,30.5,30.13,30.45
2010-04-14,30.78999,31,30.66,30.82001
2010-04-15,30.82001,30.95,30.71001,30.87
2010-04-16,30.78999,30.98,30.60001,30.67
2010-04-19,30.77,31.25,30.75999,31.039
2010-04-20,31.22,31.44,31.13,31.36
2010-04-21,31.33,31.5,31.23,31.332
2010-04-22,31.03999,31.53,30.89999,31.39
2010-04-23,31.12,31.58,30.64999,30.96001
2010-04-26,31,31.27499,30.86,31.11
2010-04-27,30.95,31.25,30.7493,30.845
2010-04-28,30.92,31,30.62,30.91
2010-04-29,30.92999,31.4333,30.67,31.00301
2010-04-30,31.07001,31.08,30.52,30.535
2010-05-03,30.67,31.06059,30.58,30.86
2010-05-04,30.52,30.55,29.75,30.13
2010-05-05,29.77,30.09,29.69,29.85001
2010-05-06,29.59,29.88,27.91,28.98
2010-05-07,28.92999,28.95,27.32001,28.21001
2010-05-10,29.00999,29.48,28.71001,28.94
2010-05-11,28.67999,29.64999,28.57001,28.88
2010-05-12,28.98,29.58,28.92,29.44
2010-05-13,29.25999,29.73,29.17999,29.24001
2010-05-14,29.2,29.21001,28.64,28.92999
2010-05-17,29.12,29.23,28.45,28.94
2010-05-18,28.87,29,28.39999,28.5975
2010-05-19,28.52,28.69,27.78999,28.24001
2010-05-20,27.64999,27.84,27.03999,27.11
2010-05-21,26.63,27.11,26.44,26.84
2010-05-24,26.85001,26.86,26.25999,26.27
2010-05-25,25.64999,26.33,25.38,26.07001
2010-05-26,26.23,26.605,24.56,25.00999
2010-05-27,25.73,26.36,25.72501,26
2010-05-28,25.84,26.12,25.66,25.8
2010-06-01,25.53,26.31,25.52,25.89
2010-06-02,26.06,26.48,25.73,26.46001
2010-06-03,26.55,26.92999,26.41,26.86
2010-06-04,26.10001,26.57001,25.62,25.78999
2010-06-07,25.82001,25.83,25.24001,25.28999
2010-06-08,25.25,25.25999,24.64999,25.11
2010-06-09,25.22,25.52,24.75,24.78999
2010-06-10,25.13,25.14999,24.78,25
2010-06-11,25.03999,25.72,24.77,25.66
2010-06-14,25.86,25.96001,25.47,25.495
2010-06-15,25.75,26.64999,25.74001,26.5825
2010-06-16,26.47,26.58,26.23,26.32001
2010-06-17,26.56,26.67,26.03999,26.37
2010-06-18,26.37,26.53,26.17,26.44
2010-06-21,26.78,26.89,25.89,25.95
2010-06-22,26.16,26.45,25.75999,25.77
2010-06-23,25.78,25.78,25.22,25.308
2010-06-24,25.46001,25.72,24.92999,25
2010-06-25,25.05,25.11,24.31,24.5325
2010-06-28,24.50999,24.61,24.12,24.31
2010-06-29,24.13,24.2,23.11,23.31
2010-06-30,23.3,23.67999,22.95,23.00999
2010-07-01,23.09,23.32001,22.73,23.16
2010-07-02,23.36,23.48,23.05,23.27
2010-07-06,23.7,24.09,23.584,23.82001
2010-07-07,23.82001,24.32001,23.61,24.3
2010-07-08,24.60001,24.62,23.97189,24.4095
2010-07-09,24.33,24.41,24.14999,24.27
2010-07-12,24.42999,24.89,24.42,24.83
2010-07-13,25.14,25.3,24.89999,25.13
2010-07-14,25.5,25.61,25.12,25.44
2010-07-15,25.5,25.59,24.98,25.50999
2010-07-16,25.50999,25.64,24.88,24.89
2010-07-19,24.96001,25.3,24.91,25.23
2010-07-20,24.86,25.48,24.7,25.48
2010-07-21,25.60001,25.64999,24.97501,25.12
2010-07-22,25.50999,25.99001,25.47,25.84
2010-07-23,25.84,26.02,25.25,25.81
2010-07-26,25.86,26.2,25.8,26.10001
2010-07-27,26.14,26.24001,25.96001,26.16
2010-07-28,26.07001,26.19,25.83,25.95
2010-07-29,26.13,26.41,25.60001,26.03
2010-07-30,25.75,25.84,25.35001,25.81
2010-08-02,25.99001,26.38,25.75,26.33
2010-08-03,26.2,26.35001,25.97,26.16
2010-08-04,26.14999,26.24001,25.44,25.73
2010-08-05,25.49001,25.58,25.21001,25.37
2010-08-06,25.17999,25.56,25.02,25.55
2010-08-09,25.55,25.73,25.37,25.61
2010-08-10,25.33,25.34,24.88,25.07001
2010-08-11,24.67999,24.89999,24.56,24.86
2010-08-12,24.42,24.6825,24.36,24.49001
2010-08-13,24.35001,24.67,24.24001,24.39999
2010-08-16,24.36,24.61,24.3,24.5
2010-08-17,24.71001,24.96001,24.60001,24.71001
2010-08-18,24.67999,24.95,24.41,24.82001
2010-08-19,24.62,24.74001,24.21001,24.44
2010-08-20,24.31,24.39999,24.2,24.23
2010-08-23,24.44,24.6403,24.24001,24.28
2010-08-24,24.09,24.35001,24,24.03999
2010-08-25,24,24.22,23.87,24.10001
2010-08-26,24.09,24.19,23.78999,23.82001
2010-08-27,23.88,24.02,23.50999,23.92999
2010-08-30,23.74001,23.82001,23.60001,23.64
2010-08-31,23.60001,23.73,23.32001,23.465
2010-09-01,23.67,23.95,23.53999,23.89999
2010-09-02,23.88,23.94991,23.71001,23.94
2010-09-03,24.24001,24.45,24.2,24.28999
2010-09-07,24.10001,24.3,23.92,23.96001
2010-09-08,24.07001,24.2,23.74001,23.92999
2010-09-09,24.19,24.21001,23.99001,24.00999
2010-09-10,23.98,24.03,23.78999,23.85001
2010-09-13,24.2,25.28999,24.09,25.11
2010-09-14,25.03999,25.35001,24.89,25.03
2010-09-15,25.10001,25.22,24.92,25.11501
2010-09-16,25.06,25.37,25.05,25.33
2010-09-17,25.39999,25.53,25.08,25.22
2010-09-20,25.28,25.52,25.11,25.42999
2010-09-21,25.42,25.42,25.08,25.14999
2010-09-22,24.89,24.97,24.36,24.61
2010-09-23,24.50999,24.59,24.36,24.42999
2010-09-24,24.64,24.8,24.58,24.77499
2010-09-27,24.85001,24.99001,24.59,24.7325
2010-09-28,24.8,24.89999,24.35001,24.67751
2010-09-29,24.63,24.66,24.39999,24.5
2010-09-30,24.61,24.83,24.36,24.49001
2010-10-01,24.77,24.82001,24.3,24.38
2010-10-04,23.96001,23.99001,23.78,23.91
2010-10-05,24.06,24.45,23.91,24.35001
2010-10-06,24.32001,24.53999,24.13,24.42999
2010-10-07,24.62,24.75,24.28,24.53
2010-10-08,24.62,24.64999,24.37,24.57001
2010-10-11,24.74001,24.74001,24.5,24.59
2010-10-12,24.64999,24.92999,24.42999,24.83
2010-10-13,25.02,25.53999,24.89,25.34
2010-10-14,25.28999,25.34,25,25.23
2010-10-15,25.36,25.55,25.23,25.53999
2010-10-18,25.59,25.95,25.45,25.82001
2010-10-19,25.27,25.37,24.95,25.10001
2010-10-20,25.25999,25.39999,25.10001,25.31
2010-10-21,25.39999,25.53999,25.05,25.42
2010-10-22,25.52,25.53999,25.27,25.3775
2010-10-25,25.24001,25.3493,25.17,25.19
2010-10-26,25.12,25.97,25.06,25.89999
2010-10-27,25.78999,26.11,25.62,26.05
2010-10-28,26.21001,26.38,25.92,26.28
2010-10-29,27.14999,27.2,26.48,26.66499
2010-11-01,26.88,27.22,26.7,26.95
2010-11-02,27.06,27.42,27.02,27.39
2010-11-03,27.46001,27.49001,26.96001,27.03
2010-11-04,27.41,27.42999,27.00999,27.14
2010-11-05,27.17,27.19,26.53,26.85001
2010-11-08,26.67999,27.05,26.58,26.81
2010-11-09,26.81,27.11,26.71001,26.95
2010-11-10,27.00999,27.08,26.81,26.94
2010-11-11,26.67999,26.72,26.28,26.67999
2010-11-12,26.47,26.52,26.10001,26.27
2010-11-15,26.33,26.5,26.17,26.2
2010-11-16,26.03999,26.03999,25.64999,25.81
2010-11-17,25.89999,25.91,25.55,25.57001
2010-11-18,25.71001,26.08,25.61,25.83749
2010-11-19,25.8,25.83,25.60001,25.69
2010-11-22,25.64999,25.74001,25.44,25.73
2010-11-23,25.57001,25.60001,25.09,25.12
2010-11-24,25.2,25.46001,25.16,25.37
2010-11-26,25.21001,25.41,25.17,25.34
2010-11-29,25.19,25.42,24.92999,25.31
2010-11-30,25.05,25.47,25,25.25751
2010-12-01,25.57001,26.25,25.56,26.03999
2010-12-02,26.24001,26.98,26.2,26.89
2010-12-03,26.81,27.06,26.78,27.02
2010-12-06,26.92999,26.98,26.75999,26.84
2010-12-07,27.08,27.13,26.85001,26.87
2010-12-08,26.83,27.24001,26.8,27.23
2010-12-09,27.28,27.34,27.00999,27.08
2010-12-10,27.19,27.39999,27.11,27.34
2010-12-13,27.27,27.45,27.1725,27.245
2010-12-14,27.31,27.75,27.25999,27.62
2010-12-15,27.53,27.99001,27.53,27.85001
2010-12-16,27.75999,27.99001,27.66,27.9875
2010-12-17,27.92,28.09,27.75,27.9025
2010-12-20,27.95,27.99001,27.67999,27.81
2010-12-21,27.85001,28.14,27.75999,28.07001
2010-12-22,28.00999,28.39999,27.98,28.1875
2010-12-23,27.97,28.32001,27.96001,28.3
2010-12-27,28.12,28.2,27.88,28.07001
2010-12-28,27.97,28.17,27.96001,28.00999
2010-12-29,27.94,28.12,27.88,27.97
2010-12-30,27.92,28,27.77499,27.85001
2010-12-31,27.8,27.92,27.63,27.91
2011-01-03,28.05,28.17999,27.92,27.98
2011-01-04,27.94,28.17,27.85001,28.08749
2011-01-05,27.89999,28.00999,27.77,28
2011-01-06,28.03999,28.85001,27.86,28.82001
2011-01-07,28.64,28.74001,28.25,28.60001
2011-01-10,28.25999,28.39999,28.03999,28.22
2011-01-11,28.2,28.25,28.05,28.11
2011-01-12,28.12,28.59,28.07001,28.55
2011-01-13,28.33,28.39,28.00999,28.19
2011-01-14,28.08,28.38,27.91,28.3
2011-01-18,28.16,28.74001,28.14,28.66
2011-01-19,28.46001,28.67999,28.27,28.47
2011-01-20,28.5,28.55,28.13,28.35249
2011-01-21,28.39999,28.42999,28.02,28.02
2011-01-24,28.02,28.56,27.99001,28.38
2011-01-25,28.14,28.45,28.12,28.45
2011-01-26,28.50999,28.99001,28.5,28.78
2011-01-27,28.75,29.46001,28.49001,28.87
2011-01-28,28.895,28.92999,27.45,27.75101
2011-01-31,27.77,27.89999,27.42,27.72501
2011-02-01,27.8,28.06,27.61,27.99249
2011-02-02,27.92999,28.11,27.88,27.94
2011-02-03,27.965,27.97,27.53999,27.64999
2011-02-04,27.7,27.84,27.50999,27.77
2011-02-07,27.8,28.34,27.78999,28.19749
2011-02-08,28.10001,28.34,28.05,28.2825
2011-02-09,28.19,28.25999,27.91,27.97
2011-02-10,27.92999,27.94,27.28999,27.5
2011-02-11,27.75999,27.80991,27.07001,27.25
2011-02-14,27.205,27.27,26.95,27.23
2011-02-15,27.03999,27.33,26.95,26.96001
2011-02-16,27.05,27.07001,26.60001,27.02
2011-02-17,26.97,27.37,26.91,27.21001
2011-02-18,27.13,27.21001,26.99001,27.06
2011-02-22,26.78,27.10001,26.52,26.59
2011-02-23,26.53,26.86,26.42999,26.59
2011-02-24,26.64,27.06,26.5,26.77
2011-02-25,26.91,26.95,26.5,26.55
2011-02-28,26.69,26.86,26.50999,26.58
2011-03-01,26.60001,26.78,26.14999,26.16
2011-03-02,26.11,26.37,26.03999,26.0775
2011-03-03,26.25999,26.39999,26.17999,26.2
2011-03-04,26.22,26.24001,25.8,25.9525
2011-03-07,26.13,26.27,25.55,25.72
2011-03-08,25.77,26.02,25.64999,25.91
2011-03-09,25.81,25.98,25.66,25.89
2011-03-10,25.62,25.71001,25.35001,25.41
2011-03-11,25.41,25.85001,25.36,25.67999
2011-03-14,25.49001,25.75999,25.35001,25.69
2011-03-15,25.08,25.47,25,25.39
2011-03-16,25.22,25.28,24.67999,24.78999
2011-03-17,25.06,25.22,24.75,24.78
2011-03-18,25.06,25.17999,24.7979,24.8
2011-03-21,25.17999,25.58,25.14999,25.33
2011-03-22,25.3,25.46001,25.23,25.295
2011-03-23,25.23,25.61,25.17999,25.53999
2011-03-24,25.60001,25.87,25.5,25.81
2011-03-25,25.92999,25.95,25.59,25.62
2011-03-28,25.66,25.72,25.38,25.41
2011-03-29,25.34,25.52,25.3,25.49001
2011-03-30,25.60001,25.72,25.5,25.61
2011-03-31,25.60001,25.67999,25.34,25.39
2011-04-01,25.53,25.53,25.31,25.48
2011-04-04,25.45,25.66,25.41,25.55
2011-04-05,25.82001,26.17999,25.74001,25.78
2011-04-06,25.98,26.31,25.86,26.14999
2011-04-07,26.18761,26.25999,25.96989,26.2
2011-04-08,26.17,26.28,25.96001,26.07001
2011-04-11,26.19,26.25,25.8,25.98
2011-04-12,25.83,25.85001,25.55,25.64
2011-04-13,25.64999,25.87,25.56,25.63
2011-04-14,25.42,25.44,25.09,25.42
2011-04-15,25.46001,25.56,25.17999,25.37
2011-04-18,25.10001,25.28,24.72,25.08
2011-04-19,25,25.16901,24.87,25.14999
2011-04-20,25.53999,26,25.50999,25.75999
2011-04-21,25.78999,25.89,25.36,25.52
2011-04-25,25.56,25.62,25.34,25.61
2011-04-26,25.74001,26.44,25.67,26.19
2011-04-27,26.3,26.39,26.13,26.38
2011-04-28,26.46001,26.87,26.39999,26.71001
2011-04-29,26.55,26.64,25.36,25.92
2011-05-02,25.94,26,25.48,25.66
2011-05-03,25.60001,25.85001,25.49001,25.81
2011-05-04,25.85001,26.25,25.78999,26.06
2011-05-05,26.05,26.08,25.67999,25.78999
2011-05-06,26.07001,26.22,25.75,25.87
2011-05-09,25.8,25.96001,25.67,25.83
2011-05-10,25.38,25.85001,25.25,25.67
2011-05-11,25.64999,25.66,25.21001,25.36
2011-05-12,25.35001,25.39,25.10001,25.32001
2011-05-13,25.28,25.32001,24.95,25.03
2011-05-16,24.96001,25.07001,24.5,24.57001
2011-05-17,24.395,24.7,24.27,24.52
2011-05-18,24.53,24.74001,24.25,24.69
2011-05-19,24.85001,24.88,24.5,24.715
2011-05-20,24.72,24.87,24.44,24.49001
2011-05-23,24.21001,24.25,24.03,24.17
2011-05-24,24.2,24.28999,24.03999,24.14999
2011-05-25,24.17,24.31,24.16,24.19
2011-05-26,24.35001,25.03,24.32001,24.67
2011-05-27,24.67999,24.89999,24.64999,24.75999
2011-05-31,24.96001,25.06,24.7,25.00999
2011-06-01,24.99001,25.10001,24.37,24.42999
2011-06-02,24.49001,24.64999,24.17999,24.22
2011-06-03,24.05,24.14,23.84,23.905
2011-06-06,23.89,24.25,23.77,24.00999
2011-06-07,24.09,24.17,23.89999,24.06
2011-06-08,23.89999,24.02,23.86,23.94
2011-06-09,24.00999,24.03999,23.82001,23.96001
2011-06-10,24.02,24.02,23.69,23.705
2011-06-13,23.78999,24.19,23.7,24.03999
2011-06-14,24.3,24.45,24.19,24.22
2011-06-15,24,24.00999,23.67,23.74001
2011-06-16,23.75,24.10001,23.64999,23.995
2011-06-17,24.22,24.3,23.98,24.25999
2011-06-20,24.17,24.66,24.16,24.47
2011-06-21,24.52,24.86,24.39999,24.75999
2011-06-22,24.60001,24.81,24.59,24.64999
2011-06-23,24.44,24.64999,24.2,24.63
2011-06-24,24.50999,24.53999,24.19,24.3
2011-06-27,24.23,25.46001,24.23,25.2
2011-06-28,25.3,25.92,25.16,25.8
2011-06-29,25.71001,25.71001,25.36,25.62
2011-06-30,25.74001,26,25.66,26
2011-07-01,25.92999,26.17,25.84,26.02
2011-07-05,26.10001,26.14999,25.89999,26.03
2011-07-06,25.97,26.37,25.96001,26.33
2011-07-07,26.49001,26.88,26.36,26.77
2011-07-08,26.53999,26.98,26.50999,26.92
2011-07-11,26.62,26.8,26.49001,26.63
2011-07-12,26.55,26.78999,26.34,26.53999
2011-07-13,26.60001,26.96001,26.50999,26.63
2011-07-14,26.62,27.00999,26.36,26.47
2011-07-15,26.47,26.9295,26.47,26.78
2011-07-18,26.63,26.89999,26.25999,26.59
2011-07-19,26.81,27.64,26.78,27.53999
2011-07-20,27.28,27.35001,26.98,27.06
2011-07-21,27.03999,27.31,26.64999,27.095
2011-07-22,26.86,27.55,26.67999,27.53
2011-07-25,27.25999,28.09,27.19,27.91
2011-07-26,27.82001,28.145,27.78,28.08
2011-07-27,27.88,27.985,27.2,27.33
2011-07-28,27.28999,28.07001,27.21001,27.72
2011-07-29,27.52,27.71001,27.25999,27.39999
2011-08-01,27.50999,27.685,26.75,27.27
2011-08-02,26.98,27.45,26.75999,26.8
2011-08-03,26.83,27,26.48,26.92
2011-08-04,26.53,26.87,25.92999,25.94
2011-08-05,25.97,26.10001,25.23,25.67999
2011-08-08,25.02,25.60001,24.39,24.48
2011-08-09,24.71001,25.62,24.03,25.58
2011-08-10,24.95,25.09,24.10001,24.2
2011-08-11,24.5,25.38,24.39999,25.19
2011-08-12,25.13,25.33501,24.64999,25.10001
2011-08-15,25.24001,25.58,25.14999,25.50999
2011-08-16,25.215,25.59,25.05,25.35001
2011-08-17,25.25,25.7,24.92999,25.245
2011-08-18,24.57001,25.09,24.03,24.67
2011-08-19,24.41,24.62,23.91,24.05
2011-08-22,24.42,24.49001,23.78999,23.98
2011-08-23,24.03,24.75,24.03,24.72
2011-08-24,24.64999,24.92999,24.42,24.89999
2011-08-25,25.08,25.16,24.5,24.57001
2011-08-26,24.50999,25.34,24.42,25.25
2011-08-29,25.53,25.86,25.37,25.84
2011-08-30,25.73,26.42999,25.7,26.23
2011-08-31,26.28999,26.71001,26.25999,26.60001
2011-09-01,26.46001,26.86,26.21001,26.21001
2011-09-02,25.78,26,25.66,25.8
2011-09-06,25.2,25.59,25.11,25.50999
2011-09-07,25.69,26,25.57001,26
2011-09-08,26,26.66,25.95,26.22
2011-09-09,26,26.17999,25.5,25.74001
2011-09-12,25.44,25.92999,25.27,25.89
2011-09-13,25.92,26.185,25.81,26.03999
2011-09-14,26.17,26.8,25.89,26.5
2011-09-15,26.73,27.03,26.31,26.99001
2011-09-16,27.05,27.27,26.83,27.12
2011-09-19,26.8,27.31,26.60001,27.21001
2011-09-20,27.31,27.5,26.92999,26.98
2011-09-21,27.05,27.06,25.97,25.99001
2011-09-22,25.3,25.64999,24.60001,25.06
2011-09-23,24.89999,25.14999,24.69,25.06
2011-09-26,25.19,25.52,24.73,25.44
2011-09-27,25.66,25.92,25.45,25.67
2011-09-28,25.92999,26.37,25.50999,25.575
2011-09-29,25.98,26.17,25.09,25.45
2011-09-30,25.2,25.5,24.88,24.89
2011-10-03,24.72,25.33501,24.52,24.53
2011-10-04,24.3,25.39,24.25999,25.34
2011-10-05,25.42,26.16,25.16,25.89
2011-10-06,25.89999,26.39999,25.7,26.34
2011-10-07,26.34,26.50999,26.2,26.25
2011-10-10,26.58,26.97,26.47,26.94
2011-10-11,26.86,27.07001,26.72,27
2011-10-12,27.17999,27.31,26.89999,26.96001
2011-10-13,26.75999,27.2,26.62,27.17999
2011-10-14,27.31,27.5,27.02,27.27
2011-10-17,27.11391,27.42,26.85001,26.98
2011-10-18,26.94,27.39999,26.8,27.31
2011-10-19,27.37,27.47,27.00999,27.13
2011-10-20,27.25999,27.34,26.39999,27.03999
2011-10-21,27.14999,27.19,26.8,27.16
2011-10-24,27.06,27.39999,27.03999,27.19
2011-10-25,27.08,27.23,26.72,26.81
2011-10-26,27.03,27.06,26.10001,26.59
2011-10-27,27.13,27.39999,26.64999,27.25
2011-10-28,27.14,27.19,26.78999,26.98
2011-10-31,26.755,27,26.62,26.63
2011-11-01,26.19,26.32001,25.86,25.99001
2011-11-02,26.10001,26.2,25.7,26.00999
2011-11-03,26.24001,26.58501,25.98,26.53
2011-11-04,26.38,26.39999,26,26.25
2011-11-07,26.21001,26.82001,26.13,26.8
2011-11-08,27.00999,27.2,26.685,27.16
2011-11-09,26.59,26.75,26.06,26.2
2011-11-10,26.47,26.5,26.12,26.28
2011-11-11,26.5799,27.075,26.57001,26.91
2011-11-14,26.8799,27,26.64999,26.75999
2011-11-15,26.56,26.94,26.39999,26.74001
2011-11-16,26.47,26.50999,26.03999,26.07001
2011-11-17,26.00999,26.03999,25.44,25.53999
2011-11-18,25.48,25.5,25.14999,25.3
2011-11-21,25.24001,25.25,24.89999,25
2011-11-22,24.89,24.96001,24.64999,24.78999
2011-11-23,24.61,24.78999,24.47,24.47
2011-11-25,24.38,24.67,24.3,24.3
2011-11-28,24.94,24.97,24.69,24.87
2011-11-29,24.82001,25.03999,24.75,24.84
2011-11-30,25.3701,25.58501,25.14,25.58
2011-12-01,25.56,25.63,25.2,25.28
2011-12-02,25.59,25.62,25.16,25.22
2011-12-05,25.78,25.8,25.5,25.7
2011-12-06,25.81,25.87,25.61,25.66
2011-12-07,25.67,25.75999,25.33501,25.60001
2011-12-08,25.48,25.72,25.37,25.39999
2011-12-09,25.52,25.87,25.5,25.7
2011-12-12,25.41,25.57001,25.28999,25.50999
2011-12-13,25.75,26.10001,25.651,25.75999
2011-12-14,25.72,25.86,25.57001,25.59
2011-12-15,25.72,25.88,25.53999,25.56
2011-12-16,25.67,26.17,25.63,26
2011-12-19,26.02,26.12,25.46001,25.53
2011-12-20,25.86,26.10001,25.81,26.02499
2011-12-21,26.00999,26.19,25.44,25.75999
2011-12-22,25.82001,25.86,25.47501,25.81
2011-12-23,25.9101,26.03999,25.73,26.03
2011-12-27,25.96001,26.14,25.92999,26.03999
2011-12-28,26.11,26.14999,25.75999,25.82001
2011-12-29,25.95,26.05,25.86,26.02
2011-12-30,26,26.12,25.91,25.96001
2012-01-03,26.55,26.96001,26.39,26.765
2012-01-04,26.8199,27.47,26.78,27.39999
2012-01-05,27.38,27.728,27.28999,27.67999
2012-01-06,27.53,28.19,27.52499,28.105
2012-01-09,28.05,28.10001,27.72,27.74001
2012-01-10,27.92999,28.14999,27.75,27.84
2012-01-11,27.42999,27.98,27.37,27.72
2012-01-12,27.87,28.02,27.645,28
2012-01-13,27.92999,28.25,27.78999,28.25
2012-01-17,28.39999,28.64999,28.17,28.255
2012-01-18,28.31,28.39999,27.97,28.23
2012-01-19,28.16,28.435,28.03,28.12
2012-01-20,28.82001,29.74001,28.75,29.71001
2012-01-23,29.55,29.95,29.35001,29.73
2012-01-24,29.47,29.5703,29.17999,29.34
2012-01-25,29.07001,29.64999,29.07001,29.56
2012-01-26,29.61,29.7,29.39999,29.5
2012-01-27,29.45,29.53,29.17,29.23
2012-01-30,28.97,29.62,28.83,29.61
2012-01-31,29.66,29.7,29.23,29.53
2012-02-01,29.78999,30.05,29.75999,29.89
2012-02-02,29.89999,30.17,29.71001,29.95
2012-02-03,30.14011,30.39999,30.09,30.24001
2012-02-06,30.03999,30.22,29.97,30.2
2012-02-07,30.14999,30.485,30.05,30.35001
2012-02-08,30.25999,30.67,30.22,30.66
2012-02-09,30.67999,30.8,30.48,30.77
2012-02-10,30.64,30.8,30.36,30.495
2012-02-13,30.63,30.77,30.42999,30.58
2012-02-14,30.33,30.46001,29.85001,30.25
2012-02-15,30.33009,30.39,30.03,30.05
2012-02-16,30.31,31.55,30.3,31.285
2012-02-17,31.2,31.32001,30.95,31.25
2012-02-21,31.17999,31.61,31.14999,31.44
2012-02-22,31.45,31.67999,31.17999,31.27
2012-02-23,31.2,31.59,31,31.37
2012-02-24,31.48,31.5,31.24001,31.48
2012-02-27,31.24001,31.5,31.10001,31.35001
2012-02-28,31.41,31.92999,31.38,31.87
2012-02-29,31.88499,32,31.61,31.74001
2012-03-01,31.92999,32.39,31.85001,32.28999
2012-03-02,32.31,32.44,32,32.075
2012-03-05,32.00999,32.05,31.62,31.8
2012-03-06,31.53999,31.98,31.49001,31.55499
2012-03-07,31.67,31.92,31.53,31.84
2012-03-08,32.03999,32.21001,31.89999,32.00999
2012-03-09,32.10001,32.16,31.92,31.99001
2012-03-12,31.97,32.2,31.82001,32.03999
2012-03-13,32.24001,32.69,32.14999,32.67
2012-03-14,32.53,32.88,32.49001,32.77
2012-03-15,32.78999,32.94,32.58,32.85001
2012-03-16,32.91,32.95,32.5,32.60001
2012-03-19,32.535,32.61,32.14999,32.2
2012-03-20,32.10001,32.14999,31.74001,31.99001
2012-03-21,31.96001,32.14999,31.82001,31.91
2012-03-22,31.81,32.09,31.78999,31.995
2012-03-23,32.10001,32.11,31.72,32.00999
2012-03-26,32.19,32.61,32.155,32.59
2012-03-27,32.64999,32.7,32.39999,32.52
2012-03-28,32.52,32.7,32.03999,32.19
2012-03-29,32.06,32.19,31.81,32.12
2012-03-30,32.39999,32.41,32.03999,32.255
2012-04-02,32.22,32.46001,31.95,32.28999
2012-04-03,32.16,32.19,31.66,31.94
2012-04-04,31.66,31.69,31.05,31.21001
2012-04-05,31.14999,31.63,31.05009,31.52
2012-04-09,31.22,31.39999,30.97,31.10001
2012-04-10,31.06,31.19,30.3,30.47
2012-04-11,30.42999,30.53,30.23,30.345
2012-04-12,30.48,31.03999,30.42,30.97501
2012-04-13,30.89,31.16,30.72,30.81
2012-04-16,30.99001,31.19,30.77,31.075
2012-04-17,31.27,31.61,31.2,31.44
2012-04-18,31.28,31.31,31.03999,31.14
2012-04-19,31.13,31.67999,30.94,31.00999
2012-04-20,32.14999,32.89,32.05,32.42
2012-04-23,32.31,32.5,32.03,32.12
2012-04-24,32.21001,32.52,31.83,31.92
2012-04-25,31.92,32.32001,31.87,32.2
2012-04-26,32.12,32.23,31.92,32.11
2012-04-27,32.12,32.22,31.88,31.98
2012-04-30,31.98,32.11,31.92,32.015
2012-05-01,32.05,32.33501,31.95,32.00999
2012-05-02,31.85001,31.925,31.64,31.8
2012-05-03,31.88,31.89999,31.61,31.75999
2012-05-04,31.45,31.57001,30.92,30.98
2012-05-07,30.7,30.86,30.57001,30.64999
2012-05-08,30.48,30.78,30.17,30.5
2012-05-09,30.19,30.83,30.10001,30.75999
2012-05-10,30.86,31.02,30.45,30.74001
2012-05-11,30.69,31.53999,30.69,31.16
2012-05-14,30.82001,31.03999,30.64,30.67999
2012-05-15,30.64,30.795,30.14999,30.21001
2012-05-16,30.31,30.32001,29.74001,29.89999
2012-05-17,29.99001,30.2084,29.71001,29.72
2012-05-18,29.78999,29.81,29.17,29.27
2012-05-21,29.10001,29.78999,29.06,29.75
2012-05-22,29.69,29.88,29.5,29.75999
2012-05-23,29.35001,29.39999,28.64,29.11
2012-05-24,29.16,29.3,28.75999,29.07001
2012-05-25,29.2,29.36,29.00999,29.06
2012-05-29,29.38,29.72,29.22,29.56
2012-05-30,29.35001,29.479,29.12,29.34
2012-05-31,29.3,29.42,28.94,29.19
2012-06-01,28.75999,28.96001,28.44,28.45
2012-06-04,28.62,28.78,28.32001,28.55
2012-06-05,28.50999,28.75,28.39,28.505
2012-06-06,28.88,29.37,28.8075,29.35001
2012-06-07,29.64,29.7,29.17,29.23
2012-06-08,29.21001,29.67999,29.05,29.64999
2012-06-11,29.73,29.81,28.82001,28.895
2012-06-12,29.10001,29.3,28.84,29.28999
2012-06-13,29.22,29.44,29.05,29.13
2012-06-14,29.33,29.46001,28.88,29.34
2012-06-15,29.59,30.08,29.49001,30.02
2012-06-18,29.99001,30.03,29.71001,29.84
2012-06-19,30.19,31.11,30.05,30.7
2012-06-20,30.92999,31.05,30.64,30.92999
2012-06-21,30.96001,31.14,30.06,30.13499
2012-06-22,30.3,30.73,30.03,30.7
2012-06-25,30.30009,30.32001,29.62,29.86501
2012-06-26,30,30.27,29.94,30.02
2012-06-27,30.19,30.5,30.03,30.17
2012-06-28,29.98,30.05,29.42,29.91
2012-06-29,30.45,30.69,30.14,30.59
2012-07-02,30.62,30.62,30.21001,30.56
2012-07-03,30.23,30.75999,30.17,30.75999
2012-07-05,30.59,30.78,30.375,30.7
2012-07-06,30.61,30.7,29.95,30.185
2012-07-09,30.12,30.23,29.78,30
2012-07-10,30.08,30.22,29.50999,29.74001
2012-07-11,29.71001,29.735,29.105,29.3
2012-07-12,29.14999,29.17999,28.53999,28.63
2012-07-13,28.75999,29.48,28.72,29.39
2012-07-16,29.48,29.53,29.03999,29.44
2012-07-17,29.64,29.86,29.2,29.66
2012-07-18,29.60001,30.45,29.46001,30.45
2012-07-19,30.50999,30.8,30.38,30.66499
2012-07-20,31,31.05,30.05,30.11501
2012-07-23,29.57001,29.58,29.00999,29.28
2012-07-24,29.2401,29.36,28.89999,29.14999
2012-07-25,29.24001,29.33,28.78,28.83
2012-07-26,29.23,29.5,29.09,29.16
2012-07-27,29.48,29.85001,29.17999,29.755
2012-07-30,29.75,29.82001,29.46001,29.64
2012-07-31,29.48,29.71001,29.33,29.47
2012-08-01,29.59,29.64999,29.21001,29.41
2012-08-02,29.21001,29.52499,28.97,29.19
2012-08-03,29.53,29.94,29.48,29.75
2012-08-06,30,30.11,29.81,29.95
2012-08-07,30.07001,30.35001,29.87,30.25999
2012-08-08,30.21001,30.47,30.11,30.33
2012-08-09,30.39,30.64999,30.3,30.5
2012-08-10,30.5,30.62,30.25,30.42
2012-08-13,30.35001,30.46001,30.16,30.39
2012-08-14,30.3,30.39,30.00999,30.13
2012-08-15,30.11,30.28,30.02,30.2
2012-08-16,30.3605,30.94,30.25999,30.78
2012-08-17,30.92,30.92,30.59,30.89999
2012-08-20,30.82001,30.85001,30.58,30.74001
2012-08-21,30.75999,30.96001,30.61,30.8
2012-08-22,30.59,30.75999,30.465,30.53999
2012-08-23,30.39,30.39999,30.08,30.255
2012-08-24,30.25,30.63,30.17999,30.56
2012-08-27,30.92999,30.96001,30.59,30.69
2012-08-28,30.7,30.8,30.52,30.63
2012-08-29,30.65179,30.75,30.44,30.64999
2012-08-30,30.53,30.61,30.22,30.32001
2012-08-31,30.60001,30.96001,30.38,30.82001
2012-09-04,30.45,30.66,30.14999,30.38499
2012-09-05,30.22,30.53,30.21001,30.39
2012-09-06,30.5,31.36,30.46001,31.345
2012-09-07,31.03999,31.07001,30.73,30.95
2012-09-10,30.83,30.89999,30.50999,30.72
2012-09-11,30.69,30.91,30.61011,30.78999
2012-09-12,30.94,31.17999,30.73,30.78
2012-09-13,30.89,31.17999,30.39999,30.935
2012-09-14,31.00999,31.25,30.81,31.21001
2012-09-17,31.19,31.25999,31.03999,31.21001
2012-09-18,31.10001,31.21001,31.03,31.175
2012-09-19,31.09,31.19,31.03999,31.052
2012-09-20,30.95,31.48,30.91,31.45
2012-09-21,31.42999,31.61,31.09,31.19
2012-09-24,31,31.07001,30.64,30.78
2012-09-25,30.95,31,30.36,30.39
2012-09-26,30.28,30.60001,30.03999,30.16499
2012-09-27,30.17,30.39999,29.89,30.16
2012-09-28,30.17999,30.25999,29.74001,29.75999
2012-10-01,29.81,29.98,29.42,29.49001
2012-10-02,29.67999,29.89,29.5,29.66
2012-10-03,29.75,29.99001,29.67,29.86
2012-10-04,29.97,30.03,29.57001,30.03
2012-10-05,30.23,30.25,29.74001,29.85001
2012-10-08,29.64,29.92,29.55,29.78
2012-10-09,29.67999,29.74001,29.17999,29.28
2012-10-10,29.14999,29.31,28.95,28.98
2012-10-11,29.215,29.25,28.87,28.95
2012-10-12,28.97,29.32001,28.8,29.2
2012-10-15,29.37,29.72,29.25,29.50999
2012-10-16,29.45,29.74001,29.32001,29.49001
2012-10-17,29.3,29.64,29.09,29.59
2012-10-18,29.64999,29.73,29.25999,29.495
2012-10-19,29.05,29.08,28.5,28.64
2012-10-22,28.73,28.83,27.83,28
2012-10-23,27.765,28.2,27.75999,28.047
2012-10-24,28.16,28.2,27.87,27.9019
2012-10-25,28.19,28.2,27.86,27.88
2012-10-26,27.86,28.34,27.84,28.21001
2012-10-31,28.55,28.88,28.5,28.53999
2012-11-01,28.84,29.56,28.82001,29.515
2012-11-02,29.59,29.77,29.33,29.4998
2012-11-05,29.62,29.74001,29.33,29.63
2012-11-06,29.82001,30.2,29.61,29.86
2012-11-07,29.53,29.825,29.05,29.08
2012-11-08,29.12,29.37,28.8,28.81
2012-11-09,28.88,29.19,28.80499,28.83
2012-11-12,28.94,29.00999,28.21001,28.22
2012-11-13,27.02,27.3,26.75,27.08949
2012-11-14,27.24001,27.28999,26.8,26.84
2012-11-15,26.88,26.97,26.63,26.66071
2012-11-16,26.67,26.7,26.34489,26.5209
2012-11-19,26.8,26.8,26.47,26.72771
2012-11-20,26.75999,26.8,26.46001,26.71001
2012-11-21,26.71001,27.1666,26.67,26.95
2012-11-23,27.23,27.77,27.2,27.7
2012-11-26,27.53999,27.58,27.17,27.38499
2012-11-27,27.35989,27.38,27.0424,27.08
2012-11-28,27.00999,27.39,26.77,27.36
2012-11-29,27.11,27.36,26.86,26.95
2012-11-30,27.05,27.13,26.49001,26.61501
2012-12-03,26.78,26.82001,26.39999,26.4294
2012-12-04,26.5,26.63,26.34,26.37
2012-12-05,26.38,26.92999,26.25999,26.67
2012-12-06,26.81,26.98,26.61,26.72501
2012-12-07,26.82001,26.82001,26.37,26.455
2012-12-10,26.56,26.97,26.52,26.94
2012-12-11,27.05,27.49001,27.05,27.32001
2012-12-12,27.53,27.62,27.08,27.24001
2012-12-13,27.32001,27.52,26.95,27.11
2012-12-14,27.11,27.13,26.7,26.81
2012-12-17,26.78999,27.215,26.67999,27.095
2012-12-18,27.25,27.63,27.14,27.56
2012-12-19,27.69,27.73,27.25,27.31
2012-12-20,27.36,27.67999,27.14999,27.67999
2012-12-21,27.45,27.49001,27,27.45
2012-12-24,27.2,27.25,27,27.06
2012-12-26,27.03,27.2,26.7,26.86
2012-12-27,26.89,27.09,26.57001,26.96001
2012-12-28,26.71001,26.89999,26.55,26.55
2012-12-31,26.59,26.77,26.37,26.7097
2013-01-02,27.25,27.73,27.1499,27.62
2013-01-03,27.63,27.64999,27.16,27.25
2013-01-04,27.27,27.34,26.73,26.74001
2013-01-07,26.77,26.88,26.64,26.69
2013-01-08,26.75,26.78999,26.46001,26.55
2013-01-09,26.72,26.75,26.56,26.7
2013-01-10,26.64999,26.98,26.28999,26.46001
2013-01-11,26.49001,26.92999,26.28,26.83
2013-01-14,26.89999,27.08,26.75999,26.89
2013-01-15,26.83,27.28999,26.825,27.21001
2013-01-16,27.14999,27.23,27.00999,27.03999
2013-01-17,27.19,27.47,27.06,27.25
2013-01-18,27.10001,27.28999,27.03999,27.25
2013-01-22,27.3,27.45,27,27.14999
2013-01-23,27.2,27.63499,27.2,27.61
2013-01-24,27.7,28.07001,27.47,27.63
2013-01-25,27.58,28.23,27.39,27.88
2013-01-28,28.00999,28.22501,27.75999,27.911
2013-01-29,27.82001,28.13,27.60001,28.00999
2013-01-30,28.00999,28.19,27.75999,27.85001
2013-01-31,27.78999,27.97,27.39999,27.45
2013-02-01,27.67,28.05,27.55,27.92999
2013-02-04,27.87,28.02,27.42,27.44
2013-02-05,27.62,27.66,27.36,27.495
2013-02-06,27.3799,27.53999,27.25,27.34
2013-02-07,27.35001,27.39,27.10001,27.283
2013-02-08,27.35001,27.71001,27.31,27.55
2013-02-11,27.64999,27.92,27.5,27.86
2013-02-12,27.88,28,27.75,27.88
2013-02-13,27.92999,28.11,27.88,28.03
2013-02-14,27.92,28.06,27.87,28.03999
2013-02-15,28.03999,28.16,27.875,28.00999
2013-02-19,27.8801,28.09,27.8,28.045
2013-02-20,28.13,28.2,27.83,27.87
2013-02-21,27.74001,27.74001,27.23,27.49001
2013-02-22,27.67999,27.75999,27.48,27.75999
2013-02-25,27.97,28.05,27.37,27.37
2013-02-26,27.38,27.60001,27.34,27.37
2013-02-27,27.42,28,27.33,27.81
2013-02-28,27.88,27.97,27.74001,27.8
2013-03-01,27.72,27.98,27.52,27.95
2013-03-04,27.85001,28.14999,27.7,28.14999
2013-03-05,28.28999,28.53999,28.16,28.35001
2013-03-06,28.21001,28.23,27.78,28.09
2013-03-07,28.11,28.28,28.005,28.14
2013-03-08,28.25,28.33,27.96001,28
2013-03-11,27.94,27.97,27.67,27.87
2013-03-12,27.84,27.95,27.64,27.91
2013-03-13,27.87,28.02,27.75,27.91499
2013-03-14,28,28.16,27.92999,28.13499
2013-03-15,28.03,28.16,27.98,28.035
2013-03-18,27.88,28.28,27.81,28.10001
2013-03-19,28.12,28.22,28.03,28.17999
2013-03-20,28.34,28.49001,28.17999,28.315
2013-03-21,28.11,28.36,28.05,28.11
2013-03-22,28.19,28.33791,28.10001,28.25
2013-03-25,28.3,28.35001,27.96001,28.16
2013-03-26,28.24001,28.34,28.11,28.155
2013-03-27,28.14,28.44501,28.08,28.37
2013-03-28,28.32001,28.66,28.25999,28.605
2013-04-01,28.64,28.66,28.36,28.61
2013-04-02,28.59,28.85001,28.52,28.8
2013-04-03,28.75,28.95,28.53999,28.56
2013-04-04,28.39,28.61,28.27,28.595
2013-04-05,28.22,28.78,28.11,28.7
2013-04-08,28.73,28.73,28.47,28.59
2013-04-09,28.73,29.815,28.67999,29.61
2013-04-10,29.57001,30.32001,29.52,30.28
2013-04-11,29.10001,29.2,28.73,28.935
2013-04-12,28.85001,29.02,28.66,28.78999
2013-04-15,28.64999,28.98,28.50999,28.69
2013-04-16,28.89999,29.14,28.69501,28.97
2013-04-17,28.85001,29.03999,28.60001,28.825
2013-04-18,28.95,28.98,28.5,28.78999
2013-04-19,29.62,30.24001,29.61,29.765
2013-04-22,30.3,31.17999,30.27,30.83
2013-04-23,30.7,30.89999,30.38,30.60001
2013-04-24,30.62,31.92,30.60001,31.75999
2013-04-25,31.71001,32.84,31.53999,31.94
2013-04-26,31.89999,31.98,31.45,31.78999
2013-04-29,31.8,32.67999,31.77,32.61
2013-04-30,32.56,33.11,32.28,33.10001
2013-05-01,32.92999,33.08,32.60001,32.72
2013-05-02,32.63,33.17,32.39,33.16
2013-05-03,33.23,33.52,33.08,33.49001
2013-05-06,33.42,33.91,33.25,33.75
2013-05-07,33.64999,33.78999,33.24001,33.31
2013-05-08,33.0667,33.24001,32.64999,32.99001
2013-05-09,32.85001,33,32.59,32.66
2013-05-10,32.67,32.72,32.32001,32.69
2013-05-13,32.61,33.07001,32.55,33.03
2013-05-14,32.86011,33.53,32.8,33.53
2013-05-15,33.45,33.89999,33.42999,33.845
2013-05-16,33.64,34.14999,33.55,34.08
2013-05-17,34.1301,34.87,34.10001,34.87
2013-05-20,34.73,35.095,34.67999,35.08
2013-05-21,35.10001,35.27251,34.72,34.85001
2013-05-22,34.78999,34.84,34.36,34.61
2013-05-23,34.23,34.55,33.89999,34.14999
2013-05-24,33.92,34.28,33.89999,34.269
2013-05-28,34.42,35.17999,34.41,35.02
2013-05-29,34.74001,35.02,34.57001,34.88
2013-05-30,34.85001,35.25,34.813,35.03
2013-05-31,34.82001,35.28,34.78999,34.89999
2013-06-03,34.92,35.63,34.83,35.59
2013-06-04,35.62,35.74001,34.771,34.99001
2013-06-05,34.60001,34.89,34.42999,34.78
2013-06-06,34.84,35.11,34.49001,34.96001
2013-06-07,35.25,35.78,35.06,35.67
2013-06-10,35.50999,35.64999,35.14,35.47
2013-06-11,35.05,35.17999,34.67999,34.84
2013-06-12,35.14,35.27,34.85001,35
2013-06-13,34.99001,35.02,34.59,34.715
2013-06-14,34.55,34.69009,34.25,34.39999
2013-06-17,34.69,35.16,34.63,35
2013-06-18,34.97,35.17,34.895,34.98
2013-06-19,34.96001,35.09,34.59,34.59
2013-06-20,34.25999,34.33,33.37,33.49001
2013-06-21,33.66,33.73,33.05,33.265
2013-06-24,32.94,34.2,32.57001,33.715
2013-06-25,34.08,34.38,33.46001,33.67
2013-06-26,34.12,34.48,33.8875,34.35001
2013-06-27,34.52,34.78,34.5,34.62
2013-06-28,34.38,34.78999,34.34,34.545
2013-07-01,34.75,34.99001,34.33,34.36
2013-07-02,34.41,34.4389,33.63,33.94
2013-07-03,33.66,34.37,33.60001,34.00999
2013-07-05,34.09,34.24001,33.58099,34.21001
2013-07-08,34.35001,34.59,33.98,34.325
2013-07-09,34.58,34.60001,34.14,34.35001
2013-07-10,34.34,34.81,34.32001,34.7
2013-07-11,35,35.77,34.89999,35.685
2013-07-12,35.58,35.73,35.28,35.67
2013-07-15,35.66,36.22,35.58,36.17
2013-07-16,36.00999,36.4299,35.96001,36.27
2013-07-17,36.34,36.39,35.49001,35.74001
2013-07-18,35.72,35.89,35.22,35.44
2013-07-19,32.39999,32.67,31.02,31.39999
2013-07-22,31.7,32.00999,31.60001,32.00999
2013-07-23,31.91,32.03999,31.71001,31.82001
2013-07-24,32.035,32.19,31.89,31.96001
2013-07-25,31.62,31.64999,31.25,31.39
2013-07-26,31.25999,31.62,31.205,31.62
2013-07-29,31.47,31.60001,31.39999,31.53999
2013-07-30,31.78,32.12,31.55,31.85001
2013-07-31,31.97,32.05,31.71001,31.84
2013-08-01,32.06,32.09,31.60001,31.67
2013-08-02,31.69,31.89999,31.565,31.89
2013-08-05,31.89999,32,31.64,31.7
2013-08-06,31.55,31.67,31.38,31.58
2013-08-07,31.53999,32.10001,31.25,32.063
2013-08-08,32.24001,33.07001,32.05,32.89
2013-08-09,32.77,32.89999,32.47,32.7
2013-08-12,32.46001,32.97,32.46001,32.87
2013-08-13,32.50999,32.55,32.21001,32.23
2013-08-14,32.14,33.36,31.7,32.35001
2013-08-15,32,32.17999,30.84,31.78999
2013-08-16,31.78999,31.99001,31.66,31.8
2013-08-19,31.75999,31.97,31.38,31.39301
2013-08-20,31.44,31.89999,31.37,31.62
2013-08-21,31.61,32.00999,31.53999,31.61
2013-08-22,32.185,32.49001,32.10001,32.39
2013-08-23,35.17,35.2,34,34.75
2013-08-26,34.39999,34.67,34.03,34.14999
2013-08-27,33.515,34.10001,33.14999,33.25999
2013-08-28,33.39,33.60001,33,33.02
2013-08-29,32.92999,33.60001,32.8,33.55
2013-08-30,33.37,33.48,33.09,33.39999
2013-09-03,31.75,32.07001,31.28999,31.88
2013-09-04,31.39,31.47,31.11,31.19501
2013-09-05,31.10001,31.44,30.95,31.235
2013-09-06,31.31,31.39,31.13,31.15199
2013-09-09,31.22079,31.78999,31.2,31.655
2013-09-10,31.89999,32.39999,31.78999,32.39
2013-09-11,32.57001,32.92999,32.53,32.74001
2013-09-12,32.72,32.78,32.59,32.69
2013-09-13,32.77,33.07001,32.505,33.03
2013-09-16,33.38,33.5,32.73,32.80099
2013-09-17,33.42,33.47,32.89999,32.92999
2013-09-18,32.99001,33.39999,32.83,33.32001
2013-09-19,33.48,33.67999,33.32001,33.64
2013-09-20,33.41,33.48,32.685,32.791
2013-09-23,32.5401,32.96899,32.5,32.74001
2013-09-24,32.87,32.87,32.14999,32.455
2013-09-25,32.49001,32.8,32.39999,32.505
2013-09-26,32.64,33,32.59,32.77
2013-09-27,32.88,33.75,32.87,33.27
2013-09-30,33,33.31,32.7,33.28
2013-10-01,33.35001,33.61,33.3,33.58
2013-10-02,33.36,34.03,33.28999,33.92
2013-10-03,33.88,34,33.42,33.86
2013-10-04,33.69,33.99001,33.62,33.88
2013-10-07,33.60001,33.71001,33.2,33.3
2013-10-08,33.31,33.33,32.8,33.00999
2013-10-09,33.07001,33.3499,32.96001,33.07001
2013-10-10,33.31,33.89,33.25999,33.75999
2013-10-11,33.67999,34.14,33.67999,34.13
2013-10-14,33.89999,34.5,33.78,34.45
2013-10-15,34.67,34.99001,34.47,34.49001
2013-10-16,34.60001,34.895,34.56,34.64
2013-10-17,34.45,34.99001,34.37,34.92
2013-10-18,34.82001,34.99001,34.33,34.96001
2013-10-21,34.98,35.2,34.91,34.99001
2013-10-22,35.02,35.10001,34.52,34.58
2013-10-23,34.35001,34.49001,33.674,33.75999
2013-10-24,33.82001,34.10001,33.57001,33.72
2013-10-25,35.88,36.28999,35.47,35.73
2013-10-28,35.61,35.73,35.27,35.57
2013-10-29,35.6301,35.72,35.26,35.52
2013-10-30,35.53,35.79,35.43,35.54
2013-10-31,35.66,35.69,35.34,35.405
2013-11-01,35.67,35.69,35.39,35.525
2013-11-04,35.59,35.98,35.55,35.94
2013-11-05,35.7899,36.71,35.77,36.64
2013-11-06,37.24,38.22,37.06,38.18
2013-11-07,37.96,38.01,37.43,37.5
2013-11-08,37.67,37.78,37.34,37.78
2013-11-11,37.69,37.775,37.355,37.59
2013-11-12,37.38,37.595,37.2,37.36
2013-11-13,36.98,38.16,36.9,38.155
2013-11-14,37.87,38.13,37.72,38.021
2013-11-15,37.95,38.02,37.72,37.841
2013-11-18,37.35,37.58,37.07,37.2
2013-11-19,36.85,37.23,36.67,36.74
2013-11-20,36.92,37.41,36.86,37.08
2013-11-21,37.27,37.53,37.26,37.4
2013-11-22,37.525,37.68,37.33,37.57
2013-11-25,37.93,37.95,37.57,37.64
2013-11-26,37.57,37.65,37.35,37.35
2013-11-27,37.57,37.76,37.49,37.6
2013-11-29,37.82,38.29,37.82,38.13
2013-12-02,38.09,38.78,38.06,38.45
2013-12-03,38.14,38.49,38.08,38.31
2013-12-04,38.21,38.98,38.12,38.94
2013-12-05,38.85,38.875,37.18,38
2013-12-06,38.42,38.55,37.99,38.36
2013-12-09,38.56,38.87,38.37,38.705
2013-12-10,38.61,38.9,38.02,38.11
2013-12-11,38.06,38.3,37.39,37.61
2013-12-12,37.64,37.64,37.18,37.22
2013-12-13,37.42,37.45,36.62,36.69
2013-12-16,36.73,37,36.54,36.885
2013-12-17,36.94,37.11,36.3344,36.52
2013-12-18,36.3601,36.6,35.53,36.58
2013-12-19,36.51,36.55,36.08,36.25
2013-12-20,36.2,36.93,36.185,36.8
2013-12-23,36.81,36.89,36.55,36.62
2013-12-24,36.72,37.17,36.64,37.08
2013-12-26,37.2,37.49,37.17,37.44
2013-12-27,37.58,37.62,37.17,37.29
2013-12-30,37.22,37.38,36.9006,37.29
2013-12-31,37.4,37.58,37.217,37.41
2014-01-02,37.35,37.4,37.1,37.16
2014-01-03,37.2,37.22,36.6,36.91
2014-01-06,36.85,36.89,36.11,36.13
2014-01-07,36.325,36.49,36.21,36.41
2014-01-08,36,36.14,35.58,35.76
2014-01-09,35.88,35.91,35.4,35.53
2014-01-10,35.9,36.15,35.75,36.04
2014-01-13,35.99,36.02,34.83,34.98
2014-01-14,34.73,35.88,34.63,35.78
2014-01-15,35.9,36.79,35.85,36.76
2014-01-16,36.69,37,36.31,36.89
2014-01-17,36.83,36.83,36.15,36.38
2014-01-21,36.82,36.82,36.06,36.17
2014-01-22,36.26,36.32,35.75,35.93
2014-01-23,36.09,36.13,35.52,36.055
2014-01-24,37.45,37.55,36.53,36.805
2014-01-27,36.87,36.89,35.98,36.03
2014-01-28,36.12,36.39,35.75,36.27
2014-01-29,35.98,36.88,35.9,36.66
2014-01-30,36.79,36.88,36.23,36.86
2014-01-31,36.95,37.89,36.56,37.84
2014-02-03,37.74,37.985,36.43,36.48
2014-02-04,36.97,37.189,36.25,36.35
2014-02-05,36.29,36.47,35.8,35.82
2014-02-06,35.8,36.25,35.69,36.18
2014-02-07,36.32,36.59,36.01,36.56
2014-02-10,36.63,36.8,36.29,36.8
2014-02-11,36.88,37.26,36.86,37.175
2014-02-12,37.35,37.6,37.3,37.47
2014-02-13,37.33,37.86,37.33,37.61
2014-02-14,37.39,37.78,37.33,37.62
2014-02-18,37.63,37.78,37.41,37.42
2014-02-19,37.22,37.75,37.21,37.51
2014-02-20,37.57,37.87,37.395,37.75
2014-02-21,37.94,38.35,37.86,37.98
2014-02-24,37.69,37.975,37.54,37.69
2014-02-25,37.61,37.85,37.35,37.54
2014-02-26,37.5801,37.74,37.19,37.47
2014-02-27,37.45,37.89,37.23,37.86
2014-02-28,37.98,38.46,37.82,38.31
2014-03-03,37.92,38.13,37.495,37.78
2014-03-04,38.2,38.48,38.07,38.41
2014-03-05,38.25,38.2699,37.93,38.11
2014-03-06,38.14,38.24,37.89,38.15
2014-03-07,38.28,38.36,37.69,37.9
2014-03-10,37.99,38.01,37.72,37.82
2014-03-11,37.87,38.23,37.72,38.02
2014-03-12,37.8,38.43,37.79,38.27
2014-03-13,38.42,38.45,37.6414,37.89
2014-03-14,37.651,38.135,37.5058,37.7
2014-03-17,37.9,38.41,37.79,38.05
2014-03-18,38.26,39.9,38.22,39.55
2014-03-19,39.47,39.55,38.91,39.27
2014-03-20,39.25,40.649,39.24,40.33
2014-03-21,40.72,40.94,40.01,40.16
2014-03-24,40.34,40.64,39.86,40.5
2014-03-25,40.66,40.99,39.9599,40.34
2014-03-26,40.48,40.705,39.6,39.79
2014-03-27,39.74,39.97,39.34,39.36
2014-03-28,39.79,40.635,39.68,40.3
2014-03-31,40.43,41.5,40.4,40.99
2014-04-01,41.15,41.59,41.07,41.42
2014-04-02,41.44,41.66,41.17,41.35
2014-04-03,41.29,41.29,40.71,41.01
2014-04-04,41.25,41.39,39.64,39.87
2014-04-07,39.96,40.27,39.74,39.8
2014-04-08,39.75,39.93,39.2,39.82
2014-04-09,39.93,40.55,39.88,40.47
2014-04-10,40.44,40.69,39.09,39.36
2014-04-11,39,39.79,39,39.209
2014-04-14,39.11,39.41,38.9,39.18
2014-04-15,39.34,39.96,39.05,39.75
2014-04-16,40.06,40.415,39.905,40.4
2014-04-17,40.01,40.195,39.51,40.01
2014-04-21,40.13,40.15,39.79,39.94
2014-04-22,39.96,40.14,39.83,39.99
2014-04-23,39.99,39.99,39.47,39.69
2014-04-24,39.74,39.97,39.3,39.86
2014-04-25,40.29,40.68,39.75,39.91
2014-04-28,40.14,41.29,40.09,40.87
2014-04-29,41.1,41.19,40.39,40.51
2014-04-30,40.4,40.5,40.1699,40.4
2014-05-01,40.2401,40.36,39.95,40
2014-05-02,40.31,40.34,39.66,39.69
2014-05-05,39.52,39.6399,39.3,39.43
2014-05-06,39.29,39.35,38.95,39.06
2014-05-07,39.22,39.51,38.51,39.425
2014-05-08,39.34,39.9,38.97,39.64
2014-05-09,39.54,39.85,39.37,39.54
2014-05-12,39.74,40.02,39.65,39.97
2014-05-13,39.92,40.5,39.85,40.42
2014-05-14,40.3,40.45,40.05,40.24
2014-05-15,40.09,40.4,39.51,39.6
2014-05-16,39.67,39.84,39.27,39.83
2014-05-19,39.61,39.82,39.46,39.75
2014-05-20,39.68,39.94,39.46,39.68
2014-05-21,39.8,40.35,39.7399,40.35
2014-05-22,40.29,40.35,39.85,40.1
2014-05-23,40.37,40.37,40,40.12
2014-05-27,40.26,40.26,39.81,40.19
2014-05-28,40.14,40.19,39.82,40.01
2014-05-29,40.15,40.35,39.91,40.34
2014-05-30,40.45,40.97,40.25,40.94
2014-06-02,40.95,41.09,40.68,40.79
2014-06-03,40.6,40.68,40.25,40.29
2014-06-04,40.21,40.37,39.86,40.32
2014-06-05,40.59,41.25,40.4,41.21
2014-06-06,41.48,41.66,41.24,41.48
2014-06-09,41.39,41.48,41.02,41.27
2014-06-10,41.03,41.16,40.86,41.11
2014-06-11,40.93,41.07,40.765,40.86
2014-06-12,40.81,40.88,40.29,40.58
2014-06-13,41.1,41.565,40.86,41.23
2014-06-16,41.04,41.61,41.04,41.5
2014-06-17,41.29,41.91,40.335,41.68
2014-06-18,41.605,41.74,41.18,41.65
2014-06-19,41.57,41.77,41.3301,41.51
2014-06-20,41.445,41.83,41.38,41.68
2014-06-23,41.73,42,41.69,41.99
2014-06-24,41.83,41.94,41.56,41.745
2014-06-25,41.7,42.05,41.46,42.03
2014-06-26,41.93,41.94,41.43,41.72
2014-06-27,41.61,42.29,41.51,42.25
2014-06-30,42.17,42.21,41.7,41.7
2014-07-01,41.86,42.15,41.69,41.87
2014-07-02,41.73,41.9,41.53,41.9
2014-07-03,41.91,41.99,41.56,41.8
2014-07-07,41.75,42.12,41.71,41.99
2014-07-08,41.87,42,41.61,41.78
2014-07-09,41.98,41.99,41.53,41.67
2014-07-10,41.37,42,41.05,41.685
2014-07-11,41.7,42.09,41.48,42.09
2014-07-14,42.22,42.45,42.04,42.14
2014-07-15,42.33,42.47,42.03,42.45
2014-07-16,42.51,44.31,42.48,44.08
2014-07-17,45.45,45.71,44.25,44.53
2014-07-18,44.65,44.84,44.25,44.69
2014-07-21,44.56,45.16,44.22,44.835
2014-07-22,45,45.15,44.59,44.83
2014-07-23,45.45,45.45,44.62,44.87
2014-07-24,44.93,45,44.32,44.4
2014-07-25,44.3,44.66,44.3,44.5
2014-07-28,44.36,44.51,43.93,43.97
2014-07-29,43.91,44.09,43.64,43.885
2014-07-30,44.07,44.1,43.29,43.5785
2014-07-31,43.38,43.69,43.08,43.16
2014-08-01,43.21,43.25,42.6,42.86
2014-08-04,42.97,43.47,42.81,43.37
2014-08-05,43.31,43.46,42.83,43.08
2014-08-06,42.74,43.17,42.21,42.74
2014-08-07,42.84,43.45,42.65,43.23
2014-08-08,43.23,43.315,42.91,43.2
2014-08-11,43.26,43.45,43.02,43.2
2014-08-12,43.04,43.59,43,43.52
2014-08-13,43.68,44.18,43.52,44.08
2014-08-14,44.08,44.417,44.01,44.27
2014-08-15,44.58,44.895,44.4,44.79
2014-08-18,44.94,45.11,44.68,45.11
2014-08-19,44.97,45.34,44.83,45.33
2014-08-20,45.34,45.4,44.9,44.95
2014-08-21,44.84,45.25,44.83,45.22
2014-08-22,45.35,45.47,45.07,45.15
2014-08-25,45.4,45.44,45.04,45.17
2014-08-26,45.31,45.395,44.94,45.005
2014-08-27,44.9,45,44.76,44.87
2014-08-28,44.75,44.98,44.61,44.88
2014-08-29,45.09,45.44,44.855,45.43
2014-09-02,45.43,45.46,44.85,45.09
2014-09-03,44.53,45.11,44.53,44.96
2014-09-04,44.74,45.27,44.72,45.26
2014-09-05,45.11,45.93,45.11,45.91
2014-09-08,46.02,46.8,45.99,46.47
2014-09-09,46.47,46.97,46.42,46.76
2014-09-10,46.8201,46.94,46.28,46.84
2014-09-11,46.74,47,46.47,47
2014-09-12,46.91,47.02,46.6,46.695
2014-09-15,46.54,46.71,46.1,46.24
2014-09-16,46.39,46.85,46.29,46.76
2014-09-17,46.26,46.69,46.23,46.52
2014-09-18,46.59,46.83,46.46,46.68
2014-09-19,46.81,47.57,46.6,47.52
2014-09-22,47.3,47.38,46.98,47.06
2014-09-23,46.85,46.98,46.47,46.56
2014-09-24,46.63,47.11,46.34,47.08
2014-09-25,46.88,47.09,46.03,46.04
2014-09-26,45.93,46.62,45.76,46.41
2014-09-29,45.98,46.56,45.76,46.44
2014-09-30,46.37,46.4763,46.01,46.36
2014-10-01,46.27,46.53,45.845,45.9
2014-10-02,45.83,46.1,45.64,45.76
2014-10-03,45.98,46.3,45.61,46.09
2014-10-06,46.12,46.3,45.9199,46.09
2014-10-07,45.86,45.93,45.42,45.53
2014-10-08,45.48,46.89,45.34,46.78
2014-10-09,46.5,46.8,45.74,45.85
2014-10-10,45.6,46.12,43.95,44.03
2014-10-13,43.82,44.56,43.49,43.65
2014-10-14,43.87,44.38,43.56,43.73
2014-10-15,43,43.39,42.1,43.22
2014-10-16,42.53,43.08,42.22,42.74
2014-10-17,43.2,43.935,42.79,43.63
2014-10-20,43.06,44.14,42.81,44.08
2014-10-21,44.36,44.975,44.19,44.88
2014-10-22,45,45.07,44.225,44.38
2014-10-23,44.62,45.445,44.53,45.02
2014-10-24,46.83,46.9,45.18,46.13
2014-10-27,45.71,46.1,45.71,45.91
2014-10-28,45.86,46.5,45.77,46.49
2014-10-29,46.44,46.7,46.34,46.62
2014-10-30,46.32,46.32,45.77,46.05
2014-10-31,46.94,46.97,46.48,46.95
2014-11-03,46.89,47.46,46.73,47.44
2014-11-04,47.301,47.73,47.25,47.57
2014-11-05,47.8,47.9,47.26,47.86
2014-11-06,47.86,48.86,47.79,48.7
2014-11-07,48.92,48.92,48.2901,48.68
2014-11-10,48.65,49.15,48.55,48.89
2014-11-11,48.85,48.93,48.645,48.87
2014-11-12,48.56,48.92,48.52,48.78
2014-11-13,48.81,49.645,48.705,49.61
2014-11-14,49.74,50.045,49.39,49.58
2014-11-17,49.41,49.705,49.14,49.46
2014-11-18,49.13,49.325,48.7,48.74
2014-11-19,48.66,48.7549,47.93,48.22
2014-11-20,48,48.7,47.87,48.7
2014-11-21,49.02,49.05,47.57,47.98
2014-11-24,47.99,48,47.39,47.59
2014-11-25,47.66,47.97,47.45,47.47
2014-11-26,47.49,47.99,47.28,47.75
2014-11-28,47.95,48.195,47.61,47.81
2014-12-01,47.88,48.78,47.71,48.62
2014-12-02,48.84,49.05,48.2,48.46
2014-12-03,48.44,48.5,47.805,48.08
2014-12-04,48.39,49.06,48.2,48.84
2014-12-05,48.82,48.97,48.38,48.42
2014-12-08,48.26,48.35,47.445,47.695
2014-12-09,47.11,47.92,47.05,47.59
2014-12-10,47.58,47.66,46.7001,46.9
2014-12-11,47.08,47.74,46.68,47.17
2014-12-12,46.78,47.73,46.67,46.95
2014-12-15,47.2,47.67,46.55,46.67
2014-12-16,45.9,46.34,45.13,45.16
2014-12-17,45.05,45.945,44.9,45.74
2014-12-18,46.58,47.52,46.3386,47.52
2014-12-19,47.63,48.1,47.17,47.66
2014-12-22,47.78,48.12,47.71,47.98
2014-12-23,48.37,48.8,48.13,48.45
2014-12-24,48.64,48.64,48.08,48.14
2014-12-26,48.41,48.41,47.82,47.88
2014-12-29,47.7,47.78,47.26,47.45
2014-12-30,47.44,47.62,46.84,47.02
2014-12-31,46.73,47.44,46.45,46.45
2015-01-02,46.66,47.42,46.54,46.76
2015-01-05,46.37,46.73,46.25,46.325
2015-01-06,46.38,46.749,45.54,45.65
2015-01-07,45.98,46.46,45.49,46.23
2015-01-08,46.75,47.7499,46.72,47.59
2015-01-09,47.61,47.82,46.9,47.19
2015-01-12,47.42,47.54,46.36,46.6
2015-01-13,46.97,47.91,46.06,46.355
2015-01-14,45.96,46.24,45.62,45.955
2015-01-15,46.22,46.38,45.41,45.48
2015-01-16,45.31,46.28,45.17,46.24
2015-01-20,46.3,46.65,45.57,46.39
2015-01-21,45.94,46.14,45.48,45.92
2015-01-22,46.38,47.135,46.08,47.13
2015-01-23,47.36,47.39,46.8,47.18
2015-01-26,47,47.1339,46.2399,47.01
2015-01-27,42.95,43.2,42.105,42.66
2015-01-28,42.74,42.79,41.16,41.19
2015-01-29,40.93,42.12,40.79,42.01
2015-01-30,41.55,41.58,40.35,40.4
2015-02-02,40.59,41.37,40.23,41.28
2015-02-03,41.63,41.93,41.045,41.6
2015-02-04,41.94,42.21,41.36,41.84
2015-02-05,42.22,42.64,41.855,42.45
2015-02-06,42.68,42.79,42.15,42.41
2015-02-09,42.24,42.74,42.21,42.36
2015-02-10,42.74,42.77,42.18,42.6
2015-02-11,42.65,42.65,42.21,42.38
2015-02-12,42.66,43.09,42.51,43.09
2015-02-13,43.38,43.87,43.15,43.87
2015-02-17,43.97,44,43.19,43.58
2015-02-18,43.63,43.7,43.39,43.53
2015-02-19,43.18,43.5263,43.05,43.5
2015-02-20,43.51,43.88,43.29,43.855
2015-02-23,43.7,44.19,43.65,44.15
2015-02-24,44.15,44.3,43.92,44.09
2015-02-25,43.95,44.09,43.8,43.99
2015-02-26,43.99,44.23,43.89,44.055
2015-02-27,44.13,44.2,43.66,43.85
2015-03-02,43.67,44.19,43.55,43.88
2015-03-03,43.56,43.825,43.09,43.28
2015-03-04,43.01,43.21,42.88,43.055
2015-03-05,43.07,43.24,42.82,43.11
2015-03-06,43,43.11,42.15,42.36
2015-03-09,42.19,43.125,42.19,42.85
2015-03-10,42.35,42.71,42.03,42.03
2015-03-11,42.31,42.37,41.84,41.98
2015-03-12,41.33,41.65,40.86,41.02
2015-03-13,40.7,41.47,40.61,41.38
2015-03-16,41.47,41.64,41.28,41.56
2015-03-17,41.37,41.83,41.15,41.695
2015-03-18,41.43,42.83,41.33,42.5
2015-03-19,42.26,42.59,42.22,42.285
2015-03-20,42.56,42.98,42.49,42.88
2015-03-23,42.88,43.13,42.78,42.855
2015-03-24,42.78,43.17,42.75,42.9
2015-03-25,42.92,42.925,41.44,41.46
2015-03-26,41.22,41.61,40.92,41.21
2015-03-27,41.12,41.43,40.83,40.97
2015-03-30,41.1,41.54,40.91,40.96
2015-03-31,40.78,41.03,40.54,40.655
2015-04-01,40.6,40.76,40.31,40.72
2015-04-02,40.66,40.74,40.12,40.29
2015-04-06,40.34,41.78,40.18,41.545
2015-04-07,41.61,41.91,41.31,41.53
2015-04-08,41.46,41.69,41.04,41.42
2015-04-09,41.25,41.62,41.25,41.48
2015-04-10,41.63,41.95,41.41,41.72
2015-04-13,41.4,42.06,41.39,41.76
2015-04-14,41.8,42.03,41.39,41.65
2015-04-15,41.76,42.46,41.68,42.255
2015-04-16,41.95,42.34,41.82,42.16
2015-04-17,41.67,41.74,41.16,41.615
2015-04-20,41.73,43.17,41.68,42.905
2015-04-21,43,43.15,42.53,42.635
2015-04-22,42.67,43.13,42.55,42.985
2015-04-23,42.89,43.61,42.8,43.34
2015-04-24,45.66,48.14,45.65,47.87
2015-04-27,47.23,48.13,47.22,48.03
2015-04-28,47.78,49.21,47.7,49.155
2015-04-29,48.72,49.31,48.5,49.06
2015-04-30,48.7,49.54,48.6,48.64
2015-05-01,48.58,48.875,48.4,48.655
2015-05-04,48.37,48.87,48.18,48.24
2015-05-05,47.82,48.16,47.31,47.6
2015-05-06,47.57,47.77,46.02,46.28
2015-05-07,46.27,47.085,46.16,46.7
2015-05-08,47.55,47.98,47.52,47.75
2015-05-11,47.55,47.91,47.37,47.37
2015-05-12,46.85,47.68,46.42,47.35
2015-05-13,48.19,48.32,47.57,47.625
2015-05-14,48.0301,48.82,48.03,48.72
2015-05-15,48.87,48.905,48.05,48.295
2015-05-18,47.98,48.22,47.61,48.01
2015-05-19,47.56,47.81,47.18,47.58
2015-05-20,47.39,47.93,47.27,47.58
2015-05-21,47.28,47.6,47.005,47.42
2015-05-22,47.3,47.35,46.82,46.9
2015-05-26,46.83,46.88,46.19,46.59
2015-05-27,46.82,47.77,46.62,47.61
2015-05-28,47.5,48.02,47.39,47.45
2015-05-29,47.43,47.57,46.59,46.86
2015-06-01,47.06,47.77,46.62,47.23
2015-06-02,46.93,47.35,46.62,46.92
2015-06-03,47.37,47.735,46.82,46.85
2015-06-04,46.79,47.16,46.2,46.36
2015-06-05,46.31,46.52,45.84,46.14
2015-06-08,46.3,46.43,45.67,45.73
2015-06-09,45.76,45.94,45.46,45.65
2015-06-10,45.79,46.83,45.69,46.61
2015-06-11,46.66,46.92,46.13,46.44
2015-06-12,46.22,46.47,45.9,45.97
2015-06-15,45.45,45.65,45.0201,45.475
2015-06-16,45.35,46.24,45.3,45.83
2015-06-17,45.73,46.07,45.36,45.97
2015-06-18,46.22,46.8,46.17,46.72
2015-06-19,46.79,46.825,45.99,46.1
2015-06-22,46.33,46.72,46.16,46.23
2015-06-23,46.13,46.28,45.62,45.91
2015-06-24,45.67,46.245,45.55,45.635
2015-06-25,46.03,46.06,45.5,45.65
2015-06-26,45.65,46.28,45.03,45.26
2015-06-29,45.04,45.23,44.36,44.37
2015-06-30,44.71,44.72,43.94,44.15
2015-07-01,44.46,45.23,44.1,44.445
2015-07-02,44.48,44.75,44.06,44.4
2015-07-06,43.96,44.48,43.95,44.39
2015-07-07,44.34,44.49,43.32,44.3
2015-07-08,44.44,44.9,44.03,44.24
2015-07-09,44.75,45.22,44.5,44.52
2015-07-10,45.01,45.14,44.57,44.61
2015-07-13,44.975,45.62,44.9501,45.54
2015-07-14,45.45,45.96,45.31,45.62
2015-07-15,45.68,45.89,45.43,45.76
2015-07-16,46.01,46.69,45.965,46.66
2015-07-17,46.55,46.78,46.26,46.62
2015-07-20,46.65,47.13,46.44,46.92
2015-07-21,46.78,47.33,46.48,47.28
2015-07-22,45.44,46.93,45.203,45.54
2015-07-23,45.27,46.23,45.1,46.11
2015-07-24,45.91,46.32,45.8,45.94
2015-07-27,45.94,46.01,45.25,45.35
2015-07-28,45.58,45.639,44.79,45.34
2015-07-29,45.4,46.78,45.26,46.29
2015-07-30,46.26,47.4,45.93,46.88
2015-07-31,47.29,47.37,46.5,46.7
2015-08-03,46.98,47,46.45,46.81
2015-08-04,46.75,47.71,46.68,47.54
2015-08-05,47.98,48.41,47.54,47.58
2015-08-06,47.71,47.77,46.33,46.62
2015-08-07,46.39,46.78,46.26,46.74
2015-08-10,46.95,47.49,46.84,47.33
2015-08-11,46.82,46.94,45.9,46.41
2015-08-12,46.19,46.9,45.705,46.74
2015-08-13,47.06,47.1,46.49,46.73
2015-08-14,46.53,47.1,46.52,47
2015-08-17,46.81,47.45,46.57,47.32
2015-08-18,46.84,47.43,46.7,47.27
2015-08-19,46.78,47.08,46.3,46.61
2015-08-20,46.07,46.47,45.66,45.66
2015-08-21,45.3,45.48,43.07,43.07
2015-08-24,40.45,43.31,39.72,41.68
2015-08-25,42.565,43.24,40.39,40.47
2015-08-26,42.01,42.84,41.06,42.71
2015-08-27,43.23,43.95,42.925,43.9
2015-08-28,43.4,44.15,43.39,43.93
2015-08-31,43.56,43.93,43.1,43.52
2015-09-01,42.17,42.59,41.66,41.82
2015-09-02,42.36,43.38,41.88,43.36
2015-09-03,43.41,43.98,43.28,43.5
2015-09-04,42.81,43.04,42.195,42.61
2015-09-08,43.3,44,43.2,43.89
2015-09-09,44.21,44.4,42.91,43.07
2015-09-10,43.12,43.79,42.745,43.29
2015-09-11,43.14,43.59,42.9399,43.48
2015-09-14,43.43,43.44,42.86,43.04
2015-09-15,43.19,44.29,43.08,43.98
2015-09-16,43.97,44.38,43.84,44.3
2015-09-17,44.29,45,44.08,44.25
2015-09-18,43.5,43.99,43.33,43.48
2015-09-21,43.62,44.47,43.6,44.11
2015-09-22,43.38,44.05,43.31,43.9
2015-09-23,43.93,44.17,43.51,43.87
2015-09-24,43.45,44.13,43.27,43.91
2015-09-25,44.48,44.73,43.76,43.94
2015-09-28,43.83,44.085,43.205,43.29
2015-09-29,43.37,43.57,43.05,43.44
2015-09-30,43.88,44.3,43.66,44.26
2015-10-01,44.75,44.75,43.75,44.61
2015-10-02,44.27,45.57,43.92,45.57
2015-10-05,45.745,46.89,45.7,46.63
2015-10-06,46.33,47.175,46.22,46.75
2015-10-07,47.1,47.35,45.95,46.8
2015-10-08,46.56,47.515,46.5,47.45
2015-10-09,47.45,47.54,46.92,47.11
2015-10-12,46.98,47.07,46.5,47
2015-10-13,46.56,47.1299,46.56,46.89
2015-10-14,46.65,47.1,46.53,46.68
2015-10-15,47.01,47.03,46.53,47.01
2015-10-16,47.02,47.54,46.897,47.51
2015-10-19,47.42,47.88,47.02,47.62
2015-10-20,47.44,47.81,47.02,47.77
2015-10-21,47.92,47.99,47.11,47.2
2015-10-22,47.53,48.95,47.09,48.03
2015-10-23,52.3,54.07,52.25,52.87
2015-10-26,52.53,54.32,52.5,54.25
2015-10-27,53.99,54.37,53.58,53.69
2015-10-28,53.54,53.98,52.86,53.98
2015-10-29,53.54,53.83,53.22,53.36
2015-10-30,53.32,53.99,52.62,52.64
2015-11-02,52.85,53.36,52.62,53.24
2015-11-03,52.93,54.39,52.9,54.15
2015-11-04,54.18,54.88,54.06,54.4
2015-11-05,54.49,54.7,54,54.38
2015-11-06,54.085,54.98,53.964,54.92
2015-11-09,54.55,54.87,53.56,54.16
2015-11-10,54.07,54.13,53.27,53.51
2015-11-11,53.7,54.2,53.46,53.65
2015-11-12,53.48,53.9791,53.19,53.32
2015-11-13,53.07,53.29,52.53,52.84
2015-11-16,53.08,53.89,52.85,53.765
2015-11-17,53.17,53.53,52.85,52.97
2015-11-18,53,53.98,52.9799,53.85
2015-11-19,53.99,54.66,53.781,53.94
2015-11-20,54.25,54.3,53.265,54.19
2015-11-23,54.25,54.46,53.75,54.19
2015-11-24,53.92,54.44,53.58,54.25
2015-11-25,54.09,54.23,53.69,53.69
2015-11-27,53.8,54.08,53.79,53.93
2015-11-30,54.54,54.96,53.9999,54.35
2015-12-01,54.41,55.23,54.3,55.22
2015-12-02,55.32,55.96,55.06,55.21
2015-12-03,55.49,55.77,53.93,54.2
2015-12-04,54.12,56.23,54.1,55.91
2015-12-07,55.79,55.97,55.29,55.81
2015-12-08,55.47,56.1,54.99,55.79
2015-12-09,55.37,55.87,54.51,54.98
2015-12-10,55.39,55.655,55.01,55.27
2015-12-11,54.71,55.1,54.01,54.06
2015-12-14,54.33,55.21,53.68,55.14
2015-12-15,55.66,55.9,55.09,55.2
2015-12-16,55.54,56.245,54.76,56.13
2015-12-17,56.36,56.79,55.5348,55.7
2015-12-18,55.77,56,54.03,54.13
2015-12-21,54.88,55.35,54.2262,54.83
2015-12-22,54.99,55.48,54.5,55.35
2015-12-23,55.7,55.88,55.44,55.82
2015-12-24,55.86,55.96,55.43,55.67
2015-12-28,55.35,55.95,54.98,55.95
2015-12-29,56.29,56.85,56.06,56.55
2015-12-30,56.47,56.78,56.2875,56.31
2015-12-31,56.04,56.19,55.42,55.48
2016-01-04,54.32,54.8,53.39,54.8
2016-01-05,54.93,55.39,54.54,55.05
2016-01-06,54.32,54.4001,53.64,54.05
2016-01-07,52.7,53.485,52.07,52.17
2016-01-08,52.37,53.28,52.15,52.33
2016-01-11,52.51,52.85,51.46,52.3
2016-01-12,52.76,53.1,52.06,52.78
2016-01-13,53.8,54.07,51.3038,51.64
2016-01-14,52,53.4163,51.57,53.11
2016-01-15,51.31,51.97,50.34,50.99
2016-01-19,51.48,51.68,50.06,50.56
2016-01-20,49.98,51.38,49.1,50.79
2016-01-21,51,51.58,50.3,50.48
2016-01-22,51.41,52.33,51.26,52.29
2016-01-25,51.94,52.65,51.65,51.79
2016-01-26,51.79,52.44,51.55,52.17
2016-01-27,52.01,52.2,51.0201,51.22
2016-01-28,51.86,52.21,51.25,52.055
2016-01-29,54.73,55.09,54,55.09
2016-02-01,54.88,55.09,54.495,54.71
2016-02-02,54.17,54.26,52.65,53
2016-02-03,53.25,53.39,51.26,52.16
2016-02-04,52.1,52.81,51.37,52
2016-02-05,51.94,52,49.56,50.16
2016-02-08,49.55,49.57,48.19,49.41
2016-02-09,49.02,50.24,48.67,49.28
2016-02-10,49.89,50.39,49.52,49.71
2016-02-11,48.68,50.11,48.51,49.69
2016-02-12,50.25,50.68,49.75,50.5
2016-02-16,50.9,51.09,50.13,51.09
2016-02-17,51.49,52.77,51.45,52.42
2016-02-18,52.33,52.95,52.1,52.19
2016-02-19,51.97,52.28,51.53,51.82
2016-02-22,52.28,53,52.28,52.65
2016-02-23,52.34,52.37,50.98,51.18
2016-02-24,50.69,51.5,50.2,51.36
2016-02-25,51.73,52.1,50.61,52.1
2016-02-26,52.6,52.68,51.1,51.3
2016-02-29,51.35,51.65,50.66,50.88
2016-03-01,50.97,52.59,50.9199,52.58
2016-03-02,52.41,52.96,52.155,52.95
2016-03-03,52.97,52.97,51.78,52.35
2016-03-04,52.4,52.45,51.71,52.03
2016-03-07,51.56,51.8,50.58,51.03
2016-03-08,50.8,52.13,50.595,51.65
2016-03-09,51.89,52.85,51.855,52.84
2016-03-10,52.93,52.94,51.16,52.05
2016-03-11,53,53.07,52.38,53.07
2016-03-14,52.71,53.59,52.63,53.17
2016-03-15,52.75,53.59,52.74,53.59
2016-03-16,53.45,54.6,53.4,54.35
2016-03-17,54.21,55,54,54.66
2016-03-18,54.92,54.97,53.445,53.49
2016-03-21,53.25,53.9298,52.93,53.86
2016-03-22,53.61,54.25,53.46,54.07
2016-03-23,54.11,54.24,53.74,53.97
2016-03-24,53.84,54.33,53.73,54.21
2016-03-28,54.21,54.29,53.33,53.54
2016-03-29,53.66,54.86,53.45,54.71
2016-03-30,54.93,55.64,54.9,55.05
2016-03-31,54.95,55.59,54.86,55.23
2016-04-01,55.05,55.61,54.57,55.57
2016-04-04,55.43,55.66,55,55.43
2016-04-05,55.19,55.3,54.46,54.56
2016-04-06,54.36,55.2,54.21,55.12
2016-04-07,54.87,54.91,54.23,54.46
2016-04-08,54.67,55.28,54.32,54.42
2016-04-11,54.49,55.15,54.3,54.31
2016-04-12,54.37,54.78,53.76,54.65
2016-04-13,55.12,55.4375,54.89,55.35
2016-04-14,55.22,55.575,55.07,55.36
2016-04-15,55.3,55.92,55.11,55.65
2016-04-18,55.49,56.59,55.21,56.46
2016-04-19,56.63,56.77,55.68,56.39
2016-04-20,56.29,56.5,55.485,55.59
2016-04-21,55.8,56.23,55.415,55.78
2016-04-22,51.91,52.4297,50.77,51.78
2016-04-25,51.78,52.13,51.63,52.11
2016-04-26,52.26,52.35,51.09,51.44
2016-04-27,51.48,51.5,50.55,50.94
2016-04-28,50.62,50.77,49.56,49.9
2016-04-29,49.35,50.25,49.35,49.87
2016-05-02,50,50.75,49.7799,50.61
2016-05-03,50.34,50.41,49.6,49.78
2016-05-04,49.84,50.06,49.46,49.87
2016-05-05,49.87,50.3,49.73,49.94
2016-05-06,49.92,50.39,49.66,50.39
2016-05-09,50.49,50.585,50,50.07
2016-05-10,50.33,51.1,50.19,51.02
2016-05-11,51.13,51.78,51,51.05
2016-05-12,51.2,51.81,50.92,51.51
2016-05-13,51.44,51.895,51.04,51.08
2016-05-16,50.8,51.96,50.75,51.83
2016-05-17,51.72,51.73,50.36,50.51
2016-05-18,50.48,51.14,50.3,50.81
2016-05-19,50.47,50.62,49.82,50.32
2016-05-20,50.48,51.22,50.4,50.62
2016-05-23,50.6,50.68,49.98,50.03
2016-05-24,50.7,51.71,50.4,51.59
2016-05-25,51.92,52.49,51.79,52.12
2016-05-26,51.93,51.9793,51.36,51.89
2016-05-27,51.92,52.32,51.77,52.32
2016-05-31,52.26,53,52.08,53
2016-06-01,52.44,52.95,52.44,52.85
2016-06-02,52.64,52.74,51.835,52.48
2016-06-03,52.38,52.42,51.6,51.79
2016-06-06,51.99,52.35,51.89,52.13
2016-06-07,52.24,52.73,52.1,52.1
2016-06-08,52.02,52.44,51.87,52.04
2016-06-09,52,52,51.49,51.62
2016-06-10,51.05,52.05,51.04,51.48
2016-06-13,49.58,50.715,49.06,50.14
2016-06-14,49.9,50.1,49.57,49.83
2016-06-15,49.78,50.12,49.69,49.69
2016-06-16,49.52,50.47,49.5068,50.39
2016-06-17,50.41,50.43,49.82,50.13
2016-06-20,50.64,50.83,50.03,50.07
2016-06-21,50.2,51.43,50.16,51.19
2016-06-22,51.08,51.46,50.9525,50.99
2016-06-23,51.28,52.06,51.15,51.91
2016-06-24,49.81,50.94,49.52,49.83
2016-06-27,49.1,49.1466,48.035,48.43
2016-06-28,48.92,49.47,48.67,49.44
2016-06-29,49.91,50.72,49.8,50.54
2016-06-30,50.72,51.3,50.5,51.17
2016-07-01,51.13,51.72,51.07,51.16
2016-07-05,50.83,51.28,50.74,51.17
2016-07-06,50.78,51.54,50.39,51.38
2016-07-07,51.42,51.61,51.07,51.38
2016-07-08,51.73,52.36,51.55,52.3
2016-07-11,52.5,52.83,52.47,52.59
2016-07-12,52.94,53.4,52.785,53.21
2016-07-13,53.56,53.86,53.18,53.51
2016-07-14,53.84,53.99,53.58,53.74
2016-07-15,53.95,54,53.21,53.7
2016-07-18,53.7,54.34,53.55,53.96
2016-07-19,53.71,53.9,52.93,53.09
2016-07-20,56.15,56.84,55.53,55.91
2016-07-21,55.98,56.23,55.76,55.8
2016-07-22,56.08,56.6275,55.78,56.57
2016-07-25,56.47,56.74,56.255,56.73
2016-07-26,56.52,57.29,56.51,56.76
2016-07-27,56.61,56.8,56.11,56.19
2016-07-28,56,56.37,55.72,56.21
2016-07-29,56.26,56.76,56.05,56.68
2016-08-01,56.6,56.75,56.14,56.58
2016-08-02,56.85,56.9,56.31,56.58
2016-08-03,56.68,57.11,56.49,56.97
2016-08-04,56.8,57.5193,56.67,57.39
2016-08-05,57.65,58.21,57.45,57.96
2016-08-08,58.055,58.085,57.78,58.06
2016-08-09,58.17,58.5,58.02,58.2
2016-08-10,58.16,58.32,57.82,58.02
2016-08-11,58.03,58.45,58.03,58.3
2016-08-12,58.03,58.19,57.62,57.94
2016-08-15,58.01,58.5,57.96,58.12
2016-08-16,57.61,57.62,57.27,57.44
2016-08-17,57.54,57.68,57.23,57.56
2016-08-18,57.42,57.7,57.27,57.6
2016-08-19,57.43,57.73,57.2,57.62
2016-08-22,57.6,57.75,57.26,57.67
2016-08-23,57.9,58.18,57.85,57.89
2016-08-24,57.8,58.04,57.715,57.95
2016-08-25,57.88,58.29,57.78,58.17
2016-08-26,58.28,58.7,57.69,58.03
2016-08-29,58.18,58.6,58.1,58.1
2016-08-30,57.98,58.19,57.61,57.89
2016-08-31,57.65,57.8,57.3,57.46
2016-09-01,57.01,57.82,57.01,57.59
2016-09-02,57.67,58.19,57.42,57.67
2016-09-06,57.78,57.8,57.21,57.61
2016-09-07,57.47,57.84,57.405,57.66
2016-09-08,57.63,57.79,57.18,57.43
2016-09-09,56.79,57.52,56.21,56.21
2016-09-12,56,57.205,55.61,57.05
2016-09-13,56.5,56.65,56.05,56.53
2016-09-14,56.39,56.63,56.03,56.26
2016-09-15,56.15,57.35,55.98,57.19
2016-09-16,57.63,57.63,56.75,57.25
2016-09-19,57.27,57.75,56.85,56.93
2016-09-20,57.35,57.35,56.75,56.81
2016-09-21,57.51,57.85,57.08,57.76
2016-09-22,57.92,58,57.63,57.82
2016-09-23,57.87,57.91,57.38,57.43
2016-09-26,57.08,57.14,56.83,56.9
2016-09-27,56.93,58.06,56.681,57.95
2016-09-28,57.88,58.06,57.67,58.03
2016-09-29,57.81,58.1679,57.21,57.4
2016-09-30,57.57,57.77,57.34,57.6
2016-10-03,57.405,57.55,57.06,57.42
2016-10-04,57.27,57.595,56.97,57.24
2016-10-05,57.29,57.9601,57.26,57.64
2016-10-06,57.74,57.86,57.28,57.74
2016-10-07,57.85,57.98,57.42,57.8
2016-10-10,57.91,58.39,57.87,58.04
2016-10-11,57.89,58.02,56.89,57.19
2016-10-12,57.11,57.27,56.4,57.11
2016-10-13,56.7,57.3,56.315,56.92
2016-10-14,57.12,57.74,57.12,57.42
2016-10-17,57.36,57.46,56.87,57.22
2016-10-18,57.53,57.945,57.41,57.66
2016-10-19,57.47,57.84,57.395,57.53
2016-10-20,57.5,57.52,56.66,57.25
2016-10-21,60.28,60.45,59.485,59.66
2016-10-24,59.94,61,59.93,61
2016-10-25,60.85,61.3699,60.8,60.99
2016-10-26,60.81,61.2,60.47,60.63
2016-10-27,60.61,60.83,60.09,60.1
2016-10-28,60.01,60.52,59.58,59.87
2016-10-31,60.16,60.42,59.92,59.92
2016-11-01,59.97,60.02,59.25,59.8
2016-11-02,59.82,59.93,59.3,59.43
2016-11-03,59.53,59.64,59.11,59.21
2016-11-04,58.65,59.28,58.52,58.71
2016-11-07,59.78,60.52,59.78,60.42
2016-11-08,60.55,60.78,60.15,60.47
2016-11-09,60,60.59,59.2,60.17
2016-11-10,60.48,60.49,57.6302,58.7
2016-11-11,58.23,59.116,58.01,59.02
2016-11-14,59.02,59.08,57.28,58.12
2016-11-15,58.33,59.49,58.315,58.87
2016-11-16,58.94,59.66,58.81,59.65
2016-11-17,60.41,60.95,59.965,60.64
2016-11-18,60.78,61.14,60.3,60.35
2016-11-21,60.5,60.97,60.42,60.86
2016-11-22,60.98,61.26,60.805,61.12
2016-11-23,61.01,61.1,60.25,60.4
2016-11-25,60.3,60.53,60.13,60.53
2016-11-28,60.34,61.02,60.21,60.61
2016-11-29,60.65,61.41,60.52,61.09
2016-11-30,60.86,61.18,60.215,60.26
2016-12-01,60.11,60.15,58.935,59.2
2016-12-02,59.08,59.47,58.8,59.25
2016-12-05,59.7,60.585,59.56,60.22
2016-12-06,60.43,60.46,59.8,59.95
2016-12-07,60.01,61.38,59.8,61.37
2016-12-08,61.3,61.58,60.84,61.01
2016-12-09,61.18,61.99,61.125,61.97
2016-12-12,61.82,62.3,61.72,62.17
2016-12-13,62.5,63.42,62.24,62.98
2016-12-14,63,63.45,62.53,62.68
2016-12-15,62.7,63.1535,62.3,62.58
2016-12-16,62.95,62.95,62.115,62.3
2016-12-19,62.56,63.77,62.42,63.62
2016-12-20,63.69,63.8,63.025,63.54
2016-12-21,63.43,63.7,63.12,63.54
2016-12-22,63.84,64.1,63.405,63.55
2016-12-23,63.45,63.54,62.8,63.24
2016-12-27,63.21,64.07,63.21,63.28
2016-12-28,63.4,63.4,62.83,62.99
2016-12-29,62.86,63.2,62.73,62.9
2016-12-30,62.96,62.99,62.03,62.14
2017-01-03,62.79,62.84,62.125,62.58
2017-01-04,62.48,62.75,62.12,62.3
2017-01-05,62.19,62.66,62.03,62.3
2017-01-06,62.3,63.15,62.04,62.84
2017-01-09,62.76,63.08,62.54,62.64
2017-01-10,62.73,63.07,62.28,62.62
2017-01-11,62.61,63.23,62.43,63.19
2017-01-12,63.06,63.4,61.95,62.61
2017-01-13,62.62,62.865,62.35,62.7
2017-01-17,62.68,62.7,62.03,62.53
2017-01-18,62.67,62.7,62.12,62.5
2017-01-19,62.24,62.98,62.195,62.3
2017-01-20,62.67,62.82,62.37,62.74
2017-01-23,62.7,63.1159,62.57,62.96
2017-01-24,63.2,63.735,62.94,63.52
2017-01-25,63.95,64.1,63.45,63.68
2017-01-26,64.12,64.535,63.55,64.27
2017-01-27,65.39,65.91,64.89,65.78
2017-01-30,65.69,65.79,64.8,65.13
2017-01-31,64.86,65.15,64.26,64.65
2017-02-01,64.355,64.62,63.47,63.58
2017-02-02,63.25,63.41,62.75,63.17
2017-02-03,63.5,63.7,63.07,63.68
2017-02-06,63.5,63.65,63.14,63.64
2017-02-07,63.74,63.78,63.23,63.43
2017-02-08,63.57,63.81,63.22,63.34
2017-02-09,63.52,64.435,63.32,64.06
2017-02-10,64.25,64.3,63.975,64
2017-02-13,64.24,64.86,64.13,64.72
2017-02-14,64.41,64.72,64.02,64.57
2017-02-15,64.5,64.57,64.155,64.53
2017-02-16,64.74,65.24,64.44,64.52
2017-02-17,64.47,64.69,64.3,64.62
2017-02-21,64.61,64.95,64.45,64.49
2017-02-22,64.33,64.39,64.05,64.36
2017-02-23,64.42,64.7285,64.195,64.62
2017-02-24,64.53,64.8,64.135,64.62
2017-02-27,64.54,64.54,64.045,64.23
2017-02-28,64.08,64.2,63.76,63.98
2017-03-01,64.13,64.99,64.0218,64.94
2017-03-02,64.69,64.75,63.88,64.01
2017-03-03,63.99,64.28,63.62,64.25
2017-03-06,63.97,64.56,63.81,64.27
2017-03-07,64.19,64.775,64.19,64.4
2017-03-08,64.26,65.085,64.25,64.99
2017-03-09,65.19,65.2,64.48,64.73
2017-03-10,65.11,65.26,64.75,64.93
2017-03-13,65.01,65.195,64.57,64.71
2017-03-14,64.53,64.55,64.15,64.41
2017-03-15,64.55,64.92,64.25,64.75
2017-03-16,64.75,64.76,64.3,64.64
2017-03-17,64.91,65.24,64.68,64.87
2017-03-20,64.91,65.175,64.72,64.93
2017-03-21,65.19,65.5,64.13,64.21
2017-03-22,64.12,65.14,64.12,65.03
2017-03-23,64.94,65.235,64.765,64.87
2017-03-24,65.12,65.45,64.76,64.98
2017-03-27,64.63,65.22,64.35,65.1
2017-03-28,64.96,65.47,64.65,65.29
2017-03-29,65.12,65.5,64.9475,65.47
2017-03-30,65.42,65.98,65.36,65.71
2017-03-31,65.65,66.19,65.45,65.86
2017-04-03,65.81,65.94,65.19,65.55
2017-04-04,65.39,65.81,65.28,65.73
2017-04-05,66.3,66.35,65.4443,65.56
2017-04-06,65.6,66.055,65.48,65.73
2017-04-07,65.85,65.96,65.44,65.68
2017-04-10,65.61,65.82,65.36,65.53
2017-04-11,65.6,65.61,64.85,65.48
2017-04-12,65.42,65.51,65.11,65.23
2017-04-13,65.29,65.86,64.95,64.95
2017-04-17,65.04,65.49,65.01,65.48
2017-04-18,65.33,65.71,65.16,65.39
2017-04-19,65.65,65.75,64.89,65.04
2017-04-20,65.46,65.75,65.14,65.5
2017-04-21,65.67,66.7,65.45,66.4
2017-04-24,67.48,67.66,67.1,67.53
2017-04-25,67.9,68.04,67.6,67.92
2017-04-26,68.08,68.31,67.62,67.83
2017-04-27,68.15,68.38,67.58,68.27
2017-04-28,68.91,69.14,67.69,68.46
2017-05-01,68.68,69.55,68.5,69.41
2017-05-02,69.71,69.71,69.13,69.3
2017-05-03,69.38,69.38,68.71,69.08
2017-05-04,69.03,69.08,68.64,68.81
2017-05-05,68.9,69.03,68.485,69
2017-05-08,68.97,69.05,68.42,68.94
2017-05-09,68.86,69.28,68.68,69.04
2017-05-10,68.99,69.56,68.92,69.31
2017-05-11,68.36,68.73,68.12,68.46
2017-05-12,68.61,68.61,68.04,68.38
2017-05-15,68.14,68.48,67.57,68.43
2017-05-16,68.23,69.44,68.16,69.41
2017-05-17,68.89,69.1,67.43,67.48
2017-05-18,67.4,68.13,67.14,67.71
2017-05-19,67.5,68.095,67.43,67.69
2017-05-22,67.89,68.5,67.5,68.45
2017-05-23,68.72,68.75,68.38,68.68
2017-05-24,68.87,68.88,68.45,68.77
2017-05-25,68.97,69.88,68.91,69.62
2017-05-26,69.8,70.22,69.52,69.96
2017-05-30,69.79,70.41,69.77,70.41
2017-05-31,70.53,70.74,69.81,69.84
2017-06-01,70.24,70.61,69.451,70.1
2017-06-02,70.44,71.86,70.24,71.76
2017-06-05,71.97,72.89,71.81,72.28
2017-06-06,72.3,72.62,72.27,72.52
2017-06-07,72.635,72.77,71.95,72.39
2017-06-08,72.51,72.52,71.5,71.95
2017-06-09,72.035,72.08,68.59,70.32
2017-06-12,69.25,69.94,68.13,69.78
2017-06-13,70.02,70.82,69.96,70.65
2017-06-14,70.91,71.1,69.43,70.27
2017-06-15,69.27,70.21,68.8,69.9
2017-06-16,69.73,70.0252,69.22,70
2017-06-19,70.5,70.945,70.35,70.87
2017-06-20,70.82,70.87,69.87,69.91
2017-06-21,70.21,70.62,69.94,70.27
2017-06-22,70.54,70.59,69.71,70.26
2017-06-23,70.09,71.25,69.92,71.21
2017-06-26,71.4,71.71,70.445,70.53
2017-06-27,70.11,70.18,69.18,69.21
2017-06-28,69.21,69.841,68.79,69.8
2017-06-29,69.38,69.49,68.09,68.49
2017-06-30,68.78,69.38,68.74,68.93
2017-07-03,69.33,69.6,68.02,68.17
2017-07-05,68.255,69.44,68.22,69.08
2017-07-06,68.27,68.78,68.12,68.57
2017-07-07,68.7,69.84,68.7,69.46
2017-07-10,69.46,70.25,69.2,69.98
2017-07-11,70,70.68,69.75,69.99
2017-07-12,70.69,71.28,70.55,71.15
2017-07-13,71.5,72.0399,71.31,71.77
2017-07-14,72.24,73.27,71.96,72.78
2017-07-17,72.8,73.45,72.72,73.35
2017-07-18,73.09,73.39,72.66,73.3
2017-07-19,73.5,74.04,73.45,73.86
2017-07-20,74.18,74.3,73.28,74.22
2017-07-21,73.45,74.29,73.17,73.79
2017-07-24,73.53,73.75,73.13,73.6
2017-07-25,73.8,74.31,73.5,74.19
2017-07-26,74.34,74.38,73.81,74.05
2017-07-27,73.76,74.42,72.32,73.16
2017-07-28,72.67,73.31,72.54,73.04
2017-07-31,73.3,73.44,72.41,72.7
2017-08-01,73.1,73.42,72.49,72.58
2017-08-02,72.55,72.56,71.445,72.26
2017-08-03,72.19,72.44,71.845,72.15
2017-08-04,72.4,73.04,72.24,72.68
2017-08-07,72.8,72.9,72.26,72.4
2017-08-08,72.09,73.13,71.75,72.79
2017-08-09,72.25,72.51,72.05,72.47
2017-08-10,71.9,72.19,71.35,71.41
2017-08-11,71.61,72.7,71.28,72.5
2017-08-14,73.06,73.72,72.95,73.59
2017-08-15,73.59,73.59,73.04,73.22
2017-08-16,73.34,74.1,73.17,73.65
2017-08-17,73.58,73.87,72.4,72.4
2017-08-18,72.27,72.84,71.93,72.49
2017-08-21,72.47,72.48,71.7,72.15
2017-08-22,72.35,73.24,72.35,73.16
2017-08-23,72.96,73.15,72.53,72.72
2017-08-24,72.74,72.86,72.07,72.69
2017-08-25,72.86,73.35,72.48,72.82
2017-08-28,73.06,73.09,72.55,72.83
2017-08-29,72.25,73.16,72.05,73.05
2017-08-30,73.01,74.2099,72.8293,74.01
2017-08-31,74.03,74.96,73.8,74.77
2017-09-01,74.71,74.74,73.64,73.94
2017-09-05,73.34,73.89,72.98,73.61
2017-09-06,73.74,74.04,73.35,73.4
2017-09-07,73.68,74.6,73.6,74.34
2017-09-08,74.33,74.44,73.84,73.98
2017-09-11,74.31,74.945,74.31,74.76
2017-09-12,74.76,75.24,74.37,74.68
2017-09-13,74.93,75.23,74.55,75.21
2017-09-14,75,75.49,74.52,74.77
2017-09-15,74.83,75.39,74.07,75.31
2017-09-18,75.23,75.97,75.04,75.16
2017-09-19,75.21,75.71,75.01,75.44
2017-09-20,75.35,75.55,74.31,74.94
2017-09-21,75.11,75.24,74.11,74.21
2017-09-22,73.99,74.51,73.85,74.41
2017-09-25,74.09,74.25,72.92,73.26
2017-09-26,73.67,73.81,72.99,73.26
2017-09-27,73.55,74.17,73.17,73.85
2017-09-28,73.54,73.97,73.31,73.87
2017-09-29,73.94,74.535,73.88,74.49
2017-10-02,74.71,75.01,74.295,74.61
2017-10-03,74.67,74.88,74.195,74.26
2017-10-04,74,74.72,73.71,74.69
2017-10-05,75.22,76.12,74.96,75.97
2017-10-06,75.67,76.03,75.54,76
2017-10-09,75.97,76.55,75.86,76.29
2017-10-10,76.33,76.63,76.14,76.29
2017-10-11,76.36,76.46,75.95,76.42
2017-10-12,76.49,77.29,76.37,77.12
2017-10-13,77.59,77.87,77.29,77.49
2017-10-16,77.42,77.81,77.35,77.65
2017-10-17,77.47,77.62,77.25,77.59
2017-10-18,77.67,77.85,77.37,77.61
2017-10-19,77.57,77.93,77.35,77.91
2017-10-20,78.32,78.97,78.22,78.81
2017-10-23,78.99,79.34,78.76,78.83
2017-10-24,78.9,79.2,78.46,78.86
2017-10-25,78.58,79.1,78.01,78.63
2017-10-26,79.2,79.42,78.75,78.76
2017-10-27,84.37,86.2,83.61,83.81
2017-10-30,83.7,84.325,83.105,83.89
2017-10-31,84.36,84.36,83.11,83.18
2017-11-01,83.68,83.76,82.88,83.18
2017-11-02,83.35,84.46,83.12,84.05
2017-11-03,84.08,84.54,83.4,84.14
2017-11-06,84.2,84.7,84.0825,84.47
2017-11-07,84.77,84.9,83.93,84.27
2017-11-08,84.14,84.61,83.83,84.56
2017-11-09,84.11,84.27,82.9,84.09
2017-11-10,83.79,84.095,83.23,83.87
2017-11-13,83.66,83.94,83.46,83.93
2017-11-14,83.5,84.1,82.98,84.05
2017-11-15,83.47,83.69,82.69,82.98
2017-11-16,83.1,83.42,82.94,83.2
2017-11-17,83.12,83.12,82.24,82.4
2017-11-20,82.4,82.59,82.25,82.53
2017-11-21,82.74,83.84,82.74,83.72
2017-11-22,83.83,83.9,83.04,83.11
2017-11-24,83.01,83.43,82.78,83.26
2017-11-27,83.31,83.98,83.3,83.87
2017-11-28,84.07,85.06,84.02,84.88
2017-11-29,84.71,84.9172,83.175,83.34
2017-11-30,83.51,84.52,83.34,84.17
2017-12-01,83.6,84.81,83.22,84.26
2017-12-04,84.42,84.4299,80.7,81.08
2017-12-05,81.34,82.68,80.9801,81.59
2017-12-06,81.55,83.14,81.43,82.78
2017-12-07,82.54,82.8,82,82.49
2017-12-08,83.63,84.58,83.33,84.16
2017-12-11,84.29,85.37,84.12,85.23
2017-12-12,85.31,86.05,85.08,85.58
2017-12-13,85.74,86,85.17,85.35
2017-12-14,85.43,85.8739,84.53,84.69
2017-12-15,85.26,87.09,84.88,86.85
2017-12-18,87.12,87.4999,86.23,86.38
2017-12-19,86.35,86.35,85.27,85.83
2017-12-20,86.2,86.3,84.71,85.52
2017-12-21,86.05,86.1,85.4,85.5
2017-12-22,85.4,85.63,84.92,85.51
2017-12-26,85.31,85.5346,85.03,85.4
2017-12-27,85.65,85.98,85.215,85.71
2017-12-28,85.9,85.93,85.55,85.72
2017-12-29,85.63,86.05,85.5,85.54
2018-01-02,86.125,86.31,85.5,85.95
2018-01-03,86.055,86.51,85.97,86.35
2018-01-04,86.59,87.66,86.57,87.11
2018-01-05,87.66,88.41,87.43,88.19
2018-01-08,88.2,88.58,87.6046,88.28
2018-01-09,88.65,88.7272,87.86,88.22
2018-01-10,87.86,88.19,87.41,87.82
2018-01-11,88.13,88.13,87.24,88.08
2018-01-12,88.67,89.78,88.45,89.6
2018-01-16,90.1,90.79,88.0104,88.35
2018-01-17,89.08,90.28,88.75,90.14
2018-01-18,89.8,90.67,89.66,90.1
2018-01-19,90.14,90.61,89.66,90
2018-01-22,90,91.62,89.74,91.61
2018-01-23,91.9,92.3,91.54,91.9
2018-01-24,92.55,93.43,91.58,91.82
2018-01-25,92.465,93.24,91.93,92.33
2018-01-26,93.12,94.06,92.58,94.06
2018-01-29,95.14,95.45,93.72,93.92
2018-01-30,93.3,93.66,92.1,92.74
2018-01-31,93.75,95.4,93.51,95.01
2018-02-01,94.79,96.07,93.5813,94.26
2018-02-02,93.64,93.97,91.5,91.78
2018-02-05,90.56,93.24,88,88
2018-02-06,86.89,91.475,85.25,91.33
2018-02-07,90.49,91.77,89.2,89.61
2018-02-08,89.71,89.875,84.76,85.01
2018-02-09,86.3,88.93,83.83,88.18
2018-02-12,88.735,89.78,87.9295,89.13
2018-02-13,88.93,90,87.8,89.83
2018-02-14,88.51,90.99,88.41,90.81
2018-02-15,91.21,92.72,90.62,92.66
2018-02-16,92.45,93.5,91.8,92
2018-02-20,91.475,93.06,91.01,92.72
2018-02-21,92.98,93.3595,91.49,91.49
2018-02-22,92.05,92.73,91.36,91.73
2018-02-23,92.75,94.07,92.36,94.06
2018-02-26,94.4,95.45,94.25,95.42
2018-02-27,95.74,95.84,94.2,94.2
2018-02-28,94.84,95.705,93.63,93.77
2018-03-01,93.99,94.57,91.84,92.85
2018-03-02,91.58,93.15,90.86,93.05
2018-03-05,92.34,94.27,92.26,93.64
2018-03-06,94.34,94.49,92.941,93.32
2018-03-07,93.16,93.9406,92.43,93.86
2018-03-08,94.27,95.1,93.765,94.43
2018-03-09,95.29,96.54,95,96.54
2018-03-12,96.5,97.21,96.04,96.77
2018-03-13,97,97.24,93.97,94.41
2018-03-14,95.12,95.41,93.5,93.85
2018-03-15,93.53,94.58,92.83,94.18
2018-03-16,94.68,95.38,93.92,94.6
2018-03-19,93.74,93.9,92.11,92.89
2018-03-20,93.05,93.77,93,93.13
2018-03-21,92.93,94.05,92.21,92.48
2018-03-22,91.265,91.75,89.66,89.79
2018-03-23,89.5,90.46,87.08,87.18
2018-03-26,90.61,94,90.4,93.78
2018-03-27,94.94,95.139,88.51,89.47
2018-03-28,89.82,91.23,88.873,89.39
2018-03-29,90.18,92.29,88.4,91.27
2018-04-02,90.47,90.88,87.51,88.52
2018-04-03,89.575,90.05,87.89,89.71
2018-04-04,87.85,92.76,87.73,92.33
2018-04-05,92.435,93.065,91.4,92.38
2018-04-06,91.49,92.46,89.48,90.23
2018-04-09,91.04,93.17,90.62,90.77
2018-04-10,92.39,93.28,91.64,92.88
2018-04-11,92.01,93.29,91.48,91.86
2018-04-12,92.43,94.16,92.43,93.58
2018-04-13,94.05,94.18,92.44,93.08
2018-04-16,94.07,94.66,93.42,94.17
2018-04-17,95,96.54,94.88,96.07
2018-04-18,96.22,96.72,95.52,96.44
2018-04-19,96.44,97.07,95.34,96.11
2018-04-20,95.91,96.11,94.05,95
2018-04-23,95.7436,96.29,94.63,95.35
2018-04-24,96.242,96.47,92.41,93.12
2018-04-25,93.3,93.3,90.28,92.31
2018-04-26,93.55,95.15,93.1,94.26
2018-04-27,97.6,97.9,93.91,95.82
2018-04-30,96.33,96.3964,93.15,93.52
2018-05-01,93.21,95.29,92.79,95
2018-05-02,94.99,95.17,93.19,93.51
2018-05-03,92.96,94.925,92.45,94.07
2018-05-04,93.32,95.37,92.92,95.16
2018-05-07,95.17,96.71,95.1,96.22
2018-05-08,95.8456,96.16,95.0631,95.81
2018-05-09,96.01,96.97,95.05,96.94
2018-05-10,97.46,97.95,97.05,97.91
2018-05-11,97.8,97.87,97.04,97.7
2018-05-14,97.92,98.69,97.31,98.03
2018-05-15,97.24,97.85,96.34,97.32
2018-05-16,97.36,97.4,96.615,97.15
2018-05-17,96.76,97.5401,95.83,96.18
2018-05-18,96.01,96.93,96.01,96.36
2018-05-21,97,98.01,96.8,97.6
2018-05-22,97.68,98.17,97.2,97.5
2018-05-23,96.71,98.73,96.32,98.66
2018-05-24,98.725,98.94,96.81,98.31
2018-05-25,98.3,98.98,97.86,98.36
2018-05-29,97.84,98.88,97.23,98.01
2018-05-30,98.31,99.25,97.91,98.95
2018-05-31,99.29,99.99,98.61,98.84
2018-06-01,99.2798,100.86,99.17,100.79
2018-06-04,101.26,101.86,100.851,101.67
2018-06-05,102,102.33,101.53,102.19
2018-06-06,102.48,102.6,101.9,102.49
2018-06-07,102.65,102.69,100.38,100.88
2018-06-08,101.0924,101.95,100.54,101.63
2018-06-11,101.37,101.59,100.67,101.05
2018-06-12,101.1,101.4493,100.75,101.31
2018-06-13,101.72,102.01,100.56,100.85
2018-06-14,101.65,102.03,101,101.42
2018-06-15,101.51,101.53,100.07,100.13
2018-06-18,100.01,101.11,99.42,100.86
2018-06-19,99.65,101,99.5,100.86
2018-06-20,101.37,102.52,101.12,101.87
2018-06-21,102.075,102.46,100.88,101.14
2018-06-22,100.41,100.77,99.625,100.41
2018-06-25,100,100.11,97.3,98.39
2018-06-26,98.82,100.08,98.75,99.08
2018-06-27,99.58,100.02,97.4,97.54
2018-06-28,97.38,99.11,97.26,98.63
2018-06-29,98.93,99.91,98.33,98.61
2018-07-02,98.1,100.06,98,100.01
2018-07-03,100.48,100.63,98.94,99.05
2018-07-05,99.5,99.92,99.0299,99.76
2018-07-06,99.885,101.43,99.67,101.16
2018-07-09,101.6452,102.25,101.251,101.85
2018-07-10,102,102.51,101.86,102.12
2018-07-11,101.15,102.34,101.1,101.98
2018-07-12,102.77,104.41,102.73,104.19
2018-07-13,104.37,105.6,104.09,105.43
2018-07-16,105.4,105.82,104.515,104.91
2018-07-17,104.61,106.5,104.32,105.95
2018-07-18,105.94,106.05,104.715,105.12
2018-07-19,104.93,105.31,103.89,104.4
2018-07-20,108.08,108.2,106.08,106.27
2018-07-23,106.3,108.14,106.13,107.97
2018-07-24,108.57,108.82,107.26,107.66
2018-07-25,107.955,111.15,107.6,110.83
2018-07-26,110.74,111,109.5,109.62
2018-07-27,110.18,110.18,106.14,107.68
2018-07-30,107.19,107.53,104.76,105.37
2018-07-31,106.49,106.72,105.38,106.08
2018-08-01,106.03,106.446,105.42,106.28
2018-08-02,105.4,108.09,104.84,107.57
2018-08-03,107.8,108.05,106.82,108.04
2018-08-06,108.12,108.42,107.559,108.13
2018-08-07,108.56,109.1,108.17,108.88
2018-08-08,109.33,109.75,108.7599,109.49
2018-08-09,109.71,110.16,109.6,109.67
2018-08-10,109.42,109.69,108.38,109
2018-08-13,109.24,109.58,108.1,108.21
2018-08-14,108.56,109.75,108.04,109.56
2018-08-15,108.49,108.985,106.82,107.66
2018-08-16,108.3,108.86,107.3,107.64
2018-08-17,107.36,107.9,106.69,107.58
2018-08-20,107.51,107.9,106.48,106.87
2018-08-21,106.92,107.35,105.85,105.98
2018-08-22,105.85,107.34,105.78,107.06
2018-08-23,107.15,108.18,106.87,107.56
2018-08-24,107.67,108.56,107.56,108.4
2018-08-27,109.27,109.64,108.51,109.6
2018-08-28,109.94,110.5,109.79,110.26
2018-08-29,110.45,112.03,110.27,112.02
2018-08-30,111.67,112.61,111.44,111.95
2018-08-31,111.685,112.777,111.515,112.33
2018-09-04,110.85,111.955,110.22,111.71
2018-09-05,111.01,111.42,108.1,108.49
2018-09-06,108.25,108.99,107.51,108.74
2018-09-07,108.23,108.7248,107.23,108.21
2018-09-10,108.84,109.64,108.36,109.38
2018-09-11,108.9,111.59,108.89,111.24
2018-09-12,111.43,111.85,110.51,111.71
2018-09-13,112.12,113.725,112.12,112.91
2018-09-14,113.36,113.73,112.44,113.37
2018-09-17,113.69,113.7,111.86,112.14
2018-09-18,112.19,113.695,111.72,113.21
2018-09-19,113.05,113.32,111.035,111.7
2018-09-20,112.28,113.8,111.93,113.57
2018-09-21,114,115.29,113.51,114.26
2018-09-24,113.03,114.9,112.2175,114.67
2018-09-25,114.8,115.1,113.75,114.45
2018-09-26,114.47,115.055,113.74,113.98
2018-09-27,114.78,114.91,114.2,114.41
2018-09-28,114.19,114.57,113.68,114.37
2018-10-01,114.75,115.68,114.73,115.61
2018-10-02,115.3,115.84,114.44,115.15
2018-10-03,115.42,116.18,114.93,115.17
2018-10-04,114.61,114.7588,111.63,112.79
2018-10-05,112.63,113.17,110.64,112.13
2018-10-08,111.66,112.03,109.34,110.85
2018-10-09,111.14,113.08,110.8,112.26
2018-10-10,111.24,111.5,105.79,106.16
2018-10-11,105.35,108.93,104.2,105.91
2018-10-12,109.01,111.24,107.12,109.57
2018-10-15,108.91,109.48,106.9468,107.6
2018-10-16,109.54,111.41,108.95,111
2018-10-17,111.68,111.81,109.5482,110.71
2018-10-18,110.1,110.53,107.83,108.5
2018-10-19,108.93,110.86,108.21,108.66
2018-10-22,109.32,110.54,108.24,109.63
2018-10-23,107.77,108.97,105.11,108.1
2018-10-24,108.41,108.49,101.5901,102.32
2018-10-25,106.55,109.27,106.15,108.3
2018-10-26,105.69,108.75,104.76,106.96
2018-10-29,108.105,108.7,101.63,103.85
2018-10-30,103.66,104.38,100.11,103.73
2018-10-31,105.435,108.14,105.39,106.81
2018-11-01,107.05,107.32,105.53,105.92
2018-11-02,106.48,107.32,104.975,106.16
2018-11-05,106.37,107.74,105.9,107.51
2018-11-06,107.38,108.84,106.28,107.72
2018-11-07,109.44,112.24,109.4,111.96
2018-11-08,111.8,112.21,110.91,111.75
2018-11-09,110.85,111.45,108.76,109.57
2018-11-12,109.42,109.96,106.1,106.87
2018-11-13,107.55,108.74,106.64,106.94
2018-11-14,108.1,108.26,104.47,104.97
2018-11-15,104.99,107.8,103.91,107.28
2018-11-16,107.08,108.88,106.8,108.29
2018-11-19,108.27,108.56,103.55,104.62
2018-11-20,101.8,102.97,99.3528,101.71
2018-11-21,103.6,104.43,102.24,103.11
2018-11-23,102.17,103.8099,102,103.07
2018-11-26,104.79,106.63,104.58,106.47
2018-11-27,106.27,107.33,105.36,107.14
2018-11-28,107.89,111.33,107.86,111.12
2018-11-29,110.33,111.115,109.03,110.19
2018-11-30,110.7,110.97,109.36,110.89
2018-12-03,113,113.42,110.73,112.09
2018-12-04,111.94,112.6373,108.2115,108.52
2018-12-06,105.82,109.24,105,109.19
2018-12-07,108.38,109.45,104.3,104.82
2018-12-10,104.8,107.98,103.89,107.59
2018-12-11,109.8,110.95,107.44,108.59
2018-12-12,110.89,111.27,109.04,109.08
2018-12-13,109.58,110.87,108.63,109.45
2018-12-14,108.25,109.26,105.5,106.03
2018-12-17,105.41,105.8,101.71,102.89
2018-12-18,103.75,104.51,102.52,103.97
2018-12-19,103.65,106.88,101.35,103.69
2018-12-20,103.05,104.31,98.78,101.51
2018-12-21,101.63,103,97.46,98.23
2018-12-24,97.68,97.97,93.98,94.13
2018-12-26,95.14,100.69,93.96,100.56
2018-12-27,99.3,101.19,96.4,101.18
2018-12-28,102.09,102.41,99.52,100.39
2018-12-31,101.29,102.4,100.44,101.57
2019-01-02,99.55,101.75,98.94,101.12
2019-01-03,100.1,100.185,97.2,97.4
2019-01-04,99.72,102.51,98.93,101.93
2019-01-07,101.64,103.2681,100.98,102.06
2019-01-08,103.04,103.97,101.7134,102.8
2019-01-09,103.86,104.88,103.2445,104.27
2019-01-10,103.22,103.75,102.38,103.6
2019-01-11,103.19,103.44,101.64,102.8
2019-01-14,101.9,102.8716,101.26,102.05
2019-01-15,102.51,105.05,101.88,105.01
2019-01-16,105.26,106.255,104.96,105.38
2019-01-17,105,106.625,104.76,106.12
2019-01-18,107.46,107.9,105.91,107.71
2019-01-22,106.75,107.1,104.86,105.68
2019-01-23,106.12,107.04,105.34,106.71
2019-01-24,106.86,107,105.34,106.2
2019-01-25,107.24,107.88,106.59,107.17
2019-01-28,106.26,106.48,104.66,105.08
2019-01-29,104.88,104.97,102.17,102.94
2019-01-30,104.62,106.38,104.33,106.38
2019-01-31,103.8,105.22,103.18,104.43
2019-02-01,103.775,104.0999,102.35,102.78
2019-02-04,102.87,105.8,102.77,105.74
2019-02-05,106.06,107.27,105.96,107.22
2019-02-06,107,107,105.53,106.03
2019-02-07,105.185,105.59,104.29,105.27
2019-02-08,104.39,105.78,104.2603,105.67
2019-02-11,106.2,106.58,104.965,105.25
2019-02-12,106.14,107.14,105.48,106.89
2019-02-13,107.5,107.78,106.71,106.81
2019-02-14,106.31,107.29,105.66,106.9
2019-02-15,107.91,108.3,107.3624,108.22
2019-02-19,107.79,108.66,107.78,108.17
2019-02-20,107.86,107.94,106.29,107.15
2019-02-21,106.9,109.48,106.87,109.41
2019-02-22,110.05,111.2,109.82,110.97
2019-02-25,111.76,112.18,111.26,111.59
2019-02-26,111.26,113.24,111.17,112.36
2019-02-27,111.69,112.36,110.88,112.17
2019-02-28,112.04,112.88,111.73,112.03
2019-03-01,112.89,113.02,111.665,112.53
2019-03-04,113.02,113.25,110.8,112.26
2019-03-05,112.25,112.39,111.23,111.7
2019-03-06,111.87,112.66,111.43,111.75
2019-03-07,111.4,111.55,109.865,110.39
2019-03-08,109.16,110.71,108.8,110.51
2019-03-11,110.99,112.95,110.98,112.83
2019-03-12,112.82,113.99,112.6499,113.62
2019-03-13,114.13,115,113.78,114.5
2019-03-14,114.54,115.2,114.33,114.59
2019-03-15,115.34,117.25,114.59,115.91
2019-03-18,116.17,117.61,116.05,117.57
2019-03-19,118.09,118.44,116.99,117.65
2019-03-20,117.39,118.75,116.71,117.52
2019-03-21,117.135,120.82,117.09,120.22
2019-03-22,119.5,119.59,117.04,117.05
2019-03-25,116.56,118.01,116.3224,117.66
2019-03-26,118.62,118.705,116.85,117.91
2019-03-27,117.875,118.21,115.5215,116.77
2019-03-28,117.44,117.58,116.13,116.93
2019-03-29,118.07,118.32,116.96,117.94
2019-04-01,118.95,119.1085,118.1,119.02
2019-04-02,119.06,119.48,118.52,119.19
2019-04-03,119.86,120.43,119.15,119.97
2019-04-04,120.1,120.23,118.38,119.36
2019-04-05,119.39,120.23,119.37,119.89
2019-04-08,119.81,120.02,118.64,119.93
2019-04-09,118.63,119.54,118.58,119.28
2019-04-10,119.76,120.35,119.54,120.19
2019-04-11,120.54,120.85,119.92,120.33
2019-04-12,120.64,120.98,120.37,120.95
2019-04-15,120.94,121.58,120.57,121.05
2019-04-16,121.64,121.65,120.1,120.77
2019-04-17,121.24,121.85,120.54,121.77
2019-04-18,122.19,123.52,121.3018,123.37
2019-04-22,122.62,124,122.57,123.76
2019-04-23,124.1,125.58,123.83,125.44
2019-04-24,125.79,125.85,124.52,125.01
2019-04-25,130.06,131.37,128.83,129.15
2019-04-26,129.7,130.5152,129.02,129.89
2019-04-29,129.9,130.18,129.35,129.77
2019-04-30,129.81,130.7,129.3947,130.6
2019-05-01,130.53,130.65,127.7,127.88
2019-05-02,127.98,128,125.52,126.21
2019-05-03,127.36,129.43,127.25,128.9
2019-05-06,126.39,128.56,126.11,128.15
2019-05-07,126.46,127.18,124.22,125.52
2019-05-08,125.44,126.37,124.75,125.51
2019-05-09,124.29,125.79,123.57,125.5
2019-05-10,124.91,127.93,123.82,127.13
2019-05-13,124.11,125.55,123.04,123.35
2019-05-14,123.87,125.88,123.7,124.73
2019-05-15,124.26,126.71,123.7,126.02
2019-05-16,126.75,129.38,126.46,128.93
2019-05-17,128.305,130.46,127.92,128.07
2019-05-20,126.52,127.5894,125.7607,126.22
2019-05-21,127.43,127.5273,126.58,126.9
2019-05-22,126.62,128.24,126.52,127.67
2019-05-23,126.2,126.29,124.74,126.18
2019-05-24,126.91,127.415,125.97,126.24
2019-05-28,126.98,128,126.05,126.16
2019-05-29,125.38,125.39,124.04,124.94
2019-05-30,125.26,125.76,124.78,125.73
2019-05-31,124.23,124.615,123.32,123.68
2019-06-03,123.85,124.37,119.01,119.84
2019-06-04,121.28,123.28,120.6522,123.16
2019-06-05,124.95,125.87,124.21,125.83
2019-06-06,126.44,127.97,125.6,127.82
2019-06-07,129.19,132.25,128.26,131.4
2019-06-10,132.4,134.08,132,132.6
2019-06-11,133.88,134.24,131.2757,132.1
2019-06-12,131.4,131.97,130.71,131.49
2019-06-13,131.98,132.67,131.56,132.32
2019-06-14,132.26,133.79,131.64,132.45
2019-06-17,132.63,133.73,132.53,132.85
2019-06-18,134.19,135.24,133.57,135.16
2019-06-19,135,135.93,133.81,135.69
2019-06-20,137.45,137.66,135.72,136.95
2019-06-21,136.58,137.73,136.46,136.97
2019-06-24,137,138.4,137,137.78
2019-06-25,137.25,137.59,132.73,133.43
2019-06-26,134.35,135.74,133.6,133.93
2019-06-27,134.14,134.71,133.51,134.15
2019-06-28,134.57,134.6,133.1558,133.96
2019-07-01,136.63,136.7,134.97,135.68
2019-07-02,136.12,136.59,135.34,136.58
2019-07-03,136.8,137.74,136.295,137.46
2019-07-05,135.94,137.33,135.72,137.06
2019-07-08,136.4,137.1,135.3701,136.96
2019-07-09,136,136.97,135.8,136.46
2019-07-10,137.13,138.58,137.02,137.85
2019-07-11,138.2,139.22,137.87,138.4
2019-07-12,138.85,139.13,138.0099,138.9
2019-07-15,139.44,139.54,138.46,138.9
2019-07-16,138.96,139.05,136.52,137.08
2019-07-17,137.7,137.93,136.22,136.27
2019-07-18,135.55,136.62,134.67,136.42
2019-07-19,140.22,140.67,136.45,136.62
2019-07-22,137.41,139.19,137.33,138.43
2019-07-23,139.76,139.99,138.03,139.29
2019-07-24,138.9,140.74,138.85,140.72
2019-07-25,140.43,140.61,139.3215,140.19
2019-07-26,140.37,141.675,140.3,141.34
2019-07-29,141.5,141.51,139.3663,141.03
2019-07-30,140.14,141.2199,139.8005,140.35
2019-07-31,140.33,140.49,135.08,136.27
2019-08-01,137,140.9383,136.93,138.06
2019-08-02,138.09,138.32,135.26,136.9
2019-08-05,133.3,133.9298,130.78,132.21
2019-08-06,133.8,135.68,133.21,134.69
2019-08-07,133.79,135.65,131.8284,135.28
2019-08-08,136.6,138.99,135.93,138.89
2019-08-09,138.61,139.38,136.46,137.71
2019-08-12,137.07,137.86,135.24,135.79
2019-08-13,136.05,138.8,135,138.6
2019-08-14,136.36,136.92,133.67,133.98
2019-08-15,134.39,134.58,132.25,133.68
2019-08-16,134.88,136.46,134.72,136.13
2019-08-19,137.855,138.55,136.885,138.41
2019-08-20,138.21,138.71,137.24,137.26
2019-08-21,138.55,139.4935,138,138.79
2019-08-22,138.66,139.2,136.29,137.78
2019-08-23,137.1897,138.35,132.8,133.39
2019-08-26,134.99,135.56,133.9,135.45
2019-08-27,136.39,136.72,134.66,135.74
2019-08-28,134.88,135.76,133.55,135.56
2019-08-29,137.25,138.44,136.91,138.12
2019-08-30,139.15,139.18,136.27,137.86
2019-09-03,136.61,137.2,135.7,136.04
2019-09-04,137.3,137.69,136.48,137.63
2019-09-05,139.11,140.3837,138.76,140.05
2019-09-06,140.03,140.18,138.2,139.1
2019-09-09,139.59,139.75,136.46,137.52
2019-09-10,136.8,136.8862,134.51,136.08
2019-09-11,135.91,136.27,135.09,136.12
2019-09-12,137.85,138.42,136.87,137.52
2019-09-13,137.78,138.06,136.57,137.32
2019-09-16,135.83,136.7,135.66,136.33
2019-09-17,136.96,137.52,136.425,137.39
2019-09-18,137.36,138.67,136.5299,138.52
2019-09-19,140.3,142.37,140.0736,141.07
2019-09-20,141.01,141.65,138.25,139.44
2019-09-23,139.23,139.63,138.44,139.14
2019-09-24,140.36,140.69,136.88,137.38
2019-09-25,137.5,139.958,136.03,139.36
2019-09-26,139.44,140.18,138.44,139.54
2019-09-27,140.15,140.36,136.645,137.73
2019-09-30,138.05,139.215,137.78,139.03
2019-10-01,139.66,140.25,137,137.07
2019-10-02,136.25,136.37,133.5799,134.65
2019-10-03,134.95,136.75,133.22,136.28
2019-10-04,136.75,138.25,136.42,138.12
2019-10-07,137.14,138.18,137.02,137.12
2019-10-08,137.08,137.76,135.62,135.67
2019-10-09,137.46,138.7,136.97,138.24
2019-10-10,138.49,139.6699,138.25,139.1
2019-10-11,140.12,141.03,139.5,139.68
2019-10-14,139.69,140.29,139.52,139.55
2019-10-15,140.06,141.79,139.81,141.575
2019-10-16,140.79,140.99,139.53,140.41
2019-10-17,140.95,141.42,139.02,139.69
2019-10-18,139.76,140,136.56,137.41
2019-10-21,138.45,138.5,137.01,138.43
2019-10-22,138.97,140.01,136.26,136.37
2019-10-23,136.88,137.45,135.61,137.24
2019-10-24,139.39,140.42,138.67,139.94
2019-10-25,139.34,141.14,139.2,140.73
2019-10-28,144.4,145.67,143.51,144.19
2019-10-29,144.08,144.5,142.65,142.83
2019-10-30,143.52,145,142.79,144.61
2019-10-31,144.9,144.93,142.99,143.37
2019-11-01,144.26,144.42,142.965,143.72
2019-11-04,144.83,145,144.16,144.55
2019-11-05,144.97,145.02,143.905,144.46
2019-11-06,144.37,144.52,143.2,144.06
2019-11-07,143.84,144.88,143.77,144.26
2019-11-08,143.98,145.99,143.76,145.96
2019-11-11,145.34,146.42,144.73,146.11
2019-11-12,146.28,147.57,146.06,147.07
2019-11-13,146.74,147.4625,146.28,147.31
2019-11-14,147.02,148.41,147,148.06
2019-11-15,148.93,149.99,148.27,149.97
2019-11-18,150.07,150.55,148.98,150.34
2019-11-19,150.88,151.33,150.195,150.39
2019-11-20,150.31,150.84,148.46,149.62
2019-11-21,149.4,149.8,148.501,149.48
2019-11-22,150.07,150.3,148.82,149.59
2019-11-25,150,151.35,149.92,151.23
2019-11-26,151.36,152.42,151.32,152.03
2019-11-27,152.33,152.5,151.52,152.32
2019-11-29,152.1,152.3,151.28,151.38
2019-12-02,151.81,151.83,148.32,149.55
2019-12-03,147.49,149.43,146.65,149.31
2019-12-04,150.14,150.1799,149.2,149.85
2019-12-05,150.05,150.32,149.48,149.93
2019-12-06,150.99,151.87,150.27,151.75
2019-12-09,151.07,152.21,150.91,151.36
2019-12-10,151.29,151.89,150.765,151.13
2019-12-11,151.54,151.87,150.33,151.7
2019-12-12,151.65,153.44,151.02,153.24
2019-12-13,153.0035,154.89,152.83,154.53
2019-12-16,155.11,155.9,154.82,155.53
2019-12-17,155.45,155.71,154.45,154.69
2019-12-18,154.3,155.48,154.18,154.37
2019-12-19,154,155.77,153.75,155.71
2019-12-20,157.35,158.49,156.29,157.41
2019-12-23,158.12,158.12,157.27,157.41
2019-12-24,157.48,157.71,157.115,157.38
2019-12-26,157.56,158.73,157.4,158.67
2019-12-27,159.45,159.55,158.22,158.96
2019-12-30,158.9865,159.02,156.73,157.59
2019-12-31,156.77,157.77,156.45,157.7
2020-01-02,158.78,160.73,158.33,160.62
2020-01-03,158.32,159.945,158.06,158.62
2020-01-06,157.08,159.1,156.51,159.03
2020-01-07,159.32,159.67,157.32,157.58
2020-01-08,158.93,160.8,157.9491,160.09
2020-01-09,161.835,162.215,161.03,162.09
2020-01-10,162.8235,163.22,161.18,161.34
2020-01-13,161.76,163.31,161.26,163.28
2020-01-14,163.39,163.6,161.72,162.13
2020-01-15,162.62,163.94,162.57,163.18
2020-01-16,164.35,166.24,164.03,166.17
2020-01-17,167.42,167.4675,165.43,167.1
2020-01-21,166.68,168.19,166.43,166.5
2020-01-22,167.4,167.49,165.68,165.7
2020-01-23,166.19,166.8,165.27,166.72
2020-01-24,167.51,167.53,164.45,165.04
2020-01-27,161.15,163.375,160.2,162.28
2020-01-28,163.78,165.755,163.073,165.46
2020-01-29,167.84,168.75,165.69,168.04
2020-01-30,174.05,174.05,170.79,172.78
2020-01-31,172.21,172.4,169.58,170.23
2020-02-03,170.43,174.5,170.4,174.38
2020-02-04,177.14,180.64,176.31,180.12
2020-02-05,184.03,184.2,178.4101,179.9
2020-02-06,180.97,183.8199,180.059,183.63
2020-02-07,182.845,185.63,182.48,183.89
2020-02-10,183.58,188.84,183.25,188.7
2020-02-11,190.65,190.7,183.5,184.44
2020-02-12,185.58,185.85,181.85,184.71
2020-02-13,183.08,186.23,182.872,183.71
2020-02-14,183.25,185.41,182.65,185.35
2020-02-18,185.605,187.7,185.5,187.23
2020-02-19,188.06,188.18,186.47,187.28
2020-02-20,186.95,187.25,181.1,184.42
2020-02-21,183.17,183.5,177.25,178.59
2020-02-24,167.77,174.55,163.23,170.89
2020-02-25,174.2,174.84,167.6462,168.07
2020-02-26,169.71,173.26,168.21,170.17
2020-02-27,163.32,167.03,157.98,158.18
2020-02-28,152.41,163.71,152,162.01
2020-03-02,165.31,172.92,162.31,172.79
2020-03-03,173.8,175,162.26,164.51
2020-03-04,168.485,170.7,165.62,170.55
2020-03-05,166.045,170.87,165.69,166.27
2020-03-06,162.61,163.11,156,161.57
2020-03-09,151,157.75,150,150.62
2020-03-10,158.16,161.03,152.58,160.92
2020-03-11,157.13,157.7,151.15,153.63
2020-03-12,145.3,153.47,138.58,139.06
2020-03-13,147.5,161.91,140.73,158.83
2020-03-16,140,149.35,135,135.42
2020-03-17,140,147.4998,135,146.57
2020-03-18,138,146,135.02,140.4
2020-03-19,142.77,150.15,139,142.71
2020-03-20,146,147.1,135.86,137.35
2020-03-23,137.01,140.57,132.52,135.98
2020-03-24,143.75,149.6,141.27,148.34
2020-03-25,148.91,154.33,144.44,146.92
2020-03-26,148.4,156.66,148.37,156.11
2020-03-27,151.75,154.89,149.2,149.7
2020-03-30,152.44,160.6,150.01,160.23
2020-03-31,159.4,164.78,156.56,157.71
2020-04-01,153,157.75,150.82,152.11
2020-04-02,151.86,155.48,150.36,155.26
2020-04-03,155.1,157.38,152.19,153.83
2020-04-06,160.32,166.5,157.58,165.27
2020-04-07,169.585,170,163.26,163.49
2020-04-08,165.67,166.67,163.5,165.13
2020-04-09,166.36,167.37,163.33,165.14
2020-04-13,164.35,165.57,162.3,165.51
2020-04-14,169,173.75,168,173.7
2020-04-15,171.2,173.57,169.24,171.88
2020-04-16,174.3,177.28,172.9,177.04
2020-04-17,179.5,180,175.87,178.6
2020-04-20,176.63,178.75,174.99,175.06
2020-04-21,173.5,173.6699,166.1102,167.82
2020-04-22,171.39,174,170.82,173.52
2020-04-23,174.11,175.06,170.91,171.42
2020-04-24,172.06,174.56,170.71,174.55
2020-04-27,176.59,176.9,173.3,174.05
2020-04-28,175.59,175.67,169.39,169.81
2020-04-29,173.22,177.68,171.88,177.43
2020-04-30,180,180.4,176.23,179.21
2020-05-01,175.8,178.64,174.01,174.57
2020-05-04,174.49,179,173.8,178.84
2020-05-05,180.62,183.65,179.9,180.76
2020-05-06,182.08,184.2,181.6306,182.54
2020-05-07,184.17,184.55,182.58,183.6
2020-05-08,184.9797,185,183.36,184.68
2020-05-11,183.15,187.51,182.85,186.74
2020-05-12,186.8,187.04,182.3,182.51
2020-05-13,182.55,184.05,176.54,179.75
2020-05-14,177.54,180.69,175.68,180.53
2020-05-15,179.06,187.06,177,183.16
2020-05-18,185.75,186.2,183.96,184.91
2020-05-19,185.03,186.6,183.49,183.63
2020-05-20,184.81,185.85,183.94,185.66
2020-05-21,185.4,186.67,183.29,183.43
2020-05-22,183.19,184.46,182.54,183.51
2020-05-26,186.34,186.5,181.1,181.57
2020-05-27,180.2,181.9877,176.6,181.81
2020-05-28,180.74,184.1474,180.38,181.4
2020-05-29,182.73,184.27,180.41,183.25
2020-06-01,182.54,183,181.46,182.83
2020-06-02,184.25,185,181.35,184.91
2020-06-03,184.815,185.94,183.58,185.36
2020-06-04,184.3,185.84,182.3,182.92
2020-06-05,182.62,187.73,182.01,187.2
2020-06-08,185.94,188.55,184.44,188.36
2020-06-09,188,190.7,187.2605,189.8
2020-06-10,191.125,198.52,191.01,196.84
2020-06-11,193.13,195.76,186.07,186.27
2020-06-12,190.54,191.72,185.18,187.74
2020-06-15,184.58,190.82,184.01,188.94
2020-06-16,192.89,195.58,191.46,193.57
2020-06-17,195.03,196.32,193.69,194.24
2020-06-18,194,196.49,194,196.32
2020-06-19,198.59,199.29,194.37,195.15
2020-06-22,195.79,200.76,195.2301,200.57
2020-06-23,202.09,203.95,201.425,201.91
2020-06-24,201.6043,203.25,196.56,197.84
2020-06-25,197.8,200.61,195.4675,200.34
2020-06-26,199.73,199.89,194.88,196.33
2020-06-29,195.78,198.53,193.55,198.44
2020-06-30,197.8816,204.4,197.74,203.51
2020-07-01,203.14,206.35,201.77,204.7
2020-07-02,205.68,208.02,205,206.26
2020-07-06,208.8335,211.13,208.09,210.7
2020-07-07,210.45,214.67,207.99,208.25
2020-07-08,210.07,213.26,208.69,212.83
2020-07-09,216.33,216.38,211.47,214.32
2020-07-10,213.62,214.08,211.08,213.67
2020-07-13,214.48,215.8,206.5,207.07
2020-07-14,206.13,208.85,202.03,208.35
2020-07-15,209.56,211.33,205.03,208.04
2020-07-16,205.4,205.7,202.31,203.92
2020-07-17,204.47,205.04,201.39,202.88
2020-07-20,205,212.3,203.01,211.6
2020-07-21,213.66,213.94,208.03,208.75
2020-07-22,209.2,212.3,208.39,211.75
2020-07-23,207.19,210.92,202.15,202.54
2020-07-24,200.42,202.86,197.51,201.3
2020-07-27,201.47,203.97,200.86,203.85
2020-07-28,203.61,204.7,201.74,202.02
2020-07-29,202.5,204.65,202.01,204.06
2020-07-30,201,204.46,199.57,203.9
2020-07-31,204.4,205.1,199.01,205.01
2020-08-03,211.52,217.64,210.44,216.54
2020-08-04,214.17,214.77,210.31,213.29
2020-08-05,214.9,215,211.57,212.94
2020-08-06,212.34,216.3705,211.55,216.35
2020-08-07,214.85,215.7,210.93,212.48
2020-08-10,211.67,211.88,206.35,208.25
2020-08-11,207.155,207.65,203.14,203.38
2020-08-12,205.29,210.28,204.75,209.19
2020-08-13,209.44,211.35,208.15,208.7
2020-08-14,208.76,209.59,207.51,208.9
2020-08-17,209.6,211.1874,208.915,210.28
2020-08-18,210.53,212.36,209.21,211.49
2020-08-19,211.49,212.1,209.25,209.7
2020-08-20,209.54,215,208.91,214.58
2020-08-21,213.86,216.25,212.85,213.02
2020-08-24,214.79,215.52,212.43,213.69
2020-08-25,213.1,216.61,213.1,216.47
2020-08-26,217.88,222.09,217.36,221.15
2020-08-27,222.89,231.15,219.4,226.58
2020-08-28,228.18,230.644,226.58,228.91
2020-08-31,227,228.7,224.31,225.53
2020-09-01,225.51,227.45,224.43,227.27
2020-09-02,227.97,232.86,227.35,231.65
2020-09-03,229.27,229.31,214.9602,217.3
2020-09-04,215.1,218.3599,205.19,214.25
2020-09-08,206.5,210.03,202.2,202.66
2020-09-09,207.6,214.8399,206.7,211.29
2020-09-10,213.4,214.74,204.11,205.37
2020-09-11,207.2,208.63,201.24,204.03
2020-09-14,204.24,209.2,204.03,205.41
2020-09-15,208.42,209.78,206.93,208.78
2020-09-16,210.62,210.65,204.64,205.05
2020-09-17,200.05,204.33,199.96,202.91
2020-09-18,202.8,203.65,196.25,200.39
2020-09-21,197.19,202.71,196.38,202.54
2020-09-22,205.06,208.1,202.075,207.42
2020-09-23,207.9,208.1,200.03,200.59
2020-09-24,199.85,205.57,199.2,203.19
2020-09-25,203.55,209.04,202.54,207.82
2020-09-28,210.88,212.57,208.06,209.44
2020-09-29,209.35,210.07,206.81,207.26
2020-09-30,207.73,211.98,206.54,210.33
2020-10-01,213.49,213.99,211.32,212.46
2020-10-02,208,210.99,205.54,206.19
2020-10-05,207.22,210.41,206.98,210.38
2020-10-06,208.82,210.18,204.82,205.91
2020-10-07,207.06,210.11,206.72,209.83
2020-10-08,210.51,211.19,208.32,210.58
2020-10-09,211.23,215.86,211.23,215.81
2020-10-12,218.79,223.86,216.81,221.4
2020-10-13,222.72,225.21,220.43,222.86
2020-10-14,223,224.22,219.13,220.86
2020-10-15,217.1,220.36,216.01,219.66
2020-10-16,220.15,222.29,219.32,219.66
2020-10-19,220.415,222.3,213.72,214.22
2020-10-20,215.8,217.37,213.0901,214.65
2020-10-21,213.12,216.92,213.12,214.8
2020-10-22,213.93,216.055,211.7,214.89
2020-10-23,215.03,216.28,213.16,216.23
2020-10-26,213.85,216.3399,208.1,210.08
2020-10-27,211.59,214.67,210.329,213.25
2020-10-28,207.67,208.84,202.1,202.68
2020-10-29,204.07,207.36,203.37,204.72
2020-10-30,203.5,204.29,199.62,202.47
2020-11-02,204.29,205.28,200.12,202.33
2020-11-03,203.89,208.12,203.12,206.43
2020-11-04,214.02,218.32,212.4185,216.39
2020-11-05,222.04,224.12,221.15,223.29
2020-11-06,222.26,224.36,218.03,223.72
2020-11-09,224.435,228.12,217.88,218.39
2020-11-10,214.5,216.5,209.72,211.01
2020-11-11,212.39,218.04,212.2,216.55
2020-11-12,217.21,219.11,214.46,215.44
2020-11-13,216.36,217.42,214.16,216.51
2020-11-16,214.87,217.74,214.52,217.23
2020-11-17,216.1,217.68,214.08,214.46
2020-11-18,213.65,215.17,210.93,211.08
2020-11-19,211.38,213.03,209.93,212.42
2020-11-20,212.2,213.285,210,210.39
2020-11-23,210.95,212.29,208.16,210.11
2020-11-24,209.59,214.25,208.86,213.86
2020-11-25,215.11,215.29,212.46,213.87
2020-11-27,214.85,216.27,214.04,215.23
2020-11-30,214.1,214.76,210.835,214.07
2020-12-01,214.51,217.32,213.35,216.21
2020-12-02,214.88,215.47,212.8,215.37
2020-12-03,214.61,216.3757,213.65,214.24
2020-12-04,214.22,215.38,213.18,214.36
2020-12-07,214.37,215.54,212.99,214.29
2020-12-08,213.97,216.95,212.89,216.01
2020-12-09,215.16,215.225,211.214,211.8
2020-12-10,211.77,213.08,210.36,210.52
2020-12-11,210.05,213.32,209.11,213.26
2020-12-14,213.1,216.21,212.88,214.2
2020-12-15,215.165,215.42,212.24,214.13
2020-12-16,214.75,220.11,214.72,219.28
2020-12-17,219.87,220.89,217.92,219.42
2020-12-18,218.59,219.69,216.02,218.59
2020-12-21,217.55,224,217.2801,222.59
2020-12-22,222.69,225.63,221.85,223.94
2020-12-23,223.11,223.5589,220.8,221.02
2020-12-24,221.42,223.61,221.2,222.75
2020-12-28,224.45,226.03,223.02,224.96
2020-12-29,226.31,227.18,223.58,224.15
2020-12-30,225.23,225.63,221.47,221.68
2020-12-31,221.7,223,219.68,222.42
2021-01-04,222.53,223,214.81,217.69
2021-01-05,217.26,218.52,215.7,217.9
2021-01-06,212.17,216.4899,211.94,212.25
2021-01-07,214.04,219.34,213.71,218.29
2021-01-08,218.68,220.58,217.0261,219.62
2021-01-11,218.47,218.91,216.73,217.49
2021-01-12,216.5,217.1,213.3202,214.93
2021-01-13,214.02,216.76,213.9266,216.34
2021-01-14,215.91,217.46,212.74,213.02
2021-01-15,213.52,214.51,212.03,212.65
2021-01-19,213.75,216.98,212.63,216.44
2021-01-20,217.7,225.79,217.2908,224.34
2021-01-21,224.7,226.3,222.42,224.97
2021-01-22,227.08,230.07,225.8,225.95
2021-01-25,229.12,229.78,224.22,229.53
2021-01-26,231.86,234.18,230.08,232.33
2021-01-27,238,240.44,230.14,232.9
2021-01-28,235.61,242.64,235.09,238.93
2021-01-29,235.99,238.02,231.35,231.96
2021-02-01,235.06,242.5,232.43,239.65
2021-02-02,241.3,242.31,238.69,239.51
2021-02-03,239.57,245.09,239.26,243
2021-02-04,242.66,243.2399,240.37,242.01
2021-02-05,242.23,243.28,240.42,242.2
2021-02-08,243.15,243.68,240.81,242.47
2021-02-09,241.87,244.76,241.38,243.77
2021-02-10,245,245.92,240.89,242.82
2021-02-11,244.78,245.15,242.15,244.49
2021-02-12,243.9332,245.3,242.73,244.99
2021-02-16,245.03,246.13,242.92,243.7
2021-02-17,241.32,244.31,240.94,244.2
2021-02-18,241.8,243.93,240.86,243.79
2021-02-19,243.75,243.86,240.18,240.97
2021-02-22,237.42,237.93,232.4,234.51
2021-02-23,230.325,234.83,228.73,233.27
2021-02-24,230.01,235.2,229,234.55
2021-02-25,232.08,234.5852,227.88,228.99
2021-02-26,231.525,235.37,229.54,232.38
2021-03-01,235.9,237.47,233.15,236.94
2021-03-02,237.01,237.3,233.45,233.87
2021-03-03,232.155,233.5799,227.26,227.56
2021-03-04,226.735,232.49,224.26,226.73
2021-03-05,229.5165,233.27,226.46,231.6
2021-03-08,231.37,233.365,227.13,227.39
2021-03-09,232.88,235.3839,231.67,233.78
2021-03-10,237,237,232.04,232.42
2021-03-11,234.96,239.17,234.31,237.13
2021-03-12,234.01,235.82,233.23,235.75
2021-03-15,234.96,235.185,231.81,234.81
2021-03-16,236.28,240.055,235.94,237.71
2021-03-17,236.15,238.55,233.23,237.04
2021-03-18,232.56,234.19,230.33,230.72
2021-03-19,231.02,232.474,229.3496,230.35
2021-03-22,230.27,236.9,230.14,235.99
2021-03-23,237.485,241.05,237.07,237.58
2021-03-24,237.845,238,235.32,235.46
2021-03-25,235.3,236.94,231.57,232.34
2021-03-26,231.55,236.71,231.55,236.48
2021-03-29,236.59,236.8,231.88,235.24
2021-03-30,233.525,233.85,231.1,231.85
2021-03-31,232.91,239.1,232.39,235.77
2021-04-01,238.47,242.84,238.0501,242.35
2021-04-05,242.76,249.96,242.7,249.07
2021-04-06,247.61,249.4,246.88,247.86
2021-04-07,247.81,250.93,247.19,249.9
2021-04-08,252.77,254.139,252,253.25
2021-04-09,252.87,255.99,252.44,255.85
2021-04-12,254.71,257.67,254.62,255.91
2021-04-13,257.2573,259.19,256.83,258.49
2021-04-14,257.475,258.83,255.16,255.59
2021-04-15,257.931,259.93,257.73,259.5
2021-04-16,259.47,261,257.6014,260.74
2021-04-19,260.19,261.48,257.821,258.74
2021-04-20,257.82,260.2,256.84,258.26
2021-04-21,258.94,260.68,257.25,260.58
2021-04-22,260.21,261.78,255.64,257.17
2021-04-23,257.88,261.51,257.27,261.15
2021-04-26,261.66,262.435,260.17,261.55
2021-04-27,261.585,263.19,260.12,261.97
2021-04-28,256.078,256.5399,252.95,254.56
2021-04-29,255.46,256.1,249,252.51
2021-04-30,249.74,253.08,249.6,252.18
2021-05-03,253.4,254.35,251.12,251.86
2021-05-04,250.97,251.21,245.76,247.79
2021-05-05,249.06,249.5,245.82,246.47
2021-05-06,246.45,249.86,244.69,249.73
2021-05-07,252.15,254.3,251.17,252.46
2021-05-10,250.87,251.73,247.12,247.18
2021-05-11,244.55,246.6,242.57,246.23
2021-05-12,242.165,244.38,238.07,239
2021-05-13,241.8,245.6,241.42,243.03
2021-05-14,245.575,249.18,245.49,248.15
2021-05-17,246.55,246.59,243.52,245.18
2021-05-18,246.27,246.41,242.9,243.08
2021-05-19,239.31,243.23,238.6,243.12
2021-05-20,243.96,247.95,243.86,246.48
2021-05-21,247.565,248.33,244.74,245.17
2021-05-24,247.785,251.16,247.51,250.78
2021-05-25,251.769,252.75,250.82,251.72
2021-05-26,251.43,252.94,250.75,251.49
2021-05-27,251.17,251.48,249.25,249.31
2021-05-28,250.995,252.08,249.56,249.68
2021-06-01,251.23,251.29,246.96,247.4
2021-06-02,248.125,249.27,245.84,247.3
2021-06-03,245.22,246.34,243,245.71
2021-06-04,247.76,251.65,247.51,250.79
2021-06-07,249.98,254.09,249.81,253.81
2021-06-08,255.16,256.01,252.51,252.57
2021-06-09,253.81,255.53,253.21,253.59
2021-06-10,254.29,257.46,253.67,257.24
2021-06-11,257.985,258.4868,256.61,257.89
2021-06-14,257.9,259.95,256.8,259.89
2021-06-15,259.775,259.99,257.68,258.36
2021-06-16,259.4,260.58,254.42,257.38
2021-06-17,256.065,261.75,256.01,260.9
2021-06-18,259.63,262.3,258.75,259.43
2021-06-21,259.82,263.52,257.92,262.63
2021-06-22,262.72,265.79,262.4,265.51
2021-06-23,265.99,266.83,264.43,265.275
2021-06-24,266.16,267.85,265.47,266.69
2021-06-25,266.23,267.25,264.76,265.02
2021-06-28,266.185,268.9,265.91,268.72
2021-06-29,268.865,271.65,267.98,271.4
2021-06-30,270.69,271.3598,269.6043,270.9
2021-07-01,269.61,271.84,269.6,271.6
2021-07-02,272.82,278,272.5,277.65
2021-07-06,278.03,279.3698,274.3,277.66
2021-07-07,279.4,280.6945,277.15,279.93
2021-07-08,276.9,278.73,274.87,277.42
2021-07-09,275.72,278.05,275.32,277.94
2021-07-12,279.157,279.77,276.58,277.32
2021-07-13,277.52,282.8477,277.39,280.98
2021-07-14,282.345,283.66,280.55,282.51
2021-07-15,282,282.51,279.83,281.03
2021-07-16,282.07,284.1,279.46,280.75
2021-07-19,278.9335,280.37,274.45,277.01
2021-07-20,278.03,280.97,276.26,279.32
2021-07-21,278.905,281.52,277.29,281.4
2021-07-22,283.84,286.42,283.42,286.14
2021-07-23,287.37,289.99,286.5,289.67
2021-07-26,289,289.69,286.642,289.05
2021-07-27,289.43,289.575,282.95,286.54
2021-07-28,288.99,290.15,283.8303,286.22
2021-07-29,286.235,288.618,286.08,286.5
2021-07-30,285.17,286.66,283.91,284.91
2021-08-02,286.36,286.775,283.74,284.82
2021-08-03,285.42,287.23,284,287.12
2021-08-04,286.22,287.5883,284.65,286.51
2021-08-05,286.88,289.63,286.1,289.52
2021-08-06,288.505,289.5,287.6238,289.46
2021-08-09,289.75,291.55,287.81,288.33
2021-08-10,288.8,289.25,285.2,286.44
2021-08-11,287.21,288.66,285.86,286.95
2021-08-12,286.63,289.97,286.34,289.81
2021-08-13,289.48,292.9,289.3,292.85
2021-08-16,293.19,294.82,290.02,294.6
2021-08-17,292.39,293.43,291.08,293.08
2021-08-18,292.04,294.82,290.27,290.73
2021-08-19,288.6935,297.47,288.64,296.77
2021-08-20,299.72,305.84,298.06,304.36
2021-08-23,303.245,305.4,301.85,304.65
2021-08-24,305.02,305.65,302.0035,302.62
2021-08-25,304.3,304.59,300.42,302.01
2021-08-26,300.99,302.429,298.95,299.09
2021-08-27,298.987,300.87,296.83,299.72
2021-08-30,301.115,304.22,301.06,303.59
2021-08-31,304.42,304.5,301.5,301.88
2021-09-01,302.865,305.19,301.49,301.83
2021-09-02,302.2,303.3602,300.18,301.15
2021-09-03,300.99,302.6,300.26,301.14
2021-09-07,301.005,301.09,298.2,300.18
2021-09-08,299.78,300.61,297.4651,300.21
2021-09-09,300.82,302.14,297,297.25
2021-09-10,298.415,299.92,295.38,295.71
2021-09-13,297.55,298.54,294.08,296.99
2021-09-14,299.56,301.39,298.1,299.79
2021-09-15,303.26,305.32,301.82,304.82
2021-09-16,303.76,305.31,300.76,305.22
2021-09-17,304.17,304.5,299.53,299.87
2021-09-20,296.33,298.72,289.52,294.3
2021-09-21,295.69,297.54,294.07,294.8
2021-09-22,296.725,300.22,294.51,298.58
2021-09-23,298.845,300.9,297.5339,299.56
2021-09-24,298.23,299.8,296.93,299.35
2021-09-27,296.14,296.47,292.9449,294.17
2021-09-28,289.795,290.78,282.75,283.52
2021-09-29,285.1,286.77,283.01,284
2021-09-30,285.71,287.83,281.62,281.92
2021-10-01,282.1217,289.98,281.29,289.1
2021-10-04,287.4,287.75,280.25,283.11
2021-10-05,284.0464,290.398,284.0464,288.76
2021-10-06,285.78,293.63,285.5093,293.11
2021-10-07,295.175,296.64,293.92,294.85
2021-10-08,296.219,296.6409,293.76,294.85
2021-10-11,292.92,297.97,292.745,294.23
2021-10-12,295.34,295.44,292.35,292.88
2021-10-13,294.91,297.28,293.49,296.31
2021-10-14,299.21,303.27,297.83,302.75
2021-10-15,302.34,304.45,300.5191,304.21
2021-10-18,303.57,308.21,302.69,307.29
2021-10-19,308.348,309.3,307.22,308.23
2021-10-20,309.21,309.7,306.11,307.41
2021-10-21,307.1702,311.02,306.36,310.76
2021-10-22,310.4,311.09,307.8,309.16
2021-10-25,309.36,309.4,306.46,308.13
2021-10-26,311,312.395,308.5967,310.11
2021-10-27,316,326.0973,316,323.17
2021-10-28,324.325,324.87,321.3601,324.35
2021-10-29,324.13,332,323.9,331.62
2021-11-01,331.355,331.49,326.37,329.37
2021-11-02,330.31,333.45,330,333.13
2021-11-03,333.9,334.9,330.65,334
2021-11-04,332.89,336.54,329.51,336.44
2021-11-05,338.51,338.79,334.4217,336.06
2021-11-08,337.3,337.65,334.44,336.99
2021-11-09,337.1071,338.72,334.53,335.95
2021-11-10,334.57,334.6303,329.92,330.8
2021-11-11,331.25,333.7746,330.51,332.43
2021-11-12,333.92,337.23,333.79,336.72
2021-11-15,337.54,337.88,334.034,336.07
2021-11-16,335.68,340.67,335.51,339.51
2021-11-17,338.94,342.19,338,339.12
2021-11-18,338.18,342.45,337.12,341.27
2021-11-19,342.64,345.1,342.2,343.11
2021-11-22,344.62,349.67,339.55,339.83
2021-11-23,337.05,339.45,333.56,337.68
2021-11-24,336.28,338.16,333.911,337.91
2021-11-26,334.35,337.93,328.12,329.68
2021-11-29,334.94,339.03,334.74,336.63
2021-11-30,335.32,337.78,328.99,330.59
2021-12-01,335.13,339.28,329.39,330.08
2021-12-02,330.3,333.49,327.8028,329.49
2021-12-03,331.99,332.7,318.03,323.01
2021-12-06,323.95,327.45,319.23,326.19
2021-12-07,331.64,335.8,330.1,334.92
2021-12-08,335.31,335.5,330.8,334.97
2021-12-09,334.41,336.489,332.12,333.1
2021-12-10,334.98,343,334.79,342.54
2021-12-13,340.68,343.79,339.08,339.4
2021-12-14,333.22,334.64,324.11,328.34
2021-12-15,328.61,335.19,324.5,334.65
2021-12-16,335.71,336.76,323.02,324.9
2021-12-17,320.88,324.92,317.25,323.8
2021-12-20,320.05,322.8,317.57,319.91
2021-12-21,323.29,327.73,319.8,327.29
2021-12-22,328.3,333.605,325.75,333.2
2021-12-23,332.75,336.39,332.73,334.69
2021-12-27,335.46,342.48,335.43,342.45
2021-12-28,343.15,343.81,340.32,341.25
2021-12-29,341.3,344.3,339.68,341.95
2021-12-30,341.91,343.13,338.82,339.32
2021-12-31,338.51,339.355,335.85,336.32
2022-01-03,335.35,338,329.78,334.75
2022-01-04,334.83,335.2,326.12,329.01
2022-01-05,325.86,326.07,315.98,316.38
2022-01-06,313.15,318.7,311.49,313.88
2022-01-07,314.15,316.5,310.09,314.04
2022-01-10,309.485,314.72,304.69,314.27
2022-01-11,313.38,316.61,309.89,314.98
2022-01-12,319.67,323.41,317.08,318.27
2022-01-13,320.4658,320.88,304,304.8
2022-01-14,304.25,310.82,303.75,310.2
2022-01-18,304.07,309.8,301.74,302.65
2022-01-19,306.29,313.9093,302.7,303.33
2022-01-20,309.07,311.6494,301.14,301.6
2022-01-21,302.685,304.11,295.61,296.03
2022-01-24,292.2,297.11,276.05,296.37
2022-01-25,291.52,294.99,285.17,288.49
2022-01-26,307.985,308.5,293.03,296.71
2022-01-27,302.66,307.3,297.93,299.84
2022-01-28,300.23,308.48,294.45,308.26
2022-01-31,308.95,312.38,306.37,310.98
2022-02-01,310.41,310.63,305.1293,308.76
2022-02-02,309.63,315.12,308.88,313.46
2022-02-03,309.49,311.23,299.96,301.25
2022-02-04,300.21,308.8,299.97,305.94
2022-02-07,306.17,307.84,299.9,300.95
2022-02-08,301.25,305.561,299.95,304.56
2022-02-09,309.865,311.93,307.39,311.21
2022-02-10,304.04,309.12,300.7,302.38
2022-02-11,303.19,304.29,294.22,295.04
2022-02-14,293.77,296.76,291.35,295
2022-02-15,300.008,300.8,297.02,300.47
2022-02-16,298.365,300.87,293.68,299.5
2022-02-17,296.36,296.8,290,290.73
2022-02-18,293.05,293.86,286.305,287.93
2022-02-22,285,291.54,284.5,287.72
2022-02-23,290.18,291.7,280.1,280.27
2022-02-24,272.51,295.16,271.52,294.59
2022-02-25,295.14,297.63,291.655,297.31
2022-02-28,294.31,299.14,293,298.79
2022-03-01,296.4,299.97,292.15,294.95
2022-03-02,295.36,301.47,293.698,300.19
2022-03-03,302.89,303.13,294.05,295.92
2022-03-04,294.29,295.66,287.165,289.86
2022-03-07,288.53,289.69,278.53,278.91
2022-03-08,277.8,283.96,270,275.85
2022-03-09,283.44,289.6,280.78,288.5
2022-03-10,283.02,286.6,280.58,285.59
2022-03-11,287.96,289.51,279.43,280.07
2022-03-14,280.34,285.3992,275.82,276.44
2022-03-15,280.35,287.82,278.725,287.15
2022-03-16,289.11,294.57,283.2,294.39
2022-03-17,293.29,295.61,289.37,295.22
2022-03-18,295.37,301,292.73,300.43
2022-03-21,298.89,300.14,294.9,299.16
2022-03-22,299.8,305,298.77,304.06
2022-03-23,300.51,303.23,297.7201,299.49
2022-03-24,299.14,304.2,298.315,304.1
2022-03-25,305.23,305.5,299.2855,303.68
2022-03-28,304.33,310.8,304.33,310.7
2022-03-29,313.91,315.82,309.05,315.41
2022-03-30,313.76,315.95,311.58,313.86
2022-03-31,313.9,315.14,307.89,308.31
2022-04-01,309.37,310.13,305.54,309.42
2022-04-04,310.09,315.11,309.71,314.97
2022-04-05,313.27,314.865,309.87,310.88
2022-04-06,305.19,307,296.71,299.5
2022-04-07,296.66,303.65,296.35,301.37
2022-04-08,300.44,301.12,296.28,296.97
2022-04-11,291.79,292.61,285,285.26
2022-04-12,289.235,290.739,280.49,282.06
2022-04-13,282.73,288.58,281.3,287.62
2022-04-14,288.09,288.305,279.32,279.83
2022-04-18,278.91,282.46,278.34,280.52
2022-04-19,279.38,286.17,278.41,285.3
2022-04-20,289.4,289.7,285.3702,286.36
2022-04-21,288.58,293.3,280.06,280.81
2022-04-22,281.68,283.2,273.38,274.03
2022-04-25,273.29,281.11,270.77,280.72
2022-04-26,277.5,278.3599,270,270.22
2022-04-27,282.1,290.97,279.16,283.22
2022-04-28,285.185,290.98,281.4562,289.63
2022-04-29,288.61,289.88,276.5,277.52
2022-05-02,277.71,284.94,276.22,284.47
2022-05-03,283.96,284.13,280.15,281.78
2022-05-04,282.59,290.88,276.73,289.98
2022-05-05,285.54,286.35,274.34,277.35
2022-05-06,274.805,279.25,271.27,274.73
2022-05-09,270.06,272.36,263.32,264.58
2022-05-10,271.69,273.75,265.07,269.5
2022-05-11,265.68,271.36,259.3,260.55
2022-05-12,257.69,259.88,250.02,255.35
2022-05-13,257.35,263.04,255.35,261.12
2022-05-16,259.955,265.82,255.78,261.5
2022-05-17,266.11,268.33,262.46,266.82
2022-05-18,263,263.6,252.77,254.08
2022-05-19,253.9,257.67,251.88,253.14
2022-05-20,257.24,258.54,246.44,252.56
2022-05-23,255.49,261.5,253.43,260.65
2022-05-24,257.89,261.33,253.5,259.62
2022-05-25,258.14,264.58,257.125,262.52
2022-05-26,262.27,267.11,261.4294,265.9
2022-05-27,268.48,273.34,267.56,273.24
2022-05-31,272.53,274.77,268.93,271.87
2022-06-01,275.195,277.69,270.04,272.42
2022-06-02,264.45,274.65,261.6,274.58
2022-06-03,270.31,273.45,268.41,270.02
2022-06-06,272.06,274.18,267.22,268.75
2022-06-07,266.635,273.13,265.94,272.5
2022-06-08,271.71,273,269.61,270.41
2022-06-09,267.78,272.7081,264.63,264.79
2022-06-10,260.58,260.58,252.53,252.99
2022-06-13,245.11,249.0242,241.53,242.26
2022-06-14,243.86,245.74,241.51,244.49
2022-06-15,248.31,255.3,246.42,251.76
2022-06-16,245.98,247.4174,243.02,244.97
2022-06-17,244.7,250.5,244.03,247.65
2022-06-21,250.255,254.75,249.51,253.74
2022-06-22,251.89,257.17,250.37,253.13
2022-06-23,255.57,259.37,253.63,258.86
2022-06-24,261.808,267.98,261.72,267.7
2022-06-27,268.205,268.3,263.28,264.89
2022-06-28,263.98,266.91,256.32,256.48
2022-06-29,257.59,261.97,255.76,260.26
2022-06-30,257.05,259.53,252.9,256.83
2022-07-01,256.39,259.77,254.61,259.58
2022-07-05,256.16,262.98,254.74,262.85
2022-07-06,263.75,267.99,262.4,266.21
2022-07-07,265.12,269.055,265.02,268.4
2022-07-08,264.79,268.1,263.285,267.66
2022-07-11,265.65,266.53,262.18,264.51
2022-07-12,265.88,265.94,252.04,253.67
2022-07-13,250.19,253.55,248.11,252.72
2022-07-14,250.57,255.1374,245.94,254.08
2022-07-15,255.72,260.3699,254.7727,256.72
2022-07-18,259.75,260.84,253.3,254.25
2022-07-19,257.575,259.72,253.68,259.53
2022-07-20,259.9,264.87,258.91,262.27
2022-07-21,259.79,264.89,257.03,264.84
2022-07-22,265.24,265.33,259.07,260.36
2022-07-25,260.995,261.5,256.81,258.83
2022-07-26,259.86,259.88,249.57,251.9
2022-07-27,261.16,270.05,258.85,268.74
2022-07-28,269.75,277.84,267.87,276.41
2022-07-29,277.7,282,276.63,280.74
2022-08-01,277.82,281.28,275.84,278.01
2022-08-02,276,277.89,272.38,274.82
2022-08-03,276.76,283.5,276.61,282.47
2022-08-04,281.8,283.8,280.1677,283.65
2022-08-05,279.15,283.65,278.68,282.91
2022-08-08,284.05,285.92,279.32,280.32
2022-08-09,279.64,283.08,277.61,282.3
2022-08-10,288.17,289.81,286.94,289.16
2022-08-11,290.85,291.21,286.51,287.02
2022-08-12,288.48,291.91,286.94,291.91
2022-08-15,291,294.18,290.11,293.47
2022-08-16,291.99,294.04,290.42,292.71
2022-08-17,289.74,293.35,289.47,291.32
2022-08-18,290.189,291.91,289.08,290.17
2022-08-19,288.9,289.25,285.56,286.15
2022-08-22,282.08,282.46,277.22,277.75
2022-08-23,276.44,278.86,275.4,276.44
2022-08-24,275.41,277.23,275.11,275.79
2022-08-25,277.33,279.02,274.52,278.85
2022-08-26,279.08,280.34,267.98,268.09
2022-08-29,265.85,267.4,263.85,265.23
2022-08-30,266.67,267.05,260.66,262.97
2022-08-31,265.39,267.11,261.33,261.47
2022-09-01,258.87,260.89,255.41,260.4
2022-09-02,261.695,264.74,254.47,256.06
2022-09-06,256.2,257.83,251.94,253.25
2022-09-07,254.7,258.83,253.22,258.09
2022-09-08,257.51,260.43,254.79,258.52
2022-09-09,260.5,265.23,260.29,264.46
2022-09-12,265.78,267.45,265.16,266.65
2022-09-13,258.84,260.4,251.59,251.99
2022-09-14,253.53,254.23,249.86,252.22
2022-09-15,249.77,251.4,244.02,245.38
2022-09-16,244.26,245.3,242.0627,244.74
2022-09-19,242.465,245.14,240.85,244.52
2022-09-20,242.065,243.51,239.64,242.45
2022-09-21,244.27,247.66,238.9,238.95
2022-09-22,237.8704,243.86,237.57,240.98
2022-09-23,239.54,241.13,235.2,237.92
2022-09-26,237.045,241.45,236.9,237.45
2022-09-27,239.98,241.8,234.5,236.41
2022-09-28,236.81,242.33,234.73,241.07
2022-09-29,238.89,239.95,234.41,237.5
2022-09-30,238.29,240.54,232.73,232.9
2022-10-03,235.41,241.61,234.66,240.74
2022-10-04,245.09,250.36,244.975,248.88
2022-10-05,245.99,250.58,244.1,249.2
2022-10-06,247.93,250.34,246.08,246.79
2022-10-07,240.902,241.32,233.17,234.24
2022-10-10,233.05,234.559,226.73,229.25
2022-10-11,227.62,229.06,224.11,225.41
2022-10-12,225.4,227.86,223.96,225.75
2022-10-13,219.85,236.1,219.13,234.24
2022-10-14,235.54,237.24,228.34,228.56
2022-10-17,235.82,238.96,235.135,237.53
2022-10-18,243.24,243.93,235.37,238.5
2022-10-19,237.04,239.61,234.29,236.48
2022-10-20,235.77,241.31,234.87,236.15
2022-10-21,234.74,243,234.5,242.12
2022-10-24,243.76,247.84,241.295,247.25
2022-10-25,247.26,251.04,245.83,250.66
2022-10-26,231.17,238.3,230.06,231.32
2022-10-27,231.04,233.69,225.78,226.75
2022-10-28,226.24,236.6,226.05,235.87
2022-10-31,233.76,234.92,231.15,232.13
2022-11-01,234.6,235.74,227.325,228.17
2022-11-02,229.46,231.3,220.04,220.1
2022-11-03,220.09,220.41,213.98,214.25
2022-11-04,217.55,221.59,213.431,221.39
2022-11-07,221.99,228.41,221.28,227.87
2022-11-08,228.7,231.65,225.84,228.87
2022-11-09,227.37,228.6327,224.33,224.51
2022-11-10,235.43,243.33,235,242.98
2022-11-11,242.99,247.99,241.93,247.11
2022-11-14,241.985,243.91,239.21,241.55
2022-11-15,245.66,247,240.03,241.97
2022-11-16,242.79,243.8,240.42,241.73
2022-11-17,237.78,243.25,237.63,241.68
2022-11-18,243.51,243.74,239.03,241.22
2022-11-21,241.43,244.67,241.19,242.05
2022-11-22,243.59,245.31,240.71,245.03
2022-11-23,245.105,248.28,244.27,247.58
2022-11-25,247.31,248.7,246.73,247.49
2022-11-28,246.08,246.65,240.8,241.76
2022-11-29,241.4,242.79,238.21,240.33
2022-11-30,240.57,255.33,239.86,255.14
2022-12-01,253.87,256.12,250.9156,254.69
2022-12-02,249.82,256.06,249.69,255.02
2022-12-05,252.01,253.819,248.06,250.2
2022-12-06,250.82,251.86,243.78,245.12
2022-12-07,244.83,246.16,242.205,244.37
2022-12-08,244.84,248.74,243.06,247.4
2022-12-09,244.695,248.31,244.16,245.42
2022-12-12,247.445,252.54,247.17,252.51
2022-12-13,261.69,263.915,253.07,256.92
2022-12-14,257.13,262.588,254.31,257.22
2022-12-15,253.72,254.2,247.34,249.01
2022-12-16,248.55,249.84,243.51,244.69
2022-12-19,244.86,245.21,238.71,240.45
2022-12-20,239.4,242.91,238.42,241.8
2022-12-21,241.69,245.615,240.11,244.43
2022-12-22,241.255,241.99,233.87,238.19
2022-12-23,236.11,238.87,233.9428,238.73
2022-12-27,238.7,238.93,235.83,236.96
2022-12-28,236.89,239.72,234.17,234.53
2022-12-29,235.65,241.92,235.65,241.01
2022-12-30,238.21,239.96,236.66,239.82
2023-01-03,243.08,245.75,237.4,239.58
2023-01-04,232.275,232.87,225.96,229.1
2023-01-05,227.2,227.55,221.7602,222.31
2023-01-06,223,225.7601,219.35,224.93
2023-01-09,226.45,231.2366,226.41,227.12
2023-01-10,227.755,231.31,227.33,228.85
2023-01-11,231.29,235.95,231.11,235.77
2023-01-12,235.26,239.9,233.56,238.51
2023-01-13,237.002,239.37,234.92,239.23
2023-01-17,237.97,240.91,237.09,240.35
2023-01-18,241.565,242.38,235.52,235.81
2023-01-19,233.78,235.52,230.68,231.93
2023-01-20,234.855,240.74,234.51,240.22
2023-01-23,241.1,245.165,239.65,242.58
2023-01-24,242.5,243.95,240.44,242.04
2023-01-25,234.48,243.3,230.9,240.61
2023-01-26,243.65,248.31,242,248
2023-01-27,248.99,249.83,246.83,248.16
2023-01-30,244.51,245.6,242.2,242.71
2023-01-31,243.45,247.95,242.945,247.81
2023-02-01,248,255.18,245.47,252.75
2023-02-02,258.82,264.69,257.25,264.6
2023-02-03,259.542,264.2,257.1,258.35
2023-02-06,257.44,258.3,254.78,256.77
2023-02-07,260.53,268.775,260.08,267.56
2023-02-08,273.2,276.76,266.21,266.73
2023-02-09,273.8,273.98,262.8,263.62
2023-02-10,261.53,264.09,260.662,263.1
2023-02-13,267.64,274.6,267.15,271.32
2023-02-14,272.67,274.97,269.28,272.17
2023-02-15,268.32,270.73,266.18,269.32
2023-02-16,264.02,266.74,261.9,262.15
2023-02-17,259.39,260.09,256,258.06
2023-02-21,254.48,255.49,251.59,252.67
2023-02-22,254.09,254.34,250.34,251.51
2023-02-23,255.56,256.84,250.48,254.77
2023-02-24,249.96,251,248.1,249.22
2023-02-27,252.46,252.82,249.39,250.16
2023-02-28,249.07,251.49,248.73,249.42
2023-03-01,250.76,250.93,245.79,246.27
2023-03-02,246.55,251.4,245.61,251.11
2023-03-03,252.19,255.62,251.39,255.29
2023-03-06,256.425,260.12,255.98,256.87
2023-03-07,256.3,257.69,253.39,254.15
2023-03-08,254.04,254.5417,250.81,253.7
2023-03-09,255.82,259.56,251.58,252.32
2023-03-10,251.08,252.79,247.6,248.59
2023-03-13,247.4,257.91,245.73,253.92
2023-03-14,256.75,261.07,255.86,260.79
2023-03-15,259.98,266.48,259.21,265.44
2023-03-16,265.205,276.56,263.28,276.2
2023-03-17,278.26,283.33,276.3201,279.43
2023-03-20,276.98,277.48,269.85,272.23
2023-03-21,274.88,275,269.5191,273.78
2023-03-22,273.4,281.04,272.18,272.29
2023-03-23,277.94,281.06,275.2,277.66
2023-03-24,277.24,280.63,275.28,280.57
2023-03-27,280.5,281.4589,275.52,276.38
2023-03-28,275.79,276.14,272.0451,275.23
2023-03-29,278.96,281.1398,278.41,280.51
2023-03-30,284.23,284.46,281.48,284.05
2023-03-31,283.73,289.27,283,288.3
2023-04-03,286.52,288.27,283.95,287.23
2023-04-04,287.23,290.4499,285.67,287.18
2023-04-05,285.85,287.15,282.92,284.34
2023-04-06,283.21,292.08,282.03,291.6
2023-04-10,289.208,289.6,284.71,289.39
2023-04-11,285.75,285.98,281.64,282.83
2023-04-12,284.79,287.01,281.96,283.49
2023-04-13,283.59,289.9,283.17,289.84
2023-04-14,287,288.48,283.69,286.14
2023-04-17,289.93,291.6,286.16,288.8
2023-04-18,291.57,291.755,287.01,288.37
2023-04-19,285.99,289.05,284.54,288.45
2023-04-20,285.25,289.03,285.08,286.11
2023-04-21,285.01,286.27,283.0608,285.76
2023-04-24,282.09,284.95,278.72,281.77
2023-04-25,279.51,281.6,275.37,275.42
2023-04-26,296.7,299.57,292.73,295.37
2023-04-27,295.97,305.2,295.25,304.83
2023-04-28,304.01,308.93,303.31,307.26
2023-05-01,306.97,308.6,305.15,305.56
2023-05-02,307.76,309.18,303.91,305.41
2023-05-03,306.62,308.61,304.09,304.4
2023-05-04,306.24,307.7626,303.4,305.41
2023-05-05,305.72,311.97,304.27,310.65
2023-05-08,310.13,310.2,306.09,308.65
2023-05-09,308,310.04,306.31,307
2023-05-10,308.62,313,307.67,312.31
2023-05-11,310.1,311.12,306.2601,310.11
2023-05-12,310.55,310.65,306.6,308.97
2023-05-15,309.095,309.905,307.59,309.46
2023-05-16,309.83,313.71,309.83,311.74
2023-05-17,312.29,314.43,310.74,314
2023-05-18,314.53,319.04,313.72,318.52
2023-05-19,316.74,318.75,316.37,318.34
2023-05-22,318.6,322.59,318.01,321.18
2023-05-23,320.03,322.72,315.25,315.26
2023-05-24,314.73,316.5,312.61,313.85
2023-05-25,323.24,326.9,320,325.92
2023-05-26,324.02,333.4,323.88,332.89
2023-05-30,335.23,335.74,330.52,331.21
2023-05-31,332.29,335.94,327.33,328.39
2023-06-01,325.93,333.53,324.72,332.58
2023-06-02,334.247,337.5,332.55,335.4
2023-06-05,335.22,338.5599,334.6601,335.94
2023-06-06,335.33,335.37,332.17,333.68
2023-06-07,331.65,334.49,322.5,323.38
2023-06-08,323.935,326.64,323.35,325.26
2023-06-09,324.99,329.99,324.41,326.79
2023-06-12,328.58,332.0999,325.16,331.85
2023-06-13,334.465,336.98,330.39,334.29
2023-06-14,334.34,339.04,332.81,337.34
2023-06-15,337.48,349.84,337.2,348.1
2023-06-16,351.32,351.47,341.95,342.33
2023-06-20,339.31,342.08,335.86,338.05
2023-06-21,336.37,337.73,332.07,333.56
2023-06-22,334.12,340.12,333.34,339.71
2023-06-23,334.36,337.96,333.45,335.02
2023-06-26,333.72,336.11,328.49,328.6
2023-06-27,331.86,336.15,329.3,334.57
2023-06-28,334.66,337.98,333.81,335.85
2023-06-29,334.71,336.11,332.62,335.05
2023-06-30,337.75,342.73,337.2,340.54
2023-07-03,339.19,340.9,336.571,337.99
2023-07-05,335.09,341.65,334.7276,338.15
2023-07-06,337.3,342.99,335.5,341.27
2023-07-07,339.32,341.79,337,337.22
2023-07-10,334.6,335.23,327.59,331.83
2023-07-11,331.06,332.86,327,332.47
2023-07-12,336.6,341.652,335.67,337.2
2023-07-13,339.56,343.74,339.02,342.66
2023-07-14,347.59,351.43,344.31,345.24
2023-07-17,345.678,346.99,342.2,345.73
2023-07-18,345.83,366.78,342.17,359.49
2023-07-19,361.75,362.46,352.435,355.08
2023-07-20,353.57,357.97,345.37,346.87
2023-07-21,349.15,350.3,339.83,343.77
2023-07-24,345.85,346.92,342.31,345.11
2023-07-25,347.11,351.89,345.07,350.98
2023-07-26,341.44,344.67,333.11,337.77
2023-07-27,340.48,341.33,329.05,330.72
2023-07-28,333.67,340.01,333.17,338.37
2023-07-31,336.92,337.695,333.36,335.92
2023-08-01,335.19,338.54,333.7,336.34
2023-08-02,333.63,333.63,326.3551,327.5
2023-08-03,326,329.88,325.95,326.66
2023-08-04,331.88,335.14,327.24,327.78
2023-08-07,328.37,331.11,327.52,330.11
2023-08-08,326.96,328.75,323,326.05
2023-08-09,326.47,327.11,321.0499,322.23
2023-08-10,326.015,328.26,321.18,322.93
2023-08-11,320.26,322.41,319.21,321.01
2023-08-14,321.39,324.06,320.08,324.04
2023-08-15,323,325.09,320.9034,321.86
2023-08-16,320.8,324.42,319.8035,320.4
2023-08-17,320.54,321.87,316.21,316.88
2023-08-18,314.49,318.38,311.5508,316.48
2023-08-21,317.93,322.77,317.04,321.88
2023-08-22,325.5,326.075,321.46,322.46
2023-08-23,323.82,329.2,323.46,327
2023-08-24,332.85,332.98,319.96,319.97
2023-08-25,321.47,325.36,318.8001,322.98
2023-08-28,325.66,326.15,321.722,323.7
2023-08-29,321.88,328.9835,321.88,328.41
2023-08-30,328.67,329.81,326.445,328.79
2023-08-31,329.2,330.9099,326.78,327.76
2023-09-01,331.31,331.99,326.78,328.66
2023-09-05,329,334.85,328.66,333.55
2023-09-06,333.38,334.46,330.18,332.88
2023-09-07,331.29,333.08,329.03,329.91
2023-09-08,330.09,336.16,329.46,334.27
2023-09-11,337.24,338.42,335.43,337.94
2023-09-12,335.815,336.79,331.48,331.77
2023-09-13,331.31,336.85,331.17,336.06
2023-09-14,339.148,340.86,336.57,338.7
2023-09-15,336.92,337.3975,329.65,330.22
2023-09-18,327.8,330.4,326.36,329.06
2023-09-19,326.17,329.39,324.51,328.65
2023-09-20,329.51,329.59,320.51,320.77
2023-09-21,319.26,325.3499,315,319.53
2023-09-22,321.32,321.45,316.15,317.01
2023-09-25,316.59,317.67,315,317.54
2023-09-26,315.13,315.88,310.02,312.14
2023-09-27,312.3,314.299,309.69,312.79
2023-09-28,310.99,315.48,309.45,313.64
2023-09-29,317.75,319.47,314.98,315.75
2023-10-02,316.28,321.888,315.18,321.8
2023-10-03,320.83,321.39,311.215,313.39
2023-10-04,314.03,320.04,314,318.955
2023-10-05,319.09,319.98,314.9,319.36
2023-10-06,316.55,329.19,316.3,327.26
2023-10-09,324.75,330.3,323.18,329.82
2023-10-10,330.96,331.1,327.67,328.39
2023-10-11,331.21,332.82,329.14,332.42
2023-10-12,330.565,333.6299,328.72,331.16
2023-10-13,332.38,333.83,326.36,327.73
2023-10-16,331.05,336.14,330.6,332.64
2023-10-17,329.59,333.46,327.41,332.06
2023-10-18,332.49,335.59,328.3,330.11
2023-10-19,332.15,336.88,330.91,331.32
2023-10-20,331.72,331.92,325.45,326.67
2023-10-23,325.47,332.725,324.39,329.32
2023-10-24,331.3,331.84,327.6,330.53
2023-10-25,345.02,346.2,337.62,340.67
2023-10-26,340.54,341.63,326.94,327.89
2023-10-27,330.425,336.72,328.4007,329.81
2023-10-30,333.41,339.45,331.83,337.31
2023-10-31,338.85,339,334.69,338.11
2023-11-01,339.79,347.42,339.65,346.07
2023-11-02,347.24,348.83,344.77,348.32
2023-11-03,349.63,354.39,347.33,352.8
2023-11-06,353.45,357.54,353.35,356.53
2023-11-07,359.4,362.46,357.63,360.53
2023-11-08,361.68,363.87,360.55,363.2
2023-11-09,362.3,364.79,360.362,360.69
2023-11-10,361.49,370.1,361.07,369.67
2023-11-13,368.22,368.47,365.9,366.68
2023-11-14,371.01,371.95,367.3454,370.27
2023-11-15,371.28,373.13,367.11,369.67
2023-11-16,370.96,376.35,370.18,376.17
2023-11-17,373.61,374.37,367,369.85
2023-11-20,371.22,378.87,371,377.44
2023-11-21,375.67,376.2215,371.12,373.07
2023-11-22,378,379.7899,374.965,377.85
2023-11-24,377.33,377.97,375.135,377.43
2023-11-27,376.78,380.64,376.2,378.61
2023-11-28,378.35,383,378.16,382.7
2023-11-29,383.76,384.3,377.44,378.85
2023-11-30,378.49,380.09,375.47,378.91
2023-12-01,376.76,378.16,371.31,374.51
2023-12-04,369.1,369.52,362.9,369.14
2023-12-05,366.45,373.075,365.621,372.52
2023-12-06,373.54,374.18,368.03,368.8
2023-12-07,368.23,371.4527,366.32,370.95
2023-12-08,369.2,374.46,368.23,374.23
2023-12-11,368.48,371.6,366.1,371.3
2023-12-12,370.85,374.42,370.46,374.38
2023-12-13,376.02,377.6361,370.77,374.37
2023-12-14,373.31,373.76,364.13,365.93
2023-12-15,366.85,372.4,366.28,370.73
2023-12-18,369.45,373,368.68,372.65
2023-12-19,371.49,373.26,369.84,373.26
2023-12-20,375,376.03,370.53,370.62
2023-12-21,372.56,374.41,370.04,373.54
2023-12-22,373.68,375.18,372.71,374.58
2023-12-26,375,376.94,373.5,374.66
2023-12-27,373.69,375.06,372.8116,374.07
2023-12-28,375.37,376.458,374.16,375.28
2023-12-29,376,377.16,373.48,376.04
2024-01-02,373.86,375.9,366.771,370.87
2024-01-03,369.01,373.2562,368.51,370.6
2024-01-04,370.665,373.1,367.17,367.94
2024-01-05,368.97,372.06,366.5,367.75
2024-01-08,369.3,375.2,369.01,374.69
2024-01-09,372.01,375.99,371.19,375.79
2024-01-10,376.37,384.17,376.32,382.77
2024-01-11,386,390.68,380.38,384.63
2024-01-12,385.49,388.68,384.65,388.47
2024-01-16,393.66,394.03,387.6229,390.27
2024-01-17,387.98,390.11,384.81,389.47
2024-01-18,391.72,393.99,390.12,393.87
2024-01-19,395.76,398.67,393.5,398.67
2024-01-22,400.02,400.62,393.59,396.51
2024-01-23,395.75,399.38,393.93,398.9
2024-01-24,401.54,405.63,400.45,402.56
2024-01-25,404.32,407.01,402.5294,404.87
2024-01-26,404.37,406.17,402.43,403.93
2024-01-29,406.06,409.98,404.33,409.72
2024-01-30,412.26,413.05,406.4501,408.59
2024-01-31,406.96,415.32,397.21,397.58
2024-02-01,401.83,408,401.8,403.78
2024-02-02,403.81,412.65,403.56,411.22
2024-02-05,409.9,411.16,403.99,405.65
2024-02-06,405.88,407.97,402.91,405.49
2024-02-07,407.44,414.3,407.4,414.05
2024-02-08,414.05,415.56,412.53,414.11
2024-02-09,415.25,420.82,415.09,420.55
2024-02-12,420.555,420.74,414.75,415.26
2024-02-13,404.94,410.071,403.39,406.32
2024-02-14,408.07,409.84,404.57,409.49
2024-02-15,408.14,409.13,404.29,406.56
2024-02-16,407.96,408.29,403.44,404.06
2024-02-20,403.24,404.49,398.01,402.79
2024-02-21,400.17,402.29,397.22,402.18
2024-02-22,410.19,412.83,408.57,411.65
2024-02-23,415.67,415.86,408.97,410.34
2024-02-26,411.455,412.16,407.36,407.54
2024-02-27,407.99,408.32,403.85,407.48
2024-02-28,408.175,409.3,405.3201,407.72
2024-02-29,408.64,414.2,405.92,413.64
2024-03-01,411.27,415.87,410.88,415.5
2024-03-04,413.44,417.35,412.32,414.92
2024-03-05,413.96,414.25,400.64,402.65
2024-03-06,402.97,405.16,398.39,402.09
2024-03-07,406.12,409.78,402.24,409.14
2024-03-08,407.96,410.42,404.33,406.22
2024-03-11,403.762,405.68,401.26,404.52
2024-03-12,407.62,415.57,406.79,415.28
2024-03-13,418.1,418.18,411.45,415.1
2024-03-14,420.24,427.82,417.99,425.22
2024-03-15,419.29,422.6,412.79,416.42
2024-03-18,414.25,420.73,413.78,417.32
2024-03-19,417.83,421.6656,415.55,421.41
2024-03-20,422,425.96,420.66,425.23
2024-03-21,429.83,430.82,427.16,429.37
2024-03-22,429.7,429.86,426.07,428.74
2024-03-25,425.24,427.41,421.61,422.86
2024-03-26,425.61,425.99,421.35,421.65
2024-03-27,424.44,424.45,419.01,421.43
2024-03-28,420.96,421.87,419.12,420.72
2024-04-01,423.95,427.89,422.22,424.57
2024-04-02,420.11,422.38,417.84,421.44
2024-04-03,419.73,423.26,419.085,420.45
2024-04-04,424.99,428.67,417.57,417.88
2024-04-05,420.01,426.51,418.32,425.52
2024-04-08,425.17,427.28,423.3,424.59
2024-04-09,426.44,427.74,421.62,426.28
2024-04-10,422.19,424.03,419.7,423.26
2024-04-11,425.82,429.37,422.36,427.93
2024-04-12,424.05,425.1794,419.77,421.9
2024-04-15,426.6,426.82,413.43,413.64
2024-04-16,414.57,418.4,413.7301,414.58
2024-04-17,417.25,418.88,410.33,411.84
2024-04-18,410.63,411.89,403.95,404.27
2024-04-19,404.03,405.48,397.77,399.12
2024-04-22,400.08,402.85,395.75,400.96
2024-04-23,404.235,408.2,403.06,407.57
2024-04-24,409.56,412.47,406.78,409.06
2024-04-25,394.03,399.8899,388.03,399.04
2024-04-26,412.17,413,405.7601,406.32
2024-04-29,405.25,406.32,399.19,402.25
2024-04-30,401.49,402.16,389.17,389.33
2024-05-01,392.61,401.7199,390.31,394.94
2024-05-02,397.66,399.93,394.6515,397.84
2024-05-03,402.28,407.15,401.86,406.66
2024-05-06,408.76,413.93,406.3701,413.54
2024-05-07,414.66,414.67,409.09,409.34
2024-05-08,408.17,412.23,406.7132,410.54
2024-05-09,410.57,412.72,409.1,412.32
2024-05-10,412.935,415.38,411.8,414.74
2024-05-13,418.01,418.348,410.82,413.72
2024-05-14,412.02,417.49,411.55,416.56
2024-05-15,417.9,423.81,417.27,423.08
2024-05-16,421.8,425.42,420.35,420.99
2024-05-17,422.54,422.92,418.025,420.21
2024-05-20,420.21,426.77,419.99,425.34
2024-05-21,426.825,432.97,424.85,429.04
2024-05-22,430.09,432.41,427.13,430.52
2024-05-23,432.97,433.6,425.424,427
2024-05-24,427.19,431.055,424.41,430.16
2024-05-28,429.63,430.82,426.6,430.32
2024-05-29,425.69,430.94,425.69,429.17
2024-05-30,424.3,424.3,414.24,414.67
2024-05-31,416.75,416.75,404.51,415.13
2024-06-03,415.525,416.43,408.9234,413.52
2024-06-04,412.43,416.44,409.675,416.07
2024-06-05,417.81,424.08,416.3,424.01
2024-06-06,424.01,425.31,420.58,424.52
2024-06-07,426.2,426.28,423,423.85
2024-06-10,424.7,428.08,423.89,427.87
2024-06-11,425.475,432.82,425.25,432.68
2024-06-12,435.32,443.4,433.25,441.06
2024-06-13,440.85,443.39,439.37,441.58
2024-06-14,438.275,443.1376,436.721,442.57
2024-06-17,442.585,450.94,440.72,448.37
2024-06-18,449.705,450.14,444.89,446.34
2024-06-20,446.3,446.53,441.27,445.7
2024-06-21,447.38,450.58,446.51,449.78
2024-06-24,449.8,452.75,446.41,447.67
2024-06-25,448.25,451.42,446.75,450.95
2024-06-26,449,453.6,448.19,452.16
2024-06-27,452.175,456.17,451.77,452.85
2024-06-28,453.07,455.38,446.41,446.95
2024-07-01,448.66,457.37,445.66,456.73
2024-07-02,453.2,459.59,453.113,459.28
2024-07-03,458.19,461.02,457.88,460.77
2024-07-05,459.61,468.35,458.965,467.56
2024-07-08,466.55,467.7,464.46,466.24
2024-07-09,467,467.33,458,459.54
2024-07-10,461.22,466.46,458.855,466.25
2024-07-11,462.98,464.78,451.55,454.7
2024-07-12,454.325,456.36,450.645,453.55
2024-07-15,453.3,457.26,451.43,453.96
2024-07-16,454.22,454.3,446.66,449.52
2024-07-17,442.59,444.85,439.18,443.52
2024-07-18,444.34,444.65,434.4,440.37
2024-07-19,433.1,441.14,432,437.11
2024-07-22,441.79,444.6,438.9125,442.94
2024-07-23,443.895,448.39,443.1,444.85
2024-07-24,440.45,441.48,427.585,428.9
2024-07-25,428.8,429.8,417.51,418.4
2024-07-26,418.2,428.915,417.27,425.27
2024-07-29,431.58,432.15,424.7042,426.73
2024-07-30,427.72,429.05,417.36,422.92
2024-07-31,420.495,421.775,412.21,418.35
2024-08-01,420.785,427.46,413.0901,417.11
2024-08-02,412.49,415,404.34,408.49
2024-08-05,389.17,401.04,385.58,395.15
2024-08-06,400,405.67,398.5,399.61
2024-08-07,408.635,410.08,397.47,398.43
2024-08-08,402.44,405.86,399.9407,402.69
2024-08-09,404.03,408.05,402.2624,406.02
2024-08-12,407.06,408.76,404.2434,406.81
2024-08-13,409.59,414.95,409.57,414.01
2024-08-14,414.8,417.72,412.4456,416.86
2024-08-15,419.8,421.11,417.66,421.03
2024-08-16,420.6,421.34,417.3,418.47
2024-08-19,418.96,421.75,416.46,421.53
2024-08-20,421.7,425.86,421.64,424.8
2024-08-21,424.075,426.4,421.72,424.14
2024-08-22,424.36,426.7899,414.61,415.55
2024-08-23,416.98,419.26,412.09,416.79
2024-08-26,416.365,417.2799,411.34,413.49
2024-08-27,412.86,414.36,410.25,413.84
2024-08-28,414.88,415,407.31,410.6
2024-08-29,414.94,422.05,410.6,413.12
2024-08-30,415.6,417.49,412.13,417.14
2024-09-03,417.91,419.88,407.03,409.44
2024-09-04,405.91,411.24,404.37,408.9
2024-09-05,407.62,413.1,406.13,408.39
2024-09-06,409.06,410.65,400.8,401.7
2024-09-09,407.24,408.65,402.15,405.72
2024-09-10,408.2,416.33,407.7,414.2
2024-09-11,415.5,423.99,409.58,423.04
2024-09-12,423.31,427.3692,419.75,427
2024-09-13,425.825,431.83,425.46,430.59
2024-09-16,430.6,433.53,428.22,431.34
2024-09-17,440.23,441.85,432.27,435.15
2024-09-18,435,436.03,430.41,430.81
2024-09-19,441.225,441.5,436.9,438.69
2024-09-20,437.22,439.24,434.22,435.27
2024-09-23,434.28,436.46,430.3889,433.51
2024-09-24,433,433.35,426.1,429.17
2024-09-25,429.83,433.119,428.57,432.11
2024-09-26,435.085,435.3,429.13,431.31
2024-09-27,431.52,431.85,427.47,428.02
2024-09-30,428.21,430.42,425.37,430.3
2024-10-01,428.45,428.48,418.81,420.69
2024-10-02,422.58,422.82,416.71,417.13
2024-10-03,417.63,419.55,414.29,416.54
2024-10-04,418.24,419.75,414.97,416.06
2024-10-07,416,417.11,409,409.54
2024-10-08,410.9,415.66,408.17,414.71
2024-10-09,415.86,420.38,414.3,417.46
2024-10-10,415.225,417.35,413.15,415.84
2024-10-11,416.135,417.13,413.25,416.32
2024-10-14,417.77,424.04,417.52,419.14
2024-10-15,422.18,422.48,415.26,418.74
2024-10-16,415.17,416.36,410.48,416.12
2024-10-17,422.36,422.5,415.59,416.72
2024-10-18,417.14,419.65,416.2601,418.16
2024-10-21,416.12,418.96,413.7501,418.78
2024-10-22,418.49,430.5793,418.04,427.51
2024-10-23,430.855,431.08,422.53,424.6
2024-10-24,425.325,425.9782,422.4,424.73
2024-10-25,426.76,432.52,426.565,428.15
2024-10-28,431.655,431.94,426.3,426.59
2024-10-29,428,433.17,425.8001,431.95
2024-10-30,437.435,438.5,432.1,432.53
2024-10-31,415.36,416.16,406.3,406.35
2024-11-01,409.01,415.5,407.5,410.37
2024-11-04,409.8,410.415,405.5713,408.46
2024-11-05,408.37,414.9,408.08,411.46
2024-11-06,412.42,420.45,410.52,420.18
2024-11-07,421.28,426.85,419.88,425.43
2024-11-08,425.32,426.5,421.78,422.54
2024-11-11,422.515,424.81,416,418.01
2024-11-12,418.25,424.44,417.2,423.03
2024-11-13,421.64,429.325,418.21,425.2
2024-11-14,425,428.17,420,426.89
2024-11-15,419.82,422.8,413.64,415
2024-11-18,414.87,418.4037,412.1,415.76
2024-11-19,413.11,417.94,411.55,417.79
2024-11-20,416.87,417.29,410.58,415.49
2024-11-21,419.5,419.78,410.2887,412.87
2024-11-22,411.365,417.4,411.06,417
2024-11-25,418.38,421.08,414.85,418.79
2024-11-26,419.585,429.0414,418.85,427.99
2024-11-27,425.105,427.2299,422.02,422.99
2024-11-29,420.09,424.8849,417.8,423.46
2024-12-02,421.57,433,421.31,430.98
2024-12-03,429.84,432.47,427.74,431.2
2024-12-04,433.03,439.67,432.63,437.42
2024-12-05,437.92,444.66,436.171,442.62
2024-12-06,442.3,446.1,441.7703,443.57
2024-12-09,442.6,448.33,440.5,446.02
2024-12-10,444.39,449.62,441.6,443.33
2024-12-11,444.05,450.35,444.05,448.99
2024-12-12,449.11,456.1648,449.11,449.56
2024-12-13,448.435,451.43,445.58,447.27
2024-12-16,447.27,452.18,445.28,451.59
2024-12-17,451.01,455.29,449.57,454.46
2024-12-18,451.32,452.65,437.02,437.39
2024-12-19,441.62,443.1834,436.32,437.03
2024-12-20,433.11,443.74,428.63,436.6
2024-12-23,436.74,437.65,432.83,435.25
2024-12-24,434.65,439.6,434.19,439.33
2024-12-26,439.08,440.94,436.63,438.11
2024-12-27,434.6,435.22,426.35,430.53
2024-12-30,426.06,427.55,421.9,424.83
2024-12-31,426.1,426.73,420.66,421.5
2025-01-02,425.53,426.07,414.85,418.58
2025-01-03,421.08,424.03,419.54,423.35
2025-01-06,428,434.32,425.4774,427.85
2025-01-07,429,430.65,420.8,422.37
2025-01-08,423.46,426.97,421.54,424.56
2025-01-10,424.63,424.71,415.02,418.95
2025-01-13,415.235,418.5,412.29,417.19
2025-01-14,417.81,419.74,410.72,415.67
2025-01-15,419.13,428.15,418.265,426.31
2025-01-16,428.695,429.49,424.39,424.58
2025-01-17,434.085,434.48,428.17,429.03
2025-01-21,430.2,430.8999,425.595,428.5
2025-01-22,437.56,447.27,436,446.2
2025-01-23,442,446.75,441.5048,446.71
2025-01-24,445.16,446.65,441.4,444.06
2025-01-27,424.01,435.2,423.5,434.56
2025-01-28,434.6,448.38,431.38,447.2
2025-01-29,446.69,446.88,440.4,442.33
2025-01-30,418.77,422.86,413.16,414.99
2025-01-31,418.98,420.69,414.91,415.06
2025-02-03,411.6,415.41,408.66,410.92
2025-02-04,412.685,413.9199,409.74,412.37
2025-02-05,412.35,413.827,410.4,413.29
2025-02-06,414,418.2,414,415.82
2025-02-07,416.48,418.65,408.1,409.75
2025-02-10,413.71,415.4624,410.92,412.22
2025-02-11,409.64,412.49,409.3,411.44
2025-02-12,407.21,410.75,404.3673,409.04
2025-02-13,407,411,406.36,410.54
2025-02-14,407.79,408.91,405.88,408.43
2025-02-18,408,410.597,406.5,409.64
2025-02-19,407.88,415.49,407.65,414.77
2025-02-20,415.29,419.31,412.54,416.13
2025-02-21,417.335,418.048,407.89,408.21
2025-02-24,408.51,409.37,399.32,404
2025-02-25,401.1,401.915,396.7,397.9
2025-02-26,398.01,403.6,394.245,399.73
2025-02-27,401.265,405.74,392.17,392.53
2025-02-28,392.655,397.63,386.57,396.99
2025-03-03,398.82,398.82,386.155,388.49
2025-03-04,383.4,392.58,381,388.61
2025-03-05,389.34,401.67,388.81,401.02
2025-03-06,394.28,402.15,392.6777,396.89
2025-03-07,392.32,394.8,385.54,393.31
2025-03-10,385.84,386.4,377.22,380.16
2025-03-11,379,386,376.91,380.45
2025-03-12,382.95,385.2165,378.9507,383.27
2025-03-13,383.155,385.32,377.45,378.77
2025-03-14,379.775,390.23,379.51,388.56
2025-03-17,386.7,392.705,385.57,388.7
2025-03-18,387.07,387.37,381.1,383.52
2025-03-19,385.525,389.68,384,387.82
2025-03-20,385.735,391.785,383.28,386.84
2025-03-21,383.215,391.74,382.8,391.26
2025-03-24,395.4,395.4,389.81,393.08
2025-03-25,393.915,396.36,392.64,395.16
2025-03-26,395,395.31,388.57,389.97
2025-03-27,390.13,392.24,387.395,390.58
2025-03-28,388.08,389.13,376.93,378.8
2025-03-31,372.535,377.07,367.24,375.39
2025-04-01,374.65,382.85,373.23,382.19
2025-04-02,377.965,385.08,376.62,382.14
2025-04-03,374.785,377.48,369.35,373.11
2025-04-04,364.125,374.59,359.48,359.84
2025-04-07,350.88,370.9999,344.79,357.86
2025-04-08,368.255,373.65,350.25,354.56
2025-04-09,353.535,393.225,353.1,390.49
2025-04-10,382.06,383.9,367.8,381.35
2025-04-11,380.635,390.05,378.89,388.45
2025-04-14,393.22,394.65,384.21,387.81
2025-04-15,388.505,391.89,384.1599,385.73
2025-04-16,380.67,381.61,368,371.61
2025-04-17,373.745,374.3215,366.89,367.78
2025-04-21,362.815,364.48,355.67,359.12
2025-04-22,363.375,367.77,359.8602,366.82
2025-04-23,376.06,380.39,373.02,374.39
2025-04-24,375.695,388.45,375.19,387.3
2025-04-25,387,392.16,384.6,391.85
2025-04-28,391.955,392.74,386.638,391.16
2025-04-29,391.3,395.1,390.38,394.04
2025-04-30,390.3,396.66,384.44,395.26
2025-05-01,431.11,436.99,424.9,425.4
2025-05-02,431.74,439.44,429.985,435.28
2025-05-05,432.87,439.5,432.11,436.17
2025-05-06,432.2,437.73,431.17,433.31
2025-05-07,433.84,438.12,431.1103,433.35
2025-05-08,437.93,443.67,435.66,438.17
2025-05-09,440,440.74,435.88,438.73
2025-05-12,445.94,449.37,439.78,449.26
2025-05-13,447.78,450.6733,445.36,449.14
2025-05-14,448.14,453.9,448.14,452.94
2025-05-15,450.765,456.19,450.4301,453.13
2025-05-16,452.05,454.36,448.73,454.27
2025-05-19,450.875,459.585,450.8,458.87
2025-05-20,455.59,458.34,454.3201,458.17
2025-05-21,454.57,457.78,451.814,452.57
2025-05-22,454.95,460.25,453.9,454.86
2025-05-23,449.98,453.69,448.91,450.18
2025-05-27,456.48,460.95,456.115,460.69
2025-05-28,461.22,462.52,456.93,457.36
2025-05-29,461.55,461.72,455.3105,458.68
2025-05-30,459.715,461.68,455.54,460.36
2025-06-02,457.14,462.11,456.89,461.97
2025-06-03,461.47,464.14,460.8622,462.97
2025-06-04,464,465.69,463.0201,463.87
2025-06-05,464.955,469.65,464.03,467.68
2025-06-06,470.085,473.335,468.78,470.38
2025-06-09,469.7,473.43,468.62,472.75
2025-06-10,471.185,472.8,466.96,470.92
2025-06-11,470.02,475.47,469.655,472.62
2025-06-12,475.02,480.415,473.52,478.87
2025-06-13,476.41,479.18,472.76,474.96
2025-06-16,475.21,480.6943,475,479.14
2025-06-17,475.395,478.7399,474.08,478.04
2025-06-18,478,481,474.46,480.24
2025-06-20,482.23,483.46,476.87,477.4
2025-06-23,478.21,487.75,472.51,486
2025-06-24,488.95,491.849,486.795,490.11
2025-06-25,492.04,494.5556,489.39,492.27
2025-06-26,492.98,498.04,492.81,497.45
2025-06-27,497.55,499.3,493.03,495.94
2025-06-30,497.04,500.76,495.33,497.41
2025-07-01,496.47,498.05,490.98,492.05
2025-07-02,489.99,493.5,488.7,491.09
2025-07-03,493.81,500.13,493.44,498.84
2025-07-07,497.38,498.75,495.225,497.72
2025-07-08,497.24,498.2,494.11,496.62
2025-07-09,500.3,506.78,499.74,503.51
2025-07-10,503.05,504.44,497.75,501.48
2025-07-11,498.47,505.03,497.795,503.32
2025-07-14,501.515,503.97,501.03,503.02
2025-07-15,503.02,508.3,502.79,505.82
2025-07-16,505.18,506.72,501.89,505.62
2025-07-17,505.68,513.37,505.62,511.7
2025-07-18,514.48,514.64,507.43,510.05
2025-07-21,506.705,512.09,505.55,510.06
2025-07-22,510.97,511.2,505.27,505.27
2025-07-23,506.75,506.79,500.7,505.87
2025-07-24,508.77,513.67,507.3,510.88
2025-07-25,512.465,518.29,510.3592,513.71
2025-07-28,514.08,515,510.12,512.5
2025-07-29,515.53,517.62,511.56,512.57
2025-07-30,515.17,515.95,509.435,513.24
2025-07-31,555.225,555.45,531.9,533.5
2025-08-01,535,535.8,520.86,524.11
2025-08-04,528.27,538.25,528.13,535.64
2025-08-05,537.18,537.3,527.24,527.75
2025-08-06,530.9,531.7,524.03,524.94
2025-08-07,526.8,528.09,517.5511,520.84
2025-08-08,522.6,524.66,519.41,522.04
2025-08-11,522.3,527.59,519.72,521.77
2025-08-12,523.75,530.98,522.7,529.24
2025-08-13,532.11,532.7,519.37,520.58
2025-08-14,522.56,525.9499,520.14,522.48
2025-08-15,522.77,526.1,519.08,520.17
2025-08-18,521.585,522.82,514.02,517.1
2025-08-19,515,515.1641,508.55,509.77
2025-08-20,509.865,511,504.44,505.72
2025-08-21,503.69,507.63,502.7201,504.24
2025-08-22,504.25,510.73,502.41,507.23
2025-08-25,506.63,508.19,504.12,504.26
2025-08-26,504.355,504.9778,498.51,502.04
2025-08-27,502,507.29,499.9,506.74
2025-08-28,507.09,511.09,505.5,509.64
2025-08-29,508.66,509.6,504.4915,506.69
2025-09-02,500.465,506,496.81,505.12
2025-09-03,503.79,507.79,502.32,505.35
2025-09-04,504.3,508.15,503.15,507.97
2025-09-05,509.07,511.97,492.37,495
2025-09-08,498.105,501.195,495.03,498.2
2025-09-09,501.43,502.25,497.7,498.41
2025-09-10,502.98,503.2299,496.72,500.37
2025-09-11,502.25,503.17,497.88,501.01
2025-09-12,506.65,512.55,503.85,509.9
2025-09-15,508.79,515.47,507,515.36
2025-09-16,516.88,517.23,508.6,509.04
2025-09-17,510.62,511.29,505.93,510.02
2025-09-18,511.49,513.07,507.66,508.45
2025-09-19,510.56,519.3,510.31,517.93
2025-09-22,515.59,517.74,512.545,514.45
2025-09-23,513.8,514.5899,507.31,509.23
2025-09-24,510.38,512.48,506.92,510.15
2025-09-25,508.3,510.01,505.04,507.03
2025-09-26,510.06,513.94,506.62,511.46
2025-09-29,511.5,516.845,508.88,514.6
2025-09-30,513.24,518.16,509.66,517.95
2025-10-01,514.8,520.505,511.69,519.71
2025-10-02,517.64,521.6,510.6791,515.74
2025-10-03,517.1,520.49,515,517.35
2025-10-06,518.61,531.03,518.2,528.57
2025-10-07,528.285,529.8,521.44,523.98
2025-10-08,523.28,526.95,523.09,524.85
2025-10-09,522.335,524.325,517.4,522.4
2025-10-10,519.64,523.58,509.63,510.96
2025-10-13,516.41,516.41,511.68,514.05
2025-10-14,510.225,515.282,506,513.57
2025-10-15,514.955,517.19,510,513.43
2025-10-16,512.58,516.85,508.13,511.61
2025-10-17,509.04,515.48,507.31,513.58
2025-10-20,514.61,518.7,513.43,516.79
2025-10-21,517.5,518.69,513.04,517.66
2025-10-22,521.15,525.23,517.71,520.54
2025-10-23,522.46,523.95,518.61,520.56
2025-10-24,522.79,525.345,520.71,523.61
2025-10-27,531.78,534.58,529.01,531.52
2025-10-28,550,553.72,540.77,542.07
2025-10-29,544.94,546.27,536.7287,541.55
2025-10-30,530.48,534.97,522.12,525.76
2025-10-31,528.875,529.32,515.1,517.81
2025-11-03,519.805,524.96,514.59,517.03
2025-11-04,511.76,515.55,507.84,514.33
2025-11-05,513.3,514.83,506.575,507.16
2025-11-06,505.66,505.7,495.81,497.1
2025-11-07,496.945,499.377,493.25,496.82
2025-11-10,500.035,506.85,498.8,506
2025-11-11,504.8,509.6,502.3488,508.68
2025-11-12,509.355,511.67,499.1201,511.14
2025-11-13,510.31,513.5,501.29,503.29
2025-11-14,498.23,511.6,497.44,510.18
2025-11-17,508.45,512.12,504.91,507.49
2025-11-18,495.365,502.98,486.78,493.79
2025-11-19,490.1,495.1872,482.83,487.12
2025-11-20,492.71,493.57,475.5,478.43
2025-11-21,478.5,478.92,468.27,472.12
2025-11-24,475,476.9,468.02,474
2025-11-25,474.07,479.15,464.89,476.99
2025-11-26,486.31,488.31,481.2,485.5
2025-11-28,487.595,492.63,486.65,492.01
2025-12-01,488.435,489.8599,484.6475,486.74
2025-12-02,486.715,493.4999,486.32,490
2025-12-03,476.32,484.24,475.2,477.73
2025-12-04,479.76,481.322,476.49,480.84
2025-12-05,482.515,483.4,478.8801,483.16
2025-12-08,484.885,492.3,484.38,491.02
2025-12-09,489.1,492.12,488.5001,492.02
2025-12-10,484.03,484.25,475.08,478.56
2025-12-11,476.63,486.03,475.86,483.47
2025-12-12,479.82,482.45,476.34,478.53
2025-12-15,480.1,480.7205,472.52,474.82
2025-12-16,471.905,477.89,470.88,476.39
2025-12-17,476.905,480,475,476.12
2025-12-18,478.19,489.6,477.89,483.98
2025-12-19,487.36,487.85,482.49,485.92
2025-12-22,486.12,488.73,482.69,484.92
2025-12-23,484.98,487.83,484.74,486.85
2025-12-24,485.68,489.1625,484.83,488.02
2025-12-26,486.705,488.12,485.96,487.71
2025-12-29,484.855,488.35,484.18,487.1
2025-12-30,485.93,489.68,485.5,487.48
2025-12-31,487.84,488.14,483.3,483.62
2026-01-02,484.385,484.66,470.16,472.94
2026-01-05,474.055,476.07,469.5,472.85
2026-01-06,473.8,478.7367,469.75,478.51
2026-01-07,479.755,489.7,477.95,483.47
2026-01-08,481.24,482.66,475.86,478.11
2026-01-09,474.06,479.82,472.2001,479.28
2026-01-12,476.67,480.99,475.6803,477.18
2026-01-13,474.675,475.7799,465.95,470.67
2026-01-14,466.46,468.2,457.1701,459.38
2026-01-15,464.12,464.25,455.9,456.66
2026-01-16,457.83,463.19,456.48,459.86
2026-01-20,451.215,456.8,449.28,454.52
2026-01-21,452.595,452.69,438.68,444.11
2026-01-22,447.62,452.84,444.7,451.14
2026-01-23,451.87,471.1,450.53,465.95
2026-01-26,465.305,474.25,462,470.28
2026-01-27,473.7,482.87,473.16,480.58
2026-01-28,483.21,483.74,478,481.63
2026-01-29,439.99,442.5,421.02,433.5
2026-01-30,439.17,439.6,426.45,430.29
2026-02-02,430.235,430.736,422.25,423.37
2026-02-03,422.01,422.05,408.56,411.21
2026-02-04,411,419.8,409.24,414.19
2026-02-05,407.44,408.3,392.32,393.67
2026-02-06,399.165,401.79,392.92,401.14
2026-02-09,404.85,414.89,400.87,413.6
2026-02-10,419.62,423.68,412.7,413.27
2026-02-11,416.175,416.46,401.01,404.37
2026-02-12,405,406.2,398.01,401.84
2026-02-13,404.45,405.54,398.05,401.32
2026-02-17,399.22,400.52,394.525,396.86
2026-02-18,398.13,402.56,396.32,399.6
2026-02-19,400.69,404.43,396.67,398.46
2026-02-20,396.11,400.1159,395.16,397.23
2026-02-23,395,395.36,383.1,384.47
2026-02-24,384.14,389.36,381.71,389
2026-02-25,390.525,401.47,390.16,400.6
2026-02-26,404.71,407.49,398.74,401.72
2026-02-27,390.88,396.82,389.88,392.74
2026-03-02,392.855,401.19,390.63,398.55
2026-03-03,393.14,406.7,392.67,403.93
2026-03-04,401.265,411.0326,400.31,405.2
2026-03-05,404.42,411.61,404.4,410.68
2026-03-06,409.2,413.05,408.5101,408.96
2026-03-09,404.915,410.21,403.5,409.41
2026-03-10,410.03,410.2,402.93,405.76
2026-03-11,405.57,409.01,401.59,404.88
2026-03-12,404.63,406.12,401.71,401.86
2026-03-13,401,404.8,394.25,395.55
2026-03-16,398.07,400.63,394.79,399.95
2026-03-17,400.27,404.4,397.745,399.41
2026-03-18,397.125,398,391,391.79
2026-03-19,390.1,392.49,387.06,389.02
2026-03-20,386.79,387,380.12,381.87
2026-03-23,383.9,387.21,381.68,383
2026-03-24,382.36,382.47,371.85,372.74
2026-03-25,376.92,377.06,369.63,371.04
2026-03-26,370.815,374.7199,365.19,365.97
2026-03-27,361.9,362.45,356.51,356.77
2026-03-30,361.895,365.36,356.28,358.96
2026-03-31,364.55,372.9,363.07,370.17
2026-04-01,373.49,373.99,368.2,369.37
2026-04-02,367.205,373.64,364.15,373.46
2026-04-06,373.49,373.73,369.5014,372.88
2026-04-07,370.34,372.45,366.56,372.29
2026-04-08,384.98,385,371.41,374.33
2026-04-09,372.5,373.5,367.05,373.07
2026-04-10,372.98,375.64,370.03,370.87
2026-04-13,373.605,384.54,371.02,384.37
2026-04-14,387.915,394.69,386.52,393.11
2026-04-15,398,414.3699,396.73,411.22
2026-04-16,419.86,420.82,412.14,420.26
2026-04-17,424.82,431.58,420.69,422.79
2026-04-20,421.145,423.33,416.3,418.07
2026-04-21,420.24,427.18,417.2,424.16
2026-04-22,426.185,433.7,423.67,432.92
2026-04-23,419.885,423.66,411.4101,415.75
2026-04-24,416.97,424.95,415.8,424.62
2026-04-27,422.375,427.11,417.0701,424.82
2026-04-28,424.57,429.92,421.9,429.25
2026-04-29,424.575,426.82,420.29,424.46
2026-04-30,410.81,414.42,398.01,407.78
2026-05-01,412.8,417.11,410.435,414.44
2026-05-04,411.54,420.78,410.8,413.62
2026-05-05,415.32,416.7799,408.8,411.38
2026-05-06,408,418.4228,405.11,413.96
2026-05-07,420.11,427.98,418.76,420.77
2026-05-08,417.385,418.63,414,415.12
2026-05-11,407.87,412.69,405.5,412.66
2026-05-12,414.48,415.5,406.64,407.77
2026-05-13,403.2,406.31,401.03,405.21