time,open,high,low,close
2004-08-19,2.502675,2.604023,2.401327,2.510808
2004-08-20,2.539461,2.729645,2.514937,2.710377
2004-08-23,2.773688,2.839752,2.728894,2.737653
2004-08-24,2.785199,2.792707,2.591762,2.624293
2004-08-25,2.626546,2.702619,2.599519,2.65257
2004-08-26,2.630299,2.701368,2.619038,2.700367
2004-08-27,2.705372,2.718134,2.644813,2.656324
2004-08-30,2.639808,2.639808,2.552723,2.552723
2004-08-31,2.560482,2.595265,2.556477,2.561732
2004-09-01,2.56999,2.576747,2.494167,2.508681
2004-09-02,2.479653,2.561732,2.475899,2.540211
2004-09-03,2.526198,2.545967,2.485409,2.502675
2004-09-07,2.527699,2.552473,2.492666,2.541963
2004-09-08,2.520943,2.578248,2.514937,2.559981
2004-09-09,2.564986,2.570241,2.527449,2.560231
2004-09-10,2.542464,2.666584,2.534957,2.635804
2004-09-13,2.674592,2.712879,2.664082,2.690107
2004-09-14,2.694611,2.802716,2.672339,2.789954
2004-09-15,2.766681,2.85852,2.757672,2.802716
2004-09-16,2.811224,2.897808,2.793957,2.852014
2004-09-17,2.863275,2.940099,2.841504,2.940099
2004-09-20,2.926586,3.042949,2.922082,2.986894
2004-09-21,3.007915,3.01342,2.940599,2.948858
2004-09-22,2.939098,2.994652,2.923083,2.962371
2004-09-23,2.973882,3.068724,2.928338,3.02343
2004-09-24,3.027184,3.10551,2.996904,2.998656
2004-09-27,2.991899,3.024931,2.947857,2.959368
2004-09-28,3.029185,3.188089,3.008165,3.174576
2004-09-29,3.166318,3.378774,3.158811,3.280179
2004-09-30,3.258658,3.310708,3.228128,3.243143
2004-10-01,3.269168,3.359256,3.225626,3.317715
2004-10-04,3.398794,3.425069,3.354,3.379775
2004-10-05,3.369766,3.466609,3.309207,3.462605
2004-10-06,3.445088,3.464607,3.403298,3.430324
2004-10-07,3.417312,3.500392,3.417061,3.474617
2004-10-08,3.471614,3.495387,3.428823,3.44659
2004-10-11,3.428572,3.474867,3.349496,3.38478
2004-10-12,3.365512,3.443587,3.338235,3.438332
2004-10-13,3.586476,3.592231,3.505397,3.525917
2004-10-14,3.52892,3.562953,3.46736,3.553443
2004-10-15,3.627265,3.641028,3.552192,3.606245
2004-10-18,3.583473,3.733618,3.533675,3.732617
2004-10-19,3.76615,3.813695,3.687323,3.702088
2004-10-20,3.702088,3.728363,3.493386,3.515657
2004-10-21,3.602992,3.756891,3.543934,3.738122
2004-10-22,4.262131,4.508619,4.105979,4.314931
2004-10-25,4.411275,4.865465,4.317934,4.689544
2004-10-26,4.665747,4.820672,4.504365,4.549409
2004-10-27,4.56167,4.742596,4.548658,4.65376
2004-10-28,4.670276,4.864464,4.644501,4.837188
2004-10-29,4.96381,5.003599,4.769622,4.770623
2004-11-01,4.842192,4.946543,4.786388,4.905504
2004-11-02,4.971318,4.986082,4.838188,4.876476
2004-11-03,4.959556,5.044889,4.773376,4.796398
2004-11-04,4.710815,4.764617,4.588196,4.621979
2004-11-05,4.554414,4.561921,4.217837,4.237857
2004-11-08,4.277395,4.390254,4.239108,4.317934
2004-11-09,4.356722,4.384249,4.135758,4.221591
2004-11-10,4.270889,4.317184,4.162284,4.200571
2004-11-11,4.232351,4.598206,4.193314,4.579938
2004-11-12,4.635242,4.749603,4.439302,4.554414
2004-11-15,4.510621,4.712567,4.473085,4.626233
2004-11-16,4.441804,4.491102,4.274893,4.317809
2004-11-17,4.2306,4.441804,4.229098,4.316683
2004-11-18,4.254122,4.36473,4.147269,4.192563
2004-11-19,4.231601,4.253622,4.167038,4.239108
2004-11-22,4.220215,4.24161,4.036662,4.131504
2004-11-23,4.201947,4.274893,4.166538,4.192062
2004-11-24,4.37524,4.434548,4.316933,4.373238
2004-11-26,4.399263,4.505116,4.387252,4.4891
2004-11-29,4.513374,4.578187,4.442054,4.53064
2004-11-30,4.522132,4.579438,4.510621,4.553913
2004-12-01,4.556916,4.566926,4.493104,4.503364
2004-12-02,4.501862,4.542151,4.46808,4.48935
2004-12-03,4.504365,4.530891,4.444307,4.514374
2004-12-06,4.482594,4.521882,4.404768,4.411525
2004-12-07,4.404268,4.409273,4.267886,4.289907
2004-12-08,4.268387,4.346211,4.222342,4.253622
2004-12-09,4.260379,4.341707,4.215835,4.339955
2004-12-10,4.339955,4.376241,4.286404,4.295412
2004-12-13,4.308425,4.333699,4.240359,4.265383
2004-12-14,4.279147,4.474837,4.244113,4.471583
2004-12-15,4.454067,4.521632,4.420784,4.49886
2004-12-16,4.424788,4.516627,4.403017,4.416029
2004-12-17,4.429292,4.516877,4.418031,4.506367
2004-12-20,4.552662,4.71607,4.55116,4.629987
2004-12-21,4.658765,4.701556,4.589447,4.598206
2004-12-22,4.601959,4.675781,4.579688,4.662018
2004-12-23,4.690796,4.719574,4.65451,4.702056
2004-12-27,4.733337,4.837188,4.732086,4.802404
2004-12-28,4.807409,4.843444,4.779882,4.823674
2004-12-29,4.799151,4.842693,4.799151,4.827178
2004-12-30,4.82893,4.960557,4.800903,4.944792
2004-12-31,4.985581,5.001847,4.81867,4.824425
2005-01-03,4.939787,5.095938,4.89124,5.072666
2005-01-04,5.038132,5.078171,4.841692,4.867217
2005-01-05,4.840941,4.927275,4.810412,4.842442
2005-01-06,4.885985,4.90225,4.697552,4.718322
2005-01-07,4.770623,4.860961,4.724078,4.850951
2005-01-10,4.867217,4.957304,4.800402,4.88123
2005-01-11,4.889238,4.947545,4.834184,4.843193
2005-01-12,4.862963,4.903001,4.76712,4.889238
2005-01-13,4.889238,4.939537,4.855956,4.887987
2005-01-14,4.904753,5.0051,4.857958,5.004099
2005-01-18,5.027122,5.130472,4.971318,5.102444
2005-01-19,5.120963,5.137479,4.92252,4.937285
2005-01-20,4.817168,4.911009,4.804656,4.852703
2005-01-21,4.868217,4.888737,4.707562,4.711566
2005-01-24,4.721826,4.737841,4.512373,4.522382
2005-01-25,4.559418,4.56042,4.411525,4.432295
2005-01-26,4.486097,4.739843,4.483094,4.735589
2005-01-27,4.719323,4.72608,4.634491,4.706561
2005-01-28,4.755108,4.872221,4.663019,4.763116
2005-01-31,4.851451,4.913762,4.797649,4.895244
2005-02-01,4.864214,4.921269,4.770373,4.802153
2005-02-02,5.396229,5.425257,5.096439,5.153995
2005-02-03,5.151492,5.339424,5.150241,5.276613
2005-02-04,5.166757,5.198788,5.069913,5.113956
2005-02-07,5.136477,5.165005,4.892491,4.905504
2005-02-08,4.928777,5.00535,4.867967,4.970817
2005-02-09,5.023868,5.044889,4.741095,4.794146
2005-02-10,4.803905,4.809911,4.635742,4.704059
2005-02-11,4.671027,4.812664,4.656262,4.689544
2005-02-14,4.576685,4.831682,4.529389,4.82943
2005-02-15,4.84482,5.000846,4.831682,4.885484
2005-02-16,4.872221,4.988084,4.862212,4.965061
2005-02-17,4.96356,4.998594,4.925023,4.952299
2005-02-18,4.961558,4.975822,4.921269,4.95355
2005-02-22,4.921519,4.977323,4.764367,4.788891
2005-02-23,4.837188,4.866716,4.721075,4.853453
2005-02-24,4.574433,4.750854,4.560169,4.726831
2005-02-25,4.739092,4.752606,4.642248,4.651257
2005-02-28,4.65451,4.751354,4.650757,4.704309
2005-03-01,4.73684,4.748351,4.639246,4.656012
2005-03-02,4.653259,4.696301,4.613471,4.63399
2005-03-03,4.657764,4.698303,4.61222,4.67966
2005-03-04,4.672027,4.685791,4.631238,4.652008
2005-03-07,4.692547,4.744598,4.680285,4.724829
2005-03-08,4.732086,4.750854,4.628736,4.634491
2005-03-09,4.609717,4.620728,4.508369,4.538148
2005-03-10,4.529639,4.534394,4.439302,4.503865
2005-03-11,4.515376,4.528138,4.433046,4.449312
2005-03-14,4.462575,4.464326,4.318435,4.378994
2005-03-15,4.386751,4.504365,4.359475,4.469581
2005-03-16,4.421785,4.469581,4.379494,4.394259
2005-03-17,4.432545,4.495356,4.399263,4.486598
2005-03-18,4.474586,4.514374,4.462074,4.505366
2005-03-21,4.488099,4.558668,4.435548,4.526386
2005-03-22,4.533893,4.552912,4.450563,4.469331
2005-03-23,4.453566,4.510371,4.453566,4.47884
2005-03-24,4.521882,4.525886,4.484346,4.485597
2005-03-28,4.546405,4.624481,4.528138,4.539899
2005-03-29,4.53064,4.586445,4.456068,4.493605
2005-03-30,4.520381,4.54065,4.494356,4.515626
2005-03-31,4.453065,4.539149,4.445308,4.517127
2005-04-01,4.540901,4.578187,4.504115,4.505366
2005-04-04,4.503114,4.637494,4.500361,4.636743
2005-04-05,4.701806,4.761114,4.693799,4.718823
2005-04-06,4.721826,4.745849,4.694049,4.735089
2005-04-07,4.724078,4.87022,4.720575,4.848698
2005-04-08,4.846947,4.882231,4.790893,4.805907
2005-04-11,4.831932,4.874724,4.812664,4.835436
2005-04-12,4.82968,4.865215,4.739843,4.853578
2005-04-13,4.841442,4.862713,4.747851,4.827928
2005-04-14,4.82968,4.863713,4.75711,4.790893
2005-04-15,4.75711,4.763116,4.620978,4.629486
2005-04-18,4.628486,4.701556,4.5917,4.678784
2005-04-19,4.737841,4.804656,4.70531,4.789641
2005-04-20,4.969316,5.017362,4.902501,4.957304
2005-04-21,5.01536,5.129971,4.987834,5.110452
2005-04-22,5.567896,5.605432,5.361696,5.400483
2005-04-25,5.447779,5.62395,5.443275,5.593671
2005-04-26,5.51084,5.555384,5.462543,5.474055
2005-04-27,5.455037,5.526606,5.423756,5.49983
2005-04-28,5.494324,5.557385,5.44803,5.491572
2005-04-29,5.559638,5.56164,5.450782,5.505335
2005-05-02,5.556635,5.597925,5.51059,5.56264
2005-05-03,5.55163,5.709282,5.538367,5.660235
2005-05-04,5.68626,5.752575,5.680479,5.718041
2005-05-05,5.721044,5.721044,5.652478,5.680004
2005-05-06,5.715538,5.736809,5.667242,5.706029
2005-05-09,5.705529,5.718041,5.641216,5.655981
2005-05-10,5.636712,5.700524,5.623449,5.700524
2005-05-11,5.729803,5.805126,5.703777,5.787859
2005-05-12,5.773345,5.811382,5.710534,5.723546
2005-05-13,5.735057,5.782854,5.688513,5.736559
2005-05-16,5.747569,5.796117,5.719793,5.781853
2005-05-17,5.76909,5.841911,5.760582,5.833903
2005-05-18,5.845915,6.005069,5.843663,5.9848
2005-05-19,6.014328,6.035098,5.962528,5.9853
2005-05-20,6.030344,6.04761,5.997061,6.046109
2005-05-23,6.086398,6.458761,6.073636,6.392445
2005-05-24,6.427481,6.642435,6.343647,6.406208
2005-05-25,6.324379,6.530828,6.271828,6.526576
2005-05-26,6.530327,6.600396,6.463765,6.486284
2005-05-27,6.517815,6.657703,6.487537,6.656451
2005-05-31,6.742282,6.966749,6.740785,6.938474
2005-06-01,7.083115,7.32935,7.057339,7.187715
2005-06-02,7.228257,7.251528,7.121904,7.204479
2005-06-03,7.176706,7.239517,6.941975,7.013297
2005-06-06,7.06585,7.350873,7.052586,7.280554
2005-06-07,7.444714,7.497017,7.264541,7.335111
2005-06-08,7.328354,7.336858,6.956742,6.995781
2005-06-09,7.124904,7.219496,7.020805,7.164695
2005-06-10,7.18196,7.188967,7.007291,7.069351
2005-06-13,7.002287,7.11164,6.919706,7.075607
2005-06-14,6.971508,7.03782,6.950485,6.965502
2005-06-15,6.881669,6.939226,6.692233,6.876665
2005-06-16,6.863151,6.96425,6.833374,6.942726
2005-06-17,6.981766,7.014299,6.904188,7.014299
2005-06-20,6.908947,7.198779,6.799839,7.174451
2005-06-21,7.208737,7.264541,7.13116,7.202982
2005-06-22,7.249273,7.315091,7.223748,7.239517
2005-06-23,7.20473,7.377401,7.169448,7.249774
2005-06-24,7.280804,7.457226,7.246524,7.438458
2005-06-27,7.482251,7.619133,7.353629,7.609877
2005-06-28,7.671436,7.738749,7.557323,7.557323
2005-06-29,7.574088,7.616878,7.310832,7.325098
2005-06-30,7.36564,7.480497,7.283059,7.360881
2005-07-01,7.384158,7.413184,7.237513,7.288313
2005-07-05,7.309586,7.406677,7.262788,7.39992
2005-07-06,7.439711,7.447219,7.291563,7.295192
2005-07-07,7.241765,7.402174,7.219747,7.395668
2005-07-08,7.407428,7.444714,7.358382,7.412933
2005-07-11,7.417185,7.422195,7.282558,7.340866
2005-07-12,7.341862,7.367137,7.280303,7.301674
2005-07-13,7.319844,7.488256,7.309586,7.47875
2005-07-14,7.640907,7.676189,7.509028,7.529544
2005-07-15,7.538305,7.592355,7.50177,7.537052
2005-07-18,7.507275,7.554819,7.45097,7.495765
2005-07-19,7.559828,7.766278,7.55232,7.755013
2005-07-20,7.646662,7.822803,7.55232,7.807566
2005-07-21,7.858867,7.952708,7.787796,7.856112
2005-07-22,7.671436,7.738749,7.415438,7.567331
2005-07-25,7.56708,7.589606,7.381152,7.403427
2005-07-26,7.382404,7.457226,7.309335,7.409432
2005-07-27,7.462982,7.462982,7.317088,7.430449
2005-07-28,7.44246,7.44246,7.339113,7.344617
2005-07-29,7.328104,7.328104,7.181709,7.200978
2005-08-01,7.20999,7.319593,7.209489,7.297318
2005-08-02,7.293316,7.495264,7.285063,7.487004
2005-08-03,7.457226,7.500267,7.397171,7.439711
2005-08-04,7.395918,7.482251,7.38841,7.450469
2005-08-05,7.444714,7.469989,7.289816,7.315842
2005-08-08,7.347122,7.398417,7.269294,7.288313
2005-08-09,7.306079,7.324096,7.219747,7.296322
2005-08-10,7.289565,7.315341,7.128905,7.148926
2005-08-11,7.15418,7.171452,7.022308,7.108139
2005-08-12,7.090874,7.262036,7.047827,7.250049
2005-08-15,7.252029,7.32635,7.101132,7.106887
2005-08-16,7.128905,7.20173,7.090373,7.148175
2005-08-17,7.144674,7.171201,7.106887,7.134416
2005-08-18,6.905942,7.019302,6.881669,7.00654
2005-08-19,7.031564,7.043074,6.997284,7.00679
2005-08-22,7.033818,7.043575,6.840381,6.856895
2005-08-23,6.910695,7.000283,6.85965,6.996282
2005-08-24,6.945983,7.125655,6.917953,7.071104
2005-08-25,7.070603,7.106887,7.006039,7.071605
2005-08-26,7.093874,7.132412,7.073352,7.096379
2005-08-29,7.062844,7.235014,7.062844,7.218244
2005-08-30,7.191716,7.244771,7.15393,7.188717
2005-08-31,7.212739,7.219496,7.115898,7.156935
2005-09-01,7.154681,7.194472,7.131911,7.163192
2005-09-02,7.169698,7.256782,7.167945,7.218244
2005-09-06,7.232008,7.241765,7.176956,7.184715
2005-09-07,7.15418,7.394666,7.138919,7.378904
2005-09-08,7.377902,7.489258,7.341117,7.39191
2005-09-09,7.43921,7.484756,7.421193,7.484505
2005-09-12,7.551067,7.79305,7.532299,7.751011
2005-09-13,7.732493,7.895902,7.661673,7.799556
2005-09-14,7.725736,7.839598,7.514784,7.559578
2005-09-15,7.495264,7.676189,7.454972,7.572842
2005-09-16,7.607873,7.619884,7.504025,7.512279
2005-09-19,7.532299,7.65742,7.525041,7.602118
2005-09-20,7.661172,7.79005,7.638151,7.705215
2005-09-21,7.717727,7.851609,7.656419,7.805061
2005-09-22,7.795054,7.98824,7.76177,7.791804
2005-09-23,7.83259,7.937941,7.822333,7.89165
2005-09-26,7.995248,8.031532,7.821581,7.864622
2005-09-27,7.881386,7.967969,7.842096,7.856112
2005-09-28,7.863119,7.885144,7.647413,7.65742
2005-09-29,7.674435,7.775534,7.659424,7.748011
2005-09-30,7.863119,7.945199,7.814824,7.919173
2005-10-03,7.848353,8.010515,7.827336,7.974726
2005-10-04,8.006508,8.039792,7.776035,7.782542
2005-10-05,7.824831,7.880134,7.707469,7.775284
2005-10-06,7.861115,7.869626,7.759772,7.826334
2005-10-07,7.882889,7.924427,7.771032,7.83234
2005-10-10,7.840349,7.878136,7.736244,7.773781
2005-10-11,7.772785,7.823829,7.628896,7.659925
2005-10-12,7.6374,7.687198,7.482251,7.531548
2005-10-13,7.557323,7.557323,7.274176,7.443211
2005-10-14,7.50477,7.51303,7.320595,7.410679
2005-10-17,7.444714,7.6374,7.371145,7.632396
2005-10-18,7.631394,7.706467,7.575841,7.589355
2005-10-19,7.607372,7.754267,7.60637,7.724985
2005-10-20,7.757267,7.785792,7.537553,7.587351
2005-10-21,8.649129,8.669149,8.333075,8.50574
2005-10-24,8.59258,8.740972,8.563047,8.724702
2005-10-25,8.642628,8.693422,8.579817,8.68116
2005-10-26,8.665398,8.908633,8.663144,8.894618
2005-10-27,8.935912,8.935912,8.800526,8.835063
2005-10-28,8.898626,8.982453,8.88411,8.962934
2005-10-31,9.014736,9.377838,8.996468,9.312522
2005-11-01,9.30552,9.606807,9.234199,9.493697
2005-11-02,9.551755,9.634336,9.438394,9.501205
2005-11-03,9.565269,9.673877,9.543745,9.658108
2005-11-04,9.758957,9.804252,9.645596,9.770216
2005-11-07,9.883076,9.946388,9.813257,9.88533
2005-11-08,9.865811,9.899345,9.723925,9.756953
2005-11-09,9.676125,9.716667,9.459918,9.487942
2005-11-10,9.468178,9.793243,9.444901,9.786987
2005-11-11,9.887585,9.932122,9.730682,9.769465
2005-11-14,9.815011,9.965156,9.797745,9.933876
2005-11-15,9.869061,9.934627,9.783229,9.829527
2005-11-16,9.914607,9.980925,9.86231,9.963403
2005-11-17,10.054745,10.105044,9.997939,10.096032
2005-11-18,10.097034,10.122309,10.005949,10.014954
2005-11-21,9.988928,10.259442,9.846792,10.24393
2005-11-22,10.226157,10.442871,10.165601,10.421849
2005-11-23,10.436114,10.628299,10.404583,10.581757
2005-11-25,10.654826,10.729147,10.642815,10.725897
2005-11-28,10.763183,10.791457,10.571243,10.597269
2005-11-29,10.621792,10.670338,10.063249,10.098287
2005-11-30,10.116304,10.221154,9.898594,10.132634
2005-12-01,10.237423,10.396073,10.217152,10.362294
2005-12-02,10.433609,10.498424,10.356539,10.452628
2005-12-05,10.435112,10.447624,10.116805,10.156094
2005-12-06,10.22741,10.420346,10.05224,10.123311
2005-12-07,10.1651,10.177361,9.984926,10.115302
2005-12-08,10.14233,10.276206,10.075761,10.276206
2005-12-09,10.385064,10.404583,10.223909,10.239922
2005-12-12,10.375802,10.390318,10.25869,10.325307
2005-12-13,10.322503,10.460136,10.30098,10.447374
2005-12-14,10.436114,10.503428,10.397325,10.484159
2005-12-15,10.487916,10.588758,10.4226,10.573497
2005-12-16,10.643817,10.822988,10.579002,10.764179
2005-12-19,10.81548,11.16607,10.51294,10.625299
2005-12-20,10.707874,10.81548,10.627046,10.753921
2005-12-21,10.849265,10.932097,10.527951,10.668591
2005-12-22,10.804593,10.832,10.658577,10.811478
2005-12-23,10.814227,10.822988,10.729899,10.783698
2005-12-27,10.806975,10.806975,10.579252,10.626295
2005-12-28,10.618792,10.704874,10.541716,10.677596
2005-12-29,10.71113,10.728646,10.489413,10.513936
2005-12-30,10.441869,10.465391,10.353533,10.381563
2006-01-03,10.573247,10.902313,10.465641,10.891304
2006-01-04,11.108262,11.234886,11.004414,11.141797
2006-01-05,11.160815,11.299701,11.048206,11.291942
2006-01-06,11.43483,11.77391,11.341991,11.65279
2006-01-09,11.671558,11.846477,11.534676,11.683826
2006-01-10,11.62176,11.767654,11.562205,11.755392
2006-01-11,11.797681,11.889274,11.740876,11.802184
2006-01-12,11.854737,11.886268,11.548691,11.60199
2006-01-13,11.619011,11.683569,11.551447,11.667557
2006-01-17,11.587731,11.758893,11.574467,11.68908
2006-01-18,11.193348,11.445094,11.091999,11.133537
2006-01-19,11.284434,11.348247,10.8355,10.921711
2006-01-20,10.978137,11.011421,9.878072,9.996192
2006-01-23,10.201133,10.720136,10.153088,10.697867
2006-01-24,10.928089,11.134539,10.872536,11.086494
2006-01-25,11.3022,11.366765,10.740908,10.8355
2006-01-26,10.99916,11.01042,10.599273,10.867153
2006-01-27,10.882299,10.966126,10.734902,10.847762
2006-01-30,10.741158,10.842508,10.635306,10.680852
2006-01-31,10.781951,11.000663,10.609604,10.826996
2006-02-01,9.74419,10.059749,9.697398,10.054244
2006-02-02,10.112051,10.172358,9.909102,9.910605
2006-02-03,9.850048,9.85705,9.323287,9.548126
2006-02-06,9.642095,9.756953,9.498206,9.636841
2006-02-07,9.584037,9.601803,9.092435,9.20692
2006-02-08,9.231193,9.276238,8.875349,9.235952
2006-02-09,9.289,9.369077,8.911388,8.977951
2006-02-10,9.057526,9.121339,8.837061,9.074046
2006-02-13,8.664647,8.773505,8.555538,8.650882
2006-02-14,8.641626,8.800777,8.568301,8.591327
2006-02-15,8.540026,8.658391,8.453944,8.5678
2006-02-16,8.65013,9.1839,8.620604,9.170386
2006-02-17,9.260976,9.312522,9.099321,9.227692
2006-02-21,9.169885,9.347559,9.136607,9.173642
2006-02-22,9.187651,9.232696,9.105326,9.146113
2006-02-23,9.149119,9.540245,9.143608,9.46092
2006-02-24,9.441651,9.510968,9.346307,9.444149
2006-02-27,9.540996,9.801997,9.516223,9.768842
2006-02-28,9.839534,9.948141,8.470959,9.074297
2006-03-01,9.222939,9.245208,9.041263,9.128848
2006-03-02,9.115835,9.536744,9.063782,9.420378
2006-03-03,9.616821,9.69039,9.403112,9.463669
2006-03-06,9.531985,9.594295,9.1874,9.211429
2006-03-07,9.134352,9.220184,8.962433,9.120087
2006-03-08,8.856959,9.009481,8.772026,8.855579
2006-03-09,8.893365,8.971945,8.545781,8.583318
2006-03-10,8.596331,8.620854,8.296791,8.445684
2006-03-13,8.531516,8.660895,8.394383,8.434675
2006-03-14,8.436801,8.817798,8.323569,8.787513
2006-03-15,8.777757,8.816045,8.521509,8.620854
2006-03-16,8.723707,8.727207,8.455692,8.477466
2006-03-17,8.478217,8.552789,8.38137,8.502991
2006-03-20,8.566804,8.760742,8.546783,8.713192
2006-03-21,8.758738,8.800026,8.485225,8.506241
2006-03-22,8.501989,8.610847,8.445684,8.51375
2006-03-23,8.567054,8.652134,8.513249,8.555538
2006-03-24,9.223941,9.261227,9.071541,9.153872
2006-03-27,9.186154,9.301763,9.133851,9.251213
2006-03-28,9.301763,9.455666,9.288249,9.439146
2006-03-29,9.507712,9.984676,9.496953,9.884078
2006-03-30,9.739938,9.847042,9.599555,9.720418
2006-03-31,9.727927,9.806256,9.610063,9.759458
2006-04-03,9.747697,9.821267,9.707656,9.751949
2006-04-04,9.756953,10.132316,9.71291,10.118307
2006-04-05,10.215026,10.374305,10.08027,10.209644
2006-04-06,10.172107,10.357284,10.14558,10.289469
2006-04-07,10.320249,10.331264,10.110298,10.163847
2006-04-10,10.186874,10.439364,10.141077,10.419594
2006-04-11,10.420596,10.487666,10.16535,10.251432
2006-04-12,10.234918,10.293227,10.139574,10.233666
2006-04-13,10.225656,10.253937,10.022212,10.06375
2006-04-17,10.096032,10.322503,10.030723,10.180367
2006-04-18,10.208141,10.25569,10.047236,10.115803
2006-04-19,10.324257,10.351028,10.178113,10.272455
2006-04-20,10.285217,10.410088,10.214898,10.385064
2006-04-21,11.233512,11.278929,10.914825,10.938102
2006-04-24,10.995653,11.128283,10.923586,11.023182
2006-04-25,11.001408,11.036696,10.66033,10.689356
2006-04-26,10.703872,10.761429,10.598521,10.659579
2006-04-27,10.583003,10.6831,10.494917,10.510936
2006-04-28,10.475777,10.653573,10.417597,10.458634
2006-05-01,10.471897,10.49617,9.973416,9.982171
2006-05-02,10.036728,10.07201,9.719416,9.879575
2006-05-03,9.918364,10.047236,9.781476,9.863807
2006-05-04,9.88533,9.981426,9.81476,9.878323
2006-05-05,9.949644,10.026715,9.804001,9.867063
2006-05-08,9.887334,9.937633,9.76071,9.879074
2006-05-09,9.901972,10.234918,9.853298,10.229915
2006-05-10,10.217653,10.302733,10.056248,10.084272
2006-05-11,10.095281,10.127563,9.633835,9.684385
2006-05-12,9.597802,9.631086,9.34781,9.36232
2006-05-15,9.407365,9.512966,9.21518,9.414122
2006-05-16,9.408868,9.430642,9.256217,9.291505
2006-05-17,9.27424,9.505213,9.264477,9.371582
2006-05-18,9.478686,9.55451,9.276739,9.283746
2006-05-19,9.341053,9.371582,9.022996,9.259473
2006-05-22,9.205173,9.334797,9.140107,9.282744
2006-05-23,9.364324,9.606306,9.34806,9.39861
2006-05-24,9.442903,9.595297,9.299264,9.540495
2006-05-25,9.486195,9.584288,9.31678,9.584037
2006-05-26,9.623077,9.656355,9.509966,9.543
2006-05-30,9.466174,9.534239,9.295256,9.307518
2006-05-31,9.354121,9.465423,9.178395,9.304518
2006-06-01,9.347559,9.584037,9.299014,9.574782
2006-06-02,9.680383,9.686389,9.445402,9.4952
2006-06-05,9.413621,9.545499,9.362821,9.370079
2006-06-06,9.423756,9.759458,9.416627,9.759207
2006-06-07,9.840536,9.881078,9.671873,9.672123
2006-06-08,9.703153,9.866312,9.473933,9.842039
2006-06-09,9.814259,9.895337,9.643097,9.673626
2006-06-12,9.717919,9.771719,9.534239,9.547753
2006-06-13,9.531734,9.684385,9.462172,9.672496
2006-06-14,9.755205,9.786987,9.47218,9.619069
2006-06-15,9.674879,9.815762,9.584288,9.784482
2006-06-16,9.736938,9.782728,9.709409,9.776973
2006-06-19,9.780731,9.879575,9.683884,9.71291
2006-06-20,9.71016,9.806256,9.672123,9.688637
2006-06-21,9.785985,10.109797,9.753201,10.062999
2006-06-22,10.04924,10.159846,9.709409,10.008448
2006-06-23,10.078767,10.253686,10.028218,10.131321
2006-06-26,10.178614,10.217403,10.091029,10.115302
2006-06-27,10.152587,10.209894,10.034975,10.067758
2006-06-28,10.110047,10.171857,10.037974,10.162601
2006-06-29,10.209644,10.46514,10.155343,10.455383
2006-06-30,10.400081,10.493421,10.318251,10.493421
2006-07-03,10.511187,10.604527,10.49642,10.590261
2006-07-05,10.548222,10.580254,10.401077,10.546719
2006-07-06,10.594642,10.644812,10.559733,10.590011
2006-07-07,10.661583,10.707624,10.407082,10.521445
2006-07-10,10.596267,10.641061,10.419594,10.46514
2006-07-11,10.472771,10.636559,10.335767,10.624297
2006-07-12,10.562488,10.578751,10.428355,10.441368
2006-07-13,10.36004,10.468647,10.180618,10.230666
2006-07-14,10.268203,10.297228,9.974919,10.097285
2006-07-17,10.125437,10.284967,10.102789,10.207139
2006-07-18,10.253686,10.274208,9.953145,10.086025
2006-07-19,9.884829,10.038225,9.876068,9.984676
2006-07-20,10.116805,10.120806,9.65085,9.687391
2006-07-21,9.662861,9.80325,9.451407,9.762158
2006-07-24,9.830028,9.856799,9.539493,9.781977
2006-07-25,9.634837,9.792241,9.604308,9.743445
2006-07-26,9.714413,9.807252,9.584288,9.646848
2006-07-27,9.693647,9.696646,9.457914,9.569271
2006-07-28,9.559263,9.748448,9.552506,9.712415
2006-07-31,9.709409,9.738685,9.592047,9.674378
2006-08-01,9.637092,9.653605,9.396856,9.396856
2006-08-02,9.399111,9.438394,9.138855,9.189655
2006-08-03,9.13335,9.456912,9.092814,9.39385
2006-08-04,9.498206,9.52623,9.302765,9.355318
2006-08-07,9.296509,9.502458,9.287748,9.457914
2006-08-08,9.579785,9.621824,9.486445,9.534239
2006-08-09,9.579284,9.626327,9.418129,9.432639
2006-08-10,9.356064,9.450906,9.320531,9.364073
2006-08-11,9.369077,9.391101,9.208924,9.221436
2006-08-14,9.296509,9.387344,9.225688,9.244707
2006-08-15,9.361825,9.551003,9.324038,9.533488
2006-08-16,9.596299,9.720669,9.562269,9.702401
2006-08-17,9.669117,9.759458,9.607308,9.654357
2006-08-18,9.66712,9.686639,9.527983,9.593299
2006-08-21,9.461671,9.484191,9.389598,9.441651
2006-08-22,9.452513,9.490697,9.380092,9.466425
2006-08-23,9.450155,9.465924,9.325535,9.344804
2006-08-24,9.370079,9.419125,9.315528,9.352312
2006-08-25,9.336049,9.392103,9.321533,9.340552
2006-08-28,9.399361,9.532987,9.384094,9.532987
2006-08-29,9.528735,9.567273,9.439146,9.482938
2006-08-30,9.489445,9.625575,9.471929,9.527983
2006-08-31,9.546605,9.563015,9.46417,9.47243
2006-09-01,9.534117,9.541247,9.438895,9.474184
2006-09-05,9.505965,9.644343,9.445151,9.618323
2006-09-06,9.561768,9.589041,9.500705,9.512716
2006-09-07,9.493947,9.553007,9.444149,9.471428
2006-09-08,9.427135,9.528985,9.427135,9.455415
2006-09-11,9.465673,9.626577,9.453411,9.611566
2006-09-12,9.634336,9.827773,9.63133,9.807001
2006-09-13,9.88833,10.178864,9.887084,10.174111
2006-09-14,10.117306,10.166853,10.057995,10.109296
2006-09-15,10.196881,10.261195,10.178363,10.256937
2006-09-18,10.259942,10.477402,10.246679,10.377305
2006-09-19,10.396574,10.397325,9.828024,10.105044
2006-09-20,10.187375,10.194626,9.875073,9.934627
2006-09-21,10.017209,10.221154,10.006199,10.181119
2006-09-22,10.13432,10.196129,10.043736,10.104292
2006-09-25,10.149337,10.246178,10.072261,10.109296
2006-09-26,10.147333,10.201884,10.053993,10.18162
2006-09-27,10.167354,10.290471,10.06901,10.082769
2006-09-28,10.111801,10.184369,10.023214,10.099289
2006-09-29,10.137949,10.150339,10.044982,10.057244
2006-10-02,10.057244,10.159846,10.029721,10.045733
2006-10-03,10.041982,10.171356,9.964405,10.110799
2006-10-04,10.13407,10.404333,10.086025,10.402579
2006-10-05,10.377555,10.466142,10.281466,10.305238
2006-10-06,10.265447,10.557979,10.253686,10.522697
2006-10-09,10.630303,10.809224,10.595766,10.735403
2006-10-10,10.799467,10.95687,10.56999,10.676594
2006-10-11,10.635807,10.758173,10.604276,10.672843
2006-10-12,10.724394,10.752418,10.610282,10.696364
2006-10-13,10.704373,10.747915,10.649321,10.692863
2006-10-16,10.70287,10.740407,10.54372,10.553977
2006-10-17,10.517694,10.604026,10.427653,10.526198
2006-10-18,10.585136,10.62905,10.447624,10.49292
2006-10-19,10.51594,10.747915,10.499426,10.661833
2006-10-20,11.48588,11.51366,11.350752,11.502895
2006-10-23,11.568211,12.12775,11.520417,12.03116
2006-10-24,11.918551,11.958091,11.796679,11.844229
2006-10-25,11.947454,12.224346,11.889274,12.176827
2006-10-26,12.203824,12.310929,12.116741,12.139266
2006-10-27,12.109257,12.142767,11.823708,11.891522
2006-10-30,11.882016,12.02315,11.761648,11.925809
2006-10-31,11.963094,12.06569,11.857493,11.9213
2006-11-01,11.980482,11.989866,11.642783,11.698837
2006-11-02,11.698837,11.854737,11.670807,11.759143
2006-11-03,11.817201,11.855238,11.637816,11.806394
2006-11-06,11.855739,12.00313,11.819706,11.935315
2006-11-07,11.935443,11.987117,11.805691,11.825712
2006-11-08,11.770158,12.055182,11.726366,11.886519
2006-11-09,11.924055,11.998877,11.807945,11.827208
2006-11-10,11.85599,11.879511,11.768656,11.850235
2006-11-13,11.884014,12.040916,11.864995,12.037416
2006-11-14,12.029156,12.26063,12.024152,12.244367
2006-11-15,12.347714,12.508374,12.310178,12.310178
2006-11-16,12.387004,12.454067,12.325946,12.409523
2006-11-17,12.343211,12.503615,12.336955,12.481847
2006-11-20,12.472084,12.472084,12.328194,12.388256
2006-11-21,12.425542,12.762367,12.407776,12.753607
2006-11-22,12.78664,12.83744,12.656766,12.712569
2006-11-24,12.624734,12.699807,12.612222,12.637246
2006-11-27,12.546411,12.556669,12.130505,12.130505
2006-11-28,12.039041,12.258382,11.937319,12.24937
2006-11-29,12.367985,12.380497,12.067945,12.128
2006-11-30,12.11649,12.27189,12.050429,12.132008
2006-12-01,12.161285,12.221591,11.974104,12.031661
2006-12-04,12.086713,12.197568,11.995377,12.13301
2006-12-05,12.196817,12.247867,12.134006,12.18681
2006-12-06,12.185808,12.321938,12.12475,12.2296
2006-12-07,12.267638,12.306927,12.072197,12.077701
2006-12-08,12.060186,12.226851,12.01164,12.114492
2006-12-11,12.134757,12.234353,12.106733,12.109984
2006-12-12,12.107986,12.170797,12.018648,12.056184
2006-12-13,12.129002,12.149273,11.937068,11.986365
2006-12-14,12.017896,12.105481,11.943074,12.064694
2006-12-15,12.077579,12.114492,12.007638,12.019149
2006-12-18,12.074201,12.080206,11.529172,11.581224
2006-12-19,11.554196,11.744132,11.473619,11.727111
2006-12-20,11.761397,11.798934,11.569464,11.583723
2006-12-21,11.615883,11.642532,11.319484,11.416062
2006-12-22,11.448594,11.477119,11.329228,11.40055
2006-12-26,11.424071,11.497891,11.375776,11.449346
2006-12-27,11.511155,11.713353,11.488636,11.7121
2006-12-28,11.689331,11.725865,11.56746,11.575219
2006-12-29,11.563708,11.623013,11.507654,11.523166
2007-01-03,11.661301,11.928057,11.538935,11.701091
2007-01-04,11.736373,12.110485,11.72011,12.093219
2007-01-05,12.074201,12.199322,11.964347,12.191563
2007-01-08,12.204075,12.258632,12.066692,12.101229
2007-01-09,12.148021,12.21809,12.041668,12.149273
2007-01-10,12.122496,12.35072,12.06269,12.248368
2007-01-11,12.442056,12.555917,12.416531,12.505117
2007-01-12,12.561923,12.637246,12.512125,12.637246
2007-01-16,12.701059,12.83744,12.594706,12.61923
2007-01-17,12.597083,12.706564,12.371486,12.44406
2007-01-18,12.374993,12.424039,12.197568,12.207582
2007-01-19,12.211333,12.280901,12.180303,12.255626
2007-01-22,12.324443,12.328194,11.974104,12.032663
2007-01-23,12.03141,12.130505,11.943825,11.987868
2007-01-24,12.122875,12.500615,12.093971,12.488854
2007-01-25,12.537149,12.624734,12.153275,12.214088
2007-01-26,12.285153,12.459572,12.187561,12.408026
2007-01-29,12.462076,12.480845,12.274395,12.323692
2007-01-30,12.361979,12.462076,12.292411,12.369989
2007-01-31,12.42429,12.637246,12.399766,12.549661
2007-02-01,12.66227,12.662521,12.049928,12.055432
2007-02-02,12.076956,12.136761,11.956838,12.049176
2007-02-05,11.949079,11.961591,11.666054,11.690326
2007-02-06,11.713854,11.843979,11.692831,11.798433
2007-02-07,11.856992,11.870255,11.730869,11.761648
2007-02-08,11.712601,11.855238,11.640027,11.787173
2007-02-09,11.802685,11.828461,11.548691,11.558448
2007-02-12,11.52817,11.57096,11.386535,11.468365
2007-02-13,11.49001,11.580723,11.442589,11.488636
2007-02-14,11.511155,11.739623,11.491635,11.659547
2007-02-15,11.661301,11.664551,11.529172,11.54794
2007-02-16,11.581224,11.765149,11.562706,11.759895
2007-02-20,11.72311,11.830214,11.629018,11.813951
2007-02-21,11.757396,11.978606,11.704842,11.908042
2007-02-22,11.978857,12.117743,11.871251,11.907792
2007-02-23,11.905287,11.935315,11.706345,11.776916
2007-02-26,11.832218,11.892775,11.604996,11.634523
2007-02-27,11.386034,11.506151,11.190092,11.230133
2007-02-28,11.27117,11.352749,11.086745,11.247148
2007-03-01,11.077483,11.321469,11.01067,11.216619
2007-03-02,11.138547,11.22838,10.977636,10.977636
2007-03-05,10.936098,11.148303,10.935597,11.03432
2007-03-06,11.1976,11.486131,11.195346,11.449847
2007-03-07,11.578469,11.589728,11.368268,11.402047
2007-03-08,11.491635,11.648788,11.363514,11.379026
2007-03-09,11.461106,11.471114,11.263417,11.334983
2007-03-12,11.325227,11.39229,11.288692,11.379778
2007-03-13,11.263668,11.309208,11.081491,11.086494
2007-03-14,11.091498,11.227378,10.985646,11.210864
2007-03-15,11.207363,11.256459,11.109264,11.165569
2007-03-16,11.152055,11.178331,11.007915,11.031943
2007-03-19,11.091999,11.223376,11.026432,11.191595
2007-03-20,11.155561,11.200857,11.10076,11.142799
2007-03-21,11.1433,11.425324,11.141174,11.424823
2007-03-22,11.401301,11.565456,11.324225,11.562205
2007-03-23,11.547439,11.595984,11.438086,11.556951
2007-03-26,11.52492,11.636276,11.401552,11.636276
2007-03-27,11.599992,11.642031,11.519665,11.601746
2007-03-28,11.557953,11.647285,11.514906,11.558198
2007-03-29,11.625017,11.661301,11.386034,11.534175
2007-03-30,11.563708,11.596235,11.414559,11.465108
2007-04-02,11.455101,11.47437,11.313967,11.47437
2007-04-03,11.612504,11.867751,11.611252,11.826463
2007-04-04,11.814947,11.83647,11.750889,11.786923
2007-04-05,11.79393,11.8137,11.751891,11.799184
2007-04-09,11.835969,11.83647,11.651043,11.716603
2007-04-10,11.688579,11.781168,11.640278,11.673813
2007-04-11,11.662803,11.74638,11.576471,11.624516
2007-04-12,11.611252,11.711349,11.567209,11.696081
2007-04-13,11.722609,11.730618,11.595239,11.668559
2007-04-16,11.722774,11.936317,11.7151,11.868252
2007-04-17,11.856491,11.9213,11.801439,11.831467
2007-04-18,11.792928,12.009135,11.749637,11.911793
2007-04-19,11.874007,12.060436,11.75114,11.802685
2007-04-20,12.274896,12.324443,12.062189,12.0737
2007-04-23,12.014145,12.136761,11.968098,11.98862
2007-04-24,11.976859,12.011139,11.900283,11.949831
2007-04-25,12.01164,12.045926,11.914298,11.961341
2007-04-26,11.964096,12.122997,11.939323,12.041167
2007-04-27,12.013393,12.071696,11.969852,11.986866
2007-04-30,11.990367,12.045425,11.795928,11.795928
2007-05-01,11.816199,11.831717,11.615504,11.736373
2007-05-02,11.727612,11.788426,11.654543,11.655796
2007-05-03,11.666805,11.863248,11.643534,11.842225
2007-05-04,11.764403,11.882517,11.658295,11.789428
2007-05-07,11.814947,11.831968,11.673061,11.693082
2007-05-08,11.664551,11.715601,11.629519,11.681572
2007-05-09,11.665052,11.804689,11.608246,11.742629
2007-05-10,11.687327,11.748635,11.53668,11.54794
2007-05-11,11.556951,11.686325,11.536179,11.679818
2007-05-14,11.648287,11.699087,11.511155,11.555699
2007-05-15,11.560202,11.574718,11.44634,11.461106
2007-05-16,11.561203,11.839971,11.486632,11.826714
2007-05-17,11.822956,11.892023,11.781669,11.78542
2007-05-18,11.812197,11.828962,11.755141,11.769407
2007-05-21,11.749637,11.991619,11.679317,11.776415
2007-05-22,11.83647,11.986866,11.83647,11.908042
2007-05-23,12.032174,12.096983,11.855238,11.860743
2007-05-24,11.89027,11.991619,11.798934,11.869755
2007-05-25,12.004131,12.135509,11.943324,12.099726
2007-05-29,12.136761,12.306927,12.111737,12.189565
2007-05-30,12.124249,12.483099,12.086713,12.477094
2007-05-31,12.52614,12.731839,12.438555,12.459798
2007-06-01,12.537149,12.637747,12.460323,12.522059
2007-06-04,12.459822,12.77513,12.451819,12.689048
2007-06-05,12.756111,12.987586,12.677538,12.983584
2007-06-06,12.931281,13.03213,12.893995,12.968818
2007-06-07,13.006354,13.175268,12.825179,12.888992
2007-06-08,12.917517,13.003599,12.748853,12.89975
2007-06-11,12.862965,12.968818,12.762367,12.795902
2007-06-12,12.730085,12.804156,12.59145,12.631491
2007-06-13,12.689476,12.725833,12.479342,12.643252
2007-06-14,12.646752,12.659265,12.554665,12.583196
2007-06-15,12.717072,12.737343,12.542904,12.659515
2007-06-18,12.666773,12.912513,12.618228,12.892492
2007-06-19,12.862715,12.943793,12.800906,12.870224
2007-06-20,12.936535,12.98133,12.738846,12.761616
2007-06-21,12.786891,12.894747,12.669278,12.86522
2007-06-22,12.923021,13.137481,12.915018,13.13723
2007-06-25,13.237327,13.387723,13.097189,13.198288
2007-06-26,13.331168,13.342929,13.168761,13.269359
2007-06-27,13.137731,13.212554,13.001601,13.170014
2007-06-28,13.134725,13.25034,13.107703,13.137982
2007-06-29,13.163256,13.197787,12.999096,13.08018
2007-07-02,13.149993,13.30915,13.117711,13.272359
2007-07-03,13.28938,13.372957,13.200292,13.37146
2007-07-05,13.401989,13.623199,13.316652,13.553882
2007-07-06,13.544375,13.609942,13.481314,13.498078
2007-07-09,13.588168,13.731807,13.519602,13.577159
2007-07-10,13.607938,13.688265,13.554383,13.596678
2007-07-11,13.603435,13.675753,13.513345,13.624953
2007-07-12,13.65974,13.696274,13.5186,13.646476
2007-07-13,13.711035,13.83015,13.694521,13.817388
2007-07-16,13.770846,13.978048,13.746072,13.83816
2007-07-17,13.889461,13.956774,13.822892,13.888459
2007-07-18,13.860679,13.875947,13.608439,13.750825
2007-07-19,13.84992,13.851423,13.569149,13.728056
2007-07-20,12.809911,13.092185,12.749855,13.015616
2007-07-23,12.987836,13.01261,12.816167,12.825179
2007-07-24,12.744852,12.979827,12.69005,12.862464
2007-07-25,12.937036,12.938038,12.651261,12.756362
2007-07-26,12.730837,12.827183,12.484095,12.712319
2007-07-27,12.725583,12.928031,12.649758,12.809661
2007-07-30,12.835436,12.996096,12.77488,12.915268
2007-07-31,13.018365,13.023619,12.762367,12.762367
2007-08-01,12.77488,12.925276,12.71582,12.835937
2007-08-02,12.855457,12.887238,12.737343,12.787642
2007-08-03,12.76362,12.842444,12.587198,12.587198
2007-08-06,12.587198,12.766119,12.574686,12.762367
2007-08-07,12.756111,13.009604,12.738345,12.913014
2007-08-08,12.996096,13.157251,12.939792,13.157251
2007-08-09,13.032631,13.183277,12.878227,12.880732
2007-08-10,12.76687,12.980578,12.653009,12.906257
2007-08-13,13.0011,13.006354,12.838192,12.900001
2007-08-14,12.905505,12.947544,12.712319,12.727336
2007-08-15,12.737343,12.804657,12.429794,12.450817
2007-08-16,12.312432,12.422787,12.02315,12.29992
2007-08-17,12.448061,12.537149,12.30317,12.513127
2007-08-20,12.573684,12.576189,12.412028,12.460073
2007-08-21,12.485598,12.716321,12.456321,12.677538
2007-08-22,12.761366,12.918769,12.743599,12.831184
2007-08-23,12.912513,12.915763,12.687295,12.817169
2007-08-24,12.827684,12.901253,12.724831,12.887489
2007-08-27,12.873223,12.948797,12.797399,12.843947
2007-08-28,12.800655,12.886988,12.657016,12.672278
2007-08-29,12.708317,12.844949,12.69305,12.834434
2007-08-30,12.821427,12.897496,12.776829,12.797399
2007-08-31,12.839945,12.925025,12.799152,12.893745
2007-09-04,12.88799,13.212804,12.877983,13.141482
2007-09-05,13.09769,13.249839,13.068915,13.2078
2007-09-06,13.24684,13.2586,12.968567,13.100696
2007-09-07,12.959061,13.04364,12.932534,12.996347
2007-09-10,13.044642,13.064412,12.784386,12.874476
2007-09-11,12.937287,13.053898,12.905756,13.045894
2007-09-12,13.025874,13.212303,12.987586,13.078922
2007-09-13,13.11421,13.193034,13.093187,13.132227
2007-09-14,13.092686,13.26961,13.068163,13.231572
2007-09-17,13.176019,13.244836,13.11446,13.14524
2007-09-18,13.175769,13.444278,13.119464,13.394731
2007-09-19,13.494828,13.749573,13.48457,13.684514
2007-09-20,13.688265,13.933504,13.663992,13.834158
2007-09-21,13.921993,14.03335,13.834158,14.016085
2007-09-24,14.038604,14.300357,14.01358,14.214275
2007-09-25,14.113677,14.252813,14.085152,14.238798
2007-09-26,14.27383,14.308611,14.108924,14.217776
2007-09-27,14.307114,14.307364,14.158221,14.201262
2007-09-28,14.18875,14.252563,14.116683,14.195507
2007-10-01,14.263071,14.622923,14.254066,14.577872
2007-10-02,14.598644,14.934724,14.514315,14.623919
2007-10-03,14.670467,14.739033,14.523076,14.614663
2007-10-04,14.641441,14.641441,14.440495,14.489792
2007-10-05,14.69199,14.914453,14.689485,14.865657
2007-10-08,14.889429,15.271299,14.863152,15.255286
2007-10-09,15.392669,15.609627,15.224501,15.394545
2007-10-10,15.549071,15.657171,15.434959,15.649913
2007-10-11,15.856363,16.050802,15.239768,15.565083
2007-10-12,15.614631,15.975479,15.470992,15.950204
2007-10-15,15.977232,16.012019,15.403678,15.51779
2007-10-16,15.477248,15.663177,15.314591,15.414938
2007-10-17,15.776537,15.865374,15.554826,15.852361
2007-10-18,15.900656,16.049806,15.727741,16.006014
2007-10-19,16.379875,16.478218,16.096348,16.133383
2007-10-22,15.982236,16.390884,15.922431,16.284531
2007-10-23,16.547285,16.956434,16.516005,16.910638
2007-10-24,16.834062,16.953178,16.504996,16.91189
2007-10-25,16.983456,16.990714,16.604842,16.728962
2007-10-26,16.867096,16.929907,16.717702,16.881362
2007-10-29,16.960686,17.01649,16.81855,16.997221
2007-10-30,16.95418,17.514721,16.95418,17.386099
2007-10-31,17.53424,17.692145,17.41788,17.692145
2007-11-01,17.586794,17.860307,17.561519,17.597302
2007-11-02,17.77998,17.856806,17.450413,17.798498
2007-11-05,17.691894,18.273458,17.668874,18.158845
2007-11-06,18.456887,18.562739,18.142581,18.562739
2007-11-07,18.546219,18.69912,18.096033,18.341272
2007-11-08,18.382817,18.390068,16.94592,17.362828
2007-11-09,16.910888,17.063533,16.546283,16.615351
2007-11-12,16.45945,16.764494,15.670435,15.817079
2007-11-13,16.140391,16.539025,15.817079,16.52977
2007-11-14,16.848328,16.90363,15.92218,16.057559
2007-11-15,15.979737,16.203202,15.615132,15.756517
2007-11-16,15.863872,15.90266,15.415439,15.856113
2007-11-19,15.75502,15.934692,15.477499,15.661429
2007-11-20,15.927434,16.493486,15.8371,16.229228
2007-11-21,16.109862,16.765496,16.067572,16.529018
2007-11-23,16.766247,16.973449,16.718954,16.933909
2007-11-26,17.021494,17.351812,16.641126,16.66615
2007-11-27,16.886365,16.927152,16.272269,16.855586
2007-11-28,17.069294,17.374338,16.819797,17.323288
2007-11-29,17.285501,17.586794,17.210929,17.441902
2007-11-30,17.792242,17.793745,17.069294,17.341805
2007-12-03,17.292007,17.391854,17.045015,17.054778
2007-12-04,16.974201,17.316781,16.944423,17.120589
2007-12-05,17.335048,17.490197,17.204172,17.479689
2007-12-06,17.461923,17.931378,17.442153,17.898845
2007-12-07,17.892088,17.967411,17.77973,17.889089
2007-12-10,17.917113,18.137578,17.867315,17.97792
2007-12-11,18.015957,18.042234,17.486446,17.497058
2007-12-12,17.867315,17.875324,17.229196,17.500712
2007-12-13,17.424637,17.45742,17.046768,17.368082
2007-12-14,17.204422,17.509466,17.198166,17.265731
2007-12-17,17.216684,17.402362,16.607842,16.746978
2007-12-18,16.870346,16.934159,16.328323,16.850081
2007-12-19,16.871599,17.003978,16.741223,16.950679
2007-12-20,17.162383,17.291757,17.031758,17.258973
2007-12-21,17.463921,17.498457,17.347811,17.434143
2007-12-24,17.391603,17.535242,17.343308,17.535242
2007-12-26,17.4917,17.847795,17.472181,17.78824
2007-12-27,17.693898,17.917363,17.53545,17.535493
2007-12-28,17.640343,17.715917,17.430392,17.580287
2007-12-31,17.481192,17.579285,17.281249,17.303768
2008-01-02,17.338555,17.451164,16.959684,17.146364
2008-01-03,17.148118,17.187909,16.929406,17.149871
2008-01-04,17.008731,17.040512,16.390884,16.440932
2008-01-07,16.364357,16.573061,15.949208,16.246994
2008-01-08,16.340835,16.515003,15.790302,15.807316
2008-01-09,15.766279,16.349346,15.577846,16.345839
2008-01-10,16.140892,16.445936,16.018275,16.183933
2008-01-11,16.083084,16.252499,15.768033,15.971728
2008-01-14,16.294287,16.450939,16.146897,16.361357
2008-01-15,16.163161,16.241991,15.899905,15.956711
2008-01-16,15.739502,16.01527,15.062845,15.413686
2008-01-17,15.534054,15.658674,14.964752,15.03432
2008-01-18,15.223755,15.264542,14.975761,15.020806
2008-01-22,14.06438,14.951989,14.043608,14.622923
2008-01-23,14.031346,14.213774,12.987586,13.728807
2008-01-24,13.983552,14.506306,13.866935,14.376181
2008-01-25,14.809603,14.889429,14.168228,14.173733
2008-01-28,14.288095,14.319852,13.728306,13.912982
2008-01-29,14.025341,14.046864,13.529859,13.776351
2008-01-30,13.743066,14.024339,13.60093,13.720046
2008-01-31,13.488321,14.338895,13.370208,14.121186
2008-02-01,13.229568,13.429762,12.762367,12.910008
2008-02-04,12.739097,12.831936,12.325696,12.397762
2008-02-05,12.247617,12.737343,12.224847,12.682279
2008-02-06,12.790892,12.791644,12.460323,12.554915
2008-02-07,12.433552,12.867218,12.380998,12.635994
2008-02-08,12.747601,12.955804,12.729835,12.929778
2008-02-11,13.025623,13.105449,12.847447,13.041636
2008-02-12,13.097439,13.27787,12.838192,12.964816
2008-02-13,13.075171,13.387723,12.979827,13.378468
2008-02-14,13.471807,13.539121,13.287877,13.319157
2008-02-15,13.220563,13.329415,13.120967,13.253841
2008-02-19,13.386471,13.389477,12.674783,12.736091
2008-02-20,12.59996,12.787642,12.482598,12.737343
2008-02-21,12.833689,12.842694,12.499613,12.583697
2008-02-22,12.563676,12.737343,12.450817,12.707315
2008-02-25,12.661018,12.674783,12.155279,12.172795
2008-02-26,11.541183,11.673061,11.182089,11.616005
2008-02-27,11.514405,11.89878,11.502144,11.83297
2008-02-28,11.77391,11.98887,11.695336,11.896275
2008-02-29,11.808196,12.005133,11.627515,11.790924
2008-03-03,11.799184,11.829463,11.263668,11.436583
2008-03-04,11.284684,11.344997,10.905068,11.125784
2008-03-05,11.142047,11.365262,11.110767,11.203355
2008-03-06,11.203105,11.343494,10.789954,10.827992
2008-03-07,10.732397,11.01067,10.666336,10.844261
2008-03-10,10.731151,10.785452,10.336017,10.350533
2008-03-11,10.641813,11.014421,10.626545,11.006662
2008-03-12,11.01092,11.207858,10.962375,11.015173
2008-03-13,10.82724,11.185339,10.729899,11.085993
2008-03-14,11.085242,11.244399,10.775946,10.958618
2008-03-17,10.710129,10.853266,10.312746,10.506935
2008-03-18,10.734902,11.031693,10.64857,10.989647
2008-03-19,11.03845,11.198352,10.802216,10.810476
2008-03-20,10.693364,10.903064,10.447624,10.849265
2008-03-24,10.97138,11.655796,10.953614,11.52517
2008-03-25,11.447592,11.447843,11.160815,11.280432
2008-03-26,11.325728,11.582978,11.243146,11.46586
2008-03-27,11.160815,11.226132,11.022932,11.112771
2008-03-28,11.19735,11.350226,10.868284,10.962625
2008-03-31,10.901562,11.077984,10.810726,11.022431
2008-04-01,11.204357,11.673813,11.18259,11.654042
2008-04-02,11.758893,11.905036,11.520912,11.653792
2008-04-03,11.554446,11.593486,11.214114,11.38904
2008-04-04,11.436333,11.957339,11.416062,11.788676
2008-04-07,11.937319,12.14777,11.849734,11.932065
2008-04-08,11.837472,11.864995,11.561454,11.706596
2008-04-09,11.739623,11.811446,11.449596,11.616005
2008-04-10,11.635274,11.858091,11.557452,11.738377
2008-04-11,11.613005,11.692831,11.386284,11.447342
2008-04-14,11.440084,11.447342,11.264664,11.302451
2008-04-15,11.464357,11.504147,11.103759,11.181838
2008-04-16,11.120774,11.468114,11.035694,11.386785
2008-04-17,11.401796,11.495393,11.173829,11.249402
2008-04-18,13.393228,13.70578,13.131976,13.498328
2008-04-21,13.497827,13.57791,13.270111,13.457792
2008-04-22,13.452288,14.034346,13.452037,13.888459
2008-04-23,13.962029,13.996315,13.536867,13.675502
2008-04-24,13.79562,13.875696,13.513596,13.58917
2008-04-25,13.738814,13.83841,13.581411,13.614695
2008-04-28,13.660235,13.933754,13.488071,13.816392
2008-04-29,13.78411,14.09866,13.763588,13.975292
2008-04-30,14.068883,14.635686,13.975292,14.371178
2008-05-01,14.471776,14.887675,14.43829,14.841384
2008-05-02,14.976763,15.075858,14.496549,14.546347
2008-05-05,14.986025,14.989526,14.692485,14.886924
2008-05-06,14.789332,14.814356,14.589138,14.673222
2008-05-07,14.771065,15.001787,14.424727,14.489041
2008-05-08,14.669214,14.746792,14.486786,14.589388
2008-05-09,14.489041,14.639186,14.296355,14.343899
2008-05-12,14.382688,14.682979,14.236544,14.637683
2008-05-13,14.669966,14.713007,14.477781,14.589138
2008-05-14,14.676472,14.794085,14.3952,14.421477
2008-05-15,14.489041,14.587885,14.404211,14.539089
2008-05-16,14.549848,14.631177,14.472026,14.515818
2008-05-19,14.477781,14.736277,14.351908,14.452005
2008-05-20,14.379682,14.576125,14.336641,14.479034
2008-05-21,14.47703,14.549347,13.710534,13.763087
2008-05-22,13.812134,13.868689,13.519351,13.749823
2008-05-23,13.687263,13.83841,13.458293,13.62871
2008-05-27,13.637214,14.078646,13.609441,14.036099
2008-05-28,14.212271,14.301108,14.041109,14.21978
2008-05-29,14.38369,14.661205,14.343899,14.589138
2008-05-30,14.600898,14.762304,14.546598,14.659207
2008-06-02,14.576626,14.611407,14.295604,14.388944
2008-06-03,14.42648,14.526577,14.028848,14.196258
2008-06-04,14.146961,14.464016,14.127442,14.319376
2008-06-05,14.440996,14.715261,14.419222,14.671719
2008-06-06,14.507809,14.532082,14.18875,14.18875
2008-06-09,14.215277,14.263822,13.648223,13.960281
2008-06-10,13.752328,13.984053,13.68276,13.867687
2008-06-11,13.919489,13.947018,13.624702,13.64322
2008-06-12,13.732308,13.963531,13.685259,13.837158
2008-06-13,14.050866,14.406459,14.047011,14.301609
2008-06-16,14.176238,14.491546,14.176238,14.334142
2008-06-17,14.422729,14.46577,14.22328,14.250308
2008-06-18,14.12644,14.238548,13.992557,14.073135
2008-06-19,13.89722,14.108172,13.783609,14.018584
2008-06-20,13.938006,13.938006,13.625955,13.673999
2008-06-23,13.647228,13.842161,13.563644,13.64347
2008-06-24,13.641717,13.793115,13.390479,13.570652
2008-06-25,13.637465,13.958522,13.604932,13.788362
2008-06-26,13.615697,13.636463,13.219311,13.233326
2008-06-27,13.204794,13.262852,12.889743,13.214557
2008-06-30,13.324662,13.463046,13.089186,13.173264
2008-07-01,13.002102,13.431015,12.937537,13.381217
2008-07-02,13.425761,13.522601,13.164258,13.188782
2008-07-03,13.284871,13.493826,13.200292,13.438022
2008-07-07,13.570652,13.738313,13.402991,13.610938
2008-07-08,13.66299,13.893212,13.513095,13.876698
2008-07-09,13.782356,13.905473,13.531362,13.551884
2008-07-10,13.638216,13.750825,13.280894,13.527361
2008-07-11,13.42551,13.500583,12.998344,13.357946
2008-07-14,13.488071,13.514702,12.898748,13.053152
2008-07-15,12.919521,13.200292,12.539654,12.914767
2008-07-16,12.863466,13.42551,12.777385,13.402991
2008-07-17,13.366951,13.439275,13.125219,13.348934
2008-07-18,12.470837,12.4866,11.966345,12.044674
2008-07-21,12.033658,12.113991,11.653792,11.73137
2008-07-22,11.679317,12.017896,11.651306,11.939323
2008-07-23,12.051932,12.442807,11.964096,12.242363
2008-07-24,12.429544,12.433802,11.902037,11.902037
2008-07-25,12.174047,12.34026,12.049176,12.31143
2008-07-28,12.314185,12.314185,11.889769,11.939573
2008-07-29,11.994124,12.193316,11.961591,12.089468
2008-07-30,12.149273,12.162286,11.831717,12.079204
2008-07-31,11.87551,12.033909,11.797431,11.855238
2008-08-01,11.824209,11.841975,11.573716,11.707848
2008-08-04,11.714312,11.836721,11.558699,11.586228
2008-08-05,11.701091,12.013644,11.669561,12.007889
2008-08-06,11.970853,12.256127,11.824209,12.170296
2008-08-07,12.061688,12.111737,11.921801,11.989622
2008-08-08,12.015391,12.405772,11.903784,12.387254
2008-08-11,12.323692,12.734337,12.306426,12.533148
2008-08-12,12.562173,12.665521,12.462076,12.577441
2008-08-13,12.552166,12.600712,12.358974,12.512876
2008-08-14,12.454568,12.702562,12.419286,12.649508
2008-08-15,12.687044,12.778881,12.649758,12.766119
2008-08-18,12.758366,12.762367,12.399766,12.469585
2008-08-19,12.272641,12.469084,12.177548,12.274395
2008-08-20,12.379996,12.429293,12.075954,12.136761
2008-08-21,12.084709,12.259378,11.993373,12.175049
2008-08-22,12.299419,12.3839,12.248869,12.276649
2008-08-25,12.164541,12.437052,12.049176,12.086963
2008-08-26,12.098223,12.098223,11.776164,11.865496
2008-08-27,11.854737,11.882267,11.632275,11.725865
2008-08-28,11.823708,11.922803,11.769658,11.85599
2008-08-29,11.755141,11.786672,11.569464,11.593486
2008-09-02,11.930812,12.066191,11.546687,11.642532
2008-09-03,11.729616,11.868746,11.500647,11.62151
2008-09-04,11.511155,11.592233,11.245895,11.267419
2008-09-05,11.148053,11.322373,11.012674,11.117023
2008-09-08,11.311462,11.334482,10.448877,10.508933
2008-09-09,10.58951,10.819982,10.385064,10.47665
2008-09-10,10.622043,10.622293,10.251933,10.364041
2008-09-11,10.218655,10.887803,10.169352,10.854268
2008-09-12,10.765682,11.060468,10.735403,10.952111
2008-09-15,10.610282,11.059967,10.603024,10.857024
2008-09-16,10.659329,11.242896,10.647568,11.083989
2008-09-17,10.972633,10.989146,10.346024,10.372301
2008-09-18,10.576246,10.990148,10.272455,10.98765
2008-09-19,11.536179,11.562957,11.09275,11.239639
2008-09-22,11.36426,11.36426,10.735403,10.763928
2008-09-23,10.841756,11.03044,10.653329,10.74216
2008-09-24,10.768938,11.135791,10.763183,10.888304
2008-09-25,10.981644,11.260912,10.910072,11.000663
2008-09-26,10.710379,10.939599,10.535961,10.786454
2008-09-29,10.497923,10.59802,9.526981,9.534239
2008-09-30,9.909603,10.637811,9.817516,10.022713
2008-10-01,10.288718,10.434611,10.087278,10.302983
2008-10-02,10.254688,10.259442,9.65936,9.771719
2008-10-03,9.943388,10.322503,9.586041,9.68213
2008-10-06,9.358569,9.408868,8.937659,9.289251
2008-10-07,9.342305,9.383593,8.642628,8.658641
2008-10-08,8.262004,8.983455,8.160661,8.460952
2008-10-09,8.621355,8.722607,8.049548,8.232477
2008-10-10,7.836592,8.555538,7.765026,8.308051
2008-10-13,8.903379,9.558011,8.652134,9.53474
2008-10-14,9.847794,9.872067,8.933657,9.076545
2008-10-15,8.874848,8.983706,8.478969,8.487473
2008-10-16,8.32707,8.921145,7.743502,8.834061
2008-10-17,9.483189,9.65936,9.097567,9.322535
2008-10-20,9.502959,9.533738,8.998472,9.4922
2008-10-21,9.318778,9.603807,9.058778,9.077547
2008-10-22,8.933407,9.251213,8.608342,8.900373
2008-10-23,8.849824,8.958682,8.457946,8.816546
2008-10-24,8.169666,8.770248,8.126375,8.490479
2008-10-27,8.378371,8.583318,8.147898,8.24524
2008-10-28,8.484473,9.241707,8.220717,9.227692
2008-10-29,9.153621,9.283997,8.817798,8.958682
2008-10-30,9.220434,9.309021,8.967943,9.000971
2008-10-31,8.912635,9.308019,8.865342,8.992717
2008-11-03,8.948173,9.083552,8.544028,8.670652
2008-11-04,8.844569,9.318032,8.645878,9.182397
2008-11-05,9.06253,9.230942,8.541028,8.564299
2008-11-06,8.507494,8.61885,8.153152,8.288531
2008-11-07,8.336081,8.53702,8.141166,8.286527
2008-11-10,8.207954,8.244091,7.744254,7.977231
2008-11-11,7.724734,7.915172,7.520313,7.794052
2008-11-12,7.558576,7.819828,7.200978,7.282057
2008-11-13,7.301326,7.83259,7.00679,7.80957
2008-11-14,7.588604,8.132631,7.571339,7.758018
2008-11-17,7.582348,7.761519,7.455974,7.510281
2008-11-18,7.546565,7.600615,7.140672,7.44271
2008-11-19,7.39191,7.512028,6.971258,7.011293
2008-11-20,6.878913,7.08036,6.482283,6.495296
2008-11-21,6.569116,6.740785,6.188497,6.567112
2008-11-24,6.73803,6.755295,6.231288,6.442241
2008-11-25,6.723514,7.173449,6.689484,7.058091
2008-11-26,7.013798,7.393664,6.911697,7.309335
2008-11-28,7.271549,7.418438,7.213992,7.331103
2008-12-01,7.17395,7.191466,6.656023,6.6562
2008-12-02,6.74979,6.951237,6.57087,6.884424
2008-12-03,6.752796,7.040826,6.639937,6.992524
2008-12-04,6.919957,7.094124,6.725768,6.865155
2008-12-05,6.782073,7.112893,6.606903,7.106637
2008-12-08,7.256782,7.743502,7.056839,7.560079
2008-12-09,7.449467,7.957711,7.432453,7.656669
2008-12-10,7.738499,7.880134,7.620135,7.727991
2008-12-11,7.611624,7.829584,7.452223,7.51278
2008-12-12,7.39992,7.919424,7.357129,7.901657
2008-12-15,7.857865,7.969973,7.635152,7.774282
2008-12-16,7.870628,8.24549,7.789299,8.139889
2008-12-17,7.973724,8.061059,7.818074,7.888644
2008-12-18,7.925179,8.016521,7.735249,7.764525
2008-12-19,7.782291,7.952457,7.732493,7.76177
2008-12-22,7.721484,7.745005,7.272795,7.434958
2008-12-23,7.518034,7.590107,7.423942,7.457727
2008-12-24,7.54431,7.665931,7.466733,7.581095
2008-12-26,7.609125,7.638903,7.464986,7.516286
2008-12-29,7.51278,7.541805,7.296573,7.44271
2008-12-30,7.527296,7.677692,7.474993,7.585103
2008-12-31,7.612376,7.782542,7.572591,7.698708
2009-01-02,7.722474,8.0533,7.644908,8.040794
2009-01-05,8.032784,8.289032,7.882639,8.209206
2009-01-06,8.332574,8.528241,8.167662,8.359602
2009-01-07,8.215964,8.280772,7.97648,8.058059
2009-01-08,7.964719,8.137634,7.941198,8.137634
2009-01-09,8.195442,8.195442,7.842597,7.884392
2009-01-12,7.915422,7.981483,7.763273,7.824831
2009-01-13,7.801811,8.022777,7.767274,7.865624
2009-01-14,7.757517,7.852611,7.45097,7.531548
2009-01-15,7.446468,7.596864,7.176706,7.482
2009-01-16,7.632897,7.713725,7.399669,7.499015
2009-01-20,7.485751,7.494763,7.075607,7.075607
2009-01-21,7.215745,7.59486,7.215745,7.584352
2009-01-22,7.458228,7.741254,7.385905,7.669933
2009-01-23,7.73925,8.307049,7.612877,8.125373
2009-01-26,8.12913,8.207954,8.021775,8.104607
2009-01-27,8.169165,8.354849,8.114614,8.295038
2009-01-28,8.457696,8.816796,8.415907,8.725203
2009-01-29,8.621856,8.634619,8.511,8.591327
2009-01-30,8.625607,8.72846,8.408173,8.47146
2009-02-02,8.365358,8.633366,8.308051,8.522511
2009-02-03,8.572559,8.583318,8.353811,8.519505
2009-02-04,8.509998,8.869594,8.487473,8.583318
2009-02-05,8.531015,8.893115,8.433172,8.851577
2009-02-06,8.920143,9.354316,8.894618,9.291004
2009-02-09,9.291004,9.534239,9.191408,9.478436
2009-02-10,9.408617,9.446654,8.955926,8.971444
2009-02-11,8.982453,9.133851,8.83356,8.959683
2009-02-12,8.837562,9.099321,8.795523,9.085055
2009-02-13,9.063532,9.083552,8.889364,8.950672
2009-02-17,8.671153,8.685669,8.500486,8.574807
2009-02-18,8.68942,8.843066,8.521258,8.836316
2009-02-19,8.945418,9.003726,8.543527,8.574306
2009-02-20,8.459449,8.731459,8.383124,8.66965
2009-02-23,8.683415,8.753484,8.246743,8.259505
2009-02-24,8.283528,8.748981,8.280271,8.644626
2009-02-25,8.562045,8.816045,8.481217,8.549282
2009-02-26,8.657389,8.820798,8.437174,8.437675
2009-02-27,8.331823,8.603839,8.285782,8.457946
2009-03-02,8.341335,8.525761,8.157905,8.186931
2009-03-03,8.259756,8.35034,8.066569,8.144892
2009-03-04,8.086834,8.232978,7.892145,7.980732
2009-03-05,7.919674,7.98474,7.573336,7.648409
2009-03-06,7.687949,7.762271,7.363361,7.721735
2009-03-09,7.506774,7.671686,7.243268,7.279301
2009-03-10,7.463483,7.77003,7.363386,7.711721
2009-03-11,7.760022,8.00776,7.650162,7.955457
2009-03-12,7.946201,8.132881,7.848854,8.096096
2009-03-13,8.16041,8.19444,7.983487,8.118365
2009-03-16,8.157655,8.251245,7.972478,8.000001
2009-03-17,8.012263,8.391634,7.98499,8.391634
2009-03-18,8.378371,8.508245,8.209298,8.33558
2009-03-19,8.300041,8.408148,8.192436,8.2565
2009-03-20,8.265511,8.332825,8.166416,8.262004
2009-03-23,8.34709,8.744723,8.333827,8.72348
2009-03-24,8.670903,8.854583,8.608342,8.687545
2009-03-25,8.768495,8.792022,8.414404,8.610095
2009-03-26,8.83681,8.987707,8.720951,8.840818
2009-03-27,8.758487,8.808438,8.645127,8.70093
2009-03-30,8.572009,8.603589,8.409523,8.575559
2009-03-31,8.731814,8.846323,8.662796,8.709942
2009-04-01,8.602837,8.889614,8.523513,8.860839
2009-04-02,9.091562,9.252967,9.01674,9.071291
2009-04-03,9.121339,9.302013,8.958682,9.253468
2009-04-06,9.1839,9.25447,9.043817,9.21493
2009-04-07,9.073796,9.102571,8.891368,8.974945
2009-04-08,9.096315,9.133851,8.913887,9.058778
2009-04-09,9.24646,9.36783,9.165132,9.321533
2009-04-13,9.292257,9.486696,9.266481,9.461922
2009-04-14,9.432639,9.433892,9.148868,9.231694
2009-04-15,9.186405,9.535742,9.112829,9.496703
2009-04-16,9.546751,9.832025,9.53474,9.727927
2009-04-17,9.659861,10.005197,9.629583,9.815512
2009-04-20,9.663112,9.775721,9.406363,9.491699
2009-04-21,9.41337,9.616821,9.411623,9.546
2009-04-22,9.553007,9.759458,9.484441,9.605811
2009-04-23,9.697147,9.753201,9.536995,9.626577
2009-04-24,9.660613,9.839033,9.521727,9.746695
2009-04-27,9.617822,9.746695,9.578032,9.658108
2009-04-28,9.603056,9.735686,9.547753,9.602054
2009-04-29,9.658609,9.883827,9.655108,9.796242
2009-04-30,9.903597,10.103541,9.879575,9.908852
2009-05-01,9.88533,9.949394,9.798246,9.851795
2009-05-04,9.963904,10.069756,9.879325,10.059229
2009-05-05,10.009199,10.134821,9.940883,10.084522
2009-05-06,10.179616,10.216902,10.034724,10.096533
2009-05-07,10.112302,10.134571,9.822018,9.924871
2009-05-08,10.081022,10.263156,9.884579,10.19313
2009-05-11,10.079769,10.309991,10.039728,10.209393
2009-05-12,10.260193,10.284716,9.887334,9.984926
2009-05-13,9.861809,9.91936,9.71817,9.747947
2009-05-14,9.72943,9.81476,9.626577,9.696897
2009-05-15,9.786987,9.86231,9.7367,9.759458
2009-05-18,9.877822,9.942386,9.644343,9.930626
2009-05-19,9.912108,10.050737,9.83453,9.98167
2009-05-20,10.062003,10.151585,9.884579,9.93913
2009-05-21,9.917112,10.080771,9.855473,9.922115
2009-05-22,9.926117,9.975915,9.809518,9.847042
2009-05-26,9.808241,10.134821,9.759458,10.118808
2009-05-27,10.150834,10.306448,10.130068,10.148836
2009-05-28,10.226909,10.300485,10.125065,10.26995
2009-05-29,10.312746,10.440941,10.277458,10.440867
2009-06-01,10.478404,10.75042,10.4734,10.674346
2009-06-02,10.666587,10.759426,10.595265,10.720386
2009-06-03,10.66033,10.822059,10.610282,10.801715
2009-06-04,10.893057,11.0417,10.873037,11.017678
2009-06-05,11.137545,11.19435,10.997156,11.118777
2009-06-08,10.998158,11.03369,10.86353,10.979891
2009-06-09,10.975138,11.023182,10.80447,10.901067
2009-06-10,10.916328,10.957866,10.677095,10.825493
2009-06-11,10.804721,10.853767,10.719641,10.735403
2009-06-12,10.681854,10.70287,10.540463,10.631305
2009-06-15,10.547721,10.547721,10.36004,10.429357
2009-06-16,10.49292,10.537464,10.395572,10.410088
2009-06-17,10.414841,10.503177,10.298982,10.389065
2009-06-18,10.402078,10.477402,10.335015,10.361542
2009-06-19,10.465391,10.521695,10.374556,10.512439
2009-06-22,10.43386,10.447374,10.056999,10.193631
2009-06-23,10.176109,10.234668,10.073513,10.151836
2009-06-24,10.228412,10.315746,10.173861,10.242176
2009-06-25,10.18487,10.407583,10.172608,10.404333
2009-06-26,10.35203,10.716134,10.337771,10.643316
2009-06-29,10.66033,10.705375,10.566239,10.613783
2009-06-30,10.610282,10.690609,10.465641,10.549976
2009-07-01,10.615286,10.670338,10.463888,10.48491
2009-07-02,10.395321,10.395321,10.180117,10.222156
2009-07-06,10.172358,10.275955,10.051238,10.250186
2009-07-07,10.2159,10.239671,9.909102,9.925365
2009-07-08,10.0097,10.159846,9.961154,10.07201
2009-07-09,10.162851,10.371299,10.154842,10.269699
2009-07-10,10.249306,10.444374,10.22741,10.370047
2009-07-13,10.414444,10.623295,10.389566,10.617791
2009-07-14,10.603024,10.678598,10.531959,10.627547
2009-07-15,10.751917,10.977636,10.722641,10.964874
2009-07-16,10.927588,11.154559,10.863029,11.075736
2009-07-17,10.8355,10.89756,10.677846,10.766684
2009-07-20,10.757422,10.831737,10.666587,10.76468
2009-07-21,10.783949,10.807971,10.653323,10.707874
2009-07-22,10.710379,10.765431,10.59777,10.70262
2009-07-23,10.727394,11.040948,10.647818,10.944157
2009-07-24,10.90582,11.273174,10.885549,11.178832
2009-07-27,11.161817,11.179584,10.950865,11.130788
2009-07-28,11.035694,11.08099,10.913078,11.006919
2009-07-29,10.941352,10.955618,10.807598,10.916579
2009-07-30,11.075986,11.297697,11.075986,11.151804
2009-07-31,11.260412,11.328477,11.071477,11.086995
2009-08-03,11.229382,11.358505,11.201853,11.316215
2009-08-04,11.24515,11.361009,11.221623,11.35435
2009-08-05,11.411058,11.433828,11.207858,11.289437
2009-08-06,11.368518,11.383028,11.224128,11.269924
2009-08-07,11.402798,11.496639,11.385783,11.438587
2009-08-10,11.389534,11.471364,11.355755,11.426326
2009-08-11,11.352749,11.441837,11.320418,11.359409
2009-08-12,11.396291,11.554947,11.38403,11.475623
2009-08-13,11.564955,11.629269,11.483876,11.568211
2009-08-14,11.580723,11.59073,11.433327,11.511155
2009-08-17,11.298449,11.310711,11.088761,11.133036
2009-08-18,11.138296,11.203355,11.068728,11.142799
2009-08-19,11.01042,11.135791,10.974649,11.110016
2009-08-20,11.310961,11.565706,11.291692,11.521413
2009-08-21,11.64979,11.663555,11.577467,11.642282
2009-08-24,11.695086,11.763652,11.621889,11.729616
2009-08-25,11.739623,11.870255,11.729366,11.795684
2009-08-26,11.830465,11.83647,11.678816,11.711349
2009-08-27,11.725865,11.725865,11.529422,11.662803
2009-08-28,11.74288,11.820708,11.595734,11.63002
2009-08-31,11.505901,11.557703,11.461106,11.552943
2009-09-01,11.503145,11.681822,11.371518,11.405077
2009-09-02,11.406555,11.469367,11.325728,11.336236
2009-09-03,11.406555,11.467363,11.386034,11.449095
2009-09-04,11.450348,11.576221,11.405553,11.543688
2009-09-08,11.61851,11.686074,11.407056,11.476625
2009-09-09,11.487634,11.668058,11.481127,11.610501
2009-09-10,11.677564,11.784919,11.561203,11.784919
2009-09-11,11.771405,11.843979,11.702087,11.814947
2009-09-14,11.77416,11.931564,11.76265,11.889525
2009-09-15,11.888523,11.984361,11.829212,11.950081
2009-09-16,12.006636,12.24612,11.973603,12.219092
2009-09-17,12.276148,12.446314,12.190561,12.304923
2009-09-18,12.431297,12.436551,12.292662,12.298417
2009-09-21,12.205327,12.484596,12.16729,12.437052
2009-09-22,12.535145,12.561923,12.457323,12.488604
2009-09-23,12.531645,12.687295,12.454818,12.473587
2009-09-24,12.523886,12.547407,12.336955,12.431297
2009-09-25,12.369238,12.510372,12.311931,12.323942
2009-09-28,12.383002,12.549661,12.344335,12.47534
2009-09-29,12.500364,12.505869,12.337206,12.47534
2009-09-30,12.512125,12.515626,12.192815,12.408277
2009-10-01,12.336955,12.423789,12.18681,12.191813
2009-10-02,12.10523,12.305424,12.076706,12.126253
2009-10-05,12.203073,12.32269,12.095223,12.224847
2009-10-06,12.304429,12.496363,12.304429,12.480594
2009-10-07,12.487101,12.987335,12.457323,12.951051
2009-10-08,13.001851,13.093939,12.845951,12.866967
2009-10-09,12.928776,13.050397,12.874977,12.918769
2009-10-12,13.098191,13.15675,12.995595,13.113709
2009-10-13,13.122464,13.19929,13.04714,13.165511
2009-10-14,13.324411,13.40249,13.262852,13.395983
2009-10-15,13.356693,13.435517,13.194537,13.260598
2009-10-16,13.696525,13.882203,13.626456,13.759586
2009-10-19,13.830651,13.853427,13.731556,13.81564
2009-10-20,13.804375,13.837158,13.530611,13.806378
2009-10-21,13.761083,13.997317,13.738313,13.790867
2009-10-22,13.763337,13.888459,13.713289,13.865689
2009-10-23,13.894715,13.960776,13.793365,13.855675
2009-10-26,13.907227,14.054617,13.785606,13.868689
2009-10-27,13.78761,13.87745,13.617194,13.720547
2009-10-28,13.710039,13.763337,13.469303,13.520604
2009-10-29,13.588418,13.809134,13.538119,13.789614
2009-10-30,13.763337,13.76759,13.368955,13.416004
2009-11-02,13.440026,13.499581,13.218834,13.362699
2009-11-03,13.263103,13.450534,13.220313,13.44528
2009-11-04,13.533116,13.650728,13.423506,13.521355
2009-11-05,13.600429,13.757582,13.579761,13.729552
2009-11-06,13.706281,13.807881,13.650728,13.790867
2009-11-09,13.899718,14.078145,13.86919,14.076391
2009-11-10,14.081896,14.233294,14.063628,14.182744
2009-11-11,14.275834,14.351407,14.160225,14.277838
2009-11-12,14.252813,14.33639,14.151213,14.210023
2009-11-13,14.246056,14.326634,14.178993,14.315123
2009-11-16,14.388944,14.438742,14.333391,14.420976
2009-11-17,14.385694,14.451504,14.356912,14.451254
2009-11-18,14.430231,14.483536,14.315624,14.430231
2009-11-19,14.358164,14.363919,14.263822,14.338645
2009-11-20,14.25131,14.303864,14.248805,14.262924
2009-11-23,14.42623,14.679228,14.410467,14.572874
2009-11-24,14.576626,14.62142,14.427482,14.591392
2009-11-25,14.674358,14.690731,14.581379,14.657704
2009-11-27,14.313871,14.575624,14.288095,14.508059
2009-11-30,14.529827,14.605902,14.441748,14.589138
2009-12-01,14.717509,14.794836,14.589138,14.761057
2009-12-02,14.788831,14.839631,14.669715,14.701997
2009-12-03,14.740285,14.800591,14.639186,14.657704
2009-12-04,14.839881,14.885225,14.493543,14.639437
2009-12-07,14.619917,14.731524,14.539089,14.670467
2009-12-08,14.60165,14.780821,14.564114,14.690487
2009-12-09,14.701747,14.747543,14.603654,14.739784
2009-12-10,14.775317,14.882171,14.774565,14.801844
2009-12-11,14.881419,14.883173,14.707502,14.77707
2009-12-14,14.895434,14.947236,14.829624,14.907696
2009-12-15,14.846889,14.923959,14.789081,14.842881
2009-12-16,14.987271,15.023812,14.930466,14.958496
2009-12-17,14.925462,14.95549,14.858399,14.862902
2009-12-18,14.915204,14.987772,14.889429,14.924961
2009-12-21,14.963249,15.010548,14.906193,14.981516
2009-12-22,15.048085,15.052086,14.985775,15.04258
2009-12-23,15.102135,15.336609,15.085872,15.306831
2009-12-24,15.338112,15.503024,15.32161,15.476998
2009-12-28,15.556573,15.66493,15.476998,15.586858
2009-12-29,15.63365,15.636216,15.472245,15.500018
2009-12-30,15.477499,15.583351,15.465237,15.583351
2009-12-31,15.6339,15.650163,15.514534,15.514534
2010-01-04,15.688952,15.753016,15.621138,15.683949
2010-01-05,15.694707,15.711227,15.553573,15.614882
2010-01-06,15.66168,15.66168,15.173707,15.221251
2010-01-07,15.249775,15.264792,14.830619,14.866909
2010-01-08,14.814356,15.095879,14.742039,15.065099
2010-01-11,15.126157,15.126157,14.865406,15.04233
2010-01-12,14.966505,14.968503,14.714259,14.776319
2010-01-13,14.42623,14.723765,14.361415,14.691489
2010-01-14,14.611657,14.869408,14.584385,14.760556
2010-01-15,14.804098,14.853395,14.465018,14.514065
2010-01-19,14.551351,14.774816,14.421226,14.704753
2010-01-20,14.66371,14.66371,14.396202,14.524323
2010-01-21,14.600147,14.684695,14.320152,14.588637
2010-01-22,14.126189,14.27884,13.384473,13.763588
2010-01-25,13.678007,13.760271,13.400736,13.513095
2010-01-26,13.462295,13.75333,13.420256,13.573652
2010-01-27,13.544876,13.704528,13.395733,13.565648
2010-01-28,13.625454,13.688265,13.27787,13.370208
2010-01-29,13.475308,13.537869,13.152999,13.261453
2010-02-01,13.378015,13.408245,13.270361,13.338426
2010-02-02,13.386856,13.386972,13.203047,13.290883
2010-02-03,13.229568,13.565648,13.218559,13.533617
2010-02-04,13.438022,13.463046,13.151746,13.182226
2010-02-05,13.222811,13.350401,13.074169,13.295135
2010-02-08,13.325413,13.563143,13.30114,13.349686
2010-02-09,13.501585,13.551383,13.389727,13.424007
2010-02-10,13.364703,13.457792,13.205045,13.374087
2010-02-11,13.319157,13.525357,13.25034,13.423005
2010-02-12,13.337174,13.441773,13.275365,13.340931
2010-02-16,13.441523,13.616442,13.370458,13.545628
2010-02-17,13.563143,13.598175,13.45329,13.468227
2010-02-18,13.451536,13.638467,13.416499,13.593672
2010-02-19,13.538119,13.613943,13.505586,13.532187
2010-02-22,13.697026,13.700777,13.538119,13.583164
2010-02-23,13.588168,13.60393,13.320159,13.389727
2010-02-24,13.372706,13.474056,13.275615,13.299637
2010-02-25,13.190786,13.225066,13.01261,13.173514
2010-02-26,13.198288,13.306645,13.099694,13.182776
2010-03-01,13.242832,13.345183,13.206297,13.330166
2010-03-02,13.399985,13.65473,13.388224,13.539622
2010-03-03,13.572155,13.716295,13.494327,13.646226
2010-03-04,13.675753,13.916733,13.668244,13.878201
2010-03-05,14.047365,14.205514,14.011075,14.118931
2010-03-08,14.133197,14.143204,14.038855,14.07564
2010-03-09,14.009829,14.130191,13.925995,14.018333
2010-03-10,14.107671,14.476529,14.068883,14.425228
2010-03-11,14.370426,14.669465,14.368923,14.54259
2010-03-12,14.71776,14.721138,14.493042,14.502555
2010-03-15,14.18074,14.250058,13.913483,14.093155
2010-03-16,14.059376,14.224282,14.032599,14.143705
2010-03-17,14.221283,14.300106,14.119933,14.152716
2010-03-18,14.131694,14.224783,14.087651,14.173733
2010-03-19,14.169481,14.213774,13.945515,14.01358
2010-03-22,13.916238,14.184999,13.870442,13.951019
2010-03-23,13.939509,13.971339,13.563143,13.738313
2010-03-24,13.650979,14.009817,13.505586,13.946767
2010-03-25,13.988928,14.313871,13.980045,14.085647
2010-03-26,14.145458,14.198506,14.014081,14.080894
2010-03-29,14.088653,14.131694,14.027846,14.074888
2010-03-30,14.084401,14.204512,14.020588,14.181492
2010-03-31,14.139954,14.257316,14.0839,14.191756
2010-04-01,14.297608,14.350155,14.152466,14.233795
2010-04-05,14.286342,14.385938,14.238798,14.289097
2010-04-06,14.250308,14.286091,14.148708,14.219279
2010-04-07,14.196258,14.232542,14.060128,14.102167
2010-04-08,14.096662,14.260108,14.014832,14.201011
2010-04-09,14.213774,14.233043,14.113677,14.16923
2010-04-12,14.197511,14.363919,14.16923,14.332138
2010-04-13,14.327135,14.736277,14.292097,14.68348
2010-04-14,14.76581,14.822866,14.614412,14.739283
2010-04-15,14.818608,14.9605,14.721444,14.896937
2010-04-16,14.088653,14.234045,13.754076,13.766967
2010-04-19,13.732057,13.863184,13.638216,13.765842
2010-04-20,13.867687,14.004984,13.789865,13.889461
2010-04-21,13.924993,14.019836,13.817388,13.870943
2010-04-22,13.813386,13.825898,13.596929,13.689768
2010-04-23,13.694521,13.746323,13.569901,13.637966
2010-04-26,13.637465,13.637966,13.243082,13.30389
2010-04-27,13.236325,13.471307,13.193663,13.239331
2010-04-28,13.315406,13.383722,13.038386,13.242581
2010-04-29,13.347187,13.42551,13.17952,13.312901
2010-04-30,13.291127,13.455037,13.14874,13.155125
2010-05-03,13.175268,13.335921,13.139735,13.27787
2010-05-04,13.175769,13.181273,12.617476,12.671532
2010-05-05,12.536648,12.905505,12.523892,12.756362
2010-05-06,12.731087,12.95055,11.511155,12.478841
2010-05-07,12.511374,12.645256,12.044924,12.340456
2010-05-10,12.861713,13.08318,12.827433,13.053898
2010-05-11,12.904253,13.009604,12.717824,12.738596
2010-05-12,12.813418,12.813418,12.562173,12.647003
2010-05-13,12.925025,13.062658,12.771629,12.784386
2010-05-14,12.756612,12.787141,12.418284,12.700558
2010-05-17,12.68179,12.721349,12.470837,12.711568
2010-05-18,12.762367,12.78664,12.438806,12.471338
2010-05-19,12.418535,12.49811,12.205327,12.372738
2010-05-20,12.138515,12.151277,11.856527,11.886769
2010-05-21,11.737876,12.136761,11.621259,11.812698
2010-05-24,12.029907,12.256628,11.931564,11.940569
2010-05-25,11.715229,11.947827,11.611502,11.938321
2010-05-26,12.063442,12.255877,11.886519,11.898279
2010-05-27,12.133261,12.31969,12.037917,12.273393
2010-05-28,12.330449,12.348215,12.086713,12.152524
2010-06-01,12.022399,12.28841,12.014646,12.07095
2010-06-02,12.1788,12.358723,12.048174,12.346217
2010-06-03,12.389759,12.712319,12.379495,12.652263
2010-06-04,12.505117,12.743599,12.429544,12.480093
2010-06-07,12.488604,12.534895,12.090464,12.149774
2010-06-08,12.208083,12.232857,11.950081,12.131257
2010-06-09,12.192314,12.233852,11.811446,11.861995
2010-06-10,12.020902,12.224346,11.907541,12.18706
2010-06-11,12.074201,12.2296,12.052182,12.224346
2010-06-14,12.373991,12.374492,12.091466,12.091466
2010-06-15,12.088717,12.522132,12.066191,12.461826
2010-06-16,12.41628,12.612222,12.414783,12.543906
2010-06-17,12.598457,12.65902,12.429293,12.514129
2010-06-18,12.574936,12.598958,12.465327,12.512876
2010-06-21,12.50962,12.536324,12.134006,12.225849
2010-06-22,12.259378,12.427045,12.155028,12.168042
2010-06-23,12.184054,12.184054,11.965593,12.062941
2010-06-24,12.00313,12.080457,11.843001,11.889024
2010-06-25,11.93807,11.952733,11.775413,11.828461
2010-06-28,11.826213,11.950332,11.736624,11.81345
2010-06-29,11.597237,11.625017,11.288943,11.367516
2010-06-30,11.385032,11.456854,11.128784,11.134539
2010-07-01,11.143049,11.220871,10.851263,10.997907
2010-07-02,11.051212,11.06783,10.910573,10.924338
2010-07-06,11.110767,11.202604,10.851263,10.912326
2010-07-07,10.968381,11.293195,10.895055,11.265916
2010-07-08,11.34975,11.444342,11.252402,11.425073
2010-07-09,11.810444,11.842977,11.580723,11.698586
2010-07-12,11.820708,11.997625,11.788426,11.907291
2010-07-13,12.067945,12.336705,12.018648,12.241862
2010-07-14,12.258877,12.357727,12.173296,12.295313
2010-07-15,12.305174,12.379495,12.078703,12.36248
2010-07-16,11.739379,11.775413,11.499144,11.50127
2010-07-19,11.53643,11.752637,11.449095,11.665803
2010-07-20,11.536931,12.086462,11.526172,12.051431
2010-07-21,12.111737,12.154277,11.897284,11.949079
2010-07-22,12.092468,12.236357,12.0737,12.132008
2010-07-23,12.030909,12.276649,12.01189,12.263385
2010-07-26,12.239113,12.280626,12.133755,12.236107
2010-07-27,12.27627,12.449564,12.266135,12.327693
2010-07-28,12.385501,12.39326,12.078453,12.120498
2010-07-29,12.160533,12.233852,11.994876,12.136511
2010-07-30,12.002879,12.195821,11.990116,12.13301
2010-08-02,12.236608,12.343963,12.185307,12.27214
2010-08-03,12.274395,12.323441,12.180804,12.25763
2010-08-04,12.316434,12.687295,12.288159,12.67028
2010-08-05,12.659515,12.727336,12.601188,12.714824
2010-08-06,12.647253,12.655764,12.41328,12.51763
2010-08-09,12.56843,12.649758,12.54624,12.646007
2010-08-10,12.570934,12.66227,12.476342,12.604964
2010-08-11,12.455319,12.462076,12.299419,12.305424
2010-08-12,12.110234,12.380748,12.074451,12.312181
2010-08-13,12.236858,12.29166,12.162036,12.170546
2010-08-16,12.103727,12.258632,12.024201,12.151528
2010-08-17,12.225098,12.379495,12.162537,12.274896
2010-08-18,12.272892,12.283657,12.050429,12.06544
2010-08-19,12.036915,12.074451,11.692581,11.710598
2010-08-20,11.710598,11.801188,11.53668,11.561704
2010-08-23,11.548691,11.717605,11.454349,11.613005
2010-08-24,11.453598,11.470368,11.283933,11.295693
2010-08-25,11.260912,11.456353,11.260912,11.376528
2010-08-26,11.412561,11.442589,11.271922,11.285436
2010-08-27,11.324976,11.510905,11.202103,11.481879
2010-08-30,11.489882,11.505149,11.321494,11.328226
2010-08-31,11.263668,11.382784,11.210864,11.261413
2010-09-01,11.385533,11.634773,11.323473,11.519537
2010-09-02,11.582226,11.622011,11.518914,11.59073
2010-09-03,11.774411,11.80844,11.697334,11.768906
2010-09-07,11.623764,11.701091,11.586729,11.621259
2010-09-08,11.641029,11.823952,11.624015,11.775914
2010-09-09,11.957339,12.021647,11.775914,11.916046
2010-09-10,11.987117,12.006386,11.888523,11.915044
2010-09-13,12.034159,12.120498,11.999879,12.068446
2010-09-14,12.061939,12.130505,12.013644,12.022399
2010-09-15,12.010388,12.058933,11.974104,12.027653
2010-09-16,12.010388,12.072948,11.996873,12.038167
2010-09-17,12.105481,12.29191,12.041167,12.265634
2010-09-20,12.324443,12.772625,12.313434,12.719327
2010-09-21,12.754358,13.012109,12.735089,12.84895
2010-09-22,12.83394,12.957057,12.804406,12.912513
2010-09-23,12.877732,13.004814,12.7949,12.849451
2010-09-24,13.056152,13.208527,12.969068,13.195038
2010-09-27,13.234028,13.434247,13.234022,13.27311
2010-09-28,13.349936,13.352692,12.973821,13.192032
2010-09-29,13.209053,13.336386,13.130498,13.205045
2010-09-30,13.24183,13.30962,12.985582,13.157501
2010-10-01,13.262852,13.278371,13.087683,13.153249
2010-10-04,13.136479,13.21906,12.983835,13.071419
2010-10-05,13.22231,13.513095,13.17652,13.468802
2010-10-06,13.494577,13.511843,13.261374,13.37171
2010-10-07,13.418252,13.443026,13.241329,13.263103
2010-10-08,13.33217,13.453161,13.203298,13.421759
2010-10-11,13.475058,13.628209,13.442274,13.484069
2010-10-12,13.516101,13.66299,13.457792,13.547876
2010-10-13,13.688265,13.7006,13.571404,13.595676
2010-10-14,13.617695,13.644472,13.440778,13.536366
2010-10-15,14.996283,15.055587,14.804349,15.050834
2010-10-18,15.028315,15.507276,15.028315,15.457728
2010-10-19,15.236017,15.385411,15.086122,15.210492
2010-10-20,15.218245,15.449468,15.202232,15.214243
2010-10-21,15.302579,15.414938,15.164695,15.314591
2010-10-22,15.312837,15.385411,15.266045,15.328105
2010-10-25,15.404625,15.63365,15.389162,15.42745
2010-10-26,15.34237,15.545814,15.290568,15.480004
2010-10-27,15.409183,15.515035,15.323101,15.426699
2010-10-28,15.516287,15.540059,15.347374,15.479503
2010-10-29,15.441716,15.490011,15.339615,15.357381
2010-11-01,15.408181,15.531549,15.295071,15.389914
2010-11-02,15.481751,15.515035,15.379406,15.404931
2010-11-03,15.452474,15.560831,15.352432,15.519538
2010-11-04,15.631145,15.763274,15.567588,15.621889
2010-11-05,15.59461,15.652418,15.542815,15.64216
2010-11-08,15.615633,15.752515,15.593358,15.68445
2010-11-09,15.765278,15.786551,15.527822,15.635654
2010-11-10,15.567087,15.590108,15.452725,15.587102
2010-11-11,15.507526,15.511284,15.370144,15.444715
2010-11-12,15.364639,15.437457,15.04481,15.096881
2010-11-15,15.091627,15.114647,14.865657,14.901189
2010-11-16,14.833375,14.961746,14.600397,14.607154
2010-11-17,14.639186,14.751795,14.548321,14.602902
2010-11-18,14.739283,15.014049,14.728274,14.928468
2010-11-19,14.939477,14.961746,14.772818,14.78508
2010-11-22,14.700995,14.850389,14.582882,14.794836
2010-11-23,14.689485,14.739534,14.46902,14.589388
2010-11-24,14.696994,14.92947,14.690487,14.888677
2010-11-26,14.775818,14.838879,14.689235,14.764307
2010-11-29,14.743535,14.759304,14.512813,14.566869
2010-11-30,14.371929,14.371929,13.846169,13.906225
2010-12-01,14.088653,14.303112,14.073636,14.122438
2010-12-02,14.230337,14.347155,14.147462,14.309368
2010-12-03,14.250058,14.425979,14.213774,14.338895
2010-12-06,14.528331,14.564114,14.429236,14.473028
2010-12-07,14.796089,14.83938,14.664211,14.692735
2010-12-08,14.813605,14.827369,14.606403,14.777822
2010-12-09,14.861399,14.903945,14.739283,14.801844
2010-12-10,14.842881,14.864154,14.771566,14.81961
2010-12-13,14.942483,15.089623,14.866659,14.879923
2010-12-14,14.941732,14.97176,14.826367,14.887174
2010-12-15,14.869408,14.925713,14.743041,14.771816
2010-12-16,14.835629,14.858649,14.716012,14.807098
2010-12-17,14.789332,14.828371,14.705999,14.784328
2010-12-20,14.880668,14.961496,14.730687,14.890932
2010-12-21,14.978767,15.132664,14.954867,15.091376
2010-12-22,15.114647,15.18972,15.09663,15.151933
2010-12-23,15.148182,15.164695,15.06535,15.120402
2010-12-27,15.083116,15.109142,15.002038,15.074105
2010-12-28,15.065851,15.111397,14.964752,14.987522
2010-12-29,15.064598,15.074856,14.987522,15.039574
2010-12-30,14.964501,15.047932,14.94924,14.986025
2010-12-31,14.932971,14.97501,14.815107,14.863653
2011-01-03,14.926464,15.154438,14.926464,15.123408
2011-01-04,15.155189,15.169198,15.017556,15.067604
2011-01-05,15.016303,15.273053,15.015802,15.241522
2011-01-06,15.281807,15.475745,15.266045,15.352377
2011-01-07,15.412684,15.471243,15.268043,15.425947
2011-01-10,15.38491,15.39967,15.228759,15.370144
2011-01-11,15.457728,15.485007,15.377402,15.415188
2011-01-12,15.498772,15.498772,15.384159,15.436712
2011-01-13,15.439211,15.506775,15.368891,15.432203
2011-01-14,15.449969,15.621889,15.441966,15.619635
2011-01-18,15.666683,16.065318,15.646913,16.006258
2011-01-19,16.068574,16.089591,15.756767,15.80907
2011-01-20,15.82058,15.867378,15.597366,15.68445
2011-01-21,16.005012,16.058811,15.298828,15.310589
2011-01-24,15.203985,15.327103,15.045329,15.291821
2011-01-25,15.219748,15.5323,15.177709,15.512781
2011-01-26,15.523295,15.577345,15.396921,15.42745
2011-01-27,15.462231,15.507526,15.34617,15.434708
2011-01-28,15.491764,15.524046,15.008544,15.039324
2011-01-31,15.10464,15.126408,14.903193,15.023561
2011-02-01,15.126909,15.348748,15.092402,15.290819
2011-02-02,15.289817,15.3734,15.202983,15.314841
2011-02-03,15.251779,15.301076,15.167946,15.268544
2011-02-04,15.268544,15.300875,15.179963,15.289316
2011-02-07,15.268794,15.474743,15.245022,15.37227
2011-02-08,15.38816,15.505749,15.377707,15.474493
2011-02-09,15.436712,15.50127,15.323351,15.42745
2011-02-10,15.362385,15.452474,15.303832,15.425947
2011-02-11,15.359635,15.640156,15.339865,15.627644
2011-02-14,15.598618,15.756242,15.516037,15.71898
2011-02-15,15.698214,15.767532,15.592613,15.618883
2011-02-16,15.655919,15.677693,15.567588,15.620637
2011-02-17,15.546315,15.696461,15.522043,15.646663
2011-02-18,15.66518,15.794804,15.619635,15.767281
2011-02-22,15.515786,15.638403,15.208989,15.270047
2011-02-23,15.273053,15.382405,15.114647,15.297826
2011-02-24,15.299573,15.34212,15.048335,15.235266
2011-02-25,15.31134,15.382906,15.25228,15.265794
2011-02-28,15.264792,15.4272,15.214994,15.349872
2011-03-01,15.459482,15.495515,14.99712,15.033569
2011-03-02,15.009546,15.164695,14.894182,15.03432
2011-03-03,15.174202,15.302078,15.139671,15.253783
2011-03-04,15.223004,15.239267,15.019554,15.030068
2011-03-07,15.028315,15.106888,14.689235,14.805846
2011-03-08,14.837627,14.964001,14.769311,14.822115
2011-03-09,14.789332,14.877167,14.657979,14.808601
2011-03-10,14.650195,14.679729,14.5003,14.521574
2011-03-11,14.469521,14.514065,14.347155,14.431734
2011-03-14,14.333892,14.471275,14.214275,14.263572
2011-03-15,13.951019,14.288847,13.900971,14.252813
2011-03-16,14.214024,14.258568,13.795369,13.941012
2011-03-17,14.125688,14.238798,14.027094,14.047616
2011-03-18,14.12969,14.213524,14.007073,14.040107
2011-03-21,14.269327,14.509061,14.239299,14.42648
2011-03-22,14.445749,14.494796,14.326634,14.447002
2011-03-23,14.393697,14.575373,14.313871,14.568115
2011-03-24,14.649945,14.724016,14.484037,14.686479
2011-03-25,14.686229,14.68698,14.495046,14.507558
2011-03-28,14.565867,14.638936,14.381686,14.397955
2011-03-29,14.413968,14.561358,14.339146,14.557356
2011-03-30,14.623668,14.651698,14.528624,14.560112
2011-03-31,14.589138,14.718291,14.557607,14.683229
2011-04-01,14.733278,14.894182,14.733278,14.809352
2011-04-04,14.83938,14.882922,14.591643,14.706249
2011-04-05,14.541093,14.551351,14.155716,14.241053
2011-04-06,14.318374,14.392945,14.213774,14.368422
2011-04-07,14.407211,14.530078,14.368673,14.514065
2011-04-08,14.636345,14.636431,14.465519,14.468018
2011-04-11,14.418972,14.466521,14.338895,14.448254
2011-04-12,14.388944,14.436866,14.215026,14.27909
2011-04-13,14.401706,14.454009,14.307615,14.420976
2011-04-14,14.393697,14.5003,14.316376,14.476779
2011-04-15,13.645474,13.656984,13.264355,13.280368
2011-04-18,13.173264,13.204397,12.987586,13.183778
2011-04-19,13.2616,13.284871,13.035129,13.050898
2011-04-20,13.160251,13.183277,13.047391,13.155998
2011-04-21,13.200041,13.219812,13.072415,13.140236
2011-04-25,13.143987,13.18778,13.062909,13.138984
2011-04-26,13.175769,13.449031,13.142985,13.333423
2011-04-27,13.463046,13.465802,13.37171,13.457041
2011-04-28,13.464549,13.494278,13.364953,13.462295
2011-04-29,13.513095,13.615697,13.475809,13.615697
2011-05-02,13.655732,13.656483,13.441028,13.477062
2011-05-03,13.441272,13.563394,13.253591,13.360194
2011-05-04,13.392226,13.488071,13.338426,13.407744
2011-05-05,13.359449,13.498609,13.300389,13.369707
2011-05-06,13.466798,13.549629,13.392476,13.395482
2011-05-09,13.387974,13.475308,13.290382,13.455037
2011-05-10,13.513095,13.623951,13.451536,13.579657
2011-05-11,13.516596,13.601859,13.35519,13.399233
2011-05-12,13.393979,13.436519,13.285622,13.389226
2011-05-13,13.378217,13.410994,13.239081,13.251593
2011-05-16,13.170515,13.194537,12.92252,12.97307
2011-05-17,12.898247,13.293381,12.88824,13.274363
2011-05-18,13.251342,13.271113,13.155247,13.258099
2011-05-19,13.331168,13.426512,13.255845,13.294133
2011-05-20,13.307897,13.312651,13.090933,13.113458
2011-05-23,12.92753,13.01261,12.847447,12.972318
2011-05-24,13.021872,13.111754,12.966313,12.969068
2011-05-25,12.945797,13.081928,12.943793,13.00435
2011-05-26,12.955053,13.065664,12.887489,12.965812
2011-05-27,12.974573,13.057404,12.920022,13.035129
2011-05-31,13.137731,13.239081,13.100195,13.238329
2011-06-01,13.213806,13.342929,13.14549,13.152748
2011-06-02,13.202045,13.270361,13.07467,13.214307
2011-06-03,13.062658,13.202797,13.050146,13.089687
2011-06-06,13.101197,13.183228,12.993842,13.039137
2011-06-07,13.084927,13.128469,12.987335,12.988337
2011-06-08,12.925777,13.04364,12.907008,12.991838
2011-06-09,13.01261,13.01261,12.903502,12.93078
2011-06-10,12.864468,12.929778,12.744601,12.749977
2011-06-13,12.762367,12.767371,12.566426,12.630489
2011-06-14,12.71607,12.864468,12.687044,12.721581
2011-06-15,12.637998,12.72108,12.527393,12.585945
2011-06-16,12.582445,12.676536,12.428792,12.521387
2011-06-17,12.666773,12.679536,12.131758,12.137262
2011-06-20,12.136761,12.167541,11.992371,12.126253
2011-06-21,12.191563,12.360477,12.130102,12.336955
2011-06-22,12.298166,12.320692,12.180053,12.186932
2011-06-23,12.064939,12.083212,11.854737,12.017145
2011-06-24,12.028655,12.030408,11.836971,11.883513
2011-06-27,11.861494,12.221841,11.851487,12.081709
2011-06-28,12.112238,12.417221,12.112238,12.353219
2011-06-29,12.425542,12.518381,12.321437,12.451318
2011-06-30,12.561923,12.679035,12.549661,12.671777
2011-07-01,12.680788,13.042137,12.671777,13.038337
2011-07-05,13.14524,13.397981,13.14524,13.32391
2011-07-06,13.350437,13.475809,13.338927,13.396985
2011-07-07,13.538119,13.780352,13.409992,13.678258
2011-07-08,13.336673,13.454286,13.194537,13.312651
2011-07-11,13.217307,13.412497,13.150243,13.194787
2011-07-12,13.216806,13.498579,13.162755,13.3632
2011-07-13,13.438022,13.613192,13.425107,13.469553
2011-07-14,13.491077,13.563143,13.181023,13.236325
2011-07-15,14.951989,15.020806,14.718267,14.954995
2011-07-18,14.826618,15.065851,14.814356,14.887926
2011-07-19,14.917954,15.131662,14.902692,15.078363
2011-07-20,15.069101,15.085371,14.89819,14.89819
2011-07-21,14.865156,15.216247,14.864655,15.189469
2011-07-22,15.149428,15.502523,15.121404,15.470742
2011-07-25,15.348877,15.650396,15.339865,15.48951
2011-07-26,15.466239,15.702699,15.445418,15.578097
2011-07-27,15.444465,15.538807,15.133415,15.195224
2011-07-28,15.144424,15.414437,15.089623,15.288314
2011-07-29,15.120402,15.388912,15.106888,15.106888
2011-08-01,15.295321,15.402426,14.994028,15.183965
2011-08-02,15.164695,15.256532,14.803597,14.824363
2011-08-03,14.871162,15.089623,14.604802,15.043826
2011-08-04,14.876917,14.985775,14.450753,14.452005
2011-08-05,14.57775,14.764307,14.063628,14.490043
2011-08-08,14.088152,14.238798,13.621953,13.663741
2011-08-09,14.038604,14.379187,13.53837,14.349153
2011-08-10,14.04811,14.116683,13.706532,13.738564
2011-08-11,13.858932,14.226286,13.723547,14.066879
2011-08-12,14.25131,14.276335,14.023587,14.107922
2011-08-15,13.849169,14.138451,13.664493,13.944262
2011-08-16,13.824145,13.824395,13.270361,13.488071
2011-08-17,13.513846,13.605433,13.282122,13.341676
2011-08-18,13.099443,13.134976,12.524387,12.63424
2011-08-19,12.495611,12.884239,12.283406,12.284903
2011-08-22,12.612222,12.687295,12.375243,12.466329
2011-08-23,12.59971,13.047892,12.488555,12.983083
2011-08-24,12.995846,13.262852,12.943292,13.094941
2011-08-25,13.272359,13.444779,12.97007,13.013612
2011-08-26,13.01236,13.274216,12.840941,13.184279
2011-08-29,13.376965,13.49933,13.351989,13.490075
2011-08-30,13.4678,13.587917,13.283124,13.530611
2011-08-31,13.63171,13.670749,13.412998,13.537117
2011-09-01,13.531863,13.60894,13.293283,13.325413
2011-09-02,13.124468,13.210794,13.030877,13.13373
2011-09-06,12.782388,13.081677,12.77488,13.067161
2011-09-07,13.274112,13.411471,13.197787,13.363701
2011-09-08,13.357946,13.490576,13.310396,13.386972
2011-09-09,13.297884,13.379213,13.042387,13.13398
2011-09-12,12.96156,13.312651,12.950049,13.265858
2011-09-13,13.312901,13.359944,13.09769,13.250841
2011-09-14,13.327668,13.43677,13.158253,13.314654
2011-09-15,13.400486,13.637715,13.376965,13.577159
2011-09-16,13.633213,13.684263,13.591668,13.680255
2011-09-19,13.521856,13.760833,13.39748,13.680005
2011-09-20,13.74832,13.976545,13.579908,13.678881
2011-09-21,13.70553,13.888459,13.48457,13.493074
2011-09-22,13.169012,13.23225,12.862464,13.029124
2011-09-23,12.926528,13.173264,12.874977,13.150494
2011-09-26,13.194036,13.336172,12.843696,13.310146
2011-09-27,13.46805,13.689517,13.41425,13.496581
2011-09-28,13.550631,13.613693,13.205295,13.233827
2011-09-29,13.414,13.445531,12.997843,13.200292
2011-09-30,13.017864,13.112707,12.871971,12.888491
2011-10-03,12.758616,12.812416,12.387004,12.400017
2011-10-04,12.262634,12.598207,12.026553,12.559669
2011-10-05,12.420789,12.707315,12.030909,12.629738
2011-10-06,12.699807,12.893244,12.577191,12.880231
2011-10-07,12.933285,13.025122,12.769876,12.890495
2011-10-10,13.142234,13.449783,13.092686,13.442274
2011-10-11,13.349435,13.683261,13.349435,13.59267
2011-10-12,13.716539,13.894214,13.628954,13.725801
2011-10-13,13.764089,13.988556,13.71379,13.988305
2011-10-14,15.001286,15.004543,14.7035,14.806346
2011-10-17,14.607154,14.810104,14.464016,14.574371
2011-10-18,14.518818,14.828371,14.448999,14.77707
2011-10-19,14.697745,14.815859,14.494545,14.531581
2011-10-20,14.561609,14.736528,14.501803,14.605902
2011-10-21,14.752046,14.833124,14.681726,14.776569
2011-10-24,14.682227,15.013799,14.676723,14.924961
2011-10-25,14.841885,14.889429,14.585387,14.593139
2011-10-26,14.753048,14.76881,14.335395,14.67197
2011-10-27,14.97501,15.082114,14.846889,14.981266
2011-10-28,14.877418,15.072107,14.870661,15.018051
2011-10-31,14.891683,15.006791,14.806096,14.830369
2011-11-01,14.51657,14.651949,14.432736,14.48028
2011-11-02,14.636681,14.713257,14.526076,14.634684
2011-11-03,14.689235,14.951989,14.607154,14.951989
2011-11-04,14.851892,15.008043,14.825115,14.917954
2011-11-07,14.84739,15.234264,14.820111,15.223004
2011-11-08,15.239768,15.374151,15.10464,15.323351
2011-11-09,15.121154,15.249525,14.981015,15.038322
2011-11-10,15.16307,15.163376,14.803347,14.891433
2011-11-11,15.047083,15.317095,14.979519,15.223505
2011-11-14,15.214744,15.46699,15.209239,15.339865
2011-11-15,15.334862,15.46699,15.277305,15.428953
2011-11-16,15.316845,15.472495,15.28006,15.301577
2011-11-17,15.266045,15.322099,14.933973,15.036324
2011-11-18,15.064598,15.127159,14.858148,14.886423
2011-11-21,14.708253,14.726771,14.316125,14.537586
2011-11-22,14.514065,14.638435,14.394949,14.514065
2011-11-23,14.397705,14.520321,14.266578,14.266578
2011-11-25,14.143454,14.370677,14.046864,14.088653
2011-11-28,14.498303,14.734781,14.42648,14.719012
2011-11-29,14.711253,14.773319,14.547349,14.587384
2011-11-30,14.963249,15.002288,14.81661,14.999282
2011-12-01,15.01455,15.414938,14.989526,15.359134
2011-12-02,15.441215,15.615132,15.421445,15.524046
2011-12-05,15.706218,15.812821,15.575091,15.65642
2011-12-06,15.589857,15.730747,15.521041,15.609377
2011-12-07,15.557074,15.65667,15.467491,15.599864
2011-12-08,15.541061,15.701464,15.397422,15.41619
2011-12-09,15.464986,15.743503,15.440213,15.700713
2011-12-12,15.562078,15.669683,15.522293,15.649913
2011-12-13,15.734248,15.929432,15.586357,15.655919
2011-12-14,15.561277,15.623142,15.327103,15.46674
2011-12-15,15.578097,15.615132,15.482252,15.503525
2011-12-16,15.623142,15.748263,15.55182,15.664179
2011-12-19,15.715479,15.727741,15.515035,15.560831
2011-12-20,15.715229,15.811324,15.714979,15.774539
2011-12-21,15.765528,15.810823,15.489009,15.660678
2011-12-22,15.713977,15.808569,15.690455,15.757769
2011-12-23,15.815326,15.882389,15.779293,15.843851
2011-12-27,15.816578,16.127879,15.815326,16.021776
2011-12-28,16.084337,16.140641,15.967976,16.008011
2011-12-29,16.052806,16.090593,15.895402,16.075576
2011-12-30,16.066069,16.184684,16.066069,16.163161
2012-01-03,16.339332,16.71995,16.325073,16.651384
2012-01-04,16.641878,16.772504,16.531523,16.723207
2012-01-05,16.569304,16.615351,16.421663,16.491231
2012-01-06,16.494732,16.516005,16.260508,16.266263
2012-01-09,16.178178,16.19069,15.545814,15.576594
2012-01-10,15.759021,15.860371,15.437708,15.593608
2012-01-11,15.60262,15.75001,15.543163,15.664179
2012-01-12,15.795806,15.837595,15.677693,15.756266
2012-01-13,15.671687,15.688952,15.541562,15.639906
2012-01-17,15.814825,15.814825,15.657171,15.729745
2012-01-18,15.680943,15.865374,15.568089,15.838096
2012-01-19,16.040294,16.040294,15.801812,16.004761
2012-01-20,14.777571,14.789332,14.556605,14.66396
2012-01-23,14.664211,14.730773,14.593139,14.652199
2012-01-24,14.67222,14.706249,14.464016,14.537336
2012-01-25,14.451755,14.481783,14.173232,14.25106
2012-01-26,14.31337,14.375931,14.127442,14.216279
2012-01-27,14.283342,14.522075,14.247058,14.513564
2012-01-30,14.465269,14.514065,14.348902,14.456257
2012-01-31,14.589138,14.614162,14.392695,14.51682
2012-02-01,14.637683,14.651698,14.492541,14.534837
2012-02-02,14.635936,14.674468,14.566117,14.641942
2012-02-03,14.780821,14.941231,14.715511,14.922713
2012-02-06,14.889679,15.285565,14.864655,15.242023
2012-02-07,15.193471,15.249525,15.108696,15.183965
2012-02-08,15.230757,15.298578,15.133207,15.261041
2012-02-09,15.315342,15.377402,15.239768,15.301327
2012-02-10,15.211738,15.217994,15.114647,15.162441
2012-02-13,15.277305,15.360845,15.265293,15.319845
2012-02-14,15.303331,15.314841,15.133666,15.258787
2012-02-15,15.338112,15.338112,15.078614,15.153686
2012-02-16,15.08512,15.235015,14.957744,15.177709
2012-02-17,15.13892,15.205482,15.074606,15.13066
2012-02-21,15.111397,15.461981,15.086617,15.364889
2012-02-22,15.313839,15.434458,15.182462,15.213241
2012-02-23,15.18972,15.213241,15.023311,15.167451
2012-02-24,15.198481,15.30608,15.152434,15.262288
2012-02-27,15.179462,15.323852,15.141174,15.247527
2012-02-28,15.264792,15.50928,15.206734,15.474743
2012-02-29,15.480004,15.655173,15.402426,15.471243
2012-03-01,15.57159,15.657672,15.468738,15.575091
2012-03-02,15.565083,15.615132,15.523045,15.546315
2012-03-05,15.525794,15.577345,15.299323,15.371146
2012-03-06,15.215996,15.235015,14.860403,15.138669
2012-03-07,15.241021,15.294515,15.161195,15.184716
2012-03-08,15.265794,15.302329,15.173456,15.19322
2012-03-09,15.213492,15.312336,15.01455,15.020806
2012-03-12,15.01455,15.18972,14.996032,15.143422
2012-03-13,15.233512,15.461235,15.153485,15.459482
2012-03-14,15.389914,15.584603,15.351375,15.414688
2012-03-15,15.429955,15.60262,15.385662,15.543309
2012-03-16,15.537304,15.662877,15.516287,15.641158
2012-03-19,15.593114,15.947204,15.546089,15.864874
2012-03-20,15.788298,15.916926,15.696962,15.852612
2012-03-21,15.880642,16.200446,15.828089,16.015019
2012-03-22,15.977984,16.235735,15.790302,16.166918
2012-03-23,16.180683,16.228226,16.038039,16.080335
2012-03-26,16.140641,16.253,16.00401,16.248998
2012-03-27,16.191441,16.353347,16.135638,16.191191
2012-03-28,16.316562,16.480699,16.292791,16.409902
2012-03-29,16.351844,16.430675,16.123126,16.225972
2012-03-30,16.309555,16.353097,16.040544,16.04655
2012-04-02,16.034789,16.203202,15.886397,16.188686
2012-04-03,16.150899,16.214462,15.981484,16.081087
2012-04-04,15.976731,15.990496,15.792807,15.89415
2012-04-05,15.821332,15.926182,15.729495,15.823336
2012-04-09,15.72724,15.898659,15.647414,15.7863
2012-04-10,15.853363,15.877887,15.628897,15.686704
2012-04-11,15.864623,15.915423,15.79781,15.914421
2012-04-12,16.074329,16.344336,16.022027,16.291037
2012-04-13,16.204454,16.240488,15.603622,15.630149
2012-04-16,15.590108,15.610379,15.056088,15.166449
2012-04-17,15.228759,15.457227,15.18997,15.254034
2012-04-18,15.215996,15.334862,15.08487,15.200979
2012-04-19,15.156936,15.421445,14.989526,14.997034
2012-04-20,15.120903,15.236017,14.910201,14.915956
2012-04-23,14.836875,14.975761,14.769311,14.954494
2012-04-24,14.970507,15.180458,14.947487,15.046331
2012-04-25,15.114647,15.298578,15.086617,15.257785
2012-04-26,15.287562,15.464986,15.257284,15.401674
2012-04-27,15.390415,15.433456,15.27981,15.389413
2012-04-30,15.339615,15.416991,15.029818,15.13592
2012-05-01,15.109393,15.304834,15.019303,15.125406
2012-05-02,15.044578,15.217499,15.029818,15.196226
2012-05-03,15.255286,15.385662,15.238516,15.290318
2012-05-04,15.162692,15.211952,14.934724,14.938726
2012-05-07,14.889429,15.279058,14.889429,15.203484
2012-05-08,15.152935,15.437457,15.032066,15.334611
2012-05-09,15.185217,15.424444,15.059845,15.243519
2012-05-10,15.338863,15.419691,15.270548,15.356379
2012-05-11,15.273553,15.378654,15.133916,15.145426
2012-05-14,15.03407,15.227256,15.029066,15.114647
2012-05-15,15.148432,15.389914,15.108391,15.292572
2012-05-16,15.463985,15.767782,15.413435,15.7385
2012-05-17,15.861122,15.96172,15.545814,15.59136
2012-05-18,15.642661,15.825834,14.931969,15.024557
2012-05-21,15.027313,15.407283,15.01455,15.367645
2012-05-22,15.350874,15.360136,14.914453,15.034571
2012-05-23,15.055838,15.254785,14.942483,15.251278
2012-05-24,15.24377,15.312837,14.986221,15.106137
2012-05-25,15.039574,15.057841,14.721267,14.802595
2012-05-29,14.9097,14.992776,14.722269,14.872915
2012-05-30,14.718261,14.811851,14.602401,14.720014
2012-05-31,14.732276,14.764307,14.489041,14.535589
2012-06-01,14.308617,14.330134,14.222535,14.288346
2012-06-04,14.269327,14.526327,14.264073,14.478783
2012-06-05,14.400203,14.467267,14.175486,14.27408
2012-06-06,14.425979,14.563362,14.354163,14.528331
2012-06-07,14.704252,14.711504,14.445248,14.469772
2012-06-08,14.410217,14.539089,14.378436,14.525325
2012-06-11,14.619416,14.647128,14.180991,14.226286
2012-06-12,14.258067,14.271331,13.978048,14.141206
2012-06-13,14.056621,14.18875,13.980546,14.040859
2012-06-14,14.046113,14.140455,13.926496,13.989808
2012-06-15,14.02209,14.12669,13.940762,14.12644
2012-06-18,14.079147,14.369174,13.994812,14.285096
2012-06-19,14.353662,14.62117,14.341901,14.552353
2012-06-20,14.509312,14.514065,14.351658,14.451755
2012-06-21,14.510063,14.510063,14.10692,14.143955
2012-06-22,14.213774,14.300858,14.159223,14.300858
2012-06-25,14.19701,14.216089,13.947268,14.031096
2012-06-26,14.082647,14.178743,14.000567,14.130692
2012-06-27,14.206265,14.36362,14.164226,14.246307
2012-06-28,14.161221,14.169481,13.943761,14.121436
2012-06-29,14.387942,14.517315,14.318875,14.515818
2012-07-02,14.559611,14.589132,14.42648,14.525826
2012-07-03,14.514315,14.724517,14.464016,14.710007
2012-07-05,14.733278,15.016053,14.727773,14.912449
2012-07-06,14.825616,14.852393,14.584635,14.66371
2012-07-09,14.637934,14.729276,14.545345,14.664461
2012-07-10,14.769061,14.825115,14.482534,14.556605
2012-07-11,14.421477,14.460265,14.137198,14.2936
2012-07-12,14.191756,14.312118,14.065883,14.275834
2012-07-13,14.317622,14.492749,14.227539,14.426981
2012-07-16,14.42323,14.493794,14.308385,14.38694
2012-07-17,14.474775,14.530829,14.223781,14.432235
2012-07-18,14.438491,14.606403,14.417218,14.533084
2012-07-19,14.667711,14.976513,14.664211,14.840883
2012-07-20,15.233763,15.338362,14.969004,15.285314
2012-07-23,15.026561,15.473747,14.970758,15.402676
2012-07-24,15.389914,15.463233,15.123157,15.203985
2012-07-25,15.222754,15.349371,15.148933,15.214494
2012-07-26,15.389914,15.436712,15.265544,15.348877
2012-07-27,15.487255,15.890399,15.452474,15.889397
2012-07-30,15.916675,16.080586,15.752765,15.822835
2012-07-31,15.721736,15.927935,15.720734,15.839599
2012-08-01,15.947956,16.003216,15.799808,15.832341
2012-08-02,15.652919,15.966223,15.600365,15.733997
2012-08-03,16.01552,16.108609,15.918924,16.048804
2012-08-06,16.005763,16.250244,15.996,16.08609
2012-08-07,16.060314,16.122124,15.927184,16.029034
2012-08-08,15.991748,16.162415,15.977984,16.071324
2012-08-09,16.12838,16.174927,16.053563,16.074329
2012-08-10,15.980238,16.071574,15.918673,16.065568
2012-08-13,16.201198,16.519756,16.18268,16.516255
2012-08-14,16.497237,16.837569,16.490981,16.732713
2012-08-15,16.773255,16.872601,16.618607,16.704689
2012-08-16,16.703937,16.882357,16.693179,16.83807
2012-08-17,16.86935,16.947673,16.808787,16.944918
2012-08-20,16.903881,16.988216,16.83281,16.904883
2012-08-21,16.844076,16.966441,16.570257,16.753986
2012-08-22,16.700681,17.031507,16.683617,16.94592
2012-08-23,16.873102,17.028501,16.791272,16.936414
2012-08-24,16.906386,17.02775,16.868348,16.982204
2012-08-27,16.590827,16.816296,16.496986,16.746728
2012-08-28,16.641126,16.956935,16.63462,16.947673
2012-08-29,16.950679,17.241458,16.920144,17.216934
2012-08-30,17.122593,17.201416,17.020993,17.058529
2012-08-31,17.116587,17.2312,17.017492,17.143866
2012-09-04,17.130352,17.141611,16.853832,17.042516
2012-09-05,17.01649,17.179148,16.994966,17.034507
2012-09-06,17.165634,17.51422,17.13486,17.501958
2012-09-07,17.516975,17.823522,17.458666,17.670872
2012-09-10,17.761212,17.837537,17.476683,17.536244
2012-09-11,17.465925,17.533238,17.291757,17.321534
2012-09-12,17.251966,17.389575,17.038508,17.288751
2012-09-13,17.34406,17.742193,17.280247,17.668122
2012-09-14,17.75721,17.84229,17.692395,17.759208
2012-09-17,17.719924,17.839284,17.642096,17.766717
2012-09-18,17.711664,17.983925,17.68664,17.974419
2012-09-19,17.954899,18.231669,17.927621,18.205142
2012-09-20,18.129318,18.302233,18.047989,18.220574
2012-09-21,18.323005,18.39082,18.270708,18.367549
2012-09-24,18.292727,18.769189,18.273959,18.752669
2012-09-25,18.844513,19.140796,18.709629,18.747165
2012-09-26,18.764436,19.04946,18.542969,18.85477
2012-09-27,19.017178,19.089501,18.809475,18.930845
2012-09-28,18.872036,19.000914,18.796963,18.880797
2012-10-01,18.994658,19.143551,18.923587,19.062974
2012-10-02,19.148555,19.168325,18.774945,18.943107
2012-10-03,18.911325,19.116523,18.82324,19.080991
2012-10-04,19.087247,19.265917,19.003413,19.219876
2012-10-05,19.286439,19.378276,19.143673,19.209863
2012-10-08,19.043454,19.108019,18.872036,18.96438
2012-10-09,19.01017,19.051439,18.581257,18.620296
2012-10-10,18.564493,18.70633,18.475155,18.632057
2012-10-11,18.840755,18.980894,18.775446,18.805223
2012-10-12,18.814485,18.890059,18.620547,18.63681
2012-10-15,18.566491,18.61379,18.285243,18.542468
2012-10-16,18.521195,18.692864,18.429364,18.635558
2012-10-17,18.61679,18.926843,18.524452,18.90557
2012-10-18,18.906823,19.004042,16.916393,17.391854
2012-10-19,17.656612,17.684636,16.816296,17.061284
2012-10-22,17.041765,17.132349,16.758739,16.983206
2012-10-23,16.816546,17.19992,16.816296,17.025251
2012-10-24,17.186656,17.19166,16.898126,16.948981
2012-10-25,17.01649,17.066539,16.854083,16.960436
2012-10-26,16.928905,17.092314,16.796275,16.89512
2012-10-31,17.012989,17.041514,16.891369,17.023937
2012-11-01,17.003978,17.289252,16.984458,17.206426
2012-11-02,17.3866,17.405618,17.200922,17.214631
2012-11-05,17.129099,17.188159,16.905384,17.090561
2012-11-06,17.153622,17.179148,16.955182,17.059531
2012-11-07,16.891369,16.972245,16.678412,16.694181
2012-11-08,16.771251,16.803533,16.296542,16.323069
2012-11-09,16.382123,16.724709,16.273271,16.591829
2012-11-12,16.609846,16.761244,16.537779,16.663646
2012-11-13,16.591078,16.706192,16.471712,16.492313
2012-11-14,16.532519,16.570556,16.278275,16.329576
2012-11-15,16.265762,16.516005,16.113014,16.197196
2012-11-16,16.165415,16.341208,15.915423,16.195192
2012-11-19,16.408399,16.739219,16.404147,16.721453
2012-11-20,16.753986,16.966441,16.630368,16.765496
2012-11-21,16.740973,16.761244,16.526012,16.6629
2012-11-23,16.765496,16.766247,16.668655,16.715448
2012-11-26,16.67716,16.691175,16.491482,16.54478
2012-11-27,16.520257,16.891369,16.465956,16.784014
2012-11-28,16.716449,17.139357,16.613347,17.108327
2012-11-29,17.211179,17.364325,17.066539,17.314026
2012-11-30,17.299516,17.497455,17.158876,17.476188
2012-12-03,17.573029,17.664365,17.369609,17.39811
2012-12-04,17.391854,17.404616,17.159127,17.292508
2012-12-05,17.320532,17.379342,17.074799,17.212181
2012-12-06,17.206426,17.407121,17.12935,17.295007
2012-12-07,17.391854,17.438896,17.077022,17.121841
2012-12-10,17.151368,17.30802,17.111333,17.152119
2012-12-11,17.266732,17.56502,17.209676,17.438896
2012-12-12,17.497706,17.60481,17.353816,17.455917
2012-12-13,17.915359,17.929252,17.505715,17.584539
2012-12-14,17.496203,17.712666,17.477685,17.566101
2012-12-17,17.654608,18.474904,17.617573,18.03698
2012-12-18,17.93238,18.245183,17.893591,18.044238
2012-12-19,18.035226,18.092533,17.934378,18.020215
2012-12-20,18.099039,18.13382,17.941673,18.07652
2012-12-21,17.866563,17.987909,17.780231,17.908101
2012-12-24,17.880077,17.896841,17.703905,17.754705
2012-12-26,17.718922,17.839284,17.577281,17.738943
2012-12-27,17.695645,17.738192,17.482194,17.674379
2012-12-28,17.559264,17.68989,17.517225,17.517225
2012-12-31,17.516975,17.781483,17.416878,17.701651
2013-01-02,18.002944,18.19263,17.931128,18.098789
2013-01-03,18.140828,18.315998,18.035477,18.109297
2013-01-04,18.251189,18.55473,18.209651,18.467145
2013-01-07,18.404083,18.502427,18.282219,18.386568
2013-01-08,18.406338,18.42535,18.128316,18.350284
2013-01-09,18.324508,18.476657,18.232671,18.470847
2013-01-10,18.588766,18.643066,18.355287,18.55498
2013-01-11,18.567993,18.578667,18.425357,18.517695
2013-01-14,18.442872,18.572997,18.076269,18.098789
2013-01-15,18.000696,18.392824,17.819771,18.140828
2013-01-16,18.077516,18.126067,17.859054,17.897092
2013-01-17,17.960153,18.008424,17.792743,17.800251
2013-01-18,17.776229,17.836535,17.550259,17.629835
2013-01-22,17.633586,17.650478,17.404867,17.588798
2013-01-23,18.417598,18.743163,18.412594,18.555481
2013-01-24,18.548975,18.939099,18.530683,18.864032
2013-01-25,18.787457,18.980393,18.774444,18.860024
2013-01-28,18.81223,18.908326,18.715384,18.786455
2013-01-29,18.686859,18.942105,18.681605,18.860275
2013-01-30,18.861778,19.042202,18.841006,18.864032
2013-01-31,18.78095,18.958875,18.774444,18.910574
2013-02-01,18.973385,19.433835,18.970886,19.408811
2013-02-04,19.210865,19.280537,18.975139,18.993907
2013-02-05,19.046704,19.296452,19.005044,19.162069
2013-02-06,18.995159,19.342743,18.980894,19.272925
2013-02-07,19.261164,19.489131,19.156063,19.367517
2013-02-08,19.522165,19.685825,19.507906,19.653298
2013-02-11,19.478874,19.593988,19.362513,19.579472
2013-02-12,19.562707,19.716604,19.503153,19.536431
2013-02-13,19.522165,19.652797,19.518164,19.590487
2013-02-14,19.512158,19.737627,19.463111,19.714606
2013-02-15,19.704092,19.850737,19.695838,19.841475
2013-02-19,19.919053,20.19457,19.901286,20.190819
2013-02-20,20.15203,20.243867,19.81405,19.830716
2013-02-21,19.969351,20.155781,19.799686,19.907542
2013-02-22,20.000882,20.05068,19.864251,20.012142
2013-02-25,20.076957,20.229852,19.781419,19.788427
2013-02-26,19.894279,19.918051,19.629019,19.772408
2013-02-27,19.889275,20.138265,19.796937,20.013895
2013-02-28,20.046929,20.194319,20.045176,20.049428
2013-03-01,19.964348,20.19807,19.923054,20.174299
2013-03-04,20.15203,20.590956,20.144521,20.557519
2013-03-05,20.74335,21.024121,20.742598,20.985436
2013-03-06,21.046017,21.120467,20.74035,20.804658
2013-03-07,20.871727,20.935791,20.759619,20.835089
2013-03-08,20.882737,20.893245,20.646259,20.808165
2013-03-11,20.812417,21.012861,20.807664,20.890746
2013-03-12,20.787894,20.817421,20.611722,20.710322
2013-03-13,20.717574,20.787393,20.577693,20.652765
2013-03-14,20.694804,20.694804,20.454569,20.558423
2013-03-15,20.482349,20.527394,20.353226,20.377297
2013-03-18,20.144521,20.33871,20.056185,20.21434
2013-03-19,20.300672,20.501117,20.180805,20.302676
2013-03-20,20.44056,20.457575,20.305676,20.387457
2013-03-21,20.301925,20.442741,20.265891,20.301173
2013-03-22,20.388257,20.400769,20.260631,20.277402
2013-03-25,20.329949,20.500616,20.190067,20.260631
2013-03-26,20.357227,20.369739,20.21434,20.330199
2013-03-27,20.18656,20.19457,20.052684,20.085962
2013-03-28,20.119247,20.153783,19.851739,19.873959
2013-04-01,19.894529,20.075705,19.850486,20.049177
2013-04-02,20.133011,20.390512,20.119497,20.345717
2013-04-03,20.356225,20.374743,20.036115,20.174598
2013-04-04,20.125753,20.163289,19.80169,19.896032
2013-04-05,19.670563,19.693834,19.428825,19.59524
2013-04-08,19.487635,19.507655,19.228631,19.390043
2013-04-09,19.406306,19.612756,19.346501,19.460106
2013-04-10,19.591984,19.827967,19.418818,19.77366
2013-04-11,19.841224,19.846735,19.620515,19.778914
2013-04-12,19.818956,19.82176,19.592234,19.77041
2013-04-15,19.667808,19.944327,19.444343,19.56721
2013-04-16,19.683827,19.919303,19.617008,19.853492
2013-04-17,19.687829,19.790302,19.471371,19.582979
2013-04-18,19.652797,19.664057,19.049961,19.166425
2013-04-19,19.24765,20.105482,19.175082,20.01615
2013-04-22,20.034417,20.118446,19.393794,20.022253
2013-04-23,20.044424,20.407276,20.028411,20.217089
2013-04-24,20.222349,20.469836,20.219594,20.356079
2013-04-25,20.426044,20.431549,20.210332,20.247123
2013-04-26,20.209587,20.213087,19.933819,20.054932
2013-04-29,20.100729,20.587449,20.094473,20.496364
2013-04-30,20.494861,20.711068,20.461827,20.634248
2013-05-01,20.601464,20.637999,20.428799,20.530644
2013-05-02,20.52239,20.883989,20.496113,20.760371
2013-05-03,20.944295,21.190536,20.920273,21.163508
2013-05-06,21.227071,21.567152,21.227071,21.559644
2013-05-07,21.596178,21.617696,21.287377,21.451537
2013-05-08,21.445782,21.868189,21.343431,21.861933
2013-05-09,21.79212,22.01283,21.726804,21.808133
2013-05-10,21.903978,22.034854,21.825148,22.027095
2013-05-13,21.99356,22.083149,21.855707,21.959531
2013-05-14,21.958779,22.238799,21.949768,22.199015
2013-05-15,22.409216,22.931719,22.37218,22.919458
2013-05-16,22.997286,23.021809,22.572124,22.618672
2013-05-17,22.772568,22.859377,22.534838,22.751546
2013-05-20,22.646946,23.037327,22.646946,22.735283
2013-05-21,22.72252,22.813606,22.46202,22.696243
2013-05-22,22.585889,22.754802,22.193504,22.257066
2013-05-23,21.946267,22.270581,21.871194,22.091159
2013-05-24,21.902725,21.991813,21.796372,21.85418
2013-05-28,22.108925,22.325132,22.031347,22.053121
2013-05-29,21.913985,21.971041,21.62821,21.728808
2013-05-30,21.769094,21.993811,21.681258,21.790116
2013-05-31,21.724055,21.946267,21.709038,21.801578
2013-06-03,21.84617,21.870443,21.396235,21.711787
2013-06-04,21.717298,21.785864,21.372463,21.498336
2013-06-05,21.583666,21.757333,21.449032,21.513346
2013-06-06,21.628461,21.679261,21.201044,21.636965
2013-06-07,21.781606,22.02134,21.653986,22.014583
2013-06-10,22.073893,22.296607,22.023594,22.277087
2013-06-11,22.120686,22.19651,22.009329,22.016587
2013-06-12,22.157971,22.171485,21.762337,21.820645
2013-06-13,21.745572,22.01283,21.658488,21.946267
2013-06-14,22.023845,22.138953,21.874445,21.897221
2013-06-17,22.002071,22.257317,21.978299,22.177742
2013-06-18,22.237797,22.546849,22.230295,22.537343
2013-06-19,22.556111,22.79309,22.459264,22.53884
2013-06-20,22.371429,22.546849,22.104172,22.139955
2013-06-21,22.230044,22.268577,21.847924,22.044611
2013-06-24,21.81814,21.929253,21.602184,21.765843
2013-06-25,21.952774,22.01333,21.633715,21.676004
2013-06-26,21.864938,21.971292,21.785363,21.862434
2013-06-27,21.991312,22.138702,21.937506,21.948021
2013-06-28,21.893714,22.067387,21.875972,22.030602
2013-07-01,22.182745,22.323635,22.146461,22.218528
2013-07-02,22.276586,22.296607,21.953024,22.079148
2013-07-03,22.018835,22.25081,21.983804,22.182244
2013-07-05,22.271833,22.406961,22.20502,22.358917
2013-07-08,22.502055,22.678728,22.448854,22.649201
2013-07-09,22.797092,22.845888,22.471276,22.652952
2013-07-10,22.608157,22.80047,22.531331,22.67172
2013-07-11,22.84714,23.042581,22.735032,23.028316
2013-07-12,23.02231,23.097383,22.903194,23.097383
2013-07-15,23.129916,23.222504,22.931224,23.139672
2013-07-16,23.20073,23.221753,22.86966,23.012498
2013-07-17,23.047334,23.193979,22.929722,22.986026
2013-07-18,22.997035,23.02231,22.601651,22.789082
2013-07-19,22.186753,22.595645,21.911486,22.43669
2013-07-22,22.571874,22.83888,22.446752,22.789583
2013-07-23,22.789583,22.84714,22.511066,22.616918
2013-07-24,22.703501,22.779576,22.539341,22.594393
2013-07-25,22.368429,22.443001,22.173489,22.214025
2013-07-26,22.196259,22.271332,22.071388,22.155222
2013-07-29,22.143956,22.392201,22.043609,22.078146
2013-07-30,22.157971,22.411971,22.043114,22.294603
2013-07-31,22.346405,22.434466,22.175988,22.215278
2013-08-01,22.396704,22.635687,22.396704,22.627427
2013-08-02,22.607907,22.696995,22.542347,22.686236
2013-08-05,22.656703,22.660081,22.501804,22.646946
2013-08-06,22.639187,22.764785,22.414971,22.435994
2013-08-07,22.397706,22.483036,22.248813,22.287846
2013-08-08,22.408965,22.417726,22.153841,22.338145
2013-08-09,22.285598,22.409717,22.271582,22.28184
2013-08-12,22.194005,22.19651,22.062628,22.159224
2013-08-13,22.192258,22.234046,21.926247,22.05262
2013-08-14,21.980553,22.027095,21.700026,21.766344
2013-08-15,21.631961,21.643972,21.470807,21.512345
2013-08-16,21.552887,21.581913,21.434272,21.443479
2013-08-19,21.463548,21.821146,21.457042,21.66224
2013-08-20,21.72981,21.823901,21.609442,21.656484
2013-08-21,21.787361,21.943989,21.683513,21.754333
2013-08-22,21.838662,21.889963,21.777354,21.863936
2013-08-23,21.967039,21.971292,21.764841,21.776352
2013-08-26,21.771097,21.893714,21.672253,21.680757
2013-08-27,21.511349,21.614195,21.218059,21.274364
2013-08-28,21.276869,21.405991,21.214809,21.234329
2013-08-29,21.247342,21.530361,21.235331,21.406492
2013-08-30,21.414752,21.471808,21.159506,21.193035
2013-09-03,21.379721,21.675754,21.369457,21.530361
2013-09-04,21.529616,21.858682,21.399986,21.811988
2013-09-05,21.858682,22.018334,21.811389,22.010331
2013-09-06,22.082398,22.115932,21.864688,22.010832
2013-09-09,22.11468,22.265326,22.081897,22.222884
2013-09-10,22.272083,22.321631,22.121437,22.238298
2013-09-11,22.235048,22.446001,22.173489,22.426481
2013-09-12,22.456759,22.469272,22.271833,22.348256
2013-09-13,22.384192,22.413718,22.14246,22.248263
2013-09-16,22.426732,22.446752,22.143211,22.215528
2013-09-17,22.206767,22.231419,22.046364,22.174241
2013-09-18,22.180246,22.621171,22.098166,22.604907
2013-09-19,22.67172,22.67172,22.406711,22.481533
2013-09-20,22.481533,22.625172,22.412222,22.599653
2013-09-23,22.425479,22.561616,22.151465,22.183998
2013-09-24,22.183998,22.274087,22.056371,22.192508
2013-09-25,22.18525,22.18525,21.911236,21.952022
2013-09-26,21.9788,22.090157,21.896219,21.975544
2013-09-27,21.891716,21.95928,21.803881,21.931
2013-09-30,21.748077,22.042363,21.728808,21.918989
2013-10-01,22.027596,22.213274,22.022592,22.196608
2013-10-02,22.089656,22.255441,21.966789,22.221284
2013-10-03,22.221534,22.374184,21.823651,21.923497
2013-10-04,21.896219,21.95903,21.771097,21.829907
2013-10-07,21.707284,21.870944,21.623707,21.664494
2013-10-08,21.653986,21.6705,21.311399,21.362449
2013-10-09,21.427766,21.587167,21.094942,21.417257
2013-10-10,21.61695,21.741821,21.526109,21.727055
2013-10-11,21.671752,21.858181,21.653485,21.820896
2013-10-14,21.687514,21.927499,21.655733,21.923998
2013-10-15,21.915237,22.162224,21.871194,22.071639
2013-10-16,22.168235,22.480037,22.121687,22.472503
2013-10-17,22.346405,22.444247,22.164728,22.241402
2013-10-18,24.438184,25.41113,24.373619,25.309726
2013-10-21,25.311027,25.499711,25.01299,25.106831
2013-10-22,25.149371,25.349565,24.918923,25.19942
2013-10-23,25.049274,25.893843,25.040012,25.810186
2013-10-24,25.821776,26.039486,25.644853,25.663621
2013-10-25,25.745451,25.745451,25.29301,25.404617
2013-10-28,25.404619,25.610568,25.34919,25.399614
2013-10-29,25.502213,25.948646,25.362077,25.931129
2013-10-30,25.960908,25.96291,25.67488,25.785488
2013-10-31,25.748202,26.063354,25.624081,25.789492
2013-11-01,25.819771,25.92512,25.652359,25.700906
2013-11-04,25.812514,25.834285,25.575534,25.677533
2013-11-05,25.533493,25.816268,25.460172,25.562772
2013-11-06,25.664871,25.699905,25.408873,25.593552
2013-11-07,25.590048,25.62308,25.215435,25.223193
2013-11-08,25.243212,25.487199,25.236956,25.425389
2013-11-11,25.262231,25.422886,25.224444,25.289257
2013-11-12,25.216937,25.463676,25.149371,25.319036
2013-11-13,25.193164,25.846297,25.186908,25.836787
2013-11-14,25.873073,26.018964,25.783736,25.905854
2013-11-15,25.896846,25.975172,25.78276,25.864064
2013-11-18,25.918867,26.243932,25.756019,25.813765
2013-11-19,25.818019,25.893843,25.601059,25.654961
2013-11-20,25.773726,25.859059,25.533744,25.582541
2013-11-21,25.699905,25.982929,25.67488,25.876826
2013-11-22,25.86056,25.929377,25.755521,25.822273
2013-11-25,25.954151,26.35529,25.900662,26.173614
2013-11-26,26.240429,26.563241,26.098666,26.485916
2013-11-27,26.576504,26.725899,26.525705,26.60353
2013-11-29,26.579757,26.691366,26.511942,26.515445
2013-12-02,26.61354,26.684609,26.294481,26.387571
2013-12-03,26.299236,26.611788,26.250939,26.357042
2013-12-04,26.309746,26.625302,26.275462,26.480161
2013-12-05,26.455637,26.517197,26.302739,26.45914
2013-12-06,26.770692,26.775947,26.527707,26.772694
2013-12-09,26.800722,27.083996,26.726399,26.979645
2013-12-10,26.929847,27.334239,26.917335,27.142803
2013-12-11,27.211369,27.309465,26.905323,26.958374
2013-12-12,27.01543,27.099761,26.750923,26.774947
2013-12-13,26.911078,26.93335,26.472779,26.545474
2013-12-16,26.625802,26.893311,26.576004,26.85052
2013-12-17,26.846516,27.045208,26.735408,26.772444
2013-12-18,26.822242,27.15006,26.501682,27.145055
2013-12-19,27.045396,27.326231,27.003168,27.181841
2013-12-20,27.233891,27.555953,27.226384,27.54219
2013-12-23,27.722865,27.922056,27.654802,27.904541
2013-12-24,27.901288,27.908045,27.729371,27.822962
2013-12-26,27.877265,28.002136,27.744136,27.963598
2013-12-27,28.02716,28.034167,27.850489,27.987121
2013-12-30,28.035668,28.039672,27.752394,27.763404
2013-12-31,27.832972,28.052184,27.683327,28.044927
2014-01-02,27.91355,27.970855,27.733378,27.854993
2014-01-03,27.902039,27.950336,27.650045,27.651796
2014-01-06,27.85224,27.998632,27.687831,27.960095
2014-01-07,28.152281,28.519887,28.056188,28.499055
2014-01-08,28.67779,28.710823,28.359732,28.558425
2014-01-09,28.613728,28.633247,28.166295,28.283408
2014-01-10,28.504623,28.504623,28.083465,28.281907
2014-01-13,28.189067,28.70056,27.956344,28.101732
2014-01-14,28.476345,28.802912,28.229606,28.762873
2014-01-15,28.85271,28.903009,28.622487,28.743354
2014-01-16,28.755366,28.976305,28.727839,28.933538
2014-01-17,28.949304,29.043895,28.632747,28.79115
2014-01-21,29.051403,29.128227,28.810419,29.12072
2014-01-22,29.19354,29.225571,28.999602,29.153752
2014-01-23,29.02813,29.09044,28.887243,29.030632
2014-01-24,28.803162,28.866598,28.102233,28.123003
2014-01-27,28.179808,28.189818,27.082995,27.557455
2014-01-28,27.784925,28.171024,27.775416,28.102483
2014-01-29,28.005139,28.070952,27.512161,27.699843
2014-01-30,28.652766,28.840198,28.208586,28.412383
2014-01-31,29.312155,29.692274,28.806165,29.552889
2014-02-03,29.508596,29.571707,28.327576,28.363236
2014-02-04,28.477346,28.903009,28.452822,28.4816
2014-02-05,28.612227,28.797156,28.227854,28.607723
2014-02-06,28.806165,29.032134,28.716578,29.027129
2014-02-07,29.219065,29.476064,29.042169,29.464553
2014-02-10,29.323416,29.588673,29.253849,29.351694
2014-02-11,29.532869,29.825558,29.333676,29.783362
2014-02-12,29.753833,29.778857,29.563148,29.696027
2014-02-13,29.547383,30.026598,29.520107,30.026598
2014-02-14,29.919244,30.138956,29.848925,30.099168
2014-02-18,30.064384,30.351162,30.0291,30.301364
2014-02-19,30.161729,30.259824,29.966589,30.087657
2014-02-20,30.107676,30.201392,30.034605,30.13195
2014-02-21,30.224539,30.276089,30.100044,30.123942
2014-02-24,30.16323,30.533589,30.156724,30.342153
2014-02-25,30.427987,30.642194,30.289935,30.529585
2014-02-26,30.629682,30.7518,30.373434,30.533839
2014-02-27,30.489296,30.635563,30.454788,30.509816
2014-02-28,30.538093,30.634437,30.184751,30.42073
2014-03-03,30.198014,30.22529,29.832409,30.096415
2014-03-04,30.404464,30.429488,30.26683,30.402212
2014-03-05,30.405715,30.60666,30.314527,30.486043
2014-03-06,30.58664,30.683359,30.494551,30.519826
2014-03-07,30.69975,30.704387,30.315327,30.399209
2014-03-10,30.42173,30.470403,30.131452,30.318631
2014-03-11,30.373684,30.387445,29.945019,30.02885
2014-03-12,29.939013,30.22554,29.633467,30.211777
2014-03-13,30.228043,30.291855,29.64773,29.755335
2014-03-14,29.578413,29.800629,29.341684,29.34844
2014-03-17,29.509847,29.955779,29.481319,29.831408
2014-03-18,29.895721,30.31763,29.855432,30.310873
2014-03-19,30.324386,30.329141,29.889214,30.010332
2014-03-20,30.027849,30.269581,29.912987,29.958031
2014-03-21,30.187003,30.270084,29.589924,29.604689
2014-03-24,29.633467,29.651234,28.676539,28.97633
2014-03-25,29.178275,29.274366,28.702815,28.996099
2014-03-26,29.078429,29.317661,28.314939,28.3267
2014-03-27,28.298673,28.32595,27.579226,27.884021
2014-03-28,28.002136,28.35723,27.971356,28.030914
2014-03-31,28.287412,28.402524,27.848237,27.889777
2014-04-01,28.033917,28.465084,27.977111,28.399771
2014-04-02,28.575191,28.647761,28.12726,28.405026
2014-04-03,28.6695,29.415,28.3005,28.575
2014-04-04,28.9275,28.985865,27.2247,27.2625
2014-04-07,27.2395,27.4925,26.5265,27.0315
2014-04-08,27.2525,27.994,27.235,27.8755
2014-04-09,28.292,28.39,27.769,28.352
2014-04-10,28.4,28.4105,27.275,27.3345
2014-04-11,26.897,27.3795,26.67,26.888
2014-04-14,27.183,27.651,27.026,27.26
2014-04-15,27.55,27.6445,26.532,27.435
2014-04-16,27.885,28.2,27.655,28.195
2014-04-17,27.816,27.85,26.97,27.167
2014-04-21,27.2,27.2,26.7,26.9685
2014-04-22,26.8,27.39975,26.8,27.275
2014-04-23,27.1835,27.24,26.406385,26.8755
2014-04-24,27.0845,27.125,26.55,26.722
2014-04-25,26.613,26.693,26.125,26.155
2014-04-28,26.29,26.295,25.55,26.149
2014-04-29,26.1945,26.888,26.15,26.8165
2014-04-30,26.756,26.817,26.4545,26.744
2014-05-01,26.7125,26.9955,26.643,26.9265
2014-05-02,27.072,27.12,26.6635,26.6935
2014-05-05,26.512,26.786,26.379,26.7665
2014-05-06,26.6705,26.7274,26.113005,26.1285
2014-05-07,26.1625,26.2215,25.5545,25.9
2014-05-08,25.786,26.3675,25.723,26.0085
2014-05-09,25.9325,26.3675,25.714,26.331
2014-05-12,26.592,26.9375,26.3755,26.9215
2014-05-13,26.979,27.1995,26.895,27.077
2014-05-14,27.091,27.091,26.6555,26.7205
2014-05-15,26.657,26.699995,26.2655,26.456
2014-05-16,26.48,26.542,26.1785,26.415
2014-05-19,26.444,26.9675,26.283,26.9415
2014-05-20,27,27.3175,26.8285,27.0195
2014-05-21,27.145,27.4875,27.1055,27.485
2014-05-22,27.61,27.898,27.55,27.7725
2014-05-23,27.9065,28.25,27.7085,28.19
2014-05-27,28.389,28.7435,28.2075,28.7435
2014-05-28,28.7285,28.883,28.4976,28.5225
2014-05-29,28.6695,28.674,28.422625,28.528
2014-05-30,28.582,28.629,28.2895,28.5825
2014-06-02,28.4875,28.5205,27.835,28.217
2014-06-03,28.045,28.12,27.626375,27.7255
2014-06-04,27.576,27.929,27.428,27.688
2014-06-05,27.8555,28.25,27.7525,28.2465
2014-06-06,28.408,28.439995,27.979,28.3015
2014-06-09,28.3375,28.6,28.261,28.5365
2014-06-10,28.439,28.6,28.3065,28.415
2014-06-11,28.296,28.4485,28.184,28.375
2014-06-12,28.35,28.35,27.8575,27.975
2014-06-13,28.004,28.0325,27.686,28.0175
2014-06-16,27.8625,27.8995,27.5,27.615
2014-06-17,27.618,27.687,27.3735,27.53075
2014-06-18,27.64,28.07,27.579,28.033
2014-06-19,28.0575,28.25,27.833395,28.2495
2014-06-20,28.3225,28.3385,27.9685,28.326
2014-06-23,28.2175,28.722,28.175,28.7145
2014-06-24,28.711,29.1125,28.458,28.627
2014-06-25,28.6775,29.365,28.663,29.2965
2014-06-26,29.465,29.48,28.98,29.2385
2014-06-27,29.2725,29.394,29.131,29.2845
2014-06-30,29.338,29.3855,29.1645,29.2335
2014-07-01,29.3825,29.683,29.3145,29.5745
2014-07-02,29.613,29.7075,29.4555,29.539
2014-07-03,29.585,29.7125,29.45,29.654
2014-07-07,29.6755,29.78225,29.397,29.538
2014-07-08,29.31825,29.3985,28.7,28.92
2014-07-09,28.9475,29.205,28.85,29.168
2014-07-10,28.65,29.2625,28.605005,29.002
2014-07-11,29.05,29.4115,29.02875,29.3325
2014-07-14,29.53,29.743,29.33465,29.713
2014-07-15,29.7575,29.764995,29.2655,29.653
2014-07-16,29.8445,29.85,29.5125,29.531
2014-07-17,29.4485,29.475,28.8425,29.041
2014-07-18,30.1505,30.335,29.546,30.2555
2014-07-21,30.0675,30.208,29.7225,29.922
2014-07-22,29.985,30.4445,29.96288,30.1785
2014-07-23,30.1025,30.3525,30.0675,30.2595
2014-07-24,30.2765,30.4455,30.05,30.1505
2014-07-25,29.9625,30.05,29.7875,29.904
2014-07-28,29.8875,30.0549,29.6295,29.951
2014-07-29,29.885,29.9245,29.6085,29.6975
2014-07-30,29.7905,29.9225,29.635,29.772
2014-07-31,29.448,29.599495,28.884,28.9775
2014-08-01,28.92775,29.1715,28.515,28.68
2014-08-04,28.8255,29.191,28.613,29.1135
2014-08-05,28.969,29.01,28.5155,28.657
2014-08-06,28.475,28.9322,28.3725,28.7245
2014-08-07,28.8025,28.9155,28.4715,28.5905
2014-08-08,28.601,28.978195,28.451,28.897
2014-08-11,28.95,28.9845,28.7649,28.8625
2014-08-12,28.75,28.795,28.4955,28.606
2014-08-13,28.8225,29.30625,28.76,29.228
2014-08-14,29.3345,29.39,29.046,29.2325
2014-08-15,29.375,29.4735,29.038,29.1855
2014-08-18,29.355,29.7525,29.3275,29.635
2014-08-19,29.7795,29.8905,29.722,29.8555
2014-08-20,29.8475,29.8495,29.65005,29.7705
2014-08-21,29.745,29.7625,29.55505,29.621
2014-08-22,29.6635,29.7495,29.49,29.627
2014-08-25,29.7385,29.779,29.463,29.5285
2014-08-26,29.6,29.6025,29.3725,29.406
2014-08-27,29.3905,29.4685,29.045,29.15
2014-08-28,29.001,29.2355,28.894,29.016
2014-08-29,29.1175,29.144995,28.912,29.118
2014-09-02,29.1475,29.465,29.12,29.4315
2014-09-03,29.5865,29.7245,29.325,29.476
2014-09-04,29.6065,29.9,29.53,29.657
2014-09-05,29.7565,29.925,29.6775,29.889
2014-09-08,29.957,30.176,29.901155,30.0815
2014-09-09,30.0135,30.03,29.524,29.5985
2014-09-10,29.587,29.686,29.357,29.671
2014-09-11,29.5,29.59725,29.302,29.5555
2014-09-12,29.5195,29.574,29.164,29.245
2014-09-15,29.112,29.196,28.8505,29.082
2014-09-16,29.0475,29.5075,29.0475,29.439
2014-09-17,29.4755,29.8035,29.356,29.6645
2014-09-18,29.7525,29.878,29.651,29.8635
2014-09-19,29.9745,30.27,29.888,30.27
2014-09-22,30.125,30.19,29.656,29.8635
2014-09-23,29.75,29.8325,29.512,29.559
2014-09-24,29.5785,30.0055,29.515,29.921
2014-09-25,29.8495,29.9035,29.237,29.2625
2014-09-26,29.2965,29.478695,29.25,29.395
2014-09-29,29.0915,29.4655,29.0785,29.3905
2014-09-30,29.3745,29.55,29.225,29.4205
2014-10-01,29.34,29.436,28.901,28.9815
2014-10-02,28.9,29.162,28.7025,29.044
2014-10-03,29.205,29.4145,29.175,29.3125
2014-10-06,29.4975,29.62,29.27,29.389
2014-10-07,29.245,29.2925,28.705,28.705
2014-10-08,28.7395,29.2345,28.382,29.187
2014-10-09,29.0805,29.1265,28.4515,28.5405
2014-10-10,28.3735,28.7615,27.7505,27.7595
2014-10-13,27.7565,28.04375,27.2215,27.2375
2014-10-14,27.507,27.9315,27.225,27.4345
2014-10-15,27.104,27.19575,26.4211,27.0365
2014-10-16,26.35,27.0495,26.2475,26.846
2014-10-17,27.0225,27.1725,25.9205,26.1485
2014-10-20,26.0225,26.658,25.957,26.619
2014-10-21,26.8635,26.9385,26.51,26.9015
2014-10-22,27.0525,27.538,27.0115,27.1345
2014-10-23,27.414,27.87,27.275,27.6825
2014-10-24,27.749,27.75,27.258,27.445
2014-10-27,27.388,27.7,27.36,27.494
2014-10-28,27.5855,27.96,27.5215,27.947
2014-10-29,28.0425,28.2485,27.799,27.9225
2014-10-30,27.9125,28.125,27.6065,28.0135
2014-10-31,28.415,28.4365,28.2405,28.3935
2014-11-03,28.1765,28.3575,28.0815,28.1885
2014-11-04,28.058,28.2395,27.915,28.2095
2014-11-05,28.3395,28.345,27.7075,27.7975
2014-11-06,27.775,27.83995,27.529,27.5845
2014-11-07,27.78,27.78,27.4675,27.591
2014-11-10,27.62,28.0315,27.581,27.9115
2014-11-11,27.926,28.125,27.812095,28.0645
2014-11-12,28.0575,28.0625,27.775,27.9125
2014-11-13,28.0405,28.040995,27.7045,27.822
2014-11-14,27.9,27.9,27.6255,27.7595
2014-11-17,27.7595,27.7595,27.222,27.332
2014-11-18,27.3965,27.6395,27.19,27.2255
2014-11-19,27.2375,27.411,26.9595,27.36
2014-11-20,27.1045,27.269,27.075,27.188
2014-11-21,27.552,27.552,27.25,27.2945
2014-11-24,27.3285,27.5595,27.2075,27.374
2014-11-25,27.3605,27.625,27.3455,27.4615
2014-11-26,27.4615,27.494,27.2615,27.3865
2014-11-28,27.35,27.48,27.224005,27.454
2014-12-01,27.2545,27.4395,26.931,26.9825
2014-12-02,26.9725,27.0925,26.73285,26.9295
2014-12-03,26.875,27.07025,26.7605,26.8485
2014-12-04,26.882,27.1345,26.7445,27.129
2014-12-05,26.835,26.91,26.363,26.404
2014-12-08,26.461,26.69075,26.35,26.5365
2014-12-09,26.29375,26.8325,26.1705,26.8055
2014-12-10,26.795,26.968,26.3745,26.402
2014-12-11,26.5005,26.852,26.458,26.6055
2014-12-12,26.372,26.612,26.073,26.0755
2014-12-15,26.188,26.2685,25.76985,25.792
2014-12-16,25.68,25.779,24.8595,24.908
2014-12-17,24.993,25.4535,24.9555,25.3225
2014-12-18,25.7995,25.8125,25.328,25.731
2014-12-19,25.8495,26.0405,25.443,26.002
2014-12-22,26.0305,26.6485,26.0295,26.615
2014-12-23,26.7255,27.115,26.686,26.9385
2014-12-24,26.941,27.0145,26.755,26.8465
2014-12-26,26.8465,27.1625,26.7745,27.076
2014-12-29,27.025,27.1965,26.858,26.8655
2014-12-30,26.748,26.892,26.6805,26.764
2014-12-31,26.887,26.92,26.51,26.533
2015-01-02,26.63,26.79,26.394,26.4775
2015-01-05,26.3575,26.399495,25.8875,25.973
2015-01-06,26.025,26.0605,25.2775,25.332
2015-01-07,25.5475,25.5745,25.1825,25.2575
2015-01-08,25.0755,25.375,24.751,25.3455
2015-01-09,25.409,25.43,24.9325,25.036
2015-01-12,24.962,25.014,24.5455,24.853
2015-01-13,25.1285,25.43,24.863,25.09
2015-01-14,25.021,25.413,24.908,25.2965
2015-01-15,25.4445,25.4875,25.1005,25.2005
2015-01-16,25.1575,25.5425,25.1545,25.52275
2015-01-20,25.6385,25.7805,25.4685,25.497
2015-01-21,25.542,26.09255,25.4795,26.0195
2015-01-22,26.15,26.942,26.0955,26.865
2015-01-23,26.9015,27.2705,26.78754,27.0975
2015-01-26,27.075,27.075,26.6035,26.836
2015-01-27,26.57,26.639,26.04306,26.0595
2015-01-28,26.25,26.2845,25.6175,25.6215
2015-01-29,25.645,25.7595,25.174,25.6615
2015-01-30,25.95,27.155,25.909,26.8775
2015-02-02,26.716,26.825,26.086,26.61
2015-02-03,26.497,26.8725,26.3405,26.665
2015-02-04,26.657,26.8373,26.2515,26.305
2015-02-05,26.3965,26.5345,26.282,26.4915
2015-02-06,26.5505,27.01075,26.4325,26.69375
2015-02-09,26.553,26.694,26.3775,26.464
2015-02-10,26.6075,27.05,26.458625,27.008
2015-02-11,26.9865,27.0975,26.8,26.9
2015-02-12,26.983,27.417,26.85,27.3005
2015-02-13,27.3755,27.627,27.33,27.558
2015-02-17,27.558,27.65,27.163,27.2505
2015-02-18,27.191,27.3775,26.9775,27.1325
2015-02-19,27.1235,27.343,27.0375,27.3225
2015-02-20,27.379,27.379,26.905,27.09
2015-02-23,26.95,26.965,26.6,26.75
2015-02-24,26.5775,26.97,26.55,26.9325
2015-02-25,26.922,27.4785,26.9005,27.3665
2015-02-26,27.287,28.006495,27.2545,27.9645
2015-02-27,27.9075,28.471,27.8515,28.1315
2015-03-02,28.35,28.7995,28.1575,28.751
2015-03-03,28.8175,29.0425,28.525,28.93975
2015-03-04,28.8485,29.0815,28.626,28.9165
2015-03-05,28.981,29.16,28.9115,29.07175
2015-03-06,29.1,29.139,28.603,28.645
2015-03-09,28.546,28.7725,28.4525,28.705
2015-03-10,28.42375,28.4881,27.991,27.9925
2015-03-11,27.99,28.209,27.7705,27.7845
2015-03-12,27.924,28.092,27.7765,28.0585
2015-03-13,27.9615,28.218,27.5165,27.65
2015-03-16,27.8465,28.1875,27.566,28.082
2015-03-17,27.9145,28.032,27.7205,27.8805
2015-03-18,27.8865,28.3255,27.675,28.308
2015-03-19,28.226,28.348,28.106,28.1835
2015-03-20,28.3355,28.355,28.224,28.2475
2015-03-23,28.3,28.481995,28.153,28.2685
2015-03-24,28.427,29.094,28.4045,28.877
2015-03-25,28.8785,29.0035,28.35,28.35
2015-03-26,28.2325,28.3595,27.9155,28.182
2015-03-27,28.0915,28.2033,27.8465,27.8775
2015-03-30,28.0125,28.108,27.8395,28.05675
2015-03-31,27.897,28.1225,27.7335,27.735
2015-04-01,27.7415,27.925,27.3015,27.4745
2015-04-02,27.3705,27.4,27.022,27.0655
2015-04-06,26.942,27.277,26.785,27.1975
2015-04-07,27.2495,27.508,27.17925,27.243
2015-04-08,27.3,27.575,27.3,27.442
2015-04-09,27.4605,27.4685,27.09755,27.401
2015-04-10,27.4785,27.4925,27.249,27.427
2015-04-13,27.3525,27.6635,27.315,27.432
2015-04-14,27.3285,27.3285,26.787,26.989
2015-04-15,26.898,27.1595,26.6185,27.052
2015-04-16,26.9175,27.26145,26.905,27.176
2015-04-17,26.8655,26.99,26.45,26.637
2015-04-20,26.6875,27.29,26.6675,27.2265
2015-04-21,27.3155,27.388725,27.1105,27.14625
2015-04-22,27.153,27.55,27.066,27.459
2015-04-23,27.5205,28.0585,27.504,27.873
2015-04-24,29.0025,29.235,28.4175,28.683
2015-04-27,28.6385,28.776,28.115,28.306
2015-04-28,28.216,28.3915,28.048,28.2185
2015-04-29,28.0255,28.292,27.95,28.0695
2015-04-30,27.928,28.0555,27.336,27.4385
2015-05-01,27.5255,27.561,27.1925,27.558
2015-05-04,27.5495,27.8345,27.3695,27.642
2015-05-05,27.508,27.6305,27.1185,27.15225
2015-05-06,27.132,27.1965,26.61175,26.754
2015-05-07,26.795,27.26,26.6725,27.102
2015-05-08,27.4435,27.64,27.4015,27.4475
2015-05-11,27.4245,27.668495,27.28,27.289
2015-05-12,27.1405,27.14805,26.75,26.9365
2015-05-13,27.0235,27.192,26.949,26.9745
2015-05-14,27.1985,27.4845,27.125,27.46
2015-05-15,27.5195,27.53,27.125,27.3245
2015-05-18,27.191,27.417,27.1125,27.3335
2015-05-19,27.4,27.67,27.356,27.464
2015-05-20,27.546,27.80325,27.255,27.6255
2015-05-21,27.51,27.8805,27.46505,27.8405
2015-05-22,27.723,27.912,27.681,27.726
2015-05-26,27.629,27.666525,27.1485,27.3595
2015-05-27,27.434,27.7645,27.329065,27.7125
2015-05-28,27.6895,27.788,27.54,27.709
2015-05-29,27.66,27.697,27.252,27.266
2015-06-01,27.4365,27.5285,27.179,27.4605
2015-06-02,27.3715,27.9395,27.3275,27.6975
2015-06-03,27.755,27.8995,27.6075,27.7645
2015-06-04,27.609,27.798,27.456,27.5845
2015-06-05,27.6,27.6665,27.3692,27.4765
2015-06-08,27.4805,27.4935,27.1475,27.174
2015-06-09,27.171,27.242,26.94253,27.108
2015-06-10,27.285,27.739,27.2555,27.63
2015-06-11,27.7245,27.7415,27.4585,27.502
2015-06-12,27.3575,27.4425,27.2815,27.3735
2015-06-15,27.1365,27.2025,26.9605,27.15
2015-06-16,27.224,27.3345,27.07862,27.2435
2015-06-17,27.271,27.418,27.0905,27.33
2015-06-18,27.4,27.8625,27.4,27.809
2015-06-19,27.826,27.8955,27.6129,27.876
2015-06-22,27.9705,28.2805,27.9455,27.984
2015-06-23,27.9895,28.245,27.8575,28.1695
2015-06-24,28.124,28.132,27.8405,27.9285
2015-06-25,28.015,28.157,27.87275,27.8975
2015-06-26,27.9855,28,27.5925,27.653
2015-06-29,27.3375,27.545,27.012,27.0625
2015-06-30,27.2545,27.295,26.977,27.002
2015-07-01,27.183,27.2905,26.988,27.165
2015-07-02,27.237,27.4,27.1785,27.367
2015-07-06,27.1125,27.429,27.10475,27.281
2015-07-07,27.3715,27.55,26.9925,27.5015
2015-07-08,27.28,27.414,27.06,27.085
2015-07-09,27.4325,27.444,27.231,27.2325
2015-07-10,27.6855,27.9645,27.6,27.8055
2015-07-13,27.9755,28.6425,27.935,28.5865
2015-07-14,28.725,29.485435,28.7085,29.209
2015-07-15,29.187,29.4345,29.0105,29.198
2015-07-16,29.475,30.225,29.396,30.089
2015-07-17,34,35.15,33.9,34.981
2015-07-20,34.449,34.89,34.0885,34.642
2015-07-21,34.244,35.28,34.2075,34.7675
2015-07-22,34.701,35.6665,34.581,34.755
2015-07-23,34.5925,34.8035,33.5795,33.7365
2015-07-24,33.8385,33.8895,32.659,32.7385
2015-07-27,32.5785,33.3535,32.5775,32.9135
2015-07-28,33.088,33.205,32.6705,32.983
2015-07-29,33.113,33.1665,32.642,33.0715
2015-07-30,32.872,33.4025,32.5845,33.228
2015-07-31,33.235,33.249995,32.86,32.875
2015-08-03,32.883,33.3335,32.883,33.236
2015-08-04,33.217,33.4,33.0255,33.064
2015-08-05,33.2875,33.9955,33.279135,33.6645
2015-08-06,33.6995,33.7375,33.0365,33.5075
2015-08-07,33.389,33.43975,32.9435,33.2195
2015-08-10,33.3545,33.581,33.0115,33.157
2015-08-11,34.979,35.2,34.216,34.515
2015-08-12,34.7245,34.8,34.0255,34.5735
2015-08-13,34.46,34.7015,34.109,34.3255
2015-08-14,34.202,34.613,34.145,34.4685
2015-08-17,34.402,34.737,34.153,34.7055
2015-08-18,34.5535,34.78784,34.266,34.4365
2015-08-19,34.5055,35.01,34.34,34.702
2015-08-20,34.455,34.808,33.764005,33.974
2015-08-21,33.552,33.6445,32.1552,32.2015
2015-08-24,30.03,32.2165,29.6545,30.9055
2015-08-25,32.323375,32.35,30.5835,30.6235
2015-08-26,32.155,33.124,31.5185,32.987
2015-08-27,33.5995,33.698995,32.555,33.398
2015-08-28,33.288,33.35,32.6875,32.9845
2015-08-31,32.717,33.2205,32.3175,32.391
2015-09-01,31.6905,32.222,31.253,31.478
2015-09-02,31.9,32.25285,31.532,32.2455
2015-09-03,32.3965,32.5625,31.690365,31.8525
2015-09-04,31.485,31.725,31.325,31.448
2015-09-08,32.05,32.252,31.645,32.194
2015-09-09,32.594,32.868,32.045,32.1705
2015-09-10,32.195,32.745,32.085,32.554
2015-09-11,32.5105,32.7655,32.3705,32.765
2015-09-14,32.7815,32.796,32.47505,32.6235
2015-09-15,32.8355,33.4425,32.667,33.2535
2015-09-16,33.2775,33.403495,33.11,33.276
2015-09-17,33.3745,34.0995,33.25,33.5835
2015-09-18,33.253,33.492,33.0015,33.046
2015-09-21,33.2755,33.45,32.9,33.349
2015-09-22,32.8735,32.941,32.2515,32.66
2015-09-23,32.645,33.014,32.536505,32.6645
2015-09-24,32.4485,32.838495,32.10825,32.7455
2015-09-25,32.929,32.929,31.98275,32.0075
2015-09-28,31.9525,32.1425,30.892,31.2125
2015-09-29,31.275,31.734,30.9015,31.1305
2015-09-30,31.5915,31.9655,31.4575,31.9185
2015-10-01,31.897,32.192,31.55575,32.1
2015-10-02,31.9005,32.912775,31.675,32.8495
2015-10-05,33.08,33.651375,32.7935,33.584
2015-10-06,33.4675,33.94,33.154115,33.582
2015-10-07,33.87,33.937,32.9055,33.5
2015-10-08,33.4725,33.5945,32.7245,33.35
2015-10-09,33.3745,33.70425,33.118,33.562
2015-10-12,33.4595,33.899,33.362,33.8215
2015-10-13,33.713,34.423,33.6554,34.1585
2015-10-14,34.1865,34.502,33.945,34.0205
2015-10-15,34.2625,34.708,34.2195,34.651
2015-10-16,34.77,34.811,34.455,34.766
2015-10-19,34.7,35.011985,34.6105,34.9975
2015-10-20,34.8945,34.9,33.684,34
2015-10-21,34.1605,34.245,33.535,33.59
2015-10-22,33.772,34.402495,33.585,34.057
2015-10-23,37.503,37.625,35.897,35.9665
2015-10-26,36.001,36.7475,36.001,36.556
2015-10-27,36.3285,36.79821,36.20675,36.641
2015-10-28,36.65,36.8685,36.3635,36.846
2015-10-29,36.8315,37.3395,36.758,37.2425
2015-10-30,37.278,37.3155,36.8265,36.8695
2015-11-02,36.894,37.409,36.5725,37.387
2015-11-03,37.2715,37.5849,37.058,37.441
2015-11-04,37.495,37.995,37.46,37.7655
2015-11-05,37.9405,38.3175,37.8735,38.0335
2015-11-06,37.9695,38.1511,37.7515,38.08
2015-11-09,37.926,38.165,37.4555,37.7385
2015-11-10,37.674,38.03,37.4205,37.913
2015-11-11,38.119,38.454,37.9875,38.2625
2015-11-12,38.009,38.28995,37.793,37.8265
2015-11-13,37.702,37.7665,36.9735,37.0035
2015-11-16,37.0105,37.5855,36.7165,37.521
2015-11-17,37.6235,37.7475,37.2025,37.299
2015-11-18,37.4785,38.055,37.3695,38.0005
2015-11-19,37.989,38.1615,37.8615,37.997
2015-11-20,38.465,38.9659,38.205,38.85
2015-11-23,38.8735,39.145,38.6755,38.835
2015-11-24,38.648,38.7995,37.9055,38.4815
2015-11-25,38.5845,38.65,38.3265,38.463
2015-11-27,38.458,38.7,38.350005,38.5985
2015-11-30,38.5935,38.7515,38.056,38.1425
2015-12-01,38.347,39.25,38.2975,39.1895
2015-12-02,39.2625,39.652375,38.8215,38.8925
2015-12-03,39.028,39.224,38.1225,38.41
2015-12-04,38.4855,39.121,38.2755,38.9605
2015-12-07,39.003,39.05,38.336,38.6495
2015-12-08,38.225,38.9325,38.126,38.757
2015-12-09,38.555,38.80463,37.60033,38.1275
2015-12-10,38.1795,38.303275,37.75,38.002
2015-12-11,37.45,37.872,37.4325,37.521
2015-12-14,37.563,38.2075,36.813,38.127
2015-12-15,38.3895,38.7375,37.9,38.0045
2015-12-16,38.3285,39.075,37.85225,38.8295
2015-12-17,39.058,39.0795,38.465,38.4915
2015-12-18,38.3615,38.707,37.8295,37.8425
2015-12-21,38.1525,38.3175,37.7075,38.04
2015-12-22,38.2135,38.517,38.06,38.3565
2015-12-23,38.5345,38.595,37.8825,38.4255
2015-12-24,38.426,38.46,38.2195,38.292
2015-12-28,38.5,39.14075,38.3865,39.112
2015-12-29,39.3495,39.9345,39.3101,39.698
2015-12-30,39.698,39.82275,39.36,39.515
2015-12-31,39.391,39.4165,38.866,38.9005
2016-01-04,38.11,38.11,37.377,37.972
2016-01-05,38.205,38.46,37.7825,38.0765
2016-01-06,37.5185,38.2865,37.4,37.9665
2016-01-07,37.3245,37.7655,36.764,37.05
2016-01-08,37.39,37.506,36.446005,36.5455
2016-01-11,36.5975,36.754,35.978,36.6535
2016-01-12,37.0375,37.417,36.8215,37.267
2016-01-13,37.467,37.65,35.839,35.9785
2016-01-14,36.222,36.9945,35.25,36.5695
2016-01-15,35.4995,36.2079,35.0755,35.5245
2016-01-19,36.0075,36.2675,35.4925,35.954
2016-01-20,35.295,36.3475,34.389,35.928
2016-01-21,36.0085,36.8835,35.5555,36.3335
2016-01-22,37.1,37.428,37.025,37.273
2016-01-25,37.192,37.623,36.62505,36.681
2016-01-26,36.7605,36.973,36.3485,36.6895
2016-01-27,36.7945,36.7945,35.6725,35.879
2016-01-28,36.9095,37.558,36.53,37.415
2016-01-29,37.448,38.25525,37.21,38.0675
2016-02-01,38.563,38.8795,38.069,38.5385
2016-02-02,40.025,40.5175,39.03,39.0455
2016-02-03,39.314,39.5715,36.813,37.469
2016-02-04,37.2295,37.262,36.130005,36.5015
2016-02-05,36.275,36.336,35.007,35.188
2016-02-08,34.384,35.226,34.1005,35.208
2016-02-09,34.6475,36.048,34.425,35.051
2016-02-10,35.5895,36.161,35.2695,35.3425
2016-02-11,34.817,35.61575,34.5595,35.318
2016-02-12,35.6105,35.8,35.079,35.3445
2016-02-16,35.9325,36.143945,35.509,35.882
2016-02-17,36.35,36.688,35.8305,36.5985
2016-02-18,36.698,36.8,35.7775,35.8755
2016-02-19,35.795,36.2015,35.656,36.1055
2016-02-22,36.4755,36.74225,36.1725,36.4525
2016-02-23,36.305,36.545,35.7835,35.8645
2016-02-24,35.5305,36.061,35.101,36.045
2016-02-25,36.1465,36.4755,35.6615,36.456
2016-02-26,36.68,36.808,36.09696,36.243
2016-02-29,36.05,36.53,35.842,35.861
2016-03-01,36.065,37.1165,35.932,37.1085
2016-03-02,37.1435,37.15605,36.6625,36.974
2016-03-03,36.974,37.05,36.4815,36.5795
2016-03-04,36.74,36.75,36.281,36.511
2016-03-07,36.2575,36.3605,35.257,35.64
2016-03-08,35.4195,36.1125,35.2,35.6765
2016-03-09,35.75825,36.312,35.633,36.2705
2016-03-10,36.3895,36.827,36.1645,36.6085
2016-03-11,36.9975,37.245,36.835,37.2435
2016-03-14,37.2485,37.713,37.183125,37.512
2016-03-15,37.301,37.6505,37.142,37.5285
2016-03-16,37.4525,37.95,37.325,37.868
2016-03-17,37.8825,38.267,37.868,37.924
2016-03-18,38.0815,38.107,37.591,37.7705
2016-03-21,37.6955,38.167,37.5635,38.108
2016-03-22,37.922,38.25,37.89375,38.0025
2016-03-23,38.1675,38.2695,37.8015,37.878
2016-03-24,37.56,37.87775,37.525,37.742
2016-03-28,37.8085,37.915,37.602,37.664
2016-03-29,37.684,38.359,37.4145,38.2945
2016-03-30,38.4105,38.8655,38.379,38.417
2016-03-31,38.417,38.45421,37.9125,38.145
2016-04-01,37.858,38.502,37.76,38.4835
2016-04-04,38.4755,38.622,38.08925,38.256
2016-04-05,37.9065,38.1435,37.78,37.9285
2016-04-06,37.892,38.421,37.815,38.4035
2016-04-07,38.266,38.468,37.875,38.006
2016-04-08,38.2935,38.3565,37.7885,37.9735
2016-04-11,38.2725,38.361,37.867,37.877
2016-04-12,37.9215,38.246,37.57825,38.216
2016-04-13,38.5155,38.7875,38.22954,38.5955
2016-04-14,38.768,38.9805,38.661,38.7695
2016-04-15,38.775,39.0465,38.746505,39
2016-04-18,39.0095,39.4275,38.8805,39.384
2016-04-19,39.525,39.5475,38.5135,38.8125
2016-04-20,38.958,38.983,38.5635,38.746
2016-04-21,38.8655,39.083995,38.5775,39
2016-04-22,37.1955,37.696,36.5185,36.8885
2016-04-25,36.7675,37.244,36.755,37.1105
2016-04-26,37.221,37.2795,36.016,36.2685
2016-04-27,36.266,36.3575,35.454,36.073
2016-04-28,36.1645,36.463,35.16,35.253
2016-04-29,35.206,35.6055,35.189,35.394
2016-05-02,35.596,35.7705,35.318,35.7205
2016-05-03,35.625,35.6685,35.3665,35.422
2016-05-04,35.3385,35.7525,35.2025,35.5685
2016-05-05,35.75,35.8775,35.472505,35.7355
2016-05-06,35.61,36.2995,35.5975,36.259
2016-05-09,36.335,36.7145,36.175,36.4565
2016-05-10,36.748,37,36.5805,36.969
2016-05-11,37.026,37.04,36.395125,36.5275
2016-05-12,36.6,36.7685,36.2135,36.4035
2016-05-13,36.331,36.5645,36.1755,36.2415
2016-05-16,36.216,36.634,36,36.515
2016-05-17,36.553,36.7925,35.9,36.0095
2016-05-18,35.925,36.2785,35.751,36.089
2016-05-19,35.915,36.025,35.51525,35.7655
2016-05-20,35.823,36.385,35.7505,36.0855
2016-05-23,35.999,36.174995,35.847,35.8625
2016-05-24,35.9925,36.71,35.98225,36.6515
2016-05-25,36.75,36.9945,36.63,36.905
2016-05-26,36.8,37.055,36.65,36.8465
2016-05-27,36.8755,37.3955,36.8505,37.38
2016-05-31,37.438,37.674,37.2785,37.4425
2016-06-01,37.4235,37.5685,37.217,37.423
2016-06-02,37.305,37.365,36.85,37.2135
2016-06-03,37.0745,37.0745,36.6955,36.793
2016-06-06,36.925,36.925,36.4145,36.503
2016-06-07,36.6635,36.8355,36.54,36.5545
2016-06-08,36.975,37.1905,36.78825,37.1465
2016-06-09,36.8535,37.1965,36.825,37.126
2016-06-10,36.7975,36.982,36.5255,36.6595
2016-06-13,36.491,36.95,36.491,36.594
2016-06-14,36.4655,36.8,36.325,36.6625
2016-06-15,36.746,36.8575,36.5655,36.6095
2016-06-16,36.398,36.5195,35.777,36.2125
2016-06-17,36.0695,36.0695,35.056,35.2125
2016-06-20,35.5155,35.7935,35.2705,35.3065
2016-06-21,35.5025,35.769,35.233,35.444
2016-06-22,35.7025,35.7105,35.294,35.5235
2016-06-23,35.5275,35.744,35.0125,35.7435
2016-06-24,34.5085,35.25,34.2455,34.26
2016-06-27,34.1245,34.16625,33.633,34.057
2016-06-28,34.5685,34.636995,34.2425,34.563
2016-06-29,34.713,34.975,34.63417,34.7595
2016-06-30,34.8825,35.1885,34.745075,35.1765
2016-07-01,35.255,35.6265,35.1865,35.5125
2016-07-05,35.2505,35.406,34.9565,35.2445
2016-07-06,34.992,35.65,34.95,35.4485
2016-07-07,35.5055,35.5085,35.0335,35.363
2016-07-08,35.528,35.895,35.4055,35.889
2016-07-11,35.971,36.446445,35.94325,36.36
2016-07-12,36.596,36.78,36.375,36.6255
2016-07-13,36.776,36.776,36.451,36.474
2016-07-14,36.697,36.807,36.5295,36.79
2016-07-15,37.05,37.05,36.732,36.7815
2016-07-18,36.8955,37.756845,36.8255,37.66
2016-07-19,37.4935,37.8295,37.42445,37.6705
2016-07-20,37.7025,38.032,37.7025,37.854
2016-07-21,37.85,37.9075,37.576,37.7205
2016-07-22,37.866,37.9725,37.63275,37.964
2016-07-25,37.884,37.991245,37.7035,37.876
2016-07-26,37.876,37.963,37.637515,37.8825
2016-07-27,37.9485,38.2225,37.7965,38.0985
2016-07-28,38.442,38.4485,37.9545,38.292
2016-07-29,39.8855,40.197,39.5,39.567
2016-08-01,39.3335,40.3745,39.252,40.047
2016-08-02,39.8665,40.116,39.7265,40.006
2016-08-03,39.8235,39.977,39.651,39.946
2016-08-04,39.912,40.01,39.696,39.8625
2016-08-05,40.0055,40.361,39.8905,40.3465
2016-08-08,40.3,40.38,40.0845,40.2615
2016-08-09,40.2245,40.6665,40.203,40.374
2016-08-10,40.3525,40.54395,40.3245,40.4245
2016-08-11,40.5235,40.69395,40.3,40.41
2016-08-12,40.2545,40.3595,40.182,40.3525
2016-08-15,40.3605,40.568,40.2015,40.298
2016-08-16,40.175,40.213,39.85,40.0595
2016-08-17,40,40.2815,39.815,40.271
2016-08-18,40.268,40.4,40.0815,40.1375
2016-08-19,39.9895,40.0615,39.844,39.9825
2016-08-22,39.9255,39.965,39.7165,39.8475
2016-08-23,40.024,40.05,39.7995,39.8295
2016-08-24,39.843,39.923,39.538,39.68
2016-08-25,39.6,39.736,39.3615,39.565
2016-08-26,39.6245,39.97,39.470345,39.661
2016-08-29,39.6525,39.926,39.516,39.791
2016-08-30,39.644,39.9,39.4735,39.596
2016-08-31,39.48,39.5785,39.36,39.4925
2016-09-01,39.599,39.6445,39.3165,39.57
2016-09-02,39.7635,39.855,39.663,39.8435
2016-09-06,39.9195,40.5445,39.7715,40.401
2016-09-07,40.3965,40.53,40.186,40.3995
2016-09-08,40.261,40.421,40.050505,40.142
2016-09-09,39.9385,40.0875,39.4025,39.424
2016-09-12,39.226,40.0085,39.175,39.941
2016-09-13,39.7005,39.7895,39.2165,39.436
2016-09-14,39.3765,39.8165,39.3765,39.523
2016-09-15,39.5005,40.18225,39.433,40.0615
2016-09-16,39.951,39.951,39.681,39.8985
2016-09-19,40.0555,40.1995,39.678,39.7695
2016-09-20,40,40.1375,39.913,39.989
2016-09-21,40.063,40.2955,39.8015,40.2515
2016-09-22,40.5,40.953,40.3855,40.7975
2016-09-23,40.757,40.85,40.6365,40.748
2016-09-26,40.491,40.504,40.0225,40.1325
2016-09-27,40.0915,40.6745,40.0915,40.5365
2016-09-28,40.204,40.5125,40.139015,40.503
2016-09-29,40.3615,40.6955,40.04275,40.132
2016-09-30,40.18,40.4045,40.075,40.203
2016-10-03,40.1275,40.177,39.8115,40.019
2016-10-04,40.25,40.325,39.9835,40.1395
2016-10-05,40.3,40.425,40.0355,40.0615
2016-10-06,40.204,40.34725,40.0255,40.154
2016-10-07,40.2965,40.297,39.841,40.0355
2016-10-10,40.1965,40.869,40.112,40.7085
2016-10-11,40.7085,40.993,40.3685,40.4785
2016-10-12,40.598,40.725,40.427725,40.5885
2016-10-13,40.3035,40.328,39.931,40.204
2016-10-14,40.3725,40.5045,40.116,40.23
2016-10-17,40.2995,40.6745,40.1915,40.342
2016-10-18,40.7105,41.4405,40.6665,41.0745
2016-10-19,41.226,41.4905,41.16025,41.3545
2016-10-20,41.378,41.42325,41.0275,41.0815
2016-10-21,41,41.2145,40.9155,41.203
2016-10-24,41.5045,41.897,41.452,41.787
2016-10-25,41.925,41.925,41.265025,41.4275
2016-10-26,41.356,41.3855,40.8175,41.105
2016-10-27,41.1505,41.329,40.7305,40.8675
2016-10-28,41.497,41.95,40.85,40.978
2016-10-31,41.1215,41.1315,40.4,40.495
2016-11-01,40.5435,40.698,39.913,40.274
2016-11-02,40.338,40.338,39.25,39.421
2016-11-03,39.225,39.5,38.9315,39.1095
2016-11-04,38.565,39.424,38.550215,39.055
2016-11-07,39.7475,40.25,39.645,40.1015
2016-11-08,40.1015,40.802,39.981,40.599
2016-11-09,40.0915,40.5855,39.60175,40.2795
2016-11-10,40.5,40.503,38.4115,39.0145
2016-11-11,38.8405,38.8645,38.277,38.5875
2016-11-14,38.588,38.589,37.1795,37.661
2016-11-15,38.2735,39.01188,38.261,38.758
2016-11-16,38.521,39.175,38.3165,38.999
2016-11-17,39.125,39.445,38.9925,39.308
2016-11-18,39.3585,39.5645,38.7675,38.7985
2016-11-21,38.905,39.3275,38.815,39.24
2016-11-22,39.4495,39.6885,39.187,39.25
2016-11-23,39.476,39.476,38.6325,38.95
2016-11-25,39.1305,39.145,38.9095,39.0115
2016-11-28,38.9175,39.987,38.905,39.2895
2016-11-29,39.419,39.822,39.267,39.472
2016-11-30,39.455,39.5755,38.65725,38.794
2016-12-01,38.9275,38.93,37.668,38.2165
2016-12-02,38.095,38.525,37.95,38.223
2016-12-05,38.5,39,38.34843,38.911
2016-12-06,39.0095,39.264,38.666,38.809
2016-12-07,38.9975,39.6,38.6765,39.5735
2016-12-08,39.6475,39.95,39.39525,39.7585
2016-12-09,39.965,40.4975,39.9025,40.4725
2016-12-12,40.241,40.5675,40.226555,40.395
2016-12-13,40.6195,41.215,40.597,40.767
2016-12-14,40.796,41.213,40.639,40.8945
2016-12-15,40.868,41.15,40.6,40.7825
2016-12-16,40.9155,40.96,40.406,40.492
2016-12-19,40.464,40.811,40.225,40.625
2016-12-20,40.6685,40.8245,40.55,40.76
2016-12-21,40.786,40.786,40.255,40.61
2016-12-22,40.455,40.5535,40.3015,40.484
2016-12-23,40.4005,40.54848,40.2555,40.39
2016-12-27,40.434,40.8,40.29,40.4965
2016-12-28,40.6665,40.6665,40.122,40.2285
2016-12-29,40.1165,40.2875,39.9072,40.144
2016-12-30,40.1605,40.16425,39.481,39.6225
2017-01-03,40.031,40.57175,39.8445,40.4005
2017-01-04,40.4945,40.6715,40.2055,40.3885
2017-01-05,40.375,40.687,40.296,40.651
2017-01-06,40.7495,41.448,40.575,41.2605
2017-01-09,41.3185,41.5215,41.081,41.359
2017-01-10,41.3535,41.4705,41.157,41.3005
2017-01-11,41.331,41.495,41.0735,41.493
2017-01-12,41.419,41.519,41.0505,41.4765
2017-01-13,41.55,41.7325,41.476,41.547
2017-01-17,41.5,41.509,41.160005,41.373
2017-01-18,41.49,41.4905,41.204,41.451
2017-01-19,41.45,41.649995,41.198,41.2185
2017-01-20,41.4545,41.462,41.23,41.4085
2017-01-23,41.5805,42.27714,41.435,42.2215
2017-01-24,42.349,42.576,42.114,42.4765
2017-01-25,42.6775,42.93968,42.487,42.9225
2017-01-26,42.9525,43.05,42.526005,42.849
2017-01-27,42.95,43.35,42.095,42.2515
2017-01-30,41.853,41.8615,41.0515,41.1915
2017-01-31,40.975,41.1535,40.67,41.0095
2017-02-01,41.2,41.2,40.6125,40.762
2017-02-02,40.75,41.228,40.60255,40.913
2017-02-03,41.1565,41.3065,40.9675,41.0065
2017-02-06,41.046,41.1195,40.7145,41.081
2017-02-07,41.275,41.596,41.16463,41.4615
2017-02-08,41.5265,41.7125,41.2555,41.494
2017-02-09,41.5865,41.599,41.325,41.503
2017-02-10,41.6475,41.8575,41.5255,41.7425
2017-02-13,41.885,42.08675,41.8123,41.948
2017-02-14,41.9885,42.1,41.7915,42.0015
2017-02-15,41.9405,42.088625,41.811,41.866
2017-02-16,41.925,42.1345,41.863,42.1085
2017-02-17,42.0655,42.347,41.989,42.3275
2017-02-21,42.3995,42.61,42.3275,42.4635
2017-02-22,42.4,42.6895,42.335505,42.568
2017-02-23,42.554,42.631,42.125,42.55
2017-02-24,42.3825,42.418,42.148005,42.3905
2017-02-27,42.2475,42.5335,42.1505,42.4835
2017-02-28,42.3675,42.4415,42.07211,42.2465
2017-03-01,42.569,42.9,42.451,42.8375
2017-03-02,42.8155,42.8245,42.436,42.4925
2017-03-03,42.447,42.541,42.23525,42.454
2017-03-06,42.343,42.447,42.0585,42.3635
2017-03-07,42.363,42.6665,42.276,42.5575
2017-03-08,42.656,42.8465,42.5625,42.682
2017-03-09,42.6845,43.0355,42.6335,42.892
2017-03-10,43.135,43.21145,42.8805,43.07025
2017-03-13,43.0415,43.3565,43.041,43.229
2017-03-14,43.1875,43.379,43.0065,43.2955
2017-03-15,43.397,43.494,43.06475,43.4195
2017-03-16,43.5265,43.6355,43.376,43.5
2017-03-17,43.684,43.721,43.4185,43.6185
2017-03-20,43.474,43.517,43.23325,43.3955
2017-03-21,43.503,43.6735,42.38435,42.507
2017-03-22,42.474,42.7675,42.35,42.49
2017-03-23,42.0695,42.0845,41.65,41.9825
2017-03-24,42.1,42.2,41.455,41.757
2017-03-27,41.4045,42.069,41.215,41.9255
2017-03-28,41.9845,42.27,41.61325,42.0315
2017-03-29,42.1375,42.57925,42.069,42.4935
2017-03-30,42.599,42.6,42.3385,42.474
2017-03-31,42.3415,42.478,42.262225,42.39
2017-04-03,42.4375,42.95,42.37649,42.8375
2017-04-04,42.4,42.65,42.37525,42.6285
2017-04-05,42.7355,43.0295,42.376,42.4455
2017-04-06,42.475,42.6795,42.2,42.25475
2017-04-07,42.25,42.294,41.865,42.105
2017-04-10,42.077,42.33686,42.0395,42.085
2017-04-11,42.085,42.2315,41.73,41.994
2017-04-12,41.923,42.186,41.8795,42.073
2017-04-13,42.052,42.1865,41.892515,42.009
2017-04-17,42.069,42.782,42.0515,42.7565
2017-04-18,42.627,42.8695,42.5625,42.6995
2017-04-19,42.86925,43.01,42.676375,42.8255
2017-04-20,42.987,43.1965,42.875,43.004
2017-04-21,43.031,43.122,42.8865,42.9475
2017-04-24,43.422,43.998,43.3055,43.9465
2017-04-25,44.113,44.6125,43.964005,44.442
2017-04-26,44.5695,44.6495,44.2575,44.457
2017-04-27,44.5,44.66887,44.359,44.572
2017-04-28,46.45,46.795,46.161,46.226
2017-05-01,46.2075,46.791,46.04,46.641
2017-05-02,46.6635,47.14925,46.55,46.8545
2017-05-03,46.8025,47.51,46.7605,47.4225
2017-05-04,47.5145,47.957,47.3685,47.736
2017-05-05,47.836,47.921975,47.40493,47.514
2017-05-08,47.3725,48.0495,47.36975,47.9345
2017-05-09,48.0665,48.11,47.72,47.8355
2017-05-10,47.811,47.8355,47.492,47.742
2017-05-11,47.5645,47.8995,47.4305,47.7945
2017-05-12,47.8925,47.899,47.603,47.757
2017-05-15,47.7645,48.135,47.641,47.961
2017-05-16,48.1775,48.294775,48.0175,48.2305
2017-05-17,47.985,48.0495,47.003,47.1085
2017-05-18,47.16,47.709,47.0635,47.525
2017-05-19,47.641,47.978,47.6,47.7325
2017-05-22,47.85,48.241,47.828,48.2035
2017-05-23,48.498,48.7255,48.225,48.5275
2017-05-24,48.763,48.90575,48.581495,48.8805
2017-05-25,48.95,49.789,48.891,49.593
2017-05-26,49.6,49.8195,49.368,49.6635
2017-05-30,49.625,49.881,49.568005,49.8085
2017-05-31,49.8105,49.98,49.084,49.3545
2017-06-01,49.548,49.657,49.0645,49.4145
2017-06-02,49.4295,49.824,49.3535,49.806
2017-06-05,49.8945,50.370055,49.7725,50.194
2017-06-06,50.1655,50.4305,49.74,49.834
2017-06-07,49.941,50.1955,49.7905,50.0795
2017-06-08,50.2115,50.28,49.831,50.214
2017-06-09,50.2745,50.275,47.6685,48.506
2017-06-12,47.936,48.4,46.83975,48.0905
2017-06-13,48.602,48.8955,48.1005,48.525
2017-06-14,48.775,48.985,47.975515,48.3965
2017-06-15,47.401,48.033875,47.0185,48.009
2017-06-16,47.8955,47.9975,47.435,47.931
2017-06-19,48.4825,48.965,48.41,48.761
2017-06-20,48.7655,49.0395,48.41,48.4495
2017-06-21,48.5395,48.9835,48.458,48.9295
2017-06-22,48.8435,49.025,48.66574,48.831
2017-06-23,48.775,49.331,48.723,49.3045
2017-06-26,49.5,49.6995,48.5165,48.6045
2017-06-27,48.08,48.361,47.3545,47.4045
2017-06-28,47.533,48.162,46.808,48.0505
2017-06-29,47.5675,47.583,46.48,46.891
2017-06-30,47.1995,47.249975,46.4805,46.484
2017-07-03,46.661,46.712,45.7655,45.973
2017-07-05,46.21,46.8145,45.931525,46.613
2017-07-06,46.25,46.807,45.9925,46.3845
2017-07-07,46.54925,47.233,46.4895,47.0405
2017-07-10,47.0975,47.6565,47.0975,47.55
2017-07-11,47.526,47.7445,47.256,47.6765
2017-07-12,48.043,48.4815,47.852,48.383
2017-07-13,48.54,48.935,48.24,48.4425
2017-07-14,48.7,48.877,48.5075,48.8455
2017-07-17,48.816,49.1675,48.54,48.798
2017-07-18,48.668,49.5425,48.602,49.3475
2017-07-19,49.5005,49.78,49.3505,49.6385
2017-07-20,49.85,49.934,49.231,49.6095
2017-07-21,49.45,49.7555,49.2085,49.692
2017-07-24,49.705,50.3095,49.51364,49.9155
2017-07-25,48.535,48.8365,48.19,48.4515
2017-07-26,48.639,48.6975,48.0115,48.2655
2017-07-27,48.459,48.476,46.853,47.6255
2017-07-28,47.3995,48.0895,47.2655,47.9165
2017-07-31,48,48.059625,47.08625,47.275
2017-08-01,47.3905,47.7245,47.248,47.328
2017-08-02,47.4185,47.455,46.62605,47.382
2017-08-03,47.455,47.5,46.972,47.015
2017-08-04,47.1975,47.377,46.98975,47.2895
2017-08-07,47.376,47.448,47.175,47.2875
2017-08-08,47.2145,47.6245,47.124,47.2095
2017-08-09,46.9225,47.188,46.696,47.004
2017-08-10,46.75,46.815,46.08884,46.1795
2017-08-11,46.1855,46.668,46.061,46.5045
2017-08-14,46.9535,47.052,46.72425,46.9465
2017-08-15,47.0515,47.1535,46.832,46.904
2017-08-16,47.0625,47.495,47.001955,47.2135
2017-08-17,47.1475,47.1905,46.382,46.383
2017-08-18,46.349,46.551,46.1725,46.309
2017-08-21,46.2885,46.4125,45.93,46.0435
2017-08-22,46.348,47.098085,46.3085,47.02
2017-08-23,46.85,47.27125,46.762,47.129
2017-08-24,47.1855,47.3155,46.537,46.8445
2017-08-25,46.9605,47.0365,46.505,46.525
2017-08-28,46.594,46.7425,46.3055,46.4065
2017-08-29,45.9975,46.9095,45.9655,46.7875
2017-08-30,46.7835,47.293,46.7025,47.1815
2017-08-31,47.315,47.85975,47.3125,47.762
2017-09-01,47.8735,47.9165,47.514,47.5995
2017-09-05,47.343,47.56927,46.78,47.074
2017-09-06,47.1935,47.225,46.634,47.101
2017-09-07,47.2125,47.524825,46.8765,47.4945
2017-09-08,47.485,47.535,47.0005,47.0705
2017-09-11,47.36,47.634,47.05,47.1645
2017-09-12,47.346,47.40425,46.875,47.3325
2017-09-13,47.275,47.6425,47.237,47.522
2017-09-14,47.3,47.4015,46.9178,47.0065
2017-09-15,47.0045,47.0875,46.5625,46.7645
2017-09-18,46.7505,46.843,46.27,46.4875
2017-09-19,46.6705,46.897,46.333,46.843
2017-09-20,46.8865,47.5,46.875,47.377
2017-09-21,47.4065,47.64,46.969,47.3775
2017-09-22,47.1385,47.5,47.04175,47.163
2017-09-25,46.9725,46.9875,46.225505,46.714
2017-09-26,46.8345,47.204,46.756,46.8715
2017-09-27,47.137,48.2715,47.0975,47.995
2017-09-28,47.8125,48.309,47.7775,48.2405
2017-09-29,48.3,48.7905,48.3,48.686
2017-10-02,48.7825,48.887,48.0975,48.3735
2017-10-03,48.378,48.622,48.13525,48.604
2017-10-04,48.588,48.72,48.2805,48.339
2017-10-05,48.6395,49.325425,48.5135,49.2595
2017-10-06,49,49.713,48.9255,49.682
2017-10-09,49.75,50.023,49.575,49.6155
2017-10-10,49.765,49.8735,49.0555,49.39
2017-10-11,49.452,50.37825,49.397,50.2825
2017-10-12,50.192,50.57694,50.055,50.2825
2017-10-13,50.4555,50.738,50.353,50.3935
2017-10-16,50.4815,50.6,50.076,50.4675
2017-10-17,50.372,50.728,50.3025,50.55
2017-10-18,50.5525,50.815455,50.266,50.637
2017-10-19,50.2375,50.3661,49.865,50.092
2017-10-20,50.3525,50.4325,50.1135,50.2535
2017-10-23,50.259,50.28969,49.155,49.277
2017-10-24,49.325,49.463,48.854,49.4245
2017-10-25,49.3135,49.7215,48.8861,49.573
2017-10-26,49.9235,50.3255,49.5235,49.571
2017-10-27,51.5495,53.181,51.3425,51.6835
2017-10-30,51.458,51.9915,51.1165,51.6565
2017-10-31,51.65,52.05,51.31475,51.652
2017-11-01,51.81575,52.393,51.7,52.12975
2017-11-02,51.9995,52.276,51.433,52.1485
2017-11-03,52.1375,52.533,51.8825,52.4995
2017-11-06,52.455,52.6295,52.1,52.134
2017-11-07,52.4825,52.6705,52.15,52.6195
2017-11-08,52.5025,53.13455,52.3525,52.9145
2017-11-09,52.4,52.544,51.7925,52.386
2017-11-10,52.1935,52.3315,52.061,52.2075
2017-11-13,52.04,52.437,51.963,52.06
2017-11-14,51.886,52.115,51.4665,52.082
2017-11-15,51.75,51.9815,51.538,51.8205
2017-11-16,51.9375,52.588,51.9,52.4235
2017-11-17,52.49,52.55,51.6865,51.7945
2017-11-20,51.8,51.93475,51.63375,51.733
2017-11-21,52.002,52.5195,51.957,52.515
2017-11-22,52.558,52.7715,52.3625,52.596
2017-11-24,52.7195,53.0035,52.596,52.826
2017-11-27,52.9285,53.65175,52.738565,53.6005
2017-11-28,53.6995,54,52.727,53.1645
2017-11-29,52.809,52.9385,51.482665,51.869
2017-11-30,51.997,52.206995,51.5035,51.8085
2017-12-01,51.5205,51.86225,50.845,51.2535
2017-12-04,51.39,51.567,50.461,50.5935
2017-12-05,50.5495,51.834,50.11575,50.98
2017-12-06,50.826,51.979,50.7655,51.636
2017-12-07,51.8035,52.446,51.768,52.2285
2017-12-08,52.5905,52.821,52.293,52.469
2017-12-11,52.5555,52.8,52.206,52.5985
2017-12-12,52.5,53.125,52.2435,52.4385
2017-12-13,52.604,52.774,52.329,52.5695
2017-12-14,52.7745,53.354,52.67975,52.8735
2017-12-15,53.189,53.7625,53.004505,53.6
2017-12-18,53.8225,54.3245,53.5185,54.2545
2017-12-19,54.151,54.24875,53.61352,53.989
2017-12-20,54.046,54.06175,53.43,53.678
2017-12-21,53.7695,53.876,53.45,53.5425
2017-12-22,53.5,53.586,53.382,53.443
2017-12-26,53.432,53.443,52.932005,53.2925
2017-12-27,53.33,53.4135,52.919,53.01
2017-12-28,53.1125,53.242,52.669,52.7975
2017-12-29,52.7745,52.9025,52.635,52.67
2018-01-02,52.651,53.799,52.651,53.6605
2018-01-03,53.6965,54.805,53.6715,54.576
2018-01-04,54.8545,55.203825,54.713,54.788
2018-01-05,55.1725,55.678995,55.08975,55.5145
2018-01-08,55.55,55.958,55.5,55.7105
2018-01-09,55.922,55.922,55.41005,55.6395
2018-01-10,55.35,55.639,55.19921,55.507
2018-01-11,55.6155,55.7425,55.324,55.6025
2018-01-12,55.505,56.565125,55.400505,56.5325
2018-01-16,57.0155,57.444,56.333,56.535
2018-01-17,56.818,56.966,56.1745,56.955
2018-01-18,56.9675,57.02925,56.22325,56.7985
2018-01-19,56.9015,57.188985,56.625,57.175
2018-01-22,57.191,58.344,57.091,58.208
2018-01-23,58.531,58.9255,58.3625,58.8085
2018-01-24,59.249,59.3525,58.37005,58.5645
2018-01-25,59.0355,59.25,58.592,59.107
2018-01-26,59.3765,59.378,58.4015,59.378
2018-01-29,59.4,59.9,59.203,59.324
2018-01-30,58.886,59.3965,58.7255,58.8685
2018-01-31,59.1905,59.316,58.605,59.111
2018-02-01,58.7995,59.3725,58.468,59.0795
2018-02-02,56.371,56.565,55.5585,55.96
2018-02-05,55.0305,55.7495,52.837,53.1195
2018-02-06,51.699,54.36875,51.5005,54.2215
2018-02-07,54.2485,54.3265,52.731,52.7705
2018-02-08,52.9935,53.1965,50.235,50.3855
2018-02-09,51.294,52.586,49.85,52.3135
2018-02-12,52.8335,53.2785,52.2745,52.728
2018-02-13,52.5,53.061,52.346,52.707
2018-02-14,52.716,53.7735,52.49,53.635
2018-02-15,54.1725,54.705,53.3615,54.568
2018-02-16,54.669,55.4155,54.5775,54.775
2018-02-20,54.638,55.8145,54.5,55.1795
2018-02-21,55.455,56.81,55.3755,55.6875
2018-02-22,55.9585,56.273,55.2575,55.495
2018-02-23,55.933,56.45,55.421865,56.4045
2018-02-26,56.593,57.21,56.467,57.185
2018-02-27,57.185,57.2125,55.839505,55.8755
2018-02-28,56.1,56.3825,55.15,55.196
2018-03-01,55.477,55.56366,53.36425,53.5705
2018-03-02,52.899,54.3445,52.5055,54.207
2018-03-05,53.9065,55.059,53.613505,54.738
2018-03-06,55.105125,55.2815,54.725,55.045
2018-03-07,54.641,55.81,54.49551,55.752
2018-03-08,55.86,56.572,55.86,56.469
2018-03-09,56.975,58.05,56.7145,58.042
2018-03-12,58.2525,58.908,57.96,58.2965
2018-03-13,58.5915,58.9,56.7285,56.9955
2018-03-14,57.29,57.987995,57.1175,57.4445
2018-03-15,57.4785,58.125,56.783,57.5305
2018-03-16,57.7675,57.8405,56.568,56.721
2018-03-19,55.888,55.9685,54.446,55.0035
2018-03-20,54.92,55.2775,54.121,54.79
2018-03-21,54.6285,55.435,54.3605,54.7
2018-03-22,54.0005,54.196,52.482,52.6575
2018-03-23,52.5685,53.338995,51.2435,51.3275
2018-03-26,52.53,52.9635,50.529,52.7045
2018-03-27,53.195,53.227,49.881,50.347
2018-03-28,50.0955,51.2495,49.2,50.259
2018-03-29,50.5605,52.4025,50.202,51.857
2018-04-02,51.381,51.9765,49.7125,50.6315
2018-04-03,50.8075,51.25,49.86225,50.934
2018-04-04,49.9115,51.637,49.8255,51.4855
2018-04-05,52.3195,52.3355,51.2,51.632
2018-04-06,51.155,51.8,50.312505,50.4975
2018-04-09,51.002,52.2295,50.96,51.0045
2018-04-10,51.513,52.0605,50.7705,51.825
2018-04-11,51.6,51.7935,50.96,51.253
2018-04-12,51.5735,52.2325,51.3025,51.8645
2018-04-13,52.3445,52.649,51.5075,51.802
2018-04-16,52.2775,52.571475,51.696,52.305
2018-04-17,53.06,54.25,52.854505,53.968
2018-04-18,53.9505,54.1,53.52575,53.7695
2018-04-19,53.451,54.8755,53.451,54.4725
2018-04-20,54.2135,54.7375,53.605,53.866
2018-04-23,54.149,54.4,53.334,53.6905
2018-04-24,52.96,53.2245,50.64275,51.132
2018-04-25,51.4875,51.8035,50.8505,51.1495
2018-04-26,51.661,52.601,51.0225,52.1655
2018-04-27,52.277,52.58475,51.3795,51.5725
2018-04-30,51.721,51.9185,50.915,50.929
2018-05-01,50.815,52.0865,50.5305,52.0375
2018-05-02,51.7,52.199,51.158,51.3025
2018-05-03,51.2685,51.5345,50.3945,51.315
2018-05-04,50.9805,52.59396,50.9025,52.55
2018-05-07,52.6945,53.25,52.513485,52.973
2018-05-08,53.231,53.2615,52.58205,52.9295
2018-05-09,53.205,54.7,53.1055,54.4475
2018-05-10,54.75,55.4705,54.694,55.2735
2018-05-11,55.0205,55.4505,54.861,55.169
2018-05-14,55.2785,55.9075,55.24,55.33
2018-05-15,54.845,54.956,53.939,54.2435
2018-05-16,54.2545,54.719125,54.081505,54.2045
2018-05-17,54.073,54.55,53.821,54.063
2018-05-18,53.3,53.6865,53.234,53.482
2018-05-21,53.95,54.665,53.9,54.2005
2018-05-22,54.49,54.59,53.613,53.7655
2018-05-23,53.5,54.4,53.348,54.298
2018-05-24,54.345,54.356,53.615,54.2725
2018-05-25,54.3275,54.4785,54.13,54.204
2018-05-29,53.8,54.067,53.154,53.4035
2018-05-30,53.674,53.9495,53.3275,53.8735
2018-05-31,54.1,55.5,53.9,55
2018-06-01,55.6435,56.908,55.600505,56.75
2018-06-04,56.925,57.892865,56.85,57.652
2018-06-05,57.733,58.05482,57.373,57.551
2018-06-06,57.6385,57.735695,56.816,57.3475
2018-06-07,57.229,57.29325,56.306,56.721
2018-06-08,56.5605,56.939,56.1615,56.6355
2018-06-11,56.647,57.387,56.56993,57.045
2018-06-12,57.051,57.4375,57.051,57.4095
2018-06-13,57.614,57.782,57.169,57.2115
2018-06-14,57.6105,58.2995,57.53,58.0055
2018-06-15,57.996,58.19544,57.6845,57.9635
2018-06-18,57.6345,59.2065,57.55,59.179
2018-06-19,58.5055,59.1405,58.0805,58.9345
2018-06-20,59.165,60.0745,59.1015,59.2035
2018-06-21,59.2755,59.51665,58.174,58.472
2018-06-22,58.57475,58.75,57.9825,58.4645
2018-06-25,57.75,57.7995,55.995,56.964
2018-06-26,57.207,57.3435,56.45,56.631
2018-06-27,56.8,57.3105,55.835,55.847
2018-06-28,55.6195,56.7,55.30362,56.339
2018-06-29,56.6155,57.06795,56.351,56.4595
2018-07-02,55.7675,57.1495,55.33,57.1055
2018-07-03,57.471,57.4955,55.7215,55.814
2018-07-05,56.23,57.207,56.156,57.0645
2018-07-06,57.0885,57.81,56.862,57.754
2018-07-09,58,58.3965,57.861725,58.364
2018-07-10,58.4995,58.675,58.128,58.357
2018-07-11,57.781,59.022,57.768725,58.573
2018-07-12,58.743,60.0993,58.655,60.063
2018-07-13,60.14,60.522,59.7645,60.221
2018-07-16,60.1905,60.4355,59.670055,59.8255
2018-07-17,59.137,60.938,59.1,60.654
2018-07-18,60.4265,61.0795,60.228,60.6455
2018-07-19,60.3325,60.824,59.88672,59.955
2018-07-20,59.962,60.53825,59.8295,59.894
2018-07-23,59.783,60.755,59.6005,60.55
2018-07-24,63.55,63.75,62.207,62.9075
2018-07-25,62.630995,63.912,62.4525,63.797
2018-07-26,63.359,64.37,63.15,64.275
2018-07-27,64.456,64.572,62.22475,62.6445
2018-07-30,62.2525,62.6445,61.2085,61.502
2018-07-31,61.5855,62.0605,60.8095,61.361
2018-08-01,61.9555,62.295015,61.247,61.6495
2018-08-02,60.925,62.2205,60.903,62.0565
2018-08-03,62.259,62.326,61.471,61.908
2018-08-06,62.0805,62.12308,61.5265,61.8835
2018-08-07,62.6005,63.304,62.59,62.792
2018-08-08,62.836,63.586,62.606,63.0665
2018-08-09,63.1365,63.59824,63.005055,63.223
2018-08-10,62.959,63.06,62.358175,62.6255
2018-08-13,62.56,63.2985,62.3515,62.432
2018-08-14,62.625,63.0295,61.977,62.907
2018-08-15,62.214,62.599,61.31225,61.611
2018-08-16,62.0995,62.18487,60.9815,61.203
2018-08-17,61.102,61.347735,60.2,60.7925
2018-08-20,61.033,61.2955,60.435,61.0975
2018-08-21,61.151,61.638,60.7515,60.8705
2018-08-22,60.711,61.3265,60.661,61.0875
2018-08-23,60.994,61.7585,60.96744,61.058
2018-08-24,61.3,61.87,61.071,61.8375
2018-08-27,62.207,62.8935,62.034,62.8135
2018-08-28,62.795,62.828,62.1485,62.293
2018-08-29,62.75,63.3585,62.64,63.2325
2018-08-30,63.17,63.4745,62.3605,62.722
2018-08-31,62.6105,62.62725,61.287735,61.59
2018-09-04,61.126,61.3935,60.328,60.5655
2018-09-05,60.461,60.7435,58.767,59.955
2018-09-06,59.9285,59.949325,58.1805,59.1995
2018-09-07,58.6,59.42725,58.4635,58.8795
2018-09-10,59.21,59.333,58.5305,58.753
2018-09-11,58.555,59.547,58.2975,59.4995
2018-09-12,59.1,59.5347,58.308,58.58
2018-09-13,58.985,59.393,58.461,59.107
2018-09-14,59.4,59.4,58.676,58.899
2018-09-17,58.8885,59.091,57.92275,57.9915
2018-09-18,58.133,59.0665,58.07125,58.3555
2018-09-19,58.448,58.8135,57.93076,58.7135
2018-09-20,59.0335,59.7,58.8125,59.5785
2018-09-21,59.746,59.829,58.603,58.606
2018-09-24,57.9705,59.2595,57.575,58.978
2018-09-25,59.2125,59.842995,58.7045,59.6945
2018-09-26,59.6845,60.362,59.269845,59.703
2018-09-27,60,60.843,59.9025,60.368
2018-09-28,60.2045,60.4225,59.8915,60.354
2018-10-01,60.65,61.21,60.1595,60.4265
2018-10-02,60.3335,61.226,59.983,60.382
2018-10-03,60.6,60.709,60.1075,60.5765
2018-10-04,60.2515,60.295,58.19225,58.8535
2018-10-05,58.8,59.1,57.716,58.3915
2018-10-08,58,58.793,56.77,57.796
2018-10-09,57.5655,58.0775,57.2085,57.2585
2018-10-10,56.82,56.851,54.5755,54.608
2018-10-11,53.952,55.80275,53.7945,54.537
2018-10-12,55.982,56.291495,54.75125,56.027
2018-10-15,55.9,56.08975,54.911,55.122
2018-10-16,55.674,56.8185,55.5875,56.654
2018-10-17,57,57.35,55.7,56.3795
2018-10-18,56.5,56.6175,54.317,54.8955
2018-10-19,55.1855,56.0475,54.8515,55.259
2018-10-22,55.6255,56.0845,55,55.5685
2018-10-23,54.5645,55.9,53.9505,55.7455
2018-10-24,55.75,55.831,52.753,52.856
2018-10-25,54.015,55.891,53.77725,55.1795
2018-10-26,52.4165,55.85,52.1115,54.1875
2018-10-29,54.827,55.4415,50.36,51.7365
2018-10-30,51.0005,52.545,50.6985,52.4755
2018-10-31,53.41,55.4,53.41,54.529
2018-11-01,54.57,54.995,53.891,54.299
2018-11-02,54.45,54.9,53.383,53.5745
2018-11-05,53.6265,53.6675,51.7,52.7865
2018-11-06,52.751,53.991,52.6805,53.4785
2018-11-07,54.1745,55.496495,54.0295,55.412
2018-11-08,55.365,55.411,54.218,54.7315
2018-11-09,54.201,54.4175,53.213,53.851
2018-11-12,53.6565,53.705,52.0175,52.468
2018-11-13,52.7405,53.33325,52.02,52.3985
2018-11-14,53,53.2895,52.0555,52.729
2018-11-15,52.573,53.9435,52.064625,53.5525
2018-11-16,53.2615,53.622,52.745,53.4135
2018-11-19,53.1695,53.4,51.14346,51.371
2018-11-20,50.3645,51.8675,50.1105,51.5225
2018-11-21,52.2655,52.73525,51.97275,52.1715
2018-11-23,51.675,52.15,51.426,51.505
2018-11-26,52.2,52.85,51.9885,52.797
2018-11-27,52.567,53.338,52.275,52.614
2018-11-28,52.873,54.642875,52.1475,54.5895
2018-11-29,54.1765,55.0075,54.1,54.729
2018-11-30,54.7815,55.4825,54.159,55.4825
2018-12-03,56.608,56.75,55.5865,55.818
2018-12-04,55.6495,55.712,53.03875,53.1235
2018-12-06,52.25,53.971,52.124,53.904
2018-12-07,53.6115,54.2515,51.9685,52.329
2018-12-10,52.147,52.98,51.65,52.659
2018-12-11,53.347,53.52,52.505,53.0825
2018-12-12,53.854,54.586625,53.5985,53.6865
2018-12-13,53.7835,54.421,53.2497,53.677
2018-12-14,53.001,53.586,52.4685,52.5855
2018-12-17,52.3505,53.119,50.8315,51.2825
2018-12-18,51.7,52.9845,51.524,52.1705
2018-12-19,52.3645,53.7855,50.9715,51.773
2018-12-20,51.3,52.372,50.39324,51.179
2018-12-21,51.602,51.8835,49.0595,49.5625
2018-12-24,49.216,50.605975,48.882995,49.2335
2018-12-26,49.8995,52.4225,49.63225,52.3925
2018-12-27,51.31,52.667,50.35,52.645
2018-12-28,52.975,53.2115,52.1,52.334
2018-12-31,52.8915,53.1495,51.651935,52.248
2019-01-02,51.36,53.0395,51.26375,52.734
2019-01-03,52.5335,53.313,51.1185,51.2735
2019-01-04,52.128,54,51.843,53.9035
2019-01-07,54.0485,54.135,53.132,53.796
2019-01-08,54.3,54.6675,53.41743,54.2685
2019-01-09,54.3995,54.582,53.7185,54.0825
2019-01-10,53.747,53.9905,53.234,53.9415
2019-01-11,53.495,53.6685,52.8215,53.2235
2019-01-14,52.667,52.9225,52.4275,52.5755
2019-01-15,52.9005,54.4135,52.722,54.3255
2019-01-16,54.5,55.118,54.4005,54.4755
2019-01-17,54.3995,55.035,54.16275,54.956
2019-01-18,55.4295,55.9,54.96417,55.365
2019-01-22,54.8,54.9485,53.5445,53.9315
2019-01-23,54.343,54.6475,53.3785,54.2205
2019-01-24,54.1255,54.4,53.501,54.2
2019-01-25,54.7115,55.168,54.59006,55.0755
2019-01-28,54.5035,54.66825,53.7305,53.993
2019-01-29,54.052,54.2365,53.301,53.503
2019-01-30,53.868,54.976,53.832,54.8995
2019-01-31,55.612,56.3835,55.2625,56.2945
2019-02-01,56.1145,56.72,55.7125,55.931
2019-02-04,55.9505,57.117,55.8755,57.071
2019-02-05,56.4815,57.6385,56.18,57.5935
2019-02-06,57.4635,57.7,55.918,56.1445
2019-02-07,55.591,55.5995,54.6795,55.2955
2019-02-08,54.744,55.25475,54.712,55.119
2019-02-11,55.1875,55.6715,55,55.106
2019-02-12,55.5505,56.643,55.5505,56.379
2019-02-13,56.652,57.14248,56.3,56.4315
2019-02-14,56.25,56.8065,55.8545,56.46
2019-02-15,56.965,56.965,55.836,55.9815
2019-02-19,55.832,56.482,55.832,56.3255
2019-02-20,56.444,56.5465,55.5875,56.0295
2019-02-21,55.939,55.9575,54.899,55.2105
2019-02-22,55.485,55.8625,55.025,55.828
2019-02-25,56.0965,56.27,55.7055,55.8665
2019-02-26,55.7185,56.32175,55.335,56.1005
2019-02-27,55.7005,56.2865,55.428,56.1445
2019-02-28,55.95,56.6995,55.9205,56.3275
2019-03-01,56.55,57.5,56.55,57.426
2019-03-04,57.728,58.276,56.9125,57.671
2019-03-05,57.8,58.824495,57.651,58.4595
2019-03-06,58.588,58.737,58.1525,58.247
2019-03-07,58.025,58.179,57.08575,57.5425
2019-03-08,56.695,57.67252,56.51,57.4985
2019-03-11,57.6,58.9955,57.5785,58.963
2019-03-12,59.115,60.2855,59.115,59.8625
2019-03-13,60.2965,60.35617,59.8955,59.953
2019-03-14,59.951,60.235,59.5615,59.6265
2019-03-15,59.9,60.08625,59.3505,59.515
2019-03-18,59.4845,59.7475,59.07381,59.4275
2019-03-19,59.586,60.17025,59.47282,60.123
2019-03-20,60.07,61.4995,59.9795,61.3215
2019-03-21,61,61.822,60.82875,61.8065
2019-03-22,61.4425,61.6815,60.300005,60.3825
2019-03-25,59.978,60.472,59.50017,59.869
2019-03-26,60.2595,60.3825,59.088,59.492
2019-03-27,59.596,59.596,58.2115,58.9005
2019-03-28,58.775,58.8625,58.1715,58.6135
2019-03-29,59.009,59.1985,58.319,58.8445
2019-04-01,59.377,60.01,59.318,59.949
2019-04-02,60.0025,60.2905,59.562,60.277
2019-04-03,60.635,61.03,60.25375,60.5405
2019-04-04,60.5645,61.0275,60.452,60.9725
2019-04-05,60.965,61.0195,60.5015,60.5725
2019-04-08,60.5555,60.6975,60.23475,60.414
2019-04-09,60.0945,60.3575,59.919,60.1345
2019-04-10,60.2545,60.446885,60.033045,60.3225
2019-04-11,60.445,60.637,60.227,60.4795
2019-04-12,60.781,61.1525,60.6645,61.1365
2019-04-15,61.2045,61.46475,60.728,61.3265
2019-04-16,61.5,61.799,61.252,61.5955
2019-04-17,61.85,62.25475,61.645,62.007
2019-04-18,62.25,62.297,61.9705,62.0735
2019-04-22,61.8335,62.717025,61.6685,62.688
2019-04-23,62.832,63.7215,62.59875,63.5295
2019-04-24,63.5295,63.7,62.9905,63.0025
2019-04-25,63.515,63.64,62.9,63.367
2019-04-26,63.669,63.9455,63.25,63.871
2019-04-29,64.0255,64.84875,63.5855,64.81
2019-04-30,59.5315,60.048885,59.15,59.948
2019-05-01,59.875,59.9625,58.58375,58.666
2019-05-02,58.63,58.969,57.9165,58.3255
2019-05-03,58.8705,59.57,58.67725,59.4775
2019-05-06,58.6,59.7715,58.55775,59.673
2019-05-07,59.2905,59.7385,58.25,58.943
2019-05-08,58.8645,59.2135,58.3815,58.539
2019-05-09,58.13,58.7035,57.732,58.3985
2019-05-10,58.442,58.814,57.3185,58.382
2019-05-13,57.262,57.5985,56.275,56.8295
2019-05-14,57.116,57.24325,56.1765,56.243
2019-05-15,56.1275,58.915,56.07,58.54
2019-05-16,58.592,59.708,58.4225,59.225
2019-05-17,58.7915,59.3145,58.321,58.439
2019-05-20,57.65,57.65,56.90675,57.233
2019-05-21,57.724,57.9,57.1655,57.722
2019-05-22,57.5625,58.189,57.55,57.7925
2019-05-23,57.3035,57.5025,56.658,57.267
2019-05-24,57.6,57.718,56.8355,56.9305
2019-05-28,57.074,57.8245,56.9335,56.978
2019-05-29,56.635,56.75,55.5975,55.997
2019-05-30,56.0075,56.33975,55.795,56.0705
2019-05-31,55.282,55.670135,55.1675,55.325
2019-06-03,53.3465,53.35,51.3515,51.937
2019-06-04,52.2245,52.92185,51.8015,52.7245
2019-06-05,52.75,52.8405,51.65,52.232
2019-06-06,52.3105,52.5,51.7755,52.388
2019-06-07,52.714,53.6715,52.5575,53.4185
2019-06-10,53.85,54.742,53.764085,54.138
2019-06-11,54.8495,55.20025,53.9785,54.052
2019-06-12,53.9975,54.126,53.48,53.955
2019-06-13,54.2355,54.8295,54.1285,54.5505
2019-06-14,54.487,54.738,54.07376,54.315
2019-06-17,54.455,55.064,54.4,54.6945
2019-06-18,55.575,55.939,55.0395,55.262
2019-06-19,55.362,55.4715,54.8015,55.2255
2019-06-20,56.085,56.136,55.35,55.66
2019-06-21,55.493,56.3285,55.486,56.2685
2019-06-24,56,56.1785,55.6655,55.835
2019-06-25,55.754,55.785,54.22999,54.379
2019-06-26,54.55,54.756,53.68436,54.016
2019-06-27,54.3375,54.42325,53.7925,53.8315
2019-06-28,53.8615,54.14,53.69,54.14
2019-07-01,55.052,55.4295,54.7665,55
2019-07-02,55.2415,55.6445,54.9835,55.63
2019-07-03,55.925,56.399365,55.7425,56.1495
2019-07-05,55.9685,56.7325,55.875,56.63325
2019-07-08,56.2935,56.3605,55.588,55.8395
2019-07-09,55.516,56.393,55.3575,56.2145
2019-07-10,56.616,57.117,56.533,57.0455
2019-07-11,57.308,57.662,56.9765,57.204
2019-07-12,57.1465,57.375,56.928,57.267
2019-07-15,57.267,57.534,57,57.5255
2019-07-16,57.3365,57.929,57.3365,57.673
2019-07-17,57.546,57.922,57.331,57.337
2019-07-18,57.1,57.4085,56.64275,57.362
2019-07-19,57.466,57.579,56.5625,56.5775
2019-07-22,56.7735,57.001,56.2605,56.9605
2019-07-23,57.1725,57.443,56.6425,57.4025
2019-07-24,56.631,57.27275,56.4255,56.9865
2019-07-25,56.9475,57.17955,56.1855,56.797
2019-07-26,61.4,63.4197,61.4,62.261
2019-07-29,62.125,62.44975,61.51,62.092
2019-07-30,61.35,61.8455,61.266,61.4
2019-07-31,61.2435,61.7455,60.409,60.91
2019-08-01,60.8815,61.8149,60.35,60.589
2019-08-02,60.15,60.475,59.5,59.816
2019-08-05,58.6485,58.844,57.1375,57.7375
2019-08-06,58.276,59.07,58.07625,58.554
2019-08-07,57.89,58.9935,57.542,58.7955
2019-08-08,59.3215,60.314,58.7,60.3095
2019-08-09,59.99975,60.223,59.2445,59.445
2019-08-12,59,59.2805,58.436,58.725
2019-08-13,58.7175,60.2715,58.64975,59.8365
2019-08-14,58.8035,59.1395,58.0535,58.2125
2019-08-15,58.4215,58.821,58.15,58.466
2019-08-16,59.0395,59.192,58.65,58.9605
2019-08-19,59.5915,60.4695,59.52,60.022
2019-08-20,59.7675,59.9,59.15225,59.1765
2019-08-21,59.791,60.02784,59.396,59.579
2019-08-22,59.69,59.939,58.9455,59.576
2019-08-23,59.2585,59.7835,57.5,57.679
2019-08-26,57.9725,58.593,57.74225,58.559
2019-08-27,59.15,59.25,58.22786,58.541
2019-08-28,58.2435,58.925,58.0125,58.6875
2019-08-29,59.321,59.9595,59.264,59.712
2019-08-30,60.0175,60.0175,59.286,59.5265
2019-09-03,59.0925,59.454,58.18575,58.4775
2019-09-04,58.9725,59.244,58.5765,59.1135
2019-09-05,59.683,60.7,59.6345,60.6095
2019-09-06,60.457,60.64725,60.163,60.316
2019-09-09,60.354,61.0275,59.6585,60.2635
2019-09-10,59.8045,60.5,59.8005,60.285
2019-09-11,60.1945,61.1235,60.11375,61
2019-09-12,61.1735,62.12075,61.128,61.7485
2019-09-13,61.6055,62.0525,61.354,62.0015
2019-09-16,61.522,61.951,61.2595,61.5815
2019-09-17,61.5815,61.75,61.1675,61.494
2019-09-18,61.512,61.812,60.8235,61.6325
2019-09-19,61.616,62.217,61.6155,61.9375
2019-09-20,61.682,62.14,61.179,61.492
2019-09-23,61.3285,61.984,61.189125,61.7345
2019-09-24,62,62.3555,60.53219,60.9165
2019-09-25,60.8005,62.401,60.46,62.297
2019-09-26,62.107,62.2335,61.591,62.1145
2019-09-27,62.1415,62.2495,60.76,61.2975
2019-09-30,61.03,61.37025,60.671,61.057
2019-10-01,61.1245,61.642915,60.2775,60.3
2019-10-02,59.825,59.938,58.6315,58.896
2019-10-03,59.167,59.55,58.157,59.4715
2019-10-04,59.7145,60.623,59.5485,60.548
2019-10-07,60.35,60.9455,60.218,60.4125
2019-10-08,59.9385,60.34344,59.474,59.5065
2019-10-09,60.0665,60.423,59.90575,60.12
2019-10-10,59.93,60.781,59.893,60.4735
2019-10-11,61.2015,61.4375,60.68192,60.7855
2019-10-14,60.6945,61.294,60.594,60.8885
2019-10-15,61.075,62.35625,61.046,62.112
2019-10-16,62.0905,62.7095,61.9265,62.15
2019-10-17,62.57,63.1875,62.4935,62.64
2019-10-18,62.7345,62.9055,62.007,62.2205
2019-10-21,62.435,62.6755,61.9995,62.214
2019-10-22,62.224,62.4365,61.9925,62.06
2019-10-23,62.0105,62.902,62.0105,62.8815
2019-10-24,62.9555,63.145,62.6175,62.9555
2019-10-25,62.6,63.4,62.4575,63.215
2019-10-28,63.75,64.962,63.6155,64.449
2019-10-29,63.8,64.04,62.7805,63.033
2019-10-30,62.7575,63.40075,62.5325,63.035
2019-10-31,63,63.325785,62.474,62.94
2019-11-01,63.29,63.65,62.9855,63.6125
2019-11-04,63.8055,64.625,63.8055,64.4805
2019-11-05,64.56,64.862,64.469,64.572
2019-11-06,64.5045,64.6495,64.1135,64.5505
2019-11-07,64.714,66.1325,64.6875,65.347
2019-11-08,65.076,65.8555,65.076,65.45
2019-11-11,65.2,65.245,64.793505,64.914
2019-11-12,64.9285,65.4675,64.712,64.8605
2019-11-13,64.659,65.126,64.60735,64.809
2019-11-14,64.75,65.786,64.697,65.4575
2019-11-15,65.7525,66.677,65.5945,66.677
2019-11-18,66.617,66.696,65.808,65.992
2019-11-19,66.3315,66.3315,65.5885,65.6295
2019-11-20,65.568,65.6605,64.4605,65.093
2019-11-21,64.9625,65.556,64.5375,65.007
2019-11-22,65.15,65.345,64.46813,64.6835
2019-11-25,64.813,65.5205,64.7805,65.282
2019-11-26,65.4955,65.7005,65.202,65.65
2019-11-27,65.771,65.882,65.47371,65.6065
2019-11-29,65.33,65.4975,65.1615,65.2045
2019-12-02,65.128,65.272,64.019,64.443
2019-12-03,63.933,64.8615,63.8525,64.737
2019-12-04,65.305,66.2135,65.152555,65.947
2019-12-05,66.35,66.399,65.716,66.348
2019-12-06,66.6375,67.1235,66.5615,66.9695
2019-12-09,66.943,67.87765,66.8035,67.1495
2019-12-10,66.997,67.4,66.7,67.1445
2019-12-11,67.415,67.4945,67.055,67.2125
2019-12-12,67.1605,67.729,66.910005,67.4245
2019-12-13,67.395,67.5675,67.083,67.3435
2019-12-16,67.75,68.1765,67.5305,68.035
2019-12-17,68.1205,68.2165,67.5385,67.7445
2019-12-18,67.85,67.9715,67.523,67.5955
2019-12-19,67.5955,67.876295,67.437535,67.822
2019-12-20,68.155,68.2,67.5365,67.561
2019-12-23,67.9365,68.0927,67.4,67.5315
2019-12-24,67.5105,67.6005,67.20825,67.2215
2019-12-26,67.3275,68.16,67.2755,68.1235
2019-12-27,68.2,68.3535,67.65,67.732
2019-12-30,67.8405,67.85,66.89175,66.9855
2019-12-31,66.7895,67.033,66.6065,66.9695
2020-01-02,67.4205,68.434,67.3245,68.434
2020-01-03,67.4,68.6875,67.36618,68.076
2020-01-06,67.5815,69.916,67.55,69.8905
2020-01-07,70.023,70.175,69.57775,69.7555
2020-01-08,69.741,70.5925,69.6315,70.252
2020-01-09,71.0965,71.434,70.5105,70.9895
2020-01-10,71.4735,71.746995,70.979885,71.448
2020-01-13,71.7625,72.074,71.2685,72.0015
2020-01-14,72,72.1315,71.3885,71.5295
2020-01-15,71.651,72.039,71.583,71.96
2020-01-16,72.2725,72.535,72,72.508
2020-01-17,73.127,74.0275,72.8275,73.976
2020-01-21,73.95,74.494225,73.5105,74.1125
2020-01-22,74.4865,75.02906,74.13307,74.2085
2020-01-23,74.3775,74.675,74.016,74.2345
2020-01-24,74.641,74.71,73.15898,73.3085
2020-01-27,71.577,71.829,70.975,71.5865
2020-01-28,72.087,72.74,71.518,72.525
2020-01-29,72.923,73.207,72.26925,72.835
2020-01-30,71.905,72.7625,71.75,72.7125
2020-01-31,73.393,73.4835,71.353,71.639
2020-02-03,73.0825,74.315,72.8305,74.13
2020-02-04,72.7245,73.36675,71.1015,72.2705
2020-02-05,73.1805,73.229,71.48375,72.3025
2020-02-06,72.599,74.078,72.524,73.7985
2020-02-07,73.36925,74.26225,73.2705,73.9555
2020-02-10,73.8615,75.444,73.76,75.433
2020-02-11,75.6635,76.493995,75.272505,75.503
2020-02-12,75.793,76.015,75.4335,75.9315
2020-02-13,75.5,76.2973,75.2,75.6695
2020-02-14,75.7265,76.0025,75.2775,75.9365
2020-02-18,75.717,76.52775,75.5505,75.972
2020-02-19,76.36,76.537,76.0488,76.2435
2020-02-20,75.9505,76.3535,75.21275,75.8495
2020-02-21,75.229,75.54725,73.9245,74.173
2020-02-24,71.1525,71.819,70.3395,70.993
2020-02-25,71.55,71.84235,69.021,69.316
2020-02-26,69.749,70.6835,68.827505,69.5235
2020-02-27,67.957,68.47,65.712,65.7475
2020-02-28,63.7155,67.1225,63.4105,66.9625
2020-03-02,67.5695,69.3735,66.26,69.316
2020-03-03,69.884,70.4095,66.462105,66.886
2020-03-04,67.948,69.139,66.85,69.08
2020-03-05,67.2775,67.6815,65.082,65.738
2020-03-06,63.4975,65.1375,62.8605,64.787
2020-03-09,60.248,62.6365,59.902,60.7895
2020-03-10,62.7195,63.7925,60.7255,63.7585
2020-03-11,62.4135,62.8465,59.557,60.545
2020-03-12,56.131,59.4375,55.4235,55.5775
2020-03-13,58.7495,60.72,55.6145,60.7135
2020-03-16,54.4805,57.2735,53.354005,53.65
2020-03-17,54.532,56.3,52.455,55.903
2020-03-18,52.997,55.2495,51.85,54.5595
2020-03-19,54.411,57.6305,52.7775,55.5835
2020-03-20,56.545,56.923915,53.105,53.4105
2020-03-23,52.8185,53.3455,50.4435,52.7065
2020-03-24,55.199,56.6665,54.3215,56.5005
2020-03-25,56.229,57.3085,54.1505,55.081
2020-03-26,55.736,58.574,54.6015,58.146
2020-03-27,56.3735,57.5525,55.200135,55.513
2020-03-30,56.632,57.55,54.924505,57.3155
2020-03-31,57.4365,58.67,56.836,58.0975
2020-04-01,56.2,56.471,54.6745,55.105
2020-04-02,55,56.1385,54.6565,55.8515
2020-04-03,55.7355,55.9395,53.754,54.635
2020-04-06,56.65,59.537735,56.25,59.1595
2020-04-07,60.8505,61.03875,58.8625,59.128
2020-04-08,60.155,60.745,59.1977,60.35
2020-04-09,60.909,61.0995,59.62083,60.3285
2020-04-13,60.075,60.725995,59.11659,60.5205
2020-04-14,61.998675,63.787495,61.427065,63.2615
2020-04-15,62.3255,63.755495,61.7,62.865
2020-04-16,63.357,63.66793,61.91,62.8715
2020-04-17,64.085,64.5,63.3,63.95
2020-04-20,63.4945,63.841,62.822,63.0575
2020-04-21,62.1355,62.5,60.25,60.608
2020-04-22,62.0555,63.994,61.86,62.9205
2020-04-23,63.287,64.4075,63.026505,63.5585
2020-04-24,62.75,63.8855,62.2,63.83
2020-04-27,64.6,64.705,63.253,63.543
2020-04-28,64.16,64.238,61.519,61.6295
2020-04-29,67.25,68.0075,66.3365,67.109
2020-04-30,66.568,67.5,66.075,67.335
2020-05-01,66.2045,67.5715,65.483,65.866
2020-05-04,65.4065,66.2235,64.8005,66.145
2020-05-05,66.875,68.5505,66.7515,67.451
2020-05-06,67.9,68.4345,67.2565,67.2715
2020-05-07,68.0655,68.799995,67.62703,68.464
2020-05-08,69.091,69.832,68.6005,69.217
2020-05-11,68.8395,70.7765,68.775,70.1795
2020-05-12,70.411,70.7165,68.7255,68.759
2020-05-13,68.808,69.2665,66.4005,67.4165
2020-05-14,66.676,67.8685,66.165,67.843
2020-05-15,67.413,68.729,66.95,68.653
2020-05-18,68.079,69.638,67.71,69.259
2020-05-19,69.274,69.6245,68.688,68.72
2020-05-20,69.458,70.6013,69.370965,70.458
2020-05-21,70.5495,70.823,69.7195,70.3375
2020-05-22,70.195,70.85,69.7975,70.662
2020-05-26,72.098,72.2555,70.96975,71.0685
2020-05-27,71,71.26725,69.73,71.014
2020-05-28,70,72.223,69.9538,70.912
2020-05-29,71.0215,71.8365,70.799,71.676
2020-06-01,71.285,72.079,71.114,71.7435
2020-06-02,71.75,72.15,71.0805,72.1155
2020-06-03,72.135,72.4505,71.581,71.9625
2020-06-04,71.839,72.066,70.3005,70.715
2020-06-05,70.782,72.315,70.381065,72.001
2020-06-08,71.314,72.45,71.224,72.402
2020-06-09,72.262,73.39,72.118,72.604
2020-06-10,73.0755,73.6385,72.71775,73.235
2020-06-11,72.0515,72.580165,69.9205,70.095
2020-06-12,71.293,71.72525,69.29,70.646
2020-06-15,69.4745,71.25,69.35976,71.037
2020-06-16,72.45,72.8585,71.4495,72.3235
2020-06-17,72.647,73.11,71.75625,72.627
2020-06-18,72.4925,72.648495,71.31175,71.706
2020-06-19,72,72.225,70.95,71.232
2020-06-22,71.2505,72.5475,70.9595,72.533
2020-06-23,72.6,73.76,72.25,73.199
2020-06-24,73.164,73.7895,71.5,71.635
2020-06-25,71.561,72.116,70.977005,72.055
2020-06-26,71.6315,71.851,67.75,68.127
2020-06-29,68.017,69.9,67.5825,69.8585
2020-06-30,69.844,71.2,69.346505,70.9025
2020-07-01,70.9585,72.424,70.709,72.1
2020-07-02,72.592,74.426,72.55325,73.4965
2020-07-06,74.4075,75.5,73.8488,74.9825
2020-07-07,74.8065,76.066,74.485,74.496
2020-07-08,75.04,75.5585,74.615,75.18
2020-07-09,75.4965,76.45706,74.7795,75.933
2020-07-10,75.6625,77.067,75.036,76.9505
2020-07-13,77.497,78.818,75.328,75.6115
2020-07-14,74.6395,76.14,74.29625,76.043
2020-07-15,76.1615,76.8165,74.8915,75.844
2020-07-16,75.075,75.7955,74.4135,75.746
2020-07-17,75.8455,76.1715,74.905,75.8425
2020-07-20,75.75,78.4505,75.134805,78.192
2020-07-21,79.2515,79.3525,77.631,77.796
2020-07-22,77.7855,78.349,77.1615,78.2425
2020-07-23,78.2965,78.5175,75.4295,75.8375
2020-07-24,74.9595,75.771365,74.3795,75.4105
2020-07-27,75.663,76.878,75.6165,76.4715
2020-07-28,76.25,76.3005,75.026,75.1825
2020-07-29,75.25,76.6665,75.1505,76.1755
2020-07-30,74.8985,77.0445,74.7585,76.9185
2020-07-31,74.8525,75.251,72.7,74.3975
2020-08-03,74.55,74.8865,73.586,74.138
2020-08-04,74.3355,74.6555,73.2015,73.665
2020-08-05,73.841,74.5,73.56075,73.9545
2020-08-06,73.8075,75.3135,73.595,75.2475
2020-08-07,75.452,76.0045,74.3135,74.9185
2020-08-10,74.54,75.3575,73.874505,74.841
2020-08-11,74.7,75.522,73.9095,74.027
2020-08-12,74.356225,75.5835,74.25,75.362
2020-08-13,75.4105,76.84872,75.4105,75.8325
2020-08-14,75.6805,75.98925,74.95,75.2315
2020-08-17,75.7985,76.189,75.25,75.812
2020-08-18,76.306,77.8685,76.08325,77.789
2020-08-19,77.6245,78.443,77,77.2305
2020-08-20,76.9985,79.0085,76.723,78.8125
2020-08-21,78.59,79.594,78.1155,78.7785
2020-08-24,79.6235,80.439,78.752,79.2575
2020-08-25,79.005,80.444,78.894,80.2925
2020-08-26,80.315,82.6395,80.04877,82.2065
2020-08-27,82.3305,82.3995,80.940685,81.426
2020-08-28,81.4735,82.0675,81.28025,81.9715
2020-08-31,82.1785,82.225,81.2665,81.4765
2020-09-01,81.608,82.961,81.4765,82.754
2020-09-02,83.4005,86.30511,83.0095,85.8695
2020-09-03,84.976,85,80.3855,81.4755
2020-09-04,80.45,81.7495,76.898505,79.0605
2020-09-08,76.25,77.7775,75.825,76.18
2020-09-09,77.445,77.936,76.2585,77.3615
2020-09-10,77.509,78.683,76,76.3025
2020-09-11,76.4075,76.93475,74.651,75.788
2020-09-14,76.582355,77.85,75.2555,75.4415
2020-09-15,76.3945,77.5495,76.105,76.756
2020-09-16,77.124,77.7185,75.5795,75.6045
2020-09-17,74.2905,74.933,73.123,74.352
2020-09-18,74.415,74.76,71.581,72.5545
2020-09-21,71.581,72.003,70.134,71.507
2020-09-22,72.516,73.1985,71.47475,72.991
2020-09-23,72.6045,72.654,70.134,70.4695
2020-09-24,70.134,71.8995,70.1075,71.143
2020-09-25,71.2525,72.297,70.384,71.953
2020-09-28,73.5995,73.6495,72.314,72.933
2020-09-29,73.1955,73.6,72.7,73.301
2020-09-30,73.04675,74.309875,72.78775,73.28
2020-10-01,74.18304,74.7535,73.84,74.395
2020-10-02,72.9815,73.9515,72.3675,72.78
2020-10-05,73.1325,74.235,73.0045,74.1415
2020-10-06,73.775,74.226,72.2505,72.551
2020-10-07,72.9655,73.4485,71.6615,72.957
2020-10-08,73.2725,74.401375,73.2725,74.1715
2020-10-09,74.643,75.5925,74.35,75.5225
2020-10-12,76.9,79.421,76.465,78.2295
2020-10-13,78.8505,79.258,77.9315,78.3535
2020-10-14,78.73,79.1925,77.29475,78.172
2020-10-15,77.225,78.56975,77.056505,77.7735
2020-10-16,78.0915,78.8855,77.883,78.385
2020-10-19,78.7965,79.19625,76.146,76.4975
2020-10-20,76.1555,78.692,76.025,77.554
2020-10-21,78.4925,80.757,78.35675,79.2995
2020-10-22,79.25,80.671,78.874,80.333
2020-10-23,80.7525,81.706,80.5955,81.649
2020-10-26,80.75,81.479,78.389,79.2145
2020-10-27,79.446595,80.1,78.8495,79.944
2020-10-28,77.5005,77.6905,75.424,75.54
2020-10-29,75.851,79.43675,75.8275,77.844
2020-10-30,83.372,84.06575,80.0785,80.8055
2020-11-02,81.177,82.912,80.712,81.216
2020-11-03,81.538,82.95,80.6054,82.283
2020-11-04,85.279015,88.5015,85.15,87.2925
2020-11-05,88.5225,89.5909,87.0515,88.125
2020-11-06,87.567,88.42475,86.834,87.9865
2020-11-09,89.799,90.8445,87.87725,88.071
2020-11-10,86.4885,87.969,85.806,86.886
2020-11-11,87.42,88.145,87.153,87.3615
2020-11-12,87.1,88.249,86.8985,87.141
2020-11-13,87.4,88.8565,86.799,88.613
2020-11-16,88.207,89.717,88.0665,88.7015
2020-11-17,88.393,88.857,87.9745,88.083
2020-11-18,87.832,88.25,86.92829,87.032
2020-11-19,86.6615,88.1745,86.501,87.9285
2020-11-20,88.1,88.418125,86.75,86.819
2020-11-23,87.011,87.2995,85.509,86.378
2020-11-24,86.375,88.32375,86.0365,88.195
2020-11-25,88.3905,88.519,87.418,88.2065
2020-11-27,88.227,89.8505,88.227,89.351
2020-11-30,88.7825,89.01675,87.392,87.72
2020-12-01,88.33275,91.085995,88.1515,89.768
2020-12-02,89.768,91.637,89.258475,91.2485
2020-12-03,91.027,92.1915,90.85,91.092
2020-12-04,91.011,91.47497,90.6795,91.188
2020-12-07,90.7775,91.4645,90.152,90.8515
2020-12-08,90.426,90.7985,89.564,90.5665
2020-12-09,90.518,91.4185,88.100005,88.893
2020-12-10,88.13,88.7495,86.67635,88.3825
2020-12-11,88,88.8655,87.637,88.74
2020-12-14,88.536,89.49,87.4565,87.613
2020-12-15,87.993,88.2,87.0835,88.054
2020-12-16,88.4555,88.4555,87.453,87.8595
2020-12-17,88.1965,88.3355,86.5575,87.0255
2020-12-18,87.30851,87.418,85.75,86.311
2020-12-21,85.4565,86.85,84.7,86.728
2020-12-22,86.4665,86.630615,85.289,86.011
2020-12-23,86.1965,87.2055,86.06,86.4115
2020-12-24,86.45,87.1205,86.2175,86.708
2020-12-28,87.2455,89.35,87.091,88.698
2020-12-29,89.3615,89.4235,87.7555,87.888
2020-12-30,88.25,88.388,86.4,86.8125
2020-12-31,86.8635,87.875,86.8045,87.632
2021-01-04,88,88.124495,85.357,86.3065
2021-01-05,86.2545,87.3415,85.845,87.0025
2021-01-06,85.01275,87.19825,84.80507,86.144
2021-01-07,86.338,88.891,86.338,88.717
2021-01-08,88.858,89.96775,88.061,89.8915
2021-01-11,88.851,89.219,87.607,87.8145
2021-01-12,87.268,88.395,85.81875,86.8715
2021-01-13,86.366,87.8195,86.366,87.3625
2021-01-14,87.4435,88.377495,86.3035,86.546
2021-01-15,86.451,87.381,85.5855,86.381
2021-01-19,87.15,90.192,86.6415,89.2235
2021-01-20,91.3185,94.98617,90.9755,94.0035
2021-01-21,94.6825,96.604,93.9705,94.2075
2021-01-22,94.573,95.2195,93.82475,94.628
2021-01-25,95.637,96.091,92.958,94.714
2021-01-26,94.2995,95.7875,93.8065,95.3975
2021-01-27,93.7455,94.0235,89.864,90.947
2021-01-28,91.55,94.3995,91.55,92.66
2021-01-29,91.701,92.37675,90.078005,91.368
2021-02-01,92.22925,95.777,92.22925,94.6535
2021-02-02,95.6565,97.4685,95.3185,95.956
2021-02-03,103.2805,105.33117,100.6775,102.944
2021-02-04,103.03078,103.465,101.755,102.6815
2021-02-05,102.978,104.797,102.5,104.4415
2021-02-08,105,105.75,103.1675,104.226
2021-02-09,103.74,104.9255,103.5,103.7695
2021-02-10,104.157,104.944,102.612,104.324
2021-02-11,104.55,104.7,103.443,104.4375
2021-02-12,103.9885,104.975,103.6785,104.7515
2021-02-16,104.5875,107.257,104.5875,105.535
2021-02-17,104.699,106.12217,104.4175,105.931
2021-02-18,105.25,106.0995,104.6665,105.2905
2021-02-19,105.3895,105.929,104.1715,104.4405
2021-02-22,102.68,104.0165,102.4,102.713
2021-02-23,100.6995,103.625,99.5115,103.006
2021-02-24,101.502,104.416,101.3765,104.1905
2021-02-25,102.7965,104.15,100.3245,100.7975
2021-02-26,101.4975,102.826,100.0505,101.0955
2021-03-01,102.4,103.8115,101.721,103.483
2021-03-02,103.242,104.737,102.8335,103.224
2021-03-03,102.5975,103.7995,99.7,100.5705
2021-03-04,100.74345,103.7295,100.2715,101.6965
2021-03-05,103.0575,105.31,101.388865,104.8535
2021-03-08,104.203,105.687,100.2595,100.375
2021-03-09,102.4875,103.195765,101.78,102.018
2021-03-10,103.07,103.07,100.9665,101.8095
2021-03-11,102.911,105.5635,102.8225,105.027
2021-03-12,103.8205,103.8805,101.621,102.5
2021-03-15,102.24875,102.7495,101.3895,102.722
2021-03-16,103.2995,105.684,102.9645,104.1945
2021-03-17,103.4235,104.95,102.20609,104.111
2021-03-18,102.409,103.4373,100.959,101.067
2021-03-19,101.4865,101.852,100.1465,101.348
2021-03-22,101.3815,102.417,100.7,101.5345
2021-03-23,101.9975,103.2055,101.400005,102.0665
2021-03-24,102.588,103.38,101.450005,101.6265
2021-03-25,101.4525,102.282,99.8045,101.623
2021-03-26,101.5895,101.96925,100.1925,101.2365
2021-03-29,101.108,102.4605,100.2725,102.2895
2021-03-30,102.649,103.1335,101.8075,102.3235
2021-03-31,102.72,104.313,102.35,103.126
2021-04-01,104.6125,106.7875,104.5715,106.489
2021-04-05,107.3575,111.4495,107.26025,110.948
2021-04-06,110.546,111.4,110.0895,110.463
2021-04-07,110.655,112.225,110.655,111.9515
2021-04-08,113.2,113.589495,112.1505,112.5215
2021-04-09,112.272,113.6985,111.86275,113.5335
2021-04-12,112.706,112.84425,111.391,112.231
2021-04-13,112.5495,113.1735,112.1525,112.7215
2021-04-14,113.3715,113.3715,111.80075,112.0955
2021-04-15,113.0975,114.8,112.5585,114.2625
2021-04-16,114.462,114.712,113.546,114.1375
2021-04-19,113.509,115.2045,113.509,114.488
2021-04-20,114.8745,114.949995,112.856,113.9505
2021-04-21,113.6025,114,112.241,113.9175
2021-04-22,113.77,114.44407,112.016,112.626
2021-04-23,113.35,115.305875,113.0625,114.9965
2021-04-26,115.226,116.2265,114.86575,115.4965
2021-04-27,115.88163,115.9225,114.308,114.549
2021-04-28,119.62477,121.569,117.661,117.952
2021-04-29,119.4615,120.208,118.6925,119.638
2021-04-30,118.401,119.0925,117.328,117.675
2021-05-03,118.2455,119.0775,116.775,117.154
2021-05-04,115.6775,116.249495,112.834,115.3415
2021-05-05,116.4315,116.75,115.414,115.7385
2021-05-06,115.3165,116.8675,114.65209,116.8675
2021-05-07,118.1945,118.5625,117.30775,117.5965
2021-05-10,116.407,116.55,114.227,114.5875
2021-05-11,112.1535,114.014,111.696,113.503
2021-05-12,111.3095,112.399,109.681,110.0125
2021-05-13,111.306,111.971875,110.336,111.452
2021-05-14,112.927,114.236,112.5,113.919
2021-05-17,113.1785,114.489,112.775505,114.446
2021-05-18,115.1175,115.38409,113.1095,113.1235
2021-05-19,111.4215,113.7495,111.272,113.575
2021-05-20,114.55,115.6,114.176,115.3475
2021-05-21,115.8705,115.9445,114.465,114.7065
2021-05-24,115.7445,118.2775,115.59775,118.052
2021-05-25,118.6,119.2,117.75,118.1435
2021-05-26,118.326,119.4495,118.323125,119.0155
2021-05-27,119.4525,119.4525,117.813,118.134
2021-05-28,118.721,118.8035,117.6425,117.8425
2021-06-01,118.722,119.2855,117.714,119.059
2021-06-02,119.4575,119.682,117.61775,118.5295
2021-06-03,117.2865,117.85075,116.476,117.379
2021-06-04,118.4635,119.9515,118.1205,119.6785
2021-06-07,119.4718,120.225495,119.05,120.115
2021-06-08,120.6005,120.97601,119.739,119.922
2021-06-09,120.5715,120.644,119.845,120.397
2021-06-10,120.346,121.8,120.189,121.7565
2021-06-11,122,122.086,120.948,121.51
2021-06-14,121.613,122.446,120.9,122.4455
2021-06-15,122.45,122.7755,121.056,121.4195
2021-06-16,121.572,121.886,119.47,120.7725
2021-06-17,120.6975,122.5225,120.5,121.7435
2021-06-18,121.367,121.603,120.015,120.111
2021-06-21,120.5005,122,119.8985,121.8125
2021-06-22,121.75,122.4,121.064,122.3305
2021-06-23,122.0935,123.0955,121.8345,122.127
2021-06-24,122.7,123.055535,122.3,122.5
2021-06-25,122,122.633,121.56525,122.5085
2021-06-28,122.6785,122.78475,121.405505,122.536
2021-06-29,122.670355,123.02075,121.69075,122.2725
2021-06-30,121.9945,122.257,121.3545,122.0895
2021-07-01,121.725,122.587,121.5315,122.4445
2021-07-02,123.15,125.404,123.0595,125.2575
2021-07-06,125.6485,126.428,124.582505,126.19
2021-07-07,127.162,127.284,126.153,126.474
2021-07-08,124.026,125.5955,124.022,125.044
2021-07-09,125.025,125.7345,124.55125,125.5185
2021-07-12,126.178,127.06944,125.61075,126.9755
2021-07-13,127.0385,128.0575,126.6745,127.3415
2021-07-14,127.958,129.32633,127.91446,128.237
2021-07-15,128.649,128.7,126.53,127.005
2021-07-16,127.663,127.8115,126.1535,126.97
2021-07-19,126.0895,126.205,123.505,124.578
2021-07-20,125.5275,127.04318,124.3505,126.2095
2021-07-21,126.1335,127.596,126.0235,127.549
2021-07-22,127.844,128.483,127.498845,128.4215
2021-07-23,130.4305,133.398995,129.8005,133.015
2021-07-26,133.32825,134.237,132.3015,134.035
2021-07-27,134.2505,134.399,130.104,131.9
2021-07-28,136.31195,138.297,135.2775,136.094
2021-07-29,136.15,136.661015,135.543,135.7775
2021-07-30,135.035,135.3045,134.255,134.7265
2021-08-02,135.117,135.3365,133.79414,134.8545
2021-08-03,135.135,135.732,133.3195,135.63
2021-08-04,135.3495,135.6495,134.487,135.1255
2021-08-05,135.6805,136.35,134.846,136.2515
2021-08-06,136.042,136.4725,135.21,135.7385
2021-08-09,135.9425,137.184,135.33925,136.913
2021-08-10,137.342,137.772305,136.3645,136.807
2021-08-11,137.1815,137.68225,136.2715,136.279
2021-08-12,135.9755,137.3,135.4255,137.194
2021-08-13,137.25,137.8565,137.033,137.7275
2021-08-16,137.524895,138.3625,135.29875,138.3095
2021-08-17,137.75,138.2655,136.082,136.6615
2021-08-18,136.5,137.10425,135.3215,135.449
2021-08-19,134.4355,136.3525,134.25,135.68
2021-08-20,136,137.554,135.25,137.4295
2021-08-23,137.9695,140.8745,137.6075,140.0415
2021-08-24,140.6115,142.08,140.3385,141.2615
2021-08-25,141.625,142.189485,141.376,142.079
2021-08-26,141.75,142.4175,141.357,141.4405
2021-08-27,141.6525,144.5125,141.497,144.004
2021-08-30,144.4,145.9705,144.163,144.5905
2021-08-31,145.147,145.17125,144.281,144.6975
2021-09-01,145,146.25375,144.8835,145.2155
2021-09-02,145.216,145.51925,143.18475,143.287
2021-09-03,143.0805,144.155,142.4005,143.7395
2021-09-07,143.8345,144.565,143.619,144.2805
2021-09-08,144.1,144.4,143,143.691
2021-09-09,143.8405,144.3105,143.1775,143.541
2021-09-10,144.2125,144.7185,140.73775,140.876
2021-09-13,141.9495,142.95,141.25,142.3325
2021-09-14,142.99525,143.363,141.75,142.5445
2021-09-15,142.7715,144.4505,141.3475,144.4295
2021-09-16,143.9505,144.3,142.4015,143.61
2021-09-17,143.0305,143.45,140.46975,140.8
2021-09-20,138.1615,139,136.32175,138.7195
2021-09-21,139.7495,140.0115,138.278,139.033
2021-09-22,139.304,140.887,138.5515,140.2835
2021-09-23,140.9875,141.6965,140.4015,141.216
2021-09-24,140.5385,142.33025,140.241,142.215
2021-09-27,140.804265,141.938495,140.0675,141.072
2021-09-28,138.655,139.0965,135.36,135.83
2021-09-29,136.98,137.151,133.865,134.3535
2021-09-30,134.2615,135.5425,133.556,133.676
2021-10-01,134.4475,136.9105,134.073,136.543
2021-10-04,135.9605,135.9605,131.05,133.6595
2021-10-05,134.041,137.2245,134.041,136.023
2021-10-06,134.75,137.75,134.55,137.565
2021-10-07,138.892,140.042,138.6512,139.225
2021-10-08,139.577,140.331035,139.2175,139.7855
2021-10-11,139.292,140.712,138.859,138.914
2021-10-12,139.48,139.507,135.76,136.449
2021-10-13,137.4025,138,136.518815,137.582
2021-10-14,139.473805,141.33725,138.825,141.151
2021-10-15,141.6145,141.718,140.755,141.368
2021-10-18,141.0765,142.796,141.06945,142.778
2021-10-19,143.3875,143.6625,142.6,143.237
2021-10-20,143.338,143.54609,141.3765,141.769
2021-10-21,141.769,142.156,140.5,141.886
2021-10-22,139.15,140.58275,136.056,137.5665
2021-10-25,137.55,138,135.424,137.447
2021-10-26,139.2635,140.08294,138.3045,139.3085
2021-10-27,139.405,148.65,139.405,146.2175
2021-10-28,147.1345,147.158,144.62675,145.849
2021-10-29,145.078,148.242,144.6495,148.046
2021-11-01,148.046,148.046,143.2255,143.497
2021-11-02,144.5795,146.609,144.3355,145.4325
2021-11-03,145.9005,146.669,144.591,146.598
2021-11-04,147.1245,149.7335,146.308,148.2675
2021-11-05,149.1695,150.3275,148.197,148.852
2021-11-08,149.825,150.61475,148.4305,149.031
2021-11-09,149.233,149.8345,147.24475,148.9185
2021-11-10,147.5,148.07,144.5375,145.8935
2021-11-11,146.4895,147.5355,145.6005,145.7665
2021-11-12,146.6155,148.85,145.411005,148.678
2021-11-15,148.9005,149.5495,147.575,148.452
2021-11-16,148.1495,148.7625,147.3125,147.876
2021-11-17,148.0275,148.5595,147.24,148.047
2021-11-18,148.2415,150.5805,147.8845,149.8385
2021-11-19,149.97544,150.9665,148.899,148.9265
2021-11-22,149.3325,149.8295,146.1475,146.302
2021-11-23,146.153,146.66,144.115,145.782
2021-11-24,145.4735,146.24925,144.373,146.12
2021-11-26,144.3485,144.5575,141.8425,142.183
2021-11-29,144,146.2975,143.8935,145.5305
2021-11-30,145.0085,146,141.6015,141.8975
2021-12-01,144,145.95025,140.912,141.0515
2021-12-02,141.25,143.8645,140.2145,142.966
2021-12-03,143.681,144.4,140.301,142.0015
2021-12-06,143.0405,143.8525,140.15,143.155
2021-12-07,145.5965,147.53117,145.2275,147.2695
2021-12-08,147.5965,148.393,146.406,148.1865
2021-12-09,147.591,149.1,147.115005,147.6385
2021-12-10,148.7,148.9775,146.70375,148.0015
2021-12-13,147.7815,147.97,145.5175,145.8265
2021-12-14,143.968,144.48,141.21475,143.907
2021-12-15,143.409,146.721,141.67789,146.441
2021-12-16,147.1705,147.67675,143.607,144.445
2021-12-17,142.5,143.8345,141.3,141.725
2021-12-20,140,141.7745,139.321,141.607
2021-12-21,142.0535,143.869,140.5025,143.4725
2021-12-22,143.0675,146.5,143.0675,146.415
2021-12-23,146.5,148.2435,146.452,146.9165
2021-12-27,147.256,148.343995,147.16925,147.9065
2021-12-28,148.236,148.299005,146.05428,146.687
2021-12-29,146.644285,147.417,145.6475,146.655
2021-12-30,146.694,147.3,145.9945,146.2005
2021-12-31,146.05,146.6985,144.852,144.852
2022-01-03,145.055,145.851,143.71275,144.9915
2022-01-04,145.396,146.48489,143.71625,144.3995
2022-01-05,144.42,144.499375,137.688,137.775
2022-01-06,136.9985,139.94,136.5585,137.7475
2022-01-07,138.1455,138.4485,135.7665,137.017
2022-01-10,135.078,138.8195,133.1645,138.6695
2022-01-11,138.007,140.216,136.69225,139.736
2022-01-12,141.15,142.60775,140.6945,141.4305
2022-01-13,141.54,142.85,138.409,138.587
2022-01-14,137.079,140.742,136.9985,139.4805
2022-01-18,136.175,137.1315,135.43825,135.998
2022-01-19,136.5235,137.9595,135.0155,135.1165
2022-01-20,136.25,137.626,132.964655,133.3075
2022-01-21,132.5935,134.86553,130.0865,130.3515
2022-01-24,125.978,131.203,124.5,130.804
2022-01-25,128.74,129.399,126.5005,126.935
2022-01-26,131.119,133,127.142,129.233
2022-01-27,131.304,132.65225,128.93229,129.005
2022-01-28,129.659,133.3565,128.485,133.351
2022-01-31,134.161995,135.473,132.2095,135.3035
2022-02-01,137.5945,137.79275,134.3685,137.644
2022-02-02,151.25,151.546575,145.522505,148
2022-02-03,145.7055,149.675,142.665315,143.09
2022-02-04,143.444635,144.875,140.515,143.293
2022-02-07,144.25,144.25,138.9,139.201
2022-02-08,139.0265,140,137.01385,139.399
2022-02-09,140.9635,142.52425,140.18703,141.592
2022-02-10,139.7035,141.4845,137.957,138.62
2022-02-11,138.6,139.15625,133.4,134.2825
2022-02-14,133.2565,136.3,133.2565,135.526
2022-02-15,137.5705,138.1085,135.8215,136.6085
2022-02-16,136.6465,138.086,134.92375,137.738
2022-02-17,136.243,137.113495,132.4785,132.539
2022-02-18,133.467,134.069995,130.1965,130.403
2022-02-22,129.83809,132.18025,128.22325,129.8135
2022-02-23,131.6485,132.051,127.5275,127.588
2022-02-24,124.95325,133,124.95325,132.691
2022-02-25,133.552,135.2715,131.7515,134.4595
2022-02-28,133.05,135.7515,132.59225,135.057
2022-03-01,134.8785,136.2555,133.2185,134.0615
2022-03-02,134.628,135.2625,133.07154,134.5715
2022-03-03,136.01,136.439495,133.0255,133.8995
2022-03-04,132.9275,133.8515,130.3375,131.9065
2022-03-07,131.488,131.735,126.295,126.3785
2022-03-08,126.25,131.25,125.674685,127.1045
2022-03-09,131.25,133.7355,129.9005,133.42
2022-03-10,131.266,133.27175,130.9125,132.4295
2022-03-11,133.4885,133.7955,129.6315,129.8705
2022-03-14,130.25,130.409,125.275,125.951
2022-03-15,126.976,129.8545,125.7205,129.198
2022-03-16,130.733,133.333,128.7345,133.2805
2022-03-17,133.149,134.0804,132.185,133.839
2022-03-18,133.4245,136.244,132.25825,136.1255
2022-03-21,136.1635,137.05,134.09225,136.1015
2022-03-22,136.1015,141.05,136.1015,139.868
2022-03-23,138.7025,139.5885,137.835,138.2755
2022-03-24,139.2,141.61875,137.7505,141.572
2022-03-25,141.916,142.035,139.7375,141.673
2022-03-28,140.9005,142.0025,139.81125,141.4555
2022-03-29,142.6475,143.7935,142.03825,142.5055
2022-03-30,142.46,142.720315,141.6,141.9385
2022-03-31,142.053,142.10775,139.0245,139.0675
2022-04-01,139.5,140.47075,138.3075,140.1505
2022-04-04,140.3585,143.712,140.3105,142.9715
2022-04-05,142.869,142.9905,140.3825,140.591
2022-04-06,138.75,139.3605,135.517,136.548
2022-04-07,136.01,137.1645,134.227395,135.8885
2022-04-08,135.5835,135.67,132.9655,133.2875
2022-04-11,131.8235,132.0925,128.6685,128.8235
2022-04-12,131.6,131.6,126.788985,127.7145
2022-04-13,128,130.334,127.74125,129.894
2022-04-14,130.4795,130.4795,126.601,126.73
2022-04-18,127,128.2125,126.182,127.6765
2022-04-19,127.6915,130.333,126.9995,130.009
2022-04-20,130.892,131.399,127.5,128.04
2022-04-21,129.25,130.0985,124.5265,124.8145
2022-04-22,125,125.402,118.925,119.6355
2022-04-25,119.101,123.2775,118.511,123.074
2022-04-26,122.2945,122.51,118.511,118.65
2022-04-27,114.46925,117.242,112.736505,114.2945
2022-04-28,116.415,119.6495,114.115,118.5225
2022-04-29,116.7345,117.91975,113.8145,114.1095
2022-05-02,113.405,116.7455,112.6,116.583
2022-05-03,116.4305,118.441815,116.0345,117.334
2022-05-04,117.0315,122.8545,115.116,122.261
2022-05-05,120.204,121.039,115.00575,116.5055
2022-05-06,115.1845,117.5715,114.0155,115.7465
2022-05-09,113.25,115.07709,112.000505,112.511
2022-05-10,115.5075,116.25,112.9005,114.395
2022-05-11,113.2365,116.36441,113.2365,113.6025
2022-05-12,111.3775,114.295,109.8245,112.844
2022-05-13,114.533,117.875,113.605005,116.0505
2022-05-16,114.9555,116.17,113.8895,114.445
2022-05-17,116.8405,116.9,114.86975,116.473
2022-05-18,115,115.4,111.5555,111.8995
2022-05-19,111.4315,113.01,110,110.384
2022-05-20,111.951,112.1835,105.79636,108.908
2022-05-23,109.5875,112.1475,108.741,111.488
2022-05-24,105.772,106.45825,101.88468,105.97
2022-05-25,104.9855,106.5,103.8565,105.805
2022-05-26,105.677,108.6495,105.224855,107.7925
2022-05-27,109.483,112.318,109.13825,112.3165
2022-05-31,112.7465,115.735,112.0785,113.762
2022-06-01,114.855,117.101555,113.25,113.892
2022-06-02,114,117.8995,112.9465,117.6225
2022-06-03,116.0625,116.321625,113.5185,114.541
2022-06-06,116.7045,119.347,116.164,116.8205
2022-06-07,115.4805,117.691,115.052,117.1495
2022-06-08,116.7615,118.5705,116.6,117.194
2022-06-09,116.3275,118.298995,114.776,114.8355
2022-06-10,112.445,113.279,110.36612,111.1615
2022-06-13,106.7865,108.7915,106.11918,106.3925
2022-06-14,106.535,107.9245,105.8,106.7155
2022-06-15,108.545,111.4235,107.6695,109.7645
2022-06-16,107.221,108.6485,105.138005,106.0335
2022-06-17,106.0335,108.699495,105.046,107.1435
2022-06-21,108.9295,112.48925,108.6,111.544
2022-06-22,110.5565,113.3465,110.382375,111.4875
2022-06-23,112.2315,112.7425,110.5005,112.242
2022-06-24,112.995,118.079,112.9525,117.975
2022-06-27,118.273,118.5795,115.179685,115.8335
2022-06-28,115.8025,117.3095,111.848,112.0075
2022-06-29,111.552,113.16025,110.872505,111.7015
2022-06-30,110,110.888,106.75,108.963
2022-07-01,107.933,109.25,106.7305,108.7375
2022-07-05,107.1005,113.37675,105.7315,113.263
2022-07-06,113.302,115.5895,111.476,114.572
2022-07-07,115.08,119.1895,114.8335,118.783
2022-07-08,117.25,119.685,116.90125,119.3535
2022-07-11,117.998,117.998,115.3305,115.6765
2022-07-12,116.215,116.974,113.69022,114.0205
2022-07-13,111.701,114.196,111.2015,111.3535
2022-07-14,110.2105,111.093,108.373,110.3675
2022-07-15,112.0005,113.1405,110.9,111.7775
2022-07-18,112.64,113.68,108.37,109.03
2022-07-19,110.85,114.02,109.56,113.81
2022-07-20,113.17,115.4,112.48,113.9
2022-07-21,114.28,114.55,111.1132,114.34
2022-07-22,111,112.34,106.5,107.9
2022-07-25,108.41,109.87,106.3,107.51
2022-07-26,106.6,107.2,104.07,105.02
2022-07-27,109.26,113.91,108.01,113.06
2022-07-28,112.37,114.34,111.46,114.22
2022-07-29,113.08,116.705,113.06,116.32
2022-08-01,115.3,116.72,114.34,114.86
2022-08-02,114,116.35,113.72,115.13
2022-08-03,115.71,118.62,115.48,118.08
2022-08-04,117.48,118.78,116.89,118.19
2022-08-05,116.23,118.1056,116,117.47
2022-08-08,118.39,120.15,116.88,117.3
2022-08-09,117.135,117.32,115.71,116.63
2022-08-10,118.78,120.92,118.41,119.7
2022-08-11,121.28,121.49,118.56,118.84
2022-08-12,120.26,121.68,119.46,121.68
2022-08-15,121.13,122.3,120.61,122.08
2022-08-16,121.52,122.43,120.64,121.7
2022-08-17,120.12,121.29,119.38,119.55
2022-08-18,119.43,120.82,118.72,120.17
2022-08-19,119.06,119.15,116.76,117.21
2022-08-22,115.2,115.63,113.85,114.24
2022-08-23,113.475,115.01,113.43,113.86
2022-08-24,113.5,114.78,112.8701,113.69
2022-08-25,114.235,116.72,114.11,116.65
2022-08-26,114.72,115.12,110.19,110.34
2022-08-29,109.99,110.95,108.8,109.42
2022-08-30,110.17,110.5,107.8,108.94
2022-08-31,110.65,110.85,108.13,108.22
2022-09-01,108.28,110.445,107.36,109.74
2022-09-02,110.59,110.74,107.26,107.85
2022-09-06,107.3,108.03,105.78,106.81
2022-09-07,107.06,109.98,106.9,109.45
2022-09-08,108.04,109.6,107.16,108.38
2022-09-09,109.065,110.99,109.02,110.65
2022-09-12,110.99,111.62,109.93,110.86
2022-09-13,107.8,108.3,104.09,104.32
2022-09-14,104.57,105.275,103.66,105
2022-09-15,104.03,105.27,102.35,102.91
2022-09-16,102.07,103.13,100.94,102.8
2022-09-19,101.75,103.33,101.55,103.07
2022-09-20,102.08,102.37,100.52,101.14
2022-09-21,101.67,102.88,99.27,99.28
2022-09-22,98.82,101.24,98.79,100.14
2022-09-23,99.63,99.66,97.47,98.74
2022-09-26,98.1,99.88,97.8,98.17
2022-09-27,99.43,100,96.872,97.5
2022-09-28,97.65,100.7,97.11,100.05
2022-09-29,98.64,98.64,95.96,97.42
2022-09-30,97.05,98.9,95.56,95.65
2022-10-03,96.76,99.2872,96.521,98.64
2022-10-04,100.44,101.84,100.38,101.64
2022-10-05,99.825,101.93,98.8,101.43
2022-10-06,100.68,102.9254,100.59,101.42
2022-10-07,99.85,100.53,98.295,98.68
2022-10-10,99,99.095,97.01,97.86
2022-10-11,97.43,99.245,96.31,97.18
2022-10-12,97.3,98.75,96.735,97.56
2022-10-13,95.15,99.775,94.3836,99.06
2022-10-14,99.99,100.69,96.37,96.56
2022-10-17,98.86,100.93,98.83,99.97
2022-10-18,103.13,103.47,99.97,100.77
2022-10-19,100.01,101.0183,98.9201,99.63
2022-10-20,100,102.32,99.39,99.97
2022-10-21,97.845,101.31,97.72,101.13
2022-10-24,101.8,102.75,99.98,102.52
2022-10-25,102.9,104.82,102.72,104.48
2022-10-26,96.43,98.31,94.69,94.93
2022-10-27,94.52,95.43,91.8,92.22
2022-10-28,92.27,96.55,92.13,96.29
2022-10-31,95.42,96.03,93.98,94.51
2022-11-01,95.45,96.03,90.37,90.47
2022-11-02,90.94,91.18,86.88,86.97
2022-11-03,86.32,86.52,83.34,83.43
2022-11-04,85.4,86.64,83.71,86.58
2022-11-07,87.28,88.9,86.85,88.49
2022-11-08,88.9,90.32,87.5901,88.9
2022-11-09,88.45,89.435,87.28,87.32
2022-11-10,92.25,94.39,91.61,93.94
2022-11-11,94.69,96.93,93.92,96.41
2022-11-14,95.09,96.79,94.51,95.7
2022-11-15,98.26,100.14,96.71,98.44
2022-11-16,97.9,99.6375,97.64,98.85
2022-11-17,96.97,99.28,96.79,98.36
2022-11-18,98.77,98.9,96.37,97.43
2022-11-21,97.29,98.4,95.355,95.6
2022-11-22,95.95,97.22,94.05,97.05
2022-11-23,97.09,98.76,97.09,98.46
2022-11-25,98.24,98.64,97.4,97.46
2022-11-28,97.0363,97.58,95.61,96.05
2022-11-29,95.73,96.12,94.11,95.19
2022-11-30,94.82,101.04,94.42,100.99
2022-12-01,101.02,102.25,100.25,100.99
2022-12-02,99.05,100.77,98.9,100.44
2022-12-05,99.4,101.38,99,99.48
2022-12-06,99.3,99.78,96.42,96.98
2022-12-07,96.41,96.8811,94.715,94.94
2022-12-08,95.38,95.58,93.45,93.71
2022-12-09,93.77,94.26,92.75,92.83
2022-12-12,92.71,93.56,91.61,93.31
2022-12-13,97.76,99.53,95.03,95.63
2022-12-14,95.2,96.87,93.6,95.07
2022-12-15,93.13,93.64,90.01,90.86
2022-12-16,90.76,91.33,89.52,90.26
2022-12-19,90.255,90.56,88.21,88.44
2022-12-20,88.11,89.175,87.4401,89.02
2022-12-21,89.08,90.22,88.32,89.58
2022-12-22,88.16,88.54,86.32,87.76
2022-12-23,87.11,89.545,87.07,89.23
2022-12-27,88.795,88.94,87.01,87.39
2022-12-28,86.98,88.04,85.94,86.02
2022-12-29,86.62,88.845,86.61,88.45
2022-12-30,86.98,88.3,86.57,88.23
2023-01-03,89.585,91.05,88.52,89.12
2023-01-04,90.35,90.65,87.271,88.08
2023-01-05,87.47,87.57,85.9,86.2
2023-01-06,86.79,87.69,84.86,87.34
2023-01-09,88.36,90.05,87.86,88.02
2023-01-10,85.98,88.67,85.83,88.42
2023-01-11,89.18,91.6,89.01,91.52
2023-01-12,91.48,91.87,89.75,91.13
2023-01-13,90.85,92.19,90.1299,92.12
2023-01-17,92.06,92.25,90.05,91.29
2023-01-18,92.14,92.7999,90.64,91.12
2023-01-19,90.72,93.605,90.63,93.05
2023-01-20,95.1,98.3,95.02,98.02
2023-01-23,97.95,100.04,97.5,99.79
2023-01-24,98.1,99.61,97.2,97.7
2023-01-25,95.57,96.162,93.76,95.22
2023-01-26,96.5,97.57,95.38,97.52
2023-01-27,97.31,100.32,97.31,99.37
2023-01-30,97.48,98.29,96.395,96.94
2023-01-31,96.87,98.88,96.82,98.84
2023-02-01,98.71,101.19,97.58,100.43
2023-02-02,105.8,107.85,105.61,107.74
2023-02-03,102.93,107.81,102.58,104.78
2023-02-06,102.4,104.36,101.88,102.9
2023-02-07,103.22,108.18,103.12,107.64
2023-02-08,102.05,103.14,98.035,99.37
2023-02-09,100,100.03,93.63,95.01
2023-02-10,95.45,96.75,94.25,94.57
2023-02-13,94.74,95.2,93.84,94.61
2023-02-14,94.43,94.845,92.26,94.68
2023-02-15,94.49,97.12,94.15,96.94
2023-02-16,95.37,97.68,94.74,95.51
2023-02-17,94.85,95.5599,93.21,94.35
2023-02-21,93,93.1,91.72,91.79
2023-02-22,91.7,92.11,90.61,91.65
2023-02-23,91.92,91.94,89.76,90.89
2023-02-24,89.44,89.89,88.575,89.13
2023-02-27,89.87,90.16,89.335,89.87
2023-02-28,89.33,91.23,89.32,90.06
2023-03-01,89.98,91.03,89.67,90.36
2023-03-02,89.66,92.275,89.59,92
2023-03-03,92.48,93.73,92.45,93.65
2023-03-06,94.015,95.97,94,95.13
2023-03-07,94.98,95.67,93.53,93.86
2023-03-08,94.12,95.955,94,94.25
2023-03-09,94.05,95.53,91.9,92.32
2023-03-10,92.17,92.79,90.395,90.63
2023-03-13,90.09,92.57,89.42,91.11
2023-03-14,92.56,94.36,92.44,93.97
2023-03-15,93.22,96.93,92.64,96.11
2023-03-16,96.2,101.19,95.5,100.32
2023-03-17,100.26,102.835,100.1,101.62
2023-03-20,100.12,101.75,99.87,101.22
2023-03-21,101.25,105.1,101.22,104.92
2023-03-22,104.27,106.59,103.33,103.37
2023-03-23,105.06,106.3,104.46,105.6
2023-03-24,104.99,105.49,103.84,105.44
2023-03-27,104.615,104.76,101.9273,102.46
2023-03-28,102.44,102.45,99.74,101.03
2023-03-29,102.28,102.49,100.65,101.39
2023-03-30,100.91,101.155,99.78,100.89
2023-03-31,101.3,103.89,101.04,103.73
2023-04-03,102.39,104.53,101.93,104.36
2023-04-04,104.33,105.58,104.04,104.72
2023-04-05,105.78,106.1,103.66,104.47
2023-04-06,105.26,109.17,104.33,108.42
2023-04-10,106.98,107.59,105.12,106.44
2023-04-11,106.55,106.73,104.68,105.35
2023-04-12,106.58,106.75,104.34,104.64
2023-04-13,105.84,107.49,105.84,107.43
2023-04-14,106.89,108.94,106.84,108.87
2023-04-17,104.658,106.16,104.52,105.97
2023-04-18,106.49,106.54,104.07,104.5
2023-04-19,103.58,104.98,103.07,104.18
2023-04-20,103.91,106.25,103.8684,105.29
2023-04-21,105.47,106,104.78,105.41
2023-04-24,105.49,106.63,104.7,105.97
2023-04-25,105.825,106.69,103.84,103.85
2023-04-26,104.92,106.35,102.63,103.71
2023-04-27,104.45,108.37,103.54,107.59
2023-04-28,107.04,107.35,105.09,107.34
2023-05-01,106.84,107.99,106.82,107.2
2023-05-02,107.14,107.2,103.71,105.32
2023-05-03,105.53,107.49,104.96,105.41
2023-05-04,105.485,105.6,103.97,104.69
2023-05-05,104.82,105.88,104.11,105.57
2023-05-08,105.18,107.96,105.16,107.77
2023-05-09,108.39,110.15,107.19,107.35
2023-05-10,107.97,112.94,107.93,111.75
2023-05-11,115.395,117.92,114.41,116.57
2023-05-12,116.68,118.03,116.11,117.51
2023-05-15,116.11,118.48,116.01,116.51
2023-05-16,116.49,120.75,116.43,119.51
2023-05-17,119.61,121.67,118.89,120.84
2023-05-18,120.95,123.31,120.83,122.83
2023-05-19,123.55,125.97,122.15,122.76
2023-05-22,122.94,126.43,122.74,125.05
2023-05-23,124.16,124.625,122.2104,122.56
2023-05-24,121.12,121.91,119.86,120.9
2023-05-25,124.52,125.32,121.96,123.48
2023-05-26,123.17,125.26,122.45,124.61
2023-05-30,125.64,125.66,122,123.67
2023-05-31,122.75,124.0601,122.5,122.87
2023-06-01,122.815,124.42,122.62,123.72
2023-06-02,123.99,126.15,123.76,124.67
2023-06-05,124.01,127.43,123.84,126.01
2023-06-06,126.01,128.29,125.36,127.31
2023-06-07,126.97,129.04,122.12,122.5
2023-06-08,122.225,123.225,121.24,122.14
2023-06-09,122.25,123.755,121.91,122.23
2023-06-12,122.785,124.05,121.66,123.64
2023-06-13,124.98,125.16,123.18,123.83
2023-06-14,123.1,124.05,121.45,123.67
2023-06-15,123.14,125.46,122.4,125.09
2023-06-16,125.93,126.108,123.28,123.53
2023-06-20,122.93,124.57,122.14,123.1
2023-06-21,122.4,122.66,120.1,120.55
2023-06-22,120,123.24,118.83,123.15
2023-06-23,121.38,122.7879,121.06,122.34
2023-06-26,120.76,122,118.265,118.34
2023-06-27,117.08,119.08,116.1,118.33
2023-06-28,117.09,120.39,116.85,120.18
2023-06-29,119.24,120.06,118.295,119.1
2023-06-30,120.17,121.08,119.69,119.7
2023-07-03,119.24,120.19,118.8182,119.9
2023-07-05,119.24,122.61,119.23,121.75
2023-07-06,119.795,120.3,118.4,120.11
2023-07-07,120.1,121.05,119.4,119.48
2023-07-10,118.3,118.305,116.135,116.45
2023-07-11,116.29,117.71,115.35,117.14
2023-07-12,118.8,120.33,118.4145,118.93
2023-07-13,120.93,124.83,120.45,124.54
2023-07-14,124.8,126.775,123.49,125.42
2023-07-17,125.94,127.0999,124.195,124.65
2023-07-18,124.6,124.68,122.96,123.76
2023-07-19,124.6,125.18,121.8,122.03
2023-07-20,121.42,124.09,118.22,119.2
2023-07-21,120.62,120.99,118.73,120.02
2023-07-24,121.66,123,120.98,121.53
2023-07-25,121.36,123.145,121.02,122.21
2023-07-26,130.07,130.98,128.32,129.27
2023-07-27,131.67,133.24,128.79,129.4
2023-07-28,130.78,133.74,130.57,132.58
2023-07-31,132.73,133.525,131.775,132.72
2023-08-01,130.775,132.63,130.68,131.55
2023-08-02,129.45,130.09,127.56,128.38
2023-08-03,127.97,129.385,127.42,128.45
2023-08-04,129.28,131.51,127.91,128.11
2023-08-07,129.16,131.61,129.02,131.53
2023-08-08,130.62,131.51,129.545,131.4
2023-08-09,131.66,132.04,129,129.66
2023-08-10,131.32,132.05,129.45,129.69
2023-08-11,128.66,129.93,128.17,129.56
2023-08-14,129.39,131.37,128.96,131.33
2023-08-15,131.1,131.42,129.28,129.78
2023-08-16,128.7,130.2809,127.865,128.7
2023-08-17,129.8,131.99,129.29,129.92
2023-08-18,128.51,129.25,126.3824,127.46
2023-08-21,127.175,128.725,126.56,128.37
2023-08-22,128.51,130.278,128.32,129.08
2023-08-23,130.18,133.41,129.87,132.37
2023-08-24,133.95,134.25,129.57,129.78
2023-08-25,129.54,130.76,127.25,129.88
2023-08-28,131.31,132.54,130.14,131.01
2023-08-29,132.24,136.57,132.24,134.57
2023-08-30,134.78,136.275,134.07,135.88
2023-08-31,136.01,138,135.79,136.17
2023-09-01,137.455,137.455,134.85,135.66
2023-09-05,135.44,136.42,134.5801,135.77
2023-09-06,136.02,136.5299,133.665,134.46
2023-09-07,133.59,135.58,132.95,135.26
2023-09-08,134.91,136.66,134.85,136.38
2023-09-11,136.54,137.48,135.785,136.92
2023-09-12,136.26,136.8701,135.19,135.34
2023-09-13,135.09,136.9,134.15,136.71
2023-09-14,137.6,138.695,136.24,138.1
2023-09-15,137.98,138.52,136.48,137.4
2023-09-18,136.61,139.16,136.61,138.21
2023-09-19,137.42,138.41,136.62,138.04
2023-09-20,138.08,138.08,133.62,133.74
2023-09-21,131.44,132.23,130.07,130.44
2023-09-22,130.76,132.025,129.6,130.25
2023-09-25,129.83,131.17,128.96,131.11
2023-09-26,129.77,130.3645,127.22,128.565
2023-09-27,128.57,130.895,128.57,130.54
2023-09-28,129.84,133.3,129.79,132.31
2023-09-29,133.28,134.05,130.36,130.86
2023-10-02,131.21,134.42,131.17,134.17
2023-10-03,133.94,134.26,131.84,132.43
2023-10-04,132.79,135.57,132.53,135.24
2023-10-05,135.07,135.49,133.45,135.07
2023-10-06,134.01,138.155,134.01,137.58
2023-10-09,136.94,138.94,135.61,138.42
2023-10-10,138.5,139.72,137.33,138.06
2023-10-11,138.58,141.11,138.58,140.55
2023-10-12,141.05,141.22,138.26,138.97
2023-10-13,139.38,140,136.615,137.36
2023-10-16,138.17,139.63,137.99,139.095
2023-10-17,138.63,139.9,137.18,139.72
2023-10-18,139.445,140.72,137.38,137.96
2023-10-19,138.5,139.66,137.38,137.75
2023-10-20,137.33,137.87,135.08,135.6
2023-10-23,135.04,137.6599,133.95,136.5
2023-10-24,137.83,139.3599,137.42,138.81
2023-10-25,128.16,128.31,125.07,125.61
2023-10-26,123.27,124.3297,121.27,122.28
2023-10-27,122.88,123.31,120.2057,122.17
2023-10-30,123.21,125.4,122.75,124.46
2023-10-31,125.06,125.37,122.685,124.08
2023-11-01,124.07,126.49,123.715,126.45
2023-11-02,128.42,128.98,126.93,127.49
2023-11-03,128.02,129.525,127.86,129.1
2023-11-06,129.05,130.34,128.67,130.25
2023-11-07,130.71,131.91,129.88,130.97
2023-11-08,130.97,132.21,130.78,131.84
2023-11-09,131.96,132.55,130.065,130.24
2023-11-10,130.105,132.8,129.41,132.59
2023-11-13,131.78,132.59,131.25,132.09
2023-11-14,134.19,135.7,133.32,133.62
2023-11-15,134.87,135.03,133.57,134.62
2023-11-16,135.19,137.2199,134.32,136.93
2023-11-17,136,136.06,133.65,135.31
2023-11-20,133.69,136.66,133.62,136.25
2023-11-21,136.29,137.18,135.96,136.97
2023-11-22,137.47,139.42,137.47,138.49
2023-11-24,138.03,138.13,135.99,136.69
2023-11-27,136.03,138.42,136,136.41
2023-11-28,136.08,137.25,135.4222,137.2
2023-11-29,137.57,138.288,134.84,134.99
2023-11-30,135.05,135.55,131.28,132.53
2023-12-01,131.86,132.11,130.665,131.86
2023-12-04,129.88,130.03,127.9,129.27
2023-12-05,128.95,132.14,128.25,130.99
2023-12-06,131.44,131.84,129.875,130.02
2023-12-07,135.04,138.56,134.7,136.93
2023-12-08,134.2,136.4,134.025,134.99
2023-12-11,132.38,133.335,131.36,133.29
2023-12-12,131.81,133,131.26,132.52
2023-12-13,133.38,133.5,131.57,132.57
2023-12-14,133.38,133.72,129.685,131.94
2023-12-15,131.62,133.51,131.18,132.6
2023-12-18,132.63,137.1478,132.43,135.8
2023-12-19,136.84,137.47,136.08,136.65
2023-12-20,138.97,141.695,138.065,138.34
2023-12-21,139.49,140.685,139.18,140.42
2023-12-22,140.77,141.99,140.71,141.49
2023-12-26,141.59,142.68,141.19,141.52
2023-12-27,141.59,142.08,139.886,140.37
2023-12-28,140.78,141.14,139.75,140.23
2023-12-29,139.63,140.36,138.78,139.69
2024-01-02,138.55,139.45,136.48,138.17
2024-01-03,137.25,139.63,137.08,138.92
2024-01-04,138.42,139.16,136.35,136.39
2024-01-05,136.745,137.1558,135.15,135.73
2024-01-08,136.29,139.01,136.26,138.84
2024-01-09,138.5,141.485,138.15,140.95
2024-01-10,141,143,140.91,142.28
2024-01-11,143.49,145.22,140.635,142.08
2024-01-12,142.67,143.195,141.82,142.65
2024-01-16,142,144.35,141.45,142.49
2024-01-17,141.345,141.84,138.9,141.47
2024-01-18,142.05,144.21,141.99,143.48
2024-01-19,144.74,146.45,144.38,146.38
2024-01-22,147.1,148.39,145.84,145.99
2024-01-23,145.89,147.182,145.5,147.04
2024-01-24,148.54,149.855,148.1,148.7
2024-01-25,150.065,153.05,149.54,151.87
2024-01-26,151.1,152.535,151.01,152.185
2024-01-29,152.06,153.78,151.43,153.51
2024-01-30,152.8,153.62,151.185,151.46
2024-01-31,143.62,144,139.87,140.1
2024-02-01,142.12,143.06,140.79,141.16
2024-02-02,139.26,142.62,136.5,142.38
2024-02-05,142.82,145.47,142.78,143.68
2024-02-06,144.65,145.36,143.19,144.1
2024-02-07,144.76,145.615,143.925,145.54
2024-02-08,145.83,146.33,145.105,145.91
2024-02-09,146.68,149.44,146.18,149
2024-02-12,148.42,149.335,147.37,147.53
2024-02-13,144.92,146.67,143.69,145.14
2024-02-14,146.08,146.52,144.094,145.94
2024-02-15,143.14,143.52,140.46,142.77
2024-02-16,142.99,143.19,140.14,140.52
2024-02-20,139.655,142.08,139.49,141.12
2024-02-21,141.45,142.69,140.675,142.55
2024-02-22,144.93,145,142.8,144.09
2024-02-23,143.67,144.68,143.43,143.96
2024-02-26,142.14,142.44,137.39,137.57
2024-02-27,138.02,139.25,137.09,138.88
2024-02-28,137.9,138.01,135.41,136.38
2024-02-29,137.28,138.86,136.4,138.46
2024-03-01,138.43,138.87,136.92,137.14
2024-03-04,135.66,135.66,131.91,133.35
2024-03-05,131.88,133.24,130.665,132.67
2024-03-06,133.12,133.58,130.85,131.4
2024-03-07,132.795,134.94,131.61,134.38
2024-03-08,134.21,138.085,134,135.41
2024-03-11,136.13,139.095,136.13,137.67
2024-03-12,137.03,139.375,137.03,138.5
2024-03-13,139,141.09,138.99,139.79
2024-03-14,141.19,143.585,140.455,143.1
2024-03-15,142.5,143.18,140.03,141.18
2024-03-18,148.61,152.15,147.17,147.68
2024-03-19,148.16,148.7913,146.08,147.03
2024-03-20,148,148.86,146.735,148.74
2024-03-21,149.47,150.37,146.9001,147.6
2024-03-22,149.12,151.58,148.98,150.77
2024-03-25,149.94,150.375,147.82,150.07
2024-03-26,150.22,152.256,149.98,150.67
2024-03-27,151.18,151.635,148.9,150.87
2024-03-28,150.85,151.43,150.17,150.93
2024-04-01,150.69,155.74,150.61,155.49
2024-04-02,153.5,154.7,152.15,154.56
2024-04-03,153.6,155.08,152.73,154.92
2024-04-04,153.5,154.77,150.45,150.53
2024-04-05,150.03,153.42,149.6,152.5
2024-04-08,152.78,155.27,152.61,154.85
2024-04-09,156.085,158.56,155.19,156.6
2024-04-10,156.21,156.61,154.68,156.14
2024-04-11,156.91,159.68,156.46,159.41
2024-04-12,157.96,160.2225,157.14,157.73
2024-04-15,158.86,159.24,154.59,154.86
2024-04-16,154.19,155.65,153.43,154.4
2024-04-17,155.62,157.08,154.58,155.47
2024-04-18,155.34,156.94,154.62,156.01
2024-04-19,156.2,156.36,152.3,154.09
2024-04-22,154.31,157.64,154.06,156.28
2024-04-23,156.96,158.97,156.28,158.26
2024-04-24,157.49,159.565,157.165,159.13
2024-04-25,151.33,156.49,150.87,156
2024-04-26,174.37,174.71,169.65,171.95
2024-04-29,169.058,169.55,165.21,166.15
2024-04-30,165.612,168.1,162.6,162.78
2024-05-01,164.3,167.12,163.09,163.86
2024-05-02,164.785,166.73,163.89,166.62
2024-05-03,167.56,167.96,163.05,167.24
2024-05-06,167.46,168.14,166.03,168.1
2024-05-07,168.5,171.76,168.39,171.25
2024-05-08,169,170.15,168.735,169.38
2024-05-09,169.39,170.69,168.18,169.96
2024-05-10,168.025,169.85,166.19,168.65
2024-05-13,164.26,169.28,164,169.14
2024-05-14,169.77,171.25,168.8,170.34
2024-05-15,170.63,172.65,170.51,172.51
2024-05-16,173.29,175.115,172.69,174.18
2024-05-17,174.18,176.265,173.69,176.06
2024-05-20,176.192,178.77,176.08,176.92
2024-05-21,176.9,178.15,175.81,177.85
2024-05-22,176.644,177.15,175.21,176.38
2024-05-23,177.07,178.25,172.95,173.55
2024-05-24,174.98,175.77,173.65,174.99
2024-05-28,174.45,177.27,174.365,176.4
2024-05-29,175.43,176.836,174.72,175.9
2024-05-30,175.2,175.22,171.79,172.11
2024-05-31,171.86,173.06,169.44,172.5
2024-06-03,172.54,174.525,171.16,173.17
2024-06-04,173.28,173.845,171.89,173.79
2024-06-05,175.2,176.645,173.9339,175.41
2024-06-06,175.895,177.15,175.75,176.73
2024-06-07,177.05,177.87,174.3,174.46
2024-06-10,174.97,177.06,172.76,175.01
2024-06-11,176.22,176.84,173.7701,176.62
2024-06-12,178.25,180.41,176.11,177.79
2024-06-13,176.11,176.74,174.88,175.16
2024-06-14,174.22,177.0623,174.15,176.79
2024-06-17,175.46,178.36,174.81,177.24
2024-06-18,177.14,177.385,174.1042,175.09
2024-06-20,175.37,177.29,174.99,176.3
2024-06-21,177,180.85,176.61,179.63
2024-06-24,180.16,180.89,178.67,179.22
2024-06-25,179.62,184.29,179.42,184.03
2024-06-26,182.63,184.51,182.48,183.88
2024-06-27,184.18,186.05,184.02,185.41
2024-06-28,184.32,185.13,181.96,182.15
2024-07-01,183.03,183.88,181.3,182.99
2024-07-02,182.05,185.57,181.56,185.24
2024-07-03,184.85,186.09,184,185.82
2024-07-05,185.855,190.86,185.8,190.6
2024-07-08,189.895,190.17,187.78,189.03
2024-07-09,190.31,191.36,188.72,188.98
2024-07-10,189.15,191.75,189.03,191.18
2024-07-11,189.845,190.86,185.08,185.57
2024-07-12,185.08,187.11,184.49,185.07
2024-07-15,184.92,188.24,184.92,186.53
2024-07-16,187.36,188.68,183.3736,183.92
2024-07-17,182.965,183.55,179.9,181.02
2024-07-18,181.93,182.5,176.47,177.69
2024-07-19,178.88,180.29,177.13,177.66
2024-07-22,180.59,182.7,180.23,181.67
2024-07-23,182.05,183.61,181.54,181.79
2024-07-24,173.6,176.19,171.82,172.63
2024-07-25,172.52,173.42,167.19,167.28
2024-07-26,167.15,168.09,164.06,167
2024-07-29,168.83,170.43,167.99,169.53
2024-07-30,170.24,171.2299,168.44,170.29
2024-07-31,173.24,174.245,170.01,171.54
2024-08-01,170.25,174.05,168.88,170.76
2024-08-02,166.44,168.51,164.67,166.66
2024-08-05,155.5,164.43,154.93,159.25
2024-08-06,159.33,160.57,156.41,158.29
2024-08-07,161.25,162.98,158.47,158.94
2024-08-08,160.51,163.69,160.21,162.03
2024-08-09,160.01,163.79,159.06,163.67
2024-08-12,164.35,164.9,161.84,162.29
2024-08-13,163.41,164.73,162.97,164.16
2024-08-14,162.4,163.22,157.71,160.37
2024-08-15,160.5,161.635,159.61,161.3
2024-08-16,161.47,165.06,161.13,162.96
2024-08-19,165.28,166.69,164.26,166.67
2024-08-20,166.9,168.64,166.82,167.18
2024-08-21,165.15,166.85,164.67,165.85
2024-08-22,167.26,167.59,163.31,163.8
2024-08-23,164.72,166.18,163.83,165.62
2024-08-26,166.38,167.55,164.455,166.16
2024-08-27,165.835,166.4426,164.46,164.68
2024-08-28,165.035,165.6,161.5284,162.85
2024-08-29,164.31,165.97,160.25,161.78
2024-08-30,162.615,163.66,161.6925,163.38
2024-09-03,161.72,161.85,156.48,157.36
2024-09-04,156.655,159,155.9616,156.45
2024-09-05,156.3,159.45,155.9805,157.24
2024-09-06,157.3,157.83,150.55,150.92
2024-09-09,152.51,153.4,147.215,148.71
2024-09-10,150.45,151.27,148.34,148.66
2024-09-11,149.92,151.5,147.52,151.16
2024-09-12,153.8,154.82,152.65,154.69
2024-09-13,155.43,158.38,155.21,157.46
2024-09-16,157.31,158.25,156.6,158.06
2024-09-17,159.02,160.55,158.375,159.32
2024-09-18,159.86,160.5,158.595,159.81
2024-09-19,163.71,163.79,161.34,162.14
2024-09-20,163.5,163.73,162.06,163.59
2024-09-23,164.35,165.49,161.67,161.85
2024-09-24,163.03,163.2158,160.69,162.29
2024-09-25,161.47,162.81,161.3,161.49
2024-09-26,163.64,164.08,162.28,162.73
2024-09-27,162.81,165.7,162.6261,163.95
2024-09-30,163.32,166.15,163.26,165.85
2024-10-01,167.685,169.16,164.58,166.99
2024-10-02,166.42,167.52,164.73,165.86
2024-10-03,164.41,166.64,163.923,165.86
2024-10-04,168.06,168.23,165.48,167.06
2024-10-07,167.72,168.48,162.75,162.98
2024-10-08,163.94,164.725,162.87,164.38
2024-10-09,163.45,164.84,159.74,161.86
2024-10-10,160.87,163.07,160.395,162.08
2024-10-11,162.13,163.9,161.235,163.24
2024-10-14,163.64,166.226,163.4,164.96
2024-10-15,165.785,167.68,164.625,165.46
2024-10-16,164.53,165.8,163.74,165.16
2024-10-17,165.73,166.37,162.76,162.93
2024-10-18,163.19,164.71,163.08,163.42
2024-10-21,162.95,164.5,162.62,164.07
2024-10-22,162.98,165.77,162.98,165.14
2024-10-23,164.76,165.82,161.925,162.78
2024-10-24,162.83,163.33,161.01,162.72
2024-10-25,163.67,165.59,163.42,165.27
2024-10-28,168.75,168.75,163.95,166.72
2024-10-29,167.73,170.38,167.0896,169.68
2024-10-30,180.68,182.02,174.0599,174.46
2024-10-31,173.13,176.82,171,171.11
2024-11-01,170.07,172.32,168.88,171.29
2024-11-04,169.93,170.73,168.011,169.24
2024-11-05,169.43,170.53,168.84,169.74
2024-11-06,173.8,176.94,173.5,176.51
2024-11-07,177.41,181.08,177.19,180.75
2024-11-08,180.645,180.9,178.08,178.35
2024-11-11,178.58,180.545,178.47,180.35
2024-11-12,179.82,182.49,179.39,181.62
2024-11-13,180.46,180.96,178.54,178.88
2024-11-14,178.28,178.82,174.3218,175.58
2024-11-15,173.73,174.14,171.22,172.49
2024-11-18,173.42,175.438,172.9,175.3
2024-11-19,173.72,178.87,173.56,178.12
2024-11-20,177.34,177.675,173.78,175.98
2024-11-21,173.9,174.13,163.7,167.63
2024-11-22,165.85,166.46,163.9,164.76
2024-11-25,166.09,168.63,165.6072,167.65
2024-11-26,167.63,169.82,167.58,169.12
2024-11-27,169,169.4832,168.02,169.23
2024-11-29,168.5,169.43,167.16,168.95
2024-12-02,168.765,172.075,168.57,171.49
2024-12-03,171.49,172.68,170.85,171.34
2024-12-04,171.145,174.91,171.06,174.37
2024-12-05,175.36,176.06,172.33,172.64
2024-12-06,172.03,175.08,171.86,174.71
2024-12-09,173.96,176.26,173.65,175.37
2024-12-10,182.845,186.36,181.05,185.17
2024-12-11,185.31,195.61,184.85,195.4
2024-12-12,195,195.18,191.71,191.96
2024-12-13,191.01,192.73,189.64,189.82
2024-12-16,192.87,199,192.62,196.66
2024-12-17,197.25,201.42,194.98,195.42
2024-12-18,195.22,197,187.74,188.4
2024-12-19,191.625,193.03,188.38,188.51
2024-12-20,185.78,192.89,185.22,191.41
2024-12-23,192.62,195.1,190.15,194.63
2024-12-24,194.84,196.11,193.78,196.11
2024-12-26,195.15,196.748,194.375,195.6
2024-12-27,194.95,195.32,190.65,192.76
2024-12-30,189.8,192.55,189.12,191.24
2024-12-31,191.075,191.96,188.51,189.3
2025-01-02,190.65,192,187.5,189.43
2025-01-03,191.37,193.21,189.975,191.79
2025-01-06,193.98,198.2222,193.85,196.87
2025-01-07,197.11,201,194.6,195.49
2025-01-08,192.57,196.29,192.38,193.95
2025-01-10,194.295,196.52,190.31,192.04
2025-01-13,190.07,191.18,187.36,191.01
2025-01-14,191.24,191.98,188.3082,189.66
2025-01-15,193.09,196.36,191.86,195.55
2025-01-16,194.14,195.48,192.81,192.91
2025-01-17,196.53,197.23,193.75,196
2025-01-21,199.07,202.29,197.87,198.05
2025-01-22,199.06,200.48,197.53,198.37
2025-01-23,198.14,200.3,195.2,197.98
2025-01-24,198.1,200.9,198,200.21
2025-01-27,192.41,196.88,190.73,191.81
2025-01-28,192.745,195.48,190.68,195.3
2025-01-29,195.555,196.785,193.43,195.41
2025-01-30,198,201.4,197.67,200.87
2025-01-31,202,205.48,201.8,204.02
2025-02-03,200.69,203.75,200.1,201.23
2025-02-04,203.39,207.05,202.81,206.38
2025-02-05,191.07,192.75,188.03,191.33
2025-02-06,189.5,192.1,188.72,191.6
2025-02-07,191.05,191.18,183.24,185.34
2025-02-10,187.35,188.2,185.86,186.47
2025-02-11,185.03,186.94,184.28,185.32
2025-02-12,183.22,185.11,181.83,183.61
2025-02-13,184.32,186.28,183.14,186.14
2025-02-14,185.055,186.4,184.32,185.23
2025-02-18,185.6,185.96,181.7401,183.77
2025-02-19,184.07,185.46,183.59,185.27
2025-02-20,184.8,185.31,182.72,184.56
2025-02-21,185.15,185.34,179.08,179.66
2025-02-24,181.99,183.12,178.885,179.25
2025-02-25,178.04,178.74,174.6939,175.42
2025-02-26,175.07,176.08,171.5807,172.73
2025-02-27,173.99,174.56,167.94,168.5
2025-02-28,168.68,170.61,166.77,170.28
2025-03-03,171.925,173.37,165.93,167.01
2025-03-04,166.24,173.2946,165.8,170.92
2025-03-05,170.52,173.78,169.06,173.02
2025-03-06,170.53,174.81,170.5,172.35
2025-03-07,171.26,174.97,170.27,173.86
2025-03-10,168.26,168.46,163.69,165.87
2025-03-11,164.91,166.75,161.37,164.04
2025-03-12,166.58,167.6399,163.53,167.11
2025-03-13,166.035,166.13,162.11,162.76
2025-03-14,163.27,166.49,162.45,165.49
2025-03-17,165.03,166.3,163.67,164.29
2025-03-18,163.675,164.25,156.72,160.67
2025-03-19,161.76,165.87,161,163.89
2025-03-20,161.57,164.89,160.96,162.8
2025-03-21,161.205,164.24,160.8901,163.99
2025-03-24,167.065,168.32,165.14,167.68
2025-03-25,168.98,170.63,168.315,170.56
2025-03-26,169,169.61,164.84,165.06
2025-03-27,164.63,165.42,162,162.24
2025-03-28,160.49,161.82,153.63,154.33
2025-03-31,153.11,155.54,150.662,154.64
2025-04-01,153.62,158.1,153.62,157.07
2025-04-02,155.15,158.4052,154.7,157.04
2025-04-03,151.11,152.7799,150.39,150.72
2025-04-04,148.01,151.07,145.38,145.6
2025-04-07,141.55,152.85,140.53,146.75
2025-04-08,151.22,152.24,143.03,144.7
2025-04-09,144.415,159.55,143.905,158.71
2025-04-10,156.54,157.72,149.93,152.82
2025-04-11,152.9,157.67,152.82,157.14
2025-04-14,159.995,161.72,157.56,159.07
2025-04-15,159.125,159.65,155.21,156.31
2025-04-16,153.1,155.89,151.51,153.33
2025-04-17,154.29,154.68,148.5,151.16
2025-04-21,148.88,148.945,146.1,147.67
2025-04-22,148.89,152.19,148.54,151.47
2025-04-23,155.61,157.525,153.81,155.35
2025-04-24,156.15,159.59,155.79,159.28
2025-04-25,165.07,166.1,161.04,161.96
2025-04-28,162.425,163.15,158.6,160.61
2025-04-29,160.325,160.74,157.52,160.16
2025-04-30,157.975,159.27,155.4,158.8
2025-05-01,160.45,161.95,158.91,161.3
2025-05-02,163.405,164.97,161.87,164.03
2025-05-05,163,165.39,162.72,164.21
2025-05-06,162.17,164.8,161.19,163.23
2025-05-07,164.08,165,147.84,151.38
2025-05-08,155,155.93,152.9,154.28
2025-05-09,154.17,155.05,152.2,152.75
2025-05-12,157.485,159.1,156.25,158.46
2025-05-13,158.79,160.57,156.16,159.53
2025-05-14,159.96,167,159.61,165.37
2025-05-15,165.84,166.205,162.3732,163.96
2025-05-16,167.725,169.35,165.62,166.19
2025-05-19,164.51,166.64,164.22,166.54
2025-05-20,166.43,168.5,162.9,163.98
2025-05-21,163.69,173.14,163.56,168.56
2025-05-22,171.85,176.77,170.71,170.87
2025-05-23,169.055,169.96,167.89,168.47
2025-05-27,170.16,173.17,170,172.9
2025-05-28,173.16,175.265,171.9107,172.36
2025-05-29,174,174.4193,170.63,171.86
2025-05-30,171.35,172.205,167.44,171.74
2025-06-02,167.84,169.87,167.39,169.03
2025-06-03,167.49,168.475,165.28,166.18
2025-06-04,166.735,168.215,166.36,168.05
2025-06-05,170.34,170.93,167.59,168.21
2025-06-06,170.83,174.5,170.83,173.68
2025-06-09,174.54,176.47,174.37,176.09
2025-06-10,176.2,181.105,174.91,178.6
2025-06-11,179.77,180.37,176.75,177.35
2025-06-12,176.18,176.72,174.745,175.7
2025-06-13,172.44,177.13,172.385,174.67
2025-06-16,174.73,176.94,174.65,176.77
2025-06-17,175.7,177.3648,174.58,175.95
2025-06-18,176.01,176.56,173.2,173.32
2025-06-20,173.945,174.34,165.46,166.64
2025-06-23,166.27,167.34,162,165.19
2025-06-24,166.92,168.22,166.13,166.77
2025-06-25,167.63,172.36,167.55,170.68
2025-06-26,172.43,173.69,169.94,173.54
2025-06-27,173.54,178.68,171.73,178.53
2025-06-30,180.78,181.23,174.58,176.23
2025-07-01,175.735,176.09,173.53,175.84
2025-07-02,175.54,178.86,175.07,178.64
2025-07-03,178.5,179.67,177.05,179.53
2025-07-07,179.06,179.297,175.68,176.79
2025-07-08,177.85,177.95,172.81,174.36
2025-07-09,175.25,179.44,172.77,176.62
2025-07-10,175.63,178.429,174.38,177.62
2025-07-11,176.785,181.43,176.48,180.19
2025-07-14,181.01,183.67,179.68,181.56
2025-07-15,182.81,184.22,181.6,182
2025-07-16,183.235,184.327,182.03,182.97
2025-07-17,182.14,184.06,180.48,183.58
2025-07-18,185.4,186.42,183.71,185.06
2025-07-21,186.25,190.285,186.15,190.1
2025-07-22,191.495,191.645,187.46,191.34
2025-07-23,191.5,192.53,189.18,190.23
2025-07-24,197.03,197.95,191,192.17
2025-07-25,191.98,194.33,191.26,193.18
2025-07-28,193.65,194.05,190.84,192.58
2025-07-29,192.43,195.92,192.08,195.75
2025-07-30,195.6,197.5999,194.685,196.53
2025-07-31,195.71,195.99,191.09,191.9
2025-08-01,189.025,190.83,187.82,189.13
2025-08-04,190.29,195.27,190.12,195.04
2025-08-05,194.71,197.8599,193.885,194.67
2025-08-06,194.5,196.63,193.67,196.09
2025-08-07,197.06,197.54,194.33,196.52
2025-08-08,197.22,202.61,197.17,201.42
2025-08-11,200.935,201.475,199.07,201
2025-08-12,201.365,204.5,200.59,203.34
2025-08-13,204.13,204.53,197.5101,201.96
2025-08-14,201.5,204.44,201.225,202.94
2025-08-15,203.85,206.44,201.28,203.9
2025-08-18,204.2,205.265,202.49,203.5
2025-08-19,203.03,203.44,199.96,201.57
2025-08-20,200.73,201.28,196.595,199.32
2025-08-21,199.745,202.48,199.43,199.75
2025-08-22,202.73,208.54,201.3,206.09
2025-08-25,206.43,210.52,205.28,208.49
2025-08-26,207.51,207.85,205.7,207.14
2025-08-27,205.7,208.91,205.65,207.48
2025-08-28,207.25,212.22,206.9,211.64
2025-08-29,210.51,214.645,210.2,212.91
2025-09-02,208.44,211.675,206.195,211.35
2025-09-03,226.21,231.31,224.79,230.66
2025-09-04,229.65,232.37,226.11,232.3
2025-09-05,232.2,235.76,231.9,235
2025-09-08,235.47,238.13,233.67,234.04
2025-09-09,234.165,240.47,233.229,239.63
2025-09-10,238.9,241.66,237.85,239.17
2025-09-11,239.88,242.25,236.25,240.37
2025-09-12,240.37,242.075,238,240.8
2025-09-15,244.66,252.4099,244.66,251.61
2025-09-16,252.08,253.04,249.47,251.16
2025-09-17,251.22,251.6,246.28,249.53
2025-09-18,251.68,253.99,249.8,252.03
2025-09-19,253.25,256,251.81,254.72
2025-09-22,254.43,255.78,250.3,252.53
2025-09-23,253.04,254.36,250.48,251.66
2025-09-24,251.66,252.3501,246.44,247.14
2025-09-25,244.4,246.49,240.74,245.79
2025-09-26,247.065,249.42,245.97,246.54
2025-09-29,247.85,251.1486,242.77,244.05
2025-09-30,242.81,243.29,239.245,243.1
2025-10-01,240.75,246.3,238.61,244.9
2025-10-02,245.15,246.81,242.3,245.69
2025-10-03,244.49,246.3,241.655,245.35
2025-10-06,244.78,251.32,244.58,250.43
2025-10-07,248.27,250.44,245.52,245.76
2025-10-08,244.96,246.005,243.82,244.62
2025-10-09,244.47,244.76,239.15,241.53
2025-10-10,241.43,244.09,235.84,236.57
2025-10-13,240.21,244.5,239.71,244.15
2025-10-14,241.23,247.12,240.51,245.45
2025-10-15,247.245,252.11,245.99,251.03
2025-10-16,251.765,256.96,250.101,251.46
2025-10-17,250.76,254.22,247.81,253.3
2025-10-20,254.69,257.33,254.23,256.55
2025-10-21,254.74,254.88,244.15,250.46
2025-10-22,254.37,256.36,249.29,251.69
2025-10-23,252.98,255.04,251.85,253.08
2025-10-24,256.58,261.68,255.315,259.92
2025-10-27,264.815,270.14,264.28,269.27
2025-10-28,269.69,270.73,266.5,267.47
2025-10-29,267.75,275.336,267.67,274.57
2025-10-30,291.59,291.59,280.06,281.48
2025-10-31,283.21,286,277.03,281.19
2025-11-03,282.175,285.53,279.8,283.72
2025-11-04,276.75,281.27,276.26,277.54
2025-11-05,278.87,286.415,277.34,284.31
2025-11-06,285.33,288.35,281.14,284.75
2025-11-07,283.205,283.78,275.19,278.83
2025-11-10,284.42,290.8,282.855,290.1
2025-11-11,287.745,291.915,287.32,291.31
2025-11-12,291.675,292.005,283.69,286.71
2025-11-13,282.34,282.84,277.24,278.57
2025-11-14,271.405,278.56,270.7,276.41
2025-11-17,285.775,293.95,283.57,285.02
2025-11-18,287.915,288.8,278.2,284.28
2025-11-19,287.16,303.81,286.63,292.81
2025-11-20,304.54,306.42,288.67,289.45
2025-11-21,296.415,303.92,293.845,299.66
2025-11-24,311.13,319.48,309.595,318.58
2025-11-25,326.21,328.83,317.65,323.44
2025-11-26,320.68,324.5,316.79,319.95
2025-11-28,323.365,326.85,316.79,320.18
2025-12-01,317.7,319.85,313.89,314.89
2025-12-02,316.74,318.38,313.91,315.81
2025-12-03,315.89,321.58,314.1,319.63
2025-12-04,322.225,322.36,314.7,317.62
2025-12-05,319.49,323.16,319.165,321.27
2025-12-08,320.05,320.44,311.2219,313.72
2025-12-09,312.37,317.99,311.895,317.08
2025-12-10,315.83,321.31,314.68,320.21
2025-12-11,320.08,321.12,308.6,312.43
2025-12-12,313.7,314.87,305.56,309.29
2025-12-15,311.315,311.42,304.88,308.22
2025-12-16,304.945,310.77,302.59,306.57
2025-12-17,308.01,308.09,296.12,296.72
2025-12-18,301.72,303.96,299.2308,302.46
2025-12-19,301.73,307.25,300.97,307.16
2025-12-22,309.875,310.13,305.3,309.78
2025-12-23,309.625,314.94,309.32,314.35
2025-12-24,314.77,315.08,311.92,314.09
2025-12-26,314.48,315.085,312.275,313.51
2025-12-29,311.365,314.02,310.62,313.56
2025-12-30,312.5,316.95,312.46,313.85
2025-12-31,312.845,314.58,311.44,313
2026-01-02,316.9,322.5,310.33,315.15
2026-01-05,317.655,319.015,314.63,316.54
2026-01-06,316.4,320.94,311.78,314.34
2026-01-07,314.36,326.15,314.19,321.98
2026-01-08,328.965,330.3196,321.5,325.44
2026-01-09,327.09,330.83,325.8,328.57
2026-01-12,325.8,334.04,325,331.86
2026-01-13,334.95,340.49,333.62,335.97
2026-01-14,335.06,336.52,330.48,335.84
2026-01-15,337.65,337.69,330.74,332.78
2026-01-16,334.41,334.65,327.7,330
2026-01-20,320.87,327.73,320.43,322
2026-01-21,320.92,332.4799,319.3518,328.38
2026-01-22,334.45,335.15,328.75,330.54
2026-01-23,332.485,333.6889,327.45,327.93
2026-01-26,327.805,335.84,327,333.26
2026-01-27,335.365,337.91,333.48,334.55
2026-01-28,336.06,337.535,331.94,336.01
2026-01-29,340.3,342.29,326.54,338.25
2026-01-30,340,340,332.285,338
2026-02-02,336.22,344.83,335.63,343.69
2026-02-03,347.34,349,337.4745,339.71
2026-02-04,342.96,343.31,328.52,333.04
2026-02-05,312.22,332.69,306.46,331.25
2026-02-06,327.18,330.38,319.92,322.86
2026-02-09,320.93,327.7,317.26,324.32
2026-02-10,320.97,321.67,314.61,318.58
2026-02-11,318.97,321.06,309.66,310.96
2026-02-12,312.09,316.24,307.2,309
2026-02-13,307.725,308.63,303.71,305.72
2026-02-17,300.04,304.435,296.25,302.02
2026-02-18,302.09,305.38,301.25,303.33
2026-02-19,301.82,305.47,300.04,302.85
2026-02-20,304.32,316.5,303.9,314.98
2026-02-23,319.045,319.515,309.865,311.49
2026-02-24,310.515,312.27,305.93,310.9
2026-02-25,312.06,313.64,309.44,312.9
2026-02-26,312.64,313.14,302.345,307.38
2026-02-27,304.135,312.37,303.8,311.76
2026-03-02,303.225,308.49,301.3,306.52
2026-03-03,298.59,303.94,296.71,303.58
2026-03-04,302.89,305.47,300.75,303.13
2026-03-05,303.035,303.3,297.99,300.88
2026-03-06,296.09,300.53,295.18,298.52
2026-03-09,294.36,306.8,294.08,306.36
2026-03-10,306.17,309.51,305.5704,307.04
2026-03-11,306.75,311.42,305.92,308.7
2026-03-12,306.82,308.94,301.03,303.55
2026-03-13,307.01,307.69,300.44,302.28
2026-03-16,304.35,306.4886,303.0201,305.56
2026-03-17,305.86,311.42,305.5,310.92
2026-03-18,309.27,312.47,306.932,307.69
2026-03-19,304.005,308.06,302.35,307.13
2026-03-20,305.46,306,298.27,301
2026-03-23,302.11,305.98,300.93,302.06
2026-03-24,299.2,299.92,290.33,290.44
2026-03-25,293.44,296,289.24,290.93
2026-03-26,287.91,287.95,278.5,280.92
2026-03-27,277.275,279.37,273.95,274.34
2026-03-30,276.42,277.09,272.11,273.5
2026-03-31,278.04,288.08,277.09,287.56
2026-04-01,290.835,300.52,290.41,297.39
2026-04-02,290.69,298.08,289.45,295.77
2026-04-06,295.87,300.62,295.18,299.99
2026-04-07,302.725,305.63,297.72,305.46
2026-04-08,320.445,322.08,315.02,317.32
2026-04-09,315.905,319.54,311.06,318.49
2026-04-10,320.015,321.83,316.32,317.24
2026-04-13,317.135,321.63,315.47,321.31
2026-04-14,324.785,333.29,323.75,332.91
2026-04-15,332.89,337.48,330.9,337.12
2026-04-16,338.75,339.88,334.52,336.02
2026-04-17,337.65,342.32,336.24,341.68
2026-04-20,340.755,341.4,336.61,337.42
2026-04-21,337.685,339.34,331.35,332.29
2026-04-22,337.02,339.82,335.17,339.32
2026-04-23,341.18,341.96,336.18,338.89
2026-04-24,338.725,345.27,335.39,344.4
2026-04-27,345.98,353.18,342.73,350.34
2026-04-28,348.55,352.42,346.12,349.78
2026-04-29,347.565,355.79,344.21,349.94
2026-04-30,374.07,385.84,365.82,384.8
2026-05-01,381.63,386.76,379.05,385.69
2026-05-04,385.63,387.38,379.79,383.25
2026-05-05,386.23,392.8199,384.02,388.43
2026-05-06,394.245,399.8499,392.76,398.04
2026-05-07,399.92,400.1,392.68,397.99
2026-05-08,397,402,396.36,400.8
2026-05-11,393.645,397.44,388.47,388.64
2026-05-12,387.34,388.52,382.77,387.35
2026-05-13,385.595,403.7,385,402.62