time,open,high,low,close
2000-09-13,0.00995,0.00995,0.00994,0.00994
2000-09-15,0.00992,0.00992,0.00992,0.00992
2000-09-22,0.00992,0.009951,0.00982,0.00982
2000-09-29,0.00982,0.009858,0.009805,0.009805
2000-10-06,0.009805,0.009805,0.009704,0.009731
2000-10-10,0.0098,0.0098,0.0098,0.0098
2000-10-13,0.0098,0.009835,0.0098,0.009808
2000-10-27,0.009808,0.009808,0.009711,0.009711
2000-11-03,0.0098,0.009848,0.009736,0.009848
2000-11-10,0.009848,0.009848,0.009749,0.009749
2000-11-17,0.009749,0.009749,0.009642,0.009651
2000-11-22,0.009651,0.009651,0.00952,0.00952
2000-11-24,0.009462,0.009462,0.009428,0.009428
2000-12-01,0.009462,0.009494,0.009416,0.009416
2000-12-08,0.00936,0.009365,0.00936,0.00936
2000-12-13,0.009375,0.009375,0.009373,0.009373
2000-12-15,0.009375,0.009375,0.009272,0.009272
2000-12-22,0.009375,0.009375,0.00923,0.009232
2000-12-29,0.009375,0.009375,0.009063,0.009063
2001-01-04,0.009375,0.009375,0.009,0.009
2001-01-05,0.009375,0.009375,0.008879,0.008879
2001-01-10,0.009375,0.009375,0.00888,0.00888
2001-01-11,0.00888,0.00888,0.00879,0.00879
2001-01-12,0.0088,0.0088,0.008769,0.008769
2001-01-19,0.0088,0.0088,0.0088,0.0088
2001-01-23,0.0088,0.008825,0.0088,0.008825
2001-01-24,0.008825,0.008825,0.008823,0.008823
2001-01-26,0.008825,0.008853,0.00879,0.00879
2001-01-31,0.00879,0.00884,0.00879,0.00884
2001-02-02,0.00884,0.008904,0.00884,0.008899
2001-02-07,0.008899,0.008899,0.008845,0.008845
2001-02-09,0.008845,0.008845,0.00874,0.008751
2001-02-12,0.008845,0.008845,0.008745,0.008745
2001-02-15,0.008905,0.008905,0.008905,0.008905
2001-02-16,0.008905,0.008907,0.008897,0.008907
2001-02-21,0.008905,0.008907,0.008853,0.008853
2001-02-22,0.008905,0.008905,0.008814,0.008814
2001-02-27,0.00882,0.008876,0.008818,0.008818
2001-02-28,0.00877,0.008824,0.00877,0.008824
2001-03-01,0.00877,0.00877,0.008735,0.00874
2001-03-02,0.008755,0.008755,0.008607,0.008612
2001-03-05,0.008607,0.00861,0.008607,0.008607
2001-03-06,0.00861,0.008623,0.00861,0.008623
2001-03-07,0.008623,0.008623,0.00855,0.00855
2001-03-08,0.00855,0.008575,0.00855,0.008555
2001-03-09,0.008562,0.008575,0.008554,0.008554
2001-03-12,0.008554,0.008554,0.0085,0.00851
2001-03-13,0.0085,0.008548,0.0085,0.008548
2001-03-14,0.00846,0.00849,0.008445,0.00845
2001-03-15,0.008475,0.008475,0.008345,0.00835
2001-03-16,0.008475,0.008475,0.0083,0.008327
2001-03-19,0.008342,0.00838,0.008322,0.008328
2001-03-20,0.008342,0.008355,0.00834,0.00834
2001-03-21,0.008349,0.008355,0.00827,0.008278
2001-03-22,0.008282,0.008282,0.008225,0.00826
2001-03-23,0.008282,0.008348,0.008282,0.00834
2001-03-26,0.008282,0.008348,0.00828,0.008314
2001-03-27,0.008282,0.008395,0.00828,0.008389
2001-03-28,0.008315,0.008365,0.008315,0.008335
2001-03-29,0.008365,0.008365,0.008261,0.008266
2001-03-30,0.00828,0.00828,0.008089,0.00809
2001-04-02,0.008098,0.00828,0.00807,0.008105
2001-04-03,0.00807,0.008129,0.00807,0.008124
2001-04-04,0.00807,0.00814,0.00807,0.00814
2001-04-05,0.008154,0.008219,0.008154,0.008219
2001-04-06,0.008154,0.008226,0.008154,0.008226
2001-04-09,0.008154,0.008155,0.008154,0.008155
2001-04-10,0.00818,0.008192,0.00818,0.008192
2001-04-11,0.008215,0.008216,0.0082,0.008216
2001-04-12,0.008181,0.008239,0.008181,0.008239
2001-04-16,0.00833,0.00833,0.008181,0.008198
2001-04-17,0.00833,0.00833,0.008262,0.008262
2001-04-18,0.008262,0.008325,0.008262,0.008325
2001-04-19,0.008262,0.008368,0.008262,0.008368
2001-04-20,0.008262,0.008305,0.008262,0.008305
2001-04-23,0.008262,0.008392,0.008262,0.008392
2001-04-26,0.008262,0.008262,0.008252,0.008252
2001-04-27,0.008262,0.008262,0.008194,0.008194
2001-04-30,0.008262,0.008262,0.008216,0.008216
2001-05-01,0.008262,0.008316,0.008262,0.008316
2001-05-02,0.008315,0.008338,0.008315,0.008338
2001-05-03,0.008315,0.008358,0.008315,0.008358
2001-05-04,0.008315,0.008372,0.008315,0.008372
2001-05-07,0.008315,0.008372,0.008315,0.008372
2001-05-08,0.008315,0.008363,0.008315,0.008363
2001-05-09,0.008315,0.008315,0.008298,0.008298
2001-05-11,0.008315,0.008315,0.00827,0.00827
2001-05-14,0.008315,0.008315,0.008223,0.008223
2001-05-15,0.008315,0.008315,0.008209,0.008209
2001-05-16,0.008315,0.008315,0.008205,0.008205
2001-05-17,0.008315,0.008315,0.008267,0.008267
2001-05-21,0.008315,0.008315,0.008262,0.008267
2001-05-23,0.008285,0.008455,0.008285,0.008455
2001-05-24,0.00845,0.00845,0.008435,0.008435
2001-05-25,0.00845,0.00845,0.008393,0.008393
2001-05-29,0.0083,0.008427,0.0083,0.008427
2001-05-30,0.0083,0.008409,0.0083,0.008409
2001-05-31,0.0083,0.008488,0.0083,0.008488
2001-06-01,0.008492,0.008492,0.008492,0.008492
2001-06-04,0.008475,0.008475,0.008475,0.008475
2001-06-05,0.00848,0.00851,0.008394,0.008403
2001-06-06,0.0084,0.008405,0.00837,0.008399
2001-06-07,0.00843,0.00844,0.008405,0.00842
2001-06-08,0.008406,0.008414,0.008342,0.008352
2001-06-11,0.008352,0.008354,0.008278,0.008286
2001-06-12,0.008288,0.008309,0.008273,0.008291
2001-06-13,0.008303,0.008308,0.008251,0.008274
2001-06-14,0.00827,0.008332,0.008259,0.008319
2001-06-15,0.008321,0.008354,0.008189,0.0082
2001-06-18,0.008194,0.00822,0.008164,0.008181
2001-06-19,0.008185,0.008226,0.008155,0.008197
2001-06-20,0.008205,0.008234,0.008134,0.008156
2001-06-21,0.008148,0.00816,0.008093,0.008107
2001-06-22,0.008094,0.008144,0.008087,0.008107
2001-06-25,0.008109,0.00815,0.0081,0.008143
2001-06-26,0.008149,0.008176,0.008128,0.008148
2001-06-27,0.008135,0.008147,0.008102,0.008113
2001-06-28,0.008103,0.008117,0.008065,0.008083
2001-06-29,0.008076,0.008145,0.00807,0.008079
2001-07-02,0.008075,0.008119,0.008062,0.008101
2001-07-03,0.008118,0.00815,0.008087,0.008101
2001-07-05,0.0081,0.00811,0.008008,0.00801
2001-07-06,0.008012,0.00803,0.007983,0.007993
2001-07-09,0.007998,0.008039,0.007996,0.00803
2001-07-10,0.008043,0.008044,0.007999,0.008033
2001-07-11,0.008029,0.00813,0.008009,0.008097
2001-07-12,0.008098,0.008151,0.008084,0.008132
2001-07-13,0.008125,0.008129,0.008051,0.008059
2001-07-16,0.008066,0.008067,0.008019,0.008023
2001-07-17,0.00802,0.008067,0.008009,0.008044
2001-07-18,0.008055,0.008127,0.008018,0.008117
2001-07-19,0.008117,0.00817,0.0081,0.008152
2001-07-20,0.008154,0.008195,0.008125,0.008189
2001-07-23,0.008167,0.008167,0.008078,0.008082
2001-07-24,0.00808,0.008118,0.00808,0.008116
2001-07-25,0.008102,0.008146,0.008079,0.008132
2001-07-26,0.008129,0.00816,0.008101,0.008124
2001-07-27,0.008124,0.008157,0.008097,0.00813
2001-07-30,0.008152,0.008154,0.008016,0.00803
2001-07-31,0.008028,0.00806,0.008023,0.008032
2001-08-01,0.008035,0.008072,0.008025,0.00806
2001-08-02,0.008061,0.008126,0.008055,0.008115
2001-08-03,0.008121,0.008144,0.008097,0.00812
2001-08-06,0.00812,0.00812,0.008081,0.008107
2001-08-07,0.008105,0.008136,0.008088,0.008131
2001-08-08,0.008125,0.008175,0.008117,0.008136
2001-08-09,0.008119,0.008267,0.008096,0.008239
2001-08-10,0.008237,0.008242,0.008185,0.008225
2001-08-13,0.008227,0.008266,0.008186,0.008194
2001-08-14,0.008194,0.008278,0.00814,0.008248
2001-08-15,0.008238,0.008428,0.008231,0.008387
2001-08-16,0.0084,0.008412,0.008332,0.008367
2001-08-17,0.008333,0.008358,0.008302,0.008339
2001-08-20,0.008335,0.00835,0.008295,0.008306
2001-08-21,0.008305,0.008389,0.008292,0.008372
2001-08-22,0.00838,0.0084,0.008315,0.008323
2001-08-23,0.008327,0.008375,0.008307,0.00837
2001-08-24,0.008361,0.008385,0.008325,0.008341
2001-08-27,0.008339,0.008362,0.008316,0.008356
2001-08-28,0.008358,0.008367,0.008295,0.008341
2001-08-29,0.008346,0.008414,0.008328,0.008339
2001-08-30,0.008339,0.008399,0.008329,0.008393
2001-08-31,0.008385,0.008453,0.00838,0.008432
2001-09-04,0.00841,0.008441,0.008369,0.008381
2001-09-05,0.008392,0.008392,0.008281,0.008292
2001-09-06,0.008298,0.008298,0.00823,0.008269
2001-09-07,0.008284,0.008355,0.008244,0.00833
2001-09-10,0.008325,0.008353,0.00826,0.008275
2001-09-11,0.00827,0.008347,0.008198,0.008317
2001-09-12,0.008317,0.008317,0.008317,0.008317
2001-09-13,0.008373,0.008432,0.008373,0.00843
2001-09-14,0.008477,0.008621,0.008457,0.008609
2001-09-17,0.008565,0.008636,0.008519,0.008574
2001-09-18,0.008554,0.008599,0.008523,0.008592
2001-09-19,0.00858,0.008596,0.008524,0.008564
2001-09-20,0.008554,0.008685,0.00855,0.008671
2001-09-21,0.008647,0.008668,0.008565,0.008616
2001-09-24,0.008606,0.008647,0.008552,0.008556
2001-09-25,0.008558,0.008597,0.008539,0.008552
2001-09-26,0.008556,0.008588,0.008519,0.008534
2001-09-27,0.008542,0.008542,0.008375,0.008403
2001-09-28,0.008395,0.008473,0.008395,0.008415
2001-10-01,0.008412,0.008416,0.008347,0.008362
2001-10-02,0.008362,0.008367,0.0083,0.008319
2001-10-03,0.00833,0.008343,0.008274,0.008321
2001-10-04,0.008328,0.00836,0.008314,0.008326
2001-10-05,0.008339,0.008377,0.008327,0.008348
2001-10-08,0.008351,0.008395,0.008348,0.008348
2001-10-09,0.008384,0.008392,0.008348,0.008353
2001-10-10,0.008355,0.008385,0.00833,0.008345
2001-10-11,0.008348,0.008357,0.008254,0.008271
2001-10-12,0.008268,0.008318,0.008248,0.008274
2001-10-15,0.008304,0.008334,0.008289,0.008302
2001-10-16,0.008306,0.008321,0.008236,0.008277
2001-10-17,0.008275,0.008315,0.008243,0.008281
2001-10-18,0.008277,0.008309,0.008264,0.008285
2001-10-19,0.008287,0.008306,0.008273,0.008285
2001-10-22,0.008266,0.008283,0.008186,0.008194
2001-10-23,0.008192,0.008205,0.008155,0.008178
2001-10-24,0.008185,0.008201,0.008159,0.008166
2001-10-25,0.00817,0.008192,0.008132,0.00816
2001-10-26,0.00816,0.008192,0.008138,0.00817
2001-10-29,0.008181,0.00823,0.00817,0.008218
2001-10-30,0.008224,0.008249,0.008205,0.008219
2001-10-31,0.008216,0.008241,0.008176,0.008198
2001-11-01,0.008191,0.008275,0.008182,0.008221
2001-11-02,0.008218,0.00827,0.008212,0.008232
2001-11-05,0.00824,0.008248,0.00821,0.008231
2001-11-06,0.00824,0.008287,0.008237,0.00828
2001-11-07,0.008265,0.008299,0.008265,0.008289
2001-11-08,0.008276,0.008372,0.008257,0.008346
2001-11-09,0.008341,0.008349,0.008315,0.008338
2001-11-12,0.008324,0.00837,0.008292,0.008338
2001-11-13,0.008314,0.008323,0.008229,0.008243
2001-11-14,0.008242,0.008253,0.008212,0.008243
2001-11-15,0.00824,0.008244,0.008178,0.008182
2001-11-16,0.008186,0.00821,0.008148,0.008151
2001-11-19,0.008145,0.008159,0.00811,0.008125
2001-11-20,0.00813,0.008173,0.008126,0.008162
2001-11-21,0.008172,0.008172,0.008114,0.00813
2001-11-23,0.008127,0.00814,0.008043,0.008051
2001-11-26,0.008048,0.00814,0.008034,0.008069
2001-11-27,0.008069,0.008092,0.008037,0.008074
2001-11-28,0.008078,0.008137,0.008076,0.008135
2001-11-29,0.008137,0.008147,0.008075,0.00809
2001-11-30,0.008078,0.00815,0.008061,0.008103
2001-12-03,0.008114,0.008119,0.008062,0.008068
2001-12-04,0.008062,0.008092,0.008037,0.00806
2001-12-05,0.008059,0.00807,0.008036,0.008054
2001-12-06,0.008057,0.008082,0.008008,0.00802
2001-12-07,0.008029,0.008035,0.007955,0.007967
2001-12-10,0.007965,0.007967,0.007914,0.007929
2001-12-11,0.007939,0.007957,0.007921,0.007927
2001-12-12,0.007942,0.007969,0.007903,0.007925
2001-12-13,0.00794,0.007943,0.007898,0.007923
2001-12-14,0.00797,0.007972,0.007851,0.007893
2001-12-17,0.007893,0.007902,0.007846,0.007878
2001-12-18,0.007873,0.007873,0.007821,0.00786
2001-12-19,0.00785,0.007872,0.007822,0.007841
2001-12-20,0.007835,0.00785,0.007792,0.007811
2001-12-21,0.007798,0.007801,0.007741,0.007743
2001-12-24,0.007746,0.007765,0.007724,0.007741
2001-12-26,0.00774,0.00777,0.007666,0.007675
2001-12-27,0.007667,0.007669,0.0076,0.007622
2001-12-28,0.007615,0.007677,0.00761,0.007656
2001-12-31,0.007642,0.007683,0.00761,0.007629
2002-01-02,0.007624,0.007627,0.007586,0.007596
2002-01-03,0.007593,0.007638,0.00759,0.007614
2002-01-04,0.007616,0.00768,0.007613,0.007661
2002-01-07,0.007665,0.007696,0.007622,0.007656
2002-01-08,0.007651,0.007653,0.007552,0.00756
2002-01-09,0.007552,0.00759,0.007522,0.007565
2002-01-10,0.007534,0.007618,0.007529,0.007559
2002-01-11,0.007573,0.007624,0.007568,0.007602
2002-01-14,0.007602,0.007629,0.00759,0.007605
2002-01-15,0.007595,0.007662,0.007595,0.007639
2002-01-16,0.007647,0.007654,0.007585,0.007606
2002-01-17,0.007592,0.007605,0.00756,0.007574
2002-01-18,0.00756,0.007571,0.007537,0.007561
2002-01-22,0.007561,0.007594,0.007455,0.007486
2002-01-23,0.00749,0.007505,0.007448,0.007467
2002-01-24,0.007451,0.007475,0.007433,0.007437
2002-01-25,0.007442,0.007476,0.007429,0.007463
2002-01-28,0.007434,0.007525,0.00743,0.007514
2002-01-29,0.007506,0.007539,0.007494,0.007513
2002-01-30,0.007509,0.007573,0.007499,0.007547
2002-01-31,0.007543,0.007556,0.007416,0.007436
2002-02-01,0.007441,0.00755,0.007422,0.007526
2002-02-04,0.007528,0.007599,0.007508,0.007576
2002-02-05,0.007572,0.007594,0.007462,0.007487
2002-02-06,0.007481,0.00752,0.007456,0.007502
2002-02-07,0.007496,0.007513,0.007468,0.007505
2002-02-08,0.007491,0.007502,0.007419,0.00744
2002-02-11,0.007434,0.007525,0.007417,0.007506
2002-02-12,0.00751,0.007562,0.007491,0.007554
2002-02-13,0.007551,0.007579,0.007505,0.007517
2002-02-14,0.007513,0.007589,0.007513,0.007583
2002-02-15,0.00758,0.007597,0.007519,0.007549
2002-02-18,0.007551,0.007563,0.007536,0.007558
2002-02-19,0.007551,0.007563,0.007471,0.007493
2002-02-20,0.007497,0.007527,0.007476,0.00749
2002-02-21,0.007483,0.007504,0.007444,0.007456
2002-02-22,0.007463,0.007497,0.007441,0.007462
2002-02-25,0.007462,0.007491,0.00746,0.007472
2002-02-26,0.007476,0.007489,0.007431,0.007434
2002-02-27,0.007433,0.007463,0.007415,0.007455
2002-02-28,0.007451,0.00751,0.007447,0.007489
2002-03-01,0.007506,0.007521,0.007475,0.007509
2002-03-04,0.007506,0.007588,0.007493,0.007567
2002-03-05,0.007571,0.007608,0.007548,0.007567
2002-03-06,0.00757,0.007664,0.007552,0.007648
2002-03-07,0.007655,0.00792,0.007644,0.007884
2002-03-08,0.007846,0.007875,0.00777,0.007778
2002-03-11,0.007785,0.007828,0.007742,0.007805
2002-03-12,0.007809,0.007816,0.007746,0.007774
2002-03-13,0.00775,0.007754,0.007716,0.007729
2002-03-14,0.007744,0.007798,0.00772,0.007745
2002-03-15,0.007781,0.007799,0.007763,0.007787
2002-03-18,0.007772,0.007774,0.007637,0.00765
2002-03-19,0.007652,0.007677,0.007585,0.007612
2002-03-20,0.007603,0.007653,0.007586,0.007641
2002-03-21,0.007649,0.007654,0.007594,0.007609
2002-03-22,0.007604,0.007612,0.007557,0.007562
2002-03-25,0.007558,0.00757,0.007526,0.007534
2002-03-26,0.007533,0.007597,0.007527,0.007559
2002-03-27,0.007552,0.00759,0.007537,0.007566
2002-03-28,0.007575,0.007597,0.00756,0.007567
2002-04-01,0.00755,0.007556,0.007501,0.007525
2002-04-02,0.007528,0.007556,0.007514,0.007525
2002-04-03,0.007535,0.007584,0.007532,0.007565
2002-04-04,0.007564,0.007629,0.00754,0.007592
2002-04-05,0.007582,0.007644,0.00758,0.007628
2002-04-08,0.007616,0.007654,0.007615,0.007638
2002-04-09,0.007624,0.007674,0.0076,0.00766
2002-04-10,0.00767,0.007706,0.007669,0.007679
2002-04-11,0.007679,0.00768,0.007611,0.007629
2002-04-12,0.007628,0.007641,0.007587,0.007596
2002-04-15,0.007595,0.00764,0.007576,0.007605
2002-04-16,0.00759,0.007664,0.007588,0.00765
2002-04-17,0.007647,0.007693,0.00764,0.007671
2002-04-18,0.007671,0.00774,0.00767,0.007723
2002-04-19,0.007714,0.007723,0.007676,0.007696
2002-04-22,0.00768,0.007735,0.007676,0.007718
2002-04-23,0.007714,0.007727,0.007696,0.007704
2002-04-24,0.0077,0.007745,0.007689,0.00774
2002-04-25,0.007736,0.007823,0.007732,0.007795
2002-04-26,0.0078,0.007844,0.007776,0.007841
2002-04-29,0.007837,0.007853,0.007815,0.00783
2002-04-30,0.007833,0.007842,0.007792,0.007802
2002-05-01,0.007796,0.007882,0.007789,0.007865
2002-05-02,0.007863,0.007893,0.00782,0.007833
2002-05-03,0.007835,0.007901,0.007829,0.007889
2002-05-06,0.00789,0.007892,0.007858,0.007872
2002-05-07,0.007885,0.007904,0.007806,0.007828
2002-05-08,0.007831,0.007836,0.00777,0.007782
2002-05-09,0.00777,0.007821,0.007761,0.007804
2002-05-10,0.00782,0.007856,0.007785,0.007853
2002-05-13,0.007843,0.007876,0.007831,0.007844
2002-05-14,0.007842,0.007843,0.007777,0.007792
2002-05-15,0.007795,0.007851,0.007786,0.007844
2002-05-16,0.007847,0.007866,0.007797,0.007816
2002-05-17,0.007819,0.007977,0.007814,0.00796
2002-05-20,0.007949,0.008,0.007935,0.007991
2002-05-21,0.007991,0.008094,0.007943,0.008082
2002-05-22,0.008061,0.008109,0.008005,0.008062
2002-05-23,0.008061,0.008081,0.007987,0.008015
2002-05-24,0.008004,0.008034,0.007991,0.008032
2002-05-27,0.008025,0.008027,0.008004,0.00802
2002-05-28,0.008025,0.008053,0.008004,0.008044
2002-05-29,0.008029,0.008062,0.008028,0.008053
2002-05-30,0.008048,0.008148,0.008045,0.008123
2002-05-31,0.00811,0.008133,0.008039,0.008054
2002-06-03,0.008052,0.008098,0.008039,0.008083
2002-06-04,0.008096,0.008118,0.008045,0.008073
2002-06-05,0.008056,0.008074,0.008022,0.00804
2002-06-06,0.008042,0.008084,0.007999,0.008051
2002-06-07,0.008065,0.008067,0.008023,0.008042
2002-06-10,0.008032,0.008046,0.008008,0.008023
2002-06-11,0.008018,0.00804,0.007952,0.007983
2002-06-12,0.007985,0.007987,0.007946,0.00796
2002-06-13,0.00796,0.008013,0.007945,0.007998
2002-06-14,0.008048,0.008109,0.00803,0.008097
2002-06-17,0.008092,0.008098,0.008068,0.008074
2002-06-18,0.008082,0.008085,0.008048,0.00808
2002-06-19,0.008081,0.008124,0.008076,0.008112
2002-06-20,0.008107,0.00815,0.008087,0.008135
2002-06-21,0.008132,0.008313,0.008098,0.008271
2002-06-24,0.008234,0.008295,0.008232,0.008253
2002-06-25,0.00824,0.00828,0.008231,0.008263
2002-06-26,0.008278,0.008443,0.008247,0.008387
2002-06-27,0.00837,0.008424,0.008346,0.008408
2002-06-28,0.008395,0.008481,0.008315,0.008403
2002-07-01,0.008393,0.008416,0.008353,0.008362
2002-07-02,0.008381,0.008387,0.008313,0.008352
2002-07-03,0.008373,0.00839,0.008324,0.008379
2002-07-04,0.008378,0.008378,0.008333,0.008356
2002-07-05,0.008378,0.008378,0.008318,0.008346
2002-07-08,0.008355,0.008476,0.00835,0.008465
2002-07-09,0.00847,0.008524,0.008436,0.008512
2002-07-10,0.008502,0.008548,0.00848,0.00853
2002-07-11,0.008532,0.008613,0.008509,0.00859
2002-07-12,0.00858,0.008614,0.008556,0.008586
2002-07-15,0.008582,0.008674,0.00857,0.008631
2002-07-16,0.008623,0.008685,0.008613,0.008644
2002-07-17,0.00867,0.00868,0.008593,0.008629
2002-07-18,0.008625,0.008627,0.008548,0.0086
2002-07-19,0.008595,0.008679,0.00859,0.008666
2002-07-22,0.00865,0.008662,0.008595,0.008617
2002-07-23,0.008629,0.008629,0.008504,0.008513
2002-07-24,0.008529,0.008652,0.008528,0.008618
2002-07-25,0.008595,0.008628,0.008566,0.008596
2002-07-26,0.008604,0.00861,0.00842,0.008429
2002-07-29,0.008434,0.00846,0.008354,0.00837
2002-07-30,0.008375,0.008405,0.008333,0.008341
2002-07-31,0.00834,0.008395,0.008325,0.008368
2002-08-01,0.008368,0.008419,0.008325,0.008398
2002-08-02,0.008405,0.008439,0.008395,0.008417
2002-08-05,0.008435,0.008445,0.008365,0.008371
2002-08-06,0.008373,0.008385,0.008265,0.008282
2002-08-07,0.00829,0.008348,0.008274,0.008339
2002-08-08,0.008332,0.008349,0.008268,0.008277
2002-08-09,0.008278,0.008348,0.008254,0.008338
2002-08-12,0.008368,0.008447,0.00834,0.00842
2002-08-13,0.008428,0.00846,0.0084,0.008426
2002-08-14,0.008464,0.008613,0.008459,0.008543
2002-08-15,0.008531,0.008568,0.008498,0.008546
2002-08-16,0.008528,0.00855,0.008495,0.008517
2002-08-19,0.008518,0.008526,0.008434,0.008448
2002-08-20,0.008439,0.008453,0.008394,0.008434
2002-08-21,0.008429,0.008506,0.008426,0.008452
2002-08-22,0.008448,0.008451,0.008346,0.008354
2002-08-23,0.00835,0.008378,0.008322,0.008363
2002-08-26,0.008362,0.008388,0.00835,0.008368
2002-08-27,0.00836,0.008485,0.008348,0.008473
2002-08-28,0.008467,0.00849,0.00843,0.008437
2002-08-29,0.00842,0.00852,0.008405,0.008463
2002-08-30,0.008461,0.0085,0.008426,0.008433
2002-09-02,0.008443,0.008479,0.008424,0.008477
2002-09-03,0.008443,0.008565,0.008424,0.008546
2002-09-04,0.00855,0.008552,0.008454,0.00848
2002-09-05,0.008475,0.008525,0.008441,0.008462
2002-09-06,0.008455,0.008481,0.008414,0.008439
2002-09-09,0.008445,0.008465,0.008385,0.008415
2002-09-10,0.008413,0.008451,0.00832,0.008344
2002-09-11,0.008345,0.008362,0.008288,0.00831
2002-09-12,0.008317,0.008349,0.008285,0.008326
2002-09-13,0.008361,0.008411,0.008215,0.008254
2002-09-16,0.008244,0.008268,0.008202,0.008214
2002-09-17,0.008217,0.008239,0.008139,0.00821
2002-09-18,0.008228,0.008275,0.008163,0.008234
2002-09-19,0.008264,0.008304,0.008235,0.008265
2002-09-20,0.008278,0.008278,0.008116,0.008132
2002-09-23,0.008132,0.008176,0.008082,0.00811
2002-09-24,0.008112,0.008166,0.008095,0.008146
2002-09-25,0.008145,0.008227,0.008135,0.008172
2002-09-26,0.008183,0.008238,0.008157,0.008187
2002-09-27,0.008215,0.008235,0.008145,0.008173
2002-09-30,0.008183,0.008287,0.008173,0.008243
2002-10-01,0.008242,0.008252,0.008173,0.00819
2002-10-02,0.008181,0.00819,0.008135,0.008158
2002-10-03,0.008167,0.008208,0.00815,0.008182
2002-10-04,0.008185,0.008203,0.008137,0.008143
2002-10-07,0.008135,0.00816,0.008056,0.008078
2002-10-08,0.008062,0.008094,0.00805,0.008067
2002-10-09,0.008072,0.008145,0.008065,0.008139
2002-10-10,0.008134,0.008155,0.008105,0.008116
2002-10-11,0.008113,0.008128,0.008058,0.008086
2002-10-14,0.008089,0.008102,0.008066,0.008086
2002-10-15,0.00806,0.008077,0.008026,0.00804
2002-10-16,0.008035,0.008096,0.008022,0.008059
2002-10-17,0.008052,0.008084,0.008012,0.008033
2002-10-18,0.00802,0.008025,0.007986,0.007992
2002-10-21,0.007992,0.008055,0.007981,0.00803
2002-10-22,0.008029,0.008038,0.007991,0.008016
2002-10-23,0.008013,0.008097,0.008005,0.008045
2002-10-24,0.008046,0.008092,0.008029,0.008047
2002-10-25,0.008056,0.00811,0.008042,0.008072
2002-10-28,0.00807,0.00812,0.008019,0.008113
2002-10-29,0.008113,0.008198,0.008099,0.008168
2002-10-30,0.008148,0.008178,0.008132,0.008158
2002-10-31,0.008152,0.008191,0.00813,0.008168
2002-11-01,0.008178,0.008238,0.008158,0.008204
2002-11-04,0.008201,0.008203,0.008171,0.008193
2002-11-05,0.008218,0.008255,0.008209,0.008224
2002-11-06,0.00822,0.008234,0.008167,0.008225
2002-11-07,0.008222,0.008289,0.00821,0.008259
2002-11-08,0.008263,0.008376,0.008252,0.008364
2002-11-11,0.00838,0.008407,0.008338,0.008364
2002-11-12,0.00837,0.008396,0.008352,0.008369
2002-11-13,0.008371,0.008374,0.008323,0.008325
2002-11-14,0.008342,0.008367,0.008297,0.008319
2002-11-15,0.008311,0.008325,0.008281,0.008317
2002-11-18,0.008315,0.008323,0.008253,0.008264
2002-11-19,0.008268,0.008286,0.00817,0.008194
2002-11-20,0.008189,0.008194,0.008158,0.008162
2002-11-21,0.008156,0.008212,0.00814,0.008154
2002-11-22,0.008163,0.008172,0.008136,0.008144
2002-11-25,0.008143,0.008222,0.008123,0.008199
2002-11-26,0.008198,0.008235,0.00819,0.008228
2002-11-27,0.008228,0.008249,0.008173,0.008182
2002-11-28,0.008176,0.008205,0.008173,0.008193
2002-11-29,0.008176,0.008205,0.00815,0.008159
2002-12-02,0.00816,0.008163,0.008001,0.008031
2002-12-03,0.008038,0.008055,0.008018,0.008027
2002-12-04,0.008043,0.008058,0.008003,0.008022
2002-12-05,0.008026,0.008041,0.007956,0.008003
2002-12-06,0.008003,0.008189,0.007969,0.008079
2002-12-09,0.008118,0.008172,0.008098,0.008103
2002-12-10,0.008113,0.008125,0.008071,0.008089
2002-12-11,0.00808,0.008124,0.008062,0.008091
2002-12-12,0.008085,0.008166,0.008073,0.00815
2002-12-13,0.00818,0.008342,0.008168,0.008329
2002-12-16,0.00832,0.008336,0.008264,0.008277
2002-12-17,0.008262,0.008349,0.008259,0.008278
2002-12-18,0.008274,0.008305,0.008247,0.008288
2002-12-19,0.008295,0.008335,0.008274,0.008323
2002-12-20,0.008321,0.008338,0.008292,0.008335
2002-12-23,0.008335,0.008371,0.008306,0.008331
2002-12-24,0.008332,0.008362,0.008326,0.008342
2002-12-26,0.008353,0.00837,0.008338,0.008361
2002-12-27,0.008355,0.008369,0.008343,0.008369
2002-12-30,0.00835,0.008476,0.00835,0.008467
2002-12-31,0.008466,0.008472,0.008437,0.008447
2003-01-02,0.008429,0.008442,0.008341,0.008358
2003-01-03,0.008351,0.008384,0.008336,0.00837
2003-01-06,0.008372,0.008457,0.008365,0.008425
2003-01-07,0.008411,0.008411,0.008314,0.008323
2003-01-08,0.00832,0.008448,0.00832,0.008421
2003-01-09,0.008419,0.008444,0.008381,0.008394
2003-01-10,0.008395,0.00842,0.008355,0.008414
2003-01-13,0.008413,0.008443,0.008392,0.008438
2003-01-14,0.008425,0.008527,0.008411,0.008496
2003-01-15,0.008481,0.008509,0.00844,0.008487
2003-01-16,0.008484,0.008518,0.008472,0.008507
2003-01-17,0.008508,0.008535,0.00848,0.0085
2003-01-20,0.008489,0.008502,0.008469,0.008479
2003-01-21,0.008489,0.008502,0.008409,0.00848
2003-01-22,0.00848,0.008494,0.008453,0.008465
2003-01-23,0.008474,0.008516,0.008434,0.008491
2003-01-24,0.008481,0.008524,0.008476,0.008506
2003-01-27,0.008503,0.008522,0.008396,0.008454
2003-01-28,0.00845,0.008465,0.008422,0.008444
2003-01-29,0.008433,0.008499,0.008433,0.008463
2003-01-30,0.008461,0.008463,0.008382,0.008402
2003-01-31,0.008418,0.008428,0.008341,0.008352
2003-02-03,0.008354,0.008361,0.008282,0.008324
2003-02-04,0.008329,0.008373,0.008312,0.008363
2003-02-05,0.008369,0.008412,0.008322,0.008343
2003-02-06,0.008343,0.008374,0.008327,0.008352
2003-02-07,0.008356,0.008388,0.00831,0.00833
2003-02-10,0.00832,0.008324,0.008248,0.008261
2003-02-11,0.00825,0.008279,0.008222,0.008265
2003-02-12,0.008272,0.008312,0.008242,0.008257
2003-02-13,0.008247,0.008324,0.008241,0.008302
2003-02-14,0.008302,0.008335,0.008285,0.008318
2003-02-17,0.008315,0.008341,0.008289,0.00834
2003-02-18,0.008315,0.008435,0.008289,0.008424
2003-02-19,0.008408,0.00845,0.008396,0.008435
2003-02-20,0.008434,0.008474,0.008405,0.008464
2003-02-21,0.008455,0.008465,0.008416,0.008427
2003-02-24,0.008427,0.008511,0.008422,0.008488
2003-02-25,0.008489,0.008588,0.008464,0.008538
2003-02-26,0.008527,0.008549,0.008506,0.008545
2003-02-27,0.008541,0.008563,0.008495,0.008513
2003-02-28,0.0085,0.008506,0.008433,0.008474
2003-03-03,0.008458,0.008547,0.008456,0.008506
2003-03-04,0.008506,0.008519,0.008473,0.008483
2003-03-05,0.008507,0.008552,0.008505,0.008529
2003-03-06,0.008527,0.008538,0.008506,0.008524
2003-03-07,0.008528,0.008607,0.008514,0.008551
2003-03-10,0.00854,0.008592,0.00854,0.008556
2003-03-11,0.008565,0.008572,0.0085,0.008541
2003-03-12,0.008542,0.008543,0.00851,0.008528
2003-03-13,0.00852,0.008523,0.008426,0.008438
2003-03-14,0.00846,0.008498,0.008448,0.008481
2003-03-17,0.008495,0.008532,0.008451,0.008473
2003-03-18,0.008466,0.008468,0.00841,0.008439
2003-03-19,0.008442,0.008459,0.008313,0.008314
2003-03-20,0.008326,0.008376,0.008325,0.008336
2003-03-21,0.008337,0.008343,0.008229,0.008251
2003-03-24,0.008294,0.008334,0.008268,0.008307
2003-03-25,0.008304,0.0084,0.008303,0.008347
2003-03-26,0.008354,0.008367,0.008325,0.008351
2003-03-27,0.008359,0.008384,0.008353,0.008354
2003-03-28,0.008358,0.008395,0.008326,0.008374
2003-03-31,0.008361,0.008507,0.00834,0.008482
2003-04-01,0.008486,0.008518,0.008462,0.008482
2003-04-02,0.008504,0.008522,0.008408,0.00843
2003-04-03,0.00842,0.008458,0.008375,0.008383
2003-04-04,0.008397,0.008412,0.008342,0.008355
2003-04-07,0.008329,0.008376,0.008292,0.008335
2003-04-08,0.008366,0.008393,0.008344,0.008363
2003-04-09,0.008367,0.008379,0.008306,0.008349
2003-04-10,0.00835,0.008412,0.008332,0.008376
2003-04-11,0.008374,0.008387,0.008292,0.008315
2003-04-14,0.008306,0.008355,0.008295,0.008333
2003-04-15,0.00833,0.008352,0.008303,0.00834
2003-04-16,0.008332,0.008406,0.008311,0.008389
2003-04-17,0.008384,0.008433,0.008368,0.008374
2003-04-21,0.008383,0.008395,0.008302,0.008314
2003-04-22,0.008316,0.008394,0.008299,0.008354
2003-04-23,0.008351,0.008365,0.008306,0.008319
2003-04-24,0.008322,0.00838,0.008301,0.008352
2003-04-25,0.008355,0.008368,0.008265,0.008323
2003-04-28,0.008334,0.008359,0.008313,0.008315
2003-04-29,0.008315,0.008375,0.008298,0.008355
2003-04-30,0.008368,0.008449,0.008349,0.008424
2003-05-01,0.008432,0.008474,0.008417,0.008446
2003-05-02,0.008446,0.008457,0.008392,0.008421
2003-05-05,0.00841,0.008452,0.00841,0.008443
2003-05-06,0.008446,0.00854,0.008434,0.008508
2003-05-07,0.008517,0.008629,0.008499,0.008613
2003-05-08,0.008605,0.008643,0.008555,0.008566
2003-05-09,0.008552,0.008555,0.008513,0.008539
2003-05-12,0.008546,0.008607,0.008546,0.008559
2003-05-13,0.008553,0.008605,0.008519,0.008587
2003-05-14,0.008573,0.008663,0.008568,0.008621
2003-05-15,0.008606,0.008681,0.008583,0.008598
2003-05-16,0.008593,0.00864,0.008585,0.008635
2003-05-19,0.00865,0.008698,0.00852,0.00853
2003-05-20,0.008541,0.008582,0.008527,0.008576
2003-05-21,0.00858,0.008589,0.008514,0.008531
2003-05-22,0.008509,0.008561,0.008496,0.008537
2003-05-23,0.008542,0.008573,0.008523,0.008555
2003-05-26,0.008562,0.008575,0.008523,0.008562
2003-05-27,0.008562,0.008613,0.008523,0.008536
2003-05-28,0.008533,0.008556,0.008413,0.008427
2003-05-29,0.008435,0.008482,0.008398,0.008452
2003-05-30,0.008486,0.008486,0.008363,0.008387
2003-06-02,0.008367,0.008457,0.008361,0.00844
2003-06-03,0.008439,0.00847,0.008383,0.008402
2003-06-04,0.008397,0.008452,0.008379,0.008424
2003-06-05,0.008414,0.00853,0.008411,0.008494
2003-06-06,0.008504,0.008505,0.008411,0.008424
2003-06-09,0.008424,0.00849,0.008423,0.008469
2003-06-10,0.008462,0.008508,0.008449,0.008495
2003-06-11,0.008492,0.00851,0.008466,0.008491
2003-06-12,0.008493,0.008513,0.008478,0.008505
2003-06-13,0.008521,0.008557,0.008486,0.008545
2003-06-16,0.008544,0.008556,0.00851,0.008523
2003-06-17,0.008521,0.008529,0.008466,0.008484
2003-06-18,0.008489,0.008516,0.008445,0.008507
2003-06-19,0.008507,0.008507,0.008415,0.008467
2003-06-20,0.008465,0.008493,0.00845,0.008468
2003-06-23,0.008456,0.008532,0.008449,0.008521
2003-06-24,0.00851,0.00852,0.008488,0.0085
2003-06-25,0.008502,0.008543,0.008481,0.008493
2003-06-26,0.008496,0.0085,0.008391,0.008394
2003-06-27,0.008395,0.008412,0.008352,0.008371
2003-06-30,0.008372,0.008381,0.008337,0.008369
2003-07-01,0.008373,0.008422,0.008356,0.008391
2003-07-02,0.00839,0.008515,0.008389,0.008493
2003-07-03,0.008485,0.008504,0.008452,0.008477
2003-07-07,0.008489,0.008504,0.008469,0.008479
2003-07-08,0.008486,0.008533,0.008443,0.008474
2003-07-09,0.008479,0.008519,0.008459,0.008513
2003-07-10,0.008504,0.008537,0.008488,0.008517
2003-07-11,0.008515,0.008523,0.008491,0.008519
2003-07-14,0.008509,0.008549,0.008505,0.008519
2003-07-15,0.008508,0.008589,0.008478,0.008509
2003-07-16,0.008494,0.008503,0.008443,0.008484
2003-07-17,0.008488,0.008498,0.008423,0.008432
2003-07-18,0.008431,0.008472,0.008401,0.008458
2003-07-21,0.008437,0.008471,0.008433,0.008448
2003-07-22,0.008455,0.008455,0.00839,0.008408
2003-07-23,0.008408,0.008445,0.008408,0.008417
2003-07-24,0.008433,0.008447,0.008393,0.008417
2003-07-25,0.00842,0.008445,0.008396,0.008423
2003-07-28,0.008423,0.008424,0.008374,0.008387
2003-07-29,0.008386,0.008409,0.008349,0.008356
2003-07-30,0.008352,0.008371,0.0083,0.008333
2003-07-31,0.008331,0.008363,0.0083,0.008304
2003-08-01,0.008308,0.008358,0.008297,0.00834
2003-08-04,0.008345,0.008364,0.008303,0.008318
2003-08-05,0.008322,0.00836,0.008299,0.008346
2003-08-06,0.008353,0.008363,0.008312,0.008327
2003-08-07,0.008325,0.008426,0.008324,0.00841
2003-08-08,0.008415,0.008425,0.008395,0.008405
2003-08-11,0.00841,0.00847,0.0084,0.008432
2003-08-12,0.008442,0.008456,0.008429,0.008453
2003-08-13,0.008434,0.008446,0.008378,0.008397
2003-08-14,0.0084,0.008422,0.008361,0.008398
2003-08-15,0.00842,0.008427,0.00839,0.008394
2003-08-18,0.008403,0.008403,0.008356,0.008374
2003-08-19,0.008375,0.008463,0.008356,0.008455
2003-08-20,0.008451,0.008495,0.008426,0.008477
2003-08-21,0.008475,0.008514,0.008464,0.0085
2003-08-22,0.008497,0.00853,0.008477,0.008507
2003-08-25,0.008517,0.008542,0.008505,0.008528
2003-08-26,0.008528,0.00854,0.008492,0.008533
2003-08-27,0.008526,0.008529,0.008478,0.008522
2003-08-28,0.008519,0.008535,0.008505,0.008525
2003-08-29,0.008527,0.008614,0.008523,0.00858
2003-09-01,0.008572,0.008597,0.008567,0.008585
2003-09-02,0.008572,0.008637,0.008532,0.00861
2003-09-03,0.008586,0.008634,0.008582,0.008622
2003-09-04,0.008625,0.008641,0.008542,0.008569
2003-09-05,0.008562,0.008592,0.008537,0.008562
2003-09-08,0.008508,0.008595,0.008496,0.008582
2003-09-09,0.008595,0.008615,0.008553,0.008561
2003-09-10,0.008559,0.008573,0.00853,0.008542
2003-09-11,0.008542,0.008585,0.00853,0.008542
2003-09-12,0.008563,0.008592,0.008528,0.008548
2003-09-15,0.008548,0.008555,0.00852,0.008537
2003-09-16,0.008538,0.008644,0.008538,0.008634
2003-09-17,0.008633,0.008675,0.008605,0.00863
2003-09-18,0.008643,0.008745,0.008632,0.008695
2003-09-19,0.008697,0.008828,0.008683,0.008769
2003-09-22,0.008893,0.009005,0.008893,0.008949
2003-09-23,0.008927,0.00904,0.008923,0.008945
2003-09-24,0.008931,0.009013,0.008922,0.008991
2003-09-25,0.008961,0.008995,0.008925,0.008948
2003-09-26,0.00894,0.008982,0.008924,0.008957
2003-09-29,0.008985,0.009054,0.008962,0.00903
2003-09-30,0.00905,0.009111,0.008944,0.008996
2003-10-01,0.008999,0.009069,0.008989,0.009061
2003-10-02,0.009063,0.009066,0.009005,0.009052
2003-10-03,0.009045,0.009089,0.009025,0.009032
2003-10-06,0.009028,0.009046,0.009001,0.009026
2003-10-07,0.009024,0.009165,0.009018,0.009121
2003-10-08,0.009116,0.009162,0.009105,0.009141
2003-10-09,0.00915,0.009207,0.009142,0.009179
2003-10-10,0.009186,0.009252,0.009167,0.009222
2003-10-13,0.00924,0.009251,0.009189,0.009222
2003-10-14,0.009199,0.009221,0.009087,0.009206
2003-10-15,0.009205,0.009212,0.009124,0.009153
2003-10-16,0.009141,0.009175,0.00908,0.009117
2003-10-17,0.009119,0.009166,0.009104,0.009155
2003-10-20,0.009195,0.009208,0.009058,0.009088
2003-10-21,0.009071,0.009155,0.009071,0.009135
2003-10-22,0.009137,0.009203,0.009131,0.009193
2003-10-23,0.009194,0.009199,0.009116,0.009136
2003-10-24,0.009143,0.009185,0.009103,0.009159
2003-10-27,0.009189,0.009249,0.009185,0.009226
2003-10-28,0.009236,0.009257,0.009218,0.009246
2003-10-29,0.009251,0.009285,0.00924,0.009248
2003-10-30,0.009252,0.009273,0.009197,0.009206
2003-10-31,0.009206,0.009219,0.009083,0.009099
2003-11-03,0.009113,0.009127,0.008981,0.009004
2003-11-04,0.009027,0.009154,0.009015,0.009134
2003-11-05,0.009134,0.009144,0.009094,0.009108
2003-11-06,0.009114,0.009115,0.009067,0.009079
2003-11-07,0.009079,0.009178,0.009067,0.009162
2003-11-10,0.009144,0.009293,0.00913,0.009238
2003-11-11,0.009196,0.009238,0.009175,0.009238
2003-11-12,0.009204,0.00923,0.009168,0.009199
2003-11-13,0.009204,0.009262,0.009204,0.009253
2003-11-14,0.009257,0.00927,0.009221,0.009243
2003-11-17,0.009242,0.009247,0.009121,0.009187
2003-11-18,0.009187,0.009272,0.009172,0.009259
2003-11-19,0.009265,0.009305,0.00915,0.009154
2003-11-20,0.009173,0.009214,0.009165,0.009192
2003-11-21,0.009188,0.009207,0.009146,0.009194
2003-11-24,0.009195,0.009195,0.009139,0.009144
2003-11-25,0.009157,0.009159,0.009091,0.009139
2003-11-26,0.009141,0.009191,0.009117,0.009168
2003-11-27,0.009173,0.009187,0.009155,0.009158
2003-11-28,0.009173,0.009187,0.009123,0.009134
2003-12-01,0.009109,0.009169,0.009092,0.009134
2003-12-02,0.009142,0.009215,0.00911,0.009209
2003-12-03,0.009207,0.009253,0.009194,0.009248
2003-12-04,0.009245,0.009264,0.009219,0.009251
2003-12-05,0.009242,0.009301,0.009227,0.009287
2003-12-08,0.00929,0.009338,0.00928,0.009311
2003-12-09,0.009318,0.009365,0.009298,0.009339
2003-12-10,0.009336,0.00934,0.009195,0.009238
2003-12-11,0.009226,0.009264,0.009223,0.009264
2003-12-12,0.009288,0.009333,0.009284,0.00931
2003-12-15,0.009269,0.009342,0.009262,0.009319
2003-12-16,0.009317,0.009339,0.009301,0.009332
2003-12-17,0.009324,0.009353,0.0093,0.009332
2003-12-18,0.009332,0.009343,0.009275,0.009315
2003-12-19,0.009318,0.009323,0.009285,0.009305
2003-12-22,0.00929,0.009345,0.009289,0.009324
2003-12-23,0.009319,0.009346,0.009319,0.009335
2003-12-24,0.00934,0.009361,0.009322,0.009345
2003-12-26,0.009366,0.009384,0.009351,0.009356
2003-12-29,0.009345,0.009378,0.009335,0.009372
2003-12-30,0.009364,0.009376,0.009355,0.009363
2003-12-31,0.009371,0.009379,0.009301,0.009318
2004-01-02,0.009368,0.009377,0.009336,0.009375
2004-01-05,0.009372,0.00945,0.009335,0.009447
2004-01-06,0.009429,0.009459,0.009419,0.009439
2004-01-07,0.009435,0.009462,0.009414,0.009439
2004-01-08,0.009435,0.009459,0.009426,0.009436
2004-01-09,0.009436,0.009437,0.009255,0.009417
2004-01-12,0.009395,0.009417,0.009386,0.009392
2004-01-13,0.009393,0.009443,0.009393,0.009431
2004-01-14,0.009429,0.009458,0.009423,0.009445
2004-01-15,0.00943,0.00945,0.009407,0.009424
2004-01-16,0.009422,0.009475,0.009362,0.009375
2004-01-19,0.009386,0.009408,0.009319,0.009335
2004-01-20,0.009386,0.009408,0.009282,0.009348
2004-01-21,0.009373,0.009396,0.009338,0.009364
2004-01-22,0.009373,0.009455,0.009361,0.009439
2004-01-23,0.00944,0.00947,0.009378,0.009426
2004-01-26,0.009402,0.009466,0.009383,0.009419
2004-01-27,0.009418,0.009497,0.009413,0.009486
2004-01-28,0.009482,0.009492,0.009392,0.009463
2004-01-29,0.009426,0.009479,0.00942,0.009454
2004-01-30,0.009448,0.009479,0.009436,0.009468
2004-02-02,0.009477,0.0095,0.009468,0.009481
2004-02-03,0.00948,0.009515,0.009458,0.009486
2004-02-04,0.00949,0.009507,0.009477,0.009497
2004-02-05,0.009497,0.009502,0.00944,0.009449
2004-02-06,0.009462,0.009503,0.009373,0.009482
2004-02-09,0.009467,0.009486,0.009452,0.009471
2004-02-10,0.009471,0.009502,0.009454,0.009483
2004-02-11,0.00948,0.009518,0.009469,0.009499
2004-02-12,0.009499,0.009504,0.009482,0.009498
2004-02-13,0.009498,0.009505,0.009476,0.009489
2004-02-16,0.009487,0.009496,0.009485,0.009492
2004-02-17,0.009487,0.009496,0.00944,0.009471
2004-02-18,0.009474,0.009485,0.00934,0.009374
2004-02-19,0.009377,0.009412,0.009314,0.00933
2004-02-20,0.009352,0.009363,0.009151,0.009162
2004-02-23,0.009191,0.009257,0.009147,0.009212
2004-02-24,0.009239,0.009258,0.009201,0.009253
2004-02-25,0.009245,0.009259,0.009168,0.009179
2004-02-26,0.00918,0.009198,0.009109,0.009123
2004-02-27,0.009133,0.009188,0.009119,0.009162
2004-03-01,0.009169,0.009186,0.009143,0.009178
2004-03-02,0.00918,0.009186,0.009059,0.009087
2004-03-03,0.009087,0.009093,0.009053,0.009088
2004-03-04,0.009088,0.009089,0.008986,0.009005
2004-03-05,0.009001,0.00902,0.008906,0.008926
2004-03-08,0.008927,0.009,0.008907,0.008983
2004-03-09,0.008986,0.009071,0.00896,0.008991
2004-03-10,0.008975,0.009032,0.008966,0.009022
2004-03-11,0.009015,0.009055,0.009004,0.009017
2004-03-12,0.009048,0.009066,0.009002,0.009041
2004-03-15,0.009052,0.009197,0.009029,0.009091
2004-03-16,0.00909,0.009231,0.009085,0.009222
2004-03-17,0.009216,0.009287,0.009202,0.009267
2004-03-18,0.009267,0.009424,0.009252,0.009392
2004-03-19,0.009387,0.009404,0.009343,0.009389
2004-03-22,0.00939,0.009394,0.009313,0.009392
2004-03-23,0.009389,0.009418,0.009375,0.009389
2004-03-24,0.009392,0.009454,0.009372,0.009445
2004-03-25,0.00944,0.009477,0.009414,0.00945
2004-03-26,0.009446,0.009497,0.009435,0.009459
2004-03-29,0.009486,0.00952,0.00946,0.009503
2004-03-30,0.009499,0.009507,0.009435,0.00949
2004-03-31,0.009469,0.009695,0.009463,0.009604
2004-04-01,0.009618,0.009686,0.009592,0.009658
2004-04-02,0.009661,0.009663,0.009562,0.009591
2004-04-05,0.009591,0.009623,0.009503,0.009543
2004-04-06,0.009539,0.009547,0.009347,0.009481
2004-04-07,0.009481,0.009548,0.00944,0.009518
2004-04-08,0.009519,0.009523,0.009406,0.009425
2004-04-12,0.009416,0.009519,0.009413,0.009505
2004-04-13,0.009502,0.009537,0.009364,0.009391
2004-04-14,0.009391,0.009392,0.009192,0.009207
2004-04-15,0.009222,0.009255,0.009168,0.009245
2004-04-16,0.009266,0.009318,0.0092,0.009296
2004-04-19,0.00931,0.00931,0.009216,0.009233
2004-04-20,0.009238,0.009301,0.0092,0.009243
2004-04-21,0.009208,0.009226,0.009125,0.009149
2004-04-22,0.00915,0.009176,0.009114,0.009139
2004-04-23,0.009152,0.009222,0.009116,0.009173
2004-04-26,0.009178,0.009248,0.009159,0.009213
2004-04-27,0.009213,0.009238,0.009113,0.00915
2004-04-28,0.009151,0.009205,0.00908,0.009104
2004-04-29,0.009099,0.009143,0.009018,0.009098
2004-04-30,0.009107,0.00912,0.009049,0.009073
2004-05-03,0.009069,0.009118,0.009044,0.009073
2004-05-04,0.009082,0.009166,0.009053,0.009126
2004-05-05,0.009153,0.009243,0.009138,0.009215
2004-05-06,0.009215,0.009215,0.009111,0.009118
2004-05-07,0.009115,0.009122,0.008898,0.008918
2004-05-10,0.008918,0.00892,0.008769,0.008805
2004-05-11,0.008792,0.008849,0.008791,0.008831
2004-05-12,0.008867,0.008904,0.008812,0.00884
2004-05-13,0.008865,0.008872,0.008731,0.00874
2004-05-14,0.00873,0.008784,0.008712,0.008762
2004-05-17,0.00876,0.008852,0.008731,0.008747
2004-05-18,0.00875,0.008828,0.008724,0.008771
2004-05-19,0.008772,0.008903,0.008763,0.008884
2004-05-20,0.00886,0.008878,0.008787,0.008865
2004-05-21,0.00888,0.008954,0.008851,0.008916
2004-05-24,0.008922,0.008926,0.008858,0.008872
2004-05-25,0.00886,0.008963,0.008831,0.00895
2004-05-26,0.008952,0.008994,0.008936,0.008953
2004-05-27,0.008951,0.00904,0.008922,0.00902
2004-05-28,0.009024,0.009091,0.009006,0.009061
2004-05-31,0.009088,0.009172,0.009061,0.009131
2004-06-01,0.009137,0.009158,0.009034,0.009046
2004-06-02,0.009054,0.009115,0.009018,0.009087
2004-06-03,0.009092,0.009111,0.008967,0.009022
2004-06-04,0.00901,0.00907,0.00893,0.009005
2004-06-07,0.009018,0.009138,0.009011,0.009122
2004-06-08,0.009122,0.009137,0.009076,0.009116
2004-06-09,0.00912,0.009205,0.009043,0.00905
2004-06-10,0.009061,0.00916,0.00905,0.009148
2004-06-11,0.009189,0.009195,0.009077,0.00912
2004-06-14,0.009116,0.009123,0.009006,0.009026
2004-06-15,0.009039,0.009186,0.009013,0.009184
2004-06-16,0.009165,0.009191,0.009105,0.009119
2004-06-17,0.009118,0.009215,0.009104,0.009156
2004-06-18,0.009159,0.009247,0.009145,0.00922
2004-06-21,0.009241,0.009272,0.009212,0.009223
2004-06-22,0.009218,0.00926,0.009171,0.009181
2004-06-23,0.009202,0.009255,0.009188,0.009241
2004-06-24,0.009244,0.009376,0.009244,0.009356
2004-06-25,0.00936,0.009372,0.009287,0.009317
2004-06-28,0.009335,0.00934,0.009261,0.009288
2004-06-29,0.009297,0.00931,0.009225,0.009265
2004-06-30,0.009269,0.009273,0.009153,0.00922
2004-07-01,0.00922,0.009301,0.009212,0.009268
2004-07-02,0.009255,0.009287,0.009172,0.009256
2004-07-05,0.00926,0.009266,0.009185,0.009196
2004-07-06,0.00926,0.009266,0.009138,0.009164
2004-07-07,0.00916,0.00927,0.009156,0.009246
2004-07-08,0.009227,0.009253,0.009184,0.009218
2004-07-09,0.009214,0.009296,0.0092,0.009261
2004-07-12,0.009274,0.009322,0.009247,0.009264
2004-07-13,0.009261,0.009268,0.009163,0.009228
2004-07-14,0.00923,0.009249,0.009158,0.009195
2004-07-15,0.009184,0.009195,0.00911,0.009129
2004-07-16,0.009126,0.009233,0.009107,0.009216
2004-07-19,0.009211,0.009272,0.009206,0.009264
2004-07-20,0.009268,0.009271,0.009209,0.009234
2004-07-21,0.009229,0.009249,0.009083,0.009115
2004-07-22,0.009126,0.009172,0.009114,0.009124
2004-07-23,0.009132,0.009139,0.009088,0.009104
2004-07-26,0.009098,0.009157,0.009096,0.009117
2004-07-27,0.009119,0.009141,0.009013,0.009023
2004-07-28,0.009038,0.009042,0.008954,0.008968
2004-07-29,0.008971,0.008985,0.008906,0.008933
2004-07-30,0.00894,0.009018,0.008927,0.008992
2004-08-02,0.009005,0.00906,0.008993,0.009039
2004-08-03,0.00904,0.009074,0.009011,0.009054
2004-08-04,0.009053,0.009062,0.008965,0.009007
2004-08-05,0.00901,0.009038,0.008957,0.008968
2004-08-06,0.008968,0.00912,0.008951,0.009068
2004-08-09,0.009065,0.009092,0.009029,0.009057
2004-08-10,0.009052,0.009071,0.008983,0.008984
2004-08-11,0.008996,0.009052,0.008987,0.009032
2004-08-12,0.009033,0.009065,0.009001,0.009036
2004-08-13,0.009034,0.009066,0.008933,0.009045
2004-08-16,0.009062,0.00907,0.009018,0.009058
2004-08-17,0.009064,0.009112,0.00905,0.009095
2004-08-18,0.009111,0.00916,0.009079,0.009151
2004-08-19,0.009151,0.009178,0.009131,0.009156
2004-08-20,0.009155,0.009188,0.00912,0.009165
2004-08-23,0.009165,0.009175,0.009106,0.009117
2004-08-24,0.009113,0.009151,0.009094,0.009137
2004-08-25,0.009127,0.009145,0.009058,0.009088
2004-08-26,0.009088,0.009156,0.009072,0.009134
2004-08-27,0.009125,0.009179,0.009116,0.009126
2004-08-30,0.009122,0.009133,0.009061,0.009102
2004-08-31,0.0091,0.009201,0.009078,0.009156
2004-09-01,0.009169,0.009183,0.009117,0.009144
2004-09-02,0.009141,0.009161,0.009125,0.009136
2004-09-03,0.009111,0.00917,0.009035,0.009044
2004-09-06,0.009036,0.009096,0.009036,0.009082
2004-09-07,0.009036,0.009157,0.009036,0.009148
2004-09-08,0.009145,0.009172,0.009109,0.00915
2004-09-09,0.009153,0.00916,0.00909,0.009107
2004-09-10,0.009172,0.009199,0.009105,0.009169
2004-09-13,0.009174,0.009191,0.009102,0.009124
2004-09-14,0.00913,0.009187,0.009123,0.009162
2004-09-15,0.009163,0.00919,0.0091,0.009131
2004-09-16,0.009123,0.009175,0.00912,0.00917
2004-09-17,0.009162,0.009183,0.00911,0.009136
2004-09-20,0.00914,0.009155,0.009118,0.009139
2004-09-21,0.009139,0.009165,0.009113,0.009151
2004-09-22,0.009148,0.009162,0.009066,0.009086
2004-09-23,0.009076,0.009107,0.009051,0.009063
2004-09-24,0.00906,0.009102,0.009055,0.009065
2004-09-27,0.009082,0.009086,0.009012,0.00902
2004-09-28,0.009022,0.009034,0.008985,0.009014
2004-09-29,0.009015,0.009072,0.009013,0.009057
2004-09-30,0.009065,0.009142,0.009023,0.009127
2004-10-01,0.009121,0.00914,0.009076,0.009093
2004-10-04,0.009082,0.009083,0.009026,0.009058
2004-10-05,0.009056,0.009068,0.009013,0.00904
2004-10-06,0.009022,0.009042,0.009003,0.009007
2004-10-07,0.009018,0.009043,0.009005,0.009025
2004-10-08,0.009028,0.009181,0.009018,0.009167
2004-10-11,0.009163,0.009194,0.009156,0.009167
2004-10-12,0.009173,0.009178,0.009113,0.009142
2004-10-13,0.009155,0.00917,0.009103,0.009145
2004-10-14,0.009137,0.009191,0.00913,0.009153
2004-10-15,0.009147,0.00922,0.009143,0.009186
2004-10-18,0.009186,0.00919,0.009153,0.009178
2004-10-19,0.009179,0.009264,0.009164,0.009251
2004-10-20,0.009256,0.009276,0.009228,0.009267
2004-10-21,0.009261,0.009342,0.009252,0.009336
2004-10-22,0.009324,0.009356,0.009306,0.009347
2004-10-25,0.009351,0.009439,0.009338,0.009394
2004-10-26,0.009395,0.009423,0.009368,0.009396
2004-10-27,0.009375,0.009438,0.009357,0.009413
2004-10-28,0.009405,0.009466,0.009372,0.009438
2004-10-29,0.009433,0.009478,0.009423,0.009466
2004-11-01,0.009469,0.009478,0.009403,0.009418
2004-11-02,0.009414,0.009453,0.009388,0.009424
2004-11-03,0.009448,0.009461,0.009376,0.009436
2004-11-04,0.009434,0.009482,0.009409,0.009441
2004-11-05,0.009448,0.009496,0.00938,0.009476
2004-11-08,0.009491,0.009517,0.009473,0.009493
2004-11-09,0.009492,0.009496,0.009458,0.009475
2004-11-10,0.009481,0.009481,0.009337,0.009339
2004-11-11,0.009358,0.009402,0.009339,0.009339
2004-11-12,0.009401,0.009511,0.009378,0.009496
2004-11-15,0.00949,0.009525,0.009482,0.009506
2004-11-16,0.009516,0.009522,0.009477,0.009503
2004-11-17,0.009502,0.009648,0.009488,0.009633
2004-11-18,0.009625,0.00966,0.009589,0.009622
2004-11-19,0.00961,0.009749,0.009592,0.009713
2004-11-22,0.009716,0.009721,0.009683,0.0097
2004-11-23,0.009709,0.00973,0.009654,0.009683
2004-11-24,0.009681,0.00976,0.009652,0.009726
2004-11-25,0.009728,0.009774,0.009715,0.009756
2004-11-26,0.009728,0.009795,0.009676,0.009759
2004-11-29,0.009756,0.009763,0.009705,0.00973
2004-11-30,0.00972,0.00977,0.009682,0.009721
2004-12-01,0.009714,0.009766,0.009713,0.009743
2004-12-02,0.009745,0.009825,0.009674,0.009692
2004-12-03,0.009697,0.009806,0.009658,0.009795
2004-12-06,0.009798,0.009816,0.009676,0.009699
2004-12-07,0.009699,0.009768,0.009678,0.009722
2004-12-08,0.009723,0.009732,0.009527,0.009611
2004-12-09,0.009633,0.009633,0.009524,0.009571
2004-12-10,0.009613,0.00962,0.009476,0.009569
2004-12-13,0.009543,0.009625,0.009519,0.009614
2004-12-14,0.009614,0.009617,0.009511,0.009537
2004-12-15,0.009529,0.009677,0.009517,0.00965
2004-12-16,0.00965,0.009723,0.00958,0.009601
2004-12-17,0.009609,0.009665,0.009606,0.009635
2004-12-20,0.009661,0.009681,0.009625,0.009664
2004-12-21,0.009652,0.009697,0.009606,0.009635
2004-12-22,0.009627,0.009676,0.009621,0.009649
2004-12-23,0.009657,0.00971,0.009643,0.009689
2004-12-27,0.0097,0.009786,0.00964,0.009746
2004-12-28,0.00976,0.009773,0.009725,0.009755
2004-12-29,0.009752,0.009753,0.009634,0.009674
2004-12-30,0.009679,0.009769,0.009642,0.009752
2004-12-31,0.009743,0.00982,0.009742,0.009797
2005-01-03,0.009797,0.009816,0.00971,0.009785
2005-01-04,0.00977,0.009807,0.009587,0.009611
2005-01-05,0.009615,0.009682,0.009565,0.009652
2005-01-06,0.009645,0.009667,0.009549,0.00956
2005-01-07,0.00957,0.00967,0.009552,0.009569
2005-01-10,0.00958,0.00965,0.00958,0.009641
2005-01-11,0.009637,0.00974,0.00963,0.009723
2005-01-12,0.009715,0.009835,0.009698,0.009812
2005-01-13,0.009805,0.009819,0.009762,0.009793
2005-01-14,0.009802,0.009864,0.009728,0.009838
2005-01-17,0.00984,0.009873,0.009823,0.00984
2005-01-18,0.00984,0.009873,0.009747,0.009816
2005-01-19,0.009822,0.009838,0.009748,0.009759
2005-01-20,0.009759,0.009792,0.009686,0.009703
2005-01-21,0.009704,0.00978,0.009656,0.009769
2005-01-24,0.009761,0.009786,0.009742,0.009775
2005-01-25,0.009774,0.00979,0.009616,0.009627
2005-01-26,0.009649,0.009763,0.009641,0.00974
2005-01-27,0.009727,0.009767,0.009688,0.009731
2005-01-28,0.009751,0.009764,0.00966,0.009701
2005-01-31,0.00968,0.009706,0.009663,0.009675
2005-02-01,0.009678,0.009689,0.009635,0.009682
2005-02-02,0.009675,0.009703,0.009633,0.009663
2005-02-03,0.00967,0.009674,0.009572,0.009587
2005-02-04,0.009591,0.00969,0.009582,0.009634
2005-02-07,0.009587,0.009636,0.009542,0.009567
2005-02-08,0.009563,0.009567,0.009461,0.009491
2005-02-09,0.009468,0.009514,0.009457,0.009474
2005-02-10,0.009489,0.00951,0.009377,0.009472
2005-02-11,0.009464,0.009499,0.009461,0.00947
2005-02-14,0.009499,0.009574,0.009488,0.009526
2005-02-15,0.009536,0.009607,0.009509,0.009592
2005-02-16,0.00959,0.009594,0.009476,0.009515
2005-02-17,0.009504,0.009523,0.009466,0.009488
2005-02-18,0.00949,0.009522,0.00946,0.00948
2005-02-22,0.009479,0.009644,0.009466,0.009619
2005-02-23,0.009615,0.009617,0.009526,0.009557
2005-02-24,0.009541,0.009569,0.009481,0.009501
2005-02-25,0.0095,0.009531,0.009481,0.009512
2005-02-28,0.009515,0.009616,0.009506,0.009577
2005-03-01,0.009567,0.009609,0.009552,0.009594
2005-03-02,0.009588,0.009589,0.009518,0.009554
2005-03-03,0.009553,0.009556,0.009494,0.009505
2005-03-04,0.009503,0.00959,0.009472,0.009559
2005-03-07,0.009547,0.009572,0.009495,0.009507
2005-03-08,0.009515,0.009588,0.009512,0.009552
2005-03-09,0.009567,0.009651,0.009549,0.009629
2005-03-10,0.009616,0.009645,0.009585,0.009606
2005-03-11,0.00968,0.009714,0.009661,0.009695
2005-03-14,0.009695,0.009715,0.009577,0.009601
2005-03-15,0.009604,0.009673,0.009594,0.009638
2005-03-16,0.009637,0.009695,0.009622,0.00967
2005-03-17,0.009666,0.009671,0.009601,0.009627
2005-03-18,0.009631,0.009635,0.009585,0.009612
2005-03-21,0.00962,0.00962,0.009544,0.009581
2005-03-22,0.009573,0.009603,0.009518,0.009548
2005-03-23,0.009536,0.009564,0.009481,0.009496
2005-03-24,0.009502,0.009515,0.009444,0.009469
2005-03-28,0.009459,0.009462,0.009373,0.009389
2005-03-29,0.009382,0.00941,0.009351,0.009361
2005-03-30,0.009372,0.009394,0.009343,0.009355
2005-03-31,0.009355,0.009433,0.009352,0.009383
2005-04-01,0.009385,0.009425,0.009331,0.009348
2005-04-04,0.009341,0.00935,0.009277,0.009295
2005-04-05,0.00929,0.009306,0.009237,0.009305
2005-04-06,0.009299,0.009325,0.009245,0.009261
2005-04-07,0.009252,0.009302,0.009241,0.009255
2005-04-08,0.009251,0.009291,0.009233,0.009283
2005-04-11,0.009282,0.009339,0.009262,0.009333
2005-04-12,0.009318,0.009348,0.009265,0.009332
2005-04-13,0.009327,0.009381,0.00932,0.00936
2005-04-14,0.009362,0.009368,0.009268,0.009294
2005-04-15,0.009282,0.009349,0.009256,0.009325
2005-04-18,0.009328,0.009367,0.009297,0.009343
2005-04-19,0.009355,0.009415,0.009343,0.009396
2005-04-20,0.009402,0.009425,0.009345,0.009401
2005-04-21,0.009395,0.009413,0.009349,0.009397
2005-04-22,0.009382,0.009495,0.009382,0.00948
2005-04-25,0.00951,0.00952,0.009467,0.009504
2005-04-26,0.009495,0.00951,0.009457,0.009476
2005-04-27,0.009462,0.009499,0.009433,0.009498
2005-04-28,0.009475,0.009508,0.00944,0.009467
2005-04-29,0.009456,0.009593,0.009456,0.009569
2005-05-02,0.009557,0.009562,0.009515,0.009558
2005-05-03,0.009542,0.009566,0.009523,0.009549
2005-05-04,0.009546,0.009627,0.009546,0.009603
2005-05-05,0.009596,0.009624,0.009583,0.009608
2005-05-06,0.009601,0.009603,0.009543,0.00956
2005-05-09,0.009545,0.009546,0.00949,0.009504
2005-05-10,0.009493,0.009517,0.009465,0.009513
2005-05-11,0.0095,0.00956,0.009464,0.009484
2005-05-12,0.009475,0.009484,0.009377,0.009397
2005-05-13,0.009384,0.009398,0.009331,0.009343
2005-05-16,0.009334,0.009395,0.009299,0.009371
2005-05-17,0.009372,0.009405,0.00932,0.009346
2005-05-18,0.00933,0.009388,0.009298,0.009385
2005-05-19,0.009362,0.009368,0.009305,0.009314
2005-05-20,0.009308,0.009333,0.009251,0.009265
2005-05-23,0.00926,0.009315,0.00925,0.009307
2005-05-24,0.009304,0.009341,0.009293,0.009322
2005-05-25,0.009305,0.009336,0.009283,0.009298
2005-05-26,0.0093,0.009303,0.009246,0.009274
2005-05-27,0.009273,0.009294,0.009262,0.009277
2005-05-31,0.009289,0.009295,0.009219,0.009227
2005-06-01,0.009228,0.009256,0.009194,0.00922
2005-06-02,0.009218,0.009259,0.009199,0.009253
2005-06-03,0.009246,0.009311,0.009243,0.009283
2005-06-06,0.009292,0.009377,0.009279,0.009364
2005-06-07,0.009357,0.009394,0.009347,0.009388
2005-06-08,0.009384,0.009391,0.009315,0.009332
2005-06-09,0.00933,0.009339,0.009248,0.009307
2005-06-10,0.009392,0.009403,0.009286,0.009296
2005-06-13,0.009288,0.009305,0.009201,0.009209
2005-06-14,0.009208,0.009251,0.009206,0.009223
2005-06-15,0.009216,0.009245,0.009195,0.009232
2005-06-16,0.009239,0.009284,0.00922,0.009249
2005-06-17,0.009257,0.009296,0.009247,0.009283
2005-06-20,0.009292,0.009292,0.009202,0.009221
2005-06-21,0.00923,0.009324,0.00921,0.00932
2005-06-22,0.009312,0.009312,0.00924,0.00927
2005-06-23,0.009262,0.009298,0.009251,0.009256
2005-06-24,0.009253,0.009258,0.009215,0.009238
2005-06-27,0.009236,0.009236,0.00921,0.009226
2005-06-28,0.009226,0.00923,0.009157,0.009174
2005-06-29,0.00917,0.009185,0.009108,0.009129
2005-06-30,0.009122,0.009158,0.009076,0.009092
2005-07-01,0.009081,0.009108,0.00901,0.009026
2005-07-05,0.009013,0.009049,0.008982,0.009019
2005-07-06,0.00902,0.009037,0.008969,0.008976
2005-07-07,0.008973,0.00903,0.008965,0.008989
2005-07-08,0.008986,0.009006,0.008942,0.008977
2005-07-11,0.008977,0.009014,0.008968,0.009006
2005-07-12,0.009008,0.009089,0.009004,0.009081
2005-07-13,0.009075,0.009077,0.008963,0.008996
2005-07-14,0.008993,0.009012,0.008953,0.008964
2005-07-15,0.008967,0.009002,0.008951,0.008966
2005-07-18,0.008974,0.009023,0.008955,0.008997
2005-07-19,0.008988,0.008994,0.008904,0.008927
2005-07-20,0.008923,0.008944,0.008844,0.008924
2005-07-21,0.008914,0.009152,0.008911,0.009109
2005-07-22,0.009115,0.009115,0.009021,0.009041
2005-07-25,0.00903,0.009033,0.008977,0.009025
2005-07-26,0.00902,0.009024,0.008925,0.008947
2005-07-27,0.008936,0.008964,0.008912,0.008955
2005-07-28,0.008934,0.008975,0.008904,0.008964
2005-07-29,0.008965,0.008977,0.00893,0.00894
2005-08-01,0.008929,0.008994,0.00891,0.00896
2005-08-02,0.00894,0.009043,0.00894,0.009015
2005-08-03,0.009016,0.009052,0.008976,0.009051
2005-08-04,0.009034,0.009068,0.008997,0.009025
2005-08-05,0.009027,0.009037,0.008951,0.008965
2005-08-08,0.008951,0.009002,0.008915,0.008961
2005-08-09,0.008951,0.008991,0.008946,0.008968
2005-08-10,0.008975,0.009094,0.008973,0.009079
2005-08-11,0.009072,0.00916,0.009065,0.009134
2005-08-12,0.009148,0.009181,0.009128,0.009173
2005-08-15,0.009171,0.009189,0.009137,0.009187
2005-08-16,0.009185,0.009201,0.009148,0.009159
2005-08-17,0.009153,0.009171,0.009113,0.009126
2005-08-18,0.009135,0.009138,0.009061,0.009072
2005-08-19,0.009075,0.009092,0.009048,0.009084
2005-08-22,0.009074,0.009166,0.009072,0.009142
2005-08-23,0.009133,0.009149,0.009101,0.009132
2005-08-24,0.009123,0.009124,0.009053,0.009104
2005-08-25,0.009091,0.009131,0.009076,0.009117
2005-08-26,0.009108,0.009164,0.009078,0.009095
2005-08-29,0.009099,0.009122,0.009052,0.009058
2005-08-30,0.009054,0.009069,0.008977,0.009006
2005-08-31,0.009005,0.009077,0.008963,0.009054
2005-09-01,0.00905,0.009137,0.009027,0.009121
2005-09-02,0.00912,0.00917,0.009101,0.009125
2005-09-06,0.009125,0.009208,0.009116,0.00914
2005-09-07,0.009131,0.00915,0.009078,0.009084
2005-09-08,0.009093,0.009099,0.009047,0.009056
2005-09-09,0.009055,0.009141,0.009036,0.009113
2005-09-12,0.009157,0.009168,0.009066,0.009078
2005-09-13,0.009067,0.009088,0.009,0.009042
2005-09-14,0.009033,0.009105,0.009028,0.009065
2005-09-15,0.009064,0.009076,0.009032,0.009035
2005-09-16,0.009124,0.009142,0.009058,0.009066
2005-09-19,0.009065,0.009084,0.009041,0.009056
2005-09-20,0.009056,0.009086,0.009015,0.009023
2005-09-21,0.009017,0.009097,0.009009,0.009065
2005-09-22,0.009073,0.009088,0.009025,0.009035
2005-09-23,0.009037,0.009084,0.008969,0.008981
2005-09-26,0.008974,0.009003,0.008963,0.008991
2005-09-27,0.008995,0.008996,0.008887,0.008908
2005-09-28,0.008908,0.00894,0.008894,0.008916
2005-09-29,0.008921,0.008953,0.008909,0.008926
2005-09-30,0.008916,0.008932,0.008872,0.008877
2005-10-03,0.008886,0.008893,0.008818,0.008831
2005-10-04,0.008838,0.008845,0.008816,0.008828
2005-10-05,0.008822,0.008877,0.008814,0.008847
2005-10-06,0.008861,0.008918,0.008828,0.008905
2005-10-07,0.008896,0.008897,0.008839,0.008846
2005-10-10,0.008852,0.008876,0.008817,0.008831
2005-10-11,0.008829,0.008854,0.008791,0.008795
2005-10-12,0.008805,0.008819,0.008778,0.008813
2005-10-13,0.00881,0.00882,0.008751,0.008798
2005-10-14,0.008797,0.008847,0.008767,0.008837
2005-10-17,0.008824,0.008853,0.008758,0.008768
2005-10-18,0.00876,0.008761,0.008685,0.008705
2005-10-19,0.008709,0.008736,0.008681,0.008729
2005-10-20,0.008728,0.008732,0.008694,0.008718
2005-10-21,0.008728,0.008754,0.008677,0.008679
2005-10-24,0.00869,0.008746,0.008678,0.008709
2005-10-25,0.008728,0.00878,0.008693,0.008756
2005-10-26,0.00875,0.008755,0.008677,0.008688
2005-10-27,0.00868,0.008757,0.008653,0.008711
2005-10-28,0.008712,0.008738,0.008692,0.008696
2005-10-31,0.008694,0.008704,0.008634,0.008642
2005-11-01,0.008625,0.008635,0.008609,0.008617
2005-11-02,0.008614,0.008623,0.008591,0.008602
2005-11-03,0.008599,0.008605,0.008561,0.008573
2005-11-04,0.008574,0.008574,0.008491,0.008499
2005-11-07,0.008492,0.008554,0.008488,0.008548
2005-11-08,0.008535,0.00858,0.008516,0.00857
2005-11-09,0.008564,0.008593,0.008528,0.008543
2005-11-10,0.008544,0.008565,0.008492,0.008496
2005-11-11,0.008501,0.008536,0.008496,0.008496
2005-11-14,0.008507,0.008519,0.008443,0.008455
2005-11-15,0.008454,0.008457,0.008406,0.00844
2005-11-16,0.008442,0.008448,0.008394,0.00843
2005-11-17,0.00842,0.008469,0.008412,0.008457
2005-11-18,0.008443,0.008452,0.008404,0.008419
2005-11-21,0.00842,0.008461,0.008396,0.008435
2005-11-22,0.008426,0.008452,0.008391,0.008439
2005-11-23,0.008446,0.008485,0.008427,0.008443
2005-11-25,0.008443,0.008456,0.008375,0.00838
2005-11-28,0.008378,0.008471,0.008358,0.008452
2005-11-29,0.008435,0.008438,0.008372,0.008384
2005-11-30,0.008372,0.008406,0.008362,0.008365
2005-12-01,0.008363,0.008371,0.008298,0.008318
2005-12-02,0.008311,0.008335,0.008263,0.008309
2005-12-05,0.008277,0.008299,0.008252,0.008293
2005-12-06,0.008283,0.008295,0.008259,0.008292
2005-12-07,0.00829,0.008306,0.008263,0.008276
2005-12-08,0.00827,0.008344,0.008267,0.008319
2005-12-09,0.00831,0.008319,0.008288,0.008298
2005-12-12,0.008289,0.008374,0.008267,0.008355
2005-12-13,0.008355,0.008365,0.008307,0.008342
2005-12-14,0.008337,0.008574,0.008325,0.008526
2005-12-15,0.00851,0.008636,0.008498,0.008599
2005-12-16,0.008688,0.00874,0.008673,0.008733
2005-12-19,0.00874,0.008747,0.008667,0.008712
2005-12-20,0.008692,0.008713,0.008612,0.008629
2005-12-21,0.008621,0.008648,0.00859,0.008614
2005-12-22,0.008605,0.008673,0.008582,0.008663
2005-12-23,0.008658,0.008694,0.008637,0.008688
2005-12-27,0.008676,0.008676,0.008593,0.008597
2005-12-28,0.008594,0.008627,0.008556,0.008564
2005-12-29,0.008562,0.008569,0.008548,0.00856
2005-12-30,0.008559,0.00862,0.008534,0.008551
2006-01-03,0.008551,0.008694,0.008551,0.008689
2006-01-04,0.008677,0.008723,0.008659,0.008693
2006-01-05,0.008682,0.008708,0.008654,0.008697
2006-01-06,0.008687,0.008824,0.008666,0.00881
2006-01-09,0.0088,0.008862,0.008782,0.008807
2006-01-10,0.008797,0.008831,0.008778,0.008804
2006-01-11,0.008805,0.008845,0.00877,0.008828
2006-01-12,0.00882,0.00888,0.008793,0.008822
2006-01-13,0.00879,0.008823,0.008773,0.008818
2006-01-16,0.00882,0.008849,0.008748,0.008765
2006-01-17,0.00882,0.008849,0.008684,0.008715
2006-01-18,0.008723,0.008769,0.008686,0.008739
2006-01-19,0.008735,0.008756,0.008707,0.008716
2006-01-20,0.008713,0.008753,0.008698,0.008731
2006-01-23,0.008733,0.008814,0.008727,0.008789
2006-01-24,0.008783,0.008797,0.008759,0.008782
2006-01-25,0.008757,0.008774,0.008671,0.008702
2006-01-26,0.008684,0.008709,0.008628,0.008643
2006-01-27,0.008632,0.008658,0.00856,0.008572
2006-01-30,0.008572,0.008592,0.008532,0.008545
2006-01-31,0.008547,0.008614,0.008534,0.008563
2006-02-01,0.008573,0.008585,0.008504,0.008521
2006-02-02,0.008511,0.008522,0.008467,0.008481
2006-02-03,0.008473,0.008489,0.008413,0.008443
2006-02-06,0.008446,0.008478,0.008432,0.008438
2006-02-07,0.008439,0.00854,0.008427,0.008499
2006-02-08,0.008527,0.008543,0.008451,0.008466
2006-02-09,0.008469,0.008485,0.008441,0.008443
2006-02-10,0.008447,0.008586,0.008438,0.008509
2006-02-13,0.008518,0.008539,0.008485,0.008526
2006-02-14,0.008521,0.008567,0.00852,0.008544
2006-02-15,0.008544,0.008593,0.008493,0.008511
2006-02-16,0.00851,0.008532,0.008478,0.008511
2006-02-17,0.008524,0.008548,0.008435,0.008477
2006-02-20,0.008478,0.008503,0.008475,0.00848
2006-02-21,0.008478,0.008503,0.008424,0.008448
2006-02-22,0.008439,0.008473,0.00843,0.008452
2006-02-23,0.008463,0.008581,0.008456,0.008554
2006-02-24,0.00856,0.008605,0.00855,0.008572
2006-02-27,0.00856,0.00867,0.00855,0.008624
2006-02-28,0.008616,0.008657,0.008599,0.008655
2006-03-01,0.008653,0.008674,0.008609,0.008623
2006-03-02,0.008631,0.008647,0.008598,0.008643
2006-03-03,0.008637,0.008663,0.008569,0.008595
2006-03-06,0.0086,0.008625,0.008504,0.008517
2006-03-07,0.008506,0.008526,0.008476,0.008486
2006-03-08,0.008492,0.008528,0.008477,0.008489
2006-03-09,0.008492,0.008542,0.008446,0.008458
2006-03-10,0.00857,0.008588,0.008504,0.008509
2006-03-13,0.008519,0.008532,0.008499,0.008516
2006-03-14,0.008533,0.008639,0.008528,0.008625
2006-03-15,0.008613,0.008647,0.008599,0.008634
2006-03-16,0.008623,0.00867,0.008588,0.008666
2006-03-17,0.00866,0.00875,0.008652,0.008739
2006-03-20,0.008723,0.008762,0.008691,0.008707
2006-03-21,0.008697,0.008707,0.008606,0.00864
2006-03-22,0.008645,0.008681,0.00862,0.008656
2006-03-23,0.008643,0.008665,0.008575,0.008577
2006-03-24,0.008582,0.008615,0.008536,0.008607
2006-03-27,0.0086,0.008688,0.008596,0.008666
2006-03-28,0.008661,0.008697,0.008564,0.008573
2006-03-29,0.008585,0.008606,0.008552,0.00858
2006-03-30,0.008578,0.00863,0.008568,0.008614
2006-03-31,0.008614,0.008628,0.008552,0.008585
2006-04-03,0.008583,0.008594,0.008505,0.008585
2006-04-04,0.00858,0.008618,0.008565,0.008605
2006-04-05,0.008595,0.008658,0.008576,0.00861
2006-04-06,0.008602,0.008611,0.008559,0.00858
2006-04-07,0.008572,0.008598,0.008527,0.008535
2006-04-10,0.00854,0.008563,0.008505,0.008516
2006-04-11,0.008532,0.008541,0.008489,0.008526
2006-04-12,0.00853,0.008566,0.008508,0.008512
2006-04-13,0.008515,0.008528,0.008489,0.008514
2006-04-17,0.008515,0.008582,0.008492,0.008561
2006-04-18,0.008561,0.008615,0.00853,0.008598
2006-04-19,0.008617,0.008638,0.008548,0.008598
2006-04-20,0.008596,0.008598,0.008549,0.008575
2006-04-21,0.008581,0.008647,0.008557,0.008632
2006-04-24,0.008703,0.008822,0.008699,0.008812
2006-04-25,0.008782,0.008815,0.008761,0.008778
2006-04-26,0.008773,0.00879,0.00873,0.008786
2006-04-27,0.008773,0.008848,0.008747,0.008828
2006-04-28,0.00882,0.00886,0.008795,0.008852
2006-05-01,0.008852,0.008957,0.008836,0.008883
2006-05-02,0.008856,0.008897,0.008822,0.008892
2006-05-03,0.008873,0.008912,0.008834,0.008854
2006-05-04,0.008855,0.008883,0.00881,0.008864
2006-05-05,0.008863,0.008962,0.008815,0.008949
2006-05-08,0.008986,0.009062,0.008966,0.009006
2006-05-09,0.008999,0.009071,0.008985,0.009049
2006-05-10,0.009053,0.009133,0.009038,0.009121
2006-05-11,0.009087,0.009129,0.009012,0.0091
2006-05-12,0.009078,0.009194,0.009074,0.009126
2006-05-15,0.009163,0.00919,0.009086,0.009117
2006-05-16,0.009098,0.009161,0.009062,0.009154
2006-05-17,0.009158,0.009217,0.009023,0.009054
2006-05-18,0.009032,0.009102,0.009026,0.009055
2006-05-19,0.009062,0.009092,0.008944,0.008986
2006-05-22,0.008977,0.00902,0.008888,0.00901
2006-05-23,0.009005,0.009047,0.008961,0.00902
2006-05-24,0.008956,0.00899,0.008862,0.008905
2006-05-25,0.008884,0.008982,0.008868,0.008973
2006-05-26,0.00898,0.008998,0.008894,0.008897
2006-05-29,0.0089,0.008942,0.008899,0.008906
2006-05-30,0.0089,0.008982,0.008891,0.008943
2006-05-31,0.008942,0.008995,0.008896,0.008898
2006-06-01,0.008904,0.008924,0.008839,0.008895
2006-06-02,0.008899,0.009002,0.008872,0.008972
2006-06-05,0.008972,0.008992,0.008921,0.008943
2006-06-06,0.008928,0.008939,0.00882,0.008858
2006-06-07,0.008849,0.00887,0.00881,0.008827
2006-06-08,0.008827,0.008832,0.008726,0.008766
2006-06-09,0.00877,0.008816,0.008755,0.008786
2006-06-12,0.008774,0.008782,0.008735,0.008763
2006-06-13,0.008746,0.008758,0.008669,0.008681
2006-06-14,0.008678,0.008742,0.008671,0.008693
2006-06-15,0.0087,0.008725,0.008682,0.008699
2006-06-16,0.008823,0.008843,0.008792,0.0088
2006-06-19,0.00879,0.008796,0.008748,0.008777
2006-06-20,0.00877,0.008836,0.008759,0.008815
2006-06-21,0.008811,0.008854,0.008787,0.008818
2006-06-22,0.008818,0.008828,0.008704,0.008719
2006-06-23,0.008716,0.008743,0.00868,0.008687
2006-06-26,0.008689,0.008718,0.008682,0.0087
2006-06-27,0.008704,0.008733,0.008671,0.008704
2006-06-28,0.008702,0.008717,0.008685,0.008692
2006-06-29,0.008685,0.008805,0.008671,0.008792
2006-06-30,0.008791,0.008855,0.008773,0.008832
2006-07-03,0.008841,0.008861,0.008794,0.008809
2006-07-04,0.008817,0.008836,0.008806,0.008817
2006-07-05,0.008817,0.008836,0.008728,0.008736
2006-07-06,0.008735,0.008793,0.008732,0.008772
2006-07-07,0.008777,0.00888,0.008761,0.008861
2006-07-10,0.008866,0.008901,0.00883,0.008849
2006-07-11,0.00884,0.008863,0.008804,0.008846
2006-07-12,0.008836,0.008843,0.008723,0.008738
2006-07-13,0.00874,0.008774,0.008735,0.008751
2006-07-14,0.008744,0.008746,0.008667,0.00869
2006-07-17,0.008672,0.008685,0.008601,0.008608
2006-07-18,0.008614,0.008644,0.008578,0.008595
2006-07-19,0.0086,0.008647,0.008556,0.008631
2006-07-20,0.008629,0.00865,0.008612,0.008629
2006-07-21,0.008615,0.008703,0.008611,0.008674
2006-07-24,0.008675,0.008679,0.00862,0.008627
2006-07-25,0.008637,0.008648,0.008583,0.008602
2006-07-26,0.008601,0.008673,0.008598,0.008665
2006-07-27,0.008658,0.008735,0.008651,0.008695
2006-07-28,0.008697,0.008787,0.00868,0.008778
2006-07-31,0.008781,0.008818,0.008767,0.008784
2006-08-01,0.00878,0.008793,0.008725,0.008791
2006-08-02,0.008783,0.008813,0.008762,0.00879
2006-08-03,0.008777,0.008784,0.008725,0.008754
2006-08-04,0.008753,0.008827,0.008706,0.008796
2006-08-07,0.008809,0.008811,0.008733,0.00874
2006-08-08,0.008733,0.00878,0.008717,0.008749
2006-08-09,0.00872,0.008761,0.008687,0.008724
2006-08-10,0.008716,0.008765,0.008693,0.008719
2006-08-11,0.00872,0.00873,0.00863,0.008637
2006-08-14,0.008635,0.008651,0.008606,0.008607
2006-08-15,0.008613,0.008673,0.008607,0.00865
2006-08-16,0.008655,0.008688,0.008632,0.008669
2006-08-17,0.008668,0.008717,0.008642,0.008657
2006-08-18,0.008652,0.008697,0.008648,0.008665
2006-08-21,0.008672,0.008704,0.008655,0.008666
2006-08-22,0.008658,0.008658,0.00859,0.008609
2006-08-23,0.008612,0.008645,0.008604,0.008624
2006-08-24,0.008616,0.008638,0.008604,0.008612
2006-08-25,0.00861,0.008615,0.008541,0.008551
2006-08-28,0.008548,0.008582,0.008547,0.00856
2006-08-29,0.008556,0.008607,0.008554,0.008605
2006-08-30,0.008594,0.0086,0.008548,0.008558
2006-08-31,0.008558,0.008573,0.008528,0.008539
2006-09-01,0.008536,0.00856,0.00853,0.008557
2006-09-04,0.008565,0.008646,0.008562,0.008634
2006-09-05,0.008628,0.008668,0.008621,0.008641
2006-09-06,0.008626,0.008638,0.008568,0.008592
2006-09-07,0.008585,0.008633,0.008553,0.008604
2006-09-08,0.008599,0.008622,0.008554,0.008566
2006-09-11,0.008564,0.008583,0.008499,0.008514
2006-09-12,0.008504,0.00854,0.008471,0.008483
2006-09-13,0.008487,0.008528,0.00848,0.008511
2006-09-14,0.008512,0.008525,0.008493,0.008508
2006-09-15,0.008613,0.008635,0.008572,0.008606
2006-09-18,0.008619,0.00862,0.00856,0.008588
2006-09-19,0.008587,0.008654,0.008571,0.008611
2006-09-20,0.008602,0.008653,0.0086,0.008623
2006-09-21,0.008624,0.008706,0.008613,0.008696
2006-09-22,0.008691,0.008715,0.008674,0.008685
2006-09-25,0.008687,0.00871,0.008664,0.008688
2006-09-26,0.008677,0.008699,0.008626,0.008638
2006-09-27,0.008634,0.00865,0.008594,0.00861
2006-09-28,0.008607,0.008615,0.00857,0.00858
2006-09-29,0.008582,0.0086,0.00855,0.008559
2006-10-02,0.008558,0.008598,0.008535,0.00859
2006-10-03,0.008582,0.008608,0.008566,0.00857
2006-10-04,0.008565,0.008575,0.00854,0.008566
2006-10-05,0.008572,0.008598,0.008566,0.008579
2006-10-06,0.008575,0.008583,0.008476,0.008493
2006-10-09,0.008485,0.008497,0.008462,0.008493
2006-10-10,0.008474,0.008491,0.008427,0.00843
2006-10-11,0.008433,0.008457,0.008423,0.00843
2006-10-12,0.008432,0.008461,0.008423,0.008446
2006-10-13,0.008453,0.008472,0.008414,0.008433
2006-10-16,0.008429,0.008475,0.008419,0.008467
2006-10-17,0.008471,0.008507,0.008465,0.008478
2006-10-18,0.008509,0.008522,0.008461,0.00848
2006-10-19,0.008477,0.008539,0.008469,0.008532
2006-10-20,0.008525,0.008529,0.008483,0.008495
2006-10-23,0.008488,0.008499,0.00844,0.008448
2006-10-24,0.008444,0.008462,0.00842,0.008448
2006-10-25,0.008436,0.008474,0.008435,0.008467
2006-10-26,0.008459,0.008515,0.008459,0.008506
2006-10-27,0.008503,0.008596,0.008479,0.008562
2006-10-30,0.008562,0.00859,0.008559,0.008574
2006-10-31,0.008564,0.008631,0.008525,0.008608
2006-11-01,0.008609,0.00863,0.008587,0.008608
2006-11-02,0.008585,0.008622,0.00857,0.008588
2006-11-03,0.008584,0.008599,0.008511,0.008525
2006-11-06,0.00852,0.00854,0.00849,0.008503
2006-11-07,0.008505,0.008578,0.008502,0.008543
2006-11-08,0.008547,0.008565,0.00852,0.008541
2006-11-09,0.00853,0.008538,0.008474,0.008519
2006-11-10,0.00853,0.008576,0.008525,0.008544
2006-11-13,0.008553,0.008579,0.008494,0.008508
2006-11-14,0.008506,0.008569,0.008506,0.008548
2006-11-15,0.008544,0.008545,0.008498,0.008509
2006-11-16,0.008516,0.008527,0.008485,0.008496
2006-11-17,0.008493,0.008544,0.008474,0.00852
2006-11-20,0.00852,0.008523,0.008493,0.008501
2006-11-21,0.008501,0.008524,0.008485,0.008514
2006-11-22,0.008513,0.008622,0.008507,0.008589
2006-11-23,0.008593,0.008646,0.008587,0.008636
2006-11-24,0.008593,0.008677,0.008587,0.008656
2006-11-27,0.008686,0.008692,0.008615,0.008641
2006-11-28,0.008638,0.008652,0.008614,0.008636
2006-11-29,0.008624,0.008675,0.008607,0.008619
2006-11-30,0.008612,0.008677,0.008597,0.008656
2006-12-01,0.008655,0.008716,0.008609,0.008687
2006-12-04,0.008702,0.008704,0.00865,0.008686
2006-12-05,0.008688,0.008754,0.008679,0.008725
2006-12-06,0.008712,0.008745,0.008686,0.008692
2006-12-07,0.008681,0.008725,0.008677,0.008686
2006-12-08,0.008686,0.008713,0.008592,0.008596
2006-12-11,0.0086,0.008615,0.008537,0.008564
2006-12-12,0.008567,0.008577,0.008535,0.008561
2006-12-13,0.008575,0.008577,0.008506,0.008516
2006-12-14,0.008513,0.008529,0.008484,0.008488
2006-12-15,0.008599,0.00862,0.008555,0.00857
2006-12-18,0.008579,0.0086,0.008557,0.008566
2006-12-19,0.008565,0.008591,0.008543,0.008573
2006-12-20,0.00857,0.008579,0.008539,0.008551
2006-12-21,0.008542,0.008575,0.008534,0.008546
2006-12-22,0.008546,0.008555,0.0085,0.008504
2006-12-26,0.008503,0.008518,0.008481,0.008486
2006-12-27,0.008486,0.008548,0.008482,0.008515
2006-12-28,0.008512,0.008524,0.008486,0.008495
2006-12-29,0.008493,0.008508,0.008476,0.008484
2007-01-02,0.008493,0.008515,0.008492,0.0085
2007-01-03,0.008501,0.008512,0.008439,0.008463
2007-01-04,0.008456,0.008485,0.008447,0.008479
2007-01-05,0.00849,0.008555,0.008479,0.008511
2007-01-08,0.008505,0.008546,0.008494,0.008501
2007-01-09,0.008496,0.008503,0.008442,0.008456
2007-01-10,0.008453,0.00847,0.008424,0.008437
2007-01-11,0.008432,0.00844,0.00836,0.008377
2007-01-12,0.008374,0.008394,0.008353,0.008378
2007-01-16,0.008381,0.008399,0.008348,0.00836
2007-01-17,0.008356,0.008379,0.008341,0.008355
2007-01-18,0.008353,0.008365,0.008289,0.008314
2007-01-19,0.008315,0.008323,0.008295,0.008312
2007-01-22,0.008312,0.008314,0.008273,0.008286
2007-01-23,0.008281,0.008319,0.008276,0.008283
2007-01-24,0.00828,0.00835,0.008271,0.008329
2007-01-25,0.008316,0.008378,0.008302,0.008315
2007-01-26,0.008304,0.008306,0.008275,0.008282
2007-01-29,0.008286,0.008291,0.008238,0.008257
2007-01-30,0.008269,0.008288,0.008251,0.008276
2007-01-31,0.008271,0.008344,0.008267,0.008336
2007-02-01,0.008325,0.008377,0.008321,0.008338
2007-02-02,0.008329,0.008339,0.008288,0.008308
2007-02-05,0.0083,0.008366,0.0083,0.008359
2007-02-06,0.00836,0.008383,0.00834,0.008375
2007-02-07,0.008377,0.008377,0.008322,0.008333
2007-02-08,0.008332,0.008335,0.008276,0.008303
2007-02-09,0.008297,0.008301,0.008252,0.008261
2007-02-12,0.008232,0.008264,0.008229,0.008244
2007-02-13,0.008244,0.008298,0.008244,0.00829
2007-02-14,0.00829,0.008328,0.008277,0.008317
2007-02-15,0.008317,0.008423,0.008314,0.008412
2007-02-16,0.008419,0.008438,0.008397,0.008419
2007-02-19,0.008418,0.008418,0.008384,0.008388
2007-02-20,0.008418,0.008418,0.008339,0.008366
2007-02-21,0.008361,0.008383,0.008279,0.008301
2007-02-22,0.008301,0.008301,0.008246,0.008254
2007-02-23,0.008255,0.008294,0.008246,0.008287
2007-02-26,0.008287,0.008333,0.008283,0.008317
2007-02-27,0.008307,0.008535,0.008304,0.008482
2007-02-28,0.008486,0.008499,0.008436,0.008473
2007-03-01,0.008457,0.008568,0.008431,0.008523
2007-03-02,0.008521,0.008608,0.008504,0.008582
2007-03-05,0.008587,0.008701,0.008587,0.00865
2007-03-06,0.00869,0.008697,0.008582,0.008588
2007-03-07,0.008583,0.008636,0.008569,0.008607
2007-03-08,0.008644,0.008664,0.008523,0.008549
2007-03-09,0.008541,0.008551,0.008456,0.008474
2007-03-12,0.00846,0.00854,0.008447,0.008511
2007-03-13,0.008508,0.008606,0.008498,0.008589
2007-03-14,0.008611,0.008645,0.008545,0.008574
2007-03-15,0.008574,0.008574,0.008494,0.008504
2007-03-16,0.00861,0.008684,0.008609,0.008666
2007-03-19,0.008691,0.008702,0.008588,0.008602
2007-03-20,0.008604,0.008651,0.008569,0.008626
2007-03-21,0.008623,0.008633,0.008574,0.00861
2007-03-22,0.008605,0.008622,0.008545,0.008556
2007-03-23,0.008561,0.008611,0.008549,0.008563
2007-03-26,0.008567,0.008594,0.008535,0.008563
2007-03-27,0.00856,0.008588,0.008537,0.008569
2007-03-28,0.00858,0.008684,0.008564,0.008646
2007-03-29,0.008642,0.008658,0.008554,0.008562
2007-03-30,0.008554,0.008618,0.00853,0.008575
2007-04-02,0.008592,0.008599,0.008553,0.008574
2007-04-03,0.008569,0.008579,0.008487,0.008494
2007-04-04,0.008492,0.008518,0.008479,0.008508
2007-04-05,0.008504,0.008523,0.008481,0.008506
2007-04-06,0.008502,0.008504,0.008447,0.008457
2007-04-09,0.008458,0.008467,0.008451,0.008457
2007-04-10,0.00846,0.008496,0.008455,0.008469
2007-04-11,0.008473,0.008486,0.008438,0.008456
2007-04-12,0.008451,0.008489,0.008439,0.008469
2007-04-13,0.008466,0.008529,0.008432,0.008464
2007-04-16,0.008448,0.008474,0.00841,0.008418
2007-04-17,0.008421,0.008484,0.008412,0.008477
2007-04-18,0.008477,0.008534,0.008467,0.008498
2007-04-19,0.008502,0.008567,0.008495,0.008512
2007-04-20,0.008508,0.008519,0.008468,0.008485
2007-04-23,0.00849,0.00852,0.008461,0.008492
2007-04-24,0.008492,0.008518,0.008467,0.008487
2007-04-25,0.008493,0.008514,0.008473,0.008484
2007-04-26,0.008482,0.008491,0.008409,0.008414
2007-04-27,0.008413,0.008466,0.008402,0.008411
2007-04-30,0.008426,0.008443,0.008403,0.008417
2007-05-01,0.008422,0.008447,0.00839,0.008401
2007-05-02,0.008396,0.008418,0.00836,0.008371
2007-05-03,0.008366,0.008381,0.008346,0.00835
2007-05-04,0.00835,0.008387,0.008346,0.00837
2007-05-07,0.008372,0.008393,0.008363,0.008373
2007-05-08,0.008373,0.008411,0.008369,0.008381
2007-05-09,0.008374,0.008403,0.008366,0.008372
2007-05-10,0.00837,0.008385,0.008335,0.00837
2007-05-11,0.008385,0.008409,0.008356,0.008362
2007-05-14,0.008354,0.008368,0.008339,0.008351
2007-05-15,0.008343,0.008361,0.00833,0.008352
2007-05-16,0.008355,0.008358,0.008312,0.008317
2007-05-17,0.008313,0.008318,0.008272,0.008278
2007-05-18,0.008278,0.008317,0.008269,0.008284
2007-05-21,0.008294,0.008298,0.008252,0.008264
2007-05-22,0.008261,0.008279,0.008253,0.008256
2007-05-23,0.008255,0.008271,0.008232,0.008247
2007-05-24,0.00825,0.008272,0.008241,0.008261
2007-05-25,0.008261,0.0083,0.008236,0.008239
2007-05-29,0.008237,0.008274,0.00823,0.008249
2007-05-30,0.008241,0.008265,0.008232,0.008245
2007-05-31,0.008238,0.00825,0.008214,0.008234
2007-06-01,0.00823,0.008235,0.008202,0.00821
2007-06-04,0.008204,0.008243,0.008204,0.008224
2007-06-05,0.008229,0.00827,0.008214,0.008256
2007-06-06,0.008255,0.008287,0.008243,0.008276
2007-06-07,0.008272,0.008289,0.008236,0.008267
2007-06-08,0.008276,0.008289,0.008212,0.008227
2007-06-11,0.008221,0.008237,0.008215,0.008217
2007-06-12,0.008224,0.00823,0.008213,0.008218
2007-06-13,0.008224,0.008235,0.00815,0.008161
2007-06-14,0.008155,0.008162,0.008123,0.008133
2007-06-15,0.00823,0.008231,0.008181,0.008196
2007-06-18,0.008195,0.008204,0.008174,0.008185
2007-06-19,0.00818,0.008203,0.008176,0.008198
2007-06-20,0.008197,0.008216,0.008177,0.008185
2007-06-21,0.008188,0.00819,0.008169,0.008175
2007-06-22,0.008172,0.008172,0.008142,0.008162
2007-06-25,0.00816,0.008198,0.008155,0.008176
2007-06-26,0.008174,0.00823,0.008171,0.008199
2007-06-27,0.0082,0.008267,0.0082,0.008254
2007-06-28,0.008226,0.00823,0.008183,0.0082
2007-06-29,0.008198,0.008214,0.008174,0.008201
2007-07-02,0.0082,0.008271,0.00819,0.008255
2007-07-03,0.008249,0.00827,0.00823,0.008256
2007-07-05,0.008243,0.008261,0.008204,0.008215
2007-07-06,0.008208,0.008215,0.008167,0.008179
2007-07-09,0.008179,0.008189,0.008158,0.00818
2007-07-10,0.008178,0.008278,0.00817,0.008268
2007-07-11,0.008311,0.008337,0.008233,0.008267
2007-07-12,0.008236,0.008275,0.008223,0.008236
2007-07-13,0.008238,0.00827,0.008222,0.008262
2007-07-16,0.008266,0.008295,0.00825,0.008276
2007-07-17,0.008271,0.008283,0.008232,0.008236
2007-07-18,0.008246,0.00829,0.008241,0.008269
2007-07-19,0.008265,0.008275,0.008245,0.008254
2007-07-20,0.00825,0.008334,0.008226,0.008307
2007-07-23,0.008266,0.008338,0.00824,0.008302
2007-07-24,0.008317,0.00839,0.008312,0.008365
2007-07-25,0.008378,0.008406,0.008346,0.008356
2007-07-26,0.008356,0.008492,0.008337,0.008486
2007-07-27,0.008512,0.008516,0.008436,0.008474
2007-07-30,0.008488,0.008526,0.008445,0.008471
2007-07-31,0.008444,0.008495,0.00842,0.008469
2007-08-01,0.008491,0.008555,0.008455,0.008487
2007-08-02,0.008464,0.008498,0.008424,0.008445
2007-08-03,0.008439,0.008527,0.008427,0.008492
2007-08-06,0.008542,0.00858,0.008441,0.00849
2007-08-07,0.00846,0.008476,0.008451,0.008476
2007-08-08,0.00846,0.008465,0.008388,0.008397
2007-08-09,0.008401,0.008507,0.008389,0.008495
2007-08-10,0.008505,0.008574,0.008462,0.008494
2007-08-13,0.008489,0.008537,0.008473,0.008488
2007-08-14,0.008504,0.008545,0.008477,0.008528
2007-08-15,0.00854,0.00862,0.008537,0.008589
2007-08-16,0.008631,0.008964,0.0086,0.008875
2007-08-17,0.008792,0.008995,0.008736,0.008806
2007-08-20,0.008776,0.00883,0.008688,0.008739
2007-08-21,0.00874,0.008802,0.008708,0.008773
2007-08-22,0.008777,0.008803,0.00869,0.008722
2007-08-23,0.008695,0.008695,0.008563,0.008653
2007-08-24,0.008625,0.008682,0.00861,0.00863
2007-08-27,0.00862,0.008657,0.008588,0.008636
2007-08-28,0.008665,0.008779,0.008661,0.008753
2007-08-29,0.008774,0.008805,0.008626,0.008683
2007-08-30,0.008632,0.008699,0.008628,0.008659
2007-08-31,0.008645,0.008678,0.008594,0.008645
2007-09-03,0.008654,0.008663,0.00863,0.008651
2007-09-04,0.008654,0.008687,0.008604,0.008622
2007-09-05,0.008617,0.008712,0.008601,0.008702
2007-09-06,0.0087,0.008721,0.008664,0.008685
2007-09-07,0.008674,0.00885,0.008654,0.008835
2007-09-10,0.008867,0.00889,0.008779,0.008815
2007-09-11,0.008811,0.008827,0.008745,0.008758
2007-09-12,0.008751,0.008795,0.008748,0.008759
2007-09-13,0.008759,0.008764,0.00861,0.008675
2007-09-14,0.008784,0.008846,0.008764,0.008784
2007-09-17,0.008784,0.008822,0.008765,0.008784
2007-09-18,0.00879,0.00881,0.008684,0.008735
2007-09-19,0.008711,0.008738,0.008686,0.008704
2007-09-20,0.008709,0.008861,0.0087,0.008826
2007-09-21,0.008807,0.008814,0.008716,0.008751
2007-09-24,0.008754,0.00881,0.008749,0.008793
2007-09-25,0.00879,0.008857,0.008782,0.008817
2007-09-26,0.008807,0.008816,0.008722,0.008746
2007-09-27,0.008739,0.008768,0.008709,0.008731
2007-09-28,0.008734,0.008802,0.008726,0.008797
2007-10-01,0.0088,0.0088,0.008693,0.008719
2007-10-02,0.00872,0.008752,0.008699,0.008711
2007-10-03,0.008722,0.008731,0.008638,0.008646
2007-10-04,0.008638,0.008674,0.008636,0.008657
2007-10-05,0.008664,0.008667,0.008597,0.008623
2007-10-08,0.008622,0.008624,0.008575,0.008586
2007-10-09,0.008588,0.008632,0.008585,0.008604
2007-10-10,0.00861,0.008619,0.008578,0.008599
2007-10-11,0.008603,0.008613,0.008554,0.008595
2007-10-12,0.008592,0.008602,0.008529,0.008569
2007-10-15,0.00857,0.008602,0.008541,0.008596
2007-10-16,0.00858,0.008651,0.008576,0.008632
2007-10-17,0.00862,0.00867,0.008593,0.008642
2007-10-18,0.008632,0.008734,0.008632,0.008706
2007-10-19,0.008707,0.008792,0.008699,0.008768
2007-10-22,0.008816,0.008887,0.008777,0.008818
2007-10-23,0.008788,0.008815,0.008749,0.008773
2007-10-24,0.008775,0.008841,0.008751,0.008816
2007-10-25,0.008814,0.008841,0.008778,0.008818
2007-10-26,0.008811,0.008829,0.008778,0.008804
2007-10-29,0.008804,0.008821,0.00875,0.008774
2007-10-30,0.008769,0.00879,0.008742,0.008757
2007-10-31,0.00877,0.008778,0.008703,0.008716
2007-11-01,0.008721,0.008779,0.008669,0.008746
2007-11-02,0.008772,0.008787,0.008701,0.008763
2007-11-05,0.00876,0.008812,0.008751,0.008785
2007-11-06,0.008777,0.008793,0.008753,0.008767
2007-11-07,0.00876,0.008925,0.008751,0.008897
2007-11-08,0.008936,0.008946,0.008856,0.008935
2007-11-09,0.008917,0.009086,0.008895,0.009054
2007-11-12,0.009086,0.0092,0.009061,0.009123
2007-11-13,0.009165,0.00917,0.009044,0.009072
2007-11-14,0.009053,0.009062,0.008981,0.008995
2007-11-15,0.009023,0.009107,0.008984,0.009085
2007-11-16,0.009089,0.009141,0.009012,0.009055
2007-11-19,0.00905,0.009142,0.009032,0.009131
2007-11-20,0.009136,0.009157,0.009067,0.009142
2007-11-21,0.00912,0.009262,0.009115,0.00923
2007-11-22,0.009235,0.009257,0.009184,0.009246
2007-11-23,0.009235,0.009322,0.009184,0.009261
2007-11-26,0.009265,0.00935,0.009214,0.009294
2007-11-27,0.009325,0.009343,0.009183,0.009232
2007-11-28,0.009204,0.009257,0.009073,0.009114
2007-11-29,0.009115,0.009153,0.009083,0.009123
2007-11-30,0.009119,0.009135,0.009004,0.009012
2007-12-03,0.00902,0.009095,0.009015,0.009067
2007-12-04,0.009065,0.009141,0.009059,0.009111
2007-12-05,0.009115,0.009123,0.009023,0.009056
2007-12-06,0.009029,0.009048,0.00898,0.008985
2007-12-07,0.008997,0.009004,0.008943,0.008961
2007-12-10,0.00897,0.008988,0.008944,0.008962
2007-12-11,0.008958,0.009057,0.008923,0.009027
2007-12-12,0.009039,0.00904,0.008895,0.008919
2007-12-13,0.008913,0.008978,0.008894,0.008915
2007-12-14,0.009001,0.009002,0.008895,0.008911
2007-12-17,0.008918,0.008957,0.0089,0.008943
2007-12-18,0.008949,0.008963,0.0089,0.008917
2007-12-19,0.00891,0.00896,0.008898,0.008909
2007-12-20,0.008906,0.008948,0.008901,0.008927
2007-12-21,0.008917,0.008935,0.008838,0.008849
2007-12-24,0.008849,0.008855,0.008816,0.008818
2007-12-26,0.008834,0.008853,0.008823,0.008831
2007-12-27,0.008827,0.008877,0.008792,0.008866
2007-12-28,0.008854,0.008981,0.008839,0.008936
2007-12-31,0.008965,0.009048,0.008945,0.009013
2008-01-02,0.00903,0.009226,0.009022,0.009207
2008-01-03,0.009184,0.009308,0.009179,0.009215
2008-01-04,0.009201,0.009337,0.009192,0.009287
2008-01-07,0.009291,0.009293,0.009179,0.009238
2008-01-08,0.00922,0.009251,0.009168,0.009206
2008-01-09,0.009242,0.009251,0.009142,0.009195
2008-01-10,0.009152,0.009223,0.009139,0.009185
2008-01-11,0.009195,0.009262,0.009169,0.009237
2008-01-14,0.009253,0.009367,0.009231,0.009288
2008-01-15,0.00929,0.009433,0.009282,0.009394
2008-01-16,0.009406,0.009493,0.009314,0.009342
2008-01-17,0.009351,0.009436,0.009318,0.009392
2008-01-18,0.00943,0.009449,0.00934,0.009394
2008-01-22,0.009406,0.009514,0.00938,0.00943
2008-01-23,0.009414,0.009563,0.009349,0.009493
2008-01-24,0.00941,0.009472,0.009363,0.009398
2008-01-25,0.009367,0.009404,0.009302,0.00938
2008-01-28,0.009405,0.009468,0.009376,0.009397
2008-01-29,0.009374,0.009432,0.009355,0.00938
2008-01-30,0.009374,0.009447,0.009336,0.009382
2008-01-31,0.009445,0.00949,0.009385,0.009425
2008-02-01,0.009424,0.009484,0.00939,0.009422
2008-02-04,0.009417,0.009418,0.009366,0.009398
2008-02-05,0.009401,0.009405,0.009308,0.009379
2008-02-06,0.00939,0.009446,0.009389,0.009409
2008-02-07,0.009418,0.009466,0.009296,0.009331
2008-02-08,0.009334,0.009355,0.009304,0.009336
2008-02-11,0.009343,0.009427,0.00931,0.009373
2008-02-12,0.009376,0.009388,0.00932,0.009338
2008-02-13,0.009344,0.009369,0.009247,0.009264
2008-02-14,0.009264,0.009299,0.009226,0.009285
2008-02-15,0.00929,0.009343,0.009251,0.009308
2008-02-19,0.009291,0.009348,0.009249,0.009312
2008-02-20,0.009291,0.009323,0.009244,0.009262
2008-02-21,0.00927,0.00935,0.009246,0.009328
2008-02-22,0.009332,0.009386,0.009311,0.009368
2008-02-25,0.009334,0.009346,0.009253,0.009267
2008-02-26,0.009266,0.009343,0.00926,0.009337
2008-02-27,0.009334,0.009451,0.009324,0.009408
2008-02-28,0.009412,0.009527,0.009387,0.009503
2008-02-29,0.009504,0.009657,0.009498,0.009629
2008-03-03,0.009659,0.009757,0.009651,0.009705
2008-03-04,0.009676,0.00975,0.009664,0.009705
2008-03-05,0.009672,0.009692,0.009605,0.009636
2008-03-06,0.009629,0.009759,0.00962,0.009721
2008-03-07,0.009755,0.009867,0.009691,0.009752
2008-03-10,0.009757,0.009852,0.00975,0.009827
2008-03-11,0.009832,0.009863,0.009656,0.009675
2008-03-12,0.009668,0.009843,0.009662,0.009805
2008-03-13,0.009862,0.010024,0.009834,0.009901
2008-03-14,0.010009,0.010157,0.009932,0.010125
2008-03-17,0.010162,0.010493,0.010112,0.010305
2008-03-18,0.010316,0.010362,0.01004,0.010132
2008-03-19,0.010032,0.010277,0.009994,0.010095
2008-03-20,0.010169,0.0102,0.010019,0.010187
2008-03-24,0.010117,0.010127,0.009952,0.009963
2008-03-25,0.009979,0.01008,0.009938,0.010017
2008-03-26,0.010044,0.010159,0.010012,0.010102
2008-03-27,0.010141,0.010187,0.010025,0.010056
2008-03-28,0.010073,0.010134,0.010003,0.0101
2008-03-31,0.010116,0.010162,0.010021,0.010071
2008-04-01,0.010057,0.010086,0.00983,0.009845
2008-04-02,0.009868,0.009893,0.009766,0.009808
2008-04-03,0.009811,0.009838,0.009751,0.009809
2008-04-04,0.00982,0.009895,0.009777,0.009867
2008-04-07,0.009898,0.009922,0.00976,0.009799
2008-04-08,0.009805,0.009865,0.009774,0.009791
2008-04-09,0.009782,0.009891,0.00976,0.009872
2008-04-10,0.009865,0.010033,0.009832,0.009849
2008-04-11,0.009858,0.009971,0.00981,0.009951
2008-04-14,0.00989,0.010005,0.009885,0.009935
2008-04-15,0.009923,0.009956,0.009854,0.009891
2008-04-16,0.009855,0.009956,0.009845,0.009866
2008-04-17,0.009862,0.009868,0.009769,0.009792
2008-04-18,0.009791,0.009814,0.00959,0.009663
2008-04-21,0.009669,0.009747,0.009644,0.009733
2008-04-22,0.009721,0.009773,0.009691,0.009751
2008-04-23,0.009751,0.009766,0.009666,0.009693
2008-04-24,0.009699,0.009709,0.009595,0.009613
2008-04-25,0.009619,0.009654,0.009569,0.009599
2008-04-28,0.009601,0.009636,0.009566,0.00962
2008-04-29,0.009626,0.009718,0.00961,0.009645
2008-04-30,0.009632,0.009671,0.009561,0.00965
2008-05-01,0.009644,0.009683,0.009585,0.009606
2008-05-02,0.0096,0.009608,0.009484,0.009523
2008-05-05,0.009529,0.009572,0.00949,0.009566
2008-05-06,0.009555,0.009638,0.009535,0.009571
2008-05-07,0.00957,0.00958,0.009491,0.009557
2008-05-08,0.009576,0.009691,0.009547,0.009634
2008-05-09,0.009656,0.009765,0.009637,0.009733
2008-05-12,0.009734,0.00977,0.009631,0.009645
2008-05-13,0.009651,0.009691,0.009549,0.009561
2008-05-14,0.009572,0.009582,0.009501,0.009513
2008-05-15,0.009538,0.009592,0.009513,0.009562
2008-05-16,0.009565,0.009676,0.009529,0.009616
2008-05-19,0.009625,0.009664,0.009565,0.009595
2008-05-20,0.0096,0.00968,0.009584,0.009661
2008-05-21,0.009664,0.009726,0.009655,0.009711
2008-05-22,0.009722,0.009744,0.009589,0.009592
2008-05-23,0.009616,0.009715,0.009601,0.009712
2008-05-26,0.0097,0.009706,0.00967,0.00967
2008-05-27,0.0097,0.009706,0.009594,0.0096
2008-05-28,0.0096,0.009635,0.009505,0.009563
2008-05-29,0.009561,0.009569,0.009453,0.009483
2008-05-30,0.009481,0.00951,0.009464,0.009491
2008-06-02,0.00952,0.00962,0.009482,0.009586
2008-06-03,0.009584,0.009634,0.009478,0.009541
2008-06-04,0.009513,0.009573,0.009488,0.009525
2008-06-05,0.009504,0.00951,0.009399,0.009468
2008-06-06,0.009443,0.009538,0.009403,0.00952
2008-06-09,0.009558,0.009582,0.009404,0.009427
2008-06-10,0.009409,0.009416,0.009309,0.009312
2008-06-11,0.00932,0.009387,0.009282,0.009352
2008-06-12,0.00936,0.009364,0.009252,0.009265
2008-06-13,0.009318,0.009339,0.009276,0.009292
2008-06-16,0.009308,0.009318,0.009258,0.009297
2008-06-17,0.009288,0.009344,0.009273,0.009307
2008-06-18,0.009309,0.00933,0.009268,0.009317
2008-06-19,0.009317,0.009353,0.009296,0.009306
2008-06-20,0.009304,0.009378,0.009296,0.009377
2008-06-23,0.009365,0.00938,0.009294,0.009321
2008-06-24,0.009316,0.009359,0.009281,0.009311
2008-06-25,0.009318,0.009332,0.009251,0.00931
2008-06-26,0.009317,0.009422,0.009284,0.009417
2008-06-27,0.009399,0.009492,0.009367,0.009452
2008-06-30,0.009455,0.009565,0.009432,0.009452
2008-07-01,0.009467,0.009543,0.009438,0.009472
2008-07-02,0.009474,0.009493,0.009403,0.009475
2008-07-03,0.009486,0.009492,0.009387,0.009409
2008-07-04,0.009405,0.009418,0.009392,0.009409
2008-07-07,0.00941,0.009412,0.009316,0.009385
2008-07-08,0.00937,0.009448,0.009333,0.00934
2008-07-09,0.009342,0.009411,0.009323,0.009397
2008-07-10,0.009396,0.009406,0.009336,0.009378
2008-07-11,0.009372,0.009499,0.009353,0.009418
2008-07-14,0.009458,0.009468,0.009395,0.009457
2008-07-15,0.009454,0.009638,0.009442,0.009554
2008-07-16,0.009587,0.009672,0.009536,0.009561
2008-07-17,0.009546,0.009577,0.009367,0.009403
2008-07-18,0.009447,0.009467,0.009376,0.009384
2008-07-21,0.009384,0.009432,0.009361,0.009398
2008-07-22,0.009423,0.009459,0.009335,0.009356
2008-07-23,0.009349,0.00936,0.009288,0.009294
2008-07-24,0.009293,0.009356,0.009286,0.009342
2008-07-25,0.009341,0.009409,0.009288,0.009293
2008-07-28,0.009296,0.009342,0.009278,0.009329
2008-07-29,0.00933,0.009347,0.009258,0.009276
2008-07-30,0.009272,0.009311,0.009254,0.009272
2008-07-31,0.009279,0.009319,0.009248,0.009292
2008-08-01,0.009291,0.009344,0.00929,0.009309
2008-08-04,0.009302,0.009329,0.009255,0.009257
2008-08-05,0.00926,0.00931,0.00923,0.009264
2008-08-06,0.009256,0.009261,0.009121,0.009147
2008-08-07,0.00914,0.009183,0.009135,0.009157
2008-08-08,0.009156,0.009167,0.009079,0.00909
2008-08-11,0.00909,0.009147,0.009075,0.009108
2008-08-12,0.009101,0.009173,0.009079,0.00915
2008-08-13,0.009166,0.009247,0.009129,0.009147
2008-08-14,0.009149,0.009188,0.009107,0.009126
2008-08-15,0.009126,0.009136,0.00905,0.009062
2008-08-18,0.009061,0.00911,0.009059,0.00909
2008-08-19,0.009094,0.009143,0.009077,0.00912
2008-08-20,0.009131,0.009135,0.009082,0.009119
2008-08-21,0.009116,0.009259,0.009115,0.009218
2008-08-22,0.009231,0.009236,0.009089,0.009102
2008-08-25,0.009069,0.009185,0.009013,0.009161
2008-08-26,0.009157,0.009173,0.009106,0.009132
2008-08-27,0.00913,0.009209,0.009109,0.00913
2008-08-28,0.009136,0.0092,0.009121,0.009134
2008-08-29,0.00914,0.009231,0.009133,0.009202
2008-09-02,0.0092,0.009299,0.009164,0.009212
2008-09-03,0.009211,0.009261,0.009172,0.009248
2008-09-04,0.009243,0.009353,0.009214,0.00935
2008-09-05,0.009383,0.00948,0.009286,0.009338
2008-09-08,0.009212,0.009284,0.00917,0.009262
2008-09-09,0.009243,0.009376,0.009243,0.009347
2008-09-10,0.009367,0.009383,0.009266,0.009283
2008-09-11,0.009284,0.009428,0.009273,0.009373
2008-09-12,0.009375,0.009418,0.009306,0.009321
2008-09-15,0.009505,0.009617,0.009399,0.009496
2008-09-16,0.009621,0.009717,0.009452,0.009509
2008-09-17,0.009543,0.009675,0.009433,0.009604
2008-09-18,0.009671,0.009735,0.009566,0.009668
2008-09-19,0.009585,0.009603,0.009322,0.009415
2008-09-22,0.009415,0.009588,0.009399,0.009559
2008-09-23,0.009552,0.009584,0.009507,0.009567
2008-09-24,0.009537,0.009574,0.009478,0.009524
2008-09-25,0.009505,0.009566,0.009419,0.009473
2008-09-26,0.00946,0.009599,0.00946,0.009503
2008-09-29,0.009522,0.009692,0.00942,0.009661
2008-09-30,0.009681,0.00974,0.009487,0.009498
2008-10-01,0.009529,0.009578,0.009485,0.009531
2008-10-02,0.009527,0.009589,0.009484,0.009578
2008-10-03,0.009565,0.00964,0.009484,0.009563
2008-10-06,0.009583,0.010049,0.009571,0.009996
2008-10-07,0.009908,0.009977,0.009749,0.009907
2008-10-08,0.009925,0.010234,0.009909,0.010048
2008-10-09,0.010165,0.010175,0.00993,0.010026
2008-10-10,0.01011,0.010288,0.00998,0.010111
2008-10-13,0.009998,0.010127,0.00985,0.009934
2008-10-14,0.009855,0.009903,0.009754,0.009882
2008-10-15,0.009845,0.010068,0.009839,0.009979
2008-10-16,0.010071,0.010121,0.009885,0.009948
2008-10-17,0.009878,0.009988,0.009862,0.00988
2008-10-20,0.009888,0.009904,0.0098,0.009856
2008-10-21,0.009832,0.010023,0.009816,0.009966
2008-10-22,0.009994,0.010329,0.009973,0.010251
2008-10-23,0.01025,0.010466,0.010208,0.010446
2008-10-24,0.010251,0.011033,0.010238,0.010624
2008-10-27,0.01071,0.01092,0.010611,0.01069
2008-10-28,0.010802,0.010846,0.010182,0.01027
2008-10-29,0.0101,0.010435,0.01006,0.010319
2008-10-30,0.010293,0.01031,0.010105,0.010174
2008-10-31,0.010167,0.010396,0.0101,0.01014
2008-11-03,0.010144,0.0102,0.010039,0.010112
2008-11-04,0.010085,0.010175,0.009953,0.010036
2008-11-05,0.010029,0.010223,0.010016,0.010118
2008-11-06,0.010214,0.010269,0.010141,0.010238
2008-11-07,0.010266,0.010347,0.010138,0.0102
2008-11-10,0.01011,0.010255,0.010058,0.01024
2008-11-11,0.010215,0.010283,0.010174,0.010237
2008-11-12,0.010251,0.010593,0.010202,0.010472
2008-11-13,0.010567,0.010579,0.01018,0.010376
2008-11-14,0.01025,0.010425,0.010204,0.010259
2008-11-17,0.010404,0.01044,0.010259,0.010324
2008-11-18,0.010392,0.010424,0.01027,0.010377
2008-11-19,0.010319,0.010464,0.010304,0.010379
2008-11-20,0.010453,0.010696,0.010394,0.010561
2008-11-21,0.01063,0.010685,0.01042,0.010502
2008-11-24,0.010445,0.010541,0.010282,0.010332
2008-11-25,0.010301,0.010539,0.010301,0.010461
2008-11-26,0.010495,0.010581,0.010428,0.010478
2008-11-28,0.010481,0.010533,0.010444,0.010465
2008-12-01,0.010466,0.010752,0.010461,0.01072
2008-12-02,0.010749,0.010799,0.010661,0.010732
2008-12-03,0.010733,0.01081,0.010685,0.010748
2008-12-04,0.010715,0.010865,0.010705,0.010823
2008-12-05,0.010837,0.01092,0.010706,0.010749
2008-12-08,0.01078,0.010803,0.010647,0.010755
2008-12-09,0.010765,0.010878,0.010743,0.010864
2008-12-10,0.010839,0.010848,0.010749,0.010797
2008-12-11,0.010775,0.01097,0.010766,0.010896
2008-12-12,0.010962,0.011373,0.010909,0.011004
2008-12-15,0.010965,0.011106,0.010958,0.01106
2008-12-16,0.011053,0.011297,0.011039,0.011208
2008-12-17,0.011244,0.011492,0.011221,0.011379
2008-12-18,0.011467,0.011471,0.011116,0.011197
2008-12-19,0.011171,0.011328,0.011142,0.011198
2008-12-22,0.011239,0.011239,0.011071,0.011125
2008-12-23,0.011099,0.011147,0.011008,0.011048
2008-12-24,0.011008,0.011101,0.011008,0.011042
2008-12-26,0.011061,0.011081,0.011027,0.011057
2008-12-29,0.011043,0.011162,0.010958,0.011087
2008-12-30,0.011013,0.011127,0.010991,0.011091
2008-12-31,0.011104,0.011111,0.011012,0.011029
2009-01-02,0.010998,0.01103,0.010832,0.010858
2009-01-05,0.010876,0.010905,0.010696,0.010744
2009-01-06,0.010744,0.010782,0.010567,0.010645
2009-01-07,0.010711,0.010839,0.010625,0.010792
2009-01-08,0.010808,0.011017,0.010768,0.010958
2009-01-09,0.01097,0.011102,0.010915,0.01106
2009-01-12,0.011095,0.011259,0.011081,0.011235
2009-01-13,0.011202,0.011271,0.011133,0.011227
2009-01-14,0.011199,0.011297,0.011125,0.01123
2009-01-15,0.011252,0.011314,0.011118,0.011161
2009-01-16,0.01114,0.011144,0.011011,0.011074
2009-01-20,0.011011,0.011172,0.010964,0.01114
2009-01-21,0.011153,0.011496,0.011101,0.011226
2009-01-22,0.011199,0.011382,0.011176,0.011236
2009-01-23,0.011261,0.011377,0.011167,0.011272
2009-01-26,0.011283,0.01134,0.011157,0.01125
2009-01-27,0.011238,0.011319,0.011109,0.011257
2009-01-28,0.01123,0.011258,0.011019,0.011056
2009-01-29,0.011066,0.011187,0.011039,0.011142
2009-01-30,0.011118,0.011225,0.011107,0.011138
2009-02-02,0.01112,0.011275,0.011106,0.011177
2009-02-03,0.011201,0.0113,0.011124,0.011216
2009-02-04,0.011195,0.011268,0.011146,0.011171
2009-02-05,0.011205,0.01122,0.010846,0.010942
2009-02-06,0.010977,0.011028,0.01085,0.01086
2009-02-09,0.01086,0.011011,0.010829,0.010943
2009-02-10,0.010934,0.011103,0.010914,0.011096
2009-02-11,0.011075,0.011158,0.011023,0.011056
2009-02-12,0.01107,0.011139,0.01098,0.011059
2009-02-13,0.011011,0.01105,0.010868,0.0109
2009-02-17,0.010898,0.010942,0.010783,0.010822
2009-02-18,0.010827,0.010866,0.010647,0.010673
2009-02-19,0.01068,0.010722,0.010588,0.010596
2009-02-20,0.010634,0.010816,0.010598,0.010731
2009-02-23,0.010699,0.010784,0.010532,0.010573
2009-02-24,0.01059,0.010612,0.010318,0.010327
2009-02-25,0.010337,0.010381,0.010227,0.010237
2009-02-26,0.010268,0.010278,0.010132,0.010165
2009-02-27,0.010149,0.010328,0.010148,0.010219
2009-03-02,0.010238,0.01032,0.010216,0.010232
2009-03-03,0.010296,0.01031,0.010143,0.01017
2009-03-04,0.010185,0.010186,0.010053,0.010082
2009-03-05,0.010091,0.010236,0.010032,0.010177
2009-03-06,0.010198,0.010355,0.010153,0.010213
2009-03-09,0.010162,0.010213,0.010082,0.010121
2009-03-10,0.010125,0.010216,0.010087,0.01011
2009-03-11,0.010133,0.010342,0.010115,0.010282
2009-03-12,0.01028,0.010454,0.010148,0.0102
2009-03-13,0.010272,0.010314,0.010153,0.01022
2009-03-16,0.010209,0.01027,0.010155,0.010195
2009-03-17,0.010201,0.010204,0.010119,0.010169
2009-03-18,0.010151,0.01047,0.010134,0.010396
2009-03-19,0.010421,0.010703,0.010363,0.010593
2009-03-20,0.010598,0.010633,0.0104,0.010433
2009-03-23,0.010474,0.010495,0.010283,0.010334
2009-03-24,0.010315,0.010331,0.010159,0.010236
2009-03-25,0.010237,0.010333,0.010181,0.01029
2009-03-26,0.010255,0.010277,0.010125,0.010163
2009-03-27,0.010128,0.010314,0.010128,0.010212
2009-03-30,0.010218,0.010435,0.010183,0.010313
2009-03-31,0.010278,0.010292,0.010074,0.010104
2009-04-01,0.010118,0.010195,0.010057,0.010145
2009-04-02,0.010151,0.010177,0.010018,0.010047
2009-04-03,0.010051,0.010079,0.009972,0.009985
2009-04-06,0.009976,0.00999,0.009867,0.009917
2009-04-07,0.009902,0.010024,0.009902,0.009965
2009-04-08,0.00996,0.010084,0.009876,0.010039
2009-04-09,0.010031,0.010046,0.009952,0.009964
2009-04-13,0.009966,0.010024,0.009932,0.010001
2009-04-14,0.010001,0.010139,0.009966,0.010128
2009-04-15,0.010128,0.010199,0.010041,0.010089
2009-04-16,0.010075,0.01016,0.010057,0.010076
2009-04-17,0.010074,0.01014,0.01003,0.010088
2009-04-20,0.010087,0.010249,0.010066,0.010232
2009-04-21,0.010214,0.010242,0.010116,0.010137
2009-04-22,0.010138,0.010257,0.010135,0.010197
2009-04-23,0.010215,0.01025,0.010165,0.010226
2009-04-24,0.010212,0.010357,0.010206,0.010312
2009-04-27,0.010329,0.010377,0.010303,0.010346
2009-04-28,0.010347,0.010464,0.010344,0.010378
2009-04-29,0.010377,0.010381,0.01021,0.010247
2009-04-30,0.010247,0.010303,0.010107,0.010137
2009-05-01,0.010152,0.010157,0.010047,0.010069
2009-05-04,0.010076,0.010135,0.010048,0.010114
2009-05-05,0.010112,0.010147,0.010085,0.010106
2009-05-06,0.01011,0.010217,0.010095,0.010176
2009-05-07,0.010164,0.010173,0.010025,0.010104
2009-05-08,0.010073,0.010177,0.010043,0.010168
2009-05-11,0.010137,0.010286,0.010122,0.010268
2009-05-12,0.010269,0.010409,0.010225,0.010378
2009-05-13,0.010381,0.010516,0.010346,0.010475
2009-05-14,0.010495,0.010517,0.010434,0.010452
2009-05-15,0.010425,0.01056,0.010399,0.010522
2009-05-18,0.01052,0.01058,0.01037,0.010375
2009-05-19,0.010389,0.010429,0.010344,0.010404
2009-05-20,0.010424,0.010563,0.010395,0.010536
2009-05-21,0.010542,0.010643,0.010498,0.010615
2009-05-22,0.010602,0.010657,0.010535,0.010593
2009-05-26,0.010561,0.010592,0.010505,0.01053
2009-05-27,0.010537,0.010568,0.010472,0.010506
2009-05-28,0.010497,0.0105,0.010285,0.010322
2009-05-29,0.010318,0.010528,0.010317,0.010511
2009-06-01,0.010494,0.01059,0.010332,0.010363
2009-06-02,0.010359,0.010493,0.010347,0.010456
2009-06-03,0.010456,0.010486,0.010373,0.010435
2009-06-04,0.010427,0.01043,0.010311,0.010324
2009-06-05,0.010344,0.010356,0.010112,0.010167
2009-06-08,0.010146,0.010183,0.010116,0.010165
2009-06-09,0.010155,0.010284,0.010145,0.010264
2009-06-10,0.010268,0.0103,0.010158,0.010183
2009-06-11,0.010178,0.010281,0.010144,0.010253
2009-06-12,0.010245,0.010268,0.010166,0.01019
2009-06-15,0.010179,0.010257,0.010154,0.01025
2009-06-16,0.010233,0.010418,0.010229,0.010369
2009-06-17,0.010381,0.010478,0.010342,0.010458
2009-06-18,0.01046,0.010468,0.010352,0.010359
2009-06-19,0.01037,0.010428,0.010299,0.010402
2009-06-22,0.010399,0.010458,0.010393,0.010437
2009-06-23,0.010438,0.010551,0.010433,0.010509
2009-06-24,0.010512,0.010533,0.010419,0.010458
2009-06-25,0.010457,0.010469,0.010362,0.010438
2009-06-26,0.010431,0.010532,0.01042,0.010515
2009-06-29,0.010503,0.010518,0.010407,0.010425
2009-06-30,0.010418,0.010502,0.010368,0.010388
2009-07-01,0.01039,0.010406,0.01032,0.010367
2009-07-02,0.010362,0.010457,0.010328,0.010447
2009-07-06,0.010416,0.010574,0.010416,0.01051
2009-07-07,0.010498,0.010568,0.010483,0.010561
2009-07-08,0.010558,0.010904,0.010549,0.010828
2009-07-09,0.010795,0.010832,0.010691,0.010757
2009-07-10,0.010761,0.010903,0.010739,0.010838
2009-07-13,0.010821,0.010909,0.010755,0.010776
2009-07-14,0.010761,0.010794,0.010672,0.010726
2009-07-15,0.01069,0.01073,0.010591,0.010603
2009-07-16,0.010617,0.010733,0.010594,0.010674
2009-07-17,0.010669,0.010704,0.010601,0.010615
2009-07-20,0.010609,0.01063,0.010555,0.01062
2009-07-21,0.010617,0.010727,0.0106,0.010687
2009-07-22,0.01068,0.010747,0.010656,0.010691
2009-07-23,0.010688,0.010696,0.010497,0.010515
2009-07-24,0.010531,0.010577,0.010513,0.010562
2009-07-27,0.010564,0.010568,0.010486,0.010507
2009-07-28,0.010511,0.01064,0.0105,0.010582
2009-07-29,0.010584,0.010641,0.010488,0.01053
2009-07-30,0.010526,0.010549,0.010432,0.010462
2009-07-31,0.010471,0.010587,0.010433,0.010553
2009-08-03,0.010556,0.010576,0.010482,0.010495
2009-08-04,0.010502,0.010604,0.010479,0.010502
2009-08-05,0.010506,0.010572,0.010486,0.010536
2009-08-06,0.010539,0.010554,0.01044,0.010481
2009-08-07,0.010481,0.010525,0.010228,0.01025
2009-08-10,0.010238,0.010322,0.010236,0.010308
2009-08-11,0.010302,0.010446,0.0103,0.010418
2009-08-12,0.010423,0.010515,0.010333,0.010399
2009-08-13,0.010407,0.010525,0.010365,0.010516
2009-08-14,0.010489,0.010593,0.010476,0.010543
2009-08-17,0.010557,0.010618,0.010541,0.010587
2009-08-18,0.010584,0.010603,0.010496,0.010569
2009-08-19,0.01056,0.01068,0.010532,0.010644
2009-08-20,0.010631,0.010656,0.010578,0.010629
2009-08-21,0.010614,0.010707,0.010559,0.010613
2009-08-24,0.010598,0.010598,0.01052,0.010583
2009-08-25,0.010583,0.010663,0.010566,0.01062
2009-08-26,0.010619,0.010653,0.010567,0.010622
2009-08-27,0.010615,0.01073,0.010607,0.0107
2009-08-28,0.010699,0.010706,0.010628,0.010684
2009-08-31,0.010695,0.010808,0.01069,0.010756
2009-09-01,0.010753,0.010777,0.010702,0.010761
2009-09-02,0.010763,0.010858,0.010746,0.010851
2009-09-03,0.010843,0.010877,0.010778,0.010806
2009-09-04,0.0108,0.010838,0.010723,0.010751
2009-09-08,0.010758,0.010866,0.010719,0.010833
2009-09-09,0.010832,0.010917,0.0108,0.01085
2009-09-10,0.01087,0.010938,0.010838,0.010902
2009-09-11,0.010907,0.011092,0.010903,0.011048
2009-09-14,0.011063,0.011091,0.010979,0.011003
2009-09-15,0.011007,0.011022,0.010919,0.010983
2009-09-16,0.010991,0.011104,0.010951,0.011006
2009-09-17,0.011005,0.011053,0.010919,0.010976
2009-09-18,0.010986,0.010992,0.01093,0.01095
2009-09-21,0.010935,0.010959,0.010812,0.01086
2009-09-22,0.010881,0.011004,0.010867,0.010965
2009-09-23,0.010979,0.011058,0.01093,0.010974
2009-09-24,0.010939,0.011074,0.010919,0.010959
2009-09-25,0.010962,0.011178,0.010951,0.011129
2009-09-28,0.011162,0.011341,0.011143,0.011146
2009-09-29,0.011157,0.011163,0.01107,0.011094
2009-09-30,0.0111,0.011197,0.011065,0.011162
2009-10-01,0.011153,0.011189,0.011095,0.011146
2009-10-02,0.011166,0.011291,0.011122,0.011163
2009-10-05,0.011182,0.011191,0.011118,0.011177
2009-10-06,0.011173,0.011289,0.011158,0.011265
2009-10-07,0.011268,0.011368,0.011189,0.011288
2009-10-08,0.011291,0.01135,0.011276,0.011301
2009-10-09,0.011317,0.011323,0.011129,0.011134
2009-10-12,0.01115,0.011161,0.011059,0.01114
2009-10-13,0.01114,0.011186,0.011092,0.01114
2009-10-14,0.011152,0.011261,0.011126,0.011178
2009-10-15,0.011196,0.011207,0.011019,0.011039
2009-10-16,0.011043,0.011052,0.010953,0.011008
2009-10-19,0.010998,0.01107,0.010977,0.011029
2009-10-20,0.011037,0.011105,0.010983,0.01103
2009-10-21,0.011033,0.011055,0.010958,0.010988
2009-10-22,0.010995,0.01102,0.010906,0.010957
2009-10-23,0.010955,0.010958,0.010857,0.010858
2009-10-26,0.010858,0.010923,0.010838,0.010844
2009-10-27,0.010844,0.010907,0.010834,0.010898
2009-10-28,0.010898,0.011046,0.010894,0.011016
2009-10-29,0.011029,0.011084,0.010916,0.010928
2009-10-30,0.010934,0.011124,0.010922,0.011113
2009-11-02,0.011153,0.011183,0.011027,0.011066
2009-11-03,0.011067,0.01113,0.011042,0.011073
2009-11-04,0.011071,0.011107,0.010942,0.011014
2009-11-05,0.011011,0.011114,0.011008,0.011018
2009-11-06,0.011019,0.011162,0.011007,0.011118
2009-11-09,0.011128,0.011151,0.011081,0.011114
2009-11-10,0.011119,0.011158,0.011088,0.011143
2009-11-11,0.011136,0.011202,0.011107,0.011125
2009-11-12,0.011127,0.011157,0.011036,0.011073
2009-11-13,0.011067,0.011179,0.011061,0.011152
2009-11-16,0.01116,0.011269,0.011148,0.011242
2009-11-17,0.011222,0.011271,0.011169,0.011201
2009-11-18,0.011197,0.011236,0.011176,0.011178
2009-11-19,0.0112,0.011283,0.01118,0.011237
2009-11-20,0.011243,0.011277,0.011219,0.011242
2009-11-23,0.011259,0.011291,0.011211,0.011237
2009-11-24,0.011234,0.011319,0.011229,0.011294
2009-11-25,0.011296,0.011467,0.011282,0.011442
2009-11-27,0.011452,0.01179,0.011431,0.011523
2009-11-30,0.011543,0.011647,0.011513,0.011591
2009-12-01,0.011586,0.011607,0.011425,0.01154
2009-12-02,0.01153,0.011549,0.011429,0.011436
2009-12-03,0.011417,0.011432,0.011301,0.011337
2009-12-04,0.011317,0.011364,0.011016,0.011023
2009-12-07,0.011079,0.011231,0.011065,0.011178
2009-12-08,0.011185,0.011342,0.01118,0.011321
2009-12-09,0.011317,0.011447,0.011273,0.011399
2009-12-10,0.011362,0.011399,0.011306,0.011332
2009-12-11,0.011333,0.011344,0.011141,0.011219
2009-12-14,0.011209,0.01133,0.011203,0.011288
2009-12-15,0.011277,0.011292,0.011123,0.011149
2009-12-16,0.011158,0.011195,0.011117,0.011124
2009-12-17,0.01114,0.011171,0.01107,0.011123
2009-12-18,0.011133,0.01126,0.011005,0.011064
2009-12-21,0.011052,0.011086,0.010965,0.010971
2009-12-22,0.010973,0.010994,0.010888,0.0109
2009-12-23,0.010898,0.010956,0.010888,0.01091
2009-12-24,0.010921,0.010978,0.010901,0.010915
2009-12-28,0.010925,0.010944,0.010896,0.010921
2009-12-29,0.010916,0.010932,0.010861,0.01088
2009-12-30,0.010874,0.010884,0.010782,0.010818
2009-12-31,0.010826,0.010886,0.010738,0.01074
2010-01-04,0.010763,0.010852,0.010731,0.010804
2010-01-05,0.010822,0.010964,0.010808,0.010903
2010-01-06,0.010906,0.01093,0.010785,0.010825
2010-01-07,0.010833,0.010859,0.01071,0.01074
2010-01-08,0.01069,0.010843,0.010679,0.010801
2010-01-11,0.010807,0.010896,0.010795,0.010864
2010-01-12,0.010864,0.011026,0.010821,0.010991
2010-01-13,0.010979,0.011005,0.010926,0.010939
2010-01-14,0.010948,0.011011,0.010867,0.010994
2010-01-15,0.010964,0.011041,0.010953,0.011004
2010-01-19,0.011002,0.011076,0.010959,0.01098
2010-01-20,0.010975,0.011018,0.010935,0.010967
2010-01-21,0.010962,0.0111,0.010886,0.011065
2010-01-22,0.011062,0.011141,0.011044,0.011132
2010-01-25,0.011121,0.011137,0.011071,0.011081
2010-01-26,0.011083,0.011196,0.011044,0.01115
2010-01-27,0.011158,0.011221,0.011101,0.011119
2010-01-28,0.011115,0.01116,0.011044,0.011123
2010-01-29,0.011123,0.011164,0.010999,0.011078
2010-02-01,0.011088,0.011114,0.010996,0.011034
2010-02-02,0.011028,0.01108,0.011001,0.011068
2010-02-03,0.011064,0.011103,0.010957,0.010994
2010-02-04,0.010992,0.011295,0.010981,0.011215
2010-02-05,0.011218,0.011261,0.011126,0.011216
2010-02-08,0.011213,0.01122,0.011167,0.011193
2010-02-09,0.011207,0.011212,0.011136,0.011157
2010-02-10,0.011138,0.011207,0.011104,0.011125
2010-02-11,0.011118,0.011166,0.011095,0.011144
2010-02-12,0.011145,0.011164,0.011061,0.011119
2010-02-16,0.011108,0.011149,0.011049,0.011095
2010-02-17,0.011089,0.011094,0.010939,0.010974
2010-02-18,0.010969,0.011043,0.010893,0.010951
2010-02-19,0.010871,0.01093,0.010852,0.010901
2010-02-22,0.010914,0.010988,0.010881,0.010967
2010-02-23,0.010967,0.011124,0.010954,0.011089
2010-02-24,0.011084,0.011141,0.011068,0.011094
2010-02-25,0.01109,0.011262,0.011073,0.011219
2010-02-26,0.011216,0.011269,0.011174,0.011253
2010-03-01,0.011245,0.01126,0.011176,0.01123
2010-03-02,0.011216,0.011294,0.011188,0.01128
2010-03-03,0.011266,0.011323,0.011236,0.011314
2010-03-04,0.0113,0.011346,0.011203,0.011224
2010-03-05,0.011222,0.011224,0.011038,0.011068
2010-03-08,0.011063,0.011092,0.011027,0.011071
2010-03-09,0.011073,0.011158,0.011071,0.011117
2010-03-10,0.01112,0.011124,0.011009,0.011047
2010-03-11,0.011047,0.011085,0.011024,0.011038
2010-03-12,0.011041,0.011096,0.010984,0.011053
2010-03-15,0.011038,0.011074,0.011018,0.01106
2010-03-16,0.011056,0.011121,0.011027,0.011085
2010-03-17,0.011085,0.011114,0.011028,0.011094
2010-03-18,0.011076,0.011148,0.011017,0.01108
2010-03-19,0.011071,0.011077,0.011028,0.011057
2010-03-22,0.011057,0.011139,0.011022,0.011101
2010-03-23,0.011106,0.011108,0.011057,0.011065
2010-03-24,0.011061,0.011074,0.010827,0.010863
2010-03-25,0.010856,0.010904,0.010762,0.010782
2010-03-26,0.010792,0.010838,0.010769,0.010813
2010-03-29,0.010821,0.010834,0.010781,0.010809
2010-03-30,0.01081,0.010859,0.010754,0.010778
2010-03-31,0.010778,0.010786,0.010683,0.010703
2010-04-01,0.010706,0.010724,0.010637,0.010662
2010-04-02,0.010659,0.010695,0.010558,0.010566
2010-04-05,0.010565,0.010633,0.010565,0.010614
2010-04-06,0.010604,0.010681,0.010599,0.010653
2010-04-07,0.010668,0.01074,0.010612,0.010728
2010-04-08,0.010725,0.010777,0.010701,0.01071
2010-04-09,0.01071,0.010745,0.010667,0.010727
2010-04-12,0.010742,0.01076,0.010687,0.010737
2010-04-13,0.010735,0.010807,0.010709,0.010738
2010-04-14,0.010736,0.010778,0.010673,0.010742
2010-04-15,0.010728,0.010774,0.010697,0.010745
2010-04-16,0.010746,0.010887,0.010742,0.010859
2010-04-19,0.010877,0.010923,0.010819,0.010825
2010-04-20,0.010825,0.010828,0.010711,0.010734
2010-04-21,0.010734,0.010765,0.010705,0.010753
2010-04-22,0.010738,0.010788,0.010685,0.010716
2010-04-23,0.010706,0.01072,0.0106,0.010639
2010-04-26,0.010634,0.01065,0.010601,0.010632
2010-04-27,0.010638,0.010779,0.010638,0.010744
2010-04-28,0.010742,0.010758,0.010605,0.010609
2010-04-29,0.010627,0.01066,0.010613,0.01064
2010-04-30,0.010633,0.01067,0.010576,0.010651
2010-05-03,0.01065,0.01066,0.010552,0.010576
2010-05-04,0.010579,0.010606,0.010532,0.010597
2010-05-05,0.010568,0.010696,0.010532,0.01068
2010-05-06,0.01065,0.011375,0.010645,0.011249
2010-05-07,0.011019,0.011123,0.010727,0.010941
2010-05-10,0.0108,0.010916,0.010694,0.010738
2010-05-11,0.010719,0.010848,0.01071,0.010781
2010-05-12,0.010793,0.010821,0.010723,0.010732
2010-05-13,0.01073,0.010803,0.010681,0.010774
2010-05-14,0.010787,0.010896,0.010743,0.010848
2010-05-17,0.010835,0.010903,0.010791,0.010811
2010-05-18,0.0108,0.010862,0.010759,0.01084
2010-05-19,0.010873,0.010998,0.010854,0.010925
2010-05-20,0.010898,0.011246,0.010887,0.011106
2010-05-21,0.011203,0.011212,0.011056,0.011141
2010-05-24,0.011093,0.011147,0.011039,0.011057
2010-05-25,0.011079,0.011209,0.011076,0.011099
2010-05-26,0.011073,0.011136,0.011031,0.011108
2010-05-27,0.011115,0.011127,0.010976,0.011011
2010-05-28,0.010999,0.01104,0.010941,0.011017
2010-06-01,0.010999,0.011047,0.010916,0.010963
2010-06-02,0.010994,0.010994,0.010828,0.010849
2010-06-03,0.010849,0.010867,0.010775,0.01079
2010-06-04,0.0108,0.010942,0.010767,0.010938
2010-06-07,0.010879,0.010993,0.01086,0.010905
2010-06-08,0.010935,0.011009,0.010878,0.010953
2010-06-09,0.010924,0.010983,0.010909,0.010975
2010-06-10,0.010952,0.011007,0.010931,0.010961
2010-06-11,0.010956,0.010984,0.010912,0.010936
2010-06-14,0.010915,0.010956,0.010872,0.010941
2010-06-15,0.010929,0.010996,0.010922,0.010963
2010-06-16,0.010945,0.010993,0.010906,0.010951
2010-06-17,0.010957,0.011064,0.01095,0.011029
2010-06-18,0.011012,0.011071,0.011008,0.011037
2010-06-21,0.011064,0.01109,0.010944,0.011005
2010-06-22,0.010999,0.011085,0.01099,0.011064
2010-06-23,0.011065,0.01116,0.011053,0.011147
2010-06-24,0.011135,0.011223,0.011128,0.011183
2010-06-25,0.011172,0.01124,0.011152,0.011201
2010-06-28,0.011208,0.011243,0.01119,0.011201
2010-06-29,0.011201,0.011341,0.011196,0.011313
2010-06-30,0.011304,0.011331,0.011279,0.011315
2010-07-01,0.011328,0.011512,0.011305,0.011444
2010-07-02,0.011411,0.011465,0.01135,0.01141
2010-07-06,0.01141,0.011459,0.011376,0.011448
2010-07-07,0.011434,0.011502,0.011402,0.011448
2010-07-08,0.011406,0.011417,0.011288,0.011321
2010-07-09,0.011317,0.011325,0.011282,0.011301
2010-07-12,0.011284,0.011323,0.011225,0.011305
2010-07-13,0.011291,0.01137,0.011261,0.0113
2010-07-14,0.011281,0.011364,0.011231,0.011341
2010-07-15,0.011321,0.011472,0.011319,0.011441
2010-07-16,0.011452,0.0116,0.011435,0.011542
2010-07-19,0.011559,0.011571,0.011472,0.011536
2010-07-20,0.011529,0.011543,0.011424,0.011473
2010-07-21,0.011444,0.011519,0.011441,0.011504
2010-07-22,0.011502,0.011588,0.011472,0.011498
2010-07-23,0.011497,0.011536,0.011433,0.011447
2010-07-26,0.011432,0.011527,0.011406,0.011517
2010-07-27,0.011505,0.011522,0.01137,0.011387
2010-07-28,0.011386,0.011467,0.011353,0.011443
2010-07-29,0.011448,0.011557,0.011429,0.011506
2010-07-30,0.011514,0.01164,0.011507,0.011585
2010-08-02,0.011573,0.011589,0.011512,0.011564
2010-08-03,0.011576,0.011677,0.011545,0.011647
2010-08-04,0.011658,0.011723,0.011579,0.011596
2010-08-05,0.011589,0.011671,0.01157,0.01165
2010-08-06,0.011653,0.011766,0.011607,0.011708
2010-08-09,0.011712,0.011727,0.011638,0.011648
2010-08-10,0.011642,0.011745,0.0116,0.011728
2010-08-11,0.011721,0.011805,0.011704,0.011736
2010-08-12,0.011731,0.011776,0.011632,0.011646
2010-08-13,0.011646,0.01169,0.011579,0.0116
2010-08-16,0.011602,0.011739,0.011597,0.011725
2010-08-17,0.011718,0.011752,0.011673,0.01169
2010-08-18,0.011686,0.011741,0.011673,0.011703
2010-08-19,0.011711,0.011782,0.01164,0.011723
2010-08-20,0.011724,0.01174,0.011654,0.011663
2010-08-23,0.011686,0.011754,0.011673,0.011729
2010-08-24,0.011749,0.011966,0.011739,0.011874
2010-08-25,0.011891,0.011902,0.011789,0.011804
2010-08-26,0.011823,0.011861,0.011783,0.011858
2010-08-27,0.01184,0.011867,0.011702,0.011715
2010-08-30,0.011713,0.011836,0.011641,0.011809
2010-08-31,0.011826,0.011931,0.011813,0.011896
2010-09-01,0.011883,0.011955,0.011811,0.011839
2010-09-02,0.011843,0.011906,0.011827,0.011874
2010-09-03,0.011866,0.011888,0.011733,0.011842
2010-09-07,0.011855,0.011976,0.011836,0.011937
2010-09-08,0.011934,0.012001,0.011898,0.011909
2010-09-09,0.011917,0.011978,0.011901,0.011919
2010-09-10,0.011938,0.011952,0.01186,0.011897
2010-09-13,0.011887,0.011987,0.011863,0.011968
2010-09-14,0.011954,0.01207,0.011951,0.012049
2010-09-15,0.012057,0.012077,0.011667,0.011691
2010-09-16,0.011676,0.011745,0.011648,0.011667
2010-09-17,0.011665,0.011695,0.011649,0.011669
2010-09-20,0.011673,0.011708,0.011668,0.011673
2010-09-21,0.011682,0.011777,0.011672,0.011761
2010-09-22,0.011749,0.011876,0.011748,0.011837
2010-09-23,0.011837,0.01188,0.011819,0.011864
2010-09-24,0.011858,0.011898,0.011719,0.011862
2010-09-27,0.011869,0.011899,0.011858,0.011881
2010-09-28,0.011877,0.01196,0.011865,0.011925
2010-09-29,0.011938,0.011986,0.011901,0.011969
2010-09-30,0.011955,0.012033,0.01194,0.012001
2010-10-01,0.011987,0.012035,0.011973,0.012007
2010-10-04,0.012016,0.01203,0.011931,0.012003
2010-10-05,0.011994,0.012064,0.011913,0.012028
2010-10-06,0.012023,0.012108,0.012017,0.012065
2010-10-07,0.012072,0.012186,0.012049,0.012152
2010-10-08,0.012151,0.012244,0.012118,0.012194
2010-10-11,0.012268,0.012287,0.012175,0.012197
2010-10-12,0.012188,0.012252,0.012148,0.012225
2010-10-13,0.012225,0.012244,0.0122,0.012239
2010-10-14,0.012232,0.012368,0.012224,0.012287
2010-10-15,0.012283,0.012372,0.012258,0.012284
2010-10-18,0.012288,0.012333,0.012279,0.01232
2010-10-19,0.012308,0.012331,0.012212,0.01228
2010-10-20,0.012261,0.012376,0.012251,0.012325
2010-10-21,0.012327,0.012363,0.012224,0.012308
2010-10-22,0.012304,0.012353,0.012272,0.012293
2010-10-25,0.012293,0.012442,0.012287,0.01237
2010-10-26,0.012381,0.012409,0.012251,0.01227
2010-10-27,0.012293,0.012301,0.012202,0.012243
2010-10-28,0.012239,0.012371,0.012236,0.012338
2010-10-29,0.012346,0.01245,0.012337,0.012429
2010-11-01,0.012452,0.012466,0.012258,0.012417
2010-11-02,0.012424,0.012432,0.012354,0.012401
2010-11-03,0.012402,0.012412,0.01226,0.012303
2010-11-04,0.012328,0.012414,0.012315,0.012398
2010-11-05,0.012391,0.012407,0.012275,0.012297
2010-11-08,0.012307,0.012349,0.012282,0.012317
2010-11-09,0.012325,0.01242,0.012203,0.012254
2010-11-10,0.012248,0.012267,0.01208,0.012181
2010-11-11,0.012166,0.012192,0.012108,0.012128
2010-11-12,0.012127,0.01225,0.0121,0.012134
2010-11-15,0.012121,0.012138,0.01201,0.012047
2010-11-16,0.012035,0.012074,0.011964,0.012009
2010-11-17,0.011997,0.012046,0.011971,0.012011
2010-11-18,0.012024,0.012036,0.011936,0.011985
2010-11-19,0.011983,0.01203,0.011956,0.011979
2010-11-22,0.011985,0.012017,0.011967,0.01201
2010-11-23,0.012007,0.012085,0.011926,0.012024
2010-11-24,0.012033,0.012058,0.011955,0.011959
2010-11-26,0.01197,0.011992,0.01188,0.011904
2010-11-29,0.011895,0.011932,0.011849,0.011873
2010-11-30,0.011872,0.011989,0.011865,0.011959
2010-12-01,0.011956,0.011995,0.011838,0.011878
2010-12-02,0.011884,0.01198,0.011853,0.011914
2010-12-03,0.011926,0.01212,0.011924,0.012061
2010-12-06,0.012089,0.012111,0.01205,0.012109
2010-12-07,0.012101,0.012146,0.011953,0.011979
2010-12-08,0.011976,0.011982,0.011862,0.011906
2010-12-09,0.011901,0.011974,0.011888,0.011949
2010-12-10,0.011952,0.011995,0.011914,0.011932
2010-12-13,0.011919,0.012045,0.011866,0.012013
2010-12-14,0.011995,0.012084,0.011946,0.011965
2010-12-15,0.011969,0.011969,0.011842,0.011852
2010-12-16,0.011877,0.011932,0.011852,0.011894
2010-12-17,0.011911,0.011961,0.011887,0.011932
2010-12-20,0.01192,0.011971,0.011899,0.011949
2010-12-21,0.011948,0.01199,0.011929,0.01195
2010-12-22,0.01195,0.012,0.011938,0.011974
2010-12-23,0.011975,0.01208,0.011974,0.012072
2010-12-27,0.012074,0.012112,0.012062,0.012084
2010-12-28,0.012088,0.012235,0.012087,0.012147
2010-12-29,0.012145,0.012264,0.01214,0.01226
2010-12-30,0.012255,0.012311,0.012224,0.012278
2010-12-31,0.012275,0.012365,0.012272,0.012328
2011-01-03,0.012345,0.012345,0.012243,0.01226
2011-01-04,0.012246,0.012263,0.012163,0.012206
2011-01-05,0.012191,0.012222,0.012,0.01201
2011-01-06,0.012021,0.012075,0.011998,0.012016
2011-01-07,0.012013,0.012078,0.011952,0.012051
2011-01-10,0.012031,0.012104,0.012015,0.012085
2011-01-11,0.012098,0.0121,0.011983,0.01202
2011-01-12,0.012005,0.012084,0.011987,0.01207
2011-01-13,0.012051,0.012121,0.012032,0.012096
2011-01-14,0.012086,0.01214,0.012044,0.012054
2011-01-18,0.012067,0.012152,0.012053,0.012117
2011-01-19,0.012112,0.012223,0.012099,0.01219
2011-01-20,0.012187,0.012194,0.012034,0.012049
2011-01-21,0.012053,0.012122,0.01204,0.012109
2011-01-24,0.012103,0.012155,0.012064,0.012124
2011-01-25,0.01212,0.012204,0.012101,0.012174
2011-01-26,0.012169,0.012202,0.012106,0.012127
2011-01-27,0.012161,0.012198,0.012019,0.012078
2011-01-28,0.012073,0.012201,0.012062,0.012175
2011-01-31,0.01218,0.012217,0.012161,0.012196
2011-02-01,0.01219,0.012303,0.012176,0.012285
2011-02-02,0.012289,0.0123,0.012219,0.012256
2011-02-03,0.012271,0.012289,0.012188,0.012251
2011-02-04,0.01226,0.012341,0.012127,0.012162
2011-02-07,0.012165,0.012174,0.012128,0.012153
2011-02-08,0.012147,0.012233,0.012133,0.012137
2011-02-09,0.012152,0.012168,0.012098,0.012142
2011-02-10,0.012146,0.012147,0.011996,0.012003
2011-02-11,0.012004,0.012015,0.011953,0.011979
2011-02-14,0.01198,0.012037,0.011978,0.012004
2011-02-15,0.012007,0.012022,0.011918,0.011931
2011-02-16,0.011943,0.011979,0.011909,0.01197
2011-02-17,0.011951,0.012027,0.011941,0.012
2011-02-18,0.012002,0.012047,0.011972,0.012032
2011-02-22,0.012032,0.012112,0.011987,0.012093
2011-02-23,0.01208,0.01215,0.012065,0.012122
2011-02-24,0.012132,0.012253,0.012124,0.012233
2011-02-25,0.012203,0.012251,0.012187,0.01224
2011-02-28,0.012246,0.012255,0.012199,0.012234
2011-03-01,0.012247,0.012247,0.012161,0.012208
2011-03-02,0.012212,0.012261,0.012178,0.012214
2011-03-03,0.01222,0.012237,0.012118,0.01214
2011-03-04,0.012134,0.012165,0.012036,0.012144
2011-03-07,0.012162,0.012205,0.012137,0.012151
2011-03-08,0.012152,0.012164,0.012069,0.012096
2011-03-09,0.012096,0.01211,0.012058,0.012094
2011-03-10,0.012084,0.012093,0.012022,0.012047
2011-03-11,0.012067,0.01226,0.012011,0.012222
2011-03-14,0.01224,0.012444,0.012136,0.012258
2011-03-15,0.012252,0.012415,0.012196,0.012378
2011-03-16,0.01239,0.012577,0.012328,0.012488
2011-03-17,0.012719,0.012957,0.012547,0.012655
2011-03-18,0.012653,0.012658,0.0122,0.012356
2011-03-21,0.012371,0.012395,0.012305,0.012342
2011-03-22,0.012343,0.012376,0.01231,0.012363
2011-03-23,0.012356,0.012398,0.01234,0.012376
2011-03-24,0.012361,0.01239,0.012342,0.01236
2011-03-25,0.01235,0.012374,0.012276,0.012289
2011-03-28,0.012293,0.012294,0.012223,0.012251
2011-03-29,0.012245,0.01227,0.012128,0.012135
2011-03-30,0.012133,0.012146,0.012026,0.012072
2011-03-31,0.012068,0.012115,0.01202,0.01204
2011-04-01,0.012026,0.012028,0.011806,0.011897
2011-04-04,0.011887,0.011931,0.011855,0.011898
2011-04-05,0.011891,0.011901,0.011785,0.011793
2011-04-06,0.011754,0.011791,0.011697,0.011713
2011-04-07,0.011711,0.011825,0.011699,0.011779
2011-04-08,0.011766,0.011814,0.011714,0.011793
2011-04-11,0.011781,0.011838,0.011746,0.011816
2011-04-12,0.011813,0.011986,0.011798,0.011948
2011-04-13,0.011967,0.01198,0.011871,0.011932
2011-04-14,0.011922,0.012059,0.011918,0.01199
2011-04-15,0.011977,0.012058,0.011937,0.012033
2011-04-18,0.01203,0.012171,0.012013,0.012104
2011-04-19,0.012121,0.01215,0.012086,0.012139
2011-04-20,0.012114,0.01216,0.012035,0.012139
2011-04-21,0.012111,0.012256,0.012111,0.012232
2011-04-25,0.012226,0.012247,0.012134,0.012231
2011-04-26,0.012224,0.012275,0.012202,0.012256
2011-04-27,0.012259,0.012309,0.012074,0.012165
2011-04-28,0.012164,0.012288,0.012156,0.012272
2011-04-29,0.012266,0.012342,0.012248,0.01233
2011-05-02,0.012333,0.012349,0.012242,0.01231
2011-05-03,0.012308,0.012395,0.012304,0.012361
2011-05-04,0.012355,0.012435,0.012318,0.01241
2011-05-05,0.012405,0.01257,0.012395,0.012468
2011-05-06,0.012456,0.01247,0.012356,0.012429
2011-05-09,0.012405,0.012475,0.012372,0.01245
2011-05-10,0.012456,0.012479,0.012346,0.01238
2011-05-11,0.01237,0.012408,0.012297,0.012359
2011-05-12,0.012327,0.012396,0.012295,0.01236
2011-05-13,0.01235,0.012449,0.012333,0.012371
2011-05-16,0.01237,0.012403,0.012337,0.012384
2011-05-17,0.01237,0.012387,0.01223,0.012277
2011-05-18,0.012285,0.012357,0.012236,0.012258
2011-05-19,0.012246,0.012277,0.012161,0.012257
2011-05-20,0.012244,0.012273,0.012215,0.012257
2011-05-23,0.012232,0.012298,0.012186,0.012206
2011-05-24,0.012207,0.012254,0.012163,0.01221
2011-05-25,0.012199,0.012227,0.012168,0.012195
2011-05-26,0.012192,0.012324,0.012183,0.012298
2011-05-27,0.012293,0.012393,0.012291,0.012375
2011-05-31,0.01237,0.012391,0.012229,0.012273
2011-06-01,0.012273,0.0124,0.012269,0.012363
2011-06-02,0.01236,0.012427,0.012296,0.012368
2011-06-03,0.012356,0.012493,0.012345,0.01246
2011-06-06,0.01246,0.012504,0.012439,0.012491
2011-06-07,0.012486,0.012512,0.012448,0.012483
2011-06-08,0.012483,0.012548,0.012452,0.012512
2011-06-09,0.012513,0.012525,0.012434,0.012452
2011-06-10,0.012446,0.012512,0.012434,0.012454
2011-06-13,0.012466,0.012488,0.012379,0.012475
2011-06-14,0.01247,0.012492,0.012407,0.012431
2011-06-15,0.012426,0.012446,0.012341,0.012361
2011-06-16,0.01236,0.012433,0.012348,0.0124
2011-06-17,0.012411,0.012511,0.012404,0.012498
2011-06-20,0.012485,0.012504,0.01245,0.012461
2011-06-21,0.012466,0.012499,0.01245,0.012488
2011-06-22,0.01247,0.012506,0.012424,0.012458
2011-06-23,0.012459,0.01246,0.012382,0.012418
2011-06-24,0.012441,0.012487,0.012412,0.012437
2011-06-27,0.012438,0.012443,0.012353,0.012366
2011-06-28,0.012374,0.012404,0.01231,0.012331
2011-06-29,0.012344,0.01243,0.012323,0.012367
2011-06-30,0.012378,0.012464,0.012371,0.012433
2011-07-01,0.012416,0.012423,0.012328,0.012372
2011-07-05,0.012378,0.012422,0.012321,0.012342
2011-07-06,0.012336,0.012387,0.012333,0.012363
2011-07-07,0.012362,0.012382,0.012287,0.012313
2011-07-08,0.012321,0.012429,0.012243,0.012408
2011-07-11,0.012424,0.012491,0.012377,0.012482
2011-07-12,0.012468,0.01264,0.012448,0.0126
2011-07-13,0.012644,0.012682,0.012572,0.012666
2011-07-14,0.012679,0.012749,0.012567,0.012642
2011-07-15,0.012637,0.012681,0.01262,0.012654
2011-07-18,0.01265,0.012672,0.012634,0.012653
2011-07-19,0.012656,0.012693,0.012619,0.012633
2011-07-20,0.012638,0.012711,0.012613,0.0127
2011-07-21,0.01269,0.01278,0.012657,0.01275
2011-07-22,0.01274,0.012779,0.012706,0.012754
2011-07-25,0.01278,0.012817,0.012734,0.012782
2011-07-26,0.012778,0.012854,0.012692,0.012845
2011-07-27,0.012833,0.012896,0.012797,0.012819
2011-07-28,0.01284,0.012887,0.012821,0.012859
2011-07-29,0.012877,0.013043,0.012846,0.012982
2011-08-01,0.01293,0.013113,0.012817,0.012976
2011-08-02,0.012931,0.013001,0.012854,0.01296
2011-08-03,0.01294,0.013031,0.012926,0.013011
2011-08-04,0.012985,0.012991,0.012467,0.012656
2011-08-05,0.012652,0.012775,0.012596,0.012755
2011-08-08,0.012798,0.012918,0.012749,0.012891
2011-08-09,0.012857,0.013048,0.012856,0.012977
2011-08-10,0.012959,0.013108,0.012944,0.013032
2011-08-11,0.013028,0.013127,0.012957,0.013017
2011-08-12,0.013016,0.013078,0.012992,0.013029
2011-08-15,0.013013,0.013061,0.012977,0.013032
2011-08-16,0.01302,0.013053,0.013003,0.013034
2011-08-17,0.013021,0.013092,0.013021,0.013079
2011-08-18,0.013053,0.013087,0.013041,0.013073
2011-08-19,0.013069,0.013173,0.012997,0.013076
2011-08-22,0.013025,0.013067,0.012953,0.013034
2011-08-23,0.013021,0.013081,0.013,0.013036
2011-08-24,0.013046,0.01308,0.012975,0.012991
2011-08-25,0.012997,0.013015,0.012871,0.012896
2011-08-26,0.012917,0.013075,0.012911,0.013041
2011-08-29,0.013036,0.013061,0.012985,0.013005
2011-08-30,0.013015,0.01306,0.012991,0.013045
2011-08-31,0.013034,0.013088,0.013015,0.01306
2011-09-01,0.013044,0.013045,0.012944,0.013019
2011-09-02,0.013002,0.013068,0.012993,0.013032
2011-09-06,0.013012,0.013041,0.012864,0.012882
2011-09-07,0.012893,0.012978,0.012867,0.012933
2011-09-08,0.012949,0.012964,0.012887,0.012909
2011-09-09,0.012902,0.012973,0.012844,0.01291
2011-09-12,0.012897,0.01303,0.012889,0.012925
2011-09-13,0.012962,0.013022,0.012945,0.013012
2011-09-14,0.012999,0.013055,0.012976,0.013045
2011-09-15,0.013041,0.013063,0.012931,0.013048
2011-09-16,0.013055,0.013059,0.013007,0.013026
2011-09-19,0.013017,0.01312,0.013003,0.013089
2011-09-20,0.01307,0.013113,0.013044,0.013111
2011-09-21,0.013098,0.013154,0.013045,0.013069
2011-09-22,0.013096,0.013158,0.012987,0.013103
2011-09-23,0.013121,0.013149,0.013019,0.013049
2011-09-26,0.013071,0.013143,0.013041,0.01309
2011-09-27,0.01311,0.013125,0.01301,0.01304
2011-09-28,0.013041,0.013114,0.013022,0.013082
2011-09-29,0.013076,0.013102,0.012995,0.013049
2011-09-30,0.013031,0.013088,0.012965,0.012987
2011-10-03,0.012987,0.013086,0.01294,0.013063
2011-10-04,0.01306,0.013081,0.013005,0.013016
2011-10-05,0.013029,0.013068,0.012988,0.013049
2011-10-06,0.013036,0.013076,0.013025,0.013066
2011-10-07,0.013051,0.01307,0.013,0.01303
2011-10-10,0.01303,0.013073,0.013023,0.013053
2011-10-11,0.013055,0.013067,0.01304,0.013059
2011-10-12,0.013055,0.01312,0.012912,0.012947
2011-10-13,0.012951,0.013054,0.012948,0.013022
2011-10-14,0.013018,0.013022,0.012921,0.012961
2011-10-17,0.012978,0.013068,0.012921,0.013029
2011-10-18,0.013022,0.013062,0.013012,0.013039
2011-10-19,0.013032,0.013056,0.01302,0.013034
2011-10-20,0.013024,0.013052,0.01298,0.013023
2011-10-21,0.013033,0.013216,0.013011,0.01315
2011-10-24,0.013126,0.01317,0.013083,0.013158
2011-10-25,0.013148,0.013214,0.013115,0.013181
2011-10-26,0.013152,0.013219,0.013112,0.013139
2011-10-27,0.013127,0.013226,0.013118,0.013175
2011-10-28,0.013171,0.013224,0.013167,0.01321
2011-10-31,0.013217,0.013264,0.012582,0.012821
2011-11-01,0.012823,0.012832,0.012667,0.012783
2011-11-02,0.012774,0.012841,0.012768,0.012822
2011-11-03,0.012817,0.012849,0.012804,0.012819
2011-11-04,0.012823,0.012834,0.012784,0.012802
2011-11-07,0.012802,0.012834,0.0128,0.012818
2011-11-08,0.012818,0.012898,0.012814,0.012878
2011-11-09,0.012872,0.012905,0.012847,0.012854
2011-11-10,0.012866,0.01291,0.01285,0.012886
2011-11-11,0.012885,0.012988,0.012879,0.012964
2011-11-14,0.012961,0.013027,0.012954,0.012975
2011-11-15,0.01298,0.013011,0.012885,0.012989
2011-11-16,0.012989,0.013019,0.012971,0.013005
2011-11-17,0.012988,0.01301,0.012979,0.013003
2011-11-18,0.012996,0.013067,0.012989,0.013
2011-11-21,0.013005,0.013034,0.012994,0.013004
2011-11-22,0.013009,0.01302,0.012934,0.012997
2011-11-23,0.013,0.013005,0.012894,0.012935
2011-11-25,0.012941,0.012992,0.012858,0.012873
2011-11-28,0.012909,0.012915,0.012785,0.012827
2011-11-29,0.012823,0.012887,0.012778,0.012838
2011-11-30,0.012833,0.012942,0.012799,0.012899
2011-12-01,0.012892,0.01291,0.012852,0.012855
2011-12-02,0.012871,0.012871,0.012809,0.012814
2011-12-05,0.012814,0.012874,0.012807,0.012861
2011-12-06,0.012849,0.012883,0.012846,0.012871
2011-12-07,0.012868,0.012884,0.012856,0.012878
2011-12-08,0.012878,0.012969,0.012853,0.012876
2011-12-09,0.012881,0.012907,0.012857,0.012901
2011-12-12,0.012884,0.01289,0.012819,0.012837
2011-12-13,0.012831,0.012881,0.012817,0.012823
2011-12-14,0.012821,0.012834,0.012793,0.012808
2011-12-15,0.012809,0.012867,0.012797,0.012837
2011-12-16,0.012868,0.012912,0.012855,0.01287
2011-12-19,0.012886,0.012886,0.012699,0.012856
2011-12-20,0.012848,0.012893,0.012836,0.012865
2011-12-21,0.01287,0.012903,0.012822,0.012831
2011-12-22,0.012834,0.012845,0.01281,0.012815
2011-12-23,0.012821,0.012845,0.012806,0.012836
2011-12-27,0.012858,0.012899,0.012857,0.012867
2011-12-28,0.01286,0.012918,0.012833,0.012853
2011-12-29,0.012851,0.012906,0.012846,0.012898
2011-12-30,0.012901,0.013024,0.012881,0.01301
2012-01-03,0.013046,0.01307,0.01303,0.013056
2012-01-04,0.013049,0.013069,0.013028,0.013043
2012-01-05,0.013046,0.01306,0.012958,0.01297
2012-01-06,0.012976,0.013007,0.012943,0.012996
2012-01-09,0.013027,0.013039,0.012998,0.01302
2012-01-10,0.01302,0.013036,0.013013,0.013031
2012-01-11,0.013023,0.013027,0.012991,0.01302
2012-01-12,0.013021,0.013053,0.013,0.013037
2012-01-13,0.01303,0.013054,0.012973,0.013004
2012-01-17,0.013013,0.013075,0.013007,0.013025
2012-01-18,0.013022,0.013055,0.013016,0.013032
2012-01-19,0.013028,0.013046,0.01294,0.012967
2012-01-20,0.012975,0.01301,0.012943,0.012998
2012-01-23,0.012997,0.013016,0.01298,0.012994
2012-01-24,0.012994,0.013,0.01285,0.012871
2012-01-25,0.012883,0.012899,0.012779,0.01286
2012-01-26,0.012873,0.012945,0.012856,0.012912
2012-01-27,0.012915,0.013054,0.01291,0.013044
2012-01-30,0.013035,0.013129,0.01303,0.013114
2012-01-31,0.013103,0.01314,0.013092,0.013134
2012-02-01,0.013116,0.01316,0.013104,0.013126
2012-02-02,0.013128,0.013156,0.013122,0.013134
2012-02-03,0.013129,0.013138,0.013035,0.013064
2012-02-06,0.013073,0.013077,0.013024,0.013062
2012-02-07,0.013065,0.013073,0.012997,0.013034
2012-02-08,0.013029,0.01304,0.012959,0.012988
2012-02-09,0.012985,0.012985,0.012868,0.012881
2012-02-10,0.012881,0.012905,0.012855,0.012892
2012-02-13,0.012883,0.012925,0.01286,0.012886
2012-02-14,0.012891,0.01293,0.012734,0.012746
2012-02-15,0.012758,0.012794,0.012716,0.012745
2012-02-16,0.01276,0.012764,0.012666,0.012675
2012-02-17,0.012678,0.012694,0.012562,0.012589
2012-02-21,0.012544,0.012603,0.012519,0.01255
2012-02-22,0.012544,0.012545,0.012439,0.012468
2012-02-23,0.012456,0.012526,0.012447,0.012489
2012-02-24,0.012505,0.012512,0.012315,0.012351
2012-02-27,0.01226,0.012482,0.012256,0.01243
2012-02-28,0.012424,0.012499,0.012379,0.012417
2012-02-29,0.012427,0.012463,0.0123,0.012321
2012-03-01,0.012309,0.012373,0.012287,0.012334
2012-03-02,0.012327,0.012334,0.012214,0.012225
2012-03-05,0.012218,0.012324,0.012216,0.012279
2012-03-06,0.012268,0.01241,0.012258,0.012384
2012-03-07,0.012381,0.012411,0.012312,0.012314
2012-03-08,0.012323,0.012333,0.012236,0.012252
2012-03-09,0.012263,0.012276,0.0121,0.012115
2012-03-12,0.012123,0.01218,0.012117,0.012156
2012-03-13,0.012152,0.012201,0.012036,0.012065
2012-03-14,0.012064,0.012067,0.011929,0.011947
2012-03-15,0.011946,0.012023,0.011879,0.011992
2012-03-16,0.01198,0.012031,0.011922,0.012005
2012-03-19,0.011999,0.012055,0.011976,0.012
2012-03-20,0.012002,0.012013,0.011938,0.011958
2012-03-21,0.011955,0.012015,0.0119,0.01199
2012-03-22,0.011997,0.012157,0.01199,0.012119
2012-03-23,0.012121,0.01221,0.012065,0.012132
2012-03-26,0.01214,0.01214,0.012056,0.012086
2012-03-27,0.012076,0.012109,0.012,0.012046
2012-03-28,0.012029,0.012113,0.012029,0.012089
2012-03-29,0.012073,0.01222,0.012061,0.012145
2012-03-30,0.012139,0.012229,0.01207,0.012078
2012-04-02,0.012057,0.012222,0.012011,0.012177
2012-04-03,0.012189,0.012272,0.012057,0.012058
2012-04-04,0.012083,0.012189,0.012064,0.012115
2012-04-05,0.012138,0.012229,0.012133,0.012149
2012-04-06,0.01215,0.012309,0.01212,0.012274
2012-04-09,0.01227,0.012325,0.012253,0.012257
2012-04-10,0.012274,0.012409,0.012225,0.012389
2012-04-11,0.012396,0.01242,0.012335,0.012368
2012-04-12,0.012375,0.012393,0.012333,0.012384
2012-04-13,0.012375,0.012381,0.012322,0.012336
2012-04-16,0.01236,0.012462,0.012353,0.01243
2012-04-17,0.012443,0.012456,0.012363,0.012383
2012-04-18,0.012371,0.012373,0.012266,0.012317
2012-04-19,0.01231,0.012327,0.01224,0.012283
2012-04-20,0.012263,0.012279,0.012233,0.012263
2012-04-23,0.012262,0.012356,0.012251,0.01233
2012-04-24,0.012323,0.012374,0.012291,0.012312
2012-04-25,0.012304,0.01234,0.012245,0.012303
2012-04-26,0.012304,0.012402,0.012286,0.012359
2012-04-27,0.01235,0.012473,0.012283,0.012445
2012-04-30,0.012452,0.012547,0.012445,0.012536
2012-05-01,0.012531,0.012561,0.012457,0.012472
2012-05-02,0.012489,0.012496,0.012409,0.01248
2012-05-03,0.012482,0.012488,0.012418,0.012459
2012-05-04,0.012475,0.012537,0.012442,0.012525
2012-05-07,0.012537,0.012564,0.012504,0.012514
2012-05-08,0.012519,0.01255,0.012491,0.012535
2012-05-09,0.012521,0.012595,0.012513,0.012554
2012-05-10,0.012557,0.012566,0.012501,0.012518
2012-05-11,0.012521,0.012547,0.012505,0.012523
2012-05-14,0.012515,0.012553,0.012475,0.012525
2012-05-15,0.012527,0.012533,0.012451,0.012459
2012-05-16,0.01247,0.012472,0.012416,0.012459
2012-05-17,0.012453,0.012641,0.012442,0.012619
2012-05-18,0.01261,0.012663,0.012587,0.01265
2012-05-21,0.012629,0.012643,0.012589,0.012604
2012-05-22,0.012612,0.012617,0.012476,0.012483
2012-05-23,0.012507,0.012627,0.01249,0.012589
2012-05-24,0.012586,0.012606,0.01256,0.012571
2012-05-25,0.012568,0.01258,0.012528,0.012559
2012-05-29,0.012554,0.012617,0.01255,0.012579
2012-05-30,0.012575,0.012682,0.01257,0.01265
2012-05-31,0.012642,0.012787,0.012639,0.012767
2012-06-01,0.012764,0.012881,0.012705,0.012806
2012-06-04,0.012808,0.012825,0.012746,0.012767
2012-06-05,0.012766,0.012805,0.012663,0.012704
2012-06-06,0.012698,0.012721,0.012614,0.012635
2012-06-07,0.012618,0.012625,0.012532,0.01255
2012-06-08,0.012554,0.012641,0.01254,0.012584
2012-06-11,0.012579,0.012602,0.012544,0.012586
2012-06-12,0.012598,0.012633,0.012548,0.012579
2012-06-13,0.01257,0.012612,0.012539,0.012606
2012-06-14,0.012587,0.012633,0.012582,0.012614
2012-06-15,0.012607,0.012737,0.012591,0.012724
2012-06-18,0.01268,0.012697,0.012623,0.012654
2012-06-19,0.012657,0.012699,0.012655,0.012667
2012-06-20,0.012677,0.012705,0.012558,0.012593
2012-06-21,0.012596,0.01261,0.01246,0.012465
2012-06-22,0.012476,0.012512,0.012423,0.012444
2012-06-25,0.012437,0.012602,0.012416,0.012564
2012-06-26,0.012568,0.012636,0.012547,0.012598
2012-06-27,0.012589,0.012616,0.012535,0.012554
2012-06-28,0.012561,0.012637,0.012552,0.012606
2012-06-29,0.012603,0.012653,0.012514,0.012535
2012-07-02,0.012528,0.012624,0.012516,0.012596
2012-07-03,0.01259,0.012606,0.012523,0.012534
2012-07-05,0.012539,0.012581,0.012492,0.012527
2012-07-06,0.012524,0.012623,0.012508,0.012566
2012-07-09,0.012561,0.012602,0.012547,0.012576
2012-07-10,0.01258,0.012636,0.012575,0.012602
2012-07-11,0.012601,0.012647,0.012542,0.012565
2012-07-12,0.012553,0.012641,0.012514,0.012619
2012-07-13,0.01262,0.012665,0.012604,0.012624
2012-07-16,0.012628,0.012719,0.012627,0.012697
2012-07-17,0.012685,0.012701,0.012639,0.012651
2012-07-18,0.012655,0.012706,0.012642,0.0127
2012-07-19,0.012694,0.012766,0.012694,0.012733
2012-07-20,0.012724,0.012756,0.012697,0.012752
2012-07-23,0.012755,0.012839,0.012742,0.012762
2012-07-24,0.012773,0.012813,0.012768,0.012799
2012-07-25,0.0128,0.012818,0.012782,0.012811
2012-07-26,0.012804,0.012854,0.012775,0.012797
2012-07-27,0.01279,0.012815,0.012717,0.012731
2012-07-30,0.012746,0.012808,0.012737,0.012802
2012-07-31,0.012797,0.01282,0.012777,0.012807
2012-08-01,0.012807,0.012842,0.012744,0.012759
2012-08-02,0.012756,0.012808,0.012739,0.012787
2012-08-03,0.012787,0.012815,0.0127,0.012728
2012-08-06,0.012728,0.012803,0.01272,0.012789
2012-08-07,0.012784,0.0128,0.012704,0.012723
2012-08-08,0.012728,0.012787,0.012717,0.012742
2012-08-09,0.012753,0.012779,0.012693,0.01273
2012-08-10,0.01273,0.012799,0.01272,0.012785
2012-08-13,0.012774,0.012798,0.012762,0.012765
2012-08-14,0.012768,0.012772,0.012671,0.012697
2012-08-15,0.012709,0.012727,0.012653,0.012677
2012-08-16,0.01266,0.012668,0.012595,0.012618
2012-08-17,0.012607,0.012623,0.012566,0.012574
2012-08-20,0.012569,0.012609,0.012556,0.012597
2012-08-21,0.012584,0.012625,0.012576,0.01262
2012-08-22,0.012616,0.012778,0.0126,0.012753
2012-08-23,0.012734,0.012764,0.012708,0.012749
2012-08-24,0.012736,0.012748,0.012705,0.012707
2012-08-27,0.012715,0.012719,0.012684,0.012698
2012-08-28,0.012699,0.012748,0.012697,0.012737
2012-08-29,0.012734,0.012743,0.012693,0.01271
2012-08-30,0.012713,0.012741,0.0127,0.012718
2012-08-31,0.01272,0.012793,0.012717,0.012767
2012-09-04,0.012766,0.012789,0.012744,0.012748
2012-09-05,0.012752,0.012772,0.012733,0.012755
2012-09-06,0.012755,0.012758,0.012652,0.012681
2012-09-07,0.012683,0.012819,0.012654,0.012776
2012-09-10,0.012779,0.012792,0.012767,0.01278
2012-09-11,0.012776,0.01287,0.012774,0.012859
2012-09-12,0.012856,0.012864,0.012826,0.012844
2012-09-13,0.012846,0.012967,0.012842,0.012913
2012-09-14,0.012914,0.012916,0.012764,0.012782
2012-09-17,0.012769,0.012802,0.012676,0.012708
2012-09-18,0.012712,0.01275,0.012686,0.012689
2012-09-19,0.0127,0.012788,0.012631,0.012766
2012-09-20,0.01277,0.012826,0.012754,0.012787
2012-09-21,0.012791,0.012812,0.012768,0.012806
2012-09-24,0.012807,0.012863,0.012802,0.012857
2012-09-25,0.012851,0.012886,0.012836,0.012868
2012-09-26,0.012861,0.012898,0.012845,0.012875
2012-09-27,0.012872,0.012899,0.012869,0.012894
2012-09-28,0.012892,0.012922,0.01281,0.012832
2012-10-01,0.012837,0.012863,0.012803,0.012825
2012-10-02,0.01283,0.012834,0.012793,0.012809
2012-10-03,0.012797,0.012809,0.012726,0.012741
2012-10-04,0.01275,0.012778,0.01271,0.012748
2012-10-05,0.012747,0.012783,0.012685,0.012717
2012-10-08,0.012722,0.012815,0.012704,0.012797
2012-10-09,0.012774,0.012804,0.012757,0.012793
2012-10-10,0.012787,0.012807,0.012766,0.012797
2012-10-11,0.012802,0.012836,0.01273,0.012772
2012-10-12,0.012764,0.01278,0.01274,0.012764
2012-10-15,0.012756,0.012774,0.012686,0.012715
2012-10-16,0.012714,0.012715,0.012668,0.01268
2012-10-17,0.012686,0.012727,0.012656,0.012668
2012-10-18,0.012655,0.012665,0.012588,0.012623
2012-10-19,0.012619,0.012641,0.012594,0.012617
2012-10-22,0.012617,0.012628,0.01251,0.01252
2012-10-23,0.012513,0.01255,0.012503,0.012516
2012-10-24,0.012525,0.012553,0.012515,0.012535
2012-10-25,0.012535,0.012537,0.01245,0.012462
2012-10-26,0.012452,0.012585,0.012444,0.012558
2012-10-29,0.01256,0.012578,0.012529,0.012533
2012-10-30,0.012536,0.01264,0.012481,0.012567
2012-10-31,0.012565,0.012581,0.012509,0.012541
2012-11-01,0.012534,0.01254,0.012472,0.012476
2012-11-02,0.012481,0.012484,0.012399,0.012441
2012-11-05,0.012426,0.012481,0.012416,0.012462
2012-11-06,0.012465,0.01251,0.012434,0.01244
2012-11-07,0.012442,0.012542,0.01244,0.012519
2012-11-08,0.012508,0.012611,0.012503,0.012601
2012-11-09,0.012586,0.01265,0.012565,0.012593
2012-11-12,0.01259,0.012606,0.012573,0.012591
2012-11-13,0.012573,0.012629,0.01256,0.012598
2012-11-14,0.012594,0.012599,0.012454,0.012477
2012-11-15,0.012478,0.012483,0.012278,0.012317
2012-11-16,0.012326,0.012364,0.012281,0.012314
2012-11-19,0.012287,0.012335,0.01226,0.012294
2012-11-20,0.012297,0.012327,0.012233,0.012241
2012-11-21,0.012243,0.012249,0.012116,0.012125
2012-11-23,0.012117,0.012187,0.012074,0.012141
2012-11-26,0.01214,0.012208,0.012104,0.012172
2012-11-27,0.012186,0.012218,0.012148,0.012172
2012-11-28,0.01218,0.012243,0.012164,0.012209
2012-11-29,0.012184,0.012209,0.012163,0.012178
2012-11-30,0.012178,0.01219,0.012086,0.012138
2012-12-03,0.012139,0.012197,0.012121,0.012163
2012-12-04,0.012169,0.012238,0.012164,0.01222
2012-12-05,0.01221,0.012226,0.012124,0.012147
2012-12-06,0.012134,0.012166,0.012105,0.012142
2012-12-07,0.012133,0.012169,0.012073,0.012138
2012-12-10,0.012116,0.012178,0.012101,0.012146
2012-12-11,0.012145,0.012151,0.01211,0.012122
2012-12-12,0.012117,0.012122,0.012005,0.012021
2012-12-13,0.012021,0.012025,0.011951,0.011966
2012-12-14,0.011966,0.012011,0.01192,0.011992
2012-12-17,0.0119,0.011968,0.011881,0.011939
2012-12-18,0.01193,0.011939,0.011876,0.011888
2012-12-19,0.011877,0.011885,0.011827,0.011858
2012-12-20,0.0119,0.011934,0.011848,0.011853
2012-12-21,0.011862,0.011934,0.01185,0.011882
2012-12-24,0.011858,0.011868,0.01179,0.011804
2012-12-26,0.01173,0.011739,0.011673,0.011688
2012-12-27,0.011705,0.011707,0.011613,0.011632
2012-12-28,0.011607,0.011654,0.011548,0.011625
2012-12-31,0.011656,0.01166,0.011527,0.01155
2013-01-02,0.0115,0.011508,0.011453,0.011485
2013-01-03,0.011459,0.011531,0.011453,0.011478
2013-01-04,0.01144,0.011448,0.011317,0.011352
2013-01-07,0.011328,0.011418,0.011325,0.011391
2013-01-08,0.01144,0.011514,0.011393,0.011474
2013-01-09,0.011521,0.011522,0.011367,0.011401
2013-01-10,0.011367,0.011375,0.011267,0.011346
2013-01-11,0.011252,0.011275,0.011185,0.011219
2013-01-14,0.011183,0.011232,0.01116,0.011193
2013-01-15,0.011183,0.011332,0.011162,0.011266
2013-01-16,0.011266,0.011396,0.011259,0.011304
2013-01-17,0.011296,0.011352,0.011097,0.01111
2013-01-18,0.011123,0.011162,0.011091,0.011111
2013-01-22,0.011097,0.011322,0.011086,0.011274
2013-01-23,0.01127,0.01136,0.011265,0.011282
2013-01-24,0.011296,0.011313,0.011045,0.011119
2013-01-25,0.011062,0.011079,0.010969,0.010993
2013-01-28,0.010989,0.011045,0.010961,0.011023
2013-01-29,0.011034,0.011074,0.010989,0.011027
2013-01-30,0.011021,0.011027,0.010943,0.010968
2013-01-31,0.010983,0.011023,0.010897,0.010945
2013-02-01,0.010903,0.010918,0.01076,0.010785
2013-02-04,0.010776,0.010848,0.010734,0.010827
2013-02-05,0.010858,0.010866,0.01068,0.010712
2013-02-06,0.010673,0.010724,0.010633,0.010711
2013-02-07,0.010694,0.010748,0.01065,0.010691
2013-02-08,0.010675,0.010854,0.01067,0.010777
2013-02-11,0.010804,0.010819,0.010588,0.010707
2013-02-12,0.010612,0.010766,0.010595,0.010695
2013-02-13,0.010726,0.010777,0.010666,0.010701
2013-02-14,0.010725,0.010793,0.010672,0.010753
2013-02-15,0.010769,0.010846,0.010658,0.010706
2013-02-19,0.010654,0.010721,0.010615,0.010704
2013-02-20,0.01069,0.01074,0.010635,0.010659
2013-02-21,0.010676,0.010782,0.010655,0.010742
2013-02-22,0.010752,0.010763,0.010692,0.010707
2013-02-25,0.010632,0.011009,0.010605,0.010798
2013-02-26,0.010853,0.010977,0.010783,0.010876
2013-02-27,0.010874,0.010974,0.010818,0.010834
2013-02-28,0.010846,0.010869,0.01077,0.01079
2013-03-01,0.010798,0.010819,0.010675,0.010685
2013-03-04,0.010689,0.010733,0.01067,0.010704
2013-03-05,0.010698,0.010764,0.010693,0.010719
2013-03-06,0.010712,0.010755,0.010625,0.010632
2013-03-07,0.01064,0.010662,0.010515,0.010544
2013-03-08,0.010537,0.010544,0.010353,0.010438
2013-03-11,0.010422,0.010425,0.010375,0.010389
2013-03-12,0.010381,0.010457,0.01034,0.010426
2013-03-13,0.010417,0.010478,0.010388,0.010414
2013-03-14,0.010407,0.010452,0.01035,0.01041
2013-03-15,0.010413,0.010525,0.010392,0.010483
2013-03-18,0.010568,0.010611,0.010464,0.010486
2013-03-19,0.010502,0.010564,0.010451,0.010521
2013-03-20,0.010519,0.010552,0.010407,0.010436
2013-03-21,0.010423,0.010585,0.01041,0.010544
2013-03-22,0.010533,0.010623,0.010517,0.010593
2013-03-25,0.010584,0.010698,0.010536,0.010641
2013-03-26,0.010623,0.01066,0.010574,0.010588
2013-03-27,0.010586,0.010643,0.010542,0.010602
2013-03-28,0.010599,0.010659,0.010594,0.010633
2013-04-01,0.010614,0.01074,0.010601,0.010716
2013-04-02,0.010734,0.010809,0.010693,0.010717
2013-04-03,0.010717,0.010792,0.010679,0.010773
2013-04-04,0.01075,0.010789,0.010376,0.010406
2013-04-05,0.010382,0.010448,0.010226,0.010242
2013-04-08,0.010186,0.010202,0.010064,0.010086
2013-04-09,0.010059,0.010148,0.010037,0.010077
2013-04-10,0.01009,0.010114,0.010016,0.010027
2013-04-11,0.010021,0.010093,0.010008,0.010012
2013-04-12,0.010027,0.010198,0.010026,0.010118
2013-04-15,0.010175,0.010383,0.010134,0.010285
2013-04-16,0.010354,0.010365,0.01019,0.010267
2013-04-17,0.010234,0.010291,0.010162,0.010223
2013-04-18,0.010178,0.010246,0.010153,0.010197
2013-04-19,0.010185,0.010197,0.010034,0.010049
2013-04-22,0.010027,0.010107,0.010013,0.010063
2013-04-23,0.010073,0.010158,0.01005,0.010063
2013-04-24,0.010062,0.010086,0.010026,0.010052
2013-04-25,0.010052,0.010106,0.010047,0.010069
2013-04-26,0.010071,0.010254,0.010061,0.010183
2013-04-29,0.010206,0.010276,0.010185,0.010206
2013-04-30,0.010224,0.010312,0.010193,0.010258
2013-05-01,0.010268,0.01031,0.010239,0.010271
2013-05-02,0.010278,0.010303,0.010165,0.01021
2013-05-03,0.010213,0.010217,0.010075,0.010099
2013-05-06,0.01009,0.010098,0.010057,0.010063
2013-05-07,0.010069,0.010122,0.010058,0.010106
2013-05-08,0.010105,0.010147,0.010087,0.010123
2013-05-09,0.010105,0.01014,0.009922,0.009944
2013-05-10,0.00994,0.009947,0.009807,0.00985
2013-05-13,0.00983,0.009852,0.00979,0.009811
2013-05-14,0.009826,0.009877,0.009762,0.009782
2013-05-15,0.009776,0.00982,0.009732,0.009775
2013-05-16,0.009782,0.009822,0.009739,0.009799
2013-05-17,0.009784,0.009797,0.00968,0.009692
2013-05-20,0.009745,0.00979,0.009717,0.009781
2013-05-21,0.009778,0.009797,0.00972,0.009752
2013-05-22,0.009756,0.009772,0.00964,0.00969
2013-05-23,0.009699,0.009919,0.009656,0.009817
2013-05-24,0.009807,0.009937,0.009749,0.0099
2013-05-28,0.00988,0.009928,0.009756,0.009797
2013-05-29,0.009777,0.009931,0.009754,0.009886
2013-05-30,0.00989,0.009955,0.009823,0.009907
2013-05-31,0.009922,0.009978,0.009873,0.009934
2013-06-03,0.009947,0.010116,0.009928,0.010056
2013-06-04,0.010053,0.010068,0.009959,0.009996
2013-06-05,0.009998,0.010105,0.009954,0.010078
2013-06-06,0.010085,0.010429,0.010053,0.010287
2013-06-07,0.010266,0.010528,0.010226,0.010265
2013-06-10,0.01023,0.010234,0.010072,0.010131
2013-06-11,0.010105,0.010462,0.010102,0.010402
2013-06-12,0.010413,0.010513,0.010307,0.010453
2013-06-13,0.01043,0.010663,0.010421,0.010543
2013-06-14,0.010467,0.010647,0.010452,0.010612
2013-06-17,0.010622,0.010623,0.010505,0.010547
2013-06-18,0.010571,0.010594,0.010446,0.0105
2013-06-19,0.010489,0.01055,0.01031,0.010368
2013-06-20,0.010386,0.0104,0.010179,0.010285
2013-06-21,0.010277,0.010328,0.010195,0.010234
2013-06-24,0.010214,0.010296,0.010136,0.010239
2013-06-25,0.010238,0.010318,0.010202,0.010234
2013-06-26,0.010212,0.010289,0.010184,0.010223
2013-06-27,0.01023,0.010254,0.010148,0.010168
2013-06-28,0.010165,0.010168,0.010059,0.010087
2013-07-01,0.010085,0.010087,0.010016,0.010031
2013-07-02,0.010042,0.010053,0.00993,0.009945
2013-07-03,0.00994,0.010079,0.009918,0.009994
2013-07-05,0.010008,0.010054,0.009881,0.009886
2013-07-08,0.009879,0.009926,0.009852,0.009907
2013-07-09,0.009913,0.009927,0.009873,0.009912
2013-07-10,0.009893,0.010064,0.009883,0.009987
2013-07-11,0.010043,0.010184,0.010038,0.010098
2013-07-12,0.010104,0.010137,0.010033,0.010065
2013-07-15,0.010071,0.010097,0.009949,0.010017
2013-07-16,0.01001,0.010116,0.009996,0.010086
2013-07-17,0.010089,0.0101,0.010006,0.010044
2013-07-18,0.010044,0.010056,0.009937,0.009956
2013-07-19,0.009952,0.010023,0.009916,0.00998
2013-07-22,0.009963,0.010075,0.00994,0.010044
2013-07-23,0.01004,0.01009,0.009984,0.010059
2013-07-24,0.010055,0.010065,0.009958,0.009984
2013-07-25,0.009974,0.010116,0.009957,0.010046
2013-07-26,0.010075,0.010211,0.010063,0.010186
2013-07-29,0.010174,0.010245,0.010172,0.010221
2013-07-30,0.010213,0.010232,0.010158,0.01021
2013-07-31,0.010202,0.010251,0.010145,0.010231
2013-08-01,0.010222,0.010242,0.010041,0.010051
2013-08-02,0.01005,0.010137,0.010002,0.010116
2013-08-05,0.010105,0.010194,0.010087,0.010174
2013-08-06,0.010179,0.010258,0.010145,0.010243
2013-08-07,0.010229,0.010385,0.010229,0.010378
2013-08-08,0.010376,0.01044,0.010317,0.010362
2013-08-09,0.01035,0.010404,0.010312,0.010384
2013-08-12,0.010384,0.010427,0.010318,0.010346
2013-08-13,0.010308,0.010308,0.01017,0.010183
2013-08-14,0.010178,0.010219,0.010161,0.010192
2013-08-15,0.010203,0.010309,0.010137,0.01027
2013-08-16,0.010281,0.010305,0.010228,0.01025
2013-08-19,0.010244,0.010273,0.010192,0.010249
2013-08-20,0.010246,0.010321,0.010219,0.010286
2013-08-21,0.010278,0.010297,0.010206,0.010234
2013-08-22,0.010238,0.010238,0.010121,0.010145
2013-08-23,0.010129,0.010165,0.010086,0.010137
2013-08-26,0.010143,0.010178,0.010117,0.010139
2013-08-27,0.010157,0.010315,0.010149,0.010301
2013-08-28,0.010304,0.010329,0.010222,0.010237
2013-08-29,0.010236,0.010262,0.01015,0.010178
2013-08-30,0.010172,0.010217,0.010154,0.010188
2013-09-03,0.010167,0.010177,0.010014,0.010053
2013-09-04,0.010043,0.010068,0.010019,0.010025
2013-09-05,0.010024,0.010045,0.009981,0.009987
2013-09-06,0.009985,0.010148,0.009977,0.010078
2013-09-09,0.010027,0.010068,0.009989,0.010041
2013-09-10,0.010039,0.010054,0.009951,0.009965
2013-09-11,0.009962,0.01002,0.009939,0.010006
2013-09-12,0.010004,0.0101,0.010002,0.010057
2013-09-13,0.010056,0.010086,0.010007,0.010078
2013-09-16,0.010119,0.010142,0.010087,0.010089
2013-09-17,0.010094,0.010105,0.010066,0.010093
2013-09-18,0.010092,0.010234,0.010071,0.010213
2013-09-19,0.010192,0.01021,0.010041,0.010073
2013-09-20,0.010061,0.010088,0.010037,0.01007
2013-09-23,0.010075,0.010142,0.010069,0.010123
2013-09-24,0.010125,0.01016,0.010088,0.010124
2013-09-25,0.01013,0.010169,0.010124,0.010161
2013-09-26,0.010162,0.01018,0.01009,0.010126
2013-09-27,0.010108,0.010199,0.010101,0.010178
2013-09-30,0.010229,0.010262,0.010161,0.010186
2013-10-01,0.010181,0.010244,0.010133,0.010222
2013-10-02,0.010207,0.010299,0.010199,0.010272
2013-10-03,0.010271,0.01032,0.010221,0.010288
2013-10-04,0.010287,0.010319,0.010258,0.010268
2013-10-07,0.010278,0.010349,0.010278,0.010325
2013-10-08,0.010344,0.010357,0.010286,0.010316
2013-10-09,0.010327,0.010333,0.010245,0.010275
2013-10-10,0.010275,0.010276,0.010179,0.010193
2013-10-11,0.01018,0.010217,0.010143,0.010157
2013-10-14,0.010186,0.010198,0.010146,0.010175
2013-10-15,0.010138,0.010212,0.010135,0.010177
2013-10-16,0.010188,0.010193,0.010107,0.01013
2013-10-17,0.010127,0.010243,0.010104,0.010223
2013-10-18,0.010216,0.010254,0.010191,0.010221
2013-10-21,0.010216,0.010224,0.010182,0.010187
2013-10-22,0.010188,0.010225,0.010157,0.010198
2013-10-23,0.010194,0.010296,0.010187,0.010278
2013-10-24,0.010273,0.010294,0.010246,0.010275
2013-10-25,0.01028,0.010318,0.01026,0.010274
2013-10-28,0.010247,0.010264,0.010228,0.01024
2013-10-29,0.010239,0.010263,0.010177,0.010194
2013-10-30,0.010187,0.010202,0.010134,0.010146
2013-10-31,0.010159,0.010198,0.010147,0.010172
2013-11-01,0.010165,0.010227,0.010117,0.010127
2013-11-04,0.010131,0.010151,0.010118,0.010149
2013-11-05,0.010139,0.010189,0.010137,0.010145
2013-11-06,0.010149,0.010164,0.010128,0.010135
2013-11-07,0.010138,0.010246,0.01006,0.010218
2013-11-08,0.010188,0.010218,0.01008,0.010087
2013-11-11,0.010084,0.01011,0.010071,0.010078
2013-11-12,0.010085,0.010092,0.010021,0.010034
2013-11-13,0.010039,0.010098,0.010034,0.010065
2013-11-14,0.010072,0.010089,0.009985,0.009996
2013-11-15,0.009995,0.010007,0.009957,0.009979
2013-11-18,0.009974,0.010022,0.009962,0.009995
2013-11-19,0.010006,0.010045,0.009975,0.009982
2013-11-20,0.009983,0.010023,0.009976,0.009992
2013-11-21,0.009995,0.009998,0.009885,0.009892
2013-11-22,0.009886,0.009907,0.009867,0.009871
2013-11-25,0.009875,0.009888,0.009812,0.009838
2013-11-26,0.009849,0.009889,0.009838,0.009879
2013-11-27,0.009873,0.009884,0.009786,0.009793
2013-11-29,0.009784,0.009811,0.009746,0.009761
2013-12-02,0.009756,0.009784,0.009697,0.0097
2013-12-03,0.009714,0.009807,0.009674,0.00977
2013-12-04,0.009763,0.009823,0.009725,0.009791
2013-12-05,0.009774,0.009841,0.009762,0.009834
2013-12-06,0.009824,0.009839,0.009712,0.009717
2013-12-09,0.0097,0.00972,0.009678,0.009687
2013-12-10,0.009681,0.009749,0.009672,0.009735
2013-12-11,0.009722,0.009791,0.009714,0.009748
2013-12-12,0.009758,0.009765,0.009666,0.009684
2013-12-13,0.009662,0.009716,0.009628,0.009696
2013-12-16,0.009701,0.009748,0.009688,0.009715
2013-12-17,0.009707,0.009762,0.009702,0.009745
2013-12-18,0.009752,0.009793,0.009587,0.009666
2013-12-19,0.009595,0.009641,0.009585,0.009605
2013-12-20,0.0096,0.009633,0.00956,0.009616
2013-12-23,0.009612,0.009641,0.009608,0.009611
2013-12-24,0.009603,0.009608,0.009582,0.009595
2013-12-26,0.00955,0.009556,0.009543,0.009553
2013-12-27,0.009547,0.009559,0.009508,0.009515
2013-12-30,0.009502,0.00953,0.009489,0.009518
2013-12-31,0.00952,0.00954,0.009495,0.009503
2014-01-02,0.009486,0.009568,0.009486,0.009555
2014-01-03,0.009544,0.009612,0.009534,0.009558
2014-01-06,0.00954,0.009629,0.009531,0.009594
2014-01-07,0.009599,0.009602,0.00955,0.009573
2014-01-08,0.009558,0.00956,0.009515,0.009544
2014-01-09,0.009539,0.009565,0.009521,0.009549
2014-01-10,0.009541,0.009635,0.00949,0.009615
2014-01-13,0.00961,0.009726,0.009606,0.009719
2014-01-14,0.009708,0.00971,0.009591,0.0096
2014-01-15,0.009596,0.00961,0.009554,0.009564
2014-01-16,0.009563,0.009604,0.009533,0.00959
2014-01-17,0.009585,0.0096,0.009573,0.009589
2014-01-21,0.009591,0.009631,0.009548,0.009593
2014-01-22,0.009591,0.009621,0.009562,0.009581
2014-01-23,0.00957,0.009714,0.009541,0.009695
2014-01-24,0.00968,0.009806,0.009656,0.009777
2014-01-27,0.009798,0.009816,0.009717,0.009733
2014-01-28,0.009747,0.009756,0.009686,0.009724
2014-01-29,0.009673,0.009822,0.009672,0.009804
2014-01-30,0.009791,0.009797,0.009721,0.009738
2014-01-31,0.009731,0.00981,0.009717,0.009775
2014-02-03,0.009792,0.009926,0.009766,0.009918
2014-02-04,0.009894,0.009927,0.009837,0.009843
2014-02-05,0.009842,0.009923,0.009829,0.009873
2014-02-06,0.009855,0.009879,0.009788,0.009794
2014-02-07,0.009805,0.00986,0.00975,0.009777
2014-02-10,0.009751,0.009806,0.009744,0.009786
2014-02-11,0.009784,0.009798,0.009738,0.009745
2014-02-12,0.009743,0.009784,0.009743,0.00976
2014-02-13,0.009754,0.009835,0.009754,0.009777
2014-02-14,0.009781,0.009847,0.009765,0.009817
2014-02-18,0.009831,0.009865,0.009734,0.009775
2014-02-19,0.009768,0.009825,0.00976,0.009773
2014-02-20,0.009774,0.009837,0.009765,0.009775
2014-02-21,0.009772,0.009776,0.009725,0.009755
2014-02-24,0.009752,0.009789,0.00974,0.009757
2014-02-25,0.00976,0.009808,0.009744,0.009789
2014-02-26,0.009784,0.009795,0.009746,0.00976
2014-02-27,0.009769,0.009831,0.009762,0.009798
2014-02-28,0.009787,0.009848,0.009776,0.009825
2014-03-03,0.00984,0.009882,0.00984,0.009859
2014-03-04,0.009859,0.009862,0.009776,0.00978
2014-03-05,0.009781,0.009793,0.009752,0.009774
2014-03-06,0.009771,0.009773,0.009692,0.009705
2014-03-07,0.009702,0.009724,0.009637,0.009681
2014-03-10,0.009694,0.009714,0.009671,0.009691
2014-03-11,0.009684,0.009724,0.009668,0.009718
2014-03-12,0.00971,0.009752,0.0097,0.009739
2014-03-13,0.009732,0.009849,0.009722,0.009839
2014-03-14,0.009822,0.009886,0.00982,0.009879
2014-03-17,0.009867,0.009878,0.009821,0.009835
2014-03-18,0.009828,0.009881,0.009814,0.009855
2014-03-19,0.009863,0.009877,0.009742,0.009761
2014-03-20,0.009769,0.009788,0.009756,0.009764
2014-03-21,0.009768,0.009807,0.009767,0.009787
2014-03-24,0.009785,0.009796,0.009746,0.009785
2014-03-25,0.009787,0.009799,0.00976,0.009783
2014-03-26,0.009783,0.00982,0.00975,0.009802
2014-03-27,0.009803,0.009836,0.009766,0.009791
2014-03-28,0.009787,0.009805,0.009714,0.009731
2014-03-31,0.009725,0.009732,0.009671,0.009692
2014-04-01,0.00969,0.009704,0.009643,0.009646
2014-04-02,0.009648,0.009657,0.009624,0.00964
2014-04-03,0.00963,0.009637,0.009598,0.009626
2014-04-04,0.009625,0.009694,0.0096,0.009689
2014-04-07,0.009681,0.009713,0.009675,0.0097
2014-04-08,0.009706,0.009852,0.009701,0.009842
2014-04-09,0.009823,0.009835,0.009793,0.00983
2014-04-10,0.009809,0.009872,0.009794,0.00986
2014-04-11,0.00986,0.009873,0.009819,0.009848
2014-04-14,0.009845,0.009864,0.009806,0.009835
2014-04-15,0.009821,0.009856,0.009808,0.009824
2014-04-16,0.009821,0.009826,0.009772,0.009782
2014-04-17,0.009784,0.009821,0.009762,0.009769
2014-04-21,0.009766,0.00977,0.009739,0.009746
2014-04-22,0.009746,0.009767,0.009737,0.009746
2014-04-23,0.009749,0.00979,0.00974,0.009767
2014-04-24,0.009757,0.009799,0.009744,0.009775
2014-04-25,0.009779,0.009811,0.009758,0.009795
2014-04-28,0.009794,0.009803,0.009745,0.009766
2014-04-29,0.009758,0.009761,0.009732,0.009752
2014-04-30,0.009745,0.009804,0.009743,0.009795
2014-05-01,0.009785,0.009794,0.009768,0.009777
2014-05-02,0.009774,0.009794,0.009687,0.009784
2014-05-05,0.009783,0.009819,0.009782,0.009795
2014-05-06,0.009792,0.009856,0.009788,0.009848
2014-05-07,0.009834,0.009861,0.009806,0.009827
2014-05-08,0.009817,0.009858,0.00981,0.009856
2014-05-09,0.009841,0.00985,0.00982,0.009826
2014-05-12,0.009821,0.009824,0.009788,0.00979
2014-05-13,0.009791,0.0098,0.009771,0.009777
2014-05-14,0.00978,0.009833,0.009778,0.009827
2014-05-15,0.00982,0.009875,0.009794,0.009851
2014-05-16,0.009848,0.009868,0.009837,0.009853
2014-05-19,0.009854,0.009893,0.009845,0.009872
2014-05-20,0.009856,0.009885,0.009844,0.009876
2014-05-21,0.009873,0.00992,0.00984,0.009863
2014-05-22,0.009862,0.009867,0.009823,0.009824
2014-05-23,0.00983,0.009844,0.009804,0.009807
2014-05-27,0.009807,0.009831,0.009787,0.009808
2014-05-28,0.009804,0.00984,0.009801,0.009819
2014-05-29,0.009823,0.00986,0.00982,0.00983
2014-05-30,0.009829,0.009854,0.009819,0.009834
2014-06-02,0.009823,0.009828,0.009757,0.00976
2014-06-03,0.009767,0.009779,0.009751,0.009756
2014-06-04,0.009753,0.009762,0.009728,0.009737
2014-06-05,0.009734,0.009772,0.009734,0.009761
2014-06-06,0.009765,0.009793,0.009745,0.009753
2014-06-09,0.009751,0.009768,0.009742,0.009753
2014-06-10,0.009753,0.009784,0.009749,0.00977
2014-06-11,0.009771,0.009817,0.009766,0.009802
2014-06-12,0.009804,0.009842,0.00979,0.009837
2014-06-13,0.009837,0.009842,0.009796,0.009808
2014-06-16,0.009806,0.009837,0.009806,0.009825
2014-06-17,0.009828,0.009828,0.009785,0.009793
2014-06-18,0.009793,0.00982,0.009762,0.009798
2014-06-19,0.009817,0.009834,0.009809,0.009816
2014-06-20,0.009814,0.009826,0.00979,0.009799
2014-06-23,0.009802,0.009827,0.009796,0.009818
2014-06-24,0.009816,0.009827,0.009792,0.009812
2014-06-25,0.009813,0.009956,0.009811,0.009822
2014-06-26,0.009823,0.009859,0.009822,0.00984
2014-06-27,0.009838,0.009875,0.009824,0.009869
2014-06-30,0.009864,0.009883,0.00986,0.00988
2014-07-01,0.009875,0.009879,0.009848,0.009856
2014-07-02,0.009853,0.009866,0.009823,0.009825
2014-07-03,0.00983,0.009831,0.009768,0.009788
2014-07-07,0.009789,0.009829,0.009787,0.009822
2014-07-08,0.009821,0.009858,0.009819,0.009854
2014-07-09,0.009851,0.009862,0.009819,0.009851
2014-07-10,0.009842,0.009899,0.009842,0.009879
2014-07-11,0.009874,0.009884,0.009867,0.009873
2014-07-14,0.009873,0.009873,0.009843,0.009848
2014-07-15,0.009852,0.009862,0.009828,0.009836
2014-07-16,0.009838,0.009843,0.009827,0.009836
2014-07-17,0.009839,0.009891,0.009838,0.009876
2014-07-18,0.009889,0.009896,0.009861,0.00987
2014-07-21,0.009871,0.009887,0.009865,0.009868
2014-07-22,0.009865,0.009873,0.009846,0.009861
2014-07-23,0.009859,0.009873,0.00985,0.009851
2014-07-24,0.009852,0.009864,0.009821,0.009823
2014-07-25,0.009824,0.009835,0.009812,0.009826
2014-07-28,0.009826,0.009832,0.009816,0.009819
2014-07-29,0.009821,0.009824,0.009791,0.009794
2014-07-30,0.009794,0.009803,0.009702,0.009723
2014-07-31,0.009729,0.009737,0.00971,0.009724
2014-08-01,0.009729,0.009774,0.009707,0.009753
2014-08-04,0.009749,0.009767,0.009736,0.009754
2014-08-05,0.009752,0.009762,0.009717,0.009752
2014-08-06,0.009748,0.009828,0.009745,0.009803
2014-08-07,0.009795,0.009807,0.009762,0.009802
2014-08-08,0.009797,0.009854,0.009792,0.009802
2014-08-11,0.009796,0.009804,0.009784,0.009788
2014-08-12,0.009787,0.009797,0.009771,0.009786
2014-08-13,0.00978,0.009784,0.009754,0.009762
2014-08-14,0.009765,0.009776,0.009742,0.009761
2014-08-15,0.009758,0.009792,0.009737,0.009774
2014-08-18,0.009771,0.009782,0.009748,0.009749
2014-08-19,0.00975,0.009756,0.009717,0.009718
2014-08-20,0.009716,0.009719,0.009631,0.009644
2014-08-21,0.009643,0.009654,0.009621,0.009636
2014-08-22,0.009631,0.009663,0.009599,0.009623
2014-08-25,0.009606,0.009629,0.009593,0.009618
2014-08-26,0.009613,0.00964,0.0096,0.009608
2014-08-27,0.009609,0.009636,0.009601,0.009628
2014-08-28,0.009626,0.009657,0.009621,0.009647
2014-08-29,0.009642,0.009648,0.009605,0.009606
2014-09-02,0.009602,0.009606,0.009505,0.009513
2014-09-03,0.009518,0.009548,0.009496,0.009539
2014-09-04,0.009538,0.009546,0.009491,0.009503
2014-09-05,0.009497,0.009553,0.009461,0.009518
2014-09-08,0.009513,0.009524,0.009426,0.009445
2014-09-09,0.009438,0.00944,0.009392,0.009405
2014-09-10,0.009416,0.009431,0.009356,0.009361
2014-09-11,0.009361,0.009377,0.009329,0.009341
2014-09-12,0.009352,0.009352,0.009318,0.009324
2014-09-15,0.009326,0.009351,0.00932,0.009335
2014-09-16,0.009335,0.009369,0.009323,0.009338
2014-09-17,0.009339,0.009343,0.009232,0.009266
2014-09-18,0.009228,0.009234,0.009185,0.009202
2014-09-19,0.0092,0.009217,0.009143,0.009186
2014-09-22,0.009176,0.009211,0.009165,0.009196
2014-09-23,0.009195,0.009245,0.009182,0.009187
2014-09-24,0.009191,0.009227,0.009167,0.009182
2014-09-25,0.009175,0.009221,0.009149,0.009207
2014-09-26,0.0092,0.009225,0.00913,0.009149
2014-09-29,0.00915,0.009168,0.009117,0.009143
2014-09-30,0.009139,0.009163,0.009107,0.00912
2014-10-01,0.009126,0.00919,0.009088,0.009164
2014-10-02,0.009181,0.009263,0.009168,0.009229
2014-10-03,0.009233,0.009234,0.009103,0.009107
2014-10-06,0.009118,0.009208,0.009107,0.009181
2014-10-07,0.009203,0.00928,0.009159,0.009258
2014-10-08,0.009255,0.009285,0.0092,0.00925
2014-10-09,0.009251,0.009304,0.009236,0.009283
2014-10-10,0.00928,0.009297,0.009251,0.009279
2014-10-13,0.00931,0.009378,0.0093,0.00931
2014-10-14,0.009354,0.009378,0.009322,0.009355
2014-10-15,0.009339,0.00951,0.009306,0.009437
2014-10-16,0.009437,0.009483,0.009397,0.009424
2014-10-17,0.009414,0.009426,0.009354,0.009378
2014-10-20,0.009347,0.009369,0.009315,0.009364
2014-10-21,0.009351,0.009416,0.009347,0.009363
2014-10-22,0.009344,0.009369,0.009317,0.009333
2014-10-23,0.009333,0.00934,0.009233,0.009245
2014-10-24,0.009238,0.009281,0.009237,0.009256
2014-10-27,0.009241,0.009297,0.00924,0.00929
2014-10-28,0.009276,0.009289,0.009245,0.009255
2014-10-29,0.009251,0.009269,0.00918,0.009196
2014-10-30,0.009191,0.009197,0.009137,0.009149
2014-10-31,0.009154,0.009162,0.008893,0.008908
2014-11-03,0.008874,0.008887,0.008758,0.008793
2014-11-04,0.008788,0.008839,0.008786,0.008807
2014-11-05,0.008817,0.008819,0.00871,0.00872
2014-11-06,0.008719,0.00877,0.008659,0.008701
2014-11-07,0.008682,0.008755,0.008652,0.008733
2014-11-10,0.008735,0.008784,0.008704,0.008704
2014-11-11,0.00871,0.008725,0.008613,0.008643
2014-11-12,0.008635,0.008706,0.008628,0.008656
2014-11-13,0.008654,0.008674,0.00863,0.008646
2014-11-14,0.008638,0.008643,0.008561,0.008605
2014-11-17,0.00858,0.008663,0.008544,0.008587
2014-11-18,0.008574,0.008597,0.008545,0.008556
2014-11-19,0.008553,0.008562,0.00847,0.008485
2014-11-20,0.008465,0.008494,0.008406,0.008479
2014-11-21,0.008459,0.008522,0.008449,0.008491
2014-11-24,0.008483,0.008506,0.00844,0.008454
2014-11-25,0.008452,0.008498,0.008431,0.008481
2014-11-26,0.008481,0.008516,0.00848,0.008496
2014-11-28,0.008505,0.008531,0.00842,0.008424
2014-12-01,0.008417,0.008486,0.008394,0.008456
2014-12-02,0.00845,0.00846,0.008383,0.008386
2014-12-03,0.008388,0.008396,0.008343,0.008346
2014-12-04,0.008346,0.008381,0.008316,0.008348
2014-12-05,0.008346,0.008355,0.008218,0.008237
2014-12-08,0.008212,0.00832,0.008207,0.0083
2014-12-09,0.008296,0.008481,0.008265,0.008368
2014-12-10,0.008364,0.008498,0.008339,0.008469
2014-12-11,0.008479,0.008515,0.008364,0.008397
2014-12-12,0.008426,0.00848,0.008398,0.00843
2014-12-15,0.008463,0.008515,0.008407,0.008504
2014-12-16,0.008498,0.008663,0.008485,0.008539
2014-12-17,0.008595,0.008597,0.008418,0.008443
2014-12-18,0.008423,0.008464,0.008389,0.008422
2014-12-19,0.008415,0.008423,0.008366,0.008373
2014-12-22,0.008372,0.008387,0.008331,0.008342
2014-12-23,0.008333,0.008337,0.008282,0.008289
2014-12-24,0.008289,0.008321,0.008288,0.008308
2014-12-26,0.008321,0.008328,0.008307,0.008313
2014-12-29,0.008314,0.008326,0.008287,0.008289
2014-12-30,0.008291,0.008419,0.008291,0.008371
2014-12-31,0.008379,0.008391,0.008341,0.008349
2015-01-02,0.008352,0.008353,0.008286,0.008315
2015-01-05,0.008305,0.008382,0.008293,0.008371
2015-01-06,0.008387,0.008476,0.008372,0.008435
2015-01-07,0.008439,0.008443,0.008362,0.008412
2015-01-08,0.008384,0.008397,0.00834,0.00836
2015-01-09,0.008353,0.00845,0.008347,0.008439
2015-01-12,0.008454,0.008471,0.008385,0.008456
2015-01-13,0.008451,0.008513,0.008418,0.0085
2015-01-14,0.008487,0.00862,0.008482,0.008533
2015-01-15,0.008533,0.008615,0.008483,0.008587
2015-01-16,0.008611,0.008637,0.008497,0.008517
2015-01-20,0.008523,0.008558,0.008417,0.00842
2015-01-21,0.00843,0.008539,0.008425,0.008483
2015-01-22,0.008483,0.008533,0.00843,0.008452
2015-01-23,0.008435,0.008512,0.00842,0.008497
2015-01-26,0.008502,0.008532,0.008442,0.008444
2015-01-27,0.008448,0.008527,0.008431,0.008497
2015-01-28,0.008495,0.008535,0.00846,0.008503
2015-01-29,0.008514,0.008523,0.00844,0.008451
2015-01-30,0.008454,0.008529,0.008445,0.008514
2015-02-02,0.008539,0.008549,0.008486,0.008534
2015-02-03,0.008501,0.008561,0.008496,0.008507
2015-02-04,0.008512,0.008546,0.008478,0.008525
2015-02-05,0.008528,0.008549,0.008507,0.008508
2015-02-06,0.008512,0.008538,0.00839,0.008396
2015-02-09,0.0084,0.008454,0.008399,0.008448
2015-02-10,0.008435,0.008449,0.008362,0.008375
2015-02-11,0.008375,0.008386,0.008302,0.008317
2015-02-12,0.008313,0.008441,0.00831,0.008414
2015-02-13,0.008397,0.008447,0.008391,0.00842
2015-02-17,0.008429,0.008469,0.008376,0.008385
2015-02-18,0.008391,0.008438,0.008376,0.008422
2015-02-19,0.008424,0.008447,0.008392,0.008406
2015-02-20,0.008403,0.008455,0.008391,0.008401
2015-02-23,0.008398,0.008424,0.008381,0.008413
2015-02-24,0.008419,0.008422,0.008345,0.008413
2015-02-25,0.008406,0.008431,0.0084,0.008416
2015-02-26,0.008414,0.008428,0.008369,0.008375
2015-02-27,0.008376,0.008396,0.008348,0.008354
2015-03-02,0.008354,0.008358,0.00832,0.008323
2015-03-03,0.008323,0.008378,0.008316,0.008355
2015-03-04,0.008356,0.008371,0.008347,0.008353
2015-03-05,0.008354,0.00836,0.008296,0.008322
2015-03-06,0.008325,0.008342,0.008245,0.008286
2015-03-09,0.008278,0.008291,0.008236,0.008251
2015-03-10,0.00825,0.008271,0.008195,0.008258
2015-03-11,0.00825,0.008275,0.008222,0.00823
2015-03-12,0.008233,0.00829,0.008219,0.008241
2015-03-13,0.00825,0.008265,0.008235,0.008252
2015-03-16,0.008245,0.008268,0.008243,0.008246
2015-03-17,0.008246,0.008267,0.008238,0.008247
2015-03-18,0.008247,0.008395,0.008246,0.008297
2015-03-19,0.008328,0.008365,0.008271,0.008277
2015-03-20,0.008286,0.00835,0.00826,0.00833
2015-03-23,0.008351,0.008371,0.008331,0.008356
2015-03-24,0.008361,0.008396,0.008342,0.008364
2015-03-25,0.008362,0.008414,0.008353,0.008368
2015-03-26,0.00838,0.00846,0.008372,0.008394
2015-03-27,0.008397,0.008418,0.008377,0.008405
2015-03-30,0.008398,0.008403,0.008326,0.008329
2015-03-31,0.008336,0.008358,0.008316,0.008346
2015-04-01,0.008338,0.008383,0.008319,0.008369
2015-04-02,0.008359,0.008379,0.008348,0.008362
2015-04-03,0.008359,0.008431,0.008339,0.008418
2015-04-06,0.00842,0.008425,0.008362,0.008386
2015-04-07,0.008376,0.008379,0.008309,0.008315
2015-04-08,0.008321,0.008365,0.008315,0.008342
2015-04-09,0.008327,0.008349,0.008287,0.008292
2015-04-10,0.008297,0.008336,0.008296,0.008327
2015-04-13,0.008319,0.008362,0.00828,0.008335
2015-04-14,0.008328,0.008405,0.008327,0.008384
2015-04-15,0.008384,0.008424,0.008356,0.008416
2015-04-16,0.0084,0.008423,0.008375,0.008419
2015-04-17,0.008409,0.008439,0.00839,0.008424
2015-04-20,0.008413,0.008442,0.008377,0.008388
2015-04-21,0.008392,0.008395,0.008349,0.008357
2015-04-22,0.008361,0.008385,0.00834,0.008348
2015-04-23,0.00834,0.008378,0.00833,0.008373
2015-04-24,0.008366,0.00842,0.008361,0.008416
2015-04-27,0.008416,0.008424,0.008377,0.008402
2015-04-28,0.008402,0.008423,0.008394,0.008416
2015-04-29,0.008418,0.008435,0.008381,0.008408
2015-04-30,0.008402,0.008446,0.008343,0.008378
2015-05-01,0.008378,0.008378,0.008315,0.008316
2015-05-04,0.008318,0.008337,0.008316,0.008328
2015-05-05,0.008325,0.008356,0.008301,0.008347
2015-05-06,0.008346,0.008393,0.008333,0.008384
2015-05-07,0.008376,0.008402,0.008345,0.008351
2015-05-08,0.008353,0.008372,0.008319,0.00835
2015-05-11,0.00835,0.008356,0.008325,0.00833
2015-05-12,0.008327,0.008351,0.008316,0.008345
2015-05-13,0.008345,0.008404,0.008338,0.008399
2015-05-14,0.008396,0.008414,0.008382,0.008391
2015-05-15,0.008393,0.008394,0.00834,0.008387
2015-05-18,0.008377,0.008382,0.008332,0.008334
2015-05-19,0.008337,0.008347,0.008283,0.008284
2015-05-20,0.008289,0.008295,0.008233,0.008255
2015-05-21,0.008244,0.008276,0.008243,0.008269
2015-05-22,0.008261,0.008291,0.008226,0.008233
2015-05-26,0.008228,0.008236,0.00811,0.008128
2015-05-27,0.008127,0.008146,0.008061,0.008074
2015-05-28,0.008086,0.008098,0.008035,0.008073
2015-05-29,0.008068,0.008091,0.008053,0.008062
2015-06-01,0.008054,0.008074,0.008006,0.008011
2015-06-02,0.008013,0.008081,0.007997,0.008061
2015-06-03,0.008057,0.008079,0.008021,0.008042
2015-06-04,0.008048,0.008079,0.00802,0.00804
2015-06-05,0.008033,0.008042,0.007945,0.007962
2015-06-08,0.007966,0.008046,0.007957,0.008026
2015-06-09,0.008029,0.008074,0.008017,0.008041
2015-06-10,0.008045,0.008167,0.008024,0.008152
2015-06-11,0.008151,0.008151,0.008053,0.008104
2015-06-12,0.008107,0.00813,0.008085,0.008111
2015-06-15,0.008123,0.008126,0.008096,0.008113
2015-06-16,0.008111,0.008121,0.008085,0.008115
2015-06-17,0.008114,0.008128,0.008043,0.008113
2015-06-18,0.008111,0.00818,0.008099,0.008138
2015-06-19,0.008141,0.008169,0.008124,0.008161
2015-06-22,0.008144,0.0081675,0.00811,0.0081135
2015-06-23,0.008116,0.008117,0.00806,0.0080765
2015-06-24,0.0080755,0.0080915,0.008048,0.0080835
2015-06-25,0.0080785,0.008117,0.008075,0.0080975
2015-06-26,0.008096,0.008123,0.0080725,0.008083
2015-06-29,0.008149,0.0081975,0.0081245,0.008175
2015-06-30,0.0081685,0.0082085,0.008156,0.0081825
2015-07-01,0.008167,0.0081745,0.00812,0.0081265
2015-07-02,0.008125,0.0081395,0.0080875,0.0081315
2015-07-06,0.008132,0.0082145,0.0081245,0.008175
2015-07-07,0.008167,0.008203,0.008145,0.0081745
2015-07-08,0.008173,0.0083125,0.0081665,0.008297
2015-07-09,0.008298,0.0083075,0.008232,0.0082485
2015-07-10,0.0082405,0.0082405,0.008144,0.008146
2015-07-13,0.008164,0.0081745,0.0081,0.008106
2015-07-14,0.0081065,0.0081425,0.0080875,0.008113
2015-07-15,0.0081105,0.0081185,0.008071,0.0080885
2015-07-16,0.0080825,0.0080865,0.0080575,0.0080605
2015-07-17,0.0080605,0.0080745,0.008054,0.0080625
2015-07-20,0.008061,0.0080635,0.008037,0.0080505
2015-07-21,0.00805,0.008084,0.008038,0.008072
2015-07-22,0.008076,0.0080965,0.0080575,0.0080635
2015-07-23,0.00807,0.008089,0.0080555,0.0080825
2015-07-24,0.008074,0.008095,0.0080615,0.008085
2015-07-27,0.008085,0.008134,0.0080785,0.0081185
2015-07-28,0.008119,0.0081295,0.0080815,0.008093
2015-07-29,0.008096,0.008112,0.0080665,0.0080775
2015-07-30,0.0080705,0.0080755,0.00803,0.008052
2015-07-31,0.0080555,0.0080995,0.008043,0.0080675
2015-08-03,0.008074,0.008077,0.00805,0.008071
2015-08-04,0.008067,0.008081,0.008041,0.008046
2015-08-05,0.0080435,0.0080665,0.0080015,0.008011
2015-08-06,0.0080115,0.0080315,0.0080045,0.0080215
2015-08-07,0.0080205,0.0080605,0.0079975,0.008058
2015-08-10,0.0080545,0.0080545,0.008017,0.008028
2015-08-11,0.0080305,0.0080335,0.007989,0.007992
2015-08-12,0.0079935,0.008081,0.0079845,0.0080565
2015-08-13,0.008055,0.0080625,0.008026,0.0080385
2015-08-14,0.0080415,0.008063,0.0080325,0.0080505
2015-08-17,0.008049,0.0080525,0.008029,0.008039
2015-08-18,0.00804,0.0080545,0.008033,0.0080405
2015-08-19,0.008043,0.0080865,0.0080355,0.0080835
2015-08-20,0.0080755,0.0081105,0.0080555,0.0081025
2015-08-21,0.008106,0.0082115,0.0080985,0.0081915
2015-08-24,0.008203,0.0085915,0.008196,0.0084455
2015-08-25,0.008439,0.008459,0.0083075,0.0083535
2015-08-26,0.0084135,0.0084445,0.008333,0.008374
2015-08-27,0.008321,0.0083495,0.008238,0.008291
2015-08-28,0.008257,0.0082895,0.0082145,0.0082405
2015-08-31,0.0082255,0.0082735,0.0082235,0.008258
2015-09-01,0.0082485,0.0083865,0.0082475,0.008349
2015-09-02,0.0083765,0.0083775,0.0083015,0.0083185
2015-09-03,0.008309,0.0083595,0.008285,0.008335
2015-09-04,0.0083275,0.008433,0.0083205,0.0084075
2015-09-08,0.0084085,0.008418,0.0083175,0.008336
2015-09-09,0.0083425,0.0083435,0.008251,0.008292
2015-09-10,0.0083075,0.0083355,0.0082385,0.008292
2015-09-11,0.0083005,0.0083205,0.008279,0.008305
2015-09-14,0.0083075,0.008357,0.008288,0.0083435
2015-09-15,0.0083305,0.008389,0.008301,0.008314
2015-09-16,0.0083175,0.008339,0.008297,0.0082995
2015-09-17,0.0083075,0.0083615,0.008274,0.008333
2015-09-18,0.008333,0.0084135,0.0083185,0.00836
2015-09-21,0.0083395,0.008367,0.008302,0.0083075
2015-09-22,0.0083105,0.008369,0.008308,0.008344
2015-09-23,0.0083385,0.0083735,0.0083085,0.0083385
2015-09-24,0.008331,0.008401,0.0083185,0.008343
2015-09-25,0.0083295,0.008344,0.0082595,0.0082985
2015-09-28,0.008308,0.0083645,0.0083025,0.008356
2015-09-29,0.008348,0.0083945,0.0083295,0.008365
2015-09-30,0.0083565,0.008372,0.0083165,0.008343
2015-10-01,0.008349,0.008377,0.008321,0.008345
2015-10-02,0.0083475,0.008434,0.0083125,0.00835
2015-10-05,0.0083415,0.0083495,0.0083025,0.0083075
2015-10-06,0.0083095,0.0083335,0.0083015,0.0083245
2015-10-07,0.008327,0.0083585,0.008316,0.008345
2015-10-08,0.008341,0.0083655,0.0083315,0.00834
2015-10-09,0.0083465,0.0083505,0.0083145,0.008321
2015-10-12,0.008325,0.008347,0.008321,0.0083445
2015-10-13,0.0083375,0.00837,0.008334,0.00835
2015-10-14,0.0083555,0.0084415,0.0083535,0.0084225
2015-10-15,0.0084265,0.008475,0.0083965,0.008425
2015-10-16,0.0084185,0.0084205,0.0083615,0.0083825
2015-10-19,0.0083875,0.0083985,0.0083655,0.008376
2015-10-20,0.0083735,0.0083795,0.00834,0.008344
2015-10-21,0.008346,0.008355,0.0083315,0.008341
2015-10-22,0.0083435,0.008365,0.0082835,0.0082865
2015-10-23,0.0082885,0.008322,0.008232,0.008241
2015-10-26,0.008237,0.0082965,0.0082345,0.008266
2015-10-27,0.008267,0.008327,0.008263,0.0083155
2015-10-28,0.008309,0.00835,0.0082495,0.008252
2015-10-29,0.00826,0.0082965,0.0082555,0.0082595
2015-10-30,0.008263,0.008331,0.008234,0.008288
2015-11-02,0.008302,0.008319,0.00828,0.008283
2015-11-03,0.0082845,0.008295,0.008251,0.008263
2015-11-04,0.008263,0.008267,0.0082175,0.008228
2015-11-05,0.008229,0.0082405,0.0081985,0.008223
2015-11-06,0.0082195,0.008224,0.0081145,0.0081165
2015-11-09,0.008111,0.008134,0.0080925,0.0081265
2015-11-10,0.008126,0.00813,0.008103,0.008116
2015-11-11,0.0081185,0.0081495,0.008117,0.0081355
2015-11-12,0.0081445,0.0081615,0.008127,0.0081565
2015-11-13,0.0081545,0.0081695,0.008132,0.008151
2015-11-16,0.008173,0.0081835,0.008113,0.0081145
2015-11-17,0.008116,0.00812,0.008099,0.0081045
2015-11-18,0.008103,0.0081175,0.008081,0.0080945
2015-11-19,0.008092,0.008157,0.008092,0.0081405
2015-11-20,0.008136,0.0081495,0.008128,0.008142
2015-11-23,0.0081405,0.008146,0.008114,0.0081425
2015-11-24,0.0081385,0.0081775,0.0081335,0.008168
2015-11-25,0.008162,0.008181,0.0081355,0.008148
2015-11-27,0.00815,0.008177,0.0081385,0.008142
2015-11-30,0.0081455,0.008152,0.0081085,0.0081245
2015-12-01,0.008122,0.0081545,0.0081125,0.008142
2015-12-02,0.008137,0.0081425,0.008086,0.008119
2015-12-03,0.008113,0.008178,0.008093,0.0081765
2015-12-04,0.0081545,0.008165,0.0081025,0.008118
2015-12-07,0.0081175,0.0081205,0.008099,0.00811
2015-12-08,0.008104,0.008149,0.008104,0.0081265
2015-12-09,0.008137,0.00826,0.0081275,0.0082535
2015-12-10,0.0082235,0.0082475,0.008206,0.008222
2015-12-11,0.0082415,0.0083135,0.0082,0.008301
2015-12-14,0.0082815,0.008332,0.008261,0.0082985
2015-12-15,0.008291,0.008314,0.0082305,0.008234
2015-12-16,0.008241,0.008259,0.008187,0.00823
2015-12-17,0.008196,0.0082,0.0081545,0.0081555
2015-12-18,0.0081775,0.008278,0.0080575,0.0082665
2015-12-21,0.008258,0.008292,0.0082475,0.008279
2015-12-22,0.0082665,0.008299,0.0082595,0.0082775
2015-12-23,0.0082785,0.0082925,0.0082715,0.008289
2015-12-24,0.0082855,0.0083315,0.00828,0.008327
2015-12-28,0.0083325,0.0083365,0.0083045,0.0083245
2015-12-29,0.0083215,0.0083295,0.0083105,0.008321
2015-12-30,0.0083125,0.0083215,0.0083005,0.0083085
2015-12-31,0.008312,0.008346,0.008306,0.0083325
2016-01-04,0.008328,0.0084365,0.008313,0.0083935
2016-01-05,0.0083915,0.0084285,0.008365,0.008416
2016-01-06,0.008406,0.008467,0.0084015,0.008459
2016-01-07,0.0084485,0.008533,0.008431,0.008524
2016-01-08,0.008511,0.0085415,0.008422,0.008511
2016-01-11,0.0085695,0.008573,0.008483,0.008522
2016-01-12,0.008505,0.0085415,0.0084795,0.008513
2016-01-13,0.008505,0.0085105,0.0084565,0.0085005
2016-01-14,0.0085105,0.008535,0.008463,0.0084725
2016-01-15,0.0084735,0.0085925,0.0084635,0.008555
2016-01-19,0.00856,0.0085655,0.008474,0.008524
2016-01-20,0.0085115,0.008631,0.0085055,0.008571
2016-01-21,0.008559,0.008594,0.008495,0.0085185
2016-01-22,0.0084985,0.0085145,0.008419,0.008427
2016-01-25,0.008427,0.008469,0.008421,0.008447
2016-01-26,0.0084585,0.008506,0.008437,0.0084485
2016-01-27,0.0084505,0.008478,0.0084045,0.0084325
2016-01-28,0.008438,0.008451,0.0084095,0.008425
2016-01-29,0.0084245,0.008475,0.0082095,0.0082635
2016-02-01,0.0082425,0.0082935,0.0082365,0.0082605
2016-02-02,0.008269,0.0083505,0.008268,0.0083335
2016-02-03,0.0083565,0.00855,0.0083365,0.0085035
2016-02-04,0.008477,0.0085885,0.008464,0.008574
2016-02-05,0.008564,0.008608,0.008523,0.0085635
2016-02-08,0.0085585,0.008691,0.008516,0.0086775
2016-02-09,0.008664,0.0087645,0.008648,0.0087025
2016-02-10,0.0086955,0.008847,0.008682,0.008805
2016-02-11,0.0088205,0.009017,0.008812,0.0089045
2016-02-12,0.008894,0.0089635,0.0088135,0.0088365
2016-02-16,0.0088155,0.008834,0.00871,0.008788
2016-02-17,0.008762,0.0088255,0.008738,0.008795
2016-02-18,0.008769,0.008843,0.0087515,0.0088105
2016-02-19,0.008829,0.0089085,0.0088245,0.0088895
2016-02-22,0.008883,0.008899,0.0088235,0.008867
2016-02-23,0.00886,0.008951,0.00885,0.008929
2016-02-24,0.008932,0.00901,0.008911,0.0089605
2016-02-25,0.0089265,0.0089395,0.00885,0.008869
2016-02-26,0.008861,0.008887,0.008772,0.008785
2016-02-29,0.0087965,0.0088795,0.008785,0.008867
2016-03-01,0.008899,0.008918,0.00876,0.00877
2016-03-02,0.0087705,0.0088345,0.0087295,0.008818
2016-03-03,0.008806,0.008828,0.0087525,0.0088065
2016-03-04,0.0087965,0.0088425,0.0087535,0.008769
2016-03-07,0.008785,0.0088335,0.0087815,0.0088315
2016-03-08,0.0088225,0.008896,0.00881,0.0088815
2016-03-09,0.0088775,0.0089115,0.0088145,0.0088195
2016-03-10,0.0088245,0.0088815,0.008738,0.008844
2016-03-11,0.0088625,0.0088915,0.008801,0.008817
2016-03-14,0.008799,0.0088335,0.0087945,0.008809
2016-03-15,0.008811,0.008902,0.008776,0.008865
2016-03-16,0.008858,0.008925,0.0088075,0.0088905
2016-03-17,0.0088965,0.0090565,0.008874,0.0089945
2016-03-18,0.0089975,0.0090445,0.00897,0.008981
2016-03-21,0.0089875,0.0090135,0.008952,0.008961
2016-03-22,0.0089555,0.0090005,0.008911,0.008926
2016-03-23,0.008922,0.0089375,0.008876,0.0089175
2016-03-24,0.0089185,0.0089245,0.008867,0.008896
2016-03-28,0.0088495,0.008857,0.008815,0.0088485
2016-03-29,0.008838,0.0089005,0.0088055,0.008889
2016-03-30,0.0088925,0.008945,0.0088815,0.0089095
2016-03-31,0.008912,0.0089365,0.008892,0.008904
2016-04-01,0.0089045,0.008979,0.0088995,0.0089685
2016-04-04,0.008977,0.009017,0.0089615,0.0090045
2016-04-05,0.0089995,0.009113,0.0089965,0.0090665
2016-04-06,0.009079,0.0091625,0.009054,0.0091365
2016-04-07,0.0091265,0.009304,0.009115,0.009254
2016-04-08,0.009249,0.009271,0.009181,0.0092465
2016-04-11,0.009271,0.009308,0.009236,0.0092815
2016-04-12,0.00928,0.009286,0.0092075,0.009229
2016-04-13,0.0092235,0.0092315,0.0091545,0.0091685
2016-04-14,0.0091645,0.0091965,0.0091425,0.009165
2016-04-15,0.0091535,0.0092215,0.0091255,0.0092135
2016-04-18,0.0092575,0.0092865,0.0091875,0.0092025
2016-04-19,0.009202,0.009204,0.0091455,0.009175
2016-04-20,0.0091655,0.009207,0.0091115,0.00912
2016-04-21,0.0091225,0.009159,0.009111,0.0091425
2016-04-22,0.0091485,0.009164,0.0089545,0.0089645
2016-04-25,0.008954,0.009033,0.008953,0.0089955
2016-04-26,0.009003,0.009047,0.0089815,0.008987
2016-04-27,0.008997,0.0090165,0.008958,0.0089945
2016-04-28,0.008981,0.0092795,0.008947,0.009261
2016-04-29,0.009255,0.009421,0.0092505,0.009378
2016-05-02,0.00941,0.0094295,0.0093695,0.0094015
2016-05-03,0.0094065,0.009483,0.009382,0.0094055
2016-05-04,0.009362,0.009421,0.0093225,0.0093605
2016-05-05,0.0093525,0.0093715,0.00931,0.009332
2016-05-06,0.009329,0.0094035,0.009317,0.009342
2016-05-09,0.009335,0.0093395,0.0092145,0.009226
2016-05-10,0.0092285,0.009243,0.009151,0.0091565
2016-05-11,0.009153,0.009235,0.009152,0.0092265
2016-05-12,0.009229,0.0092465,0.0091465,0.00917
2016-05-13,0.009179,0.0092215,0.0091335,0.009212
2016-05-16,0.00921,0.009226,0.0091725,0.009182
2016-05-17,0.009176,0.0091935,0.009125,0.0091705
2016-05-18,0.0091685,0.009203,0.0090715,0.0090975
2016-05-19,0.009082,0.0091195,0.0090635,0.009103
2016-05-20,0.0091,0.009107,0.0090465,0.0090755
2016-05-23,0.0090855,0.00917,0.0090755,0.009161
2016-05-24,0.0091585,0.009164,0.009084,0.009098
2016-05-25,0.009098,0.0091065,0.0090575,0.009088
2016-05-26,0.0090805,0.0091425,0.009075,0.0091165
2016-05-27,0.0091145,0.0091375,0.009057,0.0091015
2016-05-31,0.0090595,0.0090615,0.008975,0.0090445
2016-06-01,0.0090315,0.009172,0.0090245,0.0091285
2016-06-02,0.0091345,0.0092165,0.009127,0.009185
2016-06-03,0.0091895,0.0093905,0.0091645,0.009374
2016-06-06,0.009384,0.0093975,0.00929,0.009314
2016-06-07,0.009298,0.009333,0.0092685,0.0093205
2016-06-08,0.009317,0.009383,0.009313,0.0093505
2016-06-09,0.009354,0.0094115,0.009331,0.0093575
2016-06-10,0.009379,0.009417,0.0093535,0.0093975
2016-06-13,0.009392,0.0094905,0.009391,0.009451
2016-06-14,0.009452,0.0094995,0.0094285,0.00947
2016-06-15,0.009465,0.009519,0.009432,0.0094655
2016-06-16,0.009468,0.00969,0.009464,0.0096195
2016-06-17,0.0096165,0.0096385,0.0095695,0.009625
2016-06-20,0.0095805,0.009667,0.0095675,0.009648
2016-06-21,0.0096495,0.0096845,0.009547,0.009574
2016-06-22,0.0095725,0.009616,0.0095675,0.0096045
2016-06-23,0.0095705,0.0096435,0.009445,0.009482
2016-06-24,0.00942,0.010131,0.0094,0.0098115
2016-06-27,0.009836,0.009892,0.009787,0.0098355
2016-06-28,0.0098395,0.009877,0.009752,0.0097595
2016-06-29,0.009762,0.0098135,0.0097395,0.009777
2016-06-30,0.0097435,0.009794,0.0097045,0.009707
2016-07-01,0.0097055,0.0097855,0.009704,0.009778
2016-07-05,0.009769,0.0098805,0.00975,0.0098705
2016-07-06,0.0098535,0.010005,0.009851,0.009886
2016-07-07,0.0098885,0.009965,0.009884,0.009947
2016-07-08,0.0099465,0.010025,0.009897,0.009979
2016-07-11,0.0099655,0.009971,0.00974,0.0097515
2016-07-12,0.009751,0.0097835,0.0095465,0.0095655
2016-07-13,0.0095675,0.009646,0.009556,0.0096065
2016-07-14,0.009601,0.009639,0.00946,0.0095035
2016-07-15,0.0095105,0.00958,0.0094275,0.009499
2016-07-18,0.009501,0.009522,0.009433,0.009446
2016-07-19,0.009443,0.009489,0.0094075,0.0094505
2016-07-20,0.009441,0.0094695,0.0093645,0.009379
2016-07-21,0.0093495,0.0095065,0.009323,0.0094645
2016-07-22,0.0094355,0.0094925,0.0094175,0.0094415
2016-07-25,0.009438,0.009477,0.0093875,0.0094685
2016-07-26,0.009468,0.0096355,0.0094625,0.009578
2016-07-27,0.009568,0.009573,0.0094045,0.0095045
2016-07-28,0.009516,0.009589,0.009496,0.0095025
2016-07-29,0.009517,0.009823,0.009479,0.0098195
2016-08-01,0.009805,0.009809,0.009755,0.0097855
2016-08-02,0.0097865,0.009949,0.00974,0.009927
2016-08-03,0.0099265,0.009942,0.009861,0.0099025
2016-08-04,0.009891,0.00993,0.00985,0.0098995
2016-08-05,0.0098975,0.0099285,0.009813,0.009846
2016-08-08,0.009824,0.0098295,0.0097565,0.009773
2016-08-09,0.009777,0.009839,0.0097675,0.0098295
2016-08-10,0.009832,0.0099175,0.009822,0.0098845
2016-08-11,0.009894,0.009912,0.009811,0.009824
2016-08-12,0.009822,0.0099315,0.00979,0.009889
2016-08-15,0.009888,0.009926,0.0098685,0.009888
2016-08-16,0.0098885,0.010058,0.009884,0.0099845
2016-08-17,0.009984,0.0100075,0.0098955,0.0099915
2016-08-18,0.009986,0.010046,0.009956,0.0100175
2016-08-19,0.0100175,0.0100215,0.009964,0.0099865
2016-08-22,0.0099415,0.0099875,0.009916,0.0099815
2016-08-23,0.009978,0.010015,0.0099695,0.0099865
2016-08-24,0.009989,0.009999,0.009947,0.009962
2016-08-25,0.009962,0.0099765,0.009942,0.009951
2016-08-26,0.009952,0.010001,0.0098155,0.0098225
2016-08-29,0.009816,0.009826,0.009772,0.0098125
2016-08-30,0.009821,0.009834,0.0097015,0.009717
2016-08-31,0.009714,0.0097275,0.009664,0.009674
2016-09-01,0.009677,0.0097075,0.0096185,0.009682
2016-09-02,0.00969,0.009737,0.0095895,0.009625
2016-09-06,0.009612,0.0098135,0.009604,0.0097995
2016-09-07,0.0097975,0.0098845,0.009792,0.009829
2016-09-08,0.0098335,0.0098625,0.009748,0.0097595
2016-09-09,0.009766,0.009809,0.0097045,0.009739
2016-09-12,0.0097495,0.0098475,0.0097415,0.0098215
2016-09-13,0.009813,0.0098615,0.0097335,0.009737
2016-09-14,0.009751,0.0097815,0.009676,0.0097665
2016-09-15,0.00977,0.00982,0.0097315,0.009788
2016-09-16,0.009837,0.0098705,0.0097985,0.0098015
2016-09-19,0.0098175,0.009885,0.009803,0.0098615
2016-09-20,0.009856,0.009888,0.0098365,0.009856
2016-09-21,0.009869,0.0100075,0.0097645,0.009984
2016-09-22,0.009992,0.0100275,0.0099435,0.009946
2016-09-23,0.0099585,0.009968,0.0099125,0.009928
2016-09-26,0.009931,0.0100105,0.0099275,0.0099995
2016-09-27,0.0100035,0.0100265,0.0099365,0.0100075
2016-09-28,0.009996,0.0100095,0.0099535,0.0099605
2016-09-29,0.009961,0.009964,0.0098485,0.0099255
2016-09-30,0.0099225,0.009957,0.00985,0.0098905
2016-10-03,0.0099035,0.00991,0.0098635,0.009874
2016-10-04,0.0098665,0.009871,0.009738,0.0097545
2016-10-05,0.009741,0.0097665,0.009671,0.009675
2016-10-06,0.0096815,0.0097005,0.009624,0.009626
2016-10-07,0.00964,0.0097475,0.009638,0.0097275
2016-10-10,0.009725,0.0097525,0.0096595,0.0096695
2016-10-11,0.0096715,0.0097165,0.009633,0.0096905
2016-10-12,0.009682,0.009706,0.0095925,0.0096095
2016-10-13,0.009614,0.009699,0.0095775,0.0096735
2016-10-14,0.009666,0.009673,0.009592,0.0096215
2016-10-17,0.009606,0.0096555,0.009602,0.009649
2016-10-18,0.009643,0.009666,0.0096165,0.0096465
2016-10-19,0.0096455,0.0097125,0.0096395,0.009689
2016-10-20,0.009688,0.009694,0.0096235,0.009637
2016-10-21,0.0096335,0.0096775,0.009613,0.0096485
2016-10-24,0.009643,0.0096585,0.0096025,0.009611
2016-10-25,0.0096115,0.009622,0.0095505,0.009611
2016-10-26,0.009612,0.009631,0.009575,0.009582
2016-10-27,0.009584,0.009604,0.0095075,0.009513
2016-10-28,0.009514,0.0095895,0.009491,0.0095635
2016-10-31,0.009575,0.009585,0.009518,0.0095455
2016-11-01,0.0095565,0.00965,0.0095275,0.0096335
2016-11-02,0.009621,0.009722,0.009614,0.009692
2016-11-03,0.009692,0.0097665,0.009681,0.0097235
2016-11-04,0.009723,0.0097385,0.009689,0.0097095
2016-11-07,0.009644,0.009644,0.0095705,0.0095745
2016-11-08,0.009577,0.0096015,0.0095195,0.0095325
2016-11-09,0.009523,0.0098965,0.0094545,0.0094595
2016-11-10,0.009474,0.009539,0.0093605,0.009373
2016-11-11,0.009373,0.009442,0.0093615,0.0093755
2016-11-14,0.009373,0.00938,0.0092225,0.0092265
2016-11-15,0.009243,0.009289,0.009155,0.0091565
2016-11-16,0.009181,0.0092015,0.0091205,0.0091705
2016-11-17,0.0091905,0.0092205,0.0090835,0.0091075
2016-11-18,0.0090825,0.0091155,0.009018,0.009047
2016-11-21,0.0090225,0.0090615,0.008987,0.009006
2016-11-22,0.0090315,0.0090765,0.0089875,0.009005
2016-11-23,0.0090055,0.009028,0.008859,0.008889
2016-11-25,0.0088905,0.008903,0.008786,0.008841
2016-11-28,0.0088605,0.008987,0.0088575,0.008913
2016-11-29,0.008947,0.0089645,0.008829,0.008911
2016-11-30,0.008896,0.00893,0.0087355,0.0087535
2016-12-01,0.008745,0.008789,0.0087125,0.008774
2016-12-02,0.008763,0.0088275,0.0087595,0.008799
2016-12-05,0.008844,0.008854,0.008716,0.008794
2016-12-06,0.00879,0.0088135,0.0087605,0.008768
2016-12-07,0.0087715,0.00882,0.0087435,0.008785
2016-12-08,0.0088005,0.008843,0.008743,0.008771
2016-12-09,0.0087655,0.0087725,0.008666,0.0086815
2016-12-12,0.008661,0.0087085,0.008613,0.0086895
2016-12-13,0.008708,0.0087145,0.008661,0.008678
2016-12-14,0.0086775,0.0087145,0.0085195,0.0085945
2016-12-15,0.008533,0.00854,0.0084275,0.008481
2016-12-16,0.008493,0.008546,0.008478,0.0085055
2016-12-19,0.008515,0.0086135,0.008515,0.008561
2016-12-20,0.008575,0.0085805,0.00849,0.008521
2016-12-21,0.008515,0.00857,0.0085005,0.0085365
2016-12-22,0.008541,0.0085575,0.0085135,0.008535
2016-12-23,0.008536,0.008566,0.008533,0.0085635
2016-12-27,0.00857,0.00857,0.008532,0.0085465
2016-12-28,0.008545,0.0085765,0.00852,0.0085665
2016-12-29,0.008569,0.0086315,0.008561,0.0086005
2016-12-30,0.008607,0.0086445,0.0085595,0.008597
2017-01-03,0.008556,0.0085665,0.008454,0.0085245
2017-01-04,0.0085195,0.0085665,0.0084845,0.0085265
2017-01-05,0.008548,0.008701,0.0085375,0.008673
2017-01-06,0.008686,0.008712,0.008554,0.0085665
2017-01-09,0.0085575,0.0086445,0.0085285,0.0086375
2017-01-10,0.008647,0.008701,0.008614,0.008658
2017-01-11,0.008653,0.008772,0.0085735,0.0086825
2017-01-12,0.008681,0.0088085,0.008681,0.008737
2017-01-13,0.008733,0.0087765,0.0086785,0.008752
2017-01-17,0.0087565,0.008898,0.0087525,0.0088915
2017-01-18,0.0088835,0.0088935,0.0087285,0.0088175
2017-01-19,0.008743,0.0087555,0.008662,0.008726
2017-01-20,0.008708,0.0087695,0.00868,0.008765
2017-01-23,0.008756,0.008888,0.008754,0.0088635
2017-01-24,0.008895,0.008901,0.0087925,0.0087955
2017-01-25,0.008794,0.008859,0.008785,0.008816
2017-01-26,0.008837,0.0088585,0.0087185,0.0087585
2017-01-27,0.008745,0.008754,0.0086785,0.008704
2017-01-30,0.0087165,0.0088255,0.00871,0.008808
2017-01-31,0.0088015,0.008933,0.0087855,0.008883
2017-02-01,0.0088845,0.0088865,0.008785,0.008857
2017-02-02,0.008838,0.0089335,0.0088305,0.008881
2017-02-03,0.008871,0.008913,0.0088205,0.008863
2017-02-06,0.0088895,0.0089675,0.008876,0.0089545
2017-02-07,0.0089545,0.008971,0.0088915,0.008925
2017-02-08,0.0089105,0.008967,0.0088935,0.00893
2017-02-09,0.008948,0.008949,0.008829,0.0088335
2017-02-10,0.008834,0.008868,0.008789,0.0088255
2017-02-13,0.0088055,0.0088225,0.0087655,0.008807
2017-02-14,0.008796,0.0088365,0.0087395,0.008764
2017-02-15,0.008754,0.0087895,0.0087045,0.0087575
2017-02-16,0.008757,0.00885,0.008754,0.0088455
2017-02-17,0.0088325,0.0088855,0.0088155,0.0088595
2017-02-21,0.0088595,0.008871,0.0087935,0.0088095
2017-02-22,0.0088,0.008862,0.0087965,0.0088445
2017-02-23,0.0088275,0.008889,0.0088175,0.008873
2017-02-24,0.008875,0.0089375,0.0088565,0.008934
2017-02-27,0.008913,0.008939,0.008865,0.0088675
2017-02-28,0.008873,0.0089565,0.00886,0.008916
2017-03-01,0.008866,0.0088705,0.0087685,0.008798
2017-03-02,0.008793,0.008796,0.008727,0.008734
2017-03-03,0.008743,0.008788,0.0087155,0.008764
2017-03-06,0.0087665,0.008807,0.0087635,0.008779
2017-03-07,0.008776,0.0087935,0.0087605,0.00877
2017-03-08,0.0087715,0.008803,0.0087135,0.0087405
2017-03-09,0.008739,0.0087445,0.008695,0.0087065
2017-03-10,0.008725,0.0087595,0.0086945,0.0087465
2017-03-13,0.00875,0.0087715,0.008738,0.0087505
2017-03-14,0.008742,0.0087695,0.0087175,0.008754
2017-03-15,0.008754,0.008875,0.0087415,0.0088525
2017-03-16,0.008851,0.008894,0.008843,0.008865
2017-03-17,0.008864,0.00892,0.0088465,0.0089105
2017-03-20,0.008912,0.0089285,0.008893,0.008918
2017-03-21,0.008923,0.0089995,0.008894,0.008969
2017-03-22,0.008981,0.009064,0.008979,0.009049
2017-03-23,0.009023,0.0090695,0.008995,0.009034
2017-03-24,0.0090395,0.0090715,0.0090005,0.009058
2017-03-27,0.0090435,0.009113,0.0090395,0.009075
2017-03-28,0.009068,0.0091065,0.009023,0.009033
2017-03-29,0.009033,0.0090625,0.009013,0.009035
2017-03-30,0.009034,0.009041,0.008959,0.0089875
2017-03-31,0.008965,0.009015,0.008938,0.0090115
2017-04-03,0.0090015,0.009047,0.0089875,0.0090375
2017-04-04,0.0090435,0.0090935,0.009043,0.0090625
2017-04-05,0.009057,0.009071,0.0089955,0.0090405
2017-04-06,0.009071,0.0090905,0.009021,0.0090535
2017-04-07,0.009046,0.009105,0.0090035,0.009021
2017-04-10,0.0090245,0.009049,0.0089855,0.0090365
2017-04-11,0.009045,0.009148,0.009042,0.0091405
2017-04-12,0.0091505,0.009202,0.0091255,0.0091365
2017-04-13,0.009199,0.0092205,0.0091645,0.00919
2017-04-17,0.009219,0.009271,0.009193,0.009215
2017-04-18,0.0091975,0.0092545,0.0091785,0.0092465
2017-04-19,0.009245,0.0092485,0.0091805,0.009221
2017-04-20,0.009207,0.009218,0.009153,0.0091675
2017-04-21,0.009168,0.0092045,0.009158,0.0091765
2017-04-24,0.00909,0.0091385,0.009075,0.00913
2017-04-25,0.009128,0.009144,0.009012,0.0090205
2017-04-26,0.009023,0.009037,0.0089635,0.008996
2017-04-27,0.009016,0.009023,0.008977,0.009007
2017-04-28,0.009003,0.0090195,0.008968,0.008994
2017-05-01,0.008991,0.009007,0.0089485,0.008957
2017-05-02,0.008957,0.0089605,0.008918,0.008943
2017-05-03,0.008942,0.008946,0.008881,0.008894
2017-05-04,0.0088875,0.0089175,0.0088595,0.0089085
2017-05-05,0.008903,0.0089355,0.0088785,0.008893
2017-05-08,0.0088735,0.00891,0.0088385,0.008859
2017-05-09,0.00884,0.008851,0.0087585,0.008763
2017-05-10,0.008786,0.0088125,0.008755,0.0087575
2017-05-11,0.008763,0.008825,0.0087545,0.008793
2017-05-12,0.0087975,0.0088455,0.0087865,0.0088275
2017-05-15,0.0088425,0.008845,0.008794,0.008808
2017-05-16,0.0088115,0.0088655,0.0088,0.008858
2017-05-17,0.0088515,0.0090365,0.0088505,0.00901
2017-05-18,0.0090435,0.009082,0.008959,0.0089845
2017-05-19,0.0089735,0.0090155,0.008962,0.008987
2017-05-22,0.0090025,0.0090235,0.0089685,0.009002
2017-05-23,0.0089925,0.009029,0.008948,0.0089575
2017-05-24,0.0089505,0.0089785,0.008926,0.0089555
2017-05-25,0.0089685,0.008974,0.0089385,0.0089515
2017-05-26,0.008949,0.0090255,0.008947,0.008987
2017-05-30,0.008994,0.009043,0.0089775,0.0090315
2017-05-31,0.0090265,0.009057,0.0089965,0.009052
2017-06-01,0.0090285,0.0090375,0.0089745,0.0089895
2017-06-02,0.008985,0.0090685,0.008956,0.0090565
2017-06-05,0.00906,0.0090695,0.009035,0.0090565
2017-06-06,0.0090535,0.0091595,0.009052,0.0091325
2017-06-07,0.009149,0.0091685,0.009104,0.009108
2017-06-08,0.009109,0.009145,0.0090615,0.0090995
2017-06-09,0.009102,0.0091085,0.0090265,0.009079
2017-06-12,0.009058,0.009124,0.0090565,0.00911
2017-06-13,0.009099,0.0091075,0.0090705,0.009096
2017-06-14,0.009087,0.009192,0.009064,0.0091285
2017-06-15,0.00912,0.009152,0.0090115,0.009021
2017-06-16,0.0090585,0.0090755,0.0090115,0.009059
2017-06-19,0.009062,0.0090635,0.0089955,0.0090015
2017-06-20,0.009,0.0090195,0.0089815,0.0090125
2017-06-21,0.0090065,0.009038,0.0089835,0.009018
2017-06-22,0.0090095,0.0090475,0.009006,0.0090145
2017-06-23,0.009018,0.0090305,0.009008,0.0090215
2017-06-26,0.00902,0.0090265,0.008966,0.008971
2017-06-27,0.008972,0.0090045,0.008924,0.0089495
2017-06-28,0.008939,0.0089735,0.0089265,0.0089385
2017-06-29,0.008934,0.0089735,0.008884,0.0089525
2017-06-30,0.008945,0.008979,0.008908,0.00891
2017-07-03,0.0089385,0.0089415,0.0088405,0.008845
2017-07-05,0.0088465,0.0088975,0.0088235,0.00885
2017-07-06,0.0088605,0.008885,0.00884,0.008856
2017-07-07,0.008863,0.0088675,0.008784,0.008799
2017-07-10,0.0087935,0.0088045,0.0087745,0.0087945
2017-07-11,0.008794,0.0088205,0.0087605,0.008811
2017-07-12,0.008801,0.0088815,0.0088,0.008854
2017-07-13,0.0088575,0.008884,0.008832,0.0088545
2017-07-14,0.008852,0.0089325,0.008827,0.0089085
2017-07-17,0.008912,0.008927,0.0088835,0.008904
2017-07-18,0.0089025,0.0089785,0.0089005,0.008956
2017-07-19,0.00895,0.008988,0.0089345,0.0089695
2017-07-20,0.008959,0.008993,0.008917,0.0089525
2017-07-21,0.008961,0.00903,0.008944,0.0090275
2017-07-24,0.00902,0.0090615,0.0090045,0.009022
2017-07-25,0.009017,0.009044,0.008953,0.008958
2017-07-26,0.0089585,0.009025,0.008933,0.009004
2017-07-27,0.009018,0.0090465,0.0089705,0.009021
2017-07-28,0.0090035,0.0090655,0.0090025,0.0090605
2017-07-31,0.009057,0.0090925,0.009047,0.009091
2017-08-01,0.0090895,0.009116,0.0090605,0.009085
2017-08-02,0.009077,0.0090855,0.009028,0.0090615
2017-08-03,0.009046,0.00912,0.0090395,0.0091045
2017-08-04,0.009109,0.0091205,0.009021,0.009049
2017-08-07,0.009047,0.009054,0.0090315,0.0090465
2017-08-08,0.0090425,0.0090865,0.009038,0.0090715
2017-08-09,0.009078,0.0091425,0.009078,0.0091195
2017-08-10,0.009109,0.009178,0.0090905,0.0091655
2017-08-11,0.009175,0.0092125,0.0091545,0.0091895
2017-08-14,0.009179,0.00918,0.009121,0.009137
2017-08-15,0.009138,0.009138,0.0090345,0.009057
2017-08-16,0.009055,0.009102,0.009026,0.0090905
2017-08-17,0.0090945,0.009149,0.009072,0.009129
2017-08-18,0.0091475,0.0092195,0.0091355,0.0091655
2017-08-21,0.009162,0.009216,0.00915,0.009198
2017-08-22,0.009188,0.009194,0.0091295,0.0091415
2017-08-23,0.0091355,0.0091915,0.009115,0.0091835
2017-08-24,0.009186,0.009196,0.009132,0.009141
2017-08-25,0.009135,0.0091735,0.009112,0.0091615
2017-08-28,0.009159,0.0091805,0.0091475,0.009175
2017-08-29,0.009192,0.0092445,0.0091065,0.009123
2017-08-30,0.009126,0.009136,0.0090615,0.009069
2017-08-31,0.009075,0.009107,0.009041,0.0090985
2017-09-01,0.0091,0.0091335,0.009055,0.0090765
2017-09-05,0.009119,0.0092115,0.009102,0.0092095
2017-09-06,0.009203,0.0092255,0.009145,0.0091515
2017-09-07,0.0091585,0.00926,0.009156,0.0092055
2017-09-08,0.0092275,0.0093215,0.009221,0.009279
2017-09-11,0.009243,0.009248,0.009134,0.009148
2017-09-12,0.009145,0.009156,0.0090715,0.0090845
2017-09-13,0.009081,0.009101,0.009036,0.0090375
2017-09-14,0.009052,0.009086,0.009006,0.009046
2017-09-15,0.009109,0.0091655,0.0090185,0.0090565
2017-09-18,0.009034,0.009046,0.008992,0.009009
2017-09-19,0.0089985,0.00903,0.0089745,0.0090065
2017-09-20,0.008998,0.009038,0.0089215,0.0089375
2017-09-21,0.00894,0.0089525,0.0089055,0.008917
2017-09-22,0.0089275,0.0089905,0.0089185,0.0089585
2017-09-25,0.00895,0.0090065,0.008921,0.0089955
2017-09-26,0.0089855,0.009004,0.008925,0.0089505
2017-09-27,0.008945,0.008945,0.008863,0.0089045
2017-09-28,0.008897,0.00894,0.0088645,0.0089275
2017-09-29,0.008933,0.008943,0.0089005,0.00892
2017-10-02,0.008916,0.008918,0.0088755,0.0089075
2017-10-03,0.008901,0.0089065,0.0088635,0.008885
2017-10-04,0.008886,0.008932,0.008883,0.008898
2017-10-05,0.008894,0.008924,0.0088825,0.008889
2017-10-06,0.0088935,0.008908,0.008828,0.0088995
2017-10-09,0.008906,0.00893,0.0088965,0.0089015
2017-10-10,0.008903,0.0089565,0.00889,0.008926
2017-10-11,0.008925,0.008949,0.008905,0.008922
2017-10-12,0.0089155,0.008944,0.008912,0.008936
2017-10-13,0.008932,0.0089785,0.008928,0.0089625
2017-10-16,0.008965,0.00898,0.008929,0.0089365
2017-10-17,0.008939,0.008949,0.008913,0.0089375
2017-10-18,0.008935,0.0089405,0.0088675,0.0088805
2017-10-19,0.008874,0.008927,0.0088595,0.0088985
2017-10-20,0.0089055,0.008909,0.008826,0.008831
2017-10-23,0.008809,0.0088515,0.0087845,0.008814
2017-10-24,0.008834,0.008852,0.00879,0.008826
2017-10-25,0.008799,0.0088325,0.008768,0.0088135
2017-10-26,0.0088145,0.0088415,0.0087845,0.0087925
2017-10-27,0.0087895,0.00882,0.0087555,0.0088065
2017-10-30,0.0088145,0.0088665,0.008803,0.008855
2017-10-31,0.008856,0.008871,0.0088095,0.0088135
2017-11-01,0.008815,0.0088195,0.0087665,0.0087705
2017-11-02,0.008777,0.0088235,0.0087705,0.0087875
2017-11-03,0.008782,0.00882,0.008754,0.008774
2017-11-06,0.008777,0.008812,0.0087305,0.0088045
2017-11-07,0.0088045,0.008809,0.00876,0.008797
2017-11-08,0.0087985,0.008833,0.008792,0.008803
2017-11-09,0.0087965,0.0088555,0.00878,0.0088475
2017-11-10,0.0088275,0.0088455,0.0088125,0.0088165
2017-11-13,0.008817,0.008843,0.008806,0.0088185
2017-11-14,0.008814,0.0088375,0.0087905,0.00883
2017-11-15,0.008826,0.008903,0.0088225,0.0088695
2017-11-16,0.008871,0.0088815,0.008834,0.008861
2017-11-17,0.008852,0.008944,0.008849,0.0089285
2017-11-20,0.008926,0.0089485,0.008881,0.0088845
2017-11-21,0.008892,0.0089245,0.008882,0.008902
2017-11-22,0.008899,0.009007,0.008899,0.0090045
2017-11-24,0.0090005,0.0090125,0.008968,0.00897
2017-11-27,0.008969,0.0090295,0.008961,0.0090155
2017-11-28,0.0090115,0.0090225,0.008965,0.008969
2017-11-29,0.008977,0.0089855,0.0089235,0.0089505
2017-11-30,0.0089355,0.0089555,0.008883,0.008892
2017-12-01,0.00888,0.008982,0.0088645,0.00893
2017-12-04,0.008878,0.008905,0.0088475,0.008884
2017-12-05,0.008895,0.008903,0.008864,0.008885
2017-12-06,0.0088855,0.008934,0.0088835,0.0089085
2017-12-07,0.008911,0.0089145,0.0088405,0.0088425
2017-12-08,0.008847,0.008847,0.0088065,0.0088125
2017-12-11,0.0088075,0.0088335,0.008798,0.008812
2017-12-12,0.008809,0.008823,0.008793,0.008806
2017-12-13,0.008808,0.0088945,0.0088065,0.00889
2017-12-14,0.008877,0.0089245,0.0088595,0.0089145
2017-12-15,0.008949,0.0089775,0.0089235,0.008933
2017-12-18,0.00893,0.008957,0.008916,0.0089355
2017-12-19,0.0089365,0.0089375,0.008891,0.008902
2017-12-20,0.0089095,0.0089095,0.008859,0.008863
2017-12-21,0.008869,0.00888,0.008847,0.0088705
2017-12-22,0.008871,0.0088825,0.0088645,0.008881
2017-12-26,0.008879,0.0088985,0.0088735,0.0088915
2017-12-27,0.008887,0.008895,0.008869,0.008878
2017-12-28,0.008871,0.0089105,0.008862,0.008894
2017-12-29,0.008892,0.0089245,0.0088845,0.008914
2018-01-02,0.0089095,0.0089575,0.0088985,0.0089405
2018-01-03,0.008943,0.0089475,0.008913,0.008919
2018-01-04,0.008917,0.0089205,0.008891,0.0089
2018-01-05,0.008897,0.008902,0.008854,0.0088685
2018-01-08,0.0088705,0.008889,0.0088495,0.008874
2018-01-09,0.008867,0.0089305,0.008865,0.0089085
2018-01-10,0.0089105,0.009018,0.0088965,0.009012
2018-01-11,0.009007,0.009036,0.0089685,0.009033
2018-01-12,0.009019,0.0090455,0.008982,0.0090345
2018-01-16,0.0090305,0.0091,0.0090235,0.0090955
2018-01-17,0.0090845,0.0091035,0.009009,0.009029
2018-01-18,0.0090095,0.0090615,0.0089975,0.009037
2018-01-19,0.009031,0.0090775,0.009025,0.009069
2018-01-22,0.0090655,0.0090715,0.009017,0.009036
2018-01-23,0.009039,0.009097,0.0090205,0.0090905
2018-01-24,0.009094,0.0092035,0.0090895,0.009196
2018-01-25,0.0091875,0.0092415,0.0091395,0.009164
2018-01-26,0.009147,0.00926,0.009134,0.0092265
2018-01-29,0.009228,0.00924,0.009182,0.0092035
2018-01-30,0.0092,0.009248,0.0091805,0.0092175
2018-01-31,0.009217,0.009232,0.00916,0.009189
2018-02-01,0.009181,0.009189,0.0091335,0.009162
2018-02-02,0.009159,0.009173,0.009073,0.0090915
2018-02-05,0.0090975,0.009197,0.0090875,0.009138
2018-02-06,0.0091855,0.0092415,0.0091405,0.009167
2018-02-07,0.009137,0.009202,0.0091355,0.009161
2018-02-08,0.009162,0.009229,0.0091265,0.0092045
2018-02-09,0.0092125,0.009275,0.0091665,0.0092305
2018-02-12,0.0092055,0.009241,0.0092015,0.0092205
2018-02-13,0.0092185,0.009329,0.0092115,0.0093035
2018-02-14,0.0092915,0.0093885,0.009285,0.0093565
2018-02-15,0.009367,0.0094465,0.009365,0.009427
2018-02-16,0.009438,0.0094905,0.0094135,0.0094215
2018-02-20,0.009424,0.0094405,0.009327,0.0093365
2018-02-21,0.0093335,0.0093345,0.0092815,0.009292
2018-02-22,0.009294,0.0093935,0.0092915,0.00939
2018-02-23,0.0093785,0.0094005,0.009346,0.009381
2018-02-26,0.0093545,0.009412,0.0093475,0.009365
2018-02-27,0.009357,0.0093755,0.0092975,0.009321
2018-02-28,0.009327,0.0093945,0.00931,0.009386
2018-03-01,0.009386,0.0094285,0.0093365,0.00942
2018-03-02,0.00943,0.00951,0.0094145,0.009482
2018-03-05,0.009477,0.0095,0.00942,0.0094225
2018-03-06,0.009421,0.009454,0.009399,0.009421
2018-03-07,0.009468,0.0094895,0.0094205,0.009435
2018-03-08,0.0094285,0.0094485,0.0094105,0.009418
2018-03-09,0.009414,0.0094155,0.0093455,0.009371
2018-03-12,0.009371,0.009412,0.00935,0.009406
2018-03-13,0.009397,0.0094155,0.0093225,0.009384
2018-03-14,0.009396,0.009431,0.0093705,0.009414
2018-03-15,0.0094065,0.0094545,0.009399,0.009413
2018-03-16,0.0094675,0.0095305,0.009463,0.0094865
2018-03-19,0.009489,0.009522,0.0094645,0.0094975
2018-03-20,0.009491,0.0094985,0.0094375,0.009452
2018-03-21,0.0094465,0.0095025,0.0094335,0.00948
2018-03-22,0.009484,0.0095555,0.009482,0.009524
2018-03-23,0.0095495,0.0096135,0.009548,0.0095955
2018-03-26,0.00961,0.0096145,0.009534,0.0095575
2018-03-27,0.009536,0.0095455,0.009494,0.0095275
2018-03-28,0.009542,0.009542,0.009393,0.0094055
2018-03-29,0.009408,0.009457,0.0093975,0.0094435
2018-04-02,0.009454,0.009511,0.0094395,0.0094935
2018-04-03,0.009492,0.0095065,0.0094205,0.0094275
2018-04-04,0.009429,0.009481,0.0094045,0.0094145
2018-04-05,0.0094125,0.009414,0.009345,0.00935
2018-04-06,0.00935,0.0094075,0.0093475,0.009401
2018-04-09,0.009396,0.00942,0.009369,0.0094055
2018-04-10,0.009408,0.0094205,0.0093505,0.0093715
2018-04-11,0.009371,0.009416,0.009365,0.009391
2018-04-12,0.009403,0.0094105,0.009346,0.009365
2018-04-13,0.009358,0.009365,0.009315,0.0093465
2018-04-16,0.009336,0.00938,0.00933,0.0093755
2018-04-17,0.009372,0.0093925,0.0093625,0.0093805
2018-04-18,0.009381,0.009381,0.0093465,0.0093575
2018-04-19,0.009362,0.0093635,0.009334,0.009344
2018-04-20,0.009345,0.009346,0.009304,0.0093275
2018-04-23,0.0093125,0.009321,0.009227,0.0092375
2018-04-24,0.009229,0.009244,0.009189,0.0092335
2018-04-25,0.009221,0.009223,0.0091665,0.009176
2018-04-26,0.009163,0.0091975,0.0091605,0.0091735
2018-04-27,0.009177,0.0092095,0.009156,0.0092
2018-04-30,0.009193,0.0092005,0.009164,0.009178
2018-05-01,0.009175,0.00918,0.009125,0.009134
2018-05-02,0.009126,0.0091485,0.0091115,0.009136
2018-05-03,0.009126,0.009204,0.0091245,0.009181
2018-05-04,0.009184,0.0092285,0.009175,0.0091885
2018-05-07,0.009192,0.009219,0.009165,0.009194
2018-05-08,0.0091915,0.009212,0.009168,0.009195
2018-05-09,0.00919,0.009197,0.009127,0.009138
2018-05-10,0.0091315,0.009169,0.00911,0.009164
2018-05-11,0.009158,0.009182,0.0091465,0.00917
2018-05-14,0.0091655,0.0091765,0.009137,0.009138
2018-05-15,0.0091365,0.009138,0.0090715,0.009079
2018-05-16,0.00908,0.009106,0.0090755,0.0090875
2018-05-17,0.009083,0.0091015,0.009036,0.0090455
2018-05-18,0.009041,0.0090575,0.009018,0.009052
2018-05-21,0.0090335,0.009039,0.008992,0.0090155
2018-05-22,0.009021,0.0090405,0.009009,0.0090235
2018-05-23,0.0090305,0.0091425,0.0090295,0.009099
2018-05-24,0.009106,0.0091905,0.0091,0.009162
2018-05-25,0.0091675,0.009177,0.0091245,0.0091515
2018-05-29,0.009155,0.009261,0.0091465,0.0092485
2018-05-30,0.0092185,0.0092395,0.0091785,0.009196
2018-05-31,0.0091925,0.009235,0.0091825,0.009215
2018-06-01,0.009201,0.009206,0.009121,0.0091395
2018-06-04,0.009141,0.0091505,0.009111,0.0091195
2018-06-05,0.009112,0.0091415,0.0090975,0.009118
2018-06-06,0.009112,0.009114,0.0090755,0.009082
2018-06-07,0.009083,0.0091395,0.0090775,0.009119
2018-06-08,0.00912,0.009162,0.009107,0.0091385
2018-06-11,0.0091505,0.009153,0.009085,0.009093
2018-06-12,0.0090905,0.0090915,0.009053,0.0090665
2018-06-13,0.0090625,0.0090715,0.009024,0.0090495
2018-06-14,0.00907,0.0090985,0.009035,0.009045
2018-06-15,0.0090955,0.009116,0.009073,0.0090985
2018-06-18,0.0090905,0.009123,0.0090905,0.0091065
2018-06-19,0.0091,0.0091865,0.0091,0.009142
2018-06-20,0.009144,0.00916,0.009109,0.0091145
2018-06-21,0.009114,0.009159,0.009082,0.009157
2018-06-22,0.0091535,0.0091625,0.009127,0.009154
2018-06-25,0.009156,0.009198,0.009141,0.0091915
2018-06-26,0.009166,0.0091965,0.0091245,0.009133
2018-06-27,0.0091395,0.0091695,0.009101,0.009125
2018-06-28,0.0091195,0.0091425,0.0090855,0.0090875
2018-06-29,0.009098,0.009108,0.0090605,0.0090675
2018-07-02,0.0090675,0.0090875,0.0090485,0.009065
2018-07-03,0.0090625,0.009095,0.009044,0.0090915
2018-07-05,0.009096,0.009111,0.00907,0.0090785
2018-07-06,0.0090775,0.0091025,0.0090685,0.009097
2018-07-09,0.009098,0.009105,0.0090585,0.009066
2018-07-10,0.0090615,0.009064,0.0090205,0.009025
2018-07-11,0.009048,0.0090685,0.0089535,0.008962
2018-07-12,0.00897,0.0089725,0.008915,0.008928
2018-07-13,0.0089225,0.008942,0.0089015,0.0089385
2018-07-16,0.008936,0.008946,0.0089195,0.0089425
2018-07-17,0.0089405,0.0089465,0.0088905,0.008898
2018-07-18,0.008893,0.0089075,0.008874,0.0088965
2018-07-19,0.008894,0.0089575,0.0088675,0.008925
2018-07-20,0.008925,0.0090105,0.0089115,0.0089985
2018-07-23,0.009005,0.0090615,0.0089975,0.0090025
2018-07-24,0.0090145,0.0090445,0.0089995,0.009024
2018-07-25,0.0090245,0.0090695,0.0090095,0.0090535
2018-07-26,0.0090475,0.009073,0.0090175,0.00902
2018-07-27,0.009018,0.009055,0.009017,0.009039
2018-07-30,0.0090385,0.0090465,0.009024,0.0090365
2018-07-31,0.009034,0.0090635,0.008959,0.00897
2018-08-01,0.0089705,0.0090045,0.0089435,0.008991
2018-08-02,0.008977,0.00901,0.0089745,0.008979
2018-08-03,0.00898,0.0090265,0.0089625,0.009014
2018-08-06,0.009017,0.0090205,0.0089905,0.009001
2018-08-07,0.009001,0.0090335,0.0089935,0.008999
2018-08-08,0.009,0.009046,0.0089965,0.009035
2018-08-09,0.0090375,0.009055,0.009015,0.0090275
2018-08-10,0.0090215,0.0090705,0.009016,0.0090615
2018-08-13,0.009067,0.009103,0.0090345,0.009055
2018-08-14,0.009047,0.0090625,0.009003,0.009011
2018-08-15,0.009011,0.0090745,0.008993,0.0090625
2018-08-16,0.009051,0.009071,0.009016,0.0090365
2018-08-17,0.009029,0.0090825,0.0090215,0.009059
2018-08-20,0.009065,0.0091065,0.009051,0.0090895
2018-08-21,0.009104,0.0091265,0.009061,0.009073
2018-08-22,0.009092,0.009104,0.009055,0.009059
2018-08-23,0.009061,0.009062,0.0089955,0.0089985
2018-08-24,0.008998,0.009013,0.008982,0.0090045
2018-08-27,0.008995,0.0090265,0.0089925,0.0090125
2018-08-28,0.009017,0.009024,0.0089915,0.009002
2018-08-29,0.0090035,0.0090095,0.0089525,0.0089635
2018-08-30,0.00896,0.0090215,0.008956,0.0090145
2018-08-31,0.009018,0.0090435,0.009006,0.009017
2018-09-04,0.0090115,0.0090245,0.0089725,0.008978
2018-09-05,0.008979,0.0089835,0.008954,0.008974
2018-09-06,0.0089755,0.0090535,0.008971,0.0090265
2018-09-07,0.009039,0.0090645,0.0089935,0.0090075
2018-09-10,0.0090085,0.009025,0.0089925,0.0089955
2018-09-11,0.009006,0.0090065,0.00896,0.0089645
2018-09-12,0.008961,0.009003,0.008959,0.008993
2018-09-13,0.008991,0.0089965,0.008929,0.008939
2018-09-14,0.008994,0.0090075,0.008973,0.0089855
2018-09-17,0.0089835,0.0090065,0.008977,0.008997
2018-09-18,0.0090005,0.0090135,0.0089545,0.0089565
2018-09-19,0.0089575,0.0089735,0.00895,0.0089655
2018-09-20,0.008964,0.0089805,0.0089365,0.0089465
2018-09-21,0.008946,0.008949,0.0089135,0.0089405
2018-09-24,0.00894,0.008949,0.0089165,0.0089265
2018-09-25,0.0089195,0.008924,0.0089045,0.0089085
2018-09-26,0.008907,0.008932,0.008892,0.008916
2018-09-27,0.0089235,0.008935,0.0088625,0.008867
2018-09-28,0.008867,0.008876,0.008842,0.008854
2018-10-01,0.008843,0.0088445,0.0088145,0.0088215
2018-10-02,0.00882,0.0088555,0.0088175,0.008844
2018-10-03,0.008848,0.008856,0.008775,0.008792
2018-10-04,0.0087805,0.0088445,0.008774,0.008827
2018-10-05,0.008825,0.0088495,0.008807,0.0088355
2018-10-08,0.0088345,0.008908,0.00882,0.0088935
2018-10-09,0.008881,0.008904,0.0088625,0.0088905
2018-10-10,0.0088935,0.008953,0.0088705,0.0089255
2018-10-11,0.0089495,0.008985,0.0089285,0.0089745
2018-10-12,0.0089595,0.0089805,0.0089305,0.0089705
2018-10-15,0.0089585,0.0090005,0.0089515,0.008979
2018-10-16,0.008987,0.008991,0.0089415,0.008955
2018-10-17,0.008946,0.008967,0.008914,0.008929
2018-10-18,0.0089125,0.008973,0.008908,0.008951
2018-10-19,0.0089505,0.008954,0.0089135,0.0089185
2018-10-22,0.008924,0.008937,0.0088945,0.0089005
2018-10-23,0.008898,0.008968,0.0088975,0.0089265
2018-10-24,0.0089285,0.0089565,0.0089035,0.008929
2018-10-25,0.008948,0.0089765,0.008907,0.0089135
2018-10-26,0.008929,0.0090115,0.0089255,0.0089735
2018-10-29,0.00897,0.0089785,0.0089145,0.0089315
2018-10-30,0.0089325,0.0089355,0.008871,0.008883
2018-10-31,0.0088715,0.008894,0.008849,0.0088755
2018-11-01,0.0088825,0.008908,0.008877,0.0088995
2018-11-02,0.008905,0.0089115,0.0088505,0.0088545
2018-11-05,0.008858,0.0088695,0.008848,0.0088585
2018-11-06,0.008858,0.0088675,0.0088355,0.0088435
2018-11-07,0.008838,0.008879,0.0088105,0.008847
2018-11-08,0.0088295,0.0088325,0.0087875,0.008795
2018-11-09,0.0087905,0.0088225,0.00879,0.0088105
2018-11-12,0.0088025,0.0088205,0.0087675,0.0088055
2018-11-13,0.0088085,0.008826,0.0087815,0.008805
2018-11-14,0.0088065,0.008847,0.008791,0.0088325
2018-11-15,0.008824,0.008861,0.008813,0.0088225
2018-11-16,0.0088225,0.008896,0.00882,0.008881
2018-11-19,0.008884,0.008913,0.0088765,0.0089035
2018-11-20,0.0089045,0.008919,0.0088755,0.0088855
2018-11-21,0.008885,0.0088915,0.008852,0.008858
2018-11-23,0.0088665,0.00889,0.008862,0.0088765
2018-11-26,0.00887,0.008873,0.008811,0.008812
2018-11-27,0.0088185,0.0088295,0.0087955,0.0088005
2018-11-28,0.008802,0.008827,0.0087805,0.0088195
2018-11-29,0.0088095,0.008845,0.0088095,0.008825
2018-11-30,0.008822,0.008832,0.008802,0.0088115
2018-12-03,0.008803,0.008829,0.008794,0.0088045
2018-12-04,0.0088075,0.0088905,0.0088075,0.008872
2018-12-05,0.008877,0.0088845,0.008838,0.0088415
2018-12-06,0.0088425,0.0089155,0.008842,0.0088835
2018-12-07,0.0088785,0.008889,0.00886,0.008883
2018-12-10,0.0088835,0.008914,0.0088225,0.0088375
2018-12-11,0.008832,0.0088525,0.0088165,0.008822
2018-12-12,0.0088225,0.0088415,0.008812,0.0088355
2018-12-13,0.0088305,0.008835,0.0087955,0.008804
2018-12-14,0.008871,0.0089055,0.0088675,0.008898
2018-12-17,0.0088925,0.0089455,0.008879,0.0089405
2018-12-18,0.0089345,0.008979,0.008932,0.008957
2018-12-19,0.0089595,0.008994,0.0089455,0.0089695
2018-12-20,0.0089615,0.009089,0.0089475,0.0090645
2018-12-21,0.0090515,0.0090785,0.0090355,0.0090475
2018-12-24,0.00907,0.0091335,0.0090565,0.009123
2018-12-26,0.00914,0.00914,0.009037,0.0090415
2018-12-27,0.009041,0.009108,0.009039,0.0090835
2018-12-28,0.0090655,0.0091325,0.009065,0.0091105
2018-12-31,0.0091175,0.009182,0.009104,0.009171
2019-01-02,0.009172,0.0092505,0.009166,0.0092105
2019-01-03,0.0094035,0.0094585,0.009286,0.0093345
2019-01-04,0.009341,0.0093545,0.009261,0.0092675
2019-01-07,0.009272,0.00931,0.0092465,0.009259
2019-01-08,0.009252,0.0092715,0.0092165,0.0092545
2019-01-09,0.009242,0.009311,0.0092225,0.009285
2019-01-10,0.009293,0.009326,0.009261,0.00927
2019-01-11,0.009268,0.0092935,0.009254,0.009263
2019-01-14,0.009263,0.0093065,0.0092615,0.009288
2019-01-15,0.00929,0.009293,0.009237,0.0092555
2019-01-16,0.009248,0.009273,0.0092025,0.0092265
2019-01-17,0.009207,0.009243,0.0091805,0.0091945
2019-01-18,0.009198,0.0092115,0.0091405,0.00915
2019-01-22,0.0091525,0.009203,0.009151,0.0091905
2019-01-23,0.009184,0.009186,0.0091295,0.0091635
2019-01-24,0.009162,0.009177,0.009144,0.009153
2019-01-25,0.009161,0.0091725,0.00913,0.009157
2019-01-28,0.0091655,0.0091965,0.0091625,0.00918
2019-01-29,0.009184,0.009198,0.009162,0.0091855
2019-01-30,0.009177,0.0092245,0.009145,0.0092135
2019-01-31,0.009202,0.009249,0.009201,0.0092155
2019-02-01,0.0092185,0.009228,0.0091565,0.0091615
2019-02-04,0.0091645,0.009168,0.009107,0.009127
2019-02-05,0.009125,0.0091385,0.009116,0.0091215
2019-02-06,0.0091215,0.0091555,0.0091145,0.009121
2019-02-07,0.0091195,0.00915,0.009109,0.00913
2019-02-08,0.009133,0.0091455,0.009124,0.009134
2019-02-11,0.009132,0.009134,0.009077,0.0090825
2019-02-12,0.009082,0.009086,0.009061,0.0090725
2019-02-13,0.0090745,0.009078,0.0090265,0.009032
2019-02-14,0.009027,0.009074,0.009018,0.009071
2019-02-15,0.009069,0.00909,0.0090575,0.009073
2019-02-19,0.00907,0.0090725,0.0090415,0.0090555
2019-02-20,0.009059,0.009062,0.0090305,0.00904
2019-02-21,0.009038,0.00906,0.009036,0.0090515
2019-02-22,0.009048,0.0090605,0.009031,0.009049
2019-02-25,0.0090385,0.0090575,0.0090035,0.0090125
2019-02-26,0.009016,0.0090705,0.009016,0.009063
2019-02-27,0.009058,0.009076,0.0090155,0.009019
2019-02-28,0.0090245,0.0090475,0.0089795,0.0089875
2019-03-01,0.0089875,0.008992,0.0089315,0.008938
2019-03-04,0.008947,0.0089665,0.0089365,0.0089585
2019-03-05,0.0089555,0.008959,0.0089255,0.0089455
2019-03-06,0.0089445,0.008967,0.008942,0.008952
2019-03-07,0.0089545,0.0089755,0.0089455,0.008972
2019-03-08,0.008966,0.0090435,0.0089615,0.0090085
2019-03-11,0.009001,0.0090235,0.008989,0.008995
2019-03-12,0.0089945,0.009004,0.008975,0.0089905
2019-03-13,0.008983,0.009012,0.0089745,0.0090095
2019-03-14,0.00899,0.0089985,0.008943,0.0089505
2019-03-15,0.009021,0.009044,0.0090005,0.0090345
2019-03-18,0.0090345,0.0090505,0.009023,0.0090415
2019-03-19,0.009037,0.0090605,0.009034,0.009039
2019-03-20,0.009037,0.009109,0.0090135,0.0091025
2019-03-21,0.0091,0.009129,0.0090745,0.009089
2019-03-22,0.009082,0.0091735,0.009079,0.009146
2019-03-25,0.009153,0.0091815,0.009131,0.0091455
2019-03-26,0.009153,0.009154,0.009094,0.0091075
2019-03-27,0.0091,0.00913,0.0090905,0.0091175
2019-03-28,0.0091085,0.009145,0.009077,0.0090995
2019-03-29,0.009092,0.0091015,0.0090665,0.0090785
2019-04-01,0.009065,0.00908,0.0090255,0.009031
2019-04-02,0.009031,0.0090415,0.009024,0.00903
2019-04-03,0.009032,0.009044,0.0090135,0.009023
2019-04-04,0.009024,0.009031,0.009003,0.00901
2019-04-05,0.0090065,0.009016,0.008991,0.009002
2019-04-08,0.0090025,0.009035,0.0089985,0.0090165
2019-04-09,0.009018,0.00906,0.0090105,0.0090495
2019-04-10,0.009047,0.0090695,0.0090335,0.0090585
2019-04-11,0.009059,0.0090615,0.008998,0.0089995
2019-04-12,0.009001,0.0090065,0.0089655,0.0089665
2019-04-15,0.008975,0.0089815,0.0089645,0.0089715
2019-04-16,0.008971,0.008984,0.0089675,0.008972
2019-04-17,0.008969,0.0089775,0.0089575,0.0089655
2019-04-18,0.008965,0.008988,0.008964,0.00897
2019-04-22,0.008973,0.008977,0.0089685,0.0089725
2019-04-23,0.0089725,0.0089955,0.0089645,0.00898
2019-04-24,0.0089745,0.008992,0.008934,0.0089375
2019-04-25,0.0089505,0.009013,0.0089395,0.0089905
2019-04-26,0.0089925,0.0090045,0.008955,0.0089905
2019-04-29,0.008991,0.0089935,0.008966,0.0089805
2019-04-30,0.0089855,0.00902,0.0089835,0.0090095
2019-05-01,0.009004,0.009035,0.0089885,0.00899
2019-05-02,0.0090055,0.0090105,0.008985,0.008999
2019-05-03,0.008998,0.0090335,0.0089775,0.009031
2019-05-06,0.009059,0.0090975,0.009042,0.009046
2019-05-07,0.0090625,0.0091055,0.00905,0.009098
2019-05-08,0.009099,0.009127,0.0090955,0.0091085
2019-05-09,0.009111,0.009161,0.009109,0.009143
2019-05-10,0.009141,0.00916,0.009112,0.009124
2019-05-13,0.0091355,0.009198,0.009129,0.009171
2019-05-14,0.009182,0.009186,0.0091335,0.009146
2019-05-15,0.0091455,0.0091845,0.009139,0.009152
2019-05-16,0.009147,0.009167,0.009114,0.009124
2019-05-17,0.009124,0.0091535,0.009095,0.009102
2019-05-20,0.0091045,0.009126,0.009084,0.009112
2019-05-21,0.0091045,0.009108,0.009054,0.009058
2019-05-22,0.0090675,0.009089,0.0090575,0.009085
2019-05-23,0.0090795,0.0091515,0.0090765,0.0091495
2019-05-24,0.009138,0.009167,0.0091275,0.0091585
2019-05-28,0.009163,0.009171,0.009136,0.0091475
2019-05-29,0.0091575,0.009175,0.009128,0.00915
2019-05-30,0.0091395,0.009146,0.0091075,0.009139
2019-05-31,0.0091335,0.0092465,0.0091325,0.0092365
2019-06-03,0.009243,0.009279,0.009231,0.009266
2019-06-04,0.0092635,0.009282,0.0092375,0.0092635
2019-06-05,0.0092555,0.009284,0.009226,0.0092315
2019-06-06,0.0092405,0.009263,0.009217,0.0092275
2019-06-07,0.0092325,0.009275,0.0092125,0.0092505
2019-06-10,0.009226,0.0092375,0.009203,0.009228
2019-06-11,0.0092255,0.009234,0.009195,0.0092215
2019-06-12,0.0092155,0.009244,0.009215,0.00922
2019-06-13,0.00922,0.0092465,0.0092145,0.009233
2019-06-14,0.009291,0.009315,0.009273,0.009275
2019-06-17,0.009278,0.009279,0.0092605,0.009274
2019-06-18,0.009275,0.009317,0.009263,0.009284
2019-06-19,0.0092825,0.0093305,0.0092685,0.009324
2019-06-20,0.009313,0.009387,0.0093065,0.009382
2019-06-21,0.00938,0.009401,0.00934,0.009368
2019-06-24,0.0093775,0.009382,0.009356,0.0093755
2019-06-25,0.0093765,0.009422,0.009366,0.0093905
2019-06-26,0.0093905,0.0093925,0.0093285,0.00933
2019-06-27,0.009335,0.009342,0.009298,0.009334
2019-06-28,0.0093285,0.009349,0.0093165,0.009331
2019-07-01,0.009302,0.009302,0.009265,0.0092705
2019-07-02,0.009275,0.00933,0.0092685,0.009325
2019-07-03,0.0093195,0.00935,0.009318,0.009324
2019-07-05,0.009325,0.0093325,0.009253,0.0092585
2019-07-08,0.009268,0.0092835,0.009238,0.0092445
2019-07-09,0.009246,0.0092465,0.009224,0.0092325
2019-07-10,0.0092325,0.009276,0.009221,0.0092695
2019-07-11,0.0092675,0.009315,0.0092565,0.009264
2019-07-12,0.0092595,0.0093195,0.0092495,0.0093185
2019-07-15,0.0093115,0.00932,0.009293,0.009311
2019-07-16,0.0093105,0.009317,0.0092685,0.0092725
2019-07-17,0.0092805,0.009306,0.009272,0.0092935
2019-07-18,0.009306,0.0093665,0.0092965,0.0093435
2019-07-19,0.0093595,0.0093655,0.009299,0.009317
2019-07-22,0.0093185,0.0093235,0.009291,0.009309
2019-07-23,0.009304,0.009311,0.0092705,0.0092735
2019-07-24,0.009275,0.0093015,0.009272,0.009277
2019-07-25,0.0092795,0.00929,0.0092285,0.009229
2019-07-26,0.009239,0.0092445,0.0092215,0.0092325
2019-07-29,0.009233,0.0092555,0.009215,0.0092245
2019-07-30,0.009221,0.009253,0.0092105,0.0092405
2019-07-31,0.0092405,0.0092485,0.0092035,0.0092235
2019-08-01,0.009223,0.0093535,0.0091765,0.009344
2019-08-02,0.0093475,0.009419,0.0093255,0.0094135
2019-08-05,0.009417,0.0094825,0.009403,0.00946
2019-08-06,0.009496,0.009505,0.009365,0.0094155
2019-08-07,0.009422,0.0095065,0.00942,0.009451
2019-08-08,0.009438,0.0094685,0.00943,0.009462
2019-08-09,0.0094685,0.009524,0.00945,0.0094965
2019-08-12,0.0094925,0.009544,0.009485,0.0095235
2019-08-13,0.0095255,0.0095415,0.0093705,0.009397
2019-08-14,0.009393,0.009488,0.009392,0.009467
2019-08-15,0.009475,0.009481,0.009385,0.009446
2019-08-16,0.009444,0.009452,0.00941,0.009429
2019-08-19,0.009424,0.009432,0.009391,0.009398
2019-08-20,0.009401,0.009438,0.009391,0.009424
2019-08-21,0.009428,0.009431,0.009394,0.009399
2019-08-22,0.009399,0.009427,0.009391,0.009413
2019-08-23,0.009411,0.009516,0.009384,0.009512
2019-08-26,0.009549,0.009589,0.00941,0.009432
2019-08-27,0.009437,0.009484,0.009434,0.009467
2019-08-28,0.00947,0.009478,0.009426,0.009444
2019-08-29,0.009444,0.009459,0.009383,0.009388
2019-08-30,0.009399,0.009435,0.009395,0.009421
2019-09-03,0.009448,0.009466,0.009407,0.00944
2019-09-04,0.009449,0.009457,0.009402,0.009406
2019-09-05,0.009409,0.009411,0.009331,0.009355
2019-09-06,0.009357,0.009384,0.009342,0.009361
2019-09-09,0.009365,0.009371,0.009326,0.009336
2019-09-10,0.009329,0.009334,0.009299,0.009312
2019-09-11,0.009304,0.009306,0.009274,0.009282
2019-09-12,0.009276,0.009301,0.009244,0.009247
2019-09-13,0.009307,0.009324,0.009294,0.009303
2019-09-16,0.009336,0.009359,0.009303,0.009314
2019-09-17,0.009305,0.009315,0.009284,0.0093
2019-09-18,0.009307,0.009309,0.009276,0.009287
2019-09-19,0.00928,0.009333,0.009273,0.009318
2019-09-20,0.009312,0.009352,0.009308,0.009341
2019-09-23,0.009335,0.009371,0.009331,0.009359
2019-09-24,0.009354,0.009403,0.009328,0.009396
2019-09-25,0.009389,0.009399,0.009321,0.009326
2019-09-26,0.009333,0.00936,0.009313,0.009326
2019-09-27,0.009322,0.009336,0.00929,0.009321
2019-09-30,0.009305,0.009327,0.00929,0.009298
2019-10-01,0.009299,0.009337,0.009265,0.009329
2019-10-02,0.009325,0.009388,0.009314,0.009374
2019-10-03,0.009377,0.009434,0.009363,0.009398
2019-10-04,0.009399,0.009447,0.009377,0.0094
2019-10-07,0.009417,0.009418,0.009345,0.009361
2019-10-08,0.009367,0.009404,0.009348,0.009377
2019-10-09,0.009381,0.009392,0.009331,0.009338
2019-10-10,0.009344,0.009381,0.009294,0.009304
2019-10-11,0.009309,0.009309,0.00924,0.009251
2019-10-14,0.009259,0.009292,0.009251,0.009265
2019-10-15,0.009265,0.00928,0.009217,0.009222
2019-10-16,0.009221,0.009246,0.00922,0.009228
2019-10-17,0.00923,0.009253,0.009211,0.009234
2019-10-18,0.009238,0.009258,0.009229,0.009253
2019-10-21,0.009253,0.009265,0.009233,0.009239
2019-10-22,0.009242,0.009252,0.009228,0.009252
2019-10-23,0.00925,0.009269,0.009228,0.009233
2019-10-24,0.009231,0.009245,0.009223,0.009234
2019-10-25,0.009234,0.009243,0.00922,0.009227
2019-10-28,0.009227,0.00923,0.009197,0.0092
2019-10-29,0.0092,0.009222,0.009194,0.009216
2019-10-30,0.009208,0.009223,0.009175,0.009202
2019-10-31,0.009208,0.009289,0.009207,0.009283
2019-11-01,0.009281,0.009292,0.009253,0.009259
2019-11-04,0.009261,0.009264,0.009225,0.009227
2019-11-05,0.009231,0.009231,0.009167,0.009176
2019-11-06,0.00918,0.00921,0.009179,0.0092
2019-11-07,0.009196,0.009223,0.009151,0.009166
2019-11-08,0.009166,0.009186,0.009152,0.009179
2019-11-11,0.009172,0.009201,0.009171,0.009189
2019-11-12,0.009185,0.009198,0.009166,0.009195
2019-11-13,0.009192,0.00922,0.009178,0.00921
2019-11-14,0.009208,0.009255,0.009201,0.009242
2019-11-15,0.00924,0.009241,0.009201,0.009203
2019-11-18,0.009208,0.00923,0.009182,0.009218
2019-11-19,0.009217,0.009234,0.009201,0.009227
2019-11-20,0.009225,0.009242,0.009209,0.009218
2019-11-21,0.009231,0.009247,0.009211,0.009214
2019-11-22,0.009218,0.009229,0.009208,0.009216
2019-11-25,0.009209,0.009212,0.009186,0.009186
2019-11-26,0.009189,0.009194,0.009166,0.00918
2019-11-27,0.009177,0.00918,0.009132,0.009134
2019-11-29,0.009138,0.009153,0.009125,0.009147
2019-12-02,0.009136,0.009187,0.00912,0.009183
2019-12-03,0.009176,0.009225,0.009163,0.009217
2019-12-04,0.009211,0.009228,0.009183,0.009186
2019-12-05,0.009191,0.009208,0.009179,0.009201
2019-12-06,0.009198,0.009242,0.009185,0.009215
2019-12-09,0.009211,0.009226,0.009205,0.009209
2019-12-10,0.009212,0.009219,0.009197,0.009201
2019-12-11,0.009194,0.009222,0.009189,0.009219
2019-12-12,0.009214,0.009222,0.009137,0.009148
2019-12-13,0.009189,0.00921,0.009169,0.009201
2019-12-16,0.009198,0.009199,0.009171,0.009178
2019-12-17,0.009176,0.00919,0.009174,0.009186
2019-12-18,0.009185,0.009193,0.009174,0.009177
2019-12-19,0.009178,0.009208,0.009167,0.009199
2019-12-20,0.009191,0.009199,0.009178,0.009182
2019-12-23,0.009181,0.009192,0.009176,0.009189
2019-12-24,0.009186,0.009195,0.009184,0.009188
2019-12-26,0.009189,0.009193,0.009163,0.009164
2019-12-27,0.009164,0.009179,0.009161,0.009178
2019-12-30,0.009176,0.009231,0.009169,0.009225
2019-12-31,0.009223,0.009256,0.009221,0.009246
2020-01-02,0.009237,0.009277,0.009222,0.009249
2020-01-03,0.009247,0.009309,0.009241,0.009294
2020-01-06,0.009312,0.009315,0.009252,0.009256
2020-01-07,0.009264,0.009271,0.00924,0.009248
2020-01-08,0.009254,0.009324,0.009187,0.009189
2020-01-09,0.0092,0.009205,0.009157,0.009163
2020-01-10,0.009166,0.009169,0.009148,0.009162
2020-01-13,0.009157,0.009161,0.009126,0.009128
2020-01-14,0.009126,0.009133,0.009103,0.009122
2020-01-15,0.009121,0.009138,0.00912,0.009127
2020-01-16,0.009128,0.009131,0.009103,0.009107
2020-01-17,0.009105,0.009114,0.009094,0.009106
2020-01-21,0.009108,0.009137,0.009099,0.009135
2020-01-22,0.009127,0.009131,0.009107,0.009126
2020-01-23,0.009129,0.009177,0.009128,0.009154
2020-01-24,0.009153,0.009184,0.009143,0.009177
2020-01-27,0.009205,0.009221,0.009187,0.009205
2020-01-28,0.009206,0.009218,0.009181,0.009186
2020-01-29,0.009178,0.009199,0.009172,0.009193
2020-01-30,0.009195,0.009231,0.00919,0.009214
2020-01-31,0.009201,0.009255,0.009184,0.00925
2020-02-03,0.009253,0.009254,0.009212,0.009222
2020-02-04,0.009222,0.009233,0.009148,0.009152
2020-02-05,0.009156,0.009168,0.009123,0.009124
2020-02-06,0.009124,0.009127,0.009108,0.009111
2020-02-07,0.009107,0.009147,0.009102,0.00913
2020-02-10,0.009132,0.009144,0.009117,0.009133
2020-02-11,0.009126,0.009131,0.009109,0.009128
2020-02-12,0.009124,0.009125,0.009084,0.0091
2020-02-13,0.009098,0.009137,0.009097,0.009121
2020-02-14,0.009119,0.009131,0.009112,0.009124
2020-02-18,0.009124,0.009133,0.009107,0.009115
2020-02-19,0.009113,0.009115,0.008973,0.008975
2020-02-20,0.009003,0.00901,0.0089205,0.0089345
2020-02-21,0.0089345,0.008981,0.0089235,0.00897
2020-02-24,0.0089835,0.009074,0.0089635,0.009039
2020-02-25,0.009046,0.0091095,0.009015,0.0090935
2020-02-26,0.0090835,0.0090895,0.009042,0.0090825
2020-02-27,0.0090635,0.0091345,0.009061,0.009104
2020-02-28,0.009135,0.0093095,0.0091245,0.009282
2020-03-02,0.0093325,0.009334,0.009217,0.0092785
2020-03-03,0.0092445,0.009358,0.0092205,0.009331
2020-03-04,0.009339,0.0093655,0.00929,0.0093225
2020-03-05,0.009301,0.009441,0.009285,0.0094025
2020-03-06,0.0094245,0.0095285,0.0094075,0.0095095
2020-03-09,0.0095765,0.009887,0.0095645,0.009796
2020-03-10,0.0097825,0.0098065,0.0094445,0.0095185
2020-03-11,0.009504,0.0096085,0.00949,0.0095655
2020-03-12,0.0095735,0.0097025,0.009425,0.0095065
2020-03-13,0.009571,0.009603,0.0092675,0.009301
2020-03-16,0.0094135,0.0095545,0.0093405,0.0094795
2020-03-17,0.0095105,0.0095105,0.009316,0.0093165
2020-03-18,0.0093325,0.009409,0.009244,0.0093065
2020-03-19,0.009286,0.009303,0.009068,0.0090925
2020-03-20,0.0090625,0.009188,0.0090075,0.009036
2020-03-23,0.00906,0.0091625,0.009009,0.0090175
2020-03-24,0.009033,0.00913,0.0090055,0.009024
2020-03-25,0.009036,0.0090795,0.008997,0.009025
2020-03-26,0.0090445,0.0091945,0.0090335,0.009193
2020-03-27,0.009171,0.0093305,0.0091665,0.0093195
2020-03-30,0.00932,0.0093715,0.009271,0.009297
2020-03-31,0.009308,0.009336,0.009228,0.0093195
2020-04-01,0.009326,0.0093785,0.0092915,0.0093525
2020-04-02,0.0093575,0.009366,0.009272,0.009293
2020-04-03,0.0092905,0.009298,0.0092185,0.0092545
2020-04-06,0.0092345,0.0092425,0.009158,0.0091865
2020-04-07,0.0091735,0.0092195,0.009168,0.009206
2020-04-08,0.009211,0.009236,0.0091845,0.009208
2020-04-09,0.0092045,0.0092625,0.009188,0.0092445
2020-04-13,0.0092415,0.0093205,0.0092315,0.0093195
2020-04-14,0.0093005,0.0093635,0.0092975,0.009347
2020-04-15,0.009352,0.009368,0.0092825,0.0093205
2020-04-16,0.0093215,0.009344,0.0092645,0.009303
2020-04-17,0.009269,0.009331,0.009263,0.009305
2020-04-20,0.0093005,0.009315,0.0092735,0.009301
2020-04-21,0.0093005,0.009332,0.0092775,0.0092885
2020-04-22,0.0092865,0.0093105,0.0092725,0.009293
2020-04-23,0.009289,0.009324,0.009262,0.0093005
2020-04-24,0.009306,0.0093215,0.009288,0.009316
2020-04-27,0.00931,0.009355,0.0093,0.009332
2020-04-28,0.0093305,0.009392,0.009324,0.009366
2020-04-29,0.0093665,0.0094095,0.009362,0.009388
2020-04-30,0.0093835,0.0094035,0.0093075,0.009333
2020-05-01,0.0093365,0.009386,0.009315,0.0093635
2020-05-04,0.0093675,0.0093835,0.009345,0.009375
2020-05-05,0.0093735,0.0094025,0.00936,0.0093955
2020-05-06,0.009392,0.0094415,0.0093895,0.009434
2020-05-07,0.0094315,0.00944,0.0093805,0.0094135
2020-05-08,0.0094125,0.0094195,0.0093715,0.0093795
2020-05-11,0.009378,0.00938,0.0092825,0.0092845
2020-05-12,0.0092925,0.009339,0.009289,0.009327
2020-05-13,0.009331,0.0093725,0.0093255,0.0093505
2020-05-14,0.009347,0.009369,0.0093175,0.0093295
2020-05-15,0.009328,0.0093615,0.0093105,0.009324
2020-05-18,0.009337,0.0093425,0.0093045,0.0093145
2020-05-19,0.009322,0.0093235,0.0092545,0.009284
2020-05-20,0.009284,0.009319,0.0092635,0.009307
2020-05-21,0.0093015,0.0093035,0.0092745,0.0092965
2020-05-22,0.0092905,0.00932,0.0092815,0.009299
2020-05-26,0.0092955,0.0093135,0.0092675,0.009302
2020-05-27,0.009298,0.009316,0.0092655,0.0092875
2020-05-28,0.009285,0.0092975,0.009269,0.0092915
2020-05-29,0.009291,0.009341,0.009269,0.0092765
2020-06-01,0.0092825,0.009314,0.0092725,0.0092945
2020-06-02,0.0092885,0.009302,0.009194,0.0091995
2020-06-03,0.0092045,0.009224,0.009177,0.009181
2020-06-04,0.0091815,0.009207,0.009158,0.009165
2020-06-05,0.009164,0.009171,0.0091035,0.0091235
2020-06-08,0.009121,0.00924,0.0091165,0.0092315
2020-06-09,0.009224,0.0092925,0.0092135,0.0092825
2020-06-10,0.009281,0.0093475,0.0092705,0.009337
2020-06-11,0.009335,0.0093835,0.009326,0.0093625
2020-06-12,0.009377,0.0093965,0.0093125,0.0093215
2020-06-15,0.0093205,0.00936,0.0093105,0.009332
2020-06-16,0.009328,0.0093405,0.009304,0.0093345
2020-06-17,0.0093295,0.0093625,0.00932,0.0093505
2020-06-18,0.0093575,0.009387,0.0093465,0.0093725
2020-06-19,0.009362,0.0093785,0.009353,0.009369
2020-06-22,0.009375,0.00938,0.0093565,0.0093635
2020-06-23,0.009365,0.0094395,0.0093375,0.0094035
2020-06-24,0.0094045,0.0094115,0.00935,0.009362
2020-06-25,0.009354,0.0093555,0.0093165,0.0093375
2020-06-26,0.00934,0.009374,0.0093245,0.009339
2020-06-29,0.009341,0.0093515,0.0092775,0.0092945
2020-06-30,0.0093055,0.009309,0.009269,0.009271
2020-07-01,0.0092715,0.009324,0.0092535,0.0093125
2020-07-02,0.009315,0.0093255,0.009291,0.009303
2020-07-06,0.0093095,0.009332,0.009286,0.009329
2020-07-07,0.0093205,0.009333,0.009283,0.0093085
2020-07-08,0.0093075,0.0093365,0.009292,0.009336
2020-07-09,0.0093295,0.009345,0.009318,0.0093355
2020-07-10,0.009334,0.0093855,0.0093305,0.00936
2020-07-13,0.00936,0.009372,0.0093255,0.00933
2020-07-14,0.0093305,0.009343,0.009315,0.0093355
2020-07-15,0.0093295,0.0093825,0.009326,0.009356
2020-07-16,0.0093555,0.0093665,0.0093155,0.009319
2020-07-17,0.0093285,0.0093575,0.00932,0.009356
2020-07-20,0.009349,0.009351,0.0093035,0.0093255
2020-07-21,0.009327,0.0093805,0.0093195,0.0093715
2020-07-22,0.0093695,0.0093765,0.009325,0.0093305
2020-07-23,0.0093365,0.009377,0.0093305,0.0093745
2020-07-24,0.0093655,0.0094685,0.009362,0.0094395
2020-07-27,0.009437,0.009519,0.0094315,0.009495
2020-07-28,0.0094955,0.0095335,0.0094675,0.0095205
2020-07-29,0.009524,0.0095495,0.0095075,0.0095245
2020-07-30,0.009537,0.0095575,0.009502,0.0095425
2020-07-31,0.0095495,0.0096025,0.0094335,0.0094595
2020-08-03,0.009458,0.0094755,0.009396,0.0094395
2020-08-04,0.009441,0.0094705,0.00942,0.009458
2020-08-05,0.0094605,0.0094985,0.009449,0.0094715
2020-08-06,0.009473,0.0095005,0.009464,0.009475
2020-08-07,0.009481,0.0094835,0.009432,0.009443
2020-08-10,0.009447,0.0094635,0.009419,0.009442
2020-08-11,0.0094425,0.009444,0.0093765,0.0093785
2020-08-12,0.0093925,0.009398,0.009345,0.009361
2020-08-13,0.0093595,0.0093865,0.009344,0.009356
2020-08-14,0.0093555,0.0093985,0.009345,0.009387
2020-08-17,0.009384,0.009442,0.0093785,0.0094335
2020-08-18,0.0094355,0.009502,0.0094325,0.00949
2020-08-19,0.0094905,0.009517,0.0094225,0.009445
2020-08-20,0.0094325,0.009459,0.0094165,0.0094575
2020-08-21,0.0094535,0.009486,0.0094295,0.0094525
2020-08-24,0.009456,0.0094635,0.009436,0.0094395
2020-08-25,0.009436,0.0094475,0.0093845,0.009405
2020-08-26,0.0094005,0.0094395,0.009386,0.009434
2020-08-27,0.0094355,0.0094715,0.0093725,0.0093815
2020-08-28,0.0093865,0.0095075,0.0093515,0.009487
2020-08-31,0.009487,0.009499,0.0094265,0.0094475
2020-09-01,0.0094465,0.0094715,0.009421,0.0094385
2020-09-02,0.009438,0.009448,0.009408,0.0094085
2020-09-03,0.0094195,0.009434,0.0093855,0.009429
2020-09-04,0.009419,0.0094295,0.009389,0.0094165
2020-09-08,0.009413,0.0094475,0.0094,0.0094305
2020-09-09,0.009438,0.0094535,0.00941,0.009416
2020-09-10,0.0094165,0.0094355,0.0094075,0.0094235
2020-09-11,0.009431,0.0094405,0.0094215,0.0094355
2020-09-14,0.009436,0.009488,0.0094305,0.009471
2020-09-15,0.0094725,0.009508,0.0094615,0.009493
2020-09-16,0.009497,0.009553,0.0094955,0.0095335
2020-09-17,0.009541,0.0095775,0.0095185,0.0095625
2020-09-18,0.0095565,0.0096005,0.009546,0.0095755
2020-09-21,0.0095725,0.0096255,0.0095405,0.009553
2020-09-22,0.0095655,0.0095885,0.009527,0.0095405
2020-09-23,0.00954,0.0095405,0.009485,0.0094955
2020-09-24,0.009503,0.0095135,0.0094845,0.0094945
2020-09-25,0.009495,0.00951,0.009469,0.009478
2020-09-28,0.009475,0.0095085,0.009472,0.009486
2020-09-29,0.009483,0.009501,0.0094655,0.009471
2020-09-30,0.0094735,0.0094955,0.0094595,0.0094875
2020-10-01,0.00949,0.009495,0.0094655,0.009481
2020-10-02,0.0094845,0.0095365,0.009471,0.0094965
2020-10-05,0.0094905,0.009494,0.0094575,0.009466
2020-10-06,0.009465,0.009488,0.0094595,0.0094805
2020-10-07,0.009475,0.0094765,0.009431,0.0094375
2020-10-08,0.009443,0.009447,0.0094305,0.009439
2020-10-09,0.0094395,0.009478,0.009437,0.0094735
2020-10-12,0.0094645,0.009509,0.009464,0.009499
2020-10-13,0.009501,0.009505,0.0094735,0.0094855
2020-10-14,0.0094865,0.009527,0.0094835,0.0095205
2020-10-15,0.0095195,0.0095205,0.009485,0.009489
2020-10-16,0.009491,0.009513,0.0094895,0.009494
2020-10-19,0.009495,0.0095025,0.0094825,0.00949
2020-10-20,0.009491,0.009492,0.0094615,0.0094885
2020-10-21,0.0094855,0.00959,0.0094815,0.009571
2020-10-22,0.0095655,0.0095765,0.009536,0.0095415
2020-10-23,0.0095435,0.00957,0.0095345,0.009553
2020-10-26,0.0095615,0.0095625,0.009524,0.009542
2020-10-27,0.009543,0.0095855,0.009539,0.009576
2020-10-28,0.009578,0.0096095,0.0095695,0.0095895
2020-10-29,0.0095905,0.009618,0.009553,0.0095595
2020-10-30,0.009564,0.009608,0.009551,0.0095575
2020-11-02,0.0095605,0.009568,0.0095325,0.009544
2020-11-03,0.0095525,0.0095805,0.0095465,0.009565
2020-11-04,0.009567,0.0096065,0.0094965,0.009578
2020-11-05,0.0095725,0.009671,0.009572,0.0096655
2020-11-06,0.009656,0.009696,0.009642,0.0096915
2020-11-09,0.009684,0.0096915,0.0094685,0.009489
2020-11-10,0.0095035,0.0095435,0.009483,0.009501
2020-11-11,0.009503,0.009526,0.0094655,0.0094865
2020-11-12,0.009488,0.0095205,0.0094835,0.009518
2020-11-13,0.009517,0.0095665,0.0095125,0.0095605
2020-11-16,0.0095565,0.009585,0.009514,0.009564
2020-11-17,0.009565,0.009612,0.009565,0.0095985
2020-11-18,0.009602,0.0096505,0.0096,0.0096345
2020-11-19,0.009633,0.009645,0.0095975,0.009637
2020-11-20,0.0096395,0.0096455,0.0096265,0.009634
2020-11-23,0.009636,0.0096475,0.009559,0.009572
2020-11-24,0.0095705,0.0096045,0.0095475,0.009566
2020-11-25,0.009572,0.009594,0.0095625,0.0095785
2020-11-27,0.009577,0.0096255,0.009575,0.0096145
2020-11-30,0.009613,0.0096325,0.009579,0.0095865
2020-12-01,0.0095865,0.0096,0.0095635,0.0095795
2020-12-02,0.009588,0.0095955,0.0095465,0.0095655
2020-12-03,0.009578,0.009647,0.009567,0.0096195
2020-12-04,0.009628,0.00964,0.0095935,0.0096075
2020-12-07,0.009598,0.0096235,0.009587,0.009618
2020-12-08,0.009613,0.0096205,0.0095955,0.0096
2020-12-09,0.009602,0.009611,0.009578,0.0095945
2020-12-10,0.0095895,0.0095995,0.009562,0.009598
2020-12-11,0.00961,0.0096465,0.0096055,0.0096295
2020-12-14,0.0096325,0.009675,0.009619,0.009623
2020-12-15,0.0096275,0.0096655,0.009614,0.0096575
2020-12-16,0.00966,0.0096985,0.0096375,0.0096645
2020-12-17,0.0096805,0.009736,0.0096705,0.0097125
2020-12-18,0.009713,0.009713,0.0096665,0.0096945
2020-12-21,0.009689,0.0097,0.009638,0.0096925
2020-12-22,0.009691,0.0096985,0.0096555,0.009662
2020-12-23,0.009666,0.0096915,0.009662,0.0096655
2020-12-24,0.0096735,0.009675,0.0096495,0.0096595
2020-12-28,0.0096645,0.0096825,0.0096355,0.0096415
2020-12-29,0.0096435,0.0096735,0.009641,0.009668
2020-12-30,0.009666,0.009721,0.0096615,0.009692
2020-12-31,0.009694,0.0097175,0.0096865,0.009689
2021-01-04,0.0096995,0.0097435,0.0096865,0.009705
2021-01-05,0.009703,0.0097535,0.009698,0.0097495
2021-01-06,0.0097445,0.0097545,0.0096735,0.0097035
2021-01-07,0.0097085,0.00972,0.009625,0.0096345
2021-01-08,0.009635,0.0096585,0.009613,0.00963
2021-01-11,0.0096255,0.009629,0.009585,0.009607
2021-01-12,0.009603,0.0096475,0.00959,0.009638
2021-01-13,0.0096435,0.0096665,0.0096215,0.009633
2021-01-14,0.0096345,0.009662,0.0096025,0.009641
2021-01-15,0.0096385,0.0096565,0.009629,0.0096335
2021-01-19,0.009637,0.0096545,0.009612,0.009633
2021-01-20,0.009628,0.009672,0.0096265,0.0096635
2021-01-21,0.009661,0.0096825,0.0096515,0.0096655
2021-01-22,0.009667,0.0096685,0.0096305,0.009636
2021-01-25,0.009638,0.0096505,0.009626,0.0096385
2021-01-26,0.009641,0.0096615,0.0096355,0.0096525
2021-01-27,0.009655,0.009658,0.009601,0.009606
2021-01-28,0.0096115,0.009613,0.0095765,0.0095975
2021-01-29,0.009597,0.009599,0.0095325,0.009551
2021-02-01,0.009547,0.0095625,0.009524,0.009532
2021-02-02,0.009531,0.0095425,0.009511,0.00952
2021-02-03,0.0095275,0.009534,0.009517,0.009522
2021-02-04,0.0095245,0.009529,0.0094745,0.0094795
2021-02-05,0.009479,0.009496,0.0094575,0.0094865
2021-02-08,0.009493,0.009521,0.009466,0.0095065
2021-02-09,0.009506,0.009572,0.009503,0.009568
2021-02-10,0.009568,0.0095795,0.00954,0.0095585
2021-02-11,0.0095625,0.0095675,0.0095435,0.009548
2021-02-12,0.009547,0.0095505,0.009509,0.009528
2021-02-16,0.0095305,0.0095315,0.0094295,0.009445
2021-02-17,0.009426,0.009456,0.0094155,0.0094435
2021-02-18,0.009447,0.0094715,0.009442,0.0094625
2021-02-19,0.009464,0.009504,0.0094575,0.009481
2021-02-22,0.0094805,0.0095265,0.009449,0.0095235
2021-02-23,0.0095205,0.0095325,0.009486,0.009496
2021-02-24,0.009504,0.009508,0.0094255,0.0094405
2021-02-25,0.009446,0.0094485,0.0093985,0.0094155
2021-02-26,0.009412,0.0094485,0.0093735,0.0093785
2021-03-01,0.009383,0.009402,0.0093565,0.009364
2021-03-02,0.0093655,0.009375,0.00935,0.009368
2021-03-03,0.0093725,0.0093735,0.0093325,0.0093485
2021-03-04,0.009348,0.009349,0.0092605,0.009268
2021-03-05,0.009262,0.0092745,0.0092045,0.009231
2021-03-08,0.009227,0.009233,0.009179,0.0091855
2021-03-09,0.009181,0.0092235,0.009155,0.0092195
2021-03-10,0.009216,0.0092305,0.0091805,0.0092255
2021-03-11,0.0092245,0.0092285,0.00919,0.0092205
2021-03-12,0.0092235,0.0092245,0.0091685,0.009177
2021-03-15,0.009183,0.00919,0.0091515,0.0091695
2021-03-16,0.0091675,0.0092015,0.0091575,0.009183
2021-03-17,0.009182,0.009204,0.009155,0.0091945
2021-03-18,0.0091945,0.0092135,0.009155,0.009182
2021-03-19,0.009187,0.0092145,0.00917,0.0091915
2021-03-22,0.0092175,0.0092175,0.009185,0.009199
2021-03-23,0.009195,0.009232,0.009192,0.009203
2021-03-24,0.009215,0.009228,0.0091845,0.0092075
2021-03-25,0.009204,0.009205,0.0091605,0.009171
2021-03-26,0.0091655,0.00917,0.0091095,0.0091235
2021-03-29,0.009123,0.0091495,0.0091105,0.0091125
2021-03-30,0.009113,0.0091175,0.0090625,0.0090685
2021-03-31,0.0090675,0.009075,0.009018,0.0090355
2021-04-01,0.009035,0.0090515,0.009027,0.0090455
2021-04-05,0.009043,0.0091005,0.0090355,0.0090835
2021-04-06,0.009086,0.0091245,0.0090505,0.0091085
2021-04-07,0.009117,0.0091315,0.0091015,0.009113
2021-04-08,0.00911,0.00918,0.0091045,0.009158
2021-04-09,0.0091575,0.0091615,0.009099,0.009125
2021-04-12,0.009123,0.0091585,0.009115,0.009144
2021-04-13,0.0091475,0.009178,0.0091165,0.009173
2021-04-14,0.0091745,0.0092005,0.0091715,0.0091845
2021-04-15,0.009186,0.009212,0.0091825,0.009208
2021-04-16,0.0092005,0.0092125,0.0091815,0.0091965
2021-04-19,0.009195,0.009263,0.009193,0.0092545
2021-04-20,0.0092515,0.009266,0.009217,0.0092535
2021-04-21,0.009258,0.0092745,0.009239,0.009255
2021-04-22,0.0092585,0.009279,0.0092435,0.009255
2021-04-23,0.009267,0.0093085,0.0092505,0.009269
2021-04-26,0.009269,0.0092945,0.0092465,0.009253
2021-04-27,0.0092555,0.0092555,0.009197,0.009199
2021-04-28,0.009202,0.0092135,0.0091705,0.0092045
2021-04-29,0.0092095,0.009225,0.009158,0.009188
2021-04-30,0.009184,0.0092015,0.009145,0.0091515
2021-05-03,0.0091505,0.009186,0.0091185,0.009168
2021-05-04,0.009172,0.009175,0.0091365,0.009152
2021-05-05,0.0091525,0.009165,0.009136,0.0091555
2021-05-06,0.00916,0.009176,0.009141,0.0091735
2021-05-07,0.009172,0.0092325,0.009152,0.009209
2021-05-10,0.009208,0.0092215,0.0091715,0.009192
2021-05-11,0.0091905,0.009232,0.009178,0.009206
2021-05-12,0.009209,0.00921,0.0091165,0.009127
2021-05-13,0.0091205,0.009142,0.00911,0.0091385
2021-05-14,0.009136,0.009161,0.0091215,0.0091465
2021-05-17,0.0091525,0.00917,0.0091335,0.009161
2021-05-18,0.009159,0.009191,0.009152,0.0091875
2021-05-19,0.0091865,0.0092125,0.0091475,0.009159
2021-05-20,0.0091595,0.009197,0.00915,0.009192
2021-05-21,0.0091935,0.0092085,0.009175,0.0091825
2021-05-24,0.009182,0.009201,0.009176,0.009194
2021-05-25,0.009195,0.009213,0.009169,0.0092
2021-05-26,0.0091955,0.009199,0.0091605,0.009165
2021-05-27,0.009165,0.0091715,0.0090975,0.009109
2021-05-28,0.0091035,0.009113,0.009075,0.0091095
2021-06-01,0.009105,0.0091475,0.009097,0.00914
2021-06-02,0.009134,0.009137,0.009101,0.0091275
2021-06-03,0.009128,0.0091285,0.009064,0.009066
2021-06-04,0.0090665,0.0091445,0.009064,0.0091315
2021-06-07,0.009131,0.0091595,0.009122,0.0091535
2021-06-08,0.0091545,0.0091585,0.009128,0.009133
2021-06-09,0.009134,0.009156,0.0091195,0.009127
2021-06-10,0.009122,0.0091495,0.0091075,0.0091385
2021-06-11,0.009153,0.0091545,0.0091095,0.0091215
2021-06-14,0.0091255,0.0091295,0.009088,0.009089
2021-06-15,0.0090925,0.0090985,0.0090835,0.009089
2021-06-16,0.0090905,0.009114,0.0090375,0.0090565
2021-06-17,0.009042,0.0090835,0.009029,0.0090765
2021-06-18,0.009075,0.0091025,0.009057,0.0090855
2021-06-21,0.009079,0.009121,0.0090685,0.0090745
2021-06-22,0.009071,0.0090795,0.009032,0.009046
2021-06-23,0.009042,0.0090455,0.0090065,0.0090175
2021-06-24,0.0090165,0.009041,0.009005,0.0090265
2021-06-25,0.0090255,0.0090575,0.009016,0.009028
2021-06-28,0.009034,0.0090565,0.0090165,0.0090525
2021-06-29,0.0090465,0.0090615,0.0090335,0.0090555
2021-06-30,0.00905,0.0090625,0.0090035,0.009007
2021-07-01,0.0090075,0.0090115,0.008962,0.0089635
2021-07-02,0.008971,0.0090185,0.0089605,0.008996
2021-07-06,0.0090105,0.0090535,0.008999,0.0090445
2021-07-07,0.009045,0.0090635,0.0090285,0.009045
2021-07-08,0.009042,0.009135,0.00904,0.0091115
2021-07-09,0.0091165,0.009117,0.0090745,0.0090825
2021-07-12,0.009086,0.0090975,0.009062,0.0090685
2021-07-13,0.0090665,0.0090795,0.009042,0.009046
2021-07-14,0.009044,0.009101,0.0090375,0.0090945
2021-07-15,0.009099,0.0091185,0.009084,0.00911
2021-07-16,0.009109,0.0091175,0.0090665,0.009089
2021-07-19,0.009092,0.009173,0.009087,0.0091385
2021-07-20,0.00914,0.009151,0.0090975,0.0091095
2021-07-21,0.0091045,0.0091105,0.0090625,0.0090725
2021-07-22,0.00907,0.0090935,0.009065,0.009082
2021-07-23,0.009082,0.009087,0.0090455,0.009048
2021-07-26,0.009048,0.0090845,0.0090465,0.009063
2021-07-27,0.0090635,0.009129,0.009062,0.0091175
2021-07-28,0.0091145,0.0091155,0.00907,0.0090955
2021-07-29,0.0090995,0.009142,0.0090985,0.009138
2021-07-30,0.0091365,0.0091475,0.0091075,0.0091135
2021-08-02,0.0091135,0.009162,0.0091125,0.0091565
2021-08-03,0.009151,0.0091875,0.0091485,0.009168
2021-08-04,0.009174,0.0092,0.00912,0.0091375
2021-08-05,0.009138,0.009143,0.0091105,0.009114
2021-08-06,0.009112,0.0091175,0.0090635,0.009075
2021-08-09,0.00907,0.009091,0.0090635,0.0090695
2021-08-10,0.009066,0.0090705,0.0090435,0.0090455
2021-08-11,0.0090465,0.0090675,0.009027,0.0090555
2021-08-12,0.0090575,0.0090665,0.0090475,0.009055
2021-08-13,0.009059,0.009131,0.0090555,0.009126
2021-08-16,0.009125,0.0091665,0.0091135,0.0091565
2021-08-17,0.0091545,0.009166,0.009121,0.0091285
2021-08-18,0.009127,0.0091355,0.0090865,0.009102
2021-08-19,0.0091075,0.009135,0.0090735,0.0091095
2021-08-20,0.009113,0.0091285,0.009102,0.0091085
2021-08-23,0.0091105,0.009121,0.00908,0.0091185
2021-08-24,0.0091195,0.009141,0.0091015,0.009118
2021-08-25,0.009121,0.009121,0.0090815,0.009094
2021-08-26,0.009091,0.009098,0.009073,0.00909
2021-08-27,0.0090865,0.009111,0.0090655,0.009106
2021-08-30,0.009105,0.0091165,0.009095,0.009101
2021-08-31,0.0090985,0.0091265,0.009085,0.009092
2021-09-01,0.0090935,0.009102,0.0090565,0.009097
2021-09-02,0.0090905,0.0090985,0.0090815,0.009094
2021-09-03,0.009096,0.00913,0.0090855,0.009122
2021-09-07,0.009109,0.0091175,0.0090645,0.0090675
2021-09-08,0.0090685,0.009079,0.009054,0.0090725
2021-09-09,0.0090685,0.009123,0.0090685,0.0091165
2021-09-10,0.009119,0.0091225,0.009098,0.0091045
2021-09-13,0.009106,0.009109,0.0090835,0.009096
2021-09-14,0.0090955,0.0091365,0.0090805,0.009128
2021-09-15,0.0091225,0.0091715,0.0091185,0.009147
2021-09-16,0.00915,0.0091625,0.009111,0.0091215
2021-09-17,0.009119,0.0091245,0.0090895,0.009103
2021-09-20,0.0091025,0.0091535,0.009093,0.0091495
2021-09-21,0.0091475,0.009165,0.009121,0.0091615
2021-09-22,0.0091615,0.0091705,0.0091045,0.009107
2021-09-23,0.0091135,0.009116,0.009067,0.009076
2021-09-24,0.00907,0.009075,0.00903,0.0090305
2021-09-27,0.009036,0.0090515,0.0090075,0.0090125
2021-09-28,0.0090145,0.009019,0.0089615,0.0089655
2021-09-29,0.0089725,0.0089965,0.008929,0.0089345
2021-09-30,0.0089355,0.008994,0.008926,0.008981
2021-10-01,0.0089905,0.009022,0.008974,0.0090095
2021-10-04,0.0090145,0.0090275,0.0089885,0.009021
2021-10-05,0.0090205,0.0090235,0.008968,0.008974
2021-10-06,0.008975,0.0089975,0.0089495,0.0089785
2021-10-07,0.0089795,0.0089945,0.0089605,0.008963
2021-10-08,0.0089615,0.008972,0.008912,0.008917
2021-10-11,0.008913,0.0089185,0.008821,0.008827
2021-10-12,0.008826,0.008853,0.0087915,0.0088015
2021-10-13,0.008805,0.0088355,0.0087905,0.008825
2021-10-14,0.008834,0.0088365,0.0087965,0.0088015
2021-10-15,0.008801,0.008801,0.0087395,0.0087555
2021-10-18,0.0087545,0.008774,0.00874,0.008755
2021-10-19,0.0087495,0.0087845,0.008744,0.0087515
2021-10-20,0.008748,0.008769,0.0087215,0.00876
2021-10-21,0.00875,0.008802,0.008743,0.0087805
2021-10-22,0.008773,0.0088205,0.0087585,0.0088195
2021-10-25,0.0088135,0.0088165,0.0087805,0.008797
2021-10-26,0.008797,0.0087985,0.0087505,0.008762
2021-10-27,0.0087635,0.008822,0.0087575,0.0087925
2021-10-28,0.0087895,0.0088325,0.008785,0.008817
2021-10-29,0.008809,0.0088215,0.008767,0.00878
2021-11-01,0.008768,0.008779,0.00874,0.008776
2021-11-02,0.0087745,0.008816,0.008764,0.0087775
2021-11-03,0.008778,0.008796,0.0087575,0.0087805
2021-11-04,0.008776,0.008812,0.0087525,0.0087945
2021-11-05,0.0087925,0.0088285,0.008771,0.0088205
2021-11-08,0.008818,0.008845,0.008799,0.008833
2021-11-09,0.008832,0.0088735,0.008829,0.0088645
2021-11-10,0.008859,0.008869,0.0087725,0.008787
2021-11-11,0.008783,0.0087885,0.0087615,0.008766
2021-11-12,0.008769,0.008792,0.0087505,0.008777
2021-11-15,0.008777,0.008793,0.0087565,0.0087665
2021-11-16,0.008763,0.008765,0.008707,0.0087205
2021-11-17,0.0087095,0.0087785,0.008699,0.008764
2021-11-18,0.0087625,0.008783,0.0087355,0.0087535
2021-11-19,0.0087535,0.0088055,0.0087315,0.0087775
2021-11-22,0.008771,0.0087725,0.0086995,0.0087005
2021-11-23,0.0087075,0.0087355,0.0086815,0.008691
2021-11-24,0.0086885,0.0087105,0.0086565,0.008662
2021-11-26,0.008665,0.0088475,0.0086615,0.0088425
2021-11-29,0.008817,0.008851,0.0087755,0.008794
2021-11-30,0.008802,0.008887,0.0087805,0.008842
2021-12-01,0.008836,0.008876,0.008801,0.0088675
2021-12-02,0.0088645,0.008873,0.0088235,0.008837
2021-12-03,0.0088345,0.008885,0.008802,0.00888
2021-12-06,0.008858,0.0088615,0.0088065,0.0088115
2021-12-07,0.008812,0.0088185,0.008789,0.0088005
2021-12-08,0.008806,0.0088255,0.0087755,0.008798
2021-12-09,0.0087935,0.0088285,0.0087865,0.008813
2021-12-10,0.008823,0.0088415,0.0087965,0.0088255
2021-12-13,0.0088265,0.0088305,0.008802,0.0088185
2021-12-14,0.008814,0.008826,0.0088,0.008801
2021-12-15,0.008802,0.0088105,0.0087595,0.008778
2021-12-16,0.008778,0.008816,0.008763,0.008813
2021-12-17,0.0088045,0.0088485,0.0087925,0.0088045
2021-12-20,0.008803,0.0088315,0.0087995,0.0088015
2021-12-21,0.0088075,0.008814,0.0087615,0.0087705
2021-12-22,0.008773,0.008783,0.0087505,0.008766
2021-12-23,0.0087705,0.008772,0.0087425,0.0087465
2021-12-27,0.008752,0.0087545,0.0087075,0.008708
2021-12-28,0.008711,0.0087245,0.0087055,0.0087145
2021-12-29,0.0087155,0.0087265,0.0086975,0.0087035
2021-12-30,0.008703,0.008705,0.008673,0.008695
2021-12-31,0.0086955,0.0087,0.008685,0.008698
2022-01-03,0.0086915,0.008704,0.0086705,0.0086755
2022-01-04,0.008673,0.0086775,0.008598,0.0086155
2022-01-05,0.008615,0.008653,0.0086065,0.008613
2022-01-06,0.0086165,0.0086525,0.0086105,0.0086285
2022-01-07,0.0086365,0.008665,0.008621,0.008658
2022-01-10,0.0086535,0.0086965,0.0086355,0.008684
2022-01-11,0.008684,0.0086905,0.008648,0.0086735
2022-01-12,0.008675,0.008755,0.008656,0.008746
2022-01-13,0.008725,0.008776,0.008722,0.0087705
2022-01-14,0.0087625,0.008816,0.0087555,0.0087645
2022-01-18,0.00876,0.00876,0.008695,0.0087285
2022-01-19,0.008731,0.00876,0.0087155,0.008757
2022-01-20,0.008749,0.008778,0.0087335,0.0087615
2022-01-21,0.0087675,0.008806,0.008766,0.0088015
2022-01-24,0.008802,0.008817,0.0087755,0.0087925
2022-01-25,0.0087795,0.008801,0.008763,0.0087815
2022-01-26,0.008786,0.0087925,0.008721,0.008733
2022-01-27,0.008724,0.008738,0.0086615,0.0086755
2022-01-28,0.0086735,0.0086895,0.0086465,0.008682
2022-01-31,0.008676,0.008704,0.008654,0.008699
2022-02-01,0.008689,0.008732,0.0086835,0.008721
2022-02-02,0.0087215,0.008765,0.008713,0.0087455
2022-02-03,0.0087415,0.0087495,0.008697,0.008703
2022-02-04,0.008699,0.008715,0.008665,0.0086785
2022-02-07,0.008678,0.0087045,0.0086695,0.0086925
2022-02-08,0.008691,0.008694,0.0086505,0.008657
2022-02-09,0.008658,0.0086735,0.008638,0.0086615
2022-02-10,0.0086565,0.0086615,0.0085955,0.0086305
2022-02-11,0.008621,0.008697,0.0086105,0.0086795
2022-02-14,0.0086615,0.0086975,0.0086415,0.0086485
2022-02-15,0.008658,0.008678,0.0086315,0.00865
2022-02-16,0.0086485,0.0086705,0.008638,0.008667
2022-02-17,0.0086625,0.0087095,0.008657,0.0087065
2022-02-18,0.008702,0.0087135,0.008675,0.008691
2022-02-22,0.0087,0.0087355,0.0086785,0.0086915
2022-02-23,0.008694,0.008703,0.0086815,0.0087
2022-02-24,0.008698,0.0087425,0.0086445,0.008646
2022-02-25,0.00866,0.008686,0.00864,0.0086525
2022-02-28,0.0086565,0.0087085,0.008641,0.008707
2022-03-01,0.0086985,0.00872,0.0086755,0.0087085
2022-03-02,0.008705,0.0087125,0.008643,0.0086525
2022-03-03,0.0086575,0.0086675,0.008635,0.008664
2022-03-04,0.008662,0.0087315,0.00865,0.0087145
2022-03-07,0.0087045,0.0087115,0.00866,0.0086735
2022-03-08,0.008672,0.008675,0.008636,0.00864
2022-03-09,0.008643,0.008654,0.0086245,0.0086325
2022-03-10,0.008631,0.0086345,0.008606,0.0086135
2022-03-11,0.00863,0.00863,0.008539,0.00854
2022-03-14,0.0085395,0.0085425,0.0084765,0.0084855
2022-03-15,0.008478,0.0085135,0.0084605,0.0084695
2022-03-16,0.00847,0.0084795,0.008412,0.0084435
2022-03-17,0.008437,0.008464,0.008418,0.0084485
2022-03-18,0.008447,0.0084565,0.0083905,0.0084095
2022-03-21,0.0084115,0.008412,0.0083835,0.008386
2022-03-22,0.0083855,0.0083885,0.0082775,0.008299
2022-03-23,0.0082935,0.0083085,0.0082525,0.0082725
2022-03-24,0.0082705,0.0082835,0.0081855,0.008196
2022-03-25,0.008188,0.0082685,0.0081835,0.0082035
2022-03-28,0.00821,0.008211,0.0080085,0.0081095
2022-03-29,0.008089,0.0082135,0.0080615,0.008151
2022-03-30,0.008155,0.008258,0.008132,0.0082285
2022-03-31,0.008221,0.0082595,0.008181,0.0082375
2022-04-01,0.0082315,0.008233,0.008141,0.008169
2022-04-04,0.008171,0.008193,0.0081465,0.008157
2022-04-05,0.0081575,0.0081855,0.0080995,0.008104
2022-04-06,0.008105,0.0081145,0.008075,0.0080935
2022-04-07,0.008093,0.008113,0.008078,0.0080805
2022-04-08,0.00808,0.0081,0.0080345,0.0080545
2022-04-11,0.008062,0.008069,0.007964,0.0079845
2022-04-12,0.007988,0.008029,0.007965,0.007995
2022-04-13,0.007988,0.0079905,0.007929,0.007974
2022-04-14,0.00797,0.008007,0.0079475,0.0079495
2022-04-18,0.0079165,0.007934,0.007885,0.007887
2022-04-19,0.007881,0.0078865,0.007765,0.0077785
2022-04-20,0.0077685,0.0078575,0.0077385,0.0078365
2022-04-21,0.0078265,0.0078355,0.0077805,0.007808
2022-04-22,0.007798,0.0078395,0.007756,0.0077875
2022-04-25,0.00779,0.0078525,0.0077705,0.007822
2022-04-26,0.007814,0.007884,0.007809,0.0078495
2022-04-27,0.007873,0.0078885,0.0077865,0.007802
2022-04-28,0.0077935,0.007802,0.007628,0.007649
2022-04-29,0.0076525,0.007743,0.0076455,0.007735
2022-05-02,0.0077095,0.007725,0.007673,0.007694
2022-05-03,0.00769,0.0077195,0.0076845,0.007691
2022-05-04,0.0076925,0.0077845,0.0076785,0.007776
2022-05-05,0.0077525,0.007776,0.0076685,0.0076775
2022-05-06,0.00769,0.007696,0.007653,0.007666
2022-05-09,0.007667,0.007694,0.0076215,0.007682
2022-05-10,0.007681,0.0077125,0.0076655,0.007676
2022-05-11,0.007676,0.007733,0.007652,0.0077145
2022-05-12,0.0077,0.0078495,0.007696,0.007814
2022-05-13,0.0077945,0.0077985,0.0077315,0.0077375
2022-05-16,0.007737,0.0077775,0.0077185,0.0077525
2022-05-17,0.0077555,0.007768,0.007711,0.007733
2022-05-18,0.0077345,0.0078175,0.007726,0.007812
2022-05-19,0.007799,0.007878,0.0077605,0.0078345
2022-05-20,0.007829,0.0078465,0.0077995,0.0078295
2022-05-23,0.007826,0.007869,0.0078135,0.0078235
2022-05-24,0.007825,0.007919,0.007812,0.0078905
2022-05-25,0.007889,0.0078995,0.0078475,0.0078595
2022-05-26,0.007862,0.007906,0.0078415,0.0078665
2022-05-27,0.0078705,0.007898,0.007862,0.0078715
2022-05-31,0.0078695,0.007886,0.007761,0.0077765
2022-06-01,0.007772,0.007776,0.007683,0.0076875
2022-06-02,0.007686,0.0077235,0.0076795,0.0077025
2022-06-03,0.0077015,0.0077125,0.0076365,0.007645
2022-06-06,0.0076415,0.007668,0.0075765,0.007577
2022-06-07,0.0075815,0.007583,0.00752,0.007545
2022-06-08,0.007541,0.007543,0.007437,0.0074535
2022-06-09,0.0074505,0.0075085,0.007432,0.0074475
2022-06-10,0.0074805,0.0075375,0.007475,0.0074825
2022-06-13,0.0074805,0.0075275,0.007436,0.007488
2022-06-14,0.0074825,0.007515,0.007426,0.0074415
2022-06-15,0.0074225,0.0075375,0.007421,0.0075025
2022-06-16,0.0075175,0.0076505,0.007469,0.0076215
2022-06-17,0.0076065,0.007612,0.0074285,0.0074525
2022-06-21,0.007456,0.007478,0.007359,0.0073685
2022-06-22,0.0073605,0.007415,0.007358,0.007382
2022-06-23,0.0073865,0.007491,0.0073845,0.007453
2022-06-24,0.0074535,0.0074855,0.0074275,0.0074365
2022-06-27,0.0074395,0.0074755,0.007419,0.007426
2022-06-28,0.007423,0.0074425,0.0073735,0.0073775
2022-06-29,0.007387,0.007407,0.007339,0.007365
2022-06-30,0.0073625,0.0074165,0.0073485,0.0074155
2022-07-01,0.0074055,0.007461,0.0073925,0.007432
2022-07-05,0.0074315,0.0074575,0.0073705,0.0074095
2022-07-06,0.007398,0.0074475,0.007389,0.0073925
2022-07-07,0.007394,0.0074135,0.0073765,0.007383
2022-07-08,0.0073875,0.007425,0.0073575,0.007378
2022-07-11,0.0073825,0.0073835,0.007294,0.0073185
2022-07-12,0.0073115,0.0073625,0.007306,0.0073475
2022-07-13,0.007344,0.0073505,0.0072885,0.0073185
2022-07-14,0.007313,0.0073165,0.0072085,0.007236
2022-07-15,0.0072285,0.0072595,0.007221,0.0072495
2022-07-18,0.0072535,0.007285,0.007249,0.0072765
2022-07-19,0.0072725,0.0073115,0.007258,0.007268
2022-07-20,0.007267,0.007283,0.0072565,0.007264
2022-07-21,0.0072645,0.007314,0.0072305,0.0072935
2022-07-22,0.007311,0.0074075,0.0072785,0.0073735
2022-07-25,0.0073775,0.0073895,0.007341,0.0073445
2022-07-26,0.0073475,0.0073685,0.0073305,0.0073455
2022-07-27,0.0073335,0.0073645,0.0073035,0.0073595
2022-07-28,0.0073505,0.0074795,0.007349,0.0074715
2022-07-29,0.007471,0.0075745,0.0074525,0.0075265
2022-08-01,0.0075325,0.007628,0.0075135,0.007614
2022-08-02,0.0076225,0.007696,0.0075335,0.0075455
2022-08-03,0.007523,0.0075855,0.0074575,0.0074815
2022-08-04,0.007496,0.007556,0.0074625,0.007548
2022-08-05,0.0075425,0.0075695,0.007402,0.0074245
2022-08-08,0.007424,0.007466,0.0073975,0.0074375
2022-08-09,0.00743,0.007447,0.007417,0.007419
2022-08-10,0.0074225,0.0075945,0.0074105,0.007546
2022-08-11,0.0075455,0.0076115,0.0075215,0.007543
2022-08-12,0.007539,0.0075455,0.0074875,0.0075105
2022-08-15,0.0075125,0.007563,0.007504,0.00752
2022-08-16,0.0075215,0.0075395,0.0074425,0.0074675
2022-08-17,0.0074675,0.0074855,0.0073965,0.0074225
2022-08-18,0.007418,0.0074425,0.007373,0.007374
2022-08-19,0.0073745,0.0073835,0.0073015,0.0073195
2022-08-22,0.0073205,0.00733,0.0072795,0.0072855
2022-08-23,0.0072865,0.0073775,0.0072755,0.0073195
2022-08-24,0.007329,0.007357,0.007299,0.0073075
2022-08-25,0.0073055,0.0073475,0.0073005,0.00734
2022-08-26,0.007339,0.0073545,0.0072675,0.00729
2022-08-29,0.007274,0.007275,0.007204,0.007214
2022-08-30,0.0072185,0.007254,0.0072,0.0072215
2022-08-31,0.007217,0.0072415,0.0072035,0.007218
2022-09-01,0.007194,0.007201,0.007138,0.007139
2022-09-02,0.00714,0.0071565,0.0071095,0.007143
2022-09-06,0.007142,0.007144,0.0069945,0.0070045
2022-09-07,0.00701,0.0070105,0.0069025,0.0069435
2022-09-08,0.006962,0.006982,0.0069215,0.006948
2022-09-09,0.006943,0.007071,0.0069425,0.0070115
2022-09-12,0.007023,0.0070375,0.0069725,0.00701
2022-09-13,0.0070045,0.007065,0.006888,0.0069285
2022-09-14,0.0069125,0.0070175,0.0069005,0.00699
2022-09-15,0.006988,0.007003,0.0069545,0.00697
2022-09-16,0.007036,0.007069,0.0070265,0.007062
2022-09-19,0.007062,0.007078,0.0070285,0.007047
2022-09-20,0.007049,0.0070635,0.0070145,0.0070275
2022-09-21,0.007022,0.007041,0.0069735,0.0070345
2022-09-22,0.0070035,0.0071895,0.006915,0.0070815
2022-09-23,0.00709,0.007117,0.0070235,0.0070375
2022-09-26,0.007033,0.0070415,0.006968,0.0069765
2022-09-27,0.006971,0.007002,0.00696,0.006969
2022-09-28,0.0069665,0.007009,0.006962,0.0070065
2022-09-29,0.0069965,0.006999,0.006963,0.006982
2022-09-30,0.006979,0.006992,0.0069305,0.0069635
2022-10-03,0.006968,0.006994,0.0069375,0.006965
2022-10-04,0.006972,0.007006,0.0069555,0.0070035
2022-10-05,0.00699,0.0070235,0.006959,0.0069765
2022-10-06,0.006968,0.0069785,0.006941,0.0069455
2022-10-07,0.006942,0.006981,0.00689,0.0069315
2022-10-10,0.0069315,0.0069375,0.00691,0.006915
2022-10-11,0.006915,0.006928,0.006905,0.0069085
2022-10-12,0.006909,0.0069175,0.006854,0.0068595
2022-10-13,0.006859,0.006878,0.00682,0.0068445
2022-10-14,0.0068415,0.0068465,0.006765,0.0067725
2022-10-17,0.006781,0.0067845,0.006754,0.0067625
2022-10-18,0.006757,0.006797,0.0067395,0.0067485
2022-10-19,0.006748,0.0067525,0.0067155,0.0067165
2022-10-20,0.0067175,0.0067305,0.0066975,0.0067035
2022-10-21,0.0067055,0.006891,0.0066235,0.006829
2022-10-24,0.006797,0.0069175,0.006722,0.0067615
2022-10-25,0.0067535,0.0068205,0.006748,0.0067995
2022-10-26,0.006794,0.0068805,0.0067785,0.0068785
2022-10-27,0.006871,0.0069315,0.006845,0.0068765
2022-10-28,0.006874,0.0068905,0.0068015,0.006817
2022-10-31,0.0068065,0.0068165,0.0067555,0.006766
2022-11-01,0.0067585,0.00684,0.006755,0.0067855
2022-11-02,0.0067805,0.0068995,0.0067725,0.00684
2022-11-03,0.006799,0.0068315,0.00677,0.0067795
2022-11-04,0.0067805,0.0068595,0.00676,0.0068465
2022-11-07,0.006838,0.0068785,0.006809,0.006855
2022-11-08,0.0068555,0.0069145,0.0068375,0.0069025
2022-11-09,0.006895,0.006918,0.0068415,0.006848
2022-11-10,0.006858,0.0071635,0.006851,0.007082
2022-11-11,0.00709,0.0072525,0.0070475,0.007251
2022-11-14,0.0071945,0.007234,0.0071315,0.007177
2022-11-15,0.0071735,0.0072925,0.0071395,0.0072185
2022-11-16,0.007207,0.0072355,0.007155,0.0072055
2022-11-17,0.007192,0.0072255,0.0071295,0.0071565
2022-11-18,0.0071525,0.0071855,0.0071415,0.007147
2022-11-21,0.007145,0.007156,0.007051,0.0070555
2022-11-22,0.007058,0.007109,0.0070505,0.007103
2022-11-23,0.007103,0.007208,0.0070825,0.007195
2022-11-25,0.0071845,0.007263,0.0071815,0.0072045
2022-11-28,0.0071985,0.007292,0.0071895,0.0072175
2022-11-29,0.007215,0.00727,0.007192,0.0072295
2022-11-30,0.0072275,0.0072805,0.0071635,0.0072645
2022-12-01,0.007257,0.007455,0.0072565,0.007406
2022-12-02,0.007402,0.007497,0.0073665,0.007452
2022-12-05,0.007459,0.0074675,0.007319,0.0073295
2022-12-06,0.0073255,0.007366,0.007288,0.0073155
2022-12-07,0.00731,0.0073515,0.0072645,0.0073475
2022-12-08,0.007337,0.0073475,0.007294,0.007325
2022-12-09,0.007325,0.007383,0.007311,0.007334
2022-12-12,0.007327,0.007329,0.00726,0.0072645
2022-12-13,0.0072735,0.0074325,0.0072535,0.007387
2022-12-14,0.007385,0.007439,0.007348,0.00739
2022-12-15,0.0073865,0.0073965,0.007239,0.0072605
2022-12-16,0.007343,0.0074215,0.00734,0.0074075
2022-12-19,0.007429,0.0074505,0.0073745,0.007384
2022-12-20,0.007388,0.007747,0.0073565,0.0076925
2022-12-21,0.0076775,0.007692,0.007631,0.0076515
2022-12-22,0.0076385,0.0076775,0.0076155,0.0076345
2022-12-23,0.0076355,0.007649,0.0075915,0.0076075
2022-12-27,0.0076035,0.0076185,0.0075625,0.00757
2022-12-28,0.007569,0.007574,0.0075115,0.007519
2022-12-29,0.007512,0.0075975,0.007512,0.0075965
2022-12-30,0.0075885,0.007719,0.007583,0.007707
2023-01-03,0.0077155,0.0077935,0.007681,0.007718
2023-01-04,0.007706,0.0077675,0.007604,0.0076095
2023-01-05,0.0076105,0.007659,0.0075245,0.007573
2023-01-06,0.0075565,0.0076405,0.007483,0.007639
2023-01-09,0.007633,0.0076805,0.007602,0.0076655
2023-01-10,0.0076465,0.007675,0.007611,0.0076255
2023-01-11,0.007625,0.007634,0.0075875,0.0076135
2023-01-12,0.007612,0.0078185,0.00761,0.0077925
2023-01-13,0.007793,0.007906,0.007785,0.007877
2023-01-17,0.007884,0.007919,0.0077995,0.0078485
2023-01-18,0.007855,0.007896,0.007655,0.007828
2023-01-19,0.007818,0.0078805,0.007814,0.0078395
2023-01-20,0.0078405,0.0078445,0.007708,0.0077705
2023-01-23,0.007768,0.0078005,0.00769,0.007702
2023-01-24,0.007704,0.007758,0.0076755,0.007739
2023-01-25,0.007733,0.007785,0.007706,0.007769
2023-01-26,0.007769,0.007797,0.007701,0.007724
2023-01-27,0.0077235,0.0077665,0.007721,0.0077425
2023-01-30,0.0077445,0.007784,0.0077025,0.0077035
2023-01-31,0.007711,0.00775,0.0077035,0.0077235
2023-02-01,0.0077285,0.007822,0.0077095,0.007807
2023-02-02,0.0077975,0.007847,0.0077825,0.007813
2023-02-03,0.007811,0.0078305,0.007657,0.007667
2023-02-06,0.0076255,0.00764,0.007559,0.0075815
2023-02-07,0.007575,0.0076995,0.0075695,0.0076635
2023-02-08,0.007665,0.007691,0.007636,0.0076465
2023-02-09,0.0076425,0.0077045,0.0076165,0.007631
2023-02-10,0.007634,0.007734,0.0076115,0.007634
2023-02-13,0.0076385,0.0076405,0.007552,0.0075775
2023-02-14,0.0075785,0.007632,0.007528,0.007543
2023-02-15,0.007539,0.0075705,0.0074685,0.007479
2023-02-16,0.007483,0.0075065,0.007458,0.0074935
2023-02-17,0.007485,0.0074865,0.007422,0.0074765
2023-02-21,0.0074705,0.007488,0.007413,0.0074275
2023-02-22,0.0074255,0.0074585,0.0074195,0.0074265
2023-02-23,0.007428,0.0074515,0.007403,0.007443
2023-02-24,0.007439,0.007475,0.0073395,0.0073445
2023-02-27,0.007345,0.007373,0.007335,0.0073535
2023-02-28,0.007353,0.0073805,0.007316,0.0073595
2023-03-01,0.0073545,0.007405,0.007339,0.007355
2023-03-02,0.0073545,0.007361,0.007302,0.007321
2023-03-03,0.0073225,0.0073745,0.0073195,0.0073695
2023-03-06,0.007368,0.007394,0.0073495,0.007356
2023-03-07,0.0073625,0.007384,0.0072945,0.007299
2023-03-08,0.0072975,0.007332,0.007255,0.007292
2023-03-09,0.007286,0.0073585,0.0072855,0.007346
2023-03-10,0.007455,0.0075695,0.0074085,0.0075315
2023-03-13,0.0075715,0.0076675,0.0075135,0.0076085
2023-03-14,0.00762,0.007627,0.00752,0.00756
2023-03-15,0.007555,0.007674,0.007506,0.007604
2023-03-16,0.007612,0.007698,0.0075765,0.0075925
2023-03-17,0.0075805,0.007704,0.0075805,0.007699
2023-03-20,0.00771,0.0077625,0.007639,0.0077185
2023-03-21,0.007718,0.0077335,0.007639,0.0076445
2023-03-22,0.007647,0.007733,0.0076165,0.007709
2023-03-23,0.0077115,0.0077705,0.0076915,0.007752
2023-03-24,0.0077415,0.007811,0.0077335,0.0077455
2023-03-27,0.0077505,0.007758,0.0076835,0.007695
2023-03-28,0.0076935,0.007763,0.0076935,0.0077395
2023-03-29,0.0077355,0.0077405,0.007612,0.00763
2023-03-30,0.0076185,0.0076515,0.007608,0.0076375
2023-03-31,0.00762,0.007629,0.007571,0.0076225
2023-04-03,0.0075895,0.00765,0.0075605,0.00764
2023-04-04,0.0076365,0.0076875,0.007593,0.007682
2023-04-05,0.0076755,0.0077425,0.007668,0.0077115
2023-04-06,0.0076985,0.0077275,0.0076615,0.00767
2023-04-07,0.0076725,0.0076825,0.007633,0.0076505
2023-04-10,0.007647,0.0076645,0.0075465,0.00756
2023-04-11,0.00756,0.007597,0.0075495,0.0075515
2023-04-12,0.007555,0.00761,0.007535,0.007584
2023-04-13,0.007586,0.0076475,0.0075685,0.007604
2023-04-14,0.0076135,0.0076375,0.007542,0.007545
2023-04-17,0.0075405,0.0075485,0.0075,0.0075095
2023-04-18,0.007508,0.0075395,0.0074915,0.0075275
2023-04-19,0.007526,0.007533,0.007466,0.0074895
2023-04-20,0.0074915,0.007527,0.007473,0.0075085
2023-04-21,0.0075145,0.007552,0.0074985,0.007514
2023-04-24,0.0075215,0.007531,0.007484,0.007511
2023-04-25,0.0075125,0.00756,0.007497,0.0075485
2023-04-26,0.00754,0.007579,0.007525,0.007548
2023-04-27,0.007541,0.0075645,0.007508,0.00752
2023-04-28,0.007522,0.0075555,0.0073775,0.0073945
2023-05-01,0.007392,0.0073925,0.0073185,0.0073215
2023-05-02,0.0073225,0.0073835,0.0073055,0.0073635
2023-05-03,0.0073715,0.0074735,0.0073695,0.007431
2023-05-04,0.007475,0.0075395,0.0074625,0.0075045
2023-05-05,0.0074975,0.007519,0.0074495,0.007467
2023-05-08,0.007462,0.007474,0.0074385,0.007446
2023-05-09,0.007449,0.0074685,0.007433,0.007444
2023-05-10,0.007441,0.0075015,0.0074265,0.007494
2023-05-11,0.0074885,0.0075195,0.007457,0.0074755
2023-05-12,0.0074745,0.0074805,0.007404,0.0074095
2023-05-15,0.0074075,0.007409,0.007374,0.007387
2023-05-16,0.0073865,0.007409,0.007353,0.007373
2023-05-17,0.0073695,0.007373,0.007297,0.007303
2023-05-18,0.007301,0.0073165,0.0072395,0.007244
2023-05-19,0.007242,0.007308,0.0072415,0.0072735
2023-05-22,0.007278,0.007304,0.0072405,0.007247
2023-05-23,0.0072455,0.0072625,0.0072265,0.0072495
2023-05-24,0.007248,0.007263,0.00719,0.0072145
2023-05-25,0.0072005,0.007228,0.007155,0.0071675
2023-05-26,0.007164,0.0071925,0.0071295,0.0071335
2023-05-30,0.007132,0.0071865,0.007117,0.0071705
2023-05-31,0.007175,0.007203,0.0071415,0.0072
2023-06-01,0.0071965,0.007241,0.007161,0.007219
2023-06-02,0.0072205,0.007231,0.007155,0.007162
2023-06-05,0.007158,0.0071965,0.007134,0.0071765
2023-06-06,0.00718,0.007203,0.007157,0.007174
2023-06-07,0.007173,0.0072055,0.0071425,0.007149
2023-06-08,0.007147,0.0072135,0.00714,0.0072075
2023-06-09,0.007208,0.007215,0.007165,0.007182
2023-06-12,0.0071855,0.007199,0.0071615,0.0071695
2023-06-13,0.00717,0.007206,0.007133,0.0071345
2023-06-14,0.007137,0.007185,0.007133,0.007163
2023-06-15,0.0072465,0.007248,0.0071675,0.0072285
2023-06-16,0.007231,0.007253,0.0071465,0.007153
2023-06-20,0.007149,0.0071805,0.0071275,0.007173
2023-06-21,0.007171,0.0071765,0.007121,0.0071515
2023-06-22,0.007145,0.007157,0.0070755,0.007084
2023-06-23,0.007082,0.0071015,0.007042,0.007046
2023-06-26,0.0070515,0.007088,0.007049,0.0070625
2023-06-27,0.0070595,0.0070695,0.0070255,0.0070325
2023-06-28,0.007032,0.007046,0.0070025,0.007018
2023-06-29,0.0070105,0.007023,0.0069855,0.006986
2023-06-30,0.0069905,0.0070175,0.0069755,0.0070125
2023-07-03,0.0070135,0.0070285,0.0069825,0.006992
2023-07-05,0.006993,0.007021,0.006989,0.0069925
2023-07-06,0.006995,0.007044,0.00699,0.0070145
2023-07-07,0.007019,0.007118,0.0070105,0.0071135
2023-07-10,0.0071125,0.0071555,0.0070685,0.0071535
2023-07-11,0.0071525,0.007211,0.007145,0.0071965
2023-07-12,0.0072005,0.0073145,0.007199,0.0073065
2023-07-13,0.0072955,0.007323,0.007268,0.007318
2023-07-14,0.007315,0.0073585,0.0072565,0.0072745
2023-07-17,0.007281,0.0073185,0.0072435,0.007283
2023-07-18,0.0072795,0.007333,0.0072565,0.007272
2023-07-19,0.007272,0.007275,0.0072105,0.0072305
2023-07-20,0.0072275,0.0072535,0.0071815,0.0071965
2023-07-21,0.007204,0.007219,0.0071065,0.007114
2023-07-24,0.007117,0.007167,0.007113,0.007132
2023-07-25,0.00713,0.0071605,0.007115,0.0071515
2023-07-26,0.007155,0.007207,0.0071425,0.007203
2023-07-27,0.0071905,0.0072635,0.007132,0.007234
2023-07-28,0.00723,0.0073015,0.007064,0.007148
2023-07-31,0.007142,0.007162,0.0070615,0.007082
2023-08-01,0.0070825,0.007085,0.007018,0.0070245
2023-08-02,0.0070535,0.007082,0.007021,0.007031
2023-08-03,0.007028,0.007087,0.006997,0.007056
2023-08-04,0.0070645,0.0071125,0.007036,0.007097
2023-08-07,0.0071025,0.007113,0.0070595,0.0070675
2023-08-08,0.0070645,0.007068,0.0070135,0.0070185
2023-08-09,0.0070175,0.0070335,0.0069965,0.007
2023-08-10,0.006999,0.0070195,0.006944,0.0069485
2023-08-11,0.0069475,0.006963,0.0069345,0.006937
2023-08-14,0.006937,0.006951,0.006906,0.00691
2023-08-15,0.006907,0.006928,0.006892,0.0069015
2023-08-16,0.0069055,0.006917,0.006865,0.0068735
2023-08-17,0.0068685,0.0068995,0.0068545,0.006874
2023-08-18,0.0068885,0.0069315,0.006887,0.0069135
2023-08-21,0.006909,0.0069205,0.006861,0.006874
2023-08-22,0.006869,0.006902,0.006859,0.0068855
2023-08-23,0.006884,0.0069465,0.0068825,0.0069355
2023-08-24,0.006932,0.006941,0.0068745,0.0068805
2023-08-25,0.006881,0.006886,0.006843,0.006857
2023-08-28,0.0068515,0.006859,0.006837,0.006847
2023-08-29,0.006844,0.0068865,0.0068065,0.0068785
2023-08-30,0.0068745,0.0068905,0.0068445,0.0068615
2023-08-31,0.006858,0.0068965,0.006852,0.006892
2023-09-01,0.0068875,0.00694,0.006851,0.006858
2023-09-05,0.006856,0.006863,0.006779,0.006781
2023-09-06,0.006784,0.0068145,0.006777,0.0067835
2023-09-07,0.006784,0.0068105,0.006772,0.0068045
2023-09-08,0.0068,0.0068305,0.0067705,0.0067735
2023-09-11,0.006823,0.0068615,0.006797,0.0068315
2023-09-12,0.00683,0.006835,0.006798,0.0068045
2023-09-13,0.0068035,0.0068075,0.006772,0.0067875
2023-09-14,0.0067865,0.0068035,0.006777,0.0067835
2023-09-15,0.006881,0.006886,0.0068575,0.0068625
2023-09-18,0.006865,0.0068765,0.006861,0.006867
2023-09-19,0.0068735,0.006878,0.006858,0.0068615
2023-09-20,0.0068635,0.006878,0.006837,0.0068525
2023-09-21,0.0068415,0.006882,0.006828,0.006872
2023-09-22,0.0068695,0.006872,0.006829,0.006831
2023-09-25,0.00683,0.006837,0.006803,0.006809
2023-09-26,0.006809,0.006814,0.0067925,0.0067975
2023-09-27,0.006799,0.0068065,0.0067685,0.006774
2023-09-28,0.006776,0.00679,0.0067715,0.006786
2023-09-29,0.006783,0.0068175,0.00677,0.0067775
2023-10-02,0.006773,0.006776,0.006748,0.006761
2023-10-03,0.006755,0.006874,0.006739,0.0067995
2023-10-04,0.006791,0.006805,0.0067775,0.0067905
2023-10-05,0.0067875,0.006822,0.0067825,0.006816
2023-10-06,0.006811,0.0068165,0.006762,0.006771
2023-10-09,0.006784,0.006813,0.0067755,0.006812
2023-10-10,0.006809,0.0068245,0.006781,0.006798
2023-10-11,0.0068,0.006811,0.0067695,0.0067725
2023-10-12,0.006777,0.0067835,0.006743,0.0067435
2023-10-13,0.0067445,0.00676,0.0067425,0.0067575
2023-10-16,0.0067565,0.0067625,0.0067445,0.0067555
2023-10-17,0.0067535,0.006797,0.0067355,0.006742
2023-10-18,0.006742,0.0067545,0.006734,0.006736
2023-10-19,0.0067375,0.006743,0.006726,0.006735
2023-10-20,0.0067355,0.006744,0.006727,0.0067335
2023-10-23,0.006735,0.0067465,0.0067245,0.006746
2023-10-24,0.00674,0.006756,0.006716,0.006729
2023-10-25,0.0067305,0.006733,0.0067095,0.006723
2023-10-26,0.0067145,0.0067295,0.0066855,0.0067045
2023-10-27,0.0067025,0.0067445,0.0067015,0.006742
2023-10-30,0.006736,0.0067735,0.006725,0.006765
2023-10-31,0.006762,0.006762,0.0066395,0.0066465
2023-11-01,0.006642,0.0066835,0.00664,0.006669
2023-11-02,0.0066715,0.006719,0.0066705,0.0066935
2023-11-03,0.0066935,0.006748,0.0066885,0.006743
2023-11-06,0.006741,0.006741,0.006707,0.0067115
2023-11-07,0.00671,0.006713,0.0066785,0.0066895
2023-11-08,0.006693,0.006693,0.0066615,0.006662
2023-11-09,0.006666,0.0066705,0.0066435,0.0066465
2023-11-10,0.006646,0.00665,0.006633,0.0066335
2023-11-13,0.0066385,0.00665,0.0066185,0.0066325
2023-11-14,0.0066285,0.0066955,0.006611,0.0066865
2023-11-15,0.006682,0.006699,0.006638,0.00664
2023-11-16,0.0066405,0.006685,0.006634,0.0066705
2023-11-17,0.006667,0.006733,0.0066625,0.006713
2023-11-20,0.0067125,0.006782,0.0066965,0.006772
2023-11-21,0.0067695,0.0068235,0.006757,0.0067695
2023-11-22,0.006769,0.0067805,0.0067015,0.006709
2023-11-24,0.006711,0.0067405,0.006702,0.0067105
2023-11-27,0.0067105,0.006754,0.006703,0.006751
2023-11-28,0.006748,0.006809,0.00674,0.0068045
2023-11-29,0.006805,0.0068385,0.006781,0.0068115
2023-11-30,0.006815,0.006827,0.006749,0.0067635
2023-12-01,0.006764,0.0068345,0.0067565,0.0068255
2023-12-04,0.006832,0.0068535,0.0067965,0.0068035
2023-12-05,0.0068095,0.006837,0.006798,0.0068045
2023-12-06,0.0068095,0.0068205,0.006792,0.006799
2023-12-07,0.0068015,0.0070725,0.006798,0.006981
2023-12-08,0.0069455,0.007026,0.006895,0.006907
2023-12-11,0.006904,0.0069135,0.0068295,0.0068495
2023-12-12,0.006849,0.0069165,0.0068475,0.006875
2023-12-13,0.0068825,0.007017,0.0068545,0.006992
2023-12-14,0.007016,0.007097,0.006999,0.0070485
2023-12-15,0.0071535,0.0071765,0.0071245,0.0071385
2023-12-18,0.0071395,0.0071435,0.007089,0.0071025
2023-12-19,0.007106,0.0071335,0.006999,0.0070505
2023-12-20,0.0070535,0.0070815,0.0070405,0.0070545
2023-12-21,0.007069,0.007138,0.0070625,0.0071285
2023-12-22,0.007133,0.007147,0.007107,0.0071155
2023-12-26,0.0071205,0.007134,0.0071055,0.0071135
2023-12-27,0.0071185,0.007159,0.007094,0.007142
2023-12-28,0.007145,0.007217,0.0071445,0.007155
2023-12-29,0.0071575,0.007188,0.0071305,0.007176
2024-01-02,0.007178,0.007187,0.007115,0.0071285
2024-01-03,0.0071245,0.007134,0.0070405,0.007064
2024-01-04,0.007063,0.007079,0.0069815,0.006994
2024-01-05,0.006991,0.0070315,0.0069255,0.0069895
2024-01-08,0.006992,0.0070385,0.006977,0.0070165
2024-01-09,0.007011,0.007049,0.0069905,0.0069935
2024-01-10,0.0069985,0.0070035,0.006931,0.006938
2024-01-11,0.0069345,0.0069735,0.006899,0.0069435
2024-01-12,0.0069525,0.0069985,0.0069395,0.006973
2024-01-16,0.006969,0.006969,0.006855,0.006857
2024-01-17,0.006863,0.006864,0.0067975,0.0068095
2024-01-18,0.006814,0.0068345,0.0068045,0.006808
2024-01-19,0.0068105,0.006825,0.006781,0.0068085
2024-01-22,0.006808,0.006835,0.006802,0.006815
2024-01-23,0.006816,0.006863,0.006783,0.0067975
2024-01-24,0.006798,0.006877,0.006796,0.006834
2024-01-25,0.0068385,0.0068535,0.0068115,0.0068185
2024-01-26,0.0068285,0.006839,0.0068,0.006805
2024-01-29,0.006803,0.0068435,0.006793,0.006825
2024-01-30,0.006832,0.00685,0.006811,0.006826
2024-01-31,0.0068255,0.006901,0.006811,0.0068835
2024-02-01,0.006857,0.006903,0.006845,0.006885
2024-02-02,0.006876,0.0068845,0.0067755,0.006787
2024-02-05,0.006782,0.0067885,0.0067605,0.006769
2024-02-06,0.00677,0.006809,0.006764,0.006802
2024-02-07,0.006807,0.006817,0.006788,0.0067935
2024-02-08,0.006793,0.0067985,0.0067275,0.006732
2024-02-09,0.006736,0.0067485,0.0067225,0.006732
2024-02-12,0.0067355,0.006752,0.0067265,0.0067295
2024-02-13,0.006732,0.006748,0.006663,0.006664
2024-02-14,0.006675,0.006686,0.0066665,0.0066765
2024-02-15,0.006678,0.006719,0.006672,0.0066995
2024-02-16,0.0067035,0.006705,0.006666,0.0066875
2024-02-20,0.0066925,0.0067095,0.006675,0.006694
2024-02-21,0.0066945,0.006698,0.0066735,0.006682
2024-02-22,0.006675,0.0066895,0.0066595,0.0066655
2024-02-23,0.0066665,0.0066775,0.006656,0.00667
2024-02-26,0.006669,0.0066765,0.006652,0.006655
2024-02-27,0.0066575,0.006685,0.006657,0.0066645
2024-02-28,0.006666,0.0066705,0.0066495,0.0066565
2024-02-29,0.0066555,0.00672,0.0066545,0.006686
2024-03-01,0.0066845,0.0066855,0.0066505,0.0066785
2024-03-04,0.0066775,0.0066895,0.0066565,0.0066575
2024-03-05,0.006663,0.0066945,0.0066565,0.0066835
2024-03-06,0.0066795,0.0067205,0.006676,0.0067095
2024-03-07,0.006708,0.0067865,0.0067065,0.006767
2024-03-08,0.006769,0.006837,0.0067605,0.0068095
2024-03-11,0.0068095,0.006835,0.0068045,0.0068135
2024-03-12,0.006812,0.0068275,0.006755,0.006778
2024-03-13,0.006778,0.006798,0.006761,0.006774
2024-03-14,0.006775,0.006786,0.006743,0.006746
2024-03-15,0.006841,0.006852,0.0068005,0.0068055
2024-03-18,0.006805,0.0068105,0.0067905,0.0068005
2024-03-19,0.006798,0.006809,0.0067155,0.0067175
2024-03-20,0.006722,0.0067265,0.0066775,0.006723
2024-03-21,0.006703,0.0067435,0.0066765,0.0066805
2024-03-22,0.006684,0.006709,0.006671,0.006689
2024-03-25,0.0066885,0.0067055,0.006684,0.0066875
2024-03-26,0.0066905,0.0066985,0.0066805,0.0066835
2024-03-27,0.0066835,0.0067055,0.0066635,0.00669
2024-03-28,0.006692,0.0066965,0.0066785,0.0066855
2024-04-01,0.006686,0.0066915,0.0066645,0.006672
2024-04-02,0.006672,0.0066795,0.0066645,0.0066735
2024-04-03,0.006675,0.006679,0.0066555,0.0066695
2024-04-04,0.006668,0.0066905,0.0066615,0.0066865
2024-04-05,0.0066815,0.0067035,0.0066615,0.0066705
2024-04-08,0.006667,0.0066675,0.0066525,0.0066595
2024-04-09,0.006658,0.006668,0.0066515,0.0066605
2024-04-10,0.0066555,0.006662,0.0065935,0.006606
2024-04-11,0.006599,0.0066115,0.0065875,0.0065915
2024-04-12,0.0065905,0.0066185,0.006584,0.0065915
2024-04-15,0.006589,0.0065945,0.0065375,0.006548
2024-04-16,0.006547,0.006561,0.006522,0.006528
2024-04-17,0.0065255,0.006548,0.0065235,0.00654
2024-04-18,0.0065365,0.0065535,0.0065225,0.006526
2024-04-19,0.006526,0.0065685,0.006522,0.0065265
2024-04-22,0.006527,0.0065285,0.0065135,0.0065155
2024-04-23,0.006516,0.006528,0.0065115,0.0065165
2024-04-24,0.0065145,0.006517,0.0064895,0.0064945
2024-04-25,0.0064935,0.0064935,0.00647,0.006477
2024-04-26,0.006474,0.006503,0.006341,0.0063885
2024-04-29,0.0063785,0.0065215,0.0062875,0.006466
2024-04-30,0.006447,0.006456,0.006382,0.0063885
2024-05-01,0.006384,0.0065795,0.0063715,0.006407
2024-05-02,0.006514,0.0065765,0.00644,0.0065755
2024-05-03,0.006552,0.006628,0.0065465,0.0065815
2024-05-06,0.006587,0.006587,0.006535,0.00654
2024-05-07,0.0065425,0.0065425,0.006503,0.006503
2024-05-08,0.0065065,0.0065085,0.006463,0.006466
2024-05-09,0.006467,0.0064825,0.006449,0.00647
2024-05-10,0.006468,0.006477,0.00645,0.006452
2024-05-13,0.0064545,0.006466,0.0064345,0.0064365
2024-05-14,0.006435,0.006437,0.00641,0.006426
2024-05-15,0.006426,0.006498,0.00642,0.006489
2024-05-16,0.006494,0.006541,0.0064595,0.006468
2024-05-17,0.006465,0.0064705,0.006439,0.0064525
2024-05-20,0.006453,0.006459,0.006425,0.006427
2024-05-21,0.006428,0.0064435,0.0064145,0.0064285
2024-05-22,0.0064295,0.0064305,0.006401,0.00641
2024-05-23,0.006407,0.006411,0.006383,0.0063955
2024-05-24,0.006393,0.006399,0.006382,0.0063925
2024-05-28,0.006392,0.006407,0.0063805,0.0063835
2024-05-29,0.0063815,0.0063925,0.0063595,0.006362
2024-05-30,0.006359,0.0064115,0.006358,0.006393
2024-05-31,0.006394,0.0064025,0.00637,0.0063735
2024-06-03,0.0063735,0.0064265,0.0063645,0.0064155
2024-06-04,0.006419,0.0064855,0.0064035,0.006477
2024-06-05,0.0064725,0.006473,0.0064025,0.0064185
2024-06-06,0.006419,0.0064465,0.006401,0.006433
2024-06-07,0.006435,0.0064555,0.0063745,0.006393
2024-06-10,0.0063835,0.0063885,0.006369,0.006374
2024-06-11,0.006374,0.006384,0.0063595,0.006375
2024-06-12,0.0063685,0.006428,0.0063595,0.0063925
2024-06-13,0.0063865,0.00639,0.0063595,0.006377
2024-06-14,0.00646,0.006467,0.006407,0.0064475
2024-06-17,0.0064465,0.006451,0.0064175,0.0064285
2024-06-18,0.0064255,0.006436,0.0064065,0.0064245
2024-06-20,0.0064205,0.006431,0.006372,0.0063795
2024-06-21,0.0063755,0.006384,0.006333,0.006349
2024-06-24,0.0063385,0.0063805,0.0063325,0.0063445
2024-06-25,0.0063445,0.0063615,0.0063385,0.0063425
2024-06-26,0.006343,0.006344,0.006293,0.0063005
2024-06-27,0.006294,0.0063135,0.0062925,0.0062945
2024-06-28,0.0062945,0.0063185,0.006273,0.0062925
2024-07-01,0.0062885,0.0062935,0.006255,0.006264
2024-07-02,0.0062645,0.0062715,0.0062525,0.0062625
2024-07-03,0.0062625,0.006291,0.0062445,0.006256
2024-07-05,0.0062565,0.0063045,0.0062525,0.0062885
2024-07-08,0.006284,0.006306,0.0062725,0.0062845
2024-07-09,0.0062825,0.0062865,0.0062555,0.0062635
2024-07-10,0.006264,0.0062655,0.0062435,0.0062445
2024-07-11,0.0062485,0.006414,0.0062415,0.006362
2024-07-12,0.006352,0.006417,0.006331,0.006393
2024-07-15,0.0063835,0.006424,0.006372,0.006395
2024-07-16,0.0063855,0.0063865,0.0063535,0.006374
2024-07-17,0.006375,0.0064675,0.0063625,0.0064655
2024-07-18,0.0064615,0.0064925,0.006408,0.0064135
2024-07-19,0.00641,0.006426,0.0063895,0.006404
2024-07-22,0.0064075,0.006453,0.006398,0.006421
2024-07-23,0.006423,0.006485,0.006418,0.0064785
2024-07-24,0.0064805,0.0065845,0.006463,0.006546
2024-07-25,0.0065515,0.006632,0.00653,0.006552
2024-07-26,0.0065465,0.0065815,0.006511,0.0065545
2024-07-29,0.0065505,0.0065835,0.006526,0.0065425
2024-07-30,0.0065395,0.006598,0.006488,0.0065725
2024-07-31,0.006594,0.0067305,0.0065425,0.006692
2024-08-01,0.006717,0.0067775,0.006671,0.0067305
2024-08-02,0.0067415,0.006874,0.0067195,0.006871
2024-08-05,0.0068685,0.0071035,0.0068655,0.0070135
2024-08-06,0.006985,0.007005,0.006874,0.0069375
2024-08-07,0.006966,0.006972,0.006801,0.006849
2024-08-08,0.006855,0.006913,0.006814,0.006829
2024-08-09,0.00683,0.0068725,0.0068,0.006856
2024-08-12,0.0068545,0.006855,0.0067815,0.0068245
2024-08-13,0.006829,0.0068565,0.0067935,0.0068525
2024-08-14,0.0068455,0.0068805,0.006809,0.006825
2024-08-15,0.0068205,0.006831,0.0067235,0.006741
2024-08-16,0.0067285,0.006806,0.006724,0.006801
2024-08-19,0.006801,0.006916,0.006782,0.006847
2024-08-20,0.00685,0.0069145,0.006814,0.006906
2024-08-21,0.0069145,0.0069495,0.0068315,0.006935
2024-08-22,0.0069115,0.0069275,0.0068475,0.006862
2024-08-23,0.0068615,0.0069645,0.006849,0.006953
2024-08-26,0.006961,0.0069925,0.0069345,0.0069415
2024-08-27,0.0069415,0.006969,0.006908,0.006964
2024-08-28,0.006967,0.006979,0.0069135,0.0069325
2024-08-29,0.006935,0.006949,0.0068855,0.006922
2024-08-30,0.006913,0.0069285,0.0068525,0.00686
2024-09-03,0.0068555,0.006905,0.006806,0.0068715
2024-09-04,0.006889,0.006971,0.0068815,0.006963
2024-09-05,0.006971,0.0070095,0.0069425,0.0069815
2024-09-06,0.006982,0.0070625,0.006948,0.007033
2024-09-09,0.0070365,0.007052,0.006961,0.0070095
2024-09-10,0.006992,0.007039,0.006964,0.007031
2024-09-11,0.007027,0.007112,0.00702,0.007037
2024-09-12,0.00703,0.007057,0.006992,0.007042
2024-09-13,0.007138,0.0072175,0.0071355,0.0071835
2024-09-16,0.007196,0.007253,0.0071835,0.007194
2024-09-17,0.0072,0.0072135,0.0071045,0.0071375
2024-09-18,0.007107,0.0072045,0.00709,0.0071665
2024-09-19,0.007115,0.0071275,0.0070245,0.0070885
2024-09-20,0.0070885,0.007134,0.006997,0.007027
2024-09-23,0.007025,0.007062,0.006999,0.007055
2024-09-24,0.007042,0.007064,0.006987,0.0070505
2024-09-25,0.0070605,0.007074,0.0069785,0.006986
2024-09-26,0.006984,0.0070115,0.006958,0.006986
2024-09-27,0.0069775,0.007111,0.0068935,0.007105
2024-09-30,0.0071015,0.007131,0.0070185,0.0070305
2024-10-01,0.007037,0.007064,0.0069875,0.0070295
2024-10-02,0.007033,0.007041,0.006892,0.006901
2024-10-03,0.006896,0.0069005,0.006855,0.0068725
2024-10-04,0.006869,0.0069165,0.0067735,0.00678
2024-10-07,0.0067805,0.0068265,0.006767,0.0068145
2024-10-08,0.0068085,0.006848,0.0068005,0.0068015
2024-10-09,0.006805,0.0068165,0.0067545,0.0067555
2024-10-10,0.006758,0.006806,0.006738,0.0067795
2024-10-11,0.0067855,0.0067945,0.006754,0.0067625
2024-10-14,0.0067585,0.006763,0.006723,0.0067265
2024-10-15,0.00673,0.006773,0.006729,0.006753
2024-10-16,0.006756,0.006773,0.006729,0.00673
2024-10-17,0.0067365,0.0067515,0.006703,0.006705
2024-10-18,0.006708,0.006745,0.0067035,0.0067375
2024-10-21,0.006737,0.006757,0.0066755,0.00668
2024-10-22,0.0066835,0.006692,0.0066615,0.006667
2024-10-23,0.0066665,0.006668,0.006574,0.0065965
2024-10-24,0.0065935,0.0066425,0.0065865,0.0066305
2024-10-25,0.00663,0.0066465,0.006605,0.0066115
2024-10-28,0.00658,0.006603,0.0065395,0.0065665
2024-10-29,0.0065655,0.0065875,0.006539,0.006558
2024-10-30,0.006559,0.006585,0.006554,0.006565
2024-10-31,0.006559,0.0066225,0.0065455,0.006613
2024-11-01,0.006614,0.006624,0.0065665,0.006573
2024-11-04,0.0065965,0.006635,0.0065915,0.006607
2024-11-05,0.0066075,0.0066425,0.0065895,0.0066375
2024-11-06,0.0066295,0.006644,0.0064965,0.006508
2024-11-07,0.0064995,0.0065795,0.006493,0.006562
2024-11-08,0.006569,0.006603,0.00655,0.00658
2024-11-11,0.0065815,0.0065815,0.006524,0.006532
2024-11-12,0.0065335,0.006547,0.0064825,0.00649
2024-11-13,0.006497,0.006506,0.006452,0.006456
2024-11-14,0.006459,0.0064615,0.0064175,0.0064375
2024-11-15,0.006422,0.0065235,0.006403,0.0065085
2024-11-18,0.006496,0.006523,0.006459,0.0064845
2024-11-19,0.00649,0.0065465,0.006482,0.0064865
2024-11-20,0.00649,0.0064925,0.0064355,0.006457
2024-11-21,0.0064545,0.006516,0.006454,0.0064905
2024-11-22,0.006491,0.006513,0.006468,0.0064775
2024-11-25,0.006507,0.00653,0.0064805,0.006505
2024-11-26,0.0065045,0.006552,0.0064875,0.0065475
2024-11-27,0.006548,0.0066625,0.006541,0.0066375
2024-11-29,0.006634,0.006703,0.006594,0.006697
2024-12-02,0.006699,0.00672,0.0066445,0.0066995
2024-12-03,0.0066995,0.0067385,0.0066665,0.006699
2024-12-04,0.006696,0.006698,0.006622,0.006658
2024-12-05,0.0066505,0.0066895,0.00664,0.0066735
2024-12-06,0.0066685,0.006702,0.006642,0.0066745
2024-12-09,0.00667,0.0066865,0.0066125,0.006617
2024-12-10,0.0066195,0.006632,0.006576,0.006587
2024-12-11,0.006587,0.0066275,0.006546,0.0065555
2024-12-12,0.0065625,0.006589,0.006547,0.0065575
2024-12-13,0.006626,0.006633,0.0065745,0.0065795
2024-12-16,0.006584,0.006594,0.006545,0.00656
2024-12-17,0.0065585,0.006601,0.0065505,0.006593
2024-12-18,0.006588,0.006593,0.0065275,0.0065365
2024-12-19,0.006531,0.006543,0.0064035,0.0064195
2024-12-20,0.0064195,0.00648,0.0063985,0.006477
2024-12-23,0.0064565,0.006462,0.006422,0.0064285
2024-12-24,0.006425,0.0064385,0.006417,0.006421
2024-12-26,0.0064205,0.006428,0.006384,0.00639
2024-12-27,0.006387,0.0064095,0.0063845,0.0063845
2024-12-30,0.0063915,0.0064365,0.006379,0.0064185
2024-12-31,0.0064285,0.0064635,0.0064,0.00641
2025-01-02,0.0064135,0.0064455,0.0063875,0.0063965
2025-01-03,0.006402,0.006428,0.006399,0.006414
2025-01-06,0.00641,0.006453,0.0063825,0.0063985
2025-01-07,0.006397,0.0064065,0.006363,0.0063895
2025-01-08,0.0063765,0.0063835,0.006357,0.006361
2025-01-09,0.0063645,0.006394,0.0063605,0.006372
2025-01-10,0.006372,0.0064075,0.006333,0.006381
2025-01-13,0.0063865,0.00642,0.006377,0.0063835
2025-01-14,0.006401,0.0064135,0.006367,0.0063765
2025-01-15,0.0063765,0.006459,0.006371,0.006437
2025-01-16,0.006439,0.00649,0.006431,0.006482
2025-01-17,0.0064885,0.006495,0.006437,0.0064465
2025-01-21,0.006441,0.006502,0.006427,0.0064695
2025-01-22,0.006475,0.0064775,0.0064205,0.0064285
2025-01-23,0.006429,0.0064585,0.006416,0.006456
2025-01-24,0.006445,0.0064955,0.0064225,0.0064545
2025-01-27,0.006454,0.0065425,0.006436,0.0065075
2025-01-28,0.0065085,0.0065085,0.0064465,0.0064655
2025-01-29,0.0064655,0.0064885,0.006454,0.006476
2025-01-30,0.006475,0.006535,0.0064725,0.0065215
2025-01-31,0.006514,0.006529,0.0064735,0.0064775
2025-02-03,0.0064785,0.006525,0.006444,0.006487
2025-02-04,0.006491,0.006517,0.0064595,0.006512
2025-02-05,0.006509,0.0066045,0.0065035,0.006586
2025-02-06,0.006583,0.00664,0.0065675,0.006633
2025-02-07,0.0066305,0.006652,0.0065865,0.006633
2025-02-10,0.006625,0.006628,0.0065815,0.0066055
2025-02-11,0.006608,0.00662,0.0065785,0.006583
2025-02-12,0.006582,0.0065855,0.006484,0.0064995
2025-02-13,0.006501,0.00657,0.006487,0.0065605
2025-02-14,0.0065645,0.0065995,0.006551,0.006592
2025-02-18,0.006589,0.0066325,0.006583,0.0066025
2025-02-19,0.006597,0.0066315,0.0065845,0.006619
2025-02-20,0.0066215,0.006711,0.00662,0.0066935
2025-02-21,0.006701,0.006731,0.00665,0.0067245
2025-02-24,0.0067165,0.0067345,0.006688,0.006697
2025-02-25,0.0066955,0.0067465,0.0066685,0.006723
2025-02-26,0.006721,0.006743,0.0066855,0.006734
2025-02-27,0.0067255,0.006735,0.006671,0.006685
2025-02-28,0.0066865,0.0067185,0.0066345,0.0066535
2025-03-03,0.006643,0.0067175,0.006619,0.0066655
2025-03-04,0.006696,0.0067625,0.0066815,0.0067065
2025-03-05,0.0066855,0.0067485,0.006667,0.00673
2025-03-06,0.0067265,0.006795,0.0067025,0.006778
2025-03-07,0.0067665,0.006812,0.0067535,0.006762
2025-03-10,0.006775,0.0068265,0.0067685,0.006797
2025-03-11,0.006798,0.0068285,0.0067545,0.0067695
2025-03-12,0.0067715,0.0067725,0.0067055,0.0067445
2025-03-13,0.00675,0.0067855,0.006741,0.0067695
2025-03-14,0.006835,0.006837,0.0067805,0.006803
2025-03-17,0.006795,0.006818,0.006768,0.0067725
2025-03-18,0.006773,0.006775,0.006737,0.0067685
2025-03-19,0.0067665,0.006795,0.0067245,0.006784
2025-03-20,0.006787,0.006815,0.0067785,0.006786
2025-03-21,0.0067845,0.006795,0.006746,0.006766
2025-03-24,0.00676,0.00676,0.0066955,0.006705
2025-03-25,0.006698,0.0067495,0.0066865,0.006736
2025-03-26,0.006732,0.0067355,0.0066945,0.006707
2025-03-27,0.0067025,0.0067235,0.006674,0.006676
2025-03-28,0.0066785,0.006739,0.0066705,0.0067265
2025-03-31,0.006739,0.006783,0.006712,0.006719
2025-04-01,0.006726,0.00677,0.0067175,0.0067505
2025-04-02,0.0067395,0.006764,0.0067005,0.0067265
2025-04-03,0.00678,0.006944,0.006776,0.0068855
2025-04-04,0.0069075,0.0069745,0.0068375,0.0068635
2025-04-07,0.0069265,0.00696,0.0068035,0.006817
2025-04-08,0.0068215,0.006904,0.0068045,0.006884
2025-04-09,0.006893,0.006999,0.006796,0.006833
2025-04-10,0.006831,0.006996,0.0068205,0.006968
2025-04-11,0.006968,0.007093,0.006968,0.0070055
2025-04-14,0.007013,0.0070825,0.006991,0.00705
2025-04-15,0.0070425,0.007063,0.0070135,0.007035
2025-04-16,0.0070315,0.0071095,0.007028,0.007087
2025-04-17,0.007099,0.007109,0.0070345,0.007067
2025-04-21,0.007081,0.0071645,0.007078,0.0071595
2025-04-22,0.007147,0.0071935,0.0071025,0.0071115
2025-04-23,0.007058,0.0071085,0.007007,0.007014
2025-04-24,0.0070215,0.007069,0.0070165,0.0070465
2025-04-25,0.0070495,0.00705,0.006981,0.007005
2025-04-28,0.006997,0.007081,0.006987,0.0070745
2025-04-29,0.0070785,0.007082,0.0070425,0.0070665
2025-04-30,0.0070685,0.0070715,0.0070205,0.0070415
2025-05-01,0.0070265,0.007032,0.006894,0.0068965
2025-05-02,0.006909,0.00699,0.006884,0.006927
2025-05-05,0.006938,0.0069995,0.006929,0.0069815
2025-05-06,0.006993,0.007058,0.006963,0.007053
2025-05-07,0.0070535,0.007055,0.006975,0.007
2025-05-08,0.006984,0.007,0.0068695,0.006883
2025-05-09,0.006881,0.006933,0.0068675,0.0069115
2025-05-12,0.006872,0.0068905,0.006753,0.0067675
2025-05-13,0.0067645,0.006811,0.0067615,0.0068055
2025-05-14,0.0068035,0.0068935,0.006797,0.006841
2025-05-15,0.006841,0.0069005,0.0068375,0.006887
2025-05-16,0.0068885,0.0069225,0.0068665,0.006876
2025-05-19,0.0068985,0.0069345,0.006895,0.00692
2025-05-20,0.006925,0.0069615,0.006893,0.0069385
2025-05-21,0.0069405,0.006999,0.00694,0.0069825
2025-05-22,0.0069755,0.0070195,0.0069415,0.006954
2025-05-23,0.0069595,0.0070385,0.0069565,0.0070345
2025-05-27,0.007031,0.0070525,0.0069375,0.0069475
2025-05-28,0.006947,0.0069665,0.0069075,0.0069185
2025-05-29,0.0069165,0.006959,0.006846,0.006957
2025-05-30,0.00695,0.006983,0.0069345,0.0069615
2025-06-02,0.006963,0.0070265,0.006956,0.007013
2025-06-03,0.007019,0.0070335,0.0069485,0.0069585
2025-06-04,0.006954,0.0070215,0.006934,0.0070115
2025-06-05,0.007012,0.007023,0.006952,0.006969
2025-06-06,0.006975,0.006977,0.006898,0.0069095
2025-06-09,0.006911,0.006951,0.006904,0.006923
2025-06-10,0.006918,0.0069295,0.006887,0.0069025
2025-06-11,0.006907,0.0069325,0.0068725,0.006924
2025-06-12,0.0069205,0.0069855,0.0069195,0.0069695
2025-06-13,0.007042,0.007078,0.0069935,0.007019
2025-06-16,0.0070035,0.007033,0.0069735,0.0069865
2025-06-17,0.006981,0.0069975,0.006948,0.006948
2025-06-18,0.0069505,0.0069985,0.006945,0.006964
2025-06-20,0.0069625,0.0069765,0.0069045,0.006916
2025-06-23,0.0068985,0.006914,0.006819,0.0069065
2025-06-24,0.006905,0.0069845,0.006903,0.0069765
2025-06-25,0.0069645,0.0069795,0.0069145,0.006953
2025-06-26,0.0069455,0.0070185,0.006945,0.0069965
2025-06-27,0.006987,0.0069965,0.006959,0.006971
2025-06-30,0.006978,0.007015,0.0069675,0.0069945
2025-07-01,0.0070045,0.0070685,0.0070025,0.007016
2025-07-02,0.00703,0.007034,0.006989,0.0070195
2025-07-03,0.007018,0.007029,0.006941,0.0069475
2025-07-07,0.006981,0.006989,0.0068915,0.0068945
2025-07-08,0.0069005,0.00691,0.0068565,0.006871
2025-07-09,0.0068765,0.0068905,0.0068465,0.006886
2025-07-10,0.006886,0.0069115,0.006862,0.006888
2025-07-11,0.0068885,0.0068925,0.0068275,0.0068305
2025-07-14,0.0068375,0.0068575,0.0068145,0.0068155
2025-07-15,0.0068165,0.006829,0.006757,0.0067645
2025-07-16,0.006766,0.006854,0.0067495,0.0068055
2025-07-17,0.006809,0.0068125,0.0067505,0.0067665
2025-07-18,0.0067765,0.006791,0.0067585,0.006764
2025-07-21,0.0067825,0.0068415,0.006769,0.00683
2025-07-22,0.006828,0.006877,0.006801,0.0068645
2025-07-23,0.0068615,0.006886,0.006834,0.006869
2025-07-24,0.0068665,0.0068955,0.0068405,0.006845
2025-07-25,0.0068345,0.0068495,0.006797,0.006815
2025-07-28,0.0068105,0.0068165,0.006767,0.0067675
2025-07-29,0.0067685,0.0067855,0.006756,0.006773
2025-07-30,0.006773,0.006802,0.006722,0.006731
2025-07-31,0.006723,0.006763,0.0066615,0.006666
2025-08-01,0.006667,0.006822,0.0066575,0.0067955
2025-08-04,0.0068235,0.006841,0.0067845,0.006837
2025-08-05,0.00683,0.0068515,0.006795,0.006805
2025-08-06,0.006805,0.006834,0.006792,0.00683
2025-08-07,0.0068155,0.0068445,0.006797,0.0068035
2025-08-08,0.0068285,0.006842,0.0067875,0.006798
2025-08-11,0.006797,0.0068135,0.0067715,0.006776
2025-08-12,0.0067785,0.006802,0.0067585,0.006794
2025-08-13,0.0067895,0.006824,0.0067735,0.006808
2025-08-14,0.00681,0.006862,0.0067805,0.0067845
2025-08-15,0.006788,0.006837,0.006784,0.006815
2025-08-18,0.006814,0.0068205,0.006778,0.006784
2025-08-19,0.006784,0.0068025,0.006772,0.006799
2025-08-20,0.0067945,0.0068285,0.0067845,0.00681
2025-08-21,0.006807,0.0068085,0.0067555,0.0067585
2025-08-22,0.0067575,0.0068395,0.0067375,0.006826
2025-08-25,0.0068245,0.0068285,0.0067755,0.006781
2025-08-26,0.006784,0.0068185,0.006776,0.0068
2025-08-27,0.0068015,0.0068035,0.0067625,0.0067985
2025-08-28,0.006798,0.00683,0.006792,0.006822
2025-08-29,0.0068155,0.006825,0.006795,0.0068135
2025-09-02,0.006814,0.0068235,0.0067235,0.0067445
2025-09-03,0.00675,0.006771,0.0067145,0.006767
2025-09-04,0.00676,0.0067735,0.006728,0.006738
2025-09-05,0.0067425,0.006817,0.006739,0.006787
2025-09-08,0.0067665,0.0067925,0.006735,0.006787
2025-09-09,0.0067855,0.00684,0.0067825,0.0067885
2025-09-10,0.0067885,0.006802,0.006774,0.006791
2025-09-11,0.0067855,0.006804,0.006748,0.0067955
2025-09-12,0.0068555,0.0068605,0.0068165,0.006844
2025-09-15,0.0068355,0.006856,0.006829,0.0068515
2025-09-16,0.0068495,0.0068995,0.00684,0.0068965
2025-09-17,0.0068915,0.0069365,0.006862,0.006878
2025-09-18,0.0068655,0.006873,0.0068035,0.006821
2025-09-19,0.006815,0.0068515,0.0068015,0.0068155
2025-09-22,0.006819,0.0068295,0.006796,0.0068255
2025-09-23,0.006826,0.006838,0.0068165,0.0068325
2025-09-24,0.006831,0.006835,0.0067705,0.006774
2025-09-25,0.0067725,0.006785,0.006723,0.006725
2025-09-26,0.006728,0.0067455,0.0067195,0.006744
2025-09-29,0.006738,0.0067875,0.006738,0.0067795
2025-09-30,0.006782,0.006824,0.0067695,0.006814
2025-10-01,0.006814,0.006873,0.006797,0.006849
2025-10-02,0.00685,0.00687,0.006827,0.006841
2025-10-03,0.0068385,0.0068475,0.0068125,0.006827
2025-10-06,0.006755,0.0067585,0.0066915,0.0067005
2025-10-07,0.006698,0.0067015,0.006622,0.0066315
2025-10-08,0.0066285,0.006635,0.00658,0.006592
2025-10-09,0.0065935,0.0066165,0.0065675,0.0065695
2025-10-10,0.006574,0.006659,0.006565,0.006633
2025-10-13,0.006627,0.0066325,0.0066,0.006607
2025-10-14,0.0066095,0.006637,0.006593,0.00663
2025-10-15,0.006629,0.0066675,0.006625,0.0066485
2025-10-16,0.006659,0.006696,0.0066435,0.0066905
2025-10-17,0.006686,0.0067335,0.0066765,0.006683
2025-10-20,0.006683,0.006692,0.006651,0.0066735
2025-10-21,0.0066725,0.006682,0.0066075,0.0066185
2025-10-22,0.0066195,0.006637,0.006613,0.00662
2025-10-23,0.006616,0.00662,0.0065775,0.0065895
2025-10-24,0.0065885,0.006605,0.0065655,0.0065745
2025-10-27,0.00656,0.0065865,0.0065565,0.006576
2025-10-28,0.0065765,0.006621,0.006575,0.0066055
2025-10-29,0.006605,0.0066295,0.006564,0.006574
2025-10-30,0.006579,0.0066,0.0065025,0.006518
2025-10-31,0.0065195,0.0065355,0.006503,0.0065165
2025-11-03,0.00652,0.0065245,0.0065085,0.0065125
2025-11-04,0.0065105,0.0065495,0.0064995,0.0065355
2025-11-05,0.0065355,0.0065635,0.006504,0.006514
2025-11-06,0.0065145,0.0065675,0.0065115,0.0065535
2025-11-07,0.0065565,0.006566,0.0065335,0.0065345
2025-11-10,0.00653,0.0065415,0.0065055,0.0065135
2025-11-11,0.0065115,0.00653,0.0064945,0.00651
2025-11-12,0.0065105,0.006513,0.006471,0.0064855
2025-11-13,0.006482,0.006508,0.00647,0.0064935
2025-11-14,0.006489,0.006529,0.0064805,0.006489
2025-11-17,0.0064875,0.0064945,0.006456,0.006459
2025-11-18,0.00646,0.006477,0.0064385,0.006447
2025-11-19,0.006448,0.0064595,0.006378,0.0063845
2025-11-20,0.006381,0.0063885,0.006345,0.006361
2025-11-21,0.0063655,0.006416,0.0063605,0.00641
2025-11-24,0.0064045,0.006405,0.006375,0.006394
2025-11-25,0.006386,0.006431,0.006382,0.00643
2025-11-26,0.006422,0.006437,0.006392,0.006404
2025-11-28,0.006404,0.006432,0.0063955,0.0064105
2025-12-01,0.006413,0.0064745,0.006412,0.0064405
2025-12-02,0.0064405,0.006442,0.0064105,0.0064225
2025-12-03,0.006424,0.006459,0.006421,0.0064525
2025-12-04,0.0064495,0.0064775,0.006434,0.0064565
2025-12-05,0.006453,0.006484,0.0064355,0.006444
2025-12-08,0.0064495,0.00646,0.006415,0.006418
2025-12-09,0.006418,0.0064245,0.0063745,0.0063795
2025-12-10,0.006378,0.006422,0.006375,0.0064025
2025-12-11,0.006412,0.0064555,0.006405,0.006428
2025-12-12,0.006482,0.006487,0.006459,0.0064685
2025-12-15,0.006471,0.006512,0.006464,0.0064955
2025-12-16,0.006495,0.00653,0.006495,0.006518
2025-12-17,0.006516,0.0065245,0.006472,0.006477
2025-12-18,0.006476,0.006494,0.006461,0.0064805
2025-12-19,0.006479,0.0064795,0.0063855,0.006396
2025-12-22,0.0063965,0.006429,0.0063885,0.0064215
2025-12-23,0.006416,0.006472,0.006415,0.0064495
2025-12-24,0.0064485,0.0064755,0.006445,0.006459
2025-12-26,0.0064605,0.006466,0.006425,0.006434
2025-12-29,0.0064255,0.0064545,0.0064255,0.0064495
2025-12-30,0.0064495,0.006461,0.0064265,0.006429
2025-12-31,0.0064355,0.0064365,0.006409,0.0064185
2026-01-02,0.006422,0.0064285,0.0064085,0.006414
2026-01-05,0.0064155,0.0064445,0.006394,0.006439
2026-01-06,0.00643,0.006442,0.0064155,0.0064225
2026-01-07,0.0064215,0.006436,0.0064145,0.006417
2026-01-08,0.006418,0.006427,0.006401,0.0064055
2026-01-09,0.0064115,0.006412,0.0063555,0.006368
2026-01-12,0.006363,0.006383,0.0063545,0.0063575
2026-01-13,0.006357,0.006367,0.006315,0.0063175
2026-01-14,0.0063175,0.00636,0.006304,0.006342
2026-01-15,0.006348,0.0063515,0.0063245,0.0063385
2026-01-16,0.006335,0.0063675,0.0063315,0.006355
2026-01-20,0.0063785,0.006396,0.0063345,0.006347
2026-01-21,0.006352,0.006369,0.006337,0.0063425
2026-01-22,0.006345,0.0063495,0.00631,0.00634
2026-01-23,0.00634,0.006454,0.0063065,0.006443
2026-01-26,0.0065,0.0065505,0.006464,0.006518
2026-01-27,0.0065135,0.0066025,0.006483,0.006575
2026-01-28,0.0065945,0.006596,0.0065175,0.0065415
2026-01-29,0.006546,0.0065745,0.006538,0.006557
2026-01-30,0.0065575,0.0065655,0.0064835,0.0064935
2026-02-02,0.006468,0.0064935,0.006442,0.0064485
2026-02-03,0.0064525,0.006464,0.006429,0.0064415
2026-02-04,0.0064435,0.006445,0.006393,0.006398
2026-02-05,0.006396,0.0064105,0.0063755,0.0063935
2026-02-06,0.006389,0.006409,0.006378,0.0063845
2026-02-09,0.006364,0.006449,0.0063585,0.006441
2026-02-10,0.0064325,0.0065095,0.0064165,0.006498
2026-02-11,0.006493,0.006574,0.006484,0.0065575
2026-02-12,0.0065465,0.0065835,0.0065195,0.0065565
2026-02-13,0.0065645,0.00657,0.0065235,0.0065625
2026-02-17,0.006568,0.0065705,0.006511,0.006541
2026-02-18,0.0065395,0.0065475,0.006471,0.006478
2026-02-19,0.0064665,0.006483,0.006449,0.00646
2026-02-20,0.0064645,0.006475,0.0064365,0.0064575
2026-02-23,0.006467,0.0065055,0.0064615,0.006479
2026-02-24,0.0064785,0.0064825,0.006409,0.00643
2026-02-25,0.006426,0.006448,0.0063865,0.0064025
2026-02-26,0.0064065,0.0064315,0.0064005,0.006413
2026-02-27,0.0064165,0.0064375,0.0064085,0.0064175
2026-03-02,0.0064105,0.0064115,0.006346,0.006371
2026-03-03,0.0063615,0.00637,0.006337,0.0063495
2026-03-04,0.006351,0.006382,0.006341,0.006376
2026-03-05,0.0063725,0.0063965,0.0063385,0.006341
2026-03-06,0.006353,0.0063595,0.0063295,0.0063385
2026-03-09,0.006323,0.006348,0.0062965,0.006317
2026-03-10,0.006345,0.0063625,0.0063265,0.0063375
2026-03-11,0.0063265,0.006337,0.0062925,0.0062945
2026-03-12,0.006293,0.0063075,0.006273,0.006274
2026-03-13,0.006321,0.0063385,0.0063085,0.006313
2026-03-16,0.006309,0.0063445,0.0063085,0.006339
2026-03-17,0.0063345,0.006349,0.0063175,0.0063355
2026-03-18,0.006337,0.0063525,0.006299,0.0063065
2026-03-19,0.006303,0.006396,0.006301,0.006388
2026-03-20,0.0063855,0.006388,0.00632,0.0063215
2026-03-23,0.006326,0.0063745,0.0063085,0.0063725
2026-03-24,0.00636,0.0063635,0.006326,0.006335
2026-03-25,0.0063445,0.0063505,0.0063135,0.0063165
2026-03-26,0.0063145,0.00632,0.0062975,0.0063025
2026-03-27,0.006303,0.0063135,0.0062755,0.0062815
2026-03-30,0.0062775,0.0063175,0.0062725,0.006305
2026-03-31,0.0063,0.0063435,0.0062905,0.006334
2026-04-01,0.0063405,0.006358,0.0063285,0.006334
2026-04-02,0.006336,0.0063455,0.0062975,0.0063025
2026-04-03,0.0063035,0.00631,0.00629,0.006303
2026-04-06,0.0063035,0.0063145,0.006293,0.006299
2026-04-07,0.0063,0.0063085,0.006285,0.0062925
2026-04-08,0.006306,0.00637,0.006293,0.0063355
2026-04-09,0.0063415,0.006344,0.0063115,0.006323
2026-04-10,0.006325,0.0063295,0.006306,0.0063115
2026-04-13,0.006295,0.0063115,0.0062875,0.0063095
2026-04-14,0.0063065,0.0063385,0.0063055,0.0063295
2026-04-15,0.0063305,0.006336,0.006316,0.006321
2026-04-16,0.0063245,0.00635,0.006308,0.006312
2026-04-17,0.0063145,0.006376,0.006299,0.0063415
2026-04-20,0.00632,0.0063375,0.006311,0.006322
2026-04-21,0.006328,0.006328,0.006293,0.0063035
2026-04-22,0.006303,0.0063145,0.0062955,0.006299
2026-04-23,0.006299,0.0063055,0.006283,0.006292
2026-04-24,0.006289,0.006304,0.0062825,0.0062995
2026-04-27,0.0062955,0.0063115,0.006291,0.006297
2026-04-28,0.0063005,0.0063165,0.006283,0.0062895
2026-04-29,0.006291,0.006294,0.0062565,0.006261
2026-04-30,0.0062585,0.006452,0.006243,0.006416
2026-05-01,0.0064075,0.006453,0.0063775,0.0063905
2026-05-04,0.006405,0.006445,0.0063785,0.0064
2026-05-05,0.0063865,0.006388,0.0063535,0.0063555
2026-05-06,0.006355,0.0064725,0.006352,0.0064155
2026-05-07,0.0064205,0.0064295,0.0063905,0.0064
2026-05-08,0.0063925,0.006412,0.006389,0.006401
2026-05-11,0.0063955,0.0064015,0.006377,0.0063795
2026-05-12,0.006381,0.0063985,0.0063565,0.006364
2026-05-13,0.0063635,0.0063645,0.006346,0.006351
2026-05-14,0.0063515,0.0063725,0.006328,0.0063375
2026-05-15,0.0063315,0.006333,0.0063105,0.006316
2026-05-18,0.006314,0.00632,0.0063005,0.006301
2026-05-19,0.0063075,0.0063175,0.006293,0.0063015
2026-05-20,0.006302,0.0063195,0.006296,0.006309
2026-05-21,0.0063055,0.006309,0.0062855,0.0062975
2026-05-22,0.0063015,0.006305,0.0062915,0.0062955
2026-05-26,0.0063005,0.00631,0.0062845,0.006287
2026-05-27,0.006288,0.0062925,0.0062765,0.006279
2026-05-28,0.00628,0.0062935,0.0062715,0.006287
2026-05-29,0.006289,0.0062935,0.006282,0.006287
2026-06-01,0.0062845,0.0062855,0.0062645,0.0062665
2026-06-02,0.0062695,0.006272,0.006254,0.00626
2026-06-03,0.006262,0.006281,0.006252,0.006255
2026-06-04,0.006254,0.006271,0.0062515,0.0062535
2026-06-05,0.0062555,0.006265,0.0062405,0.006248
2026-06-08,0.006243,0.00626,0.006238,0.006243
2026-06-09,0.0062465,0.006251,0.006235,0.006239
2026-06-10,0.0062375,0.006243,0.006227,0.0062335
2026-06-11,0.0062305,0.006269,0.0062275,0.0062485
2026-06-12,0.006298,0.006298,0.0062805,0.0062865
2026-06-15,0.006305,0.0063055,0.0062795,0.0062825
2026-06-16,0.006282,0.006293,0.0062755,0.006277
2026-06-17,0.006277,0.0062885,0.0062615,0.006273
2026-06-18,0.00627,0.006275,0.0062225,0.006228
2026-06-22,0.0062425,0.0062505,0.006217,0.006237
2026-06-23,0.006231,0.006242,0.006224,0.0062305
2026-06-24,0.0062305,0.0062315,0.0062195,0.0062225
2026-06-25,0.006222,0.0062295,0.006214,0.0062205
2026-06-26,0.0062205,0.00623,0.006217,0.006222
2026-06-29,0.00622,0.006222,0.00621,0.0062115
2026-06-30,0.0062135,0.006214,0.0061845,0.006187
2026-07-01,0.006189,0.006199,0.0061775,0.00619
2026-07-02,0.0061895,0.0062615,0.0061855,0.0062425